Date,Open,High,Low,Close,Volume,Dividends,Stock Splits
2021-10-01 00:00:00+09:00,101625.11308203991,102068.24584257205,99926.4375,99926.4375,1819,0.0,0.0
2021-10-04 00:00:00+09:00,100960.394416529,101477.3825371696,100074.12906685939,100591.1171875,957,0.0,0.0
2021-10-05 00:00:00+09:00,100221.85173370161,101255.8280964664,99261.73082542,101108.1171875,1372,0.0,0.0
2021-10-06 00:00:00+09:00,101108.10151106438,101846.65594138626,99557.13720738844,100960.390625,1236,0.0,0.0
2021-10-07 00:00:00+09:00,100960.39855699199,101625.09759650401,100591.12131281865,101403.53125,1331,0.0,0.0
2021-10-08 00:00:00+09:00,101551.2341692575,102215.93315654718,100960.390625,100960.390625,678,0.0,0.0
2021-10-11 00:00:00+09:00,100812.68777760153,101846.6640625,100664.97687975889,101846.6640625,757,0.0,0.0
2021-10-12 00:00:00+09:00,101846.66805342304,103028.35528246929,101625.10169797688,102215.9453125,917,0.0,0.0
2021-10-13 00:00:00+09:00,102880.63718285892,104505.45700914958,102659.07084291018,104431.6015625,1331,0.0,0.0
2021-10-14 00:00:00+09:00,103840.76946154534,104727.0349192541,102880.64854902748,103471.4921875,811,0.0,0.0
2021-10-15 00:00:00+09:00,103397.63678825623,104136.19133674378,103102.21496886121,103766.9140625,417,0.0,0.0
2021-10-18 00:00:00+09:00,103914.61330344461,104136.1796431108,102806.78160511365,103988.46875,962,0.0,0.0
2021-10-19 00:00:00+09:00,103840.76569148936,104136.1875,102954.50026595744,104136.1875,795,0.0,0.0
2021-10-20 00:00:00+09:00,103397.625,104136.17946428571,103102.2032142857,103397.625,501,0.0,0.0
2021-10-21 00:00:00+09:00,103028.35545193686,103693.05451936871,102732.93364418938,102954.5,841,0.0,0.0
2021-10-22 00:00:00+09:00,103766.90577480086,103766.90577480086,101920.51955104996,101994.375,722,0.0,0.0
2021-10-25 00:00:00+09:00,102068.2265625,102806.78102387844,101994.37111636216,102068.2265625,305,0.0,0.0
2021-10-26 00:00:00+09:00,102289.796875,102585.21867102888,102068.23052797835,102289.796875,646,0.0,0.0
2021-10-27 00:00:00+09:00,102215.94158291457,102880.640625,102215.94158291457,102880.640625,468,0.0,0.0
2021-10-28 00:00:00+09:00,102954.50020003556,104210.04288540185,102511.36748755335,103840.765625,1012,0.0,0.0
2021-10-29 00:00:00+09:00,103545.3284016466,104357.73825358534,103249.90663730525,104283.8828125,1510,0.0,0.0
2021-11-01 00:00:00+09:00,103914.62471836698,104062.33562770368,102363.66017033164,102437.515625,904,0.0,0.0
2021-11-02 00:00:00+09:00,102289.80485527022,103545.34758634574,102289.80485527022,103176.0703125,490,0.0,0.0
2021-11-04 00:00:00+09:00,103619.2031528025,103988.48042704628,103102.21496886121,103766.9140625,301,0.0,0.0
2021-11-05 00:00:00+09:00,103914.63277908944,103914.63277908944,103102.22271471846,103619.2109375,265,0.0,0.0
2021-11-08 00:00:00+09:00,103988.48064743138,105391.73429253166,103693.05882741026,104948.6015625,936,0.0,0.0
2021-11-09 00:00:00+09:00,104874.7381457891,104874.7381457891,104210.03910120312,104357.75,416,0.0,0.0
2021-11-10 00:00:00+09:00,104136.19133674378,104431.6131561388,103693.05860765126,103766.9140625,441,0.0,0.0
2021-11-11 00:00:00+09:00,103766.91023936169,104357.75385638297,103766.91023936169,104136.1875,202,0.0,0.0
2021-11-12 00:00:00+09:00,104136.17946428571,104283.89035714285,103397.625,103397.625,449,0.0,0.0
2021-11-15 00:00:00+09:00,103914.61683315334,103914.61683315334,102363.65240280777,102585.21875,515,0.0,0.0
2021-11-16 00:00:00+09:00,103176.06655627667,103840.765625,102659.07839171408,103840.765625,332,0.0,0.0
2021-11-17 00:00:00+09:00,103840.74994435541,103840.74994435541,103397.61729878918,103693.0390625,220,0.0,0.0
2021-11-18 00:00:00+09:00,103619.19507660856,103693.05052570094,102437.50789113049,102732.9296875,574,0.0,0.0
2021-11-19 00:00:00+09:00,102437.50793027638,102880.640625,102068.23068467336,102880.640625,401,0.0,0.0
2021-11-22 00:00:00+09:00,102215.94134685012,102880.64038740043,101994.375,101994.375,301,0.0,0.0
2021-11-24 00:00:00+09:00,102659.07013160276,102806.78102387844,101920.51567022431,102068.2265625,551,0.0,0.0
2021-11-25 00:00:00+09:00,102363.66033774125,103323.78125,102363.66033774125,103323.78125,467,0.0,0.0
2021-11-26 00:00:00+09:00,102732.94541273164,103619.2109375,102142.10172955274,103619.2109375,753,0.0,0.0
2021-11-29 00:00:00+09:00,101994.3709345433,102880.63628661755,100295.69567640102,101477.3828125,1505,0.0,0.0
2021-11-30 00:00:00+09:00,101477.37851821192,103545.33091887417,100369.546875,100369.546875,1516,0.0,0.0
2021-12-01 00:00:00+09:00,101108.12119580006,103028.36308848874,100443.42207910014,101772.8203125,1263,0.0,0.0
2021-12-02 00:00:00+09:00,101551.24583524815,102806.7885110294,100443.4140625,100443.4140625,1179,0.0,0.0
2021-12-03 00:00:00+09:00,101255.81638343977,102363.6480725365,100960.39459968064,101181.9609375,1006,0.0,0.0
2021-12-06 00:00:00+09:00,100295.71102900805,101551.25380330344,100295.71102900805,100886.5546875,939,0.0,0.0
2021-12-07 00:00:00+09:00,100812.6876196663,101551.24210772247,100812.6876196663,101255.8203125,417,0.0,0.0
2021-12-08 00:00:00+09:00,101477.39859510087,103176.07411743516,101477.39859510087,102511.375,1286,0.0,0.0
2021-12-09 00:00:00+09:00,102585.23442540322,103471.49994959678,101920.53528225806,103028.3671875,950,0.0,0.0
2021-12-10 00:00:00+09:00,103397.63670478914,103545.3476143674,102363.66033774125,103323.78125,1113,0.0,0.0
2021-12-13 00:00:00+09:00,102732.94925786839,103249.9375,102511.38286838341,103249.9375,618,0.0,0.0
2021-12-14 00:00:00+09:00,103249.92180774748,103249.92180774748,101920.52367288378,102954.5,753,0.0,0.0
2021-12-15 00:00:00+09:00,102511.36318239334,102511.36318239334,101846.66414158532,102142.0859375,874,0.0,0.0
2021-12-16 00:00:00+09:00,102142.08581835512,102732.92940949528,101329.6758805374,101698.953125,867,0.0,0.0
2021-12-17 00:00:00+09:00,101846.66841883001,103840.765625,101477.39115842816,103840.765625,1227,0.0,0.0
2021-12-20 00:00:00+09:00,103102.20689344853,103471.4841387689,101846.66425935926,102585.21875,923,0.0,0.0
2021-12-21 00:00:00+09:00,102880.63718285892,104505.45700914958,102289.7936096623,104431.6015625,1530,0.0,0.0
2021-12-22 00:00:00+09:00,104431.59768109542,105170.15212014134,103102.19969081272,104505.453125,1130,0.0,0.0
2021-12-23 00:00:00+09:00,104579.31634819532,104800.88269639066,104283.89455060156,104357.75,575,0.0,0.0
2021-12-24 00:00:00+09:00,104653.17179759378,105022.44904458598,104283.89455060156,104357.75,556,0.0,0.0
2021-12-27 00:00:00+09:00,103914.6249163544,104283.90219039972,103397.63673269094,103471.4921875,550,0.0,0.0
2021-12-28 00:00:00+09:00,103471.48862737342,105022.453125,103249.92227056962,105022.453125,985,0.0,0.0
2021-12-29 00:00:00+09:00,104431.6021267361,106351.84375,104431.6021267361,106351.84375,1685,0.0,0.0
2021-12-30 00:00:00+09:00,105982.55074856173,106351.8279288703,105539.41813219142,105908.6953125,1057,0.0,0.0
2022-01-04 00:00:00+09:00,106351.83609958505,106942.67963347165,105539.42624049101,106794.96875,2162,0.0,0.0
2022-01-05 00:00:00+09:00,106794.97238675959,107385.81594076655,105982.5625,105982.5625,1955,0.0,0.0
2022-01-06 00:00:00+09:00,105687.15638553957,106647.27730308814,105170.16819916725,106425.7109375,865,0.0,0.0
2022-01-07 00:00:00+09:00,106204.125,106868.82397426982,105687.13690890124,106204.125,763,0.0,0.0
2022-01-11 00:00:00+09:00,105687.14858951529,106499.55853674427,105687.14858951529,106277.9921875,582,0.0,0.0
2022-01-12 00:00:00+09:00,106204.12922122674,107311.96088904203,106204.12922122674,107164.25,998,0.0,0.0
2022-01-13 00:00:00+09:00,107090.41014277088,108124.38651656314,106942.69923222913,107016.5546875,1546,0.0,0.0
2022-01-14 00:00:00+09:00,107385.83196385439,107385.83196385439,106056.4337689786,107016.5546875,885,0.0,0.0
2022-01-17 00:00:00+09:00,106794.98832168737,107238.12105331263,106721.13286641649,107016.5546875,824,0.0,0.0
2022-01-18 00:00:00+09:00,107164.24546459208,107238.10090598739,105465.5703125,105465.5703125,793,0.0,0.0
2022-01-19 00:00:00+09:00,105022.44840695149,105613.29199855178,101772.8086531499,101994.375,1795,0.0,0.0
2022-01-20 00:00:00+09:00,104062.33097065096,104062.33097065096,99409.43753477374,99557.1484375,4544,0.0,0.0
2022-01-21 00:00:00+09:00,98597.02015074338,100960.394416529,95568.94687270558,100591.1171875,2636,0.0,0.0
2022-01-24 00:00:00+09:00,100517.26192404196,101698.94905907846,99040.15300524635,101181.9609375,1552,0.0,0.0
2022-01-25 00:00:00+09:00,101329.67117641581,101772.80384919896,98744.7305851807,99114.0078125,1316,0.0,0.0
2022-01-26 00:00:00+09:00,100295.70329632676,101403.53507058663,99409.43787691886,101034.2578125,1083,0.0,0.0
2022-01-27 00:00:00+09:00,101034.26181818183,101551.25,99114.02,101551.25,3418,0.0,0.0
2022-01-28 00:00:00+09:00,101470.11041666668,102759.34201388889,100863.41319444445,102380.15625,1689,3593.0,0.0
2022-01-31 00:00:00+09:00,102380.141829596,103821.04752941994,101925.11897702001,102304.3046875,1950,0.0,0.0
2022-02-01 00:00:00+09:00,103138.52067669174,103972.72929981204,100560.05765977444,100863.40625,1439,0.0,0.0
2022-02-02 00:00:00+09:00,101697.6171875,102531.82582960477,100939.24569467748,101697.6171875,759,0.0,0.0
2022-02-03 00:00:00+09:00,101925.13091715977,103138.52533284025,101849.29376617973,102531.828125,659,0.0,0.0
2022-02-04 00:00:00+09:00,102986.83294851866,103745.2043251646,102607.64726019568,103669.3671875,733,0.0,0.0
2022-02-07 00:00:00+09:00,103745.22239010989,104276.08244619962,102986.85088141025,103517.7109375,895,0.0,0.0
2022-02-08 00:00:00+09:00,102910.99455104322,103669.36591840537,101166.74040611029,101773.4375,844,0.0,0.0
2022-02-09 00:00:00+09:00,101849.29376617973,103138.52533284025,101015.08510539941,102531.828125,952,0.0,0.0
2022-02-10 00:00:00+09:00,102228.46099435953,104200.2265625,102228.46099435953,104200.2265625,1397,0.0,0.0
2022-02-14 00:00:00+09:00,103972.72056699377,104579.41769648752,103062.67487275312,103366.0234375,906,0.0,0.0
2022-02-15 00:00:00+09:00,103062.67918027053,104048.562056903,101394.26200443097,101621.7734375,1216,0.0,0.0
2022-02-16 00:00:00+09:00,102000.95489613902,103669.37200224688,102000.95489613902,103366.0234375,631,0.0,0.0
2022-02-17 00:00:00+09:00,103138.5209090909,104503.58956818181,103062.68376136363,104276.078125,676,0.0,0.0
2022-02-18 00:00:00+09:00,103745.20373908296,104427.73797420852,103214.34377842976,104200.2265625,556,0.0,0.0
2022-02-21 00:00:00+09:00,104200.24544656066,104200.24544656066,102000.9680681398,102531.828125,1040,0.0,0.0
2022-02-22 00:00:00+09:00,101773.45023584906,102228.47311320755,99574.17299528302,100484.21875,2399,0.0,0.0
2022-02-24 00:00:00+09:00,100180.8678236777,101849.28500166477,98209.10206787482,99650.0078125,2650,0.0,0.0
2022-02-25 00:00:00+09:00,99650.01023008765,100484.21883931974,98664.12732826792,99498.3359375,1581,0.0,0.0
2022-02-28 00:00:00+09:00,100560.05107223477,101545.93392588412,99422.49393340858,100787.5625,802,0.0,0.0
2022-03-01 00:00:00+09:00,101470.10108273313,102228.47254075056,100029.1953125,100029.1953125,1576,0.0,0.0
2022-03-02 00:00:00+09:00,99877.51678893906,101470.09678329571,99346.65679082017,100787.5625,1180,0.0,0.0
2022-03-03 00:00:00+09:00,100635.89722562123,101242.59442065135,100256.7114787274,100711.734375,1104,0.0,0.0
2022-03-04 00:00:00+09:00,100484.22238440809,100939.24527822428,99498.33944780636,100256.7109375,733,0.0,0.0
2022-03-07 00:00:00+09:00,100180.86117788462,101166.74399038462,99422.48978365384,100560.046875,1124,0.0,0.0
2022-03-08 00:00:00+09:00,100029.19784077838,100256.70928393405,98739.96632956289,98891.640625,859,0.0,0.0
2022-03-09 00:00:00+09:00,99346.65264423078,100256.6983173077,98588.28125,98588.28125,1020,0.0,0.0
2022-03-10 00:00:00+09:00,99119.14948151275,101621.77529091592,99119.14948151275,101015.078125,566,0.0,0.0
2022-03-11 00:00:00+09:00,101545.93879716982,102759.33313679245,100408.3816037736,100484.21875,947,0.0,0.0
2022-03-14 00:00:00+09:00,100484.22481652463,101697.61922940341,100105.0390625,100105.0390625,571,0.0,0.0
2022-03-15 00:00:00+09:00,100256.70917568337,101166.75494732347,99498.33769931663,99877.5234375,720,0.0,0.0
2022-03-16 00:00:00+09:00,100332.54381334459,101470.10099943694,99877.52093890765,101015.078125,530,0.0,0.0
2022-03-17 00:00:00+09:00,101015.07952586206,101394.265259818,98891.6394157088,98967.4765625,2506,0.0,0.0
2022-03-18 00:00:00+09:00,99043.30228641056,99725.83652881307,98512.44232009749,99194.9765625,1661,0.0,0.0
2022-03-22 00:00:00+09:00,99194.99073033707,101621.77949438202,98436.61924157303,101242.59375,1785,0.0,0.0
2022-03-23 00:00:00+09:00,101697.60821106096,101697.60821106096,100029.19107411588,100787.5625,804,0.0,0.0
2022-03-24 00:00:00+09:00,100484.21986022811,101394.265625,99877.52268371353,101394.265625,901,0.0,0.0
2022-03-25 00:00:00+09:00,101318.41826923078,102152.62680288462,100863.39543269231,101545.9296875,662,0.0,0.0
2022-03-28 00:00:00+09:00,102000.9614984271,102683.49581328646,101470.10147575871,102455.984375,544,0.0,0.0
2022-03-29 00:00:00+09:00,102380.1436138294,102986.84076117059,101849.28360990583,102683.4921875,1509,0.0,0.0
2022-03-30 00:00:00+09:00,102683.50486111111,103214.36493055556,101090.92465277779,102380.15625,809,0.0,0.0
2022-03-31 00:00:00+09:00,102683.49156181116,103896.88584909993,102076.79441816678,103214.3515625,756,0.0,0.0
2022-04-01 00:00:00+09:00,103138.5066411936,104200.2265625,101697.60103370633,104200.2265625,1029,0.0,0.0
2022-04-04 00:00:00+09:00,104503.59389880951,104503.59389880951,102152.64222184065,103517.7109375,1376,0.0,0.0
2022-04-05 00:00:00+09:00,104351.90627292737,104351.90627292737,102531.81488444608,103366.0234375,634,0.0,0.0
2022-04-06 00:00:00+09:00,103366.0319068031,103366.0319068031,102380.14899059734,102835.171875,563,0.0,0.0
2022-04-07 00:00:00+09:00,102531.82328539822,102986.84616980088,101621.77751659292,102835.171875,544,0.0,0.0
2022-04-08 00:00:00+09:00,102835.16839366092,103138.51697299325,101090.9140625,101090.9140625,585,0.0,0.0
2022-04-11 00:00:00+09:00,101242.59895833334,102531.83055555556,101166.76180555556,102380.15625,514,0.0,0.0
2022-04-12 00:00:00+09:00,101621.78016754518,102304.31451195406,100711.734375,100711.734375,499,0.0,0.0
2022-04-13 00:00:00+09:00,100787.56548316767,101621.77407633158,100105.03117966991,101090.9140625,536,0.0,0.0
2022-04-14 00:00:00+09:00,101394.26441633969,101621.77585482063,99953.35863929373,101470.1015625,807,0.0,0.0
2022-04-15 00:00:00+09:00,101394.26441633969,101925.12443946188,101015.07868553813,101470.1015625,417,0.0,0.0
2022-04-18 00:00:00+09:00,101545.93629314366,101925.12201492538,101394.26200443097,101621.7734375,326,0.0,0.0
2022-04-19 00:00:00+09:00,101621.77706619297,101621.77706619297,100635.89415435676,101394.265625,1088,0.0,0.0
2022-04-20 00:00:00+09:00,101394.26200443097,101621.7734375,100939.23913829292,101621.7734375,1004,0.0,0.0
2022-04-21 00:00:00+09:00,101470.09615924401,101849.28186985404,100711.72473802394,101318.421875,703,0.0,0.0
2022-04-22 00:00:00+09:00,101394.268590371,101849.2914860645,100484.22279898396,101697.6171875,650,0.0,0.0
2022-04-25 00:00:00+09:00,101015.078125,101394.26385369744,100332.54381334459,101015.078125,379,0.0,0.0
2022-04-26 00:00:00+09:00,101242.57992063866,101697.60275174266,100484.20853546532,100635.8828125,1122,0.0,0.0
2022-04-27 00:00:00+09:00,100939.23856821588,101545.93571964017,100635.88999250374,101166.75,428,0.0,0.0
2022-04-28 00:00:00+09:00,101773.44110576923,102076.78966346155,101318.41826923078,101545.9296875,1025,0.0,0.0
2022-05-02 00:00:00+09:00,101545.94047258935,102380.14909484363,101394.26617763402,101849.2890625,1028,0.0,0.0
2022-05-06 00:00:00+09:00,101925.1171875,102152.62860979352,101394.25720214844,101925.1171875,452,0.0,0.0
2022-05-09 00:00:00+09:00,102000.95858320838,102000.95858320838,101166.75,101166.75,1041,0.0,0.0
2022-05-10 00:00:00+09:00,101166.75672513238,101166.75672513238,100180.87378853063,100256.7109375,1545,0.0,0.0
2022-05-11 00:00:00+09:00,100029.19773277335,100105.03488041002,99498.33769931663,99877.5234375,1114,0.0,0.0
2022-05-12 00:00:00+09:00,99725.85291962913,99877.52722064758,98664.1328125,98664.1328125,749,0.0,0.0
2022-05-13 00:00:00+09:00,98664.1328125,99422.50431759223,98664.1328125,98664.1328125,1415,0.0,0.0
2022-05-16 00:00:00+09:00,99574.16651872569,100256.70079036965,97147.3779973249,97450.7265625,1820,0.0,0.0
2022-05-17 00:00:00+09:00,97905.74521573968,99270.81370054472,97526.55952551606,99194.9765625,591,0.0,0.0
2022-05-18 00:00:00+09:00,99574.1640625,100711.72115384616,99119.14122596155,100560.046875,551,0.0,0.0
2022-05-19 00:00:00+09:00,99498.33352359208,100939.23926821728,99498.33352359208,99650.0078125,1193,0.0,0.0
2022-05-20 00:00:00+09:00,100180.86481393129,100180.86481393129,99194.98196564885,99346.65625,680,0.0,0.0
2022-05-23 00:00:00+09:00,99346.6677027544,99725.85345734507,99119.15625,99119.15625,649,0.0,0.0
2022-05-24 00:00:00+09:00,99574.16225272363,99574.16225272363,98739.95373423165,99194.9765625,561,0.0,0.0
2022-05-25 00:00:00+09:00,99119.14717188683,100256.70433147237,99119.14717188683,100180.8671875,773,0.0,0.0
2022-05-26 00:00:00+09:00,100256.70722393498,101470.1015625,100029.19578545404,101470.1015625,596,0.0,0.0
2022-05-27 00:00:00+09:00,101015.07691766691,101242.58835216616,100408.37975900224,101090.9140625,1185,0.0,0.0
2022-05-30 00:00:00+09:00,101773.45902777779,102531.83055555556,101545.94756944446,102380.15625,744,0.0,0.0
2022-05-31 00:00:00+09:00,102380.14722890452,102455.984375,101470.10147575871,102455.984375,1111,0.0,0.0
2022-06-01 00:00:00+09:00,102455.98624232129,102455.98624232129,101090.91758772338,101849.2890625,798,0.0,0.0
2022-06-02 00:00:00+09:00,101545.93566142353,102607.65567580736,101545.93566142353,102152.6328125,545,0.0,0.0
2022-06-03 00:00:00+09:00,102152.63587794283,102228.47302410315,101242.59012401906,101470.1015625,531,0.0,0.0
2022-06-06 00:00:00+09:00,101394.26617763402,102304.31194736596,101318.42903015636,101849.2890625,932,0.0,0.0
2022-06-07 00:00:00+09:00,101849.29618055557,102683.50486111111,101470.11041666668,102380.15625,1139,0.0,0.0
2022-06-08 00:00:00+09:00,102380.14303597923,102607.65446494808,102152.6316070104,102228.46875,750,0.0,0.0
2022-06-09 00:00:00+09:00,102531.83055555556,102531.83055555556,101697.62187500001,102380.15625,526,0.0,0.0
2022-06-10 00:00:00+09:00,102152.62680288462,102228.4639423077,101242.5811298077,101545.9296875,1198,0.0,0.0
2022-06-13 00:00:00+09:00,101545.93211858005,101545.93211858005,100408.375,100408.375,731,0.0,0.0
2022-06-14 00:00:00+09:00,100256.70805795019,100408.38235153256,98739.96512212644,98967.4765625,1202,0.0,0.0
2022-06-15 00:00:00+09:00,99346.65202966431,100256.69769711162,97147.375,97147.375,1723,0.0,0.0
2022-06-16 00:00:00+09:00,98133.26378888248,99650.00666042627,97981.5895017281,98739.9609375,1073,0.0,0.0
2022-06-17 00:00:00+09:00,98436.6176324032,100029.19773277335,97754.08330367312,99877.5234375,827,0.0,0.0
2022-06-20 00:00:00+09:00,98588.28326699656,98588.28326699656,83420.85507207402,88122.7578125,16059,0.0,0.0
2022-06-21 00:00:00+09:00,90246.20152977748,91080.41011534685,86226.83289021597,86909.3671875,7826,0.0,0.0
2022-06-22 00:00:00+09:00,87895.2482962101,88881.13115026597,85316.78544714097,85544.296875,5942,0.0,0.0
2022-06-23 00:00:00+09:00,85695.984375,87440.23892422566,85620.14722068585,85695.984375,3479,0.0,0.0
2022-06-24 00:00:00+09:00,85847.65195380911,87440.23206955998,85847.65195380911,86606.0234375,2846,0.0,0.0
2022-06-27 00:00:00+09:00,87591.91179562658,90625.39791841884,87591.91179562658,90170.375,3531,0.0,0.0
2022-06-28 00:00:00+09:00,91004.58623872025,93279.70089468827,90928.74908352132,92445.4921875,3624,0.0,0.0
2022-06-29 00:00:00+09:00,93355.53125,93507.20554935011,92293.81115454914,93355.53125,2419,0.0,0.0
2022-06-30 00:00:00+09:00,93583.02645395801,94341.39781906302,93279.677907916,93886.375,2862,0.0,0.0
2022-07-01 00:00:00+09:00,94038.06203931203,94038.06203931203,91838.78478194102,92597.15625,2099,0.0,0.0
2022-07-04 00:00:00+09:00,93355.53611450693,93962.23334352078,92066.3045028525,93052.1875,1337,0.0,0.0
2022-07-05 00:00:00+09:00,93203.85035569106,93431.3617886179,92445.47891260163,93279.6875,1574,0.0,0.0
2022-07-06 00:00:00+09:00,93279.69057125307,93355.52771805896,92597.15625,92597.15625,992,0.0,0.0
2022-07-07 00:00:00+09:00,93052.17606707317,93355.52464430894,92521.31605691057,93279.6875,837,0.0,0.0
2022-07-08 00:00:00+09:00,93507.19893292684,93734.71036585367,93128.01321138212,93279.6875,977,0.0,0.0
2022-07-11 00:00:00+09:00,93658.87742041767,94113.90030667072,93507.203125,93507.203125,1230,0.0,0.0
2022-07-12 00:00:00+09:00,93962.22110625,95023.94111875001,93507.19824375,94796.4296875,1812,0.0,0.0
2022-07-13 00:00:00+09:00,95099.76922212231,95630.62917790769,94265.56072017386,94872.2578125,1013,0.0,0.0
2022-07-14 00:00:00+09:00,94493.09010958768,95023.9501663831,94341.41580764612,94720.6015625,450,0.0,0.0
2022-07-15 00:00:00+09:00,92900.50177845529,94265.57037601627,91914.61890243903,93279.6875,2919,0.0,0.0
2022-07-19 00:00:00+09:00,93583.02944467046,94644.74938974777,93052.16947213182,93203.84375,3509,0.0,0.0
2022-07-20 00:00:00+09:00,93355.51742002249,93431.3545584628,92066.28606653721,92748.8203125,3422,0.0,0.0
2022-07-21 00:00:00+09:00,92748.83888549308,93203.86180725346,92673.00173186634,93052.1875,1809,0.0,0.0
2022-07-22 00:00:00+09:00,93052.16526050164,93431.3509380098,92672.97958299347,92976.328125,1907,0.0,0.0
2022-07-25 00:00:00+09:00,93052.16526050164,93203.8395315049,92824.65385399674,92976.328125,1175,0.0,0.0
2022-07-26 00:00:00+09:00,93203.84677254099,93279.68391393442,92293.80107581966,92521.3125,2640,0.0,0.0
2022-07-27 00:00:00+09:00,92369.64125722543,92672.98983278283,91838.78125,91838.78125,5796,0.0,0.0
2022-07-28 00:00:00+09:00,91920.07060867734,92858.03051284752,91451.09065659225,92779.8671875,4871,3604.0,0.0
2022-07-29 00:00:00+09:00,92779.8752217237,93639.671875,92779.8752217237,93639.671875,1742,0.0,0.0
2022-08-01 00:00:00+09:00,93639.66599264706,93639.66599264706,92701.70606617647,93014.359375,1248,0.0,0.0
2022-08-02 00:00:00+09:00,93014.363528481,93248.85352056961,92623.546875,92623.546875,1294,0.0,0.0
2022-08-03 00:00:00+09:00,92779.86911577609,92936.19576972011,91685.58253816795,92154.5625,1335,0.0,0.0
2022-08-04 00:00:00+09:00,92154.56370192308,92467.21701388889,91372.93042200855,91451.09375,1634,0.0,0.0
2022-08-05 00:00:00+09:00,91451.09790772531,91451.09790772531,90669.46459227467,91060.28125,1963,0.0,0.0
2022-08-08 00:00:00+09:00,91138.43225635593,92232.71875,91138.43225635593,92232.71875,1051,0.0,0.0
2022-08-09 00:00:00+09:00,92310.88022172237,92310.88022172237,91216.59375,91216.59375,1585,0.0,0.0
2022-08-10 00:00:00+09:00,91294.7626718213,91451.08932023196,90825.78272658934,90982.109375,885,0.0,0.0
2022-08-12 00:00:00+09:00,91138.43559678449,92154.55880669718,91138.43559678449,91763.7421875,1270,0.0,0.0
2022-08-15 00:00:00+09:00,92232.72509019524,92310.88841654286,91529.25515306664,92076.3984375,1814,0.0,0.0
2022-08-16 00:00:00+09:00,92076.39505912163,92545.375,91998.2317356419,92545.375,915,0.0,0.0
2022-08-17 00:00:00+09:00,92701.71312552565,93248.85645763247,92467.2231260513,92936.203125,1376,0.0,0.0
2022-08-18 00:00:00+09:00,93092.51858002091,93483.33519874477,92858.02860878661,93405.171875,1362,0.0,0.0
2022-08-19 00:00:00+09:00,93405.17601102941,93405.17601102941,92858.03272058823,93014.359375,1349,0.0,0.0
2022-08-22 00:00:00+09:00,93405.17437577543,94499.4609375,93170.68439826302,94499.4609375,4165,0.0,0.0
2022-08-23 00:00:00+09:00,94499.46581950207,94890.28246887967,94030.48584024896,94186.8125,3777,0.0,0.0
2022-08-24 00:00:00+09:00,94186.80955974189,94421.29954204829,93795.99292256453,93874.15625,1126,0.0,0.0
2022-08-25 00:00:00+09:00,93952.31618941591,94655.78611096728,93952.31618941591,94343.1328125,961,0.0,0.0
2022-08-26 00:00:00+09:00,94421.29643883415,95202.9296875,94186.8064642344,95202.9296875,1181,0.0,0.0
2022-08-29 00:00:00+09:00,94968.43940943455,94968.43940943455,94030.47951403273,94343.1328125,995,0.0,0.0
2022-08-30 00:00:00+09:00,94343.12389494243,95046.59375,94186.7972604852,95046.59375,1310,0.0,0.0
2022-08-31 00:00:00+09:00,94890.27608481774,94968.43940943455,94186.80616326637,94343.1328125,884,0.0,0.0
2022-09-01 00:00:00+09:00,95046.6091286307,95124.77245850622,94030.48584024896,94186.8125,1643,0.0,0.0
2022-09-02 00:00:00+09:00,94421.29880208333,94421.29880208333,93795.9921875,93795.9921875,937,0.0,0.0
2022-09-05 00:00:00+09:00,94108.64917012448,94577.6291493776,93874.15918049793,94186.8125,1017,0.0,0.0
2022-09-06 00:00:00+09:00,94499.4772856405,94733.96730371901,94186.82392820249,94577.640625,1622,0.0,0.0
2022-09-07 00:00:00+09:00,94577.640625,94812.13064307852,94186.82392820249,94577.640625,846,0.0,0.0
2022-09-08 00:00:00+09:00,94577.61682912844,94733.94346851543,93561.49367311301,93717.8203125,1384,0.0,0.0
2022-09-09 00:00:00+09:00,93795.9902731788,94499.46020022765,93795.9902731788,94421.296875,1134,0.0,0.0
2022-09-12 00:00:00+09:00,94499.46020022765,94812.11350113824,94264.9702245447,94421.296875,1402,0.0,0.0
2022-09-13 00:00:00+09:00,94812.11085390946,95281.09079218106,94812.11085390946,94968.4375,2248,0.0,0.0
2022-09-14 00:00:00+09:00,94890.27010790243,94890.27010790243,93561.49367311301,93717.8203125,2318,0.0,0.0
2022-09-15 00:00:00+09:00,94030.47994987469,94030.47994987469,92701.70342522975,93561.5,2086,0.0,0.0
2022-09-16 00:00:00+09:00,93561.50510612201,93795.99509385665,91607.421875,91607.421875,12832,0.0,0.0
2022-09-20 00:00:00+09:00,91920.0625,92389.04241071428,91607.40922619047,91920.0625,1637,0.0,0.0
2022-09-21 00:00:00+09:00,91998.22769290453,91998.22769290453,91294.7578125,91294.7578125,1024,0.0,0.0
2022-09-22 00:00:00+09:00,91216.59892062393,91763.7421875,90513.129006069,91763.7421875,1610,0.0,0.0
2022-09-26 00:00:00+09:00,91451.09693462706,91451.09693462706,90044.15698178664,90122.3203125,1743,0.0,0.0
2022-09-27 00:00:00+09:00,90356.81006457968,91138.4433696366,89262.5234375,89262.5234375,2587,0.0,0.0
2022-09-28 00:00:00+09:00,89184.35662382393,89653.33658854167,86214.15018061156,87230.2734375,3823,0.0,0.0
2022-09-29 00:00:00+09:00,88090.06839207048,89809.66156387665,87777.41508810573,88715.375,2064,0.0,0.0
2022-09-30 00:00:00+09:00,88637.2138757689,89028.03051543278,87542.92728471002,88949.8671875,1756,0.0,0.0
2022-10-03 00:00:00+09:00,88559.05346294877,89340.68676800569,87542.93016637478,89262.5234375,1351,0.0,0.0
2022-10-04 00:00:00+09:00,89340.68917603807,90513.13916522491,89340.68917603807,90356.8125,1254,0.0,0.0
2022-10-05 00:00:00+09:00,90669.4494047619,91138.42931547618,90200.46949404762,90278.6328125,2172,0.0,0.0
2022-10-06 00:00:00+09:00,90122.32521486074,90278.65188479112,89497.01853513924,89809.671875,1684,0.0,0.0
2022-10-07 00:00:00+09:00,89340.68700536643,90434.97363535342,89340.68700536643,90122.3203125,1459,0.0,0.0
2022-10-11 00:00:00+09:00,89731.4910871479,89731.4910871479,88715.36793023768,88793.53125,1440,0.0,0.0
2022-10-12 00:00:00+09:00,88793.5459297153,88949.87259508453,87855.5859375,87855.5859375,1315,0.0,0.0
2022-10-13 00:00:00+09:00,87855.5827603697,88324.56273951758,86526.80615278403,86683.1328125,2900,0.0,0.0
2022-10-14 00:00:00+09:00,87621.08562077703,87777.41226773648,86761.2890625,86761.2890625,2034,0.0,0.0
2022-10-17 00:00:00+09:00,86604.96775205292,86995.7843935333,85354.3544993157,85667.0078125,3766,0.0,0.0
2022-10-18 00:00:00+09:00,85979.6558277027,87542.9222972973,85979.6558277027,86761.2890625,3463,0.0,0.0
2022-10-19 00:00:00+09:00,86917.61354742173,86917.61354742173,84885.3671875,84885.3671875,2755,0.0,0.0
2022-10-20 00:00:00+09:00,84416.40334572492,84885.38336431228,83947.42332713756,84103.75,2439,0.0,0.0
2022-10-21 00:00:00+09:00,84416.4006232687,84650.890625,83947.42061980609,84650.890625,1689,0.0,0.0
2022-10-24 00:00:00+09:00,84650.88354762454,85276.19016662824,84416.39356549816,84729.046875,998,0.0,0.0
2022-10-25 00:00:00+09:00,84807.21875,85354.3620967742,84260.07540322581,84807.21875,1750,0.0,0.0
2022-10-26 00:00:00+09:00,85198.01891374333,88011.8984375,85198.01891374333,88011.8984375,3270,0.0,0.0
2022-10-27 00:00:00+09:00,88168.23317941953,88949.86645228672,87308.43657926562,88871.703125,2577,0.0,0.0
2022-10-28 00:00:00+09:00,88793.53125,90278.63432548416,88480.8779709507,88793.53125,2430,0.0,0.0
2022-10-31 00:00:00+09:00,89106.1885579427,90044.1484375,88715.3719414605,90044.1484375,1511,0.0,0.0
2022-11-01 00:00:00+09:00,89887.82241535348,91763.7421875,89731.49576767461,91763.7421875,1552,0.0,0.0
2022-11-02 00:00:00+09:00,91841.90833606021,91841.90833606021,89575.171875,89575.171875,1675,0.0,0.0
2022-11-04 00:00:00+09:00,89340.67299107142,90513.12276785713,89340.67299107142,90278.6328125,1760,0.0,0.0
2022-11-07 00:00:00+09:00,90434.97729112694,90669.4672927461,90044.16062176166,90513.140625,1324,0.0,0.0
2022-11-08 00:00:00+09:00,90356.80098827108,90591.29095623372,89887.82105234578,89965.984375,870,0.0,0.0
2022-11-09 00:00:00+09:00,90200.4814402174,90434.97142663044,89887.828125,89887.828125,846,0.0,0.0
2022-11-10 00:00:00+09:00,89887.83032035994,90200.48364321336,89653.34032821986,90122.3203125,1167,0.0,0.0
2022-11-11 00:00:00+09:00,90513.13574386832,91060.27905147374,90278.64575489458,90825.7890625,1296,0.0,0.0
2022-11-14 00:00:00+09:00,90669.46338660245,90669.46338660245,89184.3601069943,89262.5234375,888,0.0,0.0
2022-11-15 00:00:00+09:00,89106.19045017484,89731.49704982518,89028.02712521853,89418.84375,1257,0.0,0.0
2022-11-16 00:00:00+09:00,89418.85033607979,90200.48364321336,89184.36034393973,90122.3203125,1194,0.0,0.0
2022-11-17 00:00:00+09:00,90122.32521486074,90200.48854982592,89497.01853513924,89809.671875,952,0.0,0.0
2022-11-18 00:00:00+09:00,89965.9892450414,89965.9892450414,89340.68262995858,89653.3359375,1022,0.0,0.0
2022-11-21 00:00:00+09:00,89653.33548509075,90825.78538245462,89497.0088321089,90434.96875,1063,0.0,0.0
2022-11-22 00:00:00+09:00,90591.2976091056,90669.4609375,90200.48096713361,90669.4609375,411,0.0,0.0
2022-11-24 00:00:00+09:00,90747.62379807692,91998.23704594017,90669.46047008547,91451.09375,1548,0.0,0.0
2022-11-25 00:00:00+09:00,91685.57960106383,91998.23289893617,91138.43632978723,91841.90625,795,0.0,0.0
2022-11-28 00:00:00+09:00,92232.72096893491,92545.37426035502,92076.39432322484,92467.2109375,1051,0.0,0.0
2022-11-29 00:00:00+09:00,92389.04646864515,93405.16965315647,92232.71982487416,93170.6796875,1023,0.0,0.0
2022-11-30 00:00:00+09:00,93170.68381423758,93248.8471395851,92623.54053680497,92779.8671875,417,0.0,0.0
2022-12-01 00:00:00+09:00,92779.85900297618,93170.67559523809,91920.0625,91920.0625,846,0.0,0.0
2022-12-02 00:00:00+09:00,92076.40137214467,92545.38134517767,91294.76808375635,92389.0546875,1386,0.0,0.0
2022-12-05 00:00:00+09:00,92076.39799031986,92936.19457596801,91607.41803451178,92858.03125,1139,0.0,0.0
2022-12-06 00:00:00+09:00,92858.03007518797,93561.5,92232.72347535506,93561.5,1403,0.0,0.0
2022-12-07 00:00:00+09:00,93170.69312447435,93248.85645763247,92701.71312552565,92936.203125,772,0.0,0.0
2022-12-08 00:00:00+09:00,93092.5182643581,93092.5182643581,92154.55838260135,92545.375,913,0.0,0.0
2022-12-09 00:00:00+09:00,92936.19383819503,93248.8471395851,92623.54053680497,92779.8671875,1119,0.0,0.0
2022-12-12 00:00:00+09:00,92936.19193253138,93405.171875,92154.55869508369,93405.171875,1044,0.0,0.0
2022-12-13 00:00:00+09:00,92858.03051284752,93248.8471395851,92623.54053680497,92779.8671875,425,0.0,0.0
2022-12-14 00:00:00+09:00,92779.86047617807,93717.8203125,92779.86047617807,93717.8203125,930,0.0,0.0
2022-12-15 00:00:00+09:00,92936.19193253138,93561.49852248954,92936.19193253138,93405.171875,679,0.0,0.0
2022-12-16 00:00:00+09:00,93014.3611024522,94343.1376896301,93014.3611024522,94030.484375,1408,0.0,0.0
2022-12-19 00:00:00+09:00,94030.48262867647,94264.9726102941,92936.19604779412,93014.359375,999,0.0,0.0
2022-12-20 00:00:00+09:00,93014.35395851434,93092.51728116855,89028.02450314944,89965.984375,3388,0.0,0.0
2022-12-21 00:00:00+09:00,90278.64575489458,92389.05565565835,90278.64575489458,90825.7890625,1558,0.0,0.0
2022-12-22 00:00:00+09:00,90747.62525330631,92154.56517971416,90747.62525330631,91607.421875,751,0.0,0.0
2022-12-23 00:00:00+09:00,91372.92866789109,91372.92866789109,90122.3154440363,90434.96875,1321,0.0,0.0
2022-12-26 00:00:00+09:00,90356.80424528301,91529.25412735848,90356.80424528301,91138.4375,899,0.0,0.0
2022-12-27 00:00:00+09:00,91529.25927776001,91685.5859375,90747.6259790601,91685.5859375,1029,0.0,0.0
2022-12-28 00:00:00+09:00,91294.7626718213,91607.41596864261,90903.94605079466,90982.109375,1845,0.0,0.0
2022-12-29 00:00:00+09:00,90982.11524104096,91841.91186273463,90747.62525330631,91607.421875,739,0.0,0.0
2022-12-30 00:00:00+09:00,91920.06841216216,93014.35494087837,91920.06841216216,92545.375,1228,0.0,0.0
2023-01-04 00:00:00+09:00,92623.54246183207,92858.0324427481,91841.90919211197,92154.5625,793,0.0,0.0
2023-01-05 00:00:00+09:00,92154.55245535713,92545.36904761904,90982.10267857142,91920.0625,1727,0.0,0.0
2023-01-06 00:00:00+09:00,91685.58790236051,91763.75123390557,90825.7912553648,91060.28125,1106,0.0,0.0
2023-01-10 00:00:00+09:00,91372.92514780405,92545.375,91372.92514780405,92545.375,1067,0.0,0.0
2023-01-11 00:00:00+09:00,92467.20979053063,93248.84300938548,92389.04646864515,93170.6796875,1000,0.0,0.0
2023-01-12 00:00:00+09:00,92858.02829391892,92936.19161739865,92154.55838260135,92545.375,943,0.0,0.0
2023-01-13 00:00:00+09:00,92467.21801633884,92701.70800285533,91998.23804330584,92389.0546875,1265,0.0,0.0
2023-01-16 00:00:00+09:00,92232.71765303938,92232.71765303938,91294.7578125,91294.7578125,1517,0.0,0.0
2023-01-17 00:00:00+09:00,92310.88915394402,93248.84907760815,91920.07251908397,92154.5625,3437,0.0,0.0
2023-01-18 00:00:00+09:00,92545.37051709759,94343.12687004796,92545.37051709759,93717.8203125,3072,0.0,0.0
2023-01-19 00:00:00+09:00,93717.82410318046,93717.82410318046,91685.5777089497,92467.2109375,3431,0.0,0.0
2023-01-20 00:00:00+09:00,92467.2231260513,93248.85645763247,91920.07979394449,92936.203125,1643,0.0,0.0
2023-01-23 00:00:00+09:00,93405.1772786995,94812.1171875,93405.1772786995,94812.1171875,2949,0.0,0.0
2023-01-24 00:00:00+09:00,94968.45457580115,95281.10792419885,94733.96456450288,95124.78125,1908,0.0,0.0
2023-01-25 00:00:00+09:00,95202.92038445723,95359.24701891448,94655.77716385691,95046.59375,2244,0.0,0.0
2023-01-26 00:00:00+09:00,94968.44089252481,95281.09419587468,94499.4609375,94499.4609375,2346,0.0,0.0
2023-01-27 00:00:00+09:00,94655.7864134339,95202.9296875,94577.62308856731,95202.9296875,4346,0.0,0.0
2023-01-30 00:00:00+09:00,95189.03846668809,95597.57511246786,94780.50182090832,95352.453125,4043,5283.0,0.0
2023-01-31 00:00:00+09:00,95515.87628173828,95679.29095458984,94045.14422607422,94126.8515625,2048,0.0,0.0
2023-02-01 00:00:00+09:00,94290.25843615881,95597.57571083691,94290.25843615881,95189.0390625,1186,0.0,0.0
2023-02-02 00:00:00+09:00,95270.74579584405,95679.28244162383,94698.79449175236,95352.453125,997,0.0,0.0
2023-02-03 00:00:00+09:00,95679.2890625,96006.11840173996,95189.04505364005,95679.2890625,771,0.0,0.0
2023-02-06 00:00:00+09:00,95761.0012307363,96006.12324753853,95189.04985819777,95434.171875,526,0.0,0.0
2023-02-07 00:00:00+09:00,95189.04448410562,95515.8738213901,94780.5078125,94780.5078125,555,0.0,0.0
2023-02-08 00:00:00+09:00,94780.49697493517,95025.61894987035,93881.71640017285,94535.375,965,0.0,0.0
2023-02-09 00:00:00+09:00,94126.84132519616,94453.67063535309,93718.3046875,93718.3046875,873,0.0,0.0
2023-02-10 00:00:00+09:00,93636.59735996077,93963.4266701177,93309.76804980382,93718.3046875,860,0.0,0.0
2023-02-13 00:00:00+09:00,93473.17665425065,93636.5912987511,92982.93272074935,93228.0546875,458,0.0,0.0
2023-02-14 00:00:00+09:00,93064.64364875219,93473.18027583187,92901.2289979203,93309.765625,690,0.0,0.0
2023-02-15 00:00:00+09:00,93309.76673611111,93309.76673611111,91839.03486111111,91920.7421875,1184,0.0,0.0
2023-02-16 00:00:00+09:00,92002.45972068583,92574.41106886062,92002.45972068583,92329.2890625,498,0.0,0.0
2023-02-17 00:00:00+09:00,92329.28545726306,92329.28545726306,91593.91946689549,92247.578125,1051,0.0,0.0
2023-02-20 00:00:00+09:00,92002.45552884616,92492.69951923077,91920.74819711538,92410.9921875,648,0.0,0.0
2023-02-21 00:00:00+09:00,92329.28244338366,92329.28244338366,92002.453125,92002.453125,777,0.0,0.0
2023-02-22 00:00:00+09:00,91920.74639262677,92084.16105288033,91512.20974199288,91839.0390625,1287,0.0,0.0
2023-02-24 00:00:00+09:00,91839.04086538461,92410.9921875,91675.62620192308,92410.9921875,2031,0.0,0.0
2023-02-27 00:00:00+09:00,92737.8203125,93228.06429653084,92329.28365914097,92737.8203125,1566,0.0,0.0
2023-02-28 00:00:00+09:00,92492.69830659535,92492.69830659535,91512.21033868092,91675.625,2015,0.0,0.0
2023-03-01 00:00:00+09:00,91512.2121486854,91593.91948096102,89959.77283544878,90123.1875,2996,0.0,0.0
2023-03-02 00:00:00+09:00,90613.43446296918,91430.5078125,90368.31245810993,91430.5078125,1145,0.0,0.0
2023-03-03 00:00:00+09:00,91185.36891891892,91512.1981981982,90695.125,90695.125,1094,0.0,0.0
2023-03-06 00:00:00+09:00,90613.42489602068,91675.62013826438,90613.42489602068,90858.546875,2093,0.0,0.0
2023-03-07 00:00:00+09:00,90858.55349048051,91021.96815503173,89959.77283544878,90123.1875,1750,0.0,0.0
2023-03-08 00:00:00+09:00,90286.60095549589,90286.60095549589,89224.40565013711,89387.8203125,2339,0.0,0.0
2023-03-09 00:00:00+09:00,89387.81852272728,89878.0625,89306.11119318182,89878.0625,1189,0.0,0.0
2023-03-10 00:00:00+09:00,89959.7734375,90123.18810314487,89551.23677338783,89959.7734375,1432,0.0,0.0
2023-03-13 00:00:00+09:00,89387.81909562212,89551.23375576038,88325.62380472351,88652.453125,2815,0.0,0.0
2023-03-14 00:00:00+09:00,88325.6171875,88979.27577908187,87590.2512719704,88325.6171875,2712,0.0,0.0
2023-03-15 00:00:00+09:00,89060.98488372093,89387.81418604651,87753.66767441861,87835.375,1822,0.0,0.0
2023-03-16 00:00:00+09:00,87426.83888561321,87426.83888561321,85874.3996904481,86609.765625,4304,0.0,0.0
2023-03-17 00:00:00+09:00,87100.01197124524,87671.96326936787,85874.40204669676,85956.109375,2521,0.0,0.0
2023-03-20 00:00:00+09:00,85139.04634456839,86201.24174042192,83995.14361057227,84240.265625,3744,0.0,0.0
2023-03-22 00:00:00+09:00,84158.54641717863,86691.47354235586,84158.54641717863,86446.3515625,2116,0.0,0.0
2023-03-23 00:00:00+09:00,85874.3996904481,86609.765625,84893.91177771226,86609.765625,1548,0.0,0.0
2023-03-24 00:00:00+09:00,86528.06430288461,87181.72295673077,86364.64963942308,87100.015625,952,0.0,0.0
2023-03-27 00:00:00+09:00,87263.43389761013,87753.67790827085,87100.01922738987,87181.7265625,624,0.0,0.0
2023-03-28 00:00:00+09:00,87263.43445616883,88162.21514813312,87181.72712053571,88080.5078125,1207,0.0,0.0
2023-03-29 00:00:00+09:00,88325.63578903367,88734.17249481089,87835.39174210101,88570.7578125,1039,0.0,0.0
2023-03-30 00:00:00+09:00,88243.92183211345,89551.2391925892,88162.21449708371,89306.1171875,1071,0.0,0.0
2023-03-31 00:00:00+09:00,89551.23739640883,89551.23739640883,88570.74939571823,88734.1640625,705,0.0,0.0
2023-04-03 00:00:00+09:00,88897.58221024259,91348.80230795148,88652.4602004717,90940.265625,1632,0.0,0.0
2023-04-04 00:00:00+09:00,90531.71036036036,90776.83231981982,89551.22252252253,90695.125,1241,0.0,0.0
2023-04-05 00:00:00+09:00,90695.13579545454,90776.843125,89387.81852272728,89878.0625,1098,0.0,0.0
2023-04-06 00:00:00+09:00,89306.12140138507,89714.65809581043,89060.99938472985,89224.4140625,501,0.0,0.0
2023-04-07 00:00:00+09:00,88979.2824452765,89142.69710541476,88162.20914458526,88652.453125,857,0.0,0.0
2023-04-10 00:00:00+09:00,88652.453125,88979.2824452765,88325.62380472351,88652.453125,400,0.0,0.0
2023-04-11 00:00:00+09:00,88734.16588541666,88734.16588541666,88243.921875,88243.921875,480,0.0,0.0
2023-04-12 00:00:00+09:00,88325.62981939936,88570.7518262987,87998.80047686689,88080.5078125,546,0.0,0.0
2023-04-13 00:00:00+09:00,88243.92006215469,89060.99339606352,88243.92006215469,88734.1640625,577,0.0,0.0
2023-04-14 00:00:00+09:00,89060.99098777422,89551.23497486289,88979.28365659279,89387.8203125,727,0.0,0.0
2023-04-17 00:00:00+09:00,89060.98917605796,89469.52582365455,88652.45252846136,88815.8671875,799,0.0,0.0
2023-04-18 00:00:00+09:00,88979.29204584478,89306.12140138507,88489.04801253433,89224.4140625,513,0.0,0.0
2023-04-19 00:00:00+09:00,89224.40745634191,89306.11478917739,88897.578125,88897.578125,293,0.0,0.0
2023-04-20 00:00:00+09:00,88570.75238177227,89632.94775166437,88570.75238177227,88979.2890625,726,0.0,0.0
2023-04-21 00:00:00+09:00,89224.4086428897,89796.35998034412,88815.8719732794,89632.9453125,968,0.0,0.0
2023-04-24 00:00:00+09:00,89632.9447082575,90041.48137511374,89469.53004151503,89796.359375,410,0.0,0.0
2023-04-25 00:00:00+09:00,89796.35398267664,90368.30528192935,89632.93932574728,90204.890625,454,0.0,0.0
2023-04-26 00:00:00+09:00,89878.06549619176,91512.21214157705,89796.35816392249,91185.3828125,1436,0.0,0.0
2023-04-27 00:00:00+09:00,91185.37860899731,91430.50059450537,90613.4273094785,91267.0859375,695,0.0,0.0
2023-04-28 00:00:00+09:00,91512.21033868092,91675.625,91021.9663547237,91675.625,678,0.0,0.0
2023-05-01 00:00:00+09:00,91430.5078125,91675.62981735925,90776.84913287533,91430.5078125,909,0.0,0.0
2023-05-02 00:00:00+09:00,91512.21454058876,91675.62920941124,91103.67786853256,91593.921875,518,0.0,0.0
2023-05-08 00:00:00+09:00,91512.19850352113,92901.22294509244,91512.19850352113,92819.515625,1272,0.0,0.0
2023-05-09 00:00:00+09:00,92737.8257397677,92737.8257397677,92329.2890625,92329.2890625,393,0.0,0.0
2023-05-10 00:00:00+09:00,92329.27356736657,93636.5907152231,92084.15160214348,93391.46875,1175,0.0,0.0
2023-05-11 00:00:00+09:00,93309.76680579965,93391.47413224955,92819.52284710018,92982.9375,214,0.0,0.0
2023-05-12 00:00:00+09:00,92819.53185626102,92901.23919064153,91920.7511780754,92656.1171875,578,0.0,0.0
2023-05-15 00:00:00+09:00,92656.1028543307,93391.46875,92410.98088910761,93391.46875,544,0.0,0.0
2023-05-16 00:00:00+09:00,93473.17910122164,93800.00839877836,93228.0571280541,93636.59375,426,0.0,0.0
2023-05-17 00:00:00+09:00,93473.18568601583,93554.89301616095,92901.234375,92901.234375,355,0.0,0.0
2023-05-18 00:00:00+09:00,92982.93272074935,93473.17665425065,92819.5180762489,93228.0546875,470,0.0,0.0
2023-05-19 00:00:00+09:00,92819.52884615384,93473.1875,92819.52884615384,93473.1875,414,0.0,0.0
2023-05-22 00:00:00+09:00,93146.35638586957,93963.4296875,93146.35638586957,93963.4296875,641,0.0,0.0
2023-05-23 00:00:00+09:00,93718.29862100132,93881.71326550175,92901.22539849913,93228.0546875,477,0.0,0.0
2023-05-24 00:00:00+09:00,92901.22958470395,93800.01016995615,92737.81493283992,93146.3515625,573,0.0,0.0
2023-05-25 00:00:00+09:00,93146.35576712027,93636.59974484197,92901.23377825944,93064.6484375,362,0.0,0.0
2023-05-26 00:00:00+09:00,93636.60275974026,94371.96875,93146.35876623377,94371.96875,896,0.0,0.0
2023-05-29 00:00:00+09:00,94698.796875,94862.2115374245,94126.84555651424,94698.796875,444,0.0,0.0
2023-05-30 00:00:00+09:00,94862.20974383048,95189.0390625,94698.79508449571,95189.0390625,555,0.0,0.0
2023-05-31 00:00:00+09:00,95189.03723418611,95189.03723418611,94208.54929700993,94617.0859375,926,0.0,0.0
2023-06-01 00:00:00+09:00,94371.96633831522,94943.91764945652,93963.4296875,93963.4296875,518,0.0,0.0
2023-06-02 00:00:00+09:00,94126.85384615384,95597.5859375,94045.14650774573,95597.5859375,927,0.0,0.0
2023-06-05 00:00:00+09:00,95597.58172769,95760.99639731,95270.75238845004,95679.2890625,539,0.0,0.0
2023-06-06 00:00:00+09:00,95597.58112212276,95842.703125,95434.16645353794,95842.703125,407,0.0,0.0
2023-06-07 00:00:00+09:00,95679.2763646641,96006.10566052972,94780.4958010336,94862.203125,801,0.0,0.0
2023-06-08 00:00:00+09:00,95679.29450980917,95679.29450980917,94617.09909680532,95270.7578125,669,0.0,0.0
2023-06-09 00:00:00+09:00,95679.28485628199,96087.82151237201,95352.45553140999,95760.9921875,561,0.0,0.0
2023-06-12 00:00:00+09:00,96169.53730635684,96332.95198317307,95515.87859909188,95597.5859375,506,0.0,0.0
2023-06-13 00:00:00+09:00,96006.12324753853,96087.83058647261,95189.04985819777,95434.171875,374,0.0,0.0
2023-06-14 00:00:00+09:00,96006.12386765653,96006.12386765653,95107.34313357633,95270.7578125,306,0.0,0.0
2023-06-15 00:00:00+09:00,95679.28605260373,96986.60336843778,95352.45672364523,96496.359375,1111,0.0,0.0
2023-06-16 00:00:00+09:00,96823.1953125,96986.60998813291,95842.70725870253,96823.1953125,527,0.0,0.0
2023-06-19 00:00:00+09:00,96578.06610576923,96986.60276442308,96251.23677884616,96659.7734375,408,0.0,0.0
2023-06-20 00:00:00+09:00,96986.60276442308,96986.60276442308,96251.23677884616,96659.7734375,219,0.0,0.0
2023-06-21 00:00:00+09:00,96251.22539921742,96741.46933164127,96169.51807714679,96578.0546875,209,0.0,0.0
2023-06-22 00:00:00+09:00,96904.88456038135,96904.88456038135,96169.51865730932,96414.640625,320,0.0,0.0
2023-06-23 00:00:00+09:00,96496.34678526182,96904.88339315879,96251.22482052364,96741.46875,529,0.0,0.0
2023-06-26 00:00:00+09:00,96823.18989627101,97476.8485622374,96578.06789653361,97231.7265625,460,0.0,0.0
2023-06-27 00:00:00+09:00,97476.84974457881,97967.09375,96823.1910706839,97967.09375,829,0.0,0.0
2023-06-28 00:00:00+09:00,97967.0907451923,98784.1640625,97885.38341346153,98784.1640625,1315,0.0,0.0
2023-06-29 00:00:00+09:00,98702.43883525062,99601.21932133319,98539.02420141741,99437.8046875,1271,0.0,0.0
2023-06-30 00:00:00+09:00,99437.81435100081,100009.765625,98865.86307700163,100009.765625,946,0.0,0.0
2023-07-03 00:00:00+09:00,100009.76494229183,100091.4722665911,99029.27705070074,99110.984375,946,0.0,0.0
2023-07-04 00:00:00+09:00,99110.97541983362,99682.9266382498,99110.97541983362,99437.8046875,421,0.0,0.0
2023-07-05 00:00:00+09:00,99274.40087090163,99764.64482581966,99110.9862192623,99682.9375,494,0.0,0.0
2023-07-06 00:00:00+09:00,99846.3497042181,99846.3497042181,99192.69111368312,99274.3984375,363,0.0,0.0
2023-07-07 00:00:00+09:00,99192.69590552806,99519.52521658417,98457.32995565182,99029.28125,642,0.0,0.0
2023-07-10 00:00:00+09:00,99029.27705070074,99356.10634789777,98702.4477535037,99110.984375,424,0.0,0.0
2023-07-11 00:00:00+09:00,98865.86541426809,99437.81670178864,98865.86541426809,99356.109375,295,0.0,0.0
2023-07-12 00:00:00+09:00,99029.28423980865,99192.69890027039,98212.2109375,98212.2109375,688,0.0,0.0
2023-07-13 00:00:00+09:00,98212.21814005398,98620.75482116902,97803.68145893895,98375.6328125,654,0.0,0.0
2023-07-14 00:00:00+09:00,98457.33714742922,98539.04448116153,97150.01980771232,98130.5078125,789,0.0,0.0
2023-07-18 00:00:00+09:00,98130.49815483668,98375.62013190954,97395.13222361809,97558.546875,711,0.0,0.0
2023-07-19 00:00:00+09:00,97803.68145893895,98375.6328125,97640.26678649294,98375.6328125,432,0.0,0.0
2023-07-20 00:00:00+09:00,98375.62920822942,99110.99520729427,98293.921875,98293.921875,793,0.0,0.0
2023-07-21 00:00:00+09:00,98702.45854114713,98702.45854114713,97721.97054239402,98293.921875,588,0.0,0.0
2023-07-24 00:00:00+09:00,98375.62740384616,99110.99338942308,98293.92007211538,98784.1640625,554,0.0,0.0
2023-07-25 00:00:00+09:00,98865.87260114108,99192.70193205394,98293.92127204356,98457.3359375,956,0.0,0.0
2023-07-26 00:00:00+09:00,98457.32578060593,99110.984375,98212.20380770815,99110.984375,839,0.0,0.0
2023-07-27 00:00:00+09:00,98048.79987531173,98865.87320760598,97967.0925420823,98293.921875,5340,0.0,0.0
2023-07-28 00:00:00+09:00,98157.89225260417,98745.6640625,97234.25083705358,98745.6640625,3040,3238.0,0.0
2023-07-31 00:00:00+09:00,98745.66076807228,98829.62816668459,97570.1171875,97570.1171875,926,0.0,0.0
2023-08-01 00:00:00+09:00,97486.15868760804,97570.12609388505,96562.51721856093,97150.2890625,932,0.0,0.0
2023-08-02 00:00:00+09:00,96898.37530980604,97402.1796875,96898.37530980604,97402.1796875,533,0.0,0.0
2023-08-03 00:00:00+09:00,97402.17288961039,97570.10767045456,96982.3359375,96982.3359375,352,0.0,0.0
2023-08-04 00:00:00+09:00,97234.24354238568,97318.2109375,96898.37396192839,97318.2109375,369,0.0,0.0
2023-08-07 00:00:00+09:00,97066.31279582616,97989.95418056153,97066.31279582616,97570.1171875,513,0.0,0.0
2023-08-08 00:00:00+09:00,97402.18480138169,97822.02180483592,97234.25,97234.25,509,0.0,0.0
2023-08-09 00:00:00+09:00,97402.18967391303,97402.18967391303,96058.71119565217,96562.515625,908,0.0,0.0
2023-08-10 00:00:00+09:00,96226.6462613538,97066.3203125,95974.74404600995,97066.3203125,507,0.0,0.0
2023-08-14 00:00:00+09:00,96982.35264945652,96982.35264945652,96226.64600543477,96562.515625,582,0.0,0.0
2023-08-15 00:00:00+09:00,96562.51536549388,96562.51536549388,95722.84131883741,96058.7109375,607,0.0,0.0
2023-08-16 00:00:00+09:00,95890.77478401137,96058.70959098863,95722.83997703412,95974.7421875,415,0.0,0.0
2023-08-17 00:00:00+09:00,95470.93238998025,95806.80198501976,95219.03019370062,95638.8671875,485,0.0,0.0
2023-08-18 00:00:00+09:00,95638.8617634912,95974.73133948237,95219.0247935022,95302.9921875,389,0.0,0.0
2023-08-21 00:00:00+09:00,95302.99729699912,95638.86689099736,95135.0625,95135.0625,325,0.0,0.0
2023-08-22 00:00:00+09:00,95302.99385672067,95974.73302046848,95302.99385672067,95890.765625,386,0.0,0.0
2023-08-23 00:00:00+09:00,95722.83650716145,96898.38011338975,95722.83650716145,96730.4453125,396,0.0,0.0
2023-08-24 00:00:00+09:00,96898.36854707793,97318.20549918832,96478.53159496754,96982.3359375,314,0.0,0.0
2023-08-25 00:00:00+09:00,96982.34615958948,96982.34615958948,96142.67216686577,96646.4765625,510,0.0,0.0
2023-08-28 00:00:00+09:00,97234.256468777,97318.22387505401,96310.6149997299,97150.2890625,594,0.0,0.0
2023-08-29 00:00:00+09:00,96982.34941657726,97822.0234375,96730.44721030044,97822.0234375,860,0.0,0.0
2023-08-30 00:00:00+09:00,97822.0288106822,98157.8984375,97654.0939972733,98157.8984375,375,0.0,0.0
2023-08-31 00:00:00+09:00,97905.99083959227,98493.76265423819,97822.0234375,97822.0234375,500,0.0,0.0
2023-09-01 00:00:00+09:00,97905.99004836309,98913.59886532738,97822.02264694941,98745.6640625,611,0.0,0.0
2023-09-04 00:00:00+09:00,98913.59510178117,99249.46469465649,98409.7907124682,98997.5625,417,0.0,0.0
2023-09-05 00:00:00+09:00,98745.66434010153,99585.338356599,98745.66434010153,99249.46875,579,0.0,0.0
2023-09-06 00:00:00+09:00,99249.45652173914,99249.45652173914,98409.78260869565,98493.75,527,0.0,0.0
2023-09-07 00:00:00+09:00,99081.53529163144,99417.40490278952,98913.60048605241,99333.4375,499,0.0,0.0
2023-09-08 00:00:00+09:00,99417.40651260504,100341.04795824579,98997.56949185925,99921.2109375,1451,0.0,0.0
2023-09-11 00:00:00+09:00,99921.20342548077,100676.91000600961,99585.33383413461,100425.0078125,1115,0.0,0.0
2023-09-12 00:00:00+09:00,100592.94260817308,100928.81219951923,99081.52944711538,100425.0078125,963,0.0,0.0
2023-09-13 00:00:00+09:00,100425.00886859781,101348.650254513,100005.171875,100005.171875,890,0.0,0.0
2023-09-14 00:00:00+09:00,100508.97791240609,100676.9127125939,100089.14091193656,100592.9453125,287,0.0,0.0
2023-09-15 00:00:00+09:00,100508.98276654411,100760.8849789916,99585.34132090336,99921.2109375,563,0.0,0.0
2023-09-19 00:00:00+09:00,99921.20717204527,100341.04417696982,99501.37016712071,100173.109375,485,0.0,0.0
2023-09-20 00:00:00+09:00,100173.11367122504,101012.7877170861,100173.11367122504,100928.8203125,581,0.0,0.0
2023-09-21 00:00:00+09:00,100425.01347429519,101516.58970771145,100425.01347429519,101264.6875,600,0.0,0.0
2023-09-22 00:00:00+09:00,100844.84480168269,100928.81219951923,100173.10561899038,100425.0078125,444,0.0,0.0
2023-09-25 00:00:00+09:00,100425.00645920503,101012.77823614018,100341.0390625,100341.0390625,405,0.0,0.0
2023-09-26 00:00:00+09:00,100592.95017069328,100592.95017069328,99837.24353335083,99921.2109375,428,0.0,0.0
2023-09-27 00:00:00+09:00,99753.26862980769,100844.84480168269,99669.30123197116,100425.0078125,432,0.0,0.0
2023-09-28 00:00:00+09:00,100844.85348101266,100928.82088607595,99501.375,99501.375,779,0.0,0.0
2023-09-29 00:00:00+09:00,99669.30062948691,99753.26802681587,98829.62665619722,99417.3984375,447,0.0,0.0
2023-10-02 00:00:00+09:00,99753.27451394759,100173.11152789518,99333.4375,99333.4375,438,0.0,0.0
2023-10-03 00:00:00+09:00,99333.43042742107,99501.36522104309,98409.7890625,98409.7890625,481,0.0,0.0
2023-10-04 00:00:00+09:00,97822.02151828342,98661.6955227322,96394.57571072048,96730.4453125,972,0.0,0.0
2023-10-05 00:00:00+09:00,97738.06031729131,98661.70178077086,97486.1580999787,98577.734375,634,0.0,0.0
2023-10-06 00:00:00+09:00,98745.6640625,98913.59886532738,98241.85965401786,98745.6640625,551,0.0,0.0
2023-10-10 00:00:00+09:00,98829.63575949367,99669.30981012658,98325.83132911392,99501.375,408,0.0,0.0
2023-10-11 00:00:00+09:00,99501.36343907828,99753.265625,98829.62427662036,99753.265625,291,0.0,0.0
2023-10-12 00:00:00+09:00,99921.20796319797,99921.20796319797,99249.46875,99249.46875,382,0.0,0.0
2023-10-13 00:00:00+09:00,98829.63308326289,99753.27451394759,98745.66568047338,99333.4375,584,0.0,0.0
2023-10-16 00:00:00+09:00,99333.43667516095,99837.24108771459,97402.18642703863,97822.0234375,913,0.0,0.0
2023-10-17 00:00:00+09:00,98997.56598557692,99333.43559027778,97989.95717147435,98241.859375,379,0.0,0.0
2023-10-18 00:00:00+09:00,99081.5268733988,99585.33124733134,98325.8203125,98325.8203125,816,0.0,0.0
2023-10-19 00:00:00+09:00,98325.8203125,99081.5268733988,98157.88552118915,98325.8203125,429,0.0,0.0
2023-10-20 00:00:00+09:00,98241.8553181234,98997.56189749358,97989.953125,97989.953125,349,0.0,0.0
2023-10-23 00:00:00+09:00,97822.01530818595,98241.85228375756,97318.2109375,97318.2109375,632,0.0,0.0
2023-10-24 00:00:00+09:00,97570.12474318771,97738.05955341696,96982.35290738539,97066.3203125,688,0.0,0.0
2023-10-25 00:00:00+09:00,97486.14769757893,98409.7890625,97150.2781103349,98409.7890625,509,0.0,0.0
2023-10-26 00:00:00+09:00,98409.78531914894,98745.65489361703,97989.94835106384,98661.6875,372,0.0,0.0
2023-10-27 00:00:00+09:00,98913.59301408747,100005.1691678932,98661.6908247477,99837.234375,767,0.0,0.0
2023-10-30 00:00:00+09:00,99921.19769709106,100005.16509011383,99165.49115988618,99585.328125,430,0.0,0.0
2023-10-31 00:00:00+09:00,99081.52884818413,100341.03980811867,99081.52884818413,99417.3984375,653,0.0,0.0
2023-11-01 00:00:00+09:00,99753.26697855341,100425.00615012615,99669.29958210682,99837.234375,610,0.0,0.0
2023-11-02 00:00:00+09:00,99921.20177144659,100173.10396078638,99585.33218566023,99837.234375,393,0.0,0.0
2023-11-06 00:00:00+09:00,100089.14276649746,100173.11016814722,99249.46875,99249.46875,452,0.0,0.0
2023-11-07 00:00:00+09:00,99249.47009721048,99333.4375,98325.82866652578,99333.4375,877,0.0,0.0
2023-11-08 00:00:00+09:00,99333.43042742107,99333.43042742107,98157.88687206697,98409.7890625,533,0.0,0.0
2023-11-09 00:00:00+09:00,98325.8203125,98745.65729077712,97654.08114725661,98325.8203125,416,0.0,0.0
2023-11-10 00:00:00+09:00,98073.92512690356,99333.43615164976,98073.92512690356,99249.46875,381,0.0,0.0
2023-11-13 00:00:00+09:00,99249.45652173914,99837.22826086957,98493.75,98493.75,629,0.0,0.0
2023-11-14 00:00:00+09:00,98577.72342830109,99837.234375,98241.85384251473,99837.234375,490,0.0,0.0
2023-11-15 00:00:00+09:00,99753.26728556486,100341.0390625,99417.39769874477,100341.0390625,470,0.0,0.0
2023-11-16 00:00:00+09:00,99921.2125365497,100508.984375,99837.24513105681,100508.984375,222,0.0,0.0
2023-11-17 00:00:00+09:00,100089.14574579832,100341.04795824579,99753.27612920168,99921.2109375,321,0.0,0.0
2023-11-20 00:00:00+09:00,100089.13520622895,100257.06999684343,99669.29822969277,99753.265625,309,0.0,0.0
2023-11-21 00:00:00+09:00,100005.16509011383,100005.16509011383,99333.42594593171,99585.328125,438,0.0,0.0
2023-11-22 00:00:00+09:00,99501.36748268262,100005.171875,99249.46528652393,100005.171875,264,0.0,0.0
2023-11-24 00:00:00+09:00,100089.14412510567,100173.11152789518,99333.4375,99333.4375,575,0.0,0.0
2023-11-27 00:00:00+09:00,99753.26697855341,100089.13656433979,99585.33218566023,99837.234375,221,0.0,0.0
2023-11-28 00:00:00+09:00,100089.13384582983,100089.13384582983,99669.296875,99669.296875,277,0.0,0.0
2023-11-29 00:00:00+09:00,99669.30496909053,100173.109375,99669.30496909053,100173.109375,361,0.0,0.0
2023-11-30 00:00:00+09:00,100173.10501346072,100173.10501346072,99165.49624551309,99417.3984375,793,0.0,0.0
2023-12-01 00:00:00+09:00,99501.37694477117,99585.34435147562,98157.8984375,98157.8984375,1089,0.0,0.0
2023-12-04 00:00:00+09:00,97822.0135638298,98661.6875,97822.0135638298,98661.6875,549,0.0,0.0
2023-12-05 00:00:00+09:00,98997.5543478261,98997.5543478261,98157.88043478261,98493.75,499,0.0,0.0
2023-12-06 00:00:00+09:00,98325.82705543155,98745.6640625,98325.82705543155,98745.6640625,335,0.0,0.0
2023-12-07 00:00:00+09:00,98745.66076807228,98745.66076807228,97570.1171875,97570.1171875,690,0.0,0.0
2023-12-08 00:00:00+09:00,97486.1519165039,97570.11931694878,96562.51051161023,96730.4453125,1632,0.0,0.0
2023-12-11 00:00:00+09:00,96898.36854707793,97402.17288961039,96898.36854707793,96982.3359375,971,0.0,0.0
2023-12-12 00:00:00+09:00,97570.11765829695,97570.11765829695,96058.70447598254,96142.671875,1154,0.0,0.0
2023-12-13 00:00:00+09:00,96646.47762598167,96730.445026178,96142.67322480366,96226.640625,967,0.0,0.0
2023-12-14 00:00:00+09:00,96646.4711407476,96730.4385353095,96226.6341679381,96310.6015625,708,0.0,0.0
2023-12-15 00:00:00+09:00,96394.57649539878,96646.47869878396,95219.03287960123,95806.8046875,1724,0.0,0.0
2023-12-18 00:00:00+09:00,95806.80872350305,96226.64574683129,95470.93910484047,96058.7109375,1113,0.0,0.0
2023-12-19 00:00:00+09:00,95974.73707696506,96142.671875,95219.03048580786,96142.671875,1201,0.0,0.0
2023-12-20 00:00:00+09:00,96142.66843587521,96982.34239601386,95806.79885181975,96898.375,1303,0.0,0.0
2023-12-21 00:00:00+09:00,96646.48168244126,97066.31870104438,96142.67726011749,96478.546875,1212,0.0,0.0
2023-12-22 00:00:00+09:00,96478.53159496754,96982.3359375,96058.69464285715,96982.3359375,794,0.0,0.0
2023-12-25 00:00:00+09:00,96982.35075857521,96982.35075857521,95470.9375,95470.9375,1393,0.0,0.0
2023-12-26 00:00:00+09:00,95722.83428949691,95722.83428949691,94715.22550750221,95135.0625,1967,0.0,0.0
2023-12-27 00:00:00+09:00,95303.00295959099,95974.7421875,95135.06815261373,95974.7421875,1665,0.0,0.0
2023-12-28 00:00:00+09:00,96478.53462220551,97822.0129111135,96394.56722914876,97654.078125,1547,0.0,0.0
2023-12-29 00:00:00+09:00,97989.95824168455,98157.8930458691,97654.08863331545,97822.0234375,780,0.0,0.0
2024-01-04 00:00:00+09:00,98241.85291684458,98913.59208208795,97822.01593856746,98325.8203125,1290,0.0,0.0
2024-01-05 00:00:00+09:00,98913.59405352618,99585.33323215794,98661.69186153928,99417.3984375,1829,0.0,0.0
2024-01-09 00:00:00+09:00,99837.23302030723,100089.13520622895,99501.36343907828,99753.265625,1218,0.0,0.0
2024-01-10 00:00:00+09:00,100089.13656433979,100257.07135723297,99837.234375,99837.234375,717,0.0,0.0
2024-01-11 00:00:00+09:00,100005.18103109271,100508.98546953649,99921.2136246854,100089.1484375,1323,0.0,0.0
2024-01-12 00:00:00+09:00,100592.94693983402,101180.71875,100425.01213692945,101180.71875,1280,0.0,0.0
2024-01-15 00:00:00+09:00,101264.6917824074,102020.3984375,101264.6917824074,102020.3984375,390,0.0,0.0
2024-01-16 00:00:00+09:00,102356.25720407002,102692.12679292668,101348.6484375,101348.6484375,1569,0.0,0.0
2024-01-17 00:00:00+09:00,101600.55001307532,101852.45220319038,100341.0390625,100341.0390625,1908,0.0,0.0
2024-01-18 00:00:00+09:00,100760.88174273858,101264.68615145228,100592.94693983402,101180.71875,1053,0.0,0.0
2024-01-19 00:00:00+09:00,101600.5522806837,102020.38927357909,101180.7152877883,101936.421875,1130,0.0,0.0
2024-01-22 00:00:00+09:00,101936.42112244898,102860.0625,101768.48632653062,102860.0625,1327,0.0,0.0
2024-01-23 00:00:00+09:00,103195.935869732,103447.83807283142,102608.1640625,102608.1640625,992,0.0,0.0
2024-01-24 00:00:00+09:00,102608.15046153053,103195.9221908519,101768.4765625,101768.4765625,1535,0.0,0.0
2024-01-25 00:00:00+09:00,101684.52612968878,101936.4283414056,101264.68911016075,101852.4609375,1182,0.0,0.0
2024-01-26 00:00:00+09:00,102020.392255268,102692.13146353314,101768.49005216858,102608.1640625,1163,0.0,0.0
2024-01-29 00:00:00+09:00,101684.51863079368,102692.12740335315,101432.61643765382,102356.2578125,5996,0.0,0.0
2024-01-30 00:00:00+09:00,101775.79040216468,102552.04643065577,101517.03839266766,101603.2890625,4128,3227.0,0.0
2024-01-31 00:00:00+09:00,102207.03773299283,102379.5390625,101430.78175021062,102379.5390625,1754,0.0,0.0
2024-02-01 00:00:00+09:00,102034.5424116617,102465.79576082343,101258.28638317062,101603.2890625,1216,0.0,0.0
2024-02-02 00:00:00+09:00,101775.79150883839,102465.796875,101689.54083806818,102465.796875,872,0.0,0.0
2024-02-05 00:00:00+09:00,102034.54085832635,103242.05021759648,102034.54085832635,102810.796875,1737,0.0,0.0
2024-02-06 00:00:00+09:00,103242.05200744171,103587.0546875,102638.29731733972,103587.0546875,1131,0.0,0.0
2024-02-07 00:00:00+09:00,103242.05603425733,103759.56007452929,103069.5546875,103069.5546875,812,0.0,0.0
2024-02-08 00:00:00+09:00,103069.55157039141,103414.55425347222,102465.796875,102465.796875,639,0.0,0.0
2024-02-09 00:00:00+09:00,102379.54889410896,103155.80495143581,102120.796875,102120.796875,747,0.0,0.0
2024-02-13 00:00:00+09:00,102552.05091663144,102552.05091663144,101517.04283336856,102034.546875,846,0.0,0.0
2024-02-14 00:00:00+09:00,102034.53656914894,102034.53656914894,100999.52859042553,101344.53125,911,0.0,0.0
2024-02-15 00:00:00+09:00,101430.78862660944,101517.0392972103,100309.52990879829,100482.03125,932,0.0,0.0
2024-02-16 00:00:00+09:00,100309.52946950823,100654.53215040079,99274.52142683059,99533.2734375,2095,0.0,0.0
2024-02-19 00:00:00+09:00,100050.78084203655,100050.78084203655,98584.51939866188,99102.0234375,1379,0.0,0.0
2024-02-20 00:00:00+09:00,99360.77586206897,100050.78125,99102.02384159483,100050.78125,810,0.0,0.0
2024-02-21 00:00:00+09:00,100395.77744494818,100654.52944867229,99274.51876214378,99878.2734375,797,0.0,0.0
2024-02-22 00:00:00+09:00,99619.52434052102,99619.52434052102,98067.01227287653,98498.265625,1567,0.0,0.0
2024-02-26 00:00:00+09:00,99188.26695884147,99360.76829268293,98498.26162347561,99015.765625,1029,0.0,0.0
2024-02-27 00:00:00+09:00,99533.2734375,100223.2787992851,99102.02008638432,99533.2734375,943,0.0,0.0
2024-02-28 00:00:00+09:00,100050.77544295591,100309.52744841184,99360.77009507346,99792.0234375,1173,0.0,0.0
2024-02-29 00:00:00+09:00,99878.27611839255,99878.27611839255,98929.51874593804,99533.2734375,628,0.0,0.0
2024-03-01 00:00:00+09:00,99188.27681495632,99188.27681495632,98325.77006004367,98757.0234375,1293,0.0,0.0
2024-03-04 00:00:00+09:00,98498.26162347561,99964.52296112805,98498.26162347561,99015.765625,1201,0.0,0.0
2024-03-05 00:00:00+09:00,99102.02613946506,99274.5274904476,98325.77006004367,98757.0234375,630,0.0,0.0
2024-03-06 00:00:00+09:00,98757.01940567984,99274.5234375,98670.76873370982,99274.5234375,602,0.0,0.0
2024-03-07 00:00:00+09:00,99533.2696265244,99619.52029344512,98239.50962271342,99015.765625,936,0.0,0.0
2024-03-08 00:00:00+09:00,98757.01428999564,99619.52096501744,98153.25961748039,98929.515625,1096,0.0,0.0
2024-03-11 00:00:00+09:00,98843.2734375,99447.02816181282,98153.26803828534,98843.2734375,715,0.0,0.0
2024-03-12 00:00:00+09:00,98498.2714110262,98843.27411299126,97894.51668258733,98757.0234375,779,0.0,0.0
2024-03-13 00:00:00+09:00,99015.76514401934,99102.0158105211,97549.50381348944,98067.0078125,924,0.0,0.0
2024-03-14 00:00:00+09:00,97980.77039930555,99360.78125,97894.51972113714,99360.78125,927,0.0,0.0
2024-03-15 00:00:00+09:00,99792.02788833907,101085.78797332186,99533.27587134251,100223.28125,1076,0.0,0.0
2024-03-18 00:00:00+09:00,100913.28325835476,101085.78459725792,100223.27790274208,100654.53125,791,0.0,0.0
2024-03-19 00:00:00+09:00,100654.53410887437,102810.8009064081,100654.53410887437,102293.296875,1577,0.0,0.0
2024-03-21 00:00:00+09:00,102897.05612258031,104708.3203125,102120.80004118617,104708.3203125,1620,0.0,0.0
2024-03-22 00:00:00+09:00,104794.57338123977,105398.328125,104363.3199928396,105398.328125,2092,0.0,0.0
2024-03-25 00:00:00+09:00,105398.32609693878,105657.078125,104104.56595663266,105657.078125,1275,0.0,0.0
2024-03-26 00:00:00+09:00,105743.33083572013,105915.83219108019,105139.5760919599,105398.328125,825,0.0,0.0
2024-03-27 00:00:00+09:00,105915.82476682887,106347.078125,105225.81939375507,106347.078125,1764,0.0,0.0
2024-03-28 00:00:00+09:00,106433.32566527325,106433.32566527325,105312.06696701673,105743.3203125,1151,0.0,0.0
2024-03-29 00:00:00+09:00,105225.81806680161,106519.578125,105225.81806680161,106519.578125,636,0.0,0.0
2024-04-01 00:00:00+09:00,106950.83147773279,107295.83415991903,105743.32209008097,106519.578125,1302,0.0,0.0
2024-04-02 00:00:00+09:00,106519.57412117244,107123.32879230459,106002.07011734488,107037.078125,1472,0.0,0.0
2024-04-03 00:00:00+09:00,106864.56977809446,106950.82043973941,104363.30059039088,105915.8125,1551,0.0,0.0
2024-04-04 00:00:00+09:00,106347.07345010081,106950.828125,105570.81743951613,106950.828125,1149,0.0,0.0
2024-04-05 00:00:00+09:00,106347.078125,106950.83282643957,105484.57140865774,106347.078125,796,0.0,0.0
2024-04-08 00:00:00+09:00,105743.31988750001,107813.3359375,105570.81855000001,107813.3359375,1719,0.0,0.0
2024-04-09 00:00:00+09:00,107382.07861639131,108503.33726861067,106950.82528861465,108330.8359375,936,0.0,0.0
2024-04-10 00:00:00+09:00,108330.84577015165,108848.3498104549,106864.5843226257,108072.09375,1189,0.0,0.0
2024-04-11 00:00:00+09:00,107813.32798880745,109193.3385870642,107468.32533924327,108848.3359375,1204,0.0,0.0
2024-04-12 00:00:00+09:00,108934.59375,108934.59375,107985.83640142517,108934.59375,955,0.0,0.0
2024-04-15 00:00:00+09:00,108589.59195625,108762.09329375,107813.3359375,107813.3359375,613,0.0,0.0
2024-04-16 00:00:00+09:00,107899.58278486737,108417.0867790394,107295.828125,107295.828125,859,0.0,0.0
2024-04-17 00:00:00+09:00,107813.34038844622,108417.09509462152,106950.83366533865,108244.59375,1007,0.0,0.0
2024-04-18 00:00:00+09:00,107985.83905877681,108589.59375,107554.5857079031,108589.59375,634,0.0,0.0
2024-04-19 00:00:00+09:00,108244.59040178572,108934.59575892858,107554.58504464287,108675.84375,1221,0.0,0.0
2024-04-22 00:00:00+09:00,108675.84419256491,109710.8522324941,108503.34285257672,109624.6015625,1108,0.0,0.0
2024-04-23 00:00:00+09:00,109624.6039997068,111435.86810985145,109538.35332779515,110314.609375,1327,0.0,0.0
2024-04-24 00:00:00+09:00,110314.5983932783,110659.6010465802,109193.33977004717,109710.84375,794,0.0,0.0
2024-04-25 00:00:00+09:00,109365.85833167727,109624.61036243045,108503.3515625,108503.3515625,508,0.0,0.0
2024-04-26 00:00:00+09:00,108503.34551351618,109279.6015625,108072.09215296962,109279.6015625,553,0.0,0.0
2024-04-30 00:00:00+09:00,109624.60533721613,110400.86139389193,109193.35197239624,110142.109375,657,0.0,0.0
2024-05-01 00:00:00+09:00,110055.85668945312,110400.859375,109452.1019897461,110400.859375,832,0.0,0.0
2024-05-02 00:00:00+09:00,110659.60471172481,111608.36203972869,110400.85271317829,111263.359375,1126,0.0,0.0
2024-05-07 00:00:00+09:00,111177.1160941165,111349.6174379398,110055.85735926505,110314.609375,691,0.0,0.0
2024-05-08 00:00:00+09:00,110314.61371803132,110659.6164192605,108762.1015625,108762.1015625,626,0.0,0.0
2024-05-09 00:00:00+09:00,109365.85833167727,109365.85833167727,108158.3488548291,108503.3515625,578,0.0,0.0
2024-05-10 00:00:00+09:00,108589.59846745207,108675.84914137381,107123.33701078275,107985.84375,1055,0.0,0.0
2024-05-13 00:00:00+09:00,107985.84750099365,108503.3515625,107209.59140873411,108503.3515625,767,0.0,0.0
2024-05-14 00:00:00+09:00,108589.59128322343,108589.59128322343,107899.5859375,107899.5859375,284,0.0,0.0
2024-05-15 00:00:00+09:00,107813.3359375,107985.837275,107209.58125625,107813.3359375,413,0.0,0.0
2024-05-16 00:00:00+09:00,108072.09375,108417.09644353553,107382.08836292897,108072.09375,385,0.0,0.0
2024-05-17 00:00:00+09:00,108072.0890625,108675.84375,107899.5877232143,108675.84375,398,0.0,0.0
2024-05-20 00:00:00+09:00,108675.84195143885,108934.59395608514,107382.08192820744,107899.5859375,563,0.0,0.0
2024-05-21 00:00:00+09:00,107813.3359375,108244.58928125001,107295.831925,107813.3359375,499,0.0,0.0
2024-05-22 00:00:00+09:00,107813.3461471582,108503.3515625,106950.83937798093,108503.3515625,748,0.0,0.0
2024-05-23 00:00:00+09:00,108072.09063377809,108072.09063377809,106519.57855763444,107468.3359375,609,0.0,0.0
2024-05-24 00:00:00+09:00,106519.57545147296,106864.578125,106174.57277794593,106864.578125,412,0.0,0.0
2024-05-27 00:00:00+09:00,106864.57698713386,106864.57698713386,106002.0703125,106002.0703125,342,0.0,0.0
2024-05-28 00:00:00+09:00,106778.32413082798,107295.828125,106088.31880526528,107295.828125,551,0.0,0.0
2024-05-29 00:00:00+09:00,107295.83032445077,107468.33165937754,105484.5663077197,106002.0703125,668,0.0,0.0
2024-05-30 00:00:00+09:00,106002.07231978998,106002.07231978998,104794.5629524368,105743.3203125,613,0.0,0.0
2024-05-31 00:00:00+09:00,105398.3151683087,105829.56850369458,104967.06183292283,105053.3125,626,0.0,0.0
2024-06-03 00:00:00+09:00,105139.57233629728,105915.82840768914,104880.8203125,104880.8203125,692,0.0,0.0
2024-06-04 00:00:00+09:00,105484.57258899006,105484.57258899006,104190.8125,104190.8125,946,0.0,0.0
2024-06-05 00:00:00+09:00,104363.31071763115,105053.31607774772,103587.0546875,103587.0546875,707,0.0,0.0
2024-06-06 00:00:00+09:00,103673.30535751458,103845.80669754373,102897.04932738344,103587.0546875,652,0.0,0.0
2024-06-07 00:00:00+09:00,103500.8080543933,103932.06142128662,103069.5546875,103069.5546875,540,0.0,0.0
2024-06-10 00:00:00+09:00,103500.81317764803,104018.31724353628,103328.31182235196,103414.5625,732,0.0,0.0
2024-06-11 00:00:00+09:00,103845.8060264143,104277.05937370007,103587.05401804284,103673.3046875,341,0.0,0.0
2024-06-12 00:00:00+09:00,103673.2990338037,104104.5523575716,102379.5390625,102379.5390625,978,0.0,0.0
2024-06-13 00:00:00+09:00,102983.30632944916,102983.30632944916,101775.796875,101775.796875,779,0.0,0.0
2024-06-14 00:00:00+09:00,101344.53616971034,103069.54955132242,101344.53616971034,102724.546875,841,0.0,0.0
2024-06-17 00:00:00+09:00,102810.79372362868,102983.29505537974,102034.53773074894,102207.0390625,644,0.0,0.0
2024-06-18 00:00:00+09:00,102293.28839774642,103242.0457100358,102293.28839774642,102379.5390625,610,0.0,0.0
2024-06-19 00:00:00+09:00,102810.7915625,103587.0475390625,102465.78890625,103500.796875,839,0.0,0.0
2024-06-20 00:00:00+09:00,103587.05805157818,104449.56477973453,103155.8046875,103155.8046875,643,0.0,0.0
2024-06-21 00:00:00+09:00,103587.05980290457,104190.81452282157,103500.8091286307,103932.0625,329,0.0,0.0
2024-06-24 00:00:00+09:00,104190.80218750001,104449.5541796875,103328.295546875,103500.796875,539,0.0,0.0
2024-06-25 00:00:00+09:00,103673.31125203749,105829.578125,103673.31125203749,105829.578125,598,0.0,0.0
2024-06-26 00:00:00+09:00,106002.0754384631,106433.32879663422,105398.32073702352,106347.078125,596,0.0,0.0
2024-06-27 00:00:00+09:00,106433.3328494295,106433.3328494295,105312.07407548898,105829.578125,717,0.0,0.0
2024-06-28 00:00:00+09:00,106692.08692044526,106692.08692044526,105398.32677185457,105570.828125,453,0.0,0.0
2024-07-01 00:00:00+09:00,106433.32656636438,106433.32656636438,104535.81183017313,104622.0625,1123,0.0,0.0
2024-07-02 00:00:00+09:00,105053.3125,105829.56850369458,104794.56049876848,105053.3125,682,0.0,0.0
2024-07-03 00:00:00+09:00,104794.55868098636,105053.31067772953,104277.0546875,104277.0546875,877,0.0,0.0
2024-07-04 00:00:00+09:00,104449.55783045977,105139.56316707718,104449.55783045977,105053.3125,285,0.0,0.0
2024-07-05 00:00:00+09:00,104880.81450948062,105053.31584913438,104363.31049051938,104622.0625,609,0.0,0.0
2024-07-08 00:00:00+09:00,104622.05850082035,105484.56516611978,104535.8078342904,105139.5625,961,0.0,0.0
2024-07-09 00:00:00+09:00,105225.82436676277,105225.82436676277,104449.56828536862,104708.3203125,560,0.0,0.0
2024-07-10 00:00:00+09:00,104794.55917008196,105312.0631659836,104794.55917008196,105225.8125,473,0.0,0.0
2024-07-11 00:00:00+09:00,105053.32406556372,105743.32947814542,105053.32406556372,105570.828125,583,0.0,0.0
2024-07-12 00:00:00+09:00,105312.06873734818,107037.08214827935,105225.81806680161,106519.578125,1098,0.0,0.0
2024-07-16 00:00:00+09:00,106864.58080718624,106950.83147773279,106347.07678390689,106519.578125,340,0.0,0.0
2024-07-17 00:00:00+09:00,106519.57678607518,106778.32879446242,106088.32343876314,106692.078125,720,0.0,0.0
2024-07-18 00:00:00+09:00,106950.828125,107382.08146421371,106605.82545362903,106950.828125,535,0.0,0.0
2024-07-19 00:00:00+09:00,107295.83235623981,107295.83235623981,105657.06964340335,105743.3203125,839,0.0,0.0
2024-07-22 00:00:00+09:00,105657.0691872428,105915.82119341563,104622.06116255144,104794.5625,791,0.0,0.0
2024-07-23 00:00:00+09:00,105743.32842102554,105829.57909673601,104535.81896107909,104708.3203125,906,0.0,0.0
2024-07-24 00:00:00+09:00,104363.31115924093,105657.071214934,104363.31115924093,104535.8125,743,0.0,0.0
2024-07-25 00:00:00+09:00,104535.80601756199,104708.30734762397,103759.55003228306,104363.3046875,683,0.0,0.0
2024-07-26 00:00:00+09:00,104363.31071763115,104363.31071763115,103414.55334747086,103587.0546875,1094,0.0,0.0
2024-07-29 00:00:00+09:00,104535.8178986711,104535.8178986711,102983.30575166113,103845.8125,4310,0.0,0.0
2024-07-30 00:00:00+09:00,103705.7569562447,105389.86753929482,103173.93256159729,104326.21875,6183,3242.0,0.0
2024-07-31 00:00:00+09:00,103883.0372839376,105123.9609375,103705.76247628583,105123.9609375,1060,0.0,0.0
2024-08-01 00:00:00+09:00,104503.50228365386,105035.3267227564,102819.39155982906,103705.765625,1785,0.0,0.0
2024-08-02 00:00:00+09:00,102730.7513707325,103439.85060366249,101933.01473368626,102553.4765625,1623,0.0,0.0
2024-08-05 00:00:00+09:00,100337.5412522604,101578.4649073237,98032.96875,98032.96875,3980,0.0,0.0
2024-08-06 00:00:00+09:00,99007.98256520777,102908.0284316976,99007.98256520777,100248.90625,2272,0.0,0.0
2024-08-07 00:00:00+09:00,100160.27520380434,104414.87096467392,100160.27520380434,101933.0234375,1370,0.0,0.0
2024-08-08 00:00:00+09:00,102287.56113483995,103883.03435878026,101933.01152951989,102464.8359375,646,0.0,0.0
2024-08-09 00:00:00+09:00,102642.11299858325,103262.57482154533,101489.8267559394,101667.1015625,1049,0.0,0.0
2024-08-13 00:00:00+09:00,101755.74583689154,104326.23070559351,101755.74583689154,103794.40625,699,0.0,0.0
2024-08-14 00:00:00+09:00,103883.03311170213,104148.9453125,102642.10950797872,104148.9453125,701,0.0,0.0
2024-08-15 00:00:00+09:00,105478.51331165398,105478.51331165398,104148.95221949028,104769.4140625,1036,0.0,0.0
2024-08-16 00:00:00+09:00,105035.31994047618,106098.96875,104680.77033730158,106098.96875,705,0.0,0.0
2024-08-19 00:00:00+09:00,105301.23622481109,105655.78584172964,104503.49958674434,105567.1484375,563,0.0,0.0
2024-08-20 00:00:00+09:00,105212.5951147152,105478.50731803797,104680.77070806963,105035.3203125,316,0.0,0.0
2024-08-21 00:00:00+09:00,105035.32353367412,106098.97237958474,104858.04872602235,105123.9609375,517,0.0,0.0
2024-08-22 00:00:00+09:00,105123.95635004214,105744.41814974727,104326.21975042124,105212.59375,417,0.0,0.0
2024-08-23 00:00:00+09:00,105212.60385721757,106276.25275889122,105212.60385721757,105921.703125,603,0.0,0.0
2024-08-26 00:00:00+09:00,105744.4196391431,106630.79365120633,105655.78223793677,106542.15625,308,0.0,0.0
2024-08-27 00:00:00+09:00,106542.16042353668,107517.171875,106098.97340014427,107517.171875,592,0.0,0.0
2024-08-28 00:00:00+09:00,107517.16914030403,107960.35615242399,107162.61953060805,107871.71875,797,0.0,0.0
2024-08-29 00:00:00+09:00,107517.171875,108137.63370774938,107073.98485160759,107517.171875,557,0.0,0.0
2024-08-30 00:00:00+09:00,107251.26008274354,107339.8974877706,106364.88603247293,106453.5234375,432,0.0,0.0
2024-09-02 00:00:00+09:00,107428.53628023353,107694.44849874896,105921.70037531276,106276.25,356,0.0,0.0
2024-09-03 00:00:00+09:00,106098.96962316176,106098.96962316176,105478.5078125,105478.5078125,170,0.0,0.0
2024-09-04 00:00:00+09:00,105301.244958826,105833.06942831504,104680.78307775549,104946.6953125,581,0.0,0.0
2024-09-05 00:00:00+09:00,104592.12855538922,105833.05211452095,103528.47979041917,103617.1171875,600,0.0,0.0
2024-09-06 00:00:00+09:00,104326.22838967112,104326.22838967112,102908.02987290414,103085.3046875,651,0.0,0.0
2024-09-09 00:00:00+09:00,102287.56619073276,103617.12727640086,102110.29137931035,102819.390625,429,0.0,0.0
2024-09-10 00:00:00+09:00,103617.1195571368,104680.7683464316,103439.844758921,104326.21875,530,0.0,0.0
2024-09-11 00:00:00+09:00,104326.23070559351,104326.23070559351,102908.03215734415,103794.40625,598,0.0,0.0
2024-09-12 00:00:00+09:00,103883.04227941176,104326.22931985294,103528.49264705883,103971.6796875,231,0.0,0.0
2024-09-13 00:00:00+09:00,105744.42692002119,105744.42692002119,103439.85432997881,104592.140625,1058,0.0,0.0
2024-09-17 00:00:00+09:00,104680.7726465249,106808.0703125,104680.7726465249,106808.0703125,655,0.0,0.0
2024-09-18 00:00:00+09:00,107073.98300619834,107428.53261880165,106276.2463778409,107251.2578125,559,0.0,0.0
2024-09-19 00:00:00+09:00,107428.53173788004,108048.99355484798,107251.25693303205,107871.71875,608,0.0,0.0
2024-09-20 00:00:00+09:00,107871.72427482667,108758.09834446371,107871.72427482667,108669.4609375,1289,0.0,0.0
2024-09-24 00:00:00+09:00,108403.53719262296,108846.72418032787,107783.07540983606,108137.625,572,0.0,0.0
2024-09-25 00:00:00+09:00,108137.62736665309,108846.7265625,107694.44036924877,108846.7265625,547,0.0,0.0
2024-09-26 00:00:00+09:00,108492.18066247973,109378.5546875,108403.54325997771,109378.5546875,661,0.0,0.0
2024-09-27 00:00:00+09:00,109024.01012217285,109821.74678160339,108758.09790236267,109733.109375,503,0.0,0.0
2024-09-30 00:00:00+09:00,109289.91355990431,109289.91355990431,108048.98996717222,108846.7265625,422,0.0,0.0
2024-10-01 00:00:00+09:00,108846.72879922068,108846.72879922068,107517.16777968622,108048.9921875,276,0.0,0.0
2024-10-02 00:00:00+09:00,107605.81203473946,108137.6364764268,106719.43796526054,107162.625,296,0.0,0.0
2024-10-03 00:00:00+09:00,107251.26103168869,107428.53584331131,106719.43659682081,107339.8984375,531,0.0,0.0
2024-10-04 00:00:00+09:00,107517.16766326955,107517.16766326955,106542.15625,106542.15625,397,0.0,0.0
2024-10-07 00:00:00+09:00,106630.80378379086,106719.44119341995,105301.24263935458,105744.4296875,389,0.0,0.0
2024-10-08 00:00:00+09:00,105212.5951147152,106542.15613132912,105035.3203125,105035.3203125,615,0.0,0.0
2024-10-09 00:00:00+09:00,105035.32401212218,105655.78584172964,105035.32401212218,105567.1484375,255,0.0,0.0
2024-10-10 00:00:00+09:00,105567.14658301767,105567.14658301767,104858.0473616372,105301.234375,381,0.0,0.0
2024-10-11 00:00:00+09:00,105035.3203125,105301.23251582279,104503.49590585443,105035.3203125,293,0.0,0.0
2024-10-15 00:00:00+09:00,105035.32353367412,105567.14795662943,104858.04872602235,105123.9609375,312,0.0,0.0
2024-10-16 00:00:00+09:00,104946.68516156463,104946.68516156463,104237.5859375,104237.5859375,251,0.0,0.0
2024-10-17 00:00:00+09:00,104503.49115830837,105035.31554079341,103085.29280501496,103617.1171875,552,0.0,0.0
2024-10-18 00:00:00+09:00,103883.03311170213,104592.13231382979,103705.75831117021,104148.9453125,359,0.0,0.0
2024-10-21 00:00:00+09:00,104237.58271276596,104503.49491356383,103351.20871010638,104148.9453125,241,0.0,0.0
2024-10-22 00:00:00+09:00,103794.3955769646,103794.3955769646,102642.109375,102642.109375,650,0.0,0.0
2024-10-23 00:00:00+09:00,102908.0180108533,103794.39198166167,102642.10581961078,103617.1171875,493,0.0,0.0
2024-10-24 00:00:00+09:00,103439.85477302346,103617.1295884014,102021.65625,102021.65625,420,0.0,0.0
2024-10-25 00:00:00+09:00,102110.28954191876,102908.026178965,102110.28954191876,102553.4765625,280,0.0,0.0
2024-10-28 00:00:00+09:00,103085.30514902611,103528.4921875,102287.56847977311,103528.4921875,394,0.0,0.0
2024-10-29 00:00:00+09:00,103173.94118589743,104148.95265758547,102642.11674679487,103705.765625,459,0.0,0.0
2024-10-30 00:00:00+09:00,103439.85293723176,104414.86440450643,103262.578125,103262.578125,311,0.0,0.0
2024-10-31 00:00:00+09:00,103439.85246497845,104148.9517106681,102819.390625,102819.390625,385,0.0,0.0
2024-11-01 00:00:00+09:00,102996.66543642241,103262.57765355603,102819.390625,102819.390625,221,0.0,0.0
2024-11-05 00:00:00+09:00,102819.39198071866,102908.0293875986,101135.28125,101135.28125,517,0.0,0.0
2024-11-06 00:00:00+09:00,101135.27850709607,102021.65255185589,101135.27850709607,101489.828125,974,0.0,0.0
2024-11-07 00:00:00+09:00,101401.19717920353,101578.4719994469,100160.2734375,100160.2734375,930,0.0,0.0
2024-11-08 00:00:00+09:00,99982.98573490231,100603.44752581038,98564.78735568383,99805.7109375,895,0.0,0.0
2024-11-11 00:00:00+09:00,99894.35069444444,100514.8125,99096.61408730158,100514.8125,709,0.0,0.0
2024-11-12 00:00:00+09:00,100160.26289682538,101046.6369047619,100160.26289682538,100514.8125,443,0.0,0.0
2024-11-13 00:00:00+09:00,100603.46048810841,100692.09789823009,99805.72379701327,100160.2734375,475,0.0,0.0
2024-11-14 00:00:00+09:00,100514.822625,100780.73485416667,99539.81111805556,99717.0859375,482,0.0,0.0
2024-11-15 00:00:00+09:00,100071.63602737832,100603.46048810841,99805.72379701327,100160.2734375,446,0.0,0.0
2024-11-18 00:00:00+09:00,100603.45818014706,100958.0078125,100248.90854779411,100958.0078125,334,0.0,0.0
2024-11-19 00:00:00+09:00,100426.18611646476,101223.92281112334,100426.18611646476,100603.4609375,350,0.0,0.0
2024-11-20 00:00:00+09:00,100603.44990079364,101667.09871031746,100514.8125,100514.8125,694,0.0,0.0
2024-11-21 00:00:00+09:00,101046.6369047619,101223.9117063492,100514.8125,100514.8125,437,0.0,0.0
2024-11-22 00:00:00+09:00,100869.35972191385,101046.63451931615,99805.7109375,99805.7109375,922,0.0,0.0
2024-11-25 00:00:00+09:00,100248.90391946795,100780.7283434439,99539.8046875,99539.8046875,1456,0.0,0.0
2024-11-26 00:00:00+09:00,100337.53447705208,100692.08406884377,99539.79789552074,100426.171875,597,0.0,0.0
2024-11-27 00:00:00+09:00,100337.54595588235,100958.0078125,99982.99632352941,100958.0078125,285,0.0,0.0
2024-11-28 00:00:00+09:00,101046.63653468587,101578.4609375,100514.81213187173,101578.4609375,498,0.0,0.0
2024-11-29 00:00:00+09:00,101578.45856217048,101755.7333589631,100869.359375,100869.359375,334,0.0,0.0
2024-12-02 00:00:00+09:00,100958.0054984527,101223.91771662245,100248.90625,100248.90625,414,0.0,0.0
2024-12-03 00:00:00+09:00,100248.90214792216,100780.7265625,99451.16552605541,100780.7265625,542,0.0,0.0
2024-12-04 00:00:00+09:00,100426.18336397059,100426.18336397059,99273.89705882352,99451.171875,724,0.0,0.0
2024-12-05 00:00:00+09:00,99273.89199463328,99717.07901246646,98830.70497680009,99096.6171875,1055,0.0,0.0
2024-12-06 00:00:00+09:00,98919.34650404676,99007.98391130846,98210.24724595324,98564.796875,1149,0.0,0.0
2024-12-09 00:00:00+09:00,98564.80286293958,98742.07768823265,98032.97838706042,98298.890625,1218,0.0,0.0
2024-12-10 00:00:00+09:00,97767.05605699365,97944.33086398728,96880.68202202543,97589.78125,1629,0.0,0.0
2024-12-11 00:00:00+09:00,97501.140625,97855.69022727273,97146.59102272728,97501.140625,858,0.0,0.0
2024-12-12 00:00:00+09:00,97146.59512111518,97501.14473834552,96880.68290819242,96969.3203125,1208,0.0,0.0
2024-12-13 00:00:00+09:00,96437.50409463148,97855.70268425842,96437.50409463148,97412.515625,1724,0.0,0.0
2024-12-16 00:00:00+09:00,97146.59375,97412.5059591697,96614.76933166059,97146.59375,697,0.0,0.0
2024-12-17 00:00:00+09:00,97057.953125,97678.4149257991,96614.76612442922,97057.953125,1335,0.0,0.0
2024-12-18 00:00:00+09:00,97235.23342628794,97501.14564167433,96260.2219698712,96348.859375,1263,0.0,0.0
2024-12-19 00:00:00+09:00,95905.67002143188,96437.49443929564,95462.48300654542,95639.7578125,2157,0.0,0.0
2024-12-20 00:00:00+09:00,95551.11953268877,96614.76835865561,95551.11953268877,96260.21875,971,0.0,0.0
2024-12-23 00:00:00+09:00,96260.21602637615,96792.04042431193,95994.30382740825,96614.765625,959,0.0,0.0
2024-12-24 00:00:00+09:00,96614.76933166059,98121.60518362226,96614.76933166059,97146.59375,1536,0.0,0.0
2024-12-25 00:00:00+09:00,97146.59696900638,97235.234375,96526.13512705105,97235.234375,981,0.0,0.0
2024-12-26 00:00:00+09:00,97235.23171260062,99096.6171875,97235.23171260062,99096.6171875,2101,0.0,0.0
2024-12-27 00:00:00+09:00,100071.62959192155,100248.90440076463,99185.25554770611,99982.9921875,1108,0.0,0.0
2024-12-30 00:00:00+09:00,100426.18521527779,100958.00967361112,99717.0859375,99717.0859375,941,0.0,0.0
2025-01-06 00:00:00+09:00,99805.7242428414,101401.19763215858,99805.7242428414,100603.4609375,1334,0.0,0.0
2025-01-07 00:00:00+09:00,101135.28031056587,101135.28031056587,100160.26884394341,100248.90625,999,0.0,0.0
2025-01-08 00:00:00+09:00,100869.36947796722,100958.00688524137,100071.6328125,100071.6328125,849,0.0,0.0
2025-01-09 00:00:00+09:00,100071.62636562777,100160.26376719166,99096.61494842502,99894.3515625,1018,0.0,0.0
2025-01-10 00:00:00+09:00,99894.35568131134,99894.35568131134,99096.61903434434,99362.53125,947,0.0,0.0
2025-01-14 00:00:00+09:00,99982.99122316636,99982.99122316636,98919.34238036672,99096.6171875,1367,0.0,0.0
2025-01-15 00:00:00+09:00,99185.2564395629,99539.80606043711,98830.70681868868,99362.53125,1172,0.0,0.0
2025-01-16 00:00:00+09:00,99451.16680176655,99451.16680176655,98742.06757323345,99096.6171875,683,0.0,0.0
2025-01-17 00:00:00+09:00,98919.34422390723,99539.80606043711,98742.06941347012,99362.53125,822,0.0,0.0
2025-01-20 00:00:00+09:00,99451.16680176655,99539.80420533319,99007.97978393336,99096.6171875,687,0.0,0.0
2025-01-21 00:00:00+09:00,99273.89247551202,99717.07949549198,99273.89247551202,99539.8046875,326,0.0,0.0
2025-01-22 00:00:00+09:00,99717.08638689159,100160.2734375,99628.44897676991,100160.2734375,500,0.0,0.0
2025-01-23 00:00:00+09:00,100160.26053230462,100160.26053230462,99717.07353879884,99805.7109375,366,0.0,0.0
2025-01-24 00:00:00+09:00,100160.26069006999,101401.18427384076,99894.34849354767,101312.546875,642,0.0,0.0
2025-01-27 00:00:00+09:00,101578.46327989601,102464.837305026,101489.82587738302,102287.5625,1215,0.0,0.0
2025-01-28 00:00:00+09:00,102464.83494219022,102908.02194453534,101578.4609375,101578.4609375,1587,0.0,0.0
2025-01-29 00:00:00+09:00,101933.01930147059,101933.01930147059,100958.0078125,100958.0078125,5206,0.0,0.0
2025-01-30 00:00:00+09:00,102305.6180929919,102305.6180929919,101299.9328391734,101757.0625,2305,3474.0,0.0
2025-01-31 00:00:00+09:00,101757.06189850044,102579.89528312444,101391.3581720009,102122.765625,1286,0.0,0.0
2025-02-03 00:00:00+09:00,102397.0487364621,102397.0487364621,101208.51156362816,101299.9375,870,0.0,0.0
2025-02-04 00:00:00+09:00,102305.61748824977,102305.61748824977,101482.78410362577,102122.765625,625,0.0,0.0
2025-02-05 00:00:00+09:00,102214.1921608266,102305.6180929919,101665.63656783468,101757.0625,717,0.0,0.0
2025-02-06 00:00:00+09:00,102305.61779007848,102397.0437219731,101665.63626681615,101939.9140625,881,0.0,0.0
2025-02-07 00:00:00+09:00,102122.76186575941,102214.18779401883,101848.48408098119,102031.3359375,642,0.0,0.0
2025-02-10 00:00:00+09:00,102214.20064528854,102305.62658504283,101117.08936823715,101391.3671875,1150,0.0,0.0
2025-02-12 00:00:00+09:00,101482.78875337231,101848.4924966277,101482.78875337231,101665.640625,340,0.0,0.0
2025-02-13 00:00:00+09:00,101757.06130129349,102579.89468108832,101757.06130129349,102488.46875,680,0.0,0.0
2025-02-14 00:00:00+09:00,102214.19750608946,103494.16062333924,102214.19750608946,103219.8828125,964,0.0,0.0
2025-02-17 00:00:00+09:00,103037.03093860717,103494.16062333924,102945.60500166076,103219.8828125,617,0.0,0.0
2025-02-18 00:00:00+09:00,103219.88655973451,103494.16438053097,103128.46061946903,103311.3125,531,0.0,0.0
2025-02-19 00:00:00+09:00,103219.87784716109,104042.71124009683,103219.87784716109,103859.859375,647,0.0,0.0
2025-02-20 00:00:00+09:00,103859.85967813051,103859.85967813051,103128.45221560846,103677.0078125,280,0.0,0.0
2025-02-21 00:00:00+09:00,103311.3125,103585.59032079646,103219.88655973451,103311.3125,451,0.0,0.0
2025-02-25 00:00:00+09:00,103311.3072047849,104408.41843173836,103311.3072047849,104134.140625,1041,0.0,0.0
2025-02-26 00:00:00+09:00,104225.5613022648,104956.96875,103311.3019925958,104956.96875,1392,0.0,0.0
2025-02-27 00:00:00+09:00,104956.97439759035,106236.9375,104591.27065404475,106236.9375,1173,0.0,0.0
2025-02-28 00:00:00+09:00,106236.93527367507,106419.78714161599,105231.25,105231.25,702,0.0,0.0
2025-03-03 00:00:00+09:00,105596.9490700692,106419.78243944637,105048.39349048442,105688.375,784,0.0,0.0
2025-03-04 00:00:00+09:00,105048.40376233553,105505.53345668859,104225.5703125,104225.5703125,716,0.0,0.0
2025-03-05 00:00:00+09:00,104774.11900628306,104774.11900628306,103402.73001405424,103677.0078125,539,0.0,0.0
2025-03-06 00:00:00+09:00,103676.9994233304,104225.55497583479,103585.573497913,104042.703125,334,0.0,0.0
2025-03-07 00:00:00+09:00,104042.71624501771,104225.56811891054,103037.03093860717,103219.8828125,1042,0.0,0.0
2025-03-10 00:00:00+09:00,103219.8834375,103951.2909375,102854.1796875,102854.1796875,344,0.0,0.0
2025-03-11 00:00:00+09:00,102854.16929183468,103311.29893313172,101939.9100092406,102031.3359375,515,0.0,0.0
2025-03-12 00:00:00+09:00,102031.34283088236,102854.17624080883,102031.34283088236,102579.8984375,353,0.0,0.0
2025-03-13 00:00:00+09:00,102579.90125387511,103859.86437112489,102579.90125387511,103219.8828125,791,0.0,0.0
2025-03-14 00:00:00+09:00,104134.1290504174,104408.4068266696,103311.2957216608,104042.703125,850,0.0,0.0
2025-03-17 00:00:00+09:00,104316.9881307465,104591.265926007,103951.2844037325,104408.4140625,293,0.0,0.0
2025-03-18 00:00:00+09:00,104774.1240641276,105322.6796875,104499.8462524414,105322.6796875,763,0.0,0.0
2025-03-19 00:00:00+09:00,105322.68,105322.68,104042.716875,105139.828125,601,0.0,0.0
2025-03-21 00:00:00+09:00,105231.24969508889,105505.52749620554,104682.69409285559,105414.1015625,404,0.0,0.0
2025-03-24 00:00:00+09:00,105414.09840483448,105871.22805966898,104865.5428190331,104956.96875,512,0.0,0.0
2025-03-25 00:00:00+09:00,105139.82061193378,105505.52433580138,104774.1168880662,104956.96875,507,0.0,0.0
2025-03-26 00:00:00+09:00,105322.66695427091,105962.6484375,104774.11139721742,105962.6484375,431,0.0,0.0
2025-03-27 00:00:00+09:00,106054.0847067637,107151.19592786815,105962.65877167166,106785.4921875,1041,0.0,0.0
2025-03-28 00:00:00+09:00,107151.19470131803,107516.8984375,106236.93536086309,107516.8984375,487,0.0,0.0
2025-03-31 00:00:00+09:00,106054.08022469458,106419.78394960733,104774.1171875,104774.1171875,557,0.0,0.0
2025-04-01 00:00:00+09:00,104865.537323393,105962.6484375,104865.537323393,105962.6484375,461,0.0,0.0
2025-04-02 00:00:00+09:00,105688.375,105871.22685986159,104499.83791089965,105688.375,641,0.0,0.0
2025-04-03 00:00:00+09:00,105048.39905158296,105048.39905158296,103859.86189956332,104682.6953125,807,0.0,0.0
2025-04-04 00:00:00+09:00,103768.42939204046,104499.83682387864,102854.17010224274,103951.28125,916,0.0,0.0
2025-04-07 00:00:00+09:00,100568.51793127306,101848.48088676199,98739.99942343173,99105.703125,1813,0.0,0.0
2025-04-08 00:00:00+09:00,100751.37294186828,102945.5952200941,100751.37294186828,102031.3359375,852,0.0,0.0
2025-04-09 00:00:00+09:00,101208.51312756147,101208.51312756147,99745.69812300774,100385.6796875,917,0.0,0.0
2025-04-10 00:00:00+09:00,101939.91750754695,102945.60279237478,101482.78783262522,102214.1953125,1677,0.0,0.0
2025-04-11 00:00:00+09:00,101299.9328391734,102031.34029649595,100659.95131401617,101757.0625,868,0.0,0.0
2025-04-14 00:00:00+09:00,102945.6065683646,103951.29189008042,102305.625,102305.625,774,0.0,0.0
2025-04-15 00:00:00+09:00,102214.19592964542,102945.60341393626,101574.21438089093,101848.4921875,709,0.0,0.0
2025-04-16 00:00:00+09:00,102122.76785516401,103128.453125,102122.76785516401,103128.453125,354,0.0,0.0
2025-04-17 00:00:00+09:00,103219.8752980812,103494.15308895298,102488.46785575643,103037.0234375,628,0.0,0.0
2025-04-18 00:00:00+09:00,103037.01967695382,103951.278946492,102854.16782304618,102945.59375,550,0.0,0.0
2025-04-21 00:00:00+09:00,103402.73215680804,103402.73215680804,102305.62094029019,102397.046875,482,0.0,0.0
2025-04-22 00:00:00+09:00,102214.19500558036,103311.30622209822,102214.19500558036,102397.046875,926,0.0,0.0
2025-04-23 00:00:00+09:00,103037.02719137855,103128.453125,102305.61972240692,103128.453125,420,0.0,0.0
2025-04-24 00:00:00+09:00,103494.15459937332,103494.15459937332,102122.765625,102122.765625,649,0.0,0.0
2025-04-25 00:00:00+09:00,102671.3203125,102671.3203125,102122.76472757124,102671.3203125,376,0.0,0.0
2025-04-28 00:00:00+09:00,102671.32719082152,103219.8828125,102488.4753169287,103219.8828125,532,0.0,0.0
2025-04-30 00:00:00+09:00,102854.1796875,103219.8834375,102579.901875,102854.1796875,335,0.0,0.0
2025-05-01 00:00:00+09:00,103128.45101795097,104408.4140625,102854.17322269046,104408.4140625,664,0.0,0.0
2025-05-02 00:00:00+09:00,104134.1428125,105139.828125,103768.4390625,105139.828125,800,0.0,0.0
2025-05-07 00:00:00+09:00,105048.39998079455,105139.82591637401,104134.140625,104134.140625,585,0.0,0.0
2025-05-08 00:00:00+09:00,104134.14186836871,104134.14186836871,103402.734375,103402.734375,514,0.0,0.0
2025-05-09 00:00:00+09:00,103677.00972646034,104865.546875,103585.58379195728,104865.546875,646,0.0,0.0
2025-05-12 00:00:00+09:00,104956.97189397224,105414.1015625,104316.99035803339,105414.1015625,357,0.0,0.0
2025-05-13 00:00:00+09:00,105505.52934651622,105505.52934651622,104225.56625219107,104316.9921875,542,0.0,0.0
2025-05-14 00:00:00+09:00,104225.56563864628,104682.6953125,104042.7137691048,104682.6953125,347,0.0,0.0
2025-05-15 00:00:00+09:00,104682.69185776051,104682.69185776051,104042.710335486,104408.4140625,359,0.0,0.0
2025-05-16 00:00:00+09:00,104682.6912562718,104774.1171875,104225.56160013088,104774.1171875,278,0.0,0.0
2025-05-19 00:00:00+09:00,104774.11372211286,104774.11372211286,103494.15072725284,104499.8359375,894,0.0,0.0
2025-05-20 00:00:00+09:00,104225.56310519365,104225.56310519365,103494.15564480633,103859.859375,465,0.0,0.0
2025-05-21 00:00:00+09:00,104042.71468942055,104225.56656057946,103585.58501152326,104134.140625,390,0.0,0.0
2025-05-22 00:00:00+09:00,104134.13747657627,104134.13747657627,103494.15594686949,103677.0078125,384,0.0,0.0
2025-05-23 00:00:00+09:00,103494.16280153509,104225.5703125,103494.16280153509,104225.5703125,315,0.0,0.0
2025-05-26 00:00:00+09:00,104134.140625,104682.69623847674,103768.43688268217,104134.140625,386,0.0,0.0
2025-05-27 00:00:00+09:00,104682.6909570993,104956.96875,104134.1353712979,104956.96875,318,0.0,0.0
2025-05-28 00:00:00+09:00,105139.82781304253,105322.6796875,104774.1240641276,105322.6796875,724,0.0,0.0
2025-05-29 00:00:00+09:00,104956.97159090909,105596.953125,104774.11972402596,105596.953125,590,0.0,0.0
2025-05-30 00:00:00+09:00,105596.94473279767,105962.6484375,104865.537323393,105962.6484375,632,0.0,0.0
2025-06-02 00:00:00+09:00,105779.80499188311,105779.80499188311,105139.8234577922,105596.953125,468,0.0,0.0
2025-06-03 00:00:00+09:00,105414.09691412997,105871.2265625,104956.96726575993,105871.2265625,252,0.0,0.0
2025-06-04 00:00:00+09:00,105688.37997715405,105779.80591139034,104316.99096360966,105048.3984375,439,0.0,0.0
2025-06-05 00:00:00+09:00,105048.39319543394,105871.2265625,104774.11540641192,105871.2265625,505,0.0,0.0
2025-06-06 00:00:00+09:00,105871.22941255364,106511.2109375,105688.37754828326,106511.2109375,458,0.0,0.0
2025-06-09 00:00:00+09:00,106511.21245941558,106511.21245941558,105596.953125,105596.953125,753,0.0,0.0
2025-06-10 00:00:00+09:00,105688.37905844155,106145.50872564934,105596.953125,105596.953125,338,0.0,0.0
2025-06-11 00:00:00+09:00,105596.9433008982,106968.33217493583,105505.51737596236,106876.90625,737,0.0,0.0
2025-06-12 00:00:00+09:00,106968.33909574468,107425.46875,106602.63537234043,107425.46875,957,0.0,0.0
2025-06-13 00:00:00+09:00,106876.91689918154,107608.32437154549,106694.06503109056,107516.8984375,1336,0.0,0.0
2025-06-16 00:00:00+09:00,107516.89752538071,108431.15685807953,107151.19379230119,108065.453125,532,0.0,0.0
2025-06-17 00:00:00+09:00,108156.88157929262,109162.56686870278,107516.90003148615,108888.2890625,397,0.0,0.0
2025-06-18 00:00:00+09:00,109253.98813100961,109619.69185697116,108888.28440504808,109345.4140625,722,0.0,0.0
2025-06-19 00:00:00+09:00,109345.41569467382,110716.8046875,109071.13789610859,110716.8046875,591,0.0,0.0
2025-06-20 00:00:00+09:00,110351.10035365226,111082.5078125,109071.13730066872,111082.5078125,1718,0.0,0.0
2025-06-23 00:00:00+09:00,111082.50841892032,111082.50841892032,110351.1009560797,110716.8046875,751,0.0,0.0
2025-06-24 00:00:00+09:00,111265.36089607497,111265.36089607497,110168.249695785,110351.1015625,444,0.0,0.0
2025-06-25 00:00:00+09:00,110442.52628600823,111082.5078125,110259.6744212963,111082.5078125,261,0.0,0.0
2025-06-26 00:00:00+09:00,111356.79623567923,111722.5,110625.38870703765,111722.5,731,0.0,0.0
2025-06-27 00:00:00+09:00,111905.34283536585,112453.8984375,111173.93536585366,112453.8984375,826,0.0,0.0
2025-06-30 00:00:00+09:00,112819.606875,113093.8846875,111905.3475,111996.7734375,779,0.0,0.0
2025-07-01 00:00:00+09:00,112179.61460899014,112271.04053776684,111356.78125,111356.78125,659,0.0,0.0
2025-07-02 00:00:00+09:00,111173.93254292723,111996.76592523507,110351.09916061937,111813.9140625,542,0.0,0.0
2025-07-03 00:00:00+09:00,111356.78591302555,111996.76744126133,110716.80438478978,110899.65625,863,0.0,0.0
2025-07-04 00:00:00+09:00,111448.22217675942,111722.5,111082.51841243863,111722.5,308,0.0,0.0
2025-07-07 00:00:00+09:00,111996.76756234856,113185.3046875,111905.3416296446,113185.3046875,403,0.0,0.0
2025-07-08 00:00:00+09:00,113093.87619507729,113276.72805634662,112362.46875,112362.46875,612,0.0,0.0
2025-07-09 00:00:00+09:00,112545.32001469992,113093.87559560016,112453.89408454987,112728.171875,391,0.0,0.0
2025-07-10 00:00:00+09:00,112728.17472278225,113368.15625,112728.17472278225,113368.15625,395,0.0,0.0
2025-07-11 00:00:00+09:00,113368.15564710612,113825.28530697348,113093.8778511857,113733.859375,367,0.0,0.0
2025-07-14 00:00:00+09:00,113733.86160358565,114739.546875,113368.1578685259,114739.546875,899,0.0,0.0
2025-07-15 00:00:00+09:00,114830.9778145032,114830.9778145032,114008.14437474961,114099.5703125,682,0.0,0.0
2025-07-16 00:00:00+09:00,116110.93435029645,116110.93435029645,115013.82315958498,115653.8046875,818,0.0,0.0
2025-07-17 00:00:00+09:00,115379.53001968503,116110.9375,114922.40034448818,116110.9375,671,0.0,0.0
2025-07-18 00:00:00+09:00,116110.92939268869,117025.18867924529,115836.6516067217,116293.78125,1009,0.0,0.0
2025-07-22 00:00:00+09:00,116293.7881455399,116842.34375,116110.93627738654,116842.34375,746,0.0,0.0
2025-07-23 00:00:00+09:00,117390.89966202978,117390.89966202978,116568.06625318377,116659.4921875,977,0.0,0.0
2025-07-24 00:00:00+09:00,115562.37755302436,117025.19245875884,115470.95162141595,116385.2109375,857,0.0,0.0
2025-07-25 00:00:00+09:00,117025.19245875884,117025.19245875884,116293.7850058916,116385.2109375,576,0.0,0.0
2025-07-28 00:00:00+09:00,117299.47403600863,117299.47403600863,116385.21469044348,116476.640625,832,0.0,0.0
2025-07-29 00:00:00+09:00,116385.21003958171,117025.19155590305,115836.6544541634,116933.765625,4362,0.0,0.0
2025-07-30 00:00:00+09:00,117014.86307925616,119183.55111376292,117014.86307925616,118523.515625,3374,3886.0,0.0
2025-07-31 00:00:00+09:00,118240.64394358406,118429.22551287207,117014.86374321199,117203.4453125,1181,0.0,0.0
2025-08-01 00:00:00+09:00,117014.85968526608,118712.09375,116920.56890389198,118712.09375,1008,0.0,0.0
2025-08-04 00:00:00+09:00,117863.47407444267,118617.8003085191,117486.31095740445,118429.21875,695,0.0,0.0
2025-08-05 00:00:00+09:00,118429.21780151757,118806.38091553515,117486.31001647364,118052.0546875,1023,0.0,0.0
2025-08-06 00:00:00+09:00,118052.05580533597,119277.8359375,118052.05580533597,119277.8359375,843,0.0,0.0
2025-08-07 00:00:00+09:00,119277.8359375,119843.5806138834,118712.0912611166,119277.8359375,603,0.0,0.0
2025-08-08 00:00:00+09:00,119560.71251490462,119560.71251490462,117957.76920831678,118617.8046875,855,0.0,0.0
2025-08-12 00:00:00+09:00,118617.8003085191,118806.38186703822,117957.76485370222,118429.21875,537,0.0,0.0
2025-08-13 00:00:00+09:00,118712.09547024047,119655.00329764507,117863.47842557632,118617.8046875,1095,0.0,0.0
2025-08-14 00:00:00+09:00,117392.02621569212,118712.09719321798,117392.02621569212,118523.515625,903,0.0,0.0
2025-08-15 00:00:00+09:00,118240.64248217116,118994.96875,118240.64248217116,118994.96875,350,0.0,0.0
2025-08-18 00:00:00+09:00,118429.21382097792,119560.703125,118429.21382097792,119560.703125,592,0.0,0.0
2025-08-19 00:00:00+09:00,119277.83440563726,120220.7421875,119183.54362745098,120220.7421875,543,0.0,0.0
2025-08-20 00:00:00+09:00,120220.74734669812,120409.32891116352,119655.0026533019,119937.875,600,0.0,0.0
2025-08-21 00:00:00+09:00,120126.44777701104,120503.61087835174,119560.703125,119560.703125,444,0.0,0.0
2025-08-22 00:00:00+09:00,119560.71251490462,119655.00329764507,118617.8046875,118617.8046875,413,0.0,0.0
2025-08-25 00:00:00+09:00,118900.671875,118994.96265364789,118052.0548671689,118900.671875,455,0.0,0.0
2025-08-26 00:00:00+09:00,118429.22377411576,118900.67769041398,117297.734375,117297.734375,920,0.0,0.0
2025-08-27 00:00:00+09:00,117297.73555983412,119372.1328125,117297.73555983412,119372.1328125,842,0.0,0.0
2025-08-28 00:00:00+09:00,119655.00077877768,119655.00077877768,118052.05750593354,119183.546875,999,0.0,0.0
2025-08-29 00:00:00+09:00,119277.83516855315,120032.1613988681,118994.96283218503,119749.2890625,655,0.0,0.0
2025-09-01 00:00:00+09:00,119843.58156028368,120126.45390070921,119089.25531914893,119655.0,411,0.0,0.0
2025-09-02 00:00:00+09:00,119937.87044012688,119937.87044012688,118617.7995390563,118900.671875,319,0.0,0.0
2025-09-03 00:00:00+09:00,118900.67437126495,118900.67437126495,117769.18500373507,118334.9296875,690,0.0,0.0
2025-09-04 00:00:00+09:00,118334.93046875,118523.51203125,117203.44109375,117863.4765625,832,0.0,0.0
2025-09-05 00:00:00+09:00,117392.02265625,117863.4765625,117203.44109375,117863.4765625,805,0.0,0.0
2025-09-08 00:00:00+09:00,118240.6396875,118617.8028125,117580.60421875,117863.4765625,503,0.0,0.0
2025-09-09 00:00:00+09:00,118334.9289124504,119089.25515252976,118146.34735243056,118806.3828125,638,0.0,0.0
2025-09-10 00:00:00+09:00,118806.37746710525,118806.37746710525,117392.0158305921,118240.6328125,458,0.0,0.0
2025-09-11 00:00:00+09:00,118240.63984312947,118712.09375,118052.05828038126,118712.09375,396,0.0,0.0
2025-09-12 00:00:00+09:00,119089.25609424445,119277.83765575553,118523.51140971124,119183.546875,1071,0.0,0.0
2025-09-16 00:00:00+09:00,118429.22391260974,118712.09626271948,117392.0252955407,118146.3515625,824,0.0,0.0
2025-09-17 00:00:00+09:00,118334.92702301318,118334.92702301318,117486.31001647364,118052.0546875,693,0.0,0.0
2025-09-18 00:00:00+09:00,118052.05623490337,118052.05623490337,117109.1484375,117109.1484375,534,0.0,0.0
2025-09-19 00:00:00+09:00,117486.31233579223,117486.31233579223,116449.11375176838,116637.6953125,891,0.0,0.0
2025-09-22 00:00:00+09:00,116731.9824695122,117203.43635670732,115694.78391768293,115977.65625,644,0.0,0.0
2025-09-24 00:00:00+09:00,115977.65814317447,116731.984375,115883.36736419628,116731.984375,484,0.0,0.0
2025-09-25 00:00:00+09:00,116731.9860928658,116920.5676535974,116260.53219103678,116637.6953125,407,0.0,0.0
2025-09-26 00:00:00+09:00,116449.11468825543,117014.859375,116449.11468825543,117014.859375,783,0.0,0.0
2025-09-29 00:00:00+09:00,117014.86429943648,117014.86429943648,115034.7578125,115034.7578125,1213,0.0,0.0
2025-09-30 00:00:00+09:00,115411.91158536584,115977.65625,114563.29458841463,115977.65625,645,0.0,0.0
2025-10-01 00:00:00+09:00,116260.52916195517,116260.52916195517,114091.84127004523,114657.5859375,677,0.0,0.0
2025-10-02 00:00:00+09:00,114940.4607696281,114940.4607696281,113148.93595041322,114091.84375,864,0.0,0.0
2025-10-03 00:00:00+09:00,114091.84546887924,114374.71781301696,113714.68234336228,113997.5546875,471,0.0,0.0
2025-10-06 00:00:00+09:00,115411.91158536584,115977.65625,114751.87614329268,115977.65625,592,0.0,0.0
2025-10-07 00:00:00+09:00,116260.53280866721,116260.53280866721,115317.625,115317.625,448,0.0,0.0
2025-10-08 00:00:00+09:00,115600.49639817473,115789.07795836752,114940.4609375,114940.4609375,368,0.0,0.0
2025-10-09 00:00:00+09:00,115129.04515522708,115223.3359375,114280.42811477087,115223.3359375,512,0.0,0.0
2025-10-10 00:00:00+09:00,115129.04847491742,115129.04847491742,114186.140625,114186.140625,380,0.0,0.0
2025-10-14 00:00:00+09:00,114186.13034100247,114751.875,113431.80412900576,114751.875,726,0.0,0.0
2025-10-15 00:00:00+09:00,114940.46110291124,115883.36890523208,114940.46110291124,115789.078125,386,0.0,0.0
2025-10-16 00:00:00+09:00,115977.65814317447,116826.27515397819,115977.65814317447,116731.984375,492,0.0,0.0
2025-10-17 00:00:00+09:00,116826.27248228744,116826.27248228744,116071.94626771254,116449.109375,372,0.0,0.0
2025-10-20 00:00:00+09:00,116920.5625,117014.85327620967,116354.81784274193,116920.5625,587,0.0,0.0
2025-10-21 00:00:00+09:00,117109.15015612409,117109.15015612409,116637.69625050362,117014.859375,263,0.0,0.0
2025-10-22 00:00:00+09:00,117203.44109375,117863.4765625,117014.85953125,117863.4765625,666,0.0,0.0
2025-10-23 00:00:00+09:00,117863.4765625,118052.058125,117297.731875,117863.4765625,672,0.0,0.0
2025-10-24 00:00:00+09:00,118052.06064107717,118052.06064107717,116920.57124196141,117297.734375,482,0.0,0.0
2025-10-27 00:00:00+09:00,117297.73543158313,118523.515625,117109.15386336515,118523.515625,865,0.0,0.0
2025-10-28 00:00:00+09:00,118523.50513980263,118617.79591557017,117769.17893366228,118240.6328125,581,0.0,0.0
2025-10-29 00:00:00+09:00,118146.34874848912,118429.2210918614,116731.98703162772,117014.859375,530,0.0,0.0
2025-10-30 00:00:00+09:00,117014.85765775965,117203.43921724033,116543.40375905797,117109.1484375,445,0.0,0.0
2025-10-31 00:00:00+09:00,117109.14481275303,117392.01714321862,116449.109375,116449.109375,487,0.0,0.0
2025-11-04 00:00:00+09:00,116449.11297931762,117109.1484375,116354.82219957729,117109.1484375,574,0.0,0.0
2025-11-05 00:00:00+09:00,116920.5685938759,117392.02249949636,116354.82390713134,117014.859375,383,0.0,0.0
2025-11-06 00:00:00+09:00,117392.01923796925,118052.0546875,117203.43768096046,118052.0546875,414,0.0,0.0
2025-11-07 00:00:00+09:00,117957.76467897955,118240.63701633921,117580.6015625,117580.6015625,460,0.0,0.0
2025-11-10 00:00:00+09:00,117863.4704638711,118334.92434572658,117580.5981347578,117769.1796875,563,0.0,0.0
2025-11-11 00:00:00+09:00,118334.92797074043,118429.21875,117863.47407444267,118429.21875,468,0.0,0.0
2025-11-12 00:00:00+09:00,118429.22404912837,119277.84110043582,118429.22404912837,118994.96875,482,0.0,0.0
2025-11-13 00:00:00+09:00,119183.55031695722,119183.55031695722,118712.09639956418,118994.96875,327,0.0,0.0
2025-11-14 00:00:00+09:00,118806.3871830428,119183.55031695722,118712.09639956418,118994.96875,380,0.0,0.0
2025-11-17 00:00:00+09:00,119183.546875,119372.12843651108,118617.80219046677,119183.546875,365,0.0,0.0
2025-11-18 00:00:00+09:00,118712.09091193866,118994.96324929832,117297.72922514034,117580.6015625,586,0.0,0.0
2025-11-19 00:00:00+09:00,117580.59793346774,117769.1794858871,116920.5625,116920.5625,557,0.0,0.0
2025-11-20 00:00:00+09:00,117014.85272752192,118334.92358826754,117014.85272752192,118240.6328125,449,0.0,0.0
2025-11-21 00:00:00+09:00,118334.9289124504,120126.4537326389,118240.63813244048,118806.3828125,640,0.0,0.0
2025-11-25 00:00:00+09:00,118617.79537164827,119560.703125,118523.5045963131,119560.703125,317,0.0,0.0
2025-11-26 00:00:00+09:00,120692.1968503937,120692.1968503937,119560.70750492126,119749.2890625,770,0.0,0.0
2025-11-27 00:00:00+09:00,119937.86643500392,120597.90186349844,119843.5756595047,120409.3203125,442,0.0,0.0
2025-11-28 00:00:00+09:00,120597.90165368692,120692.19242902209,119560.703125,119560.703125,763,0.0,0.0
2025-12-01 00:00:00+09:00,119937.87217261906,119937.87217261906,118806.3828125,118806.3828125,707,0.0,0.0
2025-12-02 00:00:00+09:00,118900.67264629777,119372.12654259554,118334.92797074043,118429.21875,535,0.0,0.0
2025-12-03 00:00:00+09:00,118334.9272031126,118900.671875,118146.34564581681,118900.671875,500,0.0,0.0
2025-12-04 00:00:00+09:00,119089.25325104831,119089.25325104831,118052.0546875,118052.0546875,311,0.0,0.0
2025-12-05 00:00:00+09:00,117957.76640248796,118712.0926464687,117486.3125,117486.3125,673,0.0,0.0
2025-12-08 00:00:00+09:00,117580.5981347578,118052.05201661329,116354.81804193354,117769.1796875,980,0.0,0.0
2025-12-09 00:00:00+09:00,117203.44372880088,118429.22391260974,117203.44372880088,118146.3515625,581,0.0,0.0
2025-12-10 00:00:00+09:00,118146.3414949724,119654.99390033518,118146.3414949724,119560.703125,643,0.0,0.0
2025-12-11 00:00:00+09:00,119843.584863126,119937.87564586646,118523.51390475954,118617.8046875,320,0.0,0.0
2025-12-12 00:00:00+09:00,119183.54362745098,120220.7421875,118712.08973651961,120220.7421875,1527,0.0,0.0
2025-12-15 00:00:00+09:00,119277.83516855315,120503.61529281495,119277.83516855315,119749.2890625,725,0.0,0.0
2025-12-16 00:00:00+09:00,120220.73876150158,120786.48341449688,120126.44798600236,120409.3203125,625,0.0,0.0
2025-12-17 00:00:00+09:00,120409.32392669392,121069.359375,120315.03314836448,121069.359375,549,0.0,0.0
2025-12-18 00:00:00+09:00,120409.33077392579,121635.11096191406,120409.33077392579,120692.203125,981,0.0,0.0
2025-12-19 00:00:00+09:00,121163.65204140867,122295.14139899382,121069.36126160991,121823.6875,591,0.0,0.0
2025-12-22 00:00:00+09:00,122012.26697303922,122295.13930759804,120220.7421875,120220.7421875,731,0.0,0.0
2025-12-23 00:00:00+09:00,120315.03999023438,120692.203125,120032.16763916016,120692.203125,328,0.0,0.0
2025-12-24 00:00:00+09:00,120692.19797349961,121163.6518718336,120409.32563449923,120975.0703125,356,0.0,0.0
2025-12-25 00:00:00+09:00,121163.6518718336,121729.39654983438,120786.48875316641,120975.0703125,451,0.0,0.0
2025-12-26 00:00:00+09:00,121163.65033473511,121917.9765625,120786.48722085266,121917.9765625,1013,0.0,0.0
2025-12-29 00:00:00+09:00,122389.43045485305,122389.43045485305,121635.10422708816,121917.9765625,794,0.0,0.0
2025-12-30 00:00:00+09:00,122012.2698378011,122295.14217900156,121352.234375,121352.234375,616,0.0,0.0
2026-01-05 00:00:00+09:00,121352.2345377604,122483.72390407986,121163.65297670718,122200.8515625,1102,0.0,0.0
2026-01-06 00:00:00+09:00,122106.55829973119,122955.17530721966,122106.55829973119,122766.59375,533,0.0,0.0
2026-01-07 00:00:00+09:00,122860.88319100114,125123.86185299962,122672.30163583459,124558.1171875,1170,0.0,0.0
2026-01-08 00:00:00+09:00,124840.99312876507,125972.48249246989,124275.24844691265,125218.15625,1639,0.0,0.0
2026-01-09 00:00:00+09:00,125123.8671875,125689.61187711945,124840.99484269028,125123.8671875,639,0.0,0.0
2026-01-13 00:00:00+09:00,125123.8671875,125218.15796910324,124275.25015307084,125123.8671875,1331,0.0,0.0
2026-01-14 00:00:00+09:00,125123.86452629343,125501.02764468467,124746.70140790219,124840.9921875,1129,0.0,0.0
2026-01-15 00:00:00+09:00,125406.74483073893,125689.6171875,124652.41854604275,125689.6171875,645,0.0,0.0
2026-01-16 00:00:00+09:00,125689.6171875,126066.78032984809,125595.32640191297,125689.6171875,1222,0.0,0.0
2026-01-19 00:00:00+09:00,126349.64829075882,126538.2298553719,125501.03125,125501.03125,760,0.0,0.0
2026-01-20 00:00:00+09:00,125783.90250379362,125783.90250379362,124275.25,124275.25,1215,0.0,0.0
2026-01-21 00:00:00+09:00,123332.34109195403,123615.21343390805,122672.30562739464,123049.46875,1267,0.0,0.0
2026-01-22 00:00:00+09:00,123709.5034351145,124935.28357585878,123238.04953482824,123520.921875,1003,0.0,0.0
2026-01-23 00:00:00+09:00,124369.54315761704,124369.54315761704,122860.890625,122860.890625,612,0.0,0.0
2026-01-26 00:00:00+09:00,122578.0137383901,122766.59529798762,121729.39672020124,121823.6875,1046,0.0,0.0
2026-01-27 00:00:00+09:00,122389.4294996121,122389.4294996121,121257.94016679596,121540.8125,646,0.0,0.0
2026-01-28 00:00:00+09:00,121163.65560647614,122483.7265625,121069.364823903,122483.7265625,3880,0.0,0.0
2026-01-29 00:00:00+09:00,122304.29132824882,122692.25101525357,121237.40218898574,122401.28125,2733,3615.0,0.0
2026-01-30 00:00:00+09:00,122692.25741281974,122692.25741281974,121334.3984375,121334.3984375,1331,0.0,0.0
2026-02-02 00:00:00+09:00,121334.39823653536,122013.32772307073,120267.50904340835,120655.46875,1120,0.0,0.0
2026-02-03 00:00:00+09:00,121334.3939088771,121819.34352481985,120849.44429293435,121140.4140625,1012,0.0,0.0
2026-02-04 00:00:00+09:00,121722.3515625,122304.29109188246,120946.43218999004,121722.3515625,598,0.0,0.0
2026-02-05 00:00:00+09:00,121431.38179780876,122304.29109188246,121431.38179780876,121722.3515625,757,0.0,0.0
2026-02-06 00:00:00+09:00,122013.3266840417,122013.3266840417,120849.44757417802,120946.4375,587,0.0,0.0
2026-02-09 00:00:00+09:00,120946.43399003624,121334.39368206522,120461.484375,120461.484375,677,0.0,0.0
2026-02-10 00:00:00+09:00,120946.43443968949,121819.34375,120752.45459295383,121819.34375,656,0.0,0.0
2026-02-12 00:00:00+09:00,121528.376025,122013.32565,120946.436475,121237.40625,608,0.0,0.0
2026-02-13 00:00:00+09:00,121237.40727746591,121722.35690657578,120364.49794506816,120946.4375,933,0.0,0.0
2026-02-16 00:00:00+09:00,121431.38179780876,121722.3515625,120461.48258217132,121722.3515625,641,0.0,0.0
2026-02-17 00:00:00+09:00,122110.31660986367,122110.31660986367,120461.48787089014,120946.4375,575,0.0,0.0
2026-02-18 00:00:00+09:00,120461.48460018015,121140.4140625,120364.4946769916,121140.4140625,492,0.0,0.0
2026-02-19 00:00:00+09:00,121431.3815604968,121431.3815604968,120267.5025040064,121043.421875,444,0.0,0.0
2026-02-20 00:00:00+09:00,120752.45187223006,121140.41155696011,120267.50226631749,120364.4921875,496,0.0,0.0
2026-02-24 00:00:00+09:00,120849.44655,121431.3861,120267.507,121237.40625,587,0.0,0.0
2026-02-25 00:00:00+09:00,121237.40768735131,122304.296875,121043.42783505154,122304.296875,977,0.0,0.0
2026-02-26 00:00:00+09:00,122595.2608565737,122595.2608565737,121722.3515625,121722.3515625,731,0.0,0.0
2026-02-27 00:00:00+09:00,121819.34558527755,121819.34558527755,120558.4765625,120558.4765625,608,0.0,0.0
2026-03-02 00:00:00+09:00,120655.46751512097,120849.44736643146,119782.55818422379,120267.5078125,912,0.0,0.0
2026-03-03 00:00:00+09:00,120558.47634759304,120558.47634759304,119685.56702568769,119879.546875,772,0.0,0.0
2026-03-04 00:00:00+09:00,118230.7137364921,118327.70365752286,116678.875,116678.875,1413,0.0,0.0
2026-03-05 00:00:00+09:00,118424.69800515776,120364.49649828074,118230.71815584546,119879.546875,866,0.0,0.0
2026-03-06 00:00:00+09:00,119879.54540816326,119879.54540816326,118812.65625,118812.65625,598,0.0,0.0
2026-03-09 00:00:00+09:00,118327.70413927692,118424.69406070255,116387.90571076419,118036.734375,936,0.0,0.0
2026-03-10 00:00:00+09:00,119006.63836281607,119394.59806408035,118424.69881091965,118909.6484375,607,0.0,0.0
2026-03-11 00:00:00+09:00,118909.64414094233,120461.48288992689,118909.64414094233,119394.59375,277,0.0,0.0
2026-03-12 00:00:00+09:00,119394.59225153689,119491.58217213114,118133.72328381147,118327.703125,333,0.0,0.0
2026-03-13 00:00:00+09:00,117842.7578125,118715.66712962963,117551.78804012346,117842.7578125,957,0.0,0.0
2026-03-16 00:00:00+09:00,117939.74693877551,119297.60586734694,117551.78724489795,118812.65625,723,0.0,0.0
2026-03-17 00:00:00+09:00,118812.65727291326,119103.6270458265,118133.72780278232,118521.6875,388,0.0,0.0
2026-03-18 00:00:00+09:00,118715.66654829546,119491.5859375,118521.68670099431,119491.5859375,510,0.0,0.0
2026-03-19 00:00:00+09:00,119491.58469055373,119491.58469055373,118618.67538680781,119103.625,537,0.0,0.0
2026-03-23 00:00:00+09:00,119200.62007934872,119200.62007934872,116969.85176215993,117648.78125,803,0.0,0.0
2026-03-24 00:00:00+09:00,119006.63461439457,119588.57414796129,117745.765625,117745.765625,771,0.0,0.0
2026-03-25 00:00:00+09:00,117842.753762989,119879.54209963325,117842.753762989,119006.6328125,642,0.0,0.0
2026-03-26 00:00:00+09:00,118909.64617346939,118909.64617346939,118036.7368622449,118812.65625,530,0.0,0.0
2026-03-27 00:00:00+09:00,118327.7056188925,119103.625,118133.72577361563,119103.625,676,0.0,0.0
2026-03-30 00:00:00+09:00,118133.72587719298,118133.72587719298,115999.94757727651,116096.9375,1055,0.0,0.0
2026-03-31 00:00:00+09:00,116387.90601424979,116969.84554432104,115708.9765625,115708.9765625,600,0.0,0.0
2026-04-01 00:00:00+09:00,116096.93694656096,117745.765625,116096.93694656096,117745.765625,476,0.0,0.0
2026-04-02 00:00:00+09:00,117745.76413133832,118715.66334164588,116193.92539484621,116678.875,419,0.0,0.0
2026-04-03 00:00:00+09:00,116872.85835316639,117454.79789683361,116484.89865738824,117163.828125,294,0.0,0.0
2026-04-06 00:00:00+09:00,116872.86081414473,117939.75,116775.8708881579,117939.75,477,0.0,0.0
2026-04-07 00:00:00+09:00,117745.7711768343,118715.67044517725,117648.78125,117648.78125,190,0.0,0.0
2026-04-08 00:00:00+09:00,118715.66632653061,118812.65625,117842.75701530612,118812.65625,475,0.0,0.0
2026-04-09 00:00:00+09:00,118521.68602910818,118618.67595220893,116969.8472594963,117454.796875,510,0.0,0.0
2026-04-10 00:00:00+09:00,118036.73868734529,118036.73868734529,116969.84951268564,117551.7890625,378,0.0,0.0
2026-04-13 00:00:00+09:00,118133.72985197368,118133.72985197368,116969.85074013159,117939.75,334,0.0,0.0
2026-04-14 00:00:00+09:00,118327.70437602124,119006.63382735907,117939.74468954248,118715.6640625,424,0.0,0.0
2026-04-15 00:00:00+09:00,118521.68976134504,119103.62931827473,118521.68976134504,118618.6796875,304,0.0,0.0
2026-04-16 00:00:00+09:00,118812.65872110704,119588.578125,118521.68894464719,119588.578125,371,0.0,0.0
2026-04-17 00:00:00+09:00,119588.57710103155,119879.546875,119006.63755309465,119879.546875,339,0.0,0.0
2026-04-20 00:00:00+09:00,119879.54563210226,119976.53555575284,119103.62624289772,119491.5859375,189,0.0,0.0
2026-04-21 00:00:00+09:00,119491.58367181155,119588.57359362308,118909.64414094233,119394.59375,193,0.0,0.0
2026-04-22 00:00:00+09:00,118909.64264856557,118909.64264856557,118327.703125,118327.703125,316,0.0,0.0
2026-04-23 00:00:00+09:00,119006.63507736156,119103.625,117939.74592833876,119103.625,411,0.0,0.0
2026-04-24 00:00:00+09:00,119782.55445846905,119782.55445846905,118715.66530944625,119103.625,420,0.0,0.0
2026-04-27 00:00:00+09:00,119103.62972413095,119976.5390625,118715.67001818916,119976.5390625,352,0.0,0.0
2026-04-28 00:00:00+09:00,120073.52296517565,120073.52296517565,118521.68421926063,118715.6640625,660,0.0,0.0
2026-04-30 00:00:00+09:00,118715.6683757178,118715.6683757178,117745.7691242822,118230.71875,487,0.0,0.0
2026-05-01 00:00:00+09:00,118424.70066467437,118424.70066467437,117260.82154266282,117648.78125,358,0.0,0.0
2026-05-07 00:00:00+09:00,117842.75429364669,118521.68374225206,117357.8046875,117357.8046875,373,0.0,0.0
2026-05-08 00:00:00+09:00,117357.80775135304,117551.78759887593,116290.9185899771,116484.8984375,752,0.0,0.0
2026-05-11 00:00:00+09:00,116387.90931989925,116484.8992443325,115224.03022670026,115515.0,561,0.0,0.0
2026-05-12 00:00:00+09:00,115999.94506938604,115999.94506938604,114642.08618061396,115321.015625,504,0.0,0.0
2026-05-13 00:00:00+09:00,115418.00985800254,115418.00985800254,114254.13076699746,114836.0703125,659,0.0,0.0
2026-05-14 00:00:00+09:00,115127.03781434913,115127.03781434913,112120.3502218935,114739.078125,1636,0.0,0.0
2026-05-15 00:00:00+09:00,114351.12294303798,114933.0625,113381.2236814346,114933.0625,638,0.0,0.0
2026-05-18 00:00:00+09:00,113769.18173602186,113963.16158552915,112411.32278947087,113187.2421875,763,0.0,0.0
2026-05-19 00:00:00+09:00,112702.29379269855,113769.18297662254,112314.33408945346,113575.203125,536,0.0,0.0
2026-05-20 00:00:00+09:00,113672.19284256874,113963.1626194695,112023.36410679769,112896.2734375,485,0.0,0.0
2026-05-21 00:00:00+09:00,112993.26131810898,113963.16055689103,112799.28147035257,113478.2109375,639,0.0,0.0
2026-05-22 00:00:00+09:00,113672.19159482759,113672.19159482759,112508.3125,112508.3125,530,0.0,0.0
2026-05-25 00:00:00+09:00,112508.3125,113187.24197198276,112411.32257543103,112508.3125,408,0.0,0.0
2026-05-26 00:00:00+09:00,112605.29937446535,113672.18851582549,112217.33968669803,113381.21875,743,0.0,0.0
2026-05-27 00:00:00+09:00,113769.17789576306,115030.046875,113090.24844540472,115030.046875,604,0.0,0.0
2026-05-28 00:00:00+09:00,115127.03860960146,115224.0285326087,113090.25022644928,113769.1796875,1075,0.0,0.0
2026-05-29 00:00:00+09:00,113187.24138434579,115030.04994158879,112896.27161214953,114157.140625,517,0.0,0.0
2026-06-01 00:00:00+09:00,114060.15211956522,114157.14204483696,111538.4140625,111538.4140625,754,0.0,0.0
2026-06-02 00:00:00+09:00,111344.43378631161,111344.43378631161,109016.67558868838,110180.5546875,1542,0.0,0.0
2026-06-03 00:00:00+09:00,110180.55366549605,111344.43275351185,109598.61412148815,110471.5234375,793,0.0,0.0
2026-06-04 00:00:00+09:00,109404.63692876344,109598.61678147402,108240.7578125,108240.7578125,1181,0.0,0.0
2026-06-05 00:00:00+09:00,109210.65748064159,110083.56682107301,108725.70784706858,109598.6171875,763,0.0,0.0
2026-06-08 00:00:00+09:00,108822.69226624668,110083.5612497237,108822.69226624668,109695.6015625,383,0.0,0.0
2026-06-09 00:00:00+09:00,110568.5106205516,110568.5106205516,108628.7121886121,109016.671875,381,0.0,0.0
2026-06-10 00:00:00+09:00,109113.66673519737,110568.515625,108822.69695723684,110568.515625,598,0.0,0.0
2026-06-11 00:00:00+09:00,110665.50328550262,111538.41260151449,109792.59396949077,110471.5234375,575,0.0,0.0
2026-06-12 00:00:00+09:00,110568.5093125543,112508.30772154649,110568.5093125543,111635.3984375,1139,0.0,0.0
2026-06-15 00:00:00+09:00,112508.3125,112605.30242456896,111344.43340517241,112508.3125,578,0.0,0.0
2026-06-16 00:00:00+09:00,111926.37126477671,111926.37126477671,110083.56272575526,110762.4921875,654,0.0,0.0
2026-06-17 00:00:00+09:00,110665.50658256376,111053.46629012753,110083.56702121811,110277.546875,493,0.0,0.0
2026-06-18 00:00:00+09:00,110277.5413279877,110665.50101603691,109695.60179591388,110374.53125,561,0.0,0.0
2026-06-19 00:00:00+09:00,110083.56599506579,110859.48540296053,110083.56599506579,110568.515625,415,0.0,0.0
2026-06-22 00:00:00+09:00,110180.55571491615,110859.48519555383,109792.59601169462,109889.5859375,431,0.0,0.0
2026-06-23 00:00:00+09:00,109889.58716743623,110277.546875,109598.6173867634,110277.546875,594,0.0,0.0
2026-06-24 00:00:00+09:00,109986.57055214724,110665.5,109792.5907099036,110665.5,554,0.0,0.0
2026-06-25 00:00:00+09:00,110471.52015775636,111053.45968448729,110083.56047326907,110665.5,537,0.0,0.0
2026-06-26 00:00:00+09:00,110762.49385775861,112508.3125,110762.49385775861,112508.3125,752,0.0,0.0
2026-06-29 00:00:00+09:00,112605.30198789267,112896.27176047121,111150.453125,111150.453125,1009,0.0,0.0
2026-06-30 00:00:00+09:00,111538.41427182368,112411.32360090752,111441.42434636992,112217.34375,469,0.0,0.0
2026-07-01 00:00:00+09:00,112508.31023511649,112993.25984819888,111829.38077680113,112411.3203125,851,0.0,0.0
2026-07-02 00:00:00+09:00,112508.3125,113187.24197198276,112314.33265086207,112508.3125,428,0.0,0.0
2026-07-03 00:00:00+09:00,112508.31191588785,114254.13054906542,112508.31191588785,114157.140625,626,0.0,0.0
2026-07-06 00:00:00+09:00,114545.10032126168,115321.01971378505,114157.140625,114157.140625,596,0.0,0.0
2026-07-07 00:00:00+09:00,114642.09251644737,114933.0622944079,114254.1328125,114254.1328125,511,0.0,0.0
2026-07-08 00:00:00+09:00,114157.14040464743,114254.13032852564,113478.2109375,113478.2109375,448,0.0,0.0
2026-07-09 00:00:00+09:00,113672.1875,114060.14718430035,113090.24797354949,113672.1875,272,0.0,0.0
2026-07-10 00:00:00+09:00,113575.2033305921,114254.1328125,113575.2033305921,114254.1328125,277,0.0,0.0
2026-07-13 00:00:00+09:00,114254.13157474446,114836.07112436116,113866.171875,113866.171875,498,0.0,0.0
2026-07-14 00:00:00+09:00,114351.1171875,115030.04663645038,113963.1575023855,114351.1171875,799,0.0,0.0
2026-07-15 00:00:00+09:00,114351.12047313084,114739.08016939253,113866.17085280374,114157.140625,692,0.0,0.0
2026-07-16 00:00:00+09:00,114739.08223473527,114739.08223473527,113575.203125,113575.203125,589,0.0,0.0
2026-07-17 00:00:00+09:00,113478.21071582114,114254.13010533103,112799.28125,112799.28125,462,0.0,0.0
2026-07-21 00:00:00+09:00,112896.27139423077,114060.15048076924,112896.27139423077,113478.2109375,721,0.0,0.0
2026-07-22 00:00:00+09:00,113963.16282824508,114060.15275405635,113090.25349594363,113575.203125,404,0.0,0.0
2026-07-23 00:00:00+09:00,113866.17393514555,114060.1537885274,113284.234375,113284.234375,565,0.0,0.0
2026-07-24 00:00:00+09:00,113478.21196176093,113575.20188651457,113090.25226274636,113187.2421875,535,0.0,0.0
2026-07-27 00:00:00+09:00,113090.25146028037,114642.09024532711,113090.25146028037,114157.140625,534,0.0,0.0
2026-07-28 00:00:00+09:00,114545.09703005725,115127.036557729,114157.13734494275,114351.1171875,558,0.0,0.0
2026-07-29 00:00:00+09:00,115321.0201511335,115515.0,113963.16120906801,115515.0,2632,0.0,0.0
2026-07-30 00:00:00+09:00,115100.0,115100.0,112500.0,113300.0,3247,3585.0,0.0
2026-07-31 00:00:00+09:00,114300.0,114300.0,111800.0,111800.0,1387,0.0,0.0
2026-08-03 00:00:00+09:00,111700.0,111900.0,110900.0,110900.0,1393,0.0,0.0
2026-08-04 00:00:00+09:00,111500.0,111500.0,109800.0,109900.0,1426,0.0,0.0
2026-08-05 00:00:00+09:00,109900.0,110200.0,109800.0,110200.0,1027,0.0,0.0
2026-08-06 00:00:00+09:00,110000.0,110600.0,109500.0,110100.0,920,0.0,0.0
2026-08-07 00:00:00+09:00,110200.0,111200.0,109900.0,111200.0,681,0.0,0.0
2026-08-10 00:00:00+09:00,111200.0,111800.0,110000.0,110600.0,1311,0.0,0.0
2026-08-12 00:00:00+09:00,110500.0,111000.0,110000.0,111000.0,566,0.0,0.0
2026-08-13 00:00:00+09:00,111500.0,111500.0,110000.0,110000.0,642,0.0,0.0
2026-08-14 00:00:00+09:00,110500.0,110900.0,110300.0,110700.0,512,0.0,0.0
2026-08-17 00:00:00+09:00,110300.0,111300.0,110300.0,111200.0,677,0.0,0.0
2026-08-18 00:00:00+09:00,111300.0,111600.0,110100.0,111600.0,1097,0.0,0.0
2026-08-19 00:00:00+09:00,111300.0,111300.0,110200.0,110300.0,501,0.0,0.0
2026-08-20 00:00:00+09:00,110400.0,111100.0,110300.0,111100.0,503,0.0,0.0
2026-08-21 00:00:00+09:00,111300.0,111300.0,110300.0,110600.0,467,0.0,0.0
2026-08-24 00:00:00+09:00,110400.0,110900.0,110300.0,110800.0,568,0.0,0.0
2026-08-25 00:00:00+09:00,110900.0,111400.0,110900.0,111000.0,834,0.0,0.0
2026-08-26 00:00:00+09:00,111100.0,111400.0,110800.0,111100.0,642,0.0,0.0
2026-08-27 00:00:00+09:00,111200.0,112000.0,110800.0,112000.0,1137,0.0,0.0
2026-08-28 00:00:00+09:00,112000.0,112000.0,110500.0,110500.0,901,0.0,0.0
2026-08-31 00:00:00+09:00,110100.0,110300.0,109300.0,109400.0,1109,0.0,0.0
2026-09-01 00:00:00+09:00,109200.0,109300.0,108400.0,108700.0,1666,0.0,0.0
2026-09-02 00:00:00+09:00,108300.0,108400.0,107600.0,107800.0,1726,0.0,0.0
2026-09-03 00:00:00+09:00,107900.0,108000.0,107000.0,107000.0,1437,0.0,0.0
2026-09-04 00:00:00+09:00,107000.0,107600.0,107000.0,107000.0,1218,0.0,0.0
2026-09-07 00:00:00+09:00,107500.0,107800.0,107000.0,107800.0,911,0.0,0.0
2026-09-08 00:00:00+09:00,107200.0,108100.0,106900.0,107000.0,946,0.0,0.0
2026-09-09 00:00:00+09:00,107000.0,107600.0,106800.0,106900.0,921,0.0,0.0
2026-09-10 00:00:00+09:00,106800.0,107200.0,106700.0,106700.0,754,0.0,0.0
2026-09-11 00:00:00+09:00,107700.0,107700.0,106000.0,106000.0,1972,0.0,0.0
2026-09-14 00:00:00+09:00,106300.0,107500.0,106300.0,107400.0,885,0.0,0.0
2026-09-15 00:00:00+09:00,107400.0,107900.0,107000.0,107700.0,579,0.0,0.0
2026-09-16 00:00:00+09:00,107800.0,108200.0,106700.0,107200.0,836,0.0,0.0
2026-09-17 00:00:00+09:00,107300.0,107400.0,106900.0,107000.0,391,0.0,0.0
2026-09-18 00:00:00+09:00,107500.0,107500.0,105700.0,106300.0,3325,0.0,0.0
2026-09-24 00:00:00+09:00,106300.0,106800.0,105800.0,106400.0,816,0.0,0.0
2026-09-25 00:00:00+09:00,106700.0,106700.0,105400.0,105400.0,1674,0.0,0.0
2026-09-28 00:00:00+09:00,105400.0,106600.0,105400.0,106600.0,1106,0.0,0.0
2026-09-29 00:00:00+09:00,106200.0,106300.0,105100.0,105200.0,1423,0.0,0.0
2026-09-30 00:00:00+09:00,105000.0,105500.0,104500.0,104900.0,1471,0.0,0.0
2026-10-01 00:00:00+09:00,104300.0,104800.0,103900.0,104200.0,1175,0.0,0.0
