Date,Open,High,Low,Close,Volume,Dividends,Stock Splits
2021-09-28 00:00:00+09:00,81602.203125,81753.5986781076,81450.8075718924,81602.203125,1535,0.0,0.0
2021-09-29 00:00:00+09:00,81602.19906767955,82207.78125,81375.1057493094,82207.78125,1574,0.0,0.0
2021-09-30 00:00:00+09:00,82283.47771587744,82889.05988857939,81526.5,81526.5,1073,0.0,0.0
2021-10-01 00:00:00+09:00,81602.20185336763,81677.89962874181,80618.13077350328,80920.921875,3220,0.0,0.0
2021-10-04 00:00:00+09:00,81526.50863486843,81829.29975328948,80542.4375,80542.4375,1910,0.0,0.0
2021-10-05 00:00:00+09:00,80693.83183484637,81526.50739787011,79861.15627182263,81299.4140625,2391,0.0,0.0
2021-10-06 00:00:00+09:00,81375.10979533859,81602.203125,80618.13202980056,81602.203125,562,0.0,0.0
2021-10-07 00:00:00+09:00,81375.09177334337,81677.8828125,81223.69625376505,81677.8828125,532,0.0,0.0
2021-10-08 00:00:00+09:00,81677.90295478352,81980.69406861033,81072.32072712989,81299.4140625,739,0.0,0.0
2021-10-11 00:00:00+09:00,81450.80425792171,81450.80425792171,80996.61761707829,81223.7109375,352,0.0,0.0
2021-10-12 00:00:00+09:00,81148.01767322098,81450.80878394195,80845.2265625,80845.2265625,550,0.0,0.0
2021-10-13 00:00:00+09:00,80769.52716569767,81375.109375,80769.52716569767,81375.109375,854,0.0,0.0
2021-10-14 00:00:00+09:00,81450.8071511628,81450.8071511628,81148.01604651162,81375.109375,894,0.0,0.0
2021-10-15 00:00:00+09:00,81299.4107518709,81299.4107518709,80845.22409962582,80920.921875,1321,0.0,0.0
2021-10-18 00:00:00+09:00,81072.32278037384,81148.02056074767,80769.5316588785,80996.625,1057,0.0,0.0
2021-10-19 00:00:00+09:00,80845.23606856739,80920.93385514844,80315.3515625,80315.3515625,1582,0.0,0.0
2021-10-20 00:00:00+09:00,80542.42723004695,80769.5205399061,80391.03169014084,80618.125,983,0.0,0.0
2021-10-21 00:00:00+09:00,80466.73767409878,80996.62211786049,80391.03989641854,80845.2265625,1001,0.0,0.0
2021-10-22 00:00:00+09:00,80618.12587535015,81072.3125,80542.42810457517,81072.3125,712,0.0,0.0
2021-10-25 00:00:00+09:00,80769.52271412036,81753.59375,80769.52271412036,81753.59375,558,0.0,0.0
2021-10-26 00:00:00+09:00,81753.58794144982,81753.58794144982,81299.4013417751,81450.796875,319,0.0,0.0
2021-10-27 00:00:00+09:00,81753.58057228915,81753.58057228915,81299.39401355422,81677.8828125,342,0.0,0.0
2021-10-28 00:00:00+09:00,81677.8828125,81753.58057228915,81223.69625376505,81677.8828125,316,0.0,0.0
2021-10-29 00:00:00+09:00,81677.89107266636,82283.47321222274,81526.49553777727,81904.984375,554,0.0,0.0
2021-11-01 00:00:00+09:00,82207.77052583026,82207.77052583026,81753.58394833948,82056.375,331,0.0,0.0
2021-11-02 00:00:00+09:00,81980.69200776902,82056.38978432282,81526.5053484462,81602.203125,539,0.0,0.0
2021-11-04 00:00:00+09:00,82056.375,82132.07276291514,81450.79289667896,82056.375,613,0.0,0.0
2021-11-05 00:00:00+09:00,81450.81576665124,82132.09582417899,81450.81576665124,81829.3046875,460,0.0,0.0
2021-11-08 00:00:00+09:00,81980.68347559578,82889.05669970211,81980.68347559578,82586.265625,861,0.0,0.0
2021-11-09 00:00:00+09:00,82586.2775493421,82661.97532894737,81980.6953125,81980.6953125,303,0.0,0.0
2021-11-10 00:00:00+09:00,82056.39804000924,82434.886960858,81829.3046875,81829.3046875,631,0.0,0.0
2021-11-11 00:00:00+09:00,82056.3865613553,82661.96875,82056.3865613553,82661.96875,373,0.0,0.0
2021-11-12 00:00:00+09:00,82661.97199675324,82661.97199675324,81602.203125,81602.203125,472,0.0,0.0
2021-11-15 00:00:00+09:00,81602.20641447368,82359.18421052632,81602.20641447368,81980.6953125,535,0.0,0.0
2021-11-16 00:00:00+09:00,81980.69038738479,82359.17926267281,81904.99261232719,82132.0859375,1852,0.0,0.0
2021-11-17 00:00:00+09:00,81980.70025583949,82359.18917668825,81829.3046875,81829.3046875,229,0.0,0.0
2021-11-18 00:00:00+09:00,82056.38936046511,82056.38936046511,81375.109375,81375.109375,335,0.0,0.0
2021-11-19 00:00:00+09:00,81677.9050233645,81677.9050233645,80920.92721962617,80996.625,659,0.0,0.0
2021-11-22 00:00:00+09:00,80996.625,81753.60280373832,80996.625,80996.625,448,0.0,0.0
2021-11-24 00:00:00+09:00,81602.19442339086,81602.19442339086,80769.51897009095,81148.0078125,928,0.0,0.0
2021-11-25 00:00:00+09:00,80996.62417763159,81980.6953125,80996.62417763159,81980.6953125,896,0.0,0.0
2021-11-26 00:00:00+09:00,81904.99261232719,82132.0859375,81375.10818692397,82132.0859375,931,0.0,0.0
2021-11-29 00:00:00+09:00,81526.50863486843,81829.29975328948,80542.4375,80542.4375,1190,0.0,0.0
2021-11-30 00:00:00+09:00,81299.40902909177,81753.59567171239,80012.546875,80012.546875,1494,0.0,0.0
2021-12-01 00:00:00+09:00,80315.33479225023,81677.89466619982,80315.33479225023,81072.3125,907,0.0,0.0
2021-12-02 00:00:00+09:00,81072.31321626891,81375.10430204395,80088.2421875,80088.2421875,1174,0.0,0.0
2021-12-03 00:00:00+09:00,79861.15175412735,80542.43172169811,79785.45397995283,80239.640625,1865,0.0,0.0
2021-12-06 00:00:00+09:00,80391.04194078948,80996.62417763159,80239.64638157895,80542.4375,757,0.0,0.0
2021-12-07 00:00:00+09:00,80996.6167555061,81375.10561884959,80542.4301194939,80769.5234375,621,0.0,0.0
2021-12-08 00:00:00+09:00,81072.32195723684,81980.6953125,80845.22861842105,81980.6953125,778,0.0,0.0
2021-12-09 00:00:00+09:00,81904.98570692026,83040.45223705316,81829.28793824473,82586.265625,1748,0.0,0.0
2021-12-10 00:00:00+09:00,82737.66071633733,82737.66071633733,81980.68303366269,82359.171875,639,0.0,0.0
2021-12-13 00:00:00+09:00,82359.17960710944,82737.66848398035,80920.921875,80920.921875,789,0.0,0.0
2021-12-14 00:00:00+09:00,80996.61340630885,81148.00894538607,80315.3334804614,80391.03125,748,0.0,0.0
2021-12-15 00:00:00+09:00,80391.03828488372,81677.90047965116,80163.94495639535,81375.109375,1134,0.0,0.0
2021-12-16 00:00:00+09:00,81375.09976922625,81375.09976922625,80466.7265625,80466.7265625,728,0.0,0.0
2021-12-17 00:00:00+09:00,80542.44235661424,81829.3046875,80466.74457244448,81829.3046875,1190,0.0,0.0
2021-12-20 00:00:00+09:00,80920.9160798122,81602.19600938966,80315.3339201878,80618.125,1027,0.0,0.0
2021-12-21 00:00:00+09:00,80845.2265625,80920.92434018025,80315.3421187383,80845.2265625,706,0.0,0.0
2021-12-22 00:00:00+09:00,80693.83305921053,80920.92639802632,80542.4375,80542.4375,426,0.0,0.0
2021-12-23 00:00:00+09:00,80845.22943925235,81677.9050233645,80693.83387850468,80996.625,795,0.0,0.0
2021-12-24 00:00:00+09:00,81299.4087109739,81677.89757834343,81148.0131640261,81223.7109375,345,0.0,0.0
2021-12-27 00:00:00+09:00,81148.01850558659,81450.80961941341,80920.92517021648,81299.4140625,562,0.0,0.0
2021-12-28 00:00:00+09:00,81450.8075718924,81602.203125,81148.01646567718,81602.203125,531,0.0,0.0
2021-12-29 00:00:00+09:00,81602.20843294627,83418.95518841073,81602.20843294627,83116.1640625,1432,0.0,0.0
2021-12-30 00:00:00+09:00,82813.36198853418,84403.01518941097,82813.36198853418,84175.921875,796,0.0,0.0
2022-01-04 00:00:00+09:00,84327.3347709276,84403.03255797511,83646.0546875,83646.0546875,801,0.0,0.0
2022-01-05 00:00:00+09:00,84175.92334254144,84175.92334254144,82207.78125,82207.78125,2603,0.0,0.0
2022-01-06 00:00:00+09:00,82359.18089053803,82586.27422019944,81526.5053484462,81602.203125,1029,0.0,0.0
2022-01-07 00:00:00+09:00,81753.58884011091,82359.17097966728,81602.19330522181,81904.984375,638,0.0,0.0
2022-01-11 00:00:00+09:00,82359.17679558012,82510.57234116022,81450.80352209945,82207.78125,1018,0.0,0.0
2022-01-12 00:00:00+09:00,82132.09087171053,82737.67310855264,81677.90419407895,81980.6953125,1205,0.0,0.0
2022-01-13 00:00:00+09:00,82132.08347720995,82359.17679558012,81677.89684046962,82207.78125,477,0.0,0.0
2022-01-14 00:00:00+09:00,82056.38080193015,82510.56741153492,81980.68303366269,82359.171875,583,0.0,0.0
2022-01-17 00:00:00+09:00,81980.67385165663,82510.55817018072,81677.8828125,81677.8828125,827,0.0,0.0
2022-01-18 00:00:00+09:00,82283.48518243716,82283.48518243716,80920.92517021648,81299.4140625,1786,0.0,0.0
2022-01-19 00:00:00+09:00,80996.62834398674,81829.30396247632,79482.67267400568,79936.859375,4249,0.0,0.0
2022-01-20 00:00:00+09:00,80012.54891530152,80845.2244480057,79709.7578125,79709.7578125,2225,0.0,0.0
2022-01-21 00:00:00+09:00,79709.7578125,80088.2466910019,79104.17560689696,79709.7578125,5604,0.0,0.0
2022-01-24 00:00:00+09:00,80239.63326081845,80466.7265625,79331.2600540922,80466.7265625,1305,0.0,0.0
2022-01-25 00:00:00+09:00,80466.73427771791,80542.43205220306,78877.08101352969,79028.4765625,2616,0.0,0.0
2022-01-26 00:00:00+09:00,79028.48597301137,80012.55715849905,78952.78818951231,79936.859375,1766,0.0,0.0
2022-01-27 00:00:00+09:00,80163.93995894377,80542.42881616257,78877.07784439981,80088.2421875,2028,0.0,0.0
2022-01-28 00:00:00+09:00,80511.33595988539,81906.14255014327,80511.33595988539,81131.25,1994,2446.0,0.0
2022-01-31 00:00:00+09:00,81596.18266684322,82913.49995586158,81441.20416225282,82293.5859375,2081,0.0,0.0
2022-02-01 00:00:00+09:00,83533.419921875,84540.7802734375,83300.9521484375,83688.3984375,2522,0.0,0.0
2022-02-02 00:00:00+09:00,83998.34102024569,85780.59364336898,83920.85177576206,85160.6796875,1656,0.0,0.0
2022-02-03 00:00:00+09:00,85238.171875,85625.61811079546,84850.72563920455,85238.171875,1109,0.0,0.0
2022-02-04 00:00:00+09:00,85160.6972497172,86478.01467760181,85160.6972497172,85625.6328125,1610,0.0,0.0
2022-02-07 00:00:00+09:00,85548.1502683363,86710.4892665474,85238.19320214668,86633.0,1109,0.0,0.0
2022-02-08 00:00:00+09:00,86632.97533268882,87485.35702200865,84695.74422059828,85160.6796875,1801,0.0,0.0
2022-02-09 00:00:00+09:00,85238.18166517056,86865.45604241472,85160.6924091113,86323.03125,1258,0.0,0.0
2022-02-10 00:00:00+09:00,86400.51853000902,86478.00778429603,85083.20120712995,85858.09375,1231,0.0,0.0
2022-02-14 00:00:00+09:00,85625.63383556549,85780.61235834479,84540.78417611035,84618.2734375,1154,0.0,0.0
2022-02-15 00:00:00+09:00,84850.74025051652,85780.61137654958,84230.82616649449,84385.8046875,1079,0.0,0.0
2022-02-16 00:00:00+09:00,85548.1435520362,85780.6113334276,84773.25094739819,85625.6328125,1048,0.0,0.0
2022-02-17 00:00:00+09:00,85780.62095760723,87407.89560991956,85470.66388097631,86710.4921875,2214,0.0,0.0
2022-02-18 00:00:00+09:00,85858.08501796945,86400.50974281222,85625.61727875112,86245.53125,965,0.0,0.0
2022-02-21 00:00:00+09:00,86090.55956503378,86632.98433277027,85703.11330236486,86013.0703125,556,0.0,0.0
2022-02-22 00:00:00+09:00,85393.1670962697,85548.14562094532,83378.44627548657,83610.9140625,2241,0.0,0.0
2022-02-24 00:00:00+09:00,83920.87211941341,84540.78622555867,82216.10832751397,83223.46875,2500,0.0,0.0
2022-02-25 00:00:00+09:00,82603.55464385475,83455.93653980448,82526.0653805866,83223.46875,1983,0.0,0.0
2022-02-28 00:00:00+09:00,83300.95701314876,83920.87111185126,82990.9999637975,83610.9140625,1405,0.0,0.0
2022-03-01 00:00:00+09:00,84153.32241477273,85625.61811079546,83998.34392045454,85238.171875,1143,0.0,0.0
2022-03-02 00:00:00+09:00,84695.74822091585,86168.04393564357,84463.28047648515,86090.5546875,1361,0.0,0.0
2022-03-03 00:00:00+09:00,85935.5810599662,87097.91984797297,85703.11330236486,86013.0703125,1663,0.0,0.0
2022-03-04 00:00:00+09:00,86013.08108567543,86787.97370806891,85238.18846328196,85470.65625,777,0.0,0.0
2022-03-07 00:00:00+09:00,84773.24607208872,85005.71384011091,83765.8857439926,83843.375,961,0.0,0.0
2022-03-08 00:00:00+09:00,83610.91214788733,84385.80475352112,82448.57323943662,82526.0625,1481,0.0,0.0
2022-03-09 00:00:00+09:00,82681.0390625,84230.82423705483,82681.0390625,82681.0390625,1188,0.0,0.0
2022-03-10 00:00:00+09:00,83920.86914604534,84540.78323022665,83765.890625,83765.890625,799,0.0,0.0
2022-03-11 00:00:00+09:00,84153.31736751152,85238.16676267282,83455.91418490783,84075.828125,1638,0.0,0.0
2022-03-14 00:00:00+09:00,84540.78225011595,85238.18558673469,83533.421875,83533.421875,782,0.0,0.0
2022-03-15 00:00:00+09:00,84695.75586472603,85160.69139554794,84153.33107876712,84850.734375,870,0.0,0.0
2022-03-16 00:00:00+09:00,84850.74020786199,86090.5683752828,84385.80464507919,85625.6328125,982,0.0,0.0
2022-03-17 00:00:00+09:00,86013.07421168625,86245.54197982594,85315.67090726718,85703.1171875,576,0.0,0.0
2022-03-18 00:00:00+09:00,86013.07228662635,86942.94333837366,85625.62601506498,86478.0078125,805,0.0,0.0
2022-03-22 00:00:00+09:00,87020.42688653339,88260.2548742311,86478.00214191564,88182.765625,2388,0.0,0.0
2022-03-23 00:00:00+09:00,88182.76851237843,88260.25776414678,86478.0049734748,87640.34375,1559,0.0,0.0
2022-03-24 00:00:00+09:00,87407.88569868995,88725.203125,87097.92865720524,88725.203125,1045,0.0,0.0
2022-03-25 00:00:00+09:00,88570.22462483509,89422.6064891161,88105.2890625,88105.2890625,1289,0.0,0.0
2022-03-28 00:00:00+09:00,88105.27651104852,89422.59375,88105.27651104852,89422.59375,1092,0.0,0.0
2022-03-29 00:00:00+09:00,90120.00387570591,90197.49313097307,88725.19728089705,89190.1328125,1479,0.0,0.0
2022-03-30 00:00:00+09:00,90119.99403051821,90507.44026452732,88105.27361367086,89345.1015625,1092,0.0,0.0
2022-03-31 00:00:00+09:00,89112.64259839966,90429.95992376731,88802.68558066609,89577.578125,924,0.0,0.0
2022-04-01 00:00:00+09:00,89422.603515625,90507.453125,88802.689453125,90507.453125,876,0.0,0.0
2022-04-04 00:00:00+09:00,90507.45409906063,90972.38965093937,89655.0722539496,90739.921875,1031,0.0,0.0
2022-04-05 00:00:00+09:00,90739.91509359136,91592.296875,90352.46882931472,91592.296875,714,0.0,0.0
2022-04-06 00:00:00+09:00,91824.76459353705,92057.23235200171,90972.3828125,90972.3828125,486,0.0,0.0
2022-04-07 00:00:00+09:00,90972.38376817794,91127.36227544911,89965.02347091532,90584.9375,653,0.0,0.0
2022-04-08 00:00:00+09:00,91127.35320652174,91204.84245244565,89112.6328125,89112.6328125,807,0.0,0.0
2022-04-11 00:00:00+09:00,89112.64841069897,90662.43360045025,89112.64841069897,90352.4765625,482,0.0,0.0
2022-04-12 00:00:00+09:00,89887.54003654342,91127.3681749785,89887.54003654342,90120.0078125,366,0.0,0.0
2022-04-13 00:00:00+09:00,90197.49805699482,90739.92287348877,89577.58398100172,89732.5625,632,0.0,0.0
2022-04-14 00:00:00+09:00,89732.55567667958,90274.98045192721,89500.08791585917,89965.0234375,410,0.0,0.0
2022-04-15 00:00:00+09:00,90042.51365160035,90352.47066933391,89577.578125,89577.578125,514,0.0,0.0
2022-04-18 00:00:00+09:00,89655.0828578285,91049.88967843431,89655.0828578285,90817.421875,933,0.0,0.0
2022-04-19 00:00:00+09:00,90429.9560075431,90584.93450969827,89810.04199892242,89887.53125,821,0.0,0.0
2022-04-20 00:00:00+09:00,89965.01835731546,90429.9538527021,87872.80862807557,88182.765625,2531,0.0,0.0
2022-04-21 00:00:00+09:00,88725.1924302843,90042.50969780816,88725.1924302843,89267.6171875,682,0.0,0.0
2022-04-22 00:00:00+09:00,89267.62206776717,89810.04685463727,88647.7080256299,89190.1328125,441,0.0,0.0
2022-04-25 00:00:00+09:00,89190.13185283304,89655.0673794334,88492.72856293253,89577.578125,343,0.0,0.0
2022-04-26 00:00:00+09:00,89887.52722125436,90119.99496406796,88957.65625,88957.65625,582,0.0,0.0
2022-04-27 00:00:00+09:00,89267.62110726644,89965.02439716696,89035.15334396627,89577.578125,303,0.0,0.0
2022-04-28 00:00:00+09:00,89887.53214908457,90119.99990464255,88880.171875,88880.171875,1246,0.0,0.0
2022-05-02 00:00:00+09:00,89655.07226058685,90274.98632980438,89112.6474500215,90120.0078125,850,0.0,0.0
2022-05-06 00:00:00+09:00,89887.53712606838,90817.40819978632,89887.53712606838,90662.4296875,606,0.0,0.0
2022-05-09 00:00:00+09:00,90662.42173960138,90662.42173960138,89422.59375,89422.59375,527,0.0,0.0
2022-05-10 00:00:00+09:00,89655.07720467931,89965.03425638088,88802.6953125,88802.6953125,719,0.0,0.0
2022-05-11 00:00:00+09:00,88802.673690581,89112.63066681338,88027.78125,88027.78125,789,0.0,0.0
2022-05-12 00:00:00+09:00,88105.29098999343,88880.1836108377,87717.84467957131,88570.2265625,475,0.0,0.0
2022-05-13 00:00:00+09:00,88337.75390625,89577.58203125,88337.75390625,88647.7109375,696,0.0,0.0
2022-05-16 00:00:00+09:00,89267.61231569818,90584.92951132913,89112.63382209453,89345.1015625,887,0.0,0.0
2022-05-17 00:00:00+09:00,89732.56248659949,90507.45508147513,89500.09470813679,90352.4765625,378,0.0,0.0
2022-05-18 00:00:00+09:00,90274.98730301243,90739.92285993783,89965.03026506217,90352.4765625,558,0.0,0.0
2022-05-19 00:00:00+09:00,90197.49123182207,90662.42675363559,89577.57720273739,90584.9375,399,0.0,0.0
2022-05-20 00:00:00+09:00,90662.43360045025,90972.39063840051,90352.4765625,90352.4765625,611,0.0,0.0
2022-05-23 00:00:00+09:00,90739.91019281915,91437.31343085106,90429.95319813829,91049.8671875,1323,0.0,0.0
2022-05-24 00:00:00+09:00,91437.33601749147,91669.80382092576,90662.44333937713,90817.421875,906,0.0,0.0
2022-05-25 00:00:00+09:00,90972.38481165825,92057.234375,90972.38481165825,92057.234375,600,0.0,0.0
2022-05-26 00:00:00+09:00,92134.73628399582,92909.62893566946,92057.24701882845,92599.671875,741,0.0,0.0
2022-05-27 00:00:00+09:00,92289.70213857324,92909.61617476853,91669.78810237795,92057.234375,1193,0.0,0.0
2022-05-30 00:00:00+09:00,92677.15825252951,92677.15825252951,91902.265625,91902.265625,583,0.0,0.0
2022-05-31 00:00:00+09:00,92057.24023109244,92599.6650472689,91979.75097163866,92212.21875,719,0.0,0.0
2022-06-01 00:00:00+09:00,92367.18844776748,92677.14545598146,91979.7421875,91979.7421875,654,0.0,0.0
2022-06-02 00:00:00+09:00,92289.70800945378,92444.68652836134,91979.75097163866,92212.21875,410,0.0,0.0
2022-06-03 00:00:00+09:00,92444.69046427065,92444.69046427065,91747.28709949409,91902.265625,584,0.0,0.0
2022-06-06 00:00:00+09:00,91902.27051687763,92522.18465189873,91824.78125,91824.78125,1098,0.0,0.0
2022-06-07 00:00:00+09:00,92212.21485029312,92754.63964353014,91979.74708176298,92522.171875,892,0.0,0.0
2022-06-08 00:00:00+09:00,92444.6845703125,92832.130859375,92367.1953125,92367.1953125,501,0.0,0.0
2022-06-09 00:00:00+09:00,92832.118110855,92909.60735802598,92289.693380658,92444.671875,539,0.0,0.0
2022-06-10 00:00:00+09:00,92909.61620113922,92987.10545568563,92289.70216476798,92677.1484375,606,0.0,0.0
2022-06-13 00:00:00+09:00,92444.68261882328,92909.61815588358,91979.74708176298,92522.171875,691,0.0,0.0
2022-06-14 00:00:00+09:00,92522.17184847199,92599.66110462649,90662.42970076401,91282.34375,1020,0.0,0.0
2022-06-15 00:00:00+09:00,91514.80948583478,91824.76650356835,89267.62110726644,89577.578125,1378,0.0,0.0
2022-06-16 00:00:00+09:00,90972.39065198618,91437.326208981,89732.5625,89732.5625,1066,0.0,0.0
2022-06-17 00:00:00+09:00,89345.10561860613,91514.80462755755,89190.12711796675,90894.890625,2159,0.0,0.0
2022-06-20 00:00:00+09:00,91437.3252028181,91437.3252028181,90274.98632312127,90739.921875,959,0.0,0.0
2022-06-21 00:00:00+09:00,91282.34668552519,91282.34668552519,90429.96484041418,90739.921875,1006,0.0,0.0
2022-06-22 00:00:00+09:00,91127.35926724138,91127.35926724138,89732.55274784483,89887.53125,781,0.0,0.0
2022-06-23 00:00:00+09:00,89887.54100557462,90894.90137891295,89810.05174608705,90352.4765625,537,0.0,0.0
2022-06-24 00:00:00+09:00,90197.49805699482,90352.47657599309,89732.5625,89732.5625,451,0.0,0.0
2022-06-27 00:00:00+09:00,90274.98144195661,90817.40622315292,89810.04591521692,90197.4921875,404,0.0,0.0
2022-06-28 00:00:00+09:00,90894.89553098517,91437.3203125,90352.47074947033,91437.3203125,572,0.0,0.0
2022-06-29 00:00:00+09:00,90662.42094414894,91359.82418218085,90584.93169547872,91049.8671875,1246,0.0,0.0
2022-06-30 00:00:00+09:00,91049.8740399894,91437.3203125,90894.89553098517,91437.3203125,851,0.0,0.0
2022-07-01 00:00:00+09:00,91282.33687659846,91282.33687659846,90119.99812180307,90894.890625,1081,0.0,0.0
2022-07-04 00:00:00+09:00,91282.345703125,91514.8134765625,90584.9423828125,91127.3671875,961,0.0,0.0
2022-07-05 00:00:00+09:00,91049.8779296875,91204.8564453125,90584.9423828125,91127.3671875,673,0.0,0.0
2022-07-06 00:00:00+09:00,91049.87891632631,91282.3466922829,90120.0078125,90120.0078125,865,0.0,0.0
2022-07-07 00:00:00+09:00,90662.42771423969,90972.38473206614,89965.02442413016,90197.4921875,943,0.0,0.0
2022-07-08 00:00:00+09:00,94149.44241637684,95854.2059827639,92289.70034395458,94691.8671875,6568,0.0,0.0
2022-07-11 00:00:00+09:00,94459.39272227291,95699.22068253245,94226.92497972425,95544.2421875,2657,0.0,0.0
2022-07-12 00:00:00+09:00,95544.25194836516,96396.63375812348,95311.78418206742,95389.2734375,1604,0.0,0.0
2022-07-13 00:00:00+09:00,95621.73244083738,96784.07116580704,95544.24319250607,95776.7109375,1511,0.0,0.0
2022-07-14 00:00:00+09:00,95776.72461890244,96086.68165650406,95001.83202489838,95311.7890625,1060,0.0,0.0
2022-07-15 00:00:00+09:00,95931.69824455206,96474.12303268765,95079.31643462469,96009.1875,1122,0.0,0.0
2022-07-19 00:00:00+09:00,96784.08007342623,97094.03709527868,95776.71975240578,96629.1015625,1325,0.0,0.0
2022-07-20 00:00:00+09:00,96706.57996768983,97249.0046950727,95699.21975969306,95931.6875,1447,0.0,0.0
2022-07-21 00:00:00+09:00,95931.69337197581,97094.03214465726,95931.69337197581,96086.671875,958,0.0,0.0
2022-07-22 00:00:00+09:00,96784.08595638597,96861.57521655923,96164.171875,96164.171875,1105,0.0,0.0
2022-07-25 00:00:00+09:00,96706.59570626004,97249.02052192015,96241.66014997993,96551.6171875,1061,0.0,0.0
2022-07-26 00:00:00+09:00,96861.56056559505,97171.51755940495,96319.13582642771,97016.5390625,1533,0.0,0.0
2022-07-27 00:00:00+09:00,97016.54981165742,98023.91015315226,96629.1035264671,97713.953125,2615,0.0,0.0
2022-07-28 00:00:00+09:00,97133.69894913724,100631.14801113564,96259.33668363764,99041.3984375,14859,3170.0,0.0
2022-07-29 00:00:00+09:00,99041.39385,99915.756075,98326.00657499999,99359.34375,2445,0.0,0.0
2022-08-01 00:00:00+09:00,99359.3498592116,99359.3498592116,97849.08774135157,98802.9375,1896,0.0,0.0
2022-08-02 00:00:00+09:00,98405.49678383306,98643.95921545786,97292.67210291733,98087.546875,1246,0.0,0.0
2022-08-03 00:00:00+09:00,97610.6220117504,98484.98426104133,97213.18462570908,98087.546875,535,0.0,0.0
2022-08-04 00:00:00+09:00,97769.60491609726,99041.40465484325,97769.60491609726,98882.4296875,353,0.0,0.0
2022-08-05 00:00:00+09:00,98484.97021010316,98802.92007357403,98087.53288076456,98246.5078125,525,0.0,0.0
2022-08-08 00:00:00+09:00,97928.57988344051,98882.4296875,97928.57988344051,98882.4296875,325,0.0,0.0
2022-08-09 00:00:00+09:00,98564.45767597087,98802.92007357403,98167.02034663227,98246.5078125,417,0.0,0.0
2022-08-10 00:00:00+09:00,98167.03099489796,98326.00594387755,97372.15625,97372.15625,1006,0.0,0.0
2022-08-12 00:00:00+09:00,97372.16868857494,97690.11862714987,97054.21875,97054.21875,543,0.0,0.0
2022-08-15 00:00:00+09:00,97769.58447384428,98008.046875,97054.19727037713,98008.046875,290,0.0,0.0
2022-08-16 00:00:00+09:00,97928.5766194332,98246.52654352227,97531.13921432185,98167.0390625,352,0.0,0.0
2022-08-17 00:00:00+09:00,98167.02638705248,98326.00132856997,97610.61409174126,97690.1015625,432,0.0,0.0
2022-08-18 00:00:00+09:00,98167.02359501008,98564.4609375,97531.1238470262,98564.4609375,383,0.0,0.0
2022-08-19 00:00:00+09:00,98246.51576349718,98882.4155419017,98246.51576349718,98643.953125,495,0.0,0.0
2022-08-22 00:00:00+09:00,98643.96254022527,98802.9375,98008.06270112631,98802.9375,324,0.0,0.0
2022-08-23 00:00:00+09:00,98564.47646761133,99200.37631578947,97849.08913841093,98167.0390625,769,0.0,0.0
2022-08-24 00:00:00+09:00,98325.99674320762,98882.40901257098,98008.046875,98008.046875,445,0.0,0.0
2022-08-25 00:00:00+09:00,98643.9639486336,98643.9639486336,98167.0390625,98167.0390625,190,0.0,0.0
2022-08-26 00:00:00+09:00,98643.96254022527,98802.9375,98087.55018101368,98802.9375,351,0.0,0.0
2022-08-29 00:00:00+09:00,98643.95771650161,99120.88257250404,98008.05790849838,98326.0078125,763,0.0,0.0
2022-08-30 00:00:00+09:00,98882.40917810985,99677.28384995961,98087.5345062601,98405.484375,809,0.0,0.0
2022-08-31 00:00:00+09:00,98564.4699979625,98564.4699979625,97451.64533669519,97531.1328125,645,0.0,0.0
2022-09-01 00:00:00+09:00,98087.5482641721,98484.98565584217,97451.6484375,97451.6484375,593,0.0,0.0
2022-09-02 00:00:00+09:00,97531.13591583402,97928.57330750408,97451.6484375,97451.6484375,182,0.0,0.0
2022-09-05 00:00:00+09:00,97531.13293298498,98326.00769201502,97531.13293298498,97928.5703125,172,0.0,0.0
2022-09-06 00:00:00+09:00,97928.56869918699,98405.49354674797,97769.59375,97769.59375,141,0.0,0.0
2022-09-07 00:00:00+09:00,97769.59375,98167.03112296747,97531.1313262195,97769.59375,388,0.0,0.0
2022-09-08 00:00:00+09:00,97769.59375,98882.41839430894,97610.61880081301,97769.59375,512,0.0,0.0
2022-09-09 00:00:00+09:00,98484.98264382103,98484.98264382103,97531.13293298498,97928.5703125,490,0.0,0.0
2022-09-12 00:00:00+09:00,98167.02180910381,98246.50927615572,97849.07194089619,98008.046875,270,0.0,0.0
2022-09-13 00:00:00+09:00,98008.05939779173,98087.546875,97610.6220117504,98087.546875,237,0.0,0.0
2022-09-14 00:00:00+09:00,97849.08109693877,98087.54352040816,97372.15625,97372.15625,455,0.0,0.0
2022-09-15 00:00:00+09:00,97372.15167946501,98167.02638705248,97292.66420870626,97690.1015625,574,0.0,0.0
2022-09-16 00:00:00+09:00,97769.59336419753,97769.59336419753,96577.28125,96577.28125,581,0.0,0.0
2022-09-20 00:00:00+09:00,96577.28540223552,97054.2102684194,94669.5859375,94669.5859375,1303,0.0,0.0
2022-09-21 00:00:00+09:00,94749.07821637427,95623.44051535089,94272.1533260234,95146.515625,724,0.0,0.0
2022-09-22 00:00:00+09:00,94987.52376167012,95941.37337266597,94828.54882650415,95782.3984375,274,0.0,0.0
2022-09-26 00:00:00+09:00,95782.39943133951,95782.39943133951,94113.16259477675,94351.625,865,0.0,0.0
2022-09-27 00:00:00+09:00,94351.62971511995,95384.96685606061,94033.67982559974,94431.1171875,702,0.0,0.0
2022-09-28 00:00:00+09:00,94431.12129510309,94908.04615012887,92046.49701997422,92523.421875,1618,0.0,0.0
2022-09-29 00:00:00+09:00,92841.3706641286,94669.58258645303,92841.3706641286,93954.1953125,774,0.0,0.0
2022-09-30 00:00:00+09:00,93795.2098176865,94828.546875,93000.33515821458,94828.546875,815,0.0,0.0
2022-10-03 00:00:00+09:00,95225.98715248525,95225.98715248525,93477.26284751474,94351.625,685,0.0,0.0
2022-10-04 00:00:00+09:00,94590.09696922111,95623.43416300252,94431.12201633166,94908.046875,483,0.0,0.0
2022-10-05 00:00:00+09:00,95225.99353991596,95225.99353991596,94192.65638130251,94590.09375,461,0.0,0.0
2022-10-06 00:00:00+09:00,94431.12350440805,94749.07341519732,94192.66107131612,94669.5859375,274,0.0,0.0
2022-10-07 00:00:00+09:00,94272.14854901344,95146.51080368388,94113.1735936188,94669.5859375,348,0.0,0.0
2022-10-11 00:00:00+09:00,94113.16864406779,94590.09348516949,93397.78138241525,93795.21875,621,0.0,0.0
2022-10-12 00:00:00+09:00,94033.67982559974,94669.57960464015,93715.72993607954,94431.1171875,362,0.0,0.0
2022-10-13 00:00:00+09:00,93954.19970034248,94669.58700770549,92841.375,92841.375,732,0.0,0.0
2022-10-14 00:00:00+09:00,93477.27482876713,93795.22474315068,92841.375,92841.375,669,0.0,0.0
2022-10-17 00:00:00+09:00,93238.81390155578,93238.81390155578,92125.98918320815,92602.9140625,467,0.0,0.0
2022-10-18 00:00:00+09:00,92841.37028706084,93079.83271074336,92205.47049057411,92761.8828125,523,0.0,0.0
2022-10-19 00:00:00+09:00,92761.88741401548,93556.76219905417,92284.96254299226,92443.9375,439,0.0,0.0
2022-10-20 00:00:00+09:00,92284.96264982877,92920.8624785959,92284.96264982877,92841.375,291,0.0,0.0
2022-10-21 00:00:00+09:00,92841.38598549488,93159.3359375,92602.92352149104,93159.3359375,257,0.0,0.0
2022-10-24 00:00:00+09:00,93238.80276970284,93238.80276970284,92284.953125,92284.953125,529,0.0,0.0
2022-10-25 00:00:00+09:00,92284.95608766234,92364.44356060607,90774.69410173161,91808.03125,1102,0.0,0.0
2022-10-26 00:00:00+09:00,91728.55667866216,93954.20623412363,91728.55667866216,93874.71875,943,0.0,0.0
2022-10-27 00:00:00+09:00,94431.11759663341,95623.4296875,93397.7804512157,95623.4296875,850,0.0,0.0
2022-10-28 00:00:00+09:00,95067.02524834438,97769.599544702,94908.05028973511,96020.875,759,0.0,0.0
2022-10-31 00:00:00+09:00,97054.20921282949,97292.67164332785,96179.84696766887,96497.796875,699,0.0,0.0
2022-11-01 00:00:00+09:00,96497.7895011188,97690.1015625,95543.93985201383,97690.1015625,962,0.0,0.0
2022-11-02 00:00:00+09:00,97292.66539884868,97292.66539884868,96100.3533228824,96656.765625,684,0.0,0.0
2022-11-04 00:00:00+09:00,95861.89682828073,97054.20897788621,95225.99701515782,95702.921875,429,0.0,0.0
2022-11-07 00:00:00+09:00,95384.97323677581,95702.92314756507,94510.61098210537,94669.5859375,418,0.0,0.0
2022-11-08 00:00:00+09:00,94590.09845980268,95623.43566986776,94590.09845980268,94669.5859375,269,0.0,0.0
2022-11-09 00:00:00+09:00,95464.44856716804,96338.8107105809,94749.06135892116,95782.3984375,248,0.0,0.0
2022-11-10 00:00:00+09:00,96418.30892744975,96418.30892744975,94908.046875,94908.046875,311,0.0,0.0
2022-11-11 00:00:00+09:00,95384.97843056697,97133.70303512737,95384.97843056697,96736.265625,637,0.0,0.0
2022-11-14 00:00:00+09:00,96736.26231374172,96736.26231374172,95623.43760347682,96020.875,420,0.0,0.0
2022-11-15 00:00:00+09:00,95623.4296875,96259.32946929551,95464.45474205112,95623.4296875,375,0.0,0.0
2022-11-16 00:00:00+09:00,95782.4078616922,95941.3828125,95146.50805846106,95941.3828125,236,0.0,0.0
2022-11-17 00:00:00+09:00,96020.86231281198,96179.83725041598,95543.9375,95543.9375,175,0.0,0.0
2022-11-18 00:00:00+09:00,96179.84560403028,97133.6953125,95702.92074979542,97133.6953125,327,0.0,0.0
2022-11-21 00:00:00+09:00,96974.72807107642,97372.16548120379,96497.80317892358,96736.265625,545,0.0,0.0
2022-11-22 00:00:00+09:00,96656.76885245902,96974.71875,96259.3314805328,96974.71875,333,0.0,0.0
2022-11-24 00:00:00+09:00,96895.23425916393,97054.20921282949,96497.796875,96497.796875,358,0.0,0.0
2022-11-25 00:00:00+09:00,96577.28756157635,97133.6999178982,96338.82512315271,96815.75,318,0.0,0.0
2022-11-28 00:00:00+09:00,96815.75010220768,97292.67497955846,96577.28766353229,97213.1875,413,0.0,0.0
2022-11-29 00:00:00+09:00,96736.25805445192,97531.1328125,96736.25805445192,97531.1328125,387,0.0,0.0
2022-11-30 00:00:00+09:00,97531.12632665093,97531.12632665093,96895.2265625,96895.2265625,203,0.0,0.0
2022-12-01 00:00:00+09:00,96974.71822916667,97133.69317708333,95384.96875,95384.96875,553,0.0,0.0
2022-12-02 00:00:00+09:00,95702.91196293176,96577.274115417,94033.675126369,94351.625,678,0.0,0.0
2022-12-05 00:00:00+09:00,94351.62515729867,95702.91212248322,94272.13768875839,94749.0625,252,0.0,0.0
2022-12-06 00:00:00+09:00,95225.984375,95782.3966376252,94431.10971410685,95225.984375,275,0.0,0.0
2022-12-07 00:00:00+09:00,95384.97208436725,96100.359375,94908.04722394541,96100.359375,289,0.0,0.0
2022-12-08 00:00:00+09:00,95305.48127604167,95782.40611979166,94987.53138020833,95384.96875,351,0.0,0.0
2022-12-09 00:00:00+09:00,96259.33096354167,96259.33096354167,95384.96875,95384.96875,274,0.0,0.0
2022-12-12 00:00:00+09:00,96179.84375,96179.84375,94987.53163739669,96179.84375,262,0.0,0.0
2022-12-13 00:00:00+09:00,96179.84523871167,96179.84523871167,95543.94543548052,95941.3828125,185,0.0,0.0
2022-12-14 00:00:00+09:00,95782.4032953138,96418.30306822874,95543.94088047068,96259.328125,352,0.0,0.0
2022-12-15 00:00:00+09:00,96497.79377572016,96577.28125,95702.91903292181,96577.28125,211,0.0,0.0
2022-12-16 00:00:00+09:00,95782.41286794767,97451.64993867539,95782.41286794767,97213.1875,612,0.0,0.0
2022-12-19 00:00:00+09:00,96974.71875,97213.18117315574,96338.81895491804,96974.71875,473,0.0,0.0
2022-12-20 00:00:00+09:00,96974.72089694657,96974.72089694657,93079.8345658397,93715.734375,1168,0.0,0.0
2022-12-21 00:00:00+09:00,93715.73609427697,96020.87294477233,93715.73609427697,94272.1484375,911,0.0,0.0
2022-12-22 00:00:00+09:00,95067.00944282138,95384.95930717864,94272.13478192822,95225.984375,460,0.0,0.0
2022-12-23 00:00:00+09:00,95226.0011037234,95226.0011037234,93397.7890625,93397.7890625,616,0.0,0.0
2022-12-26 00:00:00+09:00,94272.13136038688,94749.05613961312,93636.23165475189,94510.59375,298,0.0,0.0
2022-12-27 00:00:00+09:00,94987.52815374164,95067.015625,94351.62838367476,95067.015625,246,0.0,0.0
2022-12-28 00:00:00+09:00,94669.58368352689,97531.1328125,94669.58368352689,97531.1328125,719,0.0,0.0
2022-12-29 00:00:00+09:00,96259.32471921797,96338.81218801998,95543.9375,95543.9375,432,0.0,0.0
2022-12-30 00:00:00+09:00,95623.43462983938,96736.25930549836,95543.9471530066,96497.796875,410,0.0,0.0
2023-01-04 00:00:00+09:00,96179.84823844713,96418.31067209617,95464.4609375,95464.4609375,399,0.0,0.0
2023-01-05 00:00:00+09:00,96020.86854166667,96020.86854166667,94431.1190625,95384.96875,745,0.0,0.0
2023-01-06 00:00:00+09:00,95384.96109958505,96100.34830783194,94908.03629408713,95782.3984375,419,0.0,0.0
2023-01-10 00:00:00+09:00,96497.796875,96497.796875,95861.89706033772,96497.796875,257,0.0,0.0
2023-01-11 00:00:00+09:00,96179.84696766887,96497.796875,95941.38453717051,96497.796875,313,0.0,0.0
2023-01-12 00:00:00+09:00,96497.796875,96815.74678233115,95782.40958350495,96497.796875,427,0.0,0.0
2023-01-13 00:00:00+09:00,95543.94841538301,96179.84823844713,95464.4609375,95464.4609375,563,0.0,0.0
2023-01-16 00:00:00+09:00,95543.94852560117,96020.87339344942,95464.46104762645,95861.8984375,672,0.0,0.0
2023-01-17 00:00:00+09:00,95782.40585609243,95782.40585609243,94351.63132878151,94590.09375,999,0.0,0.0
2023-01-18 00:00:00+09:00,92602.9025815784,95464.4515025542,92602.9025815784,95305.4765625,2003,0.0,0.0
2023-01-19 00:00:00+09:00,94431.1217799831,95146.5090661951,94033.68439875422,94113.171875,1128,0.0,0.0
2023-01-20 00:00:00+09:00,94192.66107131612,95146.51080368388,94192.66107131612,94669.5859375,478,0.0,0.0
2023-01-23 00:00:00+09:00,94828.56122382877,96020.87339344942,94828.56122382877,95861.8984375,911,0.0,0.0
2023-01-24 00:00:00+09:00,95782.40650720165,96577.28125,95464.4566100823,96577.28125,751,0.0,0.0
2023-01-25 00:00:00+09:00,96497.79338541666,96656.76833333333,95384.96875,95384.96875,1062,0.0,0.0
2023-01-26 00:00:00+09:00,93795.22220477386,95543.94668655779,93477.27229899497,94908.046875,4786,0.0,0.0
2023-01-27 00:00:00+09:00,94908.04124691611,96656.765625,94669.57883172286,96656.765625,1402,0.0,0.0
2023-01-30 00:00:00+09:00,96339.16858149509,101156.12701056985,96094.23849188113,99931.4765625,3743,3211.0,0.0
2023-01-31 00:00:00+09:00,99441.62876628664,101074.49623371335,99115.0552728013,100258.0625,4529,0.0,0.0
2023-02-01 00:00:00+09:00,99849.83319929535,100584.62346813726,98625.18275122548,99931.4765625,16995,0.0,0.0
2023-02-02 00:00:00+09:00,96829.03357796717,97073.96367976641,95441.09633443813,96992.3203125,11618,0.0,0.0
2023-02-03 00:00:00+09:00,96339.17588141026,96665.74935897437,95277.81207932693,95522.7421875,4595,0.0,0.0
2023-02-06 00:00:00+09:00,95604.38640329683,95767.67314352449,94869.59607227234,95032.8828125,2006,0.0,0.0
2023-02-07 00:00:00+09:00,95114.52534054487,95522.7421875,94951.23860176283,95522.7421875,1931,0.0,0.0
2023-02-08 00:00:00+09:00,95522.74579481944,95522.74579481944,94543.02532512898,94951.2421875,1557,0.0,0.0
2023-02-09 00:00:00+09:00,94787.942576108,95359.44610585198,94706.29921471601,94869.5859375,918,0.0,0.0
2023-02-10 00:00:00+09:00,94951.23795685553,95032.88132569204,94134.8042684905,94379.734375,1136,0.0,0.0
2023-02-13 00:00:00+09:00,94379.734375,94787.95121918253,93726.58742430796,94379.734375,1398,0.0,0.0
2023-02-14 00:00:00+09:00,94624.66596193085,95032.8828125,94216.44911136168,95032.8828125,615,0.0,0.0
2023-02-15 00:00:00+09:00,95359.4552254987,95359.4552254987,94053.16131830009,94134.8046875,1864,0.0,0.0
2023-02-16 00:00:00+09:00,94787.95587284483,94951.24261853448,94216.45226293104,94706.3125,1184,0.0,0.0
2023-02-17 00:00:00+09:00,94379.72930194806,94869.58948863637,94134.7992086039,94298.0859375,500,0.0,0.0
2023-02-20 00:00:00+09:00,94298.09649859185,94869.60011373484,94216.453125,94216.453125,867,0.0,0.0
2023-02-21 00:00:00+09:00,94298.09693337315,94624.67042924631,93971.5234375,93971.5234375,805,0.0,0.0
2023-02-22 00:00:00+09:00,93971.50935612597,94624.65625,93889.86599439173,94624.65625,807,0.0,0.0
2023-02-24 00:00:00+09:00,94298.09164663462,95522.7421875,94298.09164663462,95522.7421875,1848,0.0,0.0
2023-02-27 00:00:00+09:00,95522.7426092545,96012.60282776349,95114.525760497,95277.8125,3550,0.0,0.0
2023-02-28 00:00:00+09:00,95032.88197115385,95522.7421875,94624.66512419873,95522.7421875,2193,0.0,0.0
2023-03-01 00:00:00+09:00,95196.16934121621,95767.67293074324,93563.30194256756,93644.9453125,3600,0.0,0.0
2023-03-02 00:00:00+09:00,93644.93709918478,93971.51055027173,92665.21674592391,93889.8671875,2150,0.0,0.0
2023-03-03 00:00:00+09:00,93726.58761553698,94053.16109154931,92746.8671875,92746.8671875,1716,0.0,0.0
2023-03-06 00:00:00+09:00,93073.44088790113,94216.44805669991,93073.44088790113,94134.8046875,1035,0.0,0.0
2023-03-07 00:00:00+09:00,93889.86911525975,94869.58948863637,93400.00892857143,94298.0859375,1650,0.0,0.0
2023-03-08 00:00:00+09:00,94298.09034998906,94298.09034998906,93073.43982596323,93236.7265625,1084,0.0,0.0
2023-03-09 00:00:00+09:00,93155.07499317685,93644.93515966157,92910.14490993449,93481.6484375,1057,0.0,0.0
2023-03-10 00:00:00+09:00,92991.79645769484,93644.94340384194,92910.15308942644,93236.7265625,1633,0.0,0.0
2023-03-13 00:00:00+09:00,92991.80193941886,93073.4453125,92257.0115816886,93073.4453125,1777,0.0,0.0
2023-03-14 00:00:00+09:00,92828.4980399735,94053.148409894,91767.13438604241,92420.28125,2999,0.0,0.0
2023-03-15 00:00:00+09:00,93236.72824944691,93726.58846792036,92257.0078125,92257.0078125,991,0.0,0.0
2023-03-16 00:00:00+09:00,91848.79455838157,92093.72467720392,90624.14396426982,91685.5078125,1762,0.0,0.0
2023-03-17 00:00:00+09:00,92257.00203195067,92420.28876121076,90705.77810397983,91032.3515625,1720,0.0,0.0
2023-03-20 00:00:00+09:00,91195.63088007951,92991.7847559629,91195.63088007951,92420.28125,3131,0.0,0.0
2023-03-22 00:00:00+09:00,92338.6421214409,94624.65625,92338.6421214409,94624.65625,2371,0.0,0.0
2023-03-23 00:00:00+09:00,94134.79990911036,95441.09375,93971.51317899914,95441.09375,1316,0.0,0.0
2023-03-24 00:00:00+09:00,95359.45861921099,95686.03210763294,94298.09478183962,95196.171875,1892,0.0,0.0
2023-03-27 00:00:00+09:00,95196.16829177323,96339.17545822676,95196.16829177323,95767.671875,1280,0.0,0.0
2023-03-28 00:00:00+09:00,95930.95777671755,96747.39145992366,94951.23735687023,96257.53125,1495,0.0,0.0
2023-03-29 00:00:00+09:00,96094.24493117559,96420.81840587797,94869.59440104167,96012.6015625,1289,0.0,0.0
2023-03-30 00:00:00+09:00,95604.37966755319,96502.45667553192,95114.51948138299,95930.953125,1115,0.0,0.0
2023-03-31 00:00:00+09:00,95522.74176790281,95767.671875,94787.95144661125,95767.671875,714,0.0,0.0
2023-04-03 00:00:00+09:00,95522.73660339766,97727.10744809145,95441.09323877937,97318.890625,1735,0.0,0.0
2023-04-04 00:00:00+09:00,96502.46262019231,96584.10598958333,95359.45544871796,95522.7421875,2066,0.0,0.0
2023-04-05 00:00:00+09:00,95604.38873552745,96175.89234026587,94461.38152605061,95196.171875,1362,0.0,0.0
2023-04-06 00:00:00+09:00,94624.66638404391,95114.52660691214,94379.7362726098,94787.953125,853,0.0,0.0
2023-04-07 00:00:00+09:00,95196.17360810225,95196.17360810225,93644.94950985702,94216.453125,1474,0.0,0.0
2023-04-10 00:00:00+09:00,94053.16551724139,94951.24261853448,93971.52214439656,94706.3125,698,0.0,0.0
2023-04-11 00:00:00+09:00,94543.01643880208,94624.65980360242,93808.22615559895,94053.15625,825,0.0,0.0
2023-04-12 00:00:00+09:00,94053.15391304347,94216.44063858695,93563.29373641303,93889.8671875,985,0.0,0.0
2023-04-13 00:00:00+09:00,93889.86911525975,94298.0859375,93563.29565746753,94298.0859375,1768,0.0,0.0
2023-04-14 00:00:00+09:00,94706.29921471601,95032.872660284,94379.72576914802,94869.5859375,1605,0.0,0.0
2023-04-17 00:00:00+09:00,94379.72736413043,94869.58754076087,93808.22382472825,93889.8671875,954,0.0,0.0
2023-04-18 00:00:00+09:00,94053.15816767502,94543.018366465,94053.15816767502,94461.375,1440,0.0,0.0
2023-04-19 00:00:00+09:00,94053.15391304347,94298.08400135869,93889.8671875,93889.8671875,1196,0.0,0.0
2023-04-20 00:00:00+09:00,94298.09649859185,94543.02661936742,94053.16637781629,94216.453125,766,0.0,0.0
2023-04-21 00:00:00+09:00,94134.80975140815,94298.09649859185,93644.94950985702,94216.453125,872,0.0,0.0
2023-04-24 00:00:00+09:00,94053.15232358004,94951.229298892,94053.15232358004,94869.5859375,535,0.0,0.0
2023-04-25 00:00:00+09:00,94706.29842679795,95359.4453125,94543.01170537244,95359.4453125,614,0.0,0.0
2023-04-26 00:00:00+09:00,95522.7421875,95604.38555689102,94951.23860176283,95522.7421875,874,0.0,0.0
2023-04-27 00:00:00+09:00,95604.38555689102,95686.02892628206,95196.1687099359,95522.7421875,638,0.0,0.0
2023-04-28 00:00:00+09:00,95522.74011075949,96910.67736023208,95359.45337552743,96747.390625,1270,0.0,0.0
2023-05-01 00:00:00+09:00,97155.60389576343,97318.890625,96665.74370805369,97318.890625,1107,0.0,0.0
2023-05-02 00:00:00+09:00,97318.89611344539,97400.53948266807,96747.39252888656,97155.609375,717,0.0,0.0
2023-05-08 00:00:00+09:00,97073.96285463778,97563.82305407245,96829.03275492044,97482.1796875,1483,0.0,0.0
2023-05-09 00:00:00+09:00,97073.95940939881,97155.60277307367,96420.8125,96420.8125,1046,0.0,0.0
2023-05-10 00:00:00+09:00,96584.10347616793,97237.25041429925,96257.53000710228,96992.3203125,1118,0.0,0.0
2023-05-11 00:00:00+09:00,96420.8125,96747.3859546994,96012.59568162574,96420.8125,1514,0.0,0.0
2023-05-12 00:00:00+09:00,96175.88788167939,96339.17461832061,95767.67104007634,96257.53125,712,0.0,0.0
2023-05-15 00:00:00+09:00,96257.5327308867,97318.89653538332,96094.24599173336,96910.6796875,367,0.0,0.0
2023-05-16 00:00:00+09:00,96910.67380190856,97482.17735423658,96829.03043729028,97318.890625,560,0.0,0.0
2023-05-17 00:00:00+09:00,97073.96409546414,97237.25083069621,96420.81715453586,96747.390625,711,0.0,0.0
2023-05-18 00:00:00+09:00,97155.61298076922,97237.25635302198,96584.109375,96584.109375,1357,0.0,0.0
2023-05-19 00:00:00+09:00,96584.109375,96992.32623626373,96420.8226304945,96584.109375,478,0.0,0.0
2023-05-22 00:00:00+09:00,96502.46745119647,97400.54455945634,96502.46745119647,97237.2578125,1359,0.0,0.0
2023-05-23 00:00:00+09:00,97318.89546130953,97318.89546130953,95359.45461309524,96012.6015625,2455,0.0,0.0
2023-05-24 00:00:00+09:00,95930.95861306478,96339.17545822676,95604.3851369352,95767.671875,614,0.0,0.0
2023-05-25 00:00:00+09:00,95767.6663962766,96175.88321808512,95277.80621010638,95930.953125,872,0.0,0.0
2023-05-26 00:00:00+09:00,95522.74638912489,96502.46686491079,95522.74638912489,96094.25,721,0.0,0.0
2023-05-29 00:00:00+09:00,96992.31716652685,97400.5339896183,96012.59679110738,97318.890625,1853,0.0,0.0
2023-05-30 00:00:00+09:00,97318.8929543551,97563.82305407245,96829.03275492044,97482.1796875,582,0.0,0.0
2023-05-31 00:00:00+09:00,97482.18793293451,98053.69154728169,97073.97106554365,97237.2578125,1355,0.0,0.0
2023-06-01 00:00:00+09:00,97155.60001586293,97645.46018401015,96502.453125,96502.453125,770,0.0,0.0
2023-06-02 00:00:00+09:00,97073.96600577731,97155.609375,96502.46242121849,97155.609375,510,0.0,0.0
2023-06-05 00:00:00+09:00,97482.18201295988,97808.75548704014,97155.6085388796,97645.46875,471,0.0,0.0
2023-06-06 00:00:00+09:00,97645.47107157763,97808.7578125,97237.2542192717,97808.7578125,332,0.0,0.0
2023-06-07 00:00:00+09:00,97808.75590685247,97972.04264459346,97073.96558701801,97400.5390625,850,0.0,0.0
2023-06-08 00:00:00+09:00,97563.82071885487,97563.82071885487,96829.03043729028,97318.890625,800,0.0,0.0
2023-06-09 00:00:00+09:00,97645.4664206449,97808.75315378979,97237.24958778267,97482.1796875,611,0.0,0.0
2023-06-12 00:00:00+09:00,97890.40495007244,98788.48205970613,97727.11820286632,98625.1953125,982,0.0,0.0
2023-06-13 00:00:00+09:00,99196.69702696384,99196.69702696384,97972.04644638403,98216.9765625,646,0.0,0.0
2023-06-14 00:00:00+09:00,98298.60897369511,98625.18242543496,98135.32224782518,98543.5390625,308,0.0,0.0
2023-06-15 00:00:00+09:00,98543.5460377164,99359.97972485573,98543.5460377164,99033.40625,1653,0.0,0.0
2023-06-16 00:00:00+09:00,98788.47490026595,99768.1953125,98543.54479720745,99768.1953125,996,0.0,0.0
2023-06-19 00:00:00+09:00,99768.20037816843,99849.84375,99359.98351901062,99849.84375,604,0.0,0.0
2023-06-20 00:00:00+09:00,99931.48204787234,99931.48204787234,99359.97847406914,99768.1953125,668,0.0,0.0
2023-06-21 00:00:00+09:00,99686.55931760205,100013.1328125,99196.6990752551,100013.1328125,623,0.0,0.0
2023-06-22 00:00:00+09:00,100013.11992570465,100094.76328890931,99604.90310968137,99931.4765625,530,0.0,0.0
2023-06-23 00:00:00+09:00,99931.48900651466,100829.56611359934,99768.20225977199,100258.0625,655,0.0,0.0
2023-06-26 00:00:00+09:00,100421.35387073863,100829.57075639204,100013.13698508522,100584.640625,470,0.0,0.0
2023-06-27 00:00:00+09:00,100829.5698707593,101074.5,100094.77948303716,101074.5,618,0.0,0.0
2023-06-28 00:00:00+09:00,101074.48820612981,101890.921875,100911.20147235577,101890.921875,932,0.0,0.0
2023-06-29 00:00:00+09:00,101972.5609702357,102788.99460490531,101074.48397209911,101319.4140625,2222,0.0,0.0
2023-06-30 00:00:00+09:00,101809.270308753,102299.13047062351,101074.48006594724,102135.84375,882,0.0,0.0
2023-07-03 00:00:00+09:00,102135.8639940239,102952.29775896414,101890.93386454183,102462.4375,1447,0.0,0.0
2023-07-04 00:00:00+09:00,102462.42106958762,102952.28125,102380.77770618556,102952.28125,898,0.0,0.0
2023-07-05 00:00:00+09:00,102788.99644549763,103360.5,102544.0663507109,103360.5,710,0.0,0.0
2023-07-06 00:00:00+09:00,103360.51099445325,103523.79774167987,102789.00737916006,103033.9375,960,0.0,0.0
2023-07-07 00:00:00+09:00,102789.00379235619,104013.65435382191,102380.78693853428,103605.4375,1228,0.0,0.0
2023-07-10 00:00:00+09:00,103768.71208926482,104830.0757849064,103687.06872806163,104666.7890625,2327,0.0,0.0
2023-07-11 00:00:00+09:00,104095.29262987972,104258.5793634168,103360.50232896293,103523.7890625,1691,0.0,0.0
2023-07-12 00:00:00+09:00,103523.8013944223,104013.66165338644,102462.4375,102462.4375,1809,0.0,0.0
2023-07-13 00:00:00+09:00,102462.42309766253,102544.06646268058,101482.70271744583,101727.6328125,1389,0.0,0.0
2023-07-14 00:00:00+09:00,102135.86434084008,102299.15109438259,100747.92693572874,100829.5703125,1129,0.0,0.0
2023-07-18 00:00:00+09:00,100747.92693572874,101319.43057312752,100421.35342864372,100829.5703125,906,0.0,0.0
2023-07-19 00:00:00+09:00,101074.48820612981,101890.921875,100829.55810546875,101890.921875,663,0.0,0.0
2023-07-20 00:00:00+09:00,101972.56988817891,102789.0035942492,101972.56988817891,102217.5,881,0.0,0.0
2023-07-21 00:00:00+09:00,102299.13047062351,102299.13047062351,101401.05350719424,102135.84375,1081,0.0,0.0
2023-07-24 00:00:00+09:00,102135.85662939298,103033.93370607028,102135.85662939298,102217.5,1169,0.0,0.0
2023-07-25 00:00:00+09:00,102462.41953686153,102462.41953686153,101809.2726394154,102299.1328125,1200,0.0,0.0
2023-07-26 00:00:00+09:00,102462.42420569809,103033.92776700477,102380.78083979714,102625.7109375,1215,0.0,0.0
2023-07-27 00:00:00+09:00,102054.19883214569,103442.13593626287,102054.19883214569,103115.5625,2714,0.0,0.0
2023-07-28 00:00:00+09:00,101725.14172069503,102312.17881224067,99712.44312110996,101054.2421875,13221,3342.0,0.0
2023-07-31 00:00:00+09:00,101389.6871885382,101641.27450166113,100718.78768687707,100970.375,2053,0.0,0.0
2023-08-01 00:00:00+09:00,101389.68484558514,101389.68484558514,99712.43613019085,99964.0234375,1592,0.0,0.0
2023-08-02 00:00:00+09:00,99964.0234375,100467.19805211828,99796.29856596056,99964.0234375,833,0.0,0.0
2023-08-03 00:00:00+09:00,100047.89171281645,100047.89171281645,99376.9921875,99376.9921875,1042,0.0,0.0
2023-08-04 00:00:00+09:00,99376.98470325631,99880.15930934875,99376.98470325631,99796.296875,865,0.0,0.0
2023-08-07 00:00:00+09:00,99796.30665204678,100383.34375,99796.30665204678,100383.34375,669,0.0,0.0
2023-08-08 00:00:00+09:00,100383.33731155779,100718.7870603015,100047.88756281407,100131.75,721,0.0,0.0
2023-08-09 00:00:00+09:00,100131.75415348102,100131.75415348102,99125.40486550632,99376.9921875,1079,0.0,0.0
2023-08-10 00:00:00+09:00,99293.1259382819,100551.0625,99041.53862593828,100551.0625,784,0.0,0.0
2023-08-14 00:00:00+09:00,100551.06863512949,101054.24329051796,100215.61886487051,100383.34375,884,0.0,0.0
2023-08-15 00:00:00+09:00,100718.7870603015,100718.7870603015,99712.43781407035,100131.75,726,0.0,0.0
2023-08-16 00:00:00+09:00,100299.47044553421,100467.1953125,99964.02071160267,100467.1953125,563,0.0,0.0
2023-08-17 00:00:00+09:00,99964.02619097807,100299.47594329678,99460.8515625,99460.8515625,835,0.0,0.0
2023-08-18 00:00:00+09:00,99376.9921875,100299.47903481012,99376.9921875,99376.9921875,613,0.0,0.0
2023-08-21 00:00:00+09:00,99376.9921875,99964.02927215189,99376.9921875,99376.9921875,500,0.0,0.0
2023-08-22 00:00:00+09:00,99796.30665204678,100551.06863512949,99628.5817669173,100383.34375,537,0.0,0.0
2023-08-23 00:00:00+09:00,100551.06892158902,100802.65625,99796.30693635606,100802.65625,412,0.0,0.0
2023-08-24 00:00:00+09:00,101054.23743770763,101054.23743770763,100299.47549833887,100970.375,390,0.0,0.0
2023-08-25 00:00:00+09:00,100886.51730420125,101054.2421875,100467.20509595436,101054.2421875,351,0.0,0.0
2023-08-28 00:00:00+09:00,101054.23469783057,101473.546875,100802.64739152892,101473.546875,501,0.0,0.0
2023-08-29 00:00:00+09:00,101389.69144777188,102563.765625,101389.69144777188,102563.765625,959,0.0,0.0
2023-08-30 00:00:00+09:00,102731.4877441009,103234.66237794956,102479.90042717657,103066.9375,607,0.0,0.0
2023-08-31 00:00:00+09:00,102815.36104183632,103737.84796798657,102731.49859400449,102983.0859375,1144,0.0,0.0
2023-09-01 00:00:00+09:00,102899.20883824416,104408.73268428197,102479.89665878922,104241.0078125,1841,0.0,0.0
2023-09-04 00:00:00+09:00,104157.14537660901,104408.73268428197,103486.2458894811,104241.0078125,401,0.0,0.0
2023-09-05 00:00:00+09:00,104241.00305706522,104492.59035326088,103570.10360054349,104157.140625,546,0.0,0.0
2023-09-06 00:00:00+09:00,104408.73268428197,104828.04486373693,103653.97076126307,104241.0078125,1480,0.0,0.0
2023-09-07 00:00:00+09:00,104828.04486373693,104828.04486373693,104241.0078125,104241.0078125,277,0.0,0.0
2023-09-08 00:00:00+09:00,104157.1517982544,105163.50109099117,103989.42691613162,104492.6015625,1351,0.0,0.0
2023-09-11 00:00:00+09:00,104157.14601207103,105666.66986731843,104157.14601207103,105079.6328125,1626,0.0,0.0
2023-09-12 00:00:00+09:00,104576.4544877914,104660.31692122188,103989.41745377814,104324.8671875,778,0.0,0.0
2023-09-13 00:00:00+09:00,103821.70203400882,105163.50109099117,103821.70203400882,104492.6015625,1518,0.0,0.0
2023-09-14 00:00:00+09:00,104492.60018014412,105331.22457966373,104073.2879803843,104744.1875,836,0.0,0.0
2023-09-15 00:00:00+09:00,104744.18888568418,104911.91376780698,104241.0142393158,104492.6015625,421,0.0,0.0
2023-09-19 00:00:00+09:00,105247.36136217313,105834.3984375,104744.18672617868,105834.3984375,1069,0.0,0.0
2023-09-20 00:00:00+09:00,105079.62637470542,106756.875,105079.62637470542,106756.875,1075,0.0,0.0
2023-09-21 00:00:00+09:00,106421.43274965497,106840.7449354298,106002.12056388012,106337.5703125,621,0.0,0.0
2023-09-22 00:00:00+09:00,106505.29179440268,106505.29179440268,105079.6304081784,106002.1171875,746,0.0,0.0
2023-09-25 00:00:00+09:00,105666.66744956488,106589.15422888647,105498.94258059732,106002.1171875,476,0.0,0.0
2023-09-26 00:00:00+09:00,106085.98131417851,106253.70618582149,105498.94426342811,106169.84375,365,0.0,0.0
2023-09-27 00:00:00+09:00,105918.25949851779,106505.29656620554,105750.53462203557,106085.984375,366,0.0,0.0
2023-09-28 00:00:00+09:00,106421.43179494214,106421.43179494214,104995.77037609737,105079.6328125,735,0.0,0.0
2023-09-29 00:00:00+09:00,104828.03836945565,105163.48809223791,103234.65218623992,103989.4140625,1181,0.0,0.0
2023-10-02 00:00:00+09:00,103989.41200324411,104576.44900648824,103402.375,103402.375,455,0.0,0.0
2023-10-03 00:00:00+09:00,103150.80271361407,103570.11491976697,101976.72853638594,102563.765625,994,0.0,0.0
2023-10-04 00:00:00+09:00,102396.03128260642,102647.61858305508,100215.60801205134,100467.1953125,1885,0.0,0.0
2023-10-05 00:00:00+09:00,101305.82764070146,102815.3515625,101221.96520060155,102815.3515625,928,0.0,0.0
2023-10-06 00:00:00+09:00,102731.4863725142,103318.5234375,102312.17418323863,103318.5234375,654,0.0,0.0
2023-10-10 00:00:00+09:00,103066.93203565673,104408.73098811443,103066.93203565673,104073.28125,436,0.0,0.0
2023-10-11 00:00:00+09:00,104408.73713680387,104408.73713680387,103737.83762106537,103905.5625,512,0.0,0.0
2023-10-12 00:00:00+09:00,104241.01730045181,104828.05440512048,103821.70508283132,104408.7421875,338,0.0,0.0
2023-10-13 00:00:00+09:00,104408.7302818481,105247.35462146133,104157.14297996412,105163.4921875,611,0.0,0.0
2023-10-16 00:00:00+09:00,105331.21365,105498.9385125,104324.86447500001,104828.0390625,687,0.0,0.0
2023-10-17 00:00:00+09:00,105415.07981905283,106002.11685861796,104828.04277948769,105582.8046875,924,0.0,0.0
2023-10-18 00:00:00+09:00,105750.52582482326,106840.73743126473,105582.8009622938,106756.875,955,0.0,0.0
2023-10-19 00:00:00+09:00,105582.80974555336,106924.60875741107,105582.80974555336,106085.984375,590,0.0,0.0
2023-10-20 00:00:00+09:00,105498.95479910714,106002.12946428572,105331.22991071429,105666.6796875,417,0.0,0.0
2023-10-23 00:00:00+09:00,105079.63864992977,105666.67573735955,104408.7391214386,104492.6015625,637,0.0,0.0
2023-10-24 00:00:00+09:00,104157.13892389114,105163.48809223791,103989.4140625,103989.4140625,606,0.0,0.0
2023-10-25 00:00:00+09:00,104324.86784788677,105415.07948938398,103905.55567808014,105163.4921875,806,0.0,0.0
2023-10-26 00:00:00+09:00,104241.01286028823,105415.08701961569,104241.01286028823,104744.1875,382,0.0,0.0
2023-10-27 00:00:00+09:00,105498.93853102907,106840.73743126473,105415.07609976434,106756.875,671,0.0,0.0
2023-10-30 00:00:00+09:00,106505.29994089835,106673.02482269504,105415.08820921986,106421.4375,498,0.0,0.0
2023-10-31 00:00:00+09:00,105498.94225327641,106756.87876663027,105331.21738482923,105582.8046875,781,0.0,0.0
2023-11-01 00:00:00+09:00,105582.81696339641,106924.61606698207,105247.3671875,105247.3671875,666,0.0,0.0
2023-11-02 00:00:00+09:00,105498.94868017038,106169.84819482964,104995.77404417591,105834.3984375,596,0.0,0.0
2023-11-06 00:00:00+09:00,106253.71651518924,106253.71651518924,105247.3671875,105247.3671875,388,0.0,0.0
2023-11-07 00:00:00+09:00,104995.77846780604,105750.54045359699,104576.46625347775,105498.953125,703,0.0,0.0
2023-11-08 00:00:00+09:00,105498.9426369863,105498.9426369863,103989.41881547139,104073.28125,412,0.0,0.0
2023-11-09 00:00:00+09:00,104660.32275666937,104660.32275666937,103234.66130886217,103737.8359375,689,0.0,0.0
2023-11-10 00:00:00+09:00,103737.82745625,104828.0390625,103737.82745625,104828.0390625,560,0.0,0.0
2023-11-13 00:00:00+09:00,104492.6032401843,105247.36522185497,104492.6032401843,104660.328125,278,0.0,0.0
2023-11-14 00:00:00+09:00,105079.63587634783,105666.67294828274,104660.32368210862,104995.7734375,431,0.0,0.0
2023-11-15 00:00:00+09:00,105666.66270783848,106337.56215360253,105247.35055423595,105918.25,526,0.0,0.0
2023-11-16 00:00:00+09:00,105918.25475301621,106169.84205646756,105331.21771162974,106002.1171875,532,0.0,0.0
2023-11-17 00:00:00+09:00,106253.69765749403,106253.69765749403,105247.34850840963,105331.2109375,555,0.0,0.0
2023-11-20 00:00:00+09:00,105918.26702008929,106002.12946428572,105415.09235491072,105666.6796875,433,0.0,0.0
2023-11-21 00:00:00+09:00,106002.12331616483,106253.71063416205,105582.81111950277,105834.3984375,486,0.0,0.0
2023-11-22 00:00:00+09:00,105498.94426342811,106169.84375,105415.08182760664,106169.84375,289,0.0,0.0
2023-11-24 00:00:00+09:00,106085.98605835634,106505.29825621546,105918.2611792127,106253.7109375,454,0.0,0.0
2023-11-27 00:00:00+09:00,106253.70041241162,106756.875,106002.11311861745,106756.875,378,0.0,0.0
2023-11-28 00:00:00+09:00,106085.984375,106840.74631916996,106085.984375,106085.984375,675,0.0,0.0
2023-11-29 00:00:00+09:00,106505.2985578813,106840.74831711872,106253.71123845322,106673.0234375,419,0.0,0.0
2023-11-30 00:00:00+09:00,106673.0251177394,106840.75,106002.12558869702,106840.75,1008,0.0,0.0
2023-12-01 00:00:00+09:00,106589.14944576405,107092.3240300871,105331.21298495645,105918.25,844,0.0,0.0
2023-12-04 00:00:00+09:00,105247.36105931783,105918.26057204655,105163.49862022673,105415.0859375,420,0.0,0.0
2023-12-05 00:00:00+09:00,104995.77037609737,105666.66986731843,104995.77037609737,105079.6328125,529,0.0,0.0
2023-12-06 00:00:00+09:00,105163.48812351545,106002.1124307205,105079.62569279493,105918.25,292,0.0,0.0
2023-12-07 00:00:00+09:00,105415.09235491072,105666.6796875,104995.78013392858,105666.6796875,342,0.0,0.0
2023-12-08 00:00:00+09:00,104828.0424516547,105750.52922522927,104828.0424516547,105163.4921875,662,0.0,0.0
2023-12-11 00:00:00+09:00,106169.84205646756,106169.84205646756,105247.35527714597,106002.1171875,344,0.0,0.0
2023-12-12 00:00:00+09:00,106085.99022505962,106085.99022505962,105247.36579640303,105498.953125,384,0.0,0.0
2023-12-13 00:00:00+09:00,105666.66679126794,105666.66679126794,104995.76731957735,105163.4921875,301,0.0,0.0
2023-12-14 00:00:00+09:00,105415.08191497385,105415.08191497385,104241.0078125,104241.0078125,374,0.0,0.0
2023-12-15 00:00:00+09:00,104157.14812803153,104408.73544235044,103486.24862318109,103737.8359375,667,0.0,0.0
2023-12-18 00:00:00+09:00,102815.34473207091,104073.28125,102815.34473207091,104073.28125,515,0.0,0.0
2023-12-19 00:00:00+09:00,103989.42691613162,104492.6015625,103821.70203400882,104492.6015625,409,0.0,0.0
2023-12-20 00:00:00+09:00,104660.32275666937,104828.04763288198,103486.24862318109,103737.8359375,597,0.0,0.0
2023-12-21 00:00:00+09:00,104157.13822408536,104408.7255144817,102899.20177210365,103150.7890625,550,0.0,0.0
2023-12-22 00:00:00+09:00,103318.51798633441,104492.59205436094,103150.79311947348,104324.8671875,590,0.0,0.0
2023-12-25 00:00:00+09:00,104492.58794461381,104492.58794461381,103150.7890625,103150.7890625,460,0.0,0.0
2023-12-26 00:00:00+09:00,103318.5262030995,103486.25108329934,102479.90180210033,102815.3515625,564,0.0,0.0
2023-12-27 00:00:00+09:00,103402.38786319613,104660.3244552058,102983.07566585956,103905.5625,732,0.0,0.0
2023-12-28 00:00:00+09:00,104828.05524553572,105666.6796875,104660.33035714287,105666.6796875,626,0.0,0.0
2023-12-29 00:00:00+09:00,105331.2109375,106169.83522840367,105163.48607931926,105331.2109375,759,0.0,0.0
2024-01-04 00:00:00+09:00,105331.22243083004,106505.29656620554,105331.22243083004,106085.984375,548,0.0,0.0
2024-01-05 00:00:00+09:00,106253.71123845322,106756.88587730935,106253.71123845322,106673.0234375,1197,0.0,0.0
2024-01-09 00:00:00+09:00,107008.4615993666,107008.4615993666,105750.525138559,105918.25,1671,0.0,0.0
2024-01-10 00:00:00+09:00,106421.43105746446,106589.15592910742,106085.98131417851,106169.84375,645,0.0,0.0
2024-01-11 00:00:00+09:00,106505.29825621546,106589.16069578729,106169.84849792816,106253.7109375,536,0.0,0.0
2024-01-12 00:00:00+09:00,106505.29825621546,106589.16069578729,106169.84849792816,106253.7109375,1068,0.0,0.0
2024-01-15 00:00:00+09:00,106505.29994089835,106673.02482269504,106337.57505910165,106421.4375,452,0.0,0.0
2024-01-16 00:00:00+09:00,106505.29141478159,107930.95279592434,106337.56654641186,107511.640625,1313,0.0,0.0
2024-01-17 00:00:00+09:00,107679.37301781519,108014.8227779953,107092.3359375,107092.3359375,853,0.0,0.0
2024-01-18 00:00:00+09:00,106505.28770620581,107092.32472505892,106337.56284367635,106756.875,1286,0.0,0.0
2024-01-19 00:00:00+09:00,108014.81968896714,108434.1318772007,106924.60799955986,107176.1953125,1360,0.0,0.0
2024-01-22 00:00:00+09:00,107343.92141756548,108937.30775110747,107343.92141756548,108853.4453125,2198,0.0,0.0
2024-01-23 00:00:00+09:00,108937.30882994186,109021.17126937985,108182.546875,108182.546875,1474,0.0,0.0
2024-01-24 00:00:00+09:00,108182.54349727838,108350.26837091758,107595.5064395412,107847.09375,1172,0.0,0.0
2024-01-25 00:00:00+09:00,107847.09650878907,108098.6838256836,107343.921875,107343.921875,1341,0.0,0.0
2024-01-26 00:00:00+09:00,107343.91439688715,108350.26359435798,107008.46466439689,107763.2265625,2273,0.0,0.0
2024-01-29 00:00:00+09:00,108350.2765056158,108601.8638349632,107511.65207445777,108266.4140625,2013,0.0,0.0
2024-01-30 00:00:00+09:00,108310.32211442538,108999.09999750598,107449.34976057462,107879.8359375,3177,3351.0,0.0
2024-01-31 00:00:00+09:00,107621.5408509036,107707.63808358433,106416.1795933735,107191.0546875,4243,0.0,0.0
2024-02-01 00:00:00+09:00,106502.27505625,108568.60860625,106157.88613125,107621.5390625,8355,0.0,0.0
2024-02-02 00:00:00+09:00,106588.37144431089,108310.3160556891,106416.17698317308,107449.34375,4481,0.0,0.0
2024-02-05 00:00:00+09:00,107535.4436182229,108052.02701430723,106846.6657567771,107191.0546875,1597,0.0,0.0
2024-02-06 00:00:00+09:00,107621.53382513934,108224.21441456012,107104.95046277867,108138.1171875,1267,0.0,0.0
2024-02-07 00:00:00+09:00,108052.03040827016,108740.80829135077,107707.64146672985,107879.8359375,1390,0.0,0.0
2024-02-08 00:00:00+09:00,108224.21607195625,109860.0634111505,108224.21607195625,109257.3828125,2055,0.0,0.0
2024-02-09 00:00:00+09:00,109257.38366689614,111065.42547698662,109257.38366689614,109429.578125,2150,0.0,0.0
2024-02-13 00:00:00+09:00,110548.84647700471,110634.94370946345,109171.29075766509,109515.6796875,1168,0.0,0.0
2024-02-14 00:00:00+09:00,110118.35688414754,112012.4959392306,108826.8984375,108826.8984375,3841,0.0,0.0
2024-02-15 00:00:00+09:00,109601.77513826352,110721.03914203211,109429.58067614527,109946.1640625,1444,0.0,0.0
2024-02-16 00:00:00+09:00,110118.36370239258,110462.75264282226,108826.90517578126,110204.4609375,1945,0.0,0.0
2024-02-19 00:00:00+09:00,109429.58617443137,110032.2668221269,107363.25252518954,107879.8359375,2031,0.0,0.0
2024-02-20 00:00:00+09:00,108568.6120143581,109515.68158783784,107707.63967483108,108310.3203125,1072,0.0,0.0
2024-02-21 00:00:00+09:00,108568.6137022088,109085.19711395602,107621.54411400553,108654.7109375,1078,0.0,0.0
2024-02-22 00:00:00+09:00,108310.31260080646,108396.40982862904,106760.5625,106760.5625,1539,0.0,0.0
2024-02-26 00:00:00+09:00,106760.56433523654,107707.63385756525,105383.00866639477,105555.203125,5088,0.0,0.0
2024-02-27 00:00:00+09:00,106157.88621197622,107449.34468170829,106157.88621197622,106846.6640625,1307,0.0,0.0
2024-02-28 00:00:00+09:00,107191.05383899838,107879.83169499195,106760.5676790024,107018.859375,1566,0.0,0.0
2024-02-29 00:00:00+09:00,107104.95678571428,107277.15125,105038.6232142857,105469.109375,2080,0.0,0.0
2024-03-01 00:00:00+09:00,105899.59638600245,106330.08255017319,105296.9157561634,105641.3046875,976,0.0,0.0
2024-03-04 00:00:00+09:00,105899.59375,106330.07990345529,105296.91313516261,105899.59375,1128,0.0,0.0
2024-03-05 00:00:00+09:00,105985.70176799007,106330.09072580644,102541.81218982629,104091.5625,6782,0.0,0.0
2024-03-06 00:00:00+09:00,104177.64666923867,105210.81341306584,103919.35498328188,104608.1328125,1173,0.0,0.0
2024-03-07 00:00:00+09:00,104952.51737541186,104952.51737541186,103919.35067442339,104522.03125,1529,0.0,0.0
2024-03-08 00:00:00+09:00,104091.55298884855,105038.62253630704,103574.96959932572,103747.1640625,1753,0.0,0.0
2024-03-11 00:00:00+09:00,103833.26994873655,104263.75614255386,103316.68651615577,103919.3671875,1163,0.0,0.0
2024-03-12 00:00:00+09:00,104177.6528702163,104177.6528702163,102627.90266222962,103488.875,1149,0.0,0.0
2024-03-13 00:00:00+09:00,103833.26232653491,104091.55402386459,102197.41491011354,102369.609375,974,0.0,0.0
2024-03-14 00:00:00+09:00,103058.37757193689,104349.8359375,102713.98867445339,104349.8359375,962,0.0,0.0
2024-03-15 00:00:00+09:00,104608.13105148566,106157.8811411373,104263.74214267418,105038.6171875,1214,0.0,0.0
2024-03-18 00:00:00+09:00,105383.01298899755,106071.79085167074,105038.62405766096,105641.3046875,900,0.0,0.0
2024-03-19 00:00:00+09:00,106071.78637459807,107535.43927100081,105727.39745779743,107104.953125,1161,0.0,0.0
2024-03-21 00:00:00+09:00,108482.5147804054,108826.90371621621,107191.05627111487,108310.3203125,1186,0.0,0.0
2024-03-22 00:00:00+09:00,108568.60498547084,109257.3828125,107965.92438682032,109257.3828125,1147,0.0,0.0
2024-03-25 00:00:00+09:00,109343.48522258255,109946.16584979363,109171.29075766509,109515.6796875,876,0.0,0.0
2024-03-26 00:00:00+09:00,109515.67705882354,109860.06598039216,108999.09367647058,109773.96875,818,0.0,0.0
2024-03-27 00:00:00+09:00,109860.07199707032,110376.65540771485,109257.39135131837,110204.4609375,1131,0.0,0.0
2024-03-28 00:00:00+09:00,110376.65021779561,110376.65021779561,109429.58067614527,109946.1640625,847,0.0,0.0
2024-03-29 00:00:00+09:00,110376.64914554532,112098.59375,109515.67684331797,112098.59375,2764,0.0,0.0
2024-04-01 00:00:00+09:00,112615.18460778781,114767.6155062547,112529.08737184913,114423.2265625,2370,0.0,0.0
2024-04-02 00:00:00+09:00,113045.66161995733,113476.1477647401,110893.23089604345,110979.328125,1186,0.0,0.0
2024-04-03 00:00:00+09:00,111668.11393432617,111668.11393432617,109860.07199707032,110204.4609375,728,0.0,0.0
2024-04-04 00:00:00+09:00,110634.9453125,110721.04254620623,109601.7785080253,110634.9453125,569,0.0,0.0
2024-04-05 00:00:00+09:00,109860.06427025964,110462.74487362313,108912.99475068843,109429.578125,652,0.0,0.0
2024-04-08 00:00:00+09:00,109601.7785080253,110979.3342473249,109343.48680690661,110634.9453125,619,0.0,0.0
2024-04-09 00:00:00+09:00,110721.03643813034,111926.39764352211,110548.84198021723,110979.328125,608,0.0,0.0
2024-04-10 00:00:00+09:00,111151.52871473736,112098.59828550584,110290.55637767511,110634.9453125,673,0.0,0.0
2024-04-11 00:00:00+09:00,110376.64837093338,111237.62066711852,110032.25945245933,111151.5234375,513,0.0,0.0
2024-04-12 00:00:00+09:00,111495.91775445729,111495.91775445729,109085.19520841497,109860.0703125,759,0.0,0.0
2024-04-15 00:00:00+09:00,110032.25965437104,110032.25965437104,108740.80120772349,108826.8984375,717,0.0,0.0
2024-04-16 00:00:00+09:00,108912.99651954976,109860.06605450237,108482.51036729859,108999.09375,630,0.0,0.0
2024-04-17 00:00:00+09:00,109343.47572478157,109601.767399722,108138.11457505958,108396.40625,654,0.0,0.0
2024-04-18 00:00:00+09:00,108826.9054080824,109171.29434924723,108396.41923162638,108654.7109375,297,0.0,0.0
2024-04-19 00:00:00+09:00,109085.1937113736,109085.1937113736,107363.24905926036,107965.9296875,751,0.0,0.0
2024-04-22 00:00:00+09:00,108310.3133003349,109601.77172601457,108310.3133003349,109257.3828125,606,0.0,0.0
2024-04-23 00:00:00+09:00,109343.48089594807,110721.03656077891,109343.48089594807,109429.578125,881,0.0,0.0
2024-04-24 00:00:00+09:00,109515.67713270143,110118.35774585309,108740.8020586493,108999.09375,551,0.0,0.0
2024-04-25 00:00:00+09:00,109515.67790720439,110290.5529867365,109171.2889829679,109946.1640625,444,0.0,0.0
2024-04-26 00:00:00+09:00,109946.16222284082,111151.5234375,109429.57884512974,111151.5234375,678,0.0,0.0
2024-04-30 00:00:00+09:00,111754.20935068093,111754.20935068093,110548.84807879377,110634.9453125,511,0.0,0.0
2024-05-01 00:00:00+09:00,110634.94520986284,111409.8203125,110290.55627535742,111409.8203125,1063,0.0,0.0
2024-05-02 00:00:00+09:00,111668.10327992891,112787.36722953498,111409.81159925058,112012.4921875,805,0.0,0.0
2024-05-07 00:00:00+09:00,112442.98626160991,112442.98626160991,110893.23606811147,111237.625,474,0.0,0.0
2024-05-08 00:00:00+09:00,111237.625,112270.79179566565,111237.625,111237.625,406,0.0,0.0
2024-05-09 00:00:00+09:00,111754.20935068093,111840.30658438716,110634.9453125,110634.9453125,480,0.0,0.0
2024-05-10 00:00:00+09:00,111151.5252174864,111151.5252174864,109773.96952152994,110721.0390625,852,0.0,0.0
2024-05-13 00:00:00+09:00,110721.03813805105,111323.71875,110462.74644721577,111323.71875,315,0.0,0.0
2024-05-14 00:00:00+09:00,111323.72837611607,111754.21456473213,110634.95047433036,110893.2421875,575,0.0,0.0
2024-05-15 00:00:00+09:00,110548.84807879377,110721.04254620623,110032.26467655643,110634.9453125,649,0.0,0.0
2024-05-16 00:00:00+09:00,110807.13893219018,110807.13893219018,109773.97213561964,110462.75,513,0.0,0.0
2024-05-17 00:00:00+09:00,110376.65876116071,110893.2421875,110032.26981026786,110893.2421875,526,0.0,0.0
2024-05-20 00:00:00+09:00,110721.04084943402,111065.42977898126,109773.97129317914,110290.5546875,639,0.0,0.0
2024-05-21 00:00:00+09:00,110290.5529867365,110634.941910973,109515.67790720439,109946.1640625,575,0.0,0.0
2024-05-22 00:00:00+09:00,109946.16499753937,109946.16499753937,108999.09544783464,109343.484375,477,0.0,0.0
2024-05-23 00:00:00+09:00,109343.48188496016,109687.87080428287,107449.34282868526,108052.0234375,906,0.0,0.0
2024-05-24 00:00:00+09:00,108224.22053464457,108224.22053464457,107018.85928763979,107793.734375,1054,0.0,0.0
2024-05-27 00:00:00+09:00,107793.73352499999,107965.92798749999,107104.95567499999,107621.5390625,386,0.0,0.0
2024-05-28 00:00:00+09:00,107277.1518266547,108310.31861792265,107277.1518266547,107965.9296875,410,0.0,0.0
2024-05-29 00:00:00+09:00,107879.82738366789,107879.82738366789,105641.29944114963,106157.8828125,946,0.0,0.0
2024-05-30 00:00:00+09:00,106157.88544207318,106416.17713414635,105124.71867378049,105899.59375,695,0.0,0.0
2024-05-31 00:00:00+09:00,105899.59553571428,105899.59553571428,105038.6232142857,105469.109375,1059,0.0,0.0
2024-06-03 00:00:00+09:00,105641.30035430261,106502.2726473287,105469.10589569739,105555.203125,871,0.0,0.0
2024-06-04 00:00:00+09:00,105985.69446704639,106674.4723352319,105813.5,105813.5,386,0.0,0.0
2024-06-05 00:00:00+09:00,105899.59553571428,106243.9844642857,105469.109375,105469.109375,458,0.0,0.0
2024-06-06 00:00:00+09:00,105555.20397750406,105727.3984375,104866.42613752035,105727.3984375,525,0.0,0.0
2024-06-07 00:00:00+09:00,105641.30127794298,105641.30127794298,104694.23174733388,104952.5234375,506,0.0,0.0
2024-06-10 00:00:00+09:00,105038.61889808007,105727.39672691993,105038.61889808007,105383.0078125,457,0.0,0.0
2024-06-11 00:00:00+09:00,105641.30127794298,105985.69019816448,104608.13451727851,104952.5234375,642,0.0,0.0
2024-06-12 00:00:00+09:00,105296.90627574135,105296.90627574135,104522.03125,104522.03125,493,0.0,0.0
2024-06-13 00:00:00+09:00,104694.2309602649,104780.32818967302,104005.453125,104005.453125,844,0.0,0.0
2024-06-14 00:00:00+09:00,103488.86709784836,105296.9088691086,103488.86709784836,105038.6171875,889,0.0,0.0
2024-06-17 00:00:00+09:00,105555.20318919474,105727.39764790468,104522.03643693509,104780.328125,412,0.0,0.0
2024-06-18 00:00:00+09:00,104780.32464850164,105038.61632799671,104522.03296900656,104866.421875,259,0.0,0.0
2024-06-19 00:00:00+09:00,105383.00866639477,105813.49481290783,105038.61974918433,105555.203125,419,0.0,0.0
2024-06-20 00:00:00+09:00,105813.49304427295,106760.56255077173,105383.00690495533,105985.6875,506,0.0,0.0
2024-06-21 00:00:00+09:00,106243.9765625,106330.07378823946,105813.49043380268,106243.9765625,451,0.0,0.0
2024-06-24 00:00:00+09:00,106243.97836834016,106416.17282274591,105038.6171875,105038.6171875,925,0.0,0.0
2024-06-25 00:00:00+09:00,105555.19875658429,106760.55991693679,105555.19875658429,106243.9765625,588,0.0,0.0
2024-06-26 00:00:00+09:00,106760.57211538462,106760.57211538462,106071.79423076924,106330.0859375,390,0.0,0.0
2024-06-27 00:00:00+09:00,106760.55991693679,107018.85159415519,105985.6848852816,106243.9765625,711,0.0,0.0
2024-06-28 00:00:00+09:00,106330.07818872349,106330.07818872349,105469.10589569739,105555.203125,923,0.0,0.0
2024-07-01 00:00:00+09:00,106243.98267276424,106932.76051829269,105555.20482723578,105899.59375,877,0.0,0.0
2024-07-02 00:00:00+09:00,106588.37415301375,106674.47138577062,106243.98522198624,106416.1796875,364,0.0,0.0
2024-07-03 00:00:00+09:00,106416.18485169492,106674.4765625,106157.89314088984,106674.4765625,513,0.0,0.0
2024-07-04 00:00:00+09:00,106330.07550610865,106846.65886889136,106243.97827897819,106588.3671875,554,0.0,0.0
2024-07-05 00:00:00+09:00,106760.57211538462,106846.66935096154,106071.79423076924,106330.0859375,751,0.0,0.0
2024-07-08 00:00:00+09:00,106330.07378823946,106760.55991693679,106243.9765625,106243.9765625,493,0.0,0.0
2024-07-09 00:00:00+09:00,106416.1796875,106416.1796875,105641.3045926881,106416.1796875,822,0.0,0.0
2024-07-10 00:00:00+09:00,106416.18063466233,106416.18063466233,105641.30553295363,105813.5,444,0.0,0.0
2024-07-11 00:00:00+09:00,105813.49915316829,106157.88808450488,105555.20745466586,105641.3046875,689,0.0,0.0
2024-07-12 00:00:00+09:00,105985.69783245756,106760.57295877121,105813.50335994341,106502.28125,731,0.0,0.0
2024-07-16 00:00:00+09:00,106588.3671875,107277.14500454362,106502.26996036955,106588.3671875,567,0.0,0.0
2024-07-17 00:00:00+09:00,106760.56335547504,107018.85504101249,106502.2716699376,106932.7578125,476,0.0,0.0
2024-07-18 00:00:00+09:00,107104.953125,107535.43927100081,106760.56420819936,107104.953125,518,0.0,0.0
2024-07-19 00:00:00+09:00,107535.43841208736,107621.53564059985,106502.2716699376,106932.7578125,616,0.0,0.0
2024-07-22 00:00:00+09:00,107018.85774898375,107018.85774898375,105899.59375,105899.59375,823,0.0,0.0
2024-07-23 00:00:00+09:00,106674.4723352319,106674.4723352319,105641.30553295363,105813.5,678,0.0,0.0
2024-07-24 00:00:00+09:00,105813.49830357142,106157.88723214285,105210.81767857142,105469.109375,950,0.0,0.0
2024-07-25 00:00:00+09:00,105469.1024604885,105469.1024604885,103747.15793052134,104866.421875,1274,0.0,0.0
2024-07-26 00:00:00+09:00,104608.13019550493,105469.1024604885,104091.54683651477,104866.421875,1056,0.0,0.0
2024-07-29 00:00:00+09:00,104866.43568581357,105813.50530202371,104263.75502095258,105296.921875,1166,0.0,0.0
2024-07-30 00:00:00+09:00,105194.28742055084,105548.17905190677,104309.55834216102,104398.03125,3203,3284.0,0.0
2024-07-31 00:00:00+09:00,104398.0396060352,105725.13332984074,104398.0396060352,105548.1875,1052,0.0,0.0
2024-08-01 00:00:00+09:00,105282.7629878692,105371.23589794304,104044.14224683544,104840.3984375,1770,0.0,0.0
2024-08-02 00:00:00+09:00,103601.77545276226,104132.61290170896,102717.04637118445,102893.9921875,1745,0.0,0.0
2024-08-05 00:00:00+09:00,100947.59406134153,101124.53988791705,95462.2734375,95462.2734375,3935,0.0,0.0
2024-08-06 00:00:00+09:00,100770.640625,103424.82782320018,98381.87214661985,100770.640625,2241,0.0,0.0
2024-08-07 00:00:00+09:00,100328.27460425765,103247.88047898472,99885.91007778385,101301.4765625,1516,0.0,0.0
2024-08-08 00:00:00+09:00,101389.95677582825,103070.94209759154,100947.59221746949,101478.4296875,618,0.0,0.0
2024-08-09 00:00:00+09:00,101301.48111690328,102274.68311889973,99443.55002218278,99708.96875,1597,0.0,0.0
2024-08-13 00:00:00+09:00,99797.431640625,102186.19995117188,99797.431640625,101920.78125,1005,0.0,0.0
2024-08-14 00:00:00+09:00,102097.73337651123,102451.625,100859.11269430052,102451.625,1235,0.0,0.0
2024-08-15 00:00:00+09:00,103955.66556618905,103955.66556618905,102186.20742889222,103424.828125,806,0.0,0.0
2024-08-16 00:00:00+09:00,103424.82249813988,104044.1328125,103159.40379198555,104044.1328125,444,0.0,0.0
2024-08-19 00:00:00+09:00,104044.14050387597,104044.14050387597,102628.57396640828,102717.046875,552,0.0,0.0
2024-08-20 00:00:00+09:00,102893.99068381096,103778.71975245936,102628.57196321643,103424.828125,437,0.0,0.0
2024-08-21 00:00:00+09:00,102805.51612338363,103424.82646147629,102628.5703125,102628.5703125,375,0.0,0.0
2024-08-22 00:00:00+09:00,102628.5749783924,102805.52079732066,101832.31879321522,102363.15625,421,0.0,0.0
2024-08-23 00:00:00+09:00,102009.26047063904,102982.46243523316,102009.26047063904,102451.625,453,0.0,0.0
2024-08-26 00:00:00+09:00,102451.62400494836,103070.93434003873,102451.62400494836,102805.515625,398,0.0,0.0
2024-08-27 00:00:00+09:00,102805.51530693384,104309.5546875,102805.51530693384,104309.5546875,606,0.0,0.0
2024-08-28 00:00:00+09:00,104309.56409801137,105282.76613794192,103867.19953440657,105105.8203125,905,0.0,0.0
2024-08-29 00:00:00+09:00,103955.65991044855,104840.38893096302,103513.29540019133,104044.1328125,689,0.0,0.0
2024-08-30 00:00:00+09:00,103601.76244113871,103778.70823523117,103070.9250588613,103336.34375,537,0.0,0.0
2024-09-02 00:00:00+09:00,103513.30203862661,104132.61239270387,103070.9375,103070.9375,553,0.0,0.0
2024-09-03 00:00:00+09:00,102982.46459227469,103690.24785407726,102717.04586909871,103070.9375,824,0.0,0.0
2024-09-04 00:00:00+09:00,102717.047778021,103070.93941549912,101036.0625,101036.0625,1373,0.0,0.0
2024-09-05 00:00:00+09:00,101036.06769459104,101920.79683377309,100505.2302110818,100593.703125,794,0.0,0.0
2024-09-06 00:00:00+09:00,100682.17495559502,100859.12078152753,99620.5,99620.5,855,0.0,0.0
2024-09-09 00:00:00+09:00,99266.60420363797,100151.33329636202,98912.71256654835,99708.96875,670,0.0,0.0
2024-09-10 00:00:00+09:00,99620.49545181381,102009.26399284309,99620.49545181381,101213.0078125,897,0.0,0.0
2024-09-11 00:00:00+09:00,100593.69835416667,100682.1712638889,99355.07761805555,99532.0234375,1078,0.0,0.0
2024-09-12 00:00:00+09:00,99974.3896053792,100947.59162808642,99001.18758267196,100328.28125,729,0.0,0.0
2024-09-13 00:00:00+09:00,101213.01352242744,101301.48643634566,100416.7572971636,100593.703125,900,0.0,0.0
2024-09-17 00:00:00+09:00,100770.64162995595,101124.5332599119,99355.07511013217,100416.75,367,0.0,0.0
2024-09-18 00:00:00+09:00,100062.86099917763,101036.06300712719,99885.91517955044,100859.1171875,506,0.0,0.0
2024-09-19 00:00:00+09:00,100416.74506222943,102274.67602813852,100416.74506222943,102186.203125,457,0.0,0.0
2024-09-20 00:00:00+09:00,102186.21246736293,102717.04993472584,101655.375,101655.375,401,0.0,0.0
2024-09-24 00:00:00+09:00,101124.53075191048,101655.36818367905,100859.1120360262,101301.4765625,452,0.0,0.0
2024-09-25 00:00:00+09:00,100682.17247230669,101920.7932232841,100151.33500760209,101832.3203125,653,0.0,0.0
2024-09-26 00:00:00+09:00,101743.83860930735,102186.203125,101301.47409361471,102186.203125,729,0.0,0.0
2024-09-27 00:00:00+09:00,101743.84175302245,102540.0979058722,101389.95012953368,102451.625,434,0.0,0.0
2024-09-30 00:00:00+09:00,101743.84361233481,101743.84361233481,99885.91255506608,100416.75,810,0.0,0.0
2024-10-01 00:00:00+09:00,100505.22493345164,100505.22493345164,99443.55002218278,99708.96875,652,0.0,0.0
2024-10-02 00:00:00+09:00,99885.90872849642,99885.90872849642,98912.70678340035,99001.1796875,689,0.0,0.0
2024-10-03 00:00:00+09:00,99266.59839979892,99797.43582439677,99001.1796875,99001.1796875,770,0.0,0.0
2024-10-04 00:00:00+09:00,99089.65209634256,99708.9624219447,98912.70628902766,99178.125,607,0.0,0.0
2024-10-07 00:00:00+09:00,99708.96915118243,99797.44206081082,98027.98386824325,98204.9296875,976,0.0,0.0
2024-10-08 00:00:00+09:00,98204.9327612705,98204.9327612705,96966.31198770492,97143.2578125,1141,0.0,0.0
2024-10-09 00:00:00+09:00,97320.20363729508,97939.51402407787,96877.83907530738,97143.2578125,818,0.0,0.0
2024-10-10 00:00:00+09:00,97408.67552603221,97497.1484375,96877.8380572255,97497.1484375,520,0.0,0.0
2024-10-11 00:00:00+09:00,97497.14630422374,97497.14630422374,96789.36302796804,96877.8359375,640,0.0,0.0
2024-10-15 00:00:00+09:00,97054.77809357861,97497.14262454296,96523.94065642139,96789.359375,702,0.0,0.0
2024-10-16 00:00:00+09:00,96523.9416571101,97231.72491399082,96170.05002866974,96435.46875,1000,0.0,0.0
2024-10-17 00:00:00+09:00,96170.05002866974,97143.25200688074,96081.57712155963,96435.46875,687,0.0,0.0
2024-10-18 00:00:00+09:00,96789.35571534766,96789.35571534766,96170.045395414,96700.8828125,716,0.0,0.0
2024-10-21 00:00:00+09:00,96346.99368074792,96346.99368074792,95285.31881925208,95816.15625,1407,0.0,0.0
2024-10-22 00:00:00+09:00,95462.2691681338,95550.74207746479,93958.22970950704,94223.6484375,2127,0.0,0.0
2024-10-23 00:00:00+09:00,94312.11818797082,94400.59109433852,93427.3891242938,93958.2265625,1789,0.0,0.0
2024-10-24 00:00:00+09:00,93427.39012287334,94046.70047406663,93073.49849362003,93604.3359375,1575,0.0,0.0
2024-10-25 00:00:00+09:00,93338.92863993153,93958.23906692634,93073.50988550519,93692.8203125,933,0.0,0.0
2024-10-28 00:00:00+09:00,93161.96843603972,94842.95362149533,93073.49553154205,94666.0078125,1387,0.0,0.0
2024-10-29 00:00:00+09:00,94135.18075581396,95108.3828125,94046.70784156978,95108.3828125,1071,0.0,0.0
2024-10-30 00:00:00+09:00,95019.90676014459,95550.74422807836,94842.9609375,94842.9609375,474,0.0,0.0
2024-10-31 00:00:00+09:00,94666.0146066108,95550.7437150838,94666.0146066108,95019.90625,502,0.0,0.0
2024-11-01 00:00:00+09:00,95019.90143891243,95196.84725164784,93958.2265625,93958.2265625,747,0.0,0.0
2024-11-05 00:00:00+09:00,93958.22489316239,94046.69779795822,92896.55003561254,93161.96875,1287,0.0,0.0
2024-11-06 00:00:00+09:00,92985.02195186849,94400.5884135525,92985.02195186849,93515.859375,888,0.0,0.0
2024-11-07 00:00:00+09:00,93869.75617870722,94223.6478136882,93073.5,93073.5,1696,0.0,0.0
2024-11-08 00:00:00+09:00,92985.02494019139,93692.8081937799,92454.1875,92454.1875,2157,0.0,0.0
2024-11-11 00:00:00+09:00,92454.19945851038,93692.8203125,92365.72654036827,93692.8203125,1062,0.0,0.0
2024-11-12 00:00:00+09:00,93781.28752345215,94666.0166510319,93781.28752345215,94312.125,709,0.0,0.0
2024-11-13 00:00:00+09:00,94046.6967981315,94312.11550969725,93515.859375,93515.859375,671,0.0,0.0
2024-11-14 00:00:00+09:00,93161.96706627155,93427.38577586207,92277.23803430315,92365.7109375,1203,0.0,0.0
2024-11-15 00:00:00+09:00,92365.70946428571,93161.96558035714,92365.70946428571,92896.546875,924,0.0,0.0
2024-11-18 00:00:00+09:00,92542.6579235782,93338.9140625,92277.23921060427,93338.9140625,1722,0.0,0.0
2024-11-19 00:00:00+09:00,93250.44165479582,93427.38746438746,92808.07713081672,93161.96875,1816,0.0,0.0
2024-11-20 00:00:00+09:00,93427.3891242938,93958.2265625,93427.3891242938,93958.2265625,807,0.0,0.0
2024-11-21 00:00:00+09:00,93958.2333489681,94312.125,93515.86878517823,94312.125,781,0.0,0.0
2024-11-22 00:00:00+09:00,94223.64793228678,94489.06665885661,93604.33757029053,94400.59375,564,0.0,0.0
2024-11-25 00:00:00+09:00,94400.59274334734,95993.10508578431,94400.59274334734,94754.484375,1226,0.0,0.0
2024-11-26 00:00:00+09:00,94666.01824127907,95196.8557267442,94577.5453270349,95108.3828125,528,0.0,0.0
2024-11-27 00:00:00+09:00,94842.95829428305,94931.43120313964,93781.28338800375,94400.59375,832,0.0,0.0
2024-11-28 00:00:00+09:00,94046.69748101635,94666.0078125,94046.69748101635,94666.0078125,678,0.0,0.0
2024-11-29 00:00:00+09:00,94489.07657577904,94754.49533020538,93692.8203125,93692.8203125,1019,0.0,0.0
2024-12-02 00:00:00+09:00,93692.80398542064,93869.74979086999,92454.18334727534,92542.65625,1678,0.0,0.0
2024-12-03 00:00:00+09:00,92542.65674389368,92985.02125987787,91923.3464215158,92365.7109375,1936,0.0,0.0
2024-12-04 00:00:00+09:00,92454.17844082446,92542.65133885396,91215.5578684115,91480.9765625,2217,0.0,0.0
2024-12-05 00:00:00+09:00,91215.56615643168,91657.93068677325,90861.67453215843,91304.0390625,2227,0.0,0.0
2024-12-06 00:00:00+09:00,91304.04271539206,92011.82599225556,91127.09689617618,91392.515625,1217,0.0,0.0
2024-12-09 00:00:00+09:00,91392.50979420732,91392.50979420732,90507.78075457318,90684.7265625,2842,0.0,0.0
2024-12-10 00:00:00+09:00,90419.3068664966,91038.6171875,90153.88815749515,91038.6171875,1968,0.0,0.0
2024-12-11 00:00:00+09:00,90684.73488666912,91038.62653500734,89888.47867790812,90507.7890625,4315,0.0,0.0
2024-12-12 00:00:00+09:00,90507.78804314752,90950.15259858812,90242.36930988316,90861.6796875,1552,0.0,0.0
2024-12-13 00:00:00+09:00,91127.09375,91480.98537621359,90596.25631067962,91127.09375,1918,0.0,0.0
2024-12-16 00:00:00+09:00,91215.56930102657,91569.4609375,91127.09639190821,91569.4609375,1203,0.0,0.0
2024-12-17 00:00:00+09:00,91569.45560213416,91657.92850609757,90684.7265625,90684.7265625,1425,0.0,0.0
2024-12-18 00:00:00+09:00,90684.73021747076,91038.62184758771,90507.78440241228,90773.203125,2279,0.0,0.0
2024-12-19 00:00:00+09:00,90684.73488666912,91038.62653500734,90419.31615041544,90507.7890625,1721,0.0,0.0
2024-12-20 00:00:00+09:00,90242.36618041992,91304.04107666016,90242.36618041992,90596.2578125,2039,0.0,0.0
2024-12-23 00:00:00+09:00,90330.83396349612,91038.6171875,90065.41525449466,91038.6171875,1989,0.0,0.0
2024-12-24 00:00:00+09:00,90684.72723988439,92011.82080924856,90684.72723988439,91834.875,1194,0.0,0.0
2024-12-25 00:00:00+09:00,92100.29173637668,92631.12915272466,91923.34593092735,92542.65625,1074,0.0,0.0
2024-12-26 00:00:00+09:00,92719.60636792453,94135.17287735849,92542.66055424529,93781.28125,1651,0.0,0.0
2024-12-27 00:00:00+09:00,95373.79321901113,95550.73903203342,94312.11834087744,95285.3203125,1592,0.0,0.0
2024-12-30 00:00:00+09:00,95550.73685747663,96081.57428446262,94666.0078125,94666.0078125,1421,0.0,0.0
2025-01-06 00:00:00+09:00,95993.10835629018,96966.3103764922,95108.37924701562,96347.0,2064,0.0,0.0
2025-01-07 00:00:00+09:00,96346.99684910222,98204.92791781768,95904.63230893186,96081.578125,2470,0.0,0.0
2025-01-08 00:00:00+09:00,96523.95155816776,96523.95155816776,95727.6953125,95727.6953125,1096,0.0,0.0
2025-01-09 00:00:00+09:00,95727.69321220931,95727.69321220931,94666.01824127907,95108.3828125,1612,0.0,0.0
2025-01-10 00:00:00+09:00,95108.37383987312,95108.37383987312,94046.69896910244,94135.171875,1432,0.0,0.0
2025-01-14 00:00:00+09:00,94046.7109375,94754.49427475306,93692.81926887347,94046.7109375,2715,0.0,0.0
2025-01-15 00:00:00+09:00,93692.81047914714,94666.01247656983,93692.81047914714,94400.59375,2289,0.0,0.0
2025-01-16 00:00:00+09:00,94489.06349859021,94489.06349859021,93781.28025140977,94135.171875,1276,0.0,0.0
2025-01-17 00:00:00+09:00,93958.23802034336,94223.65677181326,93427.40051740357,94046.7109375,1633,0.0,0.0
2025-01-20 00:00:00+09:00,94046.7109375,94135.18385465663,93427.40051740357,94046.7109375,1184,0.0,0.0
2025-01-21 00:00:00+09:00,93692.80834316037,94312.11869103774,93692.80834316037,93781.28125,1939,0.0,0.0
2025-01-22 00:00:00+09:00,93781.2822561553,93958.22807173296,93073.4989938447,93427.390625,2751,0.0,0.0
2025-01-23 00:00:00+09:00,93427.38330170778,93515.85620256167,92719.60009487666,93250.4375,2679,0.0,0.0
2025-01-24 00:00:00+09:00,93338.91834512395,94666.011970884,93338.91834512395,94577.5390625,2071,0.0,0.0
2025-01-27 00:00:00+09:00,95108.36767532618,95108.36767532618,94577.53027434762,94931.421875,2823,0.0,0.0
2025-01-28 00:00:00+09:00,94754.47825520833,95727.68017939816,94400.58664641203,95550.734375,3324,0.0,0.0
2025-01-29 00:00:00+09:00,95727.68334487535,96170.04787049862,95285.31881925208,95816.15625,2532,0.0,0.0
2025-01-30 00:00:00+09:00,95574.2553229665,96304.52661483253,95117.83576555023,95391.6875,3919,3335.0,0.0
2025-01-31 00:00:00+09:00,95209.1203714908,95300.40428363989,94204.99733785092,94296.28125,3180,0.0,0.0
2025-02-03 00:00:00+09:00,93931.14491626795,95391.6875,93200.87362440191,95391.6875,11472,0.0,0.0
2025-02-04 00:00:00+09:00,95026.55219862849,96121.95914039943,94478.84872774302,94843.984375,10423,0.0,0.0
2025-02-05 00:00:00+09:00,95117.83411357005,95209.1180234679,93839.859375,93839.859375,2841,0.0,0.0
2025-02-06 00:00:00+09:00,94296.28428057992,94478.85211074562,93657.296875,93657.296875,2308,0.0,0.0
2025-02-07 00:00:00+09:00,94113.71178334154,94113.71178334154,92744.453125,92744.453125,4006,0.0,0.0
2025-02-10 00:00:00+09:00,92835.73970135469,93383.44318041872,92561.88796182266,92653.171875,2552,0.0,0.0
2025-02-12 00:00:00+09:00,93018.30485666831,93383.44049889273,92653.1692144439,92744.453125,1918,0.0,0.0
2025-02-13 00:00:00+09:00,93109.58530159884,94204.9921875,93109.58530159884,94204.9921875,2200,0.0,0.0
2025-02-14 00:00:00+09:00,94204.99963872833,94752.703125,94113.7157243497,94752.703125,1382,0.0,0.0
2025-02-17 00:00:00+09:00,94752.69515489913,95026.546875,94478.84343479827,95026.546875,1147,0.0,0.0
2025-02-18 00:00:00+09:00,94661.41655137151,94935.26828681424,94570.13263955727,94843.984375,839,0.0,0.0
2025-02-19 00:00:00+09:00,94387.56551241479,94935.26898734177,93748.578125,93748.578125,1724,0.0,0.0
2025-02-20 00:00:00+09:00,93931.14577518204,94204.99751213593,93566.0101259102,94022.4296875,1341,0.0,0.0
2025-02-21 00:00:00+09:00,93657.29172256099,94204.99518292684,93474.72390243903,93566.0078125,1603,0.0,0.0
2025-02-25 00:00:00+09:00,93748.58079008284,94205.00036549708,93474.72904483431,93657.296875,1441,0.0,0.0
2025-02-26 00:00:00+09:00,93657.29386495643,94296.28125,93292.15821636011,94296.28125,2147,0.0,0.0
2025-02-27 00:00:00+09:00,94022.42390129683,95117.8307817003,93931.13999459654,95026.546875,2116,0.0,0.0
2025-02-28 00:00:00+09:00,94752.70330615943,95574.25853713768,94296.28373339372,94478.8515625,1745,0.0,0.0
2025-03-03 00:00:00+09:00,94387.56516214908,94843.98472289449,93748.57777710551,94296.28125,1863,0.0,0.0
2025-03-04 00:00:00+09:00,94022.42736280488,94204.99518292684,93474.72390243903,93566.0078125,1591,0.0,0.0
2025-03-05 00:00:00+09:00,93474.72673849168,93657.29456415279,93109.59108716945,93200.875,1309,0.0,0.0
2025-03-06 00:00:00+09:00,93474.73189823875,93839.86756971624,93200.88014463063,93292.1640625,956,0.0,0.0
2025-03-07 00:00:00+09:00,93292.15926724138,93474.72709359606,92653.171875,92653.171875,2197,0.0,0.0
2025-03-10 00:00:00+09:00,93018.30485666831,93292.15658833661,92744.453125,92744.453125,1444,0.0,0.0
2025-03-11 00:00:00+09:00,92744.45578817734,93292.15926724138,92379.32013546798,92653.171875,2329,0.0,0.0
2025-03-12 00:00:00+09:00,92653.16871189025,93657.29172256099,92653.16871189025,93566.0078125,1330,0.0,0.0
2025-03-13 00:00:00+09:00,93566.0049957483,94387.56016156463,93566.0049957483,93931.140625,1097,0.0,0.0
2025-03-14 00:00:00+09:00,94387.56233425747,94661.4140625,93748.57496835824,94661.4140625,1746,0.0,0.0
2025-03-17 00:00:00+09:00,94752.70063646235,95117.83628438706,94113.71325259411,94570.1328125,1262,0.0,0.0
2025-03-18 00:00:00+09:00,94296.2803927123,95665.5390625,94296.2803927123,95665.5390625,1410,0.0,0.0
2025-03-19 00:00:00+09:00,95756.82564022206,96304.52912338825,95482.97389863897,95574.2578125,1294,0.0,0.0
2025-03-21 00:00:00+09:00,96030.67720238096,96213.2450297619,95391.68980654763,95848.109375,1171,0.0,0.0
2025-03-24 00:00:00+09:00,95848.10919693732,96760.94833214625,95848.10919693732,96121.9609375,1593,0.0,0.0
2025-03-25 00:00:00+09:00,96669.66174246916,96943.51347545066,96121.95827650616,96213.2421875,1861,0.0,0.0
2025-03-26 00:00:00+09:00,96760.94762323944,97399.93501320423,96304.52805897887,97217.3671875,1589,0.0,0.0
2025-03-27 00:00:00+09:00,97126.07796391753,97582.49750322165,96852.22624033505,97399.9296875,1082,0.0,0.0
2025-03-28 00:00:00+09:00,97399.93501320423,97399.93501320423,96578.37979753522,97217.3671875,773,0.0,0.0
2025-03-31 00:00:00+09:00,96578.3780030923,96669.66191424834,95665.53889153188,95939.390625,1407,0.0,0.0
2025-04-01 00:00:00+09:00,95756.82047681644,96030.67220363289,95117.83311424474,95482.96875,802,0.0,0.0
2025-04-02 00:00:00+09:00,95391.68767244482,95665.53940738963,94387.56464431382,95117.8359375,1547,0.0,0.0
2025-04-03 00:00:00+09:00,94022.42934061293,94570.1328125,93566.00978070704,94570.1328125,1619,0.0,0.0
2025-04-04 00:00:00+09:00,94113.71161218105,94113.71161218105,92196.7494939892,93018.3046875,2893,0.0,0.0
2025-04-07 00:00:00+09:00,91010.05818361366,91740.32946292049,88545.39261595311,89549.515625,5547,0.0,0.0
2025-04-08 00:00:00+09:00,91283.91562192724,93748.58134371927,91283.91562192724,92835.7421875,2141,0.0,0.0
2025-04-09 00:00:00+09:00,92470.5995586951,92470.5995586951,90736.20529253992,91466.4765625,2428,0.0,0.0
2025-04-10 00:00:00+09:00,93839.859375,94478.84674428502,92744.45245622568,93839.859375,1983,0.0,0.0
2025-04-11 00:00:00+09:00,93109.58809581713,93931.14328489786,92744.45245622568,93839.859375,968,0.0,0.0
2025-04-14 00:00:00+09:00,93839.859375,94661.41456408074,93748.57546510214,93839.859375,1054,0.0,0.0
2025-04-15 00:00:00+09:00,94204.99501459145,94204.99501459145,93292.15591561285,93839.859375,692,0.0,0.0
2025-04-16 00:00:00+09:00,93839.86186286408,94113.71359981796,93566.0101259102,94022.4296875,640,0.0,0.0
2025-04-17 00:00:00+09:00,94022.42453231293,94204.99234693877,93292.15327380953,93931.140625,628,0.0,0.0
2025-04-18 00:00:00+09:00,93839.86203748782,94387.56551241479,93748.578125,93748.578125,644,0.0,0.0
2025-04-21 00:00:00+09:00,94387.56283438716,94387.56283438716,93474.72373540857,93839.859375,457,0.0,0.0
2025-04-22 00:00:00+09:00,93566.01030002434,94204.99768743914,93566.01030002434,93748.578125,727,0.0,0.0
2025-04-23 00:00:00+09:00,93839.86470516569,94387.56819566277,93657.296875,93657.296875,533,0.0,0.0
2025-04-24 00:00:00+09:00,94022.43021547503,94022.43021547503,93200.875,93200.875,692,0.0,0.0
2025-04-25 00:00:00+09:00,93383.43982551071,93839.859375,93018.30418591926,93839.859375,1028,0.0,0.0
2025-04-28 00:00:00+09:00,94022.4318099711,94752.703125,93657.29615245665,94752.703125,776,0.0,0.0
2025-04-30 00:00:00+09:00,94843.98188132835,95209.11751898505,94387.56233425747,94661.4140625,752,0.0,0.0
2025-05-01 00:00:00+09:00,94570.1298238255,95756.82064207814,94387.56200563279,95209.1171875,856,0.0,0.0
2025-05-02 00:00:00+09:00,95391.6869885555,96578.37783147533,95391.6869885555,96213.2421875,1166,0.0,0.0
2025-05-07 00:00:00+09:00,96760.9504594722,96852.234375,96121.96305077757,96852.234375,1113,0.0,0.0
2025-05-08 00:00:00+09:00,96852.23242559524,96852.23242559524,95848.109375,95848.109375,895,0.0,0.0
2025-05-09 00:00:00+09:00,96487.0939204815,96487.0939204815,95574.25481054316,96213.2421875,817,0.0,0.0
2025-05-12 00:00:00+09:00,96213.24696630538,96852.234375,95939.39521972196,96852.234375,616,0.0,0.0
2025-05-13 00:00:00+09:00,97217.36538118459,97217.36538118459,95939.390625,95939.390625,682,0.0,0.0
2025-05-14 00:00:00+09:00,96487.09125444312,96578.37516291469,95756.81998667061,96304.5234375,468,0.0,0.0
2025-05-15 00:00:00+09:00,96304.52876454178,96760.94833214625,95939.39311045822,96121.9609375,498,0.0,0.0
2025-05-16 00:00:00+09:00,95939.38780361375,96487.09125444312,95756.81998667061,96304.5234375,663,0.0,0.0
2025-05-19 00:00:00+09:00,95939.39328869048,96578.38068452381,95300.40589285715,95848.109375,832,0.0,0.0
2025-05-20 00:00:00+09:00,96395.80800575264,96395.80800575264,95209.1171875,95209.1171875,579,0.0,0.0
2025-05-21 00:00:00+09:00,95209.1171875,95665.53673298178,94935.26546021093,95209.1171875,532,0.0,0.0
2025-05-22 00:00:00+09:00,95026.5497001567,95300.40142839923,94661.4140625,94661.4140625,566,0.0,0.0
2025-05-23 00:00:00+09:00,94843.98703937861,95117.83878251445,94570.13529624278,94752.703125,684,0.0,0.0
2025-05-26 00:00:00+09:00,94661.41373292186,95665.53673298178,94661.41373292186,95209.1171875,578,0.0,0.0
2025-05-27 00:00:00+09:00,95756.81998667061,96578.37516291469,95665.53607819905,96304.5234375,553,0.0,0.0
2025-05-28 00:00:00+09:00,96669.66318959497,98038.921875,96669.66318959497,98038.921875,1817,0.0,0.0
2025-05-29 00:00:00+09:00,97765.06515771028,98038.91688084112,97217.3617114486,97673.78125,605,0.0,0.0
2025-05-30 00:00:00+09:00,97673.78657537454,97856.35440074907,97308.65092462547,97491.21875,1061,0.0,0.0
2025-06-02 00:00:00+09:00,97673.79211253529,97673.79211253529,96943.52076963782,97034.8046875,717,0.0,0.0
2025-06-03 00:00:00+09:00,97034.8046875,97399.94035894873,96760.95293391346,97034.8046875,570,0.0,0.0
2025-06-04 00:00:00+09:00,97673.7844192217,97673.7844192217,96760.9453125,96760.9453125,387,0.0,0.0
2025-06-05 00:00:00+09:00,96760.94744850187,97491.21875,96760.94744850187,97491.21875,430,0.0,0.0
2025-06-06 00:00:00+09:00,97034.80129675883,98221.4921875,97034.80129675883,98221.4921875,480,0.0,0.0
2025-06-09 00:00:00+09:00,98221.49504430969,98404.06287896454,97856.359375,97856.359375,543,0.0,0.0
2025-06-10 00:00:00+09:00,98404.05983549583,99043.04723702502,98312.77592099165,98495.34375,601,0.0,0.0
2025-06-11 00:00:00+09:00,98495.33793721329,99499.4609375,98495.33793721329,99499.4609375,1129,0.0,0.0
2025-06-12 00:00:00+09:00,99682.03391384051,99773.31782768102,99225.61434463794,99590.75,1029,0.0,0.0
2025-06-13 00:00:00+09:00,99225.60888315465,100229.7318801323,98586.62152144162,100047.1640625,2163,0.0,0.0
2025-06-16 00:00:00+09:00,100229.73933756805,100960.01066243195,99955.8875907441,100594.875,1025,0.0,0.0
2025-06-17 00:00:00+09:00,100321.0205972348,101051.29190276518,99955.88494446962,100686.15625,617,0.0,0.0
2025-06-18 00:00:00+09:00,101142.57830882352,101507.71397058823,100686.15873161764,100868.7265625,727,0.0,0.0
2025-06-19 00:00:00+09:00,100868.72073812723,101872.84375,100868.72073812723,101872.84375,600,0.0,0.0
2025-06-20 00:00:00+09:00,101781.5625,101781.5625,101233.85902466367,101781.5625,688,0.0,0.0
2025-06-23 00:00:00+09:00,101142.57263589399,101598.9921875,100594.86917396676,101598.9921875,1211,0.0,0.0
2025-06-24 00:00:00+09:00,101781.5680250563,102055.41977759008,101325.1484375,101325.1484375,943,0.0,0.0
2025-06-25 00:00:00+09:00,101416.42950516158,101690.28125,101051.29384537702,101690.28125,400,0.0,0.0
2025-06-26 00:00:00+09:00,101964.125,101964.125,101142.56982990152,101964.125,923,0.0,0.0
2025-06-27 00:00:00+09:00,102237.98666666666,102876.97408333333,101964.13491666666,102694.40625,1914,0.0,0.0
2025-06-30 00:00:00+09:00,103515.95666088998,103515.95666088998,102055.4140625,102055.4140625,1565,0.0,0.0
2025-07-01 00:00:00+09:00,102694.40505898366,102694.40505898366,96760.9505444646,100594.875,2756,0.0,0.0
2025-07-02 00:00:00+09:00,100412.30644075404,101781.56516494614,100229.73861086175,101690.28125,1019,0.0,0.0
2025-07-03 00:00:00+09:00,101233.85705389493,101416.4248754529,100777.4375,100777.4375,1017,0.0,0.0
2025-07-04 00:00:00+09:00,100868.72124124887,101051.2890625,100503.58559874662,101051.2890625,856,0.0,0.0
2025-07-07 00:00:00+09:00,100960.0101119487,101598.99751772052,100960.0101119487,101416.4296875,690,0.0,0.0
2025-07-08 00:00:00+09:00,101325.14096467392,101690.27660778986,100777.4375,100777.4375,1385,0.0,0.0
2025-07-09 00:00:00+09:00,100686.15873161764,101598.9978860294,100686.15873161764,100868.7265625,934,0.0,0.0
2025-07-10 00:00:00+09:00,101051.28375084535,101233.8515625,100686.14812753607,101233.8515625,724,0.0,0.0
2025-07-11 00:00:00+09:00,101233.85373769024,101964.125,101233.85373769024,101964.125,819,0.0,0.0
2025-07-14 00:00:00+09:00,101964.12483956474,102511.82828543527,101781.55702427456,102237.9765625,1088,0.0,0.0
2025-07-15 00:00:00+09:00,103150.82101129249,103150.82101129249,101964.13015010062,102055.4140625,910,0.0,0.0
2025-07-16 00:00:00+09:00,102055.4115703405,102420.5472110215,101872.84375,101872.84375,1042,0.0,0.0
2025-07-17 00:00:00+09:00,102329.26330085125,102329.26330085125,101781.55983982974,101872.84375,787,0.0,0.0
2025-07-18 00:00:00+09:00,102237.979390681,102329.26330085125,101872.84375,101872.84375,1046,0.0,0.0
2025-07-22 00:00:00+09:00,101964.12782878481,102146.69564942723,101233.85654621519,101598.9921875,1393,0.0,0.0
2025-07-23 00:00:00+09:00,101233.85919935927,101964.1305010679,101233.85919935927,101507.7109375,1467,0.0,0.0
2025-07-24 00:00:00+09:00,101599.00019003378,101964.13586007882,101233.86451998874,101325.1484375,2010,0.0,0.0
2025-07-25 00:00:00+09:00,101507.71627252252,101507.71627252252,101142.58060247748,101325.1484375,2223,0.0,0.0
2025-07-28 00:00:00+09:00,101781.5600081424,101872.84391846361,101233.85654621519,101598.9921875,2782,0.0,0.0
2025-07-29 00:00:00+09:00,101598.98393633022,102420.5390625,101233.8483246992,102420.5390625,2784,0.0,0.0
2025-07-30 00:00:00+09:00,101837.00569337702,104095.8671875,101837.00569337702,104095.8671875,7260,3380.0,0.0
2025-07-31 00:00:00+09:00,104001.756146495,104472.35232815336,103248.80225584164,103719.3984375,2028,0.0,0.0
2025-08-01 00:00:00+09:00,103437.0423854638,104001.7578125,103060.56543410633,104001.7578125,1122,0.0,0.0
2025-08-04 00:00:00+09:00,103248.79651311308,104001.75036188692,103248.79651311308,103625.2734375,805,0.0,0.0
2025-08-05 00:00:00+09:00,104001.756146495,104284.11385549001,103531.15996483665,103719.3984375,1389,0.0,0.0
2025-08-06 00:00:00+09:00,103813.51321356048,104660.58630415163,103719.39398127257,104284.109375,1910,0.0,0.0
2025-08-07 00:00:00+09:00,104566.47323953621,104754.71171521494,103813.51933682128,104001.7578125,1219,0.0,0.0
2025-08-08 00:00:00+09:00,104189.99461915834,104284.11385549001,103625.27920116832,103719.3984375,1033,0.0,0.0
2025-08-12 00:00:00+09:00,104001.74964072363,104378.2265625,103625.27271894725,104378.2265625,1244,0.0,0.0
2025-08-13 00:00:00+09:00,104378.2286072879,104848.82476872744,104284.109375,104284.109375,1660,0.0,0.0
2025-08-14 00:00:00+09:00,103813.51691300677,104660.5900337838,103813.51691300677,104472.3515625,1267,0.0,0.0
2025-08-15 00:00:00+09:00,104848.828125,104848.828125,104284.11271319569,104848.828125,1072,0.0,0.0
2025-08-18 00:00:00+09:00,104942.94457507793,105695.8984375,104660.58687666964,105695.8984375,1791,0.0,0.0
2025-08-19 00:00:00+09:00,105790.02063106796,106637.09375,105695.90139563107,106637.09375,1953,0.0,0.0
2025-08-20 00:00:00+09:00,106637.09207688054,106731.2113108407,105978.2574391593,106354.734375,620,0.0,0.0
2025-08-21 00:00:00+09:00,106448.85360896018,106731.2113108407,106072.37667311948,106354.734375,939,0.0,0.0
2025-08-22 00:00:00+09:00,106542.97527777778,106542.97527777778,105601.78291666668,105884.140625,819,0.0,0.0
2025-08-25 00:00:00+09:00,105978.2615248227,106166.5,105790.02304964539,106166.5,858,0.0,0.0
2025-08-26 00:00:00+09:00,106166.49121530885,106166.49121530885,105131.1796875,105131.1796875,666,0.0,0.0
2025-08-27 00:00:00+09:00,105978.2574391593,106448.85360896018,105507.66126935842,106354.734375,1371,0.0,0.0
2025-08-28 00:00:00+09:00,106354.72860385297,106637.08629041187,105507.65554417626,106260.609375,1246,0.0,0.0
2025-08-29 00:00:00+09:00,106260.6130981985,106637.09002680151,106072.374633897,106448.8515625,707,0.0,0.0
2025-09-01 00:00:00+09:00,106072.37224224252,106919.4453125,106072.37224224252,106919.4453125,1223,0.0,0.0
2025-09-02 00:00:00+09:00,106637.0896613436,106825.328125,106260.61273403083,106825.328125,706,0.0,0.0
2025-09-03 00:00:00+09:00,106354.73343945487,106448.85267258713,104566.46800994192,105319.421875,1514,0.0,0.0
2025-09-04 00:00:00+09:00,105601.77788978495,105601.77788978495,104189.98941532258,105037.0625,1299,0.0,0.0
2025-09-05 00:00:00+09:00,104566.46875,104942.94568519352,104284.11104860487,104566.46875,1139,0.0,0.0
2025-09-08 00:00:00+09:00,105037.06659560143,105319.42430150359,104566.47041909784,104848.828125,712,0.0,0.0
2025-09-09 00:00:00+09:00,104284.1086469534,105131.18173163083,104284.1086469534,105037.0625,937,0.0,0.0
2025-09-10 00:00:00+09:00,104942.9453125,104942.9453125,104472.34914517937,104942.9453125,614,0.0,0.0
2025-09-11 00:00:00+09:00,104660.58353849596,105131.1796875,104566.46430869515,105131.1796875,627,0.0,0.0
2025-09-12 00:00:00+09:00,105413.54444444444,105884.140625,105037.0675,105884.140625,1443,0.0,0.0
2025-09-16 00:00:00+09:00,105413.5403726708,106166.4942324756,105413.5403726708,106072.375,840,0.0,0.0
2025-09-17 00:00:00+09:00,105695.8984375,105978.25613590829,105225.3022734862,105695.8984375,739,0.0,0.0
2025-09-18 00:00:00+09:00,105790.01767030277,105884.13690310552,105225.3022734862,105695.8984375,586,0.0,0.0
2025-09-19 00:00:00+09:00,105790.01767030277,106354.73306711933,105319.42150628896,105695.8984375,978,0.0,0.0
2025-09-22 00:00:00+09:00,105507.66090029762,106731.2109375,105319.42243303571,106731.2109375,1036,0.0,0.0
2025-09-24 00:00:00+09:00,106825.33222087378,106825.33222087378,105790.02063106796,106637.09375,821,0.0,0.0
2025-09-25 00:00:00+09:00,106825.33350466008,107484.16816063596,106260.6180852522,107295.9296875,1146,0.0,0.0
2025-09-26 00:00:00+09:00,107484.16332880435,108237.1171875,107201.80563179348,108237.1171875,1255,0.0,0.0
2025-09-29 00:00:00+09:00,108237.11489620141,108237.11489620141,106542.96875,106542.96875,1228,0.0,0.0
2025-09-30 00:00:00+09:00,106542.97210017576,107390.04519991213,106354.73363356767,107107.6875,632,0.0,0.0
2025-10-01 00:00:00+09:00,107201.80578970718,107295.92502218278,105413.5403726708,106072.375,1037,0.0,0.0
2025-10-02 00:00:00+09:00,106354.7356667766,107860.64342843008,105507.66255084652,107013.5703125,999,0.0,0.0
2025-10-03 00:00:00+09:00,107107.68413206714,107390.0418231007,106448.84951965547,106542.96875,582,0.0,0.0
2025-10-06 00:00:00+09:00,107201.80325351731,108707.7109375,107107.6840232684,108707.7109375,1653,0.0,0.0
2025-10-07 00:00:00+09:00,108425.35732870772,108801.83426387685,108142.99962733088,108519.4765625,662,0.0,0.0
2025-10-08 00:00:00+09:00,108801.83332421191,108801.83332421191,107484.1640625,107484.1640625,505,0.0,0.0
2025-10-09 00:00:00+09:00,107766.52381408852,107766.52381408852,106637.09299682296,107390.046875,822,0.0,0.0
2025-10-10 00:00:00+09:00,106825.328491103,107013.56695540452,105790.01693744474,106448.8515625,1087,0.0,0.0
2025-10-14 00:00:00+09:00,105695.89734306168,106825.328125,105413.53964757708,106825.328125,827,0.0,0.0
2025-10-15 00:00:00+09:00,106448.85655838816,107578.28739720395,106448.85655838816,107295.9296875,608,0.0,0.0
2025-10-16 00:00:00+09:00,107860.63485262007,108142.99253548034,107295.91948689955,107766.515625,501,0.0,0.0
2025-10-17 00:00:00+09:00,108142.99832297121,108142.99832297121,107295.9252290576,107860.640625,367,0.0,0.0
2025-10-20 00:00:00+09:00,107860.64510690789,108048.88358004385,107201.81045093201,107295.9296875,380,0.0,0.0
2025-10-21 00:00:00+09:00,107390.04892406799,107766.52587033992,107295.9296875,107295.9296875,424,0.0,0.0
2025-10-22 00:00:00+09:00,107390.04039634146,108048.875,107201.80193815331,108048.875,418,0.0,0.0
2025-10-23 00:00:00+09:00,107860.64025815218,108237.1171875,107390.04409646739,108237.1171875,791,0.0,0.0
2025-10-24 00:00:00+09:00,108237.11886112316,108519.4765625,107860.64192595404,108519.4765625,728,0.0,0.0
2025-10-27 00:00:00+09:00,108519.47748201246,109554.7890625,108425.35824742269,109554.7890625,1124,0.0,0.0
2025-10-28 00:00:00+09:00,109554.78570272021,109554.78570272021,108331.23569057643,108990.0703125,716,0.0,0.0
2025-10-29 00:00:00+09:00,108990.07310704961,108990.07310704961,107390.04612706702,108143.0,1559,0.0,0.0
2025-10-30 00:00:00+09:00,108143.00243116259,108331.24090362762,107578.28701376748,107672.40625,683,0.0,0.0
2025-10-31 00:00:00+09:00,107672.39915272887,107954.7568428147,106919.4453125,106919.4453125,914,0.0,0.0
2025-11-04 00:00:00+09:00,106919.45070113936,107766.52381408852,106448.8545272787,107390.046875,1179,0.0,0.0
2025-11-05 00:00:00+09:00,107860.6460007602,108331.2421875,106542.97667788879,108331.2421875,931,0.0,0.0
2025-11-06 00:00:00+09:00,108143.00129081964,108801.8359375,107860.64358509947,108801.8359375,803,0.0,0.0
2025-11-07 00:00:00+09:00,108331.23976129974,109178.3128784602,108331.23976129974,108801.8359375,576,0.0,0.0
2025-11-10 00:00:00+09:00,109178.3125,109554.78943965517,108895.95479525861,109178.3125,585,0.0,0.0
2025-11-11 00:00:00+09:00,109366.54377659575,111060.68989361702,109084.18609042553,110590.09375,1407,0.0,0.0
2025-11-12 00:00:00+09:00,110966.57682513866,111248.9345269838,110213.62295355163,110307.7421875,1120,0.0,0.0
2025-11-13 00:00:00+09:00,110401.85564554867,110778.33256164602,109743.0210423783,110213.6171875,672,0.0,0.0
2025-11-14 00:00:00+09:00,110401.86142144838,110872.45759119028,109837.14601775812,110307.7421875,570,0.0,0.0
2025-11-17 00:00:00+09:00,110307.73606382978,110590.09375,109648.90146276596,110590.09375,731,0.0,0.0
2025-11-18 00:00:00+09:00,110213.62239358254,110590.09932746326,108895.953125,108895.953125,874,0.0,0.0
2025-11-19 00:00:00+09:00,109084.19027853261,109178.30951086957,108237.1171875,108237.1171875,438,0.0,0.0
2025-11-20 00:00:00+09:00,108425.35289042279,109366.54518981882,108425.35289042279,109084.1875,583,0.0,0.0
2025-11-21 00:00:00+09:00,108895.95442037156,109554.7890625,108707.71595119202,109554.7890625,716,0.0,0.0
2025-11-25 00:00:00+09:00,109648.90420642152,110119.50036181389,108990.06958887221,109743.0234375,394,0.0,0.0
2025-11-26 00:00:00+09:00,110025.38857505341,110401.86552483974,109460.67315037393,110119.5078125,1025,0.0,0.0
2025-11-27 00:00:00+09:00,110119.50908028887,110778.34375,109837.1513646984,110778.34375,1158,0.0,0.0
2025-11-28 00:00:00+09:00,110590.09820760266,110778.33667263687,109931.2635799829,110025.3828125,703,0.0,0.0
2025-12-01 00:00:00+09:00,110213.61825927524,110401.85671915444,109084.1875,109084.1875,745,0.0,0.0
2025-12-02 00:00:00+09:00,109178.30914211439,109272.42837413345,108519.47451798094,108613.59375,629,0.0,0.0
2025-12-03 00:00:00+09:00,108331.24257574107,108613.60028879686,107390.0501988884,107954.765625,821,0.0,0.0
2025-12-04 00:00:00+09:00,107860.64342843008,108143.00113374011,107013.5703125,107013.5703125,962,0.0,0.0
2025-12-05 00:00:00+09:00,106825.32474811781,107201.80166352968,106260.609375,106260.609375,1141,0.0,0.0
2025-12-08 00:00:00+09:00,106542.96875,107013.56490172261,105790.0149072438,106542.96875,901,0.0,0.0
2025-12-09 00:00:00+09:00,105978.2574391593,106731.2113108407,105978.2574391593,106354.734375,587,0.0,0.0
2025-12-10 00:00:00+09:00,106354.72993232835,107013.5645425286,106166.49147227113,106919.4453125,606,0.0,0.0
2025-12-11 00:00:00+09:00,106919.44809228039,107390.04425465838,105884.1365350488,106072.375,617,0.0,0.0
2025-12-12 00:00:00+09:00,105978.2567003515,107578.28366652022,105978.2567003515,107107.6875,1102,0.0,0.0
2025-12-15 00:00:00+09:00,106731.20925895227,107013.56695540452,106260.6130981985,106448.8515625,863,0.0,0.0
2025-12-16 00:00:00+09:00,106637.09375,107013.57069174756,106354.73604368932,106637.09375,419,0.0,0.0
2025-12-17 00:00:00+09:00,106731.20721068904,106731.20721068904,106072.37259827738,106542.96875,657,0.0,0.0
2025-12-18 00:00:00+09:00,106542.9745145631,107107.68992718446,106260.61680825242,106637.09375,659,0.0,0.0
2025-12-19 00:00:00+09:00,107107.6871305823,107672.40252845884,106731.21019866462,107484.1640625,1247,0.0,0.0
2025-12-22 00:00:00+09:00,107578.28234830902,107578.28234830902,106260.6130981985,106448.8515625,1254,0.0,0.0
2025-12-23 00:00:00+09:00,106825.328125,107013.56658865638,106260.61273403083,106825.328125,1140,0.0,0.0
2025-12-24 00:00:00+09:00,106825.32776146839,107201.8046875,106637.08929845259,107201.8046875,547,0.0,0.0
2025-12-25 00:00:00+09:00,107295.92116724738,108331.23268728223,107201.80193815331,108048.875,1290,0.0,0.0
2025-12-26 00:00:00+09:00,108425.35770234987,108707.71540469975,107766.5230635335,108143.0,1242,0.0,0.0
2025-12-29 00:00:00+09:00,108990.06862824675,109084.18785849567,108425.35324675325,108707.7109375,1125,0.0,0.0
2025-12-30 00:00:00+09:00,109178.31082541055,109460.6685258211,108519.47619111928,108895.953125,1089,0.0,0.0
2026-01-05 00:00:00+09:00,109648.90736800738,109743.02660179966,108237.11886112316,108519.4765625,2125,0.0,0.0
2026-01-06 00:00:00+09:00,108613.59746701989,108990.07440798011,108519.47823177984,108801.8359375,1249,0.0,0.0
2026-01-07 00:00:00+09:00,108237.11703431373,110401.859375,108237.11703431373,110401.859375,2321,0.0,0.0
2026-01-08 00:00:00+09:00,110401.85864733277,111248.9317315834,110213.62018416596,111154.8125,1181,0.0,0.0
2026-01-09 00:00:00+09:00,110966.57774857355,111343.0546875,110590.10080964709,111343.0546875,1518,0.0,0.0
2026-01-13 00:00:00+09:00,111531.2890625,111719.52752505275,110684.21598101266,111531.2890625,1828,0.0,0.0
2026-01-14 00:00:00+09:00,111437.17261904762,111437.17261904762,110684.21875,110684.21875,3227,0.0,0.0
2026-01-15 00:00:00+09:00,110778.33965489821,111437.17430025445,110684.22041984732,110966.578125,1125,0.0,0.0
2026-01-16 00:00:00+09:00,111248.92862751256,112378.359375,110966.5709406407,112378.359375,2004,0.0,0.0
2026-01-19 00:00:00+09:00,112378.36626954777,112378.36626954777,111343.0546875,111343.0546875,1786,0.0,0.0
2026-01-20 00:00:00+09:00,111154.81360270531,111343.05206773953,109837.14434746579,110025.3828125,4062,0.0,0.0
2026-01-21 00:00:00+09:00,108990.06958887221,110401.8580550493,108331.23497132289,109743.0234375,4472,0.0,0.0
2026-01-22 00:00:00+09:00,110401.86552483974,110872.46171207265,109837.15010016026,110119.5078125,1437,0.0,0.0
2026-01-23 00:00:00+09:00,110213.6154952376,110684.21163313357,109931.2578125,109931.2578125,1872,0.0,0.0
2026-01-26 00:00:00+09:00,110025.38729309973,110119.50652944969,109366.55263865004,109460.671875,1488,0.0,0.0
2026-01-27 00:00:00+09:00,109178.3067299396,109554.78364969802,108801.8298101812,109084.1875,1906,0.0,0.0
2026-01-28 00:00:00+09:00,109648.90625,109648.90625,108707.71392167381,109648.90625,2883,0.0,0.0
2026-01-29 00:00:00+09:00,109383.43958150745,110546.0625,108899.01336546888,110546.0625,5177,3326.0,0.0
2026-01-30 00:00:00+09:00,109964.75730869037,110352.29830361086,109092.79007011926,109674.1015625,3047,0.0,0.0
2026-02-02 00:00:00+09:00,108995.902402361,109770.984375,108317.70567630186,109770.984375,13454,0.0,0.0
2026-02-03 00:00:00+09:00,108511.4717023173,108995.89791527406,108317.70121713459,108705.2421875,6523,0.0,0.0
2026-02-04 00:00:00+09:00,108802.13382279672,109383.4453125,108511.4780779451,109383.4453125,2514,0.0,0.0
2026-02-05 00:00:00+09:00,109480.32569352344,109770.98142545315,108995.89947364059,109577.2109375,2090,0.0,0.0
2026-02-06 00:00:00+09:00,109480.32465277778,109480.32465277778,108705.24270833333,108995.8984375,1959,0.0,0.0
2026-02-09 00:00:00+09:00,109674.10003895815,109674.10003895815,108802.1328125,108802.1328125,1536,0.0,0.0
2026-02-10 00:00:00+09:00,108899.019572659,109674.1015625,108802.13432392888,109674.1015625,1654,0.0,0.0
2026-02-12 00:00:00+09:00,109770.98630563552,109770.98630563552,108995.90431936449,109383.4453125,1336,0.0,0.0
2026-02-13 00:00:00+09:00,108995.90228429946,109189.67277724932,108123.93506602506,108220.8203125,2912,0.0,0.0
2026-02-16 00:00:00+09:00,108317.70173611112,108995.8984375,108123.93125000001,108995.8984375,1691,0.0,0.0
2026-02-17 00:00:00+09:00,108899.01406950672,108899.01406950672,107930.16163116592,108027.046875,1609,0.0,0.0
2026-02-18 00:00:00+09:00,108317.703125,108608.35885789356,107833.27690351073,108317.703125,1411,0.0,0.0
2026-02-19 00:00:00+09:00,108608.36424821269,108608.36424821269,107833.28225536193,108414.59375,1391,0.0,0.0
2026-02-20 00:00:00+09:00,108414.58785033632,108511.4730941704,107930.16163116592,108027.046875,1106,0.0,0.0
2026-02-24 00:00:00+09:00,108027.04841803825,108899.015625,107833.2779276023,108899.015625,2137,0.0,0.0
2026-02-25 00:00:00+09:00,108899.01474316578,109867.8671875,108414.58852099867,109867.8671875,2854,0.0,0.0
2026-02-26 00:00:00+09:00,109286.55382249561,110255.40625,108995.89809424429,110255.40625,2133,0.0,0.0
2026-02-27 00:00:00+09:00,110255.40957741793,110255.40957741793,109092.78662932565,109189.671875,1617,0.0,0.0
2026-03-02 00:00:00+09:00,109092.78662932565,109577.21285769744,108414.58990960514,109189.671875,1940,0.0,0.0
2026-03-03 00:00:00+09:00,109092.78455717489,109092.78455717489,107930.16163116592,108027.046875,1569,0.0,0.0
2026-03-04 00:00:00+09:00,107833.27764423077,107833.27764423077,105798.6875,105798.6875,3572,0.0,0.0
2026-03-05 00:00:00+09:00,107639.50743716636,109383.44185108985,107639.50743716636,108899.015625,1792,0.0,0.0
2026-03-06 00:00:00+09:00,108317.70749101527,108317.70749101527,107736.39600179695,107833.28125,858,0.0,0.0
2026-03-09 00:00:00+09:00,106573.7720189702,107445.73924457995,105701.80479336042,107251.96875,2426,0.0,0.0
2026-03-10 00:00:00+09:00,107833.2758683678,108027.04635510342,107251.96440816097,107736.390625,1087,0.0,0.0
2026-03-11 00:00:00+09:00,107930.16266168599,109092.78559879572,107348.85119313112,108608.359375,1049,0.0,0.0
2026-03-12 00:00:00+09:00,108705.24745934959,108705.24745934959,107251.96875,107251.96875,767,0.0,0.0
2026-03-13 00:00:00+09:00,107058.1953125,107445.73629100679,106283.11335548642,107058.1953125,2035,0.0,0.0
2026-03-16 00:00:00+09:00,106864.4296875,107445.74118172031,106186.23294424298,106864.4296875,1122,0.0,0.0
2026-03-17 00:00:00+09:00,107445.73732138838,108027.04879472322,107058.19633916517,107639.5078125,670,0.0,0.0
2026-03-18 00:00:00+09:00,107930.16214780859,108317.703125,107348.85068202147,108317.703125,486,0.0,0.0
2026-03-19 00:00:00+09:00,108317.70401342509,108317.70401342509,106767.54009194495,107348.8515625,1273,0.0,0.0
2026-03-23 00:00:00+09:00,106573.76931342937,106573.76931342937,104248.5234375,104248.5234375,2700,0.0,0.0
2026-03-24 00:00:00+09:00,105604.92035730804,106186.23184551341,104732.953125,104732.953125,1217,0.0,0.0
2026-03-25 00:00:00+09:00,105604.9204506609,106573.77293185962,105314.26470630128,106283.1171875,870,0.0,0.0
2026-03-26 00:00:00+09:00,106283.11372481685,106283.11372481685,105120.4907852564,105798.6875,1136,0.0,0.0
2026-03-27 00:00:00+09:00,105120.49269732308,105604.91893095129,105120.49269732308,105411.1484375,962,0.0,0.0
2026-03-30 00:00:00+09:00,104151.64298794896,104151.64298794896,102504.59375,102504.59375,2956,0.0,0.0
2026-03-31 00:00:00+09:00,102601.4741303066,103473.44133254717,102310.81839622642,102698.359375,2356,0.0,0.0
2026-04-01 00:00:00+09:00,103667.2124797266,104636.06493280815,103667.2124797266,104539.1796875,1631,0.0,0.0
2026-04-02 00:00:00+09:00,104539.1776080717,105314.2595551195,103182.78420073805,103376.5546875,1666,0.0,0.0
2026-04-03 00:00:00+09:00,103667.21196851766,104539.17917199117,103570.32672368728,104248.5234375,711,0.0,0.0
2026-04-06 00:00:00+09:00,104248.52255985267,105508.0307320442,104248.52255985267,105217.375,459,0.0,0.0
2026-04-07 00:00:00+09:00,104926.72118328327,105895.57364111599,104829.8359375,104829.8359375,387,0.0,0.0
2026-04-08 00:00:00+09:00,105314.26470630128,106283.1171875,104926.72371382179,106283.1171875,952,0.0,0.0
2026-04-09 00:00:00+09:00,106379.99987003235,106379.99987003235,104732.95069171673,104829.8359375,738,0.0,0.0
2026-04-10 00:00:00+09:00,106283.11268416206,106283.11268416206,104636.0635359116,105217.375,648,0.0,0.0
2026-04-13 00:00:00+09:00,105217.375,105217.375,104442.29304788214,105217.375,649,0.0,0.0
2026-04-14 00:00:00+09:00,105604.91597605892,106186.22744014733,105217.375,105217.375,712,0.0,0.0
2026-04-15 00:00:00+09:00,105701.80122007366,105895.57170810313,105217.375,105217.375,580,0.0,0.0
2026-04-16 00:00:00+09:00,104926.72029532967,105798.6875,104926.72029532967,105798.6875,800,0.0,0.0
2026-04-17 00:00:00+09:00,105508.03368422564,105798.68942440258,105120.49269732308,105411.1484375,479,0.0,0.0
2026-04-20 00:00:00+09:00,105701.80276826484,106089.34375,105604.91752283105,106089.34375,421,0.0,0.0
2026-04-21 00:00:00+09:00,106186.22796143251,106186.22796143251,105023.60502754821,105508.03125,520,0.0,0.0
2026-04-22 00:00:00+09:00,105023.60539614313,105120.49064097351,104248.5234375,104248.5234375,807,0.0,0.0
2026-04-23 00:00:00+09:00,105314.26268001152,105314.26268001152,104539.18070996544,105120.4921875,917,0.0,0.0
2026-04-24 00:00:00+09:00,104539.17917199117,105120.49064097351,104248.5234375,104248.5234375,528,0.0,0.0
2026-04-27 00:00:00+09:00,104248.52255985267,105217.375,104054.7520718232,105217.375,793,0.0,0.0
2026-04-28 00:00:00+09:00,105314.2611306343,105314.2611306343,103764.09721334805,104248.5234375,1484,0.0,0.0
2026-04-30 00:00:00+09:00,104248.52433161352,104248.52433161352,103279.671875,103279.671875,1036,0.0,0.0
2026-05-01 00:00:00+09:00,103473.44133254717,103473.44133254717,102601.4741303066,102698.359375,1545,0.0,0.0
2026-05-07 00:00:00+09:00,102698.3612985322,103085.90228456439,102310.8203125,102310.8203125,1893,0.0,0.0
2026-05-08 00:00:00+09:00,102310.8198005698,103667.21324489554,102020.1640625,102020.1640625,2715,0.0,0.0
2026-05-11 00:00:00+09:00,102117.0512392755,102504.59223069591,101632.625,101632.625,1771,0.0,0.0
2026-05-12 00:00:00+09:00,101729.5072976361,101826.39254268147,100954.42533727316,101438.8515625,1998,0.0,0.0
2026-05-13 00:00:00+09:00,101341.96721311475,101341.96721311475,100470.0,100470.0,1659,0.0,0.0
2026-05-14 00:00:00+09:00,100566.88768400096,100760.65818050192,100082.46144274855,100373.1171875,2017,0.0,0.0
2026-05-15 00:00:00+09:00,100373.11284221902,101148.19479466858,100276.22759816282,100857.5390625,1076,0.0,0.0
2026-05-18 00:00:00+09:00,101535.7361381323,101535.7361381323,94656.88378526265,99598.03125,3806,0.0,0.0
2026-05-19 00:00:00+09:00,99598.03419296116,100470.00141838592,99307.37845115291,99791.8046875,1430,0.0,0.0
2026-05-20 00:00:00+09:00,99501.1513064536,99791.80705515794,97854.10206379565,98144.7578125,2789,0.0,0.0
2026-05-21 00:00:00+09:00,98822.95017804518,98822.95017804518,97950.98297059185,98629.1796875,1541,0.0,0.0
2026-05-22 00:00:00+09:00,98726.06544594759,99016.7211832762,97854.0982339618,98919.8359375,1333,0.0,0.0
2026-05-25 00:00:00+09:00,98919.83644866943,99404.26268005371,98629.18070983887,99210.4921875,641,0.0,0.0
2026-05-26 00:00:00+09:00,98822.95017804518,99210.49115913556,98435.40919695482,98629.1796875,1037,0.0,0.0
2026-05-27 00:00:00+09:00,98822.95120239258,99210.4921875,98435.41021728516,99210.4921875,1218,0.0,0.0
2026-05-28 00:00:00+09:00,98629.18070983887,99501.14792633057,98241.63972473145,99210.4921875,1585,0.0,0.0
2026-05-29 00:00:00+09:00,98726.06405034047,100276.22796084631,98726.06405034047,99598.03125,870,0.0,0.0
2026-06-01 00:00:00+09:00,99694.91633985919,99694.91633985919,98047.8671875,98047.8671875,1958,0.0,0.0
2026-06-02 00:00:00+09:00,98047.87104706175,98047.87104706175,96788.3628221489,97272.7890625,2926,0.0,0.0
2026-06-03 00:00:00+09:00,98047.8671875,98532.2934087821,97369.67047770503,98047.8671875,1603,0.0,0.0
2026-06-04 00:00:00+09:00,96982.13373486378,97272.7894803229,96013.28125,96013.28125,3765,0.0,0.0
2026-06-05 00:00:00+09:00,96303.93125311566,97369.66892291875,95819.5050395688,97175.8984375,1725,0.0,0.0
2026-06-08 00:00:00+09:00,96497.70707793825,97466.55955864044,96207.05133372759,97272.7890625,1305,0.0,0.0
2026-06-09 00:00:00+09:00,97660.32709580837,97660.32709580837,96691.47464446108,97079.015625,861,0.0,0.0
2026-06-10 00:00:00+09:00,96885.24476600986,98338.5234375,96497.70378694581,98338.5234375,1047,0.0,0.0
2026-06-11 00:00:00+09:00,98241.64011498516,98629.18110163204,97369.67289502968,97950.984375,996,0.0,0.0
2026-06-12 00:00:00+09:00,98822.9487804878,99404.26024390243,98435.40780487805,99307.375,2063,0.0,0.0
2026-06-15 00:00:00+09:00,99307.3736146439,99985.5703125,98919.83264444041,99985.5703125,1286,0.0,0.0
2026-06-16 00:00:00+09:00,99307.38029857673,99307.38029857673,97854.1015625,97854.1015625,1415,0.0,0.0
2026-06-17 00:00:00+09:00,98532.29585497033,98726.06634829377,97854.09912833828,97950.984375,755,0.0,0.0
2026-06-18 00:00:00+09:00,98047.87063667651,98629.1821226647,97660.32964601771,98532.296875,1169,0.0,0.0
2026-06-19 00:00:00+09:00,98629.1821226647,98726.0673703294,97854.10014134711,98532.296875,784,0.0,0.0
2026-06-22 00:00:00+09:00,98338.52239996284,98532.29288745044,97757.2109375,97757.2109375,1029,0.0,0.0
2026-06-23 00:00:00+09:00,97757.21438917653,98532.29636649408,97563.44389484714,98241.640625,1164,0.0,0.0
2026-06-24 00:00:00+09:00,98241.64163602941,98822.953125,97854.10064338235,98822.953125,731,0.0,0.0
2026-06-25 00:00:00+09:00,98629.17673474409,99113.60294660433,98047.8652805118,98435.40625,1001,0.0,0.0
2026-06-26 00:00:00+09:00,98532.29647299756,99791.8046875,97950.98498938106,99791.8046875,1179,0.0,0.0
2026-06-29 00:00:00+09:00,99791.80417782377,100276.2304116967,99307.37794395084,99501.1484375,1022,0.0,0.0
2026-06-30 00:00:00+09:00,100276.22604015261,100276.22604015261,99598.02934229652,99985.5703125,853,0.0,0.0
2026-07-01 00:00:00+09:00,100082.46186155915,100082.46186155915,99113.609375,99113.609375,1404,0.0,0.0
2026-07-02 00:00:00+09:00,99598.03125,100179.3427164397,99307.37551678016,99598.03125,1123,0.0,0.0
2026-07-03 00:00:00+09:00,99307.37704918033,100760.65573770492,99307.37704918033,100470.0,1668,0.0,0.0
2026-07-06 00:00:00+09:00,101051.30903028662,101632.62049163054,100566.8828125,100566.8828125,1566,0.0,0.0
2026-07-07 00:00:00+09:00,100857.53854317196,101245.07951740126,100566.8828125,100566.8828125,751,0.0,0.0
2026-07-08 00:00:00+09:00,100663.77293225145,100857.54342875241,100276.23193924951,100373.1171875,841,0.0,0.0
2026-07-09 00:00:00+09:00,100373.11372453927,100760.65470417071,99888.6875,99888.6875,939,0.0,0.0
2026-07-10 00:00:00+09:00,99888.69094624759,100470.00243575049,99791.8056979971,100373.1171875,521,0.0,0.0
2026-07-13 00:00:00+09:00,100469.99844965954,100663.76893847277,99598.03125,99598.03125,820,0.0,0.0
2026-07-14 00:00:00+09:00,100179.34079760175,100469.99652525436,99888.68506994913,99985.5703125,1250,0.0,0.0
2026-07-15 00:00:00+09:00,99985.57619449806,100566.88768400096,99888.69094624759,100373.1171875,935,0.0,0.0
2026-07-16 00:00:00+09:00,100373.11514282227,100566.88563537598,99210.4921875,99210.4921875,1924,0.0,0.0
2026-07-17 00:00:00+09:00,99404.26307492582,99694.91881491098,97950.984375,97950.984375,1966,0.0,0.0
2026-07-21 00:00:00+09:00,98822.94826320939,99694.91545376711,98629.17777641879,99016.71875,1380,0.0,0.0
2026-07-22 00:00:00+09:00,99307.3736146439,100179.34079760175,98919.83264444041,99985.5703125,1547,0.0,0.0
2026-07-23 00:00:00+09:00,99985.57711988305,100373.11811647174,99307.38037585282,99404.265625,1340,0.0,0.0
2026-07-24 00:00:00+09:00,99404.2661260933,100663.77437135568,99016.72512755102,99694.921875,1907,0.0,0.0
2026-07-27 00:00:00+09:00,99598.03469869313,100663.77242406824,99598.03469869313,100082.4609375,1195,0.0,0.0
2026-07-28 00:00:00+09:00,100082.45850459381,101051.31095865571,99985.57325918763,100179.34375,1445,0.0,0.0
2026-07-29 00:00:00+09:00,99985.57377049181,100566.88524590165,99888.68852459016,100470.0,2333,0.0,0.0
2026-07-30 00:00:00+09:00,99600.0,100500.0,99200.0,100500.0,5898,3230.0,0.0
2026-07-31 00:00:00+09:00,101000.0,101000.0,99500.0,99500.0,2283,0.0,0.0
2026-08-03 00:00:00+09:00,99800.0,99800.0,98000.0,98000.0,5027,0.0,0.0
2026-08-04 00:00:00+09:00,98300.0,98400.0,97500.0,97800.0,3963,0.0,0.0
2026-08-05 00:00:00+09:00,98300.0,98400.0,97400.0,97700.0,2582,0.0,0.0
2026-08-06 00:00:00+09:00,97800.0,98400.0,97600.0,98300.0,2084,0.0,0.0
2026-08-07 00:00:00+09:00,98600.0,98800.0,98000.0,98400.0,1244,0.0,0.0
2026-08-10 00:00:00+09:00,98500.0,99000.0,97900.0,99000.0,1597,0.0,0.0
2026-08-12 00:00:00+09:00,98900.0,99400.0,98400.0,99400.0,1237,0.0,0.0
2026-08-13 00:00:00+09:00,99300.0,99500.0,98600.0,98600.0,1242,0.0,0.0
2026-08-14 00:00:00+09:00,98600.0,99000.0,98200.0,98600.0,1623,0.0,0.0
2026-08-17 00:00:00+09:00,98800.0,99400.0,98800.0,99200.0,1448,0.0,0.0
2026-08-18 00:00:00+09:00,99400.0,99400.0,98200.0,98600.0,1136,0.0,0.0
2026-08-19 00:00:00+09:00,98300.0,98300.0,97200.0,97600.0,3008,0.0,0.0
2026-08-20 00:00:00+09:00,98300.0,98300.0,97400.0,98300.0,1667,0.0,0.0
2026-08-21 00:00:00+09:00,98000.0,98000.0,97300.0,97900.0,2005,0.0,0.0
2026-08-24 00:00:00+09:00,98000.0,98500.0,97600.0,98400.0,1662,0.0,0.0
2026-08-25 00:00:00+09:00,98500.0,99000.0,98400.0,98900.0,1161,0.0,0.0
2026-08-26 00:00:00+09:00,99000.0,99600.0,98800.0,99600.0,1221,0.0,0.0
2026-08-27 00:00:00+09:00,99700.0,99900.0,99300.0,99800.0,1311,0.0,0.0
2026-08-28 00:00:00+09:00,99100.0,99200.0,98000.0,98000.0,2057,0.0,0.0
2026-08-31 00:00:00+09:00,98000.0,98300.0,97300.0,97300.0,2050,0.0,0.0
2026-09-01 00:00:00+09:00,97200.0,97300.0,95700.0,96100.0,7032,0.0,0.0
2026-09-02 00:00:00+09:00,96300.0,96300.0,95100.0,95100.0,4086,0.0,0.0
2026-09-03 00:00:00+09:00,95700.0,95700.0,94000.0,94000.0,5845,0.0,0.0
2026-09-04 00:00:00+09:00,93800.0,95200.0,93600.0,95100.0,3591,0.0,0.0
2026-09-07 00:00:00+09:00,95500.0,95500.0,94900.0,95500.0,1318,0.0,0.0
2026-09-08 00:00:00+09:00,95100.0,95600.0,94700.0,94800.0,1979,0.0,0.0
2026-09-09 00:00:00+09:00,94900.0,95300.0,94400.0,95300.0,2048,0.0,0.0
2026-09-10 00:00:00+09:00,94900.0,95000.0,94300.0,94700.0,1174,0.0,0.0
2026-09-11 00:00:00+09:00,94500.0,94600.0,93400.0,94200.0,4249,0.0,0.0
2026-09-14 00:00:00+09:00,94000.0,95000.0,94000.0,95000.0,1351,0.0,0.0
2026-09-15 00:00:00+09:00,94900.0,95600.0,94500.0,95500.0,1592,0.0,0.0
2026-09-16 00:00:00+09:00,95500.0,95800.0,94900.0,95600.0,1122,0.0,0.0
2026-09-17 00:00:00+09:00,95500.0,95900.0,95100.0,95500.0,1442,0.0,0.0
2026-09-18 00:00:00+09:00,95500.0,95600.0,92800.0,92800.0,7067,0.0,0.0
2026-09-24 00:00:00+09:00,92600.0,93200.0,91500.0,91600.0,7574,0.0,0.0
2026-09-25 00:00:00+09:00,91600.0,92300.0,91600.0,91700.0,3779,0.0,0.0
2026-09-28 00:00:00+09:00,92000.0,92800.0,91800.0,92300.0,980,0.0,0.0
