Date,Open,High,Low,Close,Volume,Dividends,Stock Splits
2021-10-04 00:00:00+09:00,118501.13981753356,119619.82893246645,117542.26343330537,119060.484375,4794,0.0,0.0
2021-10-05 00:00:00+09:00,118501.14027801144,119859.54849427994,116103.94930812584,118740.859375,5122,0.0,0.0
2021-10-06 00:00:00+09:00,118740.85925941494,119779.64201202085,116743.20011978818,118820.765625,4603,0.0,0.0
2021-10-07 00:00:00+09:00,119140.38982184579,120019.35983394526,118021.70071553737,119699.734375,3669,0.0,0.0
2021-10-08 00:00:00+09:00,119539.91561234818,120418.88558008603,118421.2265625,118421.2265625,3593,0.0,0.0
2021-10-11 00:00:00+09:00,118581.04526869158,120099.26619868157,117781.98162132844,119699.734375,2849,0.0,0.0
2021-10-12 00:00:00+09:00,120259.10964529274,120498.82880073186,119300.23302353626,120099.296875,3514,0.0,0.0
2021-10-13 00:00:00+09:00,121377.77308331964,121857.21129168035,120259.08393047798,121617.4921875,3685,0.0,0.0
2021-10-14 00:00:00+09:00,121937.11777818868,123215.6196683925,120978.24136053583,121537.5859375,4041,0.0,0.0
2021-10-15 00:00:00+09:00,122017.00642755681,123135.69541903409,121297.84921875,123055.7890625,3264,0.0,0.0
2021-10-18 00:00:00+09:00,122975.91330400485,123854.88344457929,121138.06664644013,123455.3515625,4048,0.0,0.0
2021-10-19 00:00:00+09:00,123375.41502442997,123455.32138131106,121697.3815299267,122656.2578125,4285,0.0,0.0
2021-10-20 00:00:00+09:00,121777.31262311227,122256.75086178594,120978.2488919895,121697.40625,3430,0.0,0.0
2021-10-21 00:00:00+09:00,121617.50049407115,122096.93873517787,120978.24950592886,121297.875,2083,0.0,0.0
2021-10-22 00:00:00+09:00,121377.78249254472,121537.59524105367,119699.74863320078,120578.71875,2464,0.0,0.0
2021-10-25 00:00:00+09:00,120019.36623551324,121457.68087748344,120019.36623551324,120658.6171875,2443,0.0,0.0
2021-10-26 00:00:00+09:00,120738.515625,121217.95380749504,120578.70289750166,120738.515625,2768,0.0,0.0
2021-10-27 00:00:00+09:00,121297.8568097015,123135.703125,121297.8568097015,123135.703125,2297,0.0,0.0
2021-10-28 00:00:00+09:00,123295.53124999999,123695.06310758262,122176.84204876862,123295.53125,3393,0.0,0.0
2021-10-29 00:00:00+09:00,123455.33605387791,123695.05515301165,122336.64692458711,123375.4296875,4250,0.0,0.0
2021-11-01 00:00:00+09:00,123695.06310758262,124174.50133668179,122895.99939241736,123295.53125,2140,0.0,0.0
2021-11-02 00:00:00+09:00,123854.85103496785,124973.54001205789,122816.06841338424,124254.3828125,4512,0.0,0.0
2021-11-04 00:00:00+09:00,124334.30331234056,125293.1796875,123934.77148935746,125293.1796875,3690,0.0,0.0
2021-11-05 00:00:00+09:00,125453.00744000317,125852.53931083121,124574.0373241815,125692.7265625,3167,0.0,0.0
2021-11-08 00:00:00+09:00,125692.70214720292,126891.29752686473,125133.35763669405,126411.859375,4356,0.0,0.0
2021-11-09 00:00:00+09:00,125852.53329589216,126172.15877727856,124094.593148267,124494.125,4181,0.0,0.0
2021-11-10 00:00:00+09:00,124014.68701799486,125213.28257551414,123135.71694248072,124334.3125,5093,0.0,0.0
2021-11-11 00:00:00+09:00,124973.55480246322,125932.43118202176,124494.11661268394,124893.6484375,2317,0.0,0.0
2021-11-12 00:00:00+09:00,124574.03994341978,125213.29095018524,123295.53792988884,124014.6953125,3268,0.0,0.0
2021-11-15 00:00:00+09:00,123615.1554054054,124254.40637065636,123615.1554054054,124174.5,1840,0.0,0.0
2021-11-16 00:00:00+09:00,124254.3900741186,125133.3600360577,123934.76463341346,124653.921875,2157,0.0,0.0
2021-11-17 00:00:00+09:00,124094.58721931746,124494.11905196175,123215.61718750001,123215.6171875,2462,0.0,0.0
2021-11-18 00:00:00+09:00,123615.155766441,124334.31310444874,123455.3430246615,123934.78125,1551,0.0,0.0
2021-11-19 00:00:00+09:00,123615.14820549548,124174.4927675113,123055.80364347967,123774.9609375,1844,0.0,0.0
2021-11-22 00:00:00+09:00,123695.05538667316,124174.49358584631,123215.61718750001,123215.6171875,1540,0.0,0.0
2021-11-24 00:00:00+09:00,123055.78747990353,124414.19552351287,122576.34934686495,124254.3828125,2818,0.0,0.0
2021-11-25 00:00:00+09:00,124174.49115283109,125612.80572216891,124014.67842290468,124893.6484375,2291,0.0,0.0
2021-11-26 00:00:00+09:00,124973.56226053639,125373.0941091954,123375.43486590037,125133.375,3052,0.0,0.0
2021-11-29 00:00:00+09:00,124334.30798020288,124334.30798020288,120818.42780595549,122096.9296875,4920,0.0,0.0
2021-11-30 00:00:00+09:00,123535.24720536901,125213.28096430351,120179.17968749999,120179.1796875,9130,0.0,0.0
2021-12-01 00:00:00+09:00,122416.56176853056,124414.2210663199,122017.02990897269,122896.0,6606,0.0,0.0
2021-12-02 00:00:00+09:00,122336.63454517326,123135.69812809405,120738.50737933168,121058.1328125,6513,0.0,0.0
2021-12-03 00:00:00+09:00,122176.81967121335,123215.60231066775,121457.66245928338,122656.2578125,5050,0.0,0.0
2021-12-06 00:00:00+09:00,122336.65711122047,123135.72084153543,121217.96788877952,121777.3125,2819,0.0,0.0
2021-12-07 00:00:00+09:00,121138.03703175895,122895.97688314332,121138.03703175895,122656.2578125,2922,0.0,0.0
2021-12-08 00:00:00+09:00,123215.60177556818,124014.66534090908,121937.10007102272,123055.7890625,4813,0.0,0.0
2021-12-09 00:00:00+09:00,123854.87463779781,124494.12560367031,122576.3727060528,124094.59375,4887,0.0,0.0
2021-12-10 00:00:00+09:00,125452.98547676283,125452.98547676283,123215.60739182692,124653.921875,7220,0.0,0.0
2021-12-13 00:00:00+09:00,124653.93834513843,125213.28294027688,123934.78100853188,124094.59375,2367,0.0,0.0
2021-12-14 00:00:00+09:00,124973.57245879121,125213.29158754849,123135.72580498546,123615.1640625,2948,0.0,0.0
2021-12-15 00:00:00+09:00,123215.60177556818,123455.32084517046,122256.72549715909,123055.7890625,2234,0.0,0.0
2021-12-16 00:00:00+09:00,123055.79013480392,123375.41556372549,121857.19477634804,122256.7265625,2545,0.0,0.0
2021-12-17 00:00:00+09:00,121777.30677480917,125852.53160782444,121377.77492843512,125612.8125,7212,0.0,0.0
2021-12-20 00:00:00+09:00,124733.84729928199,125293.19190600522,122096.93701044386,122416.5625,3754,0.0,0.0
2021-12-21 00:00:00+09:00,122656.25888831967,123215.60339139344,121697.38259733607,121857.1953125,2678,0.0,0.0
2021-12-22 00:00:00+09:00,121457.6801616095,122096.9311098285,120738.52284486312,121138.0546875,3897,0.0,0.0
2021-12-23 00:00:00+09:00,121377.75663296568,122576.35199142157,121377.75663296568,122256.7265625,1636,0.0,0.0
2021-12-24 00:00:00+09:00,123135.71997468975,123135.71997468975,122096.93713259308,122336.65625,2070,0.0,0.0
2021-12-27 00:00:00+09:00,122576.36801121481,122576.36801121481,121217.95976076458,122017.0234375,926,0.0,0.0
2021-12-28 00:00:00+09:00,122496.44509873778,123055.78959690552,122096.91331433224,122656.2578125,1543,0.0,0.0
2021-12-29 00:00:00+09:00,123295.5437639598,125213.296875,123295.5437639598,125213.296875,2291,0.0,0.0
2021-12-30 00:00:00+09:00,125133.37560057656,125612.81382126841,124254.40552930813,124733.84375,2077,0.0,0.0
2022-01-04 00:00:00+09:00,124733.85056664277,125852.53980939293,124174.5059452677,125373.1015625,2468,0.0,0.0
2022-01-05 00:00:00+09:00,126012.34788156189,126172.16062459494,123215.62487848346,123295.53125,3661,0.0,0.0
2022-01-06 00:00:00+09:00,123055.79056766054,123375.41599770641,121537.56977494265,121937.1015625,3203,0.0,0.0
2022-01-07 00:00:00+09:00,120738.5147197992,122496.45470910138,120738.5147197992,121377.765625,4329,0.0,0.0
2022-01-11 00:00:00+09:00,121937.11765974047,122576.36860422141,121537.58581943988,121617.4921875,2139,0.0,0.0
2022-01-12 00:00:00+09:00,121537.57042043586,122576.35307360197,121377.75770456415,121457.6640625,1991,0.0,0.0
2022-01-13 00:00:00+09:00,121937.12536933683,122176.84448867367,121217.96801132633,121697.40625,2231,0.0,0.0
2022-01-14 00:00:00+09:00,121697.39926719162,122176.83747835587,120738.52284486312,121138.0546875,3845,0.0,0.0
2022-01-17 00:00:00+09:00,121138.04987416108,121377.76897021812,118980.57800964765,119060.484375,3450,0.0,0.0
2022-01-18 00:00:00+09:00,119060.47033898305,119460.00211864407,117702.0622881356,117861.875,3054,0.0,0.0
2022-01-19 00:00:00+09:00,117702.0676498948,117941.78672861149,113467.03059256662,113946.46875,7267,0.0,0.0
2022-01-20 00:00:00+09:00,114106.27893518518,114345.99800857843,110031.0546875,110031.0546875,10906,0.0,0.0
2022-01-21 00:00:00+09:00,109711.44249396028,112348.3526194524,107633.87694054224,111629.1953125,9438,0.0,0.0
2022-01-24 00:00:00+09:00,111948.8118336887,112827.78180525941,109871.24644633972,112428.25,5043,0.0,0.0
2022-01-25 00:00:00+09:00,112667.98634774031,112907.70546762913,109951.16965566715,111389.484375,7993,0.0,0.0
2022-01-26 00:00:00+09:00,110750.24001024589,112428.27394979508,110510.52087602459,112108.6484375,4422,0.0,0.0
2022-01-27 00:00:00+09:00,112907.70072618632,114505.82812499999,110910.04147766922,114505.828125,12601,0.0,0.0
2022-01-28 00:00:00+09:00,114283.12613514956,115098.85151798432,112896.39298433048,114527.84375,6501,2927.0,0.0
2022-01-31 00:00:00+09:00,114283.12839095746,116485.58696808512,113793.69315159575,115017.28125,7310,0.0,0.0
2022-02-01 00:00:00+09:00,117301.29879502118,117709.16144729873,115180.41300317796,115506.703125,7359,0.0,0.0
2022-02-02 00:00:00+09:00,115914.571459138,117056.58694149404,115261.99118350598,116159.2890625,2981,0.0,0.0
2022-02-03 00:00:00+09:00,116485.59039708976,117627.6059892181,115996.15514332049,116322.4453125,2650,0.0,0.0
2022-02-04 00:00:00+09:00,116240.86934840426,117138.16728723404,115017.28125,115017.28125,1842,0.0,0.0
2022-02-07 00:00:00+09:00,115017.28229391163,115261.99991581358,112814.82369679418,113548.9765625,2679,0.0,0.0
2022-02-08 00:00:00+09:00,113793.69977678572,114690.99776785714,111835.95870535714,111917.53125,3838,0.0,0.0
2022-02-09 00:00:00+09:00,111346.52887446467,114935.72101400785,111020.23867996075,114283.140625,5357,0.0,0.0
2022-02-10 00:00:00+09:00,114772.55035090042,115588.27565545551,113385.81733315678,115506.703125,5664,0.0,0.0
2022-02-14 00:00:00+09:00,112488.53794965654,113222.69084417932,112162.24777431309,112814.828125,3227,0.0,0.0
2022-02-15 00:00:00+09:00,112733.2443481623,113875.25984807133,111917.51899108443,112080.6640625,5719,0.0,0.0
2022-02-16 00:00:00+09:00,112080.67965372838,113630.55804777557,111754.38946550792,113222.6953125,4066,0.0,0.0
2022-02-17 00:00:00+09:00,113712.11281628652,114527.8381593015,112977.96000757306,114446.265625,2444,0.0,0.0
2022-02-18 00:00:00+09:00,113467.39284509892,113793.68297549461,112243.80485611511,113385.8203125,2080,0.0,0.0
2022-02-21 00:00:00+09:00,112977.97433035714,113793.69977678572,112243.82142857143,113059.546875,1825,0.0,0.0
2022-02-22 00:00:00+09:00,111591.24107142858,112162.24888392858,110857.08816964287,111917.53125,4264,0.0,0.0
2022-02-24 00:00:00+09:00,111917.5200155906,112977.96298949925,109388.77138550073,111183.3671875,8321,0.0,0.0
2022-02-25 00:00:00+09:00,109633.48905109489,111754.375,109633.48905109489,111754.375,4744,0.0,0.0
2022-02-28 00:00:00+09:00,110857.0859714674,112651.68191802537,109959.7879981884,112570.109375,4215,0.0,0.0
2022-03-01 00:00:00+09:00,112570.09719222462,114201.54787616992,112488.52465802737,113304.25,3272,0.0,0.0
2022-03-02 00:00:00+09:00,113304.26450892858,113712.12723214287,112814.82924107143,113059.546875,2315,0.0,0.0
2022-03-03 00:00:00+09:00,113793.68972493723,114038.40733724892,113141.10942543938,113712.1171875,2969,0.0,0.0
2022-03-04 00:00:00+09:00,114038.41628253796,114201.56137020969,111835.95759896963,112814.828125,3364,0.0,0.0
2022-03-07 00:00:00+09:00,112733.25333605664,113141.11604711329,111591.23774509804,112325.390625,2879,0.0,0.0
2022-03-08 00:00:00+09:00,112080.66161604505,112162.23414997231,110367.63840357275,110449.2109375,2966,0.0,0.0
2022-03-09 00:00:00+09:00,111101.80126260269,111835.954134382,108899.34264726476,109225.6328125,4315,0.0,0.0
2022-03-10 00:00:00+09:00,110204.5177106127,112488.54916575493,110204.5177106127,111835.96875,3525,0.0,0.0
2022-03-11 00:00:00+09:00,112080.66387195121,113385.8244410569,110367.640625,110367.640625,4627,0.0,0.0
2022-03-14 00:00:00+09:00,110367.65962305268,111672.82041682123,109959.796875,109959.796875,2327,0.0,0.0
2022-03-15 00:00:00+09:00,110041.36607889117,111264.95428584695,109551.93079610885,109796.6484375,3578,0.0,0.0
2022-03-16 00:00:00+09:00,110286.09026258206,112488.54916575493,109796.65495076586,111835.96875,2983,0.0,0.0
2022-03-17 00:00:00+09:00,112080.67412806416,113712.12498873468,111917.52904199711,113141.1171875,2811,0.0,0.0
2022-03-18 00:00:00+09:00,113956.83287259616,117382.87938701925,113467.39765625,116648.7265625,8160,0.0,0.0
2022-03-22 00:00:00+09:00,116811.87954389576,119340.62833290467,114854.13854595336,118932.765625,5635,0.0,0.0
2022-03-23 00:00:00+09:00,118932.755449827,118932.755449827,116485.57941176472,117872.3125,3529,0.0,0.0
2022-03-24 00:00:00+09:00,117953.88305214724,119993.19638292433,117138.1577198364,119666.90625,4939,0.0,0.0
2022-03-25 00:00:00+09:00,120401.0612148732,120401.0612148732,118688.03798620631,119014.328125,2846,0.0,0.0
2022-03-28 00:00:00+09:00,119503.77127322635,121135.22207559121,119014.33603251689,120727.359375,2830,0.0,0.0
2022-03-29 00:00:00+09:00,121053.65514214047,122685.10602006689,120727.36496655518,121950.953125,4077,0.0,0.0
2022-03-30 00:00:00+09:00,123990.26213755901,124398.12484195888,119666.91747092044,120972.078125,4874,0.0,0.0
2022-03-31 00:00:00+09:00,120972.06289295168,123908.67399487094,120972.06289295168,123256.09375,4222,0.0,0.0
2022-04-01 00:00:00+09:00,122195.65085208471,123500.8113418266,120319.48264808074,123256.09375,5899,0.0,0.0
2022-04-04 00:00:00+09:00,124805.9718315685,124805.9718315685,121298.35301538715,123256.09375,4234,0.0,0.0
2022-04-05 00:00:00+09:00,123337.68302090245,123827.1182709854,122114.09489569509,122929.8203125,3377,0.0,0.0
2022-04-06 00:00:00+09:00,123419.265625,124153.41855998017,122521.96759335756,123419.265625,4440,0.0,0.0
2022-04-07 00:00:00+09:00,123582.40400292641,123582.40400292641,121624.66294941472,121950.953125,5020,0.0,0.0
2022-04-08 00:00:00+09:00,122195.6775849556,123011.40306950136,119422.2109375,119422.2109375,6424,0.0,0.0
2022-04-11 00:00:00+09:00,120401.07036493288,121787.80356019294,120237.92528313758,121543.0859375,2960,0.0,0.0
2022-04-12 00:00:00+09:00,121787.80466647039,122358.81245794077,120727.36162516823,121216.796875,3563,0.0,0.0
2022-04-13 00:00:00+09:00,120972.0792500841,121787.80466647039,120482.64400025234,121216.796875,3012,0.0,0.0
2022-04-14 00:00:00+09:00,121706.25556764903,122277.26346910582,120890.52999413932,121787.828125,3431,0.0,0.0
2022-04-15 00:00:00+09:00,121624.64621732573,122114.08141337131,121135.21102128016,121706.21875,2901,0.0,0.0
2022-04-18 00:00:00+09:00,121624.66294941472,121950.953125,120808.9375104515,121950.953125,1553,0.0,0.0
2022-04-19 00:00:00+09:00,121543.08815156882,121543.08815156882,120319.50001581477,120890.5078125,3940,0.0,0.0
2022-04-20 00:00:00+09:00,122603.5300614858,122603.5300614858,120319.49889600236,120645.7890625,6171,0.0,0.0
2022-04-21 00:00:00+09:00,121624.65731630067,121787.80239653715,120401.06921452703,120727.359375,5024,0.0,0.0
2022-04-22 00:00:00+09:00,120808.93861607143,121379.94642857143,119748.49553571429,121053.65625,4299,0.0,0.0
2022-04-25 00:00:00+09:00,120727.34819012179,120972.06578780446,119422.18766914749,120564.203125,2450,0.0,0.0
2022-04-26 00:00:00+09:00,120237.91965042373,121543.08024364407,119748.4844279661,120319.4921875,5382,0.0,0.0
2022-04-27 00:00:00+09:00,120156.35274223992,121950.94864198825,120156.35274223992,121543.0859375,3642,0.0,0.0
2022-04-28 00:00:00+09:00,121461.51897321429,121869.38169642858,120319.50334821429,120482.6484375,5324,0.0,0.0
2022-05-02 00:00:00+09:00,120564.20329256031,122277.22647871984,120156.340629189,121706.21875,6487,0.0,0.0
2022-05-06 00:00:00+09:00,121298.34841977985,122440.36380503669,120890.48578218812,122277.21875,5524,0.0,0.0
2022-05-09 00:00:00+09:00,121543.08477618243,121950.94747677365,120482.64175464527,120727.359375,4439,0.0,0.0
2022-05-10 00:00:00+09:00,121053.65063939702,121298.3682619834,119911.63506732724,120401.0703125,6719,0.0,0.0
2022-05-11 00:00:00+09:00,119830.05131646217,121216.7843813906,118443.31825153374,119666.90625,6088,0.0,0.0
2022-05-12 00:00:00+09:00,118443.31825153374,120482.63158231083,118443.31825153374,119666.90625,3562,0.0,0.0
2022-05-13 00:00:00+09:00,119830.06808035714,121135.22879464287,119585.35044642858,120482.6484375,5772,0.0,0.0
2022-05-16 00:00:00+09:00,120890.50328443878,121706.2286777211,119014.33487988946,119911.6328125,4904,0.0,0.0
2022-05-17 00:00:00+09:00,120319.50003148086,121869.37833697112,119993.20986190396,121461.515625,2215,0.0,0.0
2022-05-18 00:00:00+09:00,121135.20336474315,122685.08138759172,120808.91325466978,122277.21875,2927,0.0,0.0
2022-05-19 00:00:00+09:00,122032.5234375,122685.10377673796,121053.65292864305,122032.5234375,2246,0.0,0.0
2022-05-20 00:00:00+09:00,124479.69854054508,124805.98870709959,121216.796875,121216.796875,4165,0.0,0.0
2022-05-23 00:00:00+09:00,121461.52229687499,123011.40068749999,121379.94975,122358.8203125,2942,0.0,0.0
2022-05-24 00:00:00+09:00,122603.51660941688,122766.66167476542,121053.6384886059,121706.21875,3286,0.0,0.0
2022-05-25 00:00:00+09:00,122032.5113260582,123500.81694361773,121950.93879174933,123337.671875,3961,0.0,0.0
2022-05-26 00:00:00+09:00,122766.67410343251,123256.10934902758,122521.95648063497,122685.1015625,2706,0.0,0.0
2022-05-27 00:00:00+09:00,122603.53125,123256.11158932136,121053.65294411177,122603.53125,6425,0.0,0.0
2022-05-30 00:00:00+09:00,123827.11829177676,123908.69083347094,123092.96541652907,123500.828125,2672,0.0,0.0
2022-05-31 00:00:00+09:00,123990.2689717477,124969.13951626151,123092.97097261006,124153.4140625,9462,0.0,0.0
2022-06-01 00:00:00+09:00,123990.27560339203,125540.15404843443,123745.55795417482,125050.71875,5184,0.0,0.0
2022-06-02 00:00:00+09:00,125132.26669730392,125132.26669730392,123827.10615808822,124805.9765625,3846,0.0,0.0
2022-06-03 00:00:00+09:00,124724.4140625,125132.27676381622,123827.11611960432,124724.4140625,2488,0.0,0.0
2022-06-06 00:00:00+09:00,124561.27678938076,124887.56697088535,123500.8336994908,124153.4140625,2605,0.0,0.0
2022-06-07 00:00:00+09:00,124153.4207384502,124642.8560370249,123663.9854398755,124479.7109375,2111,0.0,0.0
2022-06-08 00:00:00+09:00,124724.40966352406,125621.70757477243,124398.11951397918,125458.5625,2198,0.0,0.0
2022-06-09 00:00:00+09:00,125458.5680839831,125621.7131660169,124887.56029686485,125540.140625,2463,0.0,0.0
2022-06-10 00:00:00+09:00,124479.69189807185,125295.41727092947,123582.39398792847,123745.5390625,3807,0.0,0.0
2022-06-13 00:00:00+09:00,123419.25556258294,123990.26335434637,122440.38506241704,122929.8203125,3753,0.0,0.0
2022-06-14 00:00:00+09:00,122848.24653836382,122929.81907922596,119585.34490387874,120401.0703125,5081,0.0,0.0
2022-06-15 00:00:00+09:00,120727.35805305133,121379.93836685161,117464.45648404994,117627.6015625,6991,0.0,0.0
2022-06-16 00:00:00+09:00,118932.75368573588,122440.37262159778,118606.46355216733,121379.9296875,6456,0.0,0.0
2022-06-17 00:00:00+09:00,119503.77790178572,121461.51897321429,118688.05245535714,121053.65625,6155,0.0,0.0
2022-06-20 00:00:00+09:00,121379.93745779879,121543.08253502702,119666.91414690243,120808.9296875,3072,0.0,0.0
2022-06-21 00:00:00+09:00,120727.35714888589,121543.08253502702,120401.06699442945,120808.9296875,3057,0.0,0.0
2022-06-22 00:00:00+09:00,121543.09151785714,121869.38169642858,120319.50334821429,120482.6484375,6027,0.0,0.0
2022-06-23 00:00:00+09:00,120564.203125,122848.234036705,119585.33273426928,120564.203125,4788,0.0,0.0
2022-06-24 00:00:00+09:00,120564.2176429656,121298.37052441802,120401.07255819839,120890.5078125,2568,0.0,0.0
2022-06-27 00:00:00+09:00,120972.07705823293,122685.10040160643,120727.359437751,121869.375,3140,0.0,0.0
2022-06-28 00:00:00+09:00,122032.51689967106,124479.69304070724,122032.51689967106,123990.2578125,3686,0.0,0.0
2022-06-29 00:00:00+09:00,123745.54577066896,124398.12610433102,123174.53797871465,124071.8359375,3694,0.0,0.0
2022-06-30 00:00:00+09:00,124398.15293109816,124724.44316829449,123745.57245670551,124235.0078125,3929,0.0,0.0
2022-07-01 00:00:00+09:00,124234.98211403145,124561.27228373344,122358.81363824503,123174.5390625,4072,0.0,0.0
2022-07-04 00:00:00+09:00,123908.67754891126,124887.54794429438,122929.80715352816,124561.2578125,3100,0.0,0.0
2022-07-05 00:00:00+09:00,124561.28348726245,124561.28348726245,123582.41289011305,124479.7109375,2738,0.0,0.0
2022-07-06 00:00:00+09:00,124234.98209830339,124234.98209830339,122603.53125,122603.53125,2806,0.0,0.0
2022-07-07 00:00:00+09:00,123092.97543167547,124316.56365664242,123092.97543167547,123419.265625,2298,0.0,0.0
2022-07-08 00:00:00+09:00,123582.40064594393,123663.97318762442,122685.10268745852,122929.8203125,2827,0.0,0.0
2022-07-11 00:00:00+09:00,122929.82699275363,124316.56027667985,122929.82699275363,123827.125,2466,0.0,0.0
2022-07-12 00:00:00+09:00,123827.10501596268,124642.8303454486,123011.37968647675,124561.2578125,2997,0.0,0.0
2022-07-13 00:00:00+09:00,124642.82919127296,125458.55451320537,124316.53906249999,124316.5390625,2804,0.0,0.0
2022-07-14 00:00:00+09:00,123990.26453298498,124887.5625,123827.11944807315,124887.5625,1739,0.0,0.0
2022-07-15 00:00:00+09:00,124887.54678785268,125295.40944881889,124234.96653030674,124316.5390625,2846,0.0,0.0
2022-07-19 00:00:00+09:00,124969.1272756827,125703.28011215864,124642.83712613783,125458.5625,3615,0.0,0.0
2022-07-20 00:00:00+09:00,125947.99441023979,126355.85708643876,124398.11624068372,125866.421875,4147,0.0,0.0
2022-07-21 00:00:00+09:00,125540.15172829582,126845.3125,125213.86153536978,126845.3125,3517,0.0,0.0
2022-07-22 00:00:00+09:00,127090.02232714469,127579.45758642767,126600.58706786172,127416.3125,2631,0.0,0.0
2022-07-25 00:00:00+09:00,127334.7534346756,127579.47109021951,126029.59260510815,126355.8828125,3596,0.0,0.0
2022-07-26 00:00:00+09:00,126437.4464343467,126437.4464343467,125458.57588130659,126111.15625,3538,0.0,0.0
2022-07-27 00:00:00+09:00,126845.30691964287,127008.45200892858,126029.58147321429,126192.7265625,7961,0.0,0.0
2022-07-28 00:00:00+09:00,126300.87701512896,126384.07917390046,124886.44031601356,125801.6640625,4385,3030.0,0.0
2022-07-29 00:00:00+09:00,126550.47748161765,127299.296875,125718.45593341504,127299.296875,10361,0.0,0.0
2022-08-01 00:00:00+09:00,127299.31305265272,129462.56935289389,126966.50439107716,129379.3671875,6964,0.0,0.0
2022-08-02 00:00:00+09:00,129379.35074550654,129379.35074550654,126883.2861008987,127299.296875,5378,0.0,0.0
2022-08-03 00:00:00+09:00,128048.13502561476,128796.95452868853,125302.46351434427,126883.3046875,3779,0.0,0.0
2022-08-04 00:00:00+09:00,127049.6953896478,127715.31265429559,125635.25870227123,126384.078125,4505,0.0,0.0
2022-08-05 00:00:00+09:00,126384.08773095159,127465.71586821451,126051.27907333225,127216.109375,4493,0.0,0.0
2022-08-08 00:00:00+09:00,126966.50288178548,127632.1201970242,126550.49205976128,127216.109375,2561,0.0,0.0
2022-08-09 00:00:00+09:00,127132.9249425476,127382.53147057616,126384.10535846191,126716.9140625,3476,0.0,0.0
2022-08-10 00:00:00+09:00,127216.12711855712,127548.9358225952,126217.70100644288,126716.9140625,4921,0.0,0.0
2022-08-12 00:00:00+09:00,127465.71970808871,128048.13487646771,126800.10237279843,127548.921875,4903,0.0,0.0
2022-08-15 00:00:00+09:00,127548.92268056906,128380.94435493677,127548.92268056906,128297.7421875,3567,0.0,0.0
2022-08-16 00:00:00+09:00,128048.12980691386,128464.140625,127216.10817074157,128464.140625,3529,0.0,0.0
2022-08-17 00:00:00+09:00,128214.53921029027,128380.94354411284,127216.11320735485,127548.921875,2619,0.0,0.0
2022-08-18 00:00:00+09:00,127299.31522753082,128214.5390625,126633.69789300777,128214.5390625,3023,0.0,0.0
2022-08-19 00:00:00+09:00,128131.34660563838,128796.96399060273,127881.74008627674,128380.953125,3413,0.0,0.0
2022-08-22 00:00:00+09:00,128547.3498065961,128547.3498065961,127049.71077972313,127715.328125,2351,0.0,0.0
2022-08-23 00:00:00+09:00,128214.54113395767,128297.74330211728,127216.11511604235,127715.328125,4268,0.0,0.0
2022-08-24 00:00:00+09:00,128131.31842320263,128713.73350694445,126800.08394607843,127299.296875,4213,0.0,0.0
2022-08-25 00:00:00+09:00,128713.75703023408,128796.95920026008,127881.73532997399,127964.9375,2902,0.0,0.0
2022-08-26 00:00:00+09:00,128547.35139649066,129379.37308837734,128131.34055054733,129212.96875,2795,0.0,0.0
2022-08-29 00:00:00+09:00,128713.76162052708,129545.78335045937,128214.5485825677,129046.5703125,4383,0.0,0.0
2022-08-30 00:00:00+09:00,129046.5476821588,130460.984375,129046.5476821588,130460.984375,4890,0.0,0.0
2022-08-31 00:00:00+09:00,130627.41618046675,130960.22488411126,130128.203125,130128.203125,10856,0.0,0.0
2022-09-01 00:00:00+09:00,130627.40175112977,130960.21041801163,128131.33674951583,128880.15625,4138,0.0,0.0
2022-09-02 00:00:00+09:00,129628.97959594334,130294.59694945268,129046.56441162266,129212.96875,2695,0.0,0.0
2022-09-05 00:00:00+09:00,129296.16598047879,130377.79413861665,129212.9638144682,129462.5703125,2613,0.0,0.0
2022-09-06 00:00:00+09:00,130460.97850318471,130793.78712181529,129961.76557523885,130627.3828125,3384,0.0,0.0
2022-09-07 00:00:00+09:00,131126.59955752213,131875.41897123895,131126.59955752213,131625.8125,3553,0.0,0.0
2022-09-08 00:00:00+09:00,132041.85558472836,132041.85558472836,131625.8446975679,131709.046875,4562,0.0,0.0
2022-09-09 00:00:00+09:00,132125.05068310304,132457.859375,131459.43329930905,132457.859375,6938,0.0,0.0
2022-09-12 00:00:00+09:00,133123.45814977973,133123.45814977973,131958.62789096916,132208.234375,2467,0.0,0.0
2022-09-13 00:00:00+09:00,133040.27229919055,133872.29401463261,132457.85709838106,133622.6875,4065,0.0,0.0
2022-09-14 00:00:00+09:00,133289.87436908518,133289.87436908518,131376.2244873817,131875.4375,3266,0.0,0.0
2022-09-15 00:00:00+09:00,131875.43174081697,131875.43174081697,130627.39926377454,131376.21875,3324,0.0,0.0
2022-09-16 00:00:00+09:00,131209.80037599753,135536.3125,131209.80037599753,135536.3125,9580,0.0,0.0
2022-09-20 00:00:00+09:00,135203.5168381211,135369.92116653727,133705.8778823758,133955.484375,4073,0.0,0.0
2022-09-21 00:00:00+09:00,134371.49423166562,134704.3028861094,133789.07908638907,133872.28125,3530,0.0,0.0
2022-09-22 00:00:00+09:00,133955.48341361093,134454.69639527658,132957.05745027968,133872.28125,2157,0.0,0.0
2022-09-26 00:00:00+09:00,133622.67693965518,134371.49642437304,132541.0487950627,132707.453125,4384,0.0,0.0
2022-09-27 00:00:00+09:00,132873.8725641635,133456.2877851711,131043.42472671102,131293.03125,7152,0.0,0.0
2022-09-28 00:00:00+09:00,129296.16738013698,130544.19988380626,126716.90020588714,127548.921875,7148,0.0,0.0
2022-09-29 00:00:00+09:00,129129.75588709678,130627.39480846774,128713.74507560483,128963.3515625,4154,0.0,0.0
2022-09-30 00:00:00+09:00,128880.15406070057,130627.3995321497,127216.11075455854,130044.984375,7873,0.0,0.0
2022-10-03 00:00:00+09:00,130377.78117559524,131625.81354166666,129129.74880952381,131043.3984375,4121,0.0,0.0
2022-10-04 00:00:00+09:00,131958.62482443822,133373.0615344101,131958.62482443822,133289.859375,3283,0.0,0.0
2022-10-05 00:00:00+09:00,133373.0904236418,133872.30348823435,131709.046875,131709.046875,2633,0.0,0.0
2022-10-06 00:00:00+09:00,131792.22356828194,132457.84085903084,131293.01060022027,132208.234375,2088,0.0,0.0
2022-10-07 00:00:00+09:00,130460.98823155215,131875.42496620546,130211.38174896628,130793.796875,3450,0.0,0.0
2022-10-11 00:00:00+09:00,130460.97850318471,131209.7978951035,129545.75480195064,130627.3828125,3681,0.0,0.0
2022-10-12 00:00:00+09:00,130793.80963193116,131376.22481477054,130544.203125,130544.203125,2836,0.0,0.0
2022-10-13 00:00:00+09:00,130211.39365484776,130793.80883413462,129129.7654647436,129795.3828125,2675,0.0,0.0
2022-10-14 00:00:00+09:00,131459.42132234725,131625.82565313505,129296.1650221061,129379.3671875,3744,0.0,0.0
2022-10-17 00:00:00+09:00,128963.36833684382,129296.17702932599,127548.93139379456,128380.953125,3734,0.0,0.0
2022-10-18 00:00:00+09:00,128380.93642641128,129379.36237399193,127465.71264112902,128963.3515625,3819,0.0,0.0
2022-10-19 00:00:00+09:00,128963.35482750164,129379.36564952583,126800.0985529758,127216.109375,3632,0.0,0.0
2022-10-20 00:00:00+09:00,126883.30867850098,127465.7238658777,126550.5,126550.5,3409,0.0,0.0
2022-10-21 00:00:00+09:00,126550.48349144345,126966.49428530093,125552.0575861855,125801.6640625,3917,0.0,0.0
2022-10-24 00:00:00+09:00,125801.686751497,126134.49544660679,124969.66501372255,125052.8671875,2778,0.0,0.0
2022-10-25 00:00:00+09:00,125052.8435957044,126550.48244116193,124137.61985681369,126384.078125,3161,0.0,0.0
2022-10-26 00:00:00+09:00,126883.31712981382,130877.0215378342,126800.11495464673,130710.6171875,6124,0.0,0.0
2022-10-27 00:00:00+09:00,130627.40932440847,133622.6875,130627.40932440847,133622.6875,6691,0.0,0.0
2022-10-28 00:00:00+09:00,133289.8759552402,133622.6846342795,132457.8542576419,133373.078125,6747,0.0,0.0
2022-10-31 00:00:00+09:00,134205.0915699908,135952.3370275046,133289.86775891212,135369.921875,6704,0.0,0.0
2022-11-01 00:00:00+09:00,135369.92730442694,137616.38583990297,134121.89478471802,137200.375,6701,0.0,0.0
2022-11-02 00:00:00+09:00,137283.55679898648,137283.55679898648,134621.0878186425,135453.109375,4465,0.0,0.0
2022-11-04 00:00:00+09:00,134704.32242909176,135037.1311318196,133539.49196954432,134205.109375,4302,0.0,0.0
2022-11-07 00:00:00+09:00,135203.52294921875,135203.52294921875,132873.86224609375,133123.46875,2295,0.0,0.0
2022-11-08 00:00:00+09:00,133539.47067517112,134537.89662414437,133206.6620255134,133705.875,1558,0.0,0.0
2022-11-09 00:00:00+09:00,133539.4600270207,133955.47080592107,132374.62984609962,132790.640625,2129,0.0,0.0
2022-11-10 00:00:00+09:00,132790.64159361302,133289.85453193486,132374.63081167816,132873.84375,2255,0.0,0.0
2022-11-11 00:00:00+09:00,134953.91420771374,135453.12720724905,132957.0622095725,134288.296875,3542,0.0,0.0
2022-11-14 00:00:00+09:00,134038.68999051233,134038.68999051233,131293.01850094876,131542.625,1659,0.0,0.0
2022-11-15 00:00:00+09:00,131542.63777328897,132541.06386644486,131043.42472671102,131293.03125,2509,0.0,0.0
2022-11-16 00:00:00+09:00,131875.43174081697,131875.43174081697,130877.00575918303,131376.21875,1887,0.0,0.0
2022-11-17 00:00:00+09:00,131792.22356828194,132624.24518171806,131459.41492290748,132208.234375,1574,0.0,0.0
2022-11-18 00:00:00+09:00,132790.640625,133206.65140390038,131126.5975093985,132790.640625,2020,0.0,0.0
2022-11-21 00:00:00+09:00,132707.44713785048,134704.29900700934,132541.04281542057,133539.46875,2835,0.0,0.0
2022-11-22 00:00:00+09:00,134288.28528792135,134288.28528792135,132208.23130266854,133289.859375,2755,0.0,0.0
2022-11-24 00:00:00+09:00,133289.8765625,134787.515625,133206.6743923611,134787.515625,3703,0.0,0.0
2022-11-25 00:00:00+09:00,135120.3192060086,136118.74520999388,134870.71270501227,135702.734375,3644,0.0,0.0
2022-11-28 00:00:00+09:00,135869.1286581216,138032.38484006352,135453.117853902,137533.171875,5493,0.0,0.0
2022-11-29 00:00:00+09:00,137283.57620979976,137949.1935489988,136201.94803360134,137117.171875,3662,0.0,0.0
2022-11-30 00:00:00+09:00,136201.94767801857,137033.9693498452,134121.893498452,134371.5,5034,0.0,0.0
2022-12-01 00:00:00+09:00,134288.30487235368,135037.12441625155,133289.87881382316,133622.6875,3197,0.0,0.0
2022-12-02 00:00:00+09:00,134038.68387609994,134205.08820120993,132374.640625,132374.640625,2507,0.0,0.0
2022-12-05 00:00:00+09:00,132291.44991812226,133373.078125,131709.0347298035,133373.078125,2456,0.0,0.0
2022-12-06 00:00:00+09:00,133206.6591431577,133456.265625,132707.4461794732,133456.265625,3234,0.0,0.0
2022-12-07 00:00:00+09:00,133123.47771500313,133206.67988857502,132208.25380571248,132541.0625,4279,0.0,0.0
2022-12-08 00:00:00+09:00,132208.23917816812,133123.46298619822,131376.2175345044,132624.25,4024,0.0,0.0
2022-12-09 00:00:00+09:00,132624.24614779875,133705.87425314466,132125.03317610064,132291.4375,3872,0.0,0.0
2022-12-12 00:00:00+09:00,131958.632685069,132624.25,131625.82402760352,132624.25,2638,0.0,0.0
2022-12-13 00:00:00+09:00,132291.43557147356,133123.45717884132,131875.42476778966,132125.03125,2075,0.0,0.0
2022-12-14 00:00:00+09:00,132457.8542576419,133705.8868040393,132457.8542576419,133373.078125,2910,0.0,0.0
2022-12-15 00:00:00+09:00,134288.28799737815,135120.30960826649,133373.06422540097,134870.703125,3236,0.0,0.0
2022-12-16 00:00:00+09:00,134787.50266931058,136451.54591214156,134537.89618288592,136368.34375,5832,0.0,0.0
2022-12-19 00:00:00+09:00,135203.5354831835,135619.5463615933,133872.30067227216,134205.109375,1837,0.0,0.0
2022-12-20 00:00:00+09:00,134205.08192387925,134205.08192387925,123555.20561497874,127132.8984375,7677,0.0,0.0
2022-12-21 00:00:00+09:00,127299.31775841347,130710.60666566507,127299.31775841347,129795.3828125,5223,0.0,0.0
2022-12-22 00:00:00+09:00,130128.16887285985,131209.796875,129628.95594879518,131209.796875,3957,0.0,0.0
2022-12-23 00:00:00+09:00,131209.80485766334,131376.2091758088,129379.35735806375,129878.5703125,2971,0.0,0.0
2022-12-26 00:00:00+09:00,130211.39253948629,130960.21204929803,128464.14701659222,130377.796875,3328,0.0,0.0
2022-12-27 00:00:00+09:00,131209.82717322334,131209.82717322334,129628.9858819797,131126.625,2579,0.0,0.0
2022-12-28 00:00:00+09:00,130793.82292324699,131875.45122986418,130544.21639095072,131709.046875,3478,0.0,0.0
2022-12-29 00:00:00+09:00,131043.40053951794,131043.40053951794,129712.16599435458,129878.5703125,3492,0.0,0.0
2022-12-30 00:00:00+09:00,129878.58276584338,131209.81743865152,129878.58276584338,130960.2109375,3446,0.0,0.0
2023-01-04 00:00:00+09:00,129961.79517356637,130627.41256241946,128713.76256946682,129129.7734375,2531,0.0,0.0
2023-01-05 00:00:00+09:00,129795.38524057217,129795.38524057217,126716.90494960989,127964.9375,5485,0.0,0.0
2023-01-06 00:00:00+09:00,127632.10447503252,128880.13678736986,126966.48724178594,127881.7109375,3185,0.0,0.0
2023-01-10 00:00:00+09:00,127964.93351775291,128464.14652237353,127382.51834569551,128297.7421875,2145,0.0,0.0
2023-01-11 00:00:00+09:00,128297.73751226292,128963.35482750164,126966.50288178548,127216.109375,2811,0.0,0.0
2023-01-12 00:00:00+09:00,126716.9043392505,127049.71301775148,125884.88264299803,126550.5,3111,0.0,0.0
2023-01-13 00:00:00+09:00,126467.28821972203,127216.10768944408,125219.25577018531,125718.46875,4379,0.0,0.0
2023-01-16 00:00:00+09:00,125385.66708971372,126800.10394474035,124886.45408205726,124969.65625,3423,0.0,0.0
2023-01-17 00:00:00+09:00,124803.2425050813,124886.44466675135,122223.97549330961,122806.390625,5449,0.0,0.0
2023-01-18 00:00:00+09:00,123305.60232863575,127881.72117349066,122639.9850421114,124720.0390625,5271,0.0,0.0
2023-01-19 00:00:00+09:00,124137.62237627986,124137.62237627986,121724.75974296076,121891.1640625,4399,0.0,0.0
2023-01-20 00:00:00+09:00,121641.55758319113,122972.79213950512,121308.74894411262,121891.1640625,3970,0.0,0.0
2023-01-23 00:00:00+09:00,122556.79069730885,124137.63185362173,122390.3863650654,124054.4296875,3159,0.0,0.0
2023-01-24 00:00:00+09:00,124636.83383969907,126217.67485635747,124470.42952215608,125801.6640625,2022,0.0,0.0
2023-01-25 00:00:00+09:00,126384.09583092366,127216.11752829643,125884.8828125,125884.8828125,1879,0.0,0.0
2023-01-26 00:00:00+09:00,126217.69435912764,126384.09870238291,125302.47047122361,126134.4921875,2153,0.0,0.0
2023-01-27 00:00:00+09:00,126384.091538242,128048.13487646771,126300.88937133072,127548.921875,8160,0.0,0.0
2023-01-30 00:00:00+09:00,127497.99142379459,128516.6171875,127073.56402225066,128516.6171875,2629,3040.0,0.0
2023-01-31 00:00:00+09:00,128686.38795731707,128686.38795731707,124781.65586890244,125290.96875,3377,0.0,0.0
2023-02-01 00:00:00+09:00,125970.04972550675,126734.01902977195,125630.50781249999,125630.5078125,1659,0.0,0.0
2023-02-02 00:00:00+09:00,126309.58860121049,126818.90145847343,125460.73383910558,126224.703125,2178,0.0,0.0
2023-02-03 00:00:00+09:00,126564.24502984196,126818.90145847343,125206.0774104741,126224.703125,1749,0.0,0.0
2023-02-06 00:00:00+09:00,126479.38258749162,127243.35201251674,125885.18414580543,126734.0390625,1380,0.0,0.0
2023-02-07 00:00:00+09:00,126564.26875737029,126903.81072586759,125970.0703125,125970.0703125,1649,0.0,0.0
2023-02-08 00:00:00+09:00,125970.04369561581,126903.78391168843,125545.6163246737,126818.8984375,2114,0.0,0.0
2023-02-09 00:00:00+09:00,126139.82012886165,126818.90395189726,125545.62178370552,126394.4765625,2534,0.0,0.0
2023-02-10 00:00:00+09:00,126139.82623940679,126139.82623940679,124781.65852754237,125206.0859375,2804,0.0,0.0
2023-02-13 00:00:00+09:00,126903.78747674222,127837.527719046,125121.19246870771,125460.734375,1611,0.0,0.0
2023-02-14 00:00:00+09:00,125885.16122015803,126224.703125,125206.0774104741,126224.703125,1811,0.0,0.0
2023-02-15 00:00:00+09:00,125970.04972550675,126224.70616026182,125036.30946473817,125630.5078125,2976,0.0,0.0
2023-02-16 00:00:00+09:00,126564.26875737029,126818.92523374326,125545.64285187837,125970.0703125,2337,0.0,0.0
2023-02-17 00:00:00+09:00,125545.6421791276,126818.92455416945,125121.2147207803,126734.0390625,1767,0.0,0.0
2023-02-20 00:00:00+09:00,127073.55153035834,127922.40625000001,126818.89511446583,127922.40625,1892,0.0,0.0
2023-02-21 00:00:00+09:00,127667.76066666667,128092.1880625,126988.67683333333,127328.21875,2674,0.0,0.0
2023-02-22 00:00:00+09:00,126988.67417554963,128007.29990423052,126479.36131120918,127413.1015625,3937,0.0,0.0
2023-02-24 00:00:00+09:00,127752.64993635021,129365.47408837057,127243.3370462385,129195.703125,5353,0.0,0.0
2023-02-27 00:00:00+09:00,129450.3382863562,130214.30749591503,129110.79641544117,129874.765625,3936,0.0,0.0
2023-02-28 00:00:00+09:00,129620.11171569026,130129.42453186194,128771.25702207081,130044.5390625,4195,0.0,0.0
2023-03-01 00:00:00+09:00,130129.43721258361,130129.43721258361,126564.24715196488,126903.7890625,5055,0.0,0.0
2023-03-02 00:00:00+09:00,127497.98419850499,127922.41157599668,126309.58754152824,127752.640625,2334,0.0,0.0
2023-03-03 00:00:00+09:00,127922.41442684043,128431.72729118088,127413.1015625,127413.1015625,1920,0.0,0.0
2023-03-06 00:00:00+09:00,127158.45518965802,128177.08099892098,127073.56970555279,127837.5390625,2488,0.0,0.0
2023-03-07 00:00:00+09:00,127837.52894945037,128601.49824596102,126903.78869815955,127413.1015625,1713,0.0,0.0
2023-03-08 00:00:00+09:00,127158.44779166667,127667.76066666667,126394.47847916666,127328.21875,3273,0.0,0.0
2023-03-09 00:00:00+09:00,127328.20794625084,127922.40625000001,127328.20794625084,127922.40625,966,0.0,0.0
2023-03-10 00:00:00+09:00,127328.2132475083,128346.83895348838,127328.2132475083,127752.640625,3295,0.0,0.0
2023-03-13 00:00:00+09:00,127328.21128263052,127413.09675681895,125545.6163246737,126818.8984375,2880,0.0,0.0
2023-03-14 00:00:00+09:00,126818.90358486622,127752.64383883779,125375.85046509196,126903.7890625,3879,0.0,0.0
2023-03-15 00:00:00+09:00,127582.87632844129,128771.27304740215,125206.08289051957,125800.28125,5320,0.0,0.0
2023-03-16 00:00:00+09:00,124781.65911707026,125290.97201142565,123083.94946921896,124442.1171875,4584,0.0,0.0
2023-03-17 00:00:00+09:00,124611.89585517121,125375.86524392907,120537.39244846262,121471.1328125,8675,0.0,0.0
2023-03-20 00:00:00+09:00,121301.34761586836,125206.07958950724,121301.34761586836,123168.828125,5198,0.0,0.0
2023-03-22 00:00:00+09:00,123083.95191161445,125036.31804538489,123083.95191161445,124611.890625,4457,0.0,0.0
2023-03-23 00:00:00+09:00,123763.03332835948,124866.54459946282,123168.83495161153,124442.1171875,3139,0.0,0.0
2023-03-24 00:00:00+09:00,124187.46320461512,125206.08901353883,123763.03578423025,124611.890625,2329,0.0,0.0
2023-03-27 00:00:00+09:00,124611.88835013671,125460.74317541013,123932.80448991798,124187.4609375,3186,0.0,0.0
2023-03-28 00:00:00+09:00,125206.0859375,125715.39882944916,123593.26177966101,125206.0859375,2555,0.0,0.0
2023-03-29 00:00:00+09:00,125630.5283440027,126649.1542494946,124442.13145426213,125970.0703125,3009,0.0,0.0
2023-03-30 00:00:00+09:00,126054.93768977732,126309.59412955465,124357.2280912618,125800.28125,2801,0.0,0.0
2023-03-31 00:00:00+09:00,126394.47999237805,126394.47999237805,124526.99942835367,125290.96875,2942,0.0,0.0
2023-04-03 00:00:00+09:00,125715.39837590342,129789.90149679699,125375.8564491623,129195.703125,4912,0.0,0.0
2023-04-04 00:00:00+09:00,129620.11967585022,130044.54704872465,128092.18113350228,129789.890625,4548,0.0,0.0
2023-04-05 00:00:00+09:00,129110.82011257383,130553.87332882218,128601.50721272147,129365.4765625,4286,0.0,0.0
2023-04-06 00:00:00+09:00,129365.45032313482,130129.41951795648,128941.02299267834,129704.9921875,2530,0.0,0.0
2023-04-07 00:00:00+09:00,129620.1171875,130129.43002517191,129110.8043498281,129620.1171875,2340,0.0,0.0
2023-04-10 00:00:00+09:00,129789.89346823771,130044.54989754099,129110.8096567623,129450.3515625,1448,0.0,0.0
2023-04-11 00:00:00+09:00,129450.34141138982,129874.7687602796,128601.48671361021,129025.9140625,2701,0.0,0.0
2023-04-12 00:00:00+09:00,129195.6828083664,129365.45374503969,128346.828125,128346.828125,2547,0.0,0.0
2023-04-13 00:00:00+09:00,128092.17171999009,128856.14093501984,127922.4007833168,128346.828125,1585,0.0,0.0
2023-04-14 00:00:00+09:00,129450.37051361386,129450.37051361386,127667.77524752475,128601.515625,2932,0.0,0.0
2023-04-17 00:00:00+09:00,129025.91406250001,129450.34141138982,128261.94483449837,129025.9140625,3412,0.0,0.0
2023-04-18 00:00:00+09:00,129874.78966346153,130129.44611378205,128516.6219284188,129110.8203125,3261,0.0,0.0
2023-04-19 00:00:00+09:00,129110.82482344058,130129.4506603119,128856.16836422274,129959.6796875,2448,0.0,0.0
2023-04-20 00:00:00+09:00,130129.43979092165,130723.63814613133,129789.89787365896,130553.8671875,1594,0.0,0.0
2023-04-21 00:00:00+09:00,130553.87809234162,130553.87809234162,129620.13774187623,129959.6796875,1834,0.0,0.0
2023-04-24 00:00:00+09:00,130129.44264382335,130638.75553088333,129705.01523794004,130214.328125,2150,0.0,0.0
2023-04-25 00:00:00+09:00,130214.32527023731,130553.8671875,129620.12691502763,130553.8671875,1799,0.0,0.0
2023-04-26 00:00:00+09:00,130553.8723298408,131402.72715643275,129874.78846856725,130638.7578125,3138,0.0,0.0
2023-04-27 00:00:00+09:00,130723.66055253624,130808.54604640152,128601.52320590414,128856.1796875,1818,0.0,0.0
2023-04-28 00:00:00+09:00,128856.14480318803,130553.85422088484,128601.4883905335,130468.96875,2534,0.0,0.0
2023-05-01 00:00:00+09:00,130723.63814613133,130723.63814613133,129535.24143571196,130553.8671875,2116,0.0,0.0
2023-05-02 00:00:00+09:00,128856.18189839133,130129.46432821733,127413.12847792185,129280.609375,4434,0.0,0.0
2023-05-08 00:00:00+09:00,129450.3430993819,131742.2508132726,129450.3430993819,130468.96875,4908,0.0,0.0
2023-05-09 00:00:00+09:00,130553.87936839063,130723.65034286187,128261.97121302875,128431.7421875,6249,0.0,0.0
2023-05-10 00:00:00+09:00,128601.48453000993,129110.79734002976,127922.4007833168,128346.828125,2800,0.0,0.0
2023-05-11 00:00:00+09:00,128177.0678257626,128516.6097272878,127243.3275965683,128007.296875,1800,0.0,0.0
2023-05-12 00:00:00+09:00,127497.997126079,127922.42454660524,126818.91325323704,127837.5390625,2139,0.0,0.0
2023-05-15 00:00:00+09:00,127837.53786294292,129535.24752911746,127328.22496309056,129365.4765625,2164,0.0,0.0
2023-05-16 00:00:00+09:00,128686.39289529914,129195.70579594017,128516.6219284188,129110.8203125,1888,0.0,0.0
2023-05-17 00:00:00+09:00,129110.80787764725,129110.80787764725,128092.18217447055,128261.953125,2348,0.0,0.0
2023-05-18 00:00:00+09:00,128686.38446524514,128686.38446524514,126394.47656250001,126394.4765625,2492,0.0,0.0
2023-05-19 00:00:00+09:00,126818.88517344897,127497.96889593062,126224.68691627753,127243.3125,2462,0.0,0.0
2023-05-22 00:00:00+09:00,126988.67241089442,127158.4433633154,125375.84836289509,126224.703125,2769,0.0,0.0
2023-05-23 00:00:00+09:00,126479.3706626608,126734.02711365944,124272.3480873392,125375.859375,3917,0.0,0.0
2023-05-24 00:00:00+09:00,126139.82124192726,126394.47767781271,124866.5390625,124866.5390625,2255,0.0,0.0
2023-05-25 00:00:00+09:00,124781.65201599037,124866.53749355227,123338.5988974381,123423.484375,3124,0.0,0.0
2023-05-26 00:00:00+09:00,124272.35870672099,125121.2136159199,123593.27477936185,125036.328125,3036,0.0,0.0
2023-05-29 00:00:00+09:00,125630.5101010101,126224.70845959596,124357.22790404041,126054.9375,2233,0.0,0.0
2023-05-30 00:00:00+09:00,126054.9346509822,126394.47656250001,124951.42343854938,126394.4765625,1964,0.0,0.0
2023-05-31 00:00:00+09:00,126479.35644467878,130808.515625,125036.30338457171,130808.515625,8015,0.0,0.0
2023-06-01 00:00:00+09:00,126818.92343431772,126903.80892523762,124696.78616132044,125036.328125,7143,0.0,0.0
2023-06-02 00:00:00+09:00,125715.39273946441,127073.5603855356,125206.07987218772,126394.4765625,2906,0.0,0.0
2023-06-05 00:00:00+09:00,126394.47904091215,126818.90643863179,125800.28068410464,126564.25,2189,0.0,0.0
2023-06-06 00:00:00+09:00,126394.47904091215,126564.25000000001,125121.19684775319,126564.25,2830,0.0,0.0
2023-06-07 00:00:00+09:00,126564.24788751686,126649.13336564397,125630.50762811868,125885.1640625,4740,0.0,0.0
2023-06-08 00:00:00+09:00,126309.6122809973,126309.6122809973,125036.32989913241,125970.0703125,4049,0.0,0.0
2023-06-09 00:00:00+09:00,126649.15357083055,127243.35201251674,125970.06963747488,126734.0390625,4468,0.0,0.0
2023-06-12 00:00:00+09:00,127158.42999120308,127497.97186033847,126309.5753183646,126649.1171875,2279,0.0,0.0
2023-06-13 00:00:00+09:00,127582.8732528123,127667.75873069174,126139.82012886165,126394.4765625,3418,0.0,0.0
2023-06-14 00:00:00+09:00,126394.48378045729,127497.99505590789,126394.48378045729,127158.453125,3097,0.0,0.0
2023-06-15 00:00:00+09:00,127497.98384761748,128346.83860026473,127158.44194655858,128261.953125,3536,0.0,0.0
2023-06-16 00:00:00+09:00,128007.29990423052,128007.29990423052,126903.78869815955,127413.1015625,3368,0.0,0.0
2023-06-19 00:00:00+09:00,127073.56306703629,127243.33402637769,126054.93731098791,126309.59375,1633,0.0,0.0
2023-06-20 00:00:00+09:00,126224.7082703293,126479.3647093414,125460.73895329301,126309.59375,2566,0.0,0.0
2023-06-21 00:00:00+09:00,125800.27858437289,126054.93501875421,125121.19475935603,125885.1640625,2406,0.0,0.0
2023-06-22 00:00:00+09:00,125630.51334745763,125630.51334745763,124357.23111758474,125206.0859375,2804,0.0,0.0
2023-06-23 00:00:00+09:00,124781.65201599037,124951.42297111417,123253.7134198762,123423.484375,4511,0.0,0.0
2023-06-26 00:00:00+09:00,124187.45330693493,124187.45330693493,123168.8275791952,123932.796875,2554,0.0,0.0
2023-06-27 00:00:00+09:00,124187.44780290102,124357.21875,122999.0511732082,124357.21875,4583,0.0,0.0
2023-06-28 00:00:00+09:00,124272.32500848033,125290.95062330394,123932.78313687246,125121.1796875,4211,0.0,0.0
2023-06-29 00:00:00+09:00,124866.5390625,125375.8519342709,124442.11166935758,124866.5390625,2959,0.0,0.0
2023-06-30 00:00:00+09:00,124357.2104763823,125121.1796875,123593.24126526459,125121.1796875,4523,0.0,0.0
2023-07-03 00:00:00+09:00,125800.26642382413,126139.80830351057,124442.0989050784,124526.984375,4933,0.0,0.0
2023-07-04 00:00:00+09:00,125121.19759972955,126054.93788032455,124866.54115956728,125545.625,3155,0.0,0.0
2023-07-05 00:00:00+09:00,125375.85651059251,125970.05488268062,125036.31458368502,125715.3984375,3056,0.0,0.0
2023-07-06 00:00:00+09:00,125630.51582599865,125715.40130966486,125036.31744033514,125375.859375,2265,0.0,0.0
2023-07-07 00:00:00+09:00,124781.64078476482,125545.6100140593,124526.984375,124526.984375,2883,0.0,0.0
2023-07-10 00:00:00+09:00,124611.884719405,125800.28144016227,124102.57183908045,125545.625,2614,0.0,0.0
2023-07-11 00:00:00+09:00,125800.27274723897,127243.32580844211,125715.38727305054,126818.8984375,2347,0.0,0.0
2023-07-12 00:00:00+09:00,126564.24788751686,126903.78980002529,125715.39310624579,125885.1640625,2153,0.0,0.0
2023-07-13 00:00:00+09:00,125885.16672992577,126139.8231697031,125460.73933029688,125800.28125,3011,0.0,0.0
2023-07-14 00:00:00+09:00,126139.81764878951,126649.13050605245,125715.39026773705,126224.703125,3107,0.0,0.0
2023-07-18 00:00:00+09:00,126139.82643724524,126649.13932999321,124781.65872325069,124951.4296875,4723,0.0,0.0
2023-07-19 00:00:00+09:00,125290.96875,125715.39615091463,124611.8849085366,125290.96875,3212,0.0,0.0
2023-07-20 00:00:00+09:00,125206.06515540197,125885.14889861771,125036.29421959803,125121.1796875,3942,0.0,0.0
2023-07-21 00:00:00+09:00,125206.07348549488,125375.84443259386,124272.33327645052,124357.21875,4560,0.0,0.0
2023-07-24 00:00:00+09:00,124781.65358387152,125375.8519342709,124611.88262661455,124866.5390625,3403,0.0,0.0
2023-07-25 00:00:00+09:00,124866.54707723093,125121.20352946185,124187.46320461512,124611.890625,4624,0.0,0.0
2023-07-26 00:00:00+09:00,125121.20292400135,125630.51582599865,125036.31744033514,125375.859375,5371,0.0,0.0
2023-07-27 00:00:00+09:00,124611.90067040054,125375.87008867957,124611.90067040054,125036.328125,14376,0.0,0.0
2023-07-28 00:00:00+09:00,124907.75541982107,126210.6875,123865.40975567792,126210.6875,8217,3352.0,0.0
2023-07-31 00:00:00+09:00,125950.08638562544,126210.67277125087,124994.60297166552,125689.5,4155,0.0,0.0
2023-08-01 00:00:00+09:00,125776.36212854182,126384.3970283345,125342.05148583277,125689.5,3559,0.0,0.0
2023-08-02 00:00:00+09:00,125342.05560086117,125602.64199504176,124386.57215553237,124820.8828125,3221,0.0,0.0
2023-08-03 00:00:00+09:00,124820.89762118687,124820.89762118687,123865.41406249999,123865.4140625,2504,0.0,0.0
2023-08-04 00:00:00+09:00,123778.54317606494,124734.0266672486,123431.09463381633,124386.578125,5067,0.0,0.0
2023-08-07 00:00:00+09:00,124560.30602028433,125689.5138154473,124299.71960601595,125255.203125,3566,0.0,0.0
2023-08-08 00:00:00+09:00,125689.51466792844,126210.6875,125168.34183585686,126210.6875,2365,0.0,0.0
2023-08-09 00:00:00+09:00,125950.12100441789,125950.12100441789,124386.60226091476,125342.0859375,3891,0.0,0.0
2023-08-10 00:00:00+09:00,125342.0693420031,126210.6907511646,124907.75863742236,125863.2421875,2333,0.0,0.0
2023-08-14 00:00:00+09:00,125428.93326599037,126384.41682965096,125168.34683953748,126297.5546875,1882,0.0,0.0
2023-08-15 00:00:00+09:00,126297.5399797134,126297.5399797134,125255.1943952866,125776.3671875,2845,0.0,0.0
2023-08-16 00:00:00+09:00,125515.78033468298,126036.953125,124994.60754436595,126036.953125,2937,0.0,0.0
2023-08-17 00:00:00+09:00,125602.65120025951,125863.23761353806,125168.34051146194,125515.7890625,2265,0.0,0.0
2023-08-18 00:00:00+09:00,125255.20637386997,125863.24135626739,124820.89567215751,124907.7578125,2265,0.0,0.0
2023-08-21 00:00:00+09:00,124734.03125,125776.3769150418,124734.03125,124734.03125,2557,0.0,0.0
2023-08-22 00:00:00+09:00,124734.0330499653,125428.93017002082,124647.17090995837,125168.34375,2009,0.0,0.0
2023-08-23 00:00:00+09:00,125168.3450601708,125950.10432841614,124820.8964965062,125863.2421875,1969,0.0,0.0
2023-08-24 00:00:00+09:00,125863.23344072164,126384.40625,125515.78490120274,126384.40625,1650,0.0,0.0
2023-08-25 00:00:00+09:00,126036.95817729855,126471.26885330578,125602.64750129131,126123.8203125,2769,0.0,0.0
2023-08-28 00:00:00+09:00,126123.82668121149,126905.58593749999,125950.10240203627,126905.5859375,1703,0.0,0.0
2023-08-29 00:00:00+09:00,126818.72737508499,127774.2109375,126558.14094897179,127774.2109375,3097,0.0,0.0
2023-08-30 00:00:00+09:00,127774.2109375,127774.2109375,127166.1759432359,127774.2109375,2558,0.0,0.0
2023-08-31 00:00:00+09:00,127513.60431578051,128295.36347030505,127253.017930939,127426.7421875,6993,0.0,0.0
2023-09-01 00:00:00+09:00,127253.02435319274,128208.5078125,126992.43795519986,128208.5078125,3629,0.0,0.0
2023-09-04 00:00:00+09:00,128121.65396406145,128295.37824062289,127426.7568578157,127947.9296875,2205,0.0,0.0
2023-09-05 00:00:00+09:00,127687.33683955099,128990.26884811783,127253.0261700287,128642.8203125,3575,0.0,0.0
2023-09-06 00:00:00+09:00,128382.23847853535,129250.85984848485,128295.3763415404,128990.2734375,3121,0.0,0.0
2023-09-07 00:00:00+09:00,128903.41320858792,129077.13748514936,127947.92968750001,127947.9296875,3279,0.0,0.0
2023-09-08 00:00:00+09:00,129077.140625,129077.140625,128121.65708066958,129077.140625,5244,0.0,0.0
2023-09-11 00:00:00+09:00,128990.26978283898,128990.26978283898,127253.02709216102,128121.6484375,2328,0.0,0.0
2023-09-12 00:00:00+09:00,128295.37872023809,128295.37872023809,127079.3087797619,127687.34375,1309,0.0,0.0
2023-09-13 00:00:00+09:00,127687.33362767057,128469.0928131461,125863.22886156099,126036.953125,2598,0.0,0.0
2023-09-14 00:00:00+09:00,126123.82668121149,127426.75877502566,126036.96454162388,126905.5859375,2417,0.0,0.0
2023-09-15 00:00:00+09:00,126644.98303297546,127687.32857234152,126558.12090469497,127426.7421875,4163,0.0,0.0
2023-09-19 00:00:00+09:00,127166.1862551511,127687.35914963942,125776.3918698489,126471.2890625,2542,0.0,0.0
2023-09-20 00:00:00+09:00,126558.1411139529,126905.58968255675,126036.9682610471,126297.5546875,2020,0.0,0.0
2023-09-21 00:00:00+09:00,126471.2757201646,126645.0,126036.96502057613,126645.0,3139,0.0,0.0
2023-09-22 00:00:00+09:00,125515.77986364823,125602.64199504176,124386.57215553237,124820.8828125,5335,0.0,0.0
2023-09-25 00:00:00+09:00,125428.94458740404,125428.94458740404,124126.01233753489,124473.4609375,3009,0.0,0.0
2023-09-26 00:00:00+09:00,124820.89580950915,124820.89580950915,123257.37728162385,123431.1015625,4294,0.0,0.0
2023-09-27 00:00:00+09:00,124473.42418880662,124647.1484375,123691.66506968641,124647.1484375,3022,0.0,0.0
2023-09-28 00:00:00+09:00,124647.16602395981,124734.02816056188,121780.71551609175,122128.1640625,5768,0.0,0.0
2023-09-29 00:00:00+09:00,122823.06982180664,123257.38053546225,122388.75910815103,123083.65625,3851,0.0,0.0
2023-10-02 00:00:00+09:00,123083.64614620141,123604.81895980565,122736.19760379859,122909.921875,2687,0.0,0.0
2023-10-03 00:00:00+09:00,123865.40027183521,123865.40027183521,122215.01976330446,122823.0546875,2843,0.0,0.0
2023-10-04 00:00:00+09:00,122215.02675189394,122736.19957386363,120043.4733270202,120390.921875,5917,0.0,0.0
2023-10-05 00:00:00+09:00,121172.67916298586,123083.64614620141,121085.81702738516,122909.921875,3435,0.0,0.0
2023-10-06 00:00:00+09:00,123083.63877700071,123431.08729860128,122649.328125,122649.328125,2898,0.0,0.0
2023-10-10 00:00:00+09:00,122736.21793767446,124820.90953746511,122736.21793767446,124473.4609375,2520,0.0,0.0
2023-10-11 00:00:00+09:00,124299.71462978405,124473.43889900808,123691.6796875,123691.6796875,1816,0.0,0.0
2023-10-12 00:00:00+09:00,123517.97202265514,124212.86919296545,122996.79914492242,123170.5234375,2681,0.0,0.0
2023-10-13 00:00:00+09:00,123083.65168303256,124212.85949663835,122475.61670647559,122736.203125,4399,0.0,0.0
2023-10-16 00:00:00+09:00,123083.63874327956,123431.08726478495,120998.9476142473,121172.671875,3582,0.0,0.0
2023-10-17 00:00:00+09:00,121259.53631099717,123257.36534763967,121259.53631099717,122823.0546875,2613,0.0,0.0
2023-10-18 00:00:00+09:00,122823.06526450814,123691.68665958953,122475.61670647559,122736.203125,2445,0.0,0.0
2023-10-19 00:00:00+09:00,122388.75456696744,123344.23810155697,121867.58172991862,122736.203125,2603,0.0,0.0
2023-10-20 00:00:00+09:00,122996.79708720515,122996.79708720515,121259.5541904932,121520.140625,1952,0.0,0.0
2023-10-23 00:00:00+09:00,121520.14162329504,122128.17664213927,120912.10660445082,120998.96875,3268,0.0,0.0
2023-10-24 00:00:00+09:00,121346.39704823615,121954.43196544277,120477.77573794097,120651.5,3976,0.0,0.0
2023-10-25 00:00:00+09:00,120738.36260468638,122041.29457524055,120477.77621057555,121867.5703125,3204,0.0,0.0
2023-10-26 00:00:00+09:00,121606.98483357193,122562.46828583571,120651.50138130816,121346.3984375,2204,0.0,0.0
2023-10-27 00:00:00+09:00,121693.84561665494,123604.8125,121693.84561665494,123604.8125,4300,0.0,0.0
2023-10-30 00:00:00+09:00,122649.3442379347,123344.24137242725,122388.75781249999,122388.7578125,2699,0.0,0.0
2023-10-31 00:00:00+09:00,122388.74906139576,123865.40536660777,122301.88692579506,122909.921875,3927,0.0,0.0
2023-11-01 00:00:00+09:00,123604.81479714913,124734.02252192983,123431.09053179824,123778.5390625,3055,0.0,0.0
2023-11-02 00:00:00+09:00,124560.30697249304,125255.2040825209,124125.99627872564,124734.03125,2684,0.0,0.0
2023-11-06 00:00:00+09:00,125255.21063112745,125255.21063112745,124039.140625,124039.140625,2652,0.0,0.0
2023-11-07 00:00:00+09:00,123778.5483150159,123778.5483150159,122215.02980998412,122996.7890625,5395,0.0,0.0
2023-11-08 00:00:00+09:00,122996.79197961373,122996.79197961373,121433.2734375,121433.2734375,2412,0.0,0.0
2023-11-09 00:00:00+09:00,121520.14162329504,122041.31449659009,120738.38231335247,120998.96875,3303,0.0,0.0
2023-11-10 00:00:00+09:00,120998.9535915018,121433.26426483813,120564.64291816547,120738.3671875,4310,0.0,0.0
2023-11-13 00:00:00+09:00,120912.09192501802,121346.40260003605,120130.33270998558,120477.78125,2348,0.0,0.0
2023-11-14 00:00:00+09:00,120304.06656901042,121433.2744140625,119869.755859375,120912.1015625,2615,0.0,0.0
2023-11-15 00:00:00+09:00,120998.95628667319,122388.75047230619,120998.95628667319,122128.1640625,2734,0.0,0.0
2023-11-16 00:00:00+09:00,121867.60328813033,122301.9140625,121520.15466863458,122301.9140625,1752,0.0,0.0
2023-11-17 00:00:00+09:00,121867.57400049249,122128.16040248926,121085.81479450215,121259.5390625,2102,0.0,0.0
2023-11-20 00:00:00+09:00,121606.98483357193,121954.43336166785,121346.3984375,121346.3984375,2105,0.0,0.0
2023-11-21 00:00:00+09:00,121780.70818112972,122475.60523209194,121520.12178701888,121867.5703125,2156,0.0,0.0
2023-11-22 00:00:00+09:00,122215.02297207447,122562.47150930851,121867.57443484043,122475.609375,1368,0.0,0.0
2023-11-24 00:00:00+09:00,122475.6098414179,122649.33411069651,122128.1613028607,122215.0234375,1195,0.0,0.0
2023-11-27 00:00:00+09:00,122649.3455363444,123083.65625,122475.62125088215,123083.65625,1495,0.0,0.0
2023-11-28 00:00:00+09:00,123083.65168303256,123431.10024106511,122736.203125,122736.203125,1915,0.0,0.0
2023-11-29 00:00:00+09:00,122562.47244480057,123170.50738960115,121867.57536502849,121954.4375,1624,0.0,0.0
2023-11-30 00:00:00+09:00,122041.30192589793,122909.92329191856,121433.26696968351,122128.1640625,7024,0.0,0.0
2023-12-01 00:00:00+09:00,122041.31449659009,122388.76307878678,120738.38231335247,120998.96875,3868,0.0,0.0
2023-12-04 00:00:00+09:00,121867.59148041578,121867.59148041578,121259.55645521056,121693.8671875,1894,0.0,0.0
2023-12-05 00:00:00+09:00,121693.8671875,121954.45362687366,121259.55645521056,121693.8671875,1320,0.0,0.0
2023-12-06 00:00:00+09:00,121693.87897838246,122301.9140625,121693.87897838246,122301.9140625,2113,0.0,0.0
2023-12-07 00:00:00+09:00,122215.03878768843,122215.03878768843,120998.96875,120998.96875,2353,0.0,0.0
2023-12-08 00:00:00+09:00,120998.96273135729,121520.13557872853,120825.23844890021,121433.2734375,4069,0.0,0.0
2023-12-11 00:00:00+09:00,121693.84973249464,121780.71186649356,121259.5390625,121259.5390625,1408,0.0,0.0
2023-12-12 00:00:00+09:00,121259.53630547601,121520.12270154795,120998.94990940408,121346.3984375,2087,0.0,0.0
2023-12-13 00:00:00+09:00,121085.82584635417,121259.55013020834,120564.65299479167,120912.1015625,2249,0.0,0.0
2023-12-14 00:00:00+09:00,120738.38053854468,121259.55340417867,120304.069817183,120564.65625,1977,0.0,0.0
2023-12-15 00:00:00+09:00,120564.63834194583,121867.5703125,120390.91407920526,121867.5703125,5133,0.0,0.0
2023-12-18 00:00:00+09:00,121346.40213017087,121433.26426483813,120477.78078349821,120738.3671875,2674,0.0,0.0
2023-12-19 00:00:00+09:00,120738.3713768116,121346.40634057972,118479.95579710146,119869.75,4732,0.0,0.0
2023-12-20 00:00:00+09:00,119609.1681380961,120390.92740697254,119174.85743316474,120217.203125,2761,0.0,0.0
2023-12-21 00:00:00+09:00,120043.48358862144,120217.20787746171,118827.4135667396,119088.0,2867,0.0,0.0
2023-12-22 00:00:00+09:00,118914.27374819234,120217.20589298625,118914.27374819234,120130.34375,2567,0.0,0.0
2023-12-25 00:00:00+09:00,119869.75009170946,119956.61222945708,118393.09375,118393.09375,2669,0.0,0.0
2023-12-26 00:00:00+09:00,118653.67463369964,118827.3989010989,118132.50183150184,118566.8125,2956,0.0,0.0
2023-12-27 00:00:00+09:00,118653.67051136364,119522.29181818182,118653.67051136364,119435.4296875,3287,0.0,0.0
2023-12-28 00:00:00+09:00,120130.33132051397,121346.40119649893,119956.60705251612,121259.5390625,3114,0.0,0.0
2023-12-29 00:00:00+09:00,121433.27019436519,121954.44302781741,121259.5459165478,121780.71875,1768,0.0,0.0
2024-01-04 00:00:00+09:00,121954.45134917798,122215.03778368478,121433.2784801644,121520.140625,2993,0.0,0.0
2024-01-05 00:00:00+09:00,121606.99982357094,123604.82910638674,121606.99982357094,123083.65625,4063,0.0,0.0
2024-01-09 00:00:00+09:00,122996.78858350951,123431.09927766032,122562.4778893587,123257.375,2710,0.0,0.0
2024-01-10 00:00:00+09:00,123083.64478389303,123170.50691853234,122215.0234375,122215.0234375,3517,0.0,0.0
2024-01-11 00:00:00+09:00,122823.05791223404,122909.92004654255,122301.88510638298,122475.609375,2345,0.0,0.0
2024-01-12 00:00:00+09:00,122823.0546875,123431.08961169554,122562.4682914162,122823.0546875,3074,0.0,0.0
2024-01-15 00:00:00+09:00,122823.07485234486,123344.24773007758,122823.07485234486,123170.5234375,412,0.0,0.0
2024-01-16 00:00:00+09:00,123517.94942900143,123517.94942900143,122649.328125,122649.328125,2345,0.0,0.0
2024-01-17 00:00:00+09:00,122649.34341469957,122996.79197961373,121172.68701381437,121433.2734375,4176,0.0,0.0
2024-01-18 00:00:00+09:00,121520.13523979408,121606.99738078035,120043.47884302745,120217.203125,3833,0.0,0.0
2024-01-19 00:00:00+09:00,120651.51416644313,121433.2734375,120304.06560152896,121433.2734375,2404,0.0,0.0
2024-01-22 00:00:00+09:00,121606.9898409894,122909.921875,121520.12770538869,122909.921875,2386,0.0,0.0
2024-01-23 00:00:00+09:00,122909.91820507117,122909.91820507117,122041.296875,122041.296875,2927,0.0,0.0
2024-01-24 00:00:00+09:00,122562.47244480057,122649.33457977208,121954.4375,121954.4375,3246,0.0,0.0
2024-01-25 00:00:00+09:00,121954.4310483871,122041.29317876343,120738.36122311828,121172.671875,4615,0.0,0.0
2024-01-26 00:00:00+09:00,121259.54042022793,122041.29963497151,121085.81615028491,121954.4375,3572,0.0,0.0
2024-01-29 00:00:00+09:00,121085.8111301675,122475.60523209194,120998.94899879722,121867.5703125,14162,0.0,0.0
2024-01-30 00:00:00+09:00,122296.28125,122829.93775000001,121762.62475,122296.28125,5084,3282.0,0.0
2024-01-31 00:00:00+09:00,122029.453125,122918.88062591107,122029.453125,122029.453125,3993,0.0,0.0
2024-02-01 00:00:00+09:00,121940.51919295892,122207.34746252776,120161.6640625,120161.6640625,6922,0.0,0.0
2024-02-02 00:00:00+09:00,120784.25232371796,121495.79431089744,120606.36682692308,121406.8515625,2838,0.0,0.0
2024-02-05 00:00:00+09:00,122029.45375829034,122296.28200994841,120606.3697494473,120695.3125,2940,0.0,0.0
2024-02-06 00:00:00+09:00,120695.31492813189,121317.91419452608,120339.54391876378,121051.0859375,3257,0.0,0.0
2024-02-07 00:00:00+09:00,121051.08947380686,121140.03222874721,119272.234375,119272.234375,4252,0.0,0.0
2024-02-08 00:00:00+09:00,119628.00038594686,119983.77139081212,118827.515625,118827.515625,3869,0.0,0.0
2024-02-09 00:00:00+09:00,119183.28974056605,119628.00350825473,117849.1484375,117849.1484375,4572,0.0,0.0
2024-02-13 00:00:00+09:00,117849.14803340517,118738.57556573275,117493.37702047413,118649.6328125,4193,0.0,0.0
2024-02-14 00:00:00+09:00,118649.6307721423,118649.6307721423,117493.375,117493.375,4498,0.0,0.0
2024-02-15 00:00:00+09:00,117760.20364900914,118204.91740901295,116426.06236899771,116692.890625,4538,0.0,0.0
2024-02-16 00:00:00+09:00,116692.88831417623,116870.77381465517,115091.91880986589,116070.2890625,7619,0.0,0.0
2024-02-19 00:00:00+09:00,116515.01094591993,116515.01094591993,114469.32754763278,115536.640625,4581,0.0,0.0
2024-02-20 00:00:00+09:00,115714.5129448868,116514.9976616462,115714.5129448868,115892.3984375,3099,0.0,0.0
2024-02-21 00:00:00+09:00,115892.40368783602,116159.23193884408,114825.09068380376,115803.4609375,5644,0.0,0.0
2024-02-22 00:00:00+09:00,114914.04432126258,115358.75811507551,113935.67397487412,114825.1015625,7563,0.0,0.0
2024-02-26 00:00:00+09:00,115625.57263771998,117137.59935682862,115625.57263771998,116248.171875,7722,0.0,0.0
2024-02-27 00:00:00+09:00,116515.01322023354,116781.8414947837,116159.2421875,116159.2421875,5871,0.0,0.0
2024-02-28 00:00:00+09:00,116248.18494568339,116515.01322023354,115803.47115476646,116159.2421875,5719,0.0,0.0
2024-02-29 00:00:00+09:00,116337.1248569794,116692.89588100686,115091.9262728833,116603.953125,8187,0.0,0.0
2024-03-01 00:00:00+09:00,116781.83119119624,116781.83119119624,115536.63268649194,115803.4609375,5010,0.0,0.0
2024-03-04 00:00:00+09:00,115981.34363045142,117404.4276013772,115981.34363045142,116248.171875,5054,0.0,0.0
2024-03-05 00:00:00+09:00,116959.7138604629,117048.65660864576,115625.57263771998,116248.171875,3483,0.0,0.0
2024-03-06 00:00:00+09:00,116248.171875,116959.7138604629,115803.4581340857,116248.171875,3772,0.0,0.0
2024-03-07 00:00:00+09:00,116515.00578257517,116603.94853508096,115180.86449498843,115358.75,5352,0.0,0.0
2024-03-08 00:00:00+09:00,114736.14793346774,116692.88844086022,114202.4914314516,115803.4609375,7927,0.0,0.0
2024-03-11 00:00:00+09:00,116070.29123098859,117226.54700570343,115625.57747148289,116959.71875,4495,0.0,0.0
2024-03-12 00:00:00+09:00,117404.43521515613,117404.43521515613,116248.17941379474,116781.8359375,4920,0.0,0.0
2024-03-13 00:00:00+09:00,117315.5009367794,117315.5009367794,115269.81744811682,115714.53125,5084,0.0,0.0
2024-03-14 00:00:00+09:00,116781.8356650398,117315.4921875,115892.40812760615,117315.4921875,4780,0.0,0.0
2024-03-15 00:00:00+09:00,118115.9731083086,120339.54187917284,117760.20210497032,119894.828125,10478,0.0,0.0
2024-03-18 00:00:00+09:00,118916.46321614583,120784.26106770833,118293.86393229167,119539.0625,6307,0.0,0.0
2024-03-19 00:00:00+09:00,120428.48085738925,123274.64879493465,120072.70986519608,122474.1640625,6850,0.0,0.0
2024-03-21 00:00:00+09:00,122918.87975592248,124253.02099784638,121762.62401292175,123897.25,4795,0.0,0.0
2024-03-22 00:00:00+09:00,124430.92110148515,125942.94801980197,123808.32178217822,125765.0625,5212,0.0,0.0
2024-03-25 00:00:00+09:00,125854.005259901,126476.60457920792,125409.29146039604,125765.0625,3649,0.0,0.0
2024-03-26 00:00:00+09:00,126387.64140625,126476.58415178572,124519.84375,124519.84375,4801,0.0,0.0
2024-03-27 00:00:00+09:00,125409.28178648069,125498.22453952074,123986.19773783977,124341.96875,4102,0.0,0.0
2024-03-28 00:00:00+09:00,124964.57158812591,125053.51434370464,122029.46065402757,122563.1171875,5777,0.0,0.0
2024-03-29 00:00:00+09:00,122918.89092023982,123274.6619503997,121406.86404206032,122385.234375,1830,0.0,0.0
2024-04-01 00:00:00+09:00,121940.50524635037,123185.70369525548,121228.96327554744,121851.5625,3321,0.0,0.0
2024-04-02 00:00:00+09:00,121851.56025965074,122207.33123851103,120072.70536534926,120962.1328125,4320,0.0,0.0
2024-04-03 00:00:00+09:00,120250.59643518519,120517.42468171296,118649.62695601852,120072.7109375,3980,0.0,0.0
2024-04-04 00:00:00+09:00,120250.59643518519,120339.53918402777,119450.11169560185,120072.7109375,2572,0.0,0.0
2024-04-05 00:00:00+09:00,119450.11218352952,119983.76867876494,118382.79919305867,119005.3984375,3931,0.0,0.0
2024-04-08 00:00:00+09:00,119450.11399226234,120873.19800110537,118649.62923728813,120695.3125,3221,0.0,0.0
2024-04-09 00:00:00+09:00,120962.13259516837,122029.44552983162,120517.41887239201,121495.7890625,2434,0.0,0.0
2024-04-10 00:00:00+09:00,122029.44868713018,122207.3341808432,120072.70825628699,120250.59375,3212,0.0,0.0
2024-04-11 00:00:00+09:00,120072.71592481551,120695.3151925738,119361.1739045203,120517.4296875,4575,0.0,0.0
2024-04-12 00:00:00+09:00,120517.42517400038,120517.42517400038,118471.74194226458,119005.3984375,5092,0.0,0.0
2024-04-15 00:00:00+09:00,119094.34886511932,119805.89090464206,118738.57784535794,119272.234375,3027,0.0,0.0
2024-04-16 00:00:00+09:00,119272.22912397541,120339.5421362705,118916.45811987705,119361.171875,2926,0.0,0.0
2024-04-17 00:00:00+09:00,119005.40328984027,120428.48733515973,118916.46053700779,119716.9453125,4038,0.0,0.0
2024-04-18 00:00:00+09:00,119627.99719328704,120428.48193287036,119450.11169560185,120072.7109375,2346,0.0,0.0
2024-04-19 00:00:00+09:00,120161.66178385417,120517.43280319941,118916.46321614583,119539.0625,4748,0.0,0.0
2024-04-22 00:00:00+09:00,119627.99987249628,120695.31288251112,119627.99987249628,119894.828125,3586,0.0,0.0
2024-04-23 00:00:00+09:00,120072.71888919822,121140.0319459911,119716.94787026726,119805.890625,4660,0.0,0.0
2024-04-24 00:00:00+09:00,120606.36987629246,120606.36987629246,119716.94236983013,120428.484375,2431,0.0,0.0
2024-04-25 00:00:00+09:00,120517.4296875,121140.02895525831,120339.54418242621,120517.4296875,2714,0.0,0.0
2024-04-26 00:00:00+09:00,120072.71553106671,121317.9140625,119805.887274331,121317.9140625,3834,0.0,0.0
2024-04-30 00:00:00+09:00,121406.85120428493,122385.22143377001,121228.96570801492,122207.3359375,3936,0.0,0.0
2024-05-01 00:00:00+09:00,122029.461080168,122385.23210372534,121051.09076538532,121762.6328125,2418,0.0,0.0
2024-05-02 00:00:00+09:00,122029.45300000001,123007.82325,121851.5675,122296.28125,3195,0.0,0.0
2024-05-07 00:00:00+09:00,123274.64609771574,123274.64609771574,121584.73392177302,122652.046875,3171,0.0,0.0
2024-05-08 00:00:00+09:00,122741.0025570239,123541.48735630883,122296.28877964338,122829.9453125,4348,0.0,0.0
2024-05-09 00:00:00+09:00,123096.766,123452.53700000001,122296.28125,122296.28125,3515,0.0,0.0
2024-05-10 00:00:00+09:00,122563.10741327093,122740.99291024229,120250.59595264317,121140.0234375,5418,0.0,0.0
2024-05-13 00:00:00+09:00,120962.13503649636,121851.5625,120962.13503649636,121851.5625,1849,0.0,0.0
2024-05-14 00:00:00+09:00,121584.73180705526,122118.38827438689,121140.01808427891,121495.7890625,2137,0.0,0.0
2024-05-15 00:00:00+09:00,121228.96900331613,121406.85450442151,120250.59874723655,120695.3125,2665,0.0,0.0
2024-05-16 00:00:00+09:00,120428.48935338484,120962.14587932303,119983.77558176967,120873.203125,3366,0.0,0.0
2024-05-17 00:00:00+09:00,120072.71592481551,120873.20069764761,119805.8876672048,120517.4296875,2775,0.0,0.0
2024-05-20 00:00:00+09:00,120517.42738084198,120784.25563334569,119539.05712166171,119894.828125,3091,0.0,0.0
2024-05-21 00:00:00+09:00,119805.88537416543,120250.59912833828,119450.11437082714,119894.828125,2429,0.0,0.0
2024-05-22 00:00:00+09:00,120161.65934584888,120161.65934584888,119183.2890625,119183.2890625,3253,0.0,0.0
2024-05-23 00:00:00+09:00,119183.292326546,119361.17783748114,117493.37997266214,117938.09375,3349,0.0,0.0
2024-05-24 00:00:00+09:00,117671.25806164579,117849.14356136104,116781.83056306947,117137.6015625,4691,0.0,0.0
2024-05-27 00:00:00+09:00,117315.4921875,117404.43494124337,116692.89291129644,117315.4921875,3605,0.0,0.0
2024-05-28 00:00:00+09:00,117404.43186090226,118827.51588345865,117404.43186090226,118293.859375,3892,0.0,0.0
2024-05-29 00:00:00+09:00,118293.86548913043,118293.86548913043,116337.1248569794,116603.953125,5993,0.0,0.0
2024-05-30 00:00:00+09:00,116515.00564903847,116692.89115384615,114825.09335336539,115625.578125,6936,0.0,0.0
2024-05-31 00:00:00+09:00,115625.57773109245,116515.00525210085,115447.69222689077,116426.0625,5851,0.0,0.0
2024-06-03 00:00:00+09:00,116515.00525210085,117315.4900210084,116248.17699579832,116426.0625,2887,0.0,0.0
2024-06-04 00:00:00+09:00,116870.78139302059,117315.49517305492,116515.01036899313,116603.953125,3618,0.0,0.0
2024-06-05 00:00:00+09:00,117137.60491586539,117315.49042067309,115625.578125,115625.578125,3164,0.0,0.0
2024-06-06 00:00:00+09:00,115625.58054543711,116159.23707103144,114825.09575704562,115981.3515625,3397,0.0,0.0
2024-06-07 00:00:00+09:00,116248.18038288507,116248.18038288507,114736.15355311533,114914.0390625,2573,0.0,0.0
2024-06-10 00:00:00+09:00,114914.03851131134,116426.0653338286,114825.09575704562,115981.3515625,4102,0.0,0.0
2024-06-11 00:00:00+09:00,115981.35742641363,116159.2429439388,114825.1015625,114825.1015625,2666,0.0,0.0
2024-06-12 00:00:00+09:00,115002.98195670093,115091.92471150117,114380.3826730993,114647.2109375,2773,0.0,0.0
2024-06-13 00:00:00+09:00,115180.87003391472,115180.87003391472,114380.38522286821,114736.15625,3859,0.0,0.0
2024-06-14 00:00:00+09:00,114736.1534145753,115625.5809604247,114380.38239623552,115180.8671875,4517,0.0,0.0
2024-06-17 00:00:00+09:00,115625.58338144726,115803.4688943418,115180.86959921093,115536.640625,3149,0.0,0.0
2024-06-18 00:00:00+09:00,115625.57531130267,116515.00281369731,115625.57531130267,116070.2890625,2840,0.0,0.0
2024-06-19 00:00:00+09:00,116070.29404222328,116781.83607466603,115981.35128816793,116515.0078125,2526,0.0,0.0
2024-06-20 00:00:00+09:00,116781.83607466603,117760.2063692748,116159.23679627862,116515.0078125,1981,0.0,0.0
2024-06-21 00:00:00+09:00,116603.95029326559,117849.14884712196,116515.0075394187,117048.6640625,6191,0.0,0.0
2024-06-24 00:00:00+09:00,116781.83324619771,117226.54700570343,116426.06223859315,116959.71875,1926,0.0,0.0
2024-06-25 00:00:00+09:00,117226.55198863638,117849.1512784091,117048.66647727274,117404.4375,2837,0.0,0.0
2024-06-26 00:00:00+09:00,117671.26548359728,118027.03650546756,117404.43721719457,117938.09375,3051,0.0,0.0
2024-06-27 00:00:00+09:00,117760.20895308924,117849.15170909611,116248.18210097254,116603.953125,3622,0.0,0.0
2024-06-28 00:00:00+09:00,117315.49232404066,117315.49232404066,115981.35101633739,117048.6640625,3049,0.0,0.0
2024-07-01 00:00:00+09:00,117315.48756585248,117315.48756585248,116070.2890625,116070.2890625,3737,0.0,0.0
2024-07-02 00:00:00+09:00,116337.11731321839,116337.11731321839,115447.68981082375,116070.2890625,3378,0.0,0.0
2024-07-03 00:00:00+09:00,116070.29658895881,116781.83863701373,115536.64005291762,116603.953125,3746,0.0,0.0
2024-07-04 00:00:00+09:00,117404.44020295904,117582.32571841807,116603.9553833934,117226.5546875,3021,0.0,0.0
2024-07-05 00:00:00+09:00,117226.54957019378,117582.32058558131,116781.83580095935,117048.6640625,3145,0.0,0.0
2024-07-08 00:00:00+09:00,117048.6640625,118027.03435481574,116781.83580095935,117048.6640625,3626,0.0,0.0
2024-07-09 00:00:00+09:00,117226.54943375663,117849.1487099602,116426.06465006634,117315.4921875,2735,0.0,0.0
2024-07-10 00:00:00+09:00,117315.49246120526,117582.32072305787,116781.8359375,116781.8359375,2109,0.0,0.0
2024-07-11 00:00:00+09:00,116959.72414902746,117582.32344107551,116603.953125,116603.953125,2875,0.0,0.0
2024-07-12 00:00:00+09:00,116603.9395075829,118471.7371655991,116603.9395075829,118027.0234375,4231,0.0,0.0
2024-07-16 00:00:00+09:00,118027.0290610763,118293.8573106492,117137.6015625,117137.6015625,3417,0.0,0.0
2024-07-17 00:00:00+09:00,117226.54916273586,118115.97669811321,117226.54916273586,117849.1484375,2781,0.0,0.0
2024-07-18 00:00:00+09:00,117938.08069188018,119183.27913055765,117582.3097094009,118027.0234375,3680,0.0,0.0
2024-07-19 00:00:00+09:00,118115.97669811321,118560.69046580189,117226.54916273586,117849.1484375,2949,0.0,0.0
2024-07-22 00:00:00+09:00,117849.1413422915,117849.1413422915,116070.28637863428,116248.171875,4208,0.0,0.0
2024-07-23 00:00:00+09:00,116515.00512099847,117226.54713700457,116159.23411299543,116692.890625,3428,0.0,0.0
2024-07-24 00:00:00+09:00,116959.71901260504,117226.54726890757,116159.23424369749,116426.0625,3953,0.0,0.0
2024-07-25 00:00:00+09:00,116426.0653338286,116870.77910515721,115892.40880823428,115981.3515625,3773,0.0,0.0
2024-07-26 00:00:00+09:00,116070.2890625,116870.77381465517,115981.34631226053,116070.2890625,2829,0.0,0.0
2024-07-29 00:00:00+09:00,115803.47115476646,116337.12770386678,115269.81460566616,116159.2421875,12849,0.0,0.0
2024-07-30 00:00:00+09:00,117080.90736083985,117354.6740966797,116533.37388916015,116807.140625,7384,3310.0,0.0
2024-07-31 00:00:00+09:00,116807.15396578537,117902.22103421461,116533.38719867807,117354.6875,2817,0.0,0.0
2024-08-01 00:00:00+09:00,117172.16293945313,117354.6740966797,116077.09599609375,116807.140625,5153,0.0,0.0
2024-08-02 00:00:00+09:00,116077.10492125984,116624.63843503938,114799.52672244095,115894.59375,6981,0.0,0.0
2024-08-05 00:00:00+09:00,113886.96313173157,114434.49660832643,109962.97321613505,110145.484375,10404,0.0,0.0
2024-08-06 00:00:00+09:00,110693.0211444968,116077.10049117883,110419.25439805533,113795.7109375,7244,0.0,0.0
2024-08-07 00:00:00+09:00,113704.45976811305,116259.6161673965,113248.18183966957,114617.015625,7162,0.0,0.0
2024-08-08 00:00:00+09:00,114343.24774126291,116350.87060663225,114069.48098689436,114890.78125,3610,0.0,0.0
2024-08-09 00:00:00+09:00,114890.78466250001,115712.08495,113978.2287875,114069.484375,6425,0.0,0.0
2024-08-13 00:00:00+09:00,114799.52780366954,116533.38394696821,114799.52780366954,116259.6171875,4529,0.0,0.0
2024-08-14 00:00:00+09:00,116077.0926774571,116989.6484375,115438.30364542706,116989.6484375,5077,0.0,0.0
2024-08-15 00:00:00+09:00,116259.6138079696,117080.9140625,115438.3135534392,117080.9140625,4411,0.0,0.0
2024-08-16 00:00:00+09:00,117354.68300977924,117810.9609375,116807.14949651432,117810.9609375,3499,0.0,0.0
2024-08-19 00:00:00+09:00,117810.9519897461,117810.9519897461,116442.11831054688,116807.140625,4252,0.0,0.0
2024-08-20 00:00:00+09:00,116807.14620797498,117354.67970582486,116259.6127101251,116715.890625,3331,0.0,0.0
2024-08-21 00:00:00+09:00,116807.13728549142,117719.69304553432,116442.11498147427,116989.6484375,3412,0.0,0.0
2024-08-22 00:00:00+09:00,117172.1640625,117172.1640625,116077.09710864486,117172.1640625,3059,0.0,0.0
2024-08-23 00:00:00+09:00,117172.17296680901,117719.7064853455,117080.91738038625,117537.1953125,2485,0.0,0.0
2024-08-26 00:00:00+09:00,117537.19198168354,117993.4699008671,116898.40289482658,117080.9140625,2605,0.0,0.0
2024-08-27 00:00:00+09:00,117354.67963370313,119544.8136237567,117263.42405078423,119271.046875,3743,0.0,0.0
2024-08-28 00:00:00+09:00,119271.046875,120092.34712127008,118997.2801262433,119271.046875,6737,0.0,0.0
2024-08-29 00:00:00+09:00,119544.81808632544,120639.88512223071,119362.30691367456,119453.5625,4464,0.0,0.0
2024-08-30 00:00:00+09:00,119088.53124398112,119179.78682347843,117902.20871051618,118449.7421875,5729,0.0,0.0
2024-09-02 00:00:00+09:00,118449.75222526945,119088.54133588338,118175.98546357776,118541.0078125,2940,0.0,0.0
2024-09-03 00:00:00+09:00,118541.00113338829,118541.00113338829,117172.16740205586,117628.4453125,3118,0.0,0.0
2024-09-04 00:00:00+09:00,116898.40852941177,117628.45323529412,116350.875,116350.875,5087,0.0,0.0
2024-09-05 00:00:00+09:00,116259.61161770504,117080.91185676261,115438.31137864747,115712.078125,4211,0.0,0.0
2024-09-06 00:00:00+09:00,116624.63953345761,116715.89511994702,115803.33925505298,116259.6171875,3920,0.0,0.0
2024-09-09 00:00:00+09:00,115894.59268268467,115894.59268268467,114617.01449563145,114890.78125,4178,0.0,0.0
2024-09-10 00:00:00+09:00,115529.5691858747,116259.61385687548,115438.3136019996,115803.3359375,4309,0.0,0.0
2024-09-11 00:00:00+09:00,115620.82255526367,115712.07813739096,114251.98882335448,115073.2890625,5263,0.0,0.0
2024-09-12 00:00:00+09:00,115620.82699311024,116533.38284940945,114890.78230807088,115894.59375,4176,0.0,0.0
2024-09-13 00:00:00+09:00,115985.83710145281,117080.90401350429,115894.58152544852,116989.6484375,6297,0.0,0.0
2024-09-17 00:00:00+09:00,116989.65739239387,117537.1908903302,114890.77898363798,116077.1015625,4712,0.0,0.0
2024-09-18 00:00:00+09:00,115712.08588235294,116350.875,115347.06352941177,116350.875,4170,0.0,0.0
2024-09-19 00:00:00+09:00,116350.86946562995,116624.63621731379,114799.52453942155,115164.546875,3855,0.0,0.0
2024-09-20 00:00:00+09:00,115803.33373205742,116533.3783891547,114251.98883572567,114434.5,11020,0.0,0.0
2024-09-24 00:00:00+09:00,114982.0391502809,114982.0391502809,113248.18300436396,113704.4609375,5180,0.0,0.0
2024-09-25 00:00:00+09:00,114343.24987122252,116898.40629292582,113430.69400632849,116259.6171875,5776,0.0,0.0
2024-09-26 00:00:00+09:00,116350.87048368299,117445.9375,116168.35931429682,117445.9375,3507,0.0,0.0
2024-09-27 00:00:00+09:00,118723.51559513572,119636.07144137043,117810.959748901,119362.3046875,5632,0.0,0.0
2024-09-30 00:00:00+09:00,117719.70431559309,118084.72665455617,116168.359375,116168.359375,7184,0.0,0.0
2024-10-01 00:00:00+09:00,117263.43312230603,117263.43312230603,115803.34368265086,116442.1328125,4374,0.0,0.0
2024-10-02 00:00:00+09:00,115894.5926207777,116259.61495974076,115438.31469707385,116168.359375,5222,0.0,0.0
2024-10-03 00:00:00+09:00,116442.12389445755,117172.16855837265,116077.1015625,116077.1015625,5215,0.0,0.0
2024-10-04 00:00:00+09:00,116077.1060145212,117080.91746590463,115894.59484154238,116259.6171875,4575,0.0,0.0
2024-10-07 00:00:00+09:00,117263.42639188924,117263.42639188924,115803.33703603692,116168.359375,3793,0.0,0.0
2024-10-08 00:00:00+09:00,117172.1640625,118084.71985737928,116442.11942659658,117172.1640625,6071,0.0,0.0
2024-10-09 00:00:00+09:00,116989.65513742175,117628.44420603482,116350.86606880868,116624.6328125,3596,0.0,0.0
2024-10-10 00:00:00+09:00,116624.63614331644,117263.42523017342,116350.8693918063,117080.9140625,3330,0.0,0.0
2024-10-11 00:00:00+09:00,116898.40515490407,116989.66074050509,116168.36047009593,116533.3828125,3238,0.0,0.0
2024-10-15 00:00:00+09:00,116898.39620361329,117172.16293945313,116350.8627319336,116807.140625,4144,0.0,0.0
2024-10-16 00:00:00+09:00,116442.11831054688,117354.6740966797,115894.58483886719,116807.140625,5297,0.0,0.0
2024-10-17 00:00:00+09:00,116898.40733827821,117719.70762402724,116807.15175097277,117263.4296875,3555,0.0,0.0
2024-10-18 00:00:00+09:00,117445.9408621109,117810.96321133268,116807.15175097277,117263.4296875,3056,0.0,0.0
2024-10-21 00:00:00+09:00,117263.42412284989,117354.67970582486,116259.6127101251,116715.890625,3464,0.0,0.0
2024-10-22 00:00:00+09:00,116715.88839373045,116989.65513742175,115985.84374388693,116624.6328125,4768,0.0,0.0
2024-10-23 00:00:00+09:00,116715.89507708821,117172.17300936769,115712.08362607338,116898.40625,4037,0.0,0.0
2024-10-24 00:00:00+09:00,117080.9152224077,117080.9152224077,115985.84820551846,116168.359375,4063,0.0,0.0
2024-10-25 00:00:00+09:00,116533.38060850078,116715.89177625098,115620.8247697498,115803.3359375,3107,0.0,0.0
2024-10-28 00:00:00+09:00,115985.84041748047,117080.90736083985,115347.05136718751,116807.140625,2851,0.0,0.0
2024-10-29 00:00:00+09:00,116807.1506635441,117080.91742291179,116350.87273126464,116898.40625,5725,0.0,0.0
2024-10-30 00:00:00+09:00,116533.37723126957,117172.16629988264,116442.12165003913,116624.6328125,4636,0.0,0.0
2024-10-31 00:00:00+09:00,116350.86719982255,116898.4006925276,115529.56696076498,115712.078125,5388,0.0,0.0
2024-11-01 00:00:00+09:00,115529.57140748033,116350.87167814962,115255.80465059055,115894.59375,3496,0.0,0.0
2024-11-05 00:00:00+09:00,116077.10719936709,116259.61837420886,114434.50662579114,115347.0625,5102,0.0,0.0
2024-11-06 00:00:00+09:00,115712.08362607338,116989.6618364559,115620.82803961748,116898.40625,4331,0.0,0.0
2024-11-07 00:00:00+09:00,116350.86382868171,116533.37498762867,115255.796875,115255.796875,5413,0.0,0.0
2024-11-08 00:00:00+09:00,115620.82699311024,116442.12726377953,114982.03789370079,115894.59375,4512,0.0,0.0
2024-11-11 00:00:00+09:00,116442.13058823529,116442.13058823529,115438.31911764706,116350.875,4172,0.0,0.0
2024-11-12 00:00:00+09:00,116168.3638235294,116350.875,115803.34147058823,116350.875,2530,0.0,0.0
2024-11-13 00:00:00+09:00,115712.07363218849,115985.84036791134,114069.47321785144,114251.984375,4820,0.0,0.0
2024-11-14 00:00:00+09:00,114251.98997688906,114251.98997688906,113065.66739725682,113521.9453125,7251,0.0,0.0
2024-11-15 00:00:00+09:00,114069.47321785144,114525.75111072283,113613.19532498003,114251.984375,5218,0.0,0.0
2024-11-18 00:00:00+09:00,114617.02121513945,114799.53239541833,113795.72090388446,114525.765625,3473,0.0,0.0
2024-11-19 00:00:00+09:00,114525.765625,114890.78798555778,114160.74326444224,114525.765625,2475,0.0,0.0
2024-11-20 00:00:00+09:00,114617.01449563145,115164.54800436854,114343.24774126291,114890.78125,2422,0.0,0.0
2024-11-21 00:00:00+09:00,114799.52793296089,114799.52793296089,114069.48324022346,114343.25,3640,0.0,0.0
2024-11-22 00:00:00+09:00,114343.25444472111,114525.765625,114069.48767430279,114525.765625,3035,0.0,0.0
2024-11-25 00:00:00+09:00,114525.76117318436,115347.06145251397,114343.25,114343.25,4530,0.0,0.0
2024-11-26 00:00:00+09:00,114890.77902051868,114890.77902051868,114160.73435636923,114799.5234375,3463,0.0,0.0
2024-11-27 00:00:00+09:00,114799.52234111869,114799.52234111869,113339.43302676424,113795.7109375,4021,0.0,0.0
2024-11-28 00:00:00+09:00,113795.71092503988,114434.5,113795.71092503988,114434.5,3057,0.0,0.0
2024-11-29 00:00:00+09:00,114434.50449109287,114708.2712482486,113978.2265625,113978.2265625,4114,0.0,0.0
2024-12-02 00:00:00+09:00,114343.24666967147,114525.75783754006,113613.20199819711,113886.96875,4015,0.0,0.0
2024-12-03 00:00:00+09:00,113795.71539106285,114343.2489053743,113339.43746246997,113978.2265625,6554,0.0,0.0
2024-12-04 00:00:00+09:00,114069.47994309025,114799.52461472602,113156.92410354552,113248.1796875,4960,0.0,0.0
2024-12-05 00:00:00+09:00,113156.92636639676,113430.69312373482,112700.6484375,112700.6484375,3100,0.0,0.0
2024-12-06 00:00:00+09:00,112974.42079872366,113521.95434055915,112335.63166658225,112609.3984375,4681,0.0,0.0
2024-12-09 00:00:00+09:00,112609.39507483819,112791.90625,111605.58361144822,112791.90625,7153,0.0,0.0
2024-12-10 00:00:00+09:00,112700.6473079059,113339.43640195881,112426.8805533118,112974.4140625,3489,0.0,0.0
2024-12-11 00:00:00+09:00,112700.6473079059,113430.69198682351,112518.1361381765,112974.4140625,3990,0.0,0.0
2024-12-12 00:00:00+09:00,112974.41409423233,113156.925264013,111788.091490658,112335.625,4457,0.0,0.0
2024-12-13 00:00:00+09:00,111696.828125,112335.61717473448,111514.316967933,111696.828125,7753,0.0,0.0
2024-12-16 00:00:00+09:00,112061.85491435563,112061.85491435563,111240.5546747553,111879.34375,3762,0.0,0.0
2024-12-17 00:00:00+09:00,111879.35277035362,111879.35277035362,110875.54128546464,110966.796875,4824,0.0,0.0
2024-12-18 00:00:00+09:00,110966.7924217463,111696.83710873147,110784.28125,110784.28125,2677,0.0,0.0
2024-12-19 00:00:00+09:00,110693.02456740702,111149.30249225207,110328.00222753099,110419.2578125,3082,0.0,0.0
2024-12-20 00:00:00+09:00,110693.02670918367,112244.37168367347,110693.02670918367,111788.09375,6209,0.0,0.0
2024-12-23 00:00:00+09:00,112244.36941510967,112609.391754671,111970.60266043867,112335.625,2684,0.0,0.0
2024-12-24 00:00:00+09:00,112609.38839466748,113613.19979850974,112518.1328125,112518.1328125,2577,0.0,0.0
2024-12-25 00:00:00+09:00,112791.89619808632,112883.15177753461,111696.82924470684,112061.8515625,2134,0.0,0.0
2024-12-26 00:00:00+09:00,112244.36273399758,113521.94084641707,111970.59599562197,113339.4296875,4075,0.0,0.0
2024-12-27 00:00:00+09:00,113886.96764469452,113978.22322774316,113065.66739725682,113521.9453125,2599,0.0,0.0
2024-12-30 00:00:00+09:00,113704.46098163842,114617.01684826473,113065.671875,113065.671875,4305,0.0,0.0
2025-01-06 00:00:00+09:00,114890.78466250001,115073.2958375,113886.97320000001,114069.484375,5287,0.0,0.0
2025-01-07 00:00:00+09:00,114434.50114298634,114525.75672603496,113430.68972945136,113521.9453125,3332,0.0,0.0
2025-01-08 00:00:00+09:00,113521.94757168822,114069.48108087642,112974.4140625,112974.4140625,3152,0.0,0.0
2025-01-09 00:00:00+09:00,112883.15402512204,113156.92076891781,112153.109375,112153.109375,3073,0.0,0.0
2025-01-10 00:00:00+09:00,112244.36941510967,112609.391754671,111879.34707554834,112335.625,2240,0.0,0.0
2025-01-14 00:00:00+09:00,112791.90750615258,112791.90750615258,111240.5625,111240.5625,4615,0.0,0.0
2025-01-15 00:00:00+09:00,111331.81137571546,111788.0892911897,111058.04462643091,111605.578125,3852,0.0,0.0
2025-01-16 00:00:00+09:00,111879.34597850448,112335.62389848207,111514.3236425224,111970.6015625,1845,0.0,0.0
2025-01-17 00:00:00+09:00,111605.5725464665,112335.61717473448,111514.316967933,111696.828125,3056,0.0,0.0
2025-01-20 00:00:00+09:00,111788.09039450897,112244.36831448655,111696.83481051345,111970.6015625,2668,0.0,0.0
2025-01-21 00:00:00+09:00,112061.85043913398,112426.87275326796,111696.828125,111696.828125,2462,0.0,0.0
2025-01-22 00:00:00+09:00,112426.88058489033,112609.391754671,111788.091490658,112335.625,2643,0.0,0.0
2025-01-23 00:00:00+09:00,112244.36495626526,112518.13170006101,111879.34263120423,112153.109375,2867,0.0,0.0
2025-01-24 00:00:00+09:00,112518.13831134631,114343.25004389045,112426.88272471911,113704.4609375,3281,0.0,0.0
2025-01-27 00:00:00+09:00,114069.48767430279,114890.78798555778,113886.97649402391,114525.765625,3632,0.0,0.0
2025-01-28 00:00:00+09:00,114343.24108026524,116350.86382868171,114251.98550079176,115255.796875,6183,0.0,0.0
2025-01-29 00:00:00+09:00,115347.05914296999,116624.6373296801,115347.05914296999,115529.5703125,10821,0.0,0.0
2025-01-30 00:00:00+09:00,115978.52614541832,117849.14753486056,115884.99507594621,117381.4921875,8440,3080.0,0.0
2025-01-31 00:00:00+09:00,117100.89137141721,118316.79519556131,116913.8292446258,117475.015625,4759,0.0,0.0
2025-02-03 00:00:00+09:00,117381.47598217851,118036.19337809505,116913.82069938099,117100.8828125,5098,0.0,0.0
2025-02-04 00:00:00+09:00,117849.13338776723,118316.78867898852,117475.00915479018,118129.7265625,4259,0.0,0.0
2025-02-05 00:00:00+09:00,118316.79761377069,118784.45294030734,117849.14228723405,118690.921875,6008,0.0,0.0
2025-02-06 00:00:00+09:00,118410.32202205883,119439.16368259804,118223.25990196079,119252.1015625,5563,0.0,0.0
2025-02-07 00:00:00+09:00,119158.57720153665,119158.57720153665,118036.2044178487,118690.921875,5685,0.0,0.0
2025-02-10 00:00:00+09:00,118690.91291196556,118784.44397020982,117662.0712712787,118129.7265625,5240,0.0,0.0
2025-02-12 00:00:00+09:00,118129.734930391,119158.57664395735,118129.734930391,118410.328125,3377,0.0,0.0
2025-02-13 00:00:00+09:00,118597.38262134965,119158.56897444751,118503.8515625,118503.8515625,3013,0.0,0.0
2025-02-14 00:00:00+09:00,119065.04206870636,120655.0701246121,119065.04206870636,120561.5390625,3705,0.0,0.0
2025-02-17 00:00:00+09:00,120655.0701246121,121029.19437306051,120093.88375193949,120561.5390625,4241,0.0,0.0
2025-02-18 00:00:00+09:00,121029.19587268696,121777.44437885504,120935.66480941595,121309.7890625,3200,0.0,0.0
2025-02-19 00:00:00+09:00,121403.32068509616,122245.10025841347,121309.78962139423,121590.3828125,4591,0.0,0.0
2025-02-20 00:00:00+09:00,121964.5074404762,122058.03850446429,121403.32105654762,121777.4453125,4867,0.0,0.0
2025-02-21 00:00:00+09:00,121777.44475317551,122151.56900740955,121496.8515625,121496.8515625,4324,0.0,0.0
2025-02-25 00:00:00+09:00,121496.84451745971,123180.40356389101,121496.84451745971,121870.96875,4907,0.0,0.0
2025-02-26 00:00:00+09:00,123741.60027426863,123741.60027426863,121683.91682299583,123086.8828125,6261,0.0,0.0
2025-02-27 00:00:00+09:00,122993.35266251891,123554.5390625,122338.63519587433,123554.5390625,4025,0.0,0.0
2025-02-28 00:00:00+09:00,123554.53721515065,124302.78573727117,122619.2265625,122619.2265625,9280,0.0,0.0
2025-03-03 00:00:00+09:00,124396.31174585219,124863.96705316742,123835.12537707391,124022.1875,4741,0.0,0.0
2025-03-04 00:00:00+09:00,124396.30945585997,124489.84051560122,122806.28144025875,122899.8125,4767,0.0,0.0
2025-03-05 00:00:00+09:00,123367.47452575497,123741.59878512041,122338.6328125,122338.6328125,4897,0.0,0.0
2025-03-06 00:00:00+09:00,122432.16480031416,123554.53758687167,122432.16480031416,122806.2890625,3443,0.0,0.0
2025-03-07 00:00:00+09:00,122806.28739096051,123180.41164805407,121964.5078125,121964.5078125,5090,0.0,0.0
2025-03-10 00:00:00+09:00,122338.63132211538,122993.34876802885,121590.3828125,121590.3828125,3346,0.0,0.0
2025-03-11 00:00:00+09:00,121777.44586925287,122619.22544899424,121216.25948275861,122058.0390625,4728,0.0,0.0
2025-03-12 00:00:00+09:00,121870.97008587785,123180.40491412213,121870.97008587785,122525.6875,2691,0.0,0.0
2025-03-13 00:00:00+09:00,122712.75946252838,124115.72546248107,122432.16626253784,123554.5390625,4149,0.0,0.0
2025-03-14 00:00:00+09:00,123273.93863293051,124396.31136706949,123273.93863293051,123835.125,6297,0.0,0.0
2025-03-17 00:00:00+09:00,124396.31380890052,125518.68656507107,123741.59636780106,125051.03125,5372,0.0,0.0
2025-03-18 00:00:00+09:00,126266.93492607039,129634.0531907656,125986.34173734579,128885.8046875,8142,0.0,0.0
2025-03-19 00:00:00+09:00,127856.96801632429,129259.93401504034,127202.25055025678,127482.84375,5036,0.0,0.0
2025-03-21 00:00:00+09:00,127389.31359649122,128137.56213450292,126828.12719298246,127950.5,8311,0.0,0.0
2025-03-24 00:00:00+09:00,128137.56140029326,128605.21673387097,127576.375,127576.375,2982,0.0,0.0
2025-03-25 00:00:00+09:00,127202.24870657797,128605.21468495936,126547.53125,126547.53125,4856,0.0,0.0
2025-03-26 00:00:00+09:00,126547.53235375276,128044.02941041207,126173.40808958793,127108.71875,3544,0.0,0.0
2025-03-27 00:00:00+09:00,127482.84466374268,128418.1553362573,127202.2514619883,127950.5,2966,0.0,0.0
2025-03-28 00:00:00+09:00,127295.77456908376,127856.9609375,126547.52607786212,127856.9609375,3691,0.0,0.0
2025-03-31 00:00:00+09:00,127576.36256996269,127576.36256996269,125144.55507229478,125331.6171875,4614,0.0,0.0
2025-04-01 00:00:00+09:00,125051.03888122193,125986.34956844125,124489.85246889036,124957.5078125,5207,0.0,0.0
2025-04-02 00:00:00+09:00,124957.49639331816,125144.55851366743,122058.03352790434,123180.40625,4956,0.0,0.0
2025-04-03 00:00:00+09:00,121496.84622713414,123086.87423780488,121403.31516768293,122712.75,4517,0.0,0.0
2025-04-04 00:00:00+09:00,122151.56496398787,123460.99981046247,121870.97178260046,123367.46875,4944,0.0,0.0
2025-04-07 00:00:00+09:00,119906.82050126656,122338.62809333592,118690.91670523187,120000.3515625,7416,0.0,0.0
2025-04-08 00:00:00+09:00,120374.48099613845,124022.19254147598,120374.48099613845,122619.2265625,6678,0.0,0.0
2025-04-09 00:00:00+09:00,121964.5005738332,122712.74904361131,121029.18998661055,122245.09375,4128,0.0,0.0
2025-04-10 00:00:00+09:00,122338.6295045045,125799.27881006006,121964.50525525525,124583.375,4841,0.0,0.0
2025-04-11 00:00:00+09:00,123928.6573769722,125051.0301230278,123367.4710039444,124489.84375,3884,0.0,0.0
2025-04-14 00:00:00+09:00,125705.75507900678,125799.2861467739,124302.7890625,124302.7890625,3140,0.0,0.0
2025-04-15 00:00:00+09:00,124302.7874112216,124770.44274384469,122993.35247987689,123461.0078125,4027,0.0,0.0
2025-04-16 00:00:00+09:00,123741.59543918919,124583.375,123554.53331456456,124583.375,1895,0.0,0.0
2025-04-17 00:00:00+09:00,124302.7890625,124583.38226580135,123367.47838482882,124302.7890625,3595,0.0,0.0
2025-04-18 00:00:00+09:00,124115.71723369978,124302.77935462471,123367.46875,123367.46875,2799,0.0,0.0
2025-04-21 00:00:00+09:00,123367.46969410876,124022.1871223565,123086.87651057402,123835.125,1641,0.0,0.0
2025-04-22 00:00:00+09:00,124302.78068438914,124302.78068438914,123180.40794683258,124022.1875,2936,0.0,0.0
2025-04-23 00:00:00+09:00,124396.3184777462,124489.84954427082,123180.41461292614,123461.0078125,2621,0.0,0.0
2025-04-24 00:00:00+09:00,123648.06020992366,123928.65338740457,121964.50114503817,122525.6875,2840,0.0,0.0
2025-04-25 00:00:00+09:00,122151.5701269157,122712.75651340996,121403.32161159003,122058.0390625,3910,0.0,0.0
2025-04-28 00:00:00+09:00,121870.97008587785,122619.2185591603,121683.90796755724,122525.6875,3435,0.0,0.0
2025-04-30 00:00:00+09:00,122525.68826103501,122899.8125,121870.97084284628,122899.8125,5780,0.0,0.0
2025-05-01 00:00:00+09:00,122525.69125939849,124489.84356203007,122338.62913533834,124396.3125,3785,0.0,0.0
2025-05-02 00:00:00+09:00,124209.24544609665,125892.80449581784,123928.65227114312,125799.2734375,4112,0.0,0.0
2025-05-07 00:00:00+09:00,126360.4628317873,127295.77343750001,125144.55904436077,127295.7734375,7656,0.0,0.0
2025-05-08 00:00:00+09:00,126734.59607900944,126734.59607900944,123928.6640625,123928.6640625,5331,0.0,0.0
2025-05-09 00:00:00+09:00,124022.19585919865,124396.32013026712,122806.29197822612,124302.7890625,4857,0.0,0.0
2025-05-12 00:00:00+09:00,124115.71381915984,125518.6796875,123835.1206454918,125518.6796875,2866,0.0,0.0
2025-05-13 00:00:00+09:00,125051.02860449735,125425.15284863945,122993.34526171579,123741.59375,4258,0.0,0.0
2025-05-14 00:00:00+09:00,123367.4704442771,124209.25,123367.4704442771,124209.25,2610,0.0,0.0
2025-05-15 00:00:00+09:00,124209.25799473289,124583.38226580135,123461.00945259594,124302.7890625,3246,0.0,0.0
2025-05-16 00:00:00+09:00,124676.90606231231,124863.96818693692,123741.59543918919,124583.375,2152,0.0,0.0
2025-05-19 00:00:00+09:00,123741.59261104785,123741.59261104785,122245.09564825361,123180.40625,4726,0.0,0.0
2025-05-20 00:00:00+09:00,123180.41479584594,123554.5390625,122619.22839586486,123554.5390625,2963,0.0,0.0
2025-05-21 00:00:00+09:00,123835.12271341463,123928.65377286586,122338.62576219512,122712.75,2879,0.0,0.0
2025-05-22 00:00:00+09:00,122712.75854863222,123086.8828125,122151.57215283056,123086.8828125,2574,0.0,0.0
2025-05-23 00:00:00+09:00,122993.34221977812,122993.34221977812,121964.5005738332,122245.09375,2570,0.0,0.0
2025-05-26 00:00:00+09:00,122525.69512748282,122993.35045239687,122058.03980256876,122432.1640625,2308,0.0,0.0
2025-05-27 00:00:00+09:00,122245.10266922125,122993.35119359291,122245.10266922125,122806.2890625,2348,0.0,0.0
2025-05-28 00:00:00+09:00,122993.35247987689,123461.0078125,122432.16608072916,123461.0078125,2791,0.0,0.0
2025-05-29 00:00:00+09:00,123461.00689163498,123648.06902328898,122432.16516753803,122993.3515625,3602,0.0,0.0
2025-05-30 00:00:00+09:00,122993.3498935203,122993.3498935203,121870.97711882657,122151.5703125,6700,0.0,0.0
2025-06-02 00:00:00+09:00,122432.1640625,122619.22619246562,121870.97767260313,122432.1640625,3438,0.0,0.0
2025-06-03 00:00:00+09:00,122432.15509881044,122432.15509881044,121683.90663372986,121870.96875,2898,0.0,0.0
2025-06-04 00:00:00+09:00,121870.97767260313,122712.75725744844,121870.97767260313,122432.1640625,3184,0.0,0.0
2025-06-05 00:00:00+09:00,122245.10174765864,122525.69494218272,121403.32216408639,122338.6328125,3663,0.0,0.0
2025-06-06 00:00:00+09:00,122245.09432251909,122619.2185591603,122151.56326335878,122525.6875,1821,0.0,0.0
2025-06-09 00:00:00+09:00,122525.69512748282,123180.41258236249,122245.10193253438,122432.1640625,2963,0.0,0.0
2025-06-10 00:00:00+09:00,122338.6333667048,123086.88188882533,122245.10230143975,122619.2265625,2735,0.0,0.0
2025-06-11 00:00:00+09:00,122712.75282592313,124209.24981160513,122525.69070271289,124115.71875,3663,0.0,0.0
2025-06-12 00:00:00+09:00,124115.71893825302,124396.31212349398,123367.4704442771,124209.25,5415,0.0,0.0
2025-06-13 00:00:00+09:00,124022.18862612612,124676.90606231231,123461.00225225225,124583.375,8229,0.0,0.0
2025-06-16 00:00:00+09:00,124676.9158658321,126266.94405016754,124583.38479616531,125612.2265625,4144,0.0,0.0
2025-06-17 00:00:00+09:00,125518.68102529651,126360.46055527242,124583.37043643439,126173.3984375,3899,0.0,0.0
2025-06-18 00:00:00+09:00,126173.40475857569,126173.40475857569,125051.03199571215,125425.15625,3003,0.0,0.0
2025-06-19 00:00:00+09:00,125331.63424981455,126079.8828125,124863.97889813613,126079.8828125,2952,0.0,0.0
2025-06-20 00:00:00+09:00,126266.93786982248,126454.0,125425.15828402367,126454.0,14256,0.0,0.0
2025-06-23 00:00:00+09:00,126453.99370404411,127669.89748965992,126266.93158318014,127202.2421875,3725,0.0,0.0
2025-06-24 00:00:00+09:00,127389.31176362297,128418.15348858615,126828.12536818851,127015.1875,4329,0.0,0.0
2025-06-25 00:00:00+09:00,127015.18620466322,127108.7172696151,125986.34449019245,126360.46875,4132,0.0,0.0
2025-06-26 00:00:00+09:00,126641.06213017751,126921.65532544377,125612.22041420118,126454.0,4025,0.0,0.0
2025-06-27 00:00:00+09:00,126360.46055527242,126641.05373193105,125799.27420195515,126173.3984375,2862,0.0,0.0
2025-06-30 00:00:00+09:00,125612.2178157698,126360.4663210015,125144.5625,125144.5625,5248,0.0,0.0
2025-07-01 00:00:00+09:00,125238.10228383284,126547.5372591679,125051.04014449926,125612.2265625,4219,0.0,0.0
2025-07-02 00:00:00+09:00,125705.75129533678,126641.06194485565,125518.68916543301,126360.46875,2522,0.0,0.0
2025-07-03 00:00:00+09:00,126453.99888558693,126734.59207838039,125892.8125,125892.8125,2738,0.0,0.0
2025-07-04 00:00:00+09:00,125986.33651041666,126641.0539236111,125986.33651041666,126266.9296875,2423,0.0,0.0
2025-07-07 00:00:00+09:00,125986.33840188419,127482.83536879595,125986.33840188419,127202.2421875,1890,0.0,0.0
2025-07-08 00:00:00+09:00,127202.2410450517,127669.89634301145,126641.0546875,126641.0546875,4549,0.0,0.0
2025-07-09 00:00:00+09:00,126734.59076269604,127015.18395257655,125238.09375,125238.09375,3023,0.0,0.0
2025-07-10 00:00:00+09:00,125799.28870183358,125986.35084116716,125144.57121416605,125612.2265625,2314,0.0,0.0
2025-07-11 00:00:00+09:00,125331.62574404762,125892.8121279762,125331.62574404762,125705.75,2528,0.0,0.0
2025-07-14 00:00:00+09:00,125986.33727035635,126641.0546875,125518.6819723966,126641.0546875,1924,0.0,0.0
2025-07-15 00:00:00+09:00,126453.99888558693,126734.59207838039,125612.21930720654,125892.8125,3791,0.0,0.0
2025-07-16 00:00:00+09:00,125799.2734375,126453.9908457249,125705.74237918215,125799.2734375,3286,0.0,0.0
2025-07-17 00:00:00+09:00,125799.2738202951,126266.92911330736,125518.68064448776,125986.3359375,1885,0.0,0.0
2025-07-18 00:00:00+09:00,126173.3980547049,126734.5844063196,125986.3359375,125986.3359375,2688,0.0,0.0
2025-07-22 00:00:00+09:00,126360.46055527242,126828.11584970348,125705.74314306893,126173.3984375,2457,0.0,0.0
2025-07-23 00:00:00+09:00,126453.9908457249,126921.64613731412,125799.2734375,125799.2734375,2899,0.0,0.0
2025-07-24 00:00:00+09:00,126360.46893491123,127202.24852071005,126360.46893491123,126454.0,2681,0.0,0.0
2025-07-25 00:00:00+09:00,126454.00073746312,127202.24926253688,126360.4696718289,126828.125,2345,0.0,0.0
2025-07-28 00:00:00+09:00,127389.31468340612,129727.59138464338,127202.25254730713,128511.6875,5847,0.0,0.0
2025-07-29 00:00:00+09:00,127856.95657716606,129540.515625,127763.42551895307,129540.515625,12796,0.0,0.0
2025-07-30 00:00:00+09:00,129722.29632675438,131826.93535270466,129626.63091648392,130870.28125,9957,3090.0,0.0
2025-07-31 00:00:00+09:00,130870.27612554905,131444.2685646962,130200.61827987738,130678.9453125,3930,0.0,0.0
2025-08-01 00:00:00+09:00,130296.28985342315,131731.27101920976,129722.29738710851,131348.609375,3502,0.0,0.0
2025-08-04 00:00:00+09:00,131252.9256818182,131922.5834659091,130870.26409090908,131539.921875,2534,0.0,0.0
2025-08-05 00:00:00+09:00,131922.5948451048,132974.91431087427,131731.26403314667,132400.921875,3557,0.0,0.0
2025-08-06 00:00:00+09:00,132400.92404949784,133931.5705703013,132400.92404949784,133357.578125,3407,0.0,0.0
2025-08-07 00:00:00+09:00,133835.91435974516,134027.24518799354,132974.92563262742,133261.921875,3223,0.0,0.0
2025-08-08 00:00:00+09:00,133261.92081682276,133644.58247028096,132592.2629232709,132783.59375,3755,0.0,0.0
2025-08-12 00:00:00+09:00,133166.24352983467,133357.57433950398,132496.5856959921,133070.578125,2602,0.0,0.0
2025-08-13 00:00:00+09:00,133070.5689767421,134122.88835757904,132974.9035784842,133166.234375,4172,0.0,0.0
2025-08-14 00:00:00+09:00,132783.58675839886,134983.89114992853,132592.2559417441,133835.90625,4265,0.0,0.0
2025-08-15 00:00:00+09:00,133835.90625,134122.90247498214,133166.24839170836,133835.90625,2225,0.0,0.0
2025-08-18 00:00:00+09:00,133453.23549107142,134505.5549107143,133453.23549107142,133931.5625,2815,0.0,0.0
2025-08-19 00:00:00+09:00,133931.56847133758,135175.21875,133835.90306528663,135175.21875,2092,0.0,0.0
2025-08-20 00:00:00+09:00,134888.2262976695,136036.2112023305,134505.56466278248,135462.21875,3658,0.0,0.0
2025-08-21 00:00:00+09:00,135462.21875,136610.20365466102,135366.55334127825,135462.21875,3102,0.0,0.0
2025-08-22 00:00:00+09:00,135749.20959507042,136514.53283450706,135366.54797535212,135844.875,2897,0.0,0.0
2025-08-25 00:00:00+09:00,135844.8787772312,136227.5404075896,135270.88633169362,136131.875,2398,0.0,0.0
2025-08-26 00:00:00+09:00,135844.86964536516,136801.52365695225,135749.20424420646,136227.53125,3261,0.0,0.0
2025-08-27 00:00:00+09:00,136801.53716216216,138714.84537422037,136418.87551975052,138045.1875,5615,0.0,0.0
2025-08-28 00:00:00+09:00,137949.51612762237,137949.51612762237,136131.87340472027,136801.53125,9002,0.0,0.0
2025-08-29 00:00:00+09:00,136514.5366303584,136705.8674455376,135940.5441848208,136131.875,4672,0.0,0.0
2025-09-01 00:00:00+09:00,136323.20106907896,138332.17455851802,136131.87026056094,138140.84375,3550,0.0,0.0
2025-09-02 00:00:00+09:00,138140.8529106029,138714.84537422037,137758.19126819127,138045.1875,2705,0.0,0.0
2025-09-03 00:00:00+09:00,138045.1842502626,138332.1804753151,136323.20689994746,136610.203125,3596,0.0,0.0
2025-09-04 00:00:00+09:00,136610.20637376237,136705.87178438826,134505.56733999294,135270.890625,4665,0.0,0.0
2025-09-05 00:00:00+09:00,135270.88684886604,135653.54848068746,133931.57113749115,134983.890625,4281,0.0,0.0
2025-09-08 00:00:00+09:00,135270.88415605095,136227.5382165605,135079.55334394905,135175.21875,2504,0.0,0.0
2025-09-09 00:00:00+09:00,135175.21716549297,136131.87121478873,134983.88635563382,135844.875,2602,0.0,0.0
2025-09-10 00:00:00+09:00,134888.21563377808,136227.53125,134792.55023261937,136227.53125,1822,0.0,0.0
2025-09-11 00:00:00+09:00,136227.54524807827,136992.86853598882,135940.5490151118,136897.203125,2003,0.0,0.0
2025-09-12 00:00:00+09:00,135366.54810429606,139193.16430512423,135366.54810429606,138619.171875,6315,0.0,0.0
2025-09-16 00:00:00+09:00,137758.19130127298,137949.52212252477,134888.22898249645,135270.890625,5252,0.0,0.0
2025-09-17 00:00:00+09:00,136323.20106907896,138140.84375,135940.53945204295,138140.84375,6226,0.0,0.0
2025-09-18 00:00:00+09:00,138140.85183414465,138236.51724400208,137279.86314542766,137566.859375,3965,0.0,0.0
2025-09-19 00:00:00+09:00,137758.18149964963,138140.84311492642,135270.88100035037,136514.53125,11091,0.0,0.0
2025-09-22 00:00:00+09:00,136418.86205231742,137088.51986042838,135940.53504652387,136227.53125,3537,0.0,0.0
2025-09-24 00:00:00+09:00,136705.8674455376,136897.1982607168,135749.2133696416,136131.875,2977,0.0,0.0
2025-09-25 00:00:00+09:00,136227.5350385424,137088.5236729152,136131.8696347232,136514.53125,3242,0.0,0.0
2025-09-26 00:00:00+09:00,136992.86047320807,137471.1875,136801.5296624913,137471.1875,3493,0.0,0.0
2025-09-29 00:00:00+09:00,137566.86048002122,137566.86048002122,135270.890625,135270.890625,4692,0.0,0.0
2025-09-30 00:00:00+09:00,135844.8771853147,137279.85828234264,135270.8847465035,136801.53125,3477,0.0,0.0
2025-10-01 00:00:00+09:00,137279.8533645394,137279.8533645394,135557.87610979256,136036.203125,3173,0.0,0.0
2025-10-02 00:00:00+09:00,136323.1966511587,137853.84306969802,135462.20804073033,136227.53125,4985,0.0,0.0
2025-10-03 00:00:00+09:00,136705.87123071527,136897.20205119214,135749.217128331,136418.875,2968,0.0,0.0
2025-10-06 00:00:00+09:00,137662.51516195727,139193.1616126809,137375.51895244658,138810.5,3735,0.0,0.0
2025-10-07 00:00:00+09:00,139001.8372826274,139193.16809788224,138523.51024449038,138906.171875,3174,0.0,0.0
2025-10-08 00:00:00+09:00,138714.8442932893,139193.17134257648,137566.859375,137566.859375,2871,0.0,0.0
2025-10-09 00:00:00+09:00,137566.84911087865,137758.17991631798,136418.8642782427,137184.1875,3002,0.0,0.0
2025-10-10 00:00:00+09:00,137088.53394697764,137279.86476895527,136323.2106590671,136897.203125,2131,0.0,0.0
2025-10-14 00:00:00+09:00,136323.19776723234,137184.18638470958,135557.874551697,136705.859375,3811,0.0,0.0
2025-10-15 00:00:00+09:00,136227.54524807827,137471.1955909329,136227.54524807827,136897.203125,3522,0.0,0.0
2025-10-16 00:00:00+09:00,137279.85401103197,137949.51183547603,136897.19239706392,137662.515625,1959,0.0,0.0
2025-10-17 00:00:00+09:00,137758.182132964,138332.17455851802,136992.85889889198,138140.84375,2886,0.0,0.0
2025-10-20 00:00:00+09:00,138427.839962777,138810.50157981302,137471.18592018698,138140.84375,2780,0.0,0.0
2025-10-21 00:00:00+09:00,138523.51668960773,139001.84375,138045.18962921543,139001.84375,2785,0.0,0.0
2025-10-22 00:00:00+09:00,139288.83459162663,139767.1616334935,138906.17295813316,139384.5,3183,0.0,0.0
2025-10-23 00:00:00+09:00,139384.4877505095,141297.79574983017,139001.8261506454,140819.46875,3328,0.0,0.0
2025-10-24 00:00:00+09:00,140915.1357081911,141489.12811433448,140149.8125,140149.8125,3866,0.0,0.0
2025-10-27 00:00:00+09:00,140436.81203547298,141584.796875,140436.81203547298,141584.796875,3330,0.0,0.0
2025-10-28 00:00:00+09:00,141584.81309604904,141584.81309604904,140149.83188223772,140436.828125,3097,0.0,0.0
2025-10-29 00:00:00+09:00,141010.81954887218,141010.81954887218,138906.18045112782,139958.5,2863,0.0,0.0
2025-10-30 00:00:00+09:00,139862.82543545082,140723.81410092214,139097.5021772541,140054.15625,5049,0.0,0.0
2025-10-31 00:00:00+09:00,140245.47409370725,141297.79347640218,139862.8125,139862.8125,4687,0.0,0.0
2025-11-04 00:00:00+09:00,140341.1492938092,141489.13415510824,139862.82226826792,141393.46875,3266,0.0,0.0
2025-11-05 00:00:00+09:00,140819.4709851552,141776.125,139671.4861673414,141776.125,4366,0.0,0.0
2025-11-06 00:00:00+09:00,141871.80226293104,141967.4676724138,141010.8135775862,141489.140625,2906,0.0,0.0
2025-11-07 00:00:00+09:00,141776.1368534483,142445.7947198276,141489.140625,141489.140625,3006,0.0,0.0
2025-11-10 00:00:00+09:00,142254.46119598244,143019.78445729238,141680.46875,141680.46875,3857,0.0,0.0
2025-11-11 00:00:00+09:00,142158.7872748499,143402.4375,142158.7872748499,143402.4375,2826,0.0,0.0
2025-11-12 00:00:00+09:00,143498.11583944038,145028.7624083944,143306.78501832113,143593.78125,3216,0.0,0.0
2025-11-13 00:00:00+09:00,143689.44179085732,144263.43423476222,142732.7877176825,142828.453125,2001,0.0,0.0
2025-11-14 00:00:00+09:00,143402.44176803692,144167.76500629194,142541.453125,142541.453125,2355,0.0,0.0
2025-11-17 00:00:00+09:00,142637.1164885686,144359.09375,142541.45108515574,144359.09375,2892,0.0,0.0
2025-11-18 00:00:00+09:00,143498.10927940177,143689.4400917743,140723.8125,140723.8125,3049,0.0,0.0
2025-11-19 00:00:00+09:00,141202.1514390327,141202.1514390327,139958.50105372956,140436.828125,2756,0.0,0.0
2025-11-20 00:00:00+09:00,141106.4649498981,142254.44974949048,140819.46875,140819.46875,4546,0.0,0.0
2025-11-21 00:00:00+09:00,140819.4694425789,142445.78125,140723.80404214238,142445.78125,3797,0.0,0.0
2025-11-25 00:00:00+09:00,142541.453125,143019.7801489094,141393.46826761746,142541.453125,2495,0.0,0.0
2025-11-26 00:00:00+09:00,143019.77966877495,143689.4375,142445.78724201064,143689.4375,3006,0.0,0.0
2025-11-27 00:00:00+09:00,143689.44717555994,145220.09375,143402.45094285242,145220.09375,4333,0.0,0.0
2025-11-28 00:00:00+09:00,144933.09699783477,145220.09322951367,143593.78125,143593.78125,3490,0.0,0.0
2025-12-01 00:00:00+09:00,143880.76542372882,143880.76542372882,141106.46875,141106.46875,4479,0.0,0.0
2025-12-02 00:00:00+09:00,140915.14600706263,141010.81141507826,139767.16111087473,140532.484375,3666,0.0,0.0
2025-12-03 00:00:00+09:00,140532.4805913199,140628.1459967599,139288.83032060027,140245.484375,2445,0.0,0.0
2025-12-04 00:00:00+09:00,139575.82972839187,140628.14921229339,138427.84483686296,138906.171875,3186,0.0,0.0
2025-12-05 00:00:00+09:00,138906.16968619972,139097.50049843968,137949.515625,137949.515625,3085,0.0,0.0
2025-12-08 00:00:00+09:00,137758.182132964,138427.839962777,137088.52430315097,138140.84375,3005,0.0,0.0
2025-12-09 00:00:00+09:00,137758.19126819127,138332.18373180873,136897.2025727651,138045.1875,2526,0.0,0.0
2025-12-10 00:00:00+09:00,138332.17408567996,140149.81676038806,137949.51246995194,139288.828125,2894,0.0,0.0
2025-12-11 00:00:00+09:00,139671.48862853204,140436.81185389386,137853.8459682977,138810.5,2172,0.0,0.0
2025-12-12 00:00:00+09:00,138906.1686988404,140532.4805913199,138906.1686988404,140245.484375,6688,0.0,0.0
2025-12-15 00:00:00+09:00,140341.15411549463,142158.796875,140054.15789030955,142158.796875,4483,0.0,0.0
2025-12-16 00:00:00+09:00,142158.7850486904,142732.7774513096,141680.45804650773,142445.78125,5439,0.0,0.0
2025-12-17 00:00:00+09:00,141871.8033397911,142541.46121125337,141680.47251937332,141967.46875,2414,0.0,0.0
2025-12-18 00:00:00+09:00,142637.11205087308,143785.0968561115,141871.78884738078,142445.78125,3623,0.0,0.0
2025-12-19 00:00:00+09:00,142924.11474412752,143402.44176803692,142445.78772021813,142541.453125,2692,0.0,0.0
2025-12-22 00:00:00+09:00,143019.77680084747,143498.1038135593,141010.80334745764,141106.46875,2287,0.0,0.0
2025-12-23 00:00:00+09:00,141776.13524141992,142158.796875,141202.1427910498,142158.796875,2272,0.0,0.0
2025-12-24 00:00:00+09:00,142350.1298462567,143211.1185348429,141871.80279704212,143115.453125,1951,0.0,0.0
2025-12-25 00:00:00+09:00,144167.75266818935,144741.74504775746,143115.43330564784,143976.421875,2856,0.0,0.0
2025-12-26 00:00:00+09:00,143498.11476437165,144072.10722342914,142063.13361672795,143115.453125,4166,0.0,0.0
2025-12-29 00:00:00+09:00,143880.77748167887,143880.77748167887,142732.79255496335,143593.78125,2457,0.0,0.0
2025-12-30 00:00:00+09:00,143593.77257760067,144359.0958158557,142541.453125,142541.453125,2458,0.0,0.0
2026-01-05 00:00:00+09:00,143498.10558617234,143976.4326047929,141871.79372286238,143211.109375,3468,0.0,0.0
2026-01-06 00:00:00+09:00,143019.78234375,143593.77478125,142541.45531249998,143498.109375,2083,0.0,0.0
2026-01-07 00:00:00+09:00,143115.44725529102,144741.7591559193,142637.12022569444,144646.09375,3794,0.0,0.0
2026-01-08 00:00:00+09:00,144741.76617671552,144933.09699783477,143498.11583944038,143593.78125,3297,0.0,0.0
2026-01-09 00:00:00+09:00,143976.4310276762,144646.08884640958,143115.44240359042,143880.765625,2969,0.0,0.0
2026-01-13 00:00:00+09:00,143593.76941697142,144072.0964303524,142732.78079288563,143880.765625,4199,0.0,0.0
2026-01-14 00:00:00+09:00,143498.1120660881,143976.43910630842,143211.11584195594,143306.78125,3305,0.0,0.0
2026-01-15 00:00:00+09:00,143306.78125,143689.44288217623,142924.11961782377,143306.78125,4407,0.0,0.0
2026-01-16 00:00:00+09:00,143498.10778865297,144454.7618405773,143211.11157307564,144167.765625,3789,0.0,0.0
2026-01-19 00:00:00+09:00,144646.0931438127,144741.7585493311,142924.11584448162,143019.78125,2703,0.0,0.0
2026-01-20 00:00:00+09:00,143689.44179085732,144359.0996420797,142828.453125,142828.453125,5553,0.0,0.0
2026-01-21 00:00:00+09:00,142541.46012931035,142828.45635775864,140723.81734913794,141489.140625,6819,0.0,0.0
2026-01-22 00:00:00+09:00,141489.140625,142732.79094827586,141297.8098060345,141489.140625,4904,0.0,0.0
2026-01-23 00:00:00+09:00,142254.4601012026,142541.4563219851,141106.4752180725,141202.140625,3941,0.0,0.0
2026-01-26 00:00:00+09:00,140628.1356874145,140723.80108584132,139671.4817031464,139862.8125,5079,0.0,0.0
2026-01-27 00:00:00+09:00,140341.16059027778,140341.16059027778,139097.51022376545,139480.171875,5190,0.0,0.0
2026-01-28 00:00:00+09:00,138714.8426899593,141106.4779087517,138714.8426899593,141010.8125,9749,0.0,0.0
2026-01-29 00:00:00+09:00,140326.76470588235,142867.5,139447.2794117647,142867.5,7736,3100.0,0.0
2026-01-30 00:00:00+09:00,143551.54690728307,143551.54690728307,141792.5762848657,141890.296875,6946,0.0,0.0
2026-02-02 00:00:00+09:00,142476.62226481736,143160.66640463474,141792.578125,141792.578125,4174,0.0,0.0
2026-02-03 00:00:00+09:00,142672.04967620995,143649.25549591,141988.0056024199,143356.09375,4249,0.0,0.0
2026-02-04 00:00:00+09:00,143649.2665341678,144919.63419739512,142769.78122885656,144431.03125,3820,0.0,0.0
2026-02-05 00:00:00+09:00,145212.7959658322,145408.23714479027,143942.42830260488,144431.03125,3898,0.0,0.0
2026-02-06 00:00:00+09:00,144528.74814166097,144919.6304895762,142965.21875,142965.21875,3523,0.0,0.0
2026-02-09 00:00:00+09:00,143649.2582895183,144821.90529596337,143062.93478629578,144040.140625,3301,0.0,0.0
2026-02-10 00:00:00+09:00,144626.46325016857,145505.94849966283,144235.58091706,144919.625,3954,0.0,0.0
2026-02-12 00:00:00+09:00,145017.35294117648,145017.35294117648,144137.86764705883,144528.75,4405,0.0,0.0
2026-02-13 00:00:00+09:00,144626.47618231666,144626.47618231666,142281.18197395478,142574.34375,4534,0.0,0.0
2026-02-16 00:00:00+09:00,143356.09375,143453.81433197,141792.5644384799,143356.09375,4555,0.0,0.0
2026-02-17 00:00:00+09:00,143160.66360797398,143258.38419746747,142183.457713039,142769.78125,2734,0.0,0.0
2026-02-18 00:00:00+09:00,142672.06339407357,143746.98989909742,142281.18102861036,143453.828125,2769,0.0,0.0
2026-02-19 00:00:00+09:00,143551.546875,143746.98805522465,142672.0615639891,143551.546875,2344,0.0,0.0
2026-02-20 00:00:00+09:00,141206.24908657154,142965.21966342846,141206.24908657154,142085.734375,5331,0.0,0.0
2026-02-24 00:00:00+09:00,142085.73802331518,144040.1498255616,141890.29684309053,143551.546875,4968,0.0,0.0
2026-02-25 00:00:00+09:00,144528.75274436406,145212.796875,143551.54684345558,145212.796875,4586,0.0,0.0
2026-02-26 00:00:00+09:00,145799.12131860777,146580.8860441767,144919.6360023427,145994.5625,4555,0.0,0.0
2026-02-27 00:00:00+09:00,145994.55975765307,145994.55975765307,143649.265625,143649.265625,5207,0.0,0.0
2026-03-02 00:00:00+09:00,143258.37960682745,144137.86488408627,142378.8943295686,143844.703125,3215,0.0,0.0
2026-03-03 00:00:00+09:00,142867.50277634297,143258.38513688018,141303.97333419422,141890.296875,4845,0.0,0.0
2026-03-04 00:00:00+09:00,141303.97522228034,141988.01936236053,139838.1663506799,140131.328125,6603,0.0,0.0
2026-03-05 00:00:00+09:00,141303.97333419422,142574.34100594008,141206.25274405992,141890.296875,3400,0.0,0.0
2026-03-06 00:00:00+09:00,141401.68933696405,142281.17461964037,140913.08640214385,141303.96875,4889,0.0,0.0
2026-03-09 00:00:00+09:00,139838.15902077538,141597.12957449583,139251.83550286858,140522.203125,5960,0.0,0.0
2026-03-10 00:00:00+09:00,141597.12772541694,141694.84831045865,140522.2012899583,140619.921875,7782,0.0,0.0
2026-03-11 00:00:00+09:00,141499.40354938273,143062.93287037036,140522.19772376542,142476.609375,4612,0.0,0.0
2026-03-12 00:00:00+09:00,142476.61209426794,142574.33267869474,140522.20040573203,141499.40625,4379,0.0,0.0
2026-03-13 00:00:00+09:00,140717.64705882352,141694.85294117648,139545.0,139545.0,6492,0.0,0.0
2026-03-16 00:00:00+09:00,139545.00546116504,141303.97611823856,139154.1230929265,140913.09375,4305,0.0,0.0
2026-03-17 00:00:00+09:00,141206.24084051725,141890.28491379312,141108.5202586207,141694.84375,3946,0.0,0.0
2026-03-18 00:00:00+09:00,141694.84646267362,142085.72879774307,139544.99361979167,140717.640625,4322,0.0,0.0
2026-03-19 00:00:00+09:00,140033.59363965396,140033.59363965396,138079.18200476695,138372.34375,6008,0.0,0.0
2026-03-23 00:00:00+09:00,136808.8169642857,137199.6992984694,133779.47887436225,134072.640625,5439,0.0,0.0
2026-03-24 00:00:00+09:00,136124.7858967981,137297.43301148698,135049.859375,135049.859375,8497,0.0,0.0
2026-03-25 00:00:00+09:00,136515.66818933166,137199.71233917083,135929.34463232665,136711.109375,5174,0.0,0.0
2026-03-26 00:00:00+09:00,136711.0945124727,136711.0945124727,133193.15355289512,134170.359375,5587,0.0,0.0
2026-03-27 00:00:00+09:00,134952.12587691328,134952.12587691328,133486.3171237245,134072.640625,3956,0.0,0.0
2026-03-30 00:00:00+09:00,132411.39565528737,132411.39565528737,130066.1015625,130066.1015625,6057,0.0,0.0
2026-03-31 00:00:00+09:00,129968.38004298942,130652.42414847884,129284.3359375,129284.3359375,6551,0.0,0.0
2026-04-01 00:00:00+09:00,130945.59280022238,132118.23989992586,130847.87220858042,131825.078125,5662,0.0,0.0
2026-04-02 00:00:00+09:00,132509.11532182837,133388.60060051308,130847.86535097948,130945.5859375,4846,0.0,0.0
2026-04-03 00:00:00+09:00,130945.58914692819,132215.95680283124,130750.14796909696,132020.515625,1837,0.0,0.0
2026-04-06 00:00:00+09:00,132020.5064643252,133290.87403207965,131825.0653000553,132509.109375,2228,0.0,0.0
2026-04-07 00:00:00+09:00,132606.84375,134072.65263448784,132606.84375,132606.84375,2101,0.0,0.0
2026-04-08 00:00:00+09:00,133974.92738041517,135440.73621389893,133681.76561371842,135343.015625,5064,0.0,0.0
2026-04-09 00:00:00+09:00,135343.00821109695,135831.61112882654,133877.19945790817,134072.640625,4712,0.0,0.0
2026-04-10 00:00:00+09:00,134561.25463259517,134561.25463259517,132802.28398380306,133486.328125,3514,0.0,0.0
2026-04-13 00:00:00+09:00,132802.27384379643,133388.59734862554,130847.86216103268,131531.90625,4284,0.0,0.0
2026-04-14 00:00:00+09:00,132802.27112140486,132802.27112140486,132020.5064643252,132509.109375,2771,0.0,0.0
2026-04-15 00:00:00+09:00,132997.72242917586,133388.60478752758,132606.84007082414,132802.28125,3290,0.0,0.0
2026-04-16 00:00:00+09:00,132704.5625,133193.1654547128,131629.6359996318,132704.5625,3268,0.0,0.0
2026-04-17 00:00:00+09:00,132704.55790033285,133290.8814256657,131825.07261233358,132118.234375,2620,0.0,0.0
2026-04-20 00:00:00+09:00,132118.2334680382,132997.71875,132118.2334680382,132997.71875,2068,0.0,0.0
2026-04-21 00:00:00+09:00,133095.4365537297,133095.4365537297,132020.51012047636,132313.671875,2355,0.0,0.0
2026-04-22 00:00:00+09:00,132313.6722944631,132411.39287961408,130847.86351719798,131043.3046875,3547,0.0,0.0
2026-04-23 00:00:00+09:00,130847.8658156622,131629.63051060267,130456.98346819196,131336.46875,3117,0.0,0.0
2026-04-24 00:00:00+09:00,131531.91451388889,132411.3998263889,131434.1939236111,131922.796875,2602,0.0,0.0
2026-04-27 00:00:00+09:00,132020.5064643252,132704.5505392699,131629.6241357854,132509.109375,2789,0.0,0.0
2026-04-28 00:00:00+09:00,132509.11671348315,132509.11671348315,130359.2637874532,130456.984375,4081,0.0,0.0
2026-04-30 00:00:00+09:00,130261.53953580777,130652.421875,129772.9366118175,130652.421875,3749,0.0,0.0
2026-05-01 00:00:00+09:00,130652.42739177286,130652.42739177286,129675.22150252998,130359.265625,3166,0.0,0.0
2026-05-07 00:00:00+09:00,131141.02660633056,131336.46777862016,128893.453125,128893.453125,8783,0.0,0.0
2026-05-08 00:00:00+09:00,129479.78033646545,130066.10387006454,128502.57444713364,128698.015625,5365,0.0,0.0
2026-05-11 00:00:00+09:00,128698.00964689399,129284.33315325798,128502.568478106,128600.2890625,2762,0.0,0.0
2026-05-12 00:00:00+09:00,129088.89752118241,129186.6181097677,127720.8092809882,128307.1328125,2920,0.0,0.0
2026-05-13 00:00:00+09:00,127525.3671875,127916.24953903256,126939.04366020115,127525.3671875,3580,0.0,0.0
2026-05-14 00:00:00+09:00,127623.08777538314,128013.97012691571,127036.76424808429,127525.3671875,2626,0.0,0.0
2026-05-15 00:00:00+09:00,128111.68980094178,128893.45449843036,127818.52803938356,128404.8515625,3175,0.0,0.0
2026-05-18 00:00:00+09:00,128404.84782765589,128404.84782765589,125961.83321906274,126939.0390625,5118,0.0,0.0
2026-05-19 00:00:00+09:00,126939.0454910372,127916.25138396281,126548.16313386695,127427.6484375,5616,0.0,0.0
2026-05-20 00:00:00+09:00,128307.129098854,128404.84968461093,125961.8350406876,126841.3203125,5279,0.0,0.0
2026-05-21 00:00:00+09:00,126841.3203125,127232.20265552773,126352.71738371532,126841.3203125,5063,0.0,0.0
2026-05-22 00:00:00+09:00,126841.32168406805,126841.32168406805,125668.67464230472,126352.71875,5164,0.0,0.0
2026-05-25 00:00:00+09:00,125961.83457302937,127036.76101236476,125766.39340224111,126450.4375,3842,0.0,0.0
2026-05-26 00:00:00+09:00,126059.56066034082,126743.60478795508,125473.23712238575,126157.28125,4589,0.0,0.0
2026-05-27 00:00:00+09:00,127036.76655693262,127036.76655693262,125375.51653272657,126157.28125,5600,0.0,0.0
2026-05-28 00:00:00+09:00,125473.23529411764,126255.0,125082.35294117646,126255.0,4353,0.0,0.0
2026-05-29 00:00:00+09:00,126352.7228824807,127916.25232263513,125864.11993243243,126548.1640625,4468,0.0,0.0
2026-06-01 00:00:00+09:00,126645.8828186083,126645.8828186083,124886.9122239054,124984.6328125,4067,0.0,0.0
2026-06-02 00:00:00+09:00,124593.74766558765,124593.74766558765,121857.57124626494,122639.3359375,5910,0.0,0.0
2026-06-03 00:00:00+09:00,122639.33914642574,124105.14798084518,122346.17737954187,123714.265625,3656,0.0,0.0
2026-06-04 00:00:00+09:00,123714.263775,124007.4255375,121662.13143750001,122150.734375,3961,0.0,0.0
2026-06-05 00:00:00+09:00,122150.73253896882,123323.37957134293,121857.5707808753,122248.453125,4771,0.0,0.0
2026-06-08 00:00:00+09:00,121662.13462158009,123225.6640625,120978.09049117763,123225.6640625,2853,0.0,0.0
2026-06-09 00:00:00+09:00,123616.54411764705,123714.26470588235,121759.85294117646,122932.5,2792,0.0,0.0
2026-06-10 00:00:00+09:00,123030.21831392491,124300.5859375,122541.61538178065,124300.5859375,2218,0.0,0.0
2026-06-11 00:00:00+09:00,123323.37960863565,124886.90898560727,122932.49726439275,123909.703125,3247,0.0,0.0
2026-06-12 00:00:00+09:00,124496.03170236698,125473.23760269953,123323.38462196791,124886.9140625,6884,0.0,0.0
2026-06-15 00:00:00+09:00,125375.5160802739,126255.00138403263,124789.19254443473,125766.3984375,3627,0.0,0.0
2026-06-16 00:00:00+09:00,125082.34968354431,125082.34968354431,122737.05562697785,123518.8203125,3624,0.0,0.0
2026-06-17 00:00:00+09:00,123518.82583267248,123616.54642272997,122737.06111221253,123225.6640625,2354,0.0,0.0
2026-06-18 00:00:00+09:00,122834.77527244228,123225.65761221138,121955.29000796178,122737.0546875,3660,0.0,0.0
2026-06-19 00:00:00+09:00,122737.0560922713,123909.703125,122346.17374802839,123909.703125,4641,0.0,0.0
2026-06-22 00:00:00+09:00,123909.70773667462,123909.70773667462,122443.89889120923,122834.78125,1731,0.0,0.0
2026-06-23 00:00:00+09:00,122834.77986950277,123616.54457829833,122346.17692650555,123323.3828125,3303,0.0,0.0
2026-06-24 00:00:00+09:00,123616.54549089567,124105.1484375,123225.66313361221,124105.1484375,2365,0.0,0.0
2026-06-25 00:00:00+09:00,124202.86535107114,125375.51238821736,123518.82124606917,124300.5859375,3186,0.0,0.0
2026-06-26 00:00:00+09:00,124789.19254443473,126059.56020541958,124105.14841928905,125766.3984375,3464,0.0,0.0
2026-06-29 00:00:00+09:00,126059.56111245173,127036.76701254825,125473.23757239382,126548.1640625,4814,0.0,0.0
2026-06-30 00:00:00+09:00,126548.15713695568,127329.92181424961,125668.671875,125668.671875,3267,0.0,0.0
2026-07-01 00:00:00+09:00,126059.56022391733,126352.72199187992,124105.1484375,124105.1484375,3132,0.0,0.0
2026-07-02 00:00:00+09:00,125570.95725888695,126645.88374125875,125082.3543123543,125766.3984375,3661,0.0,0.0
2026-07-03 00:00:00+09:00,125570.95679086538,127427.64798076924,125570.95679086538,127036.765625,3389,0.0,0.0
2026-07-06 00:00:00+09:00,127232.20725891489,128404.85433042562,126743.60431245208,127427.6484375,3224,0.0,0.0
2026-07-07 00:00:00+09:00,128600.29596712538,129479.78127389144,127818.53125,127818.53125,3418,0.0,0.0
2026-07-08 00:00:00+09:00,127818.53079467025,128502.57491971819,127427.6484375,127427.6484375,2643,0.0,0.0
2026-07-09 00:00:00+09:00,127818.53033653846,127916.25092548077,127036.765625,127036.765625,2568,0.0,0.0
2026-07-10 00:00:00+09:00,127036.76701254825,127329.92878257722,126548.1640625,126548.1640625,2285,0.0,0.0
2026-07-13 00:00:00+09:00,126645.87914098613,127427.6438270416,126352.71738371532,126841.3203125,3000,0.0,0.0
2026-07-14 00:00:00+09:00,127623.08457284517,128795.73159801679,126939.04047482838,128111.6875,2375,0.0,0.0
2026-07-15 00:00:00+09:00,128698.01378746206,129577.4990753035,128404.85202484825,128795.734375,5482,0.0,0.0
2026-07-16 00:00:00+09:00,128991.17600574713,129186.61718151341,127329.92601173371,127525.3671875,4365,0.0,0.0
2026-07-17 00:00:00+09:00,128307.13097531392,129479.77802154681,127916.24862656964,128404.8515625,3290,0.0,0.0
2026-07-21 00:00:00+09:00,129675.2159682765,130554.70123106061,128404.84836647726,128991.171875,4472,0.0,0.0
2026-07-22 00:00:00+09:00,128991.17140007598,129088.89198446998,127427.64204977202,128600.2890625,5303,0.0,0.0
2026-07-23 00:00:00+09:00,128502.57168416031,129870.65989980916,127329.92464217558,128013.96875,6139,0.0,0.0
2026-07-24 00:00:00+09:00,128013.96602746211,129186.61304450757,127134.48076467802,128991.171875,5456,0.0,0.0
2026-07-27 00:00:00+09:00,129479.78122671387,131141.03125,129479.78122671387,131141.03125,3945,0.0,0.0
2026-07-28 00:00:00+09:00,131336.4705882353,132313.67647058822,130359.26470588235,131238.75,5551,0.0,0.0
2026-07-29 00:00:00+09:00,131336.4705882353,133584.04411764705,131336.4705882353,132900.0,11867,0.0,0.0
2026-07-30 00:00:00+09:00,132900.0,133300.0,131800.0,133300.0,6830,3100.0,0.0
2026-07-31 00:00:00+09:00,134300.0,134400.0,130100.0,130100.0,5030,0.0,0.0
2026-08-03 00:00:00+09:00,130000.0,130100.0,128100.0,128100.0,4421,0.0,0.0
2026-08-04 00:00:00+09:00,128200.0,128500.0,126800.0,126800.0,3657,0.0,0.0
2026-08-05 00:00:00+09:00,127900.0,127900.0,125900.0,126900.0,3702,0.0,0.0
2026-08-06 00:00:00+09:00,126100.0,127100.0,125800.0,126900.0,2915,0.0,0.0
2026-08-07 00:00:00+09:00,127000.0,127900.0,126400.0,127100.0,2326,0.0,0.0
2026-08-10 00:00:00+09:00,127600.0,127600.0,126500.0,127100.0,2885,0.0,0.0
2026-08-12 00:00:00+09:00,127500.0,128200.0,127100.0,128200.0,2429,0.0,0.0
2026-08-13 00:00:00+09:00,128000.0,128600.0,127200.0,127200.0,2699,0.0,0.0
2026-08-14 00:00:00+09:00,127100.0,127200.0,126400.0,126600.0,2400,0.0,0.0
2026-08-17 00:00:00+09:00,127100.0,127700.0,126800.0,127400.0,3367,0.0,0.0
2026-08-18 00:00:00+09:00,127400.0,127400.0,125700.0,126900.0,3176,0.0,0.0
2026-08-19 00:00:00+09:00,126200.0,127200.0,126000.0,126500.0,2918,0.0,0.0
2026-08-20 00:00:00+09:00,128000.0,128700.0,127500.0,128700.0,4187,0.0,0.0
2026-08-21 00:00:00+09:00,128800.0,129100.0,128200.0,128400.0,3667,0.0,0.0
2026-08-24 00:00:00+09:00,129000.0,129300.0,128500.0,128800.0,3154,0.0,0.0
2026-08-25 00:00:00+09:00,129200.0,130000.0,128900.0,129300.0,2533,0.0,0.0
2026-08-26 00:00:00+09:00,129900.0,130200.0,129500.0,129500.0,2311,0.0,0.0
2026-08-27 00:00:00+09:00,129400.0,130200.0,129300.0,129900.0,4136,0.0,0.0
2026-08-28 00:00:00+09:00,129800.0,130000.0,128100.0,128100.0,3744,0.0,0.0
2026-08-31 00:00:00+09:00,128100.0,128700.0,127500.0,128500.0,4286,0.0,0.0
2026-09-01 00:00:00+09:00,128000.0,128500.0,127200.0,128000.0,3684,0.0,0.0
2026-09-02 00:00:00+09:00,127200.0,128100.0,126500.0,127200.0,5037,0.0,0.0
2026-09-03 00:00:00+09:00,127500.0,127900.0,127100.0,127200.0,3622,0.0,0.0
2026-09-04 00:00:00+09:00,127200.0,127500.0,126600.0,126600.0,3218,0.0,0.0
2026-09-07 00:00:00+09:00,126600.0,126700.0,125800.0,126000.0,3423,0.0,0.0
2026-09-08 00:00:00+09:00,126000.0,126300.0,124800.0,124800.0,5142,0.0,0.0
2026-09-09 00:00:00+09:00,124700.0,125900.0,124500.0,125900.0,4749,0.0,0.0
2026-09-10 00:00:00+09:00,124900.0,125900.0,124900.0,125900.0,2696,0.0,0.0
2026-09-11 00:00:00+09:00,126900.0,127000.0,124100.0,125000.0,8302,0.0,0.0
2026-09-14 00:00:00+09:00,124200.0,125400.0,124200.0,124700.0,3610,0.0,0.0
2026-09-15 00:00:00+09:00,124200.0,124600.0,122600.0,124100.0,6909,0.0,0.0
2026-09-16 00:00:00+09:00,124000.0,124700.0,123600.0,124000.0,4085,0.0,0.0
2026-09-17 00:00:00+09:00,124000.0,124100.0,122700.0,123000.0,4510,0.0,0.0
2026-09-18 00:00:00+09:00,123000.0,123100.0,121300.0,121300.0,27615,0.0,0.0
2026-09-24 00:00:00+09:00,121800.0,123000.0,121500.0,123000.0,7704,0.0,0.0
2026-09-25 00:00:00+09:00,122800.0,123200.0,121400.0,121700.0,5745,0.0,0.0
2026-09-28 00:00:00+09:00,121700.0,122000.0,121300.0,121800.0,4220,0.0,0.0
2026-09-29 00:00:00+09:00,121100.0,121200.0,120400.0,120700.0,5244,0.0,0.0
2026-09-30 00:00:00+09:00,120400.0,121100.0,120200.0,120700.0,3994,0.0,0.0
2026-10-01 00:00:00+09:00,120600.0,120900.0,119700.0,120400.0,5570,0.0,0.0
2026-10-02 00:00:00+09:00,120000.0,120100.0,118700.0,118700.0,2352,0.0,0.0
