Date,Open,High,Low,Close,Volume,Dividends,Stock Splits
2021-09-30 00:00:00+09:00,159047.23137641835,161473.64091021213,158577.60372471632,158655.875,5370,0.0,0.0
2021-10-01 00:00:00+09:00,158655.8759457655,160143.03018502035,153803.05684924976,153881.328125,7466,0.0,0.0
2021-10-04 00:00:00+09:00,156151.18843860424,157560.0713418097,154037.86408379607,155055.390625,4813,0.0,0.0
2021-10-05 00:00:00+09:00,155290.19748110833,156933.89412783377,150437.37880982368,155368.46875,7481,0.0,0.0
2021-10-06 00:00:00+09:00,157873.17321716735,158734.1573051142,154429.23686537985,157638.359375,7202,0.0,0.0
2021-10-07 00:00:00+09:00,156777.3851969603,158499.35348169974,155838.1297689206,157716.640625,5080,0.0,0.0
2021-10-08 00:00:00+09:00,155446.76399772498,157325.27474089988,154820.59375,154820.59375,5518,0.0,0.0
2021-10-11 00:00:00+09:00,155838.1423274254,157481.83945895525,154429.25907182836,157325.296875,3701,0.0,0.0
2021-10-12 00:00:00+09:00,158577.62340498017,158734.1659749752,156620.8412800421,157951.453125,2056,0.0,0.0
2021-10-13 00:00:00+09:00,158734.12591463415,160690.90754573172,158264.49832317073,160456.09375,4555,0.0,0.0
2021-10-14 00:00:00+09:00,159203.76863658655,160612.65154487494,157716.6144556155,159595.125,4994,0.0,0.0
2021-10-15 00:00:00+09:00,159908.2145070043,163743.5069743774,159516.85813278257,163430.421875,4226,0.0,0.0
2021-10-18 00:00:00+09:00,162725.97255608975,165074.11068821224,160612.6482371795,164839.296875,5453,0.0,0.0
2021-10-19 00:00:00+09:00,164682.75393794748,165230.65283412888,162569.42962410502,163978.3125,5650,0.0,0.0
2021-10-20 00:00:00+09:00,162804.27239709444,163508.7139603511,161630.203125,161630.203125,4109,0.0,0.0
2021-10-21 00:00:00+09:00,161630.18818933822,161630.18818933822,159673.40625,159673.40625,4156,0.0,0.0
2021-10-22 00:00:00+09:00,159908.1948932927,161317.07766768293,158968.93971036587,160456.09375,3966,0.0,0.0
2021-10-25 00:00:00+09:00,161317.09205278862,162256.3473194715,160299.56551388215,160690.921875,2944,0.0,0.0
2021-10-26 00:00:00+09:00,159986.47439427313,161238.81470264317,159438.57550936122,159908.203125,2417,0.0,0.0
2021-10-27 00:00:00+09:00,160456.11273293803,161864.99567400775,160221.2989094264,161708.453125,3215,0.0,0.0
2021-10-28 00:00:00+09:00,164213.14569277107,164213.14569277107,161004.0232078313,162412.90625,2954,0.0,0.0
2021-10-29 00:00:00+09:00,163821.7638938849,164213.12023381295,162099.79599820144,163195.59375,3559,0.0,0.0
2021-11-01 00:00:00+09:00,164213.15194119752,165074.13605528386,163117.35397781487,164056.609375,2559,0.0,0.0
2021-11-02 00:00:00+09:00,164056.5977479636,164369.68285816963,162725.98602958792,163352.15625,2222,0.0,0.0
2021-11-04 00:00:00+09:00,164369.6891306926,165152.40193607684,163273.89120315464,164995.859375,2008,0.0,0.0
2021-11-05 00:00:00+09:00,165152.41894299287,165387.2328087886,163821.8070368171,164761.0625,1988,0.0,0.0
2021-11-08 00:00:00+09:00,163586.96046435385,165308.92846924177,162647.70518896042,164134.859375,2955,0.0,0.0
2021-11-09 00:00:00+09:00,163039.08785576458,164134.88585383503,161630.20471538833,162256.375,2815,0.0,0.0
2021-11-10 00:00:00+09:00,161708.4504856419,162960.79085726352,161082.2802998311,162178.078125,2617,0.0,0.0
2021-11-11 00:00:00+09:00,162256.33853417268,163508.67882194245,161943.25346223023,163195.59375,1760,0.0,0.0
2021-11-12 00:00:00+09:00,162804.27103481625,163978.34029708657,161786.74434084864,161865.015625,1881,0.0,0.0
2021-11-15 00:00:00+09:00,161473.63366291727,163039.0590983309,161082.27730406387,161786.71875,1706,0.0,0.0
2021-11-16 00:00:00+09:00,162099.82009185018,163665.24568423888,161786.73497337243,163508.703125,1436,0.0,0.0
2021-11-17 00:00:00+09:00,162804.2626506024,163430.43289156625,162412.90625,162412.90625,2505,0.0,0.0
2021-11-18 00:00:00+09:00,162804.24642857144,165308.92714285714,162804.24642857144,164369.671875,3347,0.0,0.0
2021-11-19 00:00:00+09:00,163586.98302376972,164056.6107262303,162569.45633510512,163821.796875,2530,0.0,0.0
2021-11-22 00:00:00+09:00,164056.57769784174,164761.01910971224,163195.59375,163195.59375,1832,0.0,0.0
2021-11-24 00:00:00+09:00,161943.2560575998,163195.5963654401,161160.5433651996,162725.96875,2439,0.0,0.0
2021-11-25 00:00:00+09:00,163821.77035108025,165935.0946699905,163039.05764037275,164839.296875,1972,0.0,0.0
2021-11-26 00:00:00+09:00,164839.30384752617,165074.1176706708,159986.4848358706,164526.21875,3762,0.0,0.0
2021-11-29 00:00:00+09:00,163665.24568423888,165387.21383586645,160690.93705870034,163508.703125,5023,0.0,0.0
2021-11-30 00:00:00+09:00,164213.14586415188,167343.99707223865,158734.15625,158734.15625,10411,0.0,0.0
2021-12-01 00:00:00+09:00,161317.11099867086,164761.04738098115,160456.1269030933,161943.28125,6796,0.0,0.0
2021-12-02 00:00:00+09:00,162334.61157024794,164682.74963539134,161004.0,161004.0,6668,0.0,0.0
2021-12-03 00:00:00+09:00,161708.48915694907,164839.34083472154,161708.48915694907,164447.984375,5550,0.0,0.0
2021-12-06 00:00:00+09:00,164682.73678467507,164682.73678467507,160377.81733450532,161395.34375,4279,0.0,0.0
2021-12-07 00:00:00+09:00,161238.82547797676,162804.2509680542,160534.3840074419,161708.453125,1868,0.0,0.0
2021-12-08 00:00:00+09:00,162334.62306731683,164917.57512190772,161943.26669540914,164526.21875,4882,0.0,0.0
2021-12-09 00:00:00+09:00,164526.21424391386,167657.06513342698,163665.23024929775,167187.4375,7187,0.0,0.0
2021-12-10 00:00:00+09:00,170474.8458139535,171022.74476744185,166248.19674418605,168283.25,9225,0.0,0.0
2021-12-13 00:00:00+09:00,168439.7912215513,170240.03062587086,168048.43482930792,168518.0625,3426,0.0,0.0
2021-12-14 00:00:00+09:00,169144.21875,169222.49002198054,167030.89440652475,169144.21875,4077,0.0,0.0
2021-12-15 00:00:00+09:00,168831.1472995448,168831.1472995448,166248.1951155462,167657.078125,2476,0.0,0.0
2021-12-16 00:00:00+09:00,167813.63226406323,169300.78665446304,167422.27584553696,168361.53125,2855,0.0,0.0
2021-12-17 00:00:00+09:00,166796.11096014493,173214.35643115942,166483.0258152174,172823.0,9747,0.0,0.0
2021-12-20 00:00:00+09:00,171492.3771237864,172196.8186546463,169065.96740638002,169300.78125,4092,0.0,0.0
2021-12-21 00:00:00+09:00,169535.57921214186,173136.05781036834,169222.4941166439,172118.53125,3351,0.0,0.0
2021-12-22 00:00:00+09:00,170709.6773210581,171805.4753414592,169613.879300657,169770.421875,2904,0.0,0.0
2021-12-23 00:00:00+09:00,169770.40224690083,171492.3703655877,169692.13096877869,170474.84375,960,0.0,0.0
2021-12-24 00:00:00+09:00,171414.0924247606,172588.1615509576,170866.193499202,171648.90625,1657,0.0,0.0
2021-12-27 00:00:00+09:00,171961.98398902104,172275.0690759378,170709.64364135408,171101.0,978,0.0,0.0
2021-12-28 00:00:00+09:00,172353.36555330636,173997.0625,171414.1101551957,173997.0625,2291,0.0,0.0
2021-12-29 00:00:00+09:00,173605.68581730768,175327.65384615384,171414.09014423075,172979.515625,2885,0.0,0.0
2021-12-30 00:00:00+09:00,173683.97306252812,174623.2284373593,173214.34537511255,173840.515625,1694,0.0,0.0
2022-01-04 00:00:00+09:00,179945.65490508112,181432.80907785037,172509.8840412348,173683.953125,4982,0.0,0.0
2022-01-05 00:00:00+09:00,174466.67416281754,174466.67416281754,169300.76994803693,169457.3125,4896,0.0,0.0
2022-01-06 00:00:00+09:00,169300.7612939611,170631.3729176307,168126.69221425266,169144.21875,5466,0.0,0.0
2022-01-07 00:00:00+09:00,169065.96113445377,170787.9292571195,166952.6366202731,167657.078125,4047,0.0,0.0
2022-01-11 00:00:00+09:00,167813.6088207095,168596.32154841803,162960.78990891657,163273.875,3562,0.0,0.0
2022-01-12 00:00:00+09:00,163039.07081677506,164917.5814742895,162178.08676541428,162491.171875,4691,0.0,0.0
2022-01-13 00:00:00+09:00,161395.37132985258,162099.81281480344,158812.4192183661,159282.046875,4611,0.0,0.0
2022-01-14 00:00:00+09:00,158812.4138046875,159516.855265625,156464.2756015625,156542.546875,6253,0.0,0.0
2022-01-17 00:00:00+09:00,156464.29474035042,157325.27885347893,153568.25726891824,154116.15625,4909,0.0,0.0
2022-01-18 00:00:00+09:00,153803.04384566328,154898.8416135204,152394.16100127553,153411.6875,3463,0.0,0.0
2022-01-19 00:00:00+09:00,153646.51282499998,153803.055375,146602.098075,146758.640625,7173,0.0,0.0
2022-01-20 00:00:00+09:00,146758.65770569182,147384.82797856946,141984.109375,141984.109375,12977,0.0,0.0
2022-01-21 00:00:00+09:00,141905.82351339757,149341.5947399683,139166.32885097677,148245.796875,10981,0.0,0.0
2022-01-24 00:00:00+09:00,145662.86836744833,150280.87440381557,145349.78321244038,147697.921875,8117,0.0,0.0
2022-01-25 00:00:00+09:00,148715.42752764613,149811.22541469196,146289.0179206161,148637.15625,11014,0.0,0.0
2022-01-26 00:00:00+09:00,148010.97554277172,151846.26787571504,147932.70427067083,150515.65625,5006,0.0,0.0
2022-01-27 00:00:00+09:00,150515.66554964083,152550.71875,146210.74531811185,152550.71875,12426,0.0,0.0
2022-01-28 00:00:00+09:00,152359.87819176653,153314.11542470037,149974.285109432,152598.4375,5901,3060.0,0.0
2022-01-31 00:00:00+09:00,152996.0271103896,154904.50146103895,152677.94805194804,153075.546875,5599,0.0,0.0
2022-02-01 00:00:00+09:00,153870.73195782735,155302.08760394668,149735.70453570486,150610.421875,4618,0.0,0.0
2022-02-02 00:00:00+09:00,152836.98623628527,153950.26293103446,151246.5909580721,152200.828125,3614,0.0,0.0
2022-02-03 00:00:00+09:00,152916.48940139468,154188.80548585765,151326.09429581594,152518.890625,3581,0.0,0.0
2022-02-04 00:00:00+09:00,152518.89606982577,152996.0146185322,150292.34284252903,150610.421875,2852,0.0,0.0
2022-02-07 00:00:00+09:00,150610.42032855598,150689.94008585723,145998.27440508385,147032.03125,4374,0.0,0.0
2022-02-08 00:00:00+09:00,146236.84623699382,146475.40552938695,140829.50227608267,141386.140625,13838,0.0,0.0
2022-02-09 00:00:00+09:00,140590.94728915664,146236.85071536145,140352.38798945784,145203.09375,9101,0.0,0.0
2022-02-10 00:00:00+09:00,145918.77354922993,146236.85261963695,142101.82470434543,144566.9375,10482,0.0,0.0
2022-02-14 00:00:00+09:00,141386.11879634912,142976.5138334284,138602.92748146036,139398.125,6969,0.0,0.0
2022-02-15 00:00:00+09:00,138602.9430082897,139636.69989819662,135899.2711423793,136694.46875,12404,0.0,0.0
2022-02-16 00:00:00+09:00,135978.81665081918,138125.8505979374,135740.2573233616,135899.296875,5180,0.0,0.0
2022-02-17 00:00:00+09:00,136535.44994348017,137251.12789892065,133672.7381217182,136296.890625,5366,0.0,0.0
2022-02-18 00:00:00+09:00,134865.51470588235,135978.79136029413,133354.63924632352,135183.59375,4485,0.0,0.0
2022-02-21 00:00:00+09:00,134388.41005824372,134388.41005824372,132400.4158266129,133116.09375,3494,0.0,0.0
2022-02-22 00:00:00+09:00,131605.22289714328,132161.8613021463,129855.78790999092,131525.703125,8325,0.0,0.0
2022-02-24 00:00:00+09:00,131764.26052008124,133195.6163977888,129378.66739056859,132161.859375,10794,0.0,0.0
2022-02-25 00:00:00+09:00,130810.02790508575,134467.9375,130173.86971466588,134467.9375,8899,0.0,0.0
2022-02-28 00:00:00+09:00,134308.89034387696,138046.31950087057,132479.93565002902,137012.5625,7676,0.0,0.0
2022-03-01 00:00:00+09:00,136853.51056452782,138284.86628222768,136376.3919919612,137251.109375,5836,0.0,0.0
2022-03-02 00:00:00+09:00,137012.54734249137,138523.4227920023,135422.15213247985,138205.34375,4458,0.0,0.0
2022-03-03 00:00:00+09:00,138841.5216968912,139318.640328152,137887.28443436962,138125.84375,4328,0.0,0.0
2022-03-04 00:00:00+09:00,139318.62039700805,139318.62039700805,136376.38925848677,138205.34375,4836,0.0,0.0
2022-03-07 00:00:00+09:00,136694.4742354685,138523.428806391,135899.27659593697,137489.671875,4990,0.0,0.0
2022-03-08 00:00:00+09:00,137251.09553259602,139000.53012223516,135819.73995925495,136614.9375,3544,0.0,0.0
2022-03-09 00:00:00+09:00,137569.169784331,139398.1240647007,134945.01799075704,135501.65625,7425,0.0,0.0
2022-03-10 00:00:00+09:00,138443.88797775243,140352.36202224757,137807.7299629207,139398.125,6992,0.0,0.0
2022-03-11 00:00:00+09:00,140113.81523214286,142022.28944642856,139159.578125,139159.578125,8701,0.0,0.0
2022-03-14 00:00:00+09:00,139795.77157223184,140988.56825800173,137171.61886353805,137887.296875,6819,0.0,0.0
2022-03-15 00:00:00+09:00,137569.20699022754,138443.92449132146,135422.17312390608,136296.890625,4202,0.0,0.0
2022-03-16 00:00:00+09:00,136296.88994878822,138762.0028941864,135024.57358987306,137807.765625,4485,0.0,0.0
2022-03-17 00:00:00+09:00,136773.9967967385,137648.714218113,135024.56195398953,136535.4375,5633,0.0,0.0
2022-03-18 00:00:00+09:00,137489.6535326087,143612.67454013377,137410.1337792642,142658.4375,10427,0.0,0.0
2022-03-22 00:00:00+09:00,145203.0985084441,145203.0985084441,140272.87281976745,143612.703125,7432,0.0,0.0
2022-03-23 00:00:00+09:00,144805.49966258305,144805.49966258305,142260.86704907255,143612.703125,6168,0.0,0.0
2022-03-24 00:00:00+09:00,143612.7109970076,146713.98216471708,142578.95394110447,146157.34375,5120,0.0,0.0
2022-03-25 00:00:00+09:00,147429.65661057693,147827.25546875,144407.90528846154,144725.984375,4949,0.0,0.0
2022-03-28 00:00:00+09:00,144805.50856222736,146634.46336559433,144089.83059569247,145839.265625,3928,0.0,0.0
2022-03-29 00:00:00+09:00,146554.9209280303,150451.38925438595,146236.84188098085,149576.671875,6304,0.0,0.0
2022-03-30 00:00:00+09:00,152598.4441023536,152598.4441023536,143930.7888615216,145282.625,4913,0.0,0.0
2022-03-31 00:00:00+09:00,145600.67561857763,148622.42639602488,144964.51756016767,147032.03125,5558,0.0,0.0
2022-04-01 00:00:00+09:00,147906.76636904763,150769.47797619048,145362.13382936508,150292.359375,10793,0.0,0.0
2022-04-04 00:00:00+09:00,153473.14020135565,153473.14020135565,145918.7628339314,149576.671875,9669,0.0,0.0
2022-04-05 00:00:00+09:00,150133.31157505285,150848.98943743395,148542.91632531714,150451.390625,4222,0.0,0.0
2022-04-06 00:00:00+09:00,149815.23530585106,150053.79459773935,147668.2016788564,149497.15625,4529,0.0,0.0
2022-04-07 00:00:00+09:00,149179.0892857143,149974.28698979592,147429.6543367347,148065.8125,4974,0.0,0.0
2022-04-08 00:00:00+09:00,148065.79966216214,149656.1949324324,146873.00320945945,147111.5625,6382,0.0,0.0
2022-04-11 00:00:00+09:00,146793.47567956615,148701.94990291912,146793.47567956615,148463.390625,3544,0.0,0.0
2022-04-12 00:00:00+09:00,148701.9617963356,150689.95593799787,148224.8432023367,149735.71875,5151,0.0,0.0
2022-04-13 00:00:00+09:00,149576.69579896223,151167.09128858437,149338.1364755189,149417.65625,5058,0.0,0.0
2022-04-14 00:00:00+09:00,149974.29176031201,151087.5685814384,148701.97539331042,150371.890625,5056,0.0,0.0
2022-04-15 00:00:00+09:00,149894.7659204484,150133.32522960563,146554.93559224744,147191.09375,3645,0.0,0.0
2022-04-18 00:00:00+09:00,147509.14979380748,147906.7485803137,146077.79416238508,147032.03125,2864,0.0,0.0
2022-04-19 00:00:00+09:00,146316.359375,147032.03721976903,144407.8851222826,146316.359375,7154,0.0,0.0
2022-04-20 00:00:00+09:00,146475.40121690568,147429.63835838388,142817.49217457252,144169.328125,7361,0.0,0.0
2022-04-21 00:00:00+09:00,144169.35447354065,146793.5070921986,143851.27536824878,145759.75,5324,0.0,0.0
2022-04-22 00:00:00+09:00,146316.3775510204,148701.97066326533,145282.6205357143,148065.8125,5961,0.0,0.0
2022-04-25 00:00:00+09:00,147429.63603922093,149656.18933431164,146157.31987059765,149020.03125,3047,0.0,0.0
2022-04-26 00:00:00+09:00,149020.02899789586,152996.0169647554,148622.4302012099,151167.0625,11089,0.0,0.0
2022-04-27 00:00:00+09:00,150292.359375,151564.67564484128,149815.24077380952,150292.359375,4415,0.0,0.0
2022-04-28 00:00:00+09:00,151008.02292280397,151644.18099725494,147827.232550549,148463.390625,9351,0.0,0.0
2022-05-02 00:00:00+09:00,146475.39891275347,150292.34741862328,144328.3653782017,149020.03125,6806,0.0,0.0
2022-05-06 00:00:00+09:00,149020.03992779544,151167.07358737415,148542.92133677794,150053.796875,6757,0.0,0.0
2022-05-09 00:00:00+09:00,150292.34601449277,150610.42505367685,147668.19394122384,148145.3125,6631,0.0,0.0
2022-05-10 00:00:00+09:00,149815.2288383152,149815.2288383152,145441.6420091712,146316.359375,9467,0.0,0.0
2022-05-11 00:00:00+09:00,145203.07131933115,148701.94050774878,144805.47254792007,146236.828125,8617,0.0,0.0
2022-05-12 00:00:00+09:00,145759.73211596385,147032.0483810241,144487.4158509036,145203.09375,5839,0.0,0.0
2022-05-13 00:00:00+09:00,146872.9814463525,150530.89002595845,145362.10616347176,149338.09375,7858,0.0,0.0
2022-05-16 00:00:00+09:00,150530.90529388085,150769.46457326892,147191.07538244766,148145.3125,5971,0.0,0.0
2022-05-17 00:00:00+09:00,149497.14749598285,149656.1870145956,146316.3571237279,148463.390625,3589,0.0,0.0
2022-05-18 00:00:00+09:00,148542.9323945542,149020.05102108917,147191.09628603843,148940.53125,4202,0.0,0.0
2022-05-19 00:00:00+09:00,148383.86530694668,148542.9048196015,146554.91091141626,147668.1875,2943,0.0,0.0
2022-05-20 00:00:00+09:00,144487.40177378408,149497.14657936932,144487.40177378408,148781.46875,7311,0.0,0.0
2022-05-23 00:00:00+09:00,148861.01659528908,150530.93184555674,148304.3781785332,148542.9375,4046,0.0,0.0
2022-05-24 00:00:00+09:00,148224.85171900378,148224.85171900378,146157.33769288033,146873.015625,3313,0.0,0.0
2022-05-25 00:00:00+09:00,146873.0049556903,149417.63741837686,146873.0049556903,149179.078125,4523,0.0,0.0
2022-05-26 00:00:00+09:00,146952.50501899078,149020.0186177428,145600.66920442213,146554.90625,6926,0.0,0.0
2022-05-27 00:00:00+09:00,146236.82603999195,149417.6161659298,145839.22727424972,148383.859375,8616,0.0,0.0
2022-05-30 00:00:00+09:00,149417.62460484722,151008.01975763962,149020.0258166491,150928.5,4609,0.0,0.0
2022-05-31 00:00:00+09:00,151087.56154805672,152757.47670200892,149258.60685563288,151405.640625,14208,0.0,0.0
2022-06-01 00:00:00+09:00,149656.1997516989,152200.83226607423,149179.08115525352,152121.3125,6708,0.0,0.0
2022-06-02 00:00:00+09:00,152200.81612223393,152200.81612223393,149735.7036354057,150928.5,4588,0.0,0.0
2022-06-03 00:00:00+09:00,151326.10894465042,152121.30657441737,149735.71368511653,150133.3125,3573,0.0,0.0
2022-06-06 00:00:00+09:00,149974.27161028236,150451.39018380395,147986.27755394246,149258.59375,3296,0.0,0.0
2022-06-07 00:00:00+09:00,149497.17919766207,150212.8571831828,148701.98143597238,149656.21875,3574,0.0,0.0
2022-06-08 00:00:00+09:00,149894.76850306994,150212.8475874266,148383.89285237587,148940.53125,3528,0.0,0.0
2022-06-09 00:00:00+09:00,148701.95541422482,149735.71232352158,147906.75779168887,149258.59375,3653,0.0,0.0
2022-06-10 00:00:00+09:00,147747.7196770496,148781.47659621088,147191.08133596278,147429.640625,5471,0.0,0.0
2022-06-13 00:00:00+09:00,147429.66209016394,147906.78073770492,145044.06885245902,145521.1875,3404,0.0,0.0
2022-06-14 00:00:00+09:00,145203.10337346024,145362.14291713326,141465.67409714445,142022.3125,7589,0.0,0.0
2022-06-15 00:00:00+09:00,141942.8010992006,142737.9988644622,135899.2980832122,136774.015625,10285,0.0,0.0
2022-06-16 00:00:00+09:00,138125.81985875504,141227.0904255319,137410.14203565268,138284.859375,7806,0.0,0.0
2022-06-17 00:00:00+09:00,137171.5850515464,139080.05927835053,135263.11082474227,138841.5,10757,0.0,0.0
2022-06-20 00:00:00+09:00,139080.08267393525,139080.08267393525,135501.6928967328,136296.890625,3868,0.0,0.0
2022-06-21 00:00:00+09:00,138284.88425959318,138602.96334932197,136296.88994878822,137807.765625,5910,0.0,0.0
2022-06-22 00:00:00+09:00,138523.4442641482,139795.76062937573,135740.25221521297,136296.890625,8236,0.0,0.0
2022-06-23 00:00:00+09:00,136296.89599042924,139398.16725275523,135978.81688660092,137092.09375,6322,0.0,0.0
2022-06-24 00:00:00+09:00,137330.62457044673,139477.6580756014,136376.38745704468,138841.5,4354,0.0,0.0
2022-06-27 00:00:00+09:00,140113.8522359155,141704.24783450703,139398.1742165493,141147.609375,3046,0.0,0.0
2022-06-28 00:00:00+09:00,141465.67249689056,144089.82493781095,141068.07364220565,143851.265625,6293,0.0,0.0
2022-06-29 00:00:00+09:00,143294.62121837182,145044.05610561057,142101.82470434543,144566.9375,6626,0.0,0.0
2022-06-30 00:00:00+09:00,144487.40346448467,145441.64058147633,141783.73163300834,142737.96875,5297,0.0,0.0
2022-07-01 00:00:00+09:00,142897.02416950598,142897.02416950598,139000.55550823396,140034.3125,6036,0.0,0.0
2022-07-04 00:00:00+09:00,143215.11449923442,143374.15404892818,141227.12012806238,142817.515625,5028,0.0,0.0
2022-07-05 00:00:00+09:00,143294.61671978934,143771.73531042127,142578.93883384147,143453.65625,6260,0.0,0.0
2022-07-06 00:00:00+09:00,144169.351797397,144805.50999617204,142499.4365256125,142817.515625,4911,0.0,0.0
2022-07-07 00:00:00+09:00,143453.65071115975,146554.92143052517,143453.65071115975,145362.125,5645,0.0,0.0
2022-07-08 00:00:00+09:00,145362.12455184775,146157.32216974627,143692.2095542609,144169.328125,5630,0.0,0.0
2022-07-11 00:00:00+09:00,144248.8698804288,145998.30490654206,144248.8698804288,144646.46875,3742,0.0,0.0
2022-07-12 00:00:00+09:00,145123.56571389496,145918.76333424507,143692.20999726478,145362.125,5267,0.0,0.0
2022-07-13 00:00:00+09:00,144725.9789364641,146316.37430939227,143930.78125,143930.78125,3979,0.0,0.0
2022-07-14 00:00:00+09:00,144010.30643028847,145282.62277644232,143533.18780048078,144725.984375,3913,0.0,0.0
2022-07-15 00:00:00+09:00,144725.98975409838,146475.42479508198,144487.43043032786,145521.1875,6436,0.0,0.0
2022-07-19 00:00:00+09:00,147111.54542210442,148304.3417363377,146236.828125,146236.828125,6071,0.0,0.0
2022-07-20 00:00:00+09:00,146316.37723335138,147270.61447617758,144964.5411393476,146873.015625,6390,0.0,0.0
2022-07-21 00:00:00+09:00,146713.97955764073,148463.41454423591,145918.78183646113,148304.375,6571,0.0,0.0
2022-07-22 00:00:00+09:00,148304.35801813647,148940.5161222357,146713.96275788834,147429.640625,5002,0.0,0.0
2022-07-25 00:00:00+09:00,147906.7927189683,148781.51031031704,147588.71359484148,147986.3125,6227,0.0,0.0
2022-07-26 00:00:00+09:00,148781.46591062736,148781.46591062736,146395.87319159007,147032.03125,7857,0.0,0.0
2022-07-27 00:00:00+09:00,146634.47622246103,150212.86636888768,146634.47622246103,147986.3125,12300,0.0,0.0
2022-07-28 00:00:00+09:00,147986.3000481563,148794.96835443037,146045.49611309852,146935.03125,27809,3100.0,0.0
2022-07-29 00:00:00+09:00,147258.49513776338,151382.70340356565,147258.49513776338,149684.5,15743,0.0,0.0
2022-08-01 00:00:00+09:00,150735.7507368703,151463.5521084539,150007.9493652867,150897.484375,8508,0.0,0.0
2022-08-02 00:00:00+09:00,151059.23317959846,151544.4341427021,143942.95238741182,149037.5625,8347,0.0,0.0
2022-08-03 00:00:00+09:00,149361.03325386954,150088.83471531232,145398.5586304588,146288.09375,5515,0.0,0.0
2022-08-04 00:00:00+09:00,147339.3430116758,147986.2775583791,146288.07437328296,147177.609375,4282,0.0,0.0
2022-08-05 00:00:00+09:00,147177.62333287968,148956.6935050354,146126.3545947877,148552.359375,5149,0.0,0.0
2022-08-08 00:00:00+09:00,148228.85921978476,148552.32645212472,145641.12136106513,146530.65625,3353,0.0,0.0
2022-08-09 00:00:00+09:00,146207.18901766004,147501.05794701987,145802.8549772351,146530.65625,5092,0.0,0.0
2022-08-10 00:00:00+09:00,146854.15188470067,147339.352827051,145802.88317627495,145883.75,3765,0.0,0.0
2022-08-12 00:00:00+09:00,146530.683125,146692.41677083334,144994.21348958334,145560.28125,4519,0.0,0.0
2022-08-15 00:00:00+09:00,145964.61520970621,147258.484375,145236.81380422844,147258.484375,4715,0.0,0.0
2022-08-16 00:00:00+09:00,147420.20461309524,149441.875,147015.8705357143,149441.875,3801,0.0,0.0
2022-08-17 00:00:00+09:00,149118.4129549158,149927.0811379685,148148.01113525257,148875.8125,3661,0.0,0.0
2022-08-18 00:00:00+09:00,149199.28281420952,149199.28281420952,146935.0118555115,147824.546875,2916,0.0,0.0
2022-08-19 00:00:00+09:00,148309.75889697878,148956.6935050354,147501.090636908,148552.359375,4729,0.0,0.0
2022-08-22 00:00:00+09:00,147581.96273053277,148390.6310194672,147015.8949282787,147986.296875,4688,0.0,0.0
2022-08-23 00:00:00+09:00,148228.88624897035,148228.88624897035,146530.68296952223,147258.484375,4519,0.0,0.0
2022-08-24 00:00:00+09:00,146611.54994791668,147501.085,144913.34666666668,145560.28125,5208,0.0,0.0
2022-08-25 00:00:00+09:00,145883.7454840044,147015.88098110864,145802.87866278266,146611.546875,4420,0.0,0.0
2022-08-26 00:00:00+09:00,147096.75435213,148228.889899645,146288.086103905,148067.15625,3939,0.0,0.0
2022-08-29 00:00:00+09:00,147177.62643914475,147743.69423314146,145641.15671258225,147501.09375,6137,0.0,0.0
2022-08-30 00:00:00+09:00,146449.80355574324,149603.609375,146288.06992398648,149603.609375,4766,0.0,0.0
2022-08-31 00:00:00+09:00,149361.02014757888,149603.6206134385,147258.48277679543,148633.21875,10668,0.0,0.0
2022-09-01 00:00:00+09:00,147824.54317931793,147824.54317931793,145722.0059130913,147015.875,7777,0.0,0.0
2022-09-02 00:00:00+09:00,147581.96589501927,147824.56638690148,146935.03125,146935.03125,4993,0.0,0.0
2022-09-05 00:00:00+09:00,146935.0044510135,150169.67708614864,146935.0044510135,149603.609375,5629,0.0,0.0
2022-09-06 00:00:00+09:00,149603.62445265462,149603.62445265462,147662.82067597154,147743.6875,3798,0.0,0.0
2022-09-07 00:00:00+09:00,147662.80802111718,148875.81027758855,147339.3407527248,148390.609375,3553,0.0,0.0
2022-09-08 00:00:00+09:00,148309.75364357376,149441.8891675705,148228.88682043113,149118.421875,4638,0.0,0.0
2022-09-09 00:00:00+09:00,149118.40552871712,151059.20907139024,148956.67190016102,150654.875,6263,0.0,0.0
2022-09-12 00:00:00+09:00,150978.35119406483,151140.08483219452,150088.81618435154,150897.484375,4644,0.0,0.0
2022-09-13 00:00:00+09:00,151301.83123654468,151301.83123654468,149441.89424111947,150250.5625,4005,0.0,0.0
2022-09-14 00:00:00+09:00,150007.9434629579,150088.8102788409,147581.938986468,147905.40625,3789,0.0,0.0
2022-09-15 00:00:00+09:00,148390.62566132902,148390.62566132902,142972.5483211061,143296.015625,5636,0.0,0.0
2022-09-16 00:00:00+09:00,142487.34736526525,143619.4829288939,140627.41036787527,143296.015625,9720,0.0,0.0
2022-09-20 00:00:00+09:00,143376.88290281792,143376.88290281792,139414.40841763004,139899.609375,7343,0.0,0.0
2022-09-21 00:00:00+09:00,139980.44720262097,141112.58253528227,139656.97996471776,140384.78125,6046,0.0,0.0
2022-09-22 00:00:00+09:00,139333.5223201308,139737.85639534885,137230.9851289971,139090.921875,5471,0.0,0.0
2022-09-26 00:00:00+09:00,139090.91730883226,139090.91730883226,135856.244813278,136422.3125,6006,0.0,0.0
2022-09-27 00:00:00+09:00,137392.7264525994,137635.32691131497,132055.51636085627,132217.25,12691,0.0,0.0
2022-09-28 00:00:00+09:00,132945.05666461916,134158.05900644962,130761.65244932432,131651.1875,9429,0.0,0.0
2022-09-29 00:00:00+09:00,132298.13491512346,133834.60469714506,130438.19781057099,131004.265625,6865,0.0,0.0
2022-09-30 00:00:00+09:00,129791.24757198355,133753.72179692262,128659.11207914382,132702.453125,9834,0.0,0.0
2022-10-03 00:00:00+09:00,133187.6600702934,133834.59466687043,130599.92168398533,132298.125,8270,0.0,0.0
2022-10-04 00:00:00+09:00,133591.97406639004,136826.64656194428,133187.64000444577,136422.3125,7459,0.0,0.0
2022-10-05 00:00:00+09:00,136341.46291167664,136422.32973428143,133915.45823353293,135047.59375,4409,0.0,0.0
2022-10-06 00:00:00+09:00,134885.84897103658,134966.71578696647,132136.37722942073,132621.578125,5753,0.0,0.0
2022-10-07 00:00:00+09:00,132136.39135085573,133753.72784229828,131004.25580684596,132298.125,6966,0.0,0.0
2022-10-11 00:00:00+09:00,131165.9947053407,133187.66540055248,129952.99228821363,131732.0625,9219,0.0,0.0
2022-10-12 00:00:00+09:00,132055.52545222634,132702.4600533395,130519.05577458256,130761.65625,7046,0.0,0.0
2022-10-13 00:00:00+09:00,129952.9796914733,130114.71333141292,126799.173712651,127203.5078125,8741,0.0,0.0
2022-10-14 00:00:00+09:00,127769.5635603393,128901.69893365876,126313.9609375,126313.9609375,7630,0.0,0.0
2022-10-17 00:00:00+09:00,126233.11119592114,127122.64625239464,125020.10884618455,126637.4453125,9637,0.0,0.0
2022-10-18 00:00:00+09:00,127122.66518432066,127446.1325257566,123807.12493460238,125586.1953125,10683,0.0,0.0
2022-10-19 00:00:00+09:00,125667.03722159458,125990.50449887024,124454.03493181085,125262.703125,7567,0.0,0.0
2022-10-20 00:00:00+09:00,125262.72797106407,126637.46417216677,124292.32594675627,125586.1953125,7852,0.0,0.0
2022-10-21 00:00:00+09:00,125262.71112667702,125262.71112667702,123079.30686559227,123564.5078125,5557,0.0,0.0
2022-10-24 00:00:00+09:00,123564.50652860943,123645.37335225382,121057.63499563372,121542.8359375,6907,0.0,0.0
2022-10-25 00:00:00+09:00,122028.03125,122028.03125,120895.8957712061,122028.03125,6905,0.0,0.0
2022-10-26 00:00:00+09:00,122432.36444883797,125747.90404091349,122351.49762951904,125262.703125,12230,0.0,0.0
2022-10-27 00:00:00+09:00,124858.37555839182,126960.91297064454,124049.70732291,126718.3125,9920,0.0,0.0
2022-10-28 00:00:00+09:00,126556.55392774312,127122.62158109405,125505.28542866283,126394.8203125,7964,0.0,0.0
2022-10-31 00:00:00+09:00,126880.04723825637,128093.04960191083,125828.77852308917,126960.9140625,9082,0.0,0.0
2022-11-01 00:00:00+09:00,127041.76601243722,128901.70275227558,125990.49742035467,128820.8359375,9654,0.0,0.0
2022-11-02 00:00:00+09:00,128739.99139030612,128739.99139030612,125747.91872608419,126799.1875,8709,0.0,0.0
2022-11-04 00:00:00+09:00,125586.16294354839,127122.63241935485,125100.96205645162,125343.5625,9291,0.0,0.0
2022-11-07 00:00:00+09:00,126475.71035447762,126475.71035447762,123483.63792281799,124615.7734375,5678,0.0,0.0
2022-11-08 00:00:00+09:00,125667.05189732143,127041.78798628827,125424.45141103317,126799.1875,3455,0.0,0.0
2022-11-09 00:00:00+09:00,126718.31633595757,126799.18316195373,125586.18077201156,125828.78125,3205,0.0,0.0
2022-11-10 00:00:00+09:00,125747.89325084026,126718.2949993998,125424.42600132042,126313.9609375,4323,0.0,0.0
2022-11-11 00:00:00+09:00,128578.23992406542,129791.2421875,127769.57174844237,129791.2421875,6275,0.0,0.0
2022-11-14 00:00:00+09:00,129225.17562618147,129467.77608104915,127607.83926039697,128335.640625,3493,0.0,0.0
2022-11-15 00:00:00+09:00,128012.16777492843,129225.16999642176,126960.89918296755,127122.6328125,4427,0.0,0.0
2022-11-16 00:00:00+09:00,127365.24510916772,128659.11426583228,127284.37828687618,128012.1796875,3507,0.0,0.0
2022-11-17 00:00:00+09:00,128093.04394035532,128901.71214704949,127365.24255433057,127446.109375,2859,0.0,0.0
2022-11-18 00:00:00+09:00,127526.97582837302,127769.57628968253,126071.37306051588,127365.2421875,4918,0.0,0.0
2022-11-21 00:00:00+09:00,127769.58952437105,128982.59195656446,127446.1222091195,128578.2578125,3572,0.0,0.0
2022-11-22 00:00:00+09:00,129386.92573945878,129467.79256804593,127850.4559963027,128497.390625,3203,0.0,0.0
2022-11-24 00:00:00+09:00,128416.50260579938,129386.90438871474,128173.90216007053,128982.5703125,6937,0.0,0.0
2022-11-25 00:00:00+09:00,129225.19208228445,129791.25988239457,128416.52379641283,128497.390625,4919,0.0,0.0
2022-11-28 00:00:00+09:00,128982.58068527622,129710.38208099251,128739.98022003745,129548.6484375,6483,0.0,0.0
2022-11-29 00:00:00+09:00,129629.51452636719,130114.71545410156,128578.24584960938,129386.9140625,4881,0.0,0.0
2022-11-30 00:00:00+09:00,129063.43563403521,129386.90289126337,127688.69979081553,128659.1015625,4122,0.0,0.0
2022-12-01 00:00:00+09:00,128659.12200212205,129629.52392797086,125586.18257026747,126233.1171875,6197,0.0,0.0
2022-12-02 00:00:00+09:00,127931.31029901649,128254.77758169416,126880.04163031408,127446.109375,4470,0.0,0.0
2022-12-05 00:00:00+09:00,127203.51453523089,128093.04960191083,125828.77852308917,126960.9140625,2613,0.0,0.0
2022-12-06 00:00:00+09:00,127203.50406901042,128093.0390625,126475.70271070076,128093.0390625,2826,0.0,0.0
2022-12-07 00:00:00+09:00,128093.0446768061,128416.51196134348,127365.24328659696,127607.84375,5402,0.0,0.0
2022-12-08 00:00:00+09:00,127284.37536706349,127850.44311011904,126071.37306051588,127365.2421875,5942,0.0,0.0
2022-12-09 00:00:00+09:00,128901.69134876839,128901.69134876839,125828.75265914908,126394.8203125,6666,0.0,0.0
2022-12-12 00:00:00+09:00,126394.8462927946,127041.78088674364,125909.6453473328,126960.9140625,2851,0.0,0.0
2022-12-13 00:00:00+09:00,126960.9140625,127526.98183220542,126233.11264430733,126960.9140625,3279,0.0,0.0
2022-12-14 00:00:00+09:00,126960.90808531745,127769.57628968253,126233.10670138888,127365.2421875,6100,0.0,0.0
2022-12-15 00:00:00+09:00,127365.24401700949,127769.578125,126718.3094442247,127769.578125,2675,0.0,0.0
2022-12-16 00:00:00+09:00,127526.96616220145,128739.96837680705,126394.8307619029,128659.1015625,8633,0.0,0.0
2022-12-19 00:00:00+09:00,127526.9446141479,127769.54501607716,125747.87499999999,125747.875,3948,0.0,0.0
2022-12-20 00:00:00+09:00,126071.37438964844,126152.2412109375,117661.22497558594,119035.9609375,11511,0.0,0.0
2022-12-21 00:00:00+09:00,119521.17019230769,122674.97644230768,119116.8360576923,120895.90625,6921,0.0,0.0
2022-12-22 00:00:00+09:00,121057.62823858054,123968.83372728388,121057.62823858054,123483.6328125,4994,0.0,0.0
2022-12-23 00:00:00+09:00,123564.50615845539,123645.37298185752,121219.3682797936,121461.96875,4522,0.0,0.0
2022-12-26 00:00:00+09:00,121542.8303305169,122594.09898939695,120248.9612118953,122028.03125,4257,0.0,0.0
2022-12-27 00:00:00+09:00,121947.15512873755,122108.88875622924,120168.0852263289,121704.5546875,3251,0.0,0.0
2022-12-28 00:00:00+09:00,121300.23277851021,122836.70239370468,121138.49913480553,122674.96875,3571,0.0,0.0
2022-12-29 00:00:00+09:00,122674.9668083415,124534.90368150685,122432.36634662427,123968.8359375,6679,0.0,0.0
2022-12-30 00:00:00+09:00,123968.83037919961,125100.96581645258,122270.62722332016,122755.828125,3637,0.0,0.0
2023-01-04 00:00:00+09:00,122270.6369840213,122594.10427762983,121138.50145639147,121461.96875,1844,0.0,0.0
2023-01-05 00:00:00+09:00,122028.03926726311,122513.24021862399,119278.56720955142,120329.8359375,6853,0.0,0.0
2023-01-06 00:00:00+09:00,119682.9047025447,119682.9047025447,117499.50035999829,117580.3671875,9717,0.0,0.0
2023-01-10 00:00:00+09:00,118146.42590332031,119116.82775878906,117176.02404785156,119035.9609375,4790,0.0,0.0
2023-01-11 00:00:00+09:00,118955.08779005759,119682.88914295392,118631.62052210365,119359.421875,3083,0.0,0.0
2023-01-12 00:00:00+09:00,119278.56777929155,120248.9696866485,118227.29904632152,118712.5,3888,0.0,0.0
2023-01-13 00:00:00+09:00,118712.51499740305,119602.05019152527,116529.11043001212,116771.7109375,4841,0.0,0.0
2023-01-16 00:00:00+09:00,116771.69276270007,117984.69511134307,115720.42406054279,116205.625,4541,0.0,0.0
2023-01-17 00:00:00+09:00,115963.03764204546,117095.17329545456,114992.6356534091,115639.5703125,4969,0.0,0.0
2023-01-18 00:00:00+09:00,115882.1539407804,119278.56040659531,114830.88527279007,117095.15625,4800,0.0,0.0
2023-01-19 00:00:00+09:00,116690.83015614051,116771.69698230554,115235.22728516994,115396.9609375,5204,0.0,0.0
2023-01-20 00:00:00+09:00,115073.47318113508,115882.14129906293,114345.671875,114345.671875,5696,0.0,0.0
2023-01-23 00:00:00+09:00,115477.82575363826,116933.42859927236,115477.82575363826,116690.828125,3991,0.0,0.0
2023-01-24 00:00:00+09:00,117176.01968642979,118389.02196061643,117176.01968642979,118065.5546875,3867,0.0,0.0
2023-01-25 00:00:00+09:00,118955.09484714213,119440.29577785787,118389.02709464043,119197.6953125,4045,0.0,0.0
2023-01-26 00:00:00+09:00,119602.03471689673,119602.03471689673,117256.89678127131,118631.6328125,4830,0.0,0.0
2023-01-27 00:00:00+09:00,118874.22897196261,121138.5,118389.02803738318,121138.5,12598,0.0,0.0
2023-01-30 00:00:00+09:00,120991.50291043508,121487.03125,119752.68206152278,121487.03125,6755,3122.0,0.0
2023-01-31 00:00:00+09:00,121487.02070665392,121817.37290436066,118679.02702614662,118844.203125,4016,0.0,0.0
2023-02-01 00:00:00+09:00,119504.90752041347,119752.67166869354,118513.85092729326,118844.203125,3991,0.0,0.0
2023-02-02 00:00:00+09:00,119422.32075471699,119835.2610062893,117853.14779874214,118183.5,4935,0.0,0.0
2023-02-03 00:00:00+09:00,118431.2669179523,118761.61912692846,116779.50587307152,117770.5625,3759,0.0,0.0
2023-02-06 00:00:00+09:00,118431.26453888508,120495.96580350999,118266.08843771508,120000.4375,4418,0.0,0.0
2023-02-07 00:00:00+09:00,119504.91047794117,119917.85073529411,119009.38216911764,119339.734375,2871,0.0,0.0
2023-02-08 00:00:00+09:00,118926.7869535045,119670.07937196392,118183.4945350451,119009.375,2311,0.0,0.0
2023-02-09 00:00:00+09:00,118596.4309129902,118844.19504442402,117357.61025582108,117935.7265625,4875,0.0,0.0
2023-02-10 00:00:00+09:00,117687.9792017832,117770.56725736338,116283.98225691981,116366.5703125,5862,0.0,0.0
2023-02-13 00:00:00+09:00,116449.1328125,117440.18926196809,116036.19262522164,116449.1328125,3737,0.0,0.0
2023-02-14 00:00:00+09:00,116449.1465585443,117687.96726661392,116201.38241693037,117440.203125,3166,0.0,0.0
2023-02-15 00:00:00+09:00,117027.26218277538,117192.4382761879,114632.20882829373,114714.796875,4700,0.0,0.0
2023-02-16 00:00:00+09:00,115540.68815524194,115540.68815524194,114301.86733870968,115210.3359375,4053,0.0,0.0
2023-02-17 00:00:00+09:00,114962.56628113879,116531.73924043594,113888.92162477758,116036.2109375,3389,0.0,0.0
2023-02-20 00:00:00+09:00,116036.21663295697,116201.39274204304,115375.51219661273,116118.8046875,1775,0.0,0.0
2023-02-21 00:00:00+09:00,116366.56313945728,116449.15118994661,115623.27068505337,116036.2109375,3047,0.0,0.0
2023-02-22 00:00:00+09:00,115953.61176184582,116862.08023006542,115788.43567671499,116779.4921875,4765,0.0,0.0
2023-02-24 00:00:00+09:00,116944.67003676471,117935.7265625,116614.31786151961,117935.7265625,7155,0.0,0.0
2023-02-27 00:00:00+09:00,117853.14653187977,119091.96727328005,117109.85408703961,118844.203125,4284,0.0,0.0
2023-02-28 00:00:00+09:00,118844.20947401636,119174.56168937152,117687.97672027333,118596.4453125,3985,0.0,0.0
2023-03-01 00:00:00+09:00,118761.61764318342,118926.79374560787,117357.62077257554,117522.796875,6910,0.0,0.0
2023-03-02 00:00:00+09:00,118266.09520905923,118844.21159625435,116944.6863240418,118513.859375,2871,0.0,0.0
2023-03-03 00:00:00+09:00,118513.86372489613,119917.86071675901,118431.27566655124,119257.15625,4045,0.0,0.0
2023-03-06 00:00:00+09:00,119422.30918170104,121321.83415485396,119339.72113939004,120165.6015625,7889,0.0,0.0
2023-03-07 00:00:00+09:00,120165.6051604324,120661.13342913521,119339.72471259438,120330.78125,3982,0.0,0.0
2023-03-08 00:00:00+09:00,120000.44173199518,120330.79394598553,118679.03287603376,119835.265625,4524,0.0,0.0
2023-03-09 00:00:00+09:00,119835.25334279647,120165.60552292822,118679.0207123353,119091.9609375,4399,0.0,0.0
2023-03-10 00:00:00+09:00,116614.31574312715,120661.12981636598,116614.31574312715,120165.6015625,6828,0.0,0.0
2023-03-13 00:00:00+09:00,118596.4332840751,119670.07787508692,117109.84846575104,118761.609375,4173,0.0,0.0
2023-03-14 00:00:00+09:00,114879.97449593247,118513.84859932646,114879.97449593247,118018.3203125,7972,0.0,0.0
2023-03-15 00:00:00+09:00,117687.97278904036,119504.90991280098,115871.03566527973,116614.328125,8473,0.0,0.0
2023-03-16 00:00:00+09:00,115705.85390458893,117605.37898653437,115127.7375753012,116531.734375,11185,0.0,0.0
2023-03-17 00:00:00+09:00,116531.73732483666,120908.90392881706,115788.44488265131,120083.0234375,27137,0.0,0.0
2023-03-20 00:00:00+09:00,120083.03524912587,120991.50387893357,118018.33381774474,118100.921875,11930,0.0,0.0
2023-03-22 00:00:00+09:00,118926.79833679834,120495.97137040886,117109.86113998614,119174.5625,16346,0.0,0.0
2023-03-23 00:00:00+09:00,119422.31188577585,119917.84015086207,117605.3749137931,119752.6640625,19837,0.0,0.0
2023-03-24 00:00:00+09:00,120826.30890122347,121487.01325611738,119670.07628015913,120661.1328125,10808,0.0,0.0
2023-03-27 00:00:00+09:00,121074.08724494171,121074.08724494171,119752.6783800583,120413.3828125,7144,0.0,0.0
2023-03-28 00:00:00+09:00,120330.79117659685,121321.84779575893,118431.26598986951,120248.203125,7168,0.0,0.0
2023-03-29 00:00:00+09:00,120661.14338298421,122065.1402601305,119422.3226090316,120248.203125,6741,0.0,0.0
2023-03-30 00:00:00+09:00,120165.61148663171,121156.66807621218,119257.14294618295,120083.0234375,6612,0.0,0.0
2023-03-31 00:00:00+09:00,121239.25010835644,121239.25010835644,118183.49244213765,119091.9609375,6017,0.0,0.0
2023-04-03 00:00:00+09:00,120578.56121070727,126607.48927124264,119752.68065446956,126111.9609375,11362,0.0,0.0
2023-04-04 00:00:00+09:00,126772.67138953395,129498.07735426008,125451.26243693946,128919.9609375,14636,0.0,0.0
2023-04-05 00:00:00+09:00,129332.8832205029,130323.93979690524,126772.65373146358,128094.0625,8978,0.0,0.0
2023-04-06 00:00:00+09:00,127928.9003112713,127928.9003112713,125451.25860091744,126029.375,6823,0.0,0.0
2023-04-07 00:00:00+09:00,126029.3670070132,126690.07142120463,124129.84181621288,125120.8984375,4400,0.0,0.0
2023-04-10 00:00:00+09:00,123138.7898656542,125368.66734813084,123138.7898656542,123716.90625,4138,0.0,0.0
2023-04-11 00:00:00+09:00,123716.90010127315,126029.36552372685,123469.13594886739,124873.1328125,4458,0.0,0.0
2023-04-12 00:00:00+09:00,124955.73214508482,125533.84855289421,124047.26350424152,124129.8515625,3873,0.0,0.0
2023-04-13 00:00:00+09:00,124129.85089374585,125451.25981876244,123716.91060467817,124460.203125,2532,0.0,0.0
2023-04-14 00:00:00+09:00,126029.3670070132,126029.3670070132,124460.19402330859,125120.8984375,4632,0.0,0.0
2023-04-17 00:00:00+09:00,125120.88641232696,125699.0027191826,123964.65379861568,125286.0625,5497,0.0,0.0
2023-04-18 00:00:00+09:00,125946.7962408685,127681.1455661526,125616.44398843344,127185.6171875,4209,0.0,0.0
2023-04-19 00:00:00+09:00,126855.25343811396,126855.25343811396,124790.55204751965,126111.9609375,4576,0.0,0.0
2023-04-20 00:00:00+09:00,126029.36085676913,126524.88914323087,124873.1281883584,126277.125,2945,0.0,0.0
2023-04-21 00:00:00+09:00,126277.12414278087,126359.71218996386,124955.71538785315,125699.0078125,3801,0.0,0.0
2023-04-24 00:00:00+09:00,125699.02065938115,126772.66538249019,125368.66843688606,126111.9609375,2653,0.0,0.0
2023-04-25 00:00:00+09:00,126359.7084714586,127928.88132175776,126277.12042670601,127681.1171875,3025,0.0,0.0
2023-04-26 00:00:00+09:00,127681.1171875,128506.99763502587,126937.8247847267,127681.1171875,4203,0.0,0.0
2023-04-27 00:00:00+09:00,128589.59184277088,128589.59184277088,125946.77428402414,126524.890625,3190,0.0,0.0
2023-04-28 00:00:00+09:00,127185.59481306162,128837.35578465983,126359.71432726253,128672.1796875,2865,0.0,0.0
2023-05-01 00:00:00+09:00,129002.52976667737,129085.11781390315,128011.47319996794,128754.765625,3288,0.0,0.0
2023-05-02 00:00:00+09:00,128424.41554176027,129250.29602755938,127350.77091022144,128672.1796875,3247,0.0,0.0
2023-05-08 00:00:00+09:00,129167.7109375,129993.59144221547,128094.06628136989,129167.7109375,4145,0.0,0.0
2023-05-09 00:00:00+09:00,129167.71794717405,131315.00737596338,127928.89712287251,128589.6015625,8382,0.0,0.0
2023-05-10 00:00:00+09:00,128589.58114935752,128754.75723304327,126607.4681451285,126937.8203125,3514,0.0,0.0
2023-05-11 00:00:00+09:00,127020.4174296926,127020.4174296926,126194.53695225637,126277.125,1885,0.0,0.0
2023-05-12 00:00:00+09:00,126690.06065046895,128176.64545601553,126277.12042670601,127681.1171875,3360,0.0,0.0
2023-05-15 00:00:00+09:00,128341.82109522686,131397.5787403513,127681.11673952427,131067.2265625,5463,0.0,0.0
2023-05-16 00:00:00+09:00,130489.12223974762,131397.59081230283,129828.41782334384,130902.0625,2426,0.0,0.0
2023-05-17 00:00:00+09:00,131645.34624524714,131645.34624524714,129910.99726711027,130323.9375,3344,0.0,0.0
2023-05-18 00:00:00+09:00,130736.88752195082,130736.88752195082,129167.71451947637,129332.890625,4790,0.0,0.0
2023-05-19 00:00:00+09:00,129167.72511611147,130158.78183055733,128507.02063981422,128919.9609375,3601,0.0,0.0
2023-05-22 00:00:00+09:00,129085.12989222062,129415.48211203437,127681.13295801221,128589.6015625,3679,0.0,0.0
2023-05-23 00:00:00+09:00,128754.77671174463,128837.36476608187,126359.7231359649,127103.015625,2867,0.0,0.0
2023-05-24 00:00:00+09:00,127103.00696597584,127928.8874530842,126524.89062499999,126524.890625,3027,0.0,0.0
2023-05-25 00:00:00+09:00,126359.71986681006,126607.48402341164,124129.84245739576,124790.546875,3858,0.0,0.0
2023-05-26 00:00:00+09:00,125533.82663150955,125781.5907630191,124542.77010547133,125286.0625,4230,0.0,0.0
2023-05-29 00:00:00+09:00,125533.83194716241,126937.82875183463,124873.12756849315,126607.4765625,4199,0.0,0.0
2023-05-30 00:00:00+09:00,126607.48454703692,127515.953125,125781.60402161593,127515.953125,2384,0.0,0.0
2023-05-31 00:00:00+09:00,127433.34676569332,132223.453125,126029.35007417238,132223.453125,11167,0.0,0.0
2023-06-01 00:00:00+09:00,127598.52374387255,127928.87590890522,124955.7064236111,126359.703125,9008,0.0,0.0
2023-06-02 00:00:00+09:00,126442.30046783267,127928.88531983855,126277.12437316535,126607.4765625,4172,0.0,0.0
2023-06-05 00:00:00+09:00,126772.65102827764,128837.35218508999,126772.65102827764,128507.0,4943,0.0,0.0
2023-06-06 00:00:00+09:00,127515.96392536836,128919.9609375,127103.02362768257,128919.9609375,2851,0.0,0.0
2023-06-07 00:00:00+09:00,129085.11907640233,129415.47126853644,127928.88640393295,128094.0625,6612,0.0,0.0
2023-06-08 00:00:00+09:00,128176.65054803353,128507.00274016763,126690.06568343005,128094.0625,6942,0.0,0.0
2023-06-09 00:00:00+09:00,128919.94780143806,130984.649079488,128424.41949470608,130654.296875,5658,0.0,0.0
2023-06-12 00:00:00+09:00,130654.29094347134,130819.46703821655,129415.47023288216,129663.234375,2207,0.0,0.0
2023-06-13 00:00:00+09:00,130406.51927250804,130571.69535771705,128424.40625,128424.40625,3814,0.0,0.0
2023-06-14 00:00:00+09:00,128754.75329133063,129910.98584173387,128011.4609375,128011.4609375,3068,0.0,0.0
2023-06-15 00:00:00+09:00,129085.10457994742,130902.04143264022,129002.51654118867,129580.6328125,5644,0.0,0.0
2023-06-16 00:00:00+09:00,130158.76140684412,130736.87773288974,129663.23312737643,130323.9375,7861,0.0,0.0
2023-06-19 00:00:00+09:00,130323.92878739657,130489.10486950987,128589.57992520688,129745.8125,2936,0.0,0.0
2023-06-20 00:00:00+09:00,129415.46664241869,129910.99491290656,128094.05792111767,129498.0546875,3477,0.0,0.0
2023-06-21 00:00:00+09:00,129332.87229471674,130076.16466422661,127846.28755569701,129745.8125,3058,0.0,0.0
2023-06-22 00:00:00+09:00,129745.80126387547,129745.80126387547,127515.92434845559,128341.8046875,3237,0.0,0.0
2023-06-23 00:00:00+09:00,128259.2432824723,128837.35963983051,126524.89421039766,126690.0703125,3963,0.0,0.0
2023-06-26 00:00:00+09:00,126524.89421039766,126690.0703125,125699.01369988592,126690.0703125,3578,0.0,0.0
2023-06-27 00:00:00+09:00,126690.0643786958,127103.0046146107,124707.9512463042,125699.0078125,4738,0.0,0.0
2023-06-28 00:00:00+09:00,126607.4672487745,127020.40745506536,125533.82271241829,126359.703125,5717,0.0,0.0
2023-06-29 00:00:00+09:00,127020.41481888264,127020.41481888264,124212.42125331565,124542.7734375,4657,0.0,0.0
2023-06-30 00:00:00+09:00,124873.13217348285,125203.484375,123634.31141779353,125203.484375,5406,0.0,0.0
2023-07-03 00:00:00+09:00,125616.4309990499,126277.1354355998,124295.02212595011,124955.7265625,5897,0.0,0.0
2023-07-04 00:00:00+09:00,124955.72559573578,125533.84197324414,122560.67203177257,123469.140625,6309,0.0,0.0
2023-07-05 00:00:00+09:00,122973.60225546156,125699.0078125,122973.60225546156,125699.0078125,5516,0.0,0.0
2023-07-06 00:00:00+09:00,125699.0078125,126111.94804841491,124955.71538785315,125699.0078125,4325,0.0,0.0
2023-07-07 00:00:00+09:00,125699.0203799834,125781.6084354236,123882.08316029901,124295.0234375,3628,0.0,0.0
2023-07-10 00:00:00+09:00,123964.64903765864,124047.2370783233,123221.35667167668,123634.296875,5574,0.0,0.0
2023-07-11 00:00:00+09:00,123551.7301401869,124625.37485397195,122973.61375584111,123716.90625,5242,0.0,0.0
2023-07-12 00:00:00+09:00,123386.55668016194,123799.49696356276,122147.73582995952,122395.5,3983,0.0,0.0
2023-07-13 00:00:00+09:00,122395.50078702149,123303.96941634486,121487.03215769812,122973.6171875,4034,0.0,0.0
2023-07-14 00:00:00+09:00,122973.61325285031,124955.7265625,122973.61325285031,124955.7265625,4489,0.0,0.0
2023-07-18 00:00:00+09:00,125038.30910415298,127020.42232641169,124707.95690044321,125781.6015625,5561,0.0,0.0
2023-07-19 00:00:00+09:00,126111.9609375,126524.90121561887,124790.55204751965,126111.9609375,3777,0.0,0.0
2023-07-20 00:00:00+09:00,126029.36487879288,126524.8931810686,125038.30827424143,125203.484375,5342,0.0,0.0
2023-07-21 00:00:00+09:00,125451.22984271523,125864.17003311258,124625.34946192052,124707.9375,4718,0.0,0.0
2023-07-24 00:00:00+09:00,124955.71119894192,126194.53186515748,124955.71119894192,125864.1796875,2887,0.0,0.0
2023-07-25 00:00:00+09:00,125864.17819280078,126442.29449683595,125120.88580189842,125616.4140625,3655,0.0,0.0
2023-07-26 00:00:00+09:00,126029.35185222837,127020.40835434289,125616.411643014,126937.8203125,5340,0.0,0.0
2023-07-27 00:00:00+09:00,127846.28786764706,127846.28786764706,126111.93900122549,126359.703125,13890,0.0,0.0
2023-07-28 00:00:00+09:00,126682.13250145156,127610.51588420704,124318.97479989217,127188.5234375,25588,3282.0,0.0
2023-07-31 00:00:00+09:00,127357.30556955645,127357.30556955645,124234.56182795699,125584.9375,7078,0.0,0.0
2023-08-01 00:00:00+09:00,125331.76003073061,125331.76003073061,121618.22640019046,121871.421875,5863,0.0,0.0
2023-08-02 00:00:00+09:00,121955.81274414062,122799.79760742188,121111.82788085938,121533.8203125,6373,0.0,0.0
2023-08-03 00:00:00+09:00,121111.82066288542,121196.2191441836,119339.45255562369,120436.6328125,5593,0.0,0.0
2023-08-04 00:00:00+09:00,119423.8523225143,119677.04776913447,117482.68723175966,117989.078125,9051,0.0,0.0
2023-08-07 00:00:00+09:00,117989.07676915676,120605.42968750001,117989.07676915676,120605.4296875,3847,0.0,0.0
2023-08-08 00:00:00+09:00,120521.03151371308,120521.03151371308,119339.45277338257,120014.640625,3218,0.0,0.0
2023-08-09 00:00:00+09:00,119423.85883261745,120943.03159515253,118157.8815305049,120352.2421875,4543,0.0,0.0
2023-08-10 00:00:00+09:00,120352.23355320068,122546.59405276815,120183.4365916955,121955.8046875,4426,0.0,0.0
2023-08-14 00:00:00+09:00,122462.19636365627,122546.59484495445,120352.23433120182,120436.6328125,3969,0.0,0.0
2023-08-15 00:00:00+09:00,121111.81288377193,121111.81288377193,119677.03879385964,120267.828125,3284,0.0,0.0
2023-08-16 00:00:00+09:00,119761.45253537736,120943.03134827044,119508.2570754717,120774.234375,2826,0.0,0.0
2023-08-17 00:00:00+09:00,120689.82847661745,120689.82847661745,119508.24973628692,120014.640625,2254,0.0,0.0
2023-08-18 00:00:00+09:00,119423.8514302715,120774.22713549012,119001.8590223907,119677.046875,2731,0.0,0.0
2023-08-21 00:00:00+09:00,119508.24249822443,119930.2348799272,118748.65621115944,118833.0546875,4364,0.0,0.0
2023-08-22 00:00:00+09:00,119170.66421220724,119845.85211142655,118833.07026259758,118917.46875,1762,0.0,0.0
2023-08-23 00:00:00+09:00,118917.46067248232,119677.04700750882,118157.87433745583,119423.8515625,2899,0.0,0.0
2023-08-24 00:00:00+09:00,121702.6014112206,122293.39073845954,121280.60903462136,122040.1953125,4517,0.0,0.0
2023-08-25 00:00:00+09:00,121533.82055749129,121533.82055749129,120352.24174651568,121111.828125,3550,0.0,0.0
2023-08-28 00:00:00+09:00,121449.41432418875,121533.81280530355,120521.03103192602,120943.0234375,2578,0.0,0.0
2023-08-29 00:00:00+09:00,120858.63174862448,122968.59389507394,120774.2332627665,122715.3984375,5442,0.0,0.0
2023-08-30 00:00:00+09:00,122884.17946306428,123390.5703125,122546.58556344049,123390.5703125,3470,0.0,0.0
2023-08-31 00:00:00+09:00,123390.57038741438,123390.57038741438,122040.19478809931,123221.7734375,8327,0.0,0.0
2023-09-01 00:00:00+09:00,122715.38258775685,123306.1719124572,122040.19478809931,123221.7734375,3312,0.0,0.0
2023-09-04 00:00:00+09:00,123559.3828605605,124487.76620172591,122715.39800495557,123474.984375,3467,0.0,0.0
2023-09-05 00:00:00+09:00,123390.57757415254,124994.1486917373,122884.18669491526,124487.7578125,3473,0.0,0.0
2023-09-06 00:00:00+09:00,124234.57036029911,124994.15672799115,123728.17944850441,124150.171875,6204,0.0,0.0
2023-09-07 00:00:00+09:00,124065.758149384,124825.34442376798,123221.77340006846,123306.171875,2816,0.0,0.0
2023-09-08 00:00:00+09:00,123221.78159435262,123390.57855544078,121871.40590564739,122546.59375,8318,0.0,0.0
2023-09-11 00:00:00+09:00,122968.60150891631,123643.78943758573,121871.42112482853,123053.0,4009,0.0,0.0
2023-09-12 00:00:00+09:00,122799.78923479498,123306.18011823743,122040.20290963129,122462.1953125,3010,0.0,0.0
2023-09-13 00:00:00+09:00,122124.6026613045,122884.18899437413,119930.24214354782,120014.640625,4469,0.0,0.0
2023-09-14 00:00:00+09:00,120183.43697771589,122040.20356023678,120183.43697771589,121196.21875,4876,0.0,0.0
2023-09-15 00:00:00+09:00,121533.81901840492,124065.77358128835,121111.82659125768,123812.578125,9752,0.0,0.0
2023-09-19 00:00:00+09:00,122884.19614315496,122884.19614315496,121365.02338863794,121449.421875,4320,0.0,0.0
2023-09-20 00:00:00+09:00,121365.01641725353,121618.21186179577,119845.84375,119845.84375,4787,0.0,0.0
2023-09-21 00:00:00+09:00,120436.63379114769,120436.63379114769,117989.0778136121,118579.8671875,4938,0.0,0.0
2023-09-22 00:00:00+09:00,118242.27352684953,119255.05531294674,117820.2811159757,118073.4765625,6099,0.0,0.0
2023-09-25 00:00:00+09:00,118495.46901824034,119255.05535810086,117989.078125,117989.078125,3219,0.0,0.0
2023-09-26 00:00:00+09:00,118157.87540438534,118326.67236924874,117229.4920976366,117398.2890625,4921,0.0,0.0
2023-09-27 00:00:00+09:00,117398.2810151217,118242.26578158555,117229.48406182892,117904.671875,3859,0.0,0.0
2023-09-28 00:00:00+09:00,117904.67311607797,118073.47007114752,115119.52335743046,115288.3203125,11634,0.0,0.0
2023-09-29 00:00:00+09:00,116385.4920857453,116891.8829142547,115625.90584298118,116638.6875,8629,0.0,0.0
2023-10-02 00:00:00+09:00,116891.90717584126,116891.90717584126,115035.1404192575,115372.734375,4216,0.0,0.0
2023-10-03 00:00:00+09:00,115879.10232582346,115879.10232582346,113853.53899310695,114022.3359375,5936,0.0,0.0
2023-10-04 00:00:00+09:00,113937.953125,114613.14099537037,113431.56222222223,113937.953125,7432,0.0,0.0
2023-10-05 00:00:00+09:00,114950.72616390306,116301.10180165817,114528.7337771046,115794.7109375,4627,0.0,0.0
2023-10-06 00:00:00+09:00,115372.7258394342,116723.1015625,115372.7258394342,116723.1015625,2896,0.0,0.0
2023-10-10 00:00:00+09:00,116976.2890625,117735.87535511365,115963.50733901515,116976.2890625,4566,0.0,0.0
2023-10-11 00:00:00+09:00,117904.67230902778,117904.67230902778,116891.89058554293,116976.2890625,2998,0.0,0.0
2023-10-12 00:00:00+09:00,117229.49214253598,118242.27393210432,116554.30428282374,117313.890625,4503,0.0,0.0
2023-10-13 00:00:00+09:00,117313.89853881484,118157.88342038904,116638.71063355547,117145.1015625,5168,0.0,0.0
2023-10-16 00:00:00+09:00,116891.89150770359,117651.4778063096,114950.7265223771,115035.125,4768,0.0,0.0
2023-10-17 00:00:00+09:00,115794.71794064749,117904.6800022482,115794.71794064749,117313.890625,4022,0.0,0.0
2023-10-18 00:00:00+09:00,117313.89094134129,117398.2894240329,116638.7030798084,116723.1015625,2662,0.0,0.0
2023-10-19 00:00:00+09:00,116469.89055716353,117651.46915701882,116385.4920857453,116638.6875,4292,0.0,0.0
2023-10-20 00:00:00+09:00,116132.32077542064,116723.11019797002,115035.1404192575,115372.734375,2617,0.0,0.0
2023-10-23 00:00:00+09:00,115288.32112509286,115710.31351574107,113515.95308437035,113600.3515625,5475,0.0,0.0
2023-10-24 00:00:00+09:00,114613.14122908922,114613.14122908922,113431.56245353159,113515.9609375,5396,0.0,0.0
2023-10-25 00:00:00+09:00,113600.35115919985,114528.73441533002,113262.7572478798,114444.3359375,4983,0.0,0.0
2023-10-26 00:00:00+09:00,114191.1410732582,114359.9380297597,112503.1715082433,113262.7578125,5926,0.0,0.0
2023-10-27 00:00:00+09:00,113684.75703354106,115203.92973332111,113684.75703354106,115119.53125,6853,0.0,0.0
2023-10-30 00:00:00+09:00,114781.93796296297,114781.93796296297,113009.56980324074,113937.953125,3943,0.0,0.0
2023-10-31 00:00:00+09:00,113937.94503039794,115035.12524180177,113431.55416359617,114528.734375,3606,0.0,0.0
2023-11-01 00:00:00+09:00,115541.52385110295,116554.30565257353,114697.53901654412,114781.9375,6628,0.0,0.0
2023-11-02 00:00:00+09:00,116132.31213872833,117145.09393063583,115794.71820809248,116807.5,5151,0.0,0.0
2023-11-06 00:00:00+09:00,118411.05539978293,118411.05539978293,116554.28902858177,116638.6875,5226,0.0,0.0
2023-11-07 00:00:00+09:00,116216.71171875,116301.11020220589,113684.75721507354,114781.9375,8938,0.0,0.0
2023-11-08 00:00:00+09:00,114866.34411350627,115372.73505008308,113600.36677206424,114275.5546875,4311,0.0,0.0
2023-11-09 00:00:00+09:00,114781.92976804123,114781.92976804123,113853.54651256443,114613.1328125,4871,0.0,0.0
2023-11-10 00:00:00+09:00,114697.53892483481,115710.32072549559,114359.94499128121,114950.734375,4965,0.0,0.0
2023-11-13 00:00:00+09:00,114866.32873444464,115372.7196032225,113600.3515625,113600.3515625,2740,0.0,0.0
2023-11-14 00:00:00+09:00,113769.15551686217,115457.12518328446,113515.96006689883,115119.53125,4620,0.0,0.0
2023-11-15 00:00:00+09:00,115710.31210400072,116554.296875,115541.51514980088,116554.296875,3727,0.0,0.0
2023-11-16 00:00:00+09:00,116638.70303468208,116807.5,115625.92124277457,116807.5,3078,0.0,0.0
2023-11-17 00:00:00+09:00,116469.89875637756,116469.89875637756,115035.12464126275,115794.7109375,2954,0.0,0.0
2023-11-20 00:00:00+09:00,116047.922286485,116301.11775329188,115035.1404192575,115372.734375,3423,0.0,0.0
2023-11-21 00:00:00+09:00,115035.11746425278,115457.10982472326,114359.9296875,114359.9296875,5775,0.0,0.0
2023-11-22 00:00:00+09:00,114613.14797457938,115457.13286393564,114359.9525077725,115372.734375,3307,0.0,0.0
2023-11-24 00:00:00+09:00,115035.13253857743,115963.51585326881,114950.73405542367,115541.5234375,2841,0.0,0.0
2023-11-27 00:00:00+09:00,116047.9217219249,116723.10963012518,115372.7338137246,116301.1171875,2854,0.0,0.0
2023-11-28 00:00:00+09:00,116047.90601240045,117229.48469179943,116047.90601240045,116554.296875,3920,0.0,0.0
2023-11-29 00:00:00+09:00,116638.69539175724,117398.28168591484,116301.10148324275,116469.8984375,2477,0.0,0.0
2023-11-30 00:00:00+09:00,116723.09386888586,116807.4923460145,115625.91366621376,116469.8984375,5996,0.0,0.0
2023-12-01 00:00:00+09:00,116638.68857559215,116807.48551998519,114022.3359375,114022.3359375,6657,0.0,0.0
2023-12-04 00:00:00+09:00,115288.3203525641,115541.5157852564,114697.53100961538,115203.921875,4409,0.0,0.0
2023-12-05 00:00:00+09:00,115119.53890819312,115625.92984180688,114781.94495245062,115372.734375,3088,0.0,0.0
2023-12-06 00:00:00+09:00,115457.12495434625,115963.51585326881,114950.73405542367,115541.5234375,2743,0.0,0.0
2023-12-07 00:00:00+09:00,115625.9146271202,115625.9146271202,114106.74202617994,114444.3359375,4259,0.0,0.0
2023-12-08 00:00:00+09:00,114191.14775219298,115457.125,114106.74926900584,115457.125,7970,0.0,0.0
2023-12-11 00:00:00+09:00,116469.9065686453,116469.9065686453,114866.3353912509,115879.1171875,3437,0.0,0.0
2023-12-12 00:00:00+09:00,116301.10188184306,116301.10188184306,115119.5231979927,115625.9140625,3030,0.0,0.0
2023-12-13 00:00:00+09:00,115625.9222421072,115710.32072549559,114613.1404414464,114950.734375,3523,0.0,0.0
2023-12-14 00:00:00+09:00,115288.32821664223,115794.71911656891,115035.13276667889,115119.53125,4110,0.0,0.0
2023-12-15 00:00:00+09:00,114781.92920918368,116047.90636957908,114781.92920918368,115794.7109375,5338,0.0,0.0
2023-12-18 00:00:00+09:00,115457.11767146018,115457.11767146018,114191.14050400996,114444.3359375,4317,0.0,0.0
2023-12-19 00:00:00+09:00,114191.14807012306,115119.53138776634,113515.96020274614,114866.3359375,6712,0.0,0.0
2023-12-20 00:00:00+09:00,114191.14802450441,115794.719208884,113684.75712417401,114950.734375,5566,0.0,0.0
2023-12-21 00:00:00+09:00,114106.7500925926,114950.73493055555,113769.15615740741,113937.953125,4012,0.0,0.0
2023-12-22 00:00:00+09:00,114106.74198599852,114866.32828620118,113684.74959699705,114528.734375,4685,0.0,0.0
2023-12-25 00:00:00+09:00,114106.74284244012,114106.74284244012,112418.77327376496,112756.3671875,5180,0.0,0.0
2023-12-26 00:00:00+09:00,113009.57049976592,113262.76595271536,111912.3902036517,112671.9765625,6617,0.0,0.0
2023-12-27 00:00:00+09:00,113262.74955027676,114359.9296875,113093.95260608857,114359.9296875,5594,0.0,0.0
2023-12-28 00:00:00+09:00,116047.91365606937,116807.5,114528.74096820809,116807.5,4636,0.0,0.0
2023-12-29 00:00:00+09:00,116216.70238068589,117989.07039084885,116216.70238068589,117820.2734375,3390,0.0,0.0
2024-01-04 00:00:00+09:00,118157.87544964028,118242.27393210432,116723.1012477518,117313.890625,4495,0.0,0.0
2024-01-05 00:00:00+09:00,117398.28782923715,120267.83620177062,117398.28782923715,119761.4453125,7534,0.0,0.0
2024-01-09 00:00:00+09:00,119930.22692819149,120689.81316489363,118579.8513962766,119001.84375,4610,0.0,0.0
2024-01-10 00:00:00+09:00,118833.06205923836,120521.03169076164,118833.06205923836,119677.046875,5933,0.0,0.0
2024-01-11 00:00:00+09:00,119845.83605328157,120014.6330054693,119423.84367281228,119592.640625,3457,0.0,0.0
2024-01-12 00:00:00+09:00,119930.2582548213,120014.65674761146,119086.27332691968,119255.0703125,4512,0.0,0.0
2024-01-15 00:00:00+09:00,119255.05455508475,119761.44544491525,119170.65607344633,119508.25,630,0.0,0.0
2024-01-16 00:00:00+09:00,119255.05508814103,120436.6338363604,118495.46875,118495.46875,2625,0.0,0.0
2024-01-17 00:00:00+09:00,118411.07026798434,119255.05508814103,118157.87482193732,118495.46875,4610,0.0,0.0
2024-01-18 00:00:00+09:00,118157.88306451612,118326.68004032258,117313.89818548386,117735.890625,6875,0.0,0.0
2024-01-19 00:00:00+09:00,118157.86714846538,118664.25800767308,117651.47628925767,118242.265625,3831,0.0,0.0
2024-01-22 00:00:00+09:00,118242.27255783779,120183.43763194933,118242.27255783779,119930.2421875,3421,0.0,0.0
2024-01-23 00:00:00+09:00,119930.22692819149,120267.82081117021,118664.24986702128,119001.84375,5157,0.0,0.0
2024-01-24 00:00:00+09:00,119592.6414079277,119592.6414079277,117904.671875,117904.671875,5188,0.0,0.0
2024-01-25 00:00:00+09:00,117482.69551512969,117567.0940032871,116385.51516908321,117145.1015625,4582,0.0,0.0
2024-01-26 00:00:00+09:00,117145.09388537906,117482.68781588448,116638.70298962093,116891.8984375,3860,0.0,0.0
2024-01-29 00:00:00+09:00,116301.10148324275,117145.08625452899,116132.3045289855,116469.8984375,17106,0.0,0.0
2024-01-30 00:00:00+09:00,116845.54098966027,117624.51126292467,116585.88423190547,117191.75,6464,3434.0,0.0
2024-01-31 00:00:00+09:00,116758.98392472867,117451.40191686939,115547.2524384824,115633.8046875,6893,0.0,0.0
2024-02-01 00:00:00+09:00,115287.59523809524,115374.14748677249,113989.31150793651,114508.625,11800,0.0,0.0
2024-02-02 00:00:00+09:00,115114.49654728464,115893.46682467229,115027.94429424158,115547.2578125,4600,0.0,0.0
2024-02-05 00:00:00+09:00,115633.80955717489,116499.33208380044,115201.0482938621,115806.9140625,4499,0.0,0.0
2024-02-06 00:00:00+09:00,115460.703125,116412.77788839955,114422.0761103823,115460.703125,5403,0.0,0.0
2024-02-07 00:00:00+09:00,116153.12317984115,116326.22768532527,114422.078125,114422.078125,4252,0.0,0.0
2024-02-08 00:00:00+09:00,114854.83105542453,115720.35352004717,114595.17431603774,114681.7265625,3457,0.0,0.0
2024-02-09 00:00:00+09:00,114854.83837302335,115720.3608927899,114768.28612104668,114941.390625,5196,0.0,0.0
2024-02-13 00:00:00+09:00,114941.38768796992,115720.35793585527,114508.62643914473,115114.4921875,5058,0.0,0.0
2024-02-14 00:00:00+09:00,115114.48482789856,115114.48482789856,113296.887699037,113469.9921875,6455,0.0,0.0
2024-02-15 00:00:00+09:00,113729.66354641231,114422.08158931285,113123.79775887434,113989.3203125,5046,0.0,0.0
2024-02-16 00:00:00+09:00,109921.3525390625,110873.42724609375,108796.17333984375,109402.0390625,31696,0.0,0.0
2024-02-19 00:00:00+09:00,109834.80177415338,110267.56301045817,108536.51806523904,108623.0703125,11045,0.0,0.0
2024-02-20 00:00:00+09:00,108709.62450357426,110094.46048451151,108709.62450357426,108969.28125,14212,0.0,0.0
2024-02-21 00:00:00+09:00,109748.25261056512,109834.80486025798,105334.0878762285,105680.296875,59613,0.0,0.0
2024-02-22 00:00:00+09:00,104122.35011215965,105507.18602387582,103862.69337871287,104901.3203125,103821,0.0,0.0
2024-02-26 00:00:00+09:00,105593.737375,108709.61815000001,105420.6328875,108190.3046875,51216,0.0,0.0
2024-02-27 00:00:00+09:00,109748.25099049129,110440.668977813,108623.07176109351,109228.9375,82681,0.0,0.0
2024-02-28 00:00:00+09:00,108969.27640128006,112691.0229344453,108882.72415632273,111565.84375,139850,0.0,0.0
2024-02-29 00:00:00+09:00,109402.05277777778,111479.30694444444,107584.45538194444,109055.84375,165700,0.0,0.0
2024-03-01 00:00:00+09:00,110786.87549563838,110959.97998860032,108190.30810120936,109142.3828125,26830,0.0,0.0
2024-03-04 00:00:00+09:00,110007.90769879695,111825.5049149061,110007.90769879695,110613.7734375,31394,0.0,0.0
2024-03-05 00:00:00+09:00,110959.99340277776,111392.7546875,109055.84375,109055.84375,19930,0.0,0.0
2024-03-06 00:00:00+09:00,109921.35639072205,111998.61036975932,109402.04289596273,111479.296875,18238,0.0,0.0
2024-03-07 00:00:00+09:00,112431.37897584237,113296.90152377033,111046.54289915762,111738.9609375,18403,0.0,0.0
2024-03-08 00:00:00+09:00,110786.87987519501,112344.82037343994,110527.22312548752,110959.984375,19761,0.0,0.0
2024-03-11 00:00:00+09:00,110786.87304075235,111912.0522200725,109488.58937230604,110440.6640625,12852,0.0,0.0
2024-03-12 00:00:00+09:00,110440.67481848507,110700.33157746271,109488.6000355671,110267.5703125,12341,0.0,0.0
2024-03-13 00:00:00+09:00,109921.35699321628,110094.4614924182,107757.55075319234,108449.96875,13050,0.0,0.0
2024-03-14 00:00:00+09:00,109142.39002075195,111046.5395690918,108623.07650756836,110786.8828125,17419,0.0,0.0
2024-03-15 00:00:00+09:00,111046.53173828125,114075.8603515625,110440.666015625,113556.546875,29830,0.0,0.0
2024-03-18 00:00:00+09:00,113989.3100600779,114335.51905038944,113037.23533672113,113902.7578125,16989,0.0,0.0
2024-03-19 00:00:00+09:00,115027.94170937043,118749.68850658859,114595.18045387995,118230.375,18025,0.0,0.0
2024-03-21 00:00:00+09:00,118576.57811372656,120134.51855609668,118057.26463293651,119961.4140625,11659,0.0,0.0
2024-03-22 00:00:00+09:00,120913.4824064519,121000.03464868988,119874.8554995962,120567.2734375,10818,0.0,0.0
2024-03-25 00:00:00+09:00,121173.13082020057,122125.20541950215,120480.71292979943,120826.921875,13035,0.0,0.0
2024-03-26 00:00:00+09:00,120913.50103342917,121086.60554457224,119874.8739665708,120394.1875,9261,0.0,0.0
2024-03-27 00:00:00+09:00,120913.50103342917,121259.7100557153,120047.97847771387,120394.1875,10970,0.0,0.0
2024-03-28 00:00:00+09:00,120653.831550437,120653.831550437,118576.57763565186,118836.234375,17197,0.0,0.0
2024-03-29 00:00:00+09:00,119355.5557986367,119355.5557986367,117018.64498894621,117451.40625,4947,0.0,0.0
2024-04-01 00:00:00+09:00,117624.50881721174,118749.68807742053,116239.67280464708,117105.1953125,9215,0.0,0.0
2024-04-02 00:00:00+09:00,117711.06362107623,118143.824884389,114854.83928321188,115806.9140625,11440,0.0,0.0
2024-04-03 00:00:00+09:00,115201.04152616832,115201.04152616832,113210.3398318769,113902.7578125,14136,0.0,0.0
2024-04-04 00:00:00+09:00,113902.75975378788,114681.72999526515,113383.4462594697,114248.96875,8281,0.0,0.0
2024-04-05 00:00:00+09:00,114248.96680281156,114595.17579312311,113210.3398318769,113902.7578125,10168,0.0,0.0
2024-04-08 00:00:00+09:00,114248.97831156717,116326.23246268657,114075.87379897389,115980.0234375,7781,0.0,0.0
2024-04-09 00:00:00+09:00,116499.32568540891,117018.63917286244,115720.35545422861,116412.7734375,5785,0.0,0.0
2024-04-10 00:00:00+09:00,116932.0913957084,117451.40490301725,115287.59862256372,115460.703125,8098,0.0,0.0
2024-04-11 00:00:00+09:00,114681.73959305038,116066.57569379665,114335.53056786381,115980.0234375,9087,0.0,0.0
2024-04-12 00:00:00+09:00,116066.56101811457,116066.56101811457,113469.99365753036,114075.859375,10590,0.0,0.0
2024-04-15 00:00:00+09:00,114335.52054442426,114335.52054442426,112691.02781895563,113123.7890625,8757,0.0,0.0
2024-04-16 00:00:00+09:00,113123.78856750955,113816.20655415076,112344.81833253817,113383.4453125,9743,0.0,0.0
2024-04-17 00:00:00+09:00,113210.34081583969,114248.96779580152,112691.02732585877,113383.4453125,6530,0.0,0.0
2024-04-18 00:00:00+09:00,113210.34281105547,113816.2085600443,112344.8203125,112344.8203125,7459,0.0,0.0
2024-04-19 00:00:00+09:00,112517.92581753095,112691.03031878869,111046.53755684017,111825.5078125,10802,0.0,0.0
2024-04-22 00:00:00+09:00,112258.27140827922,113902.76420454546,112258.27140827922,113296.8984375,10252,0.0,0.0
2024-04-23 00:00:00+09:00,113989.30271801219,114681.72065403654,113643.09375,113643.09375,11023,0.0,0.0
2024-04-24 00:00:00+09:00,113729.64599200305,114162.40720201828,112950.67581397563,113643.09375,7820,0.0,0.0
2024-04-25 00:00:00+09:00,113643.11581163859,113902.77258805513,113037.25,113037.25,8172,0.0,0.0
2024-04-26 00:00:00+09:00,113210.337890625,113816.20361328125,112344.8154296875,113556.546875,7935,0.0,0.0
2024-04-30 00:00:00+09:00,113556.56355283307,113729.66807044411,112431.38418836141,113037.25,13717,0.0,0.0
2024-05-01 00:00:00+09:00,112950.6953125,113037.24756944444,111825.51597222222,112950.6953125,15886,0.0,0.0
2024-05-02 00:00:00+09:00,113037.24424024342,114162.42354738215,111912.06493310472,111998.6171875,21380,0.0,0.0
2024-05-07 00:00:00+09:00,112691.03267045454,113296.8984375,112258.27140827922,113296.8984375,13109,0.0,0.0
2024-05-08 00:00:00+09:00,113123.78955976803,113556.55080521473,112431.3715670533,112864.1328125,9594,0.0,0.0
2024-05-09 00:00:00+09:00,113210.33692147193,114248.96386570562,113210.33692147193,114075.859375,8593,0.0,0.0
2024-05-10 00:00:00+09:00,114508.62554519747,114508.62554519747,112344.81931796396,112864.1328125,13943,0.0,0.0
2024-05-13 00:00:00+09:00,112864.13035443517,114335.51855690865,112777.57810723086,114162.4140625,9719,0.0,0.0
2024-05-14 00:00:00+09:00,114335.52099905303,115287.59573863637,113989.31200284092,114248.96875,7108,0.0,0.0
2024-05-15 00:00:00+09:00,113902.77311972372,114162.42989735227,112517.93697237145,112777.59375,10458,0.0,0.0
2024-05-16 00:00:00+09:00,113123.80225880552,113470.01129402756,112517.93644716693,113037.25,9200,0.0,0.0
2024-05-17 00:00:00+09:00,112517.93019949883,112777.58696149768,111738.95991350232,112258.2734375,12929,0.0,0.0
2024-05-20 00:00:00+09:00,112344.81395461598,112431.36619957331,111219.63477017067,111565.84375,13212,0.0,0.0
2024-05-21 00:00:00+09:00,111392.74857788086,111565.85308227538,110354.12155151367,110786.8828125,11238,0.0,0.0
2024-05-22 00:00:00+09:00,110613.77688040063,110873.433633641,110181.015625,110181.015625,6665,0.0,0.0
2024-05-23 00:00:00+09:00,110094.46438437254,110354.12113999606,109142.38961375297,109661.703125,10753,0.0,0.0
2024-05-24 00:00:00+09:00,109228.93799642574,109402.0424940429,108536.5200059571,108969.28125,9003,0.0,0.0
2024-05-27 00:00:00+09:00,109315.49319436157,109315.49319436157,108190.31392949482,108796.1796875,9330,0.0,0.0
2024-05-28 00:00:00+09:00,108796.18352890316,109748.25832509881,108709.63127470356,109488.6015625,6317,0.0,0.0
2024-05-29 00:00:00+09:00,109488.59726688103,109488.59726688103,107411.34324758842,107671.0,15233,0.0,0.0
2024-05-30 00:00:00+09:00,107411.34567645582,108276.86820406627,106632.37540160643,107757.5546875,12298,0.0,0.0
2024-05-31 00:00:00+09:00,108103.7699611244,108796.18802332535,107930.66544557415,108536.53125,11879,0.0,0.0
2024-06-03 00:00:00+09:00,109228.94428972791,110354.12358906743,108882.73527454653,109748.2578125,8505,0.0,0.0
2024-06-04 00:00:00+09:00,110007.91664385947,110094.46889928343,108709.6328125,108709.6328125,10137,0.0,0.0
2024-06-05 00:00:00+09:00,108969.27193989616,109575.13762979233,108363.40625,108363.40625,5822,0.0,0.0
2024-06-06 00:00:00+09:00,108449.96875,108623.07324920192,107844.10300279329,108449.96875,5750,0.0,0.0
2024-06-07 00:00:00+09:00,108623.07824480429,108709.6304983858,107151.68993391849,107238.2421875,7754,0.0,0.0
2024-06-10 00:00:00+09:00,107324.78225,108363.40917500001,107238.23000625,108190.3046875,6795,0.0,0.0
2024-06-11 00:00:00+09:00,108709.63401539708,108709.63401539708,106805.484375,106805.484375,10339,0.0,0.0
2024-06-12 00:00:00+09:00,106892.02781628024,107670.99805947581,106892.02781628024,107324.7890625,7934,0.0,0.0
2024-06-13 00:00:00+09:00,107757.54737841558,108103.75636597675,106113.0546875,106113.0546875,16572,0.0,0.0
2024-06-14 00:00:00+09:00,106113.06684098295,107065.14166582048,105939.96232737612,106545.828125,8660,0.0,0.0
2024-06-17 00:00:00+09:00,106978.58062039313,107065.132870086,105507.19237561425,105680.296875,15208,0.0,0.0
2024-06-18 00:00:00+09:00,106026.51267700693,106199.6171875,105507.19914552772,106199.6171875,7349,0.0,0.0
2024-06-19 00:00:00+09:00,106372.71773785425,106892.03125,106113.06098178138,106892.03125,5380,0.0,0.0
2024-06-20 00:00:00+09:00,106892.02246801974,107757.5449171535,106718.91797819299,107411.3359375,5804,0.0,0.0
2024-06-21 00:00:00+09:00,107324.79393115941,107844.10745018115,107065.13717164854,107497.8984375,12231,0.0,0.0
2024-06-24 00:00:00+09:00,107930.65817970624,108276.8671875,107497.89691996403,108276.8671875,5518,0.0,0.0
2024-06-25 00:00:00+09:00,108363.42225790513,109575.1538166996,108276.87000370552,109488.6015625,7445,0.0,0.0
2024-06-26 00:00:00+09:00,109575.1508731255,109834.80762874903,108882.73285812944,109661.703125,7982,0.0,0.0
2024-06-27 00:00:00+09:00,109921.35699321628,110007.90924281723,107844.10300279329,108449.96875,16369,0.0,0.0
2024-06-28 00:00:00+09:00,109661.70068745063,109921.35743730252,108969.28268784558,109575.1484375,8596,0.0,0.0
2024-07-01 00:00:00+09:00,110267.57185029644,110440.67635869565,109142.39254570157,109488.6015625,7637,0.0,0.0
2024-07-02 00:00:00+09:00,109834.8051873519,109834.8051873519,108969.28268784558,109575.1484375,5700,0.0,0.0
2024-07-03 00:00:00+09:00,109748.25690580286,109748.25690580286,108103.76409727742,108882.734375,15960,0.0,0.0
2024-07-04 00:00:00+09:00,109055.84375,109055.84375,108363.42569444444,109055.84375,4588,0.0,0.0
2024-07-05 00:00:00+09:00,109228.9345703125,109661.69580078125,108796.17333984375,109402.0390625,9264,0.0,0.0
2024-07-08 00:00:00+09:00,109834.80373808579,109921.35598689436,108969.28125,108969.28125,7323,0.0,0.0
2024-07-09 00:00:00+09:00,109055.83543646081,109402.04443784639,108709.62643507522,109315.4921875,5455,0.0,0.0
2024-07-10 00:00:00+09:00,109488.6015625,109661.7060708992,109055.84029150197,109488.6015625,4428,0.0,0.0
2024-07-11 00:00:00+09:00,109575.14793882979,109921.35693705674,109315.49119015958,109834.8046875,8631,0.0,0.0
2024-07-12 00:00:00+09:00,109575.15128173828,111998.61434326171,109488.59902954102,110786.8828125,15252,0.0,0.0
2024-07-16 00:00:00+09:00,111565.85308227538,111565.85308227538,110354.12155151367,110786.8828125,8017,0.0,0.0
2024-07-17 00:00:00+09:00,111306.187015128,111912.05272982932,110959.97803529867,111565.84375,9381,0.0,0.0
2024-07-18 00:00:00+09:00,111306.19092749804,111738.9521674961,110873.4296875,110873.4296875,6960,0.0,0.0
2024-07-19 00:00:00+09:00,111219.6396752451,111306.1919240196,109834.80369485293,110354.1171875,8729,0.0,0.0
2024-07-22 00:00:00+09:00,110354.11919165676,110354.11919165676,108709.62643507522,109315.4921875,9344,0.0,0.0
2024-07-23 00:00:00+09:00,109488.59424524565,109834.8032389065,108709.62400950873,109228.9375,6547,0.0,0.0
2024-07-24 00:00:00+09:00,109315.50052083333,109488.60503472222,108623.08246527777,109055.84375,7016,0.0,0.0
2024-07-25 00:00:00+09:00,108709.62946787149,108796.18172063254,107671.00243473896,107757.5546875,11916,0.0,0.0
2024-07-26 00:00:00+09:00,107844.1030593169,108276.8643075485,107065.1328125,107065.1328125,12265,0.0,0.0
2024-07-29 00:00:00+09:00,106113.05659359953,108190.3105562801,106113.05659359953,107844.1015625,28197,0.0,0.0
2024-07-30 00:00:00+09:00,108565.49238976538,110257.65346885113,108565.49238976538,110079.53125,18385,3510.0,0.0
2024-07-31 00:00:00+09:00,109723.28681229774,110613.8979065534,109545.1645934466,110079.53125,8417,0.0,0.0
2024-08-01 00:00:00+09:00,109545.1728562802,110702.96736614332,108743.62281099035,110613.90625,11798,0.0,0.0
2024-08-02 00:00:00+09:00,109099.87408542869,109367.05745053587,107496.77389478566,108031.140625,14348,0.0,0.0
2024-08-05 00:00:00+09:00,105092.11985518293,106606.15887004574,102242.1640625,102242.1640625,25508,0.0,0.0
2024-08-06 00:00:00+09:00,104914.0040823247,109188.9380347454,104201.51509025459,106695.2265625,17787,0.0,0.0
2024-08-07 00:00:00+09:00,105893.66506426936,108921.7429550895,105181.17614878227,106962.3984375,13431,0.0,0.0
2024-08-08 00:00:00+09:00,106873.3373230641,108565.49849734595,106517.09286532056,106962.3984375,6971,0.0,0.0
2024-08-09 00:00:00+09:00,107407.71138859833,108209.26147358786,106071.79458028243,106428.0390625,10785,0.0,0.0
2024-08-13 00:00:00+09:00,107229.58688836348,109099.87038060238,107229.58688836348,108298.3203125,11140,0.0,0.0
2024-08-14 00:00:00+09:00,108654.57075856444,109188.9375,108031.14289355629,109188.9375,8235,0.0,0.0
2024-08-15 00:00:00+09:00,109812.35620471014,110613.90625,108832.68392713365,110613.90625,7862,0.0,0.0
2024-08-16 00:00:00+09:00,111059.21321902655,111059.21321902655,109990.4798119469,110702.96875,5563,0.0,0.0
2024-08-19 00:00:00+09:00,110346.72102100203,110613.90436487854,109456.10987474697,109990.4765625,5247,0.0,0.0
2024-08-20 00:00:00+09:00,110435.77847334411,110613.9006966882,109723.28957996769,110257.65625,4253,0.0,0.0
2024-08-21 00:00:00+09:00,109990.47014057443,110435.77568770226,109188.92015574433,110079.53125,4560,0.0,0.0
2024-08-22 00:00:00+09:00,109812.35017375203,109812.35017375203,108921.73906123174,109723.2890625,3738,0.0,0.0
2024-08-23 00:00:00+09:00,109723.29321862348,110346.72102100203,109367.04876012146,109990.4765625,4708,0.0,0.0
2024-08-26 00:00:00+09:00,110435.78312951083,111059.2109375,110168.59978322976,111059.2109375,5663,0.0,0.0
2024-08-27 00:00:00+09:00,111148.26890923567,111860.7578125,110792.0244576035,111860.7578125,7036,0.0,0.0
2024-08-28 00:00:00+09:00,111682.6383520469,112484.18838806637,111148.27166136724,112038.8828125,8934,0.0,0.0
2024-08-29 00:00:00+09:00,112038.8873875,112573.2541,110970.1539625,111326.3984375,5988,0.0,0.0
2024-08-30 00:00:00+09:00,110613.90625,111148.2729468599,110346.72290157004,110613.90625,10363,0.0,0.0
2024-09-02 00:00:00+09:00,110881.09098451327,111237.33545353982,110168.60204646018,110702.96875,5731,0.0,0.0
2024-09-03 00:00:00+09:00,110792.02570564517,110881.08681955645,110257.65902217742,110435.78125,3533,0.0,0.0
2024-09-04 00:00:00+09:00,110168.61124694376,110435.79462102689,108743.63325183374,109278.0,7487,0.0,0.0
2024-09-05 00:00:00+09:00,109188.93887530563,110168.61124694376,108743.63325183374,109278.0,5442,0.0,0.0
2024-09-06 00:00:00+09:00,109634.24081564303,109634.24081564303,108031.140625,108031.140625,5962,0.0,0.0
2024-09-09 00:00:00+09:00,107407.7053998544,107942.07209338601,106695.21647514559,107051.4609375,5899,0.0,0.0
2024-09-10 00:00:00+09:00,107674.89613819044,108743.62959861913,107585.83501648804,108031.140625,5307,0.0,0.0
2024-09-11 00:00:00+09:00,108120.19572163341,108120.19572163341,106428.03450358479,107140.5234375,7087,0.0,0.0
2024-09-12 00:00:00+09:00,108120.20681513211,108387.39019276424,107407.71780811313,107853.0234375,6103,0.0,0.0
2024-09-13 00:00:00+09:00,108476.44349297638,109634.23804585708,107853.01565680985,109367.0546875,10309,0.0,0.0
2024-09-17 00:00:00+09:00,109099.86709695778,109367.05044495034,106784.27808102235,107585.828125,5964,0.0,0.0
2024-09-18 00:00:00+09:00,107140.5239221464,107763.95174214226,106873.34057071959,107674.890625,6193,0.0,0.0
2024-09-19 00:00:00+09:00,107407.70817327657,108031.1359984946,106695.21923017026,107229.5859375,10590,0.0,0.0
2024-09-20 00:00:00+09:00,107585.84005986787,108387.39019276424,107496.7789339905,107853.0234375,12268,0.0,0.0
2024-09-24 00:00:00+09:00,107942.0795032976,108120.20174670238,107318.65165138087,108031.140625,4897,0.0,0.0
2024-09-25 00:00:00+09:00,107674.89613819044,108387.38511180956,107051.4682862737,108031.140625,7211,0.0,0.0
2024-09-26 00:00:00+09:00,108120.20082871511,108476.4453125,107763.95634493021,108476.4453125,6917,0.0,0.0
2024-09-27 00:00:00+09:00,108654.56526186579,109367.05421440263,108476.44302373158,108832.6875,8235,0.0,0.0
2024-09-30 00:00:00+09:00,107942.07950982441,108031.14063153218,106428.04044079222,106517.1015625,13995,0.0,0.0
2024-10-01 00:00:00+09:00,106249.91635565601,106428.03859598402,104735.87731286795,105893.671875,14957,0.0,0.0
2024-10-02 00:00:00+09:00,105804.60799283908,105893.66911067818,105092.11905012636,105715.546875,8867,0.0,0.0
2024-10-03 00:00:00+09:00,106249.91591145833,107318.64934895834,106160.85479166667,106873.34375,7819,0.0,0.0
2024-10-04 00:00:00+09:00,106695.22518535923,107229.59192251462,106606.1640625,106606.1640625,4557,0.0,0.0
2024-10-07 00:00:00+09:00,106338.9728151483,106517.09504766949,105003.0560712394,105092.1171875,7456,0.0,0.0
2024-10-08 00:00:00+09:00,104913.99028608028,105003.05139837746,103667.13471391973,104290.5625,9788,0.0,0.0
2024-10-09 00:00:00+09:00,104379.63327674023,105003.0611205433,104290.57215619694,104914.0,3786,0.0,0.0
2024-10-10 00:00:00+09:00,105003.06018171097,105003.06018171097,103845.265625,103845.265625,6706,0.0,0.0
2024-10-11 00:00:00+09:00,103845.26515355603,103934.3262728987,102776.53172144397,103310.8984375,12143,0.0,0.0
2024-10-15 00:00:00+09:00,103310.89428478824,103667.13874783924,102776.52759021176,103043.7109375,10493,0.0,0.0
2024-10-16 00:00:00+09:00,102687.45815459383,103221.82480587532,102153.09150331233,102509.3359375,12389,0.0,0.0
2024-10-17 00:00:00+09:00,102776.52620836938,103756.1984685878,102687.46509380406,102954.6484375,6243,0.0,0.0
2024-10-18 00:00:00+09:00,103221.83731815733,103489.02067618535,102687.4706021013,103310.8984375,6658,0.0,0.0
2024-10-21 00:00:00+09:00,103399.95817380285,103578.0804101057,102687.46922859146,103221.8359375,4659,0.0,0.0
2024-10-22 00:00:00+09:00,102954.65301067074,103132.77524771342,101885.91958841463,102242.1640625,10587,0.0,0.0
2024-10-23 00:00:00+09:00,102242.16226791883,103132.7734375,102153.10115096072,103132.7734375,5748,0.0,0.0
2024-10-24 00:00:00+09:00,103132.7789574236,103221.84007914847,101974.984375,101974.984375,7027,0.0,0.0
2024-10-25 00:00:00+09:00,102064.04044518308,102509.34603176765,101529.6737412816,102153.1015625,7204,0.0,0.0
2024-10-28 00:00:00+09:00,101796.85257711039,103132.76927759741,101618.7303503788,102865.5859375,4650,0.0,0.0
2024-10-29 00:00:00+09:00,102509.34286467344,103221.83178119593,102242.15952097751,102954.6484375,5706,0.0,0.0
2024-10-30 00:00:00+09:00,102687.46509380406,103489.01512489187,102687.46509380406,102954.6484375,5557,0.0,0.0
2024-10-31 00:00:00+09:00,102865.58959960938,103667.1396484375,102509.34513346353,102598.40625,8992,0.0,0.0
2024-11-01 00:00:00+09:00,102420.27482895309,103221.82480587532,101974.9692862185,102509.3359375,4796,0.0,0.0
2024-11-05 00:00:00+09:00,102420.28673317943,102509.34785207784,101262.4921875,101262.4921875,7928,0.0,0.0
2024-11-06 00:00:00+09:00,101707.78596057776,102509.3359375,101529.66374348392,102509.3359375,5871,0.0,0.0
2024-11-07 00:00:00+09:00,102064.03158039648,102153.09268997797,100995.2982654185,101084.359375,9642,0.0,0.0
2024-11-08 00:00:00+09:00,100906.23854258363,101707.78853983275,100906.23854258363,101173.421875,11085,0.0,0.0
2024-11-11 00:00:00+09:00,101440.61764465066,101974.984375,101173.43427947599,101974.984375,6518,0.0,0.0
2024-11-12 00:00:00+09:00,101796.8612160326,102865.59466711956,101618.73897418477,102420.2890625,6506,0.0,0.0
2024-11-13 00:00:00+09:00,101707.79410635965,102242.1608004386,101262.48852796054,101529.671875,6946,0.0,0.0
2024-11-14 00:00:00+09:00,101529.67784642542,102153.10569285083,100906.25,100906.25,8589,0.0,0.0
2024-11-15 00:00:00+09:00,100995.30883080476,102153.10337648417,100995.30883080476,101262.4921875,7876,0.0,0.0
2024-11-18 00:00:00+09:00,101707.79916794815,101974.98252828426,101173.43244727592,101351.5546875,5745,0.0,0.0
2024-11-19 00:00:00+09:00,101529.6737412816,102420.28491445073,101351.55150664777,102153.1015625,8217,0.0,0.0
2024-11-20 00:00:00+09:00,102865.5859375,103132.76927759741,102153.0970305736,102865.5859375,5686,0.0,0.0
2024-11-21 00:00:00+09:00,102598.4067357513,103132.7734375,102420.28450183506,103132.7734375,6577,0.0,0.0
2024-11-22 00:00:00+09:00,102776.5248241342,103310.891504329,102598.4025974026,102865.5859375,5492,0.0,0.0
2024-11-25 00:00:00+09:00,103310.89615549828,104468.69068137887,103221.83503812285,103667.140625,8896,0.0,0.0
2024-11-26 00:00:00+09:00,104201.50684099742,104290.56795795553,103132.7734375,103132.7734375,5577,0.0,0.0
2024-11-27 00:00:00+09:00,103310.88591442224,103489.00813151606,102064.03039476542,102509.3359375,4410,0.0,0.0
2024-11-28 00:00:00+09:00,102420.28677426343,102776.53125,102153.10341746101,102776.53125,4403,0.0,0.0
2024-11-29 00:00:00+09:00,102331.23024378272,102598.41361256543,102064.046875,102064.046875,4651,0.0,0.0
2024-12-02 00:00:00+09:00,102420.28163410886,102420.28163410886,101440.609375,101440.609375,6447,0.0,0.0
2024-12-03 00:00:00+09:00,101440.61214121385,101796.85660878615,100906.2454398554,101618.734375,9328,0.0,0.0
2024-12-04 00:00:00+09:00,101885.91076144367,101974.97187224912,101173.421875,101173.421875,4586,0.0,0.0
2024-12-05 00:00:00+09:00,101084.36390860692,101351.54724933452,100371.875,100371.875,11574,0.0,0.0
2024-12-06 00:00:00+09:00,100371.87866297821,100817.18424710854,100104.6953125,100104.6953125,9455,0.0,0.0
2024-12-09 00:00:00+09:00,100104.68976004464,100371.87309570312,99392.20086495536,99748.4453125,17117,0.0,0.0
2024-12-10 00:00:00+09:00,100193.75277284827,100728.11945430345,100015.63054569653,100371.875,7720,0.0,0.0
2024-12-11 00:00:00+09:00,100193.7578125,100550.00228472223,99837.51334027777,100193.7578125,6843,0.0,0.0
2024-12-12 00:00:00+09:00,100371.87449124665,100460.93560437109,99570.32447312668,99837.5078125,10765,0.0,0.0
2024-12-13 00:00:00+09:00,99748.44808377897,100549.99811302363,99748.44808377897,99926.5703125,12575,0.0,0.0
2024-12-16 00:00:00+09:00,99837.5165420587,100282.82214661739,99214.08869567653,99392.2109375,11506,0.0,0.0
2024-12-17 00:00:00+09:00,99303.14388774488,100728.12173725512,99125.0216565561,100015.6328125,11717,0.0,0.0
2024-12-18 00:00:00+09:00,99570.328125,100728.12263808139,99570.328125,99570.328125,7584,0.0,0.0
2024-12-19 00:00:00+09:00,99303.13959088849,99570.32292611062,98234.40625,98234.40625,15150,0.0,0.0
2024-12-20 00:00:00+09:00,98768.77986800541,99303.1465760379,98501.59651398916,98679.71875,12726,0.0,0.0
2024-12-23 00:00:00+09:00,98501.59972838263,99481.27205841175,98501.59972838263,99392.2109375,8449,0.0,0.0
2024-12-24 00:00:00+09:00,99570.33682245575,100639.0703125,99392.21457411505,100639.0703125,7238,0.0,0.0
2024-12-25 00:00:00+09:00,100728.12223206378,100995.30558015943,100193.75553587245,100550.0,5236,0.0,0.0
2024-12-26 00:00:00+09:00,100460.94033347863,102153.1015625,100460.94033347863,102153.1015625,9653,0.0,0.0
2024-12-27 00:00:00+09:00,102331.2261247306,103399.95955684267,102242.16500538793,103310.8984375,7991,0.0,0.0
2024-12-30 00:00:00+09:00,103489.02111890774,104112.44895697344,102331.2265625,102331.2265625,10466,0.0,0.0
2025-01-06 00:00:00+09:00,103310.89251285348,104290.56476944087,103221.83139861825,103934.3203125,9640,0.0,0.0
2025-01-07 00:00:00+09:00,104201.50963092672,104379.63186961207,103310.8984375,103310.8984375,8186,0.0,0.0
2025-01-08 00:00:00+09:00,103489.01651631374,104023.38321089023,103043.7109375,103043.7109375,5882,0.0,0.0
2025-01-09 00:00:00+09:00,103043.71322094536,103221.83545641803,102242.1631613183,102687.46875,6344,0.0,0.0
2025-01-10 00:00:00+09:00,102687.45815459383,102687.45815459383,101974.9692862185,102509.3359375,5457,0.0,0.0
2025-01-14 00:00:00+09:00,102865.5923276715,102954.65344656992,101262.4921875,101262.4921875,9085,0.0,0.0
2025-01-15 00:00:00+09:00,101796.85709323235,102420.28491445073,101440.61262396468,102153.1015625,7660,0.0,0.0
2025-01-16 00:00:00+09:00,102687.45815459383,103132.76369732841,102331.21372040617,102509.3359375,5371,0.0,0.0
2025-01-17 00:00:00+09:00,102420.2890625,103043.71690896738,102064.04457880434,102420.2890625,8149,0.0,0.0
2025-01-20 00:00:00+09:00,102509.3414840368,102865.5859375,102153.0970305736,102865.5859375,8343,0.0,0.0
2025-01-21 00:00:00+09:00,102776.51926314074,103132.76369732841,102420.27482895309,102509.3359375,5271,0.0,0.0
2025-01-22 00:00:00+09:00,102598.4025974026,103310.891504329,102598.4025974026,102865.5859375,6562,0.0,0.0
2025-01-23 00:00:00+09:00,102776.52986773633,102865.59098547268,102242.1631613183,102687.46875,5976,0.0,0.0
2025-01-24 00:00:00+09:00,102687.46833387027,104290.568446628,102598.40721649484,103667.140625,8181,0.0,0.0
2025-01-27 00:00:00+09:00,104201.51649746193,105270.25,104023.39424703892,105270.25,6936,0.0,0.0
2025-01-28 00:00:00+09:00,105270.237146326,106784.27609005489,105003.05380331504,105448.359375,14843,0.0,0.0
2025-01-29 00:00:00+09:00,104201.5101304945,106249.91588519653,104201.5101304945,105359.3046875,27453,0.0,0.0
2025-01-30 00:00:00+09:00,106299.28648086073,106391.08206504109,105564.92180741782,106115.6953125,16996,3524.0,0.0
2025-01-31 00:00:00+09:00,106574.67840113147,106941.86075565733,105840.31369207974,106482.8828125,8989,0.0,0.0
2025-02-03 00:00:00+09:00,106482.88300304879,106666.47418064025,105289.54034870426,105381.3359375,9345,0.0,0.0
2025-02-04 00:00:00+09:00,105656.71745923912,106299.28654891305,105014.14836956521,105564.921875,8160,0.0,0.0
2025-02-05 00:00:00+09:00,105289.53640855777,106023.90109144223,105197.74082319722,105656.71875,6671,0.0,0.0
2025-02-06 00:00:00+09:00,105656.72132480485,106482.881613183,105564.92573720728,105840.3125,5905,0.0,0.0
2025-02-07 00:00:00+09:00,105932.10428048515,106115.69544908217,104922.35285320149,105014.1484375,8728,0.0,0.0
2025-02-10 00:00:00+09:00,105014.14460352424,105014.14460352424,103912.59763215859,104187.984375,10548,0.0,0.0
2025-02-12 00:00:00+09:00,104004.39836205004,104555.171875,103729.01160557507,104555.171875,6281,0.0,0.0
2025-02-13 00:00:00+09:00,104830.55720108695,105564.921875,104555.17044836956,105564.921875,7174,0.0,0.0
2025-02-14 00:00:00+09:00,105748.51928020566,107125.453125,105656.7236905527,107125.453125,9522,0.0,0.0
2025-02-17 00:00:00+09:00,107217.24225473322,107309.03783885542,106299.28641351119,106666.46875,6931,0.0,0.0
2025-02-18 00:00:00+09:00,106666.46996631737,107309.0390625,106574.67438114842,107309.0390625,5387,0.0,0.0
2025-02-19 00:00:00+09:00,107400.83585778062,108226.99613360969,107033.65351296769,107951.609375,8278,0.0,0.0
2025-02-20 00:00:00+09:00,107859.81902816227,107859.81902816227,107125.45430286413,107768.0234375,5202,0.0,0.0
2025-02-21 00:00:00+09:00,107768.01828258547,107768.01828258547,107033.65359241453,107400.8359375,5505,0.0,0.0
2025-02-25 00:00:00+09:00,107309.0364183717,107859.80991581416,107033.64966965048,107676.21875,5963,0.0,0.0
2025-02-26 00:00:00+09:00,108685.97406462586,108685.97406462586,106574.67558195154,107951.609375,10290,0.0,0.0
2025-02-27 00:00:00+09:00,107951.61194821731,108135.203125,107125.45165269525,108135.203125,6581,0.0,0.0
2025-02-28 00:00:00+09:00,108043.40607916316,109144.953125,107768.01931770395,109144.953125,18387,0.0,0.0
2025-03-03 00:00:00+09:00,109144.94925168634,109512.13158726812,108502.38016441821,108869.5625,7970,0.0,0.0
2025-03-04 00:00:00+09:00,109144.95740582192,109328.54858732877,106941.86322773973,107217.25,7735,0.0,0.0
2025-03-05 00:00:00+09:00,107033.64985119046,107309.03660037878,105656.71610524891,106023.8984375,8948,0.0,0.0
2025-03-06 00:00:00+09:00,106023.90101690794,106574.67452868409,105748.51426101987,106207.4921875,6050,0.0,0.0
2025-03-07 00:00:00+09:00,105656.7175275896,105932.10428048515,104738.76168460445,105014.1484375,8463,0.0,0.0
2025-03-10 00:00:00+09:00,105289.53648335153,105748.51441048035,104738.76297079695,105105.9453125,5068,0.0,0.0
2025-03-11 00:00:00+09:00,104738.7643366228,105473.12902960526,104555.17316337719,104646.96875,9338,0.0,0.0
2025-03-12 00:00:00+09:00,104646.96731103389,105748.51433536057,104646.96731103389,105656.71875,6727,0.0,0.0
2025-03-13 00:00:00+09:00,105473.12629076088,106207.49096467391,105289.53512228261,105564.921875,6989,0.0,0.0
2025-03-14 00:00:00+09:00,105748.51937984496,106574.6796875,105656.7237901055,106574.6796875,10960,0.0,0.0
2025-03-17 00:00:00+09:00,106482.8802353195,106758.26699454879,105840.3111304512,106299.2890625,6629,0.0,0.0
2025-03-18 00:00:00+09:00,106666.46733802216,107676.21875,106207.4894234868,107676.21875,7239,0.0,0.0
2025-03-19 00:00:00+09:00,107400.8371389125,108410.58859919287,107400.8371389125,108043.40625,5595,0.0,0.0
2025-03-21 00:00:00+09:00,108410.58842777544,109695.72664791842,108318.79284062237,109144.953125,13700,0.0,0.0
2025-03-24 00:00:00+09:00,108777.76449265653,109236.74240190824,105564.9191278945,107033.6484375,8863,0.0,0.0
2025-03-25 00:00:00+09:00,107125.44401935034,108135.19541970412,107033.6484375,107033.6484375,10219,0.0,0.0
2025-03-26 00:00:00+09:00,107125.4491786859,107768.01828258547,106207.49331597223,107400.8359375,8154,0.0,0.0
2025-03-27 00:00:00+09:00,107125.45557845745,107951.61590425532,107125.45557845745,107859.8203125,6216,0.0,0.0
2025-03-28 00:00:00+09:00,107492.63272621071,108318.79301189465,107033.65478971963,108043.40625,7499,0.0,0.0
2025-03-31 00:00:00+09:00,107951.60692771085,108043.40251183305,106666.46875,106666.46875,11388,0.0,0.0
2025-04-01 00:00:00+09:00,107859.81635982597,109236.75018569609,107676.2251830433,108135.203125,7534,0.0,0.0
2025-04-02 00:00:00+09:00,108318.7905739467,108777.76850010749,106299.28769883921,106758.265625,9345,0.0,0.0
2025-04-03 00:00:00+09:00,106207.48820084691,107033.6484375,105748.5102915952,107033.6484375,10795,0.0,0.0
2025-04-04 00:00:00+09:00,106023.90222293814,107309.04043170103,105932.10663659793,106850.0625,10623,0.0,0.0
2025-04-07 00:00:00+09:00,103178.23831958073,105289.536790533,101801.30453417708,102902.8515625,15513,0.0,0.0
2025-04-08 00:00:00+09:00,103912.60413910935,105473.12911292989,103637.21737902336,104096.1953125,9389,0.0,0.0
2025-04-09 00:00:00+09:00,103729.0180827109,104738.76958617092,103178.24453536907,104463.3828125,9743,0.0,0.0
2025-04-10 00:00:00+09:00,107217.24613733905,107676.22407457081,105840.31232564378,106941.859375,11867,0.0,0.0
2025-04-11 00:00:00+09:00,105840.30849290018,106941.85550236661,105473.12615641137,106666.46875,7313,0.0,0.0
2025-04-14 00:00:00+09:00,106666.47527723944,107584.43117463394,106299.29291828164,106574.6796875,5595,0.0,0.0
2025-04-15 00:00:00+09:00,106299.29043798786,106666.47278837815,105564.92573720728,105840.3125,6253,0.0,0.0
2025-04-16 00:00:00+09:00,106299.28648086073,106299.28648086073,105014.14830233564,106115.6953125,6157,0.0,0.0
2025-04-17 00:00:00+09:00,106115.6953125,106666.46881758218,105473.12622323746,106115.6953125,5759,0.0,0.0
2025-04-18 00:00:00+09:00,106299.2878475239,106482.879018245,105473.1275792789,105656.71875,4565,0.0,0.0
2025-04-21 00:00:00+09:00,105564.92316463945,105840.30992072112,105197.74082319722,105656.71875,2537,0.0,0.0
2025-04-22 00:00:00+09:00,105381.33319840241,106299.2890625,105289.53761199265,106299.2890625,4586,0.0,0.0
2025-04-23 00:00:00+09:00,106391.08076975108,106850.05868506493,106023.8984375,106023.8984375,3545,0.0,0.0
2025-04-24 00:00:00+09:00,106023.90116675764,106115.6967521834,105105.9453125,105105.9453125,4469,0.0,0.0
2025-04-25 00:00:00+09:00,105381.33199391834,106115.69667680278,105197.74082319722,105656.71875,7591,0.0,0.0
2025-04-28 00:00:00+09:00,105748.51426101987,106207.4921875,105197.74074924373,106207.4921875,8308,0.0,0.0
2025-04-30 00:00:00+09:00,106207.49850171233,107859.81913527398,105840.31613869863,107217.25,12568,0.0,0.0
2025-05-01 00:00:00+09:00,107033.6560643039,108135.203125,106482.88253395585,108135.203125,9614,0.0,0.0
2025-05-02 00:00:00+09:00,108226.99862093538,108685.9765625,107400.83832611909,108685.9765625,10826,0.0,0.0
2025-05-07 00:00:00+09:00,108777.77623005319,108777.77623005319,106941.86439494681,107859.8203125,6419,0.0,0.0
2025-05-08 00:00:00+09:00,108043.40912333118,108043.40912333118,106391.0885080211,106574.6796875,4850,0.0,0.0
2025-05-09 00:00:00+09:00,106391.08968321918,107217.25,106207.49850171233,107217.25,7010,0.0,0.0
2025-05-12 00:00:00+09:00,107676.2251830433,108135.203125,106941.86047591256,108135.203125,5847,0.0,0.0
2025-05-13 00:00:00+09:00,107859.81784222365,107951.61343187661,106574.67958708227,107125.453125,6485,0.0,0.0
2025-05-14 00:00:00+09:00,106482.88527397261,107492.63677226027,106482.88527397261,107217.25,6096,0.0,0.0
2025-05-15 00:00:00+09:00,107400.83464766895,107584.42581800684,106850.06113665526,107309.0390625,5613,0.0,0.0
2025-05-16 00:00:00+09:00,107400.83601804123,107951.60953608247,106666.47132731958,106850.0625,4526,0.0,0.0
2025-05-19 00:00:00+09:00,106941.859375,107125.4505498927,106207.49467542919,106941.859375,6280,0.0,0.0
2025-05-20 00:00:00+09:00,107125.44543425324,107309.03660037878,106023.8984375,106023.8984375,4235,0.0,0.0
2025-05-21 00:00:00+09:00,106115.69667680278,106207.49226216335,105381.33199391834,105656.71875,6736,0.0,0.0
2025-05-22 00:00:00+09:00,105748.51691240243,106023.90367519514,105381.33456201214,105840.3125,3481,0.0,0.0
2025-05-23 00:00:00+09:00,105840.31121148003,106023.9023844401,105564.92445203992,105748.515625,3823,0.0,0.0
2025-05-26 00:00:00+09:00,106023.8984375,106391.08076975108,105656.71610524891,106023.8984375,6885,0.0,0.0
2025-05-27 00:00:00+09:00,106023.90087013473,107400.83464766895,106023.90087013473,107309.0390625,4065,0.0,0.0
2025-05-28 00:00:00+09:00,107309.04282947793,108318.79430178268,107309.04282947793,108135.203125,3495,0.0,0.0
2025-05-29 00:00:00+09:00,108135.19660464376,108869.56126749363,108043.40102178753,108226.9921875,6204,0.0,0.0
2025-05-30 00:00:00+09:00,108594.17581435382,109420.33606991525,108318.7890625,108318.7890625,9500,0.0,0.0
2025-06-02 00:00:00+09:00,108594.18225870254,108777.7734375,107951.6131329114,108777.7734375,4839,0.0,0.0
2025-06-03 00:00:00+09:00,108502.38145008424,109420.33729991576,108226.9946951348,108961.359375,3765,0.0,0.0
2025-06-04 00:00:00+09:00,108961.359375,109603.92846988206,108869.56379001685,108961.359375,3872,0.0,0.0
2025-06-05 00:00:00+09:00,109144.95047281015,109512.1328125,108869.56371804276,109512.1328125,4426,0.0,0.0
2025-06-06 00:00:00+09:00,109603.9309754184,110062.90891082636,109512.13538833681,109695.7265625,6947,0.0,0.0
2025-06-09 00:00:00+09:00,109971.11332374476,110521.88684623431,109695.7265625,109695.7265625,5066,0.0,0.0
2025-06-10 00:00:00+09:00,109695.72784934157,110430.09255460912,109420.34108486622,109787.5234375,4973,0.0,0.0
2025-06-11 00:00:00+09:00,110154.70432891467,111531.63813302609,109879.31756809237,110797.2734375,8166,0.0,0.0
2025-06-12 00:00:00+09:00,110705.47913648593,111348.04825253518,110338.29678445778,110889.0703125,8852,0.0,0.0
2025-06-13 00:00:00+09:00,111072.66778609516,111898.828125,110430.09863361363,111898.828125,13036,0.0,0.0
2025-06-16 00:00:00+09:00,111898.82695828176,112724.9872885726,111164.46222024546,111256.2578125,7324,0.0,0.0
2025-06-17 00:00:00+09:00,111256.24969660194,113642.9349211165,111256.24969660194,113459.34375,9867,0.0,0.0
2025-06-18 00:00:00+09:00,113183.95577578315,113551.13811406631,112816.7734375,112816.7734375,6602,0.0,0.0
2025-06-19 00:00:00+09:00,113183.96232440961,113183.96232440961,112357.80201547232,112724.984375,5562,0.0,0.0
2025-06-20 00:00:00+09:00,112724.97675619835,112724.97675619835,111072.65625,111072.65625,10936,0.0,0.0
2025-06-23 00:00:00+09:00,111164.45817337224,112633.18759597666,111164.45817337224,112082.4140625,5394,0.0,0.0
2025-06-24 00:00:00+09:00,112724.984375,113183.96232440961,112449.59760535424,112724.984375,6436,0.0,0.0
2025-06-25 00:00:00+09:00,112449.59116925593,113183.95584627964,112266.0,112266.0,5123,0.0,0.0
2025-06-26 00:00:00+09:00,112816.77480341094,112908.57038909313,111531.63660386029,112357.796875,6905,0.0,0.0
2025-06-27 00:00:00+09:00,112449.59116925593,112816.77350776778,111807.02207686017,112266.0,5789,0.0,0.0
2025-06-30 00:00:00+09:00,112357.80092592593,112908.57445987655,111531.640625,111531.640625,9196,0.0,0.0
2025-07-01 00:00:00+09:00,111531.64190995066,112266.0066303454,111256.25513980263,111623.4375,6754,0.0,0.0
2025-07-02 00:00:00+09:00,111807.02729576167,112816.77877380222,111439.84494011058,112082.4140625,6941,0.0,0.0
2025-07-03 00:00:00+09:00,111898.81894658905,112541.38804636437,111898.81894658905,112357.796875,5352,0.0,0.0
2025-07-04 00:00:00+09:00,112082.41802647784,112357.80480295567,111715.23565784072,111807.03125,4483,0.0,0.0
2025-07-07 00:00:00+09:00,112174.20427631578,113367.546875,112082.40869180161,113367.546875,6876,0.0,0.0
2025-07-08 00:00:00+09:00,113367.54831750409,113459.34390318627,112357.796875,112357.796875,7697,0.0,0.0
2025-07-09 00:00:00+09:00,112724.98189036884,113092.16424180327,111990.6171875,111990.6171875,6688,0.0,0.0
2025-07-10 00:00:00+09:00,112266.0104978466,112541.39727748155,111715.23693857671,111898.828125,8359,0.0,0.0
2025-07-11 00:00:00+09:00,112082.41524582655,112908.57555476384,111990.61965594463,112724.984375,5926,0.0,0.0
2025-07-14 00:00:00+09:00,113183.95699332524,113459.34375,112357.79672330097,113459.34375,5951,0.0,0.0
2025-07-15 00:00:00+09:00,113459.33727660439,113734.72401756702,112908.56379467912,113000.359375,6191,0.0,0.0
2025-07-16 00:00:00+09:00,113000.35807926829,113459.33597560975,112541.38018292683,112908.5625,6267,0.0,0.0
2025-07-17 00:00:00+09:00,112541.38668378763,113000.36460664158,112265.99993007527,112816.7734375,6019,0.0,0.0
2025-07-18 00:00:00+09:00,112633.1849234694,112908.57168367346,112449.59375,112449.59375,6366,0.0,0.0
2025-07-22 00:00:00+09:00,112724.97921772876,112816.77480341094,111990.61453227124,112357.796875,6780,0.0,0.0
2025-07-23 00:00:00+09:00,112357.79816326531,113459.34520408163,112357.79816326531,112449.59375,7041,0.0,0.0
2025-07-24 00:00:00+09:00,112541.38804636437,113275.75273182189,112357.796875,112357.796875,5275,0.0,0.0
2025-07-25 00:00:00+09:00,112357.79551464604,113275.75136035394,112265.99993007527,112816.7734375,6648,0.0,0.0
2025-07-28 00:00:00+09:00,112908.56503685379,114928.06782613085,112908.56503685379,113642.9296875,8727,0.0,0.0
2025-07-29 00:00:00+09:00,113000.3631244984,114377.296875,113000.3631244984,114377.296875,23594,0.0,0.0
2025-07-30 00:00:00+09:00,114733.29535942574,116905.20136211446,114450.00327211851,116338.6171875,20210,3477.0,0.0
2025-07-31 00:00:00+09:00,116716.3427394907,118038.37251162087,116716.3427394907,116810.7734375,14774,0.0,0.0
2025-08-01 00:00:00+09:00,117094.068,118321.6671,116810.77590000001,118038.375,12429,0.0,0.0
2025-08-04 00:00:00+09:00,118038.375,118793.8206,117849.5136,118038.375,11536,0.0,0.0
2025-08-05 00:00:00+09:00,118888.25274426423,119549.26765229431,118510.52993967563,119360.40625,8689,0.0,0.0
2025-08-06 00:00:00+09:00,119265.97324494702,120399.141636823,119171.54254562402,120304.7109375,10616,0.0,0.0
2025-08-07 00:00:00+09:00,120682.43547363281,121154.58897705078,120210.28197021484,120871.296875,7357,0.0,0.0
2025-08-08 00:00:00+09:00,120588.00332000396,120682.43401954976,119077.11212727094,119549.265625,11676,0.0,0.0
2025-08-12 00:00:00+09:00,120115.8542971809,120588.0078125,119171.54726654268,120588.0078125,9396,0.0,0.0
2025-08-13 00:00:00+09:00,120682.43780757874,120871.29921259843,119926.9921875,119926.9921875,8119,0.0,0.0
2025-08-14 00:00:00+09:00,119832.55945975825,120588.00506706956,119738.12875884434,120115.8515625,6024,0.0,0.0
2025-08-15 00:00:00+09:00,120115.85359251969,120493.57640255906,119643.70007997048,119926.9921875,9365,0.0,0.0
2025-08-18 00:00:00+09:00,120115.85126953125,121060.15827636719,120115.85126953125,120871.296875,8177,0.0,0.0
2025-08-19 00:00:00+09:00,120965.72527252907,122004.46296027132,120776.86387475775,121815.6015625,5713,0.0,0.0
2025-08-20 00:00:00+09:00,121721.17562717517,122571.05195040604,121154.59141168793,122098.8984375,7235,0.0,0.0
2025-08-21 00:00:00+09:00,121815.60562062597,122382.18983281493,120965.72930234253,121437.8828125,6375,0.0,0.0
2025-08-22 00:00:00+09:00,121154.5896950272,121815.6046037296,121060.15899378399,121532.3125,5833,0.0,0.0
2025-08-25 00:00:00+09:00,121815.60128563174,122665.47757367103,121721.17058696071,122571.046875,5600,0.0,0.0
2025-08-26 00:00:00+09:00,122571.04919206134,122759.91059297361,121154.58868521934,121626.7421875,7723,0.0,0.0
2025-08-27 00:00:00+09:00,122004.4654163469,123043.203125,121815.6040147736,123043.203125,7737,0.0,0.0
2025-08-28 00:00:00+09:00,122759.91030092593,123043.20240162036,121815.60329861111,122382.1875,5315,0.0,0.0
2025-08-29 00:00:00+09:00,122759.91030092593,122759.91030092593,122098.89539930555,122382.1875,6657,0.0,0.0
2025-09-01 00:00:00+09:00,122382.19023827826,123137.63585703306,121815.60602421215,122854.34375,5664,0.0,0.0
2025-09-02 00:00:00+09:00,122382.18648804934,122854.33998530262,122098.89438969737,122476.6171875,4843,0.0,0.0
2025-09-03 00:00:00+09:00,122004.46426131928,122193.32566110461,120399.14236314403,120965.7265625,9734,0.0,0.0
2025-09-04 00:00:00+09:00,120776.86545070699,120871.29615082481,119832.55844952867,120210.28125,11247,0.0,0.0
2025-09-05 00:00:00+09:00,120115.8515625,120399.14366524173,119265.97525427476,120115.8515625,8239,0.0,0.0
2025-09-08 00:00:00+09:00,120210.28429502953,120776.86851008859,119832.56148499016,119926.9921875,8443,0.0,0.0
2025-09-09 00:00:00+09:00,119926.99188184662,120871.29890453833,119549.26907276995,120682.4375,6047,0.0,0.0
2025-09-10 00:00:00+09:00,120021.42359411706,120588.0078125,119832.56218798942,120588.0078125,4609,0.0,0.0
2025-09-11 00:00:00+09:00,120210.280238177,120776.86443411499,119926.988140208,120304.7109375,4883,0.0,0.0
2025-09-12 00:00:00+09:00,120304.71608939629,122004.46875,120304.71608939629,122004.46875,10091,0.0,0.0
2025-09-16 00:00:00+09:00,121815.60703125001,122759.9140625,121532.314921875,122759.9140625,6068,0.0,0.0
2025-09-17 00:00:00+09:00,122759.9085513566,123137.63134689923,121437.87876695736,121815.6015625,5592,0.0,0.0
2025-09-18 00:00:00+09:00,127481.45141601562,128048.03564453125,125876.12943522136,126914.8671875,15859,0.0,0.0
2025-09-19 00:00:00+09:00,128142.46021412036,128614.61371527778,126914.86111111111,127481.4453125,21512,0.0,0.0
2025-09-22 00:00:00+09:00,128048.02444649447,129464.48489391145,127670.3016605166,127953.59375,11196,0.0,0.0
2025-09-24 00:00:00+09:00,128992.33796508431,128992.33796508431,127859.16954957845,128803.4765625,9236,0.0,0.0
2025-09-25 00:00:00+09:00,128992.32938006632,128992.32938006632,127670.29964996314,128142.453125,10592,0.0,0.0
2025-09-26 00:00:00+09:00,128614.6083661959,129181.19254402055,127859.16279576303,128709.0390625,7806,0.0,0.0
2025-09-29 00:00:00+09:00,129181.19791666666,129181.19791666666,127481.4453125,127481.4453125,7722,0.0,0.0
2025-09-30 00:00:00+09:00,127575.88349710053,128236.89843750001,126726.00714515834,128236.8984375,10983,0.0,0.0
2025-10-01 00:00:00+09:00,128425.75813609468,128425.75813609468,125876.12911427514,127670.3125,10756,0.0,0.0
2025-10-02 00:00:00+09:00,128425.75346209912,129936.6446793003,128048.03065779884,129558.921875,15476,0.0,0.0
2025-10-03 00:00:00+09:00,128992.33089442014,129936.63785557987,128520.17741384027,129464.484375,10456,0.0,0.0
2025-10-06 00:00:00+09:00,130692.10049715909,133052.86820845172,130597.6697887074,132958.4375,11110,0.0,0.0
2025-10-07 00:00:00+09:00,132391.84445972322,133147.2900771824,132297.4137575408,133052.859375,9617,0.0,0.0
2025-10-08 00:00:00+09:00,132769.56583781363,133052.85794130823,131730.828125,131730.828125,9221,0.0,0.0
2025-10-09 00:00:00+09:00,131258.67803837953,132864.0,131069.81663113007,132864.0,8629,0.0,0.0
2025-10-10 00:00:00+09:00,132391.84711987778,132486.2778239576,131353.109375,131353.109375,5394,0.0,0.0
2025-10-14 00:00:00+09:00,130597.66172379756,131919.69156048098,130125.50821069634,131541.96875,10712,0.0,0.0
2025-10-15 00:00:00+09:00,131541.9601601094,134091.58896436132,131258.66807074807,133808.296875,10765,0.0,0.0
2025-10-16 00:00:00+09:00,134374.890625,134469.3213281799,133336.1528900211,134374.890625,10168,0.0,0.0
2025-10-17 00:00:00+09:00,133902.72757145378,134374.88105372267,133147.28199982358,133808.296875,6181,0.0,0.0
2025-10-20 00:00:00+09:00,133902.7391361717,134563.75406843773,133525.016317734,134186.03125,6506,0.0,0.0
2025-10-21 00:00:00+09:00,134374.890625,134563.75203135982,133902.7371091005,134374.890625,5719,0.0,0.0
2025-10-22 00:00:00+09:00,134752.61483342032,135696.921875,134186.03060847253,135696.921875,7323,0.0,0.0
2025-10-23 00:00:00+09:00,135413.6304536011,136357.9375,134752.6155211219,136357.9375,8726,0.0,0.0
2025-10-24 00:00:00+09:00,136641.22483301527,136641.22483301527,135791.34852099238,136074.640625,7110,0.0,0.0
2025-10-27 00:00:00+09:00,136357.9354685339,136546.796875,135508.05913943637,136546.796875,9451,0.0,0.0
2025-10-28 00:00:00+09:00,136641.23096689896,136641.23096689896,135413.63179442508,135508.0625,7429,0.0,0.0
2025-10-29 00:00:00+09:00,135319.19561403507,135508.05701754385,133902.73508771928,134563.75,7492,0.0,0.0
2025-10-30 00:00:00+09:00,134091.60863509748,135885.79213091923,133430.59366295265,135602.5,8264,0.0,0.0
2025-10-31 00:00:00+09:00,135602.48843400838,136169.07264752095,134847.04281599162,135224.765625,8043,0.0,0.0
2025-11-04 00:00:00+09:00,136546.78603778468,136830.078125,135413.6176889234,136830.078125,8467,0.0,0.0
2025-11-05 00:00:00+09:00,136735.6603612815,138529.84375,136074.64542859577,138529.84375,9942,0.0,0.0
2025-11-06 00:00:00+09:00,138529.83969238613,138907.5625,137491.101971448,138907.5625,6600,0.0,0.0
2025-11-07 00:00:00+09:00,138907.55845338982,139757.4347457627,138624.2663559322,139285.28125,6084,0.0,0.0
2025-11-10 00:00:00+09:00,139379.7235040568,140040.73845292427,139190.86209009466,139663.015625,7510,0.0,0.0
2025-11-11 00:00:00+09:00,140135.15771028036,141551.61819926568,139568.57351468623,141457.1875,9023,0.0,0.0
2025-11-12 00:00:00+09:00,141457.19155789824,142495.92927961846,140890.60734605088,141079.46875,8386,0.0,0.0
2025-11-13 00:00:00+09:00,141079.46397132796,141268.32536887995,140324.01838112005,140796.171875,4707,0.0,0.0
2025-11-14 00:00:00+09:00,140796.18139403808,141740.48844564127,140418.45857339678,141362.765625,5960,0.0,0.0
2025-11-17 00:00:00+09:00,141173.89137400134,141834.90625,140512.87649800268,141834.90625,5250,0.0,0.0
2025-11-18 00:00:00+09:00,141268.3321136828,141457.19352025187,138718.703125,138718.703125,8157,0.0,0.0
2025-11-19 00:00:00+09:00,138624.2703942896,139285.28530761387,137963.25548096534,138907.5625,5346,0.0,0.0
2025-11-20 00:00:00+09:00,139851.86341613068,140512.87830060936,139285.27922943467,139474.140625,5856,0.0,0.0
2025-11-21 00:00:00+09:00,139001.9803523035,140324.0100567412,138907.5496591294,139379.703125,10235,0.0,0.0
2025-11-25 00:00:00+09:00,141362.75810107455,141457.18880120886,139379.71339825387,140607.3125,8348,0.0,0.0
2025-11-26 00:00:00+09:00,141079.4606774301,141834.90625,140796.16858771638,141834.90625,8096,0.0,0.0
2025-11-27 00:00:00+09:00,141834.91174768517,142779.21875,141362.75824652778,142779.21875,8803,0.0,0.0
2025-11-28 00:00:00+09:00,142307.07608515574,143251.38315937706,142212.6453777336,142495.9375,7175,0.0,0.0
2025-12-01 00:00:00+09:00,142590.35310616207,142968.0758958473,140985.03125,140985.03125,8357,0.0,0.0
2025-12-02 00:00:00+09:00,140796.1800088503,141362.76423423804,139285.2887411497,140040.734375,8044,0.0,0.0
2025-12-03 00:00:00+09:00,139946.30706521738,139946.30706521738,137679.97010869565,139002.0,10512,0.0,0.0
2025-12-04 00:00:00+09:00,138529.8492090784,139190.86416781292,137018.95787482805,137302.25,6104,0.0,0.0
2025-12-05 00:00:00+09:00,137679.96538886998,139851.87156441456,137679.96538886998,138718.703125,9144,0.0,0.0
2025-12-08 00:00:00+09:00,138813.1379052901,139851.8756719283,137774.40013865186,138340.984375,8500,0.0,0.0
2025-12-09 00:00:00+09:00,138340.99116430763,138529.85258569237,137113.39192530696,138435.421875,5387,0.0,0.0
2025-12-10 00:00:00+09:00,137963.24073917457,140229.57734269282,137963.24073917457,139568.5625,6380,0.0,0.0
2025-12-11 00:00:00+09:00,140418.4496398305,140985.03383474576,138340.97425847457,139285.28125,5464,0.0,0.0
2025-12-12 00:00:00+09:00,139190.85271139705,141268.328125,139190.85271139705,141268.328125,12890,0.0,0.0
2025-12-15 00:00:00+09:00,141173.90625,141362.7676630435,140512.8913043478,141173.90625,7795,0.0,0.0
2025-12-16 00:00:00+09:00,141268.33695652173,141646.0597826087,140512.8913043478,141173.90625,6530,0.0,0.0
2025-12-17 00:00:00+09:00,141173.89338541665,141929.33896875,140418.44780208333,141646.046875,9394,0.0,0.0
2025-12-18 00:00:00+09:00,141646.0448568575,142212.62903628495,141173.89137400134,141834.90625,7688,0.0,0.0
2025-12-19 00:00:00+09:00,142495.92736792297,143817.9571778308,142118.20456509216,143440.234375,6974,0.0,0.0
2025-12-22 00:00:00+09:00,143817.96125206273,144667.83758250825,143062.515625,143062.515625,6311,0.0,0.0
2025-12-23 00:00:00+09:00,144101.25476209942,144478.9775793002,143062.51701479725,144384.546875,5431,0.0,0.0
2025-12-24 00:00:00+09:00,144667.84442007798,145706.58220638402,144573.41371223197,145328.859375,4266,0.0,0.0
2025-12-25 00:00:00+09:00,146367.59646302252,147028.611414791,145801.01221864953,146839.75,4400,0.0,0.0
2025-12-26 00:00:00+09:00,147311.88508064515,147311.88508064515,145612.13256048388,146367.578125,7778,0.0,0.0
2025-12-29 00:00:00+09:00,146839.74864130435,146934.17934782608,145423.28804347824,145517.71875,8553,0.0,0.0
2025-12-30 00:00:00+09:00,146178.72482976655,146839.7397353275,145423.27922341117,145612.140625,6221,0.0,0.0
2026-01-05 00:00:00+09:00,147311.8994547787,147406.3301595574,145801.00817831943,147217.46875,9137,0.0,0.0
2026-01-06 00:00:00+09:00,147217.4599258814,147878.47481971153,146745.30643028847,147311.890625,6769,0.0,0.0
2026-01-07 00:00:00+09:00,147123.03196884986,148067.33897763578,146367.5863618211,147784.046875,7685,0.0,0.0
2026-01-08 00:00:00+09:00,147595.1875,147878.4796065259,146934.17258477287,147595.1875,7224,0.0,0.0
2026-01-09 00:00:00+09:00,148067.34171974522,148445.06453025478,147217.4653960987,148256.203125,6224,0.0,0.0
2026-01-13 00:00:00+09:00,148256.19907480938,148822.78327509528,147500.7534744282,148633.921875,9327,0.0,0.0
2026-01-14 00:00:00+09:00,148728.359375,149483.80500992064,148539.49796626985,148728.359375,8888,0.0,0.0
2026-01-15 00:00:00+09:00,149483.8125,149578.24320909663,148633.93611813014,149483.8125,10400,0.0,0.0
2026-01-16 00:00:00+09:00,149389.375,149483.80570480405,148633.92936156763,149389.375,10128,0.0,0.0
2026-01-19 00:00:00+09:00,149672.66161736642,150050.38442270993,148445.0625,148445.0625,7779,0.0,0.0
2026-01-20 00:00:00+09:00,148822.78385750964,149106.07595876124,147123.03125,147123.03125,9959,0.0,0.0
2026-01-21 00:00:00+09:00,145895.43200325733,146178.7241042345,144290.11009771988,144951.125,14579,0.0,0.0
2026-01-22 00:00:00+09:00,145234.41984577922,146839.74178165584,144478.9742288961,145423.28125,7736,0.0,0.0
2026-01-23 00:00:00+09:00,145989.87432992202,146273.16645346006,144856.70583577,145328.859375,8780,0.0,0.0
2026-01-26 00:00:00+09:00,144951.12773944804,145706.57335633115,143723.52861201297,145423.28125,9008,0.0,0.0
2026-01-27 00:00:00+09:00,145045.55294117646,145139.98363970587,143629.09246323528,144478.96875,9560,0.0,0.0
2026-01-28 00:00:00+09:00,143440.23179285947,145139.984375,143345.80109385165,145139.984375,18724,0.0,0.0
2026-01-29 00:00:00+09:00,144461.94846236738,146699.40625,143391.85995523873,146699.40625,17312,4503.0,0.0
2026-01-30 00:00:00+09:00,147283.08607309748,147283.08607309748,145726.59375,145726.59375,9608,0.0,0.0
2026-02-02 00:00:00+09:00,145629.30571476737,146310.27107215105,144267.375,144267.375,7958,0.0,0.0
2026-02-03 00:00:00+09:00,144559.21971606184,145045.62355090724,143975.5351142473,144753.78125,7743,0.0,0.0
2026-02-04 00:00:00+09:00,145045.63121259972,146699.40433843085,143975.5427194149,146310.28125,8669,0.0,0.0
2026-02-05 00:00:00+09:00,146699.40625,147088.52934350132,145726.59851624668,146699.40625,7650,0.0,0.0
2026-02-06 00:00:00+09:00,146991.24084701744,146991.24084701744,144851.06394520777,145142.90625,6561,0.0,0.0
2026-02-09 00:00:00+09:00,145921.15816156915,146893.96588264627,145240.19275681514,146310.28125,6099,0.0,0.0
2026-02-10 00:00:00+09:00,146310.27933333334,146602.12164583334,145434.75239583332,145921.15625,7276,0.0,0.0
2026-02-12 00:00:00+09:00,146407.5625,147088.52790697676,145823.8778654485,146407.5625,6944,0.0,0.0
2026-02-13 00:00:00+09:00,146018.4407309322,146018.4407309322,143100.01753177965,143489.140625,11807,0.0,0.0
2026-02-16 00:00:00+09:00,144072.82018203073,145629.3125,143197.29325317303,145629.3125,5764,0.0,0.0
2026-02-17 00:00:00+09:00,145726.58940564137,145726.58940564137,144364.65866353258,144851.0625,5176,0.0,0.0
2026-02-18 00:00:00+09:00,145142.91245847178,146991.2471345515,144851.07014119602,146407.5625,6471,0.0,0.0
2026-02-19 00:00:00+09:00,147088.53029801324,147185.81107201986,145532.0379139073,146893.96875,5599,0.0,0.0
2026-02-20 00:00:00+09:00,147185.80025699013,148158.60792557566,147088.51949013158,147866.765625,5816,0.0,0.0
2026-02-24 00:00:00+09:00,148158.61177805957,149034.13870255236,147185.80408417867,148645.015625,8906,0.0,0.0
2026-02-25 00:00:00+09:00,149034.13966503268,149131.42043504902,147477.64734477125,148839.578125,10275,0.0,0.0
2026-02-26 00:00:00+09:00,149131.42330932617,150006.95025634766,148353.17713419595,149423.265625,11534,0.0,0.0
2026-02-27 00:00:00+09:00,149034.13482730265,149423.25789473686,147672.2040912829,147866.765625,8762,0.0,0.0
2026-03-02 00:00:00+09:00,146893.95987122704,148255.890625,146407.5560305938,148255.890625,7640,0.0,0.0
2026-03-03 00:00:00+09:00,146699.39854222522,146893.96007875336,144851.06394520777,145142.90625,8794,0.0,0.0
2026-03-04 00:00:00+09:00,144753.77931266846,145532.0254380054,143100.00629632748,144364.65625,11658,0.0,0.0
2026-03-05 00:00:00+09:00,146699.40720198676,148353.18036009933,146407.5648799669,146893.96875,8376,0.0,0.0
2026-03-06 00:00:00+09:00,146407.5576923077,146504.83846153846,145337.46923076923,145434.75,6869,0.0,0.0
2026-03-09 00:00:00+09:00,142516.32170232479,145337.46390667115,142127.19863965633,144364.65625,8619,0.0,0.0
2026-03-10 00:00:00+09:00,145142.90286195287,145726.58745791245,144072.81443602694,144461.9375,6272,0.0,0.0
2026-03-11 00:00:00+09:00,145532.0350731383,146699.40433843085,144364.66580784574,146310.28125,3697,0.0,0.0
2026-03-12 00:00:00+09:00,145337.46730382292,146018.4326794098,144656.50192823607,145045.625,3380,0.0,0.0
2026-03-13 00:00:00+09:00,144948.34229993276,146018.43073301952,144267.37693342302,144656.5,9863,0.0,0.0
2026-03-16 00:00:00+09:00,144072.81779909518,145337.46778652814,143586.4139577748,145142.90625,4969,0.0,0.0
2026-03-17 00:00:00+09:00,145823.87881552754,146796.68654611812,145337.47495023225,146602.125,6657,0.0,0.0
2026-03-18 00:00:00+09:00,145823.88023592715,146893.96875,145240.19559188743,146893.96875,6013,0.0,0.0
2026-03-19 00:00:00+09:00,145532.02738575268,146212.99275453627,144753.78125,144753.78125,7642,0.0,0.0
2026-03-23 00:00:00+09:00,143975.53821819427,144267.3805253933,141057.11514620384,142224.484375,7914,0.0,0.0
2026-03-24 00:00:00+09:00,143878.26083858067,144267.38392401292,142905.453125,142905.453125,8477,0.0,0.0
2026-03-25 00:00:00+09:00,145532.03028781794,145532.03028781794,144170.09952309236,145337.46875,5789,0.0,0.0
2026-03-26 00:00:00+09:00,145434.75705611036,145434.75705611036,143100.01848129655,143683.703125,7639,0.0,0.0
2026-03-27 00:00:00+09:00,143780.97910276073,144461.94449769938,142224.48677147238,142710.890625,10818,0.0,0.0
2026-03-30 00:00:00+09:00,141154.39173557353,141251.67250175934,138041.40721762844,138235.96875,10421,0.0,0.0
2026-03-31 00:00:00+09:00,138138.6973987926,139014.22435413706,136582.20503373578,136971.328125,10730,0.0,0.0
2026-04-01 00:00:00+09:00,139889.75143129771,141057.12070610686,139111.5052480916,140181.59375,6619,0.0,0.0
2026-04-02 00:00:00+09:00,140959.8365585774,142808.17119944212,139403.34422942818,139500.625,7716,0.0,0.0
2026-04-03 00:00:00+09:00,140473.4403448276,141543.52887931035,139889.75568965517,141057.125,4529,0.0,0.0
2026-04-06 00:00:00+09:00,140959.83054289888,142029.9189735213,140765.26901005846,141446.234375,2983,0.0,0.0
2026-04-07 00:00:00+09:00,142029.91848761184,143294.5684467481,141348.953125,141348.953125,3565,0.0,0.0
2026-04-08 00:00:00+09:00,143002.72744455645,144753.78125,142127.20054183467,144753.78125,7681,0.0,0.0
2026-04-09 00:00:00+09:00,145434.75171597884,145726.5940271146,142127.20552310708,142613.609375,5047,0.0,0.0
2026-04-10 00:00:00+09:00,142516.3286046214,142905.45168613576,141640.8016712142,142613.609375,5259,0.0,0.0
2026-04-13 00:00:00+09:00,142613.61224099866,143294.57764733356,141932.64683466373,143197.296875,5087,0.0,0.0
2026-04-14 00:00:00+09:00,144753.7817327065,145532.0278710544,144072.8163616521,144851.0625,5711,0.0,0.0
2026-04-15 00:00:00+09:00,145532.02835570468,146115.7129614094,144948.34375,144948.34375,5971,0.0,0.0
2026-04-16 00:00:00+09:00,145532.0350731383,146310.28125,144753.7888962766,146310.28125,5020,0.0,0.0
2026-04-17 00:00:00+09:00,146602.12356632313,146796.68511053856,145823.87738946144,146310.28125,7102,0.0,0.0
2026-04-20 00:00:00+09:00,146893.9629923231,147088.5245327103,145434.75143941923,145726.59375,6564,0.0,0.0
2026-04-21 00:00:00+09:00,145921.15045362903,146407.55428847446,144267.37741515457,144753.78125,5382,0.0,0.0
2026-04-22 00:00:00+09:00,143975.54209183675,144170.10363520408,143002.734375,143002.734375,4661,0.0,0.0
2026-04-23 00:00:00+09:00,144753.77882670265,144948.34035738368,143294.56734659473,144267.375,6266,0.0,0.0
2026-04-24 00:00:00+09:00,144656.5132527834,145045.63635501012,143586.42472165992,144170.109375,3529,0.0,0.0
2026-04-27 00:00:00+09:00,144753.7935516543,145142.9166525996,143975.54734976368,144072.828125,6503,0.0,0.0
2026-04-28 00:00:00+09:00,144072.82044581912,144851.06660622868,142516.328125,142516.328125,5240,0.0,0.0
2026-04-30 00:00:00+09:00,142613.60600154215,143002.72907385195,141057.11371230293,141932.640625,8798,0.0,0.0
2026-05-01 00:00:00+09:00,142321.7598100448,142321.7598100448,141057.1098595796,141154.390625,4478,0.0,0.0
2026-05-07 00:00:00+09:00,141835.3559829428,142127.198279204,139500.6176128532,141154.390625,8261,0.0,0.0
2026-05-08 00:00:00+09:00,141154.3990685933,141251.67983983288,139403.34518628134,139695.1875,10430,0.0,0.0
2026-05-11 00:00:00+09:00,139597.90768428374,140570.71540333796,139403.3461404729,139889.75,7174,0.0,0.0
2026-05-12 00:00:00+09:00,140765.27259009797,140765.27259009797,138235.97259884534,139014.21875,5656,0.0,0.0
2026-05-13 00:00:00+09:00,138235.97212009804,139014.21826855742,137360.44520308124,138916.9375,5369,0.0,0.0
2026-05-14 00:00:00+09:00,138916.93701822005,139403.34085932025,137846.84856779958,138819.65625,5243,0.0,0.0
2026-05-15 00:00:00+09:00,138819.65817173306,139597.90432826694,138333.25432389937,139208.78125,5361,0.0,0.0
2026-05-18 00:00:00+09:00,138916.945992569,138916.945992569,136484.926629954,137457.734375,6484,0.0,0.0
2026-05-19 00:00:00+09:00,137457.72165697673,138235.96778100776,136971.31782945737,138041.40625,4821,0.0,0.0
2026-05-20 00:00:00+09:00,138041.41080542622,138333.25311156877,135706.67235628582,135803.953125,8082,0.0,0.0
2026-05-21 00:00:00+09:00,138235.97865285663,138235.97865285663,136484.92473607167,137068.609375,8377,0.0,0.0
2026-05-22 00:00:00+09:00,136582.19830523673,136582.19830523673,134733.86371278693,135609.390625,5591,0.0,0.0
2026-05-25 00:00:00+09:00,135122.98726478496,136290.35648521504,135025.70649641578,135706.671875,5008,0.0,0.0
2026-05-26 00:00:00+09:00,135998.51610525374,136971.32380271622,135609.39302626875,136095.796875,6044,0.0,0.0
2026-05-27 00:00:00+09:00,136582.2045575693,136874.046875,135803.95837775408,136874.046875,6581,0.0,0.0
2026-05-28 00:00:00+09:00,135414.83196428572,136679.48197544643,135025.70888392857,136193.078125,7887,0.0,0.0
2026-05-29 00:00:00+09:00,136776.76370809556,137068.60602041727,135512.11368803494,136387.640625,9256,0.0,0.0
2026-06-01 00:00:00+09:00,136679.47761277857,136679.47761277857,134928.42380706326,135317.546875,5956,0.0,0.0
2026-06-02 00:00:00+09:00,134539.30916151888,134636.589934593,132107.2898346657,133858.34375,10274,0.0,0.0
2026-06-03 00:00:00+09:00,134733.8608271794,135414.8261887608,134150.17623153818,135025.703125,8913,0.0,0.0
2026-06-04 00:00:00+09:00,134831.15435057887,135122.99667601302,133663.78504884226,134442.03125,6249,0.0,0.0
2026-06-05 00:00:00+09:00,134928.43129093887,135512.11592521833,132885.5350709607,133663.78125,9803,0.0,0.0
2026-06-08 00:00:00+09:00,132885.5328771398,136387.640625,132690.971335592,136387.640625,13084,0.0,0.0
2026-06-09 00:00:00+09:00,137165.8819369612,137749.5665409483,134733.86275368175,135414.828125,10713,0.0,0.0
2026-06-10 00:00:00+09:00,135414.83386752137,136582.203125,134636.58769586895,136582.203125,10621,0.0,0.0
2026-06-11 00:00:00+09:00,136095.80116965552,138235.97817160864,135512.11653275922,136971.328125,6039,0.0,0.0
2026-06-12 00:00:00+09:00,138625.09181474315,139208.77641185786,137457.72262051373,138235.96875,11422,0.0,0.0
2026-06-15 00:00:00+09:00,139500.62259447167,139987.0264389433,138527.81490552836,139014.21875,7079,0.0,0.0
2026-06-16 00:00:00+09:00,138722.3805827402,138819.66135453735,136387.64205960854,136679.484375,7309,0.0,0.0
2026-06-17 00:00:00+09:00,136874.0497279724,137652.2959240092,136484.926629954,137457.734375,6136,0.0,0.0
2026-06-18 00:00:00+09:00,137652.29782330626,138430.54403008116,136874.0516165314,137846.859375,5494,0.0,0.0
2026-06-19 00:00:00+09:00,137846.85794952264,139111.50802245404,137555.015625,137555.015625,15736,0.0,0.0
2026-06-22 00:00:00+09:00,136776.7641883464,137263.16804392374,135901.2372483072,136484.921875,4814,0.0,0.0
2026-06-23 00:00:00+09:00,137068.6074621886,137457.73054937721,136193.08051601422,136679.484375,7903,0.0,0.0
2026-06-24 00:00:00+09:00,136484.9280433439,137749.578125,136290.3664923199,137749.578125,8168,0.0,0.0
2026-06-25 00:00:00+09:00,137652.2831879845,139014.21390503875,136679.47553294574,138041.40625,8052,0.0,0.0
2026-06-26 00:00:00+09:00,138041.41721567267,140278.875,137846.8556692094,140278.875,8004,0.0,0.0
2026-06-29 00:00:00+09:00,140278.86923076923,140376.15,138819.6576923077,139111.5,7043,0.0,0.0
2026-06-30 00:00:00+09:00,139111.49467054263,139597.89849806202,138041.40625,138041.40625,8955,0.0,0.0
2026-07-01 00:00:00+09:00,138527.8170949322,138527.8170949322,136290.359375,136290.359375,6582,0.0,0.0
2026-07-02 00:00:00+09:00,136679.48675753546,137749.57526595745,136484.92521054964,137165.890625,9542,0.0,0.0
2026-07-03 00:00:00+09:00,137360.4480474198,139792.46731171547,137360.4480474198,139500.625,7466,0.0,0.0
2026-07-06 00:00:00+09:00,139500.62595752088,140667.99521239556,139111.50287256268,139695.1875,7533,0.0,0.0
2026-07-07 00:00:00+09:00,139597.90911259543,141251.6822519084,139403.34756679388,140181.59375,11540,0.0,0.0
2026-07-08 00:00:00+09:00,140084.31202223766,140570.715883426,138722.38121091036,139987.03125,7836,0.0,0.0
2026-07-09 00:00:00+09:00,140084.31154381085,140473.43463143255,139500.6269123783,139889.75,3921,0.0,0.0
2026-07-10 00:00:00+09:00,139597.903363366,140084.30720783764,139014.21875,139014.21875,4165,0.0,0.0
2026-07-13 00:00:00+09:00,139403.33989035088,140084.3052631579,138625.09375,138625.09375,5944,0.0,0.0
2026-07-14 00:00:00+09:00,138625.10373443982,140862.56154910097,138625.10373443982,140668.0,5434,0.0,0.0
2026-07-15 00:00:00+09:00,141057.11034349175,141835.3564695248,140570.7065147211,141251.671875,9428,0.0,0.0
2026-07-16 00:00:00+09:00,141251.68080667595,142224.48852573018,139889.75,139889.75,7784,0.0,0.0
2026-07-17 00:00:00+09:00,139987.03505096753,141932.65054854873,139792.4735012094,140765.28125,9112,0.0,0.0
2026-07-21 00:00:00+09:00,142710.89585800067,143780.984375,141640.80734100135,143780.984375,13365,0.0,0.0
2026-07-22 00:00:00+09:00,143780.98054846938,143780.98054846938,142029.92665816328,143002.734375,8463,0.0,0.0
2026-07-23 00:00:00+09:00,143294.57428540956,143683.69736561435,142321.76658489762,142516.328125,7543,0.0,0.0
2026-07-24 00:00:00+09:00,142419.04926820967,143391.85698179033,141738.0838687032,142905.453125,7915,0.0,0.0
2026-07-27 00:00:00+09:00,142905.45882216407,144267.38967547266,142613.6164964551,144072.828125,8290,0.0,0.0
2026-07-28 00:00:00+09:00,144170.09856735924,145726.59085958445,143683.69472603887,145142.90625,7807,0.0,0.0
2026-07-29 00:00:00+09:00,145434.75382568198,146602.123087159,144851.06919494344,146213.0,20731,0.0,0.0
2026-07-30 00:00:00+09:00,144500.0,145500.0,143800.0,145500.0,12165,4087.0,0.0
2026-07-31 00:00:00+09:00,145700.0,145700.0,141300.0,141300.0,9368,0.0,0.0
2026-08-03 00:00:00+09:00,141900.0,142300.0,139800.0,140100.0,10357,0.0,0.0
2026-08-04 00:00:00+09:00,140500.0,140500.0,138000.0,138300.0,5884,0.0,0.0
2026-08-05 00:00:00+09:00,139500.0,139500.0,137200.0,137900.0,7035,0.0,0.0
2026-08-06 00:00:00+09:00,137200.0,138400.0,137000.0,138400.0,5831,0.0,0.0
2026-08-07 00:00:00+09:00,138800.0,139000.0,137000.0,137700.0,5602,0.0,0.0
2026-08-10 00:00:00+09:00,138100.0,138100.0,136000.0,137600.0,7562,0.0,0.0
2026-08-12 00:00:00+09:00,138000.0,138300.0,136400.0,137800.0,5147,0.0,0.0
2026-08-13 00:00:00+09:00,137600.0,138400.0,136500.0,136500.0,4581,0.0,0.0
2026-08-14 00:00:00+09:00,136900.0,137400.0,136200.0,136900.0,4959,0.0,0.0
2026-08-17 00:00:00+09:00,137500.0,138200.0,137300.0,137900.0,5296,0.0,0.0
2026-08-18 00:00:00+09:00,138300.0,138300.0,136800.0,137200.0,5255,0.0,0.0
2026-08-19 00:00:00+09:00,137200.0,137600.0,136700.0,137000.0,4757,0.0,0.0
2026-08-20 00:00:00+09:00,139400.0,139400.0,137600.0,138300.0,5622,0.0,0.0
2026-08-21 00:00:00+09:00,138300.0,138400.0,137000.0,137900.0,3533,0.0,0.0
2026-08-24 00:00:00+09:00,138000.0,138300.0,137300.0,137900.0,4647,0.0,0.0
2026-08-25 00:00:00+09:00,138300.0,138600.0,137100.0,137100.0,6088,0.0,0.0
2026-08-26 00:00:00+09:00,137700.0,138600.0,137400.0,138300.0,4344,0.0,0.0
2026-08-27 00:00:00+09:00,138600.0,139200.0,137900.0,138600.0,11428,0.0,0.0
2026-08-28 00:00:00+09:00,138000.0,138100.0,136500.0,136800.0,8344,0.0,0.0
2026-08-31 00:00:00+09:00,137000.0,137400.0,135900.0,135900.0,11137,0.0,0.0
2026-09-01 00:00:00+09:00,135800.0,136800.0,135200.0,136800.0,5694,0.0,0.0
2026-09-02 00:00:00+09:00,135900.0,138000.0,135300.0,137100.0,6647,0.0,0.0
2026-09-03 00:00:00+09:00,137600.0,137800.0,136900.0,137100.0,5287,0.0,0.0
2026-09-04 00:00:00+09:00,137000.0,137400.0,136400.0,136700.0,6476,0.0,0.0
2026-09-07 00:00:00+09:00,136700.0,137000.0,136000.0,136000.0,7297,0.0,0.0
2026-09-08 00:00:00+09:00,135800.0,136300.0,134700.0,135200.0,7817,0.0,0.0
2026-09-09 00:00:00+09:00,135500.0,136400.0,134800.0,136100.0,5840,0.0,0.0
2026-09-10 00:00:00+09:00,136100.0,137600.0,135900.0,137100.0,8275,0.0,0.0
2026-09-11 00:00:00+09:00,139600.0,139600.0,135800.0,135800.0,14086,0.0,0.0
2026-09-14 00:00:00+09:00,136400.0,138000.0,136200.0,136800.0,5395,0.0,0.0
2026-09-15 00:00:00+09:00,136600.0,136700.0,135500.0,136500.0,6496,0.0,0.0
2026-09-16 00:00:00+09:00,136000.0,136700.0,135800.0,136400.0,4399,0.0,0.0
2026-09-17 00:00:00+09:00,136700.0,137000.0,135500.0,135500.0,6293,0.0,0.0
2026-09-18 00:00:00+09:00,136100.0,136500.0,134200.0,134200.0,9252,0.0,0.0
2026-09-24 00:00:00+09:00,134200.0,134900.0,133400.0,134000.0,8656,0.0,0.0
2026-09-25 00:00:00+09:00,134900.0,134900.0,132800.0,134000.0,10312,0.0,0.0
2026-09-28 00:00:00+09:00,133500.0,134600.0,133400.0,134200.0,7751,0.0,0.0
2026-09-29 00:00:00+09:00,133100.0,133300.0,132100.0,132200.0,10523,0.0,0.0
2026-09-30 00:00:00+09:00,132000.0,132300.0,130600.0,130900.0,3214,0.0,0.0
