Date,Open,High,Low,Close,Volume,Dividends,Stock Splits
2021-10-06 00:00:00+09:00,148436.8802009873,150100.038522567,145318.4583480254,147397.40625,12346,0.0,0.0
2021-10-07 00:00:00+09:00,145318.48796896913,148644.80529014725,145318.48796896913,148229.015625,5428,0.0,0.0
2021-10-08 00:00:00+09:00,148021.12322695035,149684.28191489363,146565.859375,146565.859375,6076,0.0,0.0
2021-10-11 00:00:00+09:00,146981.6364318503,147397.42606814974,144486.89861405367,147189.53125,4504,0.0,0.0
2021-10-12 00:00:00+09:00,148229.0453700425,148644.83511862607,146150.09662712464,146773.78125,2704,0.0,0.0
2021-10-13 00:00:00+09:00,149684.25408719346,152594.78125,149476.35928985014,152594.78125,9054,0.0,0.0
2021-10-14 00:00:00+09:00,152594.81499655647,153218.49952651517,149268.49750344353,150931.65625,5404,0.0,0.0
2021-10-15 00:00:00+09:00,152179.02159552847,153426.390625,150515.8628895664,153426.390625,3378,0.0,0.0
2021-10-18 00:00:00+09:00,154673.76605960267,157376.39906870862,153010.60728476822,156960.609375,11400,0.0,0.0
2021-10-19 00:00:00+09:00,158000.07936507935,158000.07936507935,155089.55158730157,157168.5,7944,0.0,0.0
2021-10-20 00:00:00+09:00,155505.34077181207,156336.9201342282,154465.86656879194,154881.65625,4234,0.0,0.0
2021-10-21 00:00:00+09:00,155089.546875,155505.33654490617,154257.96753518766,155089.546875,3924,0.0,0.0
2021-10-22 00:00:00+09:00,154881.62607540487,155505.3104757085,152594.7832742915,154050.046875,3618,0.0,0.0
2021-10-25 00:00:00+09:00,153218.45728600543,154673.7207880435,152802.66771399457,153010.5625,3020,0.0,0.0
2021-10-26 00:00:00+09:00,155089.5188181199,155089.5188181199,151971.09685797003,152594.78125,3006,0.0,0.0
2021-10-27 00:00:00+09:00,153010.60268456375,155089.55109060404,153010.60268456375,154881.65625,3962,0.0,0.0
2021-10-28 00:00:00+09:00,154881.64903684388,155297.43869868774,153426.3852203903,154465.859375,4074,0.0,0.0
2021-10-29 00:00:00+09:00,155297.43330130348,155713.22294869652,153426.37988803477,155505.328125,5038,0.0,0.0
2021-11-01 00:00:00+09:00,155089.52087550607,155297.4156756073,153426.36247469636,154050.046875,3144,0.0,0.0
2021-11-02 00:00:00+09:00,153010.6009485095,154881.6544927168,153010.6009485095,153426.390625,3642,0.0,0.0
2021-11-04 00:00:00+09:00,155921.13425136424,155921.13425136424,152179.0270293315,152386.921875,4352,0.0,0.0
2021-11-05 00:00:00+09:00,153634.2468580163,154257.93121603262,151971.08856997284,153010.5625,4524,0.0,0.0
2021-11-08 00:00:00+09:00,151971.125,153010.59917920656,150723.75598495212,151971.125,4534,0.0,0.0
2021-11-09 00:00:00+09:00,152179.02530991737,152179.02530991737,149892.1820334022,150931.65625,4260,0.0,0.0
2021-11-10 00:00:00+09:00,149892.18327995154,150931.65750519393,149476.3935898546,150100.078125,3734,0.0,0.0
2021-11-11 00:00:00+09:00,150931.65920781894,151555.34375,149892.18497085047,151555.34375,2576,0.0,0.0
2021-11-12 00:00:00+09:00,150723.74276020055,152179.00648340248,150100.0583073997,150307.953125,3458,0.0,0.0
2021-11-15 00:00:00+09:00,149268.4987448061,150931.65750519393,149268.4987448061,150100.078125,2732,0.0,0.0
2021-11-16 00:00:00+09:00,150515.8490959666,150723.74391515995,149060.58536161334,149476.375,4106,0.0,0.0
2021-11-17 00:00:00+09:00,149476.39234676308,151555.34077995867,149060.602660124,150931.65625,3388,0.0,0.0
2021-11-18 00:00:00+09:00,151139.515625,152386.88439219396,150931.62083046767,151139.515625,4716,0.0,0.0
2021-11-19 00:00:00+09:00,149684.2939330544,150515.8733437936,149060.609375,149060.609375,5416,0.0,0.0
2021-11-22 00:00:00+09:00,148436.9248169456,149684.2939330544,148229.02996426082,149060.609375,4724,0.0,0.0
2021-11-24 00:00:00+09:00,147397.45345052084,150307.9814453125,146150.08430989584,149684.296875,5956,0.0,0.0
2021-11-25 00:00:00+09:00,149060.609375,150723.76819647837,148644.8196696304,149060.609375,4460,0.0,0.0
2021-11-26 00:00:00+09:00,149060.59495529454,149476.3846204418,146150.06729926367,148229.015625,6096,0.0,0.0
2021-11-29 00:00:00+09:00,146357.9385714286,148228.99176339287,144071.09578125,145526.359375,8854,0.0,0.0
2021-11-30 00:00:00+09:00,148436.8993902439,150515.8475609756,144694.79268292684,144902.6875,15268,0.0,0.0
2021-12-01 00:00:00+09:00,145526.38641226818,148436.91414051355,145110.59673680455,145734.28125,15862,0.0,0.0
2021-12-02 00:00:00+09:00,147605.32991136034,147605.32991136034,143655.328125,143655.328125,17102,0.0,0.0
2021-12-03 00:00:00+09:00,144694.79268292684,146357.95121951218,143655.31859756098,144902.6875,15482,0.0,0.0
2021-12-06 00:00:00+09:00,146357.98412698414,146357.98412698414,143239.56116973306,144071.140625,4734,0.0,0.0
2021-12-07 00:00:00+09:00,143239.53846327786,145526.38160274964,142615.85397069465,143655.328125,9414,0.0,0.0
2021-12-08 00:00:00+09:00,146565.85696441092,148229.015625,144071.11897352734,148229.015625,12220,0.0,0.0
2021-12-09 00:00:00+09:00,148436.9193646122,150515.86781509695,147605.3399844183,150100.078125,12268,0.0,0.0
2021-12-10 00:00:00+09:00,151555.34331476322,151555.34331476322,148436.92061281335,149268.5,12208,0.0,0.0
2021-12-13 00:00:00+09:00,149476.375,150307.9542767733,149060.58536161334,149476.375,4196,0.0,0.0
2021-12-14 00:00:00+09:00,149060.5955412638,151555.3335419544,149060.5955412638,150515.859375,6144,0.0,0.0
2021-12-15 00:00:00+09:00,151971.13218366302,153010.60641200547,151347.4476466576,152386.921875,6660,0.0,0.0
2021-12-16 00:00:00+09:00,152178.98959766162,152386.88439219396,150515.83124140304,151139.515625,5012,0.0,0.0
2021-12-17 00:00:00+09:00,150723.78008868243,154050.09799408785,149476.4108741554,153842.203125,12760,0.0,0.0
2021-12-20 00:00:00+09:00,152594.81499655647,153010.6046831956,150931.65625,150931.65625,7698,0.0,0.0
2021-12-21 00:00:00+09:00,152594.79460074124,155297.42720266173,151763.21533861186,154257.953125,6290,0.0,0.0
2021-12-22 00:00:00+09:00,153010.6009485095,154881.6544927168,153010.6009485095,153426.390625,5360,0.0,0.0
2021-12-23 00:00:00+09:00,153842.18204697987,155713.23561241612,153842.18204697987,154881.65625,3496,0.0,0.0
2021-12-24 00:00:00+09:00,155505.33533333332,156752.70433333333,155089.54566666667,155921.125,3964,0.0,0.0
2021-12-27 00:00:00+09:00,155921.1448598131,156544.82943925235,155297.46028037384,155713.25,2730,0.0,0.0
2021-12-28 00:00:00+09:00,155921.13095238095,157376.39484126982,155921.13095238095,157168.5,3410,0.0,0.0
2021-12-29 00:00:00+09:00,157168.50422185432,158207.97845612583,156544.8196812914,156960.609375,4422,0.0,0.0
2021-12-30 00:00:00+09:00,158000.078125,159039.5523231908,157168.49876644736,158000.078125,3170,0.0,0.0
2022-01-04 00:00:00+09:00,159663.2598425197,159871.1547121063,157376.41627706695,158415.890625,4376,0.0,0.0
2022-01-05 00:00:00+09:00,159663.23505976095,159663.23505976095,156544.8125,156544.8125,7424,0.0,0.0
2022-01-06 00:00:00+09:00,155089.53965053763,156336.90860215054,153634.27587365592,154673.75,4850,0.0,0.0
2022-01-07 00:00:00+09:00,153010.57084468665,154257.9396287466,151971.09685797003,152594.78125,6008,0.0,0.0
2022-01-11 00:00:00+09:00,152386.93904138514,154257.99286317566,152386.93904138514,153842.203125,4218,0.0,0.0
2022-01-12 00:00:00+09:00,153010.59795918368,154465.86179846938,152802.703125,152802.703125,4934,0.0,0.0
2022-01-13 00:00:00+09:00,154050.06909579918,154465.85875597678,151763.2259648224,152179.015625,6190,0.0,0.0
2022-01-14 00:00:00+09:00,152802.68355582524,152802.68355582524,149684.26144244106,149892.15625,6946,0.0,0.0
2022-01-17 00:00:00+09:00,149476.4073375355,150931.67138671875,146150.08951083096,146357.984375,6420,0.0,0.0
2022-01-18 00:00:00+09:00,145734.2709904813,146357.9554597701,144279.00722880746,144694.796875,5300,0.0,0.0
2022-01-19 00:00:00+09:00,144902.68710413564,144902.68710413564,139289.5270584948,139497.421875,11544,0.0,0.0
2022-01-20 00:00:00+09:00,136586.89638932497,138665.84458398746,132429.0,132429.0,25460,0.0,0.0
2022-01-21 00:00:00+09:00,131805.31184111445,139289.5251317771,127439.52075489458,138042.15625,20630,0.0,0.0
2022-01-24 00:00:00+09:00,136794.79811580884,141784.27403492646,135131.63947610295,141368.484375,17238,0.0,0.0
2022-01-25 00:00:00+09:00,140952.69471507354,141992.1688648897,138873.7464154412,141368.484375,16084,0.0,0.0
2022-01-26 00:00:00+09:00,141368.48498552822,143863.22295586107,139913.22116950073,143655.328125,10706,0.0,0.0
2022-01-27 00:00:00+09:00,143031.66654829544,146357.984375,139913.24358575992,146357.984375,21280,0.0,0.0
2022-01-28 00:00:00+09:00,144959.9225345706,146227.793577147,142846.80413027658,145171.234375,10314,2846.0,0.0
2022-01-31 00:00:00+09:00,145171.2593934638,147073.06628508124,143058.140625,143058.140625,11814,0.0,0.0
2022-02-01 00:00:00+09:00,144114.6435429217,145171.2025131777,139043.16048569276,140311.03125,9524,0.0,0.0
2022-02-02 00:00:00+09:00,139888.43617424244,140944.9953598485,138831.87698863636,139465.8125,5584,0.0,0.0
2022-02-03 00:00:00+09:00,137775.33637218043,142001.5736842105,137775.33637218043,140522.390625,9176,0.0,0.0
2022-02-04 00:00:00+09:00,142001.56053811658,144537.30269058296,141367.625,141367.625,8242,0.0,0.0
2022-02-07 00:00:00+09:00,141790.2447209653,142001.55656108598,139254.50263951733,140099.75,5886,0.0,0.0
2022-02-08 00:00:00+09:00,140522.37955729166,140945.0032552083,136507.45442708334,136930.078125,6630,0.0,0.0
2022-02-09 00:00:00+09:00,136930.06783536586,139465.80983231709,135450.88500381098,138620.5625,7602,0.0,0.0
2022-02-10 00:00:00+09:00,139254.5006628788,140099.74801136364,136718.75861742423,139465.8125,13398,0.0,0.0
2022-02-14 00:00:00+09:00,136718.75134822805,137986.62230354393,134394.3212634823,137141.375,8022,0.0,0.0
2022-02-15 00:00:00+09:00,136930.088671875,139254.51918945313,134605.6581542969,135239.59375,12912,0.0,0.0
2022-02-16 00:00:00+09:00,135662.2108658257,138409.2649799312,135450.8990108945,138197.953125,6244,0.0,0.0
2022-02-17 00:00:00+09:00,138409.2329871746,138620.54479326188,136507.426732389,137986.609375,5944,0.0,0.0
2022-02-18 00:00:00+09:00,136296.14127805727,137352.70051277088,135239.58204334366,136507.453125,12334,0.0,0.0
2022-02-21 00:00:00+09:00,136507.43682170543,137775.307751938,136296.125,136296.125,5480,0.0,0.0
2022-02-22 00:00:00+09:00,135028.28188476563,135450.90561523437,133126.47509765625,135239.59375,9162,0.0,0.0
2022-02-24 00:00:00+09:00,134816.97001953126,137775.33613281252,132915.16323242188,135239.59375,13552,0.0,0.0
2022-02-25 00:00:00+09:00,133971.72255859376,136084.8412109375,133760.4106933594,135239.59375,7910,0.0,0.0
2022-02-28 00:00:00+09:00,135028.26890042704,136507.4518148292,134183.02152076864,136084.828125,6852,0.0,0.0
2022-03-01 00:00:00+09:00,136296.1276964561,138197.9341294299,136084.8158705701,137141.375,5174,0.0,0.0
2022-03-02 00:00:00+09:00,138197.93883384147,139677.12166539635,136930.06783536586,138620.5625,6700,0.0,0.0
2022-03-03 00:00:00+09:00,138620.5625,139043.18616615853,137775.31516768291,138620.5625,4622,0.0,0.0
2022-03-04 00:00:00+09:00,138831.884765625,139043.1966145833,136084.83072916666,136930.078125,7612,0.0,0.0
2022-03-07 00:00:00+09:00,136718.75,137986.620942813,135450.87905718703,136718.75,7306,0.0,0.0
2022-03-08 00:00:00+09:00,136507.4313186813,137563.99038461538,134394.31318681317,134605.625,5042,0.0,0.0
2022-03-09 00:00:00+09:00,135873.49726134585,137775.30359937402,134605.62636932707,135028.25,9054,0.0,0.0
2022-03-10 00:00:00+09:00,137141.37966844512,139888.4334984756,136930.06783536586,138620.5625,6948,0.0,0.0
2022-03-11 00:00:00+09:00,140522.35034029908,141367.59756039112,137352.673264954,137775.296875,10464,0.0,0.0
2022-03-14 00:00:00+09:00,137775.3222200622,138831.8814395412,135873.515625,135873.515625,4960,0.0,0.0
2022-03-15 00:00:00+09:00,136507.43682170543,137986.61957364343,135662.1895348837,136296.125,5780,0.0,0.0
2022-03-16 00:00:00+09:00,135239.5685670262,137986.62230354393,135239.5685670262,137141.375,7638,0.0,0.0
2022-03-17 00:00:00+09:00,137775.3274769585,138620.57488479262,136718.7682171659,137564.015625,5604,0.0,0.0
2022-03-18 00:00:00+09:00,139043.21375,140099.773125,136507.47125,137352.71875,8324,0.0,0.0
2022-03-22 00:00:00+09:00,138197.95484581497,144537.31057268722,137564.01927312775,143903.375,11378,0.0,0.0
2022-03-23 00:00:00+09:00,143480.7474074074,144537.30666666667,141367.6288888889,142635.5,8530,0.0,0.0
2022-03-24 00:00:00+09:00,142001.5618705036,147284.35807104316,141578.93817446043,146861.734375,10246,0.0,0.0
2022-03-25 00:00:00+09:00,148129.5806909824,148340.89250366567,144114.65625,144114.65625,6404,0.0,0.0
2022-03-28 00:00:00+09:00,144537.3137755102,146016.4968112245,143692.06632653062,144959.9375,6790,0.0,0.0
2022-03-29 00:00:00+09:00,144959.92709834295,147284.3574162464,144959.92709834295,146650.421875,6666,0.0,0.0
2022-03-30 00:00:00+09:00,147918.28627558477,147918.28627558477,143058.11401224416,144537.296875,7136,0.0,0.0
2022-03-31 00:00:00+09:00,144959.92384796808,147073.04227140784,144748.6120056241,145593.859375,6348,0.0,0.0
2022-04-01 00:00:00+09:00,144748.60313841203,147706.96875,142212.8611856223,147706.96875,9004,0.0,0.0
2022-04-04 00:00:00+09:00,150665.3522747507,150665.3522747507,145382.55591168092,148340.921875,7392,0.0,0.0
2022-04-05 00:00:00+09:00,149186.16929309117,149186.16929309117,146439.11518429487,148340.921875,4932,0.0,0.0
2022-04-06 00:00:00+09:00,148974.8424164296,149186.15424964437,147706.97141714083,148552.21875,8064,0.0,0.0
2022-04-07 00:00:00+09:00,148552.22915917265,148552.22915917265,145382.55143884892,146861.734375,6052,0.0,0.0
2022-04-08 00:00:00+09:00,146861.74554869186,148340.92859738372,145382.5625,145382.5625,7658,0.0,0.0
2022-04-11 00:00:00+09:00,146439.11518429487,149186.16929309117,146439.11518429487,148340.921875,4192,0.0,0.0
2022-04-12 00:00:00+09:00,147918.2819186876,148763.52924393723,147284.34642475037,148129.59375,6164,0.0,0.0
2022-04-13 00:00:00+09:00,148129.59375,149397.46473787448,147918.2819186876,148129.59375,6192,0.0,0.0
2022-04-14 00:00:00+09:00,148974.85743856838,148974.85743856838,147073.05074786325,148340.921875,6116,0.0,0.0
2022-04-15 00:00:00+09:00,151299.26426820728,151299.26426820728,149186.14605217087,150876.640625,5914,0.0,0.0
2022-04-18 00:00:00+09:00,150876.65821129706,152355.84113493725,150242.72267259413,151510.59375,5306,0.0,0.0
2022-04-19 00:00:00+09:00,151510.58779131356,151510.58779131356,148340.91022245763,149608.78125,8136,0.0,0.0
2022-04-20 00:00:00+09:00,147918.30072592068,149820.10744953965,146861.74143502125,149186.171875,8374,0.0,0.0
2022-04-21 00:00:00+09:00,149608.77925531915,150665.33843085106,148974.84375,148974.84375,4680,0.0,0.0
2022-04-22 00:00:00+09:00,150876.6549332865,151510.5904582163,149397.4720417837,150454.03125,6426,0.0,0.0
2022-04-25 00:00:00+09:00,150665.34375,151299.27927769985,148974.84900946706,150665.34375,4286,0.0,0.0
2022-04-26 00:00:00+09:00,152144.54434357543,152989.79181215083,150031.42567213686,151299.296875,9454,0.0,0.0
2022-04-27 00:00:00+09:00,150665.3294798951,152567.13588286712,150665.3294798951,151087.953125,6514,0.0,0.0
2022-04-28 00:00:00+09:00,152989.77401823283,153835.0213884993,150665.34375,150665.34375,8858,0.0,0.0
2022-05-02 00:00:00+09:00,149820.08419655293,153412.38522806406,149186.1487204039,151721.890625,7290,0.0,0.0
2022-05-06 00:00:00+09:00,152778.4621756662,152778.4621756662,150242.72006486676,150665.34375,7554,0.0,0.0
2022-05-09 00:00:00+09:00,149186.14335387325,151721.88516725352,148974.83153609154,150031.390625,6844,0.0,0.0
2022-05-10 00:00:00+09:00,150454.0357913669,150665.3476393885,146439.11067895684,146861.734375,13828,0.0,0.0
2022-05-11 00:00:00+09:00,147073.0574127907,147706.9930050872,143480.75572311046,145382.5625,15746,0.0,0.0
2022-05-12 00:00:00+09:00,145171.24614537446,145171.24614537446,143058.12756975036,143903.375,8342,0.0,0.0
2022-05-13 00:00:00+09:00,144325.98962102027,147706.97912897973,144325.98962102027,146016.484375,10260,0.0,0.0
2022-05-16 00:00:00+09:00,146861.73306727994,147284.3567595599,144537.30275974027,146439.109375,11920,0.0,0.0
2022-05-17 00:00:00+09:00,146227.79752886004,146439.109375,144959.9264520202,146439.109375,6012,0.0,0.0
2022-05-18 00:00:00+09:00,147918.28057939914,148552.21606759657,146227.78594420603,147706.96875,5858,0.0,0.0
2022-05-19 00:00:00+09:00,149186.1653645833,149397.47721354166,147073.046875,147073.046875,3172,0.0,0.0
2022-05-20 00:00:00+09:00,149820.08840049928,149820.08840049928,147284.34642475037,148129.59375,7584,0.0,0.0
2022-05-23 00:00:00+09:00,147073.0319225251,147918.27923242465,146439.09644010043,147284.34375,4550,0.0,0.0
2022-05-24 00:00:00+09:00,147073.0319225251,147706.96740494977,146650.40826757532,147284.34375,4986,0.0,0.0
2022-05-25 00:00:00+09:00,147284.34642475037,148129.59375,146861.72276212554,148129.59375,7680,0.0,0.0
2022-05-26 00:00:00+09:00,147284.3574162464,147706.98111041068,146650.421875,146650.421875,4206,0.0,0.0
2022-05-27 00:00:00+09:00,146016.48891923352,148763.5429799427,144959.9296651146,147495.671875,12480,0.0,0.0
2022-05-30 00:00:00+09:00,149397.45517165493,150031.390625,148763.51971830986,150031.390625,4874,0.0,0.0
2022-05-31 00:00:00+09:00,148552.21521757974,152355.828125,148552.21521757974,152355.828125,9706,0.0,0.0
2022-06-01 00:00:00+09:00,151087.95244660365,152144.51155462186,150242.70516018907,150876.640625,5288,0.0,0.0
2022-06-02 00:00:00+09:00,149820.08218968532,151087.953125,148763.52307692307,151087.953125,7360,0.0,0.0
2022-06-03 00:00:00+09:00,150665.3424314346,151721.9016350211,149397.4713871308,150242.71875,5126,0.0,0.0
2022-06-06 00:00:00+09:00,151087.9720052083,152989.7786458333,150454.0364583333,152144.53125,6222,0.0,0.0
2022-06-07 00:00:00+09:00,152144.51763485477,153201.0767850968,151933.20580480635,152778.453125,5370,0.0,0.0
2022-06-08 00:00:00+09:00,153201.0821007182,154680.26496238032,152989.7702633379,154468.953125,5086,0.0,0.0
2022-06-09 00:00:00+09:00,154257.63661084254,154680.26027279007,151721.89463915746,152989.765625,5438,0.0,0.0
2022-06-10 00:00:00+09:00,152778.46482740587,153835.0240585774,151087.97005753138,151510.59375,6870,0.0,0.0
2022-06-13 00:00:00+09:00,150031.390625,150665.32607834507,149397.45517165493,150031.390625,5824,0.0,0.0
2022-06-14 00:00:00+09:00,149397.47321105073,150242.72058423914,144748.6126585145,145805.171875,9884,0.0,0.0
2022-06-15 00:00:00+09:00,145593.86192077727,146227.79745889385,140945.00130792227,141367.625,13292,0.0,0.0
2022-06-16 00:00:00+09:00,144325.99283854166,148552.2298177083,143692.05729166666,147073.046875,14016,0.0,0.0
2022-06-17 00:00:00+09:00,145171.2415159384,147918.29557664756,143903.3704109957,147495.671875,18226,0.0,0.0
2022-06-20 00:00:00+09:00,146439.11859443632,146861.74231332357,143269.44070278184,144326.0,6114,0.0,0.0
2022-06-21 00:00:00+09:00,144114.67906746033,146650.42122114,144114.67906746033,146439.109375,6052,0.0,0.0
2022-06-22 00:00:00+09:00,146439.10806349493,146861.73175198986,145593.86068650507,146016.484375,10470,0.0,0.0
2022-06-23 00:00:00+09:00,146016.48698291366,150031.41209532373,145382.55143884892,146861.734375,8060,0.0,0.0
2022-06-24 00:00:00+09:00,147073.0319225251,147706.96740494977,145805.16095767575,147284.34375,5042,0.0,0.0
2022-06-27 00:00:00+09:00,147706.9888677408,149820.10744953965,147284.365151381,149186.171875,4228,0.0,0.0
2022-06-28 00:00:00+09:00,149186.1653645833,152778.466796875,149186.1653645833,152144.53125,6018,0.0,0.0
2022-06-29 00:00:00+09:00,151721.89397475796,152989.7649550484,151510.58214470954,152778.453125,6132,0.0,0.0
2022-06-30 00:00:00+09:00,152778.4681007618,153412.4036530471,151510.59699619113,152567.15625,6680,0.0,0.0
2022-07-01 00:00:00+09:00,152778.44770541956,153835.0068181818,149820.08218968532,151087.953125,6112,0.0,0.0
2022-07-04 00:00:00+09:00,151933.20647013123,152989.765625,150454.02365331491,152989.765625,5098,0.0,0.0
2022-07-05 00:00:00+09:00,151721.89264042996,152778.45178138002,150876.64532766992,152355.828125,5078,0.0,0.0
2022-07-06 00:00:00+09:00,151933.20041520978,152355.82406031468,150665.3294798951,151087.953125,4246,0.0,0.0
2022-07-07 00:00:00+09:00,151087.97585227274,154468.96552169422,151087.97585227274,153412.40625,2910,0.0,0.0
2022-07-08 00:00:00+09:00,153412.3932791096,155525.5116438356,152355.83409674658,154257.640625,5548,0.0,0.0
2022-07-11 00:00:00+09:00,155102.8736338798,155948.12090163934,154468.93818306012,154680.25,3282,0.0,0.0
2022-07-12 00:00:00+09:00,154680.2629635989,154680.2629635989,152989.76828640111,153835.015625,4046,0.0,0.0
2022-07-13 00:00:00+09:00,153412.40625,154680.27737603305,153201.09439566114,153412.40625,3212,0.0,0.0
2022-07-14 00:00:00+09:00,152778.45379402625,153201.07745597378,151721.89463915746,152989.765625,2750,0.0,0.0
2022-07-15 00:00:00+09:00,153201.09049479166,154257.6497395833,152144.53125,152144.53125,4236,0.0,0.0
2022-07-19 00:00:00+09:00,152355.8334405007,155314.19913837448,152355.8334405007,154046.328125,5710,0.0,0.0
2022-07-20 00:00:00+09:00,154680.25,154891.56181693988,151721.88456284153,154680.25,8554,0.0,0.0
2022-07-21 00:00:00+09:00,153412.36707089553,156582.04407649254,153412.36707089553,155736.796875,6164,0.0,0.0
2022-07-22 00:00:00+09:00,155314.18953252034,156793.3722899729,155314.18953252034,155948.125,3664,0.0,0.0
2022-07-25 00:00:00+09:00,155314.203125,155948.1386479592,154680.2676020408,155314.203125,8322,0.0,0.0
2022-07-26 00:00:00+09:00,155314.2004745212,155314.2004745212,152778.4584259576,154468.953125,6628,0.0,0.0
2022-07-27 00:00:00+09:00,152989.75815217392,156793.37092391305,152989.75815217392,155525.5,14156,0.0,0.0
2022-07-28 00:00:00+09:00,155648.3125,156507.06181034484,154574.87586206896,155648.3125,6328,2893.0,0.0
2022-07-29 00:00:00+09:00,156077.67321611036,157580.484375,155004.23667404632,157580.484375,14962,0.0,0.0
2022-08-01 00:00:00+09:00,157795.17263616374,158653.921875,156721.7360876184,158653.921875,6810,0.0,0.0
2022-08-02 00:00:00+09:00,159297.99742090784,159297.99742090784,155218.9381877579,156077.6875,5012,0.0,0.0
2022-08-03 00:00:00+09:00,158009.87327823692,158653.935261708,154360.18870523415,155863.0,6372,0.0,0.0
2022-08-04 00:00:00+09:00,156936.43767076504,158009.8743169399,155863.00102459016,157151.125,4060,0.0,0.0
2022-08-05 00:00:00+09:00,158009.87362637362,158009.87362637362,155863.00034340657,156292.375,5940,0.0,0.0
2022-08-08 00:00:00+09:00,155862.9998275862,156507.06181034484,154574.87586206896,155648.3125,4328,0.0,0.0
2022-08-09 00:00:00+09:00,156507.07721732365,156507.07721732365,154574.89107883818,155218.953125,6800,0.0,0.0
2022-08-10 00:00:00+09:00,155004.23378824757,155648.29570149514,153286.73535292072,154360.171875,5750,0.0,0.0
2022-08-12 00:00:00+09:00,154360.1708902311,155004.23279936975,152857.35976890757,153286.734375,5190,0.0,0.0
2022-08-15 00:00:00+09:00,153501.42246256964,154360.17167914347,153072.04785428275,154145.484375,3286,0.0,0.0
2022-08-16 00:00:00+09:00,154789.56353163687,156077.6875,154360.18887551583,156077.6875,4326,0.0,0.0
2022-08-17 00:00:00+09:00,156077.7023675554,156507.07706457758,155004.265625,155004.265625,2754,0.0,0.0
2022-08-18 00:00:00+09:00,153716.14153393352,155648.32767053324,153716.14153393352,155004.265625,3126,0.0,0.0
2022-08-19 00:00:00+09:00,155433.62602739726,156936.43732876712,155218.93869863014,156721.75,3664,0.0,0.0
2022-08-22 00:00:00+09:00,156936.4369848901,156936.4369848901,155218.93835851646,156292.375,2708,0.0,0.0
2022-08-23 00:00:00+09:00,156507.0443217528,156507.0443217528,153501.42207140365,153716.109375,3826,0.0,0.0
2022-08-24 00:00:00+09:00,153501.42167804623,155218.92010241598,153286.734375,153286.734375,5258,0.0,0.0
2022-08-25 00:00:00+09:00,155004.23378824757,155218.92109266343,153716.10996175243,154360.171875,2992,0.0,0.0
2022-08-26 00:00:00+09:00,155218.9381877579,156077.6875,154574.87620357634,156077.6875,2782,0.0,0.0
2022-08-29 00:00:00+09:00,155648.3126721763,156507.06198347107,154360.18870523415,155863.0,5804,0.0,0.0
2022-08-30 00:00:00+09:00,156721.76710304053,159083.32797719596,156507.0797508446,158868.640625,4298,0.0,0.0
2022-08-31 00:00:00+09:00,158868.59290081522,160156.71662703805,158009.84375,158009.84375,5992,0.0,0.0
2022-09-01 00:00:00+09:00,158439.24775862068,158439.24775862068,155648.3125,155648.3125,4930,0.0,0.0
2022-09-02 00:00:00+09:00,156507.06181034484,156721.74913793104,155433.6251724138,155648.3125,3364,0.0,0.0
2022-09-05 00:00:00+09:00,155648.3130151099,157151.1243131868,155648.3130151099,156292.375,2372,0.0,0.0
2022-09-06 00:00:00+09:00,156721.7185356653,156936.4058213306,155862.9693930041,156507.03125,2286,0.0,0.0
2022-09-07 00:00:00+09:00,157365.81215800275,157580.4994870041,156292.3755129959,156936.4375,2666,0.0,0.0
2022-09-08 00:00:00+09:00,157365.7803926612,157580.46767832647,156292.34396433472,156507.03125,3716,0.0,0.0
2022-09-09 00:00:00+09:00,156292.36052452316,158224.5463002384,156292.36052452316,157580.484375,7176,0.0,0.0
2022-09-12 00:00:00+09:00,158009.8743169399,158009.8743169399,156507.06301229508,157151.125,2486,0.0,0.0
2022-09-13 00:00:00+09:00,158009.8422496571,158009.8422496571,155862.9693930041,156507.03125,4020,0.0,0.0
2022-09-14 00:00:00+09:00,156292.38986860303,156507.07721732365,154789.5784275588,155218.953125,2988,0.0,0.0
2022-09-15 00:00:00+09:00,154789.54609048116,156507.04452144352,153930.796875,153930.796875,8018,0.0,0.0
2022-09-16 00:00:00+09:00,154145.50205479452,157365.81198630139,154145.50205479452,156721.75,9452,0.0,0.0
2022-09-20 00:00:00+09:00,158224.5606060606,158224.5606060606,155004.25068870524,155863.0,5106,0.0,0.0
2022-09-21 00:00:00+09:00,155863.01517116182,156507.07721732365,154789.5784275588,155218.953125,4692,0.0,0.0
2022-09-22 00:00:00+09:00,154145.5162309557,155433.64032202217,152857.3921398892,155004.265625,5656,0.0,0.0
2022-09-26 00:00:00+09:00,154360.1855579096,154360.1855579096,151783.93767655367,151998.625,10600,0.0,0.0
2022-09-27 00:00:00+09:00,152213.31179078014,153930.81037234043,150925.18785460992,151354.5625,9276,0.0,0.0
2022-09-28 00:00:00+09:00,151139.85734870317,152213.29383555474,147919.5478881484,148992.984375,10824,0.0,0.0
2022-09-29 00:00:00+09:00,151139.8597733711,152857.35817988668,151139.8597733711,151569.234375,6628,0.0,0.0
2022-09-30 00:00:00+09:00,151139.87588152327,153501.43644217207,149207.68996826516,152213.3125,10708,0.0,0.0
2022-10-03 00:00:00+09:00,153930.79568829114,154360.1702927215,150925.17345727846,152642.671875,9118,0.0,0.0
2022-10-04 00:00:00+09:00,153501.42265733657,155004.23378824757,153501.42265733657,154360.171875,5346,0.0,0.0
2022-10-05 00:00:00+09:00,154360.1850177305,154789.55966312057,150925.18785460992,151354.5625,7342,0.0,0.0
2022-10-06 00:00:00+09:00,150925.20249910586,151569.26452968526,149207.70375089414,150066.453125,6118,0.0,0.0
2022-10-07 00:00:00+09:00,147704.8609913793,149637.0466729526,147060.79909752155,149422.359375,8872,0.0,0.0
2022-10-11 00:00:00+09:00,148348.95232780612,148348.95232780612,147275.515625,147275.515625,5176,0.0,0.0
2022-10-12 00:00:00+09:00,147490.20248444364,147919.57716416544,146416.76578513908,146631.453125,5058,0.0,0.0
2022-10-13 00:00:00+09:00,146202.0610141159,146846.12295690936,144484.5625,144484.5625,5122,0.0,0.0
2022-10-14 00:00:00+09:00,145128.640625,146631.45199241865,144913.95328679733,145128.640625,7702,0.0,0.0
2022-10-17 00:00:00+09:00,144699.24981426448,145343.31175705793,143625.81324294204,144484.5625,5784,0.0,0.0
2022-10-18 00:00:00+09:00,144913.96790919284,145558.02998878923,142981.78167040358,143625.84375,7412,0.0,0.0
2022-10-19 00:00:00+09:00,143411.12424698795,143625.81155873495,141908.31306475904,142552.375,7366,0.0,0.0
2022-10-20 00:00:00+09:00,142552.3899621212,142552.3899621212,141049.57862215908,141693.640625,8790,0.0,0.0
2022-10-21 00:00:00+09:00,141264.25,142337.68655015196,140405.5007598784,141264.25,7112,0.0,0.0
2022-10-24 00:00:00+09:00,141478.9527920472,141693.6401255708,139976.14145738204,141049.578125,3462,0.0,0.0
2022-10-25 00:00:00+09:00,141264.25,142122.99924012157,140405.5007598784,141264.25,5936,0.0,0.0
2022-10-26 00:00:00+09:00,142123.00366568915,146631.43731671554,141693.62903225806,146416.75,10458,0.0,0.0
2022-10-27 00:00:00+09:00,145987.37734487734,149207.68713924964,145128.62806637806,148778.3125,9798,0.0,0.0
2022-10-28 00:00:00+09:00,148134.2512553802,150495.81178263988,147704.87661406025,149637.0625,8156,0.0,0.0
2022-10-31 00:00:00+09:00,149851.78043713875,150066.46780166187,147275.53206286128,148563.65625,12082,0.0,0.0
2022-11-01 00:00:00+09:00,148348.95296648552,149207.70233242755,146416.76689311594,148134.265625,13814,0.0,0.0
2022-11-02 00:00:00+09:00,148778.3419577206,148778.3419577206,145558.0315257353,145987.40625,11216,0.0,0.0
2022-11-04 00:00:00+09:00,145343.3273111979,145772.7019856771,144055.2032877604,144269.890625,10906,0.0,0.0
2022-11-07 00:00:00+09:00,145128.62331334333,145772.68525112444,142123.0009370315,143196.4375,5160,0.0,0.0
2022-11-08 00:00:00+09:00,143625.82925758135,145128.640625,143625.82925758135,145128.640625,2544,0.0,0.0
2022-11-09 00:00:00+09:00,144913.95263671875,145343.3273111979,144055.2032877604,144269.890625,3840,0.0,0.0
2022-11-10 00:00:00+09:00,144484.57828727746,145558.01497589023,144055.20361183234,144699.265625,3466,0.0,0.0
2022-11-11 00:00:00+09:00,148992.99872634644,149207.68604439593,146416.75090975256,147490.1875,5950,0.0,0.0
2022-11-14 00:00:00+09:00,147490.1865835777,147490.1865835777,144699.25146627566,146416.75,8178,0.0,0.0
2022-11-15 00:00:00+09:00,146416.75036549708,147704.87426900584,145987.37573099416,146846.125,5452,0.0,0.0
2022-11-16 00:00:00+09:00,146631.453125,147275.51514458272,145772.70376555636,146631.453125,3246,0.0,0.0
2022-11-17 00:00:00+09:00,146846.14094387754,147490.2029655612,145987.39158163266,147275.515625,4276,0.0,0.0
2022-11-18 00:00:00+09:00,147490.1871350365,147490.1871350365,145772.68859489053,147060.8125,3474,0.0,0.0
2022-11-21 00:00:00+09:00,147275.51641642547,149422.38983357453,147060.82907471058,148348.953125,5310,0.0,0.0
2022-11-22 00:00:00+09:00,148778.32652360908,148778.32652360908,145343.32908583456,146631.453125,4252,0.0,0.0
2022-11-24 00:00:00+09:00,147490.1871350365,148134.24908759125,146416.75054744526,147060.8125,5500,0.0,0.0
2022-11-25 00:00:00+09:00,147060.81286390102,148563.62409024744,146416.75090975256,147490.1875,5554,0.0,0.0
2022-11-28 00:00:00+09:00,148134.2512553802,149637.0625,147490.1892934003,149637.0625,8354,0.0,0.0
2022-11-29 00:00:00+09:00,150066.45185871926,150710.51388386398,147919.5784415702,148348.953125,4124,0.0,0.0
2022-11-30 00:00:00+09:00,147704.875,148134.2496366279,146631.43840843023,147704.875,9454,0.0,0.0
2022-12-01 00:00:00+09:00,147704.8729689808,148348.93491506646,144269.87592319056,145343.3125,7264,0.0,0.0
2022-12-02 00:00:00+09:00,147704.8729689808,147704.8729689808,144699.25055391435,145343.3125,5872,0.0,0.0
2022-12-05 00:00:00+09:00,145128.62444279346,145343.31175705793,143411.12592867756,144484.5625,3582,0.0,0.0
2022-12-06 00:00:00+09:00,144913.96943933825,146416.78097426472,144484.59471507353,145987.40625,3834,0.0,0.0
2022-12-07 00:00:00+09:00,145987.40625,147060.84306066178,145558.0315257353,145987.40625,6592,0.0,0.0
2022-12-08 00:00:00+09:00,145343.32828632006,145987.39030235988,143196.45489952064,145558.015625,6984,0.0,0.0
2022-12-09 00:00:00+09:00,147275.5003633721,147919.56231831395,145772.6891351744,147704.875,12188,0.0,0.0
2022-12-12 00:00:00+09:00,147275.5001819505,148778.31140829696,146631.43822780205,147490.1875,6248,0.0,0.0
2022-12-13 00:00:00+09:00,147490.1865835777,147490.1865835777,145772.68804985337,146416.75,5116,0.0,0.0
2022-12-14 00:00:00+09:00,146202.06304824562,147060.81231725146,145343.31377923975,146846.125,10448,0.0,0.0
2022-12-15 00:00:00+09:00,146846.12554585154,147490.1875,145987.37627365356,147490.1875,5296,0.0,0.0
2022-12-16 00:00:00+09:00,147060.79909752155,149422.359375,146631.4245016164,149422.359375,14798,0.0,0.0
2022-12-19 00:00:00+09:00,148778.32652360908,148778.32652360908,146202.0784452782,146631.453125,5740,0.0,0.0
2022-12-20 00:00:00+09:00,146416.75844726563,146631.44577636718,134823.64267578124,137399.890625,18202,0.0,0.0
2022-12-21 00:00:00+09:00,139546.751707132,143196.43598254933,138688.00246585737,141478.9375,10504,0.0,0.0
2022-12-22 00:00:00+09:00,141693.64193488023,144269.88997005988,140834.89258982035,143411.140625,7814,0.0,0.0
2022-12-23 00:00:00+09:00,144055.2016380287,144055.2016380287,141264.26628587613,142123.015625,5448,0.0,0.0
2022-12-26 00:00:00+09:00,142552.3899621212,143196.45196496212,140620.20395359848,141693.640625,4380,0.0,0.0
2022-12-27 00:00:00+09:00,141908.31417910446,143840.5,141693.62686567163,143840.5,3684,0.0,0.0
2022-12-28 00:00:00+09:00,143411.14175925925,145128.64046296297,142552.3924074074,144913.953125,5164,0.0,0.0
2022-12-29 00:00:00+09:00,144913.95328679733,145558.01530140534,143411.1419193787,145128.640625,4834,0.0,0.0
2022-12-30 00:00:00+09:00,145343.32828632006,145987.39030235988,145128.64094764012,145558.015625,5178,0.0,0.0
2023-01-04 00:00:00+09:00,144913.95296272257,145128.6403004451,143411.1415986647,144699.265625,4502,0.0,0.0
2023-01-05 00:00:00+09:00,144269.9054054054,144913.9674831081,141478.96973536036,142981.78125,9572,0.0,0.0
2023-01-06 00:00:00+09:00,142337.7191722973,143625.8433277027,140834.90765765766,142981.78125,7044,0.0,0.0
2023-01-10 00:00:00+09:00,142767.0639858841,145128.62444279346,142767.0639858841,144484.5625,6166,0.0,0.0
2023-01-11 00:00:00+09:00,144699.26578703703,145558.01513888888,143840.51643518519,144913.953125,5486,0.0,0.0
2023-01-12 00:00:00+09:00,144484.5789316003,145558.015625,143196.45489952064,145558.015625,4578,0.0,0.0
2023-01-13 00:00:00+09:00,145128.6552690583,145772.71734865473,143625.84375,143625.84375,7872,0.0,0.0
2023-01-16 00:00:00+09:00,143196.46903026907,144699.28054932735,142981.78167040358,143625.84375,9072,0.0,0.0
2023-01-17 00:00:00+09:00,142981.74848024314,142981.74848024314,141049.5626899696,141264.25,8978,0.0,0.0
2023-01-18 00:00:00+09:00,141693.63877118644,142767.0754285439,137829.26680469952,139332.078125,19534,0.0,0.0
2023-01-19 00:00:00+09:00,138688.01459960936,139117.3892578125,136970.51596679687,137399.890625,13816,0.0,0.0
2023-01-20 00:00:00+09:00,136755.81347352025,138473.31191588784,136326.43886292833,137829.25,9030,0.0,0.0
2023-01-23 00:00:00+09:00,138043.9543028846,139976.14028846155,138043.9543028846,139546.765625,5718,0.0,0.0
2023-01-24 00:00:00+09:00,140190.813449848,141264.25,139546.75151975683,141264.25,4658,0.0,0.0
2023-01-25 00:00:00+09:00,141693.62366003063,142122.99827718223,139546.7505742726,140190.8125,3842,0.0,0.0
2023-01-26 00:00:00+09:00,140620.20211382897,140620.20211382897,138688.0161305855,139332.078125,4350,0.0,0.0
2023-01-27 00:00:00+09:00,140834.8753799392,141908.31193009118,140190.813449848,141264.25,10958,0.0,0.0
2023-01-30 00:00:00+09:00,140975.75841346153,142068.59375,140538.62427884617,142068.59375,7968,2920.0,0.0
2023-01-31 00:00:00+09:00,142724.26899606298,142942.83602362205,138790.0625,138790.0625,7258,0.0,0.0
2023-02-01 00:00:00+09:00,139445.78125,140538.61652625393,138790.08008424766,139445.78125,3964,0.0,0.0
2023-02-02 00:00:00+09:00,139664.34830525078,140538.61652625393,138571.51302899688,139445.78125,4702,0.0,0.0
2023-02-03 00:00:00+09:00,139882.89719626168,140538.59827686916,139445.76314252336,140320.03125,4294,0.0,0.0
2023-02-06 00:00:00+09:00,140538.61527032207,143161.41990989263,140538.61527032207,142505.71875,4272,0.0,0.0
2023-02-07 00:00:00+09:00,142287.1608173077,143161.42908653847,141631.45961538464,142068.59375,3500,0.0,0.0
2023-02-08 00:00:00+09:00,142068.58723958334,142505.72135416666,140757.18489583334,141631.453125,3128,0.0,0.0
2023-02-09 00:00:00+09:00,140757.19134615385,142068.59375,140757.19134615385,142068.59375,5400,0.0,0.0
2023-02-10 00:00:00+09:00,142068.5846434049,142724.28580329753,140757.18232361964,142505.71875,6636,0.0,0.0
2023-02-13 00:00:00+09:00,142068.58723958334,142287.154296875,141194.31901041666,141631.453125,3460,0.0,0.0
2023-02-14 00:00:00+09:00,141631.4505368098,142505.71875,141412.88348351227,142505.71875,2106,0.0,0.0
2023-02-15 00:00:00+09:00,141631.4706221198,142724.30604358678,140538.63520065285,142287.171875,5798,0.0,0.0
2023-02-16 00:00:00+09:00,142724.28125,142942.84829632466,141850.01306470137,142724.28125,2568,0.0,0.0
2023-02-17 00:00:00+09:00,142287.14715735067,142942.84829632466,140975.74487940274,142724.28125,4184,0.0,0.0
2023-02-20 00:00:00+09:00,142724.28776240457,144035.69010019084,142287.15364980916,143161.421875,2648,0.0,0.0
2023-02-21 00:00:00+09:00,143161.41990989263,143817.12106978527,142068.5846434049,142505.71875,4424,0.0,0.0
2023-02-22 00:00:00+09:00,142068.6047907066,142724.30604358678,141412.9035378264,142287.171875,6106,0.0,0.0
2023-02-24 00:00:00+09:00,143161.40777725563,145347.078125,142505.70667293234,145347.078125,9322,0.0,0.0
2023-02-27 00:00:00+09:00,145784.22981380988,146877.0651197605,145347.09569142965,146002.796875,7536,0.0,0.0
2023-02-28 00:00:00+09:00,145565.67376681615,147095.6433109118,144472.83837817638,146221.375,6836,0.0,0.0
2023-03-01 00:00:00+09:00,146221.36066316793,146439.92771946566,142942.8548187023,143161.421875,7860,0.0,0.0
2023-03-02 00:00:00+09:00,144035.67641052432,144254.24344604864,142287.1401263298,143817.109375,3306,0.0,0.0
2023-03-03 00:00:00+09:00,143817.1276280581,144254.26175458715,142724.29231173548,142942.859375,4586,0.0,0.0
2023-03-06 00:00:00+09:00,143161.42575170196,144472.828125,143161.42575170196,144472.828125,3752,0.0,0.0
2023-03-07 00:00:00+09:00,144909.95171324656,144909.95171324656,142287.14715735067,142724.28125,3060,0.0,0.0
2023-03-08 00:00:00+09:00,142724.2956842924,142942.86275272162,140320.05793157077,140538.625,5520,0.0,0.0
2023-03-09 00:00:00+09:00,141850.015625,142287.1497255393,140538.61332338213,141850.015625,4110,0.0,0.0
2023-03-10 00:00:00+09:00,140538.61783854166,142287.154296875,140538.61783854166,141631.453125,7170,0.0,0.0
2023-03-13 00:00:00+09:00,141194.29235896445,141631.42639103555,139445.75623068007,141412.859375,5318,0.0,0.0
2023-03-14 00:00:00+09:00,141194.3164302147,142942.85285659507,140101.48116372697,142505.71875,6020,0.0,0.0
2023-03-15 00:00:00+09:00,142942.85413401254,143161.42118926332,139445.78125,139445.78125,9742,0.0,0.0
2023-03-16 00:00:00+09:00,138571.52746815287,138790.09454617833,136385.85668789808,137260.125,12052,0.0,0.0
2023-03-17 00:00:00+09:00,137260.1266286645,137915.82787052117,132888.78501628665,134200.1875,15332,0.0,0.0
2023-03-20 00:00:00+09:00,133763.05333876223,136604.42538680782,133107.35209690555,134200.1875,11624,0.0,0.0
2023-03-22 00:00:00+09:00,133325.89606629394,137041.53579273162,133325.89606629394,136822.96875,9220,0.0,0.0
2023-03-23 00:00:00+09:00,135948.68955,136822.95765,134418.720375,136604.390625,4514,0.0,0.0
2023-03-24 00:00:00+09:00,137041.524675,137260.0917,135730.12252499998,136604.390625,5044,0.0,0.0
2023-03-27 00:00:00+09:00,136385.8236,136822.95765,135948.68955,136604.390625,4422,0.0,0.0
2023-03-28 00:00:00+09:00,136822.9701749214,139445.77471501572,136385.83608490566,139008.640625,5634,0.0,0.0
2023-03-29 00:00:00+09:00,139882.90880503145,140101.4758500393,137915.8053999607,139008.640625,6740,0.0,0.0
2023-03-30 00:00:00+09:00,139445.76358267714,139664.3306102362,136604.39222440944,138790.0625,6810,0.0,0.0
2023-03-31 00:00:00+09:00,139227.20566745655,139445.7727093207,137260.10229067932,138352.9375,6548,0.0,0.0
2023-04-03 00:00:00+09:00,139227.22187500002,143161.42908653847,138352.95360576923,142068.59375,9110,0.0,0.0
2023-04-04 00:00:00+09:00,141412.86843507751,141850.00249515503,139445.76516472868,140975.734375,12550,0.0,0.0
2023-04-05 00:00:00+09:00,140757.16530373832,141631.43341121497,139664.33016939252,140320.03125,6870,0.0,0.0
2023-04-06 00:00:00+09:00,139882.91731669268,140975.75260822935,139445.783200078,140101.484375,7032,0.0,0.0
2023-04-07 00:00:00+09:00,139664.34176002358,139882.90880503145,137915.8053999607,139008.640625,4518,0.0,0.0
2023-04-10 00:00:00+09:00,139445.80061141305,140975.77021059784,139227.23352581522,140757.203125,5466,0.0,0.0
2023-04-11 00:00:00+09:00,140320.06811635944,143161.4402121736,140101.50103206604,142287.171875,10520,0.0,0.0
2023-04-12 00:00:00+09:00,141850.02018229166,142505.72135416666,141194.31901041666,141631.453125,7106,0.0,0.0
2023-04-13 00:00:00+09:00,141194.31447419105,143161.41792661787,140975.74742392142,141850.015625,4708,0.0,0.0
2023-04-14 00:00:00+09:00,143379.97530395136,144472.81048157296,142505.7071618541,143817.109375,7510,0.0,0.0
2023-04-17 00:00:00+09:00,143817.12693835096,145128.529311649,143379.9928139183,144472.828125,5908,0.0,0.0
2023-04-18 00:00:00+09:00,144909.97065033784,146221.37309966216,144472.83650056305,145565.671875,5552,0.0,0.0
2023-04-19 00:00:00+09:00,145128.5286302395,146221.36393619012,144909.9615690494,146002.796875,4152,0.0,0.0
2023-04-20 00:00:00+09:00,146439.94129068046,148188.4779031065,146439.94129068046,147751.34375,5536,0.0,0.0
2023-04-21 00:00:00+09:00,147751.34297218153,149499.87957540262,147095.64174597364,149281.3125,7604,0.0,0.0
2023-04-24 00:00:00+09:00,149062.72075729928,150374.12299270072,148407.01963959855,149718.421875,6422,0.0,0.0
2023-04-25 00:00:00+09:00,149718.43231421357,151685.5358044733,149718.43231421357,151466.96875,6174,0.0,0.0
2023-04-26 00:00:00+09:00,151904.08265039627,152341.21670118877,150592.68049801874,151685.515625,6508,0.0,0.0
2023-04-27 00:00:00+09:00,151685.54954710146,151685.54954710146,150811.28125,150811.28125,3296,0.0,0.0
2023-04-28 00:00:00+09:00,152122.6577549575,154308.328125,151029.82256993625,154308.328125,9886,0.0,0.0
2023-05-01 00:00:00+09:00,154089.78390246077,154089.78390246077,152996.9485556348,153215.515625,8442,0.0,0.0
2023-05-02 00:00:00+09:00,151466.9824728261,151685.54954710146,149937.01295289854,150811.28125,12020,0.0,0.0
2023-05-08 00:00:00+09:00,150811.28422830725,153871.22332859176,150155.582992532,153652.65625,7114,0.0,0.0
2023-05-09 00:00:00+09:00,153871.203125,154964.03837446732,152996.93492542612,153871.203125,7864,0.0,0.0
2023-05-10 00:00:00+09:00,153652.63153812056,154745.46675531915,152996.9304078014,154089.765625,6560,0.0,0.0
2023-05-11 00:00:00+09:00,153871.19858156028,154745.46675531915,153434.06449468085,154089.765625,5254,0.0,0.0
2023-05-12 00:00:00+09:00,153652.65625,154308.35748577525,152341.2537784495,153652.65625,5692,0.0,0.0
2023-05-15 00:00:00+09:00,153434.0664724576,154745.46875,153434.0664724576,154745.46875,6062,0.0,0.0
2023-05-16 00:00:00+09:00,154308.33465748586,154964.03579625706,153652.6335187147,154745.46875,2870,0.0,0.0
2023-05-17 00:00:00+09:00,154964.03837446732,154964.03837446732,153215.50197531958,153871.203125,4972,0.0,0.0
2023-05-18 00:00:00+09:00,154308.34045815296,154308.34045815296,151466.96875,151466.96875,5452,0.0,0.0
2023-05-19 00:00:00+09:00,151248.40107142858,152996.9375,150592.6999107143,152996.9375,6334,0.0,0.0
2023-05-22 00:00:00+09:00,152996.95501422475,154089.7904071835,152778.387935633,153652.65625,4070,0.0,0.0
2023-05-23 00:00:00+09:00,153652.63607510654,154089.77017489346,152341.23377574573,153871.203125,4982,0.0,0.0
2023-05-24 00:00:00+09:00,152559.80339285714,153871.20571428572,151904.10223214288,152996.9375,6232,0.0,0.0
2023-05-25 00:00:00+09:00,151904.1028589466,152996.93813131313,150811.26758658007,151466.96875,6654,0.0,0.0
2023-05-26 00:00:00+09:00,151904.1028589466,151904.1028589466,150811.26758658007,151466.96875,6268,0.0,0.0
2023-05-29 00:00:00+09:00,151466.968125,152996.9375,150811.26696428572,152996.9375,3824,0.0,0.0
2023-05-30 00:00:00+09:00,153215.515625,153215.515625,151466.97907007847,153215.515625,3272,0.0,0.0
2023-05-31 00:00:00+09:00,152996.92737430168,156494.0,151904.09217877095,156494.0,13886,0.0,0.0
2023-06-01 00:00:00+09:00,154308.33120503597,155182.5993705036,151904.09375,151904.09375,8256,0.0,0.0
2023-06-02 00:00:00+09:00,152341.22729700856,153652.62954059828,152341.22729700856,153434.0625,4416,0.0,0.0
2023-06-05 00:00:00+09:00,155401.15625,155401.15625,154089.75408755275,155401.15625,3722,0.0,0.0
2023-06-06 00:00:00+09:00,155619.7674825175,156494.03583916085,154308.36494755244,156275.46875,5946,0.0,0.0
2023-06-07 00:00:00+09:00,155619.7434859155,156712.57876320422,154745.47526408453,155182.609375,8548,0.0,0.0
2023-06-08 00:00:00+09:00,155401.15625,155619.72327707455,153652.62003340365,155401.15625,10182,0.0,0.0
2023-06-09 00:00:00+09:00,155838.29436889818,156931.12953277546,154964.02623779638,156712.5625,7552,0.0,0.0
2023-06-12 00:00:00+09:00,157149.6945246849,157805.3956144958,155401.15828518907,156056.859375,4252,0.0,0.0
2023-06-13 00:00:00+09:00,157149.7016484485,157149.7016484485,154308.33013046545,154964.03125,5354,0.0,0.0
2023-06-14 00:00:00+09:00,155619.7454417952,156275.44661640952,154964.04426718093,155838.3125,6406,0.0,0.0
2023-06-15 00:00:00+09:00,157805.4042506954,158023.97129259387,156712.56904120307,157149.703125,7660,0.0,0.0
2023-06-16 00:00:00+09:00,156931.15360976456,157805.421875,156494.01947714682,157805.421875,10282,0.0,0.0
2023-06-19 00:00:00+09:00,157149.70111731844,157149.70111731844,155619.73184357543,156494.0,4958,0.0,0.0
2023-06-20 00:00:00+09:00,155619.7674825175,156275.46875,155619.7674825175,156275.46875,4680,0.0,0.0
2023-06-21 00:00:00+09:00,156056.86140167364,156931.12953277546,155182.59327057182,156712.5625,6554,0.0,0.0
2023-06-22 00:00:00+09:00,156056.85733122364,156275.42435829816,153871.1870604782,155401.15625,8488,0.0,0.0
2023-06-23 00:00:00+09:00,155619.75338801712,155838.3204573823,152996.9485556348,153215.515625,7714,0.0,0.0
2023-06-26 00:00:00+09:00,153652.6386607143,154089.77276785715,152996.9375,152996.9375,5512,0.0,0.0
2023-06-27 00:00:00+09:00,154526.92456436701,154526.92456436701,151685.55254267427,153652.65625,6878,0.0,0.0
2023-06-28 00:00:00+09:00,153652.62250265206,154964.02468617397,153215.48844147808,154526.890625,9314,0.0,0.0
2023-06-29 00:00:00+09:00,154526.90488253228,154745.47193328553,151685.5332227403,152341.234375,8876,0.0,0.0
2023-06-30 00:00:00+09:00,152341.22837936046,152341.22837936046,149718.4238735465,150374.125,8440,0.0,0.0
2023-07-03 00:00:00+09:00,152122.67253265603,152341.2395908926,150155.56900852686,150592.703125,10732,0.0,0.0
2023-07-04 00:00:00+09:00,150155.57231747787,151248.40763274336,147532.7675608407,148188.46875,10940,0.0,0.0
2023-07-05 00:00:00+09:00,147532.77667344676,149062.74620931954,147532.77667344676,147751.34375,10544,0.0,0.0
2023-07-06 00:00:00+09:00,147969.89974537038,148188.46680555557,146658.49738425924,147532.765625,7488,0.0,0.0
2023-07-07 00:00:00+09:00,147751.32416044775,148188.458255597,146221.35482742536,146439.921875,7294,0.0,0.0
2023-07-10 00:00:00+09:00,146439.91329887218,146658.4803336466,144691.37702067668,145347.078125,10434,0.0,0.0
2023-07-11 00:00:00+09:00,145784.22269687965,147969.89320208022,145565.65564635958,147095.625,6862,0.0,0.0
2023-07-12 00:00:00+09:00,147314.2095968935,148188.4779031065,146002.80713757395,147751.34375,8246,0.0,0.0
2023-07-13 00:00:00+09:00,148188.47187047757,151248.41081765556,147532.77066751083,151029.84375,9870,0.0,0.0
2023-07-14 00:00:00+09:00,151248.421875,151248.421875,150155.58645682802,151248.421875,7406,0.0,0.0
2023-07-18 00:00:00+09:00,151248.41539855071,151685.54954710146,150155.5800271739,150811.28125,7548,0.0,0.0
2023-07-19 00:00:00+09:00,151685.53517857144,152996.9375,151029.83401785715,152996.9375,5270,0.0,0.0
2023-07-20 00:00:00+09:00,153215.50912017166,153652.64324034334,152341.2408798283,152778.375,5618,0.0,0.0
2023-07-21 00:00:00+09:00,152996.93813131313,152996.93813131313,151466.96875,151466.96875,5222,0.0,0.0
2023-07-24 00:00:00+09:00,152559.82085704125,153871.22332859176,152122.68669985776,153652.65625,6656,0.0,0.0
2023-07-25 00:00:00+09:00,153652.6419179523,155838.3125,152996.940743338,155838.3125,9692,0.0,0.0
2023-07-26 00:00:00+09:00,156275.4633471646,158242.56708160441,156056.89626556018,158024.0,10054,0.0,0.0
2023-07-27 00:00:00+09:00,161083.93914246195,161083.93914246195,158024.0,158024.0,22474,0.0,0.0
2023-07-28 00:00:00+09:00,156180.05153784074,157957.3494216284,152181.1312993185,154847.078125,44334,2925.0,0.0
2023-07-31 00:00:00+09:00,155735.73547979796,156846.5467171717,153958.4375,153958.4375,12992,0.0,0.0
2023-08-01 00:00:00+09:00,154180.57899052478,154402.7412080904,151514.63237973762,152403.28125,5972,0.0,0.0
2023-08-02 00:00:00+09:00,151958.94941348972,152625.43603372434,151070.30058651025,151514.625,4362,0.0,0.0
2023-08-03 00:00:00+09:00,151070.3125,152403.28584558825,150625.9880514706,151070.3125,2860,0.0,0.0
2023-08-04 00:00:00+09:00,149737.32066231343,150181.64505597015,148404.34748134328,148848.671875,4534,0.0,0.0
2023-08-07 00:00:00+09:00,149515.18516549555,150848.15858450445,149070.8606924926,150181.671875,3838,0.0,0.0
2023-08-08 00:00:00+09:00,150625.97695660236,150625.97695660236,149070.84150129822,149737.328125,3184,0.0,0.0
2023-08-09 00:00:00+09:00,149070.85111111111,149959.5,147960.04,149959.5,4034,0.0,0.0
2023-08-10 00:00:00+09:00,149737.3400762649,149959.50230189733,148626.52894810267,149293.015625,3260,0.0,0.0
2023-08-14 00:00:00+09:00,149293.0030257186,149737.3274394856,146627.0565431165,146849.21875,3812,0.0,0.0
2023-08-15 00:00:00+09:00,147960.0515625,147960.0515625,145738.42916666667,146627.078125,4680,0.0,0.0
2023-08-16 00:00:00+09:00,146182.7262084592,147737.86159365557,146182.7262084592,147071.375,4128,0.0,0.0
2023-08-17 00:00:00+09:00,147293.546875,147960.03351244345,146404.8980250754,147293.546875,2800,0.0,0.0
2023-08-18 00:00:00+09:00,147737.8800455729,149515.17785063243,146627.0689174107,149293.015625,7560,0.0,0.0
2023-08-21 00:00:00+09:00,149515.1577710177,151736.7797289823,149515.1577710177,150625.96875,7580,0.0,0.0
2023-08-22 00:00:00+09:00,151292.46202445653,153514.08408061592,151070.29981884058,153291.921875,6186,0.0,0.0
2023-08-23 00:00:00+09:00,153514.08698660714,155513.546875,152847.60035714286,155513.546875,5556,0.0,0.0
2023-08-24 00:00:00+09:00,156180.03350446429,156402.1957142857,154624.8980357143,155513.546875,3056,0.0,0.0
2023-08-25 00:00:00+09:00,155957.86827531646,157957.328125,155069.2194532349,157957.328125,4052,0.0,0.0
2023-08-28 00:00:00+09:00,157957.328125,158401.65253604078,157513.00371395922,157957.328125,3742,0.0,0.0
2023-08-29 00:00:00+09:00,158401.6591026971,160623.28125,158401.6591026971,160623.28125,5694,0.0,0.0
2023-08-30 00:00:00+09:00,160623.26783854165,160623.26783854165,158845.97026909722,159956.78125,4322,0.0,0.0
2023-08-31 00:00:00+09:00,159956.8170470756,159956.8170470756,155069.24763730384,155735.734375,7848,0.0,0.0
2023-09-01 00:00:00+09:00,155069.22613960115,155957.875,153736.25284900283,155957.875,4828,0.0,0.0
2023-09-04 00:00:00+09:00,156402.18528995756,157068.671875,155735.69870491515,157068.671875,3418,0.0,0.0
2023-09-05 00:00:00+09:00,156180.0237839771,156180.0237839771,154847.05060801143,155291.375,5628,0.0,0.0
2023-09-06 00:00:00+09:00,155069.21350397976,155069.21350397976,152403.26714001448,153514.078125,6936,0.0,0.0
2023-09-07 00:00:00+09:00,153514.08408061592,153958.40849184783,152181.1108469203,153291.921875,7678,0.0,0.0
2023-09-08 00:00:00+09:00,152403.2752911208,153291.92412663755,151292.46424672488,152625.4375,9536,0.0,0.0
2023-09-11 00:00:00+09:00,152625.43976151317,153069.76418585528,150181.65542763157,151958.953125,5164,0.0,0.0
2023-09-12 00:00:00+09:00,151514.63694852943,151736.79917279413,150403.82582720587,151070.3125,2786,0.0,0.0
2023-09-13 00:00:00+09:00,147515.71278195488,150848.14605263158,147071.38834586466,147737.875,7880,0.0,0.0
2023-09-14 00:00:00+09:00,147960.04090142428,149293.01424287856,147293.55423069713,148182.203125,3976,0.0,0.0
2023-09-15 00:00:00+09:00,147737.8800455729,149737.3400762649,147293.55559430804,149293.015625,9586,0.0,0.0
2023-09-19 00:00:00+09:00,148404.34679203542,150625.96875,148182.18459623895,150625.96875,5400,0.0,0.0
2023-09-20 00:00:00+09:00,149737.3497399703,150848.16093982168,149070.86302005942,149515.1875,13832,0.0,0.0
2023-09-21 00:00:00+09:00,148848.69117373513,149959.50230189733,148182.2044968378,149293.015625,20734,0.0,0.0
2023-09-22 00:00:00+09:00,148848.68236236804,148848.68236236804,146849.22245003772,147293.546875,9782,0.0,0.0
2023-09-25 00:00:00+09:00,147515.70908748114,148404.35793740573,147071.38466251886,147293.546875,8486,0.0,0.0
2023-09-26 00:00:00+09:00,148182.203125,149293.01424287856,147071.39200712144,148182.203125,26820,0.0,0.0
2023-09-27 00:00:00+09:00,148182.19410438146,151070.30283505155,148182.19410438146,150848.140625,29076,0.0,0.0
2023-09-28 00:00:00+09:00,151070.31297420332,151070.31297420332,146404.90625,146404.90625,11484,0.0,0.0
2023-09-29 00:00:00+09:00,147960.02240044248,150848.13094579647,147737.86020464601,150625.96875,9338,0.0,0.0
2023-10-02 00:00:00+09:00,149959.50324736445,151736.80106362954,147515.71875,147515.71875,8944,0.0,0.0
2023-10-03 00:00:00+09:00,149070.86171407186,149293.0239520958,147293.56380988023,148404.375,7206,0.0,0.0
2023-10-04 00:00:00+09:00,147960.04456278027,149293.01793721973,147293.55787556054,148626.53125,11502,0.0,0.0
2023-10-05 00:00:00+09:00,149293.01698670606,150848.15258031758,148848.6925313885,150403.828125,9634,0.0,0.0
2023-10-06 00:00:00+09:00,150848.15354073243,151736.80245702542,148404.36902092677,148626.53125,8904,0.0,0.0
2023-10-10 00:00:00+09:00,149293.01793721973,149293.01793721973,147071.3956464873,148626.53125,9924,0.0,0.0
2023-10-11 00:00:00+09:00,148848.671875,149515.1584654851,148182.18528451494,148848.671875,7200,0.0,0.0
2023-10-12 00:00:00+09:00,149959.4828591418,149959.4828591418,148848.671875,148848.671875,5760,0.0,0.0
2023-10-13 00:00:00+09:00,148848.69347907323,150181.6668535127,148182.2067918535,148626.53125,9306,0.0,0.0
2023-10-16 00:00:00+09:00,148626.53084508385,149737.34198742377,145294.09741806402,145738.421875,8576,0.0,0.0
2023-10-17 00:00:00+09:00,145294.0964796687,148404.36765813254,145294.0964796687,147515.71875,4944,0.0,0.0
2023-10-18 00:00:00+09:00,147071.39429593374,148626.52988516568,147071.39429593374,147515.71875,3388,0.0,0.0
2023-10-19 00:00:00+09:00,148848.69347907323,151514.64022795216,147960.04456278027,148626.53125,9822,0.0,0.0
2023-10-20 00:00:00+09:00,147960.0237915408,147960.0237915408,146849.2128021148,147071.375,4684,0.0,0.0
2023-10-23 00:00:00+09:00,147071.38403846155,147293.54625,143961.1130769231,144405.4375,5948,0.0,0.0
2023-10-24 00:00:00+09:00,144627.60198512365,145516.2508452473,143738.953125,143738.953125,8194,0.0,0.0
2023-10-25 00:00:00+09:00,143738.9486265314,145294.0840830781,143516.7864184533,145071.921875,6782,0.0,0.0
2023-10-26 00:00:00+09:00,145071.93244485295,146182.74356617648,143072.4724264706,143516.796875,7568,0.0,0.0
2023-10-27 00:00:00+09:00,146404.90761483434,148404.36765813254,145516.2587067018,147515.71875,10116,0.0,0.0
2023-10-30 00:00:00+09:00,146182.7366412214,146404.89885496185,144627.60114503818,145516.25,5166,0.0,0.0
2023-10-31 00:00:00+09:00,144849.7670281583,147293.55144121003,144849.7670281583,145960.578125,7086,0.0,0.0
2023-11-01 00:00:00+09:00,147515.7001146789,148404.34891055047,144405.42932912844,145294.078125,10956,0.0,0.0
2023-11-02 00:00:00+09:00,146627.04251126127,147960.015625,146182.718140015,147960.015625,7150,0.0,0.0
2023-11-06 00:00:00+09:00,150625.97922876303,150625.97922876303,148404.3571162444,149070.84375,6182,0.0,0.0
2023-11-07 00:00:00+09:00,149070.83407182837,149737.32066231343,147071.37430037314,148848.671875,8996,0.0,0.0
2023-11-08 00:00:00+09:00,148848.6786119516,149070.8408188351,146404.89433623297,146849.21875,4176,0.0,0.0
2023-11-09 00:00:00+09:00,146182.74356617648,146182.74356617648,143516.796875,143516.796875,6192,0.0,0.0
2023-11-10 00:00:00+09:00,143738.95086538463,144405.4375,143294.6264423077,144405.4375,6412,0.0,0.0
2023-11-13 00:00:00+09:00,145071.91441159477,145960.56319818954,143961.1034283513,144183.265625,3778,0.0,0.0
2023-11-14 00:00:00+09:00,144627.58344414894,146404.88093655015,143961.09688449846,146182.71875,5712,0.0,0.0
2023-11-15 00:00:00+09:00,146404.90625,147293.55514984825,145960.58180007586,146404.90625,4094,0.0,0.0
2023-11-16 00:00:00+09:00,146627.06023755658,147737.8712999623,146404.8980250754,147293.546875,3476,0.0,0.0
2023-11-17 00:00:00+09:00,147515.69939577038,147960.0237915408,146404.8884063444,147071.375,3562,0.0,0.0
2023-11-20 00:00:00+09:00,148182.2040496965,148404.36627465856,146404.90625,146404.90625,4038,0.0,0.0
2023-11-21 00:00:00+09:00,145960.5767110813,146182.73892829756,144627.60340778375,144849.765625,5442,0.0,0.0
2023-11-22 00:00:00+09:00,145960.57442748093,145960.57442748093,144183.27671755725,145516.25,4266,0.0,0.0
2023-11-24 00:00:00+09:00,145071.92784221628,145960.5767110813,144849.765625,144849.765625,2622,0.0,0.0
2023-11-27 00:00:00+09:00,145071.92784221628,145738.41449386504,144405.44119056748,144849.765625,4634,0.0,0.0
2023-11-28 00:00:00+09:00,145516.26060956792,145516.26060956792,143738.96277006174,143961.125,6552,0.0,0.0
2023-11-29 00:00:00+09:00,143738.953125,145294.0886302164,143516.7909099691,143738.953125,6034,0.0,0.0
2023-11-30 00:00:00+09:00,144183.27528846153,145071.9241346154,142183.8153846154,144405.4375,9930,0.0,0.0
2023-12-01 00:00:00+09:00,143738.96277006174,144849.7739197531,143294.6383101852,143961.125,7264,0.0,0.0
2023-12-04 00:00:00+09:00,145516.24032396788,145516.24032396788,144183.26713016056,145294.078125,3882,0.0,0.0
2023-12-05 00:00:00+09:00,145071.90781724924,146404.88093655015,144849.7456306991,146182.71875,2750,0.0,0.0
2023-12-06 00:00:00+09:00,146404.8884063444,147737.86159365557,146182.7262084592,147071.375,3438,0.0,0.0
2023-12-07 00:00:00+09:00,146627.078125,147293.56484375,145738.42916666667,146627.078125,3468,0.0,0.0
2023-12-08 00:00:00+09:00,146627.0506042296,147071.375,145738.40181268883,147071.375,8102,0.0,0.0
2023-12-11 00:00:00+09:00,147071.3929248862,147071.3929248862,145960.58180007586,146404.90625,3592,0.0,0.0
2023-12-12 00:00:00+09:00,146627.078125,147515.72708333333,145960.59140625,146627.078125,3426,0.0,0.0
2023-12-13 00:00:00+09:00,145960.56319818954,146404.8875914869,143961.1034283513,144183.265625,4982,0.0,0.0
2023-12-14 00:00:00+09:00,144183.2798427795,144627.6042798913,142405.9820943323,143072.46875,5370,0.0,0.0
2023-12-15 00:00:00+09:00,143738.9441859326,143738.9441859326,141072.9977713558,141739.484375,14228,0.0,0.0
2023-12-18 00:00:00+09:00,141739.49346046327,141739.49346046327,138407.0602286342,139073.546875,14398,0.0,0.0
2023-12-19 00:00:00+09:00,139295.69868187205,140850.83407385467,137740.56328988943,140628.671875,7098,0.0,0.0
2023-12-20 00:00:00+09:00,139295.71326540562,142628.1465971139,139295.71326540562,142405.984375,5606,0.0,0.0
2023-12-21 00:00:00+09:00,141295.171875,142183.820754717,140850.8474351415,141295.171875,4776,0.0,0.0
2023-12-22 00:00:00+09:00,141961.65853478774,142405.98297464623,140184.36077535377,141295.171875,4512,0.0,0.0
2023-12-25 00:00:00+09:00,140850.84691011236,140850.84691011236,138407.0625,138407.0625,4620,0.0,0.0
2023-12-26 00:00:00+09:00,138184.8943309295,139073.54316907053,137740.56991185897,138629.21875,3380,0.0,0.0
2023-12-27 00:00:00+09:00,139740.0445510285,140406.53125,138851.39561906646,140406.53125,5724,0.0,0.0
2023-12-28 00:00:00+09:00,140850.84375,141295.16817823343,138851.38382294952,140850.84375,5792,0.0,0.0
2023-12-29 00:00:00+09:00,140628.6934829905,141073.0179489715,139962.20678401898,140406.53125,3134,0.0,0.0
2024-01-04 00:00:00+09:00,141739.49115659777,141961.65336844197,139073.5446144674,139740.03125,4906,0.0,0.0
2024-01-05 00:00:00+09:00,141295.16511627907,143961.11162790697,139740.0296511628,143294.625,9140,0.0,0.0
2024-01-09 00:00:00+09:00,143072.46647990728,143738.953125,142405.97983481453,143738.953125,4726,0.0,0.0
2024-01-10 00:00:00+09:00,143294.625,143294.625,143294.625,143294.625,1554,0.0,0.0
2024-01-11 00:00:00+09:00,143516.796875,143961.12132352943,142405.98575367648,143516.796875,4946,0.0,0.0
2024-01-12 00:00:00+09:00,144627.5900182974,145294.07660824346,143738.94123170263,144183.265625,7234,0.0,0.0
2024-01-15 00:00:00+09:00,145516.2536862633,146182.74034436833,144849.7670281583,145960.578125,1196,0.0,0.0
2024-01-16 00:00:00+09:00,145516.2536862633,147293.55144121003,144849.7670281583,145960.578125,6050,0.0,0.0
2024-01-17 00:00:00+09:00,145294.09837962964,146404.90952932098,143516.80054012345,143961.125,4374,0.0,0.0
2024-01-18 00:00:00+09:00,143072.47472783827,143961.1236391913,142183.82581648525,142850.3125,6356,0.0,0.0
2024-01-19 00:00:00+09:00,144405.4471486175,144627.609375,142850.31156394008,144627.609375,3136,0.0,0.0
2024-01-22 00:00:00+09:00,145960.57360011313,147515.70908748114,145071.92475018854,147293.546875,5590,0.0,0.0
2024-01-23 00:00:00+09:00,148404.37604166666,148404.37604166666,146627.078125,146627.078125,5060,0.0,0.0
2024-01-24 00:00:00+09:00,147737.88932291666,148404.37604166666,146182.75364583335,146627.078125,4084,0.0,0.0
2024-01-25 00:00:00+09:00,146182.74034436833,147071.3892218417,145294.09146689498,145960.578125,6490,0.0,0.0
2024-01-26 00:00:00+09:00,146849.2128021148,147293.5371978852,146182.7262084592,147071.375,3852,0.0,0.0
2024-01-29 00:00:00+09:00,145960.5831607681,148182.2054310994,145960.5831607681,147515.71875,18258,0.0,0.0
2024-01-30 00:00:00+09:00,147244.2852706086,147244.2852706086,146113.37678158705,146791.921875,6152,2950.0,0.0
2024-01-31 00:00:00+09:00,146791.92766826923,147922.83620192308,146565.74596153846,147018.109375,6196,0.0,0.0
2024-02-01 00:00:00+09:00,146339.55713655957,146791.92052801725,143625.37678781347,144303.921875,8512,0.0,0.0
2024-02-02 00:00:00+09:00,146565.7401771957,146791.921875,145661.0133859784,146791.921875,5634,0.0,0.0
2024-02-05 00:00:00+09:00,148149.01385161042,149506.1040548313,147470.46875,147470.46875,6766,0.0,0.0
2024-02-06 00:00:00+09:00,147696.65221851144,148827.56073473283,146791.92540553436,148149.015625,6282,0.0,0.0
2024-02-07 00:00:00+09:00,149053.7447355769,149958.4715625,146791.92766826923,147018.109375,6944,0.0,0.0
2024-02-08 00:00:00+09:00,147470.45745716512,148149.00250681464,144756.277258567,145208.640625,8796,0.0,0.0
2024-02-09 00:00:00+09:00,146113.37952044024,146565.7429245283,143851.5625,143851.5625,8870,0.0,0.0
2024-02-13 00:00:00+09:00,145208.67430337518,145661.03777472526,143399.22041797487,144077.765625,6680,0.0,0.0
2024-02-14 00:00:00+09:00,144530.11222044728,144530.11222044728,141589.75,141589.75,8790,0.0,0.0
2024-02-15 00:00:00+09:00,141589.7546672078,142268.29981737013,138423.2106331169,139327.9375,8078,0.0,0.0
2024-02-16 00:00:00+09:00,139101.7365522541,139327.91823770493,137292.28306864755,137970.828125,10434,0.0,0.0
2024-02-19 00:00:00+09:00,138649.37901493453,138875.5607099018,136161.38037029462,138197.015625,9712,0.0,0.0
2024-02-20 00:00:00+09:00,139780.30093344155,140232.6643668831,138423.2106331169,139327.9375,8088,0.0,0.0
2024-02-21 00:00:00+09:00,140911.21535656403,140911.21535656403,137970.85291734198,139554.125,7984,0.0,0.0
2024-02-22 00:00:00+09:00,137744.6602913921,138649.38712417628,137066.11516680397,137292.296875,6504,0.0,0.0
2024-02-26 00:00:00+09:00,139327.92544212218,140911.1973221463,138649.3803506833,140685.015625,7460,0.0,0.0
2024-02-27 00:00:00+09:00,141363.56653792135,142268.29336376404,140006.4762991573,140911.203125,9430,0.0,0.0
2024-02-28 00:00:00+09:00,141815.9317092652,142494.4768370607,140685.0231629393,141589.75,7732,0.0,0.0
2024-02-29 00:00:00+09:00,141137.39950980392,141137.39950980392,138197.03702001635,138423.21875,12292,0.0,0.0
2024-03-01 00:00:00+09:00,139101.7365522541,139101.7365522541,137292.28306864755,137970.828125,8776,0.0,0.0
2024-03-04 00:00:00+09:00,138649.38080211726,140232.65268729642,138197.01740635178,138875.5625,9092,0.0,0.0
2024-03-05 00:00:00+09:00,139327.93921647817,140685.0295335218,138423.2123384491,140006.484375,5834,0.0,0.0
2024-03-06 00:00:00+09:00,140232.677636876,141589.76806561998,139101.76894625605,140458.859375,5386,0.0,0.0
2024-03-07 00:00:00+09:00,140458.83257467268,140911.1959646072,137744.65223506547,138197.015625,7466,0.0,0.0
2024-03-08 00:00:00+09:00,137066.12156250002,138649.39359375,135482.84953125002,135709.03125,12562,0.0,0.0
2024-03-11 00:00:00+09:00,135935.20134824415,136387.56474707357,134487.63847198998,135256.65625,7746,0.0,0.0
2024-03-12 00:00:00+09:00,134940.00413153457,134985.24047217538,133266.25952782462,134125.75,8578,0.0,0.0
2024-03-13 00:00:00+09:00,134578.1189823342,135437.60949012055,133854.33750209308,135075.71875,7586,0.0,0.0
2024-03-14 00:00:00+09:00,135120.96619929635,137292.31081850166,134894.78446812913,136613.765625,9374,0.0,0.0
2024-03-15 00:00:00+09:00,139327.9284591195,144530.10760613208,138875.56505503145,143851.5625,22538,0.0,0.0
2024-03-18 00:00:00+09:00,143851.5625,146339.56122248428,142946.8356918239,143851.5625,12692,0.0,0.0
2024-03-19 00:00:00+09:00,145208.6591558689,149506.11168540397,145208.6591558689,148375.203125,10042,0.0,0.0
2024-03-21 00:00:00+09:00,150410.84481323964,153351.20719304733,148827.57276257395,152898.84375,10950,0.0,0.0
2024-03-22 00:00:00+09:00,153577.388914571,153803.57063609466,151994.11686390534,152898.84375,9700,0.0,0.0
2024-03-25 00:00:00+09:00,153351.21227189782,155160.6661040146,153351.21227189782,154934.484375,6062,0.0,0.0
2024-03-26 00:00:00+09:00,154255.92647879463,154255.92647879463,151315.5642438616,151994.109375,6486,0.0,0.0
2024-03-27 00:00:00+09:00,154482.1081891741,155160.6533203125,151541.74595424105,151994.109375,7070,0.0,0.0
2024-03-28 00:00:00+09:00,152898.82453358208,153125.0062266791,151089.37098880595,151541.734375,7596,0.0,0.0
2024-03-29 00:00:00+09:00,153125.02612743265,153125.02612743265,150410.84545752246,151089.390625,2340,0.0,0.0
2024-04-01 00:00:00+09:00,151315.57234749253,152898.84440494012,149732.30029004492,151089.390625,3980,0.0,0.0
2024-04-02 00:00:00+09:00,151315.54504504503,151315.54504504503,148827.54654654654,150637.0,4644,0.0,0.0
2024-04-03 00:00:00+09:00,148827.56479709037,149506.10992534456,146113.38428407352,147696.65625,5912,0.0,0.0
2024-04-04 00:00:00+09:00,147922.84715909092,149732.3009469697,147922.84715909092,149279.9375,5390,0.0,0.0
2024-04-05 00:00:00+09:00,149732.28168004585,149732.28168004585,146113.37456995412,147922.828125,5592,0.0,0.0
2024-04-08 00:00:00+09:00,148827.56770052476,151541.74826649175,148149.02255903298,150863.203125,5964,0.0,0.0
2024-04-09 00:00:00+09:00,149958.47626967766,152220.29340798352,149732.2945558471,150863.203125,3686,0.0,0.0
2024-04-10 00:00:00+09:00,151089.37726244342,152672.64917986424,149958.46875,149958.46875,3174,0.0,0.0
2024-04-11 00:00:00+09:00,149506.11624721397,152446.47859398217,148601.38937128527,152220.296875,6408,0.0,0.0
2024-04-12 00:00:00+09:00,153124.9984984985,153124.9984984985,149506.0915915916,150637.0,7530,0.0,0.0
2024-04-15 00:00:00+09:00,152220.2898780257,152220.2898780257,149506.109375,149506.109375,5220,0.0,0.0
2024-04-16 00:00:00+09:00,150637.00982142857,152220.28169642857,149732.28303571427,150410.828125,5438,0.0,0.0
2024-04-17 00:00:00+09:00,149958.4625233209,152672.64284048506,149732.28083022387,151541.734375,6142,0.0,0.0
2024-04-18 00:00:00+09:00,151767.93579247754,152898.84440494012,151089.390625,151089.390625,5084,0.0,0.0
2024-04-19 00:00:00+09:00,151089.3714123867,151767.91649358007,148601.3727813444,149732.28125,5212,0.0,0.0
2024-04-22 00:00:00+09:00,150637.0,151994.0900900901,150410.8183183183,150637.0,4960,0.0,0.0
2024-04-23 00:00:00+09:00,151994.11169415293,152898.83854947527,150863.203125,150863.203125,5926,0.0,0.0
2024-04-24 00:00:00+09:00,150863.196819362,152446.46875,150637.01511498514,152446.46875,4448,0.0,0.0
2024-04-25 00:00:00+09:00,151541.72672672672,152220.27177177178,150637.0,150637.0,4892,0.0,0.0
2024-04-26 00:00:00+09:00,151541.75342085797,153125.02547152367,151089.38997781064,152898.84375,6528,0.0,0.0
2024-04-30 00:00:00+09:00,153577.38252653735,155160.654511347,151994.11054172768,154482.109375,7120,0.0,0.0
2024-05-01 00:00:00+09:00,153803.54046762592,157422.44730215828,153351.17711330936,157196.265625,6828,0.0,0.0
2024-05-02 00:00:00+09:00,157196.28704202586,159231.9224137931,157196.28704202586,157422.46875,6320,0.0,0.0
2024-05-07 00:00:00+09:00,156517.74191810345,158779.5589978448,156517.74191810345,157422.46875,7416,0.0,0.0
2024-05-08 00:00:00+09:00,157196.2718023256,157648.6351744186,155386.8183139535,155613.0,6806,0.0,0.0
2024-05-09 00:00:00+09:00,156291.56307192534,156743.92649615667,154029.74595076867,154482.109375,4540,0.0,0.0
2024-05-10 00:00:00+09:00,154255.921875,154708.28528225806,151767.92313508064,154255.921875,10474,0.0,0.0
2024-05-13 00:00:00+09:00,154708.29282069972,155613.01967930028,154029.74767674928,155160.65625,3434,0.0,0.0
2024-05-14 00:00:00+09:00,155839.1938004032,155839.1938004032,154029.74017137097,154255.921875,3802,0.0,0.0
2024-05-15 00:00:00+09:00,154255.921875,154934.4669858871,153125.01335685485,154255.921875,4880,0.0,0.0
2024-05-16 00:00:00+09:00,154934.4669858871,155839.1938004032,153351.19506048388,154255.921875,4824,0.0,0.0
2024-05-17 00:00:00+09:00,153351.19908088236,154708.28933823528,153125.0173713235,153803.5625,4920,0.0,0.0
2024-05-20 00:00:00+09:00,154029.73615679826,154934.46294773393,153351.1910635965,154708.28125,5412,0.0,0.0
2024-05-21 00:00:00+09:00,154029.75062685733,154708.29578380386,152220.296875,152220.296875,4982,0.0,0.0
2024-05-22 00:00:00+09:00,152446.47859398217,153125.02375092867,151315.5699990713,152220.296875,3788,0.0,0.0
2024-05-23 00:00:00+09:00,151994.11111111112,153577.38310185185,151994.11111111112,152672.65625,4216,0.0,0.0
2024-05-24 00:00:00+09:00,152672.65221104136,154029.74245291727,151767.92538312406,153125.015625,7172,0.0,0.0
2024-05-27 00:00:00+09:00,153125.02375092867,153351.20546991084,151767.93343703565,152220.296875,3796,0.0,0.0
2024-05-28 00:00:00+09:00,151315.55847149776,152446.46698025335,150410.8316644933,151767.921875,4094,0.0,0.0
2024-05-29 00:00:00+09:00,151994.1040723982,151994.1040723982,148827.56023755655,149958.46875,5360,0.0,0.0
2024-05-30 00:00:00+09:00,149053.74294822256,149053.74294822256,146113.38079598144,146339.5625,6188,0.0,0.0
2024-05-31 00:00:00+09:00,147696.65272411128,147696.65272411128,145661.01738794436,146339.5625,10258,0.0,0.0
2024-06-03 00:00:00+09:00,146565.7401771957,147244.2852706086,144982.4682925655,146791.921875,4498,0.0,0.0
2024-06-04 00:00:00+09:00,146565.7401771957,149279.92055084746,146565.7401771957,146791.921875,5578,0.0,0.0
2024-06-05 00:00:00+09:00,146791.93685787672,149506.11750856164,146791.93685787672,148601.390625,3914,0.0,0.0
2024-06-06 00:00:00+09:00,148375.203125,149279.92997332316,147244.29456459603,148375.203125,3244,0.0,0.0
2024-06-07 00:00:00+09:00,148601.37774165373,148827.55944293478,145661.015625,145661.015625,4190,0.0,0.0
2024-06-10 00:00:00+09:00,145661.02546656298,145887.20718312598,144077.75345062208,145434.84375,3732,0.0,0.0
2024-06-11 00:00:00+09:00,145887.18567464955,147018.0940907321,145208.640625,145208.640625,3472,0.0,0.0
2024-06-12 00:00:00+09:00,145208.6522224379,146565.74243012423,144756.28881987577,145661.015625,2614,0.0,0.0
2024-06-13 00:00:00+09:00,146565.7388322884,146565.7388322884,143851.55848354232,144303.921875,5286,0.0,0.0
2024-06-14 00:00:00+09:00,144303.91389213398,146565.73072429906,144303.91389213398,145208.640625,5924,0.0,0.0
2024-06-17 00:00:00+09:00,145661.0080078125,145887.18969726562,144077.73618164062,144756.28125,3960,0.0,0.0
2024-06-18 00:00:00+09:00,144303.91787109376,145208.64462890624,143625.37280273438,144756.28125,3094,0.0,0.0
2024-06-19 00:00:00+09:00,144303.92767018778,144756.2910798122,143399.20085093897,144530.109375,2272,0.0,0.0
2024-06-20 00:00:00+09:00,144077.74017927115,146339.55713655957,144077.74017927115,144303.921875,2826,0.0,0.0
2024-06-21 00:00:00+09:00,144077.7383858268,145434.82854330709,143399.19330708662,143625.375,9914,0.0,0.0
2024-06-24 00:00:00+09:00,144982.484375,145434.84782078784,143851.57576053042,144982.484375,2802,0.0,0.0
2024-06-25 00:00:00+09:00,145434.8356839258,146791.9259080371,145208.65397990728,146339.5625,2444,0.0,0.0
2024-06-26 00:00:00+09:00,146791.9294123277,147922.83795941807,145887.20257465544,147696.65625,4874,0.0,0.0
2024-06-27 00:00:00+09:00,147018.1053489264,148149.01385161042,144756.28834355826,147470.46875,7370,0.0,0.0
2024-06-28 00:00:00+09:00,149506.10584446564,149506.10584446564,147470.47051526717,148149.015625,4764,0.0,0.0
2024-07-01 00:00:00+09:00,149506.10224865176,149506.10224865176,146565.7401771957,146791.921875,7510,0.0,0.0
2024-07-02 00:00:00+09:00,147696.65625,148375.20137825422,146565.74770290966,147696.65625,6048,0.0,0.0
2024-07-03 00:00:00+09:00,146791.921875,147922.83036402156,144982.4682925655,146791.921875,6042,0.0,0.0
2024-07-04 00:00:00+09:00,146565.74420401856,147018.10761205564,145661.01738794436,146339.5625,2664,0.0,0.0
2024-07-05 00:00:00+09:00,146113.38657407407,147244.2951388889,144982.47800925927,146565.75,4736,0.0,0.0
2024-07-08 00:00:00+09:00,146113.39298946958,147018.11988104525,144982.484375,144982.484375,4498,0.0,0.0
2024-07-09 00:00:00+09:00,144530.10711859472,146113.37902756213,144530.10711859472,145661.015625,3822,0.0,0.0
2024-07-10 00:00:00+09:00,145208.65397990728,147018.10761205564,145208.65397990728,146339.5625,3170,0.0,0.0
2024-07-11 00:00:00+09:00,147244.29108173077,147922.83620192308,146565.74596153846,147018.109375,3688,0.0,0.0
2024-07-12 00:00:00+09:00,147018.11112174578,148149.01966883615,146791.9294123277,147696.65625,6762,0.0,0.0
2024-07-16 00:00:00+09:00,147696.6532423709,147696.6532423709,143399.20085093897,144530.109375,7076,0.0,0.0
2024-07-17 00:00:00+09:00,144077.73618164062,145434.82631835938,143399.19111328124,144756.28125,4794,0.0,0.0
2024-07-18 00:00:00+09:00,144530.09557535048,146339.54904108256,143851.55052570094,145208.640625,5232,0.0,0.0
2024-07-19 00:00:00+09:00,145434.83035364418,145661.01204937304,143625.37678781347,144303.921875,4346,0.0,0.0
2024-07-22 00:00:00+09:00,144530.09407190967,144530.09407190967,142268.27726327258,142720.640625,4240,0.0,0.0
2024-07-23 00:00:00+09:00,142946.8478174603,143173.02953869046,141589.75749007936,142494.484375,5156,0.0,0.0
2024-07-24 00:00:00+09:00,142494.48032041139,144077.7523239715,141589.75346123418,142946.84375,3866,0.0,0.0
2024-07-25 00:00:00+09:00,142042.1209325397,143173.02953869046,141815.9392113095,142494.484375,3972,0.0,0.0
2024-07-26 00:00:00+09:00,142494.46695574163,142946.83034290271,141589.74018141947,141815.921875,3950,0.0,0.0
2024-07-29 00:00:00+09:00,142720.66609623015,142720.66609623015,140458.84888392856,142494.484375,13312,0.0,0.0
2024-07-30 00:00:00+09:00,142459.88664314515,144304.0275705645,142459.88664314515,142920.921875,8084,2962.5,0.0
2024-07-31 00:00:00+09:00,143381.96830357143,145917.66227678573,143151.45066964286,145226.109375,5618,0.0,0.0
2024-08-01 00:00:00+09:00,144995.59174107143,145687.14464285717,142690.41540178572,145226.109375,7466,0.0,0.0
2024-08-02 00:00:00+09:00,142920.921875,144765.06280241936,141307.29856350805,142920.921875,6766,0.0,0.0
2024-08-05 00:00:00+09:00,141307.30487992612,142690.41063731528,139232.64624384238,140385.234375,12950,0.0,0.0
2024-08-06 00:00:00+09:00,143612.4741303066,149836.44973466982,142229.3684404481,146609.203125,17594,0.0,0.0
2024-08-07 00:00:00+09:00,145456.6320470451,150758.53781104198,145226.1144051322,148222.84375,11544,0.0,0.0
2024-08-08 00:00:00+09:00,147992.32164050537,150528.015625,147992.32164050537,150528.015625,7870,0.0,0.0
2024-08-09 00:00:00+09:00,150528.02016912907,150528.02016912907,147531.2908242613,148222.84375,10858,0.0,0.0
2024-08-13 00:00:00+09:00,150066.97041223405,153985.76994680852,150066.97041223405,151680.59375,12364,0.0,0.0
2024-08-14 00:00:00+09:00,152372.15580624065,154216.296875,151450.085271861,154216.296875,8178,0.0,0.0
2024-08-15 00:00:00+09:00,154216.2928697839,155138.3633802161,151680.5989660954,154677.328125,10390,0.0,0.0
2024-08-16 00:00:00+09:00,154216.28888837295,155829.9122399703,152602.66553677563,155138.359375,7450,0.0,0.0
2024-08-19 00:00:00+09:00,154677.33013059702,155138.36539179104,152833.1890858209,154446.8125,3800,0.0,0.0
2024-08-20 00:00:00+09:00,154446.8125,155138.36539179104,153294.22434701494,154446.8125,2830,0.0,0.0
2024-08-21 00:00:00+09:00,153524.7479853823,155368.88910232382,153524.7479853823,153755.265625,3760,0.0,0.0
2024-08-22 00:00:00+09:00,152602.6642287234,152602.6642287234,150528.00565159574,151680.59375,4490,0.0,0.0
2024-08-23 00:00:00+09:00,151219.5641025641,152833.1875,151219.5641025641,152833.1875,3016,0.0,0.0
2024-08-26 00:00:00+09:00,153755.26160781016,154677.33214218984,153294.2263406203,154216.296875,4524,0.0,0.0
2024-08-27 00:00:00+09:00,153524.73602340266,155138.359375,153294.2184017459,155138.359375,3290,0.0,0.0
2024-08-28 00:00:00+09:00,154907.85333333333,156751.99444444443,154216.30041666667,155599.40625,6784,0.0,0.0
2024-08-29 00:00:00+09:00,154677.32448308272,155368.87734962406,152602.66588345866,153294.21875,5648,0.0,0.0
2024-08-30 00:00:00+09:00,151680.60135007554,152602.671875,150758.53082515104,152602.671875,8940,0.0,0.0
2024-09-02 00:00:00+09:00,153063.7127061469,154216.30090423537,152141.64214767615,153755.265625,4372,0.0,0.0
2024-09-03 00:00:00+09:00,154677.33668437027,155138.37196509863,151911.125,151911.125,5802,0.0,0.0
2024-09-04 00:00:00+09:00,152833.18549981175,154216.29125094126,152602.6678746235,153063.703125,5294,0.0,0.0
2024-09-05 00:00:00+09:00,153294.22881155304,155138.36991003787,152141.640625,152141.640625,6704,0.0,0.0
2024-09-06 00:00:00+09:00,152833.19353693182,153524.74644886365,151911.1229876894,152141.640625,5810,0.0,0.0
2024-09-09 00:00:00+09:00,153294.22678706504,153985.77968986385,152141.63861573374,152372.15625,6480,0.0,0.0
2024-09-10 00:00:00+09:00,153063.70473174367,155829.91626304024,153063.70473174367,154677.328125,6576,0.0,0.0
2024-09-11 00:00:00+09:00,154446.81495839637,154446.81495839637,151680.60334720122,152372.15625,6356,0.0,0.0
2024-09-12 00:00:00+09:00,153985.78125,154677.33415980538,153063.71070359283,153985.78125,3468,0.0,0.0
2024-09-13 00:00:00+09:00,157213.0240671642,157213.0240671642,153985.77723880598,154446.8125,12276,0.0,0.0
2024-09-17 00:00:00+09:00,155829.9122399703,156060.42986162702,153755.25364505942,155138.359375,3754,0.0,0.0
2024-09-18 00:00:00+09:00,153985.77288602942,156751.984375,153063.7023897059,156751.984375,5396,0.0,0.0
2024-09-19 00:00:00+09:00,156290.9596607946,157443.54785888304,152602.67742691154,153755.265625,6644,0.0,0.0
2024-09-20 00:00:00+09:00,153063.71576923077,155368.89221153845,149144.9158173077,149836.46875,15914,0.0,0.0
2024-09-24 00:00:00+09:00,149836.46425189395,152833.19353693182,148683.8760653409,152141.640625,11110,0.0,0.0
2024-09-25 00:00:00+09:00,152141.64214767615,155138.37146270613,151911.12450805848,153755.265625,8120,0.0,0.0
2024-09-26 00:00:00+09:00,155368.890625,156290.9611925074,154677.33769936944,155368.890625,7258,0.0,0.0
2024-09-27 00:00:00+09:00,157213.0297222222,158365.61791666667,155368.8886111111,155599.40625,6240,0.0,0.0
2024-09-30 00:00:00+09:00,155368.87699665676,156751.9827265973,154446.8065100297,155138.359375,10032,0.0,0.0
2024-10-01 00:00:00+09:00,155368.88344977342,155599.40108100453,152602.671875,152602.671875,4352,0.0,0.0
2024-10-02 00:00:00+09:00,152833.19151853252,152833.19151853252,151219.56807866867,152372.15625,5886,0.0,0.0
2024-10-03 00:00:00+09:00,151911.1153772866,153294.22113185975,150989.0448742378,151219.5625,7280,0.0,0.0
2024-10-04 00:00:00+09:00,151450.08012576218,152602.66825457316,150989.0448742378,151219.5625,7416,0.0,0.0
2024-10-07 00:00:00+09:00,151680.60017387944,152141.6354327666,148914.38862055642,149144.90625,3934,0.0,0.0
2024-10-08 00:00:00+09:00,148914.39667573874,149836.46724339036,147992.3261080871,148222.84375,4214,0.0,0.0
2024-10-09 00:00:00+09:00,148683.875,149605.94554263566,148683.875,148683.875,2428,0.0,0.0
2024-10-10 00:00:00+09:00,148683.87701378105,149605.94756890528,147992.3240974379,148453.359375,3412,0.0,0.0
2024-10-11 00:00:00+09:00,148453.3573643411,148683.875,147531.28682170543,148683.875,3382,0.0,0.0
2024-10-15 00:00:00+09:00,148222.8264298349,148683.86165978774,145917.65028007075,146609.203125,6572,0.0,0.0
2024-10-16 00:00:00+09:00,145687.1366324921,146609.20711750787,144995.58376873028,146148.171875,4574,0.0,0.0
2024-10-17 00:00:00+09:00,146148.16789504717,147531.27358490566,146148.16789504717,146609.203125,4132,0.0,0.0
2024-10-18 00:00:00+09:00,146839.7328125,146839.7328125,145226.109375,145226.109375,3626,0.0,0.0
2024-10-21 00:00:00+09:00,145687.13698083066,145917.65460263577,144304.03125,144304.03125,4182,0.0,0.0
2024-10-22 00:00:00+09:00,142920.921875,143612.47472278227,141768.3337953629,142920.921875,8942,0.0,0.0
2024-10-23 00:00:00+09:00,142459.88268689712,143842.98834405144,141768.32985831995,143381.953125,6220,0.0,0.0
2024-10-24 00:00:00+09:00,142920.9319105691,144073.52007113822,141307.30848577237,141768.34375,7278,0.0,0.0
2024-10-25 00:00:00+09:00,141768.33974878443,142690.41025121557,141307.3044975689,142229.375,4206,0.0,0.0
2024-10-28 00:00:00+09:00,141537.8201355178,143151.44349211163,140846.26726840614,142459.890625,4642,0.0,0.0
2024-10-29 00:00:00+09:00,141768.33775788834,142459.890625,141076.7848907767,142459.890625,5230,0.0,0.0
2024-10-30 00:00:00+09:00,141537.82611788617,142690.41427845528,141537.82611788617,141768.34375,6186,0.0,0.0
2024-10-31 00:00:00+09:00,141537.83215890522,141998.86744281044,140615.76159109478,141076.796875,8540,0.0,0.0
2024-11-01 00:00:00+09:00,141076.7792618271,142459.8849408646,141076.7792618271,141307.296875,4028,0.0,0.0
2024-11-05 00:00:00+09:00,141307.3150351821,141998.86796357617,139232.65625,139232.65625,5708,0.0,0.0
2024-11-06 00:00:00+09:00,140615.7418106913,143381.953125,140154.70659163987,143381.953125,6878,0.0,0.0
2024-11-07 00:00:00+09:00,141537.82085755814,141998.85610465115,138771.609375,138771.609375,7308,0.0,0.0
2024-11-08 00:00:00+09:00,139002.1365960744,140154.72479338842,139002.1365960744,139463.171875,4988,0.0,0.0
2024-11-11 00:00:00+09:00,140154.7207578254,141076.79128912685,139463.16785934925,139924.203125,3660,0.0,0.0
2024-11-12 00:00:00+09:00,139924.2071539256,140846.27771177687,139232.6542355372,139463.171875,3232,0.0,0.0
2024-11-13 00:00:00+09:00,139463.16830133557,139693.6859348915,137480.7166527546,138080.0625,7254,0.0,0.0
2024-11-14 00:00:00+09:00,138080.05687079125,138264.47097011787,136835.2617003367,136927.46875,5092,0.0,0.0
2024-11-15 00:00:00+09:00,137434.61138062837,138172.2677986391,137111.88669774868,137204.09375,7846,0.0,0.0
2024-11-18 00:00:00+09:00,137803.43933854165,139002.131015625,137480.71465625,138310.578125,4566,0.0,0.0
2024-11-19 00:00:00+09:00,138172.265547005,139002.12900374376,138172.265547005,138541.09375,2616,0.0,0.0
2024-11-20 00:00:00+09:00,139232.64864583334,139463.16627604165,137803.43933854165,138310.578125,4434,0.0,0.0
2024-11-21 00:00:00+09:00,138541.10973666556,138541.10973666556,137204.107346528,137434.625,6476,0.0,0.0
2024-11-22 00:00:00+09:00,137480.7248167341,137895.65658177453,136420.3436394085,136789.171875,4678,0.0,0.0
2024-11-25 00:00:00+09:00,137895.66055016863,138771.62763490726,136696.96875,136696.96875,7720,0.0,0.0
2024-11-26 00:00:00+09:00,137388.51753687565,138310.58812437145,137157.99989000167,137526.828125,4224,0.0,0.0
2024-11-27 00:00:00+09:00,137526.83804430062,138264.49456750168,136558.6638575992,137111.90625,4006,0.0,0.0
2024-11-28 00:00:00+09:00,137619.03125,138126.17005862648,137111.89244137355,137619.03125,5070,0.0,0.0
2024-11-29 00:00:00+09:00,137157.9944385593,137619.02971398304,136005.40625,136005.40625,5502,0.0,0.0
2024-12-02 00:00:00+09:00,136005.42611698498,136143.73671981582,134898.94129433832,135175.5625,5556,0.0,0.0
2024-12-03 00:00:00+09:00,134898.9296288396,135544.37905290103,134069.06608361774,135083.34375,4922,0.0,0.0
2024-12-04 00:00:00+09:00,135498.2658067482,135682.67991468526,134668.40232103146,134760.609375,3852,0.0,0.0
2024-12-05 00:00:00+09:00,134483.9747103291,134898.90641152652,133792.421875,133792.421875,3788,0.0,0.0
2024-12-06 00:00:00+09:00,133792.4181319638,134253.45334261836,132224.89841573816,132409.3125,5728,0.0,0.0
2024-12-09 00:00:00+09:00,132317.09957884683,132732.03125,131441.13271752346,132732.03125,6500,0.0,0.0
2024-12-10 00:00:00+09:00,131579.46082301118,132778.1524773203,131487.2537726797,132132.703125,6138,0.0,0.0
2024-12-11 00:00:00+09:00,131902.18151838492,133146.97666029207,131902.18151838492,132593.734375,4396,0.0,0.0
2024-12-12 00:00:00+09:00,132547.63091657948,132916.45910695606,131856.07805962343,132224.90625,4580,0.0,0.0
2024-12-13 00:00:00+09:00,132178.78902179576,133100.85940213618,131902.16790769366,132732.03125,10272,0.0,0.0
2024-12-16 00:00:00+09:00,133100.87900808133,133469.7072145464,132132.70496611053,132639.84375,5808,0.0,0.0
2024-12-17 00:00:00+09:00,132732.0469457506,133561.91038618947,132317.11522553116,132363.21875,3946,0.0,0.0
2024-12-18 00:00:00+09:00,132870.349750787,133561.9025773872,131809.96875,131809.96875,4704,0.0,0.0
2024-12-19 00:00:00+09:00,131395.04892093453,131948.29123218058,130934.01366156283,130980.1171875,7048,0.0,0.0
2024-12-20 00:00:00+09:00,132224.9101753315,132870.35952765177,131763.87492367413,132132.703125,8522,0.0,0.0
2024-12-23 00:00:00+09:00,132317.11303879312,134207.35751077588,132317.11303879312,133700.21875,4172,0.0,0.0
2024-12-24 00:00:00+09:00,133884.636550308,135267.74229979466,133884.636550308,134714.5,3326,0.0,0.0
2024-12-25 00:00:00+09:00,135083.3361791237,135406.060873067,134022.95504188145,134161.265625,2748,0.0,0.0
2024-12-26 00:00:00+09:00,134576.20846036586,136097.625,134345.69080284552,136097.625,5396,0.0,0.0
2024-12-27 00:00:00+09:00,136604.75008989,136881.3712510575,135867.09366010997,136235.921875,5142,0.0,0.0
2024-12-30 00:00:00+09:00,136881.37755429206,136927.48108327633,134806.71875,134806.71875,7834,0.0,0.0
2025-01-06 00:00:00+09:00,135728.76756023074,136927.4591215643,135359.9393875127,135867.078125,7426,0.0,0.0
2025-01-07 00:00:00+09:00,136005.40249276225,136558.64480798706,135175.53901992505,135359.953125,5512,0.0,0.0
2025-01-08 00:00:00+09:00,135959.29315959173,136789.15659698498,134945.015625,134945.015625,5870,0.0,0.0
2025-01-09 00:00:00+09:00,134945.015625,135774.87906239324,134668.39447920225,134945.015625,3802,0.0,0.0
2025-01-10 00:00:00+09:00,134852.82056798623,135406.06290877797,133561.9217728055,133930.75,3896,0.0,0.0
2025-01-14 00:00:00+09:00,134852.81679673988,135267.74854072984,133285.296875,133285.296875,5928,0.0,0.0
2025-01-15 00:00:00+09:00,133423.58991970486,134253.45329861113,132501.51949869792,132778.140625,5386,0.0,0.0
2025-01-16 00:00:00+09:00,132916.44917149152,133700.20901745593,132916.44917149152,133377.484375,3596,0.0,0.0
2025-01-17 00:00:00+09:00,133008.65236410213,133469.68755427233,132455.4101358979,132732.03125,4506,0.0,0.0
2025-01-20 00:00:00+09:00,132778.15807679005,133423.60745632998,132501.53691413006,133285.296875,3914,0.0,0.0
2025-01-21 00:00:00+09:00,132824.2519938717,133838.52951690718,132409.32027990263,132593.734375,3330,0.0,0.0
2025-01-22 00:00:00+09:00,132778.15054139015,133285.28931081906,131994.390625,131994.390625,4502,0.0,0.0
2025-01-23 00:00:00+09:00,131994.3906961471,132317.11536777584,130795.69905866901,131625.5625,5966,0.0,0.0
2025-01-24 00:00:00+09:00,131625.5526852741,133746.31465498428,131533.34564311279,132040.484375,6304,0.0,0.0
2025-01-27 00:00:00+09:00,132409.30852076123,134022.93170955882,132409.30852076123,133239.171875,5686,0.0,0.0
2025-01-28 00:00:00+09:00,132916.4530279838,135175.52559072094,132916.4530279838,133654.109375,7736,0.0,0.0
2025-01-29 00:00:00+09:00,134299.5817238075,135313.859375,133654.13230941226,135313.859375,19544,0.0,0.0
2025-01-30 00:00:00+09:00,136572.734375,137231.59663594072,135349.13303325293,136572.734375,5809,2987.5,2.0
2025-01-31 00:00:00+09:00,136572.74131822953,136572.74131822953,134502.03125,134502.03125,6865,0.0,0.0
2025-02-03 00:00:00+09:00,133843.16494914345,134878.51995226624,131866.578125,131866.578125,6464,0.0,0.0
2025-02-04 00:00:00+09:00,132525.44881889765,132713.69519506083,130925.35462151039,131490.09375,5358,0.0,0.0
2025-02-05 00:00:00+09:00,131113.59375,131490.0864815147,130360.60828697057,131113.59375,4913,0.0,0.0
2025-02-06 00:00:00+09:00,131772.4542025862,132996.0555630388,130737.09920528017,131019.46875,6241,0.0,0.0
2025-02-07 00:00:00+09:00,130266.49093546048,130360.61412255256,129513.5054387237,129795.875,6490,0.0,0.0
2025-02-10 00:00:00+09:00,129795.86171988554,130642.97031704216,128666.3835903434,129513.4921875,5689,0.0,0.0
2025-02-12 00:00:00+09:00,129325.25201503962,131019.46929034582,129231.12883307817,130642.9765625,4974,0.0,0.0
2025-02-13 00:00:00+09:00,130737.10824534718,131960.70969040802,130360.61549302076,131490.09375,3793,0.0,0.0
2025-02-14 00:00:00+09:00,131490.0846578664,131866.5773841595,130642.9760237069,131019.46875,4152,0.0,0.0
2025-02-17 00:00:00+09:00,130737.11363839285,131960.71513392858,130642.99044642856,131772.46875,4996,0.0,0.0
2025-02-18 00:00:00+09:00,132054.82702870306,133654.92115520907,132054.82702870306,132807.8125,5686,0.0,0.0
2025-02-19 00:00:00+09:00,133654.92005813954,134596.15188953487,133184.30414244186,133560.796875,7335,0.0,0.0
2025-02-20 00:00:00+09:00,133466.6784324133,133466.6784324133,132525.44656758668,132996.0625,4211,0.0,0.0
2025-02-21 00:00:00+09:00,133466.67153745645,135066.765625,133278.42517421604,135066.765625,6477,0.0,0.0
2025-02-25 00:00:00+09:00,136102.12681409813,136572.74274360746,135160.89495507948,136196.25,7408,0.0,0.0
2025-02-26 00:00:00+09:00,137513.97643301103,137513.97643301103,134502.03444406076,136290.375,7874,0.0,0.0
2025-02-27 00:00:00+09:00,135631.5025736561,136666.8575551344,135066.76349284974,136572.734375,7193,0.0,0.0
2025-02-28 00:00:00+09:00,135631.51676988835,136855.1182397069,134596.16168004187,134878.53125,9496,0.0,0.0
2025-03-03 00:00:00+09:00,135349.14901499302,136008.0113537308,134313.7939112622,134972.65625,5132,0.0,0.0
2025-03-04 00:00:00+09:00,135349.12996908126,135819.74585909894,133184.296875,133184.296875,5060,0.0,0.0
2025-03-05 00:00:00+09:00,133654.93026129942,134313.79259357345,132431.32878707626,133278.4375,4277,0.0,0.0
2025-03-06 00:00:00+09:00,133278.42082162923,134407.89896418538,132807.80492889747,134031.40625,3477,0.0,0.0
2025-03-07 00:00:00+09:00,134031.41279069768,134407.90552325582,133560.796875,133560.796875,4813,0.0,0.0
2025-03-10 00:00:00+09:00,133560.79398229314,136102.11987201963,133466.67080119214,134219.65625,5500,0.0,0.0
2025-03-11 00:00:00+09:00,134313.7752271948,138266.9487097051,134313.7752271948,137231.59375,9097,0.0,0.0
2025-03-12 00:00:00+09:00,136855.11775862068,137513.9800862069,136102.1322413793,136478.625,6363,0.0,0.0
2025-03-13 00:00:00+09:00,136478.62250434028,137325.7311957465,134690.28193359374,135537.390625,4529,0.0,0.0
2025-03-14 00:00:00+09:00,135537.3793935217,137325.7198160751,135537.3793935217,136572.734375,8457,0.0,0.0
2025-03-17 00:00:00+09:00,136572.74818965516,137419.85689655173,136102.1322413793,136478.625,4201,0.0,0.0
2025-03-18 00:00:00+09:00,137513.9723812372,139208.18970010252,136855.11009056732,137702.21875,5077,0.0,0.0
2025-03-19 00:00:00+09:00,137702.2379799488,138549.3467576792,137325.7451898464,137890.484375,4757,0.0,0.0
2025-03-21 00:00:00+09:00,137231.60504492052,138078.71371803732,135349.1413268832,136196.25,9855,0.0,0.0
2025-03-24 00:00:00+09:00,137137.48256138392,137702.2216796875,136478.62025669642,137043.359375,4472,0.0,0.0
2025-03-25 00:00:00+09:00,137702.21329195207,139772.92326626714,137419.84375,137419.84375,7710,0.0,0.0
2025-03-26 00:00:00+09:00,136760.98581959552,138455.203125,136384.49308506117,138455.203125,6391,0.0,0.0
2025-03-27 00:00:00+09:00,137796.35459183675,138455.21694302722,137231.61543367346,138361.09375,5303,0.0,0.0
2025-03-28 00:00:00+09:00,137513.95860015368,138172.82082479508,137231.5890753074,137796.328125,6330,0.0,0.0
2025-03-31 00:00:00+09:00,137702.2232486024,138172.839185884,134690.28125,134690.28125,8565,0.0,0.0
2025-04-01 00:00:00+09:00,135066.77218094407,135631.51129807692,134219.66350524477,134596.15625,6841,0.0,0.0
2025-04-02 00:00:00+09:00,134407.9029453513,134878.5188520227,132148.94659332858,132619.5625,7289,0.0,0.0
2025-04-03 00:00:00+09:00,132525.45263157896,134125.546875,131490.09753289475,134125.546875,8600,0.0,0.0
2025-04-04 00:00:00+09:00,134596.15152768107,136290.3688196379,134219.6587961351,135160.890625,11596,0.0,0.0
2025-04-07 00:00:00+09:00,132337.19295599716,135537.38112136268,130454.72932931157,132619.5625,11912,0.0,0.0
2025-04-08 00:00:00+09:00,133466.6686893204,137043.3495145631,133466.6686893204,135725.625,11211,0.0,0.0
2025-04-09 00:00:00+09:00,135443.26451278507,136478.6195577056,134031.41672425708,136196.25,10329,0.0,0.0
2025-04-10 00:00:00+09:00,134878.53077586208,138078.71922413792,133937.29887931034,136478.625,11305,0.0,0.0
2025-04-11 00:00:00+09:00,136007.99572613405,139208.18386086661,135537.3798239675,139019.9375,10513,0.0,0.0
2025-04-14 00:00:00+09:00,139114.0679439568,141090.6548362593,138925.82157326132,139396.4375,8424,0.0,0.0
2025-04-15 00:00:00+09:00,139208.20131723612,140243.55643183357,138737.58535605547,139114.078125,6582,0.0,0.0
2025-04-16 00:00:00+09:00,139114.05337746095,139584.66925492193,137796.32892057026,138643.4375,6170,0.0,0.0
2025-04-17 00:00:00+09:00,138455.2085630088,139961.1795602951,137984.59262635684,138737.578125,6262,0.0,0.0
2025-04-18 00:00:00+09:00,138737.56795870006,139961.1693043331,138643.44477826674,139019.9375,3545,0.0,0.0
2025-04-21 00:00:00+09:00,138831.6944142714,141090.65079796125,138831.6944142714,140808.28125,3466,0.0,0.0
2025-04-22 00:00:00+09:00,140431.7848895582,141373.01669176706,140149.41534889556,140620.03125,4139,0.0,0.0
2025-04-23 00:00:00+09:00,140620.04984868865,142126.0209314055,139678.8179219906,139961.1875,5752,0.0,0.0
2025-04-24 00:00:00+09:00,140055.30388813096,140620.04301671215,137984.59375,137984.59375,4794,0.0,0.0
2025-04-25 00:00:00+09:00,138643.46995520478,139114.08594283275,137325.7451898464,137890.484375,5736,0.0,0.0
2025-04-28 00:00:00+09:00,137796.3527910143,138549.33832539144,137608.10640742,138266.96875,4527,0.0,0.0
2025-04-30 00:00:00+09:00,136384.48128818738,138737.5606754922,136384.48128818738,138643.4375,7295,0.0,0.0
2025-05-01 00:00:00+09:00,139114.06396223264,141278.89716326873,138078.70895304144,140808.28125,4772,0.0,0.0
2025-05-02 00:00:00+09:00,140808.28378154052,142031.88517803786,140431.7910441567,141749.515625,6266,0.0,0.0
2025-05-07 00:00:00+09:00,142596.61063338927,142596.61063338927,140055.28489932886,140243.53125,8231,0.0,0.0
2025-05-08 00:00:00+09:00,141467.1512559002,141749.52081928522,139584.6875,139584.6875,4731,0.0,0.0
2025-05-09 00:00:00+09:00,140243.549375,141184.78125,139584.68706250002,141184.78125,9762,0.0,0.0
2025-05-12 00:00:00+09:00,142408.3833768224,142596.6297527336,141373.0283093108,142031.890625,4161,0.0,0.0
2025-05-13 00:00:00+09:00,141373.03105945123,141749.52381859758,138831.70493521343,138925.828125,6880,0.0,0.0
2025-05-14 00:00:00+09:00,138925.82086447012,139396.43678880774,137419.8499065897,138549.328125,4016,0.0,0.0
2025-05-15 00:00:00+09:00,138737.58652210885,139114.0792942177,137608.1082057823,138361.09375,5649,0.0,0.0
2025-05-16 00:00:00+09:00,139114.0525742828,139396.4220991291,137796.328125,137796.328125,8423,0.0,0.0
2025-05-19 00:00:00+09:00,137796.35459183675,139019.95610119047,137043.36904761905,138361.09375,8526,0.0,0.0
2025-05-20 00:00:00+09:00,138361.08879310344,138643.45836206895,136008.00905172413,136478.625,6435,0.0,0.0
2025-05-21 00:00:00+09:00,137419.84775086507,137608.09411764707,135631.50726643598,136008.0,4775,0.0,0.0
2025-05-22 00:00:00+09:00,136196.2481846473,136384.4945539419,135537.38589211617,136102.125,3355,0.0,0.0
2025-05-23 00:00:00+09:00,135631.5079844395,137419.84847833563,135631.5079844395,136855.109375,4601,0.0,0.0
2025-05-26 00:00:00+09:00,137890.4651187628,138455.20422505127,137419.84919685576,137702.21875,3596,0.0,0.0
2025-05-27 00:00:00+09:00,137702.22959921716,139019.95428437713,137608.10640742,138266.96875,2971,0.0,0.0
2025-05-28 00:00:00+09:00,138549.330634278,139867.0552462888,138455.20744770582,139490.5625,3548,0.0,0.0
2025-05-29 00:00:00+09:00,139490.55886824324,139867.05160472973,138549.32702702703,139302.3125,6767,0.0,0.0
2025-05-30 00:00:00+09:00,139302.31431465226,139772.93024139095,138549.32883187037,139396.4375,7568,0.0,0.0
2025-06-02 00:00:00+09:00,139961.1809337299,140431.796875,139019.94905118967,140431.796875,5338,0.0,0.0
2025-06-03 00:00:00+09:00,139961.1689884538,140620.03125,139208.18354668675,140620.03125,2650,0.0,0.0
2025-06-04 00:00:00+09:00,140525.91461341505,141090.6537210376,140055.29869039624,140149.421875,3631,0.0,0.0
2025-06-05 00:00:00+09:00,139114.07383265166,139302.32021131561,136949.24047801635,138078.71875,8134,0.0,0.0
2025-06-06 00:00:00+09:00,137984.58251523357,139019.9375,137796.33615436696,139019.9375,4160,0.0,0.0
2025-06-09 00:00:00+09:00,139019.96274530716,139396.45553540956,137890.484375,137890.484375,2782,0.0,0.0
2025-06-10 00:00:00+09:00,137984.58901579483,139019.94404933765,137890.4658309273,138549.328125,2738,0.0,0.0
2025-06-11 00:00:00+09:00,138737.57410594358,140525.91461341505,138266.95818292478,140149.421875,3721,0.0,0.0
2025-06-12 00:00:00+09:00,140243.549375,141184.78125,140055.303,141184.78125,7345,0.0,0.0
2025-06-13 00:00:00+09:00,139961.1804899768,142031.890625,139867.0573020212,142031.890625,13114,0.0,0.0
2025-06-16 00:00:00+09:00,142314.26018886679,143631.98482024518,141561.274685222,142031.890625,5777,0.0,0.0
2025-06-17 00:00:00+09:00,141373.02359735974,143161.3641089109,140620.03811881188,142596.625,5145,0.0,0.0
2025-06-18 00:00:00+09:00,142596.6297527336,142784.8761286448,141655.3978731776,142031.890625,3590,0.0,0.0
2025-06-19 00:00:00+09:00,142502.4872262774,142690.73357664235,141749.50182481753,141843.625,2701,0.0,0.0
2025-06-20 00:00:00+09:00,141655.390625,142220.12972383722,140996.52834302327,141655.390625,8745,0.0,0.0
2025-06-23 00:00:00+09:00,142314.24349044164,143255.47525955833,141937.750782795,142784.859375,2595,0.0,0.0
2025-06-24 00:00:00+09:00,142690.7620128798,143067.25478863937,141561.28368560105,142502.515625,3824,0.0,0.0
2025-06-25 00:00:00+09:00,142596.61695863848,142973.1096766811,141184.7692659787,141373.015625,3319,0.0,0.0
2025-06-26 00:00:00+09:00,142596.63157077815,142690.75475993377,140714.16778766556,142126.015625,5347,0.0,0.0
2025-06-27 00:00:00+09:00,142126.00181998676,142784.86408007942,141843.63227994705,142220.125,4214,0.0,0.0
2025-06-30 00:00:00+09:00,142314.2521724599,142878.99126838235,140808.28125,140808.28125,5116,0.0,0.0
2025-07-01 00:00:00+09:00,140996.54506930528,141090.66826361057,140243.55951486307,140902.421875,3977,0.0,0.0
2025-07-02 00:00:00+09:00,141843.625,142408.3640510949,140902.39324817518,141843.625,5699,0.0,0.0
2025-07-03 00:00:00+09:00,141373.01249180865,143631.96875,141373.01249180865,143631.96875,5366,0.0,0.0
2025-07-04 00:00:00+09:00,142784.8779490894,142973.12432740067,142126.015625,142126.015625,4081,0.0,0.0
2025-07-07 00:00:00+09:00,142784.88466484324,144384.97895574788,142596.638277678,144102.609375,3629,0.0,0.0
2025-07-08 00:00:00+09:00,144290.84850810413,144949.71083005893,143537.86299729862,143726.109375,6926,0.0,0.0
2025-07-09 00:00:00+09:00,143726.09920343137,144573.20784313726,143537.8528390523,144008.46875,4746,0.0,0.0
2025-07-10 00:00:00+09:00,144102.59085460013,145232.06903242847,143914.34449162873,144761.453125,3581,0.0,0.0
2025-07-11 00:00:00+09:00,145796.82203562136,145796.82203562136,144102.60460718934,144667.34375,6750,0.0,0.0
2025-07-14 00:00:00+09:00,145420.32157258064,146079.18387096774,145326.19838709678,145890.9375,5136,0.0,0.0
2025-07-15 00:00:00+09:00,146079.19227037518,146361.56184306275,145326.20674320828,145514.453125,5633,0.0,0.0
2025-07-16 00:00:00+09:00,145326.1929541047,145985.05522786037,145137.9465901745,145608.5625,5405,0.0,0.0
2025-07-17 00:00:00+09:00,145608.57631589586,145985.06907947932,145043.8371705207,145514.453125,4196,0.0,0.0
2025-07-18 00:00:00+09:00,145608.55520900842,146079.17109526895,145137.9393227479,145232.0625,5199,0.0,0.0
2025-07-22 00:00:00+09:00,145702.68203883496,145985.05157766992,144384.95752427186,145420.3125,3758,0.0,0.0
2025-07-23 00:00:00+09:00,145137.94296116504,146549.7906553398,144949.69660194175,145420.3125,5055,0.0,0.0
2025-07-24 00:00:00+09:00,145514.44837306702,146549.8034391108,145514.44837306702,146079.1875,5005,0.0,0.0
2025-07-25 00:00:00+09:00,145985.06431217783,146549.8034391108,145796.8179365335,146079.1875,4176,0.0,0.0
2025-07-28 00:00:00+09:00,146267.4388120229,149091.13454198473,146267.4388120229,147961.65625,7532,0.0,0.0
2025-07-29 00:00:00+09:00,147020.41602553934,148714.63336770303,146267.43054013324,148338.140625,14896,0.0,0.0
2025-07-30 00:00:00+09:00,149195.07494085174,153037.83282728706,149195.07494085174,152269.28125,33638,3192.0,0.0
2025-07-31 00:00:00+09:00,150443.95405589364,152173.19490711082,149963.609375,149963.609375,10312,0.0,0.0
2025-08-01 00:00:00+09:00,149579.3327047414,151020.36673850575,149387.1948335728,150443.953125,6583,0.0,0.0
2025-08-04 00:00:00+09:00,150347.89960715413,152077.140625,149867.55487997472,152077.140625,5417,0.0,0.0
2025-08-05 00:00:00+09:00,151788.93378869235,152269.27851587176,151212.52011607707,152077.140625,4039,0.0,0.0
2025-08-06 00:00:00+09:00,151788.93167701864,155055.27577639752,151788.93167701864,154671.0,5912,0.0,0.0
2025-08-07 00:00:00+09:00,155055.27675233645,155727.7593652648,153710.31152647975,154190.65625,5901,0.0,0.0
2025-08-08 00:00:00+09:00,154190.64706398066,154863.12963684538,153037.8197962126,154094.578125,6770,0.0,0.0
2025-08-12 00:00:00+09:00,155439.5533201917,155823.82910095857,153806.3812519326,155343.484375,6535,0.0,0.0
2025-08-13 00:00:00+09:00,155631.68019732754,155919.88701250777,154574.921875,154574.921875,6170,0.0,0.0
2025-08-14 00:00:00+09:00,154286.72245399252,155247.41188396755,153422.10196701498,153998.515625,5487,0.0,0.0
2025-08-15 00:00:00+09:00,153998.51288257338,154478.8575890069,153422.09923485323,153806.375,6853,0.0,0.0
2025-08-18 00:00:00+09:00,153710.30879600748,154382.79139699,153326.03302401747,153998.515625,6231,0.0,0.0
2025-08-19 00:00:00+09:00,153806.3856761224,156208.109375,153518.17883225708,156208.109375,9740,0.0,0.0
2025-08-20 00:00:00+09:00,156592.38690293938,157649.14534216168,155439.55951469688,156880.59375,5024,0.0,0.0
2025-08-21 00:00:00+09:00,157745.20505897672,157745.20505897672,156784.515625,156784.515625,4108,0.0,0.0
2025-08-22 00:00:00+09:00,157360.93008667883,157937.34375,156880.58536724452,157937.34375,5691,0.0,0.0
2025-08-25 00:00:00+09:00,158033.40074649605,158321.60755636808,156784.5045703839,157649.125,3597,0.0,0.0
2025-08-26 00:00:00+09:00,157649.14359432657,157649.14359432657,155823.8335831796,156208.109375,6037,0.0,0.0
2025-08-27 00:00:00+09:00,156208.09095063986,157937.33180987203,156015.95307739184,157649.125,8083,0.0,0.0
2025-08-28 00:00:00+09:00,158225.5580357143,158417.69593253967,156592.3859126984,157360.9375,5482,0.0,0.0
2025-08-29 00:00:00+09:00,156688.4439417178,157841.27124233128,156496.3060582822,156592.375,5227,0.0,0.0
2025-09-01 00:00:00+09:00,156976.65509888285,159378.37870810687,156688.44826577595,159090.171875,4620,0.0,0.0
2025-09-02 00:00:00+09:00,158513.7554791415,158898.03125,157745.20393742443,158898.03125,3226,0.0,0.0
2025-09-03 00:00:00+09:00,158321.61595092024,158417.68489263803,155439.54769938652,156592.375,5013,0.0,0.0
2025-09-04 00:00:00+09:00,156400.23807692307,156688.44490384616,154959.20394230768,156112.03125,5403,0.0,0.0
2025-09-05 00:00:00+09:00,155535.6277278686,156112.0414192628,154382.8003450802,155727.765625,7374,0.0,0.0
2025-09-08 00:00:00+09:00,156304.1663874769,156976.64897181146,155919.890625,155919.890625,4848,0.0,0.0
2025-09-09 00:00:00+09:00,156400.25442883323,157264.875,156208.11652412952,157264.875,5396,0.0,0.0
2025-09-10 00:00:00+09:00,156592.37949969494,157457.0,156015.9658328249,157457.0,5458,0.0,0.0
2025-09-11 00:00:00+09:00,157649.13595360823,158801.96327319587,157456.9980670103,158417.6875,4304,0.0,0.0
2025-09-12 00:00:00+09:00,159474.43929964007,160242.99081433713,158225.54308825734,160146.921875,9563,0.0,0.0
2025-09-16 00:00:00+09:00,160146.9318359375,161395.828125,159186.2423828125,161395.828125,6569,0.0,0.0
2025-09-17 00:00:00+09:00,162548.65351331362,163797.54978735207,159666.58518860946,162356.515625,8539,0.0,0.0
2025-09-18 00:00:00+09:00,162452.58360066373,162932.92831858408,161491.89416482302,162836.859375,4732,0.0,0.0
2025-09-19 00:00:00+09:00,162836.85217643972,163509.33475179964,159762.6461176515,160146.921875,14716,0.0,0.0
2025-09-22 00:00:00+09:00,159858.72307692308,163509.34295488166,159858.72307692308,162356.515625,7451,0.0,0.0
2025-09-24 00:00:00+09:00,163797.54702310427,163893.6159656398,161395.82345971564,162164.375,5779,0.0,0.0
2025-09-25 00:00:00+09:00,163125.07740213524,163317.2153024911,161395.83629893238,161972.25,6225,0.0,0.0
2025-09-26 00:00:00+09:00,163125.07167819305,163509.34746542084,162452.58905054445,163221.140625,6033,0.0,0.0
2025-09-29 00:00:00+09:00,163125.06472944378,163125.06472944378,158898.03125,158898.03125,6717,0.0,0.0
2025-09-30 00:00:00+09:00,159090.1709060807,160435.1361190548,158994.10196229682,159570.515625,8715,0.0,0.0
2025-10-01 00:00:00+09:00,159570.51579607665,159762.65368385037,156592.37853558394,157937.34375,6714,0.0,0.0
2025-10-02 00:00:00+09:00,158033.4266188149,158513.77138057424,155823.84071472206,157264.875,6509,0.0,0.0
2025-10-03 00:00:00+09:00,157264.85112660946,157745.19581545066,155439.5413090129,156688.4375,5889,0.0,0.0
2025-10-06 00:00:00+09:00,157264.87369085292,159666.59747965643,157264.87369085292,159378.390625,4740,0.0,0.0
2025-10-07 00:00:00+09:00,158705.88787878788,159282.3015151515,157553.0606060606,158513.75,3657,0.0,0.0
2025-10-08 00:00:00+09:00,158705.88978658538,158898.02766768294,157360.92461890244,157553.0625,3931,0.0,0.0
2025-10-09 00:00:00+09:00,157553.06894447835,157649.1378889567,156304.17266625992,157457.0,4401,0.0,0.0
2025-10-10 00:00:00+09:00,157168.7921989051,157937.34375,156688.4474794708,157937.34375,3319,0.0,0.0
2025-10-14 00:00:00+09:00,157360.92640027322,158225.546875,156496.30592554645,158225.546875,7296,0.0,0.0
2025-10-15 00:00:00+09:00,158321.62598904443,158994.10862370665,157457.00545876447,157841.28125,5773,0.0,0.0
2025-10-16 00:00:00+09:00,158417.6947006777,159570.52207266566,157937.3499623494,159474.453125,3741,0.0,0.0
2025-10-17 00:00:00+09:00,158994.1083866717,159858.72891566265,158513.7636483434,159474.453125,3874,0.0,0.0
2025-10-20 00:00:00+09:00,159858.72792792795,160819.41739864866,159090.17635135134,159954.796875,5227,0.0,0.0
2025-10-21 00:00:00+09:00,159858.7333732774,160627.28497603355,159666.59547258838,160339.078125,3616,0.0,0.0
2025-10-22 00:00:00+09:00,160339.06060154852,161299.75,159954.78484216795,161299.75,2975,0.0,0.0
2025-10-23 00:00:00+09:00,160339.06319935218,163125.0625,160242.99425795054,163125.0625,7211,0.0,0.0
2025-10-24 00:00:00+09:00,163317.20231042654,163605.40913803317,161684.03028732227,162164.375,6608,0.0,0.0
2025-10-27 00:00:00+09:00,163413.26932420494,163509.3382656066,162356.5109687868,163125.0625,5526,0.0,0.0
2025-10-28 00:00:00+09:00,162452.5845691568,163125.06717825445,161299.75723927515,162356.515625,4977,0.0,0.0
2025-10-29 00:00:00+09:00,162356.52709960938,162356.52709960938,158994.11381648137,159858.734375,4482,0.0,0.0
2025-10-30 00:00:00+09:00,159474.45116017965,161107.62325037425,158417.69274887725,160435.140625,4425,0.0,0.0
2025-10-31 00:00:00+09:00,159954.79316546762,161491.89628297364,159954.79316546762,160243.0,5240,0.0,0.0
2025-11-04 00:00:00+09:00,160723.3344804618,162260.4375,160531.19660301955,162260.4375,5315,0.0,0.0
2025-11-05 00:00:00+09:00,161395.8291044776,161491.89805037313,159570.51913246268,160915.484375,5674,0.0,0.0
2025-11-06 00:00:00+09:00,160915.47793295048,161011.546875,159954.78851245527,161011.546875,3432,0.0,0.0
2025-11-07 00:00:00+09:00,161011.546875,161395.8226431981,160050.8574545048,161011.546875,4210,0.0,0.0
2025-11-10 00:00:00+09:00,161780.09469922574,162836.85303752232,161107.6121203097,161299.75,5361,0.0,0.0
2025-11-11 00:00:00+09:00,161395.82155477031,163125.0625,161107.61473056537,163125.0625,3272,0.0,0.0
2025-11-12 00:00:00+09:00,162548.6443161634,163989.67839698045,162068.29962255774,162260.4375,4736,0.0,0.0
2025-11-13 00:00:00+09:00,162356.52580071174,162644.73265124555,160915.49154804272,161972.25,2701,0.0,0.0
2025-11-14 00:00:00+09:00,162068.30056784442,163125.05889994063,161395.8179928741,161780.09375,3263,0.0,0.0
2025-11-17 00:00:00+09:00,161972.24431650972,163221.140625,161395.83063566804,163221.140625,4600,0.0,0.0
2025-11-18 00:00:00+09:00,163125.06081989247,163317.19870071684,160627.2683691756,160819.40625,5097,0.0,0.0
2025-11-19 00:00:00+09:00,160915.4724413128,161203.6792576256,159762.6451760616,160627.265625,4469,0.0,0.0
2025-11-20 00:00:00+09:00,161299.7591796875,163029.0001953125,161011.55234375,161395.828125,4666,0.0,0.0
2025-11-21 00:00:00+09:00,161587.96038836386,162740.78769196692,161203.68462049618,162644.71875,6241,0.0,0.0
2025-11-25 00:00:00+09:00,162740.79394016968,165622.86230983032,161972.24237492686,164181.828125,5490,0.0,0.0
2025-11-26 00:00:00+09:00,164373.9658169177,166103.20683661645,164373.9658169177,165815.0,4910,0.0,0.0
2025-11-27 00:00:00+09:00,166007.14678899082,168408.87055619268,165622.87098623853,167544.25,9053,0.0,0.0
2025-11-28 00:00:00+09:00,167544.2280829924,167640.2970211134,164373.953125,164373.953125,8039,0.0,0.0
2025-12-01 00:00:00+09:00,164470.02864737154,166007.1317188423,162644.71875,162644.71875,9956,0.0,0.0
2025-12-02 00:00:00+09:00,162740.7811769433,164373.953125,161876.16073385449,164373.953125,6669,0.0,0.0
2025-12-03 00:00:00+09:00,163797.55804097877,164181.83383696934,162932.9375,162932.9375,4336,0.0,0.0
2025-12-04 00:00:00+09:00,162356.51109830456,163221.13157160915,161491.890625,161491.890625,4615,0.0,0.0
2025-12-05 00:00:00+09:00,161395.8365787897,161395.8365787897,160339.078125,160339.078125,4654,0.0,0.0
2025-12-08 00:00:00+09:00,160435.12317723993,160915.4678574113,159282.29594482863,159762.640625,4919,0.0,0.0
2025-12-09 00:00:00+09:00,158994.1083866717,160146.93575865965,158225.5568053464,159474.453125,3906,0.0,0.0
2025-12-10 00:00:00+09:00,159762.65254539315,160819.41092061825,159090.1699429772,160050.859375,2972,0.0,0.0
2025-12-11 00:00:00+09:00,160723.3355110228,161203.68020770847,159666.57717831433,160146.921875,4802,0.0,0.0
2025-12-12 00:00:00+09:00,159666.58884113812,163029.00196354475,159666.58884113812,162068.3125,11503,0.0,0.0
2025-12-15 00:00:00+09:00,162452.5845691568,164085.7566198225,162068.3087925296,162356.515625,4240,0.0,0.0
2025-12-16 00:00:00+09:00,162260.44107824427,164662.16459923665,162260.44107824427,163605.40625,5281,0.0,0.0
2025-12-17 00:00:00+09:00,163317.20134376848,163605.40816966924,161972.23615623155,162644.71875,3841,0.0,0.0
2025-12-18 00:00:00+09:00,163125.0744047619,164566.10863095237,162356.5228174603,163413.28125,7220,0.0,0.0
2025-12-19 00:00:00+09:00,163413.26919642856,165622.85484693878,163028.99343112245,164758.234375,7512,0.0,0.0
2025-12-22 00:00:00+09:00,165430.7123937573,165526.78133242964,163413.26468163833,163893.609375,4193,0.0,0.0
2025-12-23 00:00:00+09:00,164566.1009915168,165622.859375,164181.82521570474,165622.859375,3062,0.0,0.0
2025-12-24 00:00:00+09:00,166199.27578215528,166775.68945538817,165238.58632676708,165815.0,3039,0.0,0.0
2025-12-25 00:00:00+09:00,166775.68653072946,167256.03125,165526.7902606261,167256.03125,2488,0.0,0.0
2025-12-26 00:00:00+09:00,166391.40445652173,166967.8180978261,163989.68095108695,165718.921875,6549,0.0,0.0
2025-12-29 00:00:00+09:00,166007.140625,166199.2785192419,164662.17536530673,166007.140625,4548,0.0,0.0
2025-12-30 00:00:00+09:00,166775.68866686116,167448.17128245332,164662.171875,164662.171875,5252,0.0,0.0
2026-01-05 00:00:00+09:00,166103.2003836132,166391.407209033,164181.82154748117,165911.0625,5999,0.0,0.0
2026-01-06 00:00:00+09:00,166679.62944380735,167640.3189506881,165622.87098623853,167544.25,4639,0.0,0.0
2026-01-07 00:00:00+09:00,167544.23984553776,168120.65351473112,166487.4814520166,167928.515625,4669,0.0,0.0
2026-01-08 00:00:00+09:00,167736.38243534483,167736.38243534483,166487.4861170977,167159.96875,5042,0.0,0.0
2026-01-09 00:00:00+09:00,167159.9577800231,167640.30248628755,166007.13048498848,166391.40625,4011,0.0,0.0
2026-01-13 00:00:00+09:00,167448.171875,167544.24082042454,165814.99980278255,167448.171875,5407,0.0,0.0
2026-01-14 00:00:00+09:00,167448.1691377082,168024.58280083287,166775.68653072946,167256.03125,5717,0.0,0.0
2026-01-15 00:00:00+09:00,167544.2306811677,167832.4375,166775.67916428164,167832.4375,5561,0.0,0.0
2026-01-16 00:00:00+09:00,167640.30782052196,168408.859375,167448.16993190246,168408.859375,6894,0.0,0.0
2026-01-19 00:00:00+09:00,168985.26669545192,169177.40457685664,166487.47423719056,166871.75,4824,0.0,0.0
2026-01-20 00:00:00+09:00,167256.0276852924,167448.16556890562,165718.9246163868,165911.0625,5567,0.0,0.0
2026-01-21 00:00:00+09:00,165238.58850794585,165718.9332419806,162932.93378457916,163221.140625,8932,0.0,0.0
2026-01-22 00:00:00+09:00,163221.13866844645,165334.65547286425,163029.00077713575,164181.828125,7590,0.0,0.0
2026-01-23 00:00:00+09:00,166199.28150539988,166583.5573007881,164470.04042615296,164566.109375,8109,0.0,0.0
2026-01-26 00:00:00+09:00,164470.02947214077,164662.16735703812,163028.99533541055,163797.546875,7763,0.0,0.0
2026-01-27 00:00:00+09:00,163028.98806449233,163125.05700265642,161587.9539920307,162740.78125,6122,0.0,0.0
2026-01-28 00:00:00+09:00,162164.37202034882,165238.578125,161876.16519803778,165238.578125,14885,0.0,0.0
2026-01-29 00:00:00+09:00,164572.85584001458,167901.515625,164083.34704810494,167901.515625,12402,3220.0,0.0
2026-01-30 00:00:00+09:00,166530.8900390625,166922.4970703125,164474.953125,164474.953125,11576,0.0,0.0
2026-02-02 00:00:00+09:00,164474.94884341638,166530.88570395907,164279.1453328885,165062.359375,6447,0.0,0.0
2026-02-03 00:00:00+09:00,165747.66524705014,167118.2897676991,165062.35298672566,165943.46875,6998,0.0,0.0
2026-02-04 00:00:00+09:00,166237.18107425308,167803.60916446985,165160.26176222906,167118.296875,8036,0.0,0.0
2026-02-05 00:00:00+09:00,167901.515625,168586.82793367346,166530.89100765306,167901.515625,6871,0.0,0.0
2026-02-06 00:00:00+09:00,167999.41462875664,167999.41462875664,166041.37949322333,166139.28125,4737,0.0,0.0
2026-02-09 00:00:00+09:00,166432.9910188457,168097.32092903415,165649.7769434629,166237.1875,6023,0.0,0.0
2026-02-10 00:00:00+09:00,166824.58499122295,167411.99550175542,166237.17448069048,167314.09375,4998,0.0,0.0
2026-02-12 00:00:00+09:00,166432.9910188457,166824.5980565371,165747.67870288575,166237.1875,5351,0.0,0.0
2026-02-13 00:00:00+09:00,165943.47732843139,166628.789624183,164572.85273692812,164768.65625,9417,0.0,0.0
2026-02-16 00:00:00+09:00,165551.86644891367,166726.6875,164474.94715208455,166726.6875,5761,0.0,0.0
2026-02-17 00:00:00+09:00,166824.5978710822,166824.5978710822,164474.95564754584,165551.875,3242,0.0,0.0
2026-02-18 00:00:00+09:00,164572.84657335197,166726.68513647735,164572.84657335197,166335.078125,6781,0.0,0.0
2026-02-19 00:00:00+09:00,166139.28359237214,166628.79238315698,165062.3642526455,166530.890625,4825,0.0,0.0
2026-02-20 00:00:00+09:00,166530.87949838425,167216.19175969448,165845.56723707402,166628.78125,11596,0.0,0.0
2026-02-24 00:00:00+09:00,167999.40906141867,169761.640625,167216.1950331603,169761.640625,8472,0.0,0.0
2026-02-25 00:00:00+09:00,169761.6391851536,172600.7900135097,168488.91640002845,172111.28125,15302,0.0,0.0
2026-02-26 00:00:00+09:00,172111.28338675215,172600.79215633904,170936.4623397436,171817.578125,8162,0.0,0.0
2026-02-27 00:00:00+09:00,171328.06822311046,171328.06822311046,168391.015625,168391.015625,7008,0.0,0.0
2026-03-02 00:00:00+09:00,168391.0184119678,170153.25,167314.0991081703,170153.25,5950,0.0,0.0
2026-03-03 00:00:00+09:00,168488.92382013443,168488.92382013443,166628.79043687903,167509.90625,6801,0.0,0.0
2026-03-04 00:00:00+09:00,166726.684905068,167216.19366873524,165258.1586140662,165649.765625,10929,0.0,0.0
2026-03-05 00:00:00+09:00,168391.02032696758,169370.0378870081,168097.31505895543,169174.234375,8261,0.0,0.0
2026-03-06 00:00:00+09:00,167803.60701754387,168391.01754385963,166922.49122807017,167412.0,7566,0.0,0.0
2026-03-09 00:00:00+09:00,164768.65219634434,167411.999557783,164768.65219634434,166041.375,7717,0.0,0.0
2026-03-10 00:00:00+09:00,166628.78076866115,166922.48602265996,164572.84399066944,165258.15625,8654,0.0,0.0
2026-03-11 00:00:00+09:00,165453.96895256336,166628.79003388333,164768.6566551267,166139.28125,6129,0.0,0.0
2026-03-12 00:00:00+09:00,164964.45526159334,165258.16052318667,163887.53596908442,164670.75,6566,0.0,0.0
2026-03-13 00:00:00+09:00,163985.43985445207,165943.4749571918,163593.8328339041,164377.046875,9467,0.0,0.0
2026-03-16 00:00:00+09:00,164083.3420333727,166237.1806519492,163691.73501181335,165747.671875,5216,0.0,0.0
2026-03-17 00:00:00+09:00,166432.99120234605,167314.10703812315,165943.48240469207,166922.5,4621,0.0,0.0
2026-03-18 00:00:00+09:00,167020.3999891115,168586.828125,166041.38240418117,168586.828125,5811,0.0,0.0
2026-03-19 00:00:00+09:00,167999.4060122879,168684.71827457577,166824.58499122295,167314.09375,7265,0.0,0.0
2026-03-23 00:00:00+09:00,166432.98569502696,166628.78920760934,162125.3084182145,163398.03125,8677,0.0,0.0
2026-03-24 00:00:00+09:00,163398.0267535971,166335.07936151078,163300.125,163300.125,10502,0.0,0.0
2026-03-25 00:00:00+09:00,163887.54238269577,164768.65820195756,163104.32832112972,163789.640625,4723,0.0,0.0
2026-03-26 00:00:00+09:00,164279.13991777308,164279.13991777308,161635.79261277913,162223.203125,5759,0.0,0.0
2026-03-27 00:00:00+09:00,162223.20955324636,162516.91482099515,160754.68321450244,161342.09375,6452,0.0,0.0
2026-03-30 00:00:00+09:00,159286.1607417076,160754.68711609335,158209.2414004914,159384.0625,7567,0.0,0.0
2026-03-31 00:00:00+09:00,159971.46594600866,159971.46594600866,158209.234375,158209.234375,8557,0.0,0.0
2026-04-01 00:00:00+09:00,159579.85558712122,161537.890625,159579.85558712122,161537.890625,5204,0.0,0.0
2026-04-02 00:00:00+09:00,161929.50821560196,163006.42755681818,159188.25898341523,159384.0625,6054,0.0,0.0
2026-04-03 00:00:00+09:00,158894.55639618772,161146.296875,158698.752876291,161146.296875,4164,0.0,0.0
2026-04-06 00:00:00+09:00,161342.09609564164,162614.8189410563,160852.5873089437,161733.703125,2678,0.0,0.0
2026-04-07 00:00:00+09:00,162027.40625,163398.03083459215,161537.89746978853,162027.40625,3797,0.0,0.0
2026-04-08 00:00:00+09:00,163104.3195955006,164279.140625,161929.4985660012,164279.140625,5718,0.0,0.0
2026-04-09 00:00:00+09:00,164279.1488158293,164474.95233050847,161244.19433830207,161733.703125,6559,0.0,0.0
2026-04-10 00:00:00+09:00,162419.01993534484,162419.01993534484,160656.78825431035,161831.609375,6204,0.0,0.0
2026-04-13 00:00:00+09:00,161146.29238221885,161831.60468275077,160363.07832446808,161048.390625,3916,0.0,0.0
2026-04-14 00:00:00+09:00,162516.91074653823,163300.1247742324,161733.69671884406,162614.8125,3653,0.0,0.0
2026-04-15 00:00:00+09:00,163006.41524820036,163887.53100629876,162321.10299190163,163202.21875,5054,0.0,0.0
2026-04-16 00:00:00+09:00,163300.13124243342,163300.13124243342,160167.27500756658,161733.703125,6628,0.0,0.0
2026-04-17 00:00:00+09:00,160950.4841554673,161146.28766417227,159775.66310323763,160265.171875,6051,0.0,0.0
2026-04-20 00:00:00+09:00,160656.77911154195,161146.28788397202,160167.2703391119,160950.484375,4140,0.0,0.0
2026-04-21 00:00:00+09:00,161146.28314104522,161146.28314104522,159775.6586185819,160167.265625,4258,0.0,0.0
2026-04-22 00:00:00+09:00,160069.36530707197,160069.36530707197,157817.625,157817.625,5042,0.0,0.0
2026-04-23 00:00:00+09:00,157230.214715874,158698.74100525017,157034.41121062383,158502.9375,6034,0.0,0.0
2026-04-24 00:00:00+09:00,158894.55116535252,159090.35467880336,158013.43535482374,158307.140625,3856,0.0,0.0
2026-04-27 00:00:00+09:00,158698.7433668361,158992.44862908195,158111.33284234442,158894.546875,4552,0.0,0.0
2026-04-28 00:00:00+09:00,159481.9634765625,159579.865234375,156642.8125,156642.8125,6184,0.0,0.0
2026-04-30 00:00:00+09:00,156740.7146452912,158209.24101610904,156642.81288723668,158013.4375,8233,0.0,0.0
2026-05-01 00:00:00+09:00,158992.4527173913,158992.4527173913,157034.41758540375,157621.828125,5875,0.0,0.0
2026-05-07 00:00:00+09:00,158111.33731334668,159481.96190925184,157719.7302859452,158992.453125,8474,0.0,0.0
2026-05-08 00:00:00+09:00,158992.45012507818,159188.25363508443,156251.20098499063,156544.90625,9273,0.0,0.0
2026-05-11 00:00:00+09:00,156740.70336792598,157719.72087803172,156642.8016169154,157426.015625,5297,0.0,0.0
2026-05-12 00:00:00+09:00,157621.82533762563,157719.7270924937,155467.98673052763,155859.59375,4658,0.0,0.0
2026-05-13 00:00:00+09:00,155957.50413370252,155957.50413370252,154684.78125,154684.78125,4778,0.0,0.0
2026-05-14 00:00:00+09:00,155174.29005142406,155370.09357199367,153314.15660601266,154684.78125,4877,0.0,0.0
2026-05-15 00:00:00+09:00,154195.265625,154782.6761607143,153314.14982142858,154195.265625,8215,0.0,0.0
2026-05-18 00:00:00+09:00,154195.25899651236,154391.0625,152726.7327203551,154391.0625,10531,0.0,0.0
2026-05-19 00:00:00+09:00,153705.75,154391.0622611465,152139.3219745223,153705.75,7553,0.0,0.0
2026-05-20 00:00:00+09:00,154586.87201375482,154880.5772804054,151747.72110279923,152139.328125,9442,0.0,0.0
2026-05-21 00:00:00+09:00,152726.73414359306,152922.53764890533,151551.91311171924,152041.421875,6703,0.0,0.0
2026-05-22 00:00:00+09:00,152335.12927419355,152922.5397983871,151551.91524193547,151747.71875,7396,0.0,0.0
2026-05-25 00:00:00+09:00,151454.0087548638,151649.81225680935,150964.5,150964.5,4001,0.0,0.0
2026-05-26 00:00:00+09:00,150768.69839262404,150964.50189703002,149300.172109579,149985.484375,8766,0.0,0.0
2026-05-27 00:00:00+09:00,150475.00020239636,151356.11601360104,150083.3931751943,151160.3125,7588,0.0,0.0
2026-05-28 00:00:00+09:00,150083.38636086744,151062.40388442168,149593.8775990903,150670.796875,7071,0.0,0.0
2026-05-29 00:00:00+09:00,151649.81892248377,151649.81892248377,149691.78381696428,150768.703125,12876,0.0,0.0
2026-06-01 00:00:00+09:00,150181.2986568886,150475.0039345748,148419.06699077127,148516.96875,5547,0.0,0.0
2026-06-02 00:00:00+09:00,148419.06229290922,148419.06229290922,146461.02717031146,147733.75,7658,0.0,0.0
2026-06-03 00:00:00+09:00,147733.7478608631,148712.76540798612,147440.04259672618,148027.453125,5764,0.0,0.0
2026-06-04 00:00:00+09:00,147342.14906838827,147733.7561091016,145384.11386482167,145482.015625,6257,0.0,0.0
2026-06-05 00:00:00+09:00,145579.91738517833,147048.4437878533,144894.60506393,145482.015625,5916,0.0,0.0
2026-06-08 00:00:00+09:00,144796.6903494489,146754.725377839,144502.98509519038,146558.921875,7507,0.0,0.0
2026-06-09 00:00:00+09:00,146852.64044708642,147244.24748827863,145188.31052201943,146167.328125,4286,0.0,0.0
2026-06-10 00:00:00+09:00,146558.93551965826,147537.953125,145579.91791431652,147537.953125,4877,0.0,0.0
2026-06-11 00:00:00+09:00,147342.1474544702,148810.6738410596,146852.63865894038,147831.65625,6066,0.0,0.0
2026-06-12 00:00:00+09:00,149104.3660009862,149887.58000493096,147733.74149408285,148908.5625,11607,0.0,0.0
2026-06-15 00:00:00+09:00,149789.69180610238,150572.9058809055,148223.26365649607,149202.28125,6348,0.0,0.0
2026-06-16 00:00:00+09:00,148223.26490999328,149202.28251177658,144307.19450286002,145482.015625,10120,0.0,0.0
2026-06-17 00:00:00+09:00,146363.13146660497,146363.13146660497,144502.99802321667,145482.015625,5323,0.0,0.0
2026-06-18 00:00:00+09:00,145286.21192528735,145384.11368534484,143915.58728448275,144796.703125,5315,0.0,0.0
2026-06-19 00:00:00+09:00,144796.6919974662,145873.61127533784,144307.1832347973,144894.59375,16625,0.0,0.0
2026-06-22 00:00:00+09:00,144894.59803256445,145384.10680970148,143915.58047829036,144307.1875,5211,0.0,0.0
2026-06-23 00:00:00+09:00,144698.80136494254,144992.50664511495,143817.6855244253,144796.703125,8048,0.0,0.0
2026-06-24 00:00:00+09:00,144796.69222848015,146363.12027151985,144600.88872310022,145579.90625,6399,0.0,0.0
2026-06-25 00:00:00+09:00,145579.90625,146265.21851882985,144405.08521772025,145579.90625,10243,0.0,0.0
2026-06-26 00:00:00+09:00,145873.61452132938,148516.9618985615,145384.10574776787,148027.453125,10139,0.0,0.0
2026-06-29 00:00:00+09:00,147831.65606287424,148321.16485778443,146852.6384730539,147146.34375,10009,0.0,0.0
2026-06-30 00:00:00+09:00,147635.84138131648,148908.5641518451,147244.234375,147244.234375,7530,0.0,0.0
2026-07-01 00:00:00+09:00,147733.75373228744,147733.75373228744,145090.40625,145090.40625,4954,0.0,0.0
2026-07-02 00:00:00+09:00,146754.72728227975,146754.72728227975,145188.2992392401,145579.90625,7462,0.0,0.0
2026-07-03 00:00:00+09:00,146167.31978546627,148027.453125,145971.5162760417,148027.453125,7255,0.0,0.0
2026-07-06 00:00:00+09:00,148125.359375,149202.2787095175,147635.85058658294,148125.359375,7480,0.0,0.0
2026-07-07 00:00:00+09:00,148712.7613627049,150866.59990778688,148614.85961065572,149300.171875,7835,0.0,0.0
2026-07-08 00:00:00+09:00,149495.97300295858,149495.97300295858,148321.15199704142,148908.5625,5926,0.0,0.0
2026-07-09 00:00:00+09:00,148810.66264063533,148908.5643923726,147831.64512326274,147929.546875,4726,0.0,0.0
2026-07-10 00:00:00+09:00,148125.35466154484,148223.25641611297,147342.140625,147342.140625,4137,0.0,0.0
2026-07-13 00:00:00+09:00,147440.04431438126,147831.65133779263,146363.125,146363.125,3420,0.0,0.0
2026-07-14 00:00:00+09:00,146363.11884720385,148027.44862673726,145971.5118402548,147929.546875,4219,0.0,0.0
2026-07-15 00:00:00+09:00,148516.95738542356,149202.26964758438,147929.546875,147929.546875,5108,0.0,0.0
2026-07-16 00:00:00+09:00,148223.25403897403,148321.15579197204,146558.924238008,146950.53125,7302,0.0,0.0
2026-07-17 00:00:00+09:00,147342.1384905504,149104.37004724803,147244.23673740053,147635.84375,7204,0.0,0.0
2026-07-21 00:00:00+09:00,149104.375,149789.68729481287,147929.55392317794,149104.375,8944,0.0,0.0
2026-07-22 00:00:00+09:00,149202.27248201438,149691.78125,148908.56722122303,149691.78125,6600,0.0,0.0
2026-07-23 00:00:00+09:00,149789.68015800795,149789.68015800795,147537.93986805095,147929.546875,6410,0.0,0.0
2026-07-24 00:00:00+09:00,147537.94863255313,147831.65390521247,146461.0292994688,147440.046875,14487,0.0,0.0
2026-07-27 00:00:00+09:00,147537.93986805095,147929.546875,146754.72585415287,147929.546875,22467,0.0,0.0
2026-07-28 00:00:00+09:00,148027.4580058939,149789.68964882122,147635.85097413228,149495.984375,8633,0.0,0.0
2026-07-29 00:00:00+09:00,149789.68770331817,150572.90175666884,148908.57189329862,150475.0,15550,0.0,0.0
2026-07-30 00:00:00+09:00,149400.0,151400.0,148100.0,151200.0,12429,3225.0,0.0
2026-07-31 00:00:00+09:00,150400.0,150700.0,147900.0,147900.0,9534,0.0,0.0
2026-08-03 00:00:00+09:00,147800.0,147900.0,146200.0,146200.0,10421,0.0,0.0
2026-08-04 00:00:00+09:00,147100.0,147400.0,145800.0,145800.0,9394,0.0,0.0
2026-08-05 00:00:00+09:00,146000.0,146200.0,145300.0,145700.0,7475,0.0,0.0
2026-08-06 00:00:00+09:00,145900.0,146200.0,144800.0,145900.0,6385,0.0,0.0
2026-08-07 00:00:00+09:00,145900.0,147200.0,145200.0,146100.0,7571,0.0,0.0
2026-08-10 00:00:00+09:00,146800.0,146800.0,145100.0,145400.0,6516,0.0,0.0
2026-08-12 00:00:00+09:00,146100.0,148900.0,145400.0,147200.0,8340,0.0,0.0
2026-08-13 00:00:00+09:00,148000.0,148100.0,146300.0,146600.0,8139,0.0,0.0
2026-08-14 00:00:00+09:00,146600.0,147200.0,145700.0,145900.0,5806,0.0,0.0
2026-08-17 00:00:00+09:00,146600.0,147400.0,146300.0,146600.0,5736,0.0,0.0
2026-08-18 00:00:00+09:00,147000.0,147000.0,145300.0,145700.0,6541,0.0,0.0
2026-08-19 00:00:00+09:00,145700.0,146200.0,145000.0,145000.0,5438,0.0,0.0
2026-08-20 00:00:00+09:00,146000.0,146500.0,145500.0,146500.0,5394,0.0,0.0
2026-08-21 00:00:00+09:00,146400.0,146500.0,145300.0,145900.0,4108,0.0,0.0
2026-08-24 00:00:00+09:00,146000.0,146900.0,145700.0,146400.0,5045,0.0,0.0
2026-08-25 00:00:00+09:00,146800.0,147400.0,146300.0,146600.0,5425,0.0,0.0
2026-08-26 00:00:00+09:00,147300.0,147700.0,146700.0,146800.0,4687,0.0,0.0
2026-08-27 00:00:00+09:00,146900.0,147800.0,146500.0,147500.0,8854,0.0,0.0
2026-08-28 00:00:00+09:00,146300.0,146400.0,145100.0,145200.0,7941,0.0,0.0
2026-08-31 00:00:00+09:00,145100.0,146200.0,144900.0,145400.0,9223,0.0,0.0
2026-09-01 00:00:00+09:00,145600.0,146400.0,145300.0,146400.0,7969,0.0,0.0
2026-09-02 00:00:00+09:00,145500.0,145800.0,144900.0,145000.0,7013,0.0,0.0
2026-09-03 00:00:00+09:00,145400.0,146000.0,144500.0,144500.0,7046,0.0,0.0
2026-09-04 00:00:00+09:00,144600.0,145400.0,144200.0,144200.0,6129,0.0,0.0
2026-09-07 00:00:00+09:00,144500.0,144700.0,143600.0,143800.0,6017,0.0,0.0
2026-09-08 00:00:00+09:00,143700.0,144300.0,143100.0,143100.0,9155,0.0,0.0
2026-09-09 00:00:00+09:00,143000.0,144500.0,142900.0,143900.0,9930,0.0,0.0
2026-09-10 00:00:00+09:00,143800.0,144900.0,143700.0,144500.0,5415,0.0,0.0
2026-09-11 00:00:00+09:00,147500.0,147500.0,142500.0,143000.0,14179,0.0,0.0
2026-09-14 00:00:00+09:00,143000.0,144100.0,143000.0,143500.0,4873,0.0,0.0
2026-09-15 00:00:00+09:00,143300.0,143500.0,142200.0,142500.0,7120,0.0,0.0
2026-09-16 00:00:00+09:00,142900.0,143100.0,142300.0,143100.0,6155,0.0,0.0
2026-09-17 00:00:00+09:00,142700.0,142800.0,141800.0,142400.0,7548,0.0,0.0
2026-09-18 00:00:00+09:00,141800.0,142200.0,139500.0,139500.0,30981,0.0,0.0
2026-09-24 00:00:00+09:00,139800.0,142900.0,139800.0,142100.0,14461,0.0,0.0
2026-09-25 00:00:00+09:00,143000.0,143200.0,141100.0,141700.0,8976,0.0,0.0
2026-09-28 00:00:00+09:00,141700.0,142300.0,141100.0,141800.0,8151,0.0,0.0
2026-09-29 00:00:00+09:00,141000.0,141400.0,140300.0,140600.0,7397,0.0,0.0
2026-09-30 00:00:00+09:00,140500.0,140900.0,139100.0,139100.0,11458,0.0,0.0
2026-10-01 00:00:00+09:00,139100.0,139600.0,137700.0,138300.0,8615,0.0,0.0
2026-10-02 00:00:00+09:00,137800.0,138000.0,136200.0,136200.0,6865,0.0,0.0
2026-10-05 00:00:00+09:00,136600.0,136600.0,134100.0,134700.0,8718,0.0,0.0
2026-10-06 00:00:00+09:00,134000.0,135200.0,133600.0,134900.0,2535,0.0,0.0
