Date,Open,High,Low,Close,Volume,Dividends,Stock Splits
2021-10-04 00:00:00+09:00,119605.377166433,120788.28744943514,118948.19657233261,119342.5,7500,0.0,0.0
2021-10-05 00:00:00+09:00,119211.08703537694,119999.69397867164,116582.38900973894,119079.6484375,8214,0.0,0.0
2021-10-06 00:00:00+09:00,120919.71371066953,121576.8943047699,117370.9828616631,119342.5,10503,0.0,0.0
2021-10-07 00:00:00+09:00,120919.71641282503,120919.71641282503,119473.94125306372,120656.8515625,6153,0.0,0.0
2021-10-08 00:00:00+09:00,121314.01731708326,121576.89448390357,119868.24218749999,119868.2421875,4197,0.0,0.0
2021-10-11 00:00:00+09:00,119342.50497360008,120919.71875,118159.59464130014,120919.71875,5805,0.0,0.0
2021-10-12 00:00:00+09:00,121971.20530775964,122628.37362069295,120788.29495128992,121708.328125,6288,0.0,0.0
2021-10-13 00:00:00+09:00,123285.5288954773,124205.5742938702,121971.19240860925,123022.6640625,8517,0.0,0.0
2021-10-14 00:00:00+09:00,123548.43273244835,124337.03972367251,121445.47664852247,121971.21875,6003,0.0,0.0
2021-10-15 00:00:00+09:00,121708.34153826912,122628.38713535873,121051.17315291039,121971.21875,5532,0.0,0.0
2021-10-18 00:00:00+09:00,121445.45042067308,123022.6640625,120788.28217723906,123022.6640625,7725,0.0,0.0
2021-10-19 00:00:00+09:00,123022.67455919411,123022.67455919411,120131.11186180005,120919.71875,7716,0.0,0.0
2021-10-20 00:00:00+09:00,120788.28998288428,120919.71624687524,118948.19906718715,120131.109375,6342,0.0,0.0
2021-10-21 00:00:00+09:00,120131.11376879788,121051.15926029712,119868.2489092193,119999.6875,2706,0.0,0.0
2021-10-22 00:00:00+09:00,119999.6824855295,120525.41218271779,118422.46875,118422.46875,4650,0.0,0.0
2021-10-25 00:00:00+09:00,119079.62392917504,120393.97267148188,118948.18535835006,119211.0625,2766,0.0,0.0
2021-10-26 00:00:00+09:00,119736.80342766739,120393.98402176776,119342.5,119342.5,3483,0.0,0.0
2021-10-27 00:00:00+09:00,119342.49744840866,121445.453125,119211.07118998421,121445.453125,5547,0.0,0.0
2021-10-28 00:00:00+09:00,120919.72013754836,121971.20421520247,120393.99042070408,121839.765625,5613,0.0,0.0
2021-10-29 00:00:00+09:00,121971.18230689933,122759.7890625,120525.39504031102,122759.7890625,7503,0.0,0.0
2021-11-01 00:00:00+09:00,121971.20187857084,122496.93158534358,120788.29155535834,121576.8984375,4266,0.0,0.0
2021-11-02 00:00:00+09:00,122234.07016853639,122365.50875991619,121051.15981206667,121708.328125,3561,0.0,0.0
2021-11-04 00:00:00+09:00,123154.11093507602,123154.11093507602,121051.15516366747,121182.59375,3564,0.0,0.0
2021-11-05 00:00:00+09:00,121576.90076657786,122234.0690736246,120656.85527912622,121839.765625,3594,0.0,0.0
2021-11-08 00:00:00+09:00,122234.06673195721,122234.06673195721,120788.29155535834,121576.8984375,4074,0.0,0.0
2021-11-09 00:00:00+09:00,121182.59592738841,121314.02219409999,120262.55045049425,120919.71875,4773,0.0,0.0
2021-11-10 00:00:00+09:00,119999.67842052529,120262.54326021485,119079.63299863898,119605.375,6267,0.0,0.0
2021-11-11 00:00:00+09:00,119868.2356557377,121182.58445227251,119736.79707948978,120262.5390625,3714,0.0,0.0
2021-11-12 00:00:00+09:00,120656.84668074014,121445.45352179074,119605.375,119605.375,3717,0.0,0.0
2021-11-15 00:00:00+09:00,119605.375,120262.54326021485,119079.63299863898,119605.375,3981,0.0,0.0
2021-11-16 00:00:00+09:00,119605.38404964072,120131.11376879788,119342.50686807932,119999.6875,2712,0.0,0.0
2021-11-17 00:00:00+09:00,119605.377166433,120262.54543855126,119342.5,119342.5,2898,0.0,0.0
2021-11-18 00:00:00+09:00,119473.93641916427,120262.54326021485,119211.0715794747,119605.375,3006,0.0,0.0
2021-11-19 00:00:00+09:00,119342.4989179752,119999.67950611722,118948.1954938828,119473.9375,3837,0.0,0.0
2021-11-22 00:00:00+09:00,120262.54434818482,120788.28635430204,119342.4989179752,119473.9375,5004,0.0,0.0
2021-11-24 00:00:00+09:00,118291.0351077822,120262.55235957856,117765.29306664223,119999.6875,6825,0.0,0.0
2021-11-25 00:00:00+09:00,119868.24327209944,121445.45699936392,119736.8046875,119736.8046875,5976,0.0,0.0
2021-11-26 00:00:00+09:00,119736.80234206762,120131.10576616002,118159.58864569798,119473.9375,14601,0.0,0.0
2021-11-29 00:00:00+09:00,118094.38641708747,118765.37303148239,114202.63134279504,115007.8203125,14238,3120.0,0.0
2021-11-30 00:00:00+09:00,115947.203125,119033.75642190382,115947.203125,115947.203125,16029,0.0,0.0
2021-12-01 00:00:00+09:00,117825.9708432028,118765.36208160824,116483.99773813957,116618.1875,13317,0.0,0.0
2021-12-02 00:00:00+09:00,118094.38723841477,118899.5762137197,115544.6179562566,115678.8203125,11928,0.0,0.0
2021-12-03 00:00:00+09:00,116886.60229505348,117691.79126016045,115544.61649284935,116484.0078125,9231,0.0,0.0
2021-12-06 00:00:00+09:00,117423.38577350762,117423.38577350762,115007.81889418236,116349.8046875,6237,0.0,0.0
2021-12-07 00:00:00+09:00,115947.1926369863,117960.16473137843,115947.1926369863,117557.5703125,5190,0.0,0.0
2021-12-08 00:00:00+09:00,117960.18338817025,118362.77787072373,115276.22436483955,116484.0078125,12894,0.0,0.0
2021-12-09 00:00:00+09:00,116215.60237506444,116886.6015625,115410.41341500377,116886.6015625,11256,0.0,0.0
2021-12-10 00:00:00+09:00,115276.23285062099,116752.40853495634,115142.03048619832,116081.421875,12567,0.0,0.0
2021-12-13 00:00:00+09:00,115947.20017793594,116349.79462299822,113129.0390625,113129.0390625,10539,0.0,0.0
2021-12-14 00:00:00+09:00,113129.02456779053,113934.2133547499,111250.25492524361,111787.0390625,11595,0.0,0.0
2021-12-15 00:00:00+09:00,112055.46801918984,112994.84675369521,111787.0633112647,112458.0625,6288,0.0,0.0
2021-12-16 00:00:00+09:00,112055.46164541037,112860.65056123109,111518.66484117095,111652.8671875,6123,0.0,0.0
2021-12-17 00:00:00+09:00,112323.84948470745,114202.61935647043,111518.66059951241,113531.6328125,22806,0.0,0.0
2021-12-20 00:00:00+09:00,112592.25673997766,113263.25595533483,109505.703125,109505.703125,8478,0.0,0.0
2021-12-21 00:00:00+09:00,109774.09526249605,110042.49998107013,108834.71649072086,109505.703125,9468,0.0,0.0
2021-12-22 00:00:00+09:00,110042.48709170213,110176.6768541934,107895.3125,107895.3125,8733,0.0,0.0
2021-12-23 00:00:00+09:00,108297.92112268518,109371.50226849862,108297.92112268518,108700.515625,7149,0.0,0.0
2021-12-24 00:00:00+09:00,108968.90143869823,109639.90062431221,108029.5227085626,108432.1171875,5697,0.0,0.0
2021-12-27 00:00:00+09:00,108566.3046875,108968.89915801122,108163.71021698878,108566.3046875,3930,0.0,0.0
2021-12-28 00:00:00+09:00,109103.1141273262,110176.6953125,108968.91176127498,110176.6953125,9783,0.0,0.0
2021-12-29 00:00:00+09:00,110579.27986883419,112458.0625,110445.09009594916,112458.0625,8853,0.0,0.0
2021-12-30 00:00:00+09:00,112726.44821490203,112726.44821490203,110713.47592535021,111652.8671875,6162,0.0,0.0
2022-01-04 00:00:00+09:00,113397.43977115337,113397.43977115337,111250.27762192581,113263.25,7446,0.0,0.0
2022-01-05 00:00:00+09:00,113800.03792751953,113800.03792751953,110713.484375,110713.484375,8811,0.0,0.0
2022-01-06 00:00:00+09:00,112055.4607877618,112323.85289728889,110847.67742327481,110981.8671875,5325,0.0,0.0
2022-01-07 00:00:00+09:00,110713.484375,111652.8757088441,110310.88988636364,110713.484375,5169,0.0,0.0
2022-01-11 00:00:00+09:00,111652.85221642813,111921.24429202186,110445.06900464372,111250.2578125,5598,0.0,0.0
2022-01-12 00:00:00+09:00,111518.6626624104,112592.24366883768,110981.86586865847,112323.8515625,8115,0.0,0.0
2022-01-13 00:00:00+09:00,113263.24501914145,113531.63713072277,111652.8671875,111652.8671875,6468,0.0,0.0
2022-01-14 00:00:00+09:00,112055.46164541037,112726.44821490203,111652.8671875,111652.8671875,6816,0.0,0.0
2022-01-17 00:00:00+09:00,112189.65625,112860.65542951225,111921.2641268415,112189.65625,6474,0.0,0.0
2022-01-18 00:00:00+09:00,112189.66789787501,112189.66789787501,109505.70864440121,110176.6953125,7065,0.0,0.0
2022-01-19 00:00:00+09:00,108297.91271284368,109237.30400565617,104271.96800232904,104406.1640625,18297,0.0,0.0
2022-01-20 00:00:00+09:00,105345.5637238999,105345.5637238999,100514.4296875,100514.4296875,28134,0.0,0.0
2022-01-21 00:00:00+09:00,99977.63282309615,101453.81476439805,97830.46423709813,100514.4296875,19980,0.0,0.0
2022-01-24 00:00:00+09:00,100782.81037812946,102795.78266458037,98769.83809167855,101990.59375,13005,0.0,0.0
2022-01-25 00:00:00+09:00,100514.42333013986,101051.21387005354,98904.04541986014,99709.234375,13788,0.0,0.0
2022-01-26 00:00:00+09:00,100380.21732416302,101990.59517583698,99306.63628340606,101185.40625,8130,0.0,0.0
2022-01-27 00:00:00+09:00,102393.19244144208,104271.96875,100917.01689736103,104271.96875,19338,0.0,0.0
2022-01-28 00:00:00+09:00,102393.1938535194,103466.78122900645,101453.80883155497,103198.3828125,11814,0.0,0.0
2022-01-31 00:00:00+09:00,103466.77980212355,105479.75217181467,102929.98926705214,104271.96875,14136,0.0,0.0
2022-02-01 00:00:00+09:00,106016.54247595547,106419.13692512862,102795.78059203198,103466.7734375,11436,0.0,0.0
2022-02-02 00:00:00+09:00,104406.1640625,105077.15694443198,102929.9885290037,104406.1640625,6468,0.0,0.0
2022-02-03 00:00:00+09:00,104942.96574861358,106553.33741692534,104674.56732529217,105748.1484375,7845,0.0,0.0
2022-02-04 00:00:00+09:00,105211.34657886451,106016.5417623291,103869.3671875,103869.3671875,8370,0.0,0.0
2022-02-07 00:00:00+09:00,103600.96953153012,103869.3679279316,102393.18618353092,103735.171875,6120,0.0,0.0
2022-02-08 00:00:00+09:00,103735.18188687254,104808.76299501723,101856.40551181103,102259.0,5820,0.0,0.0
2022-02-09 00:00:00+09:00,102124.79330727336,104137.76553875353,100917.00996838526,103600.96875,5736,0.0,0.0
2022-02-10 00:00:00+09:00,104137.76914230069,106284.9375,104003.56679519931,106284.9375,9825,0.0,0.0
2022-02-14 00:00:00+09:00,104406.16775609489,104674.56617647059,102527.39768508157,102661.59375,6642,0.0,0.0
2022-02-15 00:00:00+09:00,103198.37712187055,104003.56603645091,101453.80323712589,101990.59375,9075,0.0,0.0
2022-02-16 00:00:00+09:00,102259.00404647377,104808.76714238722,102259.00404647377,104540.375,5046,0.0,0.0
2022-02-17 00:00:00+09:00,104808.76713316912,104808.76713316912,103064.19304564905,104003.578125,5265,0.0,0.0
2022-02-18 00:00:00+09:00,105077.15334928704,106821.73352451279,104137.76837915358,106150.734375,11166,0.0,0.0
2022-02-21 00:00:00+09:00,105748.14289381765,106553.3318310322,105345.55471574895,105613.953125,7221,0.0,0.0
2022-02-22 00:00:00+09:00,104674.57106198731,104808.76713316912,102661.59854156448,104003.578125,10203,0.0,0.0
2022-02-24 00:00:00+09:00,104942.96088426102,106687.53482863783,102661.59011812319,104406.1640625,15849,0.0,0.0
2022-02-25 00:00:00+09:00,103332.58448383515,104406.16556169582,102795.78765436611,104137.7734375,13308,0.0,0.0
2022-02-28 00:00:00+09:00,103466.77980212355,104942.96163674326,103332.58374099036,104271.96875,13029,0.0,0.0
2022-03-01 00:00:00+09:00,104674.5533158397,106553.32315602171,104674.5533158397,105479.7421875,7911,0.0,0.0
2022-03-02 00:00:00+09:00,106419.15396617199,107224.34299345431,105211.36413470925,106553.34375,10362,0.0,0.0
2022-03-03 00:00:00+09:00,106419.1484375,106955.93270708223,105882.35158683987,106419.1484375,7275,0.0,0.0
2022-03-04 00:00:00+09:00,107090.13504039924,107224.3373983029,105077.16257723383,105882.3515625,8673,0.0,0.0
2022-03-07 00:00:00+09:00,106150.734375,107090.12563567184,105479.74780656399,106150.734375,8487,0.0,0.0
2022-03-08 00:00:00+09:00,105077.15845326275,106150.73953112341,104137.7734375,104137.7734375,8301,0.0,0.0
2022-03-09 00:00:00+09:00,104674.56544897391,105077.15993146997,103332.5859375,103332.5859375,11346,0.0,0.0
2022-03-10 00:00:00+09:00,104942.95729370751,106821.73352451279,104942.95729370751,106150.734375,11625,0.0,0.0
2022-03-11 00:00:00+09:00,104942.96798478981,107224.33890528709,104808.765625,104808.765625,14448,0.0,0.0
2022-03-14 00:00:00+09:00,105613.953125,106955.92629963947,105613.953125,105613.953125,6279,0.0,0.0
2022-03-15 00:00:00+09:00,106150.73876801928,106150.73876801928,103869.37427606178,104271.96875,6591,0.0,0.0
2022-03-16 00:00:00+09:00,104942.97198597465,107224.34299345431,104540.3774723335,106553.34375,6945,0.0,0.0
2022-03-17 00:00:00+09:00,107224.32734532132,107224.32734532132,106553.32819979147,107090.125,5907,0.0,0.0
2022-03-18 00:00:00+09:00,106419.1462343276,107626.9296875,106419.1462343276,107626.9296875,10053,0.0,0.0
2022-03-22 00:00:00+09:00,108297.89465666864,111787.04196368743,107895.30025274049,111250.2578125,17640,0.0,0.0
2022-03-23 00:00:00+09:00,111250.2762666475,111250.2762666475,108029.52050096485,109103.1015625,7710,0.0,0.0
2022-03-24 00:00:00+09:00,108968.89491335505,111384.461642329,108432.11069430086,110981.8671875,8085,0.0,0.0
2022-03-25 00:00:00+09:00,110176.68195620526,110981.87089274531,109908.2898377176,110042.4921875,5466,0.0,0.0
2022-03-28 00:00:00+09:00,110042.49557558699,111921.265625,109774.09086775832,111921.265625,5592,0.0,0.0
2022-03-29 00:00:00+09:00,112189.65634430885,113531.6421233841,111652.87209754065,113263.25,6240,0.0,0.0
2022-03-30 00:00:00+09:00,114336.80774822958,114739.40214170926,110310.86381343276,111787.0390625,7122,0.0,0.0
2022-03-31 00:00:00+09:00,112189.65338994775,114471.03041240647,111652.86915731503,113800.03125,8580,0.0,0.0
2022-04-01 00:00:00+09:00,113800.05463846642,114471.0539387783,111250.29755673604,114336.8515625,10155,0.0,0.0
2022-04-04 00:00:00+09:00,116215.60606785782,116349.80842582475,112994.85012527443,114873.6328125,8262,0.0,0.0
2022-04-05 00:00:00+09:00,113129.05024354764,115410.41479735248,113129.05024354764,115007.8203125,6960,0.0,0.0
2022-04-06 00:00:00+09:00,114471.02482824717,115410.40348006791,113397.4312532,113665.8359375,6327,0.0,0.0
2022-04-07 00:00:00+09:00,113665.83584960851,113800.02561057833,112592.2422753915,113129.0390625,5673,0.0,0.0
2022-04-08 00:00:00+09:00,113129.04180694687,113665.83860707776,110847.67742327481,110981.8671875,8061,0.0,0.0
2022-04-11 00:00:00+09:00,112189.647742752,112994.83663224801,111384.45885325599,112592.2421875,7056,0.0,0.0
2022-04-12 00:00:00+09:00,112592.2522324166,113263.25142091073,111921.265625,111921.265625,6033,0.0,0.0
2022-04-13 00:00:00+09:00,112726.45389690645,112994.84602201612,112055.46729359352,112860.65625,4923,0.0,0.0
2022-04-14 00:00:00+09:00,112994.84602201612,113263.25072820325,111921.26494049997,112860.65625,6126,0.0,0.0
2022-04-15 00:00:00+09:00,112726.45462684761,113263.25146162034,111921.26566522727,112458.0625,3420,0.0,0.0
2022-04-18 00:00:00+09:00,112055.4580693594,113129.0390625,112055.4580693594,113129.0390625,3066,0.0,0.0
2022-04-19 00:00:00+09:00,113129.04910765777,113129.04910765777,111652.87353837966,112458.0625,6462,0.0,0.0
2022-04-20 00:00:00+09:00,113129.02750380627,113263.22983214069,110713.46108023745,111250.2578125,7194,0.0,0.0
2022-04-21 00:00:00+09:00,112055.46875,112726.45536203386,111787.06404032437,112055.46875,5370,0.0,0.0
2022-04-22 00:00:00+09:00,111518.6640625,112055.46086299128,110310.88069720217,111518.6640625,6864,0.0,0.0
2022-04-25 00:00:00+09:00,111116.07809147748,111116.07809147748,109639.90250376152,110579.28125,6702,0.0,0.0
2022-04-26 00:00:00+09:00,110579.27280690944,113129.04188289712,110579.27280690944,111518.6640625,9699,0.0,0.0
2022-04-27 00:00:00+09:00,111787.0633112647,113129.04910765777,111384.46883045453,112458.0625,3777,0.0,0.0
2022-04-28 00:00:00+09:00,112189.65133921836,112726.44814311594,110981.8679662564,111116.0703125,7338,0.0,0.0
2022-05-02 00:00:00+09:00,110042.49561513898,113397.44123450539,110042.49561513898,112458.0625,6306,0.0,0.0
2022-05-06 00:00:00+09:00,112189.64783032922,113129.0390625,111250.26917923485,113129.0390625,9021,0.0,0.0
2022-05-09 00:00:00+09:00,112592.22784945936,112860.63249916234,111652.8493187233,111787.0390625,7374,0.0,0.0
2022-05-10 00:00:00+09:00,111652.8663329328,111787.056097158,110445.08296844583,110981.8671875,8541,0.0,0.0
2022-05-11 00:00:00+09:00,110176.68195620526,111116.0732425277,109371.4930196652,110042.4921875,9576,0.0,0.0
2022-05-12 00:00:00+09:00,108834.70303972685,110713.47293215613,108297.90625,108297.90625,7596,0.0,0.0
2022-05-13 00:00:00+09:00,108432.12127935041,111518.67487398713,108432.12127935041,110445.09375,8223,0.0,0.0
2022-05-16 00:00:00+09:00,110445.10004460244,112055.47811290245,109505.70864440121,110176.6953125,6990,0.0,0.0
2022-05-17 00:00:00+09:00,110579.27350860242,110847.67820108961,109774.08459329445,111116.0703125,4035,0.0,0.0
2022-05-18 00:00:00+09:00,111384.4687904202,112323.86010566546,110847.68453691792,111921.265625,6261,0.0,0.0
2022-05-19 00:00:00+09:00,111921.26566522727,113129.04910765777,111116.07670360693,112458.0625,4935,0.0,0.0
2022-05-20 00:00:00+09:00,112860.64977318984,113129.04188289712,111250.27195279273,111518.6640625,5631,0.0,0.0
2022-05-23 00:00:00+09:00,111384.46955688854,112860.65771687168,111250.27978312832,112055.46875,4833,0.0,0.0
2022-05-24 00:00:00+09:00,112726.43873217012,112726.43873217012,111116.06103599627,111384.453125,5637,0.0,0.0
2022-05-25 00:00:00+09:00,111384.46810920317,113263.25072820325,111384.46810920317,112860.65625,6636,0.0,0.0
2022-05-26 00:00:00+09:00,112323.8586965396,113934.23659899893,112189.65634430885,113263.25,8412,0.0,0.0
2022-05-27 00:00:00+09:00,112726.44461743772,113800.02561057833,111787.05338526695,113129.0390625,21468,0.0,0.0
2022-05-30 00:00:00+09:00,114230.17369764773,114642.06132772159,113406.3984375,113406.3984375,8229,3170.0,0.0
2022-05-31 00:00:00+09:00,113406.40204880924,114092.87716362962,112308.02641931,112719.9140625,10596,0.0,0.0
2022-06-01 00:00:00+09:00,112719.91047305126,113406.3984375,112719.91047305126,113406.3984375,7776,0.0,0.0
2022-06-02 00:00:00+09:00,113269.09856865877,113269.09856865877,112308.02313879217,112857.2109375,6936,0.0,0.0
2022-06-03 00:00:00+09:00,112857.20162155648,113406.3893749309,112445.31402439752,113131.7890625,6528,0.0,0.0
2022-06-06 00:00:00+09:00,113131.78103559146,114779.33130733059,112994.4937606042,113680.96875,4833,0.0,0.0
2022-06-07 00:00:00+09:00,114092.86092041197,114779.3359375,113818.27348787416,114779.3359375,3435,0.0,0.0
2022-06-08 00:00:00+09:00,114642.0499109445,115191.22478202707,114230.162321889,115053.9375,3951,0.0,0.0
2022-06-09 00:00:00+09:00,115053.935771763,116289.5985203685,114779.33546885935,115877.7109375,5463,0.0,0.0
2022-06-10 00:00:00+09:00,115877.70661013578,116014.99388497375,114916.63132883758,115191.21875,6753,0.0,0.0
2022-06-13 00:00:00+09:00,114642.05618781739,116152.3064732143,113131.79303093262,115328.53125,9801,0.0,0.0
2022-06-14 00:00:00+09:00,114092.86465059963,114642.05240511759,111346.95162098475,111621.5390625,10248,0.0,0.0
2022-06-15 00:00:00+09:00,112308.01670046303,113269.09207523365,107639.95929351954,108189.140625,13032,0.0,0.0
2022-06-16 00:00:00+09:00,109973.98716065953,111896.1249678532,109562.0995682975,110935.0625,8784,0.0,0.0
2022-06-17 00:00:00+09:00,109012.9147961835,112308.015625,108463.73990570582,112308.015625,13581,0.0,0.0
2022-06-20 00:00:00+09:00,112308.01128828901,112582.61159441192,109836.6857621055,110660.4609375,4731,0.0,0.0
2022-06-21 00:00:00+09:00,110797.76109056146,111621.53626595596,109699.39848053115,110660.4609375,4248,0.0,0.0
2022-06-22 00:00:00+09:00,111209.65170239825,111209.65170239825,109973.98890570493,110111.2890625,6720,0.0,0.0
2022-06-23 00:00:00+09:00,109836.6875,112033.42562630569,109287.51262203907,109836.6875,7461,0.0,0.0
2022-06-24 00:00:00+09:00,109836.69982935394,110248.58746980337,109287.52488974719,109974.0,5691,0.0,0.0
2022-06-27 00:00:00+09:00,109973.9826614777,111621.5329635223,109973.9826614777,110797.7578125,5523,0.0,0.0
2022-06-28 00:00:00+09:00,111621.54479148144,113406.39543165675,111484.24462793316,112994.5078125,8583,0.0,0.0
2022-06-29 00:00:00+09:00,112582.61265435412,112994.5002459292,111896.1247540708,112445.3125,7824,0.0,0.0
2022-06-30 00:00:00+09:00,112033.42691723682,112445.31451619725,110660.46396353956,111072.3515625,8025,0.0,0.0
2022-07-01 00:00:00+09:00,111072.35154560316,111072.35154560316,109424.80115001208,110111.2890625,5502,0.0,0.0
2022-07-04 00:00:00+09:00,111209.64819910748,112033.42337095273,110111.28559380952,111758.8359375,4206,0.0,0.0
2022-07-05 00:00:00+09:00,111758.84402815031,111758.84402815031,110935.06879666883,111209.65625,3648,0.0,0.0
2022-07-06 00:00:00+09:00,111346.95059311087,111896.1254710718,109836.6875,109836.6875,5016,0.0,0.0
2022-07-07 00:00:00+09:00,109973.97636941086,110797.75147330159,109836.67622826708,110523.1640625,3138,0.0,0.0
2022-07-08 00:00:00+09:00,110660.45342365037,110797.75356738914,108601.015625,108601.015625,4638,0.0,0.0
2022-07-11 00:00:00+09:00,109150.20449510262,110660.45460642618,109012.90434989633,110385.8671875,2583,0.0,0.0
2022-07-12 00:00:00+09:00,110660.46268842873,110660.46268842873,109287.51262203907,109836.6875,4362,0.0,0.0
2022-07-13 00:00:00+09:00,109562.10006101953,110935.06299889651,109562.10006101953,109836.6875,3492,0.0,0.0
2022-07-14 00:00:00+09:00,109836.69051946266,110523.17844301667,109562.10307293365,110248.578125,3471,0.0,0.0
2022-07-15 00:00:00+09:00,110797.76410350048,111758.8394580911,110111.28906250001,110111.2890625,4620,0.0,0.0
2022-07-19 00:00:00+09:00,111896.129527289,112445.31729664523,110797.76686006434,112033.4296875,6264,0.0,0.0
2022-07-20 00:00:00+09:00,112582.61594172646,112994.50354532852,111209.65297255704,112308.015625,6759,0.0,0.0
2022-07-21 00:00:00+09:00,112719.90146534103,113680.97681587441,112445.31402439752,113131.7890625,5694,0.0,0.0
2022-07-22 00:00:00+09:00,113680.97202542971,113818.27217585943,112308.00913559315,113543.671875,4692,0.0,0.0
2022-07-25 00:00:00+09:00,113406.39543165675,114367.45796203046,112445.32002979495,112994.5078125,5415,0.0,0.0
2022-07-26 00:00:00+09:00,114230.17733518923,114230.17733518923,112582.62676242924,112719.9140625,4134,0.0,0.0
2022-07-27 00:00:00+09:00,112582.62676242924,113680.98952043962,112582.62676242924,112719.9140625,5772,0.0,0.0
2022-07-28 00:00:00+09:00,112582.609375,113269.08438380013,112170.72179542253,112582.609375,3312,0.0,0.0
2022-07-29 00:00:00+09:00,112857.20410339805,115053.94229371678,112445.31649718128,114642.0546875,8373,0.0,0.0
2022-08-01 00:00:00+09:00,115328.52497516734,116015.0,114779.33723240891,116015.0,6411,0.0,0.0
2022-08-02 00:00:00+09:00,116426.88295562154,116426.88295562154,114779.3326644029,114916.6328125,4938,0.0,0.0
2022-08-03 00:00:00+09:00,115328.52367406264,115877.71141062528,113543.67318384933,114779.3359375,3834,0.0,0.0
2022-08-04 00:00:00+09:00,114779.3359375,115328.52367406264,114642.04865697461,114779.3359375,2547,0.0,0.0
2022-08-05 00:00:00+09:00,114779.33109189125,115053.93138432335,113818.26868283833,114230.15625,2640,0.0,0.0
2022-08-08 00:00:00+09:00,114642.04390767516,115191.21875,114092.85619386383,115191.21875,2832,0.0,0.0
2022-08-09 00:00:00+09:00,115328.51889632446,115740.40646381133,114504.7437613507,115191.21875,4773,0.0,0.0
2022-08-10 00:00:00+09:00,115603.11237108258,115603.11237108258,114092.86216837478,115053.9375,4059,0.0,0.0
2022-08-12 00:00:00+09:00,116426.88295562154,116426.88295562154,114916.6328125,114916.6328125,5319,0.0,0.0
2022-08-15 00:00:00+09:00,115465.81861805546,116289.59375,115328.5184722359,116289.59375,3348,0.0,0.0
2022-08-16 00:00:00+09:00,116289.6078590325,116564.1953125,115740.42008060953,116564.1953125,3723,0.0,0.0
2022-08-17 00:00:00+09:00,116701.48789631981,116976.07533195545,115740.41256436436,116015.0,2244,0.0,0.0
2022-08-18 00:00:00+09:00,115877.71873958946,117113.38157139259,115603.11841819687,116838.78125,3486,0.0,0.0
2022-08-19 00:00:00+09:00,116976.0796374008,118074.44229185705,116838.7794787859,117662.5546875,4848,0.0,0.0
2022-08-22 00:00:00+09:00,117799.85306659415,117937.15322313494,117113.37802686506,117525.265625,2790,0.0,0.0
2022-08-23 00:00:00+09:00,117662.5688829191,117937.1692332781,116976.09375,116976.09375,4890,0.0,0.0
2022-08-24 00:00:00+09:00,117250.65615627768,117662.54372224995,116289.59375,116289.59375,5007,0.0,0.0
2022-08-25 00:00:00+09:00,116701.5062711302,117387.9814040493,116426.90592077121,116976.09375,3879,0.0,0.0
2022-08-26 00:00:00+09:00,117387.9514645035,118211.7265625,117113.36405566662,118211.7265625,3075,0.0,0.0
2022-08-29 00:00:00+09:00,117799.86389334023,118760.9393344814,117113.3887905186,117937.1640625,5550,0.0,0.0
2022-08-30 00:00:00+09:00,118623.61386986301,120271.1640625,118349.02646158547,120271.1640625,4119,0.0,0.0
2022-08-31 00:00:00+09:00,119722.00005480717,119996.60038888501,118211.74970333274,118760.9375,9930,0.0,0.0
2022-09-01 00:00:00+09:00,118623.63733296108,119447.41259221775,117799.86207370441,118760.9375,7674,0.0,0.0
2022-09-02 00:00:00+09:00,119447.41436732876,119859.30200307816,118760.93926490928,118898.2265625,5220,0.0,0.0
2022-09-05 00:00:00+09:00,119035.50633039077,119996.58160625272,118898.20618484294,119310.09375,3684,0.0,0.0
2022-09-06 00:00:00+09:00,119172.80647593859,119584.69404109566,118760.91891078153,119310.09375,2220,0.0,0.0
2022-09-07 00:00:00+09:00,119310.10760250116,119859.2953769695,119035.52015101095,119172.8203125,3867,0.0,0.0
2022-09-08 00:00:00+09:00,119447.390625,120133.86559097016,119172.80321290914,119447.390625,3864,0.0,0.0
2022-09-09 00:00:00+09:00,119310.10758665089,120545.77042542456,119172.82029666797,120133.8828125,5079,0.0,0.0
2022-09-12 00:00:00+09:00,120408.48313544164,120545.77042542456,119721.99519957544,120133.8828125,2481,0.0,0.0
2022-09-13 00:00:00+09:00,120133.87304884054,121644.136087812,120133.87304884054,121506.8359375,4470,0.0,0.0
2022-09-14 00:00:00+09:00,120408.4765625,121232.25174338032,119996.58897205985,120408.4765625,4548,0.0,0.0
2022-09-15 00:00:00+09:00,120408.47032117863,121506.83288159015,119996.58275208849,121094.9453125,3885,0.0,0.0
2022-09-16 00:00:00+09:00,120957.64161681091,123291.6796875,120957.64161681091,123291.6796875,11514,0.0,0.0
2022-09-20 00:00:00+09:00,122467.9206456801,122879.80825674014,121094.95765165071,121232.2578125,6429,0.0,0.0
2022-09-21 00:00:00+09:00,120820.35789026876,121918.72045068028,120683.05774340987,121094.9453125,4191,0.0,0.0
2022-09-22 00:00:00+09:00,120957.64820773885,121781.42336663716,120133.87304884054,121506.8359375,3012,0.0,0.0
2022-09-26 00:00:00+09:00,121369.5282526081,121781.4158064874,119310.09048321155,119447.390625,4842,0.0,0.0
2022-09-27 00:00:00+09:00,119310.10026292379,120271.17559124912,118074.4375,118074.4375,8910,0.0,0.0
2022-09-28 00:00:00+09:00,118486.319289895,118898.20685738185,114504.7437613507,115191.21875,8772,0.0,0.0
2022-09-29 00:00:00+09:00,117113.36430268502,117799.83926196808,115740.40151263298,116152.2890625,7590,0.0,0.0
2022-09-30 00:00:00+09:00,115328.51396276595,116838.76402178305,113406.37635388183,116152.2890625,10563,0.0,0.0
2022-10-03 00:00:00+09:00,116564.18422558146,116976.0718023503,115053.93406792464,116701.484375,6198,0.0,0.0
2022-10-04 00:00:00+09:00,117525.25621531035,119447.39389554784,117525.25621531035,119310.09375,4728,0.0,0.0
2022-10-05 00:00:00+09:00,119859.27675849304,120683.05185648955,118211.7265625,118211.7265625,5910,0.0,0.0
2022-10-06 00:00:00+09:00,118211.74970333274,119035.52496258942,117937.16224074333,118760.9375,5295,0.0,0.0
2022-10-07 00:00:00+09:00,117662.53887334035,118760.91425165965,117113.36405566662,118211.7265625,6855,0.0,0.0
2022-10-11 00:00:00+09:00,117937.15652002809,118898.21902821751,117113.38130072984,117387.96875,6789,0.0,0.0
2022-10-12 00:00:00+09:00,117387.97625734952,118486.33899616185,117387.97625734952,117937.1640625,7698,0.0,0.0
2022-10-13 00:00:00+09:00,116701.49396079154,118074.44408180313,116701.49396079154,116838.78125,6114,0.0,0.0
2022-10-14 00:00:00+09:00,117662.55799785793,117799.85816033569,116289.6078590325,116564.1953125,5616,0.0,0.0
2022-10-17 00:00:00+09:00,116014.99367065517,117113.36909624875,115053.93126261886,115740.40625,5397,0.0,0.0
2022-10-18 00:00:00+09:00,116426.88145246063,117250.65658743437,114504.7437613507,115191.21875,9588,0.0,0.0
2022-10-19 00:00:00+09:00,115465.82243204219,115603.1097109101,112445.30922464523,112582.609375,7374,0.0,0.0
2022-10-20 00:00:00+09:00,112719.8824906461,114230.1453403239,112582.59522902829,113818.2578125,4833,0.0,0.0
2022-10-21 00:00:00+09:00,113818.25961121259,114092.84701027285,113131.77180633377,113955.546875,5442,0.0,0.0
2022-10-24 00:00:00+09:00,113955.56271194626,113955.56271194626,112170.72506277902,112445.3125,4146,0.0,0.0
2022-10-25 00:00:00+09:00,112582.61868443537,113680.98136363635,112170.731070799,113269.09375,4158,0.0,0.0
2022-10-26 00:00:00+09:00,113955.57090547787,117387.97203922614,113955.57090547787,117250.671875,9501,0.0,0.0
2022-10-27 00:00:00+09:00,116838.76835905763,119310.09375,116426.88079390058,119310.09375,9063,0.0,0.0
2022-10-28 00:00:00+09:00,118623.6262886598,120271.17665378007,118486.32613440404,119859.2890625,7329,0.0,0.0
2022-10-31 00:00:00+09:00,119996.5937483772,121644.14417571653,119721.9934294955,120957.65625,8769,0.0,0.0
2022-11-01 00:00:00+09:00,121369.52779015947,122467.90317730991,119172.80275883058,122056.015625,10263,0.0,0.0
2022-11-02 00:00:00+09:00,122193.3190705045,122467.9193893862,120683.06880260602,120957.65625,11028,0.0,0.0
2022-11-04 00:00:00+09:00,119721.99519957544,121506.84581274449,119584.70790959253,120133.8828125,7914,0.0,0.0
2022-11-07 00:00:00+09:00,119996.58160625272,120271.16902586195,118623.61876523371,119310.09375,5598,0.0,0.0
2022-11-08 00:00:00+09:00,118623.63253803167,119584.70792547928,118623.63253803167,119172.8203125,4755,0.0,0.0
2022-11-09 00:00:00+09:00,119035.52496258942,119722.00005480717,118760.9375,118760.9375,3375,0.0,0.0
2022-11-10 00:00:00+09:00,119035.51562500001,119447.40322231835,118486.32787141309,119035.515625,3873,0.0,0.0
2022-11-11 00:00:00+09:00,120820.3707483662,121232.25836129076,119310.10758665089,120133.8828125,7191,0.0,0.0
2022-11-14 00:00:00+09:00,118623.63339222614,118898.22084569364,116152.30769655477,116564.1953125,6633,0.0,0.0
2022-11-15 00:00:00+09:00,116564.18296042831,117387.95810502498,116014.99524020166,116426.8828125,5331,0.0,0.0
2022-11-16 00:00:00+09:00,116014.99649939408,117250.6592297006,115740.40907204378,116701.484375,5076,0.0,0.0
2022-11-17 00:00:00+09:00,116976.08862135882,117937.1640625,116701.50115452791,117937.1640625,3708,0.0,0.0
2022-11-18 00:00:00+09:00,118074.4405081883,118074.4405081883,116976.07787032425,117525.265625,3777,0.0,0.0
2022-11-21 00:00:00+09:00,117662.55116148526,118898.21393752708,117662.55116148526,118349.0390625,6066,0.0,0.0
2022-11-22 00:00:00+09:00,118760.92665451393,118898.21393752708,117662.55116148526,118349.0390625,4314,0.0,0.0
2022-11-24 00:00:00+09:00,118349.04058663192,119584.70337858693,118211.74043036332,119035.515625,5442,0.0,0.0
2022-11-25 00:00:00+09:00,119172.81424652787,119584.7018385418,118349.03906249999,118349.0390625,6468,0.0,0.0
2022-11-28 00:00:00+09:00,118349.04508654145,119310.10760250116,118211.7449250524,119172.8203125,20631,0.0,0.0
2022-11-29 00:00:00+09:00,119958.51480550699,120519.72861594631,119116.70066652098,120379.421875,7074,3100.0,0.0
2022-11-30 00:00:00+09:00,119818.203125,120660.01722928185,119257.00249104237,119818.203125,5667,0.0,0.0
2022-12-01 00:00:00+09:00,119818.19130305927,119958.49802437791,117292.74923938815,117713.65625,7422,0.0,0.0
2022-12-02 00:00:00+09:00,118695.78566820371,118836.0923997776,117292.7578125,117292.7578125,6564,0.0,0.0
2022-12-05 00:00:00+09:00,117433.06046080473,117853.96748754596,116310.64610727629,117573.3671875,3270,0.0,0.0
2022-12-06 00:00:00+09:00,117573.36268202544,117994.26969263729,116871.8422287763,117713.65625,4086,0.0,0.0
2022-12-07 00:00:00+09:00,117433.0546875,118415.17541939422,117292.74796770255,117433.0546875,5295,0.0,0.0
2022-12-08 00:00:00+09:00,117292.76233363657,117433.06907061867,116030.04116083421,117152.46875,5907,0.0,0.0
2022-12-09 00:00:00+09:00,116731.55172164385,117152.45874329239,115889.73767834676,116030.03125,5715,0.0,0.0
2022-12-12 00:00:00+09:00,115749.41912321249,116731.53979112986,115609.11241255484,116310.6328125,3876,0.0,0.0
2022-12-13 00:00:00+09:00,116310.6328125,117012.14005910208,116170.32610184235,116310.6328125,2922,0.0,0.0
2022-12-14 00:00:00+09:00,116591.24118880794,118134.5625,115889.73389341954,118134.5625,6099,0.0,0.0
2022-12-15 00:00:00+09:00,117853.96671172834,118274.8737356988,117152.45938955908,117994.2734375,4512,0.0,0.0
2022-12-16 00:00:00+09:00,117994.28781681372,119537.609375,117994.28781681372,119537.609375,11925,0.0,0.0
2022-12-19 00:00:00+09:00,118415.17695514599,118415.17695514599,116450.93546588288,116591.2421875,4614,0.0,0.0
2022-12-20 00:00:00+09:00,117292.75169194076,117433.05841619318,110417.94581042665,111119.453125,11850,0.0,0.0
2022-12-21 00:00:00+09:00,111259.7686218959,114627.02504270137,111119.46188658054,113785.2109375,7317,0.0,0.0
2022-12-22 00:00:00+09:00,114346.41816535359,115328.5390625,113644.91075501824,115328.5390625,5436,0.0,0.0
2022-12-23 00:00:00+09:00,115328.52863599075,115468.83536671156,113364.30017262413,113504.59375,5421,0.0,0.0
2022-12-26 00:00:00+09:00,113644.90464154411,114627.0254858578,113364.30432317397,114486.71875,3621,0.0,0.0
2022-12-27 00:00:00+09:00,114627.0168901716,114907.6171875,113504.58939416906,114907.6171875,3486,0.0,0.0
2022-12-28 00:00:00+09:00,114346.41612943272,115609.13733756146,114206.12254187124,115468.84375,4584,0.0,0.0
2022-12-29 00:00:00+09:00,115328.52421016483,115328.52421016483,114486.71016483517,114907.6171875,4188,0.0,0.0
2022-12-30 00:00:00+09:00,114907.629127284,116731.56413280062,114767.32238736864,115889.75,3840,0.0,0.0
2023-01-04 00:00:00+09:00,115749.4375,116170.34454545454,115188.22372161222,115749.4375,5622,0.0,0.0
2023-01-05 00:00:00+09:00,116030.04023105396,116310.65370276956,113644.90464154411,114486.71875,6612,0.0,0.0
2023-01-06 00:00:00+09:00,113925.50532604386,114486.7191179332,112803.09089561066,113364.3046875,4623,0.0,0.0
2023-01-10 00:00:00+09:00,113504.58518046078,114346.3991945392,113223.98489354929,113925.4921875,4419,0.0,0.0
2023-01-11 00:00:00+09:00,114065.80043485579,114065.80043485579,112943.38611883785,113083.6796875,3969,0.0,0.0
2023-01-12 00:00:00+09:00,112522.48977969795,113785.2109375,111820.96925646655,113785.2109375,6300,0.0,0.0
2023-01-13 00:00:00+09:00,113785.20880479414,114065.80911682009,112662.78125,112662.78125,5349,0.0,0.0
2023-01-16 00:00:00+09:00,112662.77873653173,112943.39219564245,111820.96466588929,112101.578125,5259,0.0,0.0
2023-01-17 00:00:00+09:00,111961.28083117645,111961.28083117645,109014.93133561919,109716.4453125,7551,0.0,0.0
2023-01-18 00:00:00+09:00,109716.43191918112,113223.98822206439,109014.91802793561,111119.453125,7371,0.0,0.0
2023-01-19 00:00:00+09:00,110277.63584060078,110558.23612750291,108173.10080547481,108594.0078125,7803,0.0,0.0
2023-01-20 00:00:00+09:00,107611.890625,108594.00475484834,106910.37677415302,107611.890625,8019,0.0,0.0
2023-01-23 00:00:00+09:00,107892.49643067183,109435.8243509217,107752.19628398445,108874.6171875,6528,0.0,0.0
2023-01-24 00:00:00+09:00,108734.31747372737,109295.53125,108173.11027412728,109295.53125,6606,0.0,0.0
2023-01-25 00:00:00+09:00,109997.04564191394,110698.55961879477,109155.23150032615,109716.4453125,5607,0.0,0.0
2023-01-26 00:00:00+09:00,110137.3523832939,110137.3523832939,109014.93133561919,109716.4453125,6564,0.0,0.0
2023-01-27 00:00:00+09:00,110137.35563945965,111680.68380355614,109856.7487250767,111400.0703125,6219,0.0,0.0
2023-01-30 00:00:00+09:00,111680.6829713637,112241.88364260145,111119.4691467797,111820.9765625,4923,0.0,0.0
2023-01-31 00:00:00+09:00,112241.86804971543,112522.48149969713,108734.31172837189,109155.21875,6594,0.0,0.0
2023-02-01 00:00:00+09:00,109716.43199663,110137.33901633999,108313.40421314855,108453.7109375,5079,0.0,0.0
2023-02-02 00:00:00+09:00,109155.21952461505,109435.82639991585,107752.1983014556,108734.3125,4176,0.0,0.0
2023-02-03 00:00:00+09:00,108734.31987079683,108734.31987079683,107471.59871135528,108032.8125,3744,0.0,0.0
2023-02-06 00:00:00+09:00,108734.3289061153,109856.75,108734.3289061153,109856.75,2604,0.0,0.0
2023-02-07 00:00:00+09:00,109435.82797130664,109435.82797130664,107892.5,107892.5,3351,0.0,0.0
2023-02-08 00:00:00+09:00,107892.5,108173.10687933002,106910.38578735341,107892.5,4260,0.0,0.0
2023-02-09 00:00:00+09:00,107331.29359765204,108173.10766508461,106910.38656393575,107471.59375,6084,0.0,0.0
2023-02-10 00:00:00+09:00,107191.00081264562,107331.30097463656,105928.27962470872,106770.09375,5586,0.0,0.0
2023-02-13 00:00:00+09:00,106770.08169052641,107050.681982815,105787.9609375,105787.9609375,2859,0.0,0.0
2023-02-14 00:00:00+09:00,106349.17412825918,107752.1953125,106349.17412825918,107752.1953125,3435,0.0,0.0
2023-02-15 00:00:00+09:00,107471.5924889033,107752.19936697891,106770.08515872275,107190.9921875,5460,0.0,0.0
2023-02-16 00:00:00+09:00,107752.1953125,108032.802180017,107190.98815413809,107752.1953125,3300,0.0,0.0
2023-02-17 00:00:00+09:00,107471.59375,107752.20063136832,106770.0864115878,107471.59375,2235,0.0,0.0
2023-02-20 00:00:00+09:00,107331.29281801228,108173.10687933002,107190.99266668344,107892.5,2187,0.0,0.0
2023-02-21 00:00:00+09:00,107892.49545792247,108313.40247086193,107611.89516707754,107752.1953125,4080,0.0,0.0
2023-02-22 00:00:00+09:00,107331.29002604928,108594.01108517927,107331.29002604928,108453.7109375,5694,0.0,0.0
2023-02-24 00:00:00+09:00,108594.02548218322,109997.046875,108313.41857295064,109997.046875,6345,0.0,0.0
2023-02-27 00:00:00+09:00,109716.44654244048,110417.9605271854,109155.23272397532,109997.046875,5322,0.0,0.0
2023-02-28 00:00:00+09:00,110417.95063409109,110698.55094150973,109435.82982810847,110137.34375,4929,0.0,0.0
2023-03-01 00:00:00+09:00,109856.73037719727,109856.73037719727,107611.89516707754,107752.1953125,8619,0.0,0.0
2023-03-02 00:00:00+09:00,108173.10687933002,108453.71375866006,106910.38578735341,107892.5,5352,0.0,0.0
2023-03-03 00:00:00+09:00,107892.49951768055,108453.71327383179,107190.9921875,107190.9921875,4575,0.0,0.0
2023-03-06 00:00:00+09:00,107611.89516707754,108032.802180017,107190.98815413809,107752.1953125,8259,0.0,0.0
2023-03-07 00:00:00+09:00,107752.19607843137,107892.49622485111,106910.38204656863,107331.2890625,5034,0.0,0.0
2023-03-08 00:00:00+09:00,107190.98968402196,107471.58997887175,106208.8689220312,106910.3828125,6921,0.0,0.0
2023-03-09 00:00:00+09:00,106910.3828125,107331.28983144685,106489.47579355315,106910.3828125,4710,0.0,0.0
2023-03-10 00:00:00+09:00,105086.45363010639,106349.17467542141,105086.45363010639,105787.9609375,9534,0.0,0.0
2023-03-13 00:00:00+09:00,105647.66155849828,105787.96170566135,104525.2406511773,105367.0546875,5955,0.0,0.0
2023-03-14 00:00:00+09:00,104805.85247711398,106629.78078315286,104104.33855478866,105928.2734375,8742,0.0,0.0
2023-03-15 00:00:00+09:00,106770.09284186398,106770.09284186398,103683.43669093441,104104.34375,10971,0.0,0.0
2023-03-16 00:00:00+09:00,103823.73186702078,104384.93902439025,102701.31097560975,103543.125,11238,0.0,0.0
2023-03-17 00:00:00+09:00,103823.73720037068,104946.15157276724,102981.92313273707,103262.5234375,10446,0.0,0.0
2023-03-20 00:00:00+09:00,102420.69931862318,103402.82001892847,101438.58519498968,101859.4921875,7896,0.0,0.0
2023-03-22 00:00:00+09:00,102280.41246811225,103122.2265625,101999.80557775879,103122.2265625,8034,0.0,0.0
2023-03-23 00:00:00+09:00,102981.92265687186,102981.92265687186,101999.80186472261,102561.015625,5415,0.0,0.0
2023-03-24 00:00:00+09:00,102841.62047042947,103262.52752089054,102420.71341996841,102701.3203125,6144,0.0,0.0
2023-03-27 00:00:00+09:00,103122.22984881152,103683.43707073043,102981.9296875,102981.9296875,3897,0.0,0.0
2023-03-28 00:00:00+09:00,103402.8363693392,104244.6504874704,102981.92931027361,104104.34375,4719,0.0,0.0
2023-03-29 00:00:00+09:00,105226.74925298804,106068.56324701195,104665.54211586271,105647.65625,7623,0.0,0.0
2023-03-30 00:00:00+09:00,105507.35786695691,106910.37902147141,104805.8440013637,106349.171875,8226,0.0,0.0
2023-03-31 00:00:00+09:00,107190.99913336181,107190.99913336181,105507.37090915546,106068.578125,7275,0.0,0.0
2023-04-03 00:00:00+09:00,106629.78829812625,112241.88034223618,106629.78829812625,111680.6796875,16575,0.0,0.0
2023-04-04 00:00:00+09:00,112241.8717012105,112662.77873653173,110417.94998371512,112101.578125,13200,0.0,0.0
2023-04-05 00:00:00+09:00,112101.56805391549,112241.86161752215,110277.63334693557,110979.140625,10218,0.0,0.0
2023-04-06 00:00:00+09:00,110838.84706139332,111961.26133696512,110417.94006388592,110979.140625,7998,0.0,0.0
2023-04-07 00:00:00+09:00,111259.76847467343,111400.06205645775,109997.04074186957,110698.5546875,7581,0.0,0.0
2023-04-10 00:00:00+09:00,110558.2393813347,111820.96043957335,110558.2393813347,111119.453125,6114,0.0,0.0
2023-04-11 00:00:00+09:00,110979.16451721144,111119.4712643678,109716.44982951687,109856.75,7002,0.0,0.0
2023-04-12 00:00:00+09:00,110417.95928938081,110698.55961879477,109435.83840641308,109716.4453125,5025,0.0,0.0
2023-04-13 00:00:00+09:00,109435.83265516632,109997.03986117372,109435.83265516632,109576.1328125,4236,0.0,0.0
2023-04-14 00:00:00+09:00,110698.55253733648,110698.55253733648,109014.92436186368,109295.53125,5586,0.0,0.0
2023-04-17 00:00:00+09:00,110137.34282526789,110277.64297779922,108734.31499326491,109014.921875,4743,0.0,0.0
2023-04-18 00:00:00+09:00,109576.1328125,110277.64675251374,109155.2257638263,109576.1328125,4863,0.0,0.0
2023-04-19 00:00:00+09:00,109155.22462125575,110838.859375,109014.92446539064,110838.859375,5898,0.0,0.0
2023-04-20 00:00:00+09:00,110698.54034444297,111119.44734195035,110277.63334693557,110979.140625,4206,0.0,0.0
2023-04-21 00:00:00+09:00,110979.15411585485,110979.15411585485,109155.2257638263,109576.1328125,4233,0.0,0.0
2023-04-24 00:00:00+09:00,109716.44283725633,110277.65006009616,109295.53577595825,109435.8359375,3504,0.0,0.0
2023-04-25 00:00:00+09:00,109435.82982810847,110137.34375,109155.22294401738,110137.34375,2880,0.0,0.0
2023-04-26 00:00:00+09:00,109716.44982951687,110417.96383527898,109435.8429118774,109856.75,5316,0.0,0.0
2023-04-27 00:00:00+09:00,110277.64549346828,110277.64549346828,109014.92436186368,109295.53125,3393,0.0,0.0
2023-04-28 00:00:00+09:00,109856.73206676137,111259.75984925241,109435.82504734848,111119.453125,4791,0.0,0.0
2023-05-01 00:00:00+09:00,111540.36014441287,111540.36014441287,110417.94581042665,111119.453125,6213,0.0,0.0
2023-05-02 00:00:00+09:00,111259.77261977494,112101.58675522507,110698.55881169288,111680.6796875,5511,0.0,0.0
2023-05-08 00:00:00+09:00,111259.75958014168,112803.08092980785,111259.75958014168,112241.8671875,7005,0.0,0.0
2023-05-09 00:00:00+09:00,112803.08705851642,112943.39379005248,111259.765625,111259.765625,5703,0.0,0.0
2023-05-10 00:00:00+09:00,111259.76847467343,111820.96910850148,110698.5546875,110698.5546875,4428,0.0,0.0
2023-05-11 00:00:00+09:00,110979.15059524684,112101.578125,110838.85701903634,112101.578125,4908,0.0,0.0
2023-05-12 00:00:00+09:00,111680.67266626313,111680.67266626313,110698.55185220082,111259.765625,5769,0.0,0.0
2023-05-15 00:00:00+09:00,111680.67646517746,113925.50532604386,111680.67646517746,113364.3046875,6495,0.0,0.0
2023-05-16 00:00:00+09:00,113223.99187975429,114346.40625,112943.39157552907,114346.40625,4644,0.0,0.0
2023-05-17 00:00:00+09:00,114907.61292170615,115047.91964183388,113785.19862071624,113925.4921875,4791,0.0,0.0
2023-05-18 00:00:00+09:00,114206.11879866128,114206.11879866128,113083.6912148826,113364.3046875,5991,0.0,0.0
2023-05-19 00:00:00+09:00,113083.68671118251,113925.50078881747,112662.77967236502,113504.59375,4518,0.0,0.0
2023-05-22 00:00:00+09:00,113644.90625,114065.81331018519,113364.30592765842,113644.90625,3426,0.0,0.0
2023-05-23 00:00:00+09:00,113785.2109375,113785.2109375,112943.39683229863,113785.2109375,3966,0.0,0.0
2023-05-24 00:00:00+09:00,113925.49242836294,114206.10586921168,112803.078125,112803.078125,5166,0.0,0.0
2023-05-25 00:00:00+09:00,112803.07939683156,113644.89342218105,112522.47910616311,113083.6796875,6063,0.0,0.0
2023-05-26 00:00:00+09:00,113925.50078881747,114065.8075195383,113364.30017262413,113504.59375,6603,0.0,0.0
2023-05-29 00:00:00+09:00,114486.71219768918,115188.21953013857,113644.89813741206,114767.3125,16899,0.0,0.0
2023-05-30 00:00:00+09:00,115737.7962245251,116312.88185597157,114443.83333560039,116169.1171875,7371,3291.6667,0.0
2023-05-31 00:00:00+09:00,115881.54955402602,118181.93229106051,113149.859375,113149.859375,16830,0.0,0.0
2023-06-01 00:00:00+09:00,114300.05031445509,116025.33409278649,114156.2721733343,115018.9140625,8871,0.0,0.0
2023-06-02 00:00:00+09:00,115594.01372232473,117031.75470433489,114731.37182887454,116887.9765625,7464,0.0,0.0
2023-06-05 00:00:00+09:00,117031.75470433489,117463.07565105999,115737.79186415962,116887.9765625,5139,0.0,0.0
2023-06-06 00:00:00+09:00,115881.55248219859,116744.19434553699,115162.6887556763,116600.4296875,5127,0.0,0.0
2023-06-07 00:00:00+09:00,116456.64904739778,117031.74810352108,115737.78533632777,116025.328125,8331,0.0,0.0
2023-06-08 00:00:00+09:00,116456.65503736935,116456.65503736935,114012.50751099303,115018.9140625,7302,0.0,0.0
2023-06-09 00:00:00+09:00,116456.65251526525,116744.19531249999,115162.68970954008,116744.1953125,5739,0.0,0.0
2023-06-12 00:00:00+09:00,116600.43815047489,116600.43815047489,115450.23993002177,116169.1171875,3927,0.0,0.0
2023-06-13 00:00:00+09:00,116887.98096619813,117175.52378192137,115881.56089299667,116169.1171875,5514,0.0,0.0
2023-06-14 00:00:00+09:00,116456.66096093405,117031.7600758901,115881.56184597802,116312.8828125,3981,0.0,0.0
2023-06-15 00:00:00+09:00,116744.19531249999,117606.83718298344,116312.87437725827,116744.1953125,9525,0.0,0.0
2023-06-16 00:00:00+09:00,116312.87437725827,116744.19531249999,115594.01064478181,116744.1953125,8799,0.0,0.0
2023-06-19 00:00:00+09:00,116887.9724823531,117031.7506191692,116169.10875583079,116600.4296875,3528,0.0,0.0
2023-06-20 00:00:00+09:00,115881.55344201655,116887.97345050698,115881.55344201655,116744.1953125,3669,0.0,0.0
2023-06-21 00:00:00+09:00,116169.11344354384,116600.43439261791,115737.79249446977,116456.65625,3483,0.0,0.0
2023-06-22 00:00:00+09:00,115594.00312135082,116025.32402852003,115162.6822141816,115737.78125,3252,0.0,0.0
2023-06-23 00:00:00+09:00,115450.2421875,116456.66228038068,115306.47751621729,115450.2421875,4329,0.0,0.0
2023-06-26 00:00:00+09:00,115306.47751621729,115737.79848762612,114587.60024468235,115450.2421875,3192,0.0,0.0
2023-06-27 00:00:00+09:00,115737.79717632417,116456.66096093405,114587.59894641208,116312.8828125,4377,0.0,0.0
2023-06-28 00:00:00+09:00,116025.33904024833,116600.43815047489,115594.01807727343,116169.1171875,6432,0.0,0.0
2023-06-29 00:00:00+09:00,116169.11062723496,116169.11062723496,114587.59153311797,115306.46875,7434,0.0,0.0
2023-06-30 00:00:00+09:00,114443.81852849234,115737.78125,114300.04039984316,115737.78125,4194,0.0,0.0
2023-07-03 00:00:00+09:00,116169.10971803051,116887.97345050698,115737.78878278879,116744.1953125,5595,0.0,0.0
2023-07-04 00:00:00+09:00,116744.19183607001,116744.19183607001,115594.00720260224,116025.328125,3084,0.0,0.0
2023-07-05 00:00:00+09:00,116025.33999441208,116456.66096093405,115594.0190278901,116312.8828125,3531,0.0,0.0
2023-07-06 00:00:00+09:00,116456.65753264926,116600.43567685073,115162.69467117537,115594.015625,2568,0.0,0.0
2023-07-07 00:00:00+09:00,115306.47034474158,115450.23500708285,114731.37125903794,115018.9140625,2367,0.0,0.0
2023-07-10 00:00:00+09:00,114875.15429857529,116312.88185597157,113868.73422537383,116169.1171875,4557,0.0,0.0
2023-07-11 00:00:00+09:00,116456.65251526525,117175.51624774172,116169.10971803051,116744.1953125,6909,0.0,0.0
2023-07-12 00:00:00+09:00,117175.52247937347,117319.30062502685,116312.88056301296,117031.7578125,6591,0.0,0.0
2023-07-13 00:00:00+09:00,116744.20087946454,117463.078125,116169.11525757202,117463.078125,5988,0.0,0.0
2023-07-14 00:00:00+09:00,117463.08460330505,118325.7265625,117031.76362370758,118325.7265625,4854,0.0,0.0
2023-07-18 00:00:00+09:00,118325.72346152469,118325.72346152469,116744.20425859393,118181.9453125,4431,0.0,0.0
2023-07-19 00:00:00+09:00,118325.71907030394,118900.8046875,117606.84183063924,118900.8046875,4380,0.0,0.0
2023-07-20 00:00:00+09:00,118900.80957328528,120482.32878251043,118613.26675287174,120051.0078125,4464,0.0,0.0
2023-07-21 00:00:00+09:00,119763.4381092365,120626.07995270945,119044.57439926862,119332.1171875,4878,0.0,0.0
2023-07-24 00:00:00+09:00,119475.90869289264,120769.87160292396,119188.36587247912,120051.0078125,6645,0.0,0.0
2023-07-25 00:00:00+09:00,120194.765625,120338.54376639293,119475.90187559441,120194.765625,3642,0.0,0.0
2023-07-26 00:00:00+09:00,120338.5378391904,121920.04340149838,120050.99504934682,121201.1796875,6225,0.0,0.0
2023-07-27 00:00:00+09:00,121201.19191150091,121201.19191150091,119763.45085971887,120482.328125,5859,0.0,0.0
2023-07-28 00:00:00+09:00,119907.22900853114,120482.328125,117750.62417024821,120482.328125,8082,0.0,0.0
2023-07-31 00:00:00+09:00,120482.31116185727,120482.31116185727,118900.79218393077,119044.5703125,5478,0.0,0.0
2023-08-01 00:00:00+09:00,119332.12596316599,119475.9041072445,117175.52119588721,117894.3984375,5583,0.0,0.0
2023-08-02 00:00:00+09:00,117031.75911344979,117031.75911344979,115594.01807727343,116169.1171875,6336,0.0,0.0
2023-08-03 00:00:00+09:00,115306.47751621729,115737.79848762612,114156.27927327354,115450.2421875,4044,0.0,0.0
2023-08-04 00:00:00+09:00,114875.16029426901,115881.5669412179,114443.83930878212,115162.703125,5397,0.0,0.0
2023-08-07 00:00:00+09:00,114875.15302159877,117463.07877068025,114875.15302159877,117031.7578125,4308,0.0,0.0
2023-08-08 00:00:00+09:00,117750.62904425354,118038.171875,117031.765227997,118038.171875,3846,0.0,0.0
2023-08-09 00:00:00+09:00,117463.0715508384,117463.0715508384,115737.7878241616,116600.4296875,4533,0.0,0.0
2023-08-10 00:00:00+09:00,116600.43557713272,118181.94124687724,116169.11462367697,117894.3984375,4461,0.0,0.0
2023-08-14 00:00:00+09:00,117175.5234375,117750.62254603615,116312.88151408582,117175.5234375,3090,0.0,0.0
2023-08-15 00:00:00+09:00,116744.20247579292,117175.5234375,116169.11684603682,117175.5234375,2919,0.0,0.0
2023-08-16 00:00:00+09:00,117175.51624774172,117175.51624774172,116169.10971803051,116744.1953125,3402,0.0,0.0
2023-08-17 00:00:00+09:00,116600.4271811233,116600.4271811233,115737.78533632777,116025.328125,1842,0.0,0.0
2023-08-18 00:00:00+09:00,115450.245955731,116312.88792670479,114875.16029426901,115162.703125,4065,0.0,0.0
2023-08-21 00:00:00+09:00,114731.3671875,115737.78718207107,114443.82439424212,114731.3671875,5016,0.0,0.0
2023-08-22 00:00:00+09:00,114875.15691028106,115162.69973254163,114443.8359375,114443.8359375,3471,0.0,0.0
2023-08-23 00:00:00+09:00,114443.82845557589,115018.9140625,114012.50751099303,115018.9140625,6174,0.0,0.0
2023-08-24 00:00:00+09:00,115018.90814647893,116025.328125,114875.14349153223,116025.328125,3720,0.0,0.0
2023-08-25 00:00:00+09:00,115450.23993002177,116169.1171875,115018.91896704686,116169.1171875,3165,0.0,0.0
2023-08-28 00:00:00+09:00,115881.56184597802,116600.43910936812,115306.47620980219,116312.8828125,4014,0.0,0.0
2023-08-29 00:00:00+09:00,116600.44424248692,118469.49286051009,116600.44424248692,118038.171875,4218,0.0,0.0
2023-08-30 00:00:00+09:00,118181.9453125,118613.2662807938,117894.4024932309,118181.9453125,3198,0.0,0.0
2023-08-31 00:00:00+09:00,118325.7169048444,119332.12345590928,117319.296875,117319.296875,7779,0.0,0.0
2023-09-01 00:00:00+09:00,117750.60759171196,119044.5703125,117606.82946314273,119044.5703125,3954,0.0,0.0
2023-09-04 00:00:00+09:00,119475.89121942935,119763.43399778947,118757.02753413988,119044.5703125,2511,0.0,0.0
2023-09-05 00:00:00+09:00,118469.46661422608,119619.66463995322,118181.9238471832,119188.34375,2271,0.0,0.0
2023-09-06 00:00:00+09:00,119619.6765747555,120194.76216621923,119044.57750451264,119475.8984375,4026,0.0,0.0
2023-09-07 00:00:00+09:00,119619.6759557561,120050.9968865115,119188.3550250007,119907.21875,2451,0.0,0.0
2023-09-08 00:00:00+09:00,119907.2074069961,119907.2074069961,117894.38108014033,119188.34375,7236,0.0,0.0
2023-09-11 00:00:00+09:00,119044.59753160572,119044.59753160572,117750.63451495783,118757.0546875,2862,0.0,0.0
2023-09-12 00:00:00+09:00,118757.03161103724,119332.1171875,117750.61163405918,119332.1171875,2823,0.0,0.0
2023-09-13 00:00:00+09:00,119044.58380337423,119763.44757012982,117319.29998013693,117463.078125,4848,0.0,0.0
2023-09-14 00:00:00+09:00,118181.94092661505,119332.12563978691,117894.39811801702,118900.8046875,3681,0.0,0.0
2023-09-15 00:00:00+09:00,118900.79626576352,119619.6734545102,117894.38976756428,119332.1171875,6396,0.0,0.0
2023-09-19 00:00:00+09:00,119332.12628423248,119332.12628423248,118181.94156484911,118469.484375,1875,0.0,0.0
2023-09-20 00:00:00+09:00,118613.25347753214,119332.1171875,118613.25347753214,119332.1171875,2718,0.0,0.0
2023-09-21 00:00:00+09:00,119188.35564176814,119475.8984375,118757.03470878077,119475.8984375,2496,0.0,0.0
2023-09-22 00:00:00+09:00,118900.81221610955,118900.81221610955,118038.1702569146,118325.7265625,4536,0.0,0.0
2023-09-25 00:00:00+09:00,118181.93812957876,118900.80187345021,117606.83904721394,117750.6171875,4077,0.0,0.0
2023-09-26 00:00:00+09:00,117175.52151115128,118613.26251946535,117175.52151115128,118469.484375,3354,0.0,0.0
2023-09-27 00:00:00+09:00,118757.03161103724,119332.1171875,118181.93255579566,119332.1171875,2913,0.0,0.0
2023-09-28 00:00:00+09:00,119188.3619482373,119188.3619482373,117175.52183527386,117463.078125,6606,0.0,0.0
2023-09-29 00:00:00+09:00,118469.48747677024,118757.04377322976,117750.62369318181,118613.265625,4680,0.0,0.0
2023-10-02 00:00:00+09:00,118613.27101527371,119188.37015554743,118038.171875,118038.171875,2946,0.0,0.0
2023-10-03 00:00:00+09:00,118900.8091000629,119188.36539811228,117750.62434420621,118181.9453125,4839,0.0,0.0
2023-10-04 00:00:00+09:00,117175.52000553024,118613.26099537038,116312.87810738209,116456.65625,8931,0.0,0.0
2023-10-05 00:00:00+09:00,117894.38108014033,119619.66463995322,117319.28206727676,119188.34375,5232,0.0,0.0
2023-10-06 00:00:00+09:00,119044.58283118889,119475.9037834758,118469.48373521307,118900.8046875,3531,0.0,0.0
2023-10-10 00:00:00+09:00,119188.35907158809,120769.86471179218,119188.35907158809,120194.765625,3918,0.0,0.0
2023-10-11 00:00:00+09:00,119907.21624274158,120338.53716447807,119332.1171875,119332.1171875,4050,0.0,0.0
2023-10-12 00:00:00+09:00,119332.12628423248,119907.22538331407,118325.71970931448,118469.484375,4854,0.0,0.0
2023-10-13 00:00:00+09:00,118757.04442981849,119763.4510366505,117463.0815249371,118181.9453125,7818,0.0,0.0
2023-10-16 00:00:00+09:00,118469.48285275247,118900.80380182654,116169.11344354384,116456.65625,5535,0.0,0.0
2023-10-17 00:00:00+09:00,117175.52829771966,118900.81221610955,116600.44264411011,118325.7265625,4350,0.0,0.0
2023-10-18 00:00:00+09:00,118325.72346152469,118613.2662807938,117750.62434420621,118181.9453125,4260,0.0,0.0
2023-10-19 00:00:00+09:00,117750.62061023287,119044.58347408159,117463.077800082,118469.484375,5925,0.0,0.0
2023-10-20 00:00:00+09:00,118181.93812957876,118613.25907165752,117175.51810513518,117750.6171875,4806,0.0,0.0
2023-10-23 00:00:00+09:00,118181.93273698885,118181.93273698885,116025.328125,116025.328125,6927,0.0,0.0
2023-10-24 00:00:00+09:00,116744.20281894646,116887.98096619813,115594.01807727343,116169.1171875,6726,0.0,0.0
2023-10-25 00:00:00+09:00,116169.11684603682,117463.0797311581,116025.33869920777,117175.5234375,5439,0.0,0.0
2023-10-26 00:00:00+09:00,116744.19905645617,118038.1619036784,115881.55715830802,116456.65625,4239,0.0,0.0
2023-10-27 00:00:00+09:00,116744.19992606541,119332.12563978691,116744.19992606541,118900.8046875,5802,0.0,0.0
2023-10-30 00:00:00+09:00,118469.48535391419,118469.48535391419,116887.97966684662,117031.7578125,4683,0.0,0.0
2023-10-31 00:00:00+09:00,117175.52183527386,118325.72003661864,116744.20087946454,117463.078125,6036,0.0,0.0
2023-11-01 00:00:00+09:00,117894.39532778607,119907.22189789377,117750.6171875,117750.6171875,6138,0.0,0.0
2023-11-02 00:00:00+09:00,118757.0403444115,119188.36129786726,117463.07748404423,117894.3984375,6060,0.0,0.0
2023-11-06 00:00:00+09:00,118613.26381468764,118757.04196072301,117463.0790827446,117606.84375,5565,0.0,0.0
2023-11-07 00:00:00+09:00,117750.62093594625,117894.39908080932,116312.87992365521,117463.078125,11691,0.0,0.0
2023-11-08 00:00:00+09:00,117463.07506765584,117606.8397299971,115018.9140625,115018.9140625,6153,0.0,0.0
2023-11-09 00:00:00+09:00,115162.70069058581,115162.70069058581,113868.73776147811,114587.6015625,5886,0.0,0.0
2023-11-10 00:00:00+09:00,114156.2721733343,115450.23500708285,114156.2721733343,115018.9140625,5901,0.0,0.0
2023-11-13 00:00:00+09:00,115018.90998075786,115737.78718207107,114443.82439424212,114731.3671875,3438,0.0,0.0
2023-11-14 00:00:00+09:00,114875.14691230534,116887.97345050698,114443.82597706362,116744.1953125,6900,0.0,0.0
2023-11-15 00:00:00+09:00,116887.9765625,117606.8403141153,116456.6556157749,116887.9765625,4899,0.0,0.0
2023-11-16 00:00:00+09:00,117606.84619518153,119044.58724908759,117175.52522688772,118181.9453125,7122,0.0,0.0
2023-11-17 00:00:00+09:00,117750.62093594625,117750.62093594625,117031.75716919066,117463.078125,3657,0.0,0.0
2023-11-20 00:00:00+09:00,117606.84619518153,118757.04442981849,117319.30337591241,118181.9453125,4419,0.0,0.0
2023-11-21 00:00:00+09:00,118181.93255579566,119907.21624274158,118181.93255579566,119332.1171875,7383,0.0,0.0
2023-11-22 00:00:00+09:00,119332.11309086012,119763.43399778947,118181.9284986413,119044.5703125,5007,0.0,0.0
2023-11-24 00:00:00+09:00,119044.573793689,119907.21563277369,118757.03100692034,119763.4375,4104,0.0,0.0
2023-11-27 00:00:00+09:00,119907.22966290308,120338.55063291352,119188.36587247912,120051.0078125,4404,0.0,0.0
2023-11-28 00:00:00+09:00,120194.75903097297,120194.75903097297,119332.1171875,119332.1171875,19533,0.0,0.0
2023-11-29 00:00:00+09:00,119070.4296875,119806.35009953569,118481.70991587375,119070.4296875,4512,3203.6667,0.0
2023-11-30 00:00:00+09:00,118923.26520830151,119659.171875,117157.07816955612,119659.171875,11424,0.0,0.0
2023-12-01 00:00:00+09:00,119217.62441037736,119217.62441037736,117009.890625,117009.890625,6171,0.0,0.0
2023-12-04 00:00:00+09:00,117745.796875,118334.53048181761,117157.07706651853,117745.796875,3276,0.0,0.0
2023-12-05 00:00:00+09:00,117304.2420376081,117451.42887875586,116568.33542853965,116862.6953125,3033,0.0,0.0
2023-12-06 00:00:00+09:00,117009.89021523009,117745.796875,116126.79670417175,117745.796875,5613,0.0,0.0
2023-12-07 00:00:00+09:00,116862.70377319612,117157.07747680388,116273.98396265293,117009.890625,2916,0.0,0.0
2023-12-08 00:00:00+09:00,117304.25129447448,117745.7980544265,116715.53148009596,117598.625,7164,0.0,0.0
2023-12-11 00:00:00+09:00,117892.97641564849,117892.97641564849,117009.8829593515,117451.4296875,1947,0.0,0.0
2023-12-12 00:00:00+09:00,117304.2504116026,117598.62411491256,115979.61014171624,116568.34375,2838,0.0,0.0
2023-12-13 00:00:00+09:00,116862.70353585246,117157.07723886236,115832.43697032623,116126.796875,3060,0.0,0.0
2023-12-14 00:00:00+09:00,115832.43648892413,116126.79639237451,114360.609375,114360.609375,5976,0.0,0.0
2023-12-15 00:00:00+09:00,114949.3359375,115390.88269129215,113919.06247837434,114949.3359375,7752,0.0,0.0
2023-12-18 00:00:00+09:00,114213.421875,114360.6018169982,113183.14158350992,114213.421875,4161,0.0,0.0
2023-12-19 00:00:00+09:00,114213.42121531564,114213.42121531564,113035.96098862824,114066.234375,4743,0.0,0.0
2023-12-20 00:00:00+09:00,113919.06235778966,114507.7890625,113477.51560446489,114507.7890625,4341,0.0,0.0
2023-12-21 00:00:00+09:00,113624.69518940074,114213.42879138039,112594.42173468835,113183.1484375,4665,0.0,0.0
2023-12-22 00:00:00+09:00,113330.33542880764,113477.51537990196,112005.6951714547,112594.421875,4974,0.0,0.0
2023-12-25 00:00:00+09:00,112447.234068208,112594.41400902015,111416.9537850203,111564.140625,3216,0.0,0.0
2023-12-26 00:00:00+09:00,111711.32800099206,111711.32800099206,110533.8676986239,111269.78125,4878,0.0,0.0
2023-12-27 00:00:00+09:00,111858.5,112152.8667794586,111269.77334025028,111858.5,4359,0.0,0.0
2023-12-28 00:00:00+09:00,112447.2424286342,114066.2425954428,112300.05557771122,113330.3359375,5145,0.0,0.0
2023-12-29 00:00:00+09:00,113624.69581803793,114802.15612934362,113624.69581803793,114360.609375,2250,0.0,0.0
2024-01-04 00:00:00+09:00,114802.15627421255,115096.52307720245,113330.33605759918,113771.8828125,2700,0.0,0.0
2024-01-05 00:00:00+09:00,114507.78195202682,116126.78891340648,114066.23522612033,115685.2421875,5736,0.0,0.0
2024-01-09 00:00:00+09:00,114802.14884106959,115979.60217845601,114802.14884106959,115096.515625,3186,0.0,0.0
2024-01-10 00:00:00+09:00,114654.97617761843,115243.70288368725,114360.609375,114360.609375,3081,0.0,0.0
2024-01-11 00:00:00+09:00,114654.9762981201,115390.88295668756,114654.9762981201,114802.15625,2907,0.0,0.0
2024-01-12 00:00:00+09:00,115096.5151165376,115832.42862352876,115096.5151165376,115390.875,3189,0.0,0.0
2024-01-15 00:00:00+09:00,115390.87504663008,116421.1484375,115390.87504663008,116421.1484375,534,0.0,0.0
2024-01-16 00:00:00+09:00,116421.15692680537,116421.15692680537,115538.0703125,115538.0703125,1965,0.0,0.0
2024-01-17 00:00:00+09:00,115685.24229369321,116126.78902000502,115096.515625,115096.515625,3276,0.0,0.0
2024-01-18 00:00:00+09:00,117745.79728734707,119070.43755857348,116715.5307197284,117009.890625,13779,0.0,0.0
2024-01-19 00:00:00+09:00,117157.07730249566,118628.890625,116715.53054607712,118628.890625,7953,0.0,0.0
2024-01-22 00:00:00+09:00,119364.8042372474,122161.25766858929,119217.61739410585,121719.7109375,8712,0.0,0.0
2024-01-23 00:00:00+09:00,121572.53797490468,121866.89786305148,120100.7109375,120100.7109375,7743,0.0,0.0
2024-01-24 00:00:00+09:00,120836.625,121130.99870461418,120395.07824141494,120836.625,6540,0.0,0.0
2024-01-25 00:00:00+09:00,120100.7109375,120542.25766888788,119217.61747472426,120100.7109375,7116,0.0,0.0
2024-01-26 00:00:00+09:00,120395.0703125,121130.99072723338,119953.5235829941,120395.0703125,4470,0.0,0.0
2024-01-29 00:00:00+09:00,120100.7113093129,120542.25804206774,119364.8046875,119364.8046875,5043,0.0,0.0
2024-01-30 00:00:00+09:00,120247.9052538754,120247.9052538754,118628.8912726116,118776.078125,7485,0.0,0.0
2024-01-31 00:00:00+09:00,118040.16355078216,118776.0701667444,117745.78986572904,118334.5234375,6375,0.0,0.0
2024-02-01 00:00:00+09:00,117304.25044027883,117451.43729196979,114507.78994733558,115538.0703125,17232,0.0,0.0
2024-02-02 00:00:00+09:00,117451.42961802494,119364.80337164838,117157.06973221182,119070.4296875,8805,0.0,0.0
2024-02-05 00:00:00+09:00,118628.89038605835,119659.17074840511,117745.796875,117745.796875,4338,0.0,0.0
2024-02-06 00:00:00+09:00,117451.43826171142,118334.53178247616,117009.89150132904,118040.171875,6174,0.0,0.0
2024-02-07 00:00:00+09:00,118040.17099095482,118628.89080149801,117009.890625,117009.890625,5103,0.0,0.0
2024-02-08 00:00:00+09:00,117892.9765625,118776.070019897,117451.42983380149,117892.9765625,6444,0.0,0.0
2024-02-09 00:00:00+09:00,117892.97560386396,117892.97560386396,116862.6953125,116862.6953125,6897,0.0,0.0
2024-02-13 00:00:00+09:00,117304.2420376081,117745.78876271621,116273.9755445793,116862.6953125,7794,0.0,0.0
2024-02-14 00:00:00+09:00,116126.79702175962,116568.34377849633,115538.0703125,115538.0703125,7116,0.0,0.0
2024-02-15 00:00:00+09:00,115538.06970966449,115538.06970966449,112888.7891830671,113330.3359375,7980,0.0,0.0
2024-02-16 00:00:00+09:00,114213.42954331242,115096.5230529278,113330.33603369704,114802.15625,10905,0.0,0.0
2024-02-19 00:00:00+09:00,114802.15561856695,114949.3355696373,113035.96860905053,113624.6953125,5004,0.0,0.0
2024-02-20 00:00:00+09:00,113624.68765238817,115243.6946016874,113624.68765238817,114066.234375,6672,0.0,0.0
2024-02-21 00:00:00+09:00,114507.7888172582,114507.7888172582,113330.33541035927,113624.6953125,8559,0.0,0.0
2024-02-22 00:00:00+09:00,112741.60168559926,113771.88203947965,111564.14827997595,113183.1484375,11523,0.0,0.0
2024-02-26 00:00:00+09:00,114802.14884106959,116126.78902000502,114066.23533082739,115096.515625,12267,0.0,0.0
2024-02-27 00:00:00+09:00,115096.5227882094,115538.06954200155,113919.06247837434,114949.3359375,10383,0.0,0.0
2024-02-28 00:00:00+09:00,115832.43687775827,115979.60993080947,114507.78971111268,114654.9765625,8364,0.0,0.0
2024-02-29 00:00:00+09:00,114507.78971111268,115538.07007415168,113771.88305084831,114654.9765625,14409,0.0,0.0
2024-03-01 00:00:00+09:00,114213.42942327479,115685.24963803089,113477.51586631274,114360.609375,7212,0.0,0.0
2024-03-04 00:00:00+09:00,114949.32782022365,115685.24132429922,113919.05443385191,114066.234375,7338,0.0,0.0
2024-03-05 00:00:00+09:00,114507.78844216361,115096.52204285256,112152.87473691175,112300.0546875,7557,0.0,0.0
2024-03-06 00:00:00+09:00,112447.23355891721,112888.78027852139,111122.59340010471,111858.5,8904,0.0,0.0
2024-03-07 00:00:00+09:00,112005.69415520584,112300.05405472372,109797.96041298214,110092.3203125,13995,0.0,0.0
2024-03-08 00:00:00+09:00,110092.32094763183,111858.50795160008,110092.32094763183,111269.78125,16290,0.0,0.0
2024-03-11 00:00:00+09:00,110828.23398652284,112005.69428344627,110092.32043854971,110533.8671875,8145,0.0,0.0
2024-03-12 00:00:00+09:00,110533.85962736084,110533.85962736084,109356.40631013917,110386.6796875,10116,0.0,0.0
2024-03-13 00:00:00+09:00,110239.49911332343,110533.85899135137,107148.67209985798,108620.4921875,12984,0.0,0.0
2024-03-14 00:00:00+09:00,109797.95302888917,110386.6796875,108767.67275236084,110386.6796875,10647,0.0,0.0
2024-03-15 00:00:00+09:00,110975.41495603831,113919.0622758077,110828.23500475865,112005.6953125,17406,0.0,0.0
2024-03-18 00:00:00+09:00,112152.86728741616,112152.86728741616,110386.68040100015,111564.140625,10632,0.0,0.0
2024-03-19 00:00:00+09:00,111711.32243032743,116862.69633557466,111711.32243032743,116273.9765625,19677,0.0,0.0
2024-03-21 00:00:00+09:00,117745.7897201554,118628.88317755242,116273.97649005058,117892.9765625,15915,0.0,0.0
2024-03-22 00:00:00+09:00,118040.16318798644,119659.1632574615,117304.24277595076,119070.4296875,9654,0.0,0.0
2024-03-25 00:00:00+09:00,119217.62458656536,120689.45171177083,119070.43773454397,119953.53125,6789,0.0,0.0
2024-03-26 00:00:00+09:00,120395.07919220522,120542.26604567467,119659.17252153053,119806.359375,4503,0.0,0.0
2024-03-27 00:00:00+09:00,119953.53309385615,122602.81368094748,119953.53309385615,122455.640625,7215,0.0,0.0
2024-03-28 00:00:00+09:00,122749.9922824274,122897.1791268155,120836.61849872378,121130.9921875,6108,0.0,0.0
2024-03-29 00:00:00+09:00,121425.35207794077,121719.71196838153,120395.0717638949,121130.9921875,1986,0.0,0.0
2024-04-01 00:00:00+09:00,120542.25715511374,121425.35061412556,119511.97685348817,120395.0703125,3633,0.0,0.0
2024-04-02 00:00:00+09:00,120247.90590870049,120247.90590870049,117745.79839615316,118923.265625,6009,0.0,0.0
2024-04-03 00:00:00+09:00,117892.98479141862,117892.98479141862,116568.34451286336,117157.078125,8529,0.0,0.0
2024-04-04 00:00:00+09:00,116273.97575482038,116715.52248072687,114949.32867793331,115685.2421875,6528,0.0,0.0
2024-04-05 00:00:00+09:00,115685.24203783524,115685.24203783524,114213.42191977361,115243.6953125,6198,0.0,0.0
2024-04-08 00:00:00+09:00,115685.24182937903,116862.69516203961,114949.32832209047,116421.1484375,4995,0.0,0.0
2024-04-09 00:00:00+09:00,116862.70348207346,118776.07735741272,116568.34357753515,118187.34375,4284,0.0,0.0
2024-04-10 00:00:00+09:00,118628.88325146916,119070.42998044279,116126.7897200637,116273.9765625,4095,0.0,0.0
2024-04-11 00:00:00+09:00,115979.61101461842,118187.34481437852,115243.70434747713,117598.625,7317,0.0,0.0
2024-04-12 00:00:00+09:00,117892.98389971482,118334.53065589353,115096.5234103057,116126.796875,6732,0.0,0.0
2024-04-15 00:00:00+09:00,115979.60207199259,116715.52248072687,115685.2421875,115685.2421875,3747,0.0,0.0
2024-04-16 00:00:00+09:00,115685.2421875,117157.06920663334,115390.8754038398,115685.2421875,5754,0.0,0.0
2024-04-17 00:00:00+09:00,117157.06914449936,117892.97575450815,115832.42896748241,117304.2421875,7932,0.0,0.0
2024-04-18 00:00:00+09:00,116862.70353585246,117304.25029203117,115832.43697032623,116126.796875,2994,0.0,0.0
2024-04-19 00:00:00+09:00,115685.24229369321,115979.60217845601,114213.42217237639,115096.515625,4374,0.0,0.0
2024-04-22 00:00:00+09:00,115096.5151165376,116126.78850699117,115096.5151165376,115390.875,3786,0.0,0.0
2024-04-23 00:00:00+09:00,115685.24178262998,116715.52207225113,115390.875,115390.875,4659,0.0,0.0
2024-04-24 00:00:00+09:00,115538.06184089878,115538.06184089878,114654.96839217641,115390.875,4284,0.0,0.0
2024-04-25 00:00:00+09:00,115390.87525455588,116273.97560439397,115096.5153704441,115243.6953125,3570,0.0,0.0
2024-04-26 00:00:00+09:00,115096.5151165376,115390.875,114654.96839217641,115390.875,4161,0.0,0.0
2024-04-30 00:00:00+09:00,115390.88346080904,116126.79702175962,115096.52355576327,115538.0703125,5160,0.0,0.0
2024-05-01 00:00:00+09:00,115685.2421875,115685.2421875,114507.78195202682,115685.2421875,4437,0.0,0.0
2024-05-02 00:00:00+09:00,115979.60186228379,117892.97560386396,115979.60186228379,116862.6953125,5877,0.0,0.0
2024-05-07 00:00:00+09:00,117745.79711216294,119364.8110845883,117304.25035574441,118628.890625,8328,0.0,0.0
2024-05-08 00:00:00+09:00,118187.34469831883,119217.62506997389,116862.70441976357,117157.078125,4614,0.0,0.0
2024-05-09 00:00:00+09:00,117304.2510632179,117745.79782229946,116273.98449091846,116715.53125,4458,0.0,0.0
2024-05-10 00:00:00+09:00,116862.69633557466,116862.69633557466,114949.32947641148,116273.9765625,8199,0.0,0.0
2024-05-13 00:00:00+09:00,116126.79786738117,117598.625,115832.43796019192,117598.625,2964,0.0,0.0
2024-05-14 00:00:00+09:00,117304.25053027159,117451.43738207547,116568.34386792453,117009.890625,2913,0.0,0.0
2024-05-15 00:00:00+09:00,116568.34297939177,116715.52983007373,115538.06952045822,115979.609375,4155,0.0,0.0
2024-05-16 00:00:00+09:00,115979.60171296039,116568.33527845825,115243.69510483941,116421.1484375,3870,0.0,0.0
2024-05-17 00:00:00+09:00,115685.25011882129,116421.15677967375,115390.88331497947,116126.796875,3681,0.0,0.0
2024-05-20 00:00:00+09:00,116273.97534788994,116273.97534788994,114949.32827563882,115390.875,4881,0.0,0.0
2024-05-21 00:00:00+09:00,115390.875,115538.06184089878,114802.14833390762,115390.875,4725,0.0,0.0
2024-05-22 00:00:00+09:00,115390.88256914954,115390.88256914954,114213.42915972884,114507.7890625,4644,0.0,0.0
2024-05-23 00:00:00+09:00,114507.77349969624,114949.3201930102,113477.50018168605,113919.046875,5007,0.0,0.0
2024-05-24 00:00:00+09:00,113330.33528757891,113477.51523848982,112447.24178377743,113183.1484375,4410,0.0,0.0
2024-05-27 00:00:00+09:00,113624.6878562282,113624.6878562282,112447.23452659605,112888.78125,3768,0.0,0.0
2024-05-28 00:00:00+09:00,112888.78099641847,113624.68760099362,112300.0474337573,113035.9609375,4551,0.0,0.0
2024-05-29 00:00:00+09:00,113624.69547408035,113624.69547408035,111416.96170904532,112005.6953125,23409,0.0,0.0
2024-05-30 00:00:00+09:00,111964.9482511525,111964.9482511525,110154.19433294918,110606.8828125,7620,3121.6667,0.0
2024-05-31 00:00:00+09:00,111210.47338375184,111663.16186825388,110455.99021849594,111361.3671875,9708,0.0,0.0
2024-06-03 00:00:00+09:00,112417.63917325264,113624.81083603611,111964.95068386603,112115.8515625,4935,0.0,0.0
2024-06-04 00:00:00+09:00,112719.43531290762,113473.9184960478,111512.26363453487,112417.640625,5070,0.0,0.0
2024-06-05 00:00:00+09:00,112417.63720504707,113323.01416796894,112417.63720504707,113021.2265625,3510,0.0,0.0
2024-06-06 00:00:00+09:00,112719.43333304413,113473.91650293217,111814.05635848152,113323.015625,2631,0.0,0.0
2024-06-07 00:00:00+09:00,113323.01615202583,113624.81083603611,112115.8515625,112115.8515625,4437,0.0,0.0
2024-06-10 00:00:00+09:00,111663.16668171514,112719.4375,111059.57729418846,112719.4375,4611,0.0,0.0
2024-06-11 00:00:00+09:00,112870.3306874123,112870.3306874123,110757.7890625,110757.7890625,3918,0.0,0.0
2024-06-12 00:00:00+09:00,111059.56663131865,111059.56663131865,110154.18971021209,110455.984375,3516,0.0,0.0
2024-06-13 00:00:00+09:00,110757.78000692937,110757.78000692937,110003.296875,110003.296875,5994,0.0,0.0
2024-06-14 00:00:00+09:00,110606.87721282586,111663.1549938068,110305.08962390885,110908.671875,5874,0.0,0.0
2024-06-17 00:00:00+09:00,110908.67748995306,111210.4721674061,110305.09520830445,110606.8828125,3813,0.0,0.0
2024-06-18 00:00:00+09:00,110757.7780805415,111059.5656694585,109852.40116727618,110908.671875,4212,0.0,0.0
2024-06-19 00:00:00+09:00,110757.7817420086,111512.2578125,110154.19239770666,111512.2578125,2919,0.0,0.0
2024-06-20 00:00:00+09:00,111059.57250674612,112266.74415650406,110757.78489924982,111361.3671875,2454,0.0,0.0
2024-06-21 00:00:00+09:00,111361.3671875,111964.94947575018,110606.88402224409,111361.3671875,15957,0.0,0.0
2024-06-24 00:00:00+09:00,111512.26518285817,111964.95368437622,110606.8881798221,110757.7890625,2787,0.0,0.0
2024-06-25 00:00:00+09:00,111059.57152888717,112266.74316801618,111059.57152888717,111814.0546875,3474,0.0,0.0
2024-06-26 00:00:00+09:00,111663.16088508043,112266.74316801618,111210.47240456424,111814.0546875,5562,0.0,0.0
2024-06-27 00:00:00+09:00,111814.05644588327,111814.05644588327,109248.81932486485,109701.5078125,16797,0.0,0.0
2024-06-28 00:00:00+09:00,110606.88379607638,110606.88379607638,109097.92454190763,110154.1953125,5367,0.0,0.0
2024-07-01 00:00:00+09:00,110154.18793063515,110154.18793063515,108796.12257091531,108947.0234375,6846,0.0,0.0
2024-07-02 00:00:00+09:00,109248.81102415525,109248.81102415525,108494.33498426006,108947.0234375,5943,0.0,0.0
2024-07-03 00:00:00+09:00,108645.22973215338,109248.81198402408,108041.6474802827,108494.3359375,8994,0.0,0.0
2024-07-04 00:00:00+09:00,109097.91312629133,109550.6015625,108494.33090243203,109550.6015625,3774,0.0,0.0
2024-07-05 00:00:00+09:00,109399.71654775937,109701.50414726137,108343.43872973025,109097.921875,4770,0.0,0.0
2024-07-08 00:00:00+09:00,109550.60568406757,110003.29413730753,108343.43411767535,108947.0234375,6072,0.0,0.0
2024-07-09 00:00:00+09:00,108947.03270018674,109852.40968364188,108192.54952288824,109248.8203125,4605,0.0,0.0
2024-07-10 00:00:00+09:00,109248.81374307063,110154.19067208297,109248.81374307063,110003.296875,4485,0.0,0.0
2024-07-11 00:00:00+09:00,110154.19868629845,111663.16505994131,110003.30487823726,111210.4765625,5592,0.0,0.0
2024-07-12 00:00:00+09:00,110757.78295671081,112870.32446516419,110757.78295671081,112266.7421875,6426,0.0,0.0
2024-07-16 00:00:00+09:00,112870.32866272186,112870.32866272186,111663.1640625,111663.1640625,4410,0.0,0.0
2024-07-17 00:00:00+09:00,111814.05687848972,112568.5400518866,111361.36838910313,112115.8515625,5226,0.0,0.0
2024-07-18 00:00:00+09:00,112568.54368974727,113323.01981426879,112417.64280623666,112719.4375,5901,0.0,0.0
2024-07-19 00:00:00+09:00,111512.26277113783,111512.26277113783,108947.03270018674,109248.8203125,9291,0.0,0.0
2024-07-22 00:00:00+09:00,109248.81763876075,110003.30079759414,107438.06371616661,108192.546875,8202,0.0,0.0
2024-07-23 00:00:00+09:00,107739.85445478724,108041.64912193682,105929.10059840426,106381.7890625,11451,0.0,0.0
2024-07-24 00:00:00+09:00,106230.89623239632,106683.58470061213,105174.61842438788,105929.1015625,7080,0.0,0.0
2024-07-25 00:00:00+09:00,105627.30226004134,106532.67915676528,105627.30226004134,105778.203125,5721,0.0,0.0
2024-07-26 00:00:00+09:00,105627.31685328874,106834.48857345329,105627.31685328874,106230.90625,5718,0.0,0.0
2024-07-29 00:00:00+09:00,105778.21260300571,107287.171875,105476.4179193038,107287.171875,6435,0.0,0.0
2024-07-30 00:00:00+09:00,106683.58470061213,107438.06076546694,105476.41309428419,105929.1015625,37386,0.0,0.0
2024-07-31 00:00:00+09:00,106230.89746403573,107739.85668449751,106230.89746403573,106683.5859375,8901,0.0,0.0
2024-08-01 00:00:00+09:00,106683.59476090447,106834.48857345329,105023.73452983543,106230.90625,7830,0.0,0.0
2024-08-02 00:00:00+09:00,105476.41282367645,105929.10129073085,104118.34742251324,104721.9296875,11154,0.0,0.0
2024-08-05 00:00:00+09:00,103816.56338594574,104269.25189936304,98987.890625,98987.890625,12402,0.0,0.0
2024-08-06 00:00:00+09:00,100345.94245776301,104420.13852197398,99893.25400618401,101704.0078125,12684,0.0,0.0
2024-08-07 00:00:00+09:00,101100.43201493955,103967.46397384959,100798.64438903387,102609.3984375,12444,0.0,0.0
2024-08-08 00:00:00+09:00,102609.39544081244,105023.73174383772,102609.39544081244,103967.4609375,7500,0.0,0.0
2024-08-09 00:00:00+09:00,102911.1750467997,105023.72356828193,102156.69898954389,102760.28125,7962,0.0,0.0
2024-08-13 00:00:00+09:00,103363.8671875,104571.0388246131,103062.07958316484,103363.8671875,5991,0.0,0.0
2024-08-14 00:00:00+09:00,104269.23880076289,104872.828125,103363.86188766434,104872.828125,7566,0.0,0.0
2024-08-15 00:00:00+09:00,103212.97720617328,105174.625,102911.18251740848,105174.625,8280,0.0,0.0
2024-08-16 00:00:00+09:00,105174.61746715894,106532.68285944617,105023.72367021277,106381.7890625,6447,0.0,0.0
2024-08-19 00:00:00+09:00,106381.7966818014,106381.7966818014,104571.04269572819,105174.625,6720,0.0,0.0
2024-08-20 00:00:00+09:00,105325.52542663076,105325.52542663076,103967.45994293463,104420.1484375,7347,0.0,0.0
2024-08-21 00:00:00+09:00,104571.03685942106,104872.83153134212,104118.34838816815,104269.2421875,5391,0.0,0.0
2024-08-22 00:00:00+09:00,104571.03685942106,104571.03685942106,103062.0776463305,104269.2421875,5076,0.0,0.0
2024-08-23 00:00:00+09:00,104269.2443842208,104872.8337407792,103665.66210091992,104571.0390625,5109,0.0,0.0
2024-08-26 00:00:00+09:00,105023.72921905515,106381.79468309466,104721.93453596049,106080.0,9456,0.0,0.0
2024-08-27 00:00:00+09:00,105476.41213430851,106834.47752659574,105476.41213430851,106381.7890625,3414,0.0,0.0
2024-08-28 00:00:00+09:00,106683.5859375,107287.16821103323,105778.20899057145,106683.5859375,10122,0.0,0.0
2024-08-29 00:00:00+09:00,106834.4747753744,107287.16322781243,105023.7209656223,105325.515625,6369,0.0,0.0
2024-08-30 00:00:00+09:00,104118.35474604602,104721.9370534879,103665.66624715018,103967.4609375,7815,0.0,0.0
2024-09-02 00:00:00+09:00,104118.3515625,104571.04004755434,103816.55688137791,104118.3515625,5466,0.0,0.0
2024-09-03 00:00:00+09:00,104420.1472358457,104420.1472358457,103514.77025713392,103665.6640625,3501,0.0,0.0
2024-09-04 00:00:00+09:00,103212.97389187191,103363.86769478003,101854.90844592622,102156.703125,10161,0.0,0.0
2024-09-05 00:00:00+09:00,102156.70757362727,102760.28988480153,101100.4296875,101100.4296875,6504,0.0,0.0
2024-09-06 00:00:00+09:00,101854.91288141122,101854.91288141122,100647.74118580484,101100.4296875,5862,0.0,0.0
2024-09-09 00:00:00+09:00,100345.94628132817,100798.63475015633,99742.35694071907,99893.2578125,5235,0.0,0.0
2024-09-10 00:00:00+09:00,100345.94214519604,102156.6959458717,100044.14748733108,100496.8359375,7059,0.0,0.0
2024-09-11 00:00:00+09:00,99742.36235520671,99742.36235520671,97931.60838159776,98384.296875,12963,0.0,0.0
2024-09-12 00:00:00+09:00,98535.19775497256,99591.46854849187,97780.71457488292,98384.296875,7302,0.0,0.0
2024-09-13 00:00:00+09:00,97478.91988819554,98686.0915616874,97478.91988819554,98384.296875,10737,0.0,0.0
2024-09-17 00:00:00+09:00,98233.40306828516,99138.78005508964,97478.91988819554,98384.296875,9447,0.0,0.0
2024-09-18 00:00:00+09:00,98082.51359816542,99591.47295180372,97931.61271152098,98987.890625,5424,0.0,0.0
2024-09-19 00:00:00+09:00,98535.18941012904,99138.77165912936,97629.8125,97629.8125,8010,0.0,0.0
2024-09-20 00:00:00+09:00,98384.296875,99742.36235520671,98384.296875,98384.296875,19728,0.0,0.0
2024-09-24 00:00:00+09:00,99440.57913841729,99591.47295180372,98535.20211158271,98987.890625,7809,0.0,0.0
2024-09-25 00:00:00+09:00,99440.56714231678,100195.04319149004,98836.97781506958,99591.4609375,10275,0.0,0.0
2024-09-26 00:00:00+09:00,99440.57612559627,100496.8469338147,99289.67524352377,100345.953125,4767,0.0,0.0
2024-09-27 00:00:00+09:00,100798.64206854178,101402.22437971605,100195.05268410967,101100.4296875,5673,0.0,0.0
2024-09-30 00:00:00+09:00,99591.46287270643,100044.15134030963,98535.1921393847,98686.0859375,10344,0.0,0.0
2024-10-01 00:00:00+09:00,99289.67307588244,100044.15625,98535.19697502253,100044.15625,9117,0.0,0.0
2024-10-02 00:00:00+09:00,99138.77807130458,99742.36035934386,98686.08958696072,99289.671875,6306,0.0,0.0
2024-10-03 00:00:00+09:00,99440.5703125,100195.04638572608,99289.66943924887,99440.5703125,7803,0.0,0.0
2024-10-04 00:00:00+09:00,100798.63475015633,100798.63475015633,99893.2578125,99893.2578125,7152,0.0,0.0
2024-10-07 00:00:00+09:00,100044.15258573234,100345.94725897722,99138.77563925512,99440.5703125,5787,0.0,0.0
2024-10-08 00:00:00+09:00,99440.572751953,99893.26123629685,98987.88426760914,99289.671875,5361,0.0,0.0
2024-10-09 00:00:00+09:00,99138.77563925512,100195.04638572608,99138.77563925512,99440.5703125,5073,0.0,0.0
2024-10-10 00:00:00+09:00,99138.77440510322,99440.56907459113,98686.0859375,98686.0859375,6819,0.0,0.0
2024-10-11 00:00:00+09:00,98836.97098224016,99289.65940975158,98686.07719748859,99138.765625,3339,0.0,0.0
2024-10-15 00:00:00+09:00,100044.14662987781,100044.14662987781,98535.1875,98535.1875,5760,0.0,0.0
2024-10-16 00:00:00+09:00,98384.30006160219,99138.78326612903,97931.61155353767,98233.40625,5496,0.0,0.0
2024-10-17 00:00:00+09:00,98836.984375,99289.6728638523,98384.2958861477,98836.984375,3783,0.0,0.0
2024-10-18 00:00:00+09:00,99138.78443838643,99440.57913841729,98686.09592496914,98987.890625,5097,0.0,0.0
2024-10-21 00:00:00+09:00,98836.98973835555,99138.78443838643,98233.40741155185,98987.890625,2880,0.0,0.0
2024-10-22 00:00:00+09:00,98535.1987544975,98535.1987544975,97780.71556675452,97931.609375,6846,0.0,0.0
2024-10-23 00:00:00+09:00,97780.70900229357,99138.77440510322,97478.91433280567,98686.0859375,8064,0.0,0.0
2024-10-24 00:00:00+09:00,98384.29321516419,98836.98169172669,97780.7109375,97780.7109375,5127,0.0,0.0
2024-10-25 00:00:00+09:00,98082.50926157032,98686.0915616874,97629.82076816808,98384.296875,7317,0.0,0.0
2024-10-28 00:00:00+09:00,97780.70034246576,99138.765625,97478.90569970592,99138.765625,5151,0.0,0.0
2024-10-29 00:00:00+09:00,99138.77905865408,99289.6728638523,98384.2958861477,98836.984375,3909,0.0,0.0
2024-10-30 00:00:00+09:00,98836.97508202138,99289.66352831043,98535.1875,98535.1875,3543,0.0,0.0
2024-10-31 00:00:00+09:00,98384.28758493299,98836.97603558951,97478.91068361994,98082.5,7683,0.0,0.0
2024-11-01 00:00:00+09:00,98082.49905371097,99138.76973729974,97931.5981894433,98535.1875,5469,0.0,0.0
2024-11-05 00:00:00+09:00,98535.18941012904,98686.08320406484,97026.22317774256,97629.8125,5442,0.0,0.0
2024-11-06 00:00:00+09:00,97629.81330708951,99591.4609375,97629.81330708951,99591.4609375,5448,0.0,0.0
2024-11-07 00:00:00+09:00,99289.6748689827,99289.6748689827,97931.609375,97931.609375,5148,0.0,0.0
2024-11-08 00:00:00+09:00,98233.40406474876,98686.09256274298,97478.92087700577,97931.609375,5403,0.0,0.0
2024-11-11 00:00:00+09:00,98082.51025650327,98384.29787299424,97629.82175850903,97931.609375,4821,0.0,0.0
2024-11-12 00:00:00+09:00,97931.60739729539,98987.88525345585,97780.71359209718,98836.984375,3156,0.0,0.0
2024-11-13 00:00:00+09:00,98384.28854293612,98686.08320406484,97629.8125,97629.8125,4908,0.0,0.0
2024-11-14 00:00:00+09:00,97629.81590581364,97931.6035042131,96573.53809164347,97026.2265625,6513,0.0,0.0
2024-11-15 00:00:00+09:00,97478.91626203919,98233.3994140625,97478.91626203919,97780.7109375,4983,0.0,0.0
2024-11-18 00:00:00+09:00,98082.50561296081,98384.29321516419,97478.91626203919,97780.7109375,4614,0.0,0.0
2024-11-19 00:00:00+09:00,97478.92304547316,98535.20094646231,97328.02923387097,98233.40625,4212,0.0,0.0
2024-11-20 00:00:00+09:00,98384.30122493827,99440.57913841729,98233.40741155185,98987.890625,6096,0.0,0.0
2024-11-21 00:00:00+09:00,99138.77247869318,100195.04319149004,98836.97781506958,99591.4609375,6999,0.0,0.0
2024-11-22 00:00:00+09:00,99591.46459882024,100345.94774898802,99289.66992410163,100195.046875,9228,0.0,0.0
2024-11-25 00:00:00+09:00,99893.26462529814,101402.22393321843,99893.26462529814,100345.953125,11643,0.0,0.0
2024-11-26 00:00:00+09:00,100496.84007985178,100647.7338783754,99591.46314219545,99893.2578125,7011,0.0,0.0
2024-11-27 00:00:00+09:00,99440.5703125,99893.25878573861,98686.08716601651,99440.5703125,16137,0.0,0.0
2024-11-28 00:00:00+09:00,99223.18271434859,100775.96875,99223.18271434859,100775.96875,9981,3100.0,0.0
2024-11-29 00:00:00+09:00,100620.6886682243,100620.6886682243,99689.015625,99689.015625,5493,0.0,0.0
2024-12-02 00:00:00+09:00,99689.015625,100620.6886682243,99378.45551769335,99689.015625,6600,0.0,0.0
2024-12-03 00:00:00+09:00,100465.40983505525,100931.24634545164,98912.6166146036,99378.453125,9021,0.0,0.0
2024-12-04 00:00:00+09:00,99689.01920824306,99999.57932671254,98757.3461315305,99067.90625,5247,0.0,0.0
2024-12-05 00:00:00+09:00,99067.90565195585,99844.29502539885,98757.34553536112,99533.7421875,6090,0.0,0.0
2024-12-06 00:00:00+09:00,99689.00891804245,100154.84540831367,98757.3359375,98757.3359375,4890,0.0,0.0
2024-12-09 00:00:00+09:00,98757.35106893377,98912.62749658365,96583.44468835408,97049.28125,8115,0.0,0.0
2024-12-10 00:00:00+09:00,97204.55951853658,97670.39605412271,96583.43928529117,97359.8359375,4815,0.0,0.0
2024-12-11 00:00:00+09:00,97515.11473605144,98136.23498445358,96894.00176634535,97670.3984375,4098,0.0,0.0
2024-12-12 00:00:00+09:00,98136.23498445358,98291.5114072061,97204.56189054642,97670.3984375,4707,0.0,0.0
2024-12-13 00:00:00+09:00,97670.39248591862,98136.22900448629,97049.27227536467,97980.9453125,9933,0.0,0.0
2024-12-16 00:00:00+09:00,97980.93991184093,98446.77640473194,97670.38710237708,98291.5,5178,0.0,0.0
2024-12-17 00:00:00+09:00,97670.3911999342,98602.06422480258,97204.5546875,97204.5546875,9258,0.0,0.0
2024-12-18 00:00:00+09:00,98136.23807963797,98446.79093493774,96583.44468835408,97049.28125,8643,0.0,0.0
2024-12-19 00:00:00+09:00,96428.15864696633,97670.39178040548,96428.15864696633,96738.71875,6861,0.0,0.0
2024-12-20 00:00:00+09:00,97670.39783093939,98602.07091906061,97670.39783093939,98136.234375,9138,0.0,0.0
2024-12-23 00:00:00+09:00,98291.50899981696,99999.57872304416,98291.50899981696,99533.7421875,4785,0.0,0.0
2024-12-24 00:00:00+09:00,99533.73624314797,100154.84916054746,99378.45255477652,99844.2890625,3477,0.0,0.0
2024-12-25 00:00:00+09:00,100310.12256627876,100465.40625,99844.28607250549,100465.40625,3078,0.0,0.0
2024-12-26 00:00:00+09:00,100775.96276394402,101552.359375,100310.12625304952,101552.359375,6372,0.0,0.0
2024-12-27 00:00:00+09:00,102484.03608368088,103105.1490276531,101552.36302837469,102639.3125,8031,0.0,0.0
2024-12-30 00:00:00+09:00,102794.59191919224,103105.14473891279,102018.1953125,102018.1953125,6306,0.0,0.0
2025-01-06 00:00:00+09:00,102794.59317353938,103570.98251101005,102639.30948308883,103260.4296875,8160,0.0,0.0
2025-01-07 00:00:00+09:00,103105.15141992187,103415.71153846153,102484.03846153845,102949.875,5655,0.0,0.0
2025-01-08 00:00:00+09:00,102794.59619501486,103260.43272266796,102639.3125,102639.3125,5253,0.0,0.0
2025-01-09 00:00:00+09:00,102173.47834299879,103415.71153846153,101862.92550315504,102949.875,5469,0.0,0.0
2025-01-10 00:00:00+09:00,102949.86775568181,103260.42785236816,102173.47115331366,102484.03125,5646,0.0,0.0
2025-01-14 00:00:00+09:00,103415.71578659213,103415.71578659213,101707.64598250344,101862.9296875,7284,0.0,0.0
2025-01-15 00:00:00+09:00,102328.76379812663,103726.2734375,102018.20367425609,103726.2734375,8724,0.0,0.0
2025-01-16 00:00:00+09:00,103881.54628208706,104813.21934291294,103415.7097516741,104347.3828125,8829,0.0,0.0
2025-01-17 00:00:00+09:00,104347.37334801762,105744.8828125,103881.53685985682,105744.8828125,9474,0.0,0.0
2025-01-20 00:00:00+09:00,104657.93469395941,104813.21109898543,100465.40625,100465.40625,16515,0.0,0.0
2025-01-21 00:00:00+09:00,100775.96809648717,101552.36474862606,98602.06911641169,99533.7421875,12912,0.0,0.0
2025-01-22 00:00:00+09:00,99533.73805508988,100620.6875,99378.45436389161,100620.6875,9300,0.0,0.0
2025-01-23 00:00:00+09:00,100620.69293296956,100931.2530534391,99999.57997072641,100310.1328125,5058,0.0,0.0
2025-01-24 00:00:00+09:00,100620.68578767123,102639.30823063652,100620.68578767123,102018.1953125,6447,0.0,0.0
2025-01-27 00:00:00+09:00,102484.04022071388,104036.8262826745,102484.04022071388,103726.2734375,7779,0.0,0.0
2025-01-28 00:00:00+09:00,103726.26448747386,105434.3268246415,103726.26448747386,104657.9375,8637,0.0,0.0
2025-01-29 00:00:00+09:00,105279.05707079373,106210.73014221668,105123.78065178852,105589.6171875,5934,0.0,0.0
2025-01-30 00:00:00+09:00,105434.32625419823,105744.8863495918,104813.21334210642,105123.7734375,7857,0.0,0.0
2025-01-31 00:00:00+09:00,105589.61239270767,105589.61239270767,104657.93936359171,104968.4921875,6663,0.0,0.0
2025-02-03 00:00:00+09:00,105279.05099014878,105589.61108891791,103726.26505369403,104192.1015625,5964,0.0,0.0
2025-02-04 00:00:00+09:00,104502.65567294203,105589.61239270767,103726.26633447575,104968.4921875,5484,0.0,0.0
2025-02-05 00:00:00+09:00,104968.50061445571,105434.33716641142,104347.38763808014,104502.6640625,5706,0.0,0.0
2025-02-06 00:00:00+09:00,104968.4921875,105744.88880466182,104657.93936359171,104968.4921875,4806,0.0,0.0
2025-02-07 00:00:00+09:00,104813.21262668919,104813.21262668919,103415.703125,103415.703125,5169,0.0,0.0
2025-02-10 00:00:00+09:00,103415.70796045043,103881.5444827948,102639.31133031125,103570.984375,5889,0.0,0.0
2025-02-12 00:00:00+09:00,102949.87143810606,104502.65741968874,102794.59502355648,103570.984375,9753,0.0,0.0
2025-02-13 00:00:00+09:00,103726.26633447575,105123.7758781497,103726.26633447575,104968.4921875,7344,0.0,0.0
2025-02-14 00:00:00+09:00,104968.48678837005,106055.4434522273,104813.21038440266,105279.046875,6129,0.0,0.0
2025-02-17 00:00:00+09:00,105434.32272749442,106210.71930066078,105279.0463243392,105744.8828125,4113,0.0,0.0
2025-02-18 00:00:00+09:00,105900.15976956474,106365.99626016208,105279.046875,105279.046875,4161,0.0,0.0
2025-02-19 00:00:00+09:00,105434.33533115294,106055.45557541301,104813.22236558885,105900.171875,7977,0.0,0.0
2025-02-20 00:00:00+09:00,105900.17002551041,105900.17002551041,105123.78065178852,105589.6171875,3120,0.0,0.0
2025-02-21 00:00:00+09:00,105744.88336559734,105744.88336559734,104657.93398043525,105279.046875,5736,0.0,0.0
2025-02-25 00:00:00+09:00,104813.21875,105589.61538919488,104347.38222222222,104813.21875,7428,0.0,0.0
2025-02-26 00:00:00+09:00,105900.17371836714,105900.17371836714,103260.43810974884,104502.6640625,12588,0.0,0.0
2025-02-27 00:00:00+09:00,104036.81915838404,104968.4921875,103726.26633447575,104968.4921875,6720,0.0,0.0
2025-02-28 00:00:00+09:00,104813.22236558885,105900.171875,103570.98915576469,105900.171875,21684,0.0,0.0
2025-03-03 00:00:00+09:00,105900.15976956474,106055.4434522273,104347.3738938053,105279.046875,6678,0.0,0.0
2025-03-04 00:00:00+09:00,105434.3230734465,105434.3230734465,103105.140625,103105.140625,6273,0.0,0.0
2025-03-05 00:00:00+09:00,103105.1471587181,103881.54378363183,102328.7578125,102328.7578125,7620,0.0,0.0
2025-03-06 00:00:00+09:00,102949.86662443694,103726.26321827382,102949.86662443694,103415.703125,5967,0.0,0.0
2025-03-07 00:00:00+09:00,103105.1471587181,103415.70726442272,102018.19770679538,102328.7578125,7356,0.0,0.0
2025-03-10 00:00:00+09:00,102173.47172236028,103260.4284274685,102018.1953125,102018.1953125,5277,0.0,0.0
2025-03-11 00:00:00+09:00,102173.47172236028,103415.70483732877,101862.91890263974,102018.1953125,7539,0.0,0.0
2025-03-12 00:00:00+09:00,102018.19955602779,103260.43272266796,102018.19955602779,102639.3125,5316,0.0,0.0
2025-03-13 00:00:00+09:00,102639.3041353107,104036.81360437859,102484.02773164598,103105.140625,6060,0.0,0.0
2025-03-14 00:00:00+09:00,102949.87676717168,103726.2734375,102949.87676717168,103726.2734375,7254,0.0,0.0
2025-03-17 00:00:00+09:00,103881.55169966305,104192.1118290331,103570.99157029299,104036.828125,3408,0.0,0.0
2025-03-18 00:00:00+09:00,104036.82211080512,104813.21875,103881.54569444444,104813.21875,6273,0.0,0.0
2025-03-19 00:00:00+09:00,104657.94411607705,105589.6171875,104347.38399937077,105589.6171875,7632,0.0,0.0
2025-03-21 00:00:00+09:00,105900.16883606373,106676.56547976118,105589.61600154139,106521.2890625,10272,0.0,0.0
2025-03-24 00:00:00+09:00,106055.45497083629,107297.68089488306,105900.17127130847,106366.0078125,6618,0.0,0.0
2025-03-25 00:00:00+09:00,106210.7265625,107297.67601629371,106210.7265625,106210.7265625,5073,0.0,0.0
2025-03-26 00:00:00+09:00,106521.28255741124,107297.671875,105900.16236890582,107297.671875,5172,0.0,0.0
2025-03-27 00:00:00+09:00,107297.67131290893,108384.62799775161,107297.67131290893,107763.5078125,5175,0.0,0.0
2025-03-28 00:00:00+09:00,107608.23140553474,108074.0679051258,106831.83481331788,107763.5078125,5019,0.0,0.0
2025-03-31 00:00:00+09:00,106676.56667792816,107452.9633303459,105589.6171875,105589.6171875,6336,0.0,0.0
2025-04-01 00:00:00+09:00,106210.72954312935,106676.56607621325,105434.3328950909,106055.453125,4446,0.0,0.0
2025-04-02 00:00:00+09:00,106365.99983716762,106365.99983716762,103881.5408966631,104657.9375,5070,0.0,0.0
2025-04-03 00:00:00+09:00,102639.31369391007,103881.546875,102328.76085765945,103881.546875,5511,0.0,0.0
2025-04-04 00:00:00+09:00,102949.8738088565,103881.546875,102484.03727578475,103881.546875,6162,0.0,0.0
2025-04-07 00:00:00+09:00,99999.57514910008,102328.75774357683,97825.66896802325,100154.8515625,10884,0.0,0.0
2025-04-08 00:00:00+09:00,101086.52409633393,103570.98309182457,100775.96399238677,102794.59375,8478,0.0,0.0
2025-04-09 00:00:00+09:00,102484.03182077626,102949.86832905251,101241.79870580776,102018.1953125,8868,0.0,0.0
2025-04-10 00:00:00+09:00,103105.14612926808,106055.44890726566,102173.47310015211,104968.4921875,7959,0.0,0.0
2025-04-11 00:00:00+09:00,103726.26099924056,105744.88336559734,103570.977316578,105279.046875,5832,0.0,0.0
2025-04-14 00:00:00+09:00,105900.15976956474,106521.27994282464,105279.046875,105279.046875,5196,0.0,0.0
2025-04-15 00:00:00+09:00,105900.16822191623,105900.16822191623,104192.10580586155,104813.21875,4338,0.0,0.0
2025-04-16 00:00:00+09:00,104968.48975045553,105589.6099412427,104347.37683836372,105123.7734375,3807,0.0,0.0
2025-04-17 00:00:00+09:00,105589.60640934478,106055.44289750556,104657.9334330232,105744.8828125,5568,0.0,0.0
2025-04-18 00:00:00+09:00,105900.17002551041,106210.73014221668,105434.33348979893,105589.6171875,3132,0.0,0.0
2025-04-21 00:00:00+09:00,105279.04984584912,105744.8863495918,104813.21334210642,105123.7734375,3501,0.0,0.0
2025-04-22 00:00:00+09:00,104968.49519331413,106987.125,104968.49519331413,106987.125,3486,0.0,0.0
2025-04-23 00:00:00+09:00,106831.83949628274,107297.67601629371,106055.45014872823,106210.7265625,4566,0.0,0.0
2025-04-24 00:00:00+09:00,106210.71930066078,106365.995703816,105434.32272749442,105744.8828125,3585,0.0,0.0
2025-04-25 00:00:00+09:00,105900.15921565522,106055.44289750556,105123.76992118398,105744.8828125,5412,0.0,0.0
2025-04-28 00:00:00+09:00,105589.60640934478,106210.71930066078,105123.76992118398,105744.8828125,5229,0.0,0.0
2025-04-30 00:00:00+09:00,105744.89485047662,106521.29151202782,105434.33473011694,106366.0078125,6768,0.0,0.0
2025-05-01 00:00:00+09:00,106521.2849388581,107918.79447619575,105900.16473646657,107608.234375,5106,0.0,0.0
2025-05-02 00:00:00+09:00,108074.07455522488,109005.74761173544,107297.67791523416,108695.1875,6105,0.0,0.0
2025-05-07 00:00:00+09:00,109471.58413999072,109626.86055651057,108074.07455522488,108695.1875,7695,0.0,0.0
2025-05-08 00:00:00+09:00,108850.46808519923,109005.7444972826,107142.3984375,107142.3984375,6861,0.0,0.0
2025-05-09 00:00:00+09:00,107918.7927685573,109005.7421875,107763.50908106877,109005.7421875,8412,0.0,0.0
2025-05-12 00:00:00+09:00,109626.85879174373,110092.6953125,109005.74585696725,110092.6953125,7095,0.0,0.0
2025-05-13 00:00:00+09:00,110092.69648896855,110092.69648896855,108539.9104960862,109161.0234375,9546,0.0,0.0
2025-05-14 00:00:00+09:00,108850.46875,109471.58168082245,108229.34854048197,108850.46875,5793,0.0,0.0
2025-05-15 00:00:00+09:00,109005.7421875,109626.85510136791,108384.62927363208,109005.7421875,5622,0.0,0.0
2025-05-16 00:00:00+09:00,109471.58168082245,109471.58168082245,108539.90864524098,108850.46875,5616,0.0,0.0
2025-05-19 00:00:00+09:00,108539.91951084827,108850.47964669653,107763.52281057576,108229.359375,5007,0.0,0.0
2025-05-20 00:00:00+09:00,108539.91040372312,109005.74692906099,107452.9609375,107452.9609375,4944,0.0,0.0
2025-05-21 00:00:00+09:00,108074.07270607825,108695.18564022613,107608.23618579343,108384.6328125,5271,0.0,0.0
2025-05-22 00:00:00+09:00,108074.07270607825,108539.90922636307,107452.95977193037,108384.6328125,6228,0.0,0.0
2025-05-23 00:00:00+09:00,108074.08294642402,109005.75607527251,108074.08294642402,108229.359375,3915,0.0,0.0
2025-05-26 00:00:00+09:00,108850.47119521559,109316.30772347088,108384.63466696032,108695.1875,3942,0.0,0.0
2025-05-27 00:00:00+09:00,108850.4759513902,109937.42547191438,108695.19224938954,109316.3125,4890,0.0,0.0
2025-05-28 00:00:00+09:00,109316.30115504534,110403.25056276484,109161.01746916019,109937.4140625,14259,0.0,0.0
2025-05-29 00:00:00+09:00,109746.38837256494,111370.13824404763,109364.3295792749,110319.4765625,9963,2900.0,3.0
2025-05-30 00:00:00+09:00,111274.61979392919,111943.22265964378,109555.35528209167,109937.4140625,8673,0.0,0.0
2025-06-02 00:00:00+09:00,109937.421031491,111847.71505462726,109650.87692802057,111465.65625,6148,0.0,0.0
2025-06-03 00:00:00+09:00,111274.62052623194,112802.85565792269,110892.56174330926,112420.796875,6483,0.0,0.0
2025-06-04 00:00:00+09:00,112325.28495762713,113471.46133474576,112134.25556144067,112707.34375,5271,0.0,0.0
2025-06-05 00:00:00+09:00,112229.76786382592,112611.8266480432,111561.16499144568,111656.6796875,5090,0.0,0.0
2025-06-06 00:00:00+09:00,111847.71330372251,112898.375,111656.68390439932,112898.375,2888,0.0,0.0
2025-06-09 00:00:00+09:00,112611.83038283249,112898.37448049872,112038.7421875,112038.7421875,3590,0.0,0.0
2025-06-10 00:00:00+09:00,112038.74178397545,113471.46226714649,111847.71238621931,112802.859375,3810,0.0,0.0
2025-06-11 00:00:00+09:00,112993.89204604988,114235.58316743505,112802.86264275985,113949.0390625,4918,0.0,0.0
2025-06-12 00:00:00+09:00,114044.55376414502,114235.58316743505,113662.49495756497,113949.0390625,6295,0.0,0.0
2025-06-13 00:00:00+09:00,114617.63929163215,115477.27158631939,113758.00699694491,115286.2421875,10388,0.0,0.0
2025-06-16 00:00:00+09:00,115477.26972899378,116336.90200985478,114617.63744813278,115095.2109375,4252,0.0,0.0
2025-06-17 00:00:00+09:00,114713.15227981792,116909.99033346973,114713.15227981792,116718.9609375,5147,0.0,0.0
2025-06-18 00:00:00+09:00,116145.86625514402,116814.46910365226,115954.83686985596,116050.3515625,3227,0.0,0.0
2025-06-19 00:00:00+09:00,116050.36122380855,116623.4494273829,115668.30242142563,116241.390625,4195,0.0,0.0
2025-06-20 00:00:00+09:00,116432.4140625,116718.95814961033,115572.781801169,116432.4140625,7779,0.0,0.0
2025-06-23 00:00:00+09:00,116432.41090941585,117483.07253370098,115763.80805759804,116909.984375,4865,0.0,0.0
2025-06-24 00:00:00+09:00,117483.07588743932,118724.76693340413,117483.07588743932,118056.1640625,4863,0.0,0.0
2025-06-25 00:00:00+09:00,117960.65582889179,119011.31754072808,117960.65582889179,118724.7734375,4828,0.0,0.0
2025-06-26 00:00:00+09:00,118533.73401846478,119679.91033451763,118247.18993945156,119297.8515625,4818,0.0,0.0
2025-06-27 00:00:00+09:00,119393.3694232315,119488.88411877009,118247.19307676848,118820.28125,4666,0.0,0.0
2025-06-30 00:00:00+09:00,118438.22229013854,119011.31046251018,117101.01655460472,117196.53125,7540,0.0,0.0
2025-07-01 00:00:00+09:00,117005.504636687,117578.5928226626,116527.93114837397,117483.078125,3269,0.0,0.0
2025-07-02 00:00:00+09:00,117769.6149742736,118820.27658393866,117005.49743997175,118342.703125,3994,0.0,0.0
2025-07-03 00:00:00+09:00,118724.77251283212,119106.83131416062,118342.71371150362,118629.2578125,5098,0.0,0.0
2025-07-04 00:00:00+09:00,118629.25371187802,119106.8271970305,118438.22431781702,119011.3125,3460,0.0,0.0
2025-07-07 00:00:00+09:00,119011.31487420446,120061.9765625,118724.77077739658,120061.9765625,3722,0.0,0.0
2025-07-08 00:00:00+09:00,119870.94290092443,119870.94290092443,118342.70777230707,118820.28125,5717,0.0,0.0
2025-07-09 00:00:00+09:00,118820.28069331983,119106.82477859312,117960.6484375,117960.6484375,5914,0.0,0.0
2025-07-10 00:00:00+09:00,118342.71000984451,118629.25410187803,117865.13652312197,118247.1953125,4067,0.0,0.0
2025-07-11 00:00:00+09:00,118820.28495592948,119202.34375,118342.71146334134,119202.34375,5171,0.0,0.0
2025-07-14 00:00:00+09:00,119202.34243027888,119870.9453125,118629.25424551792,119870.9453125,4435,0.0,0.0
2025-07-15 00:00:00+09:00,119584.4044988161,121399.1838003157,119202.34569850039,121017.125,6151,0.0,0.0
2025-07-16 00:00:00+09:00,120539.54427899687,122258.80877742947,120444.0295846395,121876.75,8782,0.0,0.0
2025-07-17 00:00:00+09:00,122831.89657564253,124933.21984521029,122163.2937171437,122640.8671875,7977,0.0,0.0
2025-07-18 00:00:00+09:00,121590.2155528658,122927.42137984154,121112.64204323161,122067.7890625,7912,0.0,0.0
2025-07-22 00:00:00+09:00,122640.87168337265,122736.38638094536,121208.15121978185,121494.6953125,3912,0.0,0.0
2025-07-23 00:00:00+09:00,121112.63059262167,122545.35098606751,121112.63059262167,121685.71875,6533,0.0,0.0
2025-07-24 00:00:00+09:00,122163.29632750984,122545.35511195866,120635.06118971456,121303.6640625,5009,0.0,0.0
2025-07-25 00:00:00+09:00,121303.66499065697,121685.72377802912,120826.09150644178,121399.1796875,3353,0.0,0.0
2025-07-28 00:00:00+09:00,121399.17930267788,123213.95853694293,121399.17930267788,122163.296875,4467,0.0,0.0
2025-07-29 00:00:00+09:00,122258.8052754073,123118.4375,122067.77589216447,123118.4375,6046,0.0,0.0
2025-07-30 00:00:00+09:00,123596.01840786429,124551.16538164996,122927.41552621433,123882.5625,29570,0.0,0.0
2025-07-31 00:00:00+09:00,123691.53721360209,124264.62541690835,123118.44901029582,123500.5078125,7668,0.0,0.0
2025-08-01 00:00:00+09:00,123213.95869502315,123787.046875,121494.69415509258,123787.046875,6345,0.0,0.0
2025-08-04 00:00:00+09:00,123787.0418591224,124169.10063029254,123213.9537023672,124073.5859375,4596,0.0,0.0
2025-08-05 00:00:00+09:00,124169.10212948815,125028.734375,123978.07274159664,125028.734375,4897,0.0,0.0
2025-08-06 00:00:00+09:00,124837.71053944867,125697.34282319392,124551.16644486692,125601.828125,4818,0.0,0.0
2025-08-07 00:00:00+09:00,126079.39788329518,126174.91257866131,124551.16275743707,125219.765625,5202,0.0,0.0
2025-08-08 00:00:00+09:00,124551.16275743707,125219.765625,123787.045194508,125219.765625,7166,0.0,0.0
2025-08-12 00:00:00+09:00,125792.85120283019,126652.48344339622,125124.24834905661,126556.96875,5884,0.0,0.0
2025-08-13 00:00:00+09:00,126556.97284845762,126652.48754494701,125506.3111870742,126174.9140625,5571,0.0,0.0
2025-08-14 00:00:00+09:00,126079.40161596957,126556.97510693916,125028.7399358365,125601.828125,5089,0.0,0.0
2025-08-15 00:00:00+09:00,125601.82495857008,126079.3984375,124742.19269649622,126079.3984375,4267,0.0,0.0
2025-08-18 00:00:00+09:00,125697.34386721681,127416.60844898724,125697.34386721681,127321.09375,5037,0.0,0.0
2025-08-19 00:00:00+09:00,127416.60804670023,128085.2109375,127130.06395064318,128085.2109375,3155,0.0,0.0
2025-08-20 00:00:00+09:00,128180.72799556213,129135.875,127607.63979289941,129135.875,4573,0.0,0.0
2025-08-21 00:00:00+09:00,128849.32254048772,129135.86662323157,128276.234375,128276.234375,3458,0.0,0.0
2025-08-22 00:00:00+09:00,128467.27393371493,129422.42095180946,128276.24453009601,129326.90625,3563,0.0,0.0
2025-08-25 00:00:00+09:00,129995.50730399408,129995.50730399408,128467.27209689349,129135.875,3949,0.0,0.0
2025-08-26 00:00:00+09:00,129231.38131747952,129422.41070597543,128276.234375,128276.234375,7428,0.0,0.0
2025-08-27 00:00:00+09:00,128753.8144659839,130568.59375,128467.27036850767,130568.59375,6314,0.0,0.0
2025-08-28 00:00:00+09:00,130282.04819915254,130377.56289724576,129326.90121822034,129613.4453125,6248,0.0,0.0
2025-08-29 00:00:00+09:00,129708.96505723782,129899.99446085672,128849.33274095274,129326.90625,9556,0.0,0.0
2025-09-01 00:00:00+09:00,129135.8718220339,129613.4453125,128467.26893538136,129613.4453125,4280,0.0,0.0
2025-09-02 00:00:00+09:00,129804.4696806066,129899.984375,128944.83743106617,129899.984375,4727,0.0,0.0
2025-09-03 00:00:00+09:00,129899.98738789238,129899.98738789238,126843.51709641256,127798.6640625,5207,0.0,0.0
2025-09-04 00:00:00+09:00,127798.65882269638,127798.65882269638,125124.24742730364,126461.453125,7466,0.0,0.0
2025-09-05 00:00:00+09:00,126461.45908188351,126652.48847626701,125601.82680715772,126270.4296875,6878,0.0,0.0
2025-09-08 00:00:00+09:00,126270.43022163787,127225.5771975958,126079.40082644629,127130.0625,5009,0.0,0.0
2025-09-09 00:00:00+09:00,127034.54741178118,128180.72377940627,126365.94453066654,127894.1796875,5382,0.0,0.0
2025-09-10 00:00:00+09:00,127416.59900083457,128753.8046875,127416.59900083457,128753.8046875,6266,0.0,0.0
2025-09-11 00:00:00+09:00,128467.2633986399,129517.92503238343,128467.2633986399,129040.3515625,3653,0.0,0.0
2025-09-12 00:00:00+09:00,129995.49557310634,131141.671875,129708.95149763292,131141.671875,9348,0.0,0.0
2025-09-16 00:00:00+09:00,130568.57564717595,132001.295935916,129899.97284576394,131905.78125,5138,0.0,0.0
2025-09-17 00:00:00+09:00,131141.67000592634,131619.24345824216,130282.03779175784,130950.640625,5582,0.0,0.0
2025-09-18 00:00:00+09:00,130950.6478868392,130950.6478868392,129422.41275468061,130091.015625,4055,0.0,0.0
2025-09-19 00:00:00+09:00,130473.07103009259,131046.1591898148,128658.29185763889,128944.8359375,15128,0.0,0.0
2025-09-22 00:00:00+09:00,129422.41591631356,130186.53350105933,129135.8718220339,129613.4453125,3305,0.0,0.0
2025-09-24 00:00:00+09:00,129422.41910133135,129804.47790310651,128849.33089866863,129135.875,3285,0.0,0.0
2025-09-25 00:00:00+09:00,129231.37814702337,129231.37814702337,128180.71653607195,128753.8046875,3663,0.0,0.0
2025-09-26 00:00:00+09:00,129231.38466904982,129517.92875922509,128658.29648869927,129422.4140625,3689,0.0,0.0
2025-09-29 00:00:00+09:00,129422.41013282421,129517.92482664918,127321.08686867503,127416.6015625,4364,0.0,0.0
2025-09-30 00:00:00+09:00,127512.11184179978,129040.34689009101,127321.08246076338,128562.7734375,4573,0.0,0.0
2025-10-01 00:00:00+09:00,129040.34689009101,129422.40565216383,126270.42086506315,128562.7734375,4880,0.0,0.0
2025-10-02 00:00:00+09:00,129422.4125813197,129804.47136384758,127416.60397304833,128467.265625,5506,0.0,0.0
2025-10-03 00:00:00+09:00,127703.14936589127,128276.23754554373,127130.06118623879,127798.6640625,2473,0.0,0.0
2025-10-06 00:00:00+09:00,128276.23088357301,129804.46594994469,128276.23088357301,129517.921875,2934,0.0,0.0
2025-10-07 00:00:00+09:00,129804.47790310651,129899.9926035503,128849.33089866863,129135.875,2740,0.0,0.0
2025-10-08 00:00:00+09:00,129899.98380829016,130568.58666612694,129040.3515625,129040.3515625,4041,0.0,0.0
2025-10-09 00:00:00+09:00,129135.87366629875,129804.4765625,128276.24137118286,129804.4765625,4222,0.0,0.0
2025-10-10 00:00:00+09:00,129135.86662323157,129422.41070597543,128276.234375,128276.234375,3300,0.0,0.0
2025-10-14 00:00:00+09:00,128180.72153810409,128849.32440752788,127225.57458178439,128467.265625,3950,0.0,0.0
2025-10-15 00:00:00+09:00,128467.2633986399,129708.95442033678,128467.2633986399,129040.3515625,3560,0.0,0.0
2025-10-16 00:00:00+09:00,129422.41367846662,130473.07533932502,128944.84019625826,130186.53125,2812,0.0,0.0
2025-10-17 00:00:00+09:00,130186.531790953,131046.1640625,130091.01709411443,131046.1640625,3838,0.0,0.0
2025-10-20 00:00:00+09:00,131141.68842112445,131428.23253275108,130473.08549399563,131237.203125,3547,0.0,0.0
2025-10-21 00:00:00+09:00,131523.722506336,131905.78125,131046.14907675597,131905.78125,3049,0.0,0.0
2025-10-22 00:00:00+09:00,131810.27772792534,133051.96875,131237.1895638909,133051.96875,6095,0.0,0.0
2025-10-23 00:00:00+09:00,132478.8724906317,133816.078125,131237.18154443256,133816.078125,6025,0.0,0.0
2025-10-24 00:00:00+09:00,133625.05691403447,133720.57160804022,132383.3658919598,133051.96875,5711,0.0,0.0
2025-10-27 00:00:00+09:00,133243.012885912,134771.24815915542,133051.98347675658,134580.21875,4167,0.0,0.0
2025-10-28 00:00:00+09:00,134198.146953405,134389.176344086,133051.970609319,133243.0,5193,0.0,0.0
2025-10-29 00:00:00+09:00,134007.11943002863,134007.11943002863,132669.9136766285,133434.03125,6827,0.0,0.0
2025-10-30 00:00:00+09:00,133434.02587890625,134866.74627130682,132956.45241477274,134484.6875,6459,0.0,0.0
2025-10-31 00:00:00+09:00,134675.71875,135821.89507978724,134293.65997340425,134675.71875,9088,0.0,0.0
2025-11-04 00:00:00+09:00,135153.29609975542,137445.64882512228,134293.66382774283,136681.53125,7833,0.0,0.0
2025-11-05 00:00:00+09:00,136872.5625,137159.10659455688,134675.72444173065,136872.5625,7890,0.0,0.0
2025-11-06 00:00:00+09:00,137063.5891062063,137254.61849868883,135630.86866258743,136586.015625,4093,0.0,0.0
2025-11-07 00:00:00+09:00,136299.48345459328,136681.54227296636,135726.39522703367,136203.96875,3965,0.0,0.0
2025-11-10 00:00:00+09:00,136490.51286377982,137350.14520511922,136203.96875,136203.96875,4794,0.0,0.0
2025-11-11 00:00:00+09:00,136586.02576335878,137636.6875,136586.02576335878,137636.6875,3226,0.0,0.0
2025-11-12 00:00:00+09:00,137159.1075226639,138018.73981215133,136968.078125,136968.078125,3609,0.0,0.0
2025-11-13 00:00:00+09:00,137159.1121438499,137541.17095205004,136872.5680376998,137445.65625,3440,0.0,0.0
2025-11-14 00:00:00+09:00,137445.64620458477,138018.734375,137063.58742430795,138018.734375,5633,0.0,0.0
2025-11-17 00:00:00+09:00,137541.16089965397,138018.734375,136586.01394896192,138018.734375,4323,0.0,0.0
2025-11-18 00:00:00+09:00,137636.6752192594,137923.21930368533,134771.234375,134771.234375,5514,0.0,0.0
2025-11-19 00:00:00+09:00,134866.73812676553,135630.85562323447,134389.16469147246,135248.796875,6097,0.0,0.0
2025-11-20 00:00:00+09:00,135726.3805842677,137350.1303871759,135439.83650140156,136299.46875,5056,0.0,0.0
2025-11-21 00:00:00+09:00,136299.4680245149,137827.703125,136108.43863695426,137827.703125,8368,0.0,0.0
2025-11-25 00:00:00+09:00,138018.73715901244,138973.884128971,137254.61958304557,138305.28125,6052,0.0,0.0
2025-11-26 00:00:00+09:00,138400.8042531743,139355.95128045641,138114.2601449897,139164.921875,13531,0.0,0.0
2025-11-27 00:00:00+09:00,139177.60924533196,141715.20941390042,138982.40923236514,141129.609375,11625,3113.0,0.0
2025-11-28 00:00:00+09:00,140153.60625871687,140641.60628050906,138982.40620641562,139958.40625,7953,0.0,0.0
2025-12-01 00:00:00+09:00,138884.7968417081,139665.59682395242,137323.19687721945,137420.796875,9759,0.0,0.0
2025-12-02 00:00:00+09:00,138104.0062544201,139470.40631630126,137030.40620579914,138006.40625,10393,0.0,0.0
2025-12-03 00:00:00+09:00,137811.1937233286,137811.1937233286,136444.7937855619,137225.59375,6985,0.0,0.0
2025-12-04 00:00:00+09:00,137225.6,137713.6,135664.0,136152.0,6022,0.0,0.0
2025-12-05 00:00:00+09:00,135859.19686599422,136347.19685473703,134980.7968862572,135468.796875,4999,0.0,0.0
2025-12-08 00:00:00+09:00,135761.6062142602,136542.40625,135078.40618298785,136542.40625,5670,0.0,0.0
2025-12-09 00:00:00+09:00,136151.99687051328,136151.99687051328,134395.19691089375,135956.796875,2970,0.0,0.0
2025-12-10 00:00:00+09:00,135566.4062053252,137225.60628127234,135468.80620085774,136542.40625,3825,0.0,0.0
2025-12-11 00:00:00+09:00,137225.60317926918,137420.8031837916,134200.0031091715,134883.203125,3466,0.0,0.0
2025-12-12 00:00:00+09:00,135078.39689519024,136444.7968637832,134785.5969019203,135956.796875,10678,0.0,0.0
2025-12-15 00:00:00+09:00,136151.99379889757,137323.19374555477,135761.59381667853,137225.59375,3895,0.0,0.0
2025-12-16 00:00:00+09:00,136932.8,138396.8,136640.0,137128.0,4244,0.0,0.0
2025-12-17 00:00:00+09:00,136835.20626340242,137030.40627233736,135664.00620979271,136542.40625,5013,0.0,0.0
2025-12-18 00:00:00+09:00,136347.2031138552,137420.80313837374,136054.40310716833,136835.203125,3863,0.0,0.0
2025-12-19 00:00:00+09:00,137616.00312057367,137908.80312721318,137128.0031095078,137811.203125,4319,0.0,0.0
2025-12-22 00:00:00+09:00,137908.79367388968,138299.19365598136,136151.99375447707,136249.59375,3101,0.0,0.0
2025-12-23 00:00:00+09:00,136542.40310723172,137518.40312944207,136152.00309834754,137323.203125,2539,0.0,0.0
2025-12-24 00:00:00+09:00,137713.59687942322,137908.796875,136835.19689932768,137908.796875,3046,0.0,0.0
2025-12-25 00:00:00+09:00,138104.0,138592.0,137713.6,138592.0,3050,0.0,0.0
2025-12-26 00:00:00+09:00,137908.79376324153,138787.19372351695,136835.19381179378,138201.59375,5757,0.0,0.0
2025-12-29 00:00:00+09:00,138104.00627661461,138201.6062810504,137225.6062366927,137518.40625,4289,0.0,0.0
2025-12-30 00:00:00+09:00,138201.59685724432,138884.7968417081,137420.796875,137420.796875,3395,0.0,0.0
2026-01-05 00:00:00+09:00,139079.99684846072,139079.99684846072,136737.59690153928,137908.796875,6031,0.0,0.0
2026-01-06 00:00:00+09:00,138104.00623238197,138592.00625440452,137518.4062059549,138494.40625,3656,0.0,0.0
2026-01-07 00:00:00+09:00,138591.99694597383,142007.99687069855,138103.99695672747,141812.796875,6659,0.0,0.0
2026-01-08 00:00:00+09:00,142398.39687285665,143471.99684927985,141812.79688571673,142300.796875,6898,0.0,0.0
2026-01-09 00:00:00+09:00,143081.5968792575,143959.99686009876,141910.39690480244,143276.796875,5256,0.0,0.0
2026-01-13 00:00:00+09:00,143472.0063187758,143667.20632737275,141617.60623710454,141910.40625,5135,0.0,0.0
2026-01-14 00:00:00+09:00,142691.19999999998,143472.0,142105.6,143472.0,6156,0.0,0.0
2026-01-15 00:00:00+09:00,143081.60934313392,143862.40939411963,142788.80932401426,143569.609375,4176,0.0,0.0
2026-01-16 00:00:00+09:00,143374.40618682615,144838.40625,143374.40618682615,144838.40625,6020,0.0,0.0
2026-01-19 00:00:00+09:00,147083.20960443575,147766.40964904826,142398.4092985214,143569.609375,7409,0.0,0.0
2026-01-20 00:00:00+09:00,145131.19999999998,145228.8,142788.8,142984.0,6559,0.0,0.0
2026-01-21 00:00:00+09:00,144057.6,145228.8,141812.8,142008.0,8201,0.0,0.0
2026-01-22 00:00:00+09:00,142007.99689208818,143959.99684936774,141910.3968942242,142788.796875,5485,0.0,0.0
2026-01-23 00:00:00+09:00,143081.60314430337,143667.20315717228,141422.40310784147,142203.203125,4557,0.0,0.0
2026-01-26 00:00:00+09:00,141519.9968598406,141715.19685550936,140251.19688799375,140836.796875,3982,0.0,0.0
2026-01-27 00:00:00+09:00,140641.609375,141324.8094205413,139860.80932295282,140641.609375,4324,0.0,0.0
2026-01-28 00:00:00+09:00,140446.4062068668,141422.40625,139860.8061809869,141422.40625,5763,0.0,0.0
2026-01-29 00:00:00+09:00,140641.60615181012,142886.40625,139860.8061176571,142886.40625,7802,0.0,0.0
2026-01-30 00:00:00+09:00,142788.8,142886.4,141032.0,141032.0,8931,0.0,0.0
2026-02-02 00:00:00+09:00,142398.4093943166,143374.40945870534,141617.60934280563,142105.609375,6063,0.0,0.0
2026-02-03 00:00:00+09:00,141910.40309730743,143862.4031399114,141617.60309091685,143179.203125,4907,0.0,0.0
2026-02-04 00:00:00+09:00,143667.19688768606,145033.59685808525,141910.39692574425,144252.796875,4896,0.0,0.0
2026-02-05 00:00:00+09:00,145131.20626263478,145521.60627948114,144057.60621630726,144838.40625,5260,0.0,0.0
2026-02-06 00:00:00+09:00,144545.6,144643.19999999998,142984.0,142984.0,4469,0.0,0.0
2026-02-09 00:00:00+09:00,143081.60934313392,143862.40939411963,142398.4092985214,143569.609375,4070,0.0,0.0
2026-02-10 00:00:00+09:00,144350.39686227086,144350.39686227086,143081.59688985065,143764.796875,2810,0.0,0.0
2026-02-12 00:00:00+09:00,142398.40622865438,142886.40625,142105.606215847,142886.40625,4108,0.0,0.0
2026-02-13 00:00:00+09:00,142398.40627149242,142593.6062800894,140641.60619411967,141910.40625,5202,0.0,0.0
2026-02-16 00:00:00+09:00,142300.8093238404,143081.609375,141520.00927268076,143081.609375,3332,0.0,0.0
2026-02-17 00:00:00+09:00,142788.8,142788.8,141617.6,142496.0,2826,0.0,0.0
2026-02-18 00:00:00+09:00,143472.0092120655,147083.20944393383,142984.00918073195,146009.609375,7071,0.0,0.0
2026-02-19 00:00:00+09:00,145814.40313971083,146009.6031439139,144350.40310818763,145131.203125,3232,0.0,0.0
2026-02-20 00:00:00+09:00,144447.99689180107,145619.19686659946,144057.5969002016,145228.796875,4966,0.0,0.0
2026-02-24 00:00:00+09:00,146107.19999999998,147376.0,145033.6,147376.0,5952,0.0,0.0
2026-02-25 00:00:00+09:00,147278.40311879962,147571.203125,146497.60310226522,147571.203125,5495,0.0,0.0
2026-02-26 00:00:00+09:00,147083.20311466602,147864.00313120038,146692.80310639882,147571.203125,4644,0.0,0.0
2026-02-27 00:00:00+09:00,147376.0063169344,147473.6063211178,145814.40625,145814.40625,7471,0.0,0.0
2026-03-02 00:00:00+09:00,145716.8,146888.0,144448.0,146888.0,5742,0.0,0.0
2026-03-03 00:00:00+09:00,145814.40631338742,145814.40631338742,144350.40625,144350.40625,4703,0.0,0.0
2026-03-04 00:00:00+09:00,142496.00312072504,144448.0031634747,141812.80310576266,142691.203125,7501,0.0,0.0
2026-03-05 00:00:00+09:00,144155.19690848963,146692.796854069,144057.5969105827,145716.796875,5022,0.0,0.0
2026-03-06 00:00:00+09:00,144838.4,145131.19999999998,143276.8,143472.0,4880,0.0,0.0
2026-03-09 00:00:00+09:00,140544.00927197802,142691.20941363325,140544.00927197802,142105.609375,5440,0.0,0.0
2026-03-10 00:00:00+09:00,142398.40627149242,143472.0063187758,141715.20624140304,141910.40625,6708,0.0,0.0
2026-03-11 00:00:00+09:00,142788.8,144545.6,142300.8,143960.0,3303,0.0,0.0
2026-03-12 00:00:00+09:00,142593.609375,142984.00940066736,142008.00933649897,142593.609375,3075,0.0,0.0
2026-03-13 00:00:00+09:00,142105.6094073053,142593.60943961062,141032.00933623363,141617.609375,9214,0.0,0.0
2026-03-16 00:00:00+09:00,140836.79691772044,143179.19686645592,140641.5969219925,142788.796875,5209,0.0,0.0
2026-03-17 00:00:00+09:00,142886.4,143764.8,142593.6,143472.0,3583,0.0,0.0
2026-03-18 00:00:00+09:00,143081.6,143960.0,142984.0,143960.0,3325,0.0,0.0
2026-03-19 00:00:00+09:00,143569.5968471365,143764.7968428498,142300.796875,142300.796875,6621,0.0,0.0
2026-03-23 00:00:00+09:00,142008.0,142203.19999999998,139860.8,141032.0,6175,0.0,0.0
2026-03-24 00:00:00+09:00,142788.8094200721,144057.60950377746,142105.609375,142105.609375,7696,0.0,0.0
2026-03-25 00:00:00+09:00,144057.6,144740.8,143276.8,143960.0,4539,0.0,0.0
2026-03-26 00:00:00+09:00,144155.19999999998,144155.19999999998,140641.6,141520.0,4974,0.0,0.0
2026-03-27 00:00:00+09:00,140544.0,141227.19999999998,140056.0,140544.0,4679,0.0,0.0
2026-03-30 00:00:00+09:00,139079.99368798724,139763.19365698087,137713.59375,137713.59375,5789,0.0,0.0
2026-03-31 00:00:00+09:00,137713.59684594063,138396.7968302933,136444.796875,136444.796875,7376,0.0,0.0
2026-04-01 00:00:00+09:00,138006.40311838393,138787.20313602683,136835.20309191954,138299.203125,7582,0.0,0.0
2026-04-02 00:00:00+09:00,139568.00317608388,139568.00317608388,136932.80311611586,137323.203125,6468,0.0,0.0
2026-04-03 00:00:00+09:00,137420.80620155038,138592.00625440452,137225.60619274137,138494.40625,3270,0.0,0.0
2026-04-06 00:00:00+09:00,138104.0062104986,139080.00625438904,138006.40620610956,138982.40625,1829,0.0,0.0
2026-04-07 00:00:00+09:00,138787.20313602683,139763.20315808046,137908.80311617855,138299.203125,3024,0.0,0.0
2026-04-08 00:00:00+09:00,140641.6,141032.0,138689.6,141032.0,5120,0.0,0.0
2026-04-09 00:00:00+09:00,141032.0,141422.4,139275.19999999998,139568.0,3706,0.0,0.0
2026-04-10 00:00:00+09:00,140544.0,140544.0,138982.4,139568.0,3367,0.0,0.0
2026-04-13 00:00:00+09:00,139275.20934879454,139958.4093946541,138787.20931603774,139665.609375,6089,0.0,0.0
2026-04-14 00:00:00+09:00,141032.00625432827,141422.4062716413,140251.20621970223,140934.40625,4724,0.0,0.0
2026-04-15 00:00:00+09:00,140836.8,141324.8,139958.4,140544.0,4161,0.0,0.0
2026-04-16 00:00:00+09:00,140153.609375,140544.0094011142,139275.20931624304,140153.609375,4151,0.0,0.0
2026-04-17 00:00:00+09:00,140056.00627624214,140251.20628498952,138787.20621938418,139470.40625,2960,0.0,0.0
2026-04-20 00:00:00+09:00,139470.40627194522,139665.60628072332,138592.00623244382,138982.40625,3543,0.0,0.0
2026-04-21 00:00:00+09:00,139080.00629862092,139275.2063074611,137908.8062455799,138006.40625,4019,0.0,0.0
2026-04-22 00:00:00+09:00,138689.6031673502,138689.6031673502,136835.203125,136835.203125,4057,0.0,0.0
2026-04-23 00:00:00+09:00,136835.19999999998,138006.4,136640.0,137616.0,4043,0.0,0.0
2026-04-24 00:00:00+09:00,138201.6,138592.0,137616.0,137616.0,3405,0.0,0.0
2026-04-27 00:00:00+09:00,138006.40312942636,138104.00313163953,137225.60311172096,137811.203125,3234,0.0,0.0
2026-04-28 00:00:00+09:00,137518.4063172525,137713.6063262195,135956.8062455165,136054.40625,4765,0.0,0.0
2026-04-30 00:00:00+09:00,136249.60621438746,137323.2062633547,136054.40620548432,137030.40625,5174,0.0,0.0
2026-05-01 00:00:00+09:00,136932.79369608196,137030.39369158878,135761.59375,135761.59375,4078,0.0,0.0
2026-05-07 00:00:00+09:00,137713.6031563171,137713.6031563171,135761.60311157838,136347.203125,5789,0.0,0.0
2026-05-08 00:00:00+09:00,135761.59370474293,135956.79369569154,134492.79376357712,134785.59375,7835,0.0,0.0
2026-05-11 00:00:00+09:00,135078.40312952243,135371.20313630608,134297.60311143272,134883.203125,4646,0.0,0.0
2026-05-12 00:00:00+09:00,134883.2062863901,135078.40629548763,133712.00623180493,134102.40625,5320,0.0,0.0
2026-05-13 00:00:00+09:00,134102.39686129385,134102.39686129385,133223.99688185306,133516.796875,3943,0.0,0.0
2026-05-14 00:00:00+09:00,133321.60313417768,133907.2031479442,132540.80311582232,132931.203125,5165,0.0,0.0
2026-05-15 00:00:00+09:00,132931.2,133321.6,131857.6,133224.0,8108,0.0,0.0
2026-05-18 00:00:00+09:00,132150.4,132540.8,131174.4,131272.0,6099,0.0,0.0
2026-05-19 00:00:00+09:00,130783.99691642121,132540.796875,130686.39691872238,132540.796875,5225,0.0,0.0
2026-05-20 00:00:00+09:00,132833.6015917384,132931.20159290795,130393.6015625,130393.6015625,6829,0.0,0.0
2026-05-21 00:00:00+09:00,131076.80156483036,131369.6015683259,130393.60155667413,130881.6015625,4433,0.0,0.0
2026-05-22 00:00:00+09:00,130881.60157423929,130881.60157423929,129515.20155780428,129905.6015625,4097,0.0,0.0
2026-05-25 00:00:00+09:00,129417.60466288448,131076.80472266505,129320.00465936797,130100.8046875,5213,0.0,0.0
2026-05-26 00:00:00+09:00,130100.80313912961,130588.80315090429,129222.40311793519,129515.203125,4992,0.0,0.0
2026-05-27 00:00:00+09:00,129808.0,130393.59999999999,129222.4,130296.0,10190,0.0,0.0
2026-05-28 00:00:00+09:00,129900.0,129900.0,128300.0,129100.0,11580,3204.0,0.0
2026-05-29 00:00:00+09:00,130300.0,131700.0,128700.0,130800.0,9519,0.0,0.0
2026-06-01 00:00:00+09:00,131200.0,131200.0,129100.0,129500.0,6711,0.0,0.0
2026-06-02 00:00:00+09:00,129500.0,130100.0,127300.0,129700.0,13200,0.0,0.0
2026-06-03 00:00:00+09:00,130300.0,133300.0,129800.0,131600.0,9109,0.0,0.0
2026-06-04 00:00:00+09:00,132100.0,132100.0,130300.0,130300.0,6252,0.0,0.0
2026-06-05 00:00:00+09:00,130900.0,132600.0,130800.0,131300.0,5325,0.0,0.0
2026-06-08 00:00:00+09:00,130800.0,132500.0,130600.0,132100.0,8201,0.0,0.0
2026-06-09 00:00:00+09:00,132700.0,133000.0,131200.0,132100.0,5547,0.0,0.0
2026-06-10 00:00:00+09:00,133000.0,133300.0,132000.0,133300.0,4959,0.0,0.0
2026-06-11 00:00:00+09:00,133300.0,134200.0,132700.0,132900.0,6292,0.0,0.0
2026-06-12 00:00:00+09:00,134300.0,135300.0,133500.0,134400.0,9541,0.0,0.0
2026-06-15 00:00:00+09:00,135500.0,136200.0,135000.0,135500.0,6774,0.0,0.0
2026-06-16 00:00:00+09:00,136000.0,136000.0,133000.0,133800.0,4666,0.0,0.0
2026-06-17 00:00:00+09:00,133600.0,134200.0,132500.0,133500.0,6449,0.0,0.0
2026-06-18 00:00:00+09:00,133600.0,134000.0,132700.0,133100.0,5549,0.0,0.0
2026-06-19 00:00:00+09:00,132900.0,134200.0,132500.0,133200.0,9234,0.0,0.0
2026-06-22 00:00:00+09:00,133500.0,133900.0,132600.0,133100.0,5968,0.0,0.0
2026-06-23 00:00:00+09:00,133700.0,134600.0,133300.0,133600.0,6655,0.0,0.0
2026-06-24 00:00:00+09:00,134400.0,135600.0,134100.0,135300.0,6316,0.0,0.0
2026-06-25 00:00:00+09:00,136000.0,137400.0,135000.0,136400.0,7642,0.0,0.0
2026-06-26 00:00:00+09:00,137400.0,138900.0,136900.0,138600.0,5651,0.0,0.0
2026-06-29 00:00:00+09:00,138500.0,138500.0,137100.0,137200.0,4017,0.0,0.0
2026-06-30 00:00:00+09:00,137200.0,138500.0,137000.0,137100.0,4762,0.0,0.0
2026-07-01 00:00:00+09:00,137400.0,137600.0,135600.0,136300.0,5934,0.0,0.0
2026-07-02 00:00:00+09:00,136600.0,137300.0,135800.0,136500.0,7054,0.0,0.0
2026-07-03 00:00:00+09:00,136600.0,138800.0,136400.0,138300.0,5594,0.0,0.0
2026-07-06 00:00:00+09:00,138100.0,139200.0,137900.0,138200.0,4544,0.0,0.0
2026-07-07 00:00:00+09:00,138700.0,139300.0,138100.0,138100.0,3615,0.0,0.0
2026-07-08 00:00:00+09:00,138400.0,139100.0,137900.0,138600.0,3968,0.0,0.0
2026-07-09 00:00:00+09:00,139000.0,139000.0,136800.0,137300.0,3867,0.0,0.0
2026-07-10 00:00:00+09:00,137400.0,137700.0,136900.0,136900.0,3785,0.0,0.0
2026-07-13 00:00:00+09:00,137000.0,137800.0,136700.0,136700.0,2775,0.0,0.0
2026-07-14 00:00:00+09:00,136800.0,138600.0,136700.0,138600.0,2851,0.0,0.0
2026-07-15 00:00:00+09:00,139100.0,139900.0,138700.0,138800.0,4039,0.0,0.0
2026-07-16 00:00:00+09:00,138600.0,139100.0,136900.0,137400.0,4389,0.0,0.0
2026-07-17 00:00:00+09:00,138500.0,143000.0,138200.0,139900.0,6412,0.0,0.0
2026-07-21 00:00:00+09:00,141600.0,142300.0,140400.0,140900.0,6025,0.0,0.0
2026-07-22 00:00:00+09:00,142300.0,142300.0,140500.0,142000.0,6184,0.0,0.0
2026-07-23 00:00:00+09:00,142000.0,142700.0,141600.0,141700.0,4939,0.0,0.0
2026-07-24 00:00:00+09:00,140700.0,141400.0,140000.0,140800.0,4869,0.0,0.0
2026-07-27 00:00:00+09:00,140700.0,142600.0,140700.0,142600.0,4924,0.0,0.0
2026-07-28 00:00:00+09:00,142600.0,143500.0,141500.0,142900.0,5688,0.0,0.0
2026-07-29 00:00:00+09:00,143000.0,145700.0,142900.0,145700.0,7216,0.0,0.0
2026-07-30 00:00:00+09:00,144400.0,145600.0,142700.0,145600.0,6899,0.0,0.0
2026-07-31 00:00:00+09:00,145000.0,145300.0,142900.0,142900.0,7083,0.0,0.0
2026-08-03 00:00:00+09:00,143700.0,144200.0,141000.0,141200.0,8242,0.0,0.0
2026-08-04 00:00:00+09:00,141300.0,141900.0,138600.0,139600.0,4270,0.0,0.0
2026-08-05 00:00:00+09:00,139800.0,140700.0,138900.0,139600.0,5206,0.0,0.0
2026-08-06 00:00:00+09:00,142000.0,142900.0,139900.0,141200.0,5822,0.0,0.0
2026-08-07 00:00:00+09:00,141400.0,141700.0,139700.0,140700.0,4654,0.0,0.0
2026-08-10 00:00:00+09:00,140800.0,140800.0,139100.0,139700.0,3146,0.0,0.0
2026-08-12 00:00:00+09:00,140300.0,140400.0,139100.0,140400.0,2748,0.0,0.0
2026-08-13 00:00:00+09:00,140600.0,141500.0,139300.0,139700.0,3641,0.0,0.0
2026-08-14 00:00:00+09:00,139300.0,140000.0,138200.0,138400.0,4377,0.0,0.0
2026-08-17 00:00:00+09:00,139700.0,140300.0,138900.0,139200.0,4616,0.0,0.0
2026-08-18 00:00:00+09:00,138100.0,138200.0,135900.0,137000.0,5998,0.0,0.0
2026-08-19 00:00:00+09:00,137000.0,137300.0,136100.0,136500.0,5094,0.0,0.0
2026-08-20 00:00:00+09:00,137600.0,137700.0,136400.0,137500.0,4787,0.0,0.0
2026-08-21 00:00:00+09:00,137300.0,137400.0,136000.0,136400.0,4639,0.0,0.0
2026-08-24 00:00:00+09:00,136500.0,137600.0,136200.0,137400.0,4428,0.0,0.0
2026-08-25 00:00:00+09:00,137600.0,138300.0,137200.0,137400.0,4100,0.0,0.0
2026-08-26 00:00:00+09:00,138500.0,139000.0,137800.0,137900.0,3493,0.0,0.0
2026-08-27 00:00:00+09:00,138500.0,139000.0,137700.0,138200.0,6441,0.0,0.0
2026-08-28 00:00:00+09:00,137700.0,138300.0,136000.0,136000.0,4971,0.0,0.0
2026-08-31 00:00:00+09:00,136100.0,136800.0,135700.0,135900.0,4304,0.0,0.0
2026-09-01 00:00:00+09:00,135900.0,137000.0,135500.0,136900.0,5173,0.0,0.0
2026-09-02 00:00:00+09:00,137400.0,137500.0,135800.0,136100.0,5209,0.0,0.0
2026-09-03 00:00:00+09:00,136500.0,136900.0,134800.0,134800.0,4841,0.0,0.0
2026-09-04 00:00:00+09:00,134600.0,134800.0,133700.0,133700.0,5061,0.0,0.0
2026-09-07 00:00:00+09:00,133700.0,133800.0,132500.0,132500.0,5387,0.0,0.0
2026-09-08 00:00:00+09:00,132100.0,132100.0,130700.0,131100.0,7247,0.0,0.0
2026-09-09 00:00:00+09:00,130600.0,132200.0,130200.0,131900.0,7187,0.0,0.0
2026-09-10 00:00:00+09:00,132000.0,132300.0,131500.0,131900.0,4676,0.0,0.0
2026-09-11 00:00:00+09:00,133600.0,133600.0,130400.0,130600.0,10145,0.0,0.0
2026-09-14 00:00:00+09:00,130600.0,131800.0,130600.0,131200.0,3457,0.0,0.0
2026-09-15 00:00:00+09:00,131000.0,131300.0,130200.0,131000.0,5454,0.0,0.0
2026-09-16 00:00:00+09:00,131100.0,131500.0,130600.0,131300.0,3888,0.0,0.0
2026-09-17 00:00:00+09:00,131100.0,132100.0,131000.0,131200.0,4295,0.0,0.0
2026-09-18 00:00:00+09:00,131300.0,131400.0,130000.0,130000.0,5126,0.0,0.0
2026-09-24 00:00:00+09:00,130100.0,131000.0,130000.0,130300.0,3562,0.0,0.0
2026-09-25 00:00:00+09:00,130700.0,131000.0,129300.0,129700.0,3889,0.0,0.0
2026-09-28 00:00:00+09:00,129700.0,129800.0,129100.0,129500.0,4337,0.0,0.0
2026-09-29 00:00:00+09:00,129100.0,129200.0,127900.0,128000.0,5443,0.0,0.0
2026-09-30 00:00:00+09:00,127900.0,128500.0,127100.0,127500.0,4331,0.0,0.0
2026-10-01 00:00:00+09:00,127700.0,128200.0,127100.0,127200.0,5025,0.0,0.0
2026-10-02 00:00:00+09:00,127400.0,127400.0,124900.0,125000.0,4877,0.0,0.0
