Date,Open,High,Low,Close,Volume,Dividends,Stock Splits
2021-10-07 00:00:00+09:00,91331.52896282577,93410.39527839496,91192.93354414967,93133.2109375,6687,0.0,0.0
2021-10-08 00:00:00+09:00,91192.93566337906,92717.43982904345,90777.16239060309,90915.7578125,7524,0.0,0.0
2021-10-11 00:00:00+09:00,90499.98453972401,90915.7578125,88836.8914486201,90915.7578125,8424,0.0,0.0
2021-10-12 00:00:00+09:00,90222.796875,91331.52772712166,89807.02361751153,90222.796875,7494,0.0,0.0
2021-10-13 00:00:00+09:00,90361.39418632405,92301.6717335973,90084.21631989769,91885.8984375,8034,0.0,0.0
2021-10-14 00:00:00+09:00,91470.11753941442,92994.6216638904,91331.52861771923,92301.6640625,7299,0.0,0.0
2021-10-15 00:00:00+09:00,92163.07548905344,93133.2109375,91885.89114815848,93133.2109375,5397,0.0,0.0
2021-10-18 00:00:00+09:00,92578.85950111246,93133.22175080985,91192.94413218198,92994.6328125,8526,0.0,0.0
2021-10-19 00:00:00+09:00,93964.76837358494,93964.76837358494,92301.67512803477,92994.6328125,7896,0.0,0.0
2021-10-20 00:00:00+09:00,92301.66721319078,93133.21376466098,92163.07828676491,92578.8515625,3654,0.0,0.0
2021-10-21 00:00:00+09:00,92024.5,92717.45775408174,91608.72664684268,92024.5,2493,0.0,0.0
2021-10-22 00:00:00+09:00,92717.43999626707,92717.43999626707,90777.16255432725,91331.53125,3636,0.0,0.0
2021-10-25 00:00:00+09:00,91331.528266338,92301.66370738637,91192.93284871882,91470.1171875,2991,0.0,0.0
2021-10-26 00:00:00+09:00,91608.7166776247,91608.7166776247,90222.80781673986,90499.9921875,5121,0.0,0.0
2021-10-27 00:00:00+09:00,90915.75979870629,91608.7109375,90777.16437378152,91608.7109375,4674,0.0,0.0
2021-10-28 00:00:00+09:00,91331.53125,91470.12017568949,90777.16255432725,91331.53125,4830,0.0,0.0
2021-10-29 00:00:00+09:00,90915.77538921958,92440.27335315732,90777.17994052805,92024.5,5253,0.0,0.0
2021-11-01 00:00:00+09:00,91331.53880332249,91470.1277404736,90084.21887958876,90499.9921875,4560,0.0,0.0
2021-11-02 00:00:00+09:00,90777.17175315792,91054.35612908255,89807.0361821088,90361.3984375,4494,0.0,0.0
2021-11-04 00:00:00+09:00,90777.16239060309,91608.70893615505,90499.98453972401,90915.7578125,3375,0.0,0.0
2021-11-05 00:00:00+09:00,90777.15941175932,91054.34375,90222.79723173515,91054.34375,4407,0.0,0.0
2021-11-08 00:00:00+09:00,91054.34690216363,91885.89344921535,90361.38928080139,91331.53125,4848,0.0,0.0
2021-11-09 00:00:00+09:00,90915.76536462629,91331.53867193943,89668.44544268686,90084.21875,3732,0.0,0.0
2021-11-10 00:00:00+09:00,89529.84390851855,90222.80153897346,89114.0706295371,89945.6171875,4209,0.0,0.0
2021-11-11 00:00:00+09:00,89945.62800667826,90222.81239149306,89252.67678932869,89807.0390625,2679,0.0,0.0
2021-11-12 00:00:00+09:00,89668.44674967656,89668.44674967656,88559.71574852822,88698.3046875,4935,0.0,0.0
2021-11-15 00:00:00+09:00,88975.48776501231,90222.80768695174,88975.48776501231,90084.21875,5616,0.0,0.0
2021-11-16 00:00:00+09:00,90222.796875,90361.38579534378,89252.66143967927,90222.796875,4452,0.0,0.0
2021-11-17 00:00:00+09:00,89945.62487702625,90222.80925219643,89529.8515625,89529.8515625,3879,0.0,0.0
2021-11-18 00:00:00+09:00,90222.80768695174,90777.16993121662,89807.0343796386,90084.21875,5502,0.0,0.0
2021-11-19 00:00:00+09:00,90084.21077048461,90084.21077048461,89114.06880838229,89668.4375,4623,0.0,0.0
2021-11-22 00:00:00+09:00,90084.2234473148,90499.99677630786,89807.0390625,89807.0390625,3225,0.0,0.0
2021-11-24 00:00:00+09:00,87866.7462504129,90499.9812121447,87728.15733006912,90222.796875,5013,0.0,0.0
2021-11-25 00:00:00+09:00,90777.171875,91608.71850743194,90499.9939951614,90777.171875,3339,0.0,0.0
2021-11-26 00:00:00+09:00,91608.70593002417,91885.89026826483,89945.61289349449,91054.34375,5445,0.0,0.0
2021-11-29 00:00:00+09:00,90915.76549541125,91608.7166776247,89529.85013806848,90499.9921875,6381,0.0,0.0
2021-11-30 00:00:00+09:00,90084.21026001437,91885.89225641917,88421.1171875,88421.1171875,12438,0.0,0.0
2021-12-01 00:00:00+09:00,88421.1194955397,92163.07900637269,88421.1194955397,89945.6171875,8958,0.0,0.0
2021-12-02 00:00:00+09:00,90777.15850186243,91470.11609228973,88836.88764299739,88975.4765625,7437,0.0,0.0
2021-12-03 00:00:00+09:00,89807.02642467576,90361.38861983611,88975.47988370653,89668.4375,6366,0.0,0.0
2021-12-06 00:00:00+09:00,90084.20759184229,90084.20759184229,88975.47674418605,89391.25,2985,0.0,0.0
2021-12-07 00:00:00+09:00,88975.4875054472,90222.80742374787,88975.4875054472,89252.671875,2106,0.0,0.0
2021-12-08 00:00:00+09:00,89668.43815589655,91331.53125,89668.43815589655,91331.53125,5619,0.0,0.0
2021-12-09 00:00:00+09:00,90915.7596435386,91470.12185291892,90499.98636238895,91192.9375,5781,0.0,0.0
2021-12-10 00:00:00+09:00,91470.12185291892,91747.30620583786,90499.98636238895,91192.9375,7476,0.0,0.0
2021-12-13 00:00:00+09:00,91470.12200903277,91885.895290892,90777.16437378152,91608.7109375,3096,0.0,0.0
2021-12-14 00:00:00+09:00,92163.08280038412,92440.26066681047,91331.53620818954,91885.8984375,6111,0.0,0.0
2021-12-15 00:00:00+09:00,91885.9110477671,92163.09544869153,91331.5487423769,92024.5,3147,0.0,0.0
2021-12-16 00:00:00+09:00,92301.65922693469,92578.84355226097,91747.29707273902,92163.0703125,2814,0.0,0.0
2021-12-17 00:00:00+09:00,92163.08025944662,93410.40011334985,91192.93826432795,93271.8046875,9765,0.0,0.0
2021-12-20 00:00:00+09:00,92717.43999626707,92856.02892195656,91331.53125,91331.53125,5766,0.0,0.0
2021-12-21 00:00:00+09:00,92717.44559027778,93964.76548611111,92024.48792710666,93548.9921875,4611,0.0,0.0
2021-12-22 00:00:00+09:00,93271.79985971887,93548.98420061384,92994.62201528113,93133.2109375,3246,0.0,0.0
2021-12-23 00:00:00+09:00,93410.4035283714,94796.31236233481,93410.4035283714,94380.5390625,2493,0.0,0.0
2021-12-24 00:00:00+09:00,94796.3076776101,95073.49202928777,94241.94547071225,94657.71875,3180,0.0,0.0
2021-12-27 00:00:00+09:00,94796.31208333334,94796.31208333334,93271.80782294,93548.9921875,2220,0.0,0.0
2021-12-28 00:00:00+09:00,93687.5656811221,94103.3389112106,93410.38785870091,93964.75,2340,0.0,0.0
2021-12-29 00:00:00+09:00,94519.12332593242,94934.89660522019,93964.76111903456,94657.71875,3204,0.0,0.0
2021-12-30 00:00:00+09:00,94934.89660522019,95073.49202928777,94380.53439832233,94657.71875,4548,0.0,0.0
2022-01-04 00:00:00+09:00,94241.94713987061,94657.72042652231,93548.98949663191,94519.125,4047,0.0,0.0
2022-01-05 00:00:00+09:00,95073.48797160437,95073.48797160437,92301.6640625,92301.6640625,7182,0.0,0.0
2022-01-06 00:00:00+09:00,90499.99677630786,90499.99677630786,89114.08134869215,89807.0390625,11541,0.0,0.0
2022-01-07 00:00:00+09:00,89391.2629864328,91054.35625129667,89391.2629864328,90777.171875,6879,0.0,0.0
2022-01-11 00:00:00+09:00,89945.6251218421,91192.94506881582,89945.6251218421,90361.3984375,4089,0.0,0.0
2022-01-12 00:00:00+09:00,89945.62344597973,91054.35443256235,89945.62344597973,90499.9921875,6306,0.0,0.0
2022-01-13 00:00:00+09:00,89945.6251218421,91054.35612908255,89668.44724237552,90361.3984375,11619,0.0,0.0
2022-01-14 00:00:00+09:00,90222.79651162791,90915.7541034702,89391.25,89391.25,14310,0.0,0.0
2022-01-17 00:00:00+09:00,89252.67343630319,89529.85131424674,88282.53137412663,88698.3046875,5772,0.0,0.0
2022-01-18 00:00:00+09:00,88975.47619398584,89668.43378154308,88143.9296875,88143.9296875,5904,0.0,0.0
2022-01-19 00:00:00+09:00,88421.11307530853,88836.88632410081,85926.47358255491,86065.0625,9609,0.0,0.0
2022-01-20 00:00:00+09:00,85372.10152408431,85787.8747563387,82129.0703125,82129.0703125,19914,0.0,0.0
2022-01-21 00:00:00+09:00,81546.9906698802,85926.47320207104,80937.1942386564,85233.515625,16935,0.0,0.0
2022-01-24 00:00:00+09:00,84817.75506910731,86758.03267735065,83847.61951321461,85787.890625,8844,0.0,0.0
2022-01-25 00:00:00+09:00,85926.46810435456,86342.2413266394,83847.6019929303,84679.1484375,6717,0.0,0.0
2022-01-26 00:00:00+09:00,85233.515625,85926.47320207104,84401.96913109756,85233.515625,7149,0.0,0.0
2022-01-27 00:00:00+09:00,84817.74348341231,87728.15625,84124.78589731052,87728.15625,12537,0.0,0.0
2022-01-28 00:00:00+09:00,87313.17633599456,87736.34198319964,85902.62638263202,87031.0703125,9780,1843.0,0.0
2022-01-31 00:00:00+09:00,86184.7361651467,88582.67034528872,86184.7361651467,86890.0078125,14502,0.0,0.0
2022-02-01 00:00:00+09:00,86325.7889513315,87172.12021556024,85761.5703125,85761.5703125,30168,0.0,0.0
2022-02-02 00:00:00+09:00,85902.62811250573,88582.67506145326,85902.62811250573,87736.34375,19863,0.0,0.0
2022-02-03 00:00:00+09:00,87454.23749229743,89993.23142002254,87172.12485189574,89287.953125,12720,0.0,0.0
2022-02-04 00:00:00+09:00,89570.0625,90839.55941758127,88723.73122161248,89570.0625,13329,0.0,0.0
2022-02-07 00:00:00+09:00,88864.78899099468,89429.00766948937,87736.34502204185,88300.5703125,9057,0.0,0.0
2022-02-08 00:00:00+09:00,88159.50300434571,89711.1125,86043.67487934571,86748.953125,10329,0.0,0.0
2022-02-09 00:00:00+09:00,86607.89703087966,88159.49985921696,86184.73142097628,87595.28125,7347,0.0,0.0
2022-02-10 00:00:00+09:00,87595.28731310809,89570.0625,87595.28731310809,89570.0625,8517,0.0,0.0
2022-02-14 00:00:00+09:00,88018.45302372849,89005.83731199415,87454.234375,87454.234375,6504,0.0,0.0
2022-02-15 00:00:00+09:00,87031.06732091986,88582.67023269534,85902.62342984069,86325.7890625,8916,0.0,0.0
2022-02-16 00:00:00+09:00,86890.00150194197,88159.4983093338,86607.89550827438,88018.4453125,5139,0.0,0.0
2022-02-17 00:00:00+09:00,87595.2953098949,88864.79234337162,87454.24228794094,88582.6796875,4302,0.0,0.0
2022-02-18 00:00:00+09:00,88300.55791813014,88582.66391179775,87454.22671320225,88018.4453125,5553,0.0,0.0
2022-02-21 00:00:00+09:00,87454.23137065429,87877.3969956543,86748.953125,86748.953125,2349,0.0,0.0
2022-02-22 00:00:00+09:00,85761.57979019481,86325.7984913793,85197.35447704657,85902.6328125,7356,0.0,0.0
2022-02-24 00:00:00+09:00,86325.77821601942,88018.44053398058,85620.50004621487,87172.109375,13110,0.0,0.0
2022-02-25 00:00:00+09:00,86184.74059505205,87454.23755989588,85620.51531381256,86607.90625,7923,0.0,0.0
2022-02-28 00:00:00+09:00,86466.83741960343,87736.33424931357,86043.67180970006,87595.28125,5955,0.0,0.0
2022-03-01 00:00:00+09:00,86890.01697619769,88582.6796875,86890.01697619769,88582.6796875,7254,0.0,0.0
2022-03-02 00:00:00+09:00,89005.84661410323,89711.12495769569,88723.74056623729,89146.90625,11145,0.0,0.0
2022-03-03 00:00:00+09:00,89429.01104315116,89429.01104315116,88441.62666554605,88582.6796875,4851,0.0,0.0
2022-03-04 00:00:00+09:00,88723.72352059408,88723.72352059408,87454.22671320225,88018.4453125,3948,0.0,0.0
2022-03-07 00:00:00+09:00,88300.56743650188,88723.73308458102,87172.12350430309,88159.5078125,5295,0.0,0.0
2022-03-08 00:00:00+09:00,87736.33907889435,88159.50471209154,86748.95480542195,86890.0078125,5940,0.0,0.0
2022-03-09 00:00:00+09:00,86748.95797256552,87736.34228208664,85902.6266752722,86043.6796875,9480,0.0,0.0
2022-03-10 00:00:00+09:00,87454.2377208245,88159.50940572664,86466.84678282011,87736.34375,5460,0.0,0.0
2022-03-11 00:00:00+09:00,89146.90034373102,89711.1190140454,87454.2377208245,87736.34375,7758,0.0,0.0
2022-03-14 00:00:00+09:00,87736.33907889435,88441.61733821066,86890.0078125,86890.0078125,3000,0.0,0.0
2022-03-15 00:00:00+09:00,86890.01098479332,87313.17663343997,85479.46102662553,86043.6796875,4644,0.0,0.0
2022-03-16 00:00:00+09:00,86184.72522684338,87172.109375,85761.55964735309,87172.109375,6429,0.0,0.0
2022-03-17 00:00:00+09:00,86748.95324487463,87736.33750058476,86466.84062383049,87313.171875,5010,0.0,0.0
2022-03-18 00:00:00+09:00,88582.67030449769,89146.89555647611,88018.45166448226,89005.8359375,8355,0.0,0.0
2022-03-22 00:00:00+09:00,89005.83589841747,91262.72368141418,88018.45162583329,91121.6640625,6810,0.0,0.0
2022-03-23 00:00:00+09:00,91121.66225775027,91121.66225775027,89287.94675585153,90416.390625,4836,0.0,0.0
2022-03-24 00:00:00+09:00,90416.40465624491,91403.7890625,89287.96061197917,91403.7890625,7284,0.0,0.0
2022-03-25 00:00:00+09:00,91967.99056866852,91967.99056866852,90134.27512534852,90275.328125,5820,0.0,0.0
2022-03-28 00:00:00+09:00,90839.56266314136,92250.11264019633,90275.3373827487,91968.0,5640,0.0,0.0
2022-03-29 00:00:00+09:00,91685.87825468268,93237.48097987348,91544.81865278372,92955.375,7305,0.0,0.0
2022-03-30 00:00:00+09:00,94648.06155728658,94648.06155728658,90275.34501823425,91403.7890625,7245,0.0,0.0
2022-03-31 00:00:00+09:00,91826.93443207763,93378.54382308947,91262.71584078352,92673.265625,6408,0.0,0.0
2022-04-01 00:00:00+09:00,91826.94825821865,93237.49825481791,90275.33863358505,92532.2265625,7167,0.0,0.0
2022-04-04 00:00:00+09:00,94506.9873793457,94506.9873793457,91403.775,93096.4375,6834,0.0,0.0
2022-04-05 00:00:00+09:00,93096.44214527027,93942.7734375,92391.16386442442,93942.7734375,6174,0.0,0.0
2022-04-06 00:00:00+09:00,93660.65456448903,94083.82018241889,92955.3829425811,93519.6015625,6609,0.0,0.0
2022-04-07 00:00:00+09:00,93660.66553958345,93660.66553958345,91826.9498510014,92109.0625,3999,0.0,0.0
2022-04-08 00:00:00+09:00,92673.28280833455,93237.5015042452,91544.83880454958,91685.8984375,4572,0.0,0.0
2022-04-11 00:00:00+09:00,91685.89239210535,93096.44234485787,91544.83276845583,92391.1640625,2802,0.0,0.0
2022-04-12 00:00:00+09:00,92391.16726084196,92673.27990594377,91544.8359375,91544.8359375,3675,0.0,0.0
2022-04-13 00:00:00+09:00,91685.89397176701,92391.16565431282,91262.72831745418,91968.0,7620,0.0,0.0
2022-04-14 00:00:00+09:00,92391.17015439739,92673.28280833455,90980.62010863895,91685.8984375,3594,0.0,0.0
2022-04-15 00:00:00+09:00,91826.95145848674,92532.22978734781,91262.7327625761,91685.8984375,2943,0.0,0.0
2022-04-18 00:00:00+09:00,91685.89239210535,92673.2766978358,91403.77975676955,92391.1640625,3483,0.0,0.0
2022-04-19 00:00:00+09:00,91826.940625,91826.940625,90416.3907456543,90980.609375,6819,0.0,0.0
2022-04-20 00:00:00+09:00,90416.40462255351,91262.73600244649,89287.96057870825,90839.5703125,8709,0.0,0.0
2022-04-21 00:00:00+09:00,89852.17929464893,91403.78902844067,89852.17929464893,90839.5703125,4461,0.0,0.0
2022-04-22 00:00:00+09:00,90980.61567725785,92673.27829450916,90557.45002294502,91968.0,3342,0.0,0.0
2022-04-25 00:00:00+09:00,91826.9485826018,92250.11424427279,90839.56424269069,91544.8359375,3006,0.0,0.0
2022-04-26 00:00:00+09:00,91685.88762065429,92109.0532456543,90698.4967543457,90980.609375,5973,0.0,0.0
2022-04-27 00:00:00+09:00,90980.60627880185,92391.15611014455,90557.44066820278,91826.9375,3507,0.0,0.0
2022-04-28 00:00:00+09:00,91826.95475260417,92673.2861328125,91403.7890625,91403.7890625,8019,0.0,0.0
2022-05-02 00:00:00+09:00,90416.39700882853,92814.33130862565,90275.3373827487,91968.0,5445,0.0,0.0
2022-05-06 00:00:00+09:00,92109.05775041298,93801.72033319567,91826.94511596145,93378.5546875,7302,0.0,0.0
2022-05-09 00:00:00+09:00,93237.4859166785,93942.76412763022,92532.21431768936,92814.3203125,6690,0.0,0.0
2022-05-10 00:00:00+09:00,94083.82957517015,94224.88920320448,91826.94825821865,92532.2265625,9963,0.0,0.0
2022-05-11 00:00:00+09:00,94083.8217543457,94648.0469956543,92673.27187499999,93096.4375,15144,0.0,0.0
2022-05-12 00:00:00+09:00,92814.33292251293,93096.44556761473,90698.50461415805,91544.8359375,7947,0.0,0.0
2022-05-13 00:00:00+09:00,92814.32941859696,93801.72033319567,91967.9981272056,93378.5546875,7425,0.0,0.0
2022-05-16 00:00:00+09:00,93096.44556761473,93801.72387438752,90698.50461415805,91544.8359375,8187,0.0,0.0
2022-05-17 00:00:00+09:00,91403.77035550459,92532.21416881932,91403.77035550459,92250.1015625,3405,0.0,0.0
2022-05-18 00:00:00+09:00,92109.04703370591,92955.37822662828,91685.88143724471,92673.265625,3489,0.0,0.0
2022-05-19 00:00:00+09:00,92532.21416881932,92673.2671659977,91967.98895618068,92250.1015625,3186,0.0,0.0
2022-05-20 00:00:00+09:00,92109.04383645512,93237.48097987348,92109.04383645512,92955.375,5556,0.0,0.0
2022-05-23 00:00:00+09:00,92673.26731509468,93519.59852345171,92673.26731509468,92814.3203125,3315,0.0,0.0
2022-05-24 00:00:00+09:00,92532.2265625,92955.39222267612,92250.11391839477,92532.2265625,2688,0.0,0.0
2022-05-25 00:00:00+09:00,92250.11085304053,94083.82644888388,92250.11085304053,93942.7734375,4191,0.0,0.0
2022-05-26 00:00:00+09:00,93237.49506429263,94224.88597889134,92814.32941859696,93378.5546875,5850,0.0,0.0
2022-05-27 00:00:00+09:00,92673.27032664027,94083.82018241889,91967.99209276956,93519.6015625,8535,0.0,0.0
2022-05-30 00:00:00+09:00,93519.6063224277,94930.15625,93378.55331325941,94930.15625,4503,0.0,0.0
2022-05-31 00:00:00+09:00,93942.76721515486,95917.54230354511,93942.76721515486,95635.4296875,13104,0.0,0.0
2022-06-01 00:00:00+09:00,95353.32178704368,95353.32178704368,93942.77186098654,94365.9375,4377,0.0,0.0
2022-06-02 00:00:00+09:00,94648.04075495474,94789.09375,93660.6499537506,94789.09375,6264,0.0,0.0
2022-06-03 00:00:00+09:00,94365.93739741688,94930.15604483377,93660.65912917345,93801.71875,3954,0.0,0.0
2022-06-06 00:00:00+09:00,93942.75787152055,95776.47316352381,93801.70488350863,95494.3671875,4902,0.0,0.0
2022-06-07 00:00:00+09:00,95353.31707145488,96058.59530558628,95212.26406941371,95635.4296875,3960,0.0,0.0
2022-06-08 00:00:00+09:00,95494.37513900959,96340.70636147655,95494.37513900959,96058.59375,3123,0.0,0.0
2022-06-09 00:00:00+09:00,95494.38123674552,96340.71251325446,95212.26860725485,95917.546875,3645,0.0,0.0
2022-06-10 00:00:00+09:00,95635.42820978144,95776.48120964311,94506.984375,94506.984375,5379,0.0,0.0
2022-06-13 00:00:00+09:00,93942.77186098654,95353.32178704368,93942.77186098654,94365.9375,4431,0.0,0.0
2022-06-14 00:00:00+09:00,93801.71574565429,94648.0469956543,92532.2188706543,93096.4375,7359,0.0,0.0
2022-06-15 00:00:00+09:00,92814.32475549153,93801.71562048252,90275.33100887964,90416.390625,10203,0.0,0.0
2022-06-16 00:00:00+09:00,91403.77975676955,93801.72062721576,91403.77975676955,92391.1640625,16689,0.0,0.0
2022-06-17 00:00:00+09:00,91262.73312260014,92250.11749732985,90557.45479095682,90698.5078125,16764,0.0,0.0
2022-06-20 00:00:00+09:00,90980.62046755008,91685.8987991934,89711.12343777031,90698.5078125,5961,0.0,0.0
2022-06-21 00:00:00+09:00,90980.60613937871,91967.99035860923,90839.5531400494,91262.71875,3936,0.0,0.0
2022-06-22 00:00:00+09:00,91685.88908961936,91826.94209622497,89852.16694393138,89993.2265625,6129,0.0,0.0
2022-06-23 00:00:00+09:00,90275.32489881625,92109.04688856691,89852.15930302186,90557.4375,7323,0.0,0.0
2022-06-24 00:00:00+09:00,90557.4375,91403.76869158878,90275.32489881625,90557.4375,6162,0.0,0.0
2022-06-27 00:00:00+09:00,90557.45768229167,91544.84208854675,90416.40465624491,91403.7890625,11730,0.0,0.0
2022-06-28 00:00:00+09:00,91262.71267291025,93096.42798993674,91121.65307101129,92955.375,8940,0.0,0.0
2022-06-29 00:00:00+09:00,92673.2764073528,93378.5546875,92250.11076165712,93378.5546875,7314,0.0,0.0
2022-06-30 00:00:00+09:00,93660.65315190458,94789.09698668603,93660.65315190458,94506.984375,7449,0.0,0.0
2022-07-01 00:00:00+09:00,94224.89096686816,94365.94398557923,92673.28131319216,93237.5,7572,0.0,0.0
2022-07-04 00:00:00+09:00,93801.71408497535,95071.2109375,93237.48885365589,95071.2109375,5046,0.0,0.0
2022-07-05 00:00:00+09:00,94789.09999999999,95212.265625,94083.8217543457,95212.265625,3639,0.0,0.0
2022-07-06 00:00:00+09:00,95071.20619277855,95353.31218239645,93942.76239841965,94224.875,3906,0.0,0.0
2022-07-07 00:00:00+09:00,94506.97643553029,95635.4201755119,94506.97643553029,95494.3671875,5028,0.0,0.0
2022-07-08 00:00:00+09:00,94789.09698668603,95353.3155980954,93801.71276372894,94506.984375,7296,0.0,0.0
2022-07-11 00:00:00+09:00,94506.98114794704,95212.25934709821,94506.98114794704,94789.09375,2190,0.0,0.0
2022-07-12 00:00:00+09:00,94648.04075495474,95212.25934709821,93660.6499537506,94789.09375,4914,0.0,0.0
2022-07-13 00:00:00+09:00,94648.0469956543,95917.54387065429,94506.9873793457,95212.265625,4710,0.0,0.0
2022-07-14 00:00:00+09:00,94789.1032408317,95494.3815105994,94506.990610532,94930.15625,4449,0.0,0.0
2022-07-15 00:00:00+09:00,95212.265625,95635.43125,94930.1530043457,95212.265625,5415,0.0,0.0
2022-07-19 00:00:00+09:00,95917.546875,96622.81853078204,95776.4872542731,95917.546875,6333,0.0,0.0
2022-07-20 00:00:00+09:00,96199.64975939495,96763.875,95494.37812658293,96763.875,7650,0.0,0.0
2022-07-21 00:00:00+09:00,96763.86735344397,97469.13893052342,96622.8077484582,97328.0859375,7626,0.0,0.0
2022-07-22 00:00:00+09:00,97469.13893052342,97892.30452155603,96904.92034646739,97328.0859375,5592,0.0,0.0
2022-07-25 00:00:00+09:00,97187.0390625,97892.310683977,96904.92644673152,97187.0390625,4590,0.0,0.0
2022-07-26 00:00:00+09:00,97187.04718169683,97187.04718169683,95353.3249439532,96199.65625,7266,0.0,0.0
2022-07-27 00:00:00+09:00,95494.37668545883,96622.81392571372,95494.37668545883,95635.4296875,8337,0.0,0.0
2022-07-28 00:00:00+09:00,95587.84946156874,96017.77982903855,95014.61121082964,95731.1640625,6300,1778.0,0.0
2022-07-29 00:00:00+09:00,96017.78834440169,96877.64915559831,95874.48044842311,96447.71875,7839,0.0,0.0
2022-08-01 00:00:00+09:00,96734.3274681969,97594.1881568031,96591.01959264974,97164.2578125,5730,0.0,0.0
2022-08-02 00:00:00+09:00,97164.27025511666,97737.50854837439,96161.1015625,96161.1015625,6921,0.0,0.0
2022-08-03 00:00:00+09:00,97020.95059570204,97737.49669596463,95731.15955403537,96734.328125,6756,0.0,0.0
2022-08-04 00:00:00+09:00,97307.56956141986,97594.19204158493,96304.40095733492,96591.0234375,4302,0.0,0.0
2022-08-05 00:00:00+09:00,96734.3274681969,97164.2578125,95587.84431083477,97164.2578125,4305,0.0,0.0
2022-08-08 00:00:00+09:00,97020.95522602154,97307.57099274063,96017.77988951876,96877.640625,4293,0.0,0.0
2022-08-09 00:00:00+09:00,96304.390625,96877.62880616651,96017.76817558616,96304.390625,4773,0.0,0.0
2022-08-10 00:00:00+09:00,96017.7734375,96304.39590262117,95157.91275979803,96017.7734375,4725,0.0,0.0
2022-08-12 00:00:00+09:00,96304.40369372159,96304.40369372159,94584.68219919085,94871.3046875,4029,0.0,0.0
2022-08-15 00:00:00+09:00,95157.91725550035,95157.91725550035,94441.37113533675,95014.609375,3369,0.0,0.0
2022-08-16 00:00:00+09:00,95014.6196372265,96734.34125961973,94727.99712760675,96447.71875,4083,0.0,0.0
2022-08-17 00:00:00+09:00,96447.69849087633,96734.32094029017,95731.15244383349,96304.390625,2577,0.0,0.0
2022-08-18 00:00:00+09:00,96017.7734375,96591.01836774235,95014.6048860682,96017.7734375,3582,0.0,0.0
2022-08-19 00:00:00+09:00,96591.0234375,97020.95379891667,96161.09307608333,96591.0234375,3069,0.0,0.0
2022-08-22 00:00:00+09:00,95444.54023450158,96734.33131875159,95444.54023450158,96591.0234375,4284,0.0,0.0
2022-08-23 00:00:00+09:00,96161.09654350046,96161.09654350046,95157.92118558071,95587.8515625,4182,0.0,0.0
2022-08-24 00:00:00+09:00,96591.0222514203,96591.0222514203,95157.91658585447,95444.5390625,4776,0.0,0.0
2022-08-25 00:00:00+09:00,95444.5500428248,96877.64915559831,95301.24214684623,96447.71875,2970,0.0,0.0
2022-08-26 00:00:00+09:00,96591.0319380203,97307.578125,96304.40943263093,97307.578125,2763,0.0,0.0
2022-08-29 00:00:00+09:00,96447.71875,96877.64915559831,96161.10295804284,96447.71875,4857,0.0,0.0
2022-08-30 00:00:00+09:00,96447.70891473169,97737.5,96304.40103336696,97737.5,4176,0.0,0.0
2022-08-31 00:00:00+09:00,97594.19002575518,97880.8125,96017.77649390124,97880.8125,11985,0.0,0.0
2022-09-01 00:00:00+09:00,97880.81263720265,97880.81263720265,95444.53839686098,95874.46875,6858,0.0,0.0
2022-09-02 00:00:00+09:00,96304.4023132391,96447.71019650837,95731.1640625,95731.1640625,3282,0.0,0.0
2022-09-05 00:00:00+09:00,95587.8462753534,96447.70698163143,95301.23051836857,95874.46875,3453,0.0,0.0
2022-09-06 00:00:00+09:00,95874.47194576928,96304.4023132391,95444.54157829945,95731.1640625,2091,0.0,0.0
2022-09-07 00:00:00+09:00,96161.0912246466,96591.0215777856,95731.16087150759,95874.46875,2607,0.0,0.0
2022-09-08 00:00:00+09:00,96161.08802889136,96304.39590262117,95587.84309864901,96017.7734375,3453,0.0,0.0
2022-09-09 00:00:00+09:00,95874.47200615921,97020.95522602154,95731.16412279967,96877.640625,4938,0.0,0.0
2022-09-12 00:00:00+09:00,97020.9453125,97450.8756363107,96877.63072612222,97020.9453125,2823,0.0,0.0
2022-09-13 00:00:00+09:00,97307.578125,97450.89273652593,96877.64772574719,97307.578125,4608,0.0,0.0
2022-09-14 00:00:00+09:00,96877.64915559831,96877.64915559831,96017.78834440169,96447.71875,2574,0.0,0.0
2022-09-15 00:00:00+09:00,96161.0912246466,96591.0215777856,95444.53839686098,95874.46875,4896,0.0,0.0
2022-09-16 00:00:00+09:00,95587.84495985352,97307.5663487424,95444.53708333333,96734.328125,7443,0.0,0.0
2022-09-20 00:00:00+09:00,98740.67524458337,98883.98312583496,96017.77847716984,96591.0234375,6498,0.0,0.0
2022-09-21 00:00:00+09:00,97020.95522602154,97450.88559376217,96734.33274164046,96877.640625,5361,0.0,0.0
2022-09-22 00:00:00+09:00,97164.26033629916,97594.19069176952,96017.77714915763,97450.8828125,6387,0.0,0.0
2022-09-26 00:00:00+09:00,97164.26518375808,97450.88767425831,95587.8515625,95587.8515625,7233,0.0,0.0
2022-09-27 00:00:00+09:00,95587.84361890149,96591.01889345476,94298.05259532863,94441.3671875,13332,0.0,0.0
2022-09-28 00:00:00+09:00,94727.99502166125,95157.92541770155,92721.65765191475,93008.2734375,8889,0.0,0.0
2022-09-29 00:00:00+09:00,94441.3671875,95587.84361890149,94011.43684630905,94441.3671875,7299,0.0,0.0
2022-09-30 00:00:00+09:00,93868.12433677027,94441.36928285107,92291.71752920242,94298.0546875,9066,0.0,0.0
2022-10-03 00:00:00+09:00,94727.99359159973,94727.99359159973,92721.65625214191,93868.1328125,5670,0.0,0.0
2022-10-04 00:00:00+09:00,93868.129337249,95301.23506113268,93868.129337249,94871.3046875,6393,0.0,0.0
2022-10-05 00:00:00+09:00,94584.6777293113,94871.30020407526,92291.71808418495,92721.6484375,7401,0.0,0.0
2022-10-06 00:00:00+09:00,92291.71564779109,93151.57633172188,90428.6796875,90428.6796875,10650,0.0,0.0
2022-10-07 00:00:00+09:00,89425.51813534548,90285.37888664688,88852.2798736986,89712.140625,9960,0.0,0.0
2022-10-11 00:00:00+09:00,89282.20842128588,89425.51630434782,88422.34768759023,88995.5859375,7500,0.0,0.0
2022-10-12 00:00:00+09:00,89282.2201337764,89855.45845888647,89282.2201337764,89568.8359375,5055,0.0,0.0
2022-10-13 00:00:00+09:00,88995.58408572403,89425.51444362607,88279.03125,88279.03125,6030,0.0,0.0
2022-10-14 00:00:00+09:00,88852.27089820107,89425.50910194175,88565.6484375,88565.6484375,5178,0.0,0.0
2022-10-17 00:00:00+09:00,87992.41867722882,88565.65693597561,87419.17370081996,88135.7265625,4893,0.0,0.0
2022-10-18 00:00:00+09:00,88135.72540763297,88279.03329102634,86559.31181965789,86989.2421875,8214,0.0,0.0
2022-10-19 00:00:00+09:00,86845.94142322618,86845.94142322618,86129.38851219654,86272.703125,5439,0.0,0.0
2022-10-20 00:00:00+09:00,85986.07350829316,86416.00387583462,85785.43709755315,85842.765625,5343,0.0,0.0
2022-10-21 00:00:00+09:00,85842.77173287363,86272.70213100546,85527.48496246866,85928.7578125,5508,0.0,0.0
2022-10-24 00:00:00+09:00,85986.07934023479,85986.07934023479,85040.23246749221,85154.8828125,4308,0.0,0.0
2022-10-25 00:00:00+09:00,85298.18458088925,85699.45068311096,84753.60387828255,85068.890625,4974,0.0,0.0
2022-10-26 00:00:00+09:00,85642.12860763649,87562.48647494001,85613.4643441161,87419.171875,9339,0.0,0.0
2022-10-27 00:00:00+09:00,86845.93163989125,88852.27553415883,86559.30916423537,88708.9609375,9510,0.0,0.0
2022-10-28 00:00:00+09:00,88565.65670792785,90285.37819740217,87992.41845065709,90142.0703125,10746,0.0,0.0
2022-10-31 00:00:00+09:00,90428.6796875,91001.92462189493,89568.81900356922,90428.6796875,10629,0.0,0.0
2022-11-01 00:00:00+09:00,90142.06895570522,91145.23757024514,88852.27785801308,91001.9296875,9852,0.0,0.0
2022-11-02 00:00:00+09:00,91145.23963794828,91145.23963794828,89425.51813534548,89712.140625,11961,0.0,0.0
2022-11-04 00:00:00+09:00,90572.0013763014,90715.30926229758,89282.2102493493,89712.140625,6288,0.0,0.0
2022-11-07 00:00:00+09:00,89712.13156264281,89855.43943416262,87992.41023375932,88565.6484375,4644,0.0,0.0
2022-11-08 00:00:00+09:00,88422.35086768978,89425.51952052623,88422.35086768978,88852.28125,3573,0.0,0.0
2022-11-09 00:00:00+09:00,89282.2109375,89568.8267117015,88422.35017957115,89282.2109375,4449,0.0,0.0
2022-11-10 00:00:00+09:00,89568.82882661602,89568.82882661602,88852.28265653088,89138.8984375,3462,0.0,0.0
2022-11-11 00:00:00+09:00,90572.00141538393,91288.54756333622,89998.75643582756,90858.6171875,5259,0.0,0.0
2022-11-14 00:00:00+09:00,90858.61645467293,90858.61645467293,89568.82533756718,90142.0703125,4728,0.0,0.0
2022-11-15 00:00:00+09:00,90715.30856977076,90715.30856977076,89568.82533756718,90142.0703125,5748,0.0,0.0
2022-11-16 00:00:00+09:00,90285.37819740217,90285.37819740217,89568.82533756718,90142.0703125,3186,0.0,0.0
2022-11-17 00:00:00+09:00,90285.37892560575,91145.23967727818,90285.37892560575,90858.6171875,3633,0.0,0.0
2022-11-18 00:00:00+09:00,91001.93821870227,91001.93821870227,89998.76279245524,90572.0078125,2961,0.0,0.0
2022-11-21 00:00:00+09:00,90571.99549039427,92005.09441021127,90428.6808960494,91575.1640625,3735,0.0,0.0
2022-11-22 00:00:00+09:00,91861.79903110681,91861.79903110681,90285.38530247762,90572.0078125,3444,0.0,0.0
2022-11-24 00:00:00+09:00,90715.3125,91145.24289099526,90285.38210900474,90715.3125,3708,0.0,0.0
2022-11-25 00:00:00+09:00,90715.30535714286,91575.16607142857,89855.44464285714,90285.375,4632,0.0,0.0
2022-11-28 00:00:00+09:00,91001.92583810554,91575.1640625,90858.61124376065,91575.1640625,5535,0.0,0.0
2022-11-29 00:00:00+09:00,91575.16472582547,92005.09507665095,90858.61190189578,91145.234375,5460,0.0,0.0
2022-11-30 00:00:00+09:00,91145.23249666285,91431.85496386031,90142.06393796414,90428.6796875,3921,0.0,0.0
2022-12-01 00:00:00+09:00,90572.0027792409,90858.61855567289,88565.65875590578,88852.28125,7164,0.0,0.0
2022-12-02 00:00:00+09:00,89712.1387881337,89998.7545542576,88422.34768759023,88995.5859375,5109,0.0,0.0
2022-12-05 00:00:00+09:00,88995.58341315588,89138.89129215293,87705.7923491971,88708.9609375,3825,0.0,0.0
2022-12-06 00:00:00+09:00,89138.89129215293,89282.20588881176,88279.03058284707,88708.9609375,3387,0.0,0.0
2022-12-07 00:00:00+09:00,88708.96345371412,89568.82418740977,88708.96345371412,88995.5859375,6315,0.0,0.0
2022-12-08 00:00:00+09:00,88995.58844563633,89282.2109375,87992.41980060672,89282.2109375,6972,0.0,0.0
2022-12-09 00:00:00+09:00,90285.38888213472,90285.38888213472,88708.97509100348,89568.8359375,10176,0.0,0.0
2022-12-12 00:00:00+09:00,89138.8984375,89282.21304564689,88565.66015789942,89138.8984375,5031,0.0,0.0
2022-12-13 00:00:00+09:00,88708.96804505828,89138.89843415818,87705.79937637929,87992.421875,4773,0.0,0.0
2022-12-14 00:00:00+09:00,88135.72906615354,89138.89772687275,87992.42117681145,88422.3515625,7827,0.0,0.0
2022-12-15 00:00:00+09:00,88565.66015789942,89425.52093613145,88565.66015789942,89138.8984375,6483,0.0,0.0
2022-12-16 00:00:00+09:00,89138.90551425175,89712.15055702467,88279.04466775522,89568.8359375,10335,0.0,0.0
2022-12-19 00:00:00+09:00,89138.89333298466,89138.89333298466,87275.86399272192,87419.171875,6753,0.0,0.0
2022-12-20 00:00:00+09:00,87275.87261203922,87419.1805084703,81113.53901822612,82260.015625,16548,0.0,0.0
2022-12-21 00:00:00+09:00,82689.94221090412,85126.21664362944,82661.28466353971,83635.7890625,15054,0.0,0.0
2022-12-22 00:00:00+09:00,83664.44716838148,84868.25216360998,83635.78290546496,84381.0,9759,0.0,0.0
2022-12-23 00:00:00+09:00,84409.66355492963,84552.97816205391,83091.21484948968,83664.453125,6867,0.0,0.0
2022-12-26 00:00:00+09:00,84151.70552700685,84237.69160442465,83005.22897321095,83635.7890625,4815,0.0,0.0
2022-12-27 00:00:00+09:00,83865.09570677672,84810.94262558373,83779.1096232488,84552.984375,4809,0.0,0.0
2022-12-28 00:00:00+09:00,84524.3035941777,85642.12246164902,84209.02358872679,85355.5,5049,0.0,0.0
2022-12-29 00:00:00+09:00,85556.14455220841,86272.69741581946,84925.5777635242,86129.3828125,7167,0.0,0.0
2022-12-30 00:00:00+09:00,86129.38145644963,86129.38145644963,84982.90495391698,85011.5625,6447,0.0,0.0
2023-01-04 00:00:00+09:00,85011.56731633515,85212.20373859332,83693.1185919596,83979.734375,6051,0.0,0.0
2023-01-05 00:00:00+09:00,83979.7272306478,84581.6297285547,82632.61435550531,83549.796875,9732,0.0,0.0
2023-01-06 00:00:00+09:00,82403.32004683286,83234.5164915847,81772.75328873663,82775.921875,14853,0.0,0.0
2023-01-10 00:00:00+09:00,82345.99670997518,83492.47996484778,82317.33916302535,83320.5078125,9861,0.0,0.0
2023-01-11 00:00:00+09:00,83463.81040369667,83750.43287864156,83320.50252505511,83607.125,6906,0.0,0.0
2023-01-12 00:00:00+09:00,83693.1080808925,83836.41595441458,82890.5692103135,83721.765625,11040,0.0,0.0
2023-01-13 00:00:00+09:00,84037.04937967213,84896.91002572041,83664.44086049745,84667.609375,22623,0.0,0.0
2023-01-16 00:00:00+09:00,84610.29874993824,84782.27090186901,83349.171875,83349.171875,10809,0.0,0.0
2023-01-17 00:00:00+09:00,83492.47048480333,84037.051144625,82145.35768358929,82231.34375,10911,0.0,0.0
2023-01-18 00:00:00+09:00,82546.63531177997,84323.67869385445,81629.45271420322,82833.2578125,13206,0.0,0.0
2023-01-19 00:00:00+09:00,82833.25996018806,82833.25996018806,81199.52442728318,81543.46875,9669,0.0,0.0
2023-01-20 00:00:00+09:00,81543.45858026754,82517.96289465437,81113.52823049048,82059.375,6849,0.0,0.0
2023-01-23 00:00:00+09:00,82460.64784458884,83865.0893415033,82460.64784458884,83693.1171875,6858,0.0,0.0
2023-01-24 00:00:00+09:00,83979.72421673813,84868.24915907631,83865.08060445433,84495.640625,6645,0.0,0.0
2023-01-25 00:00:00+09:00,84753.60182960572,85355.50432721997,84180.36359490798,84381.0,6240,0.0,0.0
2023-01-26 00:00:00+09:00,84667.62300255676,84667.62300255676,83406.49609125683,83979.734375,5628,0.0,0.0
2023-01-27 00:00:00+09:00,84524.31499967485,84839.59504766886,84094.38460801831,84810.9375,10878,0.0,0.0
2023-01-30 00:00:00+09:00,84836.34136665284,86384.1277155935,84602.70833107315,86354.921875,9180,1829.0,0.0
2023-01-31 00:00:00+09:00,86208.89427570094,86208.89427570094,84369.0703125,84369.0703125,10356,0.0,0.0
2023-02-01 00:00:00+09:00,84807.14319545806,85186.79177916984,83726.60913079207,83960.2421875,21192,0.0,0.0
2023-02-02 00:00:00+09:00,84223.06132371325,84690.31367628675,83580.58078319502,84456.6875,17523,0.0,0.0
2023-02-03 00:00:00+09:00,84690.32144696379,86646.96224221913,84690.32144696379,86559.3515625,13038,0.0,0.0
2023-02-06 00:00:00+09:00,87026.6043234019,88632.7954356155,87026.6043234019,88048.7265625,15516,0.0,0.0
2023-02-07 00:00:00+09:00,88924.8241582993,89508.89297140737,87756.6796875,87756.6796875,12927,0.0,0.0
2023-02-08 00:00:00+09:00,87756.70162115934,88486.79295345875,86880.59476023402,87552.28125,6447,0.0,0.0
2023-02-09 00:00:00+09:00,87347.84385619134,87435.45453207518,86559.34777323676,86968.1953125,6630,0.0,0.0
2023-02-10 00:00:00+09:00,86792.98431945904,87523.075653822,86325.73188870141,87318.6484375,6675,0.0,0.0
2023-02-13 00:00:00+09:00,87289.4273748468,88048.71751634561,87055.79437393705,87756.6796875,3903,0.0,0.0
2023-02-14 00:00:00+09:00,88048.72906690149,88778.8203125,87756.69119974528,88778.8203125,5235,0.0,0.0
2023-02-15 00:00:00+09:00,88194.7420696329,88340.76442134967,87201.82566979494,88048.7265625,6975,0.0,0.0
2023-02-16 00:00:00+09:00,88486.7761182598,89362.8828125,88194.73827198522,89362.8828125,6999,0.0,0.0
2023-02-17 00:00:00+09:00,89070.85264198732,89362.89051342853,88632.79925711757,89216.875,5799,0.0,0.0
2023-02-20 00:00:00+09:00,89216.88426247599,90239.00665176052,88924.84636071547,89946.96875,6516,0.0,0.0
2023-02-21 00:00:00+09:00,89946.95421292719,90385.0075724781,89654.92320294908,90092.9765625,7032,0.0,0.0
2023-02-22 00:00:00+09:00,90238.98963190736,90677.04297963507,88924.82958872424,89508.8984375,7824,0.0,0.0
2023-02-24 00:00:00+09:00,89654.92451804705,90531.03125,89508.90216633232,90531.03125,9723,0.0,0.0
2023-02-27 00:00:00+09:00,90823.06369904093,91261.11707193755,90385.01032614429,91115.1015625,7041,0.0,0.0
2023-02-28 00:00:00+09:00,90823.06500316098,91699.17176153418,90385.01162397438,91553.15625,6042,0.0,0.0
2023-03-01 00:00:00+09:00,91553.14967509048,91699.16517613853,89508.8984375,89508.8984375,9225,0.0,0.0
2023-03-02 00:00:00+09:00,89800.93882736651,90238.9921875,88924.83210709952,90238.9921875,4830,0.0,0.0
2023-03-03 00:00:00+09:00,90239.00645768,90385.02198595379,89362.89959886757,89654.9375,4983,0.0,0.0
2023-03-06 00:00:00+09:00,89800.93870793814,90531.02992205092,89654.92320294908,90092.9765625,4650,0.0,0.0
2023-03-07 00:00:00+09:00,90092.97934837769,90385.01036738606,88340.76585599163,88632.796875,7242,0.0,0.0
2023-03-08 00:00:00+09:00,88632.796875,88778.81922908814,87902.71248289512,88632.796875,5601,0.0,0.0
2023-03-09 00:00:00+09:00,88924.82958872424,89654.92078313162,88778.8140876762,89508.8984375,2928,0.0,0.0
2023-03-10 00:00:00+09:00,88778.8230132354,90385.0142199963,88778.8230132354,89800.9453125,7728,0.0,0.0
2023-03-13 00:00:00+09:00,89508.90743645972,89946.96082822801,88778.8230132354,89800.9453125,6006,0.0,0.0
2023-03-14 00:00:00+09:00,90238.99481670672,91699.17044483419,89654.92593437253,91115.1015625,11157,0.0,0.0
2023-03-15 00:00:00+09:00,91699.17439530118,91991.21227134146,89070.85404469143,89800.9453125,6609,0.0,0.0
2023-03-16 00:00:00+09:00,89362.8828125,90531.02735301477,87902.70727029418,89362.8828125,10749,0.0,0.0
2023-03-17 00:00:00+09:00,89362.89051342853,90969.08853947898,89070.85264198732,89216.875,14295,0.0,0.0
2023-03-20 00:00:00+09:00,88778.8203125,90238.99595911297,88194.74457818757,88778.8203125,8916,0.0,0.0
2023-03-22 00:00:00+09:00,88632.79425214927,90238.9921875,88340.76324178277,90238.9921875,7698,0.0,0.0
2023-03-23 00:00:00+09:00,89946.95433254975,90677.0455476335,89070.84761228277,90238.9921875,4827,0.0,0.0
2023-03-24 00:00:00+09:00,90385.00270309733,91407.13171670602,90092.97170885203,91261.109375,5673,0.0,0.0
2023-03-27 00:00:00+09:00,90969.08461597648,91115.10012310735,90385.00889828528,90531.03125,4353,0.0,0.0
2023-03-28 00:00:00+09:00,90531.03004245025,90969.08340258374,89362.88546723302,90238.9921875,6276,0.0,0.0
2023-03-29 00:00:00+09:00,90677.04295814183,91845.1875,90092.97410950452,91845.1875,6699,0.0,0.0
2023-03-30 00:00:00+09:00,91991.21468477629,94327.49722063928,91115.10787825461,93159.359375,11400,0.0,0.0
2023-03-31 00:00:00+09:00,93305.37120655138,93305.37120655138,91553.15766276639,92137.2265625,6444,0.0,0.0
2023-04-03 00:00:00+09:00,92429.26315618379,94911.56792373887,92137.22528806436,94327.4921875,9984,0.0,0.0
2023-04-04 00:00:00+09:00,94619.53243703047,95203.6013433853,93159.35674885129,94911.5703125,7974,0.0,0.0
2023-04-05 00:00:00+09:00,94619.53113843869,95057.58452333887,93743.42436863833,94473.515625,6084,0.0,0.0
2023-04-06 00:00:00+09:00,94181.47536405218,94473.51322810436,93597.40648053179,93889.4375,4068,0.0,0.0
2023-04-07 00:00:00+09:00,93743.4219902659,94035.45985431808,93013.33075242743,93889.4375,5139,0.0,0.0
2023-04-10 00:00:00+09:00,93743.42850936105,94035.46639372209,93159.3595852234,93451.390625,6186,0.0,0.0
2023-04-11 00:00:00+09:00,93451.390625,94327.4974334987,93305.3751051117,93451.390625,9465,0.0,0.0
2023-04-12 00:00:00+09:00,93597.40625,94181.47513208183,93305.3683866671,93597.40625,6492,0.0,0.0
2023-04-13 00:00:00+09:00,93451.38389604159,94327.4906414563,93305.3683866671,93597.40625,4935,0.0,0.0
2023-04-14 00:00:00+09:00,94619.5390625,94765.55458816698,93889.44774499568,94619.5390625,5823,0.0,0.0
2023-04-17 00:00:00+09:00,94765.54027319561,95203.59362861035,94327.48691778086,95057.578125,5166,0.0,0.0
2023-04-18 00:00:00+09:00,95495.63413242009,96225.72535991456,95495.63413242009,95933.6875,6087,0.0,0.0
2023-04-19 00:00:00+09:00,95641.65625,95933.69413009766,94765.54945429134,95641.65625,2769,0.0,0.0
2023-04-20 00:00:00+09:00,95641.65083537136,96517.75758148036,95495.63532588117,96225.7265625,4689,0.0,0.0
2023-04-21 00:00:00+09:00,96079.71338117919,96809.8046875,95787.68233431854,96809.8046875,6363,0.0,0.0
2023-04-24 00:00:00+09:00,96517.76679605476,96955.82021093031,95933.69785774886,96809.8046875,3717,0.0,0.0
2023-04-25 00:00:00+09:00,96517.76041566467,97393.8671875,96225.72938810899,97393.8671875,3522,0.0,0.0
2023-04-26 00:00:00+09:00,97539.87649097716,98708.01413402284,97101.8231636892,98123.9453125,7275,0.0,0.0
2023-04-27 00:00:00+09:00,98269.9672976014,98269.9672976014,97685.8984375,97685.8984375,3669,0.0,0.0
2023-04-28 00:00:00+09:00,98415.99491643991,99438.1171875,97685.90366877754,99438.1171875,5355,0.0,0.0
2023-05-01 00:00:00+09:00,99146.07005862008,99146.07005862008,98269.96338109301,98854.0390625,3255,0.0,0.0
2023-05-02 00:00:00+09:00,98854.03770776026,99000.05320381925,97831.90870159744,98415.984375,3264,0.0,0.0
2023-05-08 00:00:00+09:00,98708.02463587615,99438.11587389381,98269.97126198234,99000.0625,5457,0.0,0.0
2023-05-09 00:00:00+09:00,99292.09240126355,99292.09240126355,98415.98572373646,98854.0390625,5175,0.0,0.0
2023-05-10 00:00:00+09:00,99146.07800976995,99438.11587389381,98708.02463587615,99000.0625,6660,0.0,0.0
2023-05-11 00:00:00+09:00,99292.09520915945,100022.17956468923,99000.05736019736,99876.1640625,6780,0.0,0.0
2023-05-12 00:00:00+09:00,99584.13269919886,100022.18607887947,99000.06380781939,99438.1171875,4698,0.0,0.0
2023-05-15 00:00:00+09:00,99584.1341140955,100606.26324426211,99146.080728191,100022.1875,5742,0.0,0.0
2023-05-16 00:00:00+09:00,99730.15754687622,100168.2109375,99146.08179632168,100168.2109375,4068,0.0,0.0
2023-05-17 00:00:00+09:00,100314.22394686124,100314.22394686124,98854.04829612053,99438.1171875,5646,0.0,0.0
2023-05-18 00:00:00+09:00,99146.07388693029,99146.07388693029,97539.8828125,97539.8828125,6096,0.0,0.0
2023-05-19 00:00:00+09:00,97831.90895719058,98708.015625,97539.87796430966,98708.015625,5190,0.0,0.0
2023-05-22 00:00:00+09:00,98269.96229109529,98708.015625,97685.89346075013,98708.015625,4719,0.0,0.0
2023-05-23 00:00:00+09:00,98562.00514994394,98562.00514994394,96809.79172505606,97685.8984375,3882,0.0,0.0
2023-05-24 00:00:00+09:00,96955.81357947252,97685.9048358575,96663.78255258584,97101.8359375,5355,0.0,0.0
2023-05-25 00:00:00+09:00,96809.79411657312,96809.79411657312,95641.64952292966,95787.671875,5028,0.0,0.0
2023-05-26 00:00:00+09:00,96079.70420842586,96663.7799355545,95787.6731894455,96225.7265625,5841,0.0,0.0
2023-05-29 00:00:00+09:00,96079.71348183107,97101.8426806679,96079.71348183107,96955.8203125,3759,0.0,0.0
2023-05-30 00:00:00+09:00,97393.86070573569,97831.9140625,96809.79184491119,97831.9140625,3258,0.0,0.0
2023-05-31 00:00:00+09:00,97685.89454426942,98854.0390625,97101.82570744584,98854.0390625,12123,0.0,0.0
2023-06-01 00:00:00+09:00,98416.00282357194,98416.00282357194,96809.8046875,96809.8046875,6345,0.0,0.0
2023-06-02 00:00:00+09:00,97393.86070573569,97977.93641114389,96663.77634085099,97831.9140625,5562,0.0,0.0
2023-06-05 00:00:00+09:00,98562.00122179651,99000.05456056005,98123.94788303296,98854.0390625,3585,0.0,0.0
2023-06-06 00:00:00+09:00,99292.1028650726,99730.15625,98854.04948014519,99730.15625,3705,0.0,0.0
2023-06-07 00:00:00+09:00,99730.16171245047,99730.16171245047,99000.07041605464,99146.0859375,6627,0.0,0.0
2023-06-08 00:00:00+09:00,99292.10830352988,99292.10830352988,98269.9791196588,99146.0859375,7038,0.0,0.0
2023-06-09 00:00:00+09:00,99876.18229640427,100898.3046875,99146.09096300168,100898.3046875,7857,0.0,0.0
2023-06-12 00:00:00+09:00,100752.26697781385,101628.37364718615,100460.22913982865,101190.3203125,3573,0.0,0.0
2023-06-13 00:00:00+09:00,101774.39566910612,101920.41801975257,100606.25793143734,100752.2734375,4482,0.0,0.0
2023-06-14 00:00:00+09:00,100898.29157398565,101774.39832236928,100752.27606411638,101628.3828125,3696,0.0,0.0
2023-06-15 00:00:00+09:00,102212.45420446391,102942.5454608919,101920.42317756003,102358.4765625,4791,0.0,0.0
2023-06-16 00:00:00+09:00,102504.49593960177,103672.640625,101774.40465565481,103672.640625,7527,0.0,0.0
2023-06-19 00:00:00+09:00,102942.55584904182,103380.60927818668,102650.51794808364,103234.59375,4533,0.0,0.0
2023-06-20 00:00:00+09:00,103088.5558929071,103672.63160709292,102942.54038665254,103380.59375,3648,0.0,0.0
2023-06-21 00:00:00+09:00,102942.55584904182,103672.64717914486,102504.50241989696,103234.59375,9747,0.0,0.0
2023-06-22 00:00:00+09:00,103380.59229890375,103380.59229890375,101482.36336590376,102796.5234375,5679,0.0,0.0
2023-06-23 00:00:00+09:00,102504.48944459332,102942.54281828816,101336.34483321241,101482.3671875,5088,0.0,0.0
2023-06-26 00:00:00+09:00,101920.42079211844,101920.42079211844,101044.31404274375,101774.3984375,5655,0.0,0.0
2023-06-27 00:00:00+09:00,102066.43869101196,102358.4765625,100898.29404964401,102358.4765625,4176,0.0,0.0
2023-06-28 00:00:00+09:00,102358.47151705054,103526.60925625455,102066.43365995763,103380.59375,7371,0.0,0.0
2023-06-29 00:00:00+09:00,103380.58698593074,103526.60248263167,101044.30481579907,101190.3203125,10410,0.0,0.0
2023-06-30 00:00:00+09:00,101044.31129420908,101190.32680027174,100168.2045686656,100752.2734375,6651,0.0,0.0
2023-07-03 00:00:00+09:00,101774.39832236928,102066.4361866918,101336.34494817747,101628.3828125,5088,0.0,0.0
2023-07-04 00:00:00+09:00,102066.4269818723,102358.46481985752,100898.2824745148,101190.3203125,4428,0.0,0.0
2023-07-05 00:00:00+09:00,100898.29145951757,101482.3671875,100752.27594981393,101482.3671875,3612,0.0,0.0
2023-07-06 00:00:00+09:00,101336.34494817747,101774.39832236928,100898.29157398565,101628.3828125,4455,0.0,0.0
2023-07-07 00:00:00+09:00,101482.36610272672,101628.38161086955,100898.29038098763,101336.34375,2811,0.0,0.0
2023-07-10 00:00:00+09:00,101044.30481579907,101628.37364718615,100460.22913982865,101190.3203125,4881,0.0,0.0
2023-07-11 00:00:00+09:00,101628.38292746554,101920.42079211844,101190.3295527782,101774.3984375,2913,0.0,0.0
2023-07-12 00:00:00+09:00,101774.39711901237,102066.43497988192,101336.34375,101336.34375,4014,0.0,0.0
2023-07-13 00:00:00+09:00,101628.38541666667,102650.50770111084,101190.33203125,102504.4921875,4854,0.0,0.0
2023-07-14 00:00:00+09:00,102796.5234375,103234.57679469875,102504.48558450627,102796.5234375,4398,0.0,0.0
2023-07-18 00:00:00+09:00,102942.54557291667,102942.54557291667,100898.29415944417,102504.4921875,6939,0.0,0.0
2023-07-19 00:00:00+09:00,102796.52499830602,103526.609375,102358.47163445612,103526.609375,4692,0.0,0.0
2023-07-20 00:00:00+09:00,103526.60780310877,103672.63015189748,102650.50108871127,102796.5234375,5739,0.0,0.0
2023-07-21 00:00:00+09:00,102796.52597199663,102796.52597199663,101044.3125,101044.3125,5400,0.0,0.0
2023-07-24 00:00:00+09:00,101774.39449373804,102942.5390625,101482.36348498534,102942.5390625,5871,0.0,0.0
2023-07-25 00:00:00+09:00,102796.53005930582,103234.58344472249,102212.45431569417,102504.4921875,3327,0.0,0.0
2023-07-26 00:00:00+09:00,102650.50120916357,103380.59242021276,102650.50120916357,102942.5390625,4929,0.0,0.0
2023-07-27 00:00:00+09:00,104694.75237049999,104694.75237049999,102650.50108871127,102796.5234375,13824,0.0,0.0
2023-07-28 00:00:00+09:00,101793.4407530198,102386.98618044752,100012.79751509897,102238.6015625,10389,1873.3334,0.0
2023-07-31 00:00:00+09:00,102683.75855936813,102683.75855936813,100754.72381948652,101051.5,5058,0.0,0.0
2023-08-01 00:00:00+09:00,101051.49159928558,101199.87619938797,99864.39393155601,100309.5546875,4656,0.0,0.0
2023-08-02 00:00:00+09:00,100309.5628288656,100606.33900879427,99419.24124471698,99567.6328125,3705,0.0,0.0
2023-08-03 00:00:00+09:00,99567.6259325294,100457.94745515815,98677.30440990062,99419.234375,4011,0.0,0.0
2023-08-04 00:00:00+09:00,98677.32127038429,98825.7058976305,97935.38422287707,98528.9296875,4182,0.0,0.0
2023-08-07 00:00:00+09:00,96451.506229559,98380.53398923349,96451.506229559,98083.7578125,7827,0.0,0.0
2023-08-08 00:00:00+09:00,97935.37825226244,98528.92368069997,97490.21744202488,98380.5390625,5229,0.0,0.0
2023-08-09 00:00:00+09:00,97786.99090437786,99122.47329781107,97341.83010656679,98677.3125,7977,0.0,0.0
2023-08-10 00:00:00+09:00,98528.91913415692,99270.85610219595,97786.98912175525,98825.6953125,16263,0.0,0.0
2023-08-14 00:00:00+09:00,98083.7627301772,98380.53892179033,96599.89568338687,96896.671875,8433,0.0,0.0
2023-08-15 00:00:00+09:00,96599.88553543638,96748.27013783611,95857.94861216388,96303.109375,10476,0.0,0.0
2023-08-16 00:00:00+09:00,96303.11265948138,97341.82577861626,96154.7280520209,96748.2734375,22911,0.0,0.0
2023-08-17 00:00:00+09:00,95561.17940736443,96599.88553543638,95412.78784932777,96303.109375,17958,0.0,0.0
2023-08-18 00:00:00+09:00,96599.89261363636,97935.375,96006.34720490944,97935.375,11808,0.0,0.0
2023-08-21 00:00:00+09:00,97638.59554579978,98677.30867080981,97193.43476526326,97490.2109375,10173,0.0,0.0
2023-08-22 00:00:00+09:00,97045.05663178733,98528.92368069997,96896.67201358736,98380.5390625,8460,0.0,0.0
2023-08-23 00:00:00+09:00,98380.53180247633,99567.62952738677,97935.37102508957,99122.46875,7050,0.0,0.0
2023-08-24 00:00:00+09:00,99270.84436964846,100012.78125,99122.45977583276,100012.78125,2448,0.0,0.0
2023-08-25 00:00:00+09:00,99716.02033588044,100754.7265625,99419.24414728732,100754.7265625,3984,0.0,0.0
2023-08-28 00:00:00+09:00,100457.95732954446,101051.50275109312,100309.56575742911,100754.7265625,4032,0.0,0.0
2023-08-29 00:00:00+09:00,101051.49425951087,102683.75272615436,101051.49425951087,102386.9765625,5661,0.0,0.0
2023-08-30 00:00:00+09:00,102535.36266333843,103425.68421166159,102386.9780571636,102980.5234375,4812,0.0,0.0
2023-08-31 00:00:00+09:00,103425.68857719576,103425.68857719576,100606.33920704847,101051.5,6147,0.0,0.0
2023-09-01 00:00:00+09:00,100457.95009815096,101645.04085579641,99716.01315789473,101496.65625,6615,0.0,0.0
2023-09-04 00:00:00+09:00,101793.4357019155,102090.20492308452,101348.27491452466,101941.8203125,3441,0.0,0.0
2023-09-05 00:00:00+09:00,101645.04413569368,102238.59648930632,100903.11412713383,101941.8203125,5376,0.0,0.0
2023-09-06 00:00:00+09:00,102238.58493541813,102238.58493541813,99864.38970054778,100012.78125,5136,0.0,0.0
2023-09-07 00:00:00+09:00,100012.78999993473,100309.55921352992,99419.23766147008,99864.3984375,3717,0.0,0.0
2023-09-08 00:00:00+09:00,99864.39693640574,100309.55770574432,98677.30618859426,99270.8515625,6156,0.0,0.0
2023-09-11 00:00:00+09:00,99122.48210776101,99122.48210776101,97638.60801274657,98528.9296875,3906,0.0,0.0
2023-09-12 00:00:00+09:00,98528.9296875,98825.7058976305,97786.99959563087,98528.9296875,2127,0.0,0.0
2023-09-13 00:00:00+09:00,98380.53249857305,99864.39944848242,97045.05015696347,97490.2109375,4311,0.0,0.0
2023-09-14 00:00:00+09:00,97638.59554579978,98232.14789027328,97045.05015696347,97490.2109375,3603,0.0,0.0
2023-09-15 00:00:00+09:00,97193.4349985794,99122.4696892932,96451.50499966228,98974.078125,8766,0.0,0.0
2023-09-19 00:00:00+09:00,98380.53579545455,98380.53579545455,96599.89261363636,97935.375,4182,0.0,0.0
2023-09-20 00:00:00+09:00,97935.37825226244,98974.08449093752,97638.60206022485,98380.5390625,3309,0.0,0.0
2023-09-21 00:00:00+09:00,98677.31016596699,98825.6947765151,97490.2124146703,98083.7578125,3432,0.0,0.0
2023-09-22 00:00:00+09:00,97786.99349420173,97786.99349420173,96748.28030137462,96896.671875,4938,0.0,0.0
2023-09-25 00:00:00+09:00,96896.66554866369,98232.14789027328,96451.50476812717,97490.2109375,6285,0.0,0.0
2023-09-26 00:00:00+09:00,97490.21420454545,97935.375,97341.82959127308,97935.375,3090,0.0,0.0
2023-09-27 00:00:00+09:00,97935.38422287707,98974.09052487671,97786.99959563087,98528.9296875,4779,0.0,0.0
2023-09-28 00:00:00+09:00,98528.92317843658,98528.92317843658,97193.44075453171,97638.6015625,7743,0.0,0.0
2023-09-29 00:00:00+09:00,98232.15444430003,98528.92368069997,97935.37825226244,98380.5390625,5658,0.0,0.0
2023-10-02 00:00:00+09:00,98380.53249857305,99122.46945134635,97490.2109375,97490.2109375,3039,0.0,0.0
2023-10-03 00:00:00+09:00,98380.52974723706,98528.91435138708,97490.20821106297,97786.984375,5124,0.0,0.0
2023-10-04 00:00:00+09:00,97490.2173025886,98083.7627301772,96451.51106539914,96896.671875,9114,0.0,0.0
2023-10-05 00:00:00+09:00,97193.4349985794,98974.078125,97045.05038992342,98974.078125,5445,0.0,0.0
2023-10-06 00:00:00+09:00,98677.31706842048,99419.24712869611,98083.76467343465,98232.15625,4422,0.0,0.0
2023-10-10 00:00:00+09:00,98974.09052487671,99567.64294513772,97935.38422287707,98528.9296875,8118,0.0,0.0
2023-10-11 00:00:00+09:00,98677.32127038429,99419.25136225343,98380.54506025379,98528.9296875,4749,0.0,0.0
2023-10-12 00:00:00+09:00,98528.91892457253,98825.69510228433,97341.828125,97341.828125,4494,0.0,0.0
2023-10-13 00:00:00+09:00,97341.82704140335,97341.82704140335,95412.79234120644,95857.953125,10068,0.0,0.0
2023-10-16 00:00:00+09:00,96154.73186501212,96451.50804733884,93483.76709098401,94077.3125,7671,0.0,0.0
2023-10-17 00:00:00+09:00,94374.09099789159,95116.02799409383,93186.9931950955,94670.8671875,8982,0.0,0.0
2023-10-18 00:00:00+09:00,94819.24672022407,95412.79211197706,94077.3097638049,94374.0859375,6675,0.0,0.0
2023-10-19 00:00:00+09:00,94077.31230985964,94522.47310463128,92593.4453125,92593.4453125,11577,0.0,0.0
2023-10-20 00:00:00+09:00,91999.8945775326,92445.0553465277,90812.796875,90812.796875,15903,0.0,0.0
2023-10-23 00:00:00+09:00,90961.18271909868,91257.95888768564,89922.4765625,89922.4765625,13836,0.0,0.0
2023-10-24 00:00:00+09:00,90516.02450816726,92593.4438358507,90219.25528681056,91999.8984375,9480,0.0,0.0
2023-10-25 00:00:00+09:00,93483.76938470393,94670.8671875,92741.83238850169,94670.8671875,9720,0.0,0.0
2023-10-26 00:00:00+09:00,94670.87638720527,94819.26101861005,93187.00225060432,93780.5546875,8601,0.0,0.0
2023-10-27 00:00:00+09:00,94374.09881365742,96599.90303096065,94374.09881365742,96154.7421875,9825,0.0,0.0
2023-10-30 00:00:00+09:00,95709.56340149137,95709.56340149137,93186.98344290644,93335.375,7740,0.0,0.0
2023-10-31 00:00:00+09:00,93632.15542824149,95561.19025663003,93335.38618974917,95264.4140625,8238,0.0,0.0
2023-11-01 00:00:00+09:00,96748.27501305824,97490.21197371754,94225.70186696376,95116.0234375,12375,0.0,0.0
2023-11-02 00:00:00+09:00,96154.72961791318,96748.27501305824,94967.63187198578,95116.0234375,7176,0.0,0.0
2023-11-06 00:00:00+09:00,96451.50910106945,97045.0545165699,95561.1875,95561.1875,8970,0.0,0.0
2023-11-07 00:00:00+09:00,96006.34668892615,97490.21368058716,95412.79432775184,97193.4375,8613,0.0,0.0
2023-11-08 00:00:00+09:00,97490.21069623718,98232.14764717437,95264.40679906281,96006.34375,8739,0.0,0.0
2023-11-09 00:00:00+09:00,95561.17239161025,95561.17239161025,93780.52947099414,93928.9140625,5442,0.0,0.0
2023-11-10 00:00:00+09:00,93928.92515477595,94967.63132925301,93928.92515477595,94374.0859375,4428,0.0,0.0
2023-11-13 00:00:00+09:00,94819.26101861005,95264.42186846267,93780.5546875,93780.5546875,2766,0.0,0.0
2023-11-14 00:00:00+09:00,93780.54557431235,95264.41261107924,93038.6085781101,94670.8671875,4371,0.0,0.0
2023-11-15 00:00:00+09:00,94522.47329567136,94967.6340913427,93780.54327331072,94077.3125,4263,0.0,0.0
2023-11-16 00:00:00+09:00,94374.09243574768,95264.4140625,94077.31624161765,95264.4140625,3645,0.0,0.0
2023-11-17 00:00:00+09:00,94967.62011431393,95116.01166145621,93483.75333234598,93928.9140625,4479,0.0,0.0
2023-11-20 00:00:00+09:00,94225.69746249706,94670.85822695667,93186.984375,93186.984375,3558,0.0,0.0
2023-11-21 00:00:00+09:00,93186.98106112902,93632.14180975803,92445.05111717178,92741.8203125,5568,0.0,0.0
2023-11-22 00:00:00+09:00,93335.39383764738,93780.5546875,92593.4567693469,93780.5546875,3996,0.0,0.0
2023-11-24 00:00:00+09:00,93780.5546875,94374.10016875742,93335.39383764738,93780.5546875,3378,0.0,0.0
2023-11-27 00:00:00+09:00,93928.93931890478,94225.71553735263,93632.16310045694,93780.5546875,2694,0.0,0.0
2023-11-28 00:00:00+09:00,94522.47705499383,95857.95949512233,93928.9316223715,95264.4140625,9960,0.0,0.0
2023-11-29 00:00:00+09:00,94522.47381603946,95116.02618396054,94374.08920187793,94819.25,2874,0.0,0.0
2023-11-30 00:00:00+09:00,94522.47054652894,94670.86211119512,93038.60358932783,94374.0859375,9315,0.0,0.0
2023-12-01 00:00:00+09:00,93632.1484375,94670.86156158404,93186.98765736033,93632.1484375,7005,0.0,0.0
2023-12-04 00:00:00+09:00,94967.63786836999,95561.19025663003,94670.86862987769,95264.4140625,6402,0.0,0.0
2023-12-05 00:00:00+09:00,94967.63786836999,95412.79868174616,94522.47705499383,95264.4140625,3120,0.0,0.0
2023-12-06 00:00:00+09:00,95561.18297056513,96451.50452943487,95412.79140699538,96006.34375,4674,0.0,0.0
2023-12-07 00:00:00+09:00,95412.7941325201,95857.95492467126,95264.40952034884,95709.5703125,6045,0.0,0.0
2023-12-08 00:00:00+09:00,95709.56757849769,96154.72835793256,95264.40679906281,96006.34375,8442,0.0,0.0
2023-12-11 00:00:00+09:00,96599.88937642695,97638.59554579978,95857.95242365367,97490.2109375,5778,0.0,0.0
2023-12-12 00:00:00+09:00,97341.82906811227,97638.59829306204,96599.89209446308,97193.4375,8667,0.0,0.0
2023-12-13 00:00:00+09:00,97341.82906811227,97638.59829306204,96599.89209446308,97193.4375,7650,0.0,0.0
2023-12-14 00:00:00+09:00,96896.66860708749,97490.21401465833,96154.73163089588,96451.5078125,5916,0.0,0.0
2023-12-15 00:00:00+09:00,96154.72477260027,96748.27013783611,95709.56400976416,96303.109375,11577,0.0,0.0
2023-12-18 00:00:00+09:00,95857.95492467126,96154.73110465116,94967.63334036894,95709.5703125,8052,0.0,0.0
2023-12-19 00:00:00+09:00,95709.56522670989,95857.94983099632,94522.46752550735,95412.7890625,7230,0.0,0.0
2023-12-20 00:00:00+09:00,95412.7890625,95857.94983099632,95264.40445821357,95412.7890625,4356,0.0,0.0
2023-12-21 00:00:00+09:00,94225.70406898207,95412.79488701405,94077.3125,94077.3125,5625,0.0,0.0
2023-12-22 00:00:00+09:00,94077.31155750455,94374.08773685807,93186.98997508136,94225.703125,5343,0.0,0.0
2023-12-25 00:00:00+09:00,94374.09129758067,94522.47591503728,92296.671875,92296.671875,4344,0.0,0.0
2023-12-26 00:00:00+09:00,92148.27795054612,92296.66255301585,91109.57182198415,91703.1171875,5052,0.0,0.0
2023-12-27 00:00:00+09:00,92296.66284608077,93186.984375,91851.50208162116,93186.984375,6603,0.0,0.0
2023-12-28 00:00:00+09:00,93186.99090865729,94374.0886823267,92445.06088629666,94077.3125,4236,0.0,0.0
2023-12-29 00:00:00+09:00,93780.54327331072,94225.70406898207,93335.38247763937,94077.3125,2751,0.0,0.0
2024-01-04 00:00:00+09:00,94225.70668012406,94670.86748813152,91703.12644953594,92296.671875,4539,0.0,0.0
2024-01-05 00:00:00+09:00,93038.60483630953,93928.92641369048,92296.6678699463,93483.765625,8625,0.0,0.0
2024-01-09 00:00:00+09:00,94077.30590391922,94670.85822695667,92890.21516911822,93186.984375,5121,0.0,0.0
2024-01-10 00:00:00+09:00,92593.44078947368,93780.53850275622,92593.44078947368,93038.6015625,3984,0.0,0.0
2024-01-11 00:00:00+09:00,92890.21875,93632.1487489425,92741.82718570174,92890.21875,4206,0.0,0.0
2024-01-12 00:00:00+09:00,92890.21695670359,93632.14694132273,92741.82539527009,93038.6015625,6432,0.0,0.0
2024-01-15 00:00:00+09:00,92741.8226828995,93780.53576000694,92741.8226828995,93335.375,951,0.0,0.0
2024-01-16 00:00:00+09:00,92741.82361054038,93780.53669803744,92741.82361054038,93186.984375,4008,0.0,0.0
2024-01-17 00:00:00+09:00,92741.82512924029,93038.6012956189,91554.734375,91554.734375,6426,0.0,0.0
2024-01-18 00:00:00+09:00,91109.57632769209,91554.73711275308,90219.25475757015,91257.9609375,5280,0.0,0.0
2024-01-19 00:00:00+09:00,91851.51286613605,92445.06525886396,91257.9674290459,92148.2890625,4287,0.0,0.0
2024-01-22 00:00:00+09:00,92445.067246404,95264.41682774456,92296.67566721277,94967.640625,5850,0.0,0.0
2024-01-23 00:00:00+09:00,94819.25600144669,95857.96227759574,94374.0951751488,94967.640625,7563,0.0,0.0
2024-01-24 00:00:00+09:00,95412.79393113934,95561.18549863478,94225.703125,94225.703125,5817,0.0,0.0
2024-01-25 00:00:00+09:00,93335.3687408401,94225.69020114816,92741.81646354379,93928.9140625,6999,0.0,0.0
2024-01-26 00:00:00+09:00,94225.71553735263,94374.10016875742,93632.16310045694,93780.5546875,3006,0.0,0.0
2024-01-29 00:00:00+09:00,93335.38247763937,94522.47329567136,93186.99090865729,94077.3125,20514,0.0,0.0
2024-01-30 00:00:00+09:00,93971.55150578653,94273.71320359736,93518.3125,93518.3125,5679,1883.3334,0.0
2024-01-31 00:00:00+09:00,92158.59548264043,94273.71320359736,92158.59548264043,93518.3125,7452,0.0,0.0
2024-02-01 00:00:00+09:00,92611.8357692397,92762.92016116434,91403.203125,91403.203125,9813,0.0,0.0
2024-02-02 00:00:00+09:00,92007.51799029465,92913.99600005125,92007.51799029465,92309.6796875,4845,0.0,0.0
2024-02-05 00:00:00+09:00,92309.6735298099,93669.39045374231,92158.58915035585,92611.828125,4803,0.0,0.0
2024-02-06 00:00:00+09:00,92460.75637135922,93669.39607016672,92158.5946761925,93367.234375,4053,0.0,0.0
2024-02-07 00:00:00+09:00,93669.40544477037,94575.88353913311,92460.765625,92460.765625,6069,0.0,0.0
2024-02-08 00:00:00+09:00,93669.39985005044,93820.47716280058,91705.359375,91705.359375,5226,0.0,0.0
2024-02-09 00:00:00+09:00,92460.75845917463,92611.8357692397,91252.11873307536,91403.203125,4338,0.0,0.0
2024-02-13 00:00:00+09:00,91554.2890625,91705.36638680154,91101.05000773515,91554.2890625,3126,0.0,0.0
2024-02-14 00:00:00+09:00,90949.96430572165,91101.04161610693,90043.48627969073,90315.4296875,5568,0.0,0.0
2024-02-15 00:00:00+09:00,90315.42649700427,90345.63770889833,89378.73020924233,89862.1875,5361,0.0,0.0
2024-02-16 00:00:00+09:00,90436.28631573687,90436.28631573687,88593.11909936946,88865.0625,4980,0.0,0.0
2024-02-19 00:00:00+09:00,88804.64028193086,88865.07687975682,87777.30310121588,88683.78125,2913,0.0,0.0
2024-02-20 00:00:00+09:00,88442.03997085939,89378.73632269076,88290.96265547749,88502.4765625,4596,0.0,0.0
2024-02-21 00:00:00+09:00,88834.84857669032,88834.84857669032,87807.50442980936,88442.0390625,5112,0.0,0.0
2024-02-22 00:00:00+09:00,87837.7216702156,87958.5877689438,86478.0046164971,87172.96875,6576,0.0,0.0
2024-02-26 00:00:00+09:00,87656.43157216495,88472.2618556701,87505.35425065439,87928.375,8412,0.0,0.0
2024-02-27 00:00:00+09:00,88200.30660860657,88955.70727865251,87928.36321721312,88472.25,8121,0.0,0.0
2024-02-28 00:00:00+09:00,88774.41168439022,88895.27069265897,87807.49712708521,88472.25,6357,0.0,0.0
2024-02-29 00:00:00+09:00,88139.87950626084,88139.87950626084,86387.35302001638,86629.078125,7653,0.0,0.0
2024-03-01 00:00:00+09:00,86780.16959957161,86810.38081399983,85299.58639121187,85329.8046875,8226,0.0,0.0
2024-03-04 00:00:00+09:00,86296.71381578947,88079.45169156007,86296.71381578947,87837.7265625,8643,0.0,0.0
2024-03-05 00:00:00+09:00,88321.17251555686,88744.19320733848,87475.12405013446,88411.8203125,5559,0.0,0.0
2024-03-06 00:00:00+09:00,88472.25527263375,89227.6559876989,87958.5867522308,88109.6640625,4929,0.0,0.0
2024-03-07 00:00:00+09:00,88502.47330057489,88532.68451342189,86961.460662153,86991.671875,4257,0.0,0.0
2024-03-08 00:00:00+09:00,86568.65389855117,88170.09609521682,86175.84438237062,86266.4921875,9051,0.0,0.0
2024-03-11 00:00:00+09:00,86417.58126735363,86538.44029283623,85450.66657233189,85813.2578125,5418,0.0,0.0
2024-03-12 00:00:00+09:00,86206.06982891209,86206.06982891209,84876.57093735131,84967.21875,9300,0.0,0.0
2024-03-13 00:00:00+09:00,85541.31339899945,85662.17950495274,83970.08943090704,84544.1875,8970,0.0,0.0
2024-03-14 00:00:00+09:00,84846.34560109308,86417.57658395547,84604.62048136801,86266.4921875,9288,0.0,0.0
2024-03-15 00:00:00+09:00,87263.62513937989,89741.334375,86840.604375,88381.6171875,17157,0.0,0.0
2024-03-18 00:00:00+09:00,89831.98065439357,92007.52811726485,89801.76235678917,91554.2890625,13902,0.0,0.0
2024-03-19 00:00:00+09:00,92762.92515623602,96690.99208432181,92309.68611977535,95482.359375,17205,0.0,0.0
2024-03-21 00:00:00+09:00,96842.07592235545,99561.5101253371,96539.91420584863,98806.109375,10080,0.0,0.0
2024-03-22 00:00:00+09:00,99410.4186892471,99561.50307773575,98352.86337912365,98957.1796875,7353,0.0,0.0
2024-03-25 00:00:00+09:00,99259.35075839961,100014.75152661781,98957.18903474032,99108.2734375,4884,0.0,0.0
2024-03-26 00:00:00+09:00,99108.27028011966,99561.50931023933,98352.86953596694,98655.03125,5871,0.0,0.0
2024-03-27 00:00:00+09:00,98806.11171384071,99561.51248205891,98806.11171384071,99108.2734375,6528,0.0,0.0
2024-03-28 00:00:00+09:00,99712.58744266056,100165.82647649082,98201.79302384627,98806.109375,8739,0.0,0.0
2024-03-29 00:00:00+09:00,99108.26407598863,99712.58038436499,98201.7860724944,98957.1796875,2643,0.0,0.0
2024-04-01 00:00:00+09:00,98503.9453125,99108.26873112093,97295.31263897762,98503.9453125,3465,0.0,0.0
2024-04-02 00:00:00+09:00,98503.94360808021,98503.94360808021,95633.43220580852,97144.2265625,4533,0.0,0.0
2024-04-03 00:00:00+09:00,96388.83439527532,96993.15073079745,95935.59537316879,96237.75,5760,0.0,0.0
2024-04-04 00:00:00+09:00,96993.14925138874,97144.2265625,95935.59390989067,97144.2265625,5418,0.0,0.0
2024-04-05 00:00:00+09:00,96539.9164016206,97144.23276651933,95482.3609925828,96842.078125,6624,0.0,0.0
2024-04-08 00:00:00+09:00,97144.22976169456,98806.10856608661,96690.9907315749,98655.03125,5889,0.0,0.0
2024-04-09 00:00:00+09:00,98201.7860724944,99410.4186892471,97899.62437737653,98957.1796875,5904,0.0,0.0
2024-04-10 00:00:00+09:00,99712.58506788212,100316.90140464331,98050.70628946417,98503.9453125,5784,0.0,0.0
2024-04-11 00:00:00+09:00,98352.87048066143,101676.62103951082,98201.7931631237,101072.3046875,9891,0.0,0.0
2024-04-12 00:00:00+09:00,101374.47030026834,101374.47030026834,98806.11331226522,99410.4296875,7791,0.0,0.0
2024-04-15 00:00:00+09:00,98957.18669232346,99863.664759984,98503.94765849318,98806.109375,5190,0.0,0.0
2024-04-16 00:00:00+09:00,98806.10473744292,100014.74446488165,98655.02742721041,99259.34375,3894,0.0,0.0
2024-04-17 00:00:00+09:00,99259.34854960762,101374.46640443537,98806.10951513452,101072.3046875,6330,0.0,0.0
2024-04-18 00:00:00+09:00,100619.06716628959,101072.30620757918,100165.828125,100165.828125,3561,0.0,0.0
2024-04-19 00:00:00+09:00,100770.13981280352,101072.30152027027,99259.34543918919,100619.0625,5838,0.0,0.0
2024-04-22 00:00:00+09:00,100619.05693596485,101223.37323562114,99863.65625,99863.65625,4887,0.0,0.0
2024-04-23 00:00:00+09:00,100770.14448609945,101676.62256867863,99863.66640352026,100165.828125,6684,0.0,0.0
2024-04-24 00:00:00+09:00,100770.14448609945,100921.22888776932,99561.51176390055,100165.828125,3738,0.0,0.0
2024-04-25 00:00:00+09:00,100316.90625,101676.6233847825,99863.6672050725,100316.90625,4113,0.0,0.0
2024-04-26 00:00:00+09:00,101374.45492554497,102734.171875,101072.29324282415,102734.171875,5514,0.0,0.0
2024-04-30 00:00:00+09:00,103338.50080607894,103942.81716362314,102432.02272883263,103489.578125,4902,0.0,0.0
2024-05-01 00:00:00+09:00,103640.65480280161,104849.2874278265,103036.33140842973,104547.1328125,5172,0.0,0.0
2024-05-02 00:00:00+09:00,105302.53278885767,106209.0108532721,104698.216439868,105453.6171875,5874,0.0,0.0
2024-05-07 00:00:00+09:00,105604.68525602172,106813.32493001511,105000.36895995465,106360.0859375,8103,0.0,0.0
2024-05-08 00:00:00+09:00,106057.93116918104,106511.17019127155,104547.13678949921,105151.453125,6879,0.0,0.0
2024-05-09 00:00:00+09:00,105302.53427949261,105302.53427949261,103187.42348715788,103489.578125,5700,0.0,0.0
2024-05-10 00:00:00+09:00,103338.48815858254,103489.56545901339,101223.37054325499,102734.171875,10611,0.0,0.0
2024-05-13 00:00:00+09:00,102734.17983913954,104244.97420614495,102129.85642684966,103942.8125,4830,0.0,0.0
2024-05-14 00:00:00+09:00,103791.73347274792,103791.73347274792,101827.70011990966,102583.09375,6171,0.0,0.0
2024-05-15 00:00:00+09:00,101827.69695260606,102432.01325425327,101525.5352608528,102129.8515625,5247,0.0,0.0
2024-05-16 00:00:00+09:00,102280.93289184832,103036.32647586172,101374.45492554497,102734.171875,5232,0.0,0.0
2024-05-17 00:00:00+09:00,101827.6953125,103187.41228070018,101374.45632309993,101827.6953125,4938,0.0,0.0
2024-05-20 00:00:00+09:00,101374.45632309993,102129.84991752723,101223.37193872711,101827.6953125,4893,0.0,0.0
2024-05-21 00:00:00+09:00,101978.78672870512,102432.0257808327,100921.2313010275,101676.625,4950,0.0,0.0
2024-05-22 00:00:00+09:00,101223.36957018389,101827.69292981611,100467.97599343218,101525.53125,3264,0.0,0.0
2024-05-23 00:00:00+09:00,101525.54135882546,101525.54135882546,99712.58526313215,100770.140625,5667,0.0,0.0
2024-05-24 00:00:00+09:00,100467.9797542393,100921.21875,99712.57906735172,100921.21875,4539,0.0,0.0
2024-05-27 00:00:00+09:00,100921.22570342297,100921.22570342297,99259.34691051136,99712.5859375,3948,0.0,0.0
2024-05-28 00:00:00+09:00,100014.74697303429,101072.30233490212,99561.50794911095,100770.140625,4734,0.0,0.0
2024-05-29 00:00:00+09:00,100467.98347743873,100467.98347743873,98503.94303511834,99259.34375,5043,0.0,0.0
2024-05-30 00:00:00+09:00,98655.0224793213,98655.0224793213,97144.22112532987,97446.3828125,4932,0.0,0.0
2024-05-31 00:00:00+09:00,97748.55702378204,98050.71166780675,96388.83988009045,96993.15625,7329,0.0,0.0
2024-06-03 00:00:00+09:00,97144.2265625,98050.70459288682,96388.83292508406,97144.2265625,4629,0.0,0.0
2024-06-04 00:00:00+09:00,97597.4765625,98503.95469491289,97144.23749629356,97597.4765625,5748,0.0,0.0
2024-06-05 00:00:00+09:00,97597.4765625,98655.03910488864,97597.4765625,97597.4765625,4956,0.0,0.0
2024-06-06 00:00:00+09:00,98050.7014876534,98050.7014876534,97144.22348597443,97748.546875,3849,0.0,0.0
2024-06-07 00:00:00+09:00,97899.62877501051,97899.62877501051,95482.35635106226,96237.75,3570,0.0,0.0
2024-06-10 00:00:00+09:00,95935.59537316879,96388.83439527532,95180.19464237134,96237.75,3273,0.0,0.0
2024-06-11 00:00:00+09:00,96690.98738615696,96842.07177887604,95935.59375,95935.59375,3573,0.0,0.0
2024-06-12 00:00:00+09:00,96237.75149580225,96388.83589342584,95180.19612173623,95331.2734375,4620,0.0,0.0
2024-06-13 00:00:00+09:00,95482.35465665768,95633.43196739232,94273.7149252019,94878.03125,5643,0.0,0.0
2024-06-14 00:00:00+09:00,95180.19765673958,96388.83744792134,94726.9586202789,95482.359375,7632,0.0,0.0
2024-06-17 00:00:00+09:00,95633.43352212258,95784.5108353133,94726.95547925886,95029.1171875,5469,0.0,0.0
2024-06-18 00:00:00+09:00,95180.19765673958,95633.43669320024,94878.03593847915,95482.359375,3399,0.0,0.0
2024-06-19 00:00:00+09:00,95180.1953125,95331.27262697929,94575.8789727231,95180.1953125,3771,0.0,0.0
2024-06-20 00:00:00+09:00,94726.95628720238,96690.98970287215,94726.95628720238,95180.1953125,3975,0.0,0.0
2024-06-21 00:00:00+09:00,95029.11799802072,96086.67336309524,94575.8789727231,95180.1953125,5619,0.0,0.0
2024-06-24 00:00:00+09:00,96086.67418003848,96086.67418003848,94424.79537919775,95331.2734375,2148,0.0,0.0
2024-06-25 00:00:00+09:00,95935.59537316879,96842.07341738185,95784.51097789347,96237.75,2775,0.0,0.0
2024-06-26 00:00:00+09:00,96237.74837171895,96237.74837171895,94878.0313284049,95935.59375,5607,0.0,0.0
2024-06-27 00:00:00+09:00,95633.43196739232,95935.59367072115,93820.47591113843,94878.03125,7209,0.0,0.0
2024-06-28 00:00:00+09:00,95935.59456286045,96237.74918713955,95029.11652630384,96086.671875,7971,0.0,0.0
2024-07-01 00:00:00+09:00,96237.75149580225,96539.9132091896,95331.2734375,95331.2734375,5772,0.0,0.0
2024-07-02 00:00:00+09:00,96086.66869075829,96388.83038688364,95482.35238036705,95633.4296875,3456,0.0,0.0
2024-07-03 00:00:00+09:00,95482.35620893186,95482.35620893186,94424.79377101772,95029.1171875,4509,0.0,0.0
2024-07-04 00:00:00+09:00,95029.12031134793,95029.12031134793,93820.480520512,94424.796875,2754,0.0,0.0
2024-07-05 00:00:00+09:00,94424.79207171898,94424.79207171898,92611.83601861808,93669.3984375,6375,0.0,0.0
2024-07-08 00:00:00+09:00,94273.7147612471,94273.7147612471,92913.99772142143,93669.3984375,5109,0.0,0.0
2024-07-09 00:00:00+09:00,92913.99537317961,93518.31168165366,92460.75637135922,93367.234375,3465,0.0,0.0
2024-07-10 00:00:00+09:00,92913.99537317961,93518.31168165366,92913.99537317961,93367.234375,2721,0.0,0.0
2024-07-11 00:00:00+09:00,93367.23835327668,94273.71639554152,93065.07664523518,93971.5546875,4053,0.0,0.0
2024-07-12 00:00:00+09:00,94122.64143313598,95482.35853049177,94122.64143313598,94273.71875,6192,0.0,0.0
2024-07-16 00:00:00+09:00,92611.84059818748,93669.40306936488,91705.36252681253,92158.6015625,10542,0.0,0.0
2024-07-17 00:00:00+09:00,91856.43925647582,93216.15625,91856.43925647582,93216.15625,5730,0.0,0.0
2024-07-18 00:00:00+09:00,92460.76031101187,94726.95541667393,92460.76031101187,93971.5546875,11688,0.0,0.0
2024-07-19 00:00:00+09:00,93820.47971754808,94575.8804655879,93669.40240068406,94273.71875,12957,0.0,0.0
2024-07-22 00:00:00+09:00,94575.87490140821,94575.87490140821,93367.23519202432,93518.3125,7461,0.0,0.0
2024-07-23 00:00:00+09:00,93820.47971754808,94726.95778245192,93216.16336823214,94273.71875,7143,0.0,0.0
2024-07-24 00:00:00+09:00,94424.79142426851,95180.19213516745,94122.63680539656,94726.953125,8370,0.0,0.0
2024-07-25 00:00:00+09:00,94122.64610558788,95180.20153985507,93820.484375,93820.484375,7182,0.0,0.0
2024-07-26 00:00:00+09:00,93820.47971754808,94878.03509931594,93820.47971754808,94273.71875,3828,0.0,0.0
2024-07-29 00:00:00+09:00,93820.4820457148,94878.03745372604,93065.0812789296,94575.8828125,10347,0.0,0.0
2024-07-30 00:00:00+09:00,94026.18078358064,95257.28796641935,93718.40038109756,94641.734375,7566,1904.6666,0.0
2024-07-31 00:00:00+09:00,94487.8582309641,96180.63259797622,93564.52413494019,95872.859375,11826,0.0,0.0
2024-08-01 00:00:00+09:00,95718.96176315249,96026.7421875,93256.74000901442,96026.7421875,22662,0.0,0.0
2024-08-02 00:00:00+09:00,92948.95298166324,95257.28796641935,91902.51259760503,94641.734375,27555,0.0,0.0
2024-08-05 00:00:00+09:00,92641.18094026088,93872.28813834913,90917.61932126225,91563.953125,15849,0.0,0.0
2024-08-06 00:00:00+09:00,93102.84570436104,95718.95384755694,92487.28490657057,94026.1796875,15807,0.0,0.0
2024-08-07 00:00:00+09:00,92795.07595869973,96488.4123152649,92795.07595869973,93564.5234375,13590,0.0,0.0
2024-08-08 00:00:00+09:00,94180.07914417815,96180.63397638497,93564.5254758563,94795.6328125,8838,0.0,0.0
2024-08-09 00:00:00+09:00,96180.62798341528,96180.62798341528,92948.95880238079,93718.40625,10896,0.0,0.0
2024-08-13 00:00:00+09:00,93872.29655884969,95872.85855890394,93410.62951476756,95565.078125,5775,0.0,0.0
2024-08-14 00:00:00+09:00,95565.07304339544,96796.1875,94949.51942186675,96796.1875,6777,0.0,0.0
2024-08-15 00:00:00+09:00,96026.74404761905,96950.078125,94487.85632316662,96950.078125,7020,0.0,0.0
2024-08-16 00:00:00+09:00,96950.07894209654,97565.6325943559,96334.52528983717,97257.859375,5106,0.0,0.0
2024-08-19 00:00:00+09:00,97103.96691058335,97257.86073596234,95565.07915162698,96180.6328125,5553,0.0,0.0
2024-08-20 00:00:00+09:00,96642.29368445744,97257.85451953331,96026.74006292874,96796.1875,6249,0.0,0.0
2024-08-21 00:00:00+09:00,96642.29986154167,97257.86073596234,96180.6328125,96180.6328125,4677,0.0,0.0
2024-08-22 00:00:00+09:00,95872.85558209992,96488.4092172476,95411.18855235232,96026.7421875,4161,0.0,0.0
2024-08-23 00:00:00+09:00,96334.52366084844,97103.96390977476,95718.96280545049,96642.296875,5205,0.0,0.0
2024-08-26 00:00:00+09:00,96950.07433513457,97873.40837642156,96642.2939168565,97103.9609375,4026,0.0,0.0
2024-08-27 00:00:00+09:00,97719.52048544443,98796.74111489172,97103.9596570056,98181.1875,5487,0.0,0.0
2024-08-28 00:00:00+09:00,99104.5204902837,100335.62770716251,99104.5204902837,99566.1875,10578,0.0,0.0
2024-08-29 00:00:00+09:00,100335.62685905023,100797.29386486419,98335.07223837209,99258.40625,7071,0.0,0.0
2024-08-30 00:00:00+09:00,98335.07433679381,98950.62795316569,97565.6269061686,98488.9609375,4905,0.0,0.0
2024-09-02 00:00:00+09:00,99258.40815812213,100335.62878788062,99258.40815812213,100181.7421875,7029,0.0,0.0
2024-09-03 00:00:00+09:00,100489.52151943263,100489.52151943263,99412.29368772988,99566.1875,4548,0.0,0.0
2024-09-04 00:00:00+09:00,99720.08673749793,100797.3074921833,99566.20011927086,100027.8671875,6756,0.0,0.0
2024-09-05 00:00:00+09:00,100027.85450971632,101258.96172659512,99566.1875,99566.1875,10512,0.0,0.0
2024-09-06 00:00:00+09:00,100335.639619018,100951.20051408386,99720.0859375,99720.0859375,7989,0.0,0.0
2024-09-09 00:00:00+09:00,100027.85475014002,101105.07537088491,99873.9609375,99873.9609375,6048,0.0,0.0
2024-09-10 00:00:00+09:00,100181.73742865302,102182.29199275878,100181.73742865302,101720.625,7422,0.0,0.0
2024-09-11 00:00:00+09:00,100797.29495915191,101105.07537088491,99566.18773931406,99873.9609375,6087,0.0,0.0
2024-09-12 00:00:00+09:00,100181.74784008795,101258.96853062682,100181.74784008795,100951.1953125,3780,0.0,0.0
2024-09-13 00:00:00+09:00,101566.73815518925,101874.51855411449,100951.1845708855,101412.8515625,8271,0.0,0.0
2024-09-17 00:00:00+09:00,101566.75102519651,102182.3046875,100951.19736289303,102182.3046875,4131,0.0,0.0
2024-09-18 00:00:00+09:00,101566.73719202055,102797.8515625,100951.18361355417,102797.8515625,4767,0.0,0.0
2024-09-19 00:00:00+09:00,102490.0819198759,103259.52938385023,101720.63445590156,102336.1953125,3927,0.0,0.0
2024-09-20 00:00:00+09:00,101874.52856563967,103105.63585523189,99873.96659634427,100643.4140625,9162,0.0,0.0
2024-09-24 00:00:00+09:00,100951.1945615168,100951.1945615168,98181.19233769664,98642.859375,6594,0.0,0.0
2024-09-25 00:00:00+09:00,98335.07330592915,100181.74134923298,97719.51969601022,99873.9609375,4569,0.0,0.0
2024-09-26 00:00:00+09:00,100181.7430206321,100951.19045602826,100027.85641897174,100489.5234375,4158,0.0,0.0
2024-09-27 00:00:00+09:00,100489.52827176228,102951.75008451434,99412.30036767588,100951.1953125,3657,0.0,0.0
2024-09-30 00:00:00+09:00,99720.0859375,100489.5334495584,99104.532255982,99720.0859375,5154,0.0,0.0
2024-10-01 00:00:00+09:00,99412.30367025045,99720.08411214953,98027.30250202614,98796.75,2853,0.0,0.0
2024-10-02 00:00:00+09:00,98181.19046600228,98335.07707098727,97103.96259046541,97719.5234375,4224,0.0,0.0
2024-10-03 00:00:00+09:00,97103.96070399074,98181.18855859993,96488.40708246206,96796.1875,5937,0.0,0.0
2024-10-04 00:00:00+09:00,96488.40838495802,96796.18880665067,95411.18772935463,95718.9609375,11856,0.0,0.0
2024-10-07 00:00:00+09:00,96026.74301051459,96334.5234375,94795.6285161204,96334.5234375,3975,0.0,0.0
2024-10-08 00:00:00+09:00,96334.52154931113,96488.40815301391,95411.1875,95411.1875,2787,0.0,0.0
2024-10-09 00:00:00+09:00,95718.96070740554,96026.74112835834,95257.29368274997,95411.1875,2865,0.0,0.0
2024-10-10 00:00:00+09:00,95718.96176315249,96026.7421875,94795.6277036573,96026.7421875,2913,0.0,0.0
2024-10-11 00:00:00+09:00,95872.85475511997,95872.85475511997,95411.18772935463,95718.9609375,3309,0.0,0.0
2024-10-15 00:00:00+09:00,95718.95496337056,95872.84877138553,94333.9539725169,94641.734375,3837,0.0,0.0
2024-10-16 00:00:00+09:00,94180.0773099405,94487.85774488101,93410.62982936304,93872.296875,3105,0.0,0.0
2024-10-17 00:00:00+09:00,93718.41188114791,94795.63260170267,93410.63144089753,94487.859375,2619,0.0,0.0
2024-10-18 00:00:00+09:00,94487.85369761921,94795.62690582908,93718.40625,93718.40625,2754,0.0,0.0
2024-10-21 00:00:00+09:00,93872.29285410493,94487.85369761921,93410.62582824286,93718.40625,4491,0.0,0.0
2024-10-22 00:00:00+09:00,93256.73839725954,93718.40541902815,92487.29095646278,93410.625,6270,0.0,0.0
2024-10-23 00:00:00+09:00,93102.85475868727,93410.62797396696,92487.29390103303,92948.9609375,4584,0.0,0.0
2024-10-24 00:00:00+09:00,92333.4022241913,92795.06923531226,91994.84882055162,92179.515625,6348,0.0,0.0
2024-10-25 00:00:00+09:00,92210.29367915285,93256.74136632711,92025.62686456606,92948.9609375,5001,0.0,0.0
2024-10-28 00:00:00+09:00,92641.18772222032,93256.74136632711,92271.85409304674,92948.9609375,2880,0.0,0.0
2024-10-29 00:00:00+09:00,92641.18371152235,93102.85072800245,91964.06968283582,92795.0703125,5259,0.0,0.0
2024-10-30 00:00:00+09:00,92641.18667534912,92948.95988715088,92271.85305034912,92333.40625,4905,0.0,0.0
2024-10-31 00:00:00+09:00,92333.40497623042,92487.29158000839,91502.40433144436,91994.8515625,8478,0.0,0.0
2024-11-01 00:00:00+09:00,91994.84818639571,92179.51498957111,91256.18097369409,91594.734375,3285,0.0,0.0
2024-11-05 00:00:00+09:00,92179.51582394596,92271.84922636944,89994.28715755914,90486.734375,5442,0.0,0.0
2024-11-06 00:00:00+09:00,90486.7387739657,91625.51986373209,90332.85216696115,91502.40625,5976,0.0,0.0
2024-11-07 00:00:00+09:00,90702.18630367825,90763.73950411605,88701.62433365388,88947.8515625,5562,0.0,0.0
2024-11-08 00:00:00+09:00,88947.84881584154,89778.84945705462,88670.84860210384,89132.515625,7101,0.0,0.0
2024-11-11 00:00:00+09:00,89224.85409018386,89501.85431963229,88701.62662552728,89317.1875,4950,0.0,0.0
2024-11-12 00:00:00+09:00,89224.85634632185,90271.296875,89132.52293417095,90271.296875,6042,0.0,0.0
2024-11-13 00:00:00+09:00,89748.0707492236,89748.0707492236,88763.18348845298,89194.0703125,6540,0.0,0.0
2024-11-14 00:00:00+09:00,88886.29048827075,89963.51837598917,88793.95708152617,89778.8515625,6387,0.0,0.0
2024-11-15 00:00:00+09:00,90240.51353507537,90794.5139444717,90025.06652690558,90178.953125,6807,0.0,0.0
2024-11-18 00:00:00+09:00,90240.51353507537,90579.06693630191,89440.28591247155,90178.953125,5166,0.0,0.0
2024-11-19 00:00:00+09:00,90178.95271810336,90917.61992729887,89871.1795233032,90732.953125,4959,0.0,0.0
2024-11-20 00:00:00+09:00,91225.40225259723,91687.0692680456,90917.62183778262,91656.2890625,5727,0.0,0.0
2024-11-21 00:00:00+09:00,91317.7418291123,91625.52226473404,90209.74091713116,90455.9609375,5475,0.0,0.0
2024-11-22 00:00:00+09:00,90271.29815638145,90702.19222823392,90025.078125,90025.078125,4848,0.0,0.0
2024-11-25 00:00:00+09:00,90517.51798382864,90886.85160740966,89471.0703125,89471.0703125,7620,0.0,0.0
2024-11-26 00:00:00+09:00,89809.61531020838,90302.0625,89101.72833588957,90302.0625,4146,0.0,0.0
2024-11-27 00:00:00+09:00,90302.07246643156,90763.739503581,89194.0715772729,89532.625,4938,0.0,0.0
2024-11-28 00:00:00+09:00,89317.17948291503,89778.84649055665,89101.73247483328,89594.1796875,4173,0.0,0.0
2024-11-29 00:00:00+09:00,89778.84605425117,89778.84605425117,88732.3984375,88732.3984375,5742,0.0,0.0
2024-12-02 00:00:00+09:00,88701.61884789154,88855.51265978966,87593.61802725079,87901.3984375,7014,0.0,0.0
2024-12-03 00:00:00+09:00,87809.06419396368,87839.84439875763,86978.06358644983,87593.6171875,7227,0.0,0.0
2024-12-04 00:00:00+09:00,87439.73712797619,87747.51755828568,86854.95647445243,87255.0703125,5481,0.0,0.0
2024-12-05 00:00:00+09:00,87162.73546824543,87593.62229273932,85777.734375,85777.734375,7602,0.0,0.0
2024-12-06 00:00:00+09:00,85777.73038305879,86270.1775978109,85716.17718629491,86208.6171875,9204,0.0,0.0
2024-12-09 00:00:00+09:00,85716.1803482325,85808.51375355787,84915.95269304779,85469.953125,7605,0.0,0.0
2024-12-10 00:00:00+09:00,85469.94950634128,85777.72991557735,84392.72889433551,84762.0625,6177,0.0,0.0
2024-12-11 00:00:00+09:00,84423.51331995643,84854.40014359092,84177.28609483902,84638.953125,5913,0.0,0.0
2024-12-12 00:00:00+09:00,84792.84694408524,84946.73354962311,84300.39970739772,84638.953125,4719,0.0,0.0
2024-12-13 00:00:00+09:00,83100.06915983607,84823.62374530196,83038.5159575669,84485.0703125,13545,0.0,0.0
2024-12-16 00:00:00+09:00,84638.9526803175,85192.95311360003,84054.17925421745,84608.1796875,5046,0.0,0.0
2024-12-17 00:00:00+09:00,84331.183346593,84669.73677797597,83623.2890625,83623.2890625,6918,0.0,0.0
2024-12-18 00:00:00+09:00,83654.0690555138,84269.62271468824,83315.515625,83315.515625,6453,0.0,0.0
2024-12-19 00:00:00+09:00,83100.06375661498,83500.17757921811,82792.28333818585,82853.84375,6366,0.0,0.0
2024-12-20 00:00:00+09:00,83100.0692704494,83807.956344904,83069.2890625,83069.2890625,11601,0.0,0.0
2024-12-23 00:00:00+09:00,83253.94951613495,84084.95014528747,83253.94951613495,83961.84375,4836,0.0,0.0
2024-12-24 00:00:00+09:00,84023.40074535011,85162.18184128642,83869.51413751181,84392.734375,4053,0.0,0.0
2024-12-25 00:00:00+09:00,84700.51100197739,84915.95080057032,84300.39718330215,84546.6171875,3321,0.0,0.0
2024-12-26 00:00:00+09:00,84731.28588239705,85469.953125,84608.17948432808,85469.953125,4671,0.0,0.0
2024-12-27 00:00:00+09:00,85839.28587116182,86239.39969467498,85500.73245960282,85993.1796875,7551,0.0,0.0
2024-12-30 00:00:00+09:00,86208.62247154613,86762.62291701886,85531.515625,85531.515625,8223,0.0,0.0
2025-01-06 00:00:00+09:00,86362.51711138016,87316.62418970157,85993.18347756607,86424.0703125,8229,0.0,0.0
2025-01-07 00:00:00+09:00,86793.40223153302,87101.18265814646,86300.95499166101,86639.515625,8334,0.0,0.0
2025-01-08 00:00:00+09:00,86762.62524734983,86947.29206746732,85900.8515625,85900.8515625,4521,0.0,0.0
2025-01-09 00:00:00+09:00,85962.39440620532,86177.8414082302,85500.72741154257,85808.5078125,3618,0.0,0.0
2025-01-10 00:00:00+09:00,85993.1765116585,86300.94970587395,85285.28229515968,85316.0625,4164,0.0,0.0
2025-01-14 00:00:00+09:00,85931.61459876686,85962.39480306873,85254.5078125,85254.5078125,7017,0.0,0.0
2025-01-15 00:00:00+09:00,85500.73586617349,85870.06949842478,84577.40178554527,84977.515625,6255,0.0,0.0
2025-01-16 00:00:00+09:00,85316.06905004784,85531.51607337693,84854.40200973373,84977.515625,4989,0.0,0.0
2025-01-17 00:00:00+09:00,84823.61465027735,85100.6148511094,84300.39445322132,84731.28125,5676,0.0,0.0
2025-01-20 00:00:00+09:00,84792.84141253494,85223.72820806006,84269.6140034542,84423.5078125,6402,0.0,0.0
2025-01-21 00:00:00+09:00,84454.28399449492,84669.73100717137,84238.84419536561,84269.6171875,2985,0.0,0.0
2025-01-22 00:00:00+09:00,84454.28206667745,84454.28206667745,83346.28125,83346.28125,5883,0.0,0.0
2025-01-23 00:00:00+09:00,83377.06121209399,83438.61440832555,82515.28039711743,83038.5078125,6867,0.0,0.0
2025-01-24 00:00:00+09:00,83161.62752159388,84146.52210029121,82976.96068978164,83253.9609375,5355,0.0,0.0
2025-01-27 00:00:00+09:00,83623.28690871358,84792.84821163653,83623.28690871358,84392.734375,5460,0.0,0.0
2025-01-28 00:00:00+09:00,83746.4003032988,85408.40163236095,83746.4003032988,84669.734375,7233,0.0,0.0
2025-01-29 00:00:00+09:00,83900.27775321003,85962.3926927834,83900.27775321003,85192.9453125,20931,0.0,0.0
2025-01-30 00:00:00+09:00,85939.14357391959,86285.03595054509,85027.24147013323,86222.1484375,8127,1957.6666,0.0
2025-01-31 00:00:00+09:00,86222.14524397824,86347.92763532799,85153.0133423005,85404.578125,5361,0.0,0.0
2025-02-03 00:00:00+09:00,85624.68213161541,85656.12956974129,83863.765625,83863.765625,6921,0.0,0.0
2025-02-04 00:00:00+09:00,84335.44348115644,84429.77842912194,83423.54144079587,83926.65625,6669,0.0,0.0
2025-02-05 00:00:00+09:00,83643.65586754521,83675.103308517,83234.8759845028,83329.2109375,6216,0.0,0.0
2025-02-06 00:00:00+09:00,83329.21131851702,83863.77359797267,83329.21131851702,83643.65625,5553,0.0,0.0
2025-02-07 00:00:00+09:00,83549.3179431465,83549.3179431465,82605.96844672438,83046.203125,8112,0.0,0.0
2025-02-10 00:00:00+09:00,82983.3163981413,83392.10367672557,82385.86657165502,82605.9765625,7017,0.0,0.0
2025-02-12 00:00:00+09:00,82417.29983415504,82888.97458972997,82322.96488304005,82700.3046875,6408,0.0,0.0
2025-02-13 00:00:00+09:00,82700.29872218224,83329.20326419688,82543.07627163734,83109.0859375,5121,0.0,0.0
2025-02-14 00:00:00+09:00,82794.64648032065,83140.5462429376,82417.30664467935,82605.9765625,6420,0.0,0.0
2025-02-17 00:00:00+09:00,82605.97328643924,82951.87303533821,82322.96842093194,82763.203125,7896,0.0,0.0
2025-02-18 00:00:00+09:00,82920.42789873606,83266.32028733207,82511.640625,82511.640625,6384,0.0,0.0
2025-02-19 00:00:00+09:00,82543.07896871801,83454.98100354268,82543.07896871801,82857.53125,6015,0.0,0.0
2025-02-20 00:00:00+09:00,83014.7605488115,83171.98301745387,82574.53321466179,82763.203125,5490,0.0,0.0
2025-02-21 00:00:00+09:00,83046.20840791847,84052.44547814039,82857.53849663197,83832.328125,6078,0.0,0.0
2025-02-25 00:00:00+09:00,84241.1102105479,84901.45485945477,84115.32782078345,84555.5625,6888,0.0,0.0
2025-02-26 00:00:00+09:00,85498.9218734149,85530.36194704882,83989.56250158511,84744.2421875,7959,0.0,0.0
2025-02-27 00:00:00+09:00,84807.12293330034,85813.35997753806,84618.45302688588,85593.25,8181,0.0,0.0
2025-02-28 00:00:00+09:00,85907.69619391469,86159.26098611174,84492.671875,84492.671875,11484,0.0,0.0
2025-03-03 00:00:00+09:00,84429.79084091626,84901.4656500834,84021.00354966511,84083.8984375,4899,0.0,0.0
2025-03-04 00:00:00+09:00,84429.7829324946,84838.57018545522,83329.2109375,83329.2109375,5958,0.0,0.0
2025-03-05 00:00:00+09:00,83360.6484375,83832.32318793835,82794.63873697397,83360.6484375,6090,0.0,0.0
2025-03-06 00:00:00+09:00,83643.65337407491,84115.328125,83329.20845340352,84115.328125,3747,0.0,0.0
2025-03-07 00:00:00+09:00,83800.8800988016,84429.77728675645,83549.31532768549,84052.4375,6561,0.0,0.0
2025-03-10 00:00:00+09:00,84052.44350482976,84744.23561994513,83643.65625,83643.65625,5280,0.0,0.0
2025-03-11 00:00:00+09:00,83926.66682861328,85310.2511531143,83926.66682861328,85184.46875,9726,0.0,0.0
2025-03-12 00:00:00+09:00,84870.00946841315,86190.69879811014,84587.00461204951,85498.9140625,7290,0.0,0.0
2025-03-13 00:00:00+09:00,85498.91640484883,86410.81851036388,85121.57658602628,86002.03125,6378,0.0,0.0
2025-03-14 00:00:00+09:00,86253.58621173428,86882.48338145381,86064.91632382666,86788.1484375,8955,0.0,0.0
2025-03-17 00:00:00+09:00,86882.48338145381,87196.93565127232,86662.3660555891,86788.1484375,4641,0.0,0.0
2025-03-18 00:00:00+09:00,86788.1572339848,87542.83686210641,86285.03502526431,86882.4921875,5256,0.0,0.0
2025-03-19 00:00:00+09:00,86536.59892445603,87134.04871062802,85813.359375,85813.359375,5685,0.0,0.0
2025-03-21 00:00:00+09:00,85027.23425971667,85373.12660701007,83989.54984791875,84272.5546875,12348,0.0,0.0
2025-03-24 00:00:00+09:00,84209.66217990745,85121.57160194627,84052.43972124327,84775.671875,6411,0.0,0.0
2025-03-25 00:00:00+09:00,84398.33561790835,85593.24993760773,84398.33561790835,84838.5703125,6852,0.0,0.0
2025-03-26 00:00:00+09:00,85121.57046011148,85121.57046011148,84587.00084197184,84901.453125,4008,0.0,0.0
2025-03-27 00:00:00+09:00,84995.797681424,85436.02503149549,84807.12776426213,85310.25,3948,0.0,0.0
2025-03-28 00:00:00+09:00,85027.24316858882,85121.578125,84020.99872025718,85121.578125,6543,0.0,0.0
2025-03-31 00:00:00+09:00,84492.66743956863,84524.114879422,83046.203125,83046.203125,10842,0.0,0.0
2025-04-01 00:00:00+09:00,83171.98631596194,83360.65623378259,82574.53648947566,82605.9765625,14778,0.0,0.0
2025-04-02 00:00:00+09:00,82826.09294094455,82888.98045616603,81977.07832082098,82511.640625,10578,0.0,0.0
2025-04-03 00:00:00+09:00,82448.7547247249,83895.2265625,81945.63248334253,83895.2265625,7776,0.0,0.0
2025-04-04 00:00:00+09:00,83895.21882994403,84649.8984375,83486.43158587854,84649.8984375,9519,0.0,0.0
2025-04-07 00:00:00+09:00,83077.64319493544,85058.6771374219,81568.28400066005,83046.203125,10233,0.0,0.0
2025-04-08 00:00:00+09:00,84398.33773616736,85561.80464404894,83423.54810921641,84807.125,10803,0.0,0.0
2025-04-09 00:00:00+09:00,85247.3515117545,85247.3515117545,83423.54730287667,84492.671875,8820,0.0,0.0
2025-04-10 00:00:00+09:00,84272.56295565108,86630.93685021298,83266.31851402573,86096.3671875,13065,0.0,0.0
2025-04-11 00:00:00+09:00,85593.2446778909,86976.82144892802,84712.78271273033,86851.0390625,7152,0.0,0.0
2025-04-14 00:00:00+09:00,86851.0506099282,87920.18261192017,86410.82325377563,87448.5078125,6156,0.0,0.0
2025-04-15 00:00:00+09:00,87668.61925676609,88045.9590708269,86442.26486106848,86882.4921875,6018,0.0,0.0
2025-04-16 00:00:00+09:00,86819.59601020417,87700.05057519452,86693.81362809805,87542.828125,5550,0.0,0.0
2025-04-17 00:00:00+09:00,88014.50398534465,88266.06138289721,86819.59713457296,87417.046875,7974,0.0,0.0
2025-04-18 00:00:00+09:00,87417.04959287371,87825.83682528409,86851.03990334448,87165.4921875,4218,0.0,0.0
2025-04-21 00:00:00+09:00,87071.16587860929,88234.6328125,86945.38347848316,88234.6328125,4815,0.0,0.0
2025-04-22 00:00:00+09:00,88454.73793093997,88769.19022898561,87794.39326398684,88517.6328125,8112,0.0,0.0
2025-04-23 00:00:00+09:00,88832.07690777686,89052.1942513369,87605.72253779022,88203.1796875,7701,0.0,0.0
2025-04-24 00:00:00+09:00,88108.8517206348,88328.96908164425,87134.0546875,87134.0546875,7278,0.0,0.0
2025-04-25 00:00:00+09:00,87385.60440112624,87542.82684902918,86410.80753632622,86913.9296875,6804,0.0,0.0
2025-04-28 00:00:00+09:00,86788.15919555796,87479.95132694463,86442.26681482383,87071.1640625,3606,0.0,0.0
2025-04-30 00:00:00+09:00,86630.93189947141,87417.05157278832,86505.14950897679,87354.1640625,6744,0.0,0.0
2025-05-01 00:00:00+09:00,87165.49032258065,87794.38750751848,87071.15537634409,87731.5,6189,0.0,0.0
2025-05-02 00:00:00+09:00,87291.28166291393,88706.30600163236,87228.38677902527,88360.40625,6009,0.0,0.0
2025-05-07 00:00:00+09:00,88423.30084522086,89555.3203125,87259.83393610007,89555.3203125,11214,0.0,0.0
2025-05-08 00:00:00+09:00,88832.07866775435,89115.08352797365,87668.61915568713,87857.2890625,7584,0.0,0.0
2025-05-09 00:00:00+09:00,87731.513671875,88297.5234375,87165.50390625,88297.5234375,7791,0.0,0.0
2025-05-12 00:00:00+09:00,88769.19322580557,89555.3203125,88580.52331459238,89555.3203125,8898,0.0,0.0
2025-05-13 00:00:00+09:00,89335.2018754692,89523.87178439311,87731.507649616,87951.625,9282,0.0,0.0
2025-05-14 00:00:00+09:00,87511.3884067212,88517.6328125,87291.2784310156,88517.6328125,8451,0.0,0.0
2025-05-15 00:00:00+09:00,88140.30015924797,88643.41503306896,87479.95543867901,87983.0703125,6213,0.0,0.0
2025-05-16 00:00:00+09:00,88234.63592018127,88486.193359375,87668.62615455627,88297.5234375,5352,0.0,0.0
2025-05-19 00:00:00+09:00,88045.95918911896,88391.8515625,87322.7196312519,88391.8515625,8589,0.0,0.0
2025-05-20 00:00:00+09:00,88297.51770508212,88297.51770508212,87511.390625,87511.390625,6666,0.0,0.0
2025-05-21 00:00:00+09:00,87731.51153693022,87731.51153693022,86913.94435200698,87574.2890625,9192,0.0,0.0
2025-05-22 00:00:00+09:00,87291.2754141768,87542.83282196843,86945.37568730564,87479.9453125,4044,0.0,0.0
2025-05-23 00:00:00+09:00,87196.94747575163,88140.29704321407,87196.94747575163,87920.1796875,4293,0.0,0.0
2025-05-26 00:00:00+09:00,88454.74083145364,88454.74083145364,87605.72623181676,88045.9609375,4752,0.0,0.0
2025-05-27 00:00:00+09:00,88234.62795523436,88643.40783578373,88203.18051445436,88517.6328125,4473,0.0,0.0
2025-05-28 00:00:00+09:00,89052.19130754036,89681.08850702777,88517.62905647195,89649.6484375,4758,0.0,0.0
2025-05-29 00:00:00+09:00,89618.212890625,89649.66033424377,88611.97576393127,89052.203125,5487,0.0,0.0
2025-05-30 00:00:00+09:00,89146.53125,89177.97869120732,88517.6340152814,89146.53125,10101,0.0,0.0
2025-06-02 00:00:00+09:00,89083.64395502985,89681.09375,88926.41411852758,89681.09375,5838,0.0,0.0
2025-06-03 00:00:00+09:00,89681.09440634916,90215.6640625,88863.52725624327,90215.6640625,4566,0.0,0.0
2025-06-04 00:00:00+09:00,89964.0974645791,90467.21966911765,89806.875,89806.875,3669,0.0,0.0
2025-06-05 00:00:00+09:00,89806.87287236194,89901.20782285811,89240.86316938486,89838.3203125,4932,0.0,0.0
2025-06-06 00:00:00+09:00,89806.873261654,90247.1005759051,89618.20335984378,90152.765625,3600,0.0,0.0
2025-06-09 00:00:00+09:00,90121.32332952958,90215.65827810553,89429.53125,89429.53125,4731,0.0,0.0
2025-06-10 00:00:00+09:00,89429.53322368421,89995.54292763157,89366.64571321828,89618.203125,5400,0.0,0.0
2025-06-11 00:00:00+09:00,89901.21468627262,90593.00683269808,89712.54477087646,90498.671875,6882,0.0,0.0
2025-06-12 00:00:00+09:00,90435.77617829773,90561.55857740586,89869.76643718896,90184.21875,7800,0.0,0.0
2025-06-13 00:00:00+09:00,90121.32818324718,90876.0078125,89618.20597377255,90876.0078125,12402,0.0,0.0
2025-06-16 00:00:00+09:00,91001.77918621655,91756.45878518978,89775.42483788503,90058.4296875,7389,0.0,0.0
2025-06-17 00:00:00+09:00,90247.10320817714,90907.44788377336,89649.65341496417,90876.0078125,5340,0.0,0.0
2025-06-18 00:00:00+09:00,90813.10997141537,90938.89236216558,90467.21760924978,90593.0,4629,0.0,0.0
2025-06-19 00:00:00+09:00,90561.55686363128,91316.23650416154,90372.88695349872,91284.7890625,5688,0.0,0.0
2025-06-20 00:00:00+09:00,90530.10746931066,91096.1171875,90278.55005119926,91096.1171875,12261,0.0,0.0
2025-06-23 00:00:00+09:00,90907.44984806281,91473.45958223252,90687.3398647202,91064.6796875,4371,0.0,0.0
2025-06-24 00:00:00+09:00,91410.56849868716,91693.57335472025,90970.34117927507,91001.78125,5022,0.0,0.0
2025-06-25 00:00:00+09:00,91316.23905174386,91567.79648229922,90310.00195960383,90498.671875,4671,0.0,0.0
2025-06-26 00:00:00+09:00,90813.11210499254,90813.11210499254,89806.87506510416,90561.5546875,7110,0.0,0.0
2025-06-27 00:00:00+09:00,91096.1171875,91096.1171875,90278.55005119926,91096.1171875,6612,0.0,0.0
2025-06-30 00:00:00+09:00,90404.33040735895,90876.00516188444,89932.65565283346,90152.765625,8295,0.0,0.0
2025-07-01 00:00:00+09:00,90026.99257006042,90561.55484689226,89649.65275819837,90341.4375,6612,0.0,0.0
2025-07-02 00:00:00+09:00,90530.11096645525,90938.89823535603,90026.99611079728,90404.3359375,5484,0.0,0.0
2025-07-03 00:00:00+09:00,90876.00410279649,91347.67885182498,90467.2168636658,91033.2265625,4860,0.0,0.0
2025-07-04 00:00:00+09:00,91347.68455458486,91347.68455458486,91064.6796875,91064.6796875,3537,0.0,0.0
2025-07-07 00:00:00+09:00,91190.45415397019,92228.13866022885,91190.45415397019,92039.46875,4458,0.0,0.0
2025-07-08 00:00:00+09:00,92102.3644089867,92416.80934873728,91536.35467353357,91599.2421875,5850,0.0,0.0
2025-07-09 00:00:00+09:00,91504.90230331263,91599.23725414078,90970.34003859242,91127.5625,5469,0.0,0.0
2025-07-10 00:00:00+09:00,91064.67972909566,91819.359375,90750.22741999605,91819.359375,3192,0.0,0.0
2025-07-11 00:00:00+09:00,91819.35658026199,91945.13160413883,91127.56446926652,91316.234375,5223,0.0,0.0
2025-07-14 00:00:00+09:00,91504.89658043033,92322.46364650289,91190.44430736353,92070.90625,4152,0.0,0.0
2025-07-15 00:00:00+09:00,92070.91778376995,92416.81016853123,91536.35548551734,91913.6953125,4752,0.0,0.0
2025-07-16 00:00:00+09:00,91756.46274295116,92416.8074205356,91756.46274295116,92165.25,4695,0.0,0.0
2025-07-17 00:00:00+09:00,92353.91193642806,92448.24688222625,91882.23720743711,92385.359375,3867,0.0,0.0
2025-07-18 00:00:00+09:00,92416.81445276237,92951.3841457149,92165.25701308512,92605.484375,6540,0.0,0.0
2025-07-22 00:00:00+09:00,92636.92476970317,92857.04211887074,91599.24027635618,92165.25,4956,0.0,0.0
2025-07-23 00:00:00+09:00,92165.24589709593,92416.80330643298,91850.79360798614,92008.0234375,4419,0.0,0.0
2025-07-24 00:00:00+09:00,92008.02867824078,92291.03354358404,91787.91132633433,92039.46875,7110,0.0,0.0
2025-07-25 00:00:00+09:00,92008.02156308407,92731.25370639293,91882.23917601905,92574.03125,4950,0.0,0.0
2025-07-28 00:00:00+09:00,92605.47451358371,93926.16382860896,92605.47451358371,93391.6015625,7545,0.0,0.0
2025-07-29 00:00:00+09:00,93391.60270544302,93643.16012141088,92731.25803984897,93265.8203125,18006,0.0,0.0
2025-07-30 00:00:00+09:00,93829.6242427373,95594.54790952068,93797.53978108527,95466.1875,15615,1985.6666,0.0
2025-07-31 00:00:00+09:00,95305.75,95787.09217171717,95049.03668207464,95305.75,4845,0.0,0.0
2025-08-01 00:00:00+09:00,95081.12176215422,95466.19550202251,94343.0662677305,95016.9453125,7347,0.0,0.0
2025-08-04 00:00:00+09:00,95016.94451179584,95787.09198504241,94888.58409259761,95755.0,4689,0.0,0.0
2025-08-05 00:00:00+09:00,95337.83961027484,95754.99780139084,95177.3872097183,95562.4609375,4575,0.0,0.0
2025-08-06 00:00:00+09:00,95369.92298693804,97070.67027924258,95081.1176943925,96589.328125,5748,0.0,0.0
2025-08-07 00:00:00+09:00,97391.56206860775,97712.45935179455,96749.77502320544,97231.1171875,4005,0.0,0.0
2025-08-08 00:00:00+09:00,97391.5625,98033.35706921642,96749.77545175493,97391.5625,5871,0.0,0.0
2025-08-12 00:00:00+09:00,97552.015625,97872.90539101251,96749.7761680259,97552.015625,4077,0.0,0.0
2025-08-13 00:00:00+09:00,97712.45935179455,98354.24639719685,97070.67230639225,97231.1171875,5232,0.0,0.0
2025-08-14 00:00:00+09:00,97391.56322102233,98354.24756100269,97070.67345500982,97552.015625,3054,0.0,0.0
2025-08-15 00:00:00+09:00,96589.33170957668,98033.35822589442,96589.33170957668,97712.4609375,5610,0.0,0.0
2025-08-18 00:00:00+09:00,97712.4609375,98193.80310960591,97231.11876539409,97712.4609375,2937,0.0,0.0
2025-08-19 00:00:00+09:00,97712.45904202473,100119.1698558677,97712.45904202473,99477.3828125,4887,0.0,0.0
2025-08-20 00:00:00+09:00,99798.27300629458,99798.27300629458,99156.48596014493,99637.828125,3372,0.0,0.0
2025-08-21 00:00:00+09:00,99958.7249752686,100440.0671380372,99477.3828125,99477.3828125,3792,0.0,0.0
2025-08-22 00:00:00+09:00,99637.8276930991,100119.1698558677,99477.3828125,99477.3828125,3669,0.0,0.0
2025-08-25 00:00:00+09:00,100279.61675883485,100440.06916364112,99477.3848186892,100119.171875,2433,0.0,0.0
2025-08-26 00:00:00+09:00,100119.1698558677,100440.0671380372,99316.9304109296,99477.3828125,4113,0.0,0.0
2025-08-27 00:00:00+09:00,99798.27572787675,100760.9600838401,99637.8308422067,100440.0703125,5604,0.0,0.0
2025-08-28 00:00:00+09:00,100440.06959299218,100760.95936203355,99798.27501296645,100279.6171875,4437,0.0,0.0
2025-08-29 00:00:00+09:00,100119.171875,101081.85621995192,99958.72699116517,100119.171875,4101,0.0,0.0
2025-09-01 00:00:00+09:00,100600.51831733291,101884.1000054059,100279.62101507172,101402.7578125,4260,0.0,0.0
2025-09-02 00:00:00+09:00,101402.74839821785,101884.0905464357,100600.50897753108,100921.40625,3933,0.0,0.0
2025-09-03 00:00:00+09:00,100760.95777136968,100760.95777136968,99477.38367352434,99798.2734375,5739,0.0,0.0
2025-09-04 00:00:00+09:00,100119.1698558677,100600.51201863629,99316.9304109296,99477.3828125,7194,0.0,0.0
2025-09-05 00:00:00+09:00,99477.38439208824,100440.06873291176,99316.93198797003,99958.7265625,6045,0.0,0.0
2025-09-08 00:00:00+09:00,100119.17302018838,101563.1995541334,100119.17302018838,100440.0703125,3609,0.0,0.0
2025-09-09 00:00:00+09:00,100440.07425975263,101723.6484375,100440.07425975263,101723.6484375,4155,0.0,0.0
2025-09-10 00:00:00+09:00,100921.40827565154,102044.53747037915,100760.95587571102,101563.1953125,3531,0.0,0.0
2025-09-11 00:00:00+09:00,101402.7524432824,102365.43677812062,101402.7524432824,102204.984375,6018,0.0,0.0
2025-09-12 00:00:00+09:00,101884.09002118376,103167.6640625,101723.63762529097,103167.6640625,9777,0.0,0.0
2025-09-16 00:00:00+09:00,103007.23079309541,104290.8125,102525.88859312767,104290.8125,6006,0.0,0.0
2025-09-17 00:00:00+09:00,105895.27852803623,105895.27852803623,104451.25200265391,105093.0390625,7194,0.0,0.0
2025-09-18 00:00:00+09:00,104772.15000908304,105895.2792517321,104451.25271648122,105253.4921875,5907,0.0,0.0
2025-09-19 00:00:00+09:00,105895.27809633028,105895.27809633028,104451.25157683487,104932.59375,13053,0.0,0.0
2025-09-22 00:00:00+09:00,104932.5953196347,105895.27968036529,104772.15043317013,105413.9375,6162,0.0,0.0
2025-09-24 00:00:00+09:00,105734.83749483907,106216.1796875,105574.38508330427,106216.1796875,4542,0.0,0.0
2025-09-25 00:00:00+09:00,106216.17740289134,106857.96447231108,105413.93792538796,105574.3828125,7503,0.0,0.0
2025-09-26 00:00:00+09:00,106055.7281160264,106697.52272530575,105895.28322419248,106537.0703125,5379,0.0,0.0
2025-09-29 00:00:00+09:00,106537.06876180468,106537.06876180468,103488.57073550142,103649.015625,7305,0.0,0.0
2025-09-30 00:00:00+09:00,104290.8125,104611.70228599725,103649.01788606177,104290.8125,5004,0.0,0.0
2025-10-01 00:00:00+09:00,104611.69285111202,104611.69285111202,102686.32422488928,103809.4609375,4704,0.0,0.0
2025-10-02 00:00:00+09:00,103809.46560640883,103969.91049215313,102365.4390717956,102846.78125,5670,0.0,0.0
2025-10-03 00:00:00+09:00,101563.19804165365,103167.66943737493,101563.19804165365,102365.4375,5544,0.0,0.0
2025-10-06 00:00:00+09:00,102846.77975271268,104772.1484375,102686.3273483328,104772.1484375,5784,0.0,0.0
2025-10-07 00:00:00+09:00,104130.35781446744,104611.7000039349,103167.67343553255,103649.015625,3951,0.0,0.0
2025-10-08 00:00:00+09:00,103649.0136291076,104130.35580930622,102846.78167609099,103007.2265625,4902,0.0,0.0
2025-10-09 00:00:00+09:00,103488.56759005292,103488.56759005292,102365.43835575602,102686.328125,6567,0.0,0.0
2025-10-10 00:00:00+09:00,102686.328125,102846.78053059347,102044.54106554056,102686.328125,4110,0.0,0.0
2025-10-14 00:00:00+09:00,101884.09002118376,103167.6640625,101242.29547955461,103167.6640625,7497,0.0,0.0
2025-10-15 00:00:00+09:00,103167.6640625,103649.00620823634,102686.32191676366,103167.6640625,4713,0.0,0.0
2025-10-16 00:00:00+09:00,103167.66522556778,103809.45977443224,102686.32307440498,103488.5625,4002,0.0,0.0
2025-10-17 00:00:00+09:00,103649.00853800065,104130.35069455633,103007.2215029168,103809.4609375,4674,0.0,0.0
2025-10-20 00:00:00+09:00,104451.25043019676,104932.59259807786,103649.01097673782,104611.6953125,5199,0.0,0.0
2025-10-21 00:00:00+09:00,104772.1484375,104932.59332090846,104290.80626630317,104772.1484375,4530,0.0,0.0
2025-10-22 00:00:00+09:00,105093.03820431694,105574.38037551376,104451.25114971164,104772.1484375,4524,0.0,0.0
2025-10-23 00:00:00+09:00,104772.14382498778,105734.828125,103969.90440132056,105734.828125,5550,0.0,0.0
2025-10-24 00:00:00+09:00,105734.83364331757,106055.72341275487,104932.59417778134,105093.0390625,3522,0.0,0.0
2025-10-27 00:00:00+09:00,105413.93792538796,105895.28010769567,105093.04063019229,105574.3828125,4494,0.0,0.0
2025-10-28 00:00:00+09:00,105574.38123762743,105734.83364331757,104772.1492930627,105093.0390625,4515,0.0,0.0
2025-10-29 00:00:00+09:00,105413.93316433775,105574.37804420326,103488.56452206675,104130.3515625,4455,0.0,0.0
2025-10-30 00:00:00+09:00,104130.35314461892,104772.14771577461,103488.56609443459,104611.6953125,3567,0.0,0.0
2025-10-31 00:00:00+09:00,104451.25739299862,105253.49689993548,104290.8125,104290.8125,4665,0.0,0.0
2025-11-04 00:00:00+09:00,104451.25114971164,104932.59332090846,103969.90897851481,104772.1484375,3678,0.0,0.0
2025-11-05 00:00:00+09:00,105093.04176384278,105895.28125,104130.35738884278,105895.28125,4905,0.0,0.0
2025-11-06 00:00:00+09:00,105734.83321226572,105734.83321226572,104451.25157683487,104932.59375,3708,0.0,0.0
2025-11-07 00:00:00+09:00,104932.59332090846,105253.49060869683,104290.80626630317,104772.1484375,3240,0.0,0.0
2025-11-10 00:00:00+09:00,105093.0390625,105734.83364331757,104611.69688737256,105093.0390625,5316,0.0,0.0
2025-11-11 00:00:00+09:00,105253.48798964501,106376.6171875,104772.14583042555,106376.6171875,4956,0.0,0.0
2025-11-12 00:00:00+09:00,106376.6234375,106857.965625,105574.38395134278,105895.28125,3750,0.0,0.0
2025-11-13 00:00:00+09:00,105895.28125,106055.72613884277,105413.93906250001,105895.28125,2532,0.0,0.0
2025-11-14 00:00:00+09:00,106055.72613884277,106697.52073615722,105734.83636115723,105895.28125,3510,0.0,0.0
2025-11-17 00:00:00+09:00,106055.72148653433,106857.9609375,105574.3793201492,106857.9609375,4224,0.0,0.0
2025-11-18 00:00:00+09:00,106216.17854865723,106697.52073615722,105574.38395134278,105895.28125,4044,0.0,0.0
2025-11-19 00:00:00+09:00,105734.83522058363,105895.28010769567,105093.04063019229,105574.3828125,3168,0.0,0.0
2025-11-20 00:00:00+09:00,105734.83636115723,106857.965625,105574.38395134278,105895.28125,3006,0.0,0.0
2025-11-21 00:00:00+09:00,106055.7199076966,106697.51446730338,105734.83014886446,106376.6171875,4044,0.0,0.0
2025-11-25 00:00:00+09:00,106537.05703321696,107660.19369897684,105734.82515306948,107178.8515625,3762,0.0,0.0
2025-11-26 00:00:00+09:00,107660.203125,107820.64801088283,106537.0663609056,107660.203125,5274,0.0,0.0
2025-11-27 00:00:00+09:00,107499.75270134278,108943.77926384278,107339.3078125,108301.9921875,3717,0.0,0.0
2025-11-28 00:00:00+09:00,108301.99334870672,108622.89065080459,106216.1796875,106216.1796875,4350,0.0,0.0
2025-12-01 00:00:00+09:00,106376.6218607306,106697.51915463131,105413.9375,105413.9375,4947,0.0,0.0
2025-12-02 00:00:00+09:00,105895.28238540213,106216.1796875,105093.04289064334,106216.1796875,4227,0.0,0.0
2025-12-03 00:00:00+09:00,105895.28125,106697.52073615722,105574.38395134278,105895.28125,4446,0.0,0.0
2025-12-04 00:00:00+09:00,105734.83909990321,105895.28399290182,104130.36008602951,104290.8125,3372,0.0,0.0
2025-12-05 00:00:00+09:00,104130.3483539727,104451.24562478728,103167.6640625,103167.6640625,3693,0.0,0.0
2025-12-08 00:00:00+09:00,103328.125,103649.01477636986,102365.44062894712,103328.125,4203,0.0,0.0
2025-12-09 00:00:00+09:00,102846.78281447355,103328.125,102044.5433316056,103328.125,3450,0.0,0.0
2025-12-10 00:00:00+09:00,103007.2265625,103969.9109228972,102846.78167609099,103007.2265625,2874,0.0,0.0
2025-12-11 00:00:00+09:00,103969.90940366972,105413.93592316513,103649.01211456915,104932.59375,8286,0.0,0.0
2025-12-12 00:00:00+09:00,104932.58870133279,106055.71787769003,104772.14382498778,105734.828125,10923,0.0,0.0
2025-12-15 00:00:00+09:00,105413.93635290879,106055.72341275487,105093.0390625,105093.0390625,2568,0.0,0.0
2025-12-16 00:00:00+09:00,105253.48597499389,106537.06002769613,105253.48597499389,105734.828125,4374,0.0,0.0
2025-12-17 00:00:00+09:00,106055.72499480771,106216.17740289134,104772.15085596821,105574.3828125,3861,0.0,0.0
2025-12-18 00:00:00+09:00,105734.83636115723,106857.965625,105253.49417365724,105895.28125,5337,0.0,0.0
2025-12-19 00:00:00+09:00,105895.28322419248,106857.96761713969,105895.28322419248,106537.0703125,3960,0.0,0.0
2025-12-22 00:00:00+09:00,106857.965625,107339.3078125,105734.83636115723,105895.28125,3711,0.0,0.0
2025-12-23 00:00:00+09:00,106537.05790665382,107499.7421875,106376.6130335031,107499.7421875,2826,0.0,0.0
2025-12-24 00:00:00+09:00,107660.1957501079,108141.53789575522,107339.29847935267,107820.640625,3318,0.0,0.0
2025-12-25 00:00:00+09:00,107820.64686098654,107820.64686098654,106376.6203405269,107339.3046875,4416,0.0,0.0
2025-12-26 00:00:00+09:00,107499.75071814563,107981.09289676565,106537.0663609056,107660.203125,4722,0.0,0.0
2025-12-29 00:00:00+09:00,107820.64801088283,107820.64801088283,107018.40853952563,107660.203125,3279,0.0,0.0
2025-12-30 00:00:00+09:00,107820.64570419429,108301.98787251658,107018.40625,107018.40625,4779,0.0,0.0
2026-01-05 00:00:00+09:00,107499.7484183223,107820.64570419429,106055.7219133554,107018.40625,5640,0.0,0.0
2026-01-06 00:00:00+09:00,107339.3078125,108301.9921875,106697.52073615722,108301.9921875,3624,0.0,0.0
2026-01-07 00:00:00+09:00,107981.08666490574,109104.22336418109,107499.7445140652,108141.5390625,5730,0.0,0.0
2026-01-08 00:00:00+09:00,108301.98553355831,108943.77257047046,107820.64337563138,108622.8828125,5934,0.0,0.0
2026-01-09 00:00:00+09:00,108943.77184220927,109264.66911900585,108141.53993167459,108462.4296875,3297,0.0,0.0
2026-01-13 00:00:00+09:00,108783.32970814977,109264.671875,107820.64537444933,109264.671875,4695,0.0,0.0
2026-01-14 00:00:00+09:00,108943.77573596848,110066.91248441293,108622.88596867415,109585.5703125,6465,0.0,0.0
2026-01-15 00:00:00+09:00,110066.90625,110227.35112455924,109425.11170982102,110066.90625,3717,0.0,0.0
2026-01-16 00:00:00+09:00,110227.36135870482,110869.1484375,109906.46405882137,110869.1484375,2739,0.0,0.0
2026-01-19 00:00:00+09:00,111029.59609729458,111350.48586247637,109425.1171875,109425.1171875,3069,0.0,0.0
2026-01-20 00:00:00+09:00,109746.01288075325,110066.9101622488,108622.88367697573,108943.7734375,5370,0.0,0.0
2026-01-21 00:00:00+09:00,108622.87886246784,108943.76860876927,107339.29731434929,107499.7421875,5964,0.0,0.0
2026-01-22 00:00:00+09:00,107499.75156757658,109264.6754101197,107499.75156757658,107981.09375,5475,0.0,0.0
2026-01-23 00:00:00+09:00,109264.67230490911,110548.25392855048,108943.77501875591,109425.1171875,8376,0.0,0.0
2026-01-26 00:00:00+09:00,109104.22424109315,109585.56639580242,108462.4296875,108462.4296875,7062,0.0,0.0
2026-01-27 00:00:00+09:00,108462.4296875,108783.32696429658,107820.64265487801,108462.4296875,6006,0.0,0.0
2026-01-28 00:00:00+09:00,107820.64579867682,109425.1171875,107820.64579867682,109425.1171875,12177,0.0,0.0
2026-01-29 00:00:00+09:00,108417.08364630045,110867.74105241032,107828.92586883408,109299.3203125,4857,2038.3333,3.0
2026-01-30 00:00:00+09:00,110475.63509755144,110573.6613931127,109201.29325525492,109593.3984375,8816,0.0,0.0
2026-02-02 00:00:00+09:00,110181.55350293322,110867.73755499774,108613.1328125,108613.1328125,7830,0.0,0.0
2026-02-03 00:00:00+09:00,109005.2421875,109593.39996908723,107828.92662432554,109005.2421875,8583,0.0,0.0
2026-02-04 00:00:00+09:00,108711.16120495496,109593.39786036036,107730.8982545045,108809.1875,8185,0.0,0.0
2026-02-05 00:00:00+09:00,109691.41963098403,110769.70883200354,109005.23559397162,110573.65625,7163,0.0,0.0
2026-02-06 00:00:00+09:00,110475.63374606919,110475.63374606919,109103.265625,109103.265625,4606,0.0,0.0
2026-02-09 00:00:00+09:00,109201.29057141246,109593.39574402076,108319.05393304378,108613.1328125,5772,0.0,0.0
2026-02-10 00:00:00+09:00,108907.21018710727,109299.31535429758,108319.05243632181,109201.2890625,3803,0.0,0.0
2026-02-12 00:00:00+09:00,108711.15819964348,109985.5,108417.07932263814,109985.5,3984,0.0,0.0
2026-02-13 00:00:00+09:00,109985.50031250001,109985.50031250001,107436.81670454546,107828.921875,6713,0.0,0.0
2026-02-16 00:00:00+09:00,108221.02540286482,109495.3671875,107730.8939472359,109495.3671875,3152,0.0,0.0
2026-02-17 00:00:00+09:00,110181.55136754068,110377.60395004522,107828.92037748644,108417.078125,2905,0.0,0.0
2026-02-18 00:00:00+09:00,108123.00400408095,109593.3984375,107730.89882183587,109593.3984375,2647,0.0,0.0
2026-02-19 00:00:00+09:00,109201.28891666667,110279.578125,108221.026,110279.578125,4548,0.0,0.0
2026-02-20 00:00:00+09:00,110083.52405227674,110867.734375,109887.47147159593,110867.734375,3104,0.0,0.0
2026-02-24 00:00:00+09:00,111161.81879111842,112044.05544819079,110279.58213404605,111749.9765625,7109,0.0,0.0
2026-02-25 00:00:00+09:00,111063.79024559399,112632.2109375,110769.71136586161,112632.2109375,6477,0.0,0.0
2026-02-26 00:00:00+09:00,112240.10366717524,113122.34028988666,111946.0247929381,112436.15625,6061,0.0,0.0
2026-02-27 00:00:00+09:00,112436.16237199467,112436.16237199467,109789.45235975068,110083.53125,6567,0.0,0.0
2026-03-02 00:00:00+09:00,108809.18375,110279.578125,108613.13116666666,110279.578125,5206,0.0,0.0
2026-03-03 00:00:00+09:00,109789.44909502262,109789.44909502262,108319.0546875,108319.0546875,5006,0.0,0.0
2026-03-04 00:00:00+09:00,107828.92397345735,108515.10803510662,106750.63473372278,108024.9765625,6085,0.0,0.0
2026-03-05 00:00:00+09:00,108613.13699977518,109789.45256294963,108613.13699977518,109005.2421875,5037,0.0,0.0
2026-03-06 00:00:00+09:00,108515.10879919244,108711.16138961556,107730.8984375,107730.8984375,4235,0.0,0.0
2026-03-09 00:00:00+09:00,106358.52467217302,108613.12934264305,106358.52467217302,107926.9453125,6549,0.0,0.0
2026-03-10 00:00:00+09:00,108809.1825405771,109201.28770288549,108221.02479711451,108711.15625,5617,0.0,0.0
2026-03-11 00:00:00+09:00,109495.36644112723,110279.57676478794,108613.12982700893,109789.4453125,3236,0.0,0.0
2026-03-12 00:00:00+09:00,108711.15760351213,109593.39422969031,108515.10501991697,109201.2890625,4875,0.0,0.0
2026-03-13 00:00:00+09:00,109201.28770288549,109887.47173692516,108221.02479711451,108711.15625,7971,0.0,0.0
2026-03-16 00:00:00+09:00,107828.92586883408,109887.47808996636,107534.84698010089,109299.3203125,4895,0.0,0.0
2026-03-17 00:00:00+09:00,109789.44816800716,110279.5796330429,109201.29040996426,109691.421875,2897,0.0,0.0
2026-03-18 00:00:00+09:00,109789.44951067615,110573.65986432384,109005.23915702847,110181.5546875,4245,0.0,0.0
2026-03-19 00:00:00+09:00,110083.52720978114,110377.60608923736,108515.10651934793,108613.1328125,11440,0.0,0.0
2026-03-23 00:00:00+09:00,107828.9205194064,108221.0256849315,106750.63131421233,107338.7890625,6427,0.0,0.0
2026-03-24 00:00:00+09:00,108319.05697565009,108907.21475108349,107436.8203125,107436.8203125,5449,0.0,0.0
2026-03-25 00:00:00+09:00,108221.02972972972,109103.26638513514,108123.00343468468,108809.1875,4084,0.0,0.0
2026-03-26 00:00:00+09:00,109299.3133727861,109593.39224284742,107632.8664424387,107926.9453125,3583,0.0,0.0
2026-03-27 00:00:00+09:00,108123.00075284092,108417.07963068182,107632.86928977273,107828.921875,4324,0.0,0.0
2026-03-30 00:00:00+09:00,106848.65625,108221.02431192661,106260.49850917431,106848.65625,6790,0.0,0.0
2026-03-31 00:00:00+09:00,107044.71609288355,107142.7423896719,106064.453125,106064.453125,6424,0.0,0.0
2026-04-01 00:00:00+09:00,106848.66290639013,109299.3203125,106750.63661014574,109299.3203125,6041,0.0,0.0
2026-04-02 00:00:00+09:00,109789.45045045044,110475.63451576576,108417.08231981982,108809.1875,6146,0.0,0.0
2026-04-03 00:00:00+09:00,108809.1824079241,109985.49789341517,108417.07724609374,109789.4453125,3925,0.0,0.0
2026-04-06 00:00:00+09:00,109593.39976625112,110279.58384349955,109103.26828250223,110083.53125,1960,0.0,0.0
2026-04-07 00:00:00+09:00,109887.4765625,110671.68692155443,109691.4239727364,109887.4765625,2238,0.0,0.0
2026-04-08 00:00:00+09:00,110573.65611281825,111651.9453125,109887.47207665716,111651.9453125,4714,0.0,0.0
2026-04-09 00:00:00+09:00,111553.9185407366,111553.9185407366,109495.36644112723,109789.4453125,2804,0.0,0.0
2026-04-10 00:00:00+09:00,109985.50495325023,110083.53125,109201.294579252,110083.53125,4285,0.0,0.0
2026-04-13 00:00:00+09:00,109887.47865650045,110279.58384349955,109103.26828250223,110083.53125,3699,0.0,0.0
2026-04-14 00:00:00+09:00,110671.68464463497,111161.81610896018,110181.55318030974,110769.7109375,3274,0.0,0.0
2026-04-15 00:00:00+09:00,111063.79057370231,111357.86945430347,110475.6328125,110475.6328125,4839,0.0,0.0
2026-04-16 00:00:00+09:00,110867.74182919289,111063.79442305531,108417.08440591277,109005.2421875,6340,0.0,0.0
2026-04-17 00:00:00+09:00,108907.21033544878,109201.28921124207,107632.86854034451,108123.0,5728,0.0,0.0
2026-04-20 00:00:00+09:00,108907.21245050905,109397.34391968326,108221.02839366515,108319.0546875,5052,0.0,0.0
2026-04-21 00:00:00+09:00,108515.10803510662,109005.23950771325,108024.9765625,108024.9765625,4374,0.0,0.0
2026-04-22 00:00:00+09:00,108319.05620876934,108417.08250398088,107240.76696144222,107730.8984375,4153,0.0,0.0
2026-04-23 00:00:00+09:00,107534.84641768293,108711.1619664634,107338.79382621951,108515.109375,6281,0.0,0.0
2026-04-24 00:00:00+09:00,108417.08231981982,109005.24009009008,108319.05602477478,108809.1875,3070,0.0,0.0
2026-04-27 00:00:00+09:00,109593.39862804877,109593.39862804877,108417.08307926828,108515.109375,3944,0.0,0.0
2026-04-28 00:00:00+09:00,108515.1060821281,108515.1060821281,106750.6328125,106750.6328125,3712,0.0,0.0
2026-04-30 00:00:00+09:00,106946.6838969749,107436.81535388128,106750.63131421233,107338.7890625,5077,0.0,0.0
2026-05-01 00:00:00+09:00,107338.7926787351,107338.7926787351,106456.55602658112,106946.6875,5335,0.0,0.0
2026-05-07 00:00:00+09:00,107828.91915137615,107926.94544151376,106652.60366972478,106848.65625,6240,0.0,0.0
2026-05-08 00:00:00+09:00,107044.70883027522,107338.78770068807,106260.49850917431,106848.65625,5918,0.0,0.0
2026-05-11 00:00:00+09:00,106750.63070664674,107534.84103323368,106064.44667088316,106554.578125,5079,0.0,0.0
2026-05-12 00:00:00+09:00,106456.55697249304,106554.58326804782,105378.26772139044,105574.3203125,4315,0.0,0.0
2026-05-13 00:00:00+09:00,105574.32184436274,106162.4796262255,104986.1640625,104986.1640625,4700,0.0,0.0
2026-05-14 00:00:00+09:00,105084.18691259398,105280.23950011747,103711.8187999295,104299.9765625,5480,0.0,0.0
2026-05-15 00:00:00+09:00,104692.08038243625,104790.10667492918,103319.71228753541,103809.84375,6893,0.0,0.0
2026-05-18 00:00:00+09:00,103515.76351992409,104005.89497598434,102633.52689901565,103319.7109375,5608,0.0,0.0
2026-05-19 00:00:00+09:00,103221.6901605127,104201.953125,103025.63756761524,104201.953125,4861,0.0,0.0
2026-05-20 00:00:00+09:00,104299.9767331434,104299.9767331434,102535.5034425451,103221.6875,5849,0.0,0.0
2026-05-21 00:00:00+09:00,103711.81535300378,103711.81535300378,102731.55244796594,103613.7890625,6822,0.0,0.0
2026-05-22 00:00:00+09:00,103221.6875,103613.7926756885,102535.5034425451,103221.6875,3513,0.0,0.0
2026-05-25 00:00:00+09:00,102927.6051625239,103417.73661567878,102339.44741873805,102535.5,2910,0.0,0.0
2026-05-26 00:00:00+09:00,102829.578125,103221.68328467588,102143.3940955672,102829.578125,4536,0.0,0.0
2026-05-27 00:00:00+09:00,103221.68539634872,103221.68539634872,102045.36989325643,103025.6328125,7475,0.0,0.0
2026-05-28 00:00:00+09:00,102045.37197293447,103221.6875,102045.37197293447,103221.6875,5567,0.0,0.0
2026-05-29 00:00:00+09:00,103417.73933179451,104594.0548502604,102633.52898615056,103515.765625,6236,0.0,0.0
2026-06-01 00:00:00+09:00,103515.76304347826,103515.76304347826,101457.2109375,101457.2109375,4625,0.0,0.0
2026-06-02 00:00:00+09:00,101261.16001043713,101261.16001043713,99006.55528610019,99790.765625,7031,0.0,0.0
2026-06-03 00:00:00+09:00,99692.74428054465,100378.92836113837,99496.6916860893,99888.796875,5294,0.0,0.0
2026-06-04 00:00:00+09:00,99692.74371754451,99692.74371754451,98614.45445412958,99104.5859375,5579,0.0,0.0
2026-06-05 00:00:00+09:00,99202.61147066075,100084.84813393738,99006.55887882151,99398.6640625,4122,0.0,0.0
2026-06-08 00:00:00+09:00,99104.58083374142,100084.84375,98810.50195886385,100084.84375,5039,0.0,0.0
2026-06-09 00:00:00+09:00,100182.87155172414,100182.87155172414,99006.55603448277,99496.6875,3103,0.0,0.0
2026-06-10 00:00:00+09:00,99888.79176536686,100869.0546875,99594.71288872692,100869.0546875,5026,0.0,0.0
2026-06-11 00:00:00+09:00,100967.07962036133,101849.31623840332,99986.81671142578,100378.921875,4266,0.0,0.0
2026-06-12 00:00:00+09:00,100869.05811866553,102143.39996078667,100280.90034537886,101555.2421875,9120,0.0,0.0
2026-06-15 00:00:00+09:00,102143.39919694418,102535.50437620308,101163.13624879692,101849.3203125,3196,0.0,0.0
2026-06-16 00:00:00+09:00,101163.13234205332,101261.15863308244,98516.42248426704,99300.6328125,5565,0.0,0.0
2026-06-17 00:00:00+09:00,99202.6108971173,99398.66348782307,98124.3216482356,98614.453125,4847,0.0,0.0
2026-06-18 00:00:00+09:00,98614.44816542289,98810.50074626866,97928.26413246269,98516.421875,4412,0.0,0.0
2026-06-19 00:00:00+09:00,98908.53164518483,100771.03125,98320.3738752432,100771.03125,12066,0.0,0.0
2026-06-22 00:00:00+09:00,99202.6059079602,99594.71106965175,98516.421875,98516.421875,4056,0.0,0.0
2026-06-23 00:00:00+09:00,99202.60652147088,99594.71168558738,98712.47506632528,99300.6328125,4421,0.0,0.0
2026-06-24 00:00:00+09:00,100182.86854917234,102045.36806231743,99790.76338851023,100673.0,9371,0.0,0.0
2026-06-25 00:00:00+09:00,101065.11166829745,101163.13796477496,99986.82240704501,100182.875,5563,0.0,0.0
2026-06-26 00:00:00+09:00,100476.95218509385,102045.37290212946,100378.92589027912,101849.3203125,5422,0.0,0.0
2026-06-29 00:00:00+09:00,101849.31837079678,102143.39724963451,100574.9765625,100574.9765625,9152,0.0,0.0
2026-06-30 00:00:00+09:00,100869.05887735962,102143.40072906582,100869.05887735962,101261.1640625,6766,0.0,0.0
2026-07-01 00:00:00+09:00,101653.27001668689,101751.2963137136,100574.9807493932,100967.0859375,5545,0.0,0.0
2026-07-02 00:00:00+09:00,101359.18674662488,102143.39708895853,101065.10786824976,101653.265625,5093,0.0,0.0
2026-07-03 00:00:00+09:00,101653.26961293964,103319.71665577471,101555.24331630228,103123.6640625,4224,0.0,0.0
2026-07-06 00:00:00+09:00,103123.66254135162,104888.1358547968,102927.60995096882,103711.8203125,5109,0.0,0.0
2026-07-07 00:00:00+09:00,104201.95236280488,105378.26791158537,104005.89977134146,104496.03125,5081,0.0,0.0
2026-07-08 00:00:00+09:00,104692.08098055296,105280.23873887067,104398.0021013941,104594.0546875,5269,0.0,0.0
2026-07-09 00:00:00+09:00,103907.87232142857,104692.08267857143,102927.609375,102927.609375,3480,0.0,0.0
2026-07-10 00:00:00+09:00,103319.71168827308,103907.86943981922,102927.60652057565,103025.6328125,6918,0.0,0.0
2026-07-13 00:00:00+09:00,103417.73798019743,103711.81685597051,102927.60652057565,103025.6328125,3933,0.0,0.0
2026-07-14 00:00:00+09:00,100280.89722025495,104201.94891997166,100182.87092776204,103809.84375,11336,0.0,0.0
2026-07-15 00:00:00+09:00,104692.07887323944,105378.26291079813,104201.94741784038,104398.0,9888,0.0,0.0
2026-07-16 00:00:00+09:00,104398.00514662321,104986.16292209715,102927.61070793838,103417.7421875,14846,0.0,0.0
2026-07-17 00:00:00+09:00,103711.81700721155,104398.0010516827,101947.34375,101947.34375,36492,0.0,0.0
2026-07-21 00:00:00+09:00,102927.60995096882,104005.8991980742,102731.55736058601,103711.8203125,11917,0.0,0.0
2026-07-22 00:00:00+09:00,103711.81973214286,103809.84602678572,102535.50419642858,102927.609375,7373,0.0,0.0
2026-07-23 00:00:00+09:00,103123.66349377394,103515.76867816092,102241.42682890325,102339.453125,6856,0.0,0.0
2026-07-24 00:00:00+09:00,102339.45178657363,102339.45178657363,101359.18883842637,101849.3203125,9412,0.0,0.0
2026-07-27 00:00:00+09:00,102045.37138905503,103123.6606160287,102045.37138905503,102437.4765625,8654,0.0,0.0
2026-07-28 00:00:00+09:00,102731.55811611374,103417.7421875,102241.42663655213,103417.7421875,6612,0.0,0.0
2026-07-29 00:00:00+09:00,103417.73708920188,104692.07887323944,103417.73708920188,104398.0,11083,0.0,0.0
2026-07-30 00:00:00+09:00,103500.0,104900.0,102900.0,104900.0,13622,2102.0,0.0
2026-07-31 00:00:00+09:00,104400.0,104600.0,102100.0,102100.0,8858,0.0,0.0
2026-08-03 00:00:00+09:00,102000.0,103700.0,101100.0,102800.0,33450,0.0,0.0
2026-08-04 00:00:00+09:00,102800.0,102900.0,100200.0,100200.0,28607,0.0,0.0
2026-08-05 00:00:00+09:00,101400.0,101400.0,98700.0,99300.0,10428,0.0,0.0
2026-08-06 00:00:00+09:00,99100.0,99700.0,98200.0,98900.0,7224,0.0,0.0
2026-08-07 00:00:00+09:00,99000.0,99900.0,98700.0,98700.0,5688,0.0,0.0
2026-08-10 00:00:00+09:00,99200.0,99200.0,98100.0,98400.0,4052,0.0,0.0
2026-08-12 00:00:00+09:00,99000.0,99700.0,98300.0,99600.0,5556,0.0,0.0
2026-08-13 00:00:00+09:00,99800.0,100200.0,98900.0,98900.0,4989,0.0,0.0
2026-08-14 00:00:00+09:00,99000.0,99400.0,98700.0,98700.0,4105,0.0,0.0
2026-08-17 00:00:00+09:00,99800.0,100200.0,99100.0,99400.0,6282,0.0,0.0
2026-08-18 00:00:00+09:00,99600.0,99600.0,98200.0,98800.0,4426,0.0,0.0
2026-08-19 00:00:00+09:00,99000.0,99200.0,97900.0,98400.0,6695,0.0,0.0
2026-08-20 00:00:00+09:00,99500.0,99800.0,98600.0,99400.0,6262,0.0,0.0
2026-08-21 00:00:00+09:00,99000.0,99500.0,98800.0,99500.0,5891,0.0,0.0
2026-08-24 00:00:00+09:00,99900.0,100400.0,99300.0,100200.0,8175,0.0,0.0
2026-08-25 00:00:00+09:00,100400.0,101500.0,100100.0,100600.0,8923,0.0,0.0
2026-08-26 00:00:00+09:00,101000.0,101600.0,100300.0,100300.0,5472,0.0,0.0
2026-08-27 00:00:00+09:00,100800.0,101100.0,100100.0,101000.0,9086,0.0,0.0
2026-08-28 00:00:00+09:00,99400.0,99800.0,99000.0,99200.0,7813,0.0,0.0
2026-08-31 00:00:00+09:00,99800.0,100100.0,98800.0,99000.0,8052,0.0,0.0
2026-09-01 00:00:00+09:00,99000.0,99900.0,98800.0,99900.0,5919,0.0,0.0
2026-09-02 00:00:00+09:00,99600.0,99600.0,98600.0,98700.0,6066,0.0,0.0
2026-09-03 00:00:00+09:00,99000.0,99200.0,98000.0,98000.0,8086,0.0,0.0
2026-09-04 00:00:00+09:00,98000.0,98600.0,97900.0,98000.0,7084,0.0,0.0
2026-09-07 00:00:00+09:00,98100.0,98300.0,97400.0,97500.0,7711,0.0,0.0
2026-09-08 00:00:00+09:00,97300.0,97700.0,96800.0,96900.0,7851,0.0,0.0
2026-09-09 00:00:00+09:00,97200.0,98200.0,97000.0,98100.0,6900,0.0,0.0
2026-09-10 00:00:00+09:00,98200.0,98400.0,97800.0,98000.0,3597,0.0,0.0
2026-09-11 00:00:00+09:00,99500.0,99500.0,96900.0,97100.0,11128,0.0,0.0
2026-09-14 00:00:00+09:00,97500.0,98100.0,97200.0,97500.0,3977,0.0,0.0
2026-09-15 00:00:00+09:00,97400.0,97800.0,96600.0,97500.0,6858,0.0,0.0
2026-09-16 00:00:00+09:00,97400.0,97400.0,96600.0,97100.0,4142,0.0,0.0
2026-09-17 00:00:00+09:00,97100.0,97100.0,96200.0,96700.0,6904,0.0,0.0
2026-09-18 00:00:00+09:00,96800.0,96800.0,96100.0,96100.0,8321,0.0,0.0
2026-09-24 00:00:00+09:00,96000.0,96500.0,95600.0,96400.0,6517,0.0,0.0
2026-09-25 00:00:00+09:00,96500.0,96900.0,95200.0,95400.0,5168,0.0,0.0
2026-09-28 00:00:00+09:00,95400.0,95700.0,94700.0,95200.0,6689,0.0,0.0
2026-09-29 00:00:00+09:00,94800.0,95300.0,94100.0,94300.0,6864,0.0,0.0
2026-09-30 00:00:00+09:00,94100.0,94900.0,93800.0,94300.0,5887,0.0,0.0
2026-10-01 00:00:00+09:00,94200.0,94600.0,93100.0,93300.0,5839,0.0,0.0
2026-10-02 00:00:00+09:00,93500.0,93500.0,92300.0,92300.0,5905,0.0,0.0
2026-10-05 00:00:00+09:00,92400.0,92600.0,91000.0,91200.0,6092,0.0,0.0
2026-10-06 00:00:00+09:00,91000.0,91600.0,90600.0,91400.0,6980,0.0,0.0
2026-10-07 00:00:00+09:00,91600.0,91700.0,90300.0,91300.0,2858,0.0,0.0
