Date,Open,High,Low,Close,Volume,Dividends,Stock Splits
2021-10-04 00:00:00+09:00,101867.665528645,102698.10847178024,100760.412596355,101314.0390625,18225,0.0,0.0
2021-10-05 00:00:00+09:00,100760.40751240596,101452.43893821131,98130.66733327304,100898.8125,25242,0.0,0.0
2021-10-06 00:00:00+09:00,102144.48073819082,102836.51867816165,99514.74694683836,101175.6328125,20301,0.0,0.0
2021-10-07 00:00:00+09:00,101314.04520029465,102698.11469342442,100898.82370357214,102421.3046875,15933,0.0,0.0
2021-10-08 00:00:00+09:00,101867.65922092726,102698.1021126409,100206.7734375,100206.7734375,14424,0.0,0.0
2021-10-11 00:00:00+09:00,100206.78088238266,101452.4453125,99099.52793639098,101452.4453125,12351,0.0,0.0
2021-10-12 00:00:00+09:00,101314.0287964876,101314.0287964876,100068.3645080062,100483.5859375,10860,0.0,0.0
2021-10-13 00:00:00+09:00,100483.5957742915,102559.703125,100345.19078018943,102559.703125,17472,0.0,0.0
2021-10-14 00:00:00+09:00,102559.70986667184,103113.33636730775,101590.86186859998,101867.671875,12003,0.0,0.0
2021-10-15 00:00:00+09:00,101867.65592593022,103805.35810653042,101867.65592593022,103666.953125,14049,0.0,0.0
2021-10-18 00:00:00+09:00,102836.52804554814,104635.81906796731,102282.89504800685,104497.4140625,20751,0.0,0.0
2021-10-19 00:00:00+09:00,105327.847724206,106019.8791779679,104358.99330840269,105051.03125,17433,0.0,0.0
2021-10-20 00:00:00+09:00,104497.40114039184,105466.24903452773,103666.95823460816,104082.1796875,11130,0.0,0.0
2021-10-21 00:00:00+09:00,105051.02240380878,105189.4273853392,103666.953125,103666.953125,7821,0.0,0.0
2021-10-22 00:00:00+09:00,104220.58324032738,104774.20967394584,103528.54533242798,104635.8046875,12885,0.0,0.0
2021-10-25 00:00:00+09:00,104358.99982949306,105466.2593076711,104220.59482765924,104912.6328125,7947,0.0,0.0
2021-10-26 00:00:00+09:00,106435.09153423632,106435.09153423632,104082.17441232508,104358.984375,9612,0.0,0.0
2021-10-27 00:00:00+09:00,105189.44172849035,105327.85321672879,103666.96726055349,104220.59375,13395,0.0,0.0
2021-10-28 00:00:00+09:00,104774.2109375,104912.62241345015,102698.1036765995,104774.2109375,12495,0.0,0.0
2021-10-29 00:00:00+09:00,105189.44007643538,105604.66155895793,104358.99711139026,105327.8515625,15306,0.0,0.0
2021-11-01 00:00:00+09:00,106435.09692866364,106435.09692866364,104082.1796875,104082.1796875,8946,0.0,0.0
2021-11-02 00:00:00+09:00,104082.17825388155,105189.43112111845,103943.7667796006,104635.8046875,7839,0.0,0.0
2021-11-04 00:00:00+09:00,105466.25397751345,105743.07045502689,104220.5895604562,105189.4375,11643,0.0,0.0
2021-11-05 00:00:00+09:00,105881.4648003287,106850.31264242597,105327.83838882095,106158.28125,9087,0.0,0.0
2021-11-08 00:00:00+09:00,105743.06919159731,106019.8791779679,104635.80978260869,105051.03125,12102,0.0,0.0
2021-11-09 00:00:00+09:00,104358.98461085705,105051.02249477815,103113.3203125,103113.3203125,11535,0.0,0.0
2021-11-10 00:00:00+09:00,102836.515625,103251.7370790877,102006.0727168246,102836.515625,11379,0.0,0.0
2021-11-11 00:00:00+09:00,102421.29923823816,103528.55217869692,102006.07776360725,103251.7421875,7737,0.0,0.0
2021-11-12 00:00:00+09:00,102698.10414841394,103943.76851067707,102559.69915966313,102836.515625,12369,0.0,0.0
2021-11-15 00:00:00+09:00,102421.29387593264,104774.21111709626,102421.29387593264,104082.1796875,11049,0.0,0.0
2021-11-16 00:00:00+09:00,104774.21602764758,105189.4375,104082.18456561722,105189.4375,7722,0.0,0.0
2021-11-17 00:00:00+09:00,104912.62241345015,105189.43238968009,103805.36304502483,104774.2109375,14916,0.0,0.0
2021-11-18 00:00:00+09:00,105189.44007643538,106019.88304148048,105051.0350782064,105327.8515625,8229,0.0,0.0
2021-11-19 00:00:00+09:00,105881.47001226888,106296.6914632974,105327.84357350926,106019.875,13431,0.0,0.0
2021-11-22 00:00:00+09:00,106158.29178429276,106573.51325608551,105604.6588300121,105743.0703125,8511,0.0,0.0
2021-11-24 00:00:00+09:00,103943.7756288677,105743.07304502255,103805.37063063875,105327.8515625,11895,0.0,0.0
2021-11-25 00:00:00+09:00,105604.65077026647,107127.13154658936,105466.24578617711,106988.7265625,12177,0.0,0.0
2021-11-26 00:00:00+09:00,108926.4297921774,108926.4297921774,106711.91109913793,108372.796875,34095,0.0,0.0
2021-11-29 00:00:00+09:00,106815.42553352033,108777.91585695907,105974.35919073671,106675.25,28428,1648.3334,0.0
2021-11-30 00:00:00+09:00,106394.86853845714,108918.06700181976,103591.3125,103591.3125,63258,0.0,0.0
2021-12-01 00:00:00+09:00,104152.04667873349,105693.99719639383,102329.73196392685,102469.9140625,37389,0.0,0.0
2021-12-02 00:00:00+09:00,102750.2637266361,104712.75394261112,102750.2637266361,103170.796875,30141,0.0,0.0
2021-12-03 00:00:00+09:00,103030.63670293523,104432.41188276604,102890.46115620156,103871.703125,24624,0.0,0.0
2021-12-06 00:00:00+09:00,103451.1484375,104993.10541478549,103030.61531377032,103451.1484375,34635,0.0,0.0
2021-12-07 00:00:00+09:00,104152.03916732613,104712.74780868902,102890.43979613711,103451.1484375,53178,0.0,0.0
2021-12-08 00:00:00+09:00,104292.2167492475,105413.640625,103591.3260055484,105413.640625,32643,0.0,0.0
2021-12-09 00:00:00+09:00,105413.65867401025,107516.32469429748,104993.12546995279,106955.609375,44670,0.0,0.0
2021-12-10 00:00:00+09:00,106535.06802044691,108357.3828125,106254.71695307782,108357.3828125,75648,0.0,0.0
2021-12-13 00:00:00+09:00,107376.13246709797,109198.44722695446,107376.13246709797,108777.9140625,52374,0.0,0.0
2021-12-14 00:00:00+09:00,108777.91841392328,110039.51795775423,108077.02758818465,108217.203125,28551,0.0,0.0
2021-12-15 00:00:00+09:00,107656.48642385867,107796.6619502796,106254.71144715817,106535.0625,14796,0.0,0.0
2021-12-16 00:00:00+09:00,107516.31646873114,108637.73387986909,107095.7832968467,108357.3828125,14991,0.0,0.0
2021-12-17 00:00:00+09:00,107376.13665240363,110600.2265625,107235.96111573195,110600.2265625,37350,0.0,0.0
2021-12-20 00:00:00+09:00,110460.03872244008,111020.75398168922,109478.796875,109478.796875,22965,0.0,0.0
2021-12-21 00:00:00+09:00,110600.22807984342,112702.8940129203,109899.33724520745,111581.4765625,16449,0.0,0.0
2021-12-22 00:00:00+09:00,111581.47166339055,112142.1737931514,111020.75639196819,111721.640625,13053,0.0,0.0
2021-12-23 00:00:00+09:00,111861.81790277621,113123.41735280752,111721.63580555242,112002.0,8478,0.0,0.0
2021-12-24 00:00:00+09:00,113403.76943263802,113543.95153113137,112562.703125,112562.703125,9636,0.0,0.0
2021-12-27 00:00:00+09:00,113263.59563584888,113543.94667919462,112702.88040749688,112843.0625,5280,0.0,0.0
2021-12-28 00:00:00+09:00,113684.12955225683,114805.546875,113403.7653653256,114805.546875,9978,0.0,0.0
2021-12-29 00:00:00+09:00,114945.73328951569,115506.43540113495,114104.66698042573,114244.8359375,12180,0.0,0.0
2021-12-30 00:00:00+09:00,114244.83301598982,115085.89930357173,113964.48196734943,114104.6640625,9138,0.0,0.0
2022-01-04 00:00:00+09:00,115226.08576388888,115226.08576388888,112282.35364583333,113543.953125,13938,0.0,0.0
2022-01-05 00:00:00+09:00,114385.02468293262,114385.02468293262,110319.875,110319.875,25428,0.0,0.0
2022-01-06 00:00:00+09:00,110319.88722298738,110600.23832614943,108918.10542385057,109759.171875,15585,0.0,0.0
2022-01-07 00:00:00+09:00,109058.25563356631,109618.9708512603,107376.12312214456,107796.65625,17445,0.0,0.0
2022-01-11 00:00:00+09:00,107376.12419402915,108497.54806978167,105273.45853376207,105413.640625,16695,0.0,0.0
2022-01-12 00:00:00+09:00,103731.5234375,105553.83175562011,103451.16578439262,103731.5234375,15396,0.0,0.0
2022-01-13 00:00:00+09:00,102610.09150476281,104292.22415238187,101628.84965059524,102049.3828125,19482,0.0,0.0
2022-01-14 00:00:00+09:00,101628.84999078281,102329.73421574976,100647.6015625,100647.6015625,21402,0.0,0.0
2022-01-17 00:00:00+09:00,99946.71683843496,100787.78316085985,97563.69340128754,97984.2265625,20913,0.0,0.0
2022-01-18 00:00:00+09:00,98264.58402700047,99245.82587788918,96021.73612378255,98685.1171875,28326,0.0,0.0
2022-01-19 00:00:00+09:00,98264.5901654021,98825.29889081768,94199.43383635387,94339.609375,35214,0.0,0.0
2022-01-20 00:00:00+09:00,94479.77739638837,95741.3767685768,92236.9296875,92236.9296875,50094,0.0,0.0
2022-01-21 00:00:00+09:00,92236.94336705917,99245.83199786324,91255.70145566239,98404.765625,64653,0.0,0.0
2022-01-24 00:00:00+09:00,98685.11353779452,99806.53087709908,97143.15648271276,98825.2890625,34908,0.0,0.0
2022-01-25 00:00:00+09:00,99526.17615730429,100367.24241618058,98124.3946786237,98965.4609375,28956,0.0,0.0
2022-01-26 00:00:00+09:00,100227.06839918757,101068.13472581244,98965.46890925025,100647.6015625,22278,0.0,0.0
2022-01-27 00:00:00+09:00,100086.89097362368,101068.1328125,96442.26810363504,101068.1328125,44796,0.0,0.0
2022-01-28 00:00:00+09:00,100086.88103684342,100787.77174978702,97143.14924164214,99806.5234375,26661,0.0,0.0
2022-01-31 00:00:00+09:00,100927.9508351966,102890.44095837991,100086.88457823664,100367.2421875,30849,0.0,0.0
2022-02-01 00:00:00+09:00,100507.43183637677,101909.20693809942,98544.9414373002,99386.0078125,31332,0.0,0.0
2022-02-02 00:00:00+09:00,98825.2873027491,99946.7111929152,97844.04550562266,98544.9296875,16035,0.0,0.0
2022-02-03 00:00:00+09:00,98544.94095538814,100086.8981593242,98404.7654171507,99105.65625,18018,0.0,0.0
2022-02-04 00:00:00+09:00,99245.82044020761,100507.41985258312,98544.9296875,98544.9296875,18021,0.0,0.0
2022-02-07 00:00:00+09:00,98404.75760869564,99105.648385929,95881.55869565217,96722.625,15915,0.0,0.0
2022-02-08 00:00:00+09:00,96582.45137596832,96722.62690584484,93919.0703125,93919.0703125,27663,0.0,0.0
2022-02-09 00:00:00+09:00,92937.82628482279,96722.62464031331,92657.46866080593,95741.3828125,27585,0.0,0.0
2022-02-10 00:00:00+09:00,96161.90487077225,97844.03727917743,95741.37176867096,97563.6796875,38574,0.0,0.0
2022-02-14 00:00:00+09:00,95601.19707416039,96442.26334334898,94619.9552837171,95881.5546875,21741,0.0,0.0
2022-02-15 00:00:00+09:00,95741.38081041878,96862.79814137494,93218.18195952191,93778.890625,33384,0.0,0.0
2022-02-16 00:00:00+09:00,94059.2525811138,95741.38522595739,93919.07048015641,95601.203125,20610,0.0,0.0
2022-02-17 00:00:00+09:00,95741.40041542893,95741.40041542893,93919.0853805158,95320.8671875,23913,0.0,0.0
2022-02-18 00:00:00+09:00,94199.429509799,95180.67137691582,93498.53870709798,94900.3203125,15978,0.0,0.0
2022-02-21 00:00:00+09:00,94339.61109675998,95040.50194444443,94059.26001435112,94619.96875,6792,0.0,0.0
2022-02-22 00:00:00+09:00,93638.72066681078,94059.25383362157,91956.58799956765,93218.1875,23925,0.0,0.0
2022-02-24 00:00:00+09:00,94059.25383362157,95320.8533340539,91956.58799956765,93218.1875,39201,0.0,0.0
2022-02-25 00:00:00+09:00,93498.54060463812,94760.14013260549,93078.007428649,94479.7890625,26403,0.0,0.0
2022-02-28 00:00:00+09:00,93919.07790231553,95180.67748564886,92517.30277777778,94619.96875,27201,0.0,0.0
2022-03-01 00:00:00+09:00,95601.20122215938,96722.62515334455,95320.85016748596,96021.734375,21516,0.0,0.0
2022-03-02 00:00:00+09:00,96021.73834702726,97703.87102797274,94619.96330318296,96862.8046875,18102,0.0,0.0
2022-03-03 00:00:00+09:00,97703.86491830907,97703.86491830907,96582.44758169094,97143.15625,17778,0.0,0.0
2022-03-04 00:00:00+09:00,97844.03727917743,98825.27899380388,96302.08038119611,97563.6796875,32823,0.0,0.0
2022-03-07 00:00:00+09:00,97143.1539676353,97423.51158061805,95741.37904438195,96582.4453125,28650,0.0,0.0
2022-03-08 00:00:00+09:00,97002.97107497485,98544.92140212643,96862.78899372126,97563.6796875,22833,0.0,0.0
2022-03-09 00:00:00+09:00,97703.86646812662,98264.58171616035,95741.3828125,95741.3828125,35256,0.0,0.0
2022-03-10 00:00:00+09:00,96722.6328792735,99245.83199786324,96722.6328792735,98404.765625,18666,0.0,0.0
2022-03-11 00:00:00+09:00,98685.1133013879,100227.06378194543,97143.15625,97143.15625,27267,0.0,0.0
2022-03-14 00:00:00+09:00,96722.62515334455,97703.86698636251,96021.734375,96021.734375,12471,0.0,0.0
2022-03-15 00:00:00+09:00,95881.55849004425,96582.44926577462,94479.78350941399,95040.4921875,16824,0.0,0.0
2022-03-16 00:00:00+09:00,94479.781627685,95881.55658039647,93919.06638993614,95461.0234375,27324,0.0,0.0
2022-03-17 00:00:00+09:00,95601.203125,96442.26944742179,95180.6699637891,95601.203125,19290,0.0,0.0
2022-03-18 00:00:00+09:00,95320.85411052051,97844.05313193872,95320.85411052051,96862.8046875,38394,0.0,0.0
2022-03-22 00:00:00+09:00,95881.56650641025,98404.765625,95320.8577814451,98404.765625,34329,0.0,0.0
2022-03-23 00:00:00+09:00,98124.40034120636,99105.64874707487,96302.09219875565,97703.8671875,21282,0.0,0.0
2022-03-24 00:00:00+09:00,97143.15648271276,98965.46458720547,95881.55704787234,98825.2890625,24000,0.0,0.0
2022-03-25 00:00:00+09:00,98404.76183531027,98544.93736844548,96862.8046875,96862.8046875,12561,0.0,0.0
2022-03-28 00:00:00+09:00,97844.04363955172,99526.17615730429,97423.51051011357,98965.4609375,16326,0.0,0.0
2022-03-29 00:00:00+09:00,99666.369140625,100927.96875,98965.47827847289,100927.96875,26340,0.0,0.0
2022-03-30 00:00:00+09:00,102890.45513721433,102890.45513721433,97143.16606570513,98404.765625,22365,0.0,0.0
2022-03-31 00:00:00+09:00,98685.11152834851,100787.77721026767,98404.75391381588,99946.7109375,23721,0.0,0.0
2022-04-01 00:00:00+09:00,100086.89097362368,101348.49043967776,97703.86756968912,101068.1328125,26751,0.0,0.0
2022-04-04 00:00:00+09:00,103030.62060615866,103030.62060615866,99105.6467733437,101208.3125,17802,0.0,0.0
2022-04-05 00:00:00+09:00,101769.03515625,101769.03515625,100086.90234375,100927.96875,17502,0.0,0.0
2022-04-06 00:00:00+09:00,101769.02518095328,102189.55834285804,100367.25016488094,102049.3828125,22587,0.0,0.0
2022-04-07 00:00:00+09:00,102049.3833129092,103030.62517188837,101628.8501489423,102329.734375,17553,0.0,0.0
2022-04-08 00:00:00+09:00,102469.92004461797,102750.27111646988,100086.89650889121,100507.4296875,19440,0.0,0.0
2022-04-11 00:00:00+09:00,100647.60139288356,101628.84981951272,100367.25033170152,101348.4921875,11112,0.0,0.0
2022-04-12 00:00:00+09:00,101348.49043967776,101909.19912320272,100927.9572843264,101068.1328125,13923,0.0,0.0
2022-04-13 00:00:00+09:00,101348.49441945698,102469.91840137384,101068.13678127008,101909.203125,14505,0.0,0.0
2022-04-14 00:00:00+09:00,102329.734375,102750.26753896689,101348.49251602081,102329.734375,12693,0.0,0.0
2022-04-15 00:00:00+09:00,104292.21468495934,105273.4564500519,102610.08219004064,103451.1484375,17748,0.0,0.0
2022-04-18 00:00:00+09:00,103591.33193726694,104011.8650934004,102049.38141199794,102750.265625,9690,0.0,0.0
2022-04-19 00:00:00+09:00,102750.26543390544,102750.26543390544,101068.1328125,101068.1328125,21969,0.0,0.0
2022-04-20 00:00:00+09:00,101769.03515625,101909.21070034789,100367.2600027771,100927.96875,16758,0.0,0.0
2022-04-21 00:00:00+09:00,100507.42603167275,101628.84999078281,100367.25050084549,100647.6015625,9552,0.0,0.0
2022-04-22 00:00:00+09:00,100367.24657470753,102469.91230901824,100086.88895318931,102189.5546875,17142,0.0,0.0
2022-04-25 00:00:00+09:00,102189.55659220042,102189.55659220042,100647.59950135539,101769.0234375,12024,0.0,0.0
2022-04-26 00:00:00+09:00,101769.02378429877,104152.04719266527,101628.84825586446,102750.265625,23763,0.0,0.0
2022-04-27 00:00:00+09:00,101769.02740778688,102890.4513876813,101769.02740778688,102610.09375,12771,0.0,0.0
2022-04-28 00:00:00+09:00,102610.08990573183,103030.6230610832,100927.9572843264,101068.1328125,22779,0.0,0.0
2022-05-02 00:00:00+09:00,99245.82856013215,102750.26946872994,99245.82856013215,101909.203125,17907,0.0,0.0
2022-05-06 00:00:00+09:00,101068.14056289961,101628.85586025352,98404.76589837724,99386.0078125,27741,0.0,0.0
2022-05-09 00:00:00+09:00,98404.75145852711,98685.10906606457,96722.61895496254,97002.9765625,19932,0.0,0.0
2022-05-10 00:00:00+09:00,96442.26334334898,97283.3296125376,94619.9552837171,95881.5546875,23442,0.0,0.0
2022-05-11 00:00:00+09:00,95601.19896152204,97002.98048506386,94619.95715170704,95461.0234375,23181,0.0,0.0
2022-05-12 00:00:00+09:00,94619.95516328113,97703.8626227706,94479.77964220487,96582.4453125,16176,0.0,0.0
2022-05-13 00:00:00+09:00,97143.1643558742,99105.65471495672,97002.98881980793,98124.40625,17463,0.0,0.0
2022-05-16 00:00:00+09:00,97984.23459978915,98685.12544957829,95881.5686212529,97283.34375,16812,0.0,0.0
2022-05-17 00:00:00+09:00,98264.57038127873,98404.74589170258,96722.6134832974,97563.6796875,13968,0.0,0.0
2022-05-18 00:00:00+09:00,97984.22239917124,98124.39792334249,97143.15611248308,97844.046875,15360,0.0,0.0
2022-05-19 00:00:00+09:00,97703.8626227706,97703.8626227706,96302.08769951724,96582.4453125,17094,0.0,0.0
2022-05-20 00:00:00+09:00,98264.58987891325,100367.25580663014,97703.87458430139,99105.65625,31269,0.0,0.0
2022-05-23 00:00:00+09:00,99666.36546117696,100227.0741876998,99105.6567346541,99386.0078125,18879,0.0,0.0
2022-05-24 00:00:00+09:00,99386.00140777881,99666.3590383887,98544.93508677975,98685.1171875,18282,0.0,0.0
2022-05-25 00:00:00+09:00,98685.1061817861,99806.5234375,98685.1061817861,99806.5234375,18792,0.0,0.0
2022-05-26 00:00:00+09:00,99245.82182920349,99245.82182920349,97703.8647799984,97844.046875,18924,0.0,0.0
2022-05-27 00:00:00+09:00,95881.56650641025,98965.47434996515,95741.39096787672,98404.765625,42006,0.0,0.0
2022-05-30 00:00:00+09:00,99941.84443461223,99941.84443461223,98804.53056538777,99373.1875,18006,1635.3334,0.0
2022-05-31 00:00:00+09:00,99373.17893874866,99373.17893874866,97525.0390625,97525.0390625,66588,0.0,0.0
2022-06-01 00:00:00+09:00,97951.54764305464,98662.3671875,97382.88401072849,98662.3671875,19263,0.0,0.0
2022-06-02 00:00:00+09:00,98804.52692254343,99657.515625,97809.36899369462,99657.515625,13245,0.0,0.0
2022-06-03 00:00:00+09:00,99941.84593585925,100652.67211278285,99231.02642291022,99515.3515625,12429,0.0,0.0
2022-06-06 00:00:00+09:00,99515.33654483927,99657.50575715427,98235.85361784574,98946.6796875,11481,0.0,0.0
2022-06-07 00:00:00+09:00,99373.18383618972,99799.67818741802,98662.35769615119,99657.515625,11028,0.0,0.0
2022-06-08 00:00:00+09:00,99088.86200931472,99799.68822081645,98662.36761520867,99231.03125,12396,0.0,0.0
2022-06-09 00:00:00+09:00,99657.52079626947,99657.52079626947,98378.03767619171,99515.3515625,12381,0.0,0.0
2022-06-10 00:00:00+09:00,100226.17554734564,100510.5073446913,99515.34938596873,99941.84375,20793,0.0,0.0
2022-06-13 00:00:00+09:00,99799.67480895197,100084.0065881369,97667.203125,97667.203125,16371,0.0,0.0
2022-06-14 00:00:00+09:00,96956.38016657959,97382.87451725952,93970.91971182007,94397.4140625,25554,0.0,0.0
2022-06-15 00:00:00+09:00,92407.11393024777,93686.59701544823,89421.65339811333,90416.8046875,41415,0.0,0.0
2022-06-16 00:00:00+09:00,90701.14401817229,92549.28418455736,90701.14401817229,91554.1328125,41154,0.0,0.0
2022-06-17 00:00:00+09:00,89848.14924468008,91411.9574875635,88852.991274873,90558.96875,31686,0.0,0.0
2022-06-20 00:00:00+09:00,90558.97879107094,91838.46203928377,89421.66479086528,90132.484375,14298,0.0,0.0
2022-06-21 00:00:00+09:00,89563.81447923684,90701.13497966302,88995.1575610109,90274.640625,15549,0.0,0.0
2022-06-22 00:00:00+09:00,90132.484375,91411.96762321283,89848.15920693621,90132.484375,27861,0.0,0.0
2022-06-23 00:00:00+09:00,90132.47415948912,92407.11523004576,90132.47415948912,91696.2890625,23481,0.0,0.0
2022-06-24 00:00:00+09:00,91838.45094793686,92549.27711020023,90985.46221881059,92264.9453125,14433,0.0,0.0
2022-06-27 00:00:00+09:00,93260.10238348677,94539.58546497984,92833.60802298908,93970.921875,12894,0.0,0.0
2022-06-28 00:00:00+09:00,93260.10769007492,95534.7421875,93117.93845250321,95534.7421875,18453,0.0,0.0
2022-06-29 00:00:00+09:00,94397.41944534179,96245.5661796582,94113.0943046582,95961.234375,23457,0.0,0.0
2022-06-30 00:00:00+09:00,96245.56118358245,96672.05553644328,94681.74633510137,94966.078125,20322,0.0,0.0
2022-07-01 00:00:00+09:00,94823.91326149435,95108.24506447684,93402.26757453107,94113.09375,11868,0.0,0.0
2022-07-04 00:00:00+09:00,94539.58459594361,95819.06766567529,94539.58459594361,95676.8984375,12225,0.0,0.0
2022-07-05 00:00:00+09:00,95961.23586495091,96529.892819122,95392.5789107798,96103.3984375,11763,0.0,0.0
2022-07-06 00:00:00+09:00,96529.88480581343,97951.53706918655,96245.55968431814,97240.7109375,20610,0.0,0.0
2022-07-07 00:00:00+09:00,96956.38046716731,99231.02145382836,96956.38046716731,98520.1953125,16146,0.0,0.0
2022-07-08 00:00:00+09:00,98662.36026177551,98662.36026177551,96814.22024638517,96956.3828125,12747,0.0,0.0
2022-07-11 00:00:00+09:00,97382.87349824765,97951.53706918655,96956.37915203054,97240.7109375,11001,0.0,0.0
2022-07-12 00:00:00+09:00,97951.53339270923,97951.53339270923,96956.3755129051,97525.0390625,17280,0.0,0.0
2022-07-13 00:00:00+09:00,97098.5647305493,97667.22173328995,96672.0703125,96672.0703125,9477,0.0,0.0
2022-07-14 00:00:00+09:00,95961.22789884868,97525.04272296945,95819.06533810103,97240.7109375,9666,0.0,0.0
2022-07-15 00:00:00+09:00,96956.37765247702,98093.69811279057,96387.72075430727,97098.546875,12549,0.0,0.0
2022-07-19 00:00:00+09:00,98946.69428724905,99231.0260898591,96245.56548636452,96529.890625,17883,0.0,0.0
2022-07-20 00:00:00+09:00,96529.88695819065,96814.21875,95108.2413270925,96814.21875,23613,0.0,0.0
2022-07-21 00:00:00+09:00,96103.39045959632,97382.87349824765,95961.22789884868,97240.7109375,15408,0.0,0.0
2022-07-22 00:00:00+09:00,98235.86569081288,98378.03492060016,96814.22004076088,98093.703125,15672,0.0,0.0
2022-07-25 00:00:00+09:00,98235.86764747305,99088.85638728895,98093.70507882857,98804.53125,13644,0.0,0.0
2022-07-26 00:00:00+09:00,99088.85088311607,99088.85088311607,96529.88480581343,97240.7109375,10110,0.0,0.0
2022-07-27 00:00:00+09:00,96814.21445141922,98235.86001939586,96814.21445141922,97667.203125,13413,0.0,0.0
2022-07-28 00:00:00+09:00,97809.36568260546,98093.69746179039,96814.21445141922,97667.203125,9858,0.0,0.0
2022-07-29 00:00:00+09:00,98946.69601366746,99088.85858546564,97667.2128755597,98378.0390625,17085,0.0,0.0
2022-08-01 00:00:00+09:00,99515.35006765944,99657.51929929336,98804.53056538777,99373.1875,11445,0.0,0.0
2022-08-02 00:00:00+09:00,99657.50575715427,99941.83085383712,98235.85361784574,98946.6796875,14190,0.0,0.0
2022-08-03 00:00:00+09:00,99231.02642291022,99657.52079626947,98093.70587262735,99515.3515625,14922,0.0,0.0
2022-08-04 00:00:00+09:00,100368.34638262769,100937.01002416693,99657.52682666612,100510.515625,9291,0.0,0.0
2022-08-05 00:00:00+09:00,101079.16124110286,101221.32380352088,99373.18383618972,99657.515625,10407,0.0,0.0
2022-08-08 00:00:00+09:00,99373.19310897436,99799.6875,98662.36690260666,99799.6875,7287,0.0,0.0
2022-08-09 00:00:00+09:00,99088.85718914075,99941.84593585925,98946.69461934586,99515.3515625,12792,0.0,0.0
2022-08-10 00:00:00+09:00,99941.84512710484,99941.84512710484,98520.19944873652,98804.53125,8904,0.0,0.0
2022-08-12 00:00:00+09:00,99231.02127377172,99941.84074983603,98662.35769615119,99657.515625,13131,0.0,0.0
2022-08-15 00:00:00+09:00,99799.69087658898,100937.01151246204,99657.52829609551,100652.6796875,6810,0.0,0.0
2022-08-16 00:00:00+09:00,100937.00639822698,102216.48954976517,100510.51201438092,102074.3203125,11703,0.0,0.0
2022-08-17 00:00:00+09:00,102785.14650690168,102785.14650690168,101647.82592865393,102074.3203125,8943,0.0,0.0
2022-08-18 00:00:00+09:00,101789.9921875,102216.48655886666,101363.49781613334,101789.9921875,8490,0.0,0.0
2022-08-19 00:00:00+09:00,101932.1486012903,101932.1486012903,100510.50300390804,100794.828125,8922,0.0,0.0
2022-08-22 00:00:00+09:00,100226.18189102564,100368.34446670923,98946.69871794872,99799.6875,10977,0.0,0.0
2022-08-23 00:00:00+09:00,99373.18818855242,99657.5199898159,98520.19944873652,98804.53125,12309,0.0,0.0
2022-08-24 00:00:00+09:00,98946.69381864447,99941.84512710484,98662.36201738099,98804.53125,12399,0.0,0.0
2022-08-25 00:00:00+09:00,99657.5199898159,100226.17692836832,98804.53125,98804.53125,8592,0.0,0.0
2022-08-26 00:00:00+09:00,99088.85204737946,99799.67818741802,98946.68948496145,99657.515625,6492,0.0,0.0
2022-08-29 00:00:00+09:00,99088.85222717814,99088.85222717814,97809.36917117164,98520.1953125,16851,0.0,0.0
2022-08-30 00:00:00+09:00,98520.19383639356,100794.828125,98378.03127584758,100794.828125,14106,0.0,0.0
2022-08-31 00:00:00+09:00,100794.82945229259,100936.99867868485,99373.18383618972,99657.515625,23835,0.0,0.0
2022-09-01 00:00:00+09:00,100226.17915177523,100368.34172357342,98235.86982672714,98378.0390625,14505,0.0,0.0
2022-09-02 00:00:00+09:00,98946.68966450216,99515.3465791803,97809.36917117164,98520.1953125,11607,0.0,0.0
2022-09-05 00:00:00+09:00,98520.18537850217,99515.33654483927,98378.02283016074,98946.6796875,9279,0.0,0.0
2022-09-06 00:00:00+09:00,98946.69900366307,99515.35597201434,98662.3671875,98662.3671875,9411,0.0,0.0
2022-09-07 00:00:00+09:00,99231.02642291022,100368.34030921849,98946.69461934586,99515.3515625,12096,0.0,0.0
2022-09-08 00:00:00+09:00,99657.52220060777,99657.52220060777,98235.86982672714,98378.0390625,12852,0.0,0.0
2022-09-09 00:00:00+09:00,96387.72973745191,98520.2016342982,96387.72973745191,98378.0390625,23820,0.0,0.0
2022-09-12 00:00:00+09:00,99088.85502193747,100084.01298066005,98662.36065790622,99941.84375,9576,0.0,0.0
2022-09-13 00:00:00+09:00,100084.01657997703,100084.01657997703,98378.0390625,98378.0390625,12000,0.0,0.0
2022-09-14 00:00:00+09:00,98378.03582198854,98804.53018730934,96387.7265625,96387.7265625,17355,0.0,0.0
2022-09-15 00:00:00+09:00,96387.71952421172,96672.05130165498,94539.57963076535,94681.7421875,19866,0.0,0.0
2022-09-16 00:00:00+09:00,94397.41670730727,94966.08030012937,93828.7597784596,94539.5859375,27267,0.0,0.0
2022-09-20 00:00:00+09:00,94681.74232241978,94823.90487935703,93544.421875,93544.421875,15789,0.0,0.0
2022-09-21 00:00:00+09:00,93544.42669101257,94255.25284024264,92975.7697700131,93260.1015625,21933,0.0,0.0
2022-09-22 00:00:00+09:00,92264.94099825885,93970.91837674113,91696.2840934228,93117.9296875,19134,0.0,0.0
2022-09-26 00:00:00+09:00,91980.62026225099,92549.27719419311,89705.97920653364,89848.1484375,27045,0.0,0.0
2022-09-27 00:00:00+09:00,90132.47876452294,90843.30496838612,89421.6592246346,89705.984375,35034,0.0,0.0
2022-09-28 00:00:00+09:00,89563.81977907669,90416.8085388774,87573.51045155009,87715.6796875,32802,0.0,0.0
2022-09-29 00:00:00+09:00,88568.67706227857,89279.49665527002,88142.18264089356,88426.5078125,31140,0.0,0.0
2022-09-30 00:00:00+09:00,88568.67450361178,90558.97730326027,87715.68568548383,89990.3203125,33090,0.0,0.0
2022-10-03 00:00:00+09:00,91269.7890625,91411.9516216465,89563.81169684579,91269.7890625,21639,0.0,0.0
2022-10-04 00:00:00+09:00,91838.45505594082,92975.77563364054,91696.29248271888,92549.28125,16800,0.0,0.0
2022-10-05 00:00:00+09:00,92122.78058193013,93544.42620909195,91411.95443636208,92691.4375,20865,0.0,0.0
2022-10-06 00:00:00+09:00,92407.12160682773,92549.28418455736,91127.63841533614,91554.1328125,12405,0.0,0.0
2022-10-07 00:00:00+09:00,90701.13151943636,92122.77709275292,90274.63718104399,91838.4453125,15705,0.0,0.0
2022-10-11 00:00:00+09:00,90843.30569677033,91269.80008971292,88852.99630837998,89137.328125,26304,0.0,0.0
2022-10-12 00:00:00+09:00,88284.34522669678,89137.3340694668,87573.51896972998,88426.5078125,27405,0.0,0.0
2022-10-13 00:00:00+09:00,88000.01152764662,88568.67518676829,86436.203125,86436.203125,20436,0.0,0.0
2022-10-14 00:00:00+09:00,87289.19194970731,88426.50594000028,86436.203125,86436.203125,24747,0.0,0.0
2022-10-17 00:00:00+09:00,86009.6997140574,86151.86228197675,83905.65639059378,84360.5859375,31014,0.0,0.0
2022-10-18 00:00:00+09:00,84787.08847013084,84986.12141556418,82768.3504897861,84474.328125,33657,0.0,0.0
2022-10-19 00:00:00+09:00,84531.18350327291,85156.7107959304,83990.95508397896,84701.78125,26709,0.0,0.0
2022-10-20 00:00:00+09:00,84588.04938492934,86009.70175373464,84076.25613151335,84275.2890625,23676,0.0,0.0
2022-10-21 00:00:00+09:00,83877.226950664,84019.38951701604,82228.11319228778,82398.7109375,19371,0.0,0.0
2022-10-24 00:00:00+09:00,82398.70861555889,82938.93701483244,81858.48021628534,82370.2734375,14580,0.0,0.0
2022-10-25 00:00:00+09:00,82256.54981600243,83649.76031705795,81972.21801432957,83337.0,22371,0.0,0.0
2022-10-26 00:00:00+09:00,83649.76597394292,86720.52564936405,83422.3045156071,86294.03125,38424,0.0,0.0
2022-10-27 00:00:00+09:00,85725.3754242435,88142.17927444437,85298.88101914775,87573.515625,37506,0.0,0.0
2022-10-28 00:00:00+09:00,86578.35911977412,87857.84225947522,86009.70216789853,87715.6796875,26637,0.0,0.0
2022-10-31 00:00:00+09:00,88000.00823714185,89421.66066781228,86862.69428937545,88568.671875,42750,0.0,0.0
2022-11-01 00:00:00+09:00,88710.81896266648,90985.453125,87715.66776614064,90985.453125,38070,0.0,0.0
2022-11-02 00:00:00+09:00,90701.14160578132,90985.46675367835,88710.83225062818,88995.1640625,34647,0.0,0.0
2022-11-04 00:00:00+09:00,87715.67554449552,88852.98939452886,87147.01195550448,87431.34375,31188,0.0,0.0
2022-11-07 00:00:00+09:00,88000.00483145045,88284.33663937559,87147.01607164972,87715.6796875,15774,0.0,0.0
2022-11-08 00:00:00+09:00,87431.35418578386,89279.49441066236,87431.35418578386,88853.0,17793,0.0,0.0
2022-11-09 00:00:00+09:00,88568.67115573485,89421.65994162002,88426.5019154374,89137.328125,12708,0.0,0.0
2022-11-10 00:00:00+09:00,89279.4921875,89705.98658754217,88995.1670301219,89279.4921875,14208,0.0,0.0
2022-11-11 00:00:00+09:00,93117.93670612852,93117.93670612852,91696.29100489685,92407.1171875,28416,0.0,0.0
2022-11-14 00:00:00+09:00,91980.6226645553,95392.57767326864,91411.95905378666,94823.9140625,37092,0.0,0.0
2022-11-15 00:00:00+09:00,94539.57963076535,95250.39907841258,93686.5909624095,94681.7421875,30495,0.0,0.0
2022-11-16 00:00:00+09:00,95392.5859375,96103.40551657992,94966.09152446195,95392.5859375,20568,0.0,0.0
2022-11-17 00:00:00+09:00,95534.73099199113,95676.89354892838,93117.92754021432,93544.421875,17946,0.0,0.0
2022-11-18 00:00:00+09:00,93686.59810841815,93686.59810841815,92122.78320916006,92833.609375,23883,0.0,0.0
2022-11-21 00:00:00+09:00,92407.11626005423,94397.41888900791,92407.11626005423,94113.09375,21582,0.0,0.0
2022-11-22 00:00:00+09:00,94397.41623549769,94397.41623549769,93260.10238348677,93970.921875,19110,0.0,0.0
2022-11-24 00:00:00+09:00,93828.7625,95961.234375,93828.7625,95961.234375,31731,0.0,0.0
2022-11-25 00:00:00+09:00,95961.23152174742,97098.55204258923,95534.73715942855,96956.3828125,33834,0.0,0.0
2022-11-28 00:00:00+09:00,95392.57228580888,98520.1953125,95392.57228580888,98520.1953125,56631,0.0,0.0
2022-11-29 00:00:00+09:00,99076.00728679192,99508.6536068216,95903.26985994069,96768.5625,31110,1642.3334,0.0
2022-11-30 00:00:00+09:00,96624.33466793023,97345.4140625,95759.04209848579,97345.4140625,89325,0.0,0.0
2022-12-01 00:00:00+09:00,98354.92482996716,98643.35795454546,95037.97431776012,95182.1875,32802,0.0,0.0
2022-12-02 00:00:00+09:00,96335.91886493772,96335.91886493772,94605.33353658614,95326.40625,23448,0.0,0.0
2022-12-05 00:00:00+09:00,95182.18738662903,95903.26681716664,95037.97420456092,95759.046875,10944,0.0,0.0
2022-12-06 00:00:00+09:00,92586.30884744797,94172.68087857415,92586.30884744797,94028.4609375,21048,0.0,0.0
2022-12-07 00:00:00+09:00,93740.03457554869,94461.10724052547,93307.38827252323,94028.4609375,24384,0.0,0.0
2022-12-08 00:00:00+09:00,93740.03681557819,94316.89631336405,92874.74418885009,93884.25,27699,0.0,0.0
2022-12-09 00:00:00+09:00,93163.16914814897,95182.1875,92730.52284133079,95182.1875,70671,0.0,0.0
2022-12-12 00:00:00+09:00,93884.2442506707,94893.75,93595.81113939165,94893.75,20883,0.0,0.0
2022-12-13 00:00:00+09:00,93884.24775652435,95326.39984657637,93884.24775652435,94028.4609375,32661,0.0,0.0
2022-12-14 00:00:00+09:00,94028.46176178534,95326.40068223988,93163.16914814897,95182.1875,69129,0.0,0.0
2022-12-15 00:00:00+09:00,92730.52273087998,95759.046875,92730.52273087998,95759.046875,70287,0.0,0.0
2022-12-16 00:00:00+09:00,95182.18388950989,97056.98222790688,95037.97071274037,96624.3359375,56472,0.0,0.0
2022-12-19 00:00:00+09:00,96624.3351474778,96624.3351474778,94028.4574262611,94893.75,31185,0.0,0.0
2022-12-20 00:00:00+09:00,94605.3333399676,94605.3333399676,87538.77209048581,88259.8515625,52488,0.0,0.0
2022-12-21 00:00:00+09:00,88259.84324672488,91432.58045647635,87682.98377952415,90711.5078125,38511,0.0,0.0
2022-12-22 00:00:00+09:00,90855.717498629,92153.65632003799,90711.50432739401,91576.796875,19155,0.0,0.0
2022-12-23 00:00:00+09:00,90999.93677379304,90999.93677379304,89269.3515625,89269.3515625,17271,0.0,0.0
2022-12-26 00:00:00+09:00,89846.2265625,90134.65295242578,88548.2875275366,89846.2265625,14445,0.0,0.0
2022-12-27 00:00:00+09:00,89846.23003617645,89846.23003617645,89125.15051328503,89557.796875,6687,0.0,0.0
2022-12-28 00:00:00+09:00,88980.93700334232,90134.65612383762,87106.13160236356,87250.3515625,38976,0.0,0.0
2022-12-29 00:00:00+09:00,87827.20867897563,88980.93452746814,86961.91598263105,87971.421875,37089,0.0,0.0
2022-12-30 00:00:00+09:00,88548.28336286078,89846.22233677846,88404.06341458182,88980.9296875,14922,0.0,0.0
2023-01-04 00:00:00+09:00,88836.72037937446,89125.15355037978,87538.78125,87538.78125,17763,0.0,0.0
2023-01-05 00:00:00+09:00,87682.99428274974,88692.50016130063,87394.56113454989,88115.640625,28344,0.0,0.0
2023-01-06 00:00:00+09:00,86529.2671319797,86673.48032383333,84971.74032360406,85231.328125,23742,0.0,0.0
2023-01-10 00:00:00+09:00,85231.33092215192,87538.77586803159,85231.33092215192,86817.703125,17784,0.0,0.0
2023-01-11 00:00:00+09:00,86673.47895800427,87394.55842610743,85894.71556608846,85952.40625,20232,0.0,0.0
2023-01-12 00:00:00+09:00,86067.7695730368,86961.90752567191,85317.8515625,85317.8515625,20706,0.0,0.0
2023-01-13 00:00:00+09:00,84914.05814975356,86125.46791457974,84048.76546059201,84625.625,28995,0.0,0.0
2023-01-16 00:00:00+09:00,84192.97418619791,84798.67903645833,82952.71914420319,83068.09375,34509,0.0,0.0
2023-01-17 00:00:00+09:00,82404.70497689056,83673.79860026042,82145.11718392182,83068.09375,27207,0.0,0.0
2023-01-18 00:00:00+09:00,84510.25187381214,89557.79490269265,82923.88642252628,84250.6640625,35184,0.0,0.0
2023-01-19 00:00:00+09:00,82837.36286220654,84654.47766664837,82116.28330549004,82548.9296875,59349,0.0,0.0
2023-01-20 00:00:00+09:00,81856.67578825167,83068.08536651333,81366.3455932737,82606.59375,38937,0.0,0.0
2023-01-23 00:00:00+09:00,82923.87604032035,84019.91107526874,81943.20884477806,82433.5390625,18738,0.0,0.0
2023-01-24 00:00:00+09:00,83616.11336004395,85029.42014831917,83443.05483412465,84712.1484375,15465,0.0,0.0
2023-01-25 00:00:00+09:00,84971.74395833333,85231.33177083333,84019.92197916667,84366.0390625,12390,0.0,0.0
2023-01-26 00:00:00+09:00,83933.37898662551,84221.8120956157,83269.99027205605,84106.4375,14718,0.0,0.0
2023-01-27 00:00:00+09:00,84366.0360698637,86298.52530329188,84279.50680209974,86038.9375,17952,0.0,0.0
2023-01-30 00:00:00+09:00,86529.2789759068,86817.71215919312,86038.94864840996,86673.4921875,15123,0.0,0.0
2023-01-31 00:00:00+09:00,86673.47222526962,86673.47222526962,84308.34365138685,84885.203125,17631,0.0,0.0
2023-02-01 00:00:00+09:00,85375.53333956626,85663.96645642201,84625.61534785933,84885.203125,10194,0.0,0.0
2023-02-02 00:00:00+09:00,85548.600005242,85606.29069016658,84481.41021542426,84654.46875,11643,0.0,0.0
2023-02-03 00:00:00+09:00,85087.11679957311,85433.23387569326,84423.7212302767,84971.7421875,8724,0.0,0.0
2023-02-06 00:00:00+09:00,86413.90435057228,86817.71215919312,85606.30225353043,86673.4921875,32418,0.0,0.0
2023-02-07 00:00:00+09:00,86673.48267221394,87250.3489754564,86356.2109375,86356.2109375,16185,0.0,0.0
2023-02-08 00:00:00+09:00,87106.13508079597,87683.00142417915,86212.00374072144,86961.921875,16995,0.0,0.0
2023-02-09 00:00:00+09:00,86125.46774839074,86673.48194373619,85202.484375,85202.484375,21315,0.0,0.0
2023-02-10 00:00:00+09:00,85115.95676687385,85231.33138082344,83904.54698075046,84250.6640625,19929,0.0,0.0
2023-02-13 00:00:00+09:00,84106.43643359475,84625.61196713545,82289.32206620226,82606.59375,15255,0.0,0.0
2023-02-14 00:00:00+09:00,82895.02947295856,84481.40146223722,82895.02947295856,84077.59375,12804,0.0,0.0
2023-02-15 00:00:00+09:00,83183.47415860512,83183.47415860512,81510.57267829562,81712.4765625,18522,0.0,0.0
2023-02-16 00:00:00+09:00,82779.66259228058,83414.21279916754,82145.11914549257,83154.625,11655,0.0,0.0
2023-02-17 00:00:00+09:00,82375.85514279695,82952.71462012267,82145.11270388635,82433.5390625,12291,0.0,0.0
2023-02-20 00:00:00+09:00,82433.53989854894,83789.16948615601,82433.53989854894,83587.265625,11799,0.0,0.0
2023-02-21 00:00:00+09:00,83587.2652251227,83818.00766526966,83269.99352490832,83471.890625,15690,0.0,0.0
2023-02-22 00:00:00+09:00,83269.99590318523,83846.85540007756,83068.09203722853,83673.796875,20448,0.0,0.0
2023-02-24 00:00:00+09:00,83587.26433706636,84394.8730091481,83068.08878217774,84308.34375,28749,0.0,0.0
2023-02-27 00:00:00+09:00,84452.56815716703,85490.91940500104,84250.66427227732,84942.8984375,19239,0.0,0.0
2023-02-28 00:00:00+09:00,85058.26279567766,85548.59301688815,83818.0078125,83818.0078125,28308,0.0,0.0
2023-03-01 00:00:00+09:00,84366.03881732262,84683.31055608972,82347.02025037925,82404.7109375,24573,0.0,0.0
2023-03-02 00:00:00+09:00,82548.91080235483,83558.41654272827,82116.26451932362,83183.4609375,14457,0.0,0.0
2023-03-03 00:00:00+09:00,83875.69054712029,83875.69054712029,82866.17810012659,82895.0234375,16935,0.0,0.0
2023-03-06 00:00:00+09:00,82981.56866945876,84019.91989368557,82837.35547501585,83933.390625,13509,0.0,0.0
2023-03-07 00:00:00+09:00,83933.38426425462,83991.06818564048,83298.83408861571,83558.421875,9258,0.0,0.0
2023-03-08 00:00:00+09:00,83356.53047152345,83644.95685827918,82462.39244834296,83125.78125,17598,0.0,0.0
2023-03-09 00:00:00+09:00,83558.42227158208,83731.48079665964,83010.40811556889,83673.796875,12012,0.0,0.0
2023-03-10 00:00:00+09:00,82491.23683525308,84394.88071021969,82491.23683525308,83962.234375,18711,0.0,0.0
2023-03-13 00:00:00+09:00,83673.80656768673,83933.39438537345,82981.5723871888,83414.21875,12210,0.0,0.0
2023-03-14 00:00:00+09:00,83414.21534495927,85462.07245863718,83414.21534495927,84971.7421875,22524,0.0,0.0
2023-03-15 00:00:00+09:00,85894.70492934773,86413.88045966635,83991.06131817946,84135.28125,26691,0.0,0.0
2023-03-16 00:00:00+09:00,84135.29200051505,85750.5027145263,82721.97840069338,83385.3671875,31359,0.0,0.0
2023-03-17 00:00:00+09:00,82693.12976749426,84135.28865198848,82693.12976749426,83096.9375,40665,0.0,0.0
2023-03-20 00:00:00+09:00,82664.2997600048,83212.31397365785,81193.30214212672,81568.2578125,25398,0.0,0.0
2023-03-22 00:00:00+09:00,81568.2527427152,82923.88242088199,81568.2527427152,82808.5078125,23703,0.0,0.0
2023-03-23 00:00:00+09:00,82375.86538188688,82548.92392260513,81164.45559685913,81712.4765625,16170,0.0,0.0
2023-03-24 00:00:00+09:00,82375.8674734499,83039.25630968055,81914.37576645067,82145.125,16086,0.0,0.0
2023-03-27 00:00:00+09:00,82173.96132389875,82923.88617215803,82087.43205372262,82289.3359375,13746,0.0,0.0
2023-03-28 00:00:00+09:00,83039.24600043969,83298.83378588055,81597.09389024551,81943.2109375,19029,0.0,0.0
2023-03-29 00:00:00+09:00,82750.81601781843,83212.30088725607,81481.71572661921,81885.5234375,14094,0.0,0.0
2023-03-30 00:00:00+09:00,83327.68887965425,83356.53422366787,81077.92780917553,81337.515625,19959,0.0,0.0
2023-03-31 00:00:00+09:00,81770.14836865221,82000.89080204071,80327.9963298022,80847.171875,19005,0.0,0.0
2023-04-03 00:00:00+09:00,81395.19655003576,85894.7185249935,81337.51262423601,85202.484375,34383,0.0,0.0
2023-04-04 00:00:00+09:00,85404.38897325902,86961.91582383517,84942.89728268488,86356.2109375,30726,0.0,0.0
2023-04-05 00:00:00+09:00,86673.48267221394,86817.70262807414,85346.70504697444,86356.2109375,25995,0.0,0.0
2023-04-06 00:00:00+09:00,86154.3046875,86673.48029008975,85808.18761910683,86154.3046875,18537,0.0,0.0
2023-04-07 00:00:00+09:00,86385.05205673588,86442.7359801999,84769.834598755,85490.9140625,11556,0.0,0.0
2023-04-10 00:00:00+09:00,85490.91194992536,86298.5206589589,83673.79742467392,85981.2421875,17490,0.0,0.0
2023-04-11 00:00:00+09:00,86298.53648533768,87394.57176566587,85635.14083978912,86673.4921875,15546,0.0,0.0
2023-04-12 00:00:00+09:00,86673.47908297119,87394.558552114,85952.40637392727,86298.5234375,15774,0.0,0.0
2023-04-13 00:00:00+09:00,86211.98740336573,86500.41376030026,85692.81184876553,85808.1796875,16392,0.0,0.0
2023-04-14 00:00:00+09:00,86961.9184023265,87394.56476253708,86125.4710259525,87250.3515625,17739,0.0,0.0
2023-04-17 00:00:00+09:00,87250.3423070526,88836.7076194781,86961.90917747586,88548.28125,19011,0.0,0.0
2023-04-18 00:00:00+09:00,89557.78773817423,90278.8671875,89125.1414205985,90278.8671875,19929,0.0,0.0
2023-04-19 00:00:00+09:00,90134.65785556866,90278.87781847596,88259.85917866931,88836.71875,16272,0.0,0.0
2023-04-20 00:00:00+09:00,89269.35167193871,89269.35167193871,87971.41276187774,88692.4921875,11154,0.0,0.0
2023-04-21 00:00:00+09:00,88692.50717392162,88692.50717392162,87250.35483909432,87538.78125,12144,0.0,0.0
2023-04-24 00:00:00+09:00,88259.85748295824,88259.85748295824,87106.13160236356,87250.3515625,13035,0.0,0.0
2023-04-25 00:00:00+09:00,86961.90697408537,88836.70536858506,86817.69379300032,88692.4921875,8181,0.0,0.0
2023-04-26 00:00:00+09:00,88692.50137532022,88692.50137532022,87250.34913477897,87971.421875,24897,0.0,0.0
2023-04-27 00:00:00+09:00,87827.203125,88259.84944581281,87250.34361728252,87827.203125,13608,0.0,0.0
2023-04-28 00:00:00+09:00,88259.84577594521,89701.99786532327,87394.55317029869,89269.3515625,17877,0.0,0.0
2023-05-01 00:00:00+09:00,89413.57601213922,89413.57601213922,88548.28336286078,88980.9296875,9309,0.0,0.0
2023-05-02 00:00:00+09:00,88404.0626327175,88836.70895353031,87250.34361728252,87827.203125,14352,0.0,0.0
2023-05-08 00:00:00+09:00,88548.2875275366,90423.08610245069,88259.85437751169,89846.2265625,18672,0.0,0.0
2023-05-09 00:00:00+09:00,90855.74013157895,91144.17330599815,89557.8009868421,90423.09375,26046,0.0,0.0
2023-05-10 00:00:00+09:00,90855.73366799974,90855.73366799974,89125.14826479975,89702.0078125,27255,0.0,0.0
2023-05-11 00:00:00+09:00,89557.79131658791,90278.87079472549,88980.93179013726,89413.578125,10842,0.0,0.0
2023-05-12 00:00:00+09:00,89413.57455234857,90423.08037332568,89269.35460642418,90278.8671875,11829,0.0,0.0
2023-05-15 00:00:00+09:00,90423.07335121784,92009.4453125,90278.86017659152,92009.4453125,12207,0.0,0.0
2023-05-16 00:00:00+09:00,92009.45851331623,92874.75120541608,91432.59221185023,92730.53125,14997,0.0,0.0
2023-05-17 00:00:00+09:00,93307.38536775441,93307.38536775441,91721.01338601386,91865.2265625,10050,0.0,0.0
2023-05-18 00:00:00+09:00,92586.3178273897,92586.3178273897,89702.00660743797,89846.2265625,18618,0.0,0.0
2023-05-19 00:00:00+09:00,90134.65625,90567.30261081616,89557.79668894492,90134.65625,14199,0.0,0.0
2023-05-22 00:00:00+09:00,89846.21650867462,90278.86280524914,88548.27761895106,89990.4296875,16365,0.0,0.0
2023-05-23 00:00:00+09:00,87250.34570975928,88548.28470332545,87250.34570975928,88259.8515625,16941,0.0,0.0
2023-05-24 00:00:00+09:00,88259.85957391397,88259.85957391397,86961.92046253289,87683.0,15624,0.0,0.0
2023-05-25 00:00:00+09:00,87250.34947485864,88115.64217457593,86529.26997172784,86817.703125,24648,0.0,0.0
2023-05-26 00:00:00+09:00,86673.47816474129,86817.6981131013,85289.0099251176,85721.65625,78060,0.0,0.0
2023-05-29 00:00:00+09:00,85663.98051179586,87106.1328125,84942.90098139405,87106.1328125,44337,0.0,0.0
2023-05-30 00:00:00+09:00,87117.86421040792,88408.0625,86502.08666065669,88408.0625,29685,1646.6666,0.0
2023-05-31 00:00:00+09:00,87674.9829236974,88994.50611254494,85681.0390625,85681.0390625,169692,0.0,0.0
2023-06-01 00:00:00+09:00,85915.62726969158,89287.74471393035,85475.7861627264,88408.0625,85068,0.0,0.0
2023-06-02 00:00:00+09:00,86795.30009929731,88408.05294130424,86795.30009929731,87645.6640625,73764,0.0,0.0
2023-06-05 00:00:00+09:00,88114.8228633885,90607.2578125,87674.98180604627,90607.2578125,26706,0.0,0.0
2023-06-06 00:00:00+09:00,90020.80536021586,90900.48747490032,89287.7346404733,90607.2578125,29124,0.0,0.0
2023-06-07 00:00:00+09:00,90020.810278669,90020.810278669,88408.05735612624,88847.8984375,22719,0.0,0.0
2023-06-08 00:00:00+09:00,87968.21937003879,88847.90156373919,87381.76686507757,88554.671875,32049,0.0,0.0
2023-06-09 00:00:00+09:00,89434.3460354152,90900.48747490032,88701.28218818916,90607.2578125,22263,0.0,0.0
2023-06-12 00:00:00+09:00,90314.03784294895,90460.65612614302,88701.29170795233,89141.1328125,12054,0.0,0.0
2023-06-13 00:00:00+09:00,89287.73887075014,89434.3502726382,87909.57244995517,88261.4453125,14358,0.0,0.0
2023-06-14 00:00:00+09:00,87176.50085474183,87733.63517257036,86032.9140625,86032.9140625,30621,0.0,0.0
2023-06-15 00:00:00+09:00,86707.33644960672,88408.05759298064,86443.43180007543,87117.859375,27867,0.0,0.0
2023-06-16 00:00:00+09:00,86941.9224090288,87469.73170485593,86150.20846528813,87029.890625,32505,0.0,0.0
2023-06-19 00:00:00+09:00,87352.44422093708,87352.44422093708,85651.72297581319,86355.46875,19923,0.0,0.0
2023-06-20 00:00:00+09:00,85915.61571526497,86765.97965604733,85563.74287701472,86472.75,12912,0.0,0.0
2023-06-21 00:00:00+09:00,86062.23220599895,86238.16862149842,84830.67729750263,85710.359375,17220,0.0,0.0
2023-06-22 00:00:00+09:00,85094.58916279308,85651.71661094537,84537.45484212399,85299.84375,20157,0.0,0.0
2023-06-23 00:00:00+09:00,84889.32962176,85417.13892510773,84302.87713110152,84654.75,20727,0.0,0.0
2023-06-26 00:00:00+09:00,83628.4505342046,84244.22806201875,83276.57766116796,84009.6484375,15807,0.0,0.0
2023-06-27 00:00:00+09:00,84449.484375,84566.7776163597,83569.80224609375,84449.484375,21054,0.0,0.0
2023-06-28 00:00:00+09:00,83745.73908142502,84244.22333273747,83423.19125675422,84038.96875,27264,0.0,0.0
2023-06-29 00:00:00+09:00,84156.25885404916,85270.52752057234,83628.44955070142,84654.75,26793,0.0,0.0
2023-06-30 00:00:00+09:00,83628.450601151,84977.29890637695,82866.06166646697,84830.6875,26835,0.0,0.0
2023-07-03 00:00:00+09:00,85417.12950787497,87176.49365839762,85211.86806614192,86941.9140625,20643,0.0,0.0
2023-07-04 00:00:00+09:00,87176.4974416097,87235.140625,86326.14035612608,87235.140625,14124,0.0,0.0
2023-07-05 00:00:00+09:00,87587.02659037517,88554.67706010402,87323.12191681276,88114.8359375,21276,0.0,0.0
2023-07-06 00:00:00+09:00,87293.80103059395,88114.83318546701,86355.46875,86355.46875,12576,0.0,0.0
2023-07-07 00:00:00+09:00,86326.14936683555,86384.79255634702,85182.5625,85182.5625,13101,0.0,0.0
2023-07-10 00:00:00+09:00,83716.4147060859,85123.90613020232,83716.4147060859,84625.421875,18879,0.0,0.0
2023-07-11 00:00:00+09:00,84596.09642158545,85534.42861463156,84390.84183827642,85358.4921875,11916,0.0,0.0
2023-07-12 00:00:00+09:00,84889.33068804737,85505.10821635445,84537.45781472904,84830.6875,18603,0.0,0.0
2023-07-13 00:00:00+09:00,84742.71309437545,85211.87230953392,84126.93561102795,84772.03125,17805,0.0,0.0
2023-07-14 00:00:00+09:00,86238.16877680813,86531.39155482451,85299.83664411023,86208.84375,19992,0.0,0.0
2023-07-18 00:00:00+09:00,87059.20283696144,87792.2735441677,84918.64764284604,85739.6796875,19863,0.0,0.0
2023-07-19 00:00:00+09:00,85475.77732496748,86912.59375,85065.26129175101,86912.59375,14133,0.0,0.0
2023-07-20 00:00:00+09:00,86971.23939606461,87029.88945426769,86032.9140625,86032.9140625,22635,0.0,0.0
2023-07-21 00:00:00+09:00,86531.39209838992,86531.39209838992,85593.06683231395,86296.8125,11727,0.0,0.0
2023-07-24 00:00:00+09:00,86179.51727131491,87059.19933557643,85769.00126549824,86765.9765625,19077,0.0,0.0
2023-07-25 00:00:00+09:00,86765.9844921998,87616.3416078629,86736.65946320564,87264.46875,15354,0.0,0.0
2023-07-26 00:00:00+09:00,87264.46981891348,88114.8269449927,86853.95377055055,87440.40625,18921,0.0,0.0
2023-07-27 00:00:00+09:00,87968.21554325955,88261.4452192427,86648.69231011067,87440.40625,16641,0.0,0.0
2023-07-28 00:00:00+09:00,87029.8874088075,87029.8874088075,85211.87309757649,86179.5234375,37701,0.0,0.0
2023-07-31 00:00:00+09:00,86003.59205578122,86414.11498756244,85094.59171937358,85241.203125,33039,0.0,0.0
2023-08-01 00:00:00+09:00,85446.4651237428,85974.27443430982,84684.0693156902,85329.171875,17259,0.0,0.0
2023-08-02 00:00:00+09:00,85035.94728797128,85211.88373537571,83892.36037984244,84390.8515625,14577,0.0,0.0
2023-08-03 00:00:00+09:00,83863.03703124041,84156.25984375959,83364.54587942713,84009.6484375,10644,0.0,0.0
2023-08-04 00:00:00+09:00,83159.28036990306,83247.24857661575,81546.527622665,81751.7890625,27006,0.0,0.0
2023-08-07 00:00:00+09:00,81839.76843814024,83980.32384526655,81810.44340772856,83599.1328125,17064,0.0,0.0
2023-08-08 00:00:00+09:00,84068.28180191647,84684.0592577755,83833.70220480893,84478.8046875,13698,0.0,0.0
2023-08-09 00:00:00+09:00,84273.54976674335,86267.49367776196,83657.77226322853,86032.9140625,19065,0.0,0.0
2023-08-10 00:00:00+09:00,85710.36505243272,85886.30147958618,84860.00107284654,85035.9375,12333,0.0,0.0
2023-08-14 00:00:00+09:00,85182.5503513389,85475.77312959426,83892.34538595675,84478.8046875,9231,0.0,0.0
2023-08-15 00:00:00+09:00,84214.90821526949,84244.22637242317,82807.41675135144,82924.703125,13566,0.0,0.0
2023-08-16 00:00:00+09:00,82924.69547264163,84097.6072085084,82748.75905588744,83745.734375,12900,0.0,0.0
2023-08-17 00:00:00+09:00,83393.8638140279,83716.4116293615,82132.98383542425,82367.5703125,15912,0.0,0.0
2023-08-18 00:00:00+09:00,81575.8548082536,82807.40973482853,81429.23654484094,82103.6640625,13998,0.0,0.0
2023-08-21 00:00:00+09:00,81693.14385342899,82895.38066479622,81693.14385342899,82220.953125,21843,0.0,0.0
2023-08-22 00:00:00+09:00,82396.89382603073,83247.25783382583,82396.89382603073,82924.703125,11085,0.0,0.0
2023-08-23 00:00:00+09:00,82954.03539442559,83305.90829111457,82514.19427356437,83159.296875,14340,0.0,0.0
2023-08-24 00:00:00+09:00,82983.36517169492,83951.01569292045,82836.74687467911,83628.4609375,10323,0.0,0.0
2023-08-25 00:00:00+09:00,83628.44543051529,84566.7776163597,82983.34978432846,84449.484375,11286,0.0,0.0
2023-08-28 00:00:00+09:00,84449.4754697286,84566.76869871964,83921.66624804279,84273.5390625,8136,0.0,0.0
2023-08-29 00:00:00+09:00,84449.48818790841,86179.52749536338,84273.5517541836,85886.3046875,18078,0.0,0.0
2023-08-30 00:00:00+09:00,86150.21515508277,86941.92916030216,85681.0490092988,86853.9609375,15657,0.0,0.0
2023-08-31 00:00:00+09:00,87000.56647691815,87088.53469378054,85241.20213967004,85886.3046875,47055,0.0,0.0
2023-09-01 00:00:00+09:00,85358.50015158024,86560.73022497693,84801.36578950992,86355.46875,18306,0.0,0.0
2023-09-04 00:00:00+09:00,86941.92490396011,86941.92490396011,85593.07659618903,86150.2109375,10053,0.0,0.0
2023-09-05 00:00:00+09:00,86150.21057129705,87381.765625,85974.27413505378,87381.765625,11544,0.0,0.0
2023-09-06 00:00:00+09:00,87674.98413309266,87674.98413309266,86590.04741119672,86678.015625,20016,0.0,0.0
2023-09-07 00:00:00+09:00,86971.23462699735,86971.23462699735,85681.0365050294,85739.6796875,10992,0.0,0.0
2023-09-08 00:00:00+09:00,84273.54987157535,85505.10488013699,83100.63804877295,83481.8359375,35394,0.0,0.0
2023-09-11 00:00:00+09:00,84156.24309106945,84625.40911922876,82895.37012869708,83833.6953125,18726,0.0,0.0
2023-09-12 00:00:00+09:00,83833.7073044469,83833.7073044469,83305.89802446087,83716.4140625,11043,0.0,0.0
2023-09-13 00:00:00+09:00,83833.7144731284,84214.91238766482,82220.96146664677,82308.9296875,14841,0.0,0.0
2023-09-14 00:00:00+09:00,82308.93179507712,82954.03438869154,81957.05890265426,82660.8046875,14991,0.0,0.0
2023-09-15 00:00:00+09:00,82367.57698960027,82426.22017736487,80901.43544283217,81370.6015625,49200,0.0,0.0
2023-09-19 00:00:00+09:00,81634.49931990383,81751.79255804136,80549.55576655193,80725.4921875,18912,0.0,0.0
2023-09-20 00:00:00+09:00,80813.46080016154,81194.6586716183,80197.68332377874,80314.9765625,17397,0.0,0.0
2023-09-21 00:00:00+09:00,80666.84247654983,80696.16750184013,79640.54906157994,79992.421875,15564,0.0,0.0
2023-09-22 00:00:00+09:00,79787.16836577869,81399.92121160388,79787.16836577869,80490.9140625,16764,0.0,0.0
2023-09-25 00:00:00+09:00,80490.91824638926,81194.66397969103,80227.0135964011,80373.625,16614,0.0,0.0
2023-09-26 00:00:00+09:00,80872.10609122642,80901.4242447921,79875.13080212334,80021.7421875,16254,0.0,0.0
2023-09-27 00:00:00+09:00,80666.85844254032,81810.4453125,80080.40592827188,81810.4453125,16254,0.0,0.0
2023-09-28 00:00:00+09:00,81487.89147343788,81517.20962986101,80227.0114442572,80344.3046875,23739,0.0,0.0
2023-09-29 00:00:00+09:00,80637.5308853545,81869.0859375,80402.95126149913,81869.0859375,19707,0.0,0.0
2023-10-02 00:00:00+09:00,81927.73536375565,82455.54466773293,81282.6328125,81282.6328125,12342,0.0,0.0
2023-10-03 00:00:00+09:00,81869.0835764144,81869.0835764144,80197.68748241961,80520.2421875,16173,0.0,0.0
2023-10-04 00:00:00+09:00,80842.796875,81194.66976673015,79699.20997687704,80842.796875,26481,0.0,0.0
2023-10-05 00:00:00+09:00,82308.92120440694,82338.24623250807,81458.5641146394,81722.46875,28896,0.0,0.0
2023-10-06 00:00:00+09:00,82250.28803584055,83071.32706999645,82220.96300416869,82895.390625,15183,0.0,0.0
2023-10-10 00:00:00+09:00,82895.38653539155,84332.19618363323,82572.83182046622,83511.1640625,19773,0.0,0.0
2023-10-11 00:00:00+09:00,84390.8484684981,84449.49165797705,83687.10270468162,84361.5234375,11886,0.0,0.0
2023-10-12 00:00:00+09:00,84449.50003422763,84918.66621414597,83335.23808850421,83628.4609375,16203,0.0,0.0
2023-10-13 00:00:00+09:00,83863.03954833467,83863.03954833467,82484.86617256478,83129.96875,21336,0.0,0.0
2023-10-16 00:00:00+09:00,83129.953680788,83657.7629105073,81223.97819764036,81487.8828125,16722,0.0,0.0
2023-10-17 00:00:00+09:00,81282.63256365442,83393.86977309998,81282.63256365442,83012.671875,14589,0.0,0.0
2023-10-18 00:00:00+09:00,83452.51090836199,83716.41555305377,83100.63804877295,83481.8359375,11052,0.0,0.0
2023-10-19 00:00:00+09:00,82279.61239852723,82895.38995100814,80666.859375,80666.859375,24018,0.0,0.0
2023-10-20 00:00:00+09:00,80549.55344922641,80696.17171080939,79816.48963137656,79875.1328125,23826,0.0,0.0
2023-10-23 00:00:00+09:00,79640.54901299815,79816.48541960085,77734.56669312487,77939.828125,34650,0.0,0.0
2023-10-24 00:00:00+09:00,77763.89642230124,78672.90353557264,77470.66676938743,77910.5078125,23214,0.0,0.0
2023-10-25 00:00:00+09:00,78438.31736931804,79259.35627716033,78115.76956061972,79230.03125,20139,0.0,0.0
2023-10-26 00:00:00+09:00,79376.65670277504,79611.2363237556,78145.10166572247,78643.5859375,18183,0.0,0.0
2023-10-27 00:00:00+09:00,79669.88022404195,80608.2124613976,79288.6891956009,80051.078125,21339,0.0,0.0
2023-10-30 00:00:00+09:00,79347.31535204368,79816.48137001917,78496.95838744639,78555.6015625,15420,0.0,0.0
2023-10-31 00:00:00+09:00,78584.95160259519,80989.4118879182,78584.95160259519,78819.53125,27423,0.0,0.0
2023-11-01 00:00:00+09:00,79171.39838988229,80168.373845631,78233.07299610054,78350.359375,26205,0.0,0.0
2023-11-02 00:00:00+09:00,78672.90369330619,79435.29254539107,78321.03085811065,78731.546875,24240,0.0,0.0
2023-11-06 00:00:00+09:00,78966.12609171058,79816.49002099075,78731.5464935555,79464.6171875,25686,0.0,0.0
2023-11-07 00:00:00+09:00,79611.2355313513,80608.2109375,78438.32369308911,80608.2109375,29979,0.0,0.0
2023-11-08 00:00:00+09:00,80608.21299679401,80872.1176517062,80051.07865669594,80139.046875,14916,0.0,0.0
2023-11-09 00:00:00+09:00,80402.94704555825,81165.3359375,79787.16955177388,81165.3359375,18915,0.0,0.0
2023-11-10 00:00:00+09:00,80813.46039797404,81722.46753037786,80314.97616279332,80725.4921875,19086,0.0,0.0
2023-11-13 00:00:00+09:00,80784.14673873261,81106.69457091611,79699.203125,79699.203125,8172,0.0,0.0
2023-11-14 00:00:00+09:00,79963.1015625,80666.84723081684,79171.38768564357,79963.1015625,13800,0.0,0.0
2023-11-15 00:00:00+09:00,80666.85529119318,81927.73536375565,80666.85529119318,81282.6328125,14373,0.0,0.0
2023-11-16 00:00:00+09:00,81634.51141304348,81634.51141304348,80197.69480494889,80930.765625,13278,0.0,0.0
2023-11-17 00:00:00+09:00,80872.1134335102,81165.33623088486,80139.04269504012,80256.3359375,11268,0.0,0.0
2023-11-20 00:00:00+09:00,80490.91244346218,80637.52383649124,79933.77815392545,80227.0078125,11055,0.0,0.0
2023-11-21 00:00:00+09:00,80227.01465880434,82045.02220306982,80227.01465880434,80549.5625,21738,0.0,0.0
2023-11-22 00:00:00+09:00,80784.15165000333,81048.05631215668,79787.17619102939,80989.40625,12828,0.0,0.0
2023-11-24 00:00:00+09:00,81311.9583747354,81693.14940398082,80930.76047297298,81370.6015625,12933,0.0,0.0
2023-11-27 00:00:00+09:00,80930.75578252331,81546.53327217294,80637.5261156608,81399.921875,17970,0.0,0.0
2023-11-28 00:00:00+09:00,80725.49326067582,81663.82543321747,80461.58862574534,81223.984375,42606,0.0,0.0
2023-11-29 00:00:00+09:00,80980.53904872025,81846.80550143112,80651.95932588677,81159.765625,24153,1695.0,0.0
2023-11-30 00:00:00+09:00,81189.62750171707,83758.5390625,80651.94784938781,83758.5390625,90459,0.0,0.0
2023-12-01 00:00:00+09:00,83310.47415751294,84146.86707625957,81727.30859802847,81816.921875,30081,0.0,0.0
2023-12-04 00:00:00+09:00,82444.21875,83041.63829132079,80831.1796875,81548.0859375,20724,0.0,0.0
2023-12-05 00:00:00+09:00,81518.21251007079,81697.43907257079,79935.046875,79935.046875,19488,0.0,0.0
2023-12-06 00:00:00+09:00,80203.89060761959,80861.057035663,79994.79060755168,80562.34375,15699,0.0,0.0
2023-12-07 00:00:00+09:00,80203.88120088268,80263.6210505935,79009.0351994065,79636.328125,16638,0.0,0.0
2023-12-08 00:00:00+09:00,78650.59136652222,79845.43750878796,78650.59136652222,79666.2109375,25164,0.0,0.0
2023-12-11 00:00:00+09:00,79815.55471199547,80592.20776378002,79606.46173739257,80174.0078125,10572,0.0,0.0
2023-12-12 00:00:00+09:00,80592.2132711792,80741.56640625,79666.20703125,80114.2734375,14112,0.0,0.0
2023-12-13 00:00:00+09:00,79785.69139307034,80054.53122891254,78949.29845899325,79337.625,13293,0.0,0.0
2023-12-14 00:00:00+09:00,79636.3375351391,80174.01724918214,79009.04453542223,79128.53125,19221,0.0,0.0
2023-12-15 00:00:00+09:00,79307.76012743382,80114.2797219501,79158.40698064723,79546.7265625,32238,0.0,0.0
2023-12-18 00:00:00+09:00,79277.88988870989,79815.56964002979,78710.3437074534,79068.796875,14631,0.0,0.0
2023-12-19 00:00:00+09:00,79068.78363896307,80233.75623847423,78710.33053142118,80203.8828125,15765,0.0,0.0
2023-12-20 00:00:00+09:00,79307.751557532,80084.39763835224,78710.33203390392,78799.9453125,17565,0.0,0.0
2023-12-21 00:00:00+09:00,78710.33672457811,78889.56329245112,77605.10388901524,77844.0703125,13062,0.0,0.0
2023-12-22 00:00:00+09:00,77366.1297383489,78471.35546248611,77216.76961268065,78381.7421875,14979,0.0,0.0
2023-12-25 00:00:00+09:00,78112.91338002446,78172.66023913363,77007.6875,77007.6875,11484,0.0,0.0
2023-12-26 00:00:00+09:00,77306.38436839698,77455.74449692607,76679.09143147904,76977.8046875,12933,0.0,0.0
2023-12-27 00:00:00+09:00,77246.64225731754,77993.421875,76738.83603787419,77993.421875,15285,0.0,0.0
2023-12-28 00:00:00+09:00,78292.13668973288,79277.8828125,77575.23041862954,79277.8828125,13230,0.0,0.0
2023-12-29 00:00:00+09:00,79427.23524713799,81249.36717538764,79068.78214636269,81070.140625,10242,0.0,0.0
2024-01-04 00:00:00+09:00,81189.63516522264,81189.63516522264,79845.43590752028,80532.46875,10680,0.0,0.0
2024-01-05 00:00:00+09:00,80353.23601745271,81906.53515197152,80293.49616648411,81816.921875,17802,0.0,0.0
2024-01-09 00:00:00+09:00,81816.921875,81996.14842894304,81189.62893619934,81816.921875,10836,0.0,0.0
2024-01-10 00:00:00+09:00,81398.73436468055,82205.25391140973,81398.73436468055,81936.4140625,12171,0.0,0.0
2024-01-11 00:00:00+09:00,82205.24461097782,83280.60388495412,82055.88448890095,83161.1171875,14559,0.0,0.0
2024-01-12 00:00:00+09:00,83310.47655910962,83310.47655910962,82563.70389684451,83131.25,19323,0.0,0.0
2024-01-15 00:00:00+09:00,83220.85943336812,84445.57886470645,83190.99300892183,84116.9921875,4245,0.0,0.0
2024-01-16 00:00:00+09:00,84535.18985570154,84833.89609831537,83848.1500954084,84774.15625,15522,0.0,0.0
2024-01-17 00:00:00+09:00,84385.83115312923,84535.19127798604,82474.08596450294,82832.5390625,13821,0.0,0.0
2024-01-18 00:00:00+09:00,82981.9048175235,83280.61811166912,80861.05933189251,81159.765625,12867,0.0,0.0
2024-01-19 00:00:00+09:00,81816.9125141477,82563.69207048212,81249.35949125062,81966.265625,10233,0.0,0.0
2024-01-22 00:00:00+09:00,82384.48428127819,84027.38987755905,82235.1241354068,83818.296875,13200,0.0,0.0
2024-01-23 00:00:00+09:00,83579.31175002275,84087.12497328607,82862.40555345062,83728.671875,14025,0.0,0.0
2024-01-24 00:00:00+09:00,83997.51163099046,83997.51163099046,82623.43908832269,82832.5390625,11610,0.0,0.0
2024-01-25 00:00:00+09:00,82115.6445855954,82623.45087988352,81010.41170869273,81309.125,15501,0.0,0.0
2024-01-26 00:00:00+09:00,81996.14600217089,82145.49912569072,80592.20703818068,80681.8203125,15291,0.0,0.0
2024-01-29 00:00:00+09:00,80950.66874720932,81100.02188661775,80293.5023319442,80353.2421875,17187,0.0,0.0
2024-01-30 00:00:00+09:00,80920.80084228516,80920.80084228516,80263.63438216415,80293.5078125,15627,0.0,0.0
2024-01-31 00:00:00+09:00,79516.8436109054,80293.48961426927,78351.87110534123,78441.484375,38877,0.0,0.0
2024-02-01 00:00:00+09:00,77724.59061748277,78501.2367447485,76977.81091751023,77306.390625,33417,0.0,0.0
2024-02-02 00:00:00+09:00,78262.26251311344,79038.90856289443,78083.0359630842,78740.1953125,18879,0.0,0.0
2024-02-05 00:00:00+09:00,78441.4922190599,80502.5976273201,78441.4922190599,79516.8515625,16278,0.0,0.0
2024-02-06 00:00:00+09:00,79606.46326530723,79905.16952076944,78740.19692177,79486.9765625,13740,0.0,0.0
2024-02-07 00:00:00+09:00,79875.3070211792,80353.23985382079,78979.1742086792,79038.9140625,17742,0.0,0.0
2024-02-08 00:00:00+09:00,79815.55467516957,80442.84760076307,79367.48829974564,79636.328125,12567,0.0,0.0
2024-02-09 00:00:00+09:00,80293.49840548079,80651.9515233624,79188.265625,79188.265625,16422,0.0,0.0
2024-02-13 00:00:00+09:00,79666.2125829273,80353.24545337517,78590.85313298902,78620.7265625,14904,0.0,0.0
2024-02-14 00:00:00+09:00,78859.69305883416,78859.69305883416,77724.59375,77724.59375,17049,0.0,0.0
2024-02-15 00:00:00+09:00,78501.22805084518,78979.16784602097,77276.51563943872,77455.7421875,15843,0.0,0.0
2024-02-16 00:00:00+09:00,77634.96946219001,78202.5155356714,76947.9296875,76947.9296875,20544,0.0,0.0
2024-02-19 00:00:00+09:00,77366.12558765193,77933.67163142364,75543.98676034663,75962.1796875,17220,0.0,0.0
2024-02-20 00:00:00+09:00,76380.3835628737,77067.41633606657,75753.09063920804,76231.0234375,14070,0.0,0.0
2024-02-21 00:00:00+09:00,76469.9921397158,76828.44521693159,75424.49933047862,76111.5390625,17790,0.0,0.0
2024-02-22 00:00:00+09:00,75006.31095132555,75842.70384917707,74319.27817872004,75334.890625,26637,0.0,0.0
2024-02-26 00:00:00+09:00,76380.38127339372,77455.74053887269,76051.79460825055,76708.9609375,29373,0.0,0.0
2024-02-27 00:00:00+09:00,76320.64452305846,77186.91093556197,75872.57810315589,76589.484375,34383,0.0,0.0
2024-02-28 00:00:00+09:00,76499.875,77216.7813084765,76051.8085572022,76499.875,27078,0.0,0.0
2024-02-29 00:00:00+09:00,76201.15216155605,76499.85839121073,74856.953125,74856.953125,39990,0.0,0.0
2024-03-01 00:00:00+09:00,75424.50701096137,76141.41323839557,73871.21485221217,74140.0546875,26007,0.0,0.0
2024-03-04 00:00:00+09:00,74976.43670640538,75872.56944393627,74558.24376256997,74588.1171875,28635,0.0,0.0
2024-03-05 00:00:00+09:00,75185.54296875,75305.0296774292,74558.25,74737.4765625,21840,0.0,0.0
2024-03-06 00:00:00+09:00,76171.28508607786,76828.45144795055,74349.14612877103,74827.0859375,44895,0.0,0.0
2024-03-07 00:00:00+09:00,75424.50938507079,76410.25547882079,73124.4375,73124.4375,34944,0.0,0.0
2024-03-08 00:00:00+09:00,73094.5586138271,73930.951510044,72885.4656405507,73363.3984375,37446,0.0,0.0
2024-03-11 00:00:00+09:00,73841.3358801956,74080.30227104803,72765.97661980441,73303.65625,20460,0.0,0.0
2024-03-12 00:00:00+09:00,73273.78830613886,73871.21482950867,72915.33519253193,73423.1484375,25122,0.0,0.0
2024-03-13 00:00:00+09:00,74379.03152275561,74588.1315354147,71869.859375,71869.859375,38301,0.0,0.0
2024-03-14 00:00:00+09:00,72377.65397975982,73572.5,72377.65397975982,73572.5,26736,0.0,0.0
2024-03-15 00:00:00+09:00,74558.24847449014,77455.74684263466,74020.56879799142,76858.3203125,51573,0.0,0.0
2024-03-18 00:00:00+09:00,76858.31792026569,76918.064772042,74767.34613298874,75723.21875,33978,0.0,0.0
2024-03-19 00:00:00+09:00,76619.35022111156,80114.26795049559,75932.31744559544,79994.78125,42465,0.0,0.0
2024-03-21 00:00:00+09:00,80353.23359761186,80532.4601461575,79486.974279987,80144.140625,48438,0.0,0.0
2024-03-22 00:00:00+09:00,81338.97822301129,82414.33749588711,80741.55873842593,82264.984375,24168,0.0,0.0
2024-03-25 00:00:00+09:00,82264.99761117795,83310.48362767696,81846.80460478595,83101.390625,15786,0.0,0.0
2024-03-26 00:00:00+09:00,82294.86794269407,83280.61406432654,81757.18823998544,82503.9609375,24000,0.0,0.0
2024-03-27 00:00:00+09:00,82683.18516632079,83220.86485382079,80651.953125,80651.953125,26625,0.0,0.0
2024-03-28 00:00:00+09:00,81338.98830462142,81428.60158846824,79188.26949229764,80532.46875,29790,0.0,0.0
2024-03-29 00:00:00+09:00,81040.27733598258,81129.89061464343,80233.75782803485,80771.4375,7788,0.0,0.0
2024-04-01 00:00:00+09:00,80622.0780744853,80622.0780744853,77993.42654476377,78112.90625,18486,0.0,0.0
2024-04-02 00:00:00+09:00,78411.61711474098,78650.5835189354,76260.89847387951,76977.8046875,29757,0.0,0.0
2024-04-03 00:00:00+09:00,77306.39065236918,77306.39065236918,76081.6781048939,76410.2578125,27744,0.0,0.0
2024-04-04 00:00:00+09:00,76320.64376523298,77157.03674109207,76171.2906270944,76559.6171875,15501,0.0,0.0
2024-04-05 00:00:00+09:00,76679.09532257079,77605.1015625,76529.7421875,77067.421875,16050,0.0,0.0
2024-04-08 00:00:00+09:00,77097.29375739476,78710.33278756935,76798.58049220179,78471.359375,15657,0.0,0.0
2024-04-09 00:00:00+09:00,78322.0140122328,79427.24690214888,78023.30071740836,78829.8203125,14499,0.0,0.0
2024-04-10 00:00:00+09:00,78949.29844314768,80144.14449144123,78799.9453125,78799.9453125,19671,0.0,0.0
2024-04-11 00:00:00+09:00,78351.8812399292,78889.5609274292,77903.8148336792,78859.6875,22623,0.0,0.0
2024-04-12 00:00:00+09:00,78859.67560553634,79188.25525354722,76977.79698313148,77694.703125,30735,0.0,0.0
2024-04-15 00:00:00+09:00,77694.71484375,78112.90782257079,76499.86876007079,77605.1015625,18483,0.0,0.0
2024-04-16 00:00:00+09:00,77605.08985726644,78650.57564714584,77067.41025086505,77694.703125,17616,0.0,0.0
2024-04-17 00:00:00+09:00,78531.10548724332,80383.11091146489,78083.03909420282,79158.3984375,17553,0.0,0.0
2024-04-18 00:00:00+09:00,79576.59215162964,79576.59215162964,78232.39295987913,78292.1328125,15456,0.0,0.0
2024-04-19 00:00:00+09:00,78292.14052658579,79636.33985077958,78142.78737979919,79546.7265625,24066,0.0,0.0
2024-04-22 00:00:00+09:00,79815.56016632079,80980.53282257079,79815.56016632079,80651.953125,16656,0.0,0.0
2024-04-23 00:00:00+09:00,81100.02742222378,81100.02742222378,79875.31479298933,80293.5078125,25812,0.0,0.0
2024-04-24 00:00:00+09:00,80562.33433839228,80562.33433839228,79606.46173739257,80174.0078125,13515,0.0,0.0
2024-04-25 00:00:00+09:00,81667.56318148534,81697.42960441564,80293.49069455144,80980.5234375,18681,0.0,0.0
2024-04-26 00:00:00+09:00,80263.62426380951,81249.3703292048,79994.78442779262,81129.890625,13830,0.0,0.0
2024-04-30 00:00:00+09:00,81548.0882746036,82205.25468961666,81189.63513933061,81428.6015625,16665,0.0,0.0
2024-05-01 00:00:00+09:00,81667.57107762436,82026.0241957397,81070.14454674048,81876.6640625,15606,0.0,0.0
2024-05-02 00:00:00+09:00,82026.02035936525,83041.6328125,81816.9203832318,83041.6328125,29040,0.0,0.0
2024-05-07 00:00:00+09:00,84535.2031718609,84833.90946152757,83400.09686780577,83818.296875,25596,0.0,0.0
2024-05-08 00:00:00+09:00,84445.5780850147,84445.5780850147,83519.57191394924,83907.8984375,19728,0.0,0.0
2024-05-09 00:00:00+09:00,83907.90627733915,83967.64613229904,82324.73361104369,82474.09375,27096,0.0,0.0
2024-05-10 00:00:00+09:00,82623.45179377851,82742.93851183067,79277.88669766123,79546.7265625,42006,0.0,0.0
2024-05-13 00:00:00+09:00,79905.17579971543,80024.66251191193,79068.78981745339,79277.8828125,31989,0.0,0.0
2024-05-14 00:00:00+09:00,79755.81482545876,80054.52807608708,79128.52189986526,79636.328125,22605,0.0,0.0
2024-05-15 00:00:00+09:00,79367.49215116799,79666.20541629179,77575.2265625,77575.2265625,38811,0.0,0.0
2024-05-16 00:00:00+09:00,78740.19444791456,78949.29442099841,77455.7421875,77455.7421875,34509,0.0,0.0
2024-05-17 00:00:00+09:00,77336.26805659904,77664.84778109755,75753.1022917849,76141.421875,53208,0.0,0.0
2024-05-20 00:00:00+09:00,77605.10557532622,77605.10557532622,75544.0,75544.0,54438,0.0,0.0
2024-05-21 00:00:00+09:00,75484.24855216124,76768.70078523654,75245.27515914133,76708.9609375,35493,0.0,0.0
2024-05-22 00:00:00+09:00,76231.02498387516,76469.9983889059,75305.02579275206,75723.21875,31626,0.0,0.0
2024-05-23 00:00:00+09:00,76380.39448662035,77276.527362877,76081.68119418877,77007.6875,24678,0.0,0.0
2024-05-24 00:00:00+09:00,77067.41953406215,77097.29296058395,75992.0601917264,76828.453125,19632,0.0,0.0
2024-05-27 00:00:00+09:00,77395.99530846557,77395.99530846557,76529.73599350615,77097.2890625,25638,0.0,0.0
2024-05-28 00:00:00+09:00,77276.52575913693,77515.4921875,77037.5523297359,77515.4921875,19374,0.0,0.0
2024-05-29 00:00:00+09:00,76977.79903810867,77276.5122722071,75514.11329237415,75603.7265625,45504,0.0,0.0
2024-05-30 00:00:00+09:00,75937.98965269371,76456.43940829224,74931.58256091102,75572.0234375,30510,1732.0,0.0
2024-05-31 00:00:00+09:00,76395.4480432581,79048.703125,76181.96536673227,79048.703125,134628,0.0,0.0
2024-06-03 00:00:00+09:00,78865.71895322081,78896.21852025003,76608.9296875,76608.9296875,22338,0.0,0.0
2024-06-04 00:00:00+09:00,77066.38681531021,77462.8454445159,76242.96284234489,76517.4375,24075,0.0,0.0
2024-06-05 00:00:00+09:00,76913.88653752168,77493.33534734712,76303.9453125,76303.9453125,18048,0.0,0.0
2024-06-06 00:00:00+09:00,76303.95077071474,76608.9249789295,75572.01838922108,75998.9765625,24378,0.0,0.0
2024-06-07 00:00:00+09:00,75907.48752705372,76639.41993277149,75053.5711522346,75206.0546875,27576,0.0,0.0
2024-06-10 00:00:00+09:00,75175.55299942277,75572.018757255,74809.5868068937,74870.5859375,21390,0.0,0.0
2024-06-11 00:00:00+09:00,74901.08381923882,75998.98247692038,74901.08381923882,75724.5078125,25005,0.0,0.0
2024-06-12 00:00:00+09:00,75724.50907483605,76334.45754890109,75572.02553020872,75907.4921875,27672,0.0,0.0
2024-06-13 00:00:00+09:00,76242.96006883385,76730.91023284094,75785.5023227164,76181.9609375,26610,0.0,0.0
2024-06-14 00:00:00+09:00,76547.92841400582,76883.40219861807,75815.99600798257,76364.9453125,23781,0.0,0.0
2024-06-17 00:00:00+09:00,76486.93579090039,76639.41932495647,75663.51184099836,76273.453125,16914,0.0,0.0
2024-06-18 00:00:00+09:00,75968.4812726828,76669.9140625,75541.51596777067,76669.9140625,13005,0.0,0.0
2024-06-19 00:00:00+09:00,76639.42545758629,77706.83172472392,76364.95078565569,77127.3828125,16677,0.0,0.0
2024-06-20 00:00:00+09:00,76852.9081405694,77767.82371367142,76517.4414796913,77127.3828125,12726,0.0,0.0
2024-06-21 00:00:00+09:00,76639.41470552553,77188.36397237238,76547.92316105105,76730.90625,24420,0.0,0.0
2024-06-24 00:00:00+09:00,77249.36323221742,78255.77022315214,77066.38014295658,77798.3125,9663,0.0,0.0
2024-06-25 00:00:00+09:00,77950.8013314901,78591.2421875,77615.33469426786,78591.2421875,14373,0.0,0.0
2024-06-26 00:00:00+09:00,78591.24175354358,78865.71640460369,78042.29245142337,78560.7421875,29475,0.0,0.0
2024-06-27 00:00:00+09:00,78469.25744528754,78469.25744528754,76669.92584815033,77279.8671875,31683,0.0,0.0
2024-06-28 00:00:00+09:00,78255.76877501527,78286.26119080986,76151.46328745596,76547.921875,27777,0.0,0.0
2024-07-01 00:00:00+09:00,76852.90711700845,76944.39867310012,75389.04221954162,75846.5,17718,0.0,0.0
2024-07-02 00:00:00+09:00,76425.94505928346,76486.93704434994,74840.08911755771,75297.546875,19236,0.0,0.0
2024-07-03 00:00:00+09:00,75023.07686430318,75450.0350817513,74779.10176115824,74840.09375,16743,0.0,0.0
2024-07-04 00:00:00+09:00,74718.09905928913,75419.5390625,74291.14086221375,75419.5390625,18027,0.0,0.0
2024-07-05 00:00:00+09:00,75053.56880327027,75145.06035112157,74260.63729004095,74901.078125,14634,0.0,0.0
2024-07-08 00:00:00+09:00,75175.55953940176,76730.91599296026,75145.06711922308,75846.5,23526,0.0,0.0
2024-07-09 00:00:00+09:00,75114.5700405162,76212.46875,75023.07848139256,76212.46875,12060,0.0,0.0
2024-07-10 00:00:00+09:00,75572.01798093293,76151.46682907724,75297.54333935569,75876.9921875,14334,0.0,0.0
2024-07-11 00:00:00+09:00,75846.49154589372,76456.43280259284,75572.01690821256,75755.0,11832,0.0,0.0
2024-07-12 00:00:00+09:00,75907.49070455428,77584.83825379734,75785.50673034665,76822.40625,23856,0.0,0.0
2024-07-16 00:00:00+09:00,77554.328125,77615.32725157465,76639.41270414756,77554.328125,15393,0.0,0.0
2024-07-17 00:00:00+09:00,76974.89883528795,77157.88194888389,75816.00101732837,77096.8828125,19566,0.0,0.0
2024-07-18 00:00:00+09:00,77157.87136798972,79292.66930200584,76852.8971712259,78926.703125,19626,0.0,0.0
2024-07-19 00:00:00+09:00,78865.71420330078,79018.19773370781,76517.43352570209,77066.3828125,23745,0.0,0.0
2024-07-22 00:00:00+09:00,77188.3659060329,77493.34011118008,76425.94111483057,77005.3828125,24219,0.0,0.0
2024-07-23 00:00:00+09:00,77096.87898876672,77279.86209328735,74901.08173451915,75389.0390625,24195,0.0,0.0
2024-07-24 00:00:00+09:00,75694.0080186632,76120.96618357488,74931.57608695653,75755.0,19524,0.0,0.0
2024-07-25 00:00:00+09:00,75450.03124066282,75663.51391240764,74138.65708676944,74291.140625,22836,0.0,0.0
2024-07-26 00:00:00+09:00,74077.64561503641,75053.5601109428,73986.1540777812,74748.5859375,22182,0.0,0.0
2024-07-29 00:00:00+09:00,75053.57431049462,75663.515625,74169.15118451747,75663.515625,20718,0.0,0.0
2024-07-30 00:00:00+09:00,75663.51200442165,75815.99553880707,74565.61340218096,75175.5546875,22998,0.0,0.0
2024-07-31 00:00:00+09:00,75114.56397380123,75876.99595417894,74565.61466339586,75358.5390625,23028,0.0,0.0
2024-08-01 00:00:00+09:00,75175.55355837551,75206.05312390544,73650.69679409232,73894.671875,31302,0.0,0.0
2024-08-02 00:00:00+09:00,74016.66808063512,74413.13386868639,72918.76941936488,73467.71875,47169,0.0,0.0
2024-08-05 00:00:00+09:00,73620.20551568738,74230.15400828187,72491.8143851659,72766.2890625,45000,0.0,0.0
2024-08-06 00:00:00+09:00,74931.57608695653,77188.3651697426,74260.63570114356,75755.0,47967,0.0,0.0
2024-08-07 00:00:00+09:00,76120.96479713604,78499.74494704654,75480.52398754474,76669.9140625,46050,0.0,0.0
2024-08-08 00:00:00+09:00,76730.91302410228,78164.28544593065,75968.48818468978,76517.4375,28053,0.0,0.0
2024-08-09 00:00:00+09:00,77798.32374088177,77950.8072880388,75998.98500465018,76090.4765625,42882,0.0,0.0
2024-08-13 00:00:00+09:00,79140.19675949473,80878.5363414952,78408.2643039156,80451.578125,79788,0.0,0.0
2024-08-14 00:00:00+09:00,80512.56025701923,81274.9921875,79506.15325380648,81274.9921875,40482,0.0,0.0
2024-08-15 00:00:00+09:00,81122.50867809633,81488.47489340772,79963.61804553619,81183.5078125,28464,0.0,0.0
2024-08-16 00:00:00+09:00,80787.03885923218,81396.98014488611,79658.64069038394,80726.046875,19320,0.0,0.0
2024-08-19 00:00:00+09:00,80817.53990024787,81244.49809322033,79567.15059233688,80970.0234375,18987,0.0,0.0
2024-08-20 00:00:00+09:00,81061.51453196675,81610.46384030963,79414.66660693807,79780.6328125,24324,0.0,0.0
2024-08-21 00:00:00+09:00,79414.66936011314,81671.45865672502,77889.8125,77889.8125,26538,0.0,0.0
2024-08-22 00:00:00+09:00,77920.30970604121,78652.2421875,77462.85190512947,78652.2421875,19212,0.0,0.0
2024-08-23 00:00:00+09:00,78621.74282289724,79201.18455436305,78194.7774812327,78713.234375,14952,0.0,0.0
2024-08-26 00:00:00+09:00,79170.69508388045,80268.59375,78804.72886184059,80268.59375,17178,0.0,0.0
2024-08-27 00:00:00+09:00,80238.08455467869,81153.0,79811.12639612105,81153.0,19326,0.0,0.0
2024-08-28 00:00:00+09:00,80756.54119925802,81701.95628994622,80085.60791353643,81000.5234375,33096,0.0,0.0
2024-08-29 00:00:00+09:00,80207.59184455106,81000.52339677248,79231.68433540646,79933.1171875,24162,0.0,0.0
2024-08-30 00:00:00+09:00,79292.68227649822,79536.66453294233,77828.81732894578,78499.7578125,50823,0.0,0.0
2024-09-02 00:00:00+09:00,78987.7096681809,79597.65097119138,78621.74345681911,78804.7265625,19956,0.0,0.0
2024-09-03 00:00:00+09:00,78804.73099411772,79079.20566807427,77859.31584567472,78377.765625,21525,0.0,0.0
2024-09-04 00:00:00+09:00,78408.26625327798,79109.69915805417,78042.30001638987,78499.7578125,23838,0.0,0.0
2024-09-05 00:00:00+09:00,78682.73210524436,79994.11335625753,78286.26634382707,79445.1640625,26088,0.0,0.0
2024-09-06 00:00:00+09:00,79841.62103006007,80878.52761281676,79384.16329469346,80390.5703125,25647,0.0,0.0
2024-09-09 00:00:00+09:00,80543.06463697973,82220.40497743328,79841.62464580049,82037.421875,32058,0.0,0.0
2024-09-10 00:00:00+09:00,82037.41288404187,84690.66757853897,81762.93826047321,84019.734375,56928,0.0,0.0
2024-09-11 00:00:00+09:00,83653.76847846691,83928.24310291564,81854.43006411854,82982.828125,33417,0.0,0.0
2024-09-12 00:00:00+09:00,83287.81140814192,83775.76158415386,81671.45590024214,82006.9296875,27480,0.0,0.0
2024-09-13 00:00:00+09:00,81976.42238808595,82830.34583722077,80634.54880896847,80909.0234375,31923,0.0,0.0
2024-09-17 00:00:00+09:00,81305.48756709664,81976.42797628065,80695.54628915127,81762.9453125,16467,0.0,0.0
2024-09-18 00:00:00+09:00,80817.5293072441,81549.46162656171,80268.5800677559,80543.0546875,14262,0.0,0.0
2024-09-19 00:00:00+09:00,80604.05826041047,81396.98267114774,79597.65117656879,80024.609375,17307,0.0,0.0
2024-09-20 00:00:00+09:00,79994.1188776552,80756.54373975808,78774.22909140174,79140.1953125,58269,0.0,0.0
2024-09-24 00:00:00+09:00,79414.67130064129,79597.65441423724,77096.8828125,77096.8828125,41550,0.0,0.0
2024-09-25 00:00:00+09:00,77188.37206483618,77340.86275346544,76090.4734160383,76700.421875,36285,0.0,0.0
2024-09-26 00:00:00+09:00,76669.91298150875,76913.88804674945,75846.4890950725,76547.921875,26922,0.0,0.0
2024-09-27 00:00:00+09:00,76974.89969685595,77432.35748596607,76456.44277067918,77157.8828125,30879,0.0,0.0
2024-09-30 00:00:00+09:00,76425.94332320032,76486.93530688132,74626.60475294928,75084.0625,42690,0.0,0.0
2024-10-01 00:00:00+09:00,75084.06330429211,75084.06330429211,73681.19763016075,74077.65625,30735,0.0,0.0
2024-10-02 00:00:00+09:00,74047.16529054774,74321.63994712583,72857.7751120427,73162.7421875,41631,0.0,0.0
2024-10-03 00:00:00+09:00,73284.72816956484,75175.55106642029,73284.72816956484,74596.109375,34380,0.0,0.0
2024-10-04 00:00:00+09:00,75511.02741847573,75511.02741847573,74870.58657608739,74962.078125,19662,0.0,0.0
2024-10-07 00:00:00+09:00,75206.05743243244,75358.54097326331,74047.16679700697,74474.125,22425,0.0,0.0
2024-10-08 00:00:00+09:00,74809.58050349692,75572.01238961633,74321.63038642392,75114.5546875,22845,0.0,0.0
2024-10-09 00:00:00+09:00,74809.59081185191,75755.0059090909,74809.59081185191,75480.53125,16293,0.0,0.0
2024-10-10 00:00:00+09:00,75663.5124410736,75785.50355795235,75114.56313678528,75206.0546875,14991,0.0,0.0
2024-10-11 00:00:00+09:00,74931.5776902095,75206.05233376338,74352.12883789225,74901.078125,18510,0.0,0.0
2024-10-15 00:00:00+09:00,75023.0709077619,75328.04512331272,73681.19722533746,73955.671875,18942,0.0,0.0
2024-10-16 00:00:00+09:00,73986.16097128378,74962.07555811892,73010.25353222564,74596.109375,30897,0.0,0.0
2024-10-17 00:00:00+09:00,74596.1201695667,75175.56194483615,73498.22146133649,73925.1796875,22284,0.0,0.0
2024-10-18 00:00:00+09:00,73925.17015945549,74138.65281891098,73193.2377816391,73711.6875,21642,0.0,0.0
2024-10-21 00:00:00+09:00,73559.21345142326,73925.1796875,73071.25608739494,73925.1796875,16071,0.0,0.0
2024-10-22 00:00:00+09:00,73193.2463959395,73894.67929130793,72735.78860596487,73772.6953125,20886,0.0,0.0
2024-10-23 00:00:00+09:00,73498.21767061345,74901.08340470176,73101.75188605231,74535.1171875,17961,0.0,0.0
2024-10-24 00:00:00+09:00,73925.1710927961,74931.578125,73559.2048992674,74931.578125,28110,0.0,0.0
2024-10-25 00:00:00+09:00,74657.10240831069,75297.54323779375,74138.65269084535,74809.5859375,13095,0.0,0.0
2024-10-28 00:00:00+09:00,74413.12819683865,75206.05256472592,74108.15398713869,74870.5859375,9294,0.0,0.0
2024-10-29 00:00:00+09:00,74474.123932082,74687.60660440613,74077.65815427365,74352.1328125,15648,0.0,0.0
2024-10-30 00:00:00+09:00,74382.63324530503,75175.55766237543,74291.14169149776,74413.1328125,16713,0.0,0.0
2024-10-31 00:00:00+09:00,74321.63514795054,75114.55949982652,74077.65292600635,74718.09375,26286,0.0,0.0
2024-11-01 00:00:00+09:00,75114.5660985224,76456.4398459887,74474.12521826703,75602.5234375,32382,0.0,0.0
2024-11-05 00:00:00+09:00,75328.04280274246,75937.9840672768,74809.5859375,74809.5859375,28041,0.0,0.0
2024-11-06 00:00:00+09:00,75907.47985275403,76303.94558169399,74748.58937679135,75267.0390625,43698,0.0,0.0
2024-11-07 00:00:00+09:00,74840.08607320099,75389.03535980149,73559.20440446651,73742.1875,52662,0.0,0.0
2024-11-08 00:00:00+09:00,74108.16129278729,75419.54266121937,73772.69463249076,74840.09375,33102,0.0,0.0
2024-11-11 00:00:00+09:00,74931.578125,75206.05277014652,74535.11236608484,74931.578125,20361,0.0,0.0
2024-11-12 00:00:00+09:00,75023.07348484849,75694.01392299657,74931.58193181817,75480.53125,26118,0.0,0.0
2024-11-13 00:00:00+09:00,75145.0542502333,75602.51195234961,74535.10588222713,75114.5546875,28167,0.0,0.0
2024-11-14 00:00:00+09:00,75023.06689319399,75145.0580024419,74016.65989828529,74504.6171875,28659,0.0,0.0
2024-11-15 00:00:00+09:00,75145.05970860444,75633.00986112109,74535.11129629298,74809.5859375,42018,0.0,0.0
2024-11-18 00:00:00+09:00,74870.58524272204,77035.8828125,74748.59413041864,77035.8828125,28296,0.0,0.0
2024-11-19 00:00:00+09:00,76913.89170019662,77950.79828533254,76517.43309382061,77035.8828125,48129,0.0,0.0
2024-11-20 00:00:00+09:00,77950.80599483999,78804.72956986433,75724.50907483605,75907.4921875,48399,0.0,0.0
2024-11-21 00:00:00+09:00,75572.02216702064,76242.96259952211,74779.09776335707,75389.0390625,36900,0.0,0.0
2024-11-22 00:00:00+09:00,75297.54961782822,77035.88915943056,75297.54961782822,76791.9140625,40725,0.0,0.0
2024-11-25 00:00:00+09:00,76883.40172283711,77340.85947377073,75175.5546875,75175.5546875,514038,0.0,0.0
2024-11-26 00:00:00+09:00,75815.99853902627,75815.99853902627,74108.15858388324,74413.1328125,72834,0.0,0.0
2024-11-27 00:00:00+09:00,74718.09525876142,75968.48451508724,74596.1112931032,74870.5859375,68214,0.0,0.0
2024-11-28 00:00:00+09:00,75120.14667317254,76054.86441403526,74715.10718712026,74933.203125,26058,1733.6666,0.0
2024-11-29 00:00:00+09:00,74839.74220529248,75369.4205369248,73562.296875,73562.296875,27234,0.0,0.0
2024-12-02 00:00:00+09:00,73967.3463709402,74154.28995292026,72939.15667004984,73406.515625,39465,0.0,0.0
2024-12-03 00:00:00+09:00,73499.98519243926,74154.28770957526,72970.306857864,73624.609375,29433,0.0,0.0
2024-12-04 00:00:00+09:00,73686.92004325613,74091.95954234169,73094.9296875,73094.9296875,19620,0.0,0.0
2024-12-05 00:00:00+09:00,72752.20521461671,73188.40442453558,71724.015625,71724.015625,29094,0.0,0.0
2024-12-06 00:00:00+09:00,71692.85669495033,72129.05590952003,70571.1953125,70571.1953125,37626,0.0,0.0
2024-12-09 00:00:00+09:00,70384.2504741095,71412.4400560686,70197.3069137533,70851.609375,28002,0.0,0.0
2024-12-10 00:00:00+09:00,70789.29990863707,71350.13061045951,70508.88455772586,70695.828125,16581,0.0,0.0
2024-12-11 00:00:00+09:00,70415.41103117653,71038.5538058387,70041.52390588264,70508.8828125,15525,0.0,0.0
2024-12-12 00:00:00+09:00,70508.88105799514,70820.4487863319,70010.36246918052,70321.9375,20154,0.0,0.0
2024-12-13 00:00:00+09:00,69948.05206957764,70789.29810082764,69823.42059375,70103.8359375,31956,0.0,0.0
2024-12-16 00:00:00+09:00,70384.256950286,70446.56904197724,69324.90757663404,69449.5390625,19254,0.0,0.0
2024-12-17 00:00:00+09:00,69418.37458740234,69979.20528147243,69262.59071765498,69356.0625,19650,0.0,0.0
2024-12-18 00:00:00+09:00,69636.48179191336,70446.56818396688,68919.8671875,68919.8671875,22482,0.0,0.0
2024-12-19 00:00:00+09:00,68577.12932110435,68857.54467130762,68078.61801128727,68203.2421875,22299,0.0,0.0
2024-12-20 00:00:00+09:00,68327.87191250114,68982.17437951552,67891.67270198585,68016.296875,58749,0.0,0.0
2024-12-23 00:00:00+09:00,68109.76744253976,68701.7578125,67798.19971307249,68701.7578125,17163,0.0,0.0
2024-12-24 00:00:00+09:00,68701.75787583979,69480.69180519164,68452.50223153962,69106.8046875,13548,0.0,0.0
2024-12-25 00:00:00+09:00,69169.1188844724,69356.06244902503,68577.12849589475,68951.015625,8490,0.0,0.0
2024-12-26 00:00:00+09:00,68764.07211098725,69356.0625,68577.12854629722,69356.0625,20610,0.0,0.0
2024-12-27 00:00:00+09:00,69605.315594471,70259.61804684399,69543.00350935828,69916.890625,14193,0.0,0.0
2024-12-30 00:00:00+09:00,69916.898006393,70477.72873906461,69449.5390625,69449.5390625,19722,0.0,0.0
2025-01-06 00:00:00+09:00,69854.58463878607,70633.5113293914,69667.64106464345,70135.0,28134,0.0,0.0
2025-01-07 00:00:00+09:00,70384.2503889019,70571.19394903177,69574.1640625,69574.1640625,18273,0.0,0.0
2025-01-08 00:00:00+09:00,69761.10500551361,70197.30419529155,69449.52998282507,69729.9453125,18945,0.0,0.0
2025-01-09 00:00:00+09:00,69449.54251380522,69885.74178228785,68857.5520546272,69823.4296875,14418,0.0,0.0
2025-01-10 00:00:00+09:00,70010.3594576065,70726.97396493431,69729.94413267616,70415.40625,20544,0.0,0.0
2025-01-14 00:00:00+09:00,71038.55287478413,71848.639201476,70446.5625,70446.5625,28482,0.0,0.0
2025-01-15 00:00:00+09:00,70446.56170514994,71194.3359375,70353.0899261062,71194.3359375,23886,0.0,0.0
2025-01-16 00:00:00+09:00,71194.33686150685,71599.383676781,70976.24090922931,71256.65625,17364,0.0,0.0
2025-01-17 00:00:00+09:00,72004.43660661487,73313.04164133708,71848.64542463515,72347.1640625,26031,0.0,0.0
2025-01-20 00:00:00+09:00,73001.46305803572,73063.77514633139,71848.64195842555,71973.2734375,16389,0.0,0.0
2025-01-21 00:00:00+09:00,71973.27952067058,72253.69489542644,71443.60846918185,71786.3359375,14067,0.0,0.0
2025-01-22 00:00:00+09:00,72066.7487236016,72066.7487236016,70758.14368841298,71069.71875,20787,0.0,0.0
2025-01-23 00:00:00+09:00,70758.13323038568,71007.38886132532,70197.30258390971,70820.4453125,19077,0.0,0.0
2025-01-24 00:00:00+09:00,70945.08123802245,72783.35714951075,70820.44976347851,72129.0546875,16695,0.0,0.0
2025-01-27 00:00:00+09:00,72316.00781848976,73437.66933037921,72004.44004462077,72721.0546875,13548,0.0,0.0
2025-01-28 00:00:00+09:00,72502.94154159952,74839.73604017367,72440.62945579848,73749.234375,27954,0.0,0.0
2025-01-29 00:00:00+09:00,73344.19102947913,74559.32422620044,73344.19102947913,74123.125,16317,0.0,0.0
2025-01-30 00:00:00+09:00,74123.12801269336,74154.28770957526,73406.51340427696,73624.609375,21249,0.0,0.0
2025-01-31 00:00:00+09:00,73718.07509453251,74154.28160503603,73281.87588651184,73811.546875,17910,0.0,0.0
2025-02-03 00:00:00+09:00,73811.54721416085,73998.49077595482,72253.68663337201,72596.4140625,25227,0.0,0.0
2025-02-04 00:00:00+09:00,72596.41054296157,72876.82587205776,71537.06861247546,72222.5234375,29844,0.0,0.0
2025-02-05 00:00:00+09:00,72409.47131670204,72534.10279346348,71568.22527914899,71848.640625,22728,0.0,0.0
2025-02-06 00:00:00+09:00,71848.64458154363,72004.43576169523,71412.44534258252,71817.4921875,25320,0.0,0.0
2025-02-07 00:00:00+09:00,71817.49520236382,71848.64759771521,70602.36191908404,70913.9296875,25620,0.0,0.0
2025-02-10 00:00:00+09:00,70913.92449780725,71007.39628198823,70228.46961546884,70758.140625,19374,0.0,0.0
2025-02-12 00:00:00+09:00,70758.13673612339,71412.43918942967,70695.82465092179,71194.3359375,12060,0.0,0.0
2025-02-13 00:00:00+09:00,71256.65279363253,71973.26730668108,71069.7092421866,71755.1640625,11517,0.0,0.0
2025-02-14 00:00:00+09:00,71755.17012975292,72066.74517600216,71007.39586074122,71568.2265625,16758,0.0,0.0
2025-02-17 00:00:00+09:00,71287.80301246235,71724.00948753765,70851.60383986928,71505.90625,12969,0.0,0.0
2025-02-18 00:00:00+09:00,71505.91709955824,72035.58812539386,71194.34204186963,71412.4453125,17793,0.0,0.0
2025-02-19 00:00:00+09:00,71350.12932292017,72253.68744761246,71350.12932292017,71848.640625,18984,0.0,0.0
2025-02-20 00:00:00+09:00,71287.80561415358,71443.59677628713,70758.13464935403,71350.125,20691,0.0,0.0
2025-02-21 00:00:00+09:00,71350.13106847419,71505.91494137495,70851.61245171532,71163.1875,16266,0.0,0.0
2025-02-25 00:00:00+09:00,71038.54997821541,71537.06855257426,70913.91850900507,71350.125,25644,0.0,0.0
2025-02-26 00:00:00+09:00,72066.74305404461,72066.74305404461,70882.76959713177,71724.015625,31170,0.0,0.0
2025-02-27 00:00:00+09:00,71724.01827555808,72845.6796875,71474.75531569333,72845.6796875,23907,0.0,0.0
2025-02-28 00:00:00+09:00,73219.56820670953,77207.6953125,73032.6246345243,77207.6953125,68298,0.0,0.0
2025-03-03 00:00:00+09:00,74091.9704807131,74808.592412552,72783.3654082048,74278.9140625,36195,0.0,0.0
2025-03-04 00:00:00+09:00,74216.59321290202,74870.89567195783,73344.1875,73344.1875,27843,0.0,0.0
2025-03-05 00:00:00+09:00,73499.98088071584,73998.4921866816,72845.67840196313,73126.09375,23010,0.0,0.0
2025-03-06 00:00:00+09:00,73188.40750189379,73219.56719765633,72440.63322345808,72502.9453125,15996,0.0,0.0
2025-03-07 00:00:00+09:00,72502.93842689338,73001.45699933391,72160.21101598692,72565.2578125,23847,0.0,0.0
2025-03-10 00:00:00+09:00,72565.26513923495,72907.99258474576,71692.859375,71692.859375,11739,0.0,0.0
2025-03-11 00:00:00+09:00,71692.85628863134,72097.90310860379,71194.33768731778,71381.28125,19095,0.0,0.0
2025-03-12 00:00:00+09:00,71381.2790793356,72066.74122248686,71069.71135266178,71132.0234375,22071,0.0,0.0
2025-03-13 00:00:00+09:00,71132.0286998964,72907.99262275847,71100.86900393071,72097.90625,21855,0.0,0.0
2025-03-14 00:00:00+09:00,72097.90581957773,73032.62366813542,72066.74612379808,72907.9921875,25071,0.0,0.0
2025-03-17 00:00:00+09:00,73001.45623268645,73655.7586573072,72907.98445774063,73313.03125,14091,0.0,0.0
2025-03-18 00:00:00+09:00,73313.0382292469,74060.8125,73250.71883836207,74060.8125,14454,0.0,0.0
2025-03-19 00:00:00+09:00,74029.65846410565,74310.07383707576,73406.515625,73406.515625,18135,0.0,0.0
2025-03-21 00:00:00+09:00,73718.07725400415,74465.8515196491,73157.24655477043,73188.40625,30537,0.0,0.0
2025-03-24 00:00:00+09:00,73655.75706658291,74870.89011463568,73281.86997487437,74403.53125,14730,0.0,0.0
2025-03-25 00:00:00+09:00,74403.54123985361,74777.42838176242,73780.3984375,73780.3984375,18642,0.0,0.0
2025-03-26 00:00:00+09:00,73780.39406914193,74185.4335805729,72907.98835551331,73749.234375,24528,0.0,0.0
2025-03-27 00:00:00+09:00,73842.70749279353,74185.43492463286,73468.82036624775,73873.8671875,14499,0.0,0.0
2025-03-28 00:00:00+09:00,73499.97219137021,73842.69958651399,72876.82217885878,73468.8125,17265,0.0,0.0
2025-03-31 00:00:00+09:00,73562.29553918394,73686.9270212725,72160.21875,72160.21875,29844,0.0,0.0
2025-04-01 00:00:00+09:00,73562.2911465045,73655.76292686856,72066.74266067977,72534.1015625,25095,0.0,0.0
2025-04-02 00:00:00+09:00,72627.5711669056,73001.45827715995,71879.79694639692,72284.84375,21225,0.0,0.0
2025-04-03 00:00:00+09:00,72284.84423405243,72752.203125,71412.4385367894,72752.203125,25632,0.0,0.0
2025-04-04 00:00:00+09:00,72814.51520963213,73250.7144070223,72284.84423405243,72752.203125,24669,0.0,0.0
2025-04-07 00:00:00+09:00,71287.811173995,72004.43304974171,69979.20620391521,70290.78125,37212,0.0,0.0
2025-04-08 00:00:00+09:00,70571.19752736884,73126.09541285186,70571.19752736884,72502.9453125,33522,0.0,0.0
2025-04-09 00:00:00+09:00,72066.7405015241,72658.73086025435,71817.48486218207,72284.84375,23781,0.0,0.0
2025-04-10 00:00:00+09:00,74123.12801269336,74310.07158901793,72471.7955226541,73624.609375,40881,0.0,0.0
2025-04-11 00:00:00+09:00,72378.31908568332,74216.59503397597,72284.84730352467,73936.1796875,17772,0.0,0.0
2025-04-14 00:00:00+09:00,73936.17963573159,74403.53854619765,73406.50863803104,73531.1328125,22311,0.0,0.0
2025-04-15 00:00:00+09:00,73593.45009558245,74247.75255150533,73344.18714881378,73686.921875,19680,0.0,0.0
2025-04-16 00:00:00+09:00,73873.87369289703,74403.54473465255,73562.29862584366,74154.2890625,15948,0.0,0.0
2025-04-17 00:00:00+09:00,74154.28773508708,74247.75952328152,73624.60940032959,74029.65625,14523,0.0,0.0
2025-04-18 00:00:00+09:00,74091.96966759917,74278.91324733448,73718.08250812856,74154.2890625,11589,0.0,0.0
2025-04-21 00:00:00+09:00,74154.28640319713,74403.54206641093,73593.45568410357,73905.0234375,6363,0.0,0.0
2025-04-22 00:00:00+09:00,73842.71005626279,74185.4375,73686.92618228828,74185.4375,8844,0.0,0.0
2025-04-23 00:00:00+09:00,74185.43492463286,74372.37848790576,73499.98006095421,73873.8671875,9267,0.0,0.0
2025-04-24 00:00:00+09:00,73873.85927788421,73998.48343840077,73468.8125,73468.8125,11481,0.0,0.0
2025-04-25 00:00:00+09:00,73562.29602301434,73718.07989978719,72565.26606719813,73032.625,17097,0.0,0.0
2025-04-28 00:00:00+09:00,73032.62242540851,73624.60551776637,72783.35946837913,73593.453125,17307,0.0,0.0
2025-04-30 00:00:00+09:00,73531.13717829122,73780.40014699468,72970.30645243352,73562.296875,22746,0.0,0.0
2025-05-01 00:00:00+09:00,73624.6042978042,75151.3125,73406.50834212119,75151.3125,24372,0.0,0.0
2025-05-02 00:00:00+09:00,75120.14984780498,75992.55554363946,74839.7345136956,75649.828125,20802,0.0,0.0
2025-05-07 00:00:00+09:00,76397.60747687571,76459.919565588,73718.078125,73718.078125,31266,0.0,0.0
2025-05-08 00:00:00+09:00,74123.13025509569,74528.1771168804,73406.515625,73406.515625,17514,0.0,0.0
2025-05-09 00:00:00+09:00,73499.97787307936,74123.12063127893,73406.50609422529,74091.9609375,25077,0.0,0.0
2025-05-12 00:00:00+09:00,74185.42893230982,74933.203125,74185.42893230982,74933.203125,10404,0.0,0.0
2025-05-13 00:00:00+09:00,74933.21667618142,75057.84816499602,73406.515625,73406.515625,23136,0.0,0.0
2025-05-14 00:00:00+09:00,73655.76428945195,73967.33933059032,72939.14972756497,73531.1328125,14229,0.0,0.0
2025-05-15 00:00:00+09:00,73531.13543738882,73780.3984001908,73032.6241167513,73375.3515625,20433,0.0,0.0
2025-05-16 00:00:00+09:00,73468.82118566184,73842.70831637768,72658.7348366052,73126.09375,18540,0.0,0.0
2025-05-19 00:00:00+09:00,73126.09023775806,73126.09023775806,72315.99662512715,72752.203125,16464,0.0,0.0
2025-05-20 00:00:00+09:00,72783.36420962916,73032.627182896,72004.4375,72004.4375,17085,0.0,0.0
2025-05-21 00:00:00+09:00,72378.32201803415,72721.04946567357,71973.2751781088,72160.21875,12507,0.0,0.0
2025-05-22 00:00:00+09:00,72160.21875,72440.63410783678,72004.43487425176,72160.21875,7557,0.0,0.0
2025-05-23 00:00:00+09:00,72471.78686782274,72876.82636649912,72409.46748150131,72689.8828125,6018,0.0,0.0
2025-05-26 00:00:00+09:00,73032.61845956855,73344.18618521182,72689.88373788522,72752.203125,11451,0.0,0.0
2025-05-27 00:00:00+09:00,72845.67840196313,73344.18970792889,72627.57514155122,73126.09375,12678,0.0,0.0
2025-05-28 00:00:00+09:00,73063.77735885968,73905.0234375,73063.77735885968,73905.0234375,38310,0.0,0.0
2025-05-29 00:00:00+09:00,74164.375,74451.83381782945,73301.99854651163,74164.375,23823,1937.333,3.0
2025-05-30 00:00:00+09:00,74451.83096590909,74451.83096590909,73110.35653409091,73781.09375,22124,0.0,0.0
2025-06-02 00:00:00+09:00,73972.72942171391,74451.82741019652,73589.45103092784,74356.0078125,11427,0.0,0.0
2025-06-03 00:00:00+09:00,74068.55750281533,74547.65554617117,73589.45945945947,74451.8359375,12157,0.0,0.0
2025-06-04 00:00:00+09:00,74260.19034820281,74739.2883504493,73972.73154685494,74643.46875,11141,0.0,0.0
2025-06-05 00:00:00+09:00,74356.01065705129,74739.2890625,74068.55185296474,74739.2890625,8719,0.0,0.0
2025-06-06 00:00:00+09:00,74739.28977272728,75122.56818181819,74260.19176136365,74835.109375,13194,0.0,0.0
2025-06-09 00:00:00+09:00,74643.47665405273,74835.11587524414,73589.4609375,73589.4609375,11139,0.0,0.0
2025-06-10 00:00:00+09:00,73685.2748461477,75505.84730658568,73685.2748461477,74930.9296875,19044,0.0,0.0
2025-06-11 00:00:00+09:00,75026.74928081651,75984.9453125,74930.92967764816,75984.9453125,11225,0.0,0.0
2025-06-12 00:00:00+09:00,75984.952424637,76176.59164891098,75505.85436395202,75889.1328125,17626,0.0,0.0
2025-06-13 00:00:00+09:00,76559.86079900125,76847.31960049938,75793.30399500624,76751.5,29069,0.0,0.0
2025-06-16 00:00:00+09:00,76751.50569783835,77613.88216635339,75889.12922932331,76464.046875,13002,0.0,0.0
2025-06-17 00:00:00+09:00,75889.12992803505,76655.686795995,75314.21227706509,76559.8671875,17825,0.0,0.0
2025-06-18 00:00:00+09:00,76272.40411225124,77709.69815959266,76176.58450909515,77038.9609375,17804,0.0,0.0
2025-06-19 00:00:00+09:00,77038.9609375,77422.23935012438,76751.50212803172,77038.9609375,8787,0.0,0.0
2025-06-20 00:00:00+09:00,76847.31888671874,77422.236484375,75984.94249023437,76655.6796875,62055,0.0,0.0
2025-06-23 00:00:00+09:00,76655.68322981366,77326.42045807453,76272.4048136646,77134.78125,9908,0.0,0.0
2025-06-24 00:00:00+09:00,77134.77982954546,78188.79545454546,76943.140625,77997.15625,11125,0.0,0.0
2025-06-25 00:00:00+09:00,77901.34375,78572.08102706027,77709.70452798277,77901.34375,15632,0.0,0.0
2025-06-26 00:00:00+09:00,77613.88491697417,78284.62219403444,77230.60647293973,77901.34375,19730,0.0,0.0
2025-06-27 00:00:00+09:00,77997.15408203125,78284.61288085936,75984.94249023437,76655.6796875,30994,0.0,0.0
2025-06-30 00:00:00+09:00,76943.13560968907,77326.4139937971,76176.57884147299,76272.3984375,30939,0.0,0.0
2025-07-01 00:00:00+09:00,76368.22514740565,76559.86435731132,75889.12712264151,76176.5859375,13198,0.0,0.0
2025-07-02 00:00:00+09:00,76464.04048828124,76847.31888671874,76080.76208984375,76655.6796875,9280,0.0,0.0
2025-07-03 00:00:00+09:00,76464.04261363637,77230.59943181819,76464.04261363637,76943.140625,7978,0.0,0.0
2025-07-04 00:00:00+09:00,77134.7805406561,77326.41974696828,76847.32173118781,77038.9609375,4736,0.0,0.0
2025-07-07 00:00:00+09:00,77038.96446229913,77518.0625,76655.68603213844,77518.0625,14907,0.0,0.0
2025-07-08 00:00:00+09:00,77518.06184324027,77613.88144996863,76272.40695577164,76368.2265625,14796,0.0,0.0
2025-07-09 00:00:00+09:00,76559.8671875,76943.14562147998,76368.22797051002,76559.8671875,11574,0.0,0.0
2025-07-10 00:00:00+09:00,76559.86435731132,76559.86435731132,75889.12712264151,76176.5859375,7146,0.0,0.0
2025-07-11 00:00:00+09:00,76655.68322981366,77326.42045807453,76272.4048136646,77134.78125,9867,0.0,0.0
2025-07-14 00:00:00+09:00,77230.59802185961,77805.515625,76751.50001924261,77805.515625,9559,0.0,0.0
2025-07-15 00:00:00+09:00,77709.69958708127,77805.51919199752,76559.86432808623,77230.6015625,11984,0.0,0.0
2025-07-16 00:00:00+09:00,77230.60656951372,77518.065402899,76464.04968048628,76847.328125,15327,0.0,0.0
2025-07-17 00:00:00+09:00,76751.50283385093,77134.78125,76464.04402173913,77134.78125,9836,0.0,0.0
2025-07-18 00:00:00+09:00,76272.40836201502,76559.8671875,75410.03188556008,76559.8671875,31343,0.0,0.0
2025-07-22 00:00:00+09:00,76847.31888671874,77134.77768554687,76080.76208984375,76655.6796875,10155,0.0,0.0
2025-07-23 00:00:00+09:00,76655.68396226414,76943.14277712264,76080.76633254717,76176.5859375,10630,0.0,0.0
2025-07-24 00:00:00+09:00,76368.22088867187,77134.77768554687,76368.22088867187,76655.6796875,7801,0.0,0.0
2025-07-25 00:00:00+09:00,76751.49928710937,77613.87568359375,76655.6796875,76655.6796875,11597,0.0,0.0
2025-07-28 00:00:00+09:00,76655.68890274315,77901.34384741272,76272.41045822942,76847.328125,12994,0.0,0.0
2025-07-29 00:00:00+09:00,76655.68322981366,77230.60085403727,76368.22441770186,77134.78125,12074,0.0,0.0
2025-07-30 00:00:00+09:00,77230.59382649939,78763.70735159118,77134.77423118115,78284.609375,21668,0.0,0.0
2025-07-31 00:00:00+09:00,78092.97018436353,78572.0681609547,77805.51139840881,78284.609375,14152,0.0,0.0
2025-08-01 00:00:00+09:00,78284.61647901348,78380.43608302696,77709.6988549326,78188.796875,12185,0.0,0.0
2025-08-04 00:00:00+09:00,77997.1548260468,78284.613627617,77518.05682342981,77805.515625,8798,0.0,0.0
2025-08-05 00:00:00+09:00,77997.15907701712,78572.07671149145,77997.15907701712,78380.4375,10613,0.0,0.0
2025-08-06 00:00:00+09:00,78476.25636888586,80105.18965126811,78284.61715919385,79338.6328125,16972,0.0,0.0
2025-08-07 00:00:00+09:00,80201.0078125,80488.4666218638,79242.81178128734,80201.0078125,15521,0.0,0.0
2025-08-08 00:00:00+09:00,79913.55398409364,80296.83242046818,79242.81672043818,79817.734375,14822,0.0,0.0
2025-08-12 00:00:00+09:00,80009.36789772728,81159.203125,79817.72869318182,81159.203125,16660,0.0,0.0
2025-08-13 00:00:00+09:00,81159.2052759982,81159.2052759982,80105.18962306317,80392.6484375,13486,0.0,0.0
2025-08-14 00:00:00+09:00,80105.18678892216,80392.64559318862,79626.08878181137,80009.3671875,15185,0.0,0.0
2025-08-15 00:00:00+09:00,79817.72584885817,79913.54544771634,79242.80825570913,79721.90625,11952,0.0,0.0
2025-08-18 00:00:00+09:00,79626.09159900178,80584.28764712455,79626.09159900178,80392.6484375,10763,0.0,0.0
2025-08-19 00:00:00+09:00,80009.36931309666,80584.28693690334,79913.54970912889,80296.828125,14323,0.0,0.0
2025-08-20 00:00:00+09:00,80392.64276833432,81159.19955277613,80201.00357222387,80680.1015625,14187,0.0,0.0
2025-08-21 00:00:00+09:00,80680.10796130952,80871.74717261906,80392.64914434524,80488.46875,12515,0.0,0.0
2025-08-22 00:00:00+09:00,80392.64630681819,80584.28551136365,79817.72869318182,80105.1875,9743,0.0,0.0
2025-08-25 00:00:00+09:00,80488.47156398105,80871.75,80105.19312796209,80871.75,8783,0.0,0.0
2025-08-26 00:00:00+09:00,80871.74431818182,80967.56392045454,80009.36789772728,80105.1875,15908,0.0,0.0
2025-08-27 00:00:00+09:00,80296.82950205641,81542.484375,80105.19029083432,81542.484375,13422,0.0,0.0
2025-08-28 00:00:00+09:00,81638.296875,81925.75566681338,81063.37929137323,81638.296875,14940,0.0,0.0
2025-08-29 00:00:00+09:00,81734.1186129386,82309.0362116228,81542.4794133772,81925.7578125,44009,0.0,0.0
2025-09-01 00:00:00+09:00,81925.76135537791,82883.95739462209,81925.76135537791,82404.859375,13888,0.0,0.0
2025-09-02 00:00:00+09:00,82213.2173076923,82404.85650887575,80967.5625,80967.5625,14081,0.0,0.0
2025-09-03 00:00:00+09:00,80871.74071149218,81063.37990749098,79146.98794750302,79626.0859375,18880,0.0,0.0
2025-09-04 00:00:00+09:00,79434.45028409091,79626.08948863637,78476.25426136365,79051.171875,20969,0.0,0.0
2025-09-05 00:00:00+09:00,78763.70735159118,79051.1661375459,77901.33099372705,78284.609375,24225,0.0,0.0
2025-09-08 00:00:00+09:00,78476.25213845803,79242.80893590327,78476.25213845803,78763.7109375,13197,0.0,0.0
2025-09-09 00:00:00+09:00,78763.71518342392,79338.6328125,78763.71518342392,79338.6328125,10008,0.0,0.0
2025-09-10 00:00:00+09:00,79051.1704698741,79913.546875,78955.35086930456,79913.546875,11232,0.0,0.0
2025-09-11 00:00:00+09:00,79530.27059065114,80392.64701874253,79530.27059065114,80201.0078125,14004,0.0,0.0
2025-09-12 00:00:00+09:00,80009.37275870903,81829.9453125,80009.37275870903,81829.9453125,24075,0.0,0.0
2025-09-16 00:00:00+09:00,81446.66333575582,82404.859375,81446.66333575582,82404.859375,14229,0.0,0.0
2025-09-17 00:00:00+09:00,82213.2265625,82404.8657852564,81542.48928285256,82213.2265625,15224,0.0,0.0
2025-09-18 00:00:00+09:00,82213.22228056198,82883.9595252752,81734.12424862398,82692.3203125,14203,0.0,0.0
2025-09-19 00:00:00+09:00,82692.3203125,83650.516376376,82021.58306778679,82692.3203125,64536,0.0,0.0
2025-09-22 00:00:00+09:00,82692.31178400521,82788.13138051044,82117.3942049739,82596.4921875,10557,0.0,0.0
2025-09-24 00:00:00+09:00,82692.32461939103,82788.14423076923,81734.12850560897,82213.2265625,16179,0.0,0.0
2025-09-25 00:00:00+09:00,82213.2265625,82596.50500801281,81925.76772836539,82213.2265625,16199,0.0,0.0
2025-09-26 00:00:00+09:00,82500.68250541908,82883.9609375,82117.40407333816,82883.9609375,10331,0.0,0.0
2025-09-29 00:00:00+09:00,83171.4133323598,83171.4133323598,81734.11932316005,82021.578125,14826,0.0,0.0
2025-09-30 00:00:00+09:00,82500.68180338542,83171.41905381945,81925.76416015625,82788.140625,19703,0.0,0.0
2025-10-01 00:00:00+09:00,82692.31676136365,83267.234375,82021.57954545454,83267.234375,16878,0.0,0.0
2025-10-02 00:00:00+09:00,83363.06189903845,83363.06189903845,82213.2265625,82213.2265625,15537,0.0,0.0
2025-10-03 00:00:00+09:00,82213.22374487705,82500.68256915984,81734.12570440574,81829.9453125,10559,0.0,0.0
2025-10-06 00:00:00+09:00,82309.03905352011,83746.33309985632,82213.21945043103,83363.0546875,8507,0.0,0.0
2025-10-07 00:00:00+09:00,83363.05539609643,83842.15341561423,82788.13777267508,83458.875,8861,0.0,0.0
2025-10-08 00:00:00+09:00,83458.87429058908,83937.97230603448,82979.77627514368,83363.0546875,10940,0.0,0.0
2025-10-09 00:00:00+09:00,83363.05751215675,83746.3359375,82883.95948047769,83746.3359375,10816,0.0,0.0
2025-10-10 00:00:00+09:00,83171.421875,83842.15914818548,83171.421875,83171.421875,7749,0.0,0.0
2025-10-14 00:00:00+09:00,82596.49715909091,83267.234375,82309.03835227274,83267.234375,9788,0.0,0.0
2025-10-15 00:00:00+09:00,82883.9566720546,83363.0546875,82883.9566720546,83363.0546875,9122,0.0,0.0
2025-10-16 00:00:00+09:00,83363.05746822034,84991.99077507062,83267.23786193502,84800.3515625,12340,0.0,0.0
2025-10-17 00:00:00+09:00,84800.3473051264,85471.08451544943,84608.70810217696,85279.4453125,14783,0.0,0.0
2025-10-20 00:00:00+09:00,85566.90193350457,85566.90193350457,83554.69035388128,83937.96875,12393,0.0,0.0
2025-10-21 00:00:00+09:00,84225.43110634222,84800.34872481554,84225.43110634222,84417.0703125,9829,0.0,0.0
2025-10-22 00:00:00+09:00,84417.06889922752,85375.26491397471,84321.2492977528,85279.4453125,10651,0.0,0.0
2025-10-23 00:00:00+09:00,84896.16972525168,85662.7265625,84512.89130662751,85662.7265625,13247,0.0,0.0
2025-10-24 00:00:00+09:00,85662.72443181819,85950.18323863637,85087.80681818182,85375.265625,12837,0.0,0.0
2025-10-27 00:00:00+09:00,85566.9041256243,86333.4609375,85375.26492265539,86333.4609375,9291,0.0,0.0
2025-10-28 00:00:00+09:00,86429.27908572635,86525.09868559966,85087.8046875,85087.8046875,14091,0.0,0.0
2025-10-29 00:00:00+09:00,85087.8039740699,85566.90196941938,84512.8863796505,84991.984375,14270,0.0,0.0
2025-10-30 00:00:00+09:00,85279.44884776536,86141.8252967877,84896.17042597765,85758.546875,14591,0.0,0.0
2025-10-31 00:00:00+09:00,85854.3671875,86525.10443115234,85375.26915631976,85854.3671875,17550,0.0,0.0
2025-11-04 00:00:00+09:00,85950.18254009046,87387.4765625,85566.90413411458,87387.4765625,13539,0.0,0.0
2025-11-05 00:00:00+09:00,86908.38060479666,91891.0,86525.10218978101,91891.0,22979,0.0,0.0
2025-11-06 00:00:00+09:00,89303.87435461956,89974.61160835598,87962.39984714673,88154.0390625,22646,0.0,0.0
2025-11-07 00:00:00+09:00,87962.39488636365,88345.67329545454,87483.296875,87483.296875,15910,0.0,0.0
2025-11-10 00:00:00+09:00,87962.39631147542,88441.4943306011,87674.9375,87674.9375,12998,0.0,0.0
2025-11-11 00:00:00+09:00,87770.75987903227,89112.234375,87579.12066532258,89112.234375,8021,0.0,0.0
2025-11-12 00:00:00+09:00,89016.41553158968,89495.51356997283,88154.0390625,88154.0390625,13287,0.0,0.0
2025-11-13 00:00:00+09:00,88537.31393442623,88633.13353825136,87674.9375,87674.9375,7498,0.0,0.0
2025-11-14 00:00:00+09:00,88154.03338299025,89016.40979651951,88058.21378148701,88441.4921875,16479,0.0,0.0
2025-11-17 00:00:00+09:00,88633.13350453576,89782.96875,88345.6746931697,89782.96875,13768,0.0,0.0
2025-11-18 00:00:00+09:00,89878.79122983871,90357.8892641129,88728.95594758065,89112.234375,17955,0.0,0.0
2025-11-19 00:00:00+09:00,88920.59445640474,89399.69248688105,88249.85721373788,89016.4140625,11607,0.0,0.0
2025-11-20 00:00:00+09:00,89303.87429511278,90262.0703712406,88920.59586466165,89208.0546875,16133,0.0,0.0
2025-11-21 00:00:00+09:00,89687.14772727274,91028.62215909091,89399.68892045454,90645.34375,22917,0.0,0.0
2025-11-25 00:00:00+09:00,90741.16618421052,91220.26421052631,89878.7897368421,91028.625,10518,0.0,0.0
2025-11-26 00:00:00+09:00,91507.72017045454,92274.27698863637,91028.62215909091,91699.359375,34368,0.0,0.0
2025-11-27 00:00:00+09:00,91425.56881421233,92892.28916952055,91132.22474315068,92794.5078125,25322,1920.0,0.0
2025-11-28 00:00:00+09:00,92501.16460215197,92696.72731801275,91621.13238077842,92012.2578125,19654,0.0,0.0
2025-12-01 00:00:00+09:00,92110.041153169,92207.82251320421,90252.1953125,90252.1953125,16890,0.0,0.0
2025-12-02 00:00:00+09:00,90056.63226410637,91132.22722057236,89861.06954474891,90545.5390625,13717,0.0,0.0
2025-12-03 00:00:00+09:00,90349.97733778626,90545.54005929662,89567.72645174482,89665.5078125,9281,0.0,0.0
2025-12-04 00:00:00+09:00,89861.07086809355,90643.32175704322,89372.1640625,89372.1640625,15103,0.0,0.0
2025-12-05 00:00:00+09:00,89372.16645086785,89567.72917833146,87318.7578125,87318.7578125,12359,0.0,0.0
2025-12-08 00:00:00+09:00,87612.10122358176,87905.4453125,87123.19440871802,87905.4453125,14978,0.0,0.0
2025-12-09 00:00:00+09:00,87123.19418528024,88394.35190066593,87025.41282255827,88101.0078125,11704,0.0,0.0
2025-12-10 00:00:00+09:00,88101.0074754563,88785.47701189159,87905.44475076051,88394.3515625,12727,0.0,0.0
2025-12-11 00:00:00+09:00,88296.56997620034,88589.9140625,87123.19363100166,88589.9140625,15420,0.0,0.0
2025-12-12 00:00:00+09:00,87612.09967141293,89567.72689622125,87612.09967141293,89274.3828125,27593,0.0,0.0
2025-12-15 00:00:00+09:00,89372.16428522478,89861.07109203673,88883.25747841282,89176.6015625,9394,0.0,0.0
2025-12-16 00:00:00+09:00,89469.94542361872,90349.9776736871,87220.9741178884,89372.1640625,11785,0.0,0.0
2025-12-17 00:00:00+09:00,89469.94476052989,90643.32108525815,89176.60067934783,89958.8515625,16023,0.0,0.0
2025-12-18 00:00:00+09:00,90252.19498346382,91230.00858025107,89958.85090442764,90545.5390625,14456,0.0,0.0
2025-12-19 00:00:00+09:00,90056.63248275162,90741.10200216451,89861.06976291937,90349.9765625,15534,0.0,0.0
2025-12-22 00:00:00+09:00,90447.75825359664,91230.00913578991,90056.6328125,90056.6328125,6999,0.0,0.0
2025-12-23 00:00:00+09:00,90936.66351938502,91425.5703125,90349.97536764706,91425.5703125,9848,0.0,0.0
2025-12-24 00:00:00+09:00,91132.22612847223,91718.91427951389,91132.22612847223,91523.3515625,6163,0.0,0.0
2025-12-25 00:00:00+09:00,92403.38335272606,92501.16471077128,91718.91384640957,91914.4765625,5037,0.0,0.0
2025-12-26 00:00:00+09:00,91914.47667066027,92207.8207451411,91230.00716353834,91816.6953125,10949,0.0,0.0
2025-12-29 00:00:00+09:00,92012.25770468418,92501.16449376327,91718.91363123672,92110.0390625,8853,0.0,0.0
2025-12-30 00:00:00+09:00,92403.38456169268,92598.94728034176,90838.8828125,90838.8828125,12496,0.0,0.0
2026-01-05 00:00:00+09:00,91718.91363123672,92305.60177813163,90936.66276871019,92110.0390625,15241,0.0,0.0
2026-01-06 00:00:00+09:00,92110.0390625,92501.16449376327,91425.56955778928,92110.0390625,9714,0.0,0.0
2026-01-07 00:00:00+09:00,92501.17016779396,94065.67198881373,92305.6074401665,93967.890625,17332,0.0,0.0
2026-01-08 00:00:00+09:00,94554.57846537862,95532.39209997407,93967.89028462138,94261.234375,19432,0.0,0.0
2026-01-09 00:00:00+09:00,95141.26551270534,95532.39096188398,94652.35870123203,95239.046875,17909,0.0,0.0
2026-01-13 00:00:00+09:00,95239.04755294422,95532.39164191633,93870.10847107437,94652.359375,24634,0.0,0.0
2026-01-14 00:00:00+09:00,94750.14130646418,94945.70403361891,93967.89039784527,94163.453125,15959,0.0,0.0
2026-01-15 00:00:00+09:00,94163.45256004648,94652.359375,93772.32710808369,94652.359375,17710,0.0,0.0
2026-01-16 00:00:00+09:00,94847.92164994856,95532.3911876286,94750.14028742284,95043.484375,14636,0.0,0.0
2026-01-19 00:00:00+09:00,95532.3852610718,95727.94797399109,93283.4140625,93283.4140625,13869,0.0,0.0
2026-01-20 00:00:00+09:00,93381.19715318497,93478.97851146055,91718.9140625,91718.9140625,19102,0.0,0.0
2026-01-21 00:00:00+09:00,91621.1352544399,92012.26069842896,89274.38259050547,89469.9453125,19865,0.0,0.0
2026-01-22 00:00:00+09:00,89078.82098584254,90154.41597030387,88492.1328125,88492.1328125,23861,0.0,0.0
2026-01-23 00:00:00+09:00,89763.28961870208,90056.63370242332,89176.60145125959,89274.3828125,16975,0.0,0.0
2026-01-26 00:00:00+09:00,89274.38259050547,89567.72667349727,88296.56898053279,89469.9453125,13428,0.0,0.0
2026-01-27 00:00:00+09:00,89274.38314732142,89665.50859375,88492.13225446429,88981.0390625,13717,0.0,0.0
2026-01-28 00:00:00+09:00,88981.03973658738,89274.38382363108,87807.6633884126,88394.3515625,24049,0.0,0.0
2026-01-29 00:00:00+09:00,88003.22511637458,89274.3828125,87514.3183101725,89274.3828125,28153,0.0,0.0
2026-01-30 00:00:00+09:00,89763.29074958472,89763.29074958472,88198.78895002768,88296.5703125,23800,0.0,0.0
2026-02-02 00:00:00+09:00,89274.38359719922,89567.7276834989,88394.35133830021,88589.9140625,15355,0.0,0.0
2026-02-03 00:00:00+09:00,88492.13115658968,90349.97700407609,88492.13115658968,89958.8515625,16719,0.0,0.0
2026-02-04 00:00:00+09:00,89665.5078125,90643.3214200518,88883.25692645856,89665.5078125,21752,0.0,0.0
2026-02-05 00:00:00+09:00,89861.07009195168,90447.75825359664,89469.94465085505,90056.6328125,17434,0.0,0.0
2026-02-06 00:00:00+09:00,90252.19665031559,90252.19665031559,89078.8203125,89078.8203125,15832,0.0,0.0
2026-02-09 00:00:00+09:00,89469.94476052989,90252.19564368208,88981.03795855978,89958.8515625,16004,0.0,0.0
2026-02-10 00:00:00+09:00,89958.85189476554,90056.63325552072,89372.16373023446,89665.5078125,9356,0.0,0.0
2026-02-12 00:00:00+09:00,89372.16518597899,89469.94654832687,88394.3515625,88394.3515625,19978,0.0,0.0
2026-02-13 00:00:00+09:00,88394.35269854586,88687.69678935962,87220.97633529082,87416.5390625,20607,0.0,0.0
2026-02-16 00:00:00+09:00,87709.88136160714,89176.60178571429,87514.31863839286,88981.0390625,12346,0.0,0.0
2026-02-17 00:00:00+09:00,88687.69564954369,88883.25837423949,87807.6633884126,88394.3515625,10074,0.0,0.0
2026-02-18 00:00:00+09:00,88394.35122657112,88981.03939842888,88101.00714064222,88687.6953125,9931,0.0,0.0
2026-02-19 00:00:00+09:00,88492.13315029102,88785.47723808204,87514.31952432095,88198.7890625,8472,0.0,0.0
2026-02-20 00:00:00+09:00,88492.13303744463,88981.0398498062,87905.44486261073,88296.5703125,14824,0.0,0.0
2026-02-24 00:00:00+09:00,88981.03839724345,89861.07064512827,88589.91295373908,89567.7265625,21572,0.0,0.0
2026-02-25 00:00:00+09:00,89861.07075648908,89861.07075648908,88883.2571465164,89469.9453125,18524,0.0,0.0
2026-02-26 00:00:00+09:00,89469.94520162391,90252.19608863264,89078.81975811954,89567.7265625,16267,0.0,0.0
2026-02-27 00:00:00+09:00,90447.75881038482,90447.75881038482,88981.03839724345,89567.7265625,21458,0.0,0.0
2026-03-02 00:00:00+09:00,89372.16285472973,90447.7578125,89078.81877533783,90447.7578125,10482,0.0,0.0
2026-03-03 00:00:00+09:00,89274.3827013813,90252.19631256838,88883.25725690647,89372.1640625,14657,0.0,0.0
2026-03-04 00:00:00+09:00,88981.03850751366,89665.50803449455,88492.13170252733,89469.9453125,19290,0.0,0.0
2026-03-05 00:00:00+09:00,90936.66483274648,91425.57163292253,89958.85123239436,90252.1953125,15732,0.0,0.0
2026-03-06 00:00:00+09:00,90447.75814296366,90643.32086327278,89763.28862188179,90154.4140625,16456,0.0,0.0
2026-03-09 00:00:00+09:00,89274.38127865425,91230.00846986246,88687.6931212918,90643.3203125,21506,0.0,0.0
2026-03-10 00:00:00+09:00,90838.8838060462,90838.8838060462,89665.50748131794,89958.8515625,15332,0.0,0.0
2026-03-11 00:00:00+09:00,89958.85090442764,90838.88314153618,89763.2881850702,90545.5390625,10927,0.0,0.0
2026-03-12 00:00:00+09:00,90154.41472775655,90349.97744950873,89469.94520162391,89567.7265625,12045,0.0,0.0
2026-03-13 00:00:00+09:00,89176.60189768976,89958.85279152915,88883.2578125,88883.2578125,25665,0.0,0.0
2026-03-16 00:00:00+09:00,88981.03763204225,90252.1953125,88687.69355193661,90252.1953125,13202,0.0,0.0
2026-03-17 00:00:00+09:00,89958.85079557712,90643.3203125,89958.85079557712,90643.3203125,10960,0.0,0.0
2026-03-18 00:00:00+09:00,90643.31987614123,91132.22667158968,90349.97579887218,91034.4453125,9972,0.0,0.0
2026-03-19 00:00:00+09:00,90741.10334429824,90741.10334429824,89078.82020113761,89176.6015625,21244,0.0,0.0
2026-03-23 00:00:00+09:00,88101.0078125,88981.04007699779,87318.7569107242,88101.0078125,23582,0.0,0.0
2026-03-24 00:00:00+09:00,88687.69725245786,88883.25998068819,87025.4140625,87025.4140625,21023,0.0,0.0
2026-03-25 00:00:00+09:00,87807.66316570088,88589.9140625,87709.88180360099,88589.9140625,11107,0.0,0.0
2026-03-26 00:00:00+09:00,88589.91485330924,88589.91485330924,87416.53849763627,87905.4453125,13864,0.0,0.0
2026-03-27 00:00:00+09:00,87612.09513023782,87709.87648640996,86047.59343148358,86340.9375,23775,0.0,0.0
2026-03-30 00:00:00+09:00,85167.56325954861,85460.90733506945,84091.96831597222,84483.09375,24180,0.0,0.0
2026-03-31 00:00:00+09:00,84776.43915052817,84874.22051056338,83309.71875,83309.71875,27822,0.0,0.0
2026-04-01 00:00:00+09:00,84189.74881737385,85558.68782253441,83896.40474483946,85265.34375,16050,0.0,0.0
2026-04-02 00:00:00+09:00,85656.4697231834,86243.15787197232,84776.4375,84776.4375,16164,0.0,0.0
2026-04-03 00:00:00+09:00,84776.4368556701,86047.59450171821,84580.87414089347,85363.125,7637,0.0,0.0
2026-04-06 00:00:00+09:00,85363.12510751147,86047.59461009175,85265.34375,85265.34375,6504,0.0,0.0
2026-04-07 00:00:00+09:00,85656.46918004587,86536.50139764909,85265.34375,85265.34375,8197,0.0,0.0
2026-04-08 00:00:00+09:00,86340.94428776627,87220.9765625,85754.25610461042,87220.9765625,12322,0.0,0.0
2026-04-09 00:00:00+09:00,87123.1880290632,87416.53209650112,85754.24904768623,86634.28125,13905,0.0,0.0
2026-04-10 00:00:00+09:00,86634.28871976939,87025.41417674352,86243.16326279528,86927.6328125,17015,0.0,0.0
2026-04-13 00:00:00+09:00,86634.28894799888,86732.0703125,86047.6007609921,86732.0703125,10994,0.0,0.0
2026-04-14 00:00:00+09:00,87025.41338239398,88003.22701590402,86732.06929234097,87612.1015625,8811,0.0,0.0
2026-04-15 00:00:00+09:00,88687.69610243055,89176.60291666667,87905.44519965278,88003.2265625,9578,0.0,0.0
2026-04-16 00:00:00+09:00,88492.13315029102,88492.13315029102,87025.41271133591,88198.7890625,13882,0.0,0.0
2026-04-17 00:00:00+09:00,87905.44553894928,88101.00826539856,87025.41326992754,87709.8828125,9555,0.0,0.0
2026-04-20 00:00:00+09:00,87905.44610951513,87905.44610951513,87220.9765625,87220.9765625,6358,0.0,0.0
2026-04-21 00:00:00+09:00,87807.66463115902,87807.66463115902,87025.41372130459,87318.7578125,7934,0.0,0.0
2026-04-22 00:00:00+09:00,87123.18813559321,87220.96949152542,86536.5,86536.5,6572,0.0,0.0
2026-04-23 00:00:00+09:00,86732.06974320348,87220.9765625,86536.50701548487,87220.9765625,9539,0.0,0.0
2026-04-24 00:00:00+09:00,87514.32088307584,87709.88361130617,86732.0699701545,87025.4140625,6543,0.0,0.0
2026-04-27 00:00:00+09:00,87025.41338239398,87905.44565255301,86438.72520228795,87612.1015625,12178,0.0,0.0
2026-04-28 00:00:00+09:00,87612.09491525423,87709.87627118644,86536.5,86536.5,10043,0.0,0.0
2026-04-30 00:00:00+09:00,86829.85088087247,87416.5390625,86438.72542645414,87416.5390625,19558,0.0,0.0
2026-05-01 00:00:00+09:00,87612.10178970917,88687.69678935962,86927.63224447706,87416.5390625,20529,0.0,0.0
2026-05-07 00:00:00+09:00,89958.84993315508,91425.5703125,88003.2227606952,91425.5703125,29740,0.0,0.0
2026-05-08 00:00:00+09:00,89078.82189764493,89274.38462409421,87416.5387228261,87709.8828125,25294,0.0,0.0
2026-05-11 00:00:00+09:00,88394.35339245496,88883.26021431589,86732.07019812781,86829.8515625,14093,0.0,0.0
2026-05-12 00:00:00+09:00,87612.10236220472,87905.44645493531,86927.6328125,86927.6328125,11153,0.0,0.0
2026-05-13 00:00:00+09:00,87025.4140625,87220.97679073033,86145.38178546348,87025.4140625,13168,0.0,0.0
2026-05-14 00:00:00+09:00,86536.49989418735,86927.62531743792,85852.03040349887,86634.28125,11916,0.0,0.0
2026-05-15 00:00:00+09:00,86438.71928327644,87123.18877986347,85363.12436006825,85949.8125,23420,0.0,0.0
2026-05-18 00:00:00+09:00,85852.03265895954,85852.03265895954,82331.90375722543,84580.875,24801,0.0,0.0
2026-05-19 00:00:00+09:00,84483.09385863268,84972.00065179606,83994.18706546929,84385.3125,10984,0.0,0.0
2026-05-20 00:00:00+09:00,84385.31337719299,84580.87609649124,83114.1557017544,83603.0625,18916,0.0,0.0
2026-05-21 00:00:00+09:00,84189.75021827707,84385.31293655412,83603.06206344586,83994.1875,11782,0.0,0.0
2026-05-22 00:00:00+09:00,84091.96963028169,84091.96963028169,82918.59330985915,83309.71875,8299,0.0,0.0
2026-05-25 00:00:00+09:00,83114.15515988372,84385.31282703488,83114.15515988372,84091.96875,10137,0.0,0.0
2026-05-26 00:00:00+09:00,83798.62489073427,84091.96896853147,83211.93673513987,83896.40625,15894,0.0,0.0
2026-05-27 00:00:00+09:00,83994.18642117377,84972.0,83798.62370540852,84972.0,32419,0.0,0.0
2026-05-28 00:00:00+09:00,84800.0,86200.0,84100.0,86000.0,31121,1928.0,0.0
2026-05-29 00:00:00+09:00,86000.0,86900.0,85000.0,85300.0,23126,0.0,0.0
2026-06-01 00:00:00+09:00,85300.0,85500.0,83800.0,84000.0,11033,0.0,0.0
2026-06-02 00:00:00+09:00,83400.0,83700.0,82200.0,82900.0,18309,0.0,0.0
2026-06-03 00:00:00+09:00,83100.0,84300.0,83000.0,84100.0,17242,0.0,0.0
2026-06-04 00:00:00+09:00,84000.0,84000.0,82300.0,82500.0,11759,0.0,0.0
2026-06-05 00:00:00+09:00,82500.0,83100.0,82100.0,82400.0,11691,0.0,0.0
2026-06-08 00:00:00+09:00,83000.0,83400.0,82600.0,83100.0,14735,0.0,0.0
2026-06-09 00:00:00+09:00,83300.0,83600.0,82400.0,83100.0,8150,0.0,0.0
2026-06-10 00:00:00+09:00,83600.0,84300.0,82600.0,84300.0,10567,0.0,0.0
2026-06-11 00:00:00+09:00,84500.0,85500.0,84000.0,84800.0,16686,0.0,0.0
2026-06-12 00:00:00+09:00,85100.0,86100.0,84500.0,85200.0,33086,0.0,0.0
2026-06-15 00:00:00+09:00,85400.0,86100.0,84600.0,85200.0,15987,0.0,0.0
2026-06-16 00:00:00+09:00,85100.0,85100.0,84200.0,84700.0,16733,0.0,0.0
2026-06-17 00:00:00+09:00,84700.0,84700.0,83000.0,84400.0,14387,0.0,0.0
2026-06-18 00:00:00+09:00,84100.0,84400.0,83300.0,84300.0,9524,0.0,0.0
2026-06-19 00:00:00+09:00,84000.0,84400.0,83400.0,83500.0,24549,0.0,0.0
2026-06-22 00:00:00+09:00,83400.0,84500.0,83100.0,83800.0,11221,0.0,0.0
2026-06-23 00:00:00+09:00,83900.0,84400.0,83700.0,84100.0,15522,0.0,0.0
2026-06-24 00:00:00+09:00,84100.0,85400.0,84100.0,85400.0,17823,0.0,0.0
2026-06-25 00:00:00+09:00,85900.0,86600.0,85200.0,86100.0,15195,0.0,0.0
2026-06-26 00:00:00+09:00,86500.0,87200.0,85900.0,87000.0,13921,0.0,0.0
2026-06-29 00:00:00+09:00,87600.0,88000.0,86900.0,87300.0,13449,0.0,0.0
2026-06-30 00:00:00+09:00,87900.0,88300.0,86800.0,86800.0,18186,0.0,0.0
2026-07-01 00:00:00+09:00,86900.0,87000.0,85100.0,85100.0,10604,0.0,0.0
2026-07-02 00:00:00+09:00,85800.0,87700.0,85200.0,86200.0,16470,0.0,0.0
2026-07-03 00:00:00+09:00,87000.0,88900.0,86600.0,87900.0,16426,0.0,0.0
2026-07-06 00:00:00+09:00,88000.0,89600.0,87900.0,88600.0,17584,0.0,0.0
2026-07-07 00:00:00+09:00,89000.0,89800.0,88300.0,88300.0,15920,0.0,0.0
2026-07-08 00:00:00+09:00,88300.0,88400.0,87500.0,87500.0,6721,0.0,0.0
2026-07-09 00:00:00+09:00,88000.0,88300.0,87500.0,87600.0,8299,0.0,0.0
2026-07-10 00:00:00+09:00,87500.0,88200.0,87200.0,87700.0,7996,0.0,0.0
2026-07-13 00:00:00+09:00,87600.0,88600.0,87500.0,87900.0,10140,0.0,0.0
2026-07-14 00:00:00+09:00,87700.0,89000.0,87600.0,88500.0,7443,0.0,0.0
2026-07-15 00:00:00+09:00,89000.0,89400.0,88700.0,89200.0,15927,0.0,0.0
2026-07-16 00:00:00+09:00,89200.0,89700.0,87700.0,88500.0,11987,0.0,0.0
2026-07-17 00:00:00+09:00,88000.0,89700.0,88000.0,88800.0,10709,0.0,0.0
2026-07-21 00:00:00+09:00,90000.0,90800.0,88900.0,89900.0,18834,0.0,0.0
2026-07-22 00:00:00+09:00,89900.0,90300.0,89600.0,89700.0,13388,0.0,0.0
2026-07-23 00:00:00+09:00,89600.0,90600.0,89500.0,90400.0,12138,0.0,0.0
2026-07-24 00:00:00+09:00,90100.0,91200.0,89900.0,91100.0,17021,0.0,0.0
2026-07-27 00:00:00+09:00,91100.0,93000.0,91100.0,92800.0,14435,0.0,0.0
2026-07-28 00:00:00+09:00,92400.0,93400.0,91900.0,92600.0,11352,0.0,0.0
2026-07-29 00:00:00+09:00,92700.0,93600.0,92700.0,93500.0,16801,0.0,0.0
2026-07-30 00:00:00+09:00,92200.0,93500.0,91700.0,93300.0,15896,0.0,0.0
2026-07-31 00:00:00+09:00,92000.0,93500.0,90600.0,90600.0,18412,0.0,0.0
2026-08-03 00:00:00+09:00,91000.0,91300.0,89300.0,89300.0,16889,0.0,0.0
2026-08-04 00:00:00+09:00,89600.0,89600.0,87200.0,87500.0,13134,0.0,0.0
2026-08-05 00:00:00+09:00,87900.0,88100.0,86800.0,87300.0,17931,0.0,0.0
2026-08-06 00:00:00+09:00,87400.0,88300.0,86900.0,88300.0,12306,0.0,0.0
2026-08-07 00:00:00+09:00,88300.0,88500.0,87000.0,87600.0,12183,0.0,0.0
2026-08-10 00:00:00+09:00,87700.0,87700.0,86200.0,86900.0,7999,0.0,0.0
2026-08-12 00:00:00+09:00,87100.0,87600.0,86700.0,87600.0,7769,0.0,0.0
2026-08-13 00:00:00+09:00,87500.0,88000.0,86600.0,86600.0,10158,0.0,0.0
2026-08-14 00:00:00+09:00,86800.0,87600.0,86700.0,87400.0,7928,0.0,0.0
2026-08-17 00:00:00+09:00,88000.0,88500.0,87400.0,87800.0,9172,0.0,0.0
2026-08-18 00:00:00+09:00,87800.0,88000.0,86800.0,87600.0,8646,0.0,0.0
2026-08-19 00:00:00+09:00,87700.0,87800.0,86800.0,87000.0,8873,0.0,0.0
2026-08-20 00:00:00+09:00,87200.0,87700.0,87000.0,87700.0,12611,0.0,0.0
2026-08-21 00:00:00+09:00,87800.0,87800.0,86200.0,86300.0,13184,0.0,0.0
2026-08-24 00:00:00+09:00,86500.0,86600.0,85700.0,86400.0,15741,0.0,0.0
2026-08-25 00:00:00+09:00,86800.0,86800.0,85800.0,85900.0,7574,0.0,0.0
2026-08-26 00:00:00+09:00,86200.0,86600.0,85900.0,85900.0,12347,0.0,0.0
2026-08-27 00:00:00+09:00,85900.0,86900.0,85500.0,86400.0,22816,0.0,0.0
2026-08-28 00:00:00+09:00,86000.0,86300.0,85300.0,85400.0,16325,0.0,0.0
2026-08-31 00:00:00+09:00,86000.0,87800.0,85700.0,87200.0,30420,0.0,0.0
2026-09-01 00:00:00+09:00,87400.0,88300.0,86800.0,88300.0,22709,0.0,0.0
2026-09-02 00:00:00+09:00,87900.0,87900.0,86600.0,86600.0,17593,0.0,0.0
2026-09-03 00:00:00+09:00,86700.0,87000.0,86000.0,86000.0,16355,0.0,0.0
2026-09-04 00:00:00+09:00,85700.0,86400.0,85500.0,85700.0,16301,0.0,0.0
2026-09-07 00:00:00+09:00,85700.0,85800.0,84800.0,84800.0,13245,0.0,0.0
2026-09-08 00:00:00+09:00,84600.0,84900.0,83400.0,83400.0,22172,0.0,0.0
2026-09-09 00:00:00+09:00,83600.0,84600.0,83500.0,84300.0,20264,0.0,0.0
2026-09-10 00:00:00+09:00,84300.0,85100.0,84200.0,85000.0,8825,0.0,0.0
2026-09-11 00:00:00+09:00,86500.0,86500.0,83900.0,84000.0,26998,0.0,0.0
2026-09-14 00:00:00+09:00,84000.0,85000.0,83800.0,84300.0,10526,0.0,0.0
2026-09-15 00:00:00+09:00,84100.0,84800.0,84000.0,84400.0,10921,0.0,0.0
2026-09-16 00:00:00+09:00,84500.0,84900.0,84000.0,84600.0,8105,0.0,0.0
2026-09-17 00:00:00+09:00,84300.0,84600.0,84100.0,84600.0,4993,0.0,0.0
2026-09-18 00:00:00+09:00,84800.0,84900.0,84000.0,84800.0,36067,0.0,0.0
2026-09-24 00:00:00+09:00,84500.0,84700.0,83900.0,84500.0,12979,0.0,0.0
2026-09-25 00:00:00+09:00,84500.0,85000.0,84100.0,84600.0,12012,0.0,0.0
2026-09-28 00:00:00+09:00,84600.0,84700.0,83700.0,84100.0,11534,0.0,0.0
2026-09-29 00:00:00+09:00,83700.0,83900.0,82600.0,82600.0,16251,0.0,0.0
2026-09-30 00:00:00+09:00,82700.0,83600.0,82500.0,82800.0,19707,0.0,0.0
2026-10-01 00:00:00+09:00,82200.0,83000.0,81900.0,82100.0,16981,0.0,0.0
2026-10-02 00:00:00+09:00,82100.0,82400.0,81200.0,81300.0,9489,0.0,0.0
