Date,Open,High,Low,Close,Volume,Dividends,Stock Splits
2021-09-21 00:00:00+09:00,307967.78125,309664.5734331956,305422.5929752066,307967.78125,1234,0.0,0.0
2021-09-22 00:00:00+09:00,307967.8236668975,311785.60660491686,305846.8331457756,306271.03125,2084,0.0,0.0
2021-09-24 00:00:00+09:00,305846.852451989,310513.03189300414,305846.852451989,309240.4375,1818,0.0,0.0
2021-09-27 00:00:00+09:00,309664.61167895445,316875.97934819036,309664.61167895445,316451.78125,1794,0.0,0.0
2021-09-28 00:00:00+09:00,316875.9591054582,316875.9591054582,309240.3938258086,314754.96875,1616,0.0,0.0
2021-09-29 00:00:00+09:00,311361.3741554054,315179.1566722973,310937.17609797296,313906.5625,1296,0.0,0.0
2021-09-30 00:00:00+09:00,315603.41824966075,315603.41824966075,312634.03125,312634.03125,1370,0.0,0.0
2021-10-01 00:00:00+09:00,312209.7528089888,313482.34691011236,302029.0,302029.0,2972,0.0,0.0
2021-10-04 00:00:00+09:00,304574.228302213,307967.8130186722,303725.8321230982,306695.21875,1832,0.0,0.0
2021-10-05 00:00:00+09:00,307119.4057771665,309664.5942228336,297787.04814305366,308392.0,2220,0.0,0.0
2021-10-06 00:00:00+09:00,310512.99133148405,311361.387482663,300756.4355929265,305846.8125,2378,0.0,0.0
2021-10-07 00:00:00+09:00,301180.6755578801,307119.44944212,301180.6755578801,304150.0625,1710,0.0,0.0
2021-10-08 00:00:00+09:00,303301.6355917367,306695.2203256303,302877.4375,302877.4375,1184,0.0,0.0
2021-10-11 00:00:00+09:00,304998.4263917704,306695.21875,301180.6435857538,306695.21875,1156,0.0,0.0
2021-10-12 00:00:00+09:00,307119.42745844874,308816.2198753462,305422.6350415512,306271.03125,904,0.0,0.0
2021-10-13 00:00:00+09:00,306271.0181233063,313058.1875,306271.0181233063,313058.1875,1898,0.0,0.0
2021-10-14 00:00:00+09:00,312209.7817189632,314754.9701568895,308391.9990620737,310937.1875,1516,0.0,0.0
2021-10-15 00:00:00+09:00,311361.40680574556,311785.60490766075,307967.82199042407,310088.8125,1282,0.0,0.0
2021-10-18 00:00:00+09:00,312209.7605442177,312209.7605442177,304574.1957482993,311785.5625,1836,0.0,0.0
2021-10-19 00:00:00+09:00,313058.1460597826,313482.3440896739,308391.9677309783,312209.75,1218,0.0,0.0
2021-10-20 00:00:00+09:00,309240.36379076086,312209.75,308391.9677309783,312209.75,836,0.0,0.0
2021-10-21 00:00:00+09:00,311785.57391826925,311785.57391826925,308391.98944024724,308816.1875,962,0.0,0.0
2021-10-22 00:00:00+09:00,310088.8141880194,310088.8141880194,305846.8331457756,306271.03125,1058,0.0,0.0
2021-10-25 00:00:00+09:00,307119.395260989,309240.38555975276,306270.9991414835,308816.1875,678,0.0,0.0
2021-10-26 00:00:00+09:00,309240.39614855574,310088.7922971114,306695.2077028886,308392.0,888,0.0,0.0
2021-10-27 00:00:00+09:00,309240.4157442098,311361.40625,307543.62333957764,311361.40625,1922,0.0,0.0
2021-10-28 00:00:00+09:00,311080.6726615646,314503.84375,309369.08711734693,314503.84375,1400,3172.0,0.0
2021-10-29 00:00:00+09:00,315787.5492092867,318782.82406628533,313648.0671685734,317927.03125,1442,0.0,0.0
2021-11-01 00:00:00+09:00,318354.89797297295,318354.89797297295,315359.62339527026,316643.3125,878,0.0,0.0
2021-11-02 00:00:00+09:00,317499.1697761194,317927.06623134325,314931.7910447761,315359.6875,750,0.0,0.0
2021-11-04 00:00:00+09:00,316215.4358153639,317499.125,315359.64302560646,317499.125,604,0.0,0.0
2021-11-05 00:00:00+09:00,318354.9046184739,319638.59375,314503.8372238956,319638.59375,1812,0.0,0.0
2021-11-08 00:00:00+09:00,320494.42411306367,322633.90625,317071.2526939655,322633.90625,1784,0.0,0.0
2021-11-09 00:00:00+09:00,322205.9953314267,322205.9953314267,317499.13484185736,317927.03125,1096,0.0,0.0
2021-11-10 00:00:00+09:00,317926.993248981,317926.993248981,314931.71875,314931.71875,920,0.0,0.0
2021-11-11 00:00:00+09:00,309369.11962090165,314931.7732240437,309369.11962090165,313220.1875,3790,0.0,0.0
2021-11-12 00:00:00+09:00,312364.37022569444,313648.0594184028,308085.40625,308085.40625,2880,0.0,0.0
2021-11-15 00:00:00+09:00,307657.47181802243,309369.05719670403,301666.92299263674,305090.09375,3172,0.0,0.0
2021-11-16 00:00:00+09:00,303806.4624822191,305518.04818634427,300811.1875,300811.1875,2566,0.0,0.0
2021-11-17 00:00:00+09:00,299527.43358806404,299955.3299217613,293108.98858260555,293964.78125,7464,0.0,0.0
2021-11-18 00:00:00+09:00,293108.9900858918,294820.57542945904,290541.61207054096,292681.09375,10018,0.0,0.0
2021-11-19 00:00:00+09:00,290969.5578358209,291397.454244403,286690.59375,286690.59375,8620,0.0,0.0
2021-11-22 00:00:00+09:00,286690.59375,289685.8686100746,285834.80093283585,286690.59375,5492,0.0,0.0
2021-11-24 00:00:00+09:00,286690.5640929535,287546.3568215892,283267.39317841077,285406.875,13678,0.0,0.0
2021-11-25 00:00:00+09:00,285834.80093283585,287118.4901585821,285406.90452425374,286690.59375,13014,0.0,0.0
2021-11-26 00:00:00+09:00,286262.6609375,286262.6609375,279416.31927083334,282411.59375,5622,0.0,0.0
2021-11-29 00:00:00+09:00,273853.6692913386,276421.0474409449,269574.7057086614,271714.1875,5578,0.0,0.0
2021-11-30 00:00:00+09:00,273853.68916797487,280700.0313971743,272570.0,272570.0,5494,0.0,0.0
2021-12-01 00:00:00+09:00,270858.4668337264,275565.3280267296,270002.67388954404,272142.15625,3370,0.0,0.0
2021-12-02 00:00:00+09:00,270858.39112741157,272997.87288987136,266151.53125,266151.53125,3042,0.0,0.0
2021-12-03 00:00:00+09:00,266151.5493421053,277276.8552631579,266151.5493421053,276421.0625,3884,0.0,0.0
2021-12-06 00:00:00+09:00,274281.5838867188,277704.7549804688,272569.99833984376,273853.6875,2712,0.0,0.0
2021-12-07 00:00:00+09:00,275565.2582947531,277704.74011381174,275137.36193094135,277276.84375,1806,0.0,0.0
2021-12-08 00:00:00+09:00,279844.2368171472,283267.4079097117,277704.7548842944,281983.71875,3128,0.0,0.0
2021-12-09 00:00:00+09:00,282839.5115231411,283267.4079097117,279844.2368171472,281983.71875,2724,0.0,0.0
2021-12-10 00:00:00+09:00,282839.4901041667,282839.4901041667,279844.215625,282411.59375,2586,0.0,0.0
2021-12-13 00:00:00+09:00,281555.8057795699,281983.70214093704,278132.63488863286,278560.53125,1466,0.0,0.0
2021-12-14 00:00:00+09:00,278560.5477539063,278560.5477539063,272569.99833984376,273853.6875,1888,0.0,0.0
2021-12-15 00:00:00+09:00,272569.98021653545,272997.87657480314,268718.912992126,271714.1875,1766,0.0,0.0
2021-12-16 00:00:00+09:00,273853.67441860464,277276.8453488372,272569.98531976744,275993.15625,1494,0.0,0.0
2021-12-17 00:00:00+09:00,275565.2454058193,280272.1051875957,273425.76368683,279416.3125,2890,0.0,0.0
2021-12-20 00:00:00+09:00,278132.5994318182,278132.5994318182,272997.84375,272997.84375,3024,0.0,0.0
2021-12-21 00:00:00+09:00,274281.58223172626,275993.16776827374,272142.100311042,275137.375,1720,0.0,0.0
2021-12-22 00:00:00+09:00,273853.66972477065,280700.01146788994,272142.0842889908,279844.21875,1756,0.0,0.0
2021-12-23 00:00:00+09:00,278132.6333142202,280700.01146788994,278132.6333142202,279844.21875,946,0.0,0.0
2021-12-24 00:00:00+09:00,279844.21875,281983.70054472476,278988.4260321101,279844.21875,938,0.0,0.0
2021-12-27 00:00:00+09:00,281127.9589367378,281127.9589367378,276848.99456935975,280700.0625,1168,0.0,0.0
2021-12-28 00:00:00+09:00,278988.48649162863,281555.8652016743,278132.69358828006,281127.96875,1684,0.0,0.0
2021-12-29 00:00:00+09:00,280700.0083333333,283267.38645833335,280700.0083333333,282411.59375,1180,0.0,0.0
2021-12-30 00:00:00+09:00,281983.6905627872,282411.586906585,278988.41615620215,279416.3125,1414,0.0,0.0
2022-01-04 00:00:00+09:00,281127.9145234493,283267.3963691377,278988.43267776095,282839.5,1816,0.0,0.0
2022-01-05 00:00:00+09:00,284123.189107413,287118.46369137673,282839.5,282839.5,3304,0.0,0.0
2022-01-06 00:00:00+09:00,284978.98347264435,285834.77621580544,279844.2270136778,281555.8125,1998,0.0,0.0
2022-01-07 00:00:00+09:00,278988.42761136714,281555.8057795699,278560.53125,278560.53125,1180,0.0,0.0
2022-01-11 00:00:00+09:00,280272.13320371776,281983.71875,278132.65127086494,281983.71875,992,0.0,0.0
2022-01-12 00:00:00+09:00,280272.12832148204,285834.78125,280272.12832148204,285834.78125,1396,0.0,0.0
2022-01-13 00:00:00+09:00,285834.78125,286690.57400823355,283695.2993544162,285834.78125,1120,0.0,0.0
2022-01-14 00:00:00+09:00,285834.75990284,286690.5525971599,283267.3818198804,286262.65625,1024,0.0,0.0
2022-01-17 00:00:00+09:00,284978.986866617,288402.1578800298,284551.09048994037,287118.46875,1448,0.0,0.0
2022-01-18 00:00:00+09:00,288402.1578800298,290969.5361400894,286262.6759966468,287118.46875,1848,0.0,0.0
2022-01-19 00:00:00+09:00,286690.5858771252,287118.4822739567,276848.96875,276848.96875,2010,0.0,0.0
2022-01-20 00:00:00+09:00,277276.87739616615,278560.5666433706,267863.15625,267863.15625,3100,0.0,0.0
2022-01-21 00:00:00+09:00,265295.7760333863,271286.3258147854,258449.4334260731,269146.84375,3944,0.0,0.0
2022-01-24 00:00:00+09:00,267435.24497239746,272570.0016758675,263584.177444795,271286.3125,2718,0.0,0.0
2022-01-25 00:00:00+09:00,271286.2804878049,271714.1768292683,262300.4573170732,263156.25,2068,0.0,0.0
2022-01-26 00:00:00+09:00,267435.2580981717,271286.3258147854,265723.6724463434,269146.84375,1914,0.0,0.0
2022-01-27 00:00:00+09:00,271286.32866043615,277704.77492211835,265723.67523364484,274709.5,3458,0.0,0.0
2022-01-28 00:00:00+09:00,274709.488451087,275993.17764945654,269146.83525815216,275565.28125,1366,0.0,0.0
2022-01-31 00:00:00+09:00,277276.84375,282411.60011574073,277276.84375,277276.84375,1826,0.0,0.0
2022-02-01 00:00:00+09:00,281983.71546052635,281983.71546052635,273853.68421052635,276421.0625,1896,0.0,0.0
2022-02-02 00:00:00+09:00,278988.48649162863,283695.34746004565,275993.2113299087,281127.96875,1204,0.0,0.0
2022-02-03 00:00:00+09:00,281983.7518102134,284551.13043064025,280272.1660632622,280700.0625,1504,0.0,0.0
2022-02-04 00:00:00+09:00,284978.971875,286690.5572916667,281127.9046875,282411.59375,1392,0.0,0.0
2022-02-07 00:00:00+09:00,281555.8125,282839.50161474163,278988.43427051674,281555.8125,1474,0.0,0.0
2022-02-08 00:00:00+09:00,282411.6236413044,283695.3128396739,274709.488451087,275565.28125,1818,0.0,0.0
2022-02-09 00:00:00+09:00,275565.33012326655,279416.39840138674,272997.95127118647,277704.8125,1434,0.0,0.0
2022-02-10 00:00:00+09:00,280700.0589123867,283695.3339312689,278560.5767560423,283267.4375,2670,0.0,0.0
2022-02-14 00:00:00+09:00,279844.2302530675,283695.2976418712,278132.64474693255,278988.4375,1520,0.0,0.0
2022-02-15 00:00:00+09:00,278988.447555205,278988.447555205,270858.41610804416,271286.3125,1960,0.0,0.0
2022-02-16 00:00:00+09:00,272997.9011785162,276848.96875,272570.0047816847,276848.96875,1614,0.0,0.0
2022-02-17 00:00:00+09:00,277704.73385416664,283695.2828125,277276.8375,282411.59375,1748,0.0,0.0
2022-02-18 00:00:00+09:00,281127.9259768589,282411.61513657053,278560.5476574355,281983.71875,1020,0.0,0.0
2022-02-21 00:00:00+09:00,278988.4260321101,282839.4932626147,278988.4260321101,279844.21875,904,0.0,0.0
2022-02-22 00:00:00+09:00,278560.5460730949,278560.5460730949,273853.68584758946,275137.375,1406,0.0,0.0
2022-02-24 00:00:00+09:00,278988.5019260401,282411.6737288136,273425.84774653317,277704.8125,3840,0.0,0.0
2022-02-25 00:00:00+09:00,273425.7400568182,275565.22159090906,271286.25852272724,272997.84375,2994,0.0,0.0
2022-02-28 00:00:00+09:00,272997.89951923076,278988.44903846155,270858.41754807695,278132.65625,2690,0.0,0.0
2022-03-01 00:00:00+09:00,278132.64474693255,280272.12662960123,277704.74837039877,278988.4375,1226,0.0,0.0
2022-03-02 00:00:00+09:00,280700.01146788994,281983.70054472476,277276.8405963303,279844.21875,2204,0.0,0.0
2022-03-03 00:00:00+09:00,281983.70214093704,281983.70214093704,278560.53125,278560.53125,816,0.0,0.0
2022-03-04 00:00:00+09:00,278560.5444078947,278988.4407894737,274709.4769736842,276421.0625,1330,0.0,0.0
2022-03-07 00:00:00+09:00,274709.5,276421.0856697819,271286.32866043615,274709.5,2144,0.0,0.0
2022-03-08 00:00:00+09:00,270430.5383064516,273853.70967741933,265295.78125,265295.78125,2264,0.0,0.0
2022-03-09 00:00:00+09:00,263156.32417414355,269146.87464314845,262300.53125,262300.53125,2722,0.0,0.0
2022-03-10 00:00:00+09:00,267863.1527887658,271714.2204806171,267863.1527887658,270430.53125,1866,0.0,0.0
2022-03-11 00:00:00+09:00,271714.22222774243,275137.393531399,268718.9473370429,269146.84375,2222,0.0,0.0
2022-03-14 00:00:00+09:00,270430.4659090909,275993.11789772724,270430.4659090909,272997.84375,1614,0.0,0.0
2022-03-15 00:00:00+09:00,276848.9820872274,276848.9820872274,272570.0179127726,274709.5,1514,0.0,0.0
2022-03-16 00:00:00+09:00,275137.4184265601,281983.76165334857,274281.62552321155,281127.96875,2062,0.0,0.0
2022-03-17 00:00:00+09:00,282839.5,284551.0854765507,279844.2254160363,282839.5,1782,0.0,0.0
2022-03-18 00:00:00+09:00,282839.5260727612,288402.17938432837,282839.5260727612,286690.59375,5574,0.0,0.0
2022-03-22 00:00:00+09:00,286690.6291360294,291397.49021139706,283267.457444853,290969.59375,3140,0.0,0.0
2022-03-23 00:00:00+09:00,290969.5526509573,291825.3454528719,287118.4850423417,290541.65625,2562,0.0,0.0
2022-03-24 00:00:00+09:00,288402.1483127721,294820.59375,287974.2519502903,294820.59375,3280,0.0,0.0
2022-03-25 00:00:00+09:00,295248.5083333333,295248.5083333333,288830.0625,288830.0625,2230,0.0,0.0
2022-03-28 00:00:00+09:00,288830.06896077713,293109.03294538124,288830.06896077713,291825.34375,1738,0.0,0.0
2022-03-29 00:00:00+09:00,290113.7707435345,297815.90625,290113.7707435345,297815.90625,2434,0.0,0.0
2022-03-30 00:00:00+09:00,299099.5589923469,300383.2480867347,289685.83896683675,293536.90625,2790,0.0,0.0
2022-03-31 00:00:00+09:00,292681.11511713034,294392.70058565156,290541.6332814788,292253.21875,2044,0.0,0.0
2022-04-01 00:00:00+09:00,289257.9636861314,294392.7204379562,286690.585310219,293109.03125,2552,0.0,0.0
2022-04-04 00:00:00+09:00,297387.99520985404,297387.99520985404,287546.3781021898,293109.03125,2130,0.0,0.0
2022-04-05 00:00:00+09:00,293108.98858260555,294392.67758369725,291397.4032478166,293964.78125,1678,0.0,0.0
2022-04-06 00:00:00+09:00,290969.5280612245,294392.69897959183,290969.5280612245,293536.90625,1366,0.0,0.0
2022-04-07 00:00:00+09:00,290969.57232011744,293109.0544695301,290113.77946035244,291397.46875,1502,0.0,0.0
2022-04-08 00:00:00+09:00,292681.1199925816,293109.01636683976,287974.25987574185,288402.15625,1616,0.0,0.0
2022-04-11 00:00:00+09:00,287118.46875,290113.7433867362,286690.5723733234,287118.46875,1228,0.0,0.0
2022-04-12 00:00:00+09:00,286690.60714285716,289685.8821428571,284551.125,284551.125,1240,0.0,0.0
2022-04-13 00:00:00+09:00,283267.4144144144,285834.7927927928,283267.4144144144,284979.0,1228,0.0,0.0
2022-04-14 00:00:00+09:00,285834.80093283585,287118.4901585821,284123.2152985075,286690.59375,1232,0.0,0.0
2022-04-15 00:00:00+09:00,285406.90452425374,289685.8686100746,285406.90452425374,286690.59375,882,0.0,0.0
2022-04-18 00:00:00+09:00,286690.55106026784,287546.34375,284551.0693359375,287546.34375,600,0.0,0.0
2022-04-19 00:00:00+09:00,287974.25318590703,287974.25318590703,284551.0822713643,285406.875,1628,0.0,0.0
2022-04-20 00:00:00+09:00,285406.875,286690.5640929535,282839.4968140929,285406.875,1434,0.0,0.0
2022-04-21 00:00:00+09:00,284978.97863568214,287974.25318590703,284551.0822713643,285406.875,1088,0.0,0.0
2022-04-22 00:00:00+09:00,286690.5723733234,287546.36512667657,284551.09048994037,287118.46875,1082,0.0,0.0
2022-04-25 00:00:00+09:00,288402.1725623167,292681.1365469208,285834.79417155427,291825.34375,1478,0.0,0.0
2022-04-26 00:00:00+09:00,290969.57411504426,293536.952710177,287974.2990873894,290113.78125,3630,0.0,0.0
2022-04-27 00:00:00+09:00,288468.12187032885,291928.00938901346,287170.66405082215,289333.09375,2144,3597.5,0.0
2022-04-28 00:00:00+09:00,288900.6078101644,291928.00938901346,288035.6359304933,289333.09375,2122,0.0,0.0
2022-05-02 00:00:00+09:00,288035.6499067164,291928.0235541045,286738.1920242537,289765.59375,1644,0.0,0.0
2022-05-06 00:00:00+09:00,288900.6172699849,288900.6172699849,285440.72963800904,286738.1875,2630,0.0,0.0
2022-05-09 00:00:00+09:00,286305.70789074356,289333.1096358118,284575.7640364188,285008.25,1926,0.0,0.0
2022-05-10 00:00:00+09:00,285008.25,286305.70789074356,282413.33421851293,285008.25,2336,0.0,0.0
2022-05-11 00:00:00+09:00,284575.7748300604,288900.63462990936,284143.2888500755,286305.71875,2888,0.0,0.0
2022-05-12 00:00:00+09:00,286738.202730312,292360.5204309064,286305.71675334324,291063.0625,2004,0.0,0.0
2022-05-13 00:00:00+09:00,292360.5364884393,301442.7425036127,292360.5364884393,299280.3125,3238,0.0,0.0
2022-05-16 00:00:00+09:00,301875.2426046176,301875.2426046176,297550.3823953824,299712.8125,2268,0.0,0.0
2022-05-17 00:00:00+09:00,300145.2297345768,301010.20157819224,297550.31420373026,301442.6875,1356,0.0,0.0
2022-05-18 00:00:00+09:00,301875.2426046176,302740.2146464646,298415.3544372294,299712.8125,2576,0.0,0.0
2022-05-19 00:00:00+09:00,298415.3125,301010.22826086957,296252.88269927533,298415.3125,1590,0.0,0.0
2022-05-20 00:00:00+09:00,298415.28572747414,299712.7434915066,292360.4828286558,292792.96875,1706,0.0,0.0
2022-05-23 00:00:00+09:00,294090.4611111111,294955.43305555556,291063.05930555554,291928.03125,1550,0.0,0.0
2022-05-24 00:00:00+09:00,292360.5159534535,293225.48789414414,287603.1702796547,288035.65625,1230,0.0,0.0
2022-05-25 00:00:00+09:00,290630.57771260996,295820.409457478,289765.6057551319,294955.4375,1242,0.0,0.0
2022-05-26 00:00:00+09:00,295820.4106367583,299280.2984804631,295820.4106367583,298847.8125,1526,0.0,0.0
2022-05-27 00:00:00+09:00,299712.8092176259,301442.7532823741,295387.9490557554,300577.78125,2634,0.0,0.0
2022-05-30 00:00:00+09:00,302740.2056850282,306200.09375,301442.74766066385,306200.09375,2430,0.0,0.0
2022-05-31 00:00:00+09:00,306200.09946043167,306200.09946043167,300577.78125,300577.78125,2810,0.0,0.0
2022-06-01 00:00:00+09:00,301875.22523414984,301875.22523414984,298415.33726585016,300145.28125,1522,0.0,0.0
2022-06-02 00:00:00+09:00,298415.3544372294,300145.2985209235,297117.89637445885,299712.8125,1142,0.0,0.0
2022-06-03 00:00:00+09:00,300145.2845014451,302307.7145050578,297982.85449783236,299280.3125,1042,0.0,0.0
2022-06-06 00:00:00+09:00,297550.37913669064,301875.2392985611,297550.37913669064,300577.78125,926,0.0,0.0
2022-06-07 00:00:00+09:00,302307.65934361547,302307.65934361547,298847.7719691535,301442.6875,1146,0.0,0.0
2022-06-08 00:00:00+09:00,301442.7155758226,303605.1453862661,300577.7436516452,302307.6875,978,0.0,0.0
2022-06-09 00:00:00+09:00,302740.2260638298,305335.142287234,300577.7958776596,304902.65625,1326,0.0,0.0
2022-06-10 00:00:00+09:00,304470.1445086705,304470.1445086705,299280.3125,299280.3125,1478,0.0,0.0
2022-06-13 00:00:00+09:00,299280.3125,300577.77050216764,297550.3684971098,299280.3125,1468,0.0,0.0
2022-06-14 00:00:00+09:00,298847.811308651,298847.811308651,290630.57771260996,294955.4375,2330,0.0,0.0
2022-06-15 00:00:00+09:00,294955.409375,297117.8390625,285008.2328125,285440.71875,2810,0.0,0.0
2022-06-16 00:00:00+09:00,284575.75842696626,287170.67415730335,269438.75,269438.75,6998,0.0,0.0
2022-06-17 00:00:00+09:00,267276.35215585446,277223.5303105222,262086.52007515825,273331.15625,4930,0.0,0.0
2022-06-20 00:00:00+09:00,275493.52950835985,275493.52950835985,264681.3815684713,271601.15625,3522,0.0,0.0
2022-06-21 00:00:00+09:00,268573.7888877796,272898.6486122205,267276.3309704473,270736.21875,4188,0.0,0.0
2022-06-22 00:00:00+09:00,272033.7154318542,276358.5757725832,270736.2573296355,272898.6875,8118,0.0,0.0
2022-06-23 00:00:00+09:00,274196.1174483307,275926.0614069952,271168.7155206677,272033.6875,3242,0.0,0.0
2022-06-24 00:00:00+09:00,273331.13458466454,273331.13458466454,269006.27486022364,270736.21875,3008,0.0,0.0
2022-06-27 00:00:00+09:00,271601.1887755102,275493.5625,271601.1887755102,275493.5625,8856,0.0,0.0
2022-06-28 00:00:00+09:00,275493.56691576086,279818.42667895963,275493.56691576086,278520.96875,9370,0.0,0.0
2022-06-29 00:00:00+09:00,280250.8999233129,283278.30162001535,278953.44205329753,281980.84375,2714,0.0,0.0
2022-06-30 00:00:00+09:00,281980.8685213415,285440.7564786585,281980.8685213415,283710.8125,2574,0.0,0.0
2022-07-01 00:00:00+09:00,280683.383034306,281548.35493888013,271168.69208399055,274196.09375,3466,0.0,0.0
2022-07-04 00:00:00+09:00,276791.05845181673,276791.05845181673,269438.79596169037,273763.65625,1996,0.0,0.0
2022-07-05 00:00:00+09:00,274628.58739241003,276358.53125,273763.61546361505,276358.53125,1520,0.0,0.0
2022-07-06 00:00:00+09:00,274196.1065295527,275926.0504193291,270736.21875,270736.21875,1742,0.0,0.0
2022-07-07 00:00:00+09:00,270736.2078651685,272466.15168539324,267708.8061797753,269438.75,2366,0.0,0.0
2022-07-08 00:00:00+09:00,269438.77046370966,270303.7424395161,267708.82651209674,268141.3125,1438,0.0,0.0
2022-07-11 00:00:00+09:00,268573.77808988764,270736.2078651685,267708.8061797753,269438.75,1654,0.0,0.0
2022-07-12 00:00:00+09:00,270736.2047,271601.1766,269006.2609,270303.71875,1202,0.0,0.0
2022-07-13 00:00:00+09:00,271168.7294642857,273763.6455357143,271168.7294642857,272466.1875,1072,0.0,0.0
2022-07-14 00:00:00+09:00,271168.6875,272466.14533492824,269871.22966507176,271168.6875,1370,0.0,0.0
2022-07-15 00:00:00+09:00,271168.6875,272898.63127990434,269438.7437200957,271168.6875,1238,0.0,0.0
2022-07-19 00:00:00+09:00,271601.2261058452,275493.60036532383,271601.2261058452,273763.65625,1684,0.0,0.0
2022-07-20 00:00:00+09:00,275061.06565457414,275493.55160686123,272033.6639885647,274196.09375,2024,0.0,0.0
2022-07-21 00:00:00+09:00,275061.07653061225,277655.99234693876,274196.10459183675,275493.5625,1594,0.0,0.0
2022-07-22 00:00:00+09:00,275926.04846938775,275926.04846938775,273763.61862244894,275493.5625,1050,0.0,0.0
2022-07-25 00:00:00+09:00,274628.5423197492,278088.42946708464,274628.5423197492,275926.0,1428,0.0,0.0
2022-07-26 00:00:00+09:00,277223.506377551,277223.506377551,273763.61862244894,275493.5625,1406,0.0,0.0
2022-07-27 00:00:00+09:00,275493.5141065831,277223.45768025075,274196.0564263323,275926.0,1580,0.0,0.0
2022-07-28 00:00:00+09:00,276358.49692862714,277223.46875,275061.03919656784,277223.46875,1500,0.0,0.0
2022-07-29 00:00:00+09:00,278520.95609662577,282845.8156633435,278088.470139954,281980.84375,2322,0.0,0.0
2022-08-01 00:00:00+09:00,281980.8469230769,281980.8469230769,278953.4451923077,281115.875,1518,0.0,0.0
2022-08-02 00:00:00+09:00,281548.35638608085,281548.35638608085,276791.0108864697,278088.46875,1266,0.0,0.0
2022-08-03 00:00:00+09:00,278953.44703638495,278953.44703638495,273331.12949921755,276358.53125,1190,0.0,0.0
2022-08-04 00:00:00+09:00,275493.5421875,276791.0,274628.5703125,276791.0,652,0.0,0.0
2022-08-05 00:00:00+09:00,276791.06918238994,276791.06918238994,273763.66686320753,275061.125,1160,0.0,0.0
2022-08-08 00:00:00+09:00,273763.57053291536,275926.0,273763.57053291536,275926.0,684,0.0,0.0
2022-08-09 00:00:00+09:00,275926.0452856025,276791.0172143975,274628.58739241003,276358.53125,1072,0.0,0.0
2022-08-10 00:00:00+09:00,276358.58313679247,276791.06918238994,275061.125,275061.125,724,0.0,0.0
2022-08-12 00:00:00+09:00,276791.0,277223.48593749997,275493.5421875,276791.0,978,0.0,0.0
2022-08-15 00:00:00+09:00,276358.5249319596,278520.9547045101,276358.5249319596,278088.46875,606,0.0,0.0
2022-08-16 00:00:00+09:00,278520.9484157651,279818.40625,277655.9765262751,279818.40625,1086,0.0,0.0
2022-08-17 00:00:00+09:00,279818.4015625,279818.4015625,276358.5140625,276791.0,956,0.0,0.0
2022-08-18 00:00:00+09:00,277655.9796511628,278953.4375,275926.03585271316,278953.4375,560,0.0,0.0
2022-08-19 00:00:00+09:00,278953.4515286378,279818.4234713622,277223.5076431889,279385.9375,1056,0.0,0.0
2022-08-22 00:00:00+09:00,279385.9266135303,279385.9266135303,277223.4968409798,278088.46875,964,0.0,0.0
2022-08-23 00:00:00+09:00,278088.4656007752,280250.8953488372,276358.52180232556,278953.4375,1350,0.0,0.0
2022-08-24 00:00:00+09:00,278953.4515286378,281548.3673568111,278953.4515286378,279385.9375,1416,0.0,0.0
2022-08-25 00:00:00+09:00,279818.3890817901,280683.3609182099,279385.9031635802,280250.875,876,0.0,0.0
2022-08-26 00:00:00+09:00,279818.40625,280683.37813948997,278520.9484157651,279818.40625,888,0.0,0.0
2022-08-29 00:00:00+09:00,278088.4827736801,279385.94070263975,276791.0248447205,278520.96875,1120,0.0,0.0
2022-08-30 00:00:00+09:00,279385.97939137137,281548.4095724191,278953.4933551618,280683.4375,1116,0.0,0.0
2022-08-31 00:00:00+09:00,281980.8956086287,281980.8956086287,277656.0352465331,280683.4375,1484,0.0,0.0
2022-09-01 00:00:00+09:00,281548.3673568111,281548.3673568111,278088.4795859133,279385.9375,1328,0.0,0.0
2022-09-02 00:00:00+09:00,280250.89852255053,280683.38447706064,277655.9827954899,278088.46875,988,0.0,0.0
2022-09-05 00:00:00+09:00,279385.92030525504,280250.89219474496,277655.9765262751,279818.40625,830,0.0,0.0
2022-09-06 00:00:00+09:00,281115.86724806204,281548.35319767444,278953.4375,278953.4375,956,0.0,0.0
2022-09-07 00:00:00+09:00,279818.38421411853,279818.38421411853,275493.5251072543,277223.46875,1040,0.0,0.0
2022-09-08 00:00:00+09:00,277223.49541600945,277655.98136829655,274196.09375,274196.09375,1196,0.0,0.0
2022-09-09 00:00:00+09:00,274196.067375195,277223.46875,274196.067375195,277223.46875,1474,0.0,0.0
2022-09-12 00:00:00+09:00,278953.4579439252,278953.4579439252,276791.02803738316,277656.0,832,0.0,0.0
2022-09-13 00:00:00+09:00,278088.45626920124,281548.34375,278088.45626920124,281548.34375,1526,0.0,0.0
2022-09-14 00:00:00+09:00,279385.93115384615,281980.8469230769,278520.95923076925,281115.875,978,0.0,0.0
2022-09-15 00:00:00+09:00,282413.33863551053,288900.6281906907,281548.3666948198,288035.65625,2436,0.0,0.0
2022-09-16 00:00:00+09:00,289765.6057551319,300577.755223607,288468.14781891496,294955.4375,4880,0.0,0.0
2022-09-20 00:00:00+09:00,297982.8458702065,297982.8458702065,290630.58407079644,293225.5,2558,0.0,0.0
2022-09-21 00:00:00+09:00,296252.895436217,297982.839351173,294522.95152126095,294955.4375,2398,0.0,0.0
2022-09-22 00:00:00+09:00,295387.88597849855,298847.7733691691,291495.51266399416,296685.34375,2366,0.0,0.0
2022-09-26 00:00:00+09:00,296252.93014705885,296252.93014705885,291928.0698529412,294090.5,2888,0.0,0.0
2022-09-27 00:00:00+09:00,293657.9804097432,296252.89628965256,285873.2327700151,286305.71875,3150,0.0,0.0
2022-09-28 00:00:00+09:00,288035.64392201835,289333.10177752294,281980.8405963303,282845.8125,2612,0.0,0.0
2022-09-29 00:00:00+09:00,289333.0735212054,291063.01715959824,287603.1298828125,290630.53125,1928,0.0,0.0
2022-09-30 00:00:00+09:00,288900.60469448584,290630.54843517137,286305.6890834575,290198.0625,2402,0.0,0.0
2022-10-03 00:00:00+09:00,290630.5894736842,290630.5894736842,285440.757518797,287603.1875,1932,0.0,0.0
2022-10-04 00:00:00+09:00,289765.61209439527,294090.47197640117,288468.1541297935,293225.5,1582,0.0,0.0
2022-10-05 00:00:00+09:00,294955.4077868853,295387.89372205664,289333.09062965726,290198.0625,1506,0.0,0.0
2022-10-06 00:00:00+09:00,291063.01715959824,292360.4748883929,288900.58761160716,290630.53125,1328,0.0,0.0
2022-10-07 00:00:00+09:00,290198.0797108209,291495.5375932836,289333.1077891791,289765.59375,1066,0.0,0.0
2022-10-11 00:00:00+09:00,289765.5969311377,291928.02675898204,288468.13903443114,288900.625,1200,0.0,0.0
2022-10-12 00:00:00+09:00,290198.0702662722,294522.9297337278,290198.0702662722,292360.5,1474,0.0,0.0
2022-10-13 00:00:00+09:00,292793.00640787516,293225.492384844,289765.6045690936,291063.0625,1288,0.0,0.0
2022-10-14 00:00:00+09:00,292360.503152819,294522.93290986645,290630.559347181,291495.53125,1426,0.0,0.0
2022-10-17 00:00:00+09:00,291928.0527257709,295387.9407580764,291495.5667217327,294522.96875,1426,0.0,0.0
2022-10-18 00:00:00+09:00,295387.90310218977,296252.875,292792.98740875913,296252.875,1876,0.0,0.0
2022-10-19 00:00:00+09:00,295820.379657228,295820.379657228,290198.0625,290198.0625,1740,0.0,0.0
2022-10-20 00:00:00+09:00,290198.0828967066,292360.5127245509,288035.6530688623,288900.625,2990,0.0,0.0
2022-10-21 00:00:00+09:00,291495.5326683748,296685.3641105417,290630.560761347,295387.90625,3548,0.0,0.0
2022-10-24 00:00:00+09:00,294955.4077868853,296252.86559239944,290198.0625,290198.0625,1936,0.0,0.0
2022-10-25 00:00:00+09:00,290630.57333333336,293225.4891666667,289765.6013888889,291928.03125,2020,0.0,0.0
2022-10-26 00:00:00+09:00,291928.03681259044,298847.8125,291928.03681259044,298847.8125,3184,0.0,0.0
2022-10-27 00:00:00+09:00,298415.361747851,301875.25,296252.93159025785,301875.25,4432,0.0,0.0
2022-10-28 00:00:00+09:00,301735.70625,306983.28375,300861.11,306108.6875,3012,3840.5,0.0
2022-10-31 00:00:00+09:00,306108.68006373936,310044.3630931303,303484.8913774787,308732.46875,2790,0.0,0.0
2022-11-01 00:00:00+09:00,307857.83661971835,311793.5191901409,304796.75017605635,310481.625,3128,0.0,0.0
2022-11-02 00:00:00+09:00,310918.95932188386,315729.2385800283,307857.87252124643,308732.46875,3704,0.0,0.0
2022-11-04 00:00:00+09:00,306545.9786706349,309607.0654761905,301735.6994047619,303047.59375,2350,0.0,0.0
2022-11-07 00:00:00+09:00,303047.61573401163,304359.5101744186,300861.125,300861.125,1476,0.0,0.0
2022-11-08 00:00:00+09:00,300861.10317460314,303922.1899801587,300861.10317460314,303047.59375,960,0.0,0.0
2022-11-09 00:00:00+09:00,303922.2356808357,304796.8320425072,302173.04295749275,303484.9375,878,0.0,0.0
2022-11-10 00:00:00+09:00,303922.21875,306108.7095323741,303047.62243705033,303922.21875,958,0.0,0.0
2022-11-11 00:00:00+09:00,306108.6418097282,307420.53598891274,304359.4495708155,305671.34375,1432,0.0,0.0
2022-11-14 00:00:00+09:00,306108.70796783624,306108.70796783624,298237.34119152045,299111.9375,1456,0.0,0.0
2022-11-15 00:00:00+09:00,297800.01686580887,299549.20932904416,296050.8244025735,297362.71875,1578,0.0,0.0
2022-11-16 00:00:00+09:00,297362.74331352155,297800.0414654532,294301.65625,294301.65625,1148,0.0,0.0
2022-11-17 00:00:00+09:00,294301.6603280792,299986.5363819648,294301.6603280792,298237.34375,1456,0.0,0.0
2022-11-18 00:00:00+09:00,297362.74488304096,299549.2356542398,297362.74488304096,299111.9375,606,0.0,0.0
2022-11-21 00:00:00+09:00,299111.8679347826,302172.9543025362,299111.8679347826,301735.65625,1118,0.0,0.0
2022-11-22 00:00:00+09:00,302172.99802389706,302172.99802389706,296925.4206341912,297362.71875,1214,0.0,0.0
2022-11-24 00:00:00+09:00,298237.34119152045,299986.53380847955,297362.74488304096,299111.9375,1298,0.0,0.0
2022-11-25 00:00:00+09:00,299111.90379008744,301735.69241982506,298237.30758017494,299986.5,1386,0.0,0.0
2022-11-28 00:00:00+09:00,301735.6706765557,303047.56489688857,301298.37260311143,302172.96875,1604,0.0,0.0
2022-11-29 00:00:00+09:00,302610.2764008621,304359.46875,300861.0840517242,304359.46875,1146,0.0,0.0
2022-11-30 00:00:00+09:00,303484.8653846154,303922.16346153844,299549.1826923077,301298.375,1698,0.0,0.0
2022-12-01 00:00:00+09:00,300423.8319627193,302173.0245796784,298674.6393457602,299111.9375,1376,0.0,0.0
2022-12-02 00:00:00+09:00,299111.9375,300861.13011695904,298237.34119152045,299111.9375,1008,0.0,0.0
2022-12-05 00:00:00+09:00,299986.50694444444,303047.59375,299111.9107142857,303047.59375,660,0.0,0.0
2022-12-06 00:00:00+09:00,302172.99751984124,303047.59375,299986.50694444444,303047.59375,834,0.0,0.0
2022-12-07 00:00:00+09:00,301298.3581974638,303047.5504076087,299549.16598731885,301735.65625,1172,0.0,0.0
2022-12-08 00:00:00+09:00,301735.65625,301735.65625,299111.8679347826,301735.65625,1160,0.0,0.0
2022-12-09 00:00:00+09:00,299986.46403985505,302172.9543025362,299986.46403985505,301735.65625,1162,0.0,0.0
2022-12-12 00:00:00+09:00,301735.7279676259,303922.21875,300423.83349820145,303922.21875,988,0.0,0.0
2022-12-13 00:00:00+09:00,303922.1899801587,304359.4880952381,301298.40128968254,303047.59375,1246,0.0,0.0
2022-12-14 00:00:00+09:00,303047.593263102,308732.46875,302172.99703434843,308732.46875,2244,0.0,0.0
2022-12-15 00:00:00+09:00,307420.581875,307420.581875,305234.09125,306108.6875,1344,0.0,0.0
2022-12-16 00:00:00+09:00,306108.7050484094,317478.4569502075,305671.40689834027,316166.5625,3960,0.0,0.0
2022-12-19 00:00:00+09:00,311356.21875,313542.70905021066,309169.72844978934,311356.21875,1542,0.0,0.0
2022-12-20 00:00:00+09:00,311793.57867005817,313980.0694040698,298237.3361191861,300861.125,3536,0.0,0.0
2022-12-21 00:00:00+09:00,300861.0601449275,307420.53093297104,300861.0601449275,301735.65625,2422,0.0,0.0
2022-12-22 00:00:00+09:00,302172.98774072755,307420.5649518545,301298.391538873,306545.96875,1194,0.0,0.0
2022-12-23 00:00:00+09:00,305671.35333755426,305671.35333755426,300423.77645622287,302172.96875,1392,0.0,0.0
2022-12-26 00:00:00+09:00,303047.5553916309,305671.34375,301298.3631527182,305671.34375,1098,0.0,0.0
2022-12-27 00:00:00+09:00,304359.52997179126,310481.7044252468,303922.23179654445,310044.40625,1148,0.0,0.0
2022-12-28 00:00:00+09:00,310044.3700035063,313542.7549964937,309607.0718793829,311793.5625,1110,0.0,0.0
2022-12-29 00:00:00+09:00,310918.98821504234,313542.7771451271,309607.09375,309607.09375,1354,0.0,0.0
2022-12-30 00:00:00+09:00,310044.40625,312668.19530148094,309169.80989950633,310044.40625,1114,0.0,0.0
2023-01-04 00:00:00+09:00,308732.4327464789,311356.2211267606,308732.4327464789,310481.625,756,0.0,0.0
2023-01-05 00:00:00+09:00,310481.6346153846,310918.9326923077,303484.8653846154,306983.25,2446,0.0,0.0
2023-01-06 00:00:00+09:00,306983.28375,307420.581875,304359.495,306108.6875,1208,0.0,0.0
2023-01-10 00:00:00+09:00,306108.69680851063,308732.48563829786,305671.3986702128,308295.1875,1226,0.0,0.0
2023-01-11 00:00:00+09:00,307420.59292074025,313980.0650314246,307420.59292074025,313105.46875,1682,0.0,0.0
2023-01-12 00:00:00+09:00,312230.8148700843,313105.4109901686,310918.92068995786,311356.21875,1664,0.0,0.0
2023-01-13 00:00:00+09:00,312668.1863839286,319664.9569883242,312668.1863839286,318353.0625,2844,0.0,0.0
2023-01-16 00:00:00+09:00,316603.81718963163,321414.09618008183,315291.9229195089,320539.5,2094,0.0,0.0
2023-01-17 00:00:00+09:00,320539.5148231623,320539.5148231623,314417.341279473,315291.9375,1836,0.0,0.0
2023-01-18 00:00:00+09:00,316166.569135274,322726.0415239726,315291.9728167808,319227.65625,2158,0.0,0.0
2023-01-19 00:00:00+09:00,316166.5676286509,318790.35657162726,314417.375,314417.375,1642,0.0,0.0
2023-01-20 00:00:00+09:00,313542.7801797945,319664.95440924657,312668.18386130134,319227.65625,2062,0.0,0.0
2023-01-23 00:00:00+09:00,319664.91775435075,326661.6875,319664.91775435075,326661.6875,2372,0.0,0.0
2023-01-24 00:00:00+09:00,325349.81502695417,326224.41130390833,322726.0261960916,324475.21875,1358,0.0,0.0
2023-01-25 00:00:00+09:00,324475.20875,328848.19,324475.20875,327973.59375,1628,0.0,0.0
2023-01-26 00:00:00+09:00,327973.59184709063,327973.59184709063,323163.3125,323163.3125,1368,0.0,0.0
2023-01-27 00:00:00+09:00,323163.3528645834,326224.4401041667,323163.3528645834,325349.84375,1142,0.0,0.0
2023-01-30 00:00:00+09:00,325349.8399209486,331909.3125,325349.8399209486,331909.3125,1830,0.0,0.0
2023-01-31 00:00:00+09:00,332346.5654362416,332783.86354865774,325787.09375,325787.09375,2150,0.0,0.0
2023-02-01 00:00:00+09:00,328848.1320375335,330160.0261813003,326224.34375,326224.34375,1106,0.0,0.0
2023-02-02 00:00:00+09:00,324912.50248819165,326224.3968454791,321851.4156545209,324037.90625,1152,0.0,0.0
2023-02-03 00:00:00+09:00,324912.46875,325787.06489737553,322725.97838156123,324912.46875,1196,0.0,0.0
2023-02-06 00:00:00+09:00,326224.41130390833,327099.0075808625,322726.0261960916,324475.21875,1146,0.0,0.0
2023-02-07 00:00:00+09:00,324475.2043690958,326224.3968454791,323163.31001180835,324037.90625,880,0.0,0.0
2023-02-08 00:00:00+09:00,324037.9206115229,324912.5168884771,320976.8336421833,324475.21875,1192,0.0,0.0
2023-02-09 00:00:00+09:00,322288.6994510135,324475.1899493243,322288.6994510135,323600.59375,1258,0.0,0.0
2023-02-10 00:00:00+09:00,323600.59375,324037.8918496622,321851.40135135135,323600.59375,968,0.0,0.0
2023-02-13 00:00:00+09:00,324037.9206115229,324475.21875,321414.13178066036,324475.21875,726,0.0,0.0
2023-02-14 00:00:00+09:00,323600.62247304583,325349.81502695417,323600.62247304583,324475.21875,824,0.0,0.0
2023-02-15 00:00:00+09:00,322726.01938775514,323600.6156462585,321414.125,321414.125,858,0.0,0.0
2023-02-16 00:00:00+09:00,322288.7565104167,325787.1419270834,322288.7565104167,325349.84375,1054,0.0,0.0
2023-02-17 00:00:00+09:00,323600.614973262,327099.0,322726.0187165775,327099.0,762,0.0,0.0
2023-02-20 00:00:00+09:00,327098.9398458445,328410.83398961124,326224.34375,326224.34375,664,0.0,0.0
2023-02-21 00:00:00+09:00,325787.0842483108,326224.38234797295,323600.59375,323600.59375,932,0.0,0.0
2023-02-22 00:00:00+09:00,323600.6510416667,325349.84375,322726.0546875,325349.84375,1296,0.0,0.0
2023-02-24 00:00:00+09:00,325349.7931726908,327973.5818273092,323163.30262717535,326661.6875,2040,0.0,0.0
2023-02-27 00:00:00+09:00,325787.10312499997,327973.59375,325349.805,327973.59375,1138,0.0,0.0
2023-02-28 00:00:00+09:00,327099.0067880795,331034.6900248345,326224.41051324503,330160.09375,1986,0.0,0.0
2023-03-01 00:00:00+09:00,329722.8120719178,330160.1102311644,319227.65625,319227.65625,2568,0.0,0.0
2023-03-02 00:00:00+09:00,320976.805152027,323600.59375,318790.3146537162,323600.59375,1178,0.0,0.0
2023-03-03 00:00:00+09:00,323163.29099692206,324475.1852770178,319664.90625,319664.90625,1064,0.0,0.0
2023-03-06 00:00:00+09:00,320102.2381687243,320976.8344478738,317915.7474708505,318790.34375,1510,0.0,0.0
2023-03-07 00:00:00+09:00,318790.34375,320976.8344478738,317915.7474708505,318790.34375,666,0.0,0.0
2023-03-08 00:00:00+09:00,317041.13937672175,317915.73562327825,313980.05251377414,317478.4375,1706,0.0,0.0
2023-03-09 00:00:00+09:00,316603.81981197774,317478.41599930363,313980.03125,313980.03125,1308,0.0,0.0
2023-03-10 00:00:00+09:00,312668.15874824685,313980.0531206171,311793.5625,311793.5625,1448,0.0,0.0
2023-03-13 00:00:00+09:00,308732.4327464789,310481.625,306983.24049295776,310481.625,1360,0.0,0.0
2023-03-14 00:00:00+09:00,310044.3630931303,311793.55555063736,306108.68006373936,308732.46875,1324,0.0,0.0
2023-03-15 00:00:00+09:00,308295.18831286125,311356.27528901736,301298.41808164737,302610.3125,2910,0.0,0.0
2023-03-16 00:00:00+09:00,297362.735640648,298674.63006259204,293427.0523748159,296925.4375,3070,0.0,0.0
2023-03-17 00:00:00+09:00,296488.09370300756,298237.2859962406,288616.7283834587,290803.21875,3534,0.0,0.0
2023-03-20 00:00:00+09:00,289054.0675418569,292115.15449010656,285992.9805936073,287304.875,2422,0.0,0.0
2023-03-22 00:00:00+09:00,289054.0074382485,293864.2859281437,289054.0074382485,292115.09375,1548,0.0,0.0
2023-03-23 00:00:00+09:00,291240.55062217196,291677.84874622925,289054.06000188534,289928.65625,1308,0.0,0.0
2023-03-24 00:00:00+09:00,289928.67314954684,291240.5675981873,288179.4805513595,289491.375,1328,0.0,0.0
2023-03-27 00:00:00+09:00,291240.5168233083,292115.1129699248,289928.6226033835,290803.21875,1156,0.0,0.0
2023-03-28 00:00:00+09:00,290365.95870535716,294738.94001116074,289054.0643136161,293864.34375,1318,0.0,0.0
2023-03-29 00:00:00+09:00,296488.1151603498,299986.5,295176.22084548103,299986.5,1634,0.0,0.0
2023-03-30 00:00:00+09:00,303484.913880814,303922.2120276163,298674.63426598837,300861.125,1486,0.0,0.0
2023-03-31 00:00:00+09:00,301298.3581974638,303047.5504076087,298674.5698822464,301735.65625,1336,0.0,0.0
2023-04-03 00:00:00+09:00,304796.7643284107,311356.23558368493,303922.16816104075,310918.9375,2812,0.0,0.0
2023-04-04 00:00:00+09:00,312668.15625,313105.4543706294,307857.8769230769,312668.15625,3714,0.0,0.0
2023-04-05 00:00:00+09:00,311793.57005834515,312668.1663277935,308295.18498055165,309169.78125,1964,0.0,0.0
2023-04-06 00:00:00+09:00,309169.7955949859,310918.98821504234,307857.9011299435,309607.09375,1390,0.0,0.0
2023-04-07 00:00:00+09:00,309607.0988991477,310044.39706143463,307420.6080877131,307857.90625,1448,0.0,0.0
2023-04-10 00:00:00+09:00,307857.88,308295.178125,305671.38937499997,306108.6875,646,0.0,0.0
2023-04-11 00:00:00+09:00,306983.2762924929,311356.2574362606,306545.97817811614,308732.46875,1516,0.0,0.0
2023-04-12 00:00:00+09:00,308732.48563829786,310044.3800531915,308295.1875,308295.1875,1064,0.0,0.0
2023-04-13 00:00:00+09:00,307857.88684582745,310918.97378889675,307857.88684582745,309169.78125,980,0.0,0.0
2023-04-14 00:00:00+09:00,311356.23558368493,311356.23558368493,308732.4470815752,310918.9375,974,0.0,0.0
2023-04-17 00:00:00+09:00,311793.5191901409,311793.5191901409,309607.02887323947,310481.625,1092,0.0,0.0
2023-04-18 00:00:00+09:00,310481.6513480392,312668.1418504902,310044.35324754904,312230.84375,920,0.0,0.0
2023-04-19 00:00:00+09:00,312230.89712623414,312230.89712623414,309169.80989950633,310044.40625,1288,0.0,0.0
2023-04-20 00:00:00+09:00,310044.3700035063,311793.5625,309169.77375525946,311793.5625,988,0.0,0.0
2023-04-21 00:00:00+09:00,311793.5336673699,311793.5336673699,309607.04324894515,310918.9375,1034,0.0,0.0
2023-04-24 00:00:00+09:00,311356.2211267606,311356.2211267606,309169.7308098592,310481.625,1460,0.0,0.0
2023-04-25 00:00:00+09:00,310044.3413326301,313542.7260021097,309169.7451652602,310918.9375,2080,0.0,0.0
2023-04-26 00:00:00+09:00,310918.96625175315,313542.7549964937,309169.77375525946,311793.5625,5076,0.0,0.0
2023-04-27 00:00:00+09:00,311963.9604636812,315061.47496473906,311963.9604636812,313733.96875,1322,4192.5,0.0
2023-04-28 00:00:00+09:00,314176.4728990113,315061.4770480226,311521.4604519774,313291.46875,1660,0.0,0.0
2023-05-01 00:00:00+09:00,314618.93346774194,315503.9375,312848.9254032258,315503.9375,1266,0.0,0.0
2023-05-02 00:00:00+09:00,315503.9375,316831.4435483871,314176.4314516129,315503.9375,1156,0.0,0.0
2023-05-08 00:00:00+09:00,316388.9176724138,320813.9375,315946.4156896552,320813.9375,1970,0.0,0.0
2023-05-09 00:00:00+09:00,323026.4768422865,324353.98291150137,321256.46875,321256.46875,1790,0.0,0.0
2023-05-10 00:00:00+09:00,321256.4535167131,321256.4535167131,316831.4334958217,317716.4375,1540,0.0,0.0
2023-05-11 00:00:00+09:00,317716.45859266946,319928.96875,317273.95656120335,319928.96875,672,0.0,0.0
2023-05-12 00:00:00+09:00,319043.9790066341,319043.9790066341,314618.9584933659,316831.46875,1064,0.0,0.0
2023-05-15 00:00:00+09:00,315061.4484072022,319486.46875,315061.4484072022,319486.46875,1334,0.0,0.0
2023-05-16 00:00:00+09:00,318158.96875,318601.47079276777,316388.96057892905,318158.96875,1234,0.0,0.0
2023-05-17 00:00:00+09:00,317273.94353991596,318158.9475665266,314618.93146008404,315946.4375,1232,0.0,0.0
2023-05-18 00:00:00+09:00,315946.4811970339,316831.48534604517,313291.46875,313291.46875,1404,0.0,0.0
2023-05-19 00:00:00+09:00,313291.44157223793,314176.4456444759,311521.433427762,312406.4375,1370,0.0,0.0
2023-05-22 00:00:00+09:00,311521.4354609929,312406.4395390071,310193.9293439716,311963.9375,1410,0.0,0.0
2023-05-23 00:00:00+09:00,312406.3947557471,312406.3947557471,306653.8690732759,307981.375,1794,0.0,0.0
2023-05-24 00:00:00+09:00,306653.9247532895,307538.9288651316,302671.40625,302671.40625,2144,0.0,0.0
2023-05-25 00:00:00+09:00,300901.3893016345,303113.8995170877,296918.8709138187,297803.875,4820,0.0,0.0
2023-05-26 00:00:00+09:00,298688.83978028066,299573.84375,297803.83581056126,299573.84375,3052,0.0,0.0
2023-05-29 00:00:00+09:00,300458.8770280236,301343.88108407083,299131.3709439528,300016.375,1532,0.0,0.0
2023-05-30 00:00:00+09:00,300458.8709618208,302671.3810572687,298246.360866373,301343.875,2142,0.0,0.0
2023-05-31 00:00:00+09:00,302228.87098540145,303113.875,300016.3609489051,303113.875,3380,0.0,0.0
2023-06-01 00:00:00+09:00,302671.4121621622,303556.4162912913,294706.375,294706.375,2694,0.0,0.0
2023-06-02 00:00:00+09:00,295148.8297941394,298246.34375,294263.82580675074,298246.34375,1780,0.0,0.0
2023-06-05 00:00:00+09:00,300458.84771971934,300901.349704579,297803.83581056126,299573.84375,1456,0.0,0.0
2023-06-06 00:00:00+09:00,299573.8477314815,299573.8477314815,297361.3377777778,298688.84375,1326,0.0,0.0
2023-06-07 00:00:00+09:00,298688.84574369434,299573.8497310831,296918.8377689169,298246.34375,2322,0.0,0.0
2023-06-08 00:00:00+09:00,298688.8537779851,298688.8537779851,294706.3357276119,296476.34375,2348,0.0,0.0
2023-06-09 00:00:00+09:00,299573.8852306548,300016.38727678574,296476.3709077381,297361.375,1952,0.0,0.0
2023-06-12 00:00:00+09:00,298688.85580156953,298688.85580156953,295591.3417414051,296033.84375,1228,0.0,0.0
2023-06-13 00:00:00+09:00,296918.82434210525,297803.82828947366,294263.8125,294263.8125,1292,0.0,0.0
2023-06-14 00:00:00+09:00,294263.8518816188,296476.3620461422,292493.84375,292493.84375,2118,0.0,0.0
2023-06-15 00:00:00+09:00,292493.84375,293821.3498487141,291166.3376512859,292493.84375,2518,0.0,0.0
2023-06-16 00:00:00+09:00,291608.8306730769,291608.8306730769,287183.8104807692,287626.3125,3308,0.0,0.0
2023-06-19 00:00:00+09:00,284528.7973917323,286298.8054625984,280103.77721456694,280988.78125,3680,0.0,0.0
2023-06-20 00:00:00+09:00,280988.77722723706,282758.78527276294,277006.25912480376,281873.78125,3586,0.0,0.0
2023-06-21 00:00:00+09:00,280546.25,280988.75197160884,277006.2342271293,280546.25,1890,0.0,0.0
2023-06-22 00:00:00+09:00,279218.732421875,279661.234375,274351.2109375,276121.21875,2788,0.0,0.0
2023-06-23 00:00:00+09:00,274351.2725779967,275678.7787356322,269483.75,269483.75,3198,0.0,0.0
2023-06-26 00:00:00+09:00,270368.73384491116,274351.2520193861,268156.2237479806,273908.75,2140,0.0,0.0
2023-06-27 00:00:00+09:00,275678.7226751208,275678.7226751208,272581.2089371981,274793.71875,2222,0.0,0.0
2023-06-28 00:00:00+09:00,273908.7439710611,275236.25,272581.2379421222,275236.25,1832,0.0,0.0
2023-06-29 00:00:00+09:00,277448.76615508884,277891.26817447494,272581.24394184165,273908.75,2292,0.0,0.0
2023-06-30 00:00:00+09:00,273908.72072208737,273908.72072208737,270811.20691747573,273466.21875,2288,0.0,0.0
2023-07-03 00:00:00+09:00,272581.22471451876,273466.22869086463,269926.21278548124,271253.71875,1932,0.0,0.0
2023-07-04 00:00:00+09:00,273023.75610749185,273023.75610749185,270368.74389250815,271696.25,1654,0.0,0.0
2023-07-05 00:00:00+09:00,270811.2328512397,270811.2328512397,267713.71875,267713.71875,2322,0.0,0.0
2023-07-06 00:00:00+09:00,266386.2007978723,270368.71875,265058.6948138298,270368.71875,2136,0.0,0.0
2023-07-07 00:00:00+09:00,270368.71675857843,273023.72870710783,268598.70879289217,270811.21875,1406,0.0,0.0
2023-07-10 00:00:00+09:00,270811.22990353697,275236.25,269483.7238745981,275236.25,2110,0.0,0.0
2023-07-11 00:00:00+09:00,278776.285330414,279661.28941082803,276563.77512937895,277891.28125,3586,0.0,0.0
2023-07-12 00:00:00+09:00,278333.7620385233,278333.7620385233,274351.2439807384,275678.75,1572,0.0,0.0
2023-07-13 00:00:00+09:00,275678.75703740155,280988.78125,274793.7530019685,280988.78125,2428,0.0,0.0
2023-07-14 00:00:00+09:00,282316.27128693624,284528.78125,280546.2633164852,284528.78125,2834,0.0,0.0
2023-07-18 00:00:00+09:00,284971.293299373,285413.79530760186,280988.7752253135,282316.28125,2742,0.0,0.0
2023-07-19 00:00:00+09:00,284528.81046195654,287626.32472826086,282758.8023097826,284971.3125,2114,0.0,0.0
2023-07-20 00:00:00+09:00,286298.77927276236,288068.787181713,285413.775318287,286741.28125,1752,0.0,0.0
2023-07-21 00:00:00+09:00,288511.32880434784,288511.32880434784,284528.81046195654,284971.3125,1700,0.0,0.0
2023-07-24 00:00:00+09:00,284971.2772832817,287183.7872000774,284971.2772832817,285856.28125,1368,0.0,0.0
2023-07-25 00:00:00+09:00,284971.3097222222,285413.81175595237,278776.28125,278776.28125,2710,0.0,0.0
2023-07-26 00:00:00+09:00,280988.78125,282758.7893208661,279661.27519685036,280988.78125,2150,0.0,0.0
2023-07-27 00:00:00+09:00,280103.7893978538,281431.2955087441,276563.7731021463,278333.78125,2238,0.0,0.0
2023-07-28 00:00:00+09:00,276563.77512937895,279218.787370621,273023.7588077229,277891.28125,10130,0.0,0.0
2023-07-31 00:00:00+09:00,278333.7620385233,279218.76605136436,274793.7459871589,275678.75,2060,0.0,0.0
2023-08-01 00:00:00+09:00,273908.75,274793.7540387722,271253.73788368335,273908.75,2188,0.0,0.0
2023-08-02 00:00:00+09:00,274351.28125,275236.2853830645,272138.77091733867,274351.28125,1380,0.0,0.0
2023-08-03 00:00:00+09:00,274351.28125,275678.78744959674,273023.7750504032,274351.28125,874,0.0,0.0
2023-08-04 00:00:00+09:00,273023.71089975844,276121.22463768115,272581.2089371981,274793.71875,1322,0.0,0.0
2023-08-07 00:00:00+09:00,276121.29793977813,279218.8125,276121.29793977813,279218.8125,1238,0.0,0.0
2023-08-08 00:00:00+09:00,280103.766,280103.766,276121.248,276563.75,948,0.0,0.0
2023-08-09 00:00:00+09:00,275678.74400958465,277006.25,273908.73602236423,277006.25,1306,0.0,0.0
2023-08-10 00:00:00+09:00,277006.28178627143,284528.8165951638,276121.27769110765,283643.8125,2810,0.0,0.0
2023-08-14 00:00:00+09:00,290723.80306695047,290723.80306695047,285413.77926664083,285856.28125,3302,0.0,0.0
2023-08-15 00:00:00+09:00,285856.3206775701,287183.8268107477,282316.30432242993,284086.3125,1416,0.0,0.0
2023-08-16 00:00:00+09:00,283201.3023255814,286298.8165697674,281431.2941860465,285413.8125,1098,0.0,0.0
2023-08-17 00:00:00+09:00,284086.29333726416,284086.29333726416,280546.2772209119,281431.28125,954,0.0,0.0
2023-08-18 00:00:00+09:00,280103.7672363281,284086.2852539063,280103.7672363281,283201.28125,1408,0.0,0.0
2023-08-21 00:00:00+09:00,282316.28125,284528.7912911442,282316.28125,282316.28125,1700,0.0,0.0
2023-08-22 00:00:00+09:00,283201.3104524181,283643.8125,282316.3063572543,283643.8125,642,0.0,0.0
2023-08-23 00:00:00+09:00,282758.79028846155,288511.31653846154,282758.79028846155,287626.3125,1888,0.0,0.0
2023-08-24 00:00:00+09:00,288953.8185576923,288953.8185576923,286741.30846153846,287626.3125,1284,0.0,0.0
2023-08-25 00:00:00+09:00,283643.78325195314,285856.29326171876,282316.2772460937,283201.28125,1300,0.0,0.0
2023-08-28 00:00:00+09:00,282758.78527276294,283201.28728414443,280546.27521585557,281873.78125,1082,0.0,0.0
2023-08-29 00:00:00+09:00,280988.7981892523,284528.8145443925,280988.7981892523,284086.3125,1874,0.0,0.0
2023-08-30 00:00:00+09:00,282758.78325822885,284528.7912911442,281873.77924177115,282316.28125,1244,0.0,0.0
2023-08-31 00:00:00+09:00,280546.2323564593,281873.73818779906,276563.7148624402,277448.71875,2900,0.0,0.0
2023-09-01 00:00:00+09:00,277006.25,277891.2539936102,275678.74400958465,277006.25,1598,0.0,0.0
2023-09-04 00:00:00+09:00,277448.77514880954,279661.2853174603,277448.77514880954,278776.28125,1064,0.0,0.0
2023-09-05 00:00:00+09:00,278776.2751777251,280103.78125,276563.765057267,280103.78125,1030,0.0,0.0
2023-09-06 00:00:00+09:00,281431.25558551616,287626.28322419105,281431.25558551616,287183.78125,3190,0.0,0.0
2023-09-07 00:00:00+09:00,286741.31860465114,286741.31860465114,284528.8084302326,285413.8125,1254,0.0,0.0
2023-09-08 00:00:00+09:00,288068.78519838216,288068.78519838216,284086.2674306626,287183.78125,2900,0.0,0.0
2023-09-11 00:00:00+09:00,288068.787181713,288068.787181713,285413.775318287,286741.28125,1188,0.0,0.0
2023-09-12 00:00:00+09:00,287183.7872000774,287183.7872000774,284086.27331656346,285856.28125,1412,0.0,0.0
2023-09-13 00:00:00+09:00,285856.3206775701,287626.3288551402,282316.30432242993,284086.3125,1692,0.0,0.0
2023-09-14 00:00:00+09:00,282316.2772460937,284086.2852539063,281431.2732421875,283201.28125,1742,0.0,0.0
2023-09-15 00:00:00+09:00,284086.29130690737,284086.29130690737,279661.27119309263,281873.78125,2046,0.0,0.0
2023-09-19 00:00:00+09:00,283201.3023255814,286741.31860465114,281431.2941860465,285413.8125,1756,0.0,0.0
2023-09-20 00:00:00+09:00,288953.7951335139,288953.7951335139,285413.77926664083,285856.28125,2058,0.0,0.0
2023-09-21 00:00:00+09:00,286741.29121306376,286741.29121306376,282316.27128693624,284528.78125,1358,0.0,0.0
2023-09-22 00:00:00+09:00,283201.30841121497,285413.8186331776,282758.80636682245,284086.3125,1834,0.0,0.0
2023-09-25 00:00:00+09:00,285413.82482394367,287183.8330399061,282758.8125,282758.8125,1744,0.0,0.0
2023-09-26 00:00:00+09:00,284086.3063953488,285856.3145348837,282758.80029069766,285413.8125,1240,0.0,0.0
2023-09-27 00:00:00+09:00,285413.77335323574,288068.78519838216,284971.2713790447,287183.78125,1812,0.0,0.0
2023-09-28 00:00:00+09:00,287183.7872000774,288511.29315015476,285413.77926664083,285856.28125,2442,0.0,0.0
2023-09-29 00:00:00+09:00,287626.302480916,289838.8125,286741.2984732824,289838.8125,1490,0.0,0.0
2023-10-02 00:00:00+09:00,291166.3286538461,292936.3367307692,287626.3125,287626.3125,1574,0.0,0.0
2023-10-03 00:00:00+09:00,289396.29311342596,289396.29311342596,284971.2733410494,286741.28125,1600,0.0,0.0
2023-10-04 00:00:00+09:00,284528.79220257234,284528.79220257234,274793.74799035373,275236.25,4294,0.0,0.0
2023-10-05 00:00:00+09:00,278333.7226375598,280546.2323564593,277448.71875,277448.71875,1638,0.0,0.0
2023-10-06 00:00:00+09:00,277448.7580256822,278333.7620385233,274793.7459871589,275678.75,1872,0.0,0.0
2023-10-10 00:00:00+09:00,279661.2460567823,280988.75197160884,277448.73619873816,280546.25,1740,0.0,0.0
2023-10-11 00:00:00+09:00,277891.2792130366,280988.7934717806,277891.2792130366,278333.78125,2034,0.0,0.0
2023-10-12 00:00:00+09:00,278333.77921626985,280103.78735119046,277006.2731150794,278776.28125,1762,0.0,0.0
2023-10-13 00:00:00+09:00,278776.26607717044,278776.26607717044,274793.74799035373,275236.25,1808,0.0,0.0
2023-10-16 00:00:00+09:00,275236.2366435563,275678.7386317292,270811.21676182706,271253.71875,2746,0.0,0.0
2023-10-17 00:00:00+09:00,274351.2380191693,278333.75599041535,273023.732028754,277006.25,1846,0.0,0.0
2023-10-18 00:00:00+09:00,278333.7620385233,278776.26404494385,275236.2479935795,275678.75,1064,0.0,0.0
2023-10-19 00:00:00+09:00,276121.2129186603,279661.22846889956,275236.2090311005,277448.71875,2202,0.0,0.0
2023-10-20 00:00:00+09:00,277006.25483141444,277006.25483141444,269041.21875,269041.21875,2380,0.0,0.0
2023-10-23 00:00:00+09:00,269926.2582508251,271696.26650165016,266828.74381188117,268156.25,2408,0.0,0.0
2023-10-24 00:00:00+09:00,270368.73083677684,270368.73083677684,265943.7106921488,267713.71875,1938,0.0,0.0
2023-10-25 00:00:00+09:00,268156.2087765957,270811.22074468085,267713.70678191487,270368.71875,1522,0.0,0.0
2023-10-26 00:00:00+09:00,269483.75618811883,271696.26650165016,265943.7396864687,268156.25,1620,0.0,0.0
2023-10-27 00:00:00+09:00,272138.7267287234,272138.7267287234,268598.7107712766,270368.71875,7268,0.0,0.0
2023-10-30 00:00:00+09:00,271516.2468487395,272413.8212184874,265682.01344537816,267028.375,2784,4278.5,0.0
2023-10-31 00:00:00+09:00,266579.625,267477.1994949495,264335.68876262626,266579.625,1854,0.0,0.0
2023-11-01 00:00:00+09:00,267028.400272651,268823.54918204696,266579.613045302,267477.1875,1836,0.0,0.0
2023-11-02 00:00:00+09:00,268823.5417546453,271067.4778293919,265682.03125,265682.03125,2018,0.0,0.0
2023-11-06 00:00:00+09:00,267925.9774133663,271965.0625,267477.19018151815,271965.0625,2348,0.0,0.0
2023-11-07 00:00:00+09:00,270169.9242487479,270169.9242487479,265682.05175292154,268823.5625,2304,0.0,0.0
2023-11-08 00:00:00+09:00,268823.54918204696,268823.54918204696,266579.613045302,267477.1875,1404,0.0,0.0
2023-11-09 00:00:00+09:00,267477.1861252115,267477.1861252115,263438.10109983076,265233.25,1956,0.0,0.0
2023-11-10 00:00:00+09:00,265233.2262605042,267028.375,265233.2262605042,267028.375,1328,0.0,0.0
2023-11-13 00:00:00+09:00,267028.4265988372,271067.5120431894,267028.4265988372,270169.9375,1486,0.0,0.0
2023-11-14 00:00:00+09:00,270169.93863261945,272862.66227347613,268823.5768121911,272413.875,1218,0.0,0.0
2023-11-15 00:00:00+09:00,272862.65742251225,276452.95554649265,272862.65742251225,275106.59375,1392,0.0,0.0
2023-11-16 00:00:00+09:00,276452.9137096774,278248.0625,275555.3393145161,278248.0625,830,0.0,0.0
2023-11-17 00:00:00+09:00,277350.5059764992,277799.29320299835,276004.1442970016,276901.71875,888,0.0,0.0
2023-11-20 00:00:00+09:00,278248.0625,281838.3600806452,277799.2753024194,278248.0625,1874,0.0,0.0
2023-11-21 00:00:00+09:00,278696.9051846591,279145.6924715909,275555.39417613635,276452.96875,1172,0.0,0.0
2023-11-22 00:00:00+09:00,275555.3393145161,278696.8496975807,274657.7649193549,278248.0625,970,0.0,0.0
2023-11-24 00:00:00+09:00,277350.4925692182,278248.06697882735,275555.34375,275555.34375,676,0.0,0.0
2023-11-27 00:00:00+09:00,275106.5684742647,276004.14292279416,273760.2068014706,274657.78125,562,0.0,0.0
2023-11-28 00:00:00+09:00,274209.0180407072,275106.59256784536,272862.65625,272862.65625,892,0.0,0.0
2023-11-29 00:00:00+09:00,272862.66227347613,274209.0240939045,271965.08772652387,272413.875,696,0.0,0.0
2023-11-30 00:00:00+09:00,272413.85573347105,273760.2174586777,269721.13228305784,271516.28125,2060,0.0,0.0
2023-12-01 00:00:00+09:00,270618.72361809044,272413.87269681745,267926.0,267926.0,1746,0.0,0.0
2023-12-04 00:00:00+09:00,268823.5649630542,273311.4375,268374.7777093596,273311.4375,1266,0.0,0.0
2023-12-05 00:00:00+09:00,273311.4375,274657.79926108377,272413.86299261084,273311.4375,894,0.0,0.0
2023-12-06 00:00:00+09:00,273760.2174586777,274657.79194214876,270169.9195247934,271516.28125,884,0.0,0.0
2023-12-07 00:00:00+09:00,271516.2619195688,271516.2619195688,269272.32587064675,270618.6875,1138,0.0,0.0
2023-12-08 00:00:00+09:00,269721.1309895833,271965.0671875,268374.76927083335,269272.34375,1544,0.0,0.0
2023-12-11 00:00:00+09:00,269721.1130804312,271067.47470978444,268823.53866086237,270618.6875,582,0.0,0.0
2023-12-12 00:00:00+09:00,269272.34974958265,270169.9242487479,267477.20075125206,268823.5625,1068,0.0,0.0
2023-12-13 00:00:00+09:00,268374.77525041735,269272.34974958265,266579.6262520868,268823.5625,1304,0.0,0.0
2023-12-14 00:00:00+09:00,269272.34375,270618.70546875,269272.34375,269272.34375,802,0.0,0.0
2023-12-15 00:00:00+09:00,269272.3509933775,271516.28725165565,267925.9892384106,271067.5,1546,0.0,0.0
2023-12-18 00:00:00+09:00,269721.1309895833,270618.70546875,268374.76927083335,269272.34375,1230,0.0,0.0
2023-12-19 00:00:00+09:00,270618.72766688484,270618.72766688484,254013.59844022687,257155.109375,4394,0.0,0.0
2023-12-20 00:00:00+09:00,257155.09011055165,258950.239081655,254911.1538966725,256257.515625,3554,0.0,0.0
2023-12-21 00:00:00+09:00,256706.30286777584,259399.02632443083,254911.1538966725,256257.515625,3050,0.0,0.0
2023-12-22 00:00:00+09:00,258501.41433566433,259847.77586866257,255359.90409200173,256706.265625,2174,0.0,0.0
2023-12-25 00:00:00+09:00,256257.50318080356,256257.50318080356,250423.2693080357,251320.84375,2068,0.0,0.0
2023-12-26 00:00:00+09:00,250872.06586450728,251320.85310218978,244589.04453695254,245935.40625,2176,0.0,0.0
2023-12-27 00:00:00+09:00,245935.4420045045,249076.95312499997,244589.0800957207,249076.953125,2176,0.0,0.0
2023-12-28 00:00:00+09:00,249974.5024250441,254911.1622574956,249974.5024250441,254462.375,1302,0.0,0.0
2023-12-29 00:00:00+09:00,254911.13692579506,255808.7113515901,253115.98807420494,254013.5625,792,0.0,0.0
2024-01-04 00:00:00+09:00,254013.5901484929,255359.95193373226,251320.8665780142,253116.015625,726,0.0,0.0
2024-01-05 00:00:00+09:00,253115.99673913044,258052.65625,253115.99673913044,258052.65625,1620,0.0,0.0
2024-01-09 00:00:00+09:00,258950.23801813473,259847.8125,257155.08905440415,259847.8125,1252,0.0,0.0
2024-01-10 00:00:00+09:00,258501.41433566433,259398.98869099648,256706.265625,256706.265625,1108,0.0,0.0
2024-01-11 00:00:00+09:00,258950.24017539964,258950.24017539964,252667.21875,252667.21875,2286,0.0,0.0
2024-01-12 00:00:00+09:00,252218.4375,252667.22475533807,249076.92671263346,252218.4375,2286,0.0,0.0
2024-01-15 00:00:00+09:00,249974.47615864527,252218.41221033866,249974.47615864527,251769.625,306,0.0,0.0
2024-01-16 00:00:00+09:00,249974.52773085583,250423.31503378376,247281.80391328828,249076.953125,2010,0.0,0.0
2024-01-17 00:00:00+09:00,247730.5525092937,248628.12697490706,241447.53125,241447.53125,4376,0.0,0.0
2024-01-18 00:00:00+09:00,241447.53961844568,242345.11411516852,239203.60337663855,239652.390625,2618,0.0,0.0
2024-01-19 00:00:00+09:00,239652.37867304104,240998.7403509795,239203.59144706157,240549.953125,1698,0.0,0.0
2024-01-22 00:00:00+09:00,240998.73354357798,245486.6056766055,240549.9463302752,244589.03125,1966,0.0,0.0
2024-01-23 00:00:00+09:00,245935.4133812616,245935.4133812616,240998.75362360853,241896.328125,2248,0.0,0.0
2024-01-24 00:00:00+09:00,241447.5043468045,242345.07871240602,238754.78125,238754.78125,3268,0.0,0.0
2024-01-25 00:00:00+09:00,237857.24275190115,237857.24275190115,232920.582996673,236062.09375,4372,0.0,0.0
2024-01-26 00:00:00+09:00,235164.49774667932,236959.64658444023,235164.49774667932,236510.859375,1408,0.0,0.0
2024-01-29 00:00:00+09:00,235164.51924904942,237857.24275190115,233369.3702471483,236062.09375,1824,0.0,0.0
2024-01-30 00:00:00+09:00,236510.86765057364,237857.22932600384,234715.71875,234715.71875,2028,0.0,0.0
2024-01-31 00:00:00+09:00,235613.27821601942,235613.27821601942,230227.83185679614,231125.40625,2474,0.0,0.0
2024-02-01 00:00:00+09:00,230227.83859313242,230227.83859313242,226188.7537055336,227086.328125,3254,0.0,0.0
2024-02-02 00:00:00+09:00,229330.28487451267,231574.221125731,228881.49762426902,230227.859375,1730,0.0,0.0
2024-02-05 00:00:00+09:00,231574.2151021401,234266.93853356031,230676.640625,230676.640625,1644,0.0,0.0
2024-02-06 00:00:00+09:00,231125.42322716347,234266.93383413463,231125.42322716347,233369.359375,1382,0.0,0.0
2024-02-07 00:00:00+09:00,234715.7331382722,236510.88214888994,232471.796875,232471.796875,2482,0.0,0.0
2024-02-08 00:00:00+09:00,233369.3519864341,234266.92641715115,230676.62869428293,231574.203125,1880,0.0,0.0
2024-02-09 00:00:00+09:00,231574.19863505746,235164.49628831417,231125.41142840037,234266.921875,2076,0.0,0.0
2024-02-13 00:00:00+09:00,235613.2922846045,239203.5900717985,235613.2922846045,238306.015625,2214,0.0,0.0
2024-02-14 00:00:00+09:00,239203.58263164136,240998.7314694023,236510.859375,236510.859375,2792,0.0,0.0
2024-02-15 00:00:00+09:00,237857.2202102804,242345.0922897196,237408.43300233645,240101.15625,2408,0.0,0.0
2024-02-16 00:00:00+09:00,243691.4758602528,244140.26310861422,237408.45438319287,239652.390625,3152,0.0,0.0
2024-02-19 00:00:00+09:00,241447.53125,241447.53125,241447.53125,241447.53125,354,0.0,0.0
2024-02-20 00:00:00+09:00,243242.65998391545,246384.1703527114,243242.65998391545,244140.234375,1934,0.0,0.0
2024-02-21 00:00:00+09:00,246384.18239737084,246832.9696148524,239652.3741351476,243242.671875,2414,0.0,0.0
2024-02-22 00:00:00+09:00,242345.10202891793,243691.46370685636,240101.16589902053,240549.953125,1888,0.0,0.0
2024-02-26 00:00:00+09:00,240549.95810313078,245935.40492633518,240101.17086786372,243691.46875,2264,0.0,0.0
2024-02-27 00:00:00+09:00,246832.97472677595,249525.6980874317,245486.6130464481,246384.1875,3644,0.0,0.0
2024-02-28 00:00:00+09:00,248179.35336755414,249525.7151398917,247281.77885266245,248628.140625,2720,0.0,0.0
2024-02-29 00:00:00+09:00,249525.7078409091,249525.7078409091,246384.19713068183,246832.984375,2840,0.0,0.0
2024-03-01 00:00:00+09:00,248179.32441016333,249076.8988203267,245486.60117967334,247281.75,1908,0.0,0.0
2024-03-04 00:00:00+09:00,248628.11452762922,252218.41221033866,248179.32731729053,251769.625,2836,0.0,0.0
2024-03-05 00:00:00+09:00,252218.41221033866,253564.7738413547,249525.68894830658,251769.625,2446,0.0,0.0
2024-03-06 00:00:00+09:00,253116.00726232392,256706.30523767605,253116.00726232392,254911.15625,2346,0.0,0.0
2024-03-07 00:00:00+09:00,256706.3100533808,256706.3100533808,252218.4375,252218.4375,1744,0.0,0.0
2024-03-08 00:00:00+09:00,251320.86298932382,255359.94828736654,251320.86298932382,252218.4375,2222,0.0,0.0
2024-03-11 00:00:00+09:00,251769.65383976063,254911.1646719858,251320.8665780142,253116.015625,1738,0.0,0.0
2024-03-12 00:00:00+09:00,254911.1646719858,255359.95193373226,249974.50479277482,253116.015625,1642,0.0,0.0
2024-03-13 00:00:00+09:00,253564.81387455118,253564.81387455118,247730.57921903054,249974.515625,2292,0.0,0.0
2024-03-14 00:00:00+09:00,251769.6323561947,254013.56847345133,251769.6323561947,253564.78125,1726,0.0,0.0
2024-03-15 00:00:00+09:00,254462.3630272408,259399.02262741653,254013.57579086116,255359.9375,4020,0.0,0.0
2024-03-18 00:00:00+09:00,255359.92873883928,256257.50318080356,248628.12042410715,251320.84375,2842,0.0,0.0
2024-03-19 00:00:00+09:00,251769.64552156688,257155.09248459505,251769.64552156688,254911.15625,2180,0.0,0.0
2024-03-21 00:00:00+09:00,258052.65487938598,258052.65487938598,254013.56984649124,255808.71875,2008,0.0,0.0
2024-03-22 00:00:00+09:00,257155.08776132404,258950.2367160279,255808.72604529618,257603.875,1724,0.0,0.0
2024-03-25 00:00:00+09:00,258052.66459610334,258052.66459610334,254911.1538966725,256257.515625,1536,0.0,0.0
2024-03-26 00:00:00+09:00,255808.72838222416,258052.66459610334,255359.94113944835,256257.515625,1248,0.0,0.0
2024-03-27 00:00:00+09:00,258950.203125,260296.5646663778,257603.84158362218,258950.203125,1954,0.0,0.0
2024-03-28 00:00:00+09:00,260745.37729779413,260745.37729779413,257155.07950367648,259399.015625,1194,0.0,0.0
2024-03-29 00:00:00+09:00,259847.77748591852,259847.77748591852,257603.84158362218,258950.203125,514,0.0,0.0
2024-04-01 00:00:00+09:00,259398.98869099648,260296.56304632867,256706.265625,256706.265625,832,0.0,0.0
2024-04-02 00:00:00+09:00,257155.08776132404,258052.66223867598,256257.51328397213,257603.875,1226,0.0,0.0
2024-04-03 00:00:00+09:00,256257.50318080356,256257.50318080356,250872.05652901786,251320.84375,1736,0.0,0.0
2024-04-04 00:00:00+09:00,251320.84513274336,254013.56847345133,250872.05790929202,253564.78125,952,0.0,0.0
2024-04-05 00:00:00+09:00,251769.65264423078,253564.8016826923,249525.71634615384,250872.078125,1350,0.0,0.0
2024-04-08 00:00:00+09:00,250872.07694003527,255808.73677248677,249525.7151675485,254462.375,1676,0.0,0.0
2024-04-09 00:00:00+09:00,255359.9315241228,258052.65487938598,255359.9315241228,255808.71875,968,0.0,0.0
2024-04-10 00:00:00+09:00,257155.10098071807,258950.2500277039,253116.015625,253116.015625,1140,0.0,0.0
2024-04-11 00:00:00+09:00,251320.86419753087,254462.375,250423.2896825397,254462.375,1352,0.0,0.0
2024-04-12 00:00:00+09:00,253564.77236960432,253564.77236960432,247730.53866906476,249525.6875,1850,0.0,0.0
2024-04-15 00:00:00+09:00,248628.16582207207,250423.31503378376,248628.16582207207,249076.953125,926,0.0,0.0
2024-04-16 00:00:00+09:00,250423.30290619392,252218.4520309695,249076.94106261223,249974.515625,1082,0.0,0.0
2024-04-17 00:00:00+09:00,250423.29086538462,251769.65264423078,247730.5673076923,250872.078125,1148,0.0,0.0
2024-04-18 00:00:00+09:00,249076.92788244583,250423.28965478338,248628.140625,248628.140625,1028,0.0,0.0
2024-04-19 00:00:00+09:00,249076.92425271738,249974.49875452896,245935.4134963768,247730.5625,1586,0.0,0.0
2024-04-22 00:00:00+09:00,247281.80391328828,250872.1023367117,247281.80391328828,249076.953125,1846,0.0,0.0
2024-04-23 00:00:00+09:00,250423.31503378376,252667.2515484234,249076.95312499997,249076.953125,1304,0.0,0.0
2024-04-24 00:00:00+09:00,251320.86050724637,251320.86050724637,247730.56249999997,247730.5625,1282,0.0,0.0
2024-04-25 00:00:00+09:00,248628.10125448028,251769.6115591398,245935.3781362007,250423.25,8874,0.0,0.0
2024-04-26 00:00:00+09:00,251357.52593917708,255007.0,250445.15742397137,255007.0,2250,4524.0,0.0
2024-04-30 00:00:00+09:00,255007.01192359853,255007.01192359853,248620.43201853527,252269.90625,2224,0.0,0.0
2024-05-01 00:00:00+09:00,251357.54089575814,253638.4623194946,250445.17232626356,252726.09375,1352,0.0,0.0
2024-05-02 00:00:00+09:00,253182.2525805354,255463.17377495463,250901.33138611616,251357.515625,1198,0.0,0.0
2024-05-07 00:00:00+09:00,252726.07871198567,255007.0,251813.71019677995,255007.0,1928,0.0,0.0
2024-05-08 00:00:00+09:00,255463.23451327434,258200.34059734514,254550.86581858408,257744.15625,2388,0.0,0.0
2024-05-09 00:00:00+09:00,258656.52494469026,259112.7092920354,257287.97190265486,257744.15625,1518,0.0,0.0
2024-05-10 00:00:00+09:00,258656.46482286096,258656.46482286096,253182.25392713904,255919.359375,1708,0.0,0.0
2024-05-13 00:00:00+09:00,255463.18221830987,259112.65625,255463.18221830987,259112.65625,794,0.0,0.0
2024-05-14 00:00:00+09:00,259568.82558900525,261849.7467277487,259112.64136125654,261393.5625,1170,0.0,0.0
2024-05-15 00:00:00+09:00,261393.57359319396,261393.57359319396,256375.546875,256375.546875,1434,0.0,0.0
2024-05-16 00:00:00+09:00,256831.72785762034,257744.09634024065,254094.62240975938,255919.359375,868,0.0,0.0
2024-05-17 00:00:00+09:00,254094.62945642605,259112.65625,254094.62945642605,259112.65625,1498,0.0,0.0
2024-05-20 00:00:00+09:00,260481.25294863316,260481.25294863316,257744.14696318342,258656.515625,1478,0.0,0.0
2024-05-21 00:00:00+09:00,260025.02475792254,260937.39326584508,259112.65625,259112.65625,1054,0.0,0.0
2024-05-22 00:00:00+09:00,260025.02414520425,260025.02414520425,256375.55012211367,256831.734375,1018,0.0,0.0
2024-05-23 00:00:00+09:00,258200.296875,259568.84968529153,256831.7440647085,258200.296875,1182,0.0,0.0
2024-05-24 00:00:00+09:00,258200.27471187944,258200.27471187944,255463.16932624116,257287.90625,1380,0.0,0.0
2024-05-27 00:00:00+09:00,244058.58679569128,246339.50816761362,233110.16421046402,240865.296875,10660,0.0,0.0
2024-05-28 00:00:00+09:00,240409.10405957943,247251.86793224298,239952.91980140185,244058.578125,5828,0.0,0.0
2024-05-29 00:00:00+09:00,242690.02150283553,242690.02150283553,238128.17899338374,241321.46875,3166,0.0,0.0
2024-05-30 00:00:00+09:00,238584.36135092413,239496.72984557392,233566.33463035017,234478.703125,8524,0.0,0.0
2024-05-31 00:00:00+09:00,235847.25650289017,239952.9147398844,235847.25650289017,236759.625,16598,0.0,0.0
2024-06-03 00:00:00+09:00,237215.80860894942,237215.80860894942,233110.1503830253,234478.703125,3944,0.0,0.0
2024-06-04 00:00:00+09:00,233110.1573896353,239952.92130518233,232197.78886756237,237672.0,7158,0.0,0.0
2024-06-05 00:00:00+09:00,239040.55128504673,244970.94664135514,237671.998510514,244058.578125,22178,0.0,0.0
2024-06-06 00:00:00+09:00,240409.11533874046,241321.48389790076,235391.08826335878,239040.5625,31870,0.0,0.0
2024-06-07 00:00:00+09:00,240409.12421421663,240409.12421421663,234478.728360735,235847.28125,5416,0.0,0.0
2024-06-10 00:00:00+09:00,236759.64428571428,239496.75,234022.53857142857,239496.75,3474,0.0,0.0
2024-06-11 00:00:00+09:00,239496.74954927884,241321.48668870193,237215.828125,237215.828125,2750,0.0,0.0
2024-06-12 00:00:00+09:00,238584.38702852998,239040.57132495163,235847.28125,235847.28125,2054,0.0,0.0
2024-06-13 00:00:00+09:00,234478.7155214425,236303.45260721247,234022.53125,234022.53125,3454,0.0,0.0
2024-06-14 00:00:00+09:00,234934.88737232488,236759.6243616245,234022.5188776751,234478.703125,1802,0.0,0.0
2024-06-17 00:00:00+09:00,235391.08681237724,235391.08681237724,230829.2440446955,232197.796875,2368,0.0,0.0
2024-06-18 00:00:00+09:00,233566.35294117648,234478.72150735292,229004.5101102941,232653.984375,3474,0.0,0.0
2024-06-19 00:00:00+09:00,232653.97732612782,242690.03125,230829.24024906015,242690.03125,5394,0.0,0.0
2024-06-20 00:00:00+09:00,241777.6746673004,246795.70187737644,238584.3846245247,239952.9375,2916,0.0,0.0
2024-06-21 00:00:00+09:00,239496.7440518466,244058.58679569128,239496.7440518466,240865.296875,2308,0.0,0.0
2024-06-24 00:00:00+09:00,242690.0221207865,243602.390625,241321.4693644663,243602.390625,1538,0.0,0.0
2024-06-25 00:00:00+09:00,244058.578125,244970.94664135514,243146.20960864486,244058.578125,1518,0.0,0.0
2024-06-26 00:00:00+09:00,245427.14983675373,245427.14983675373,242233.85978311568,244514.78125,1422,0.0,0.0
2024-06-27 00:00:00+09:00,244514.76506591335,244970.94932909604,240865.29096045197,242233.84375,1806,0.0,0.0
2024-06-28 00:00:00+09:00,241777.6583493282,241777.6583493282,237672.0,237672.0,1166,0.0,0.0
2024-07-01 00:00:00+09:00,237672.01195388348,237672.01195388348,234478.72196601942,234934.90625,1952,0.0,0.0
2024-07-02 00:00:00+09:00,234022.54406431332,235847.28125,231285.43828578334,235847.28125,2408,0.0,0.0
2024-07-03 00:00:00+09:00,235847.28125,236759.64984284333,233566.35976789167,235847.28125,1486,0.0,0.0
2024-07-04 00:00:00+09:00,236759.64428571428,239496.75,235391.09142857144,239496.75,1046,0.0,0.0
2024-07-05 00:00:00+09:00,239496.7430320946,239496.7430320946,236303.453125,236303.453125,1392,0.0,0.0
2024-07-08 00:00:00+09:00,234478.713362069,238584.3717672414,234478.713362069,238128.1875,1178,0.0,0.0
2024-07-09 00:00:00+09:00,237671.99349710983,238128.17774566475,234934.88800578035,236759.625,1242,0.0,0.0
2024-07-10 00:00:00+09:00,236303.45260721247,237215.82115009747,232653.97843567253,234022.53125,1372,0.0,0.0
2024-07-11 00:00:00+09:00,235391.07225433527,237671.99349710983,234478.70375722545,236759.625,1102,0.0,0.0
2024-07-12 00:00:00+09:00,237215.82267992423,241777.66542376892,237215.82267992423,240865.296875,1826,0.0,0.0
2024-07-16 00:00:00+09:00,241321.47522363465,242690.02801318266,240409.1066972693,242233.84375,1416,0.0,0.0
2024-07-17 00:00:00+09:00,242233.8469807331,242690.03125,240409.1099036654,242690.03125,1130,0.0,0.0
2024-07-18 00:00:00+09:00,243146.21875,245883.32440197,241777.66592401502,243146.21875,1450,0.0,0.0
2024-07-19 00:00:00+09:00,244970.96471007605,244970.96471007605,237215.83174904942,239952.9375,1724,0.0,0.0
2024-07-22 00:00:00+09:00,239952.9342857143,240865.30285714284,238128.19714285713,239496.75,1092,0.0,0.0
2024-07-23 00:00:00+09:00,240409.11533874046,240865.2996183206,238128.1939408397,239040.5625,1002,0.0,0.0
2024-07-24 00:00:00+09:00,239952.92130518233,241321.47408829172,237215.81573896352,237672.0,1150,0.0,0.0
2024-07-25 00:00:00+09:00,237215.81787109375,237215.81787109375,233566.34375,233566.34375,1270,0.0,0.0
2024-07-26 00:00:00+09:00,234934.89386506783,236303.44664486434,234022.5253452035,235391.078125,1000,0.0,0.0
2024-07-29 00:00:00+09:00,234934.88800578035,237215.80924855493,233566.33526011562,236759.625,1234,0.0,0.0
2024-07-30 00:00:00+09:00,236759.6243616245,237671.9928562743,234478.703125,234478.703125,1116,0.0,0.0
2024-07-31 00:00:00+09:00,234478.70375722545,237215.80924855493,234478.70375722545,236759.625,830,0.0,0.0
2024-08-01 00:00:00+09:00,236303.4493408203,236303.4493408203,231285.4224243164,233566.34375,1648,0.0,0.0
2024-08-02 00:00:00+09:00,232197.77326458754,232197.77326458754,226723.5625,226723.5625,2736,0.0,0.0
2024-08-05 00:00:00+09:00,223530.2920622363,226267.3976793249,215547.06734572785,216231.34375,3998,0.0,0.0
2024-08-06 00:00:00+09:00,219424.63357355865,231741.6088469185,217827.9886307157,229460.6875,4504,0.0,0.0
2024-08-07 00:00:00+09:00,227635.9574924319,231741.6160443996,225811.22035822403,226039.3125,3298,0.0,0.0
2024-08-08 00:00:00+09:00,227179.78478422618,232653.99646577382,227179.78478422618,229916.890625,2106,0.0,0.0
2024-08-09 00:00:00+09:00,230373.06437754584,230373.06437754584,223986.484375,223986.484375,3254,0.0,0.0
2024-08-13 00:00:00+09:00,224670.7553388026,228548.3216745992,223986.47892660322,227635.953125,2318,0.0,0.0
2024-08-14 00:00:00+09:00,226951.67401838966,229460.6875,226723.58188369783,229460.6875,1608,0.0,0.0
2024-08-15 00:00:00+09:00,229004.51327054793,233110.171875,226951.68396832192,233110.171875,1958,0.0,0.0
2024-08-16 00:00:00+09:00,233110.171875,235391.0933219178,232197.8032962329,233110.171875,1434,0.0,0.0
2024-08-19 00:00:00+09:00,233566.3431952663,233566.3431952663,229916.86908284025,231285.421875,1388,0.0,0.0
2024-08-20 00:00:00+09:00,232653.98115176818,233110.16542853636,230373.05976792733,232197.796875,1330,0.0,0.0
2024-08-21 00:00:00+09:00,229916.89381188116,232197.81537747523,229916.89381188116,230373.078125,1072,0.0,0.0
2024-08-22 00:00:00+09:00,230373.0560387674,230373.0560387674,228548.3189612326,229460.6875,880,0.0,0.0
2024-08-23 00:00:00+09:00,230829.23761094676,231741.60613905327,228092.13202662722,231285.421875,1394,0.0,0.0
2024-08-26 00:00:00+09:00,231285.42562134503,234478.7155214425,231285.42562134503,234022.53125,1732,0.0,0.0
2024-08-27 00:00:00+09:00,232653.97843567253,234934.899792885,232653.97843567253,234022.53125,1454,0.0,0.0
2024-08-28 00:00:00+09:00,233566.35976789167,235847.28125,232197.80687862667,235847.28125,2640,0.0,0.0
2024-08-29 00:00:00+09:00,234022.5372242647,234478.72150735292,230829.24724264705,232653.984375,2406,0.0,0.0
2024-08-30 00:00:00+09:00,230373.05334689352,231285.421875,228548.3162906805,231285.421875,2050,0.0,0.0
2024-09-02 00:00:00+09:00,232653.99969059404,233110.18400371287,229460.70949876236,230373.078125,1292,0.0,0.0
2024-09-03 00:00:00+09:00,231285.4467512376,231285.4467512376,229460.70949876236,230373.078125,1378,0.0,0.0
2024-09-04 00:00:00+09:00,228092.1420218295,230829.24772609147,219424.640625,219424.640625,4088,0.0,0.0
2024-09-05 00:00:00+09:00,216231.32948088844,223302.18519176138,216231.32948088844,220793.171875,3708,0.0,0.0
2024-09-06 00:00:00+09:00,223530.2947626419,223758.3869001548,221021.28125,221021.28125,1902,0.0,0.0
2024-09-09 00:00:00+09:00,219880.83093619248,220565.10738101465,217828.00160172593,218056.09375,1952,0.0,0.0
2024-09-10 00:00:00+09:00,220336.99838082903,222389.82755829016,220108.90625,220108.90625,1682,0.0,0.0
2024-09-11 00:00:00+09:00,220793.18809272916,220793.18809272916,216003.25322708112,216459.4375,1786,0.0,0.0
2024-09-12 00:00:00+09:00,219196.5500876168,220108.91866238316,217599.9050817757,219652.734375,1046,0.0,0.0
2024-09-13 00:00:00+09:00,221021.26925223216,221021.26925223216,217143.703125,217143.703125,2142,0.0,0.0
2024-09-17 00:00:00+09:00,217143.7047481637,218284.1653823452,215090.87560663692,217371.796875,1568,0.0,0.0
2024-09-18 00:00:00+09:00,217827.99243164062,219196.54526367187,216687.53173828125,218968.453125,1150,0.0,0.0
2024-09-19 00:00:00+09:00,218740.36146907214,221249.375,218284.17719072165,221249.375,1430,0.0,0.0
2024-09-20 00:00:00+09:00,221933.64708610543,226039.305511131,221933.64708610543,222846.015625,7400,0.0,0.0
2024-09-24 00:00:00+09:00,223530.29639175258,223530.29639175258,219880.82216494845,221249.375,1838,0.0,0.0
2024-09-25 00:00:00+09:00,220793.19871794872,223074.1201923077,220108.922275641,222389.84375,1346,0.0,0.0
2024-09-26 00:00:00+09:00,223302.21908177453,225583.140625,223074.126927452,225583.140625,1312,0.0,0.0
2024-09-27 00:00:00+09:00,226267.39979757083,226495.49193446356,224670.75483932186,225355.03125,1520,0.0,0.0
2024-09-30 00:00:00+09:00,223986.46712538227,223986.46712538227,221249.36162079513,223758.375,2244,0.0,0.0
2024-10-01 00:00:00+09:00,223758.38803710937,223758.38803710937,218968.453125,218968.453125,1836,0.0,0.0
2024-10-02 00:00:00+09:00,219196.53986272437,219196.53986272437,215775.15786694826,216003.25,1858,0.0,0.0
2024-10-03 00:00:00+09:00,217599.8821991219,221933.6324735279,217599.8821991219,220793.171875,1998,0.0,0.0
2024-10-04 00:00:00+09:00,219652.7112764721,221477.44823411675,217599.8821991219,220793.171875,2020,0.0,0.0
2024-10-07 00:00:00+09:00,221021.29167756275,221477.4759741109,218056.09375,218056.09375,1392,0.0,0.0
2024-10-08 00:00:00+09:00,218968.45425867508,219652.73067823343,216915.625,216915.625,1320,0.0,0.0
2024-10-09 00:00:00+09:00,218056.07974137933,220108.90894396554,217827.98760775864,218284.171875,1170,0.0,0.0
2024-10-10 00:00:00+09:00,219196.5544913703,219196.5544913703,217371.81730517783,218056.09375,898,0.0,0.0
2024-10-11 00:00:00+09:00,218284.17991489085,219880.82490904364,216915.62706275986,219424.640625,2450,0.0,0.0
2024-10-15 00:00:00+09:00,219196.54526367187,220108.91381835938,216231.3474609375,218968.453125,2986,0.0,0.0
2024-10-16 00:00:00+09:00,218056.06768617022,218056.06768617022,214406.59375,214406.59375,3032,0.0,0.0
2024-10-17 00:00:00+09:00,215090.8733744692,215775.14974787686,214634.68912553077,214862.78125,1490,0.0,0.0
2024-10-18 00:00:00+09:00,216231.35739060832,216231.35739060832,213038.06730256137,213722.34375,2500,0.0,0.0
2024-10-21 00:00:00+09:00,213722.33135316827,214862.7920327476,212125.68640175718,214178.515625,2042,0.0,0.0
2024-10-22 00:00:00+09:00,213038.0620603355,213494.2463474026,209616.67990733226,210757.140625,3368,0.0,0.0
2024-10-23 00:00:00+09:00,210072.86259141387,211897.5997257584,209160.4940242416,210529.046875,2322,0.0,0.0
2024-10-24 00:00:00+09:00,209388.58732221005,209388.58732221005,207791.94232084244,208476.21875,2474,0.0,0.0
2024-10-25 00:00:00+09:00,208476.20959286494,209844.76239106755,207107.65679466233,209388.578125,1696,0.0,0.0
2024-10-28 00:00:00+09:00,209160.48971774193,213038.0560483871,208248.12116935485,212125.6875,1728,0.0,0.0
2024-10-29 00:00:00+09:00,211441.40037178458,213722.32162714362,211441.40037178458,212809.953125,6642,0.0,0.0
2024-10-30 00:00:00+09:00,212585.65639952154,216122.545604067,211096.4398923445,213981.796875,2845,4609.0,2.0
2024-10-31 00:00:00+09:00,213702.5555075594,215936.38012958964,211375.6548596112,215471.0,3460,0.0,0.0
2024-11-01 00:00:00+09:00,214447.16673884797,216494.83933791684,214074.86262992636,214912.546875,2034,0.0,0.0
2024-11-05 00:00:00+09:00,213144.10902931416,215377.9337527655,209700.29591399335,210351.828125,2052,0.0,0.0
2024-11-06 00:00:00+09:00,211189.49279569893,216401.75,211096.41677419355,216401.75,2572,0.0,0.0
2024-11-07 00:00:00+09:00,214726.3955509401,215936.38390905116,212399.49486226498,212864.875,2000,0.0,0.0
2024-11-08 00:00:00+09:00,213237.17161412566,213888.70378405097,210724.11895869946,211841.03125,1287,0.0,0.0
2024-11-11 00:00:00+09:00,212213.35617569354,213051.04047638705,210165.6834406649,211375.671875,1277,0.0,0.0
2024-11-12 00:00:00+09:00,211189.51047850703,213423.33518167326,211189.51047850703,211654.890625,2257,0.0,0.0
2024-11-13 00:00:00+09:00,210724.11298076922,211282.5691105769,208024.90835336538,208117.984375,2324,0.0,0.0
2024-11-14 00:00:00+09:00,208304.14339479027,209234.90364230942,206163.3948254962,206349.546875,1659,0.0,0.0
2024-11-15 00:00:00+09:00,206163.40132130872,210537.97462248322,206163.40132130872,208024.921875,1984,0.0,0.0
2024-11-18 00:00:00+09:00,207652.60397189838,212492.5570900242,207187.2238643863,211561.796875,1859,0.0,0.0
2024-11-19 00:00:00+09:00,212213.33955223882,213423.32789179106,211189.50326492538,212027.1875,1794,0.0,0.0
2024-11-20 00:00:00+09:00,211003.35747068172,212492.57393275975,210537.97732628233,212306.421875,1922,0.0,0.0
2024-11-21 00:00:00+09:00,209886.4462859651,211096.4346681015,203371.12422830766,205418.796875,4053,0.0,0.0
2024-11-22 00:00:00+09:00,204767.26048752834,207001.0851473923,204488.03240504535,205232.640625,2215,0.0,0.0
2024-11-25 00:00:00+09:00,205698.02739611262,210724.13304289544,205698.02739611262,208304.15625,3154,0.0,0.0
2024-11-26 00:00:00+09:00,208304.13971325167,210072.58415228283,207652.60755150332,208955.671875,887,0.0,0.0
2024-11-27 00:00:00+09:00,208397.2142565819,209234.89845859585,206163.38971787805,206814.921875,1401,0.0,0.0
2024-11-28 00:00:00+09:00,208769.53430235808,208955.68636147742,207187.24179984356,208211.078125,1031,0.0,0.0
2024-11-29 00:00:00+09:00,207094.16962567903,207931.85390731102,205604.953125,205604.953125,1208,0.0,0.0
2024-12-02 00:00:00+09:00,205604.9489337902,206163.40511016085,203836.50437528317,205418.796875,1862,0.0,0.0
2024-12-03 00:00:00+09:00,205604.95007054176,206163.40625,203929.58153216704,206163.40625,1641,0.0,0.0
2024-12-04 00:00:00+09:00,206256.48534404708,207373.39771955638,205604.953125,205604.953125,1182,0.0,0.0
2024-12-05 00:00:00+09:00,206349.5512953223,209141.8320976947,206163.3992418308,207931.84375,1843,0.0,0.0
2024-12-06 00:00:00+09:00,207931.8505696757,213051.03220858893,207931.8505696757,212399.5,2287,0.0,0.0
2024-12-09 00:00:00+09:00,211375.66139397616,212120.26962433802,209421.06478927625,210910.28125,1928,0.0,0.0
2024-12-10 00:00:00+09:00,210537.97223589238,215005.6215141076,210072.59210274497,212771.796875,2551,0.0,0.0
2024-12-11 00:00:00+09:00,213144.09911684782,214726.3915557065,211468.7306521739,214074.859375,2082,0.0,0.0
2024-12-12 00:00:00+09:00,214726.39597270178,216215.61241637895,213144.1035012948,215657.15625,2807,0.0,0.0
2024-12-13 00:00:00+09:00,212213.3397841256,214726.3924920955,211561.80760057786,213423.328125,3854,0.0,0.0
2024-12-16 00:00:00+09:00,211934.10727427504,214540.23595397625,211189.4990800747,211841.03125,2850,0.0,0.0
2024-12-17 00:00:00+09:00,212306.42245293004,212771.80259859626,207931.84908366756,208862.609375,2626,0.0,0.0
2024-12-18 00:00:00+09:00,208490.28846153844,209886.4287860577,204488.01953125,208117.984375,2957,0.0,0.0
2024-12-19 00:00:00+09:00,205884.16583295862,209141.82668474593,200299.60437275178,207001.078125,2828,0.0,0.0
2024-12-20 00:00:00+09:00,207187.24221967964,208490.3066361556,203371.125,203371.125,3280,0.0,0.0
2024-12-23 00:00:00+09:00,202905.7215343736,206535.68627741974,202533.41745816375,205791.078125,3706,0.0,0.0
2024-12-24 00:00:00+09:00,204488.03334707688,205046.48951461556,201974.98059315287,204581.109375,2567,0.0,0.0
2024-12-25 00:00:00+09:00,203836.49068057456,204767.2509119927,202254.19828716372,204115.71875,2384,0.0,0.0
2024-12-26 00:00:00+09:00,203836.50550225735,206163.40625,203464.2013826185,206163.40625,3539,0.0,0.0
2024-12-27 00:00:00+09:00,206163.39299221203,208583.3696142425,205791.08889651502,207652.609375,2177,0.0,0.0
2024-12-30 00:00:00+09:00,208955.68004420324,210351.82044538946,207280.31156277977,207931.84375,2094,0.0,0.0
2025-01-06 00:00:00+09:00,209421.06400158658,212120.2688264959,205325.71875,205325.71875,3003,0.0,0.0
2025-01-07 00:00:00+09:00,207094.16618993133,207094.16618993133,202626.51676201372,203371.125,3156,0.0,0.0
2025-01-08 00:00:00+09:00,202533.43634686345,203836.50073512451,201509.6000418012,201788.828125,2181,0.0,0.0
2025-01-09 00:00:00+09:00,201416.5132390596,201416.5132390596,197972.70039717178,199927.296875,2424,0.0,0.0
2025-01-10 00:00:00+09:00,199182.6881196884,199461.9161871459,196948.86358002832,197135.015625,2689,0.0,0.0
2025-01-14 00:00:00+09:00,197693.48628554502,200764.9952532583,196390.421875,196390.421875,3687,0.0,0.0
2025-01-15 00:00:00+09:00,191178.15901785714,195831.96035714285,190619.70285714284,195459.65625,4137,0.0,0.0
2025-01-16 00:00:00+09:00,194528.88310185185,195366.56728745793,192667.36268939395,193505.046875,3577,0.0,0.0
2025-01-17 00:00:00+09:00,191922.7545244108,195366.56728745793,191736.60248316498,193505.046875,3076,0.0,0.0
2025-01-20 00:00:00+09:00,191178.15258765608,194249.66136827567,191085.07656400095,193784.28125,2408,0.0,0.0
2025-01-21 00:00:00+09:00,194063.51445895524,194994.27472014926,192760.45009328358,193318.90625,1714,0.0,0.0
2025-01-22 00:00:00+09:00,193411.99243116472,193970.44861720272,190992.015625,190992.015625,2986,0.0,0.0
2025-01-23 00:00:00+09:00,190992.0039541442,191457.38408073812,188851.25537181215,189782.015625,3245,0.0,0.0
2025-01-24 00:00:00+09:00,189130.49085365853,192760.45598323172,188478.95865091463,190805.859375,3510,0.0,0.0
2025-01-27 00:00:00+09:00,191364.30786704927,194621.96875,191364.30786704927,194621.96875,3360,0.0,0.0
2025-01-28 00:00:00+09:00,195366.57928927385,198717.31623754153,194249.66697318462,196111.1875,3731,0.0,0.0
2025-01-29 00:00:00+09:00,197693.47852687142,197972.70660388676,193691.20942298466,193970.4375,4034,0.0,0.0
2025-01-30 00:00:00+09:00,193411.97205917587,194994.26441962147,191829.67969873024,194249.65625,2951,0.0,0.0
2025-01-31 00:00:00+09:00,195459.66005067568,195459.66005067568,192853.53125,192853.53125,2228,0.0,0.0
2025-02-03 00:00:00+09:00,194063.52464820907,194808.13289625975,190805.86356298733,190992.015625,2182,0.0,0.0
2025-02-04 00:00:00+09:00,192481.2224877451,192853.52659313727,189502.78964460787,189875.09375,2290,0.0,0.0
2025-02-05 00:00:00+09:00,190805.86649126047,191085.09458856474,188199.73758308715,189037.421875,2737,0.0,0.0
2025-02-06 00:00:00+09:00,190247.40946176328,191085.09375,189502.80120555285,191085.09375,1929,0.0,0.0
2025-02-07 00:00:00+09:00,189968.17261020307,190805.8568598316,187455.11986131748,187920.5,3264,0.0,0.0
2025-02-10 00:00:00+09:00,188572.0458835465,189595.88226297343,188199.74174557306,189223.578125,2096,0.0,0.0
2025-02-12 00:00:00+09:00,189875.0925812008,191271.23296782727,187641.26796259842,189130.484375,1978,0.0,0.0
2025-02-13 00:00:00+09:00,189316.64914150024,192108.93010228933,188478.96485326352,191085.09375,2690,0.0,0.0
2025-02-14 00:00:00+09:00,192015.84375,193225.83210130877,191178.15950678624,192015.84375,1935,0.0,0.0
2025-02-17 00:00:00+09:00,193225.83956123432,194156.59986740598,192202.0032244455,193039.6875,1816,0.0,0.0
2025-02-18 00:00:00+09:00,194342.7423011639,194808.12243119543,191829.6895989937,191922.765625,1413,0.0,0.0
2025-02-19 00:00:00+09:00,191736.62273727983,192946.6111331947,189782.02609772503,190247.40625,1692,0.0,0.0
2025-02-20 00:00:00+09:00,189968.1592521499,190619.6914004914,189130.47506142507,189409.703125,1327,0.0,0.0
2025-02-21 00:00:00+09:00,189409.71338734566,189782.01749228395,188199.72504629628,188478.953125,1978,0.0,0.0
2025-02-25 00:00:00+09:00,189595.87694636677,190154.33313766684,188199.73646811667,188292.8125,1552,0.0,0.0
2025-02-26 00:00:00+09:00,189782.00931667484,189782.00931667484,187175.88069437622,189502.78125,3115,0.0,0.0
2025-02-27 00:00:00+09:00,189688.95326960544,191085.09375,188944.34501339504,191085.09375,2405,0.0,0.0
2025-02-28 00:00:00+09:00,190526.6184080828,192481.2148841794,188851.25,188851.25,2882,0.0,0.0
2025-03-03 00:00:00+09:00,191364.31439764937,192201.9986532811,189688.9458863859,190061.25,1322,0.0,0.0
2025-03-04 00:00:00+09:00,189688.94335840378,189782.01938556688,187175.890625,187175.890625,2085,0.0,0.0
2025-03-05 00:00:00+09:00,187175.89327531646,187827.42547468355,183825.15625,183825.15625,5379,0.0,0.0
2025-03-06 00:00:00+09:00,183918.23039215687,187455.1194381599,183918.23039215687,185128.21875,2387,0.0,0.0
2025-03-07 00:00:00+09:00,185407.437215478,185872.81732897068,183359.76471611028,184011.296875,2872,0.0,0.0
2025-03-10 00:00:00+09:00,184011.30830696205,184755.91653481012,183545.92816455697,183825.15625,1500,0.0,0.0
2025-03-11 00:00:00+09:00,183732.0711709734,185593.59164889614,183080.53900370045,185500.515625,2107,0.0,0.0
2025-03-12 00:00:00+09:00,184755.90808916793,184755.90808916793,182894.3876046423,183452.84375,2573,0.0,0.0
2025-03-13 00:00:00+09:00,183545.93043696636,185314.375,183452.854407333,185314.375,2549,0.0,0.0
2025-03-14 00:00:00+09:00,184662.83582089553,187455.1166044776,184476.68376865672,187082.8125,2447,0.0,0.0
2025-03-17 00:00:00+09:00,188385.88416001995,188385.88416001995,185872.83135749004,186710.515625,1407,0.0,0.0
2025-03-18 00:00:00+09:00,186710.51503609886,190154.328125,186338.21091837983,190154.328125,2300,0.0,0.0
2025-03-19 00:00:00+09:00,190154.31880040324,191271.23109879033,189409.7106014785,190433.546875,1456,0.0,0.0
2025-03-21 00:00:00+09:00,191364.30501222494,192760.4453698044,190340.46875,190340.46875,1924,0.0,0.0
2025-03-24 00:00:00+09:00,191271.2408420767,193784.29364146164,191271.2408420767,192946.609375,1479,0.0,0.0
2025-03-25 00:00:00+09:00,194063.51634452253,194715.0485336888,192015.84375,192015.84375,2345,0.0,0.0
2025-03-26 00:00:00+09:00,191271.2289883863,191643.53308374083,189595.86055929094,190340.46875,4274,0.0,0.0
2025-03-27 00:00:00+09:00,189968.1805496988,193132.765625,189968.1805496988,193132.765625,1804,0.0,0.0
2025-03-28 00:00:00+09:00,191643.55105986173,192667.3874181223,190526.63866903202,191829.703125,2403,0.0,0.0
2025-03-31 00:00:00+09:00,190898.93405432906,191271.23816755056,188665.109375,188665.109375,3378,0.0,0.0
2025-04-01 00:00:00+09:00,188478.95219457432,190154.3206585261,188292.80014302413,189130.484375,2085,0.0,0.0
2025-04-02 00:00:00+09:00,190526.6309019183,190526.6309019183,187268.96989480196,188013.578125,2407,0.0,0.0
2025-04-03 00:00:00+09:00,186152.05339444996,188013.57392839444,184290.53286050545,187827.421875,3812,0.0,0.0
2025-04-04 00:00:00+09:00,186152.05716080402,188013.57773241206,184104.38453203518,185221.296875,3187,0.0,0.0
2025-04-07 00:00:00+09:00,176844.44732745198,181777.4766476388,172562.95018162948,179357.5,5737,0.0,0.0
2025-04-08 00:00:00+09:00,183359.7815625,189409.72359375,183359.7815625,186152.0625,2900,0.0,0.0
2025-04-09 00:00:00+09:00,185221.30864178555,189782.03433196017,185221.30864178555,189223.578125,2829,0.0,0.0
2025-04-10 00:00:00+09:00,189968.178158635,191829.69876773484,188665.11373226516,190247.40625,2915,0.0,0.0
2025-04-11 00:00:00+09:00,188665.1042461245,189782.01655542568,187082.81180794784,189130.484375,1771,0.0,0.0
2025-04-14 00:00:00+09:00,190898.9427993086,192946.6155158297,189688.95437590976,191829.703125,2082,0.0,0.0
2025-04-15 00:00:00+09:00,192946.60285127736,193318.9069571168,190898.93026916057,191271.234375,1654,0.0,0.0
2025-04-16 00:00:00+09:00,192667.3747718978,192667.3747718978,190247.3980839416,191271.234375,1637,0.0,0.0
2025-04-17 00:00:00+09:00,190619.71150097466,192574.3081521077,190619.71150097466,190992.015625,1262,0.0,0.0
2025-04-18 00:00:00+09:00,192667.3897586042,195366.59473589866,191736.6294216061,194715.0625,1804,0.0,0.0
2025-04-21 00:00:00+09:00,195459.64661214955,200113.44772196264,195087.3425233645,199182.6875,2331,0.0,0.0
2025-04-22 00:00:00+09:00,200020.3875725058,201323.45198665894,198810.39918793505,200578.84375,2013,0.0,0.0
2025-04-23 00:00:00+09:00,201323.43539691257,201974.96755030064,199927.29506822387,201230.359375,1914,0.0,0.0
2025-04-24 00:00:00+09:00,202068.05482954546,202347.28291083916,198810.3938811189,199648.078125,1745,0.0,0.0
2025-04-25 00:00:00+09:00,198717.33047668514,201881.91559903047,198624.25444367496,201602.6875,6401,0.0,0.0
2025-04-28 00:00:00+09:00,201616.9432454503,204374.9108653173,199714.89661105926,203804.296875,3261,4615.0,0.0
2025-04-30 00:00:00+09:00,204089.60220286885,209130.02574282786,202853.27190061475,208844.71875,2469,0.0,0.0
2025-05-01 00:00:00+09:00,208749.61930171645,216072.4988854213,208749.61930171645,213314.53125,3185,0.0,0.0
2025-05-02 00:00:00+09:00,214455.75451766304,220637.40597826088,214455.75451766304,218735.359375,3856,0.0,0.0
2025-05-07 00:00:00+09:00,220352.09898777175,220352.09898777175,216452.90345108695,218735.359375,3139,0.0,0.0
2025-05-08 00:00:00+09:00,218735.36205414697,224156.1949398367,217118.62242157286,221303.125,4122,0.0,0.0
2025-05-09 00:00:00+09:00,221398.22516025644,223014.9647769765,220447.20185630344,222539.453125,2996,0.0,0.0
2025-05-12 00:00:00+09:00,225392.53604760906,227199.48042942534,224821.92203229867,226723.96875,2771,0.0,0.0
2025-05-13 00:00:00+09:00,226723.95722840034,227579.87820786997,221968.8406757913,222349.25,2841,0.0,0.0
2025-05-14 00:00:00+09:00,222444.35870345746,224917.01938164895,221778.6423670213,223490.484375,1984,0.0,0.0
2025-05-15 00:00:00+09:00,222634.55572033898,225963.1372881356,222254.14639830508,224441.5,2316,0.0,0.0
2025-05-16 00:00:00+09:00,223870.88295791033,225392.5202252538,222824.75733661168,224821.90625,1731,0.0,0.0
2025-05-19 00:00:00+09:00,224821.91150937366,224821.91150937366,220922.7159205901,223205.171875,2080,0.0,0.0
2025-05-20 00:00:00+09:00,224251.28890278962,225487.6191639161,222634.54933054728,223300.265625,2311,0.0,0.0
2025-05-21 00:00:00+09:00,223490.4828337585,225677.8364955357,223205.17583439624,223680.6875,1392,0.0,0.0
2025-05-22 00:00:00+09:00,225297.41789604485,225297.41789604485,223300.2689826565,224821.90625,1215,0.0,0.0
2025-05-23 00:00:00+09:00,224441.50771276598,225963.1450531915,223490.484375,223490.484375,1500,0.0,0.0
2025-05-26 00:00:00+09:00,224251.29929968287,226723.95993657506,223585.58297436574,224917.015625,1340,0.0,0.0
2025-05-27 00:00:00+09:00,224631.71736052854,226723.96875,224631.71736052854,226723.96875,1234,0.0,0.0
2025-05-28 00:00:00+09:00,226723.96974720265,230337.8585267302,226628.8674108993,229481.9375,1708,0.0,0.0
2025-05-29 00:00:00+09:00,230337.85124895483,230337.85124895483,226438.65558371655,227484.78125,2165,0.0,0.0
2025-05-30 00:00:00+09:00,228530.9067045215,228530.9067045215,225487.63204178962,225582.734375,2047,0.0,0.0
2025-06-02 00:00:00+09:00,225297.420607225,227484.7742053534,224346.39730369093,227389.671875,1760,0.0,0.0
2025-06-03 00:00:00+09:00,227770.0889200966,228626.00992230157,226058.2469156867,226438.65625,874,0.0,0.0
2025-06-04 00:00:00+09:00,226628.85629843947,228340.69826796188,226153.3446402388,227009.265625,1139,0.0,0.0
2025-06-05 00:00:00+09:00,226533.7594534519,227674.98746077408,225963.1454497908,227294.578125,1179,0.0,0.0
2025-06-06 00:00:00+09:00,226438.64883606386,229386.82108046452,226438.64883606386,229291.71875,1004,0.0,0.0
2025-06-09 00:00:00+09:00,229481.91696409963,230337.8379142351,227674.97273603585,228150.484375,1156,0.0,0.0
2025-06-10 00:00:00+09:00,229006.421875,229957.44522165696,228435.80786700582,229006.421875,1229,0.0,0.0
2025-06-11 00:00:00+09:00,229481.92456454918,232049.6875,229101.51524077868,232049.6875,1920,0.0,0.0
2025-06-12 00:00:00+09:00,232715.40381659835,233951.73411885244,231098.66419057376,232049.6875,2761,0.0,0.0
2025-06-13 00:00:00+09:00,231383.97118340162,233095.81314036885,231003.56185963115,232049.6875,3508,0.0,0.0
2025-06-16 00:00:00+09:00,232049.69987623763,234902.76995668316,230052.55081992573,230528.0625,2084,0.0,0.0
2025-06-17 00:00:00+09:00,234617.4606840882,241084.4194706784,233000.72098744067,240418.703125,3172,0.0,0.0
2025-06-18 00:00:00+09:00,241750.12164736737,242035.42863593626,238611.74477310965,240228.484375,3793,0.0,0.0
2025-06-19 00:00:00+09:00,240894.2075127144,241084.41217715398,238421.546875,238421.546875,1634,0.0,0.0
2025-06-20 00:00:00+09:00,238231.33179593374,238611.74110818273,234332.13634538153,236804.796875,3736,0.0,0.0
2025-06-23 00:00:00+09:00,234997.872292698,235663.588644802,230528.0625,230528.0625,1971,0.0,0.0
2025-06-24 00:00:00+09:00,230623.15559575122,233761.53255849754,229386.8252770936,231669.28125,2199,0.0,0.0
2025-06-25 00:00:00+09:00,232620.29994625307,234046.8349009521,231954.5836340602,232239.890625,1370,0.0,0.0
2025-06-26 00:00:00+09:00,231954.59288194444,232715.41155478393,229386.8298611111,231098.671875,2123,0.0,0.0
2025-06-27 00:00:00+09:00,230528.0625,232049.69987623763,229101.52745977722,230528.0625,1434,0.0,0.0
2025-06-30 00:00:00+09:00,229672.12101270747,230813.3489432054,228721.09773729256,229196.609375,1676,0.0,0.0
2025-07-01 00:00:00+09:00,228245.59375,229481.92404947916,225677.8308203125,228245.59375,2308,0.0,0.0
2025-07-02 00:00:00+09:00,228245.58609958508,230718.2466156639,226343.5395487552,229196.609375,1747,0.0,0.0
2025-07-03 00:00:00+09:00,229196.609375,231098.6559258299,229101.50704745852,229196.609375,1159,0.0,0.0
2025-07-04 00:00:00+09:00,229672.12346788374,231764.3746961626,228721.10018230244,229862.328125,1226,0.0,0.0
2025-07-07 00:00:00+09:00,229862.32690780034,233286.01071776345,229577.01992363675,231954.578125,1494,0.0,0.0
2025-07-08 00:00:00+09:00,231574.1706605881,231954.57997584165,228530.89613855985,228816.203125,1660,0.0,0.0
2025-07-09 00:00:00+09:00,232049.6868625051,237660.72437270504,231764.37987046104,233095.8125,4084,0.0,0.0
2025-07-10 00:00:00+09:00,234522.35079296716,235568.47644532833,232905.611148409,234617.453125,2786,0.0,0.0
2025-07-11 00:00:00+09:00,235092.96524730753,238421.546875,234712.5559184284,238421.546875,3382,0.0,0.0
2025-07-14 00:00:00+09:00,238516.63663603677,238992.1482720735,234997.85052936478,238041.125,2586,0.0,0.0
2025-07-15 00:00:00+09:00,239372.56711096177,240133.3857589108,236614.59951214655,238801.953125,2476,0.0,0.0
2025-07-16 00:00:00+09:00,239372.56825172243,242796.25218380906,238421.54493725396,241559.921875,2516,0.0,0.0
2025-07-17 00:00:00+09:00,242986.4559462663,242986.4559462663,240704.0,240704.0,2273,0.0,0.0
2025-07-18 00:00:00+09:00,240894.20466218886,242225.63729751087,240228.48834452787,240704.0,2872,0.0,0.0
2025-07-22 00:00:00+09:00,242891.34773104728,243366.859375,240894.19882644588,243366.859375,2314,0.0,0.0
2025-07-23 00:00:00+09:00,242986.45530094416,243366.86462431157,241084.408684107,241750.125,2105,0.0,0.0
2025-07-24 00:00:00+09:00,243081.5600725775,243081.5600725775,240989.30877304828,242415.84375,2086,0.0,0.0
2025-07-25 00:00:00+09:00,242510.94479288216,245459.11706291328,240894.20516092962,244508.09375,2418,0.0,0.0
2025-07-28 00:00:00+09:00,244508.10319527917,248312.1965938833,244508.10319527917,245268.921875,2769,0.0,0.0
2025-07-29 00:00:00+09:00,245364.00949091965,246505.2374420402,244603.19085683927,246124.828125,1564,0.0,0.0
2025-07-30 00:00:00+09:00,247266.07022200772,248407.298238417,244413.00018098456,246315.046875,8893,0.0,0.0
2025-07-31 00:00:00+09:00,245934.642459032,250689.75928925307,244508.1074099657,249548.53125,3295,0.0,0.0
2025-08-01 00:00:00+09:00,250689.74232331823,251640.765625,248407.28639928193,251640.765625,2619,0.0,0.0
2025-08-04 00:00:00+09:00,251545.66701705626,251545.66701705626,248217.0854119156,250214.234375,2528,0.0,0.0
2025-08-05 00:00:00+09:00,249263.20281862747,253447.70526960786,249072.9981617647,252211.375,2487,0.0,0.0
2025-08-06 00:00:00+09:00,251545.67380264628,255159.5625,251545.67380264628,255159.5625,1774,0.0,0.0
2025-08-07 00:00:00+09:00,255159.55545651566,257061.60208682885,254018.32747832773,255064.453125,2110,0.0,0.0
2025-08-08 00:00:00+09:00,255064.45377433544,255349.76076960875,252972.20247566453,254018.328125,2047,0.0,0.0
2025-08-12 00:00:00+09:00,255349.76142504698,255349.76142504698,252496.69146499058,252972.203125,2026,0.0,0.0
2025-08-13 00:00:00+09:00,252972.1911625709,254113.41909262762,250689.73530245747,251545.65625,1963,0.0,0.0
2025-08-14 00:00:00+09:00,251450.56339521296,252686.89369934978,250309.33542216357,252306.484375,1464,0.0,0.0
2025-08-15 00:00:00+09:00,252782.0024155722,253447.71875,251355.46741322702,253447.71875,1213,0.0,0.0
2025-08-18 00:00:00+09:00,253447.71234804936,253923.2240034866,252116.27971282508,252306.484375,1098,0.0,0.0
2025-08-19 00:00:00+09:00,252781.99692430504,253447.71324427123,251640.76894722015,253162.40625,1045,0.0,0.0
2025-08-20 00:00:00+09:00,252781.9877524308,254493.82965594615,252021.1691286462,254303.625,2314,0.0,0.0
2025-08-21 00:00:00+09:00,254303.6390835202,256586.09508127804,254018.33208380046,254493.84375,1201,0.0,0.0
2025-08-22 00:00:00+09:00,255349.77266381236,256205.69368950112,253923.23762099777,255444.875,935,0.0,0.0
2025-08-25 00:00:00+09:00,256681.20090108778,257917.53125,255825.27989030236,257917.53125,1241,0.0,0.0
2025-08-26 00:00:00+09:00,258202.82015365065,259439.1504158965,256966.4898914048,257251.796875,1236,0.0,0.0
2025-08-27 00:00:00+09:00,258963.6367032322,263338.34375,258488.12506771396,263338.34375,2533,0.0,0.0
2025-08-28 00:00:00+09:00,263338.35170025186,264669.7843198992,261816.71442065493,264289.375,1854,0.0,0.0
2025-08-29 00:00:00+09:00,264384.48525457154,266571.8389095554,263433.46192631766,265240.40625,4422,0.0,0.0
2025-09-01 00:00:00+09:00,265240.3958446068,265240.3958446068,262197.12131358223,263623.65625,2072,0.0,0.0
2025-09-02 00:00:00+09:00,261721.60291970804,263148.1378193431,260199.96569343065,260580.375,1934,0.0,0.0
2025-09-03 00:00:00+09:00,260580.37773840208,260865.68472132733,256205.67066688146,258297.921875,2912,0.0,0.0
2025-09-04 00:00:00+09:00,257727.3188946547,259344.05853347725,255159.5559388777,258868.546875,1706,0.0,0.0
2025-09-05 00:00:00+09:00,259344.05763914486,259724.46696461484,256300.7830353852,258012.625,1623,0.0,0.0
2025-09-08 00:00:00+09:00,259344.06782172507,260485.29584294278,257727.328125,257727.328125,1495,0.0,0.0
2025-09-09 00:00:00+09:00,256490.97977941178,258868.53799019608,256490.97977941178,257061.59375,1666,0.0,0.0
2025-09-10 00:00:00+09:00,256490.97977941178,257537.10539215687,256015.4681372549,257061.59375,1179,0.0,0.0
2025-09-11 00:00:00+09:00,256776.28311258278,259439.14827078735,256776.28311258278,258488.125,1458,0.0,0.0
2025-09-12 00:00:00+09:00,261436.32039461762,262387.34375,258583.25032847046,262387.34375,2640,0.0,0.0
2025-09-16 00:00:00+09:00,261341.1839033659,263908.9466273073,260580.36531849438,262767.71875,1574,0.0,0.0
2025-09-17 00:00:00+09:00,262767.7402650823,264194.2752285192,258488.1353747715,260104.875,1880,0.0,0.0
2025-09-18 00:00:00+09:00,260770.5808498896,261531.3994665195,258297.92034584252,258488.125,755,0.0,0.0
2025-09-19 00:00:00+09:00,258297.9348503161,260485.28849595573,255444.86487774266,255730.171875,3911,0.0,0.0
2025-09-22 00:00:00+09:00,255825.2829579025,259248.96704209747,255825.2829579025,257537.125,1655,0.0,0.0
2025-09-24 00:00:00+09:00,258678.34440753044,258773.44674003322,256776.29775747508,257632.21875,936,0.0,0.0
2025-09-25 00:00:00+09:00,257632.21786458333,259629.3668402778,255825.27355324075,256776.296875,1490,0.0,0.0
2025-09-26 00:00:00+09:00,256871.38787844038,259153.84375,256871.38787844038,259153.84375,1122,0.0,0.0
2025-09-29 00:00:00+09:00,259724.48170291542,259819.58403967958,255254.671875,255254.671875,1541,0.0,0.0
2025-09-30 00:00:00+09:00,255825.25552357966,258678.32528778317,253923.20901411067,256110.5625,2483,0.0,0.0
2025-10-01 00:00:00+09:00,257727.31996268657,257727.31996268657,252972.20335820896,254874.25,1754,0.0,0.0
2025-10-02 00:00:00+09:00,255635.06842105262,256395.88707706766,252686.89612899435,252972.203125,1322,0.0,0.0
2025-10-03 00:00:00+09:00,252496.69454183924,254684.0482045369,251450.5688770708,252591.796875,1058,0.0,0.0
2025-10-06 00:00:00+09:00,253542.80759803922,257061.59375,253067.29595588235,257061.59375,1171,0.0,0.0
2025-10-07 00:00:00+09:00,256586.0901812547,257061.6018383734,253162.40625,253162.40625,1107,0.0,0.0
2025-10-08 00:00:00+09:00,253162.405354787,254208.53099674894,252306.484375,252306.484375,832,0.0,0.0
2025-10-09 00:00:00+09:00,252306.4896623672,253067.30832701063,250309.3406676783,250689.75,1692,0.0,0.0
2025-10-10 00:00:00+09:00,250214.24760623096,250594.65695264863,248026.89386432926,249548.53125,1567,0.0,0.0
2025-10-14 00:00:00+09:00,246505.23408311093,249928.91788982082,246124.8247712543,249453.40625,1348,0.0,0.0
2025-10-15 00:00:00+09:00,249548.51780926847,250119.1317981616,248217.0851685178,248312.1875,1082,0.0,0.0
2025-10-16 00:00:00+09:00,248502.40161440437,249548.52730049638,248312.19694420582,249073.015625,879,0.0,0.0
2025-10-17 00:00:00+09:00,249073.00704317747,250024.03036140266,247266.0627385496,249168.109375,1263,0.0,0.0
2025-10-20 00:00:00+09:00,250119.1240819344,250119.1240819344,247836.66819677604,249263.203125,1053,0.0,0.0
2025-10-21 00:00:00+09:00,250119.13050702622,250499.53983099127,249168.10719711357,250404.4375,1047,0.0,0.0
2025-10-22 00:00:00+09:00,250689.75463403043,252306.49432628328,249928.9359553232,250119.140625,1454,0.0,0.0
2025-10-23 00:00:00+09:00,250119.14165334712,252972.2117102294,249168.11830105304,252877.109375,1273,0.0,0.0
2025-10-24 00:00:00+09:00,253352.6122159091,254208.533203125,251070.15625,251070.15625,1661,0.0,0.0
2025-10-27 00:00:00+09:00,254398.7392211324,256110.58120467645,253828.1252266177,255730.171875,1668,0.0,0.0
2025-10-28 00:00:00+09:00,255635.07174887895,255635.07174887895,251450.56908632288,254493.84375,2851,0.0,0.0
2025-10-29 00:00:00+09:00,252972.20199068796,254398.73696431966,250214.234375,250214.234375,6778,0.0,0.0
2025-10-30 00:00:00+09:00,249510.39443333013,254280.58925472427,248244.83254193983,252430.921875,2690,6077.0,0.0
2025-10-31 00:00:00+09:00,253112.37373737374,253599.1283022533,250191.84634809635,250581.25,1778,0.0,0.0
2025-11-04 00:00:00+09:00,250094.4934789973,253112.37175764615,248634.22979578012,251457.40625,2022,0.0,0.0
2025-11-05 00:00:00+09:00,251165.34899023734,254280.578125,249607.73442285604,254280.578125,1907,0.0,0.0
2025-11-06 00:00:00+09:00,254572.6452047414,255448.80344827587,253599.1360452586,254085.890625,1110,0.0,0.0
2025-11-07 00:00:00+09:00,253793.8274804838,255448.7929838088,252333.5638010794,252528.265625,1112,0.0,0.0
2025-11-10 00:00:00+09:00,254767.3450446258,256227.60877243223,253891.18680794197,254962.046875,1698,0.0,0.0
2025-11-11 00:00:00+09:00,256227.59638157894,258953.421875,255156.73636630637,258953.421875,1778,0.0,0.0
2025-11-12 00:00:00+09:00,258953.42903817224,260413.6927357559,258271.9726459665,258856.078125,1745,0.0,0.0
2025-11-13 00:00:00+09:00,258369.3288166856,258953.434307605,256617.01234392737,257298.46875,1128,0.0,0.0
2025-11-14 00:00:00+09:00,257006.41869996188,258077.27877787838,255351.453125,255351.453125,869,0.0,0.0
2025-11-17 00:00:00+09:00,255059.3906736003,255059.3906736003,249413.0377502916,250386.546875,2068,0.0,0.0
2025-11-18 00:00:00+09:00,250386.55158296943,250386.55158296943,244837.54946779477,245226.953125,2767,0.0,0.0
2025-11-19 00:00:00+09:00,244837.5449375,246200.4577125,243377.28125,243377.28125,1620,0.0,0.0
2025-11-20 00:00:00+09:00,246005.76383515875,246005.76383515875,241819.6744624196,242209.078125,1922,0.0,0.0
2025-11-21 00:00:00+09:00,241430.26425178148,245908.40625,241332.91333877674,245908.40625,1566,0.0,0.0
2025-11-25 00:00:00+09:00,246297.81311443177,248439.5332284703,246200.4622001573,247563.375,1831,0.0,0.0
2025-11-26 00:00:00+09:00,247563.37621642664,251457.41280653953,247271.32347216818,250094.5,2590,0.0,0.0
2025-11-27 00:00:00+09:00,250094.5019897461,250581.2565673828,248439.53642578126,249218.34375,1099,0.0,0.0
2025-11-28 00:00:00+09:00,248731.57943273784,249120.98307959927,246589.859375,246589.859375,1527,0.0,0.0
2025-12-01 00:00:00+09:00,247173.9655035686,249023.63283108643,245519.0,245519.0,1507,0.0,0.0
2025-12-02 00:00:00+09:00,245324.29752889596,246492.50846950975,243864.03385312873,244253.4375,1087,0.0,0.0
2025-12-03 00:00:00+09:00,244350.79037499998,244740.194025,241624.964825,243377.28125,1550,0.0,0.0
2025-12-04 00:00:00+09:00,242014.36913670148,243279.9310026617,240943.5090962736,242306.421875,1763,0.0,0.0
2025-12-05 00:00:00+09:00,243377.27667775092,243377.27667775092,241040.85482164452,241527.609375,1333,0.0,0.0
2025-12-08 00:00:00+09:00,241917.01758759088,241917.01758759088,238899.13929977786,241040.859375,1592,0.0,0.0
2025-12-09 00:00:00+09:00,239970.0083458835,242403.78125,239288.55193273092,242403.78125,2039,0.0,0.0
2025-12-10 00:00:00+09:00,242306.42057448733,242793.17513570565,240554.1041541013,242111.71875,1656,0.0,0.0
2025-12-11 00:00:00+09:00,242598.47464503042,243279.93103448275,238801.78904665314,239970.0,1333,0.0,0.0
2025-12-12 00:00:00+09:00,239969.99545784883,243182.575518745,239969.99545784883,242793.171875,3240,0.0,0.0
2025-12-15 00:00:00+09:00,242111.72067970622,243669.3352880196,242014.36976668664,243571.984375,1450,0.0,0.0
2025-12-16 00:00:00+09:00,243571.99094403133,244837.5528474176,241527.6217154843,242209.078125,2002,0.0,0.0
2025-12-17 00:00:00+09:00,242209.0736127987,242209.0736127987,238704.44071486432,240359.40625,2303,0.0,0.0
2025-12-18 00:00:00+09:00,241430.2693370166,247466.026070442,240748.81293162983,246687.21875,2983,0.0,0.0
2025-12-19 00:00:00+09:00,248147.47330729166,248926.28059895834,247076.61328125,247660.71875,2333,0.0,0.0
2025-12-22 00:00:00+09:00,247660.72729075764,249218.3419278064,245421.65625,245421.65625,1464,0.0,0.0
2025-12-23 00:00:00+09:00,245519.00768422594,249023.640625,244837.55127907544,249023.640625,2161,0.0,0.0
2025-12-24 00:00:00+09:00,248342.1848198658,252138.87051487746,248050.13207409566,250289.203125,2119,0.0,0.0
2025-12-25 00:00:00+09:00,251457.41451961437,256227.609375,250970.6599425342,256227.609375,2475,0.0,0.0
2025-12-26 00:00:00+09:00,256227.609375,256811.7148674962,255059.3983900076,256227.609375,2031,0.0,0.0
2025-12-29 00:00:00+09:00,256227.59765921152,257590.51041271797,254864.68490570507,256811.703125,1701,0.0,0.0
2025-12-30 00:00:00+09:00,257590.5090806853,257979.9127225306,254280.578125,254280.578125,1544,0.0,0.0
2026-01-05 00:00:00+09:00,254669.98371461805,255448.79100426522,248536.87630864675,251068.0,3444,0.0,0.0
2026-01-06 00:00:00+09:00,251360.06181305437,253501.78193694563,251165.35998360973,252430.921875,1221,0.0,0.0
2026-01-07 00:00:00+09:00,251360.05660693752,254280.58398811807,250386.54747987736,253988.53125,1746,0.0,0.0
2026-01-08 00:00:00+09:00,254475.2818982904,254962.03645433154,252138.8600292931,253404.421875,2342,0.0,0.0
2026-01-09 00:00:00+09:00,256130.2605689688,256130.2605689688,252917.68033378222,253015.03125,1758,0.0,0.0
2026-01-13 00:00:00+09:00,253112.3678392926,253307.06966070744,250581.24416089966,253209.71875,2061,0.0,0.0
2026-01-14 00:00:00+09:00,253209.73238146552,254767.34703663792,252625.62688577586,254085.890625,1592,0.0,0.0
2026-01-15 00:00:00+09:00,254085.8879515209,256032.90625,253209.7297172053,256032.90625,1704,0.0,0.0
2026-01-16 00:00:00+09:00,258466.68232905175,262068.66622591612,257006.4185870797,257687.875,3036,0.0,0.0
2026-01-19 00:00:00+09:00,258856.07752908085,259537.53391971777,254280.5846205187,255254.09375,1623,0.0,0.0
2026-01-20 00:00:00+09:00,256130.248046875,256130.248046875,252333.5625,252333.5625,1567,0.0,0.0
2026-01-21 00:00:00+09:00,252138.87060757756,252333.57243816255,247271.3248429525,247952.78125,2254,0.0,0.0
2026-01-22 00:00:00+09:00,249218.34047526296,252917.67521669265,249218.34047526296,249899.796875,1772,0.0,0.0
2026-01-23 00:00:00+09:00,250678.60087687644,252917.671875,250094.49539910507,252917.671875,1356,0.0,0.0
2026-01-26 00:00:00+09:00,251944.15687426555,252138.85869565216,248536.875,248536.875,1735,0.0,0.0
2026-01-27 00:00:00+09:00,249218.34444880346,249218.34444880346,246297.81697479406,248147.484375,1577,0.0,0.0
2026-01-28 00:00:00+09:00,249802.44140017495,250775.95052488334,248634.2304505249,250386.546875,2566,0.0,0.0
2026-01-29 00:00:00+09:00,248828.92711553324,251944.15625,246297.803443779,251944.15625,2900,0.0,0.0
2026-01-30 00:00:00+09:00,251749.46424571483,253696.48253067784,249899.796875,249899.796875,3903,0.0,0.0
2026-02-02 00:00:00+09:00,250775.95249707374,251554.75980296527,249218.33788529068,249510.390625,1401,0.0,0.0
2026-02-03 00:00:00+09:00,250289.2011446221,251165.359375,248828.93742732558,251165.359375,1529,0.0,0.0
2026-02-04 00:00:00+09:00,251457.40625,252041.51172328688,250094.4934789973,251457.40625,1204,0.0,0.0
2026-02-05 00:00:00+09:00,252138.86197715884,254280.58204028528,251068.0019455956,252528.265625,1858,0.0,0.0
2026-02-06 00:00:00+09:00,252528.2675894584,253793.82945478722,250678.60024782398,251652.109375,1848,0.0,0.0
2026-02-09 00:00:00+09:00,253112.36848455598,254962.03579271236,251749.45573117762,252138.859375,2362,0.0,0.0
2026-02-10 00:00:00+09:00,253404.4296546367,254767.34245339388,252528.27142686426,254572.640625,1971,0.0,0.0
2026-02-12 00:00:00+09:00,255059.3893120742,258953.42579012114,254085.88019256247,257201.109375,2807,0.0,0.0
2026-02-13 00:00:00+09:00,256422.30270156777,260803.09375,253112.37168719672,260803.09375,5971,0.0,0.0
2026-02-16 00:00:00+09:00,260900.4479322605,263236.8698540419,257590.51687640345,260121.640625,3028,0.0,0.0
2026-02-17 00:00:00+09:00,260024.29038660278,260024.29038660278,256130.25384019167,259050.78125,2124,0.0,0.0
2026-02-18 00:00:00+09:00,259732.2304889299,265378.58332564577,259342.82684501846,263820.96875,2832,0.0,0.0
2026-02-19 00:00:00+09:00,263139.5260783859,264405.087987013,261192.50775742115,262360.71875,1851,0.0,0.0
2026-02-20 00:00:00+09:00,263334.21091719274,265670.6327515782,262166.0,262166.0,2013,0.0,0.0
2026-02-24 00:00:00+09:00,264989.1731828194,266838.84044603526,264210.36591409694,265183.875,2659,0.0,0.0
2026-02-25 00:00:00+09:00,265281.25257649325,266060.0599235068,263918.3397192195,265670.65625,2306,0.0,0.0
2026-02-26 00:00:00+09:00,265767.99283687293,266936.20379439765,263139.51818244235,265865.34375,2395,0.0,0.0
2026-02-27 00:00:00+09:00,265670.62885005533,265670.62885005533,263528.9088666544,263918.3125,2270,0.0,0.0
2026-03-02 00:00:00+09:00,262847.4531938326,265573.2786343612,258077.25867290748,265183.875,3402,0.0,0.0
2026-03-03 00:00:00+09:00,263334.22276919824,263528.92459749343,259050.78254670484,259245.484375,2907,0.0,0.0
2026-03-04 00:00:00+09:00,256227.60692829455,258661.37979045542,249705.09565770347,251165.359375,4403,0.0,0.0
2026-03-05 00:00:00+09:00,256032.89453717755,259634.8782245827,255156.73634294386,256617.0,2619,0.0,0.0
2026-03-06 00:00:00+09:00,255740.84701216602,256617.00522423664,253696.47785066793,255059.390625,1934,0.0,0.0
2026-03-09 00:00:00+09:00,250289.203125,251554.7650233372,247758.07932832555,250289.203125,2693,0.0,0.0
2026-03-10 00:00:00+09:00,252236.21224210577,252236.21224210577,249510.3867142096,251262.703125,2041,0.0,0.0
2026-03-11 00:00:00+09:00,251262.71475808002,254280.59316083108,250289.20559590225,253015.03125,1866,0.0,0.0
2026-03-12 00:00:00+09:00,252820.32230808423,252917.67322156444,249315.68942279698,250775.953125,1555,0.0,0.0
2026-03-13 00:00:00+09:00,248828.93099469756,251262.70379394147,247855.421875,247855.421875,2934,0.0,0.0
2026-03-16 00:00:00+09:00,247271.31767593313,250873.3014373542,246395.15946369557,250386.546875,1531,0.0,0.0
2026-03-17 00:00:00+09:00,251360.06379402088,252820.32752636416,250386.5546391254,251554.765625,1096,0.0,0.0
2026-03-18 00:00:00+09:00,252528.27596982758,254085.890625,251165.36314655174,254085.890625,1197,0.0,0.0
2026-03-19 00:00:00+09:00,252236.22355200947,253015.03088061465,247076.625,247076.625,1795,0.0,0.0
2026-03-23 00:00:00+09:00,246297.81789658632,246297.81789658632,241430.2720883534,242403.78125,2131,0.0,0.0
2026-03-24 00:00:00+09:00,244837.54885150638,246492.51439046286,243961.390625,243961.390625,1979,0.0,0.0
2026-03-25 00:00:00+09:00,244837.55136395028,247271.3242403315,244837.55136395028,246687.21875,795,0.0,0.0
2026-03-26 00:00:00+09:00,246784.55857035928,246881.9094810379,242111.71485778442,243864.03125,1951,0.0,0.0
2026-03-27 00:00:00+09:00,245226.94596354166,245324.296875,243279.927734375,245324.296875,1477,0.0,0.0
2026-03-30 00:00:00+09:00,243085.22856341762,243085.22856341762,237925.6301998369,238704.4375,2299,0.0,0.0
2026-03-31 00:00:00+09:00,238704.4322572314,240651.45046487602,235199.79948347108,235589.203125,3534,0.0,0.0
2026-04-01 00:00:00+09:00,238996.4921216379,242501.125,238412.38664191085,242501.125,1833,0.0,0.0
2026-04-02 00:00:00+09:00,244350.78644997996,246395.15557964114,241235.55730002004,242793.171875,2667,0.0,0.0
2026-04-03 00:00:00+09:00,245129.59440438563,247758.0690068155,243864.03255877123,246395.15625,1844,0.0,0.0
2026-04-06 00:00:00+09:00,246297.81182359307,247758.07553005705,245226.95177218615,247368.671875,1194,0.0,0.0
2026-04-07 00:00:00+09:00,247466.02278876427,248926.28649522824,246784.5663924144,247368.671875,1055,0.0,0.0
2026-04-08 00:00:00+09:00,249997.13998271225,253404.421875,249120.98178183826,253404.421875,1889,0.0,0.0
2026-04-09 00:00:00+09:00,253696.4857657701,254280.59125870743,250775.9583010836,251554.765625,1634,0.0,0.0
2026-04-10 00:00:00+09:00,252041.5078034051,252138.85871410553,249802.4368572953,250873.296875,1487,0.0,0.0
2026-04-13 00:00:00+09:00,250970.64844353282,252138.859375,249607.73569015446,252138.859375,1342,0.0,0.0
2026-04-14 00:00:00+09:00,253307.077449292,254864.69206850365,253015.02470818983,254377.9375,1607,0.0,0.0
2026-04-15 00:00:00+09:00,254962.04037706018,255546.1458532963,253112.37303564584,253988.53125,1295,0.0,0.0
2026-04-16 00:00:00+09:00,255156.73958135222,255935.546875,253307.07225893877,255935.546875,1470,0.0,0.0
2026-04-17 00:00:00+09:00,255935.55550445392,256032.9064194423,251360.0625,251360.0625,1834,0.0,0.0
2026-04-20 00:00:00+09:00,251944.16730138837,252917.67644861166,251360.06181305437,252430.921875,987,0.0,0.0
2026-04-21 00:00:00+09:00,252430.92586771844,253307.08411407768,249705.10021237863,250678.609375,1412,0.0,0.0
2026-04-22 00:00:00+09:00,251846.81322247256,251944.16413597178,248439.53125,248439.53125,1433,0.0,0.0
2026-04-23 00:00:00+09:00,250386.5495199843,250386.5495199843,246881.91663401254,248439.53125,1932,0.0,0.0
2026-04-24 00:00:00+09:00,248536.88933261466,249510.39849568796,247466.02925323404,248342.1875,1535,0.0,0.0
2026-04-27 00:00:00+09:00,249705.08724311748,251554.75455602945,247952.7708414114,251068.0,6962,0.0,0.0
2026-04-28 00:00:00+09:00,252500.0,253200.0,251000.0,253000.0,4075,6832.0,0.0
2026-04-30 00:00:00+09:00,251000.0,253300.0,249600.0,252500.0,2442,0.0,0.0
2026-05-01 00:00:00+09:00,252500.0,252500.0,246000.0,246000.0,3690,0.0,0.0
2026-05-07 00:00:00+09:00,249900.0,251400.0,247500.0,250200.0,2168,0.0,0.0
2026-05-08 00:00:00+09:00,248900.0,249600.0,245200.0,246600.0,3400,0.0,0.0
2026-05-11 00:00:00+09:00,246100.0,247200.0,244800.0,245700.0,1802,0.0,0.0
2026-05-12 00:00:00+09:00,245500.0,246400.0,241500.0,243800.0,1707,0.0,0.0
2026-05-13 00:00:00+09:00,243800.0,243800.0,240600.0,242400.0,1764,0.0,0.0
2026-05-14 00:00:00+09:00,242000.0,242700.0,238600.0,239700.0,2494,0.0,0.0
2026-05-15 00:00:00+09:00,239700.0,241000.0,239000.0,240900.0,1953,0.0,0.0
2026-05-18 00:00:00+09:00,240900.0,242700.0,231100.0,240300.0,3069,0.0,0.0
2026-05-19 00:00:00+09:00,240400.0,241800.0,238800.0,240800.0,2283,0.0,0.0
2026-05-20 00:00:00+09:00,242200.0,242400.0,238200.0,239000.0,2269,0.0,0.0
2026-05-21 00:00:00+09:00,241300.0,244500.0,239800.0,244500.0,2137,0.0,0.0
2026-05-22 00:00:00+09:00,244500.0,244500.0,241200.0,242500.0,1911,0.0,0.0
2026-05-25 00:00:00+09:00,242500.0,245700.0,242500.0,245200.0,1579,0.0,0.0
2026-05-26 00:00:00+09:00,245600.0,247100.0,243600.0,243600.0,2886,0.0,0.0
2026-05-27 00:00:00+09:00,244400.0,245200.0,239700.0,241100.0,2518,0.0,0.0
2026-05-28 00:00:00+09:00,239400.0,242300.0,237700.0,242300.0,3441,0.0,0.0
2026-05-29 00:00:00+09:00,242200.0,243500.0,240300.0,240700.0,2972,0.0,0.0
2026-06-01 00:00:00+09:00,241000.0,241100.0,237500.0,238400.0,2028,0.0,0.0
2026-06-02 00:00:00+09:00,237700.0,237800.0,233100.0,234600.0,2897,0.0,0.0
2026-06-03 00:00:00+09:00,235900.0,240000.0,235400.0,238700.0,1776,0.0,0.0
2026-06-04 00:00:00+09:00,239200.0,239400.0,233000.0,233000.0,1479,0.0,0.0
2026-06-05 00:00:00+09:00,233500.0,235700.0,232500.0,234200.0,1502,0.0,0.0
2026-06-08 00:00:00+09:00,233000.0,234700.0,232000.0,234700.0,1399,0.0,0.0
2026-06-09 00:00:00+09:00,234600.0,235500.0,231400.0,233200.0,2140,0.0,0.0
2026-06-10 00:00:00+09:00,232900.0,232900.0,230200.0,232900.0,1906,0.0,0.0
2026-06-11 00:00:00+09:00,231300.0,234200.0,230100.0,234100.0,2331,0.0,0.0
2026-06-12 00:00:00+09:00,235600.0,239500.0,234600.0,237800.0,3793,0.0,0.0
2026-06-15 00:00:00+09:00,239600.0,241000.0,238400.0,238700.0,1533,0.0,0.0
2026-06-16 00:00:00+09:00,238200.0,238800.0,227300.0,232600.0,5642,0.0,0.0
2026-06-17 00:00:00+09:00,232500.0,233300.0,230400.0,231300.0,2130,0.0,0.0
2026-06-18 00:00:00+09:00,233500.0,235100.0,231600.0,233700.0,2457,0.0,0.0
2026-06-19 00:00:00+09:00,232900.0,233300.0,230000.0,231200.0,2866,0.0,0.0
2026-06-22 00:00:00+09:00,231200.0,233800.0,230100.0,232600.0,1892,0.0,0.0
2026-06-23 00:00:00+09:00,233800.0,235300.0,233300.0,235300.0,2895,0.0,0.0
2026-06-24 00:00:00+09:00,235300.0,239000.0,235000.0,238300.0,2606,0.0,0.0
2026-06-25 00:00:00+09:00,238300.0,239700.0,237000.0,237000.0,1887,0.0,0.0
2026-06-26 00:00:00+09:00,236900.0,237900.0,235100.0,237600.0,1840,0.0,0.0
2026-06-29 00:00:00+09:00,238800.0,240400.0,237500.0,238300.0,2517,0.0,0.0
2026-06-30 00:00:00+09:00,239500.0,242200.0,239000.0,239800.0,2791,0.0,0.0
2026-07-01 00:00:00+09:00,240900.0,240900.0,236700.0,237200.0,1308,0.0,0.0
2026-07-02 00:00:00+09:00,239000.0,240500.0,237500.0,239100.0,2197,0.0,0.0
2026-07-03 00:00:00+09:00,239900.0,242800.0,239600.0,242500.0,2099,0.0,0.0
2026-07-06 00:00:00+09:00,242400.0,245800.0,241600.0,243300.0,2192,0.0,0.0
2026-07-07 00:00:00+09:00,244600.0,244900.0,243100.0,244000.0,1209,0.0,0.0
2026-07-08 00:00:00+09:00,244600.0,245100.0,241900.0,241900.0,1397,0.0,0.0
2026-07-09 00:00:00+09:00,240100.0,241000.0,237800.0,238800.0,1890,0.0,0.0
2026-07-10 00:00:00+09:00,238000.0,240700.0,237900.0,238600.0,1139,0.0,0.0
2026-07-13 00:00:00+09:00,238600.0,239500.0,236000.0,236500.0,1226,0.0,0.0
2026-07-14 00:00:00+09:00,237500.0,241100.0,237100.0,241100.0,1510,0.0,0.0
2026-07-15 00:00:00+09:00,242200.0,244600.0,242200.0,243700.0,2026,0.0,0.0
2026-07-16 00:00:00+09:00,242500.0,243800.0,240700.0,241200.0,1409,0.0,0.0
2026-07-17 00:00:00+09:00,241300.0,242900.0,236300.0,237100.0,1892,0.0,0.0
2026-07-21 00:00:00+09:00,241200.0,246300.0,240200.0,244900.0,2867,0.0,0.0
2026-07-22 00:00:00+09:00,244800.0,246700.0,244300.0,245200.0,1518,0.0,0.0
2026-07-23 00:00:00+09:00,244300.0,245100.0,241700.0,242800.0,1591,0.0,0.0
2026-07-24 00:00:00+09:00,242500.0,244000.0,241600.0,243400.0,1461,0.0,0.0
2026-07-27 00:00:00+09:00,244700.0,247500.0,244300.0,246700.0,1030,0.0,0.0
2026-07-28 00:00:00+09:00,247700.0,249000.0,246300.0,247300.0,1013,0.0,0.0
2026-07-29 00:00:00+09:00,247800.0,249600.0,246300.0,249600.0,2009,0.0,0.0
2026-07-30 00:00:00+09:00,246000.0,247500.0,244200.0,247500.0,1835,0.0,0.0
2026-07-31 00:00:00+09:00,247600.0,247900.0,244000.0,244000.0,1634,0.0,0.0
2026-08-03 00:00:00+09:00,243000.0,243000.0,239400.0,241100.0,1961,0.0,0.0
2026-08-04 00:00:00+09:00,240200.0,241400.0,238000.0,238900.0,1340,0.0,0.0
2026-08-05 00:00:00+09:00,239800.0,239800.0,236500.0,239800.0,1762,0.0,0.0
2026-08-06 00:00:00+09:00,238000.0,239400.0,236000.0,236900.0,1566,0.0,0.0
2026-08-07 00:00:00+09:00,237100.0,238700.0,236200.0,237800.0,1225,0.0,0.0
2026-08-10 00:00:00+09:00,238500.0,238700.0,236800.0,238700.0,1020,0.0,0.0
2026-08-12 00:00:00+09:00,238800.0,240500.0,238700.0,240500.0,1554,0.0,0.0
2026-08-13 00:00:00+09:00,241000.0,242000.0,238700.0,238700.0,1349,0.0,0.0
2026-08-14 00:00:00+09:00,239600.0,242100.0,239100.0,242100.0,2198,0.0,0.0
2026-08-17 00:00:00+09:00,242200.0,243400.0,240800.0,241300.0,1659,0.0,0.0
2026-08-18 00:00:00+09:00,242500.0,242500.0,240100.0,241500.0,1325,0.0,0.0
2026-08-19 00:00:00+09:00,240200.0,240500.0,239100.0,239600.0,1343,0.0,0.0
2026-08-20 00:00:00+09:00,240500.0,241800.0,239600.0,241100.0,1304,0.0,0.0
2026-08-21 00:00:00+09:00,241100.0,241100.0,238500.0,239500.0,1383,0.0,0.0
2026-08-24 00:00:00+09:00,241700.0,243000.0,240400.0,243000.0,1232,0.0,0.0
2026-08-25 00:00:00+09:00,242300.0,243900.0,241200.0,241400.0,1445,0.0,0.0
2026-08-26 00:00:00+09:00,242500.0,244700.0,241800.0,244300.0,1185,0.0,0.0
2026-08-27 00:00:00+09:00,245000.0,246900.0,244500.0,246500.0,2449,0.0,0.0
2026-08-28 00:00:00+09:00,245900.0,246000.0,243100.0,243600.0,2014,0.0,0.0
2026-08-31 00:00:00+09:00,243600.0,243800.0,241600.0,243200.0,3022,0.0,0.0
2026-09-01 00:00:00+09:00,242000.0,242200.0,240700.0,242100.0,2575,0.0,0.0
2026-09-02 00:00:00+09:00,241300.0,243100.0,240000.0,241800.0,1861,0.0,0.0
2026-09-03 00:00:00+09:00,242300.0,242800.0,240100.0,240100.0,1866,0.0,0.0
2026-09-04 00:00:00+09:00,240200.0,242400.0,240200.0,240500.0,1884,0.0,0.0
2026-09-07 00:00:00+09:00,240500.0,241000.0,239400.0,239600.0,1589,0.0,0.0
2026-09-08 00:00:00+09:00,239700.0,239700.0,236600.0,236600.0,1874,0.0,0.0
2026-09-09 00:00:00+09:00,236800.0,237500.0,235200.0,235400.0,1839,0.0,0.0
2026-09-10 00:00:00+09:00,235500.0,235600.0,233900.0,235500.0,1209,0.0,0.0
2026-09-11 00:00:00+09:00,238700.0,238700.0,232400.0,232700.0,3013,0.0,0.0
2026-09-14 00:00:00+09:00,233400.0,236900.0,233400.0,236700.0,1440,0.0,0.0
2026-09-15 00:00:00+09:00,236000.0,237400.0,235600.0,236600.0,1340,0.0,0.0
2026-09-16 00:00:00+09:00,237400.0,238300.0,235900.0,237500.0,1107,0.0,0.0
2026-09-17 00:00:00+09:00,236200.0,237500.0,235400.0,236000.0,1257,0.0,0.0
2026-09-18 00:00:00+09:00,236200.0,237000.0,235200.0,236300.0,2645,0.0,0.0
