Date,Open,High,Low,Close,Volume,Dividends,Stock Splits
2021-10-11 00:00:00+09:00,74254.80925328581,74583.03125,73295.37563241432,74583.03125,1482,0.0,0.0
2021-10-12 00:00:00+09:00,74229.56843304863,74431.5516807627,73573.1184398261,73749.8515625,3411,0.0,0.0
2021-10-13 00:00:00+09:00,73497.36788827079,74835.51788880446,73497.36788827079,74759.7734375,3027,0.0,0.0
2021-10-14 00:00:00+09:00,74886.00560950775,75113.23894337092,74153.81128401577,74456.7890625,1941,0.0,0.0
2021-10-15 00:00:00+09:00,74911.25659302619,75214.234375,74355.79535356259,75214.234375,2064,0.0,0.0
2021-10-18 00:00:00+09:00,75239.47667343968,75996.92104962353,74608.27105410842,75719.1875,3264,0.0,0.0
2021-10-19 00:00:00+09:00,75264.7285196759,75996.92876938659,75062.7453046875,75744.4453125,2733,0.0,0.0
2021-10-20 00:00:00+09:00,75744.45108148892,75744.45108148892,74987.00657067404,75289.984375,1167,0.0,0.0
2021-10-21 00:00:00+09:00,75668.7017813356,76375.65191863781,75390.97411767949,75996.9296875,1572,0.0,0.0
2021-10-22 00:00:00+09:00,75744.44757257256,75996.9310369928,75113.24187028948,75668.703125,3087,0.0,0.0
2021-10-25 00:00:00+09:00,75542.47066063063,77006.85949097828,75542.47066063063,76501.8984375,2202,0.0,0.0
2021-10-26 00:00:00+09:00,76501.8984375,76880.62070699257,76249.41495199312,76501.8984375,1056,0.0,0.0
2021-10-27 00:00:00+09:00,75870.69009554542,77133.1015625,75870.69009554542,77133.1015625,1566,0.0,0.0
2021-10-28 00:00:00+09:00,77006.85254519871,77006.85254519871,75744.44706660035,76754.375,1731,0.0,0.0
2021-10-29 00:00:00+09:00,76375.65704934136,77385.5791218627,75996.93479276204,77133.1015625,2211,0.0,0.0
2021-11-01 00:00:00+09:00,77259.33861940299,77259.33861940299,75744.44962686568,76123.171875,1707,0.0,0.0
2021-11-02 00:00:00+09:00,76123.171875,76501.89412313433,75744.44962686568,76123.171875,1431,0.0,0.0
2021-11-04 00:00:00+09:00,76249.41833868611,76628.140625,75744.45726277948,76628.140625,1410,0.0,0.0
2021-11-05 00:00:00+09:00,76628.12596839425,77259.33163069907,75744.44277519517,76375.6484375,1992,0.0,0.0
2021-11-08 00:00:00+09:00,76249.40371303855,77006.84814037845,75996.92618228165,76880.609375,1905,0.0,0.0
2021-11-09 00:00:00+09:00,76628.13783457251,76754.38253710374,75289.98777750428,75416.2265625,1998,0.0,0.0
2021-11-10 00:00:00+09:00,75416.2265625,75744.45450453147,74961.75983547281,75416.2265625,1584,0.0,0.0
2021-11-11 00:00:00+09:00,75693.94425321928,76375.64420037708,75441.46081879755,75466.7109375,1011,0.0,0.0
2021-11-12 00:00:00+09:00,75491.972278853,75744.45577060021,75062.7556686648,75113.25,1020,0.0,0.0
2021-11-15 00:00:00+09:00,75138.48980865956,75996.92882871632,75037.49524231911,75239.484375,990,0.0,0.0
2021-11-16 00:00:00+09:00,75214.2341953125,75870.6840821759,75113.2396290509,75744.4453125,876,0.0,0.0
2021-11-17 00:00:00+09:00,75517.21772824446,75744.45108148892,75239.49004679074,75289.984375,1392,0.0,0.0
2021-11-18 00:00:00+09:00,75163.76132245135,75491.9834007892,74759.78885964728,75264.75,1401,0.0,0.0
2021-11-19 00:00:00+09:00,74987.00542758581,75289.98322729323,74608.28317795154,75088.0,1215,0.0,0.0
2021-11-22 00:00:00+09:00,75466.71765219909,76249.4063087384,75113.2396290509,75744.4453125,1332,0.0,0.0
2021-11-24 00:00:00+09:00,75744.45108148892,76375.65681301308,75264.73425212775,75289.984375,1692,0.0,0.0
2021-11-25 00:00:00+09:00,75870.6814993686,77006.84814037845,75744.44273399014,76880.609375,2238,0.0,0.0
2021-11-26 00:00:00+09:00,76501.8906898388,76628.12946103979,75214.23510397022,75996.9296875,1767,0.0,0.0
2021-11-29 00:00:00+09:00,75441.46337249853,75441.46337249853,73522.60222451518,74330.546875,3030,0.0,0.0
2021-11-30 00:00:00+09:00,75012.25497621488,75870.68812379528,74229.56036044676,74280.0546875,4896,0.0,0.0
2021-12-01 00:00:00+09:00,75289.97660760317,76123.16548354244,74507.28205466382,74785.015625,3999,0.0,0.0
2021-12-02 00:00:00+09:00,75416.22476002475,75996.93617570394,74431.546875,74431.546875,3549,0.0,0.0
2021-12-03 00:00:00+09:00,75214.24231117366,76501.8980204284,74911.26449723137,75188.9921875,3006,0.0,0.0
2021-12-06 00:00:00+09:00,75643.45307757403,75870.68642051486,74734.51970581064,75163.7421875,2034,0.0,0.0
2021-12-07 00:00:00+09:00,74810.26754563882,75542.4678511167,74810.26754563882,75289.984375,1104,0.0,0.0
2021-12-08 00:00:00+09:00,75315.23729893508,76501.8984375,75214.24272122525,76501.8984375,2166,0.0,0.0
2021-12-09 00:00:00+09:00,76501.8871202561,77511.81499534527,75643.44813055357,77385.5703125,3162,0.0,0.0
2021-12-10 00:00:00+09:00,77259.33502201166,77259.33502201166,76123.16833051149,77006.8515625,3153,0.0,0.0
2021-12-13 00:00:00+09:00,76880.6094168231,77133.09286525195,75870.6815406423,76375.6484375,1011,0.0,0.0
2021-12-14 00:00:00+09:00,75996.94103770028,76249.41861780996,75088.00754721962,75618.21875,1878,0.0,0.0
2021-12-15 00:00:00+09:00,75567.70538189131,75567.70538189131,75087.99451243613,75491.9609375,879,0.0,0.0
2021-12-16 00:00:00+09:00,75618.20550237197,75719.19414970925,75289.97760468906,75517.2109375,879,0.0,0.0
2021-12-17 00:00:00+09:00,75719.2056461648,76880.62260715921,75113.25,75113.25,5169,0.0,0.0
2021-12-20 00:00:00+09:00,75416.22476002475,75870.69147619001,74355.80242230579,74431.546875,2724,0.0,0.0
2021-12-21 00:00:00+09:00,74482.04338055234,75062.74884952707,74355.79868737973,74860.765625,1203,0.0,0.0
2021-12-22 00:00:00+09:00,74860.7706458974,75088.00400780649,74128.5703125,74128.5703125,1098,0.0,0.0
2021-12-23 00:00:00+09:00,74179.06225910106,75390.97338699632,74179.06225910106,75214.234375,1239,0.0,0.0
2021-12-24 00:00:00+09:00,75365.7232659869,75870.68426343167,75138.48992950656,75214.234375,1122,0.0,0.0
2021-12-27 00:00:00+09:00,74911.26019636085,75491.9656672318,74810.265625,74810.265625,804,0.0,0.0
2021-12-28 00:00:00+09:00,74987.00546031901,75668.70550995828,74835.51656039918,75567.7109375,1002,0.0,0.0
2021-12-29 00:00:00+09:00,75188.99593700719,76628.140625,75188.99593700719,76628.140625,807,0.0,0.0
2021-12-30 00:00:00+09:00,76249.40625,76880.61193296286,75996.9287108427,76249.40625,1482,0.0,0.0
2022-01-04 00:00:00+09:00,76880.61279151161,77764.29602350012,76501.89056101155,77006.8515625,1986,0.0,0.0
2022-01-05 00:00:00+09:00,76880.61545550685,77511.82116739052,75744.44872463729,75870.6875,3333,0.0,0.0
2022-01-06 00:00:00+09:00,75744.44439131596,75996.92784513191,75188.98315993474,75491.9609375,2181,0.0,0.0
2022-01-07 00:00:00+09:00,75188.9840164419,76628.12847627075,75188.9840164419,76249.40625,2064,0.0,0.0
2022-01-11 00:00:00+09:00,75870.69605237221,77638.06869434897,75870.69605237221,76628.140625,1761,0.0,0.0
2022-01-12 00:00:00+09:00,76754.36809745125,77511.8125,76501.88465742354,77511.8125,2118,0.0,0.0
2022-01-13 00:00:00+09:00,77133.09461754063,78143.01659912997,77133.09461754063,77890.5390625,2511,0.0,0.0
2022-01-14 00:00:00+09:00,77764.30127952078,78395.50701219513,77259.34024390244,77638.0625,2823,0.0,0.0
2022-01-17 00:00:00+09:00,78143.02353561834,78143.02353561834,76880.61798780489,77638.0625,1782,0.0,0.0
2022-01-18 00:00:00+09:00,77385.57035404841,78143.01478138831,76880.609375,76880.609375,1824,0.0,0.0
2022-01-19 00:00:00+09:00,76628.1369198986,77764.30372390468,73876.09238410748,74684.03125,4893,0.0,0.0
2022-01-20 00:00:00+09:00,74734.52294960665,75088.0009989915,72840.91167624216,72941.90625,6423,0.0,0.0
2022-01-21 00:00:00+09:00,72436.94847240389,73850.84298089378,70871.55913769975,73093.3984375,5676,0.0,0.0
2022-01-24 00:00:00+09:00,73194.39265122736,74229.56488286433,72386.44786394126,73648.859375,3522,0.0,0.0
2022-01-25 00:00:00+09:00,73598.3494054432,73598.3494054432,72032.96620284903,72664.171875,2622,0.0,0.0
2022-01-26 00:00:00+09:00,72462.20025364046,73850.85070086972,72361.21158232147,73598.3671875,2907,0.0,0.0
2022-01-27 00:00:00+09:00,74103.32362061464,74734.5234375,72361.20123774612,74734.5234375,4131,0.0,0.0
2022-01-28 00:00:00+09:00,74684.04796769765,75340.49807333284,73573.13103872963,74886.03125,3864,0.0,0.0
2022-01-31 00:00:00+09:00,75012.25115952906,76123.16772092145,74886.00647201677,75214.234375,3018,0.0,0.0
2022-02-01 00:00:00+09:00,76249.40525960144,77006.84970230453,75087.9943924798,75517.2109375,4989,0.0,0.0
2022-02-02 00:00:00+09:00,76123.1777949552,76249.41658163896,75289.98878426415,75643.4609375,2328,0.0,0.0
2022-02-03 00:00:00+09:00,75744.44525415059,76754.3731633842,75517.21191838814,76249.40625,1338,0.0,0.0
2022-02-04 00:00:00+09:00,76375.6612858583,76754.38356344514,75643.4609375,75643.4609375,1215,0.0,0.0
2022-02-07 00:00:00+09:00,75517.23714380787,75996.95409650479,74709.29809706174,74886.03125,2151,0.0,0.0
2022-02-08 00:00:00+09:00,74936.50390550122,75239.48167611977,73143.88148431836,73472.109375,2232,0.0,0.0
2022-02-09 00:00:00+09:00,73749.84321663305,74987.00452302632,73017.64884868421,74835.515625,5538,0.0,0.0
2022-02-10 00:00:00+09:00,75037.49267011516,76375.6484375,74583.02601346398,76375.6484375,4611,0.0,0.0
2022-02-14 00:00:00+09:00,74709.27510032439,75390.97512548523,73522.60814853963,73825.5859375,4233,0.0,0.0
2022-02-15 00:00:00+09:00,74027.57211190792,74052.81631495415,72285.4498951213,72613.671875,3615,0.0,0.0
2022-02-16 00:00:00+09:00,73169.13806958325,74633.53272947791,73169.13806958325,74280.0546875,3054,0.0,0.0
2022-02-17 00:00:00+09:00,74280.0443705961,75087.98899644133,74153.80561172903,74911.25,2142,0.0,0.0
2022-02-18 00:00:00+09:00,73926.5745497576,74381.04119657987,73396.36346179826,74330.546875,4200,0.0,0.0
2022-02-21 00:00:00+09:00,73977.08821093869,74280.06605469342,73598.36590624525,73901.34375,2520,0.0,0.0
2022-02-22 00:00:00+09:00,73775.09417317709,73775.09417317709,71982.47749877039,72714.671875,4602,0.0,0.0
2022-02-24 00:00:00+09:00,73345.88889695653,74254.82243543502,71881.49400134028,72840.921875,11655,0.0,0.0
2022-02-25 00:00:00+09:00,72847.6502029344,72925.36817752085,72044.56244163554,72821.7421875,5406,2442.0,0.0
2022-02-28 00:00:00+09:00,72795.83100884197,74065.2265625,72407.24115279526,74065.2265625,5388,0.0,0.0
2022-03-01 00:00:00+09:00,73935.70458295349,75075.56622849355,73935.70458295349,74868.3203125,3903,0.0,0.0
2022-03-02 00:00:00+09:00,74609.24689440994,75645.48845851544,74246.56507924525,75075.5546875,3765,0.0,0.0
2022-03-03 00:00:00+09:00,75308.72029479918,76241.33602600412,74868.32044563584,75464.15625,5844,0.0,0.0
2022-03-04 00:00:00+09:00,75464.1508039419,75593.67873335589,73857.9814066856,74920.125,4302,0.0,0.0
2022-03-07 00:00:00+09:00,74868.31742468057,75541.87117946708,74065.2296646421,74376.1015625,6723,0.0,0.0
2022-03-08 00:00:00+09:00,74376.10863743037,74790.60656457505,72614.50307257082,72925.375,3960,0.0,0.0
2022-03-09 00:00:00+09:00,72744.02421291356,74013.41982173109,72614.49627917506,72821.7421875,5052,0.0,0.0
2022-03-10 00:00:00+09:00,74117.03983781103,75438.24540752356,73883.8859137441,74194.7578125,7365,0.0,0.0
2022-03-11 00:00:00+09:00,75490.04903430592,75800.92088198087,73210.32012745102,73391.6640625,4587,0.0,0.0
2022-03-14 00:00:00+09:00,73521.20552116614,74142.94933107028,72951.27167151503,72977.1796875,4152,0.0,0.0
2022-03-15 00:00:00+09:00,73003.08126005507,73288.04512387057,71293.28593372935,71759.59375,6273,0.0,0.0
2022-03-16 00:00:00+09:00,71759.59452977704,72381.33829156077,71448.72264888517,71837.3125,7506,0.0,0.0
2022-03-17 00:00:00+09:00,72096.3667865285,72951.26444040716,71915.02890775903,72459.0546875,5445,0.0,0.0
2022-03-18 00:00:00+09:00,73132.6107727899,73650.72855598884,71267.37946721398,71915.03125,37398,0.0,0.0
2022-03-22 00:00:00+09:00,71966.84557398428,75567.78047578184,71578.25569507507,75490.0625,8988,0.0,0.0
2022-03-23 00:00:00+09:00,75567.77421815383,76422.67188096158,74635.15858599993,75645.4921875,5160,0.0,0.0
2022-03-24 00:00:00+09:00,75412.34137971164,76059.98710307719,74894.21751495927,75956.3671875,4164,0.0,0.0
2022-03-25 00:00:00+09:00,76111.80198719856,76111.80198719856,75308.71425911943,75438.2421875,2787,0.0,0.0
2022-03-28 00:00:00+09:00,75619.57583705358,76655.81733799962,75619.57583705358,76163.6015625,3057,0.0,0.0
2022-03-29 00:00:00+09:00,76344.9642494923,77847.5078125,76344.9642494923,77847.5078125,5187,0.0,0.0
2022-03-30 00:00:00+09:00,77977.04984368135,78495.1677388437,75930.47413945573,77070.3359375,2820,0.0,0.0
2022-03-31 00:00:00+09:00,77070.33172129771,77977.04557787646,76526.30583603746,77640.265625,3411,0.0,0.0
2022-04-01 00:00:00+09:00,77614.35387289013,77977.04182676137,76189.5282897524,77847.5078125,3777,0.0,0.0
2022-04-04 00:00:00+09:00,78236.09282203628,78236.09282203628,76319.0514622996,77562.5390625,3939,0.0,0.0
2022-04-05 00:00:00+09:00,77717.97797629332,77717.97797629332,76448.58231210818,77277.578125,2316,0.0,0.0
2022-04-06 00:00:00+09:00,77173.95501383234,77173.95501383234,76059.99526398003,76370.8671875,1629,0.0,0.0
2022-04-07 00:00:00+09:00,76604.01490773816,76604.01490773816,75360.52731466448,75749.1171875,2712,0.0,0.0
2022-04-08 00:00:00+09:00,75982.26146648759,76655.82120838288,74842.40000809585,74997.8359375,3351,0.0,0.0
2022-04-11 00:00:00+09:00,75127.3863765903,75826.84826859493,75023.7664404015,75697.3203125,1962,0.0,0.0
2022-04-12 00:00:00+09:00,76059.99027458893,76163.61626620367,75179.19059687264,75490.0625,2763,0.0,0.0
2022-04-13 00:00:00+09:00,75826.83678608465,75852.74480206748,74635.1651983443,75127.375,3024,0.0,0.0
2022-04-14 00:00:00+09:00,75334.6171875,75723.20701812377,74453.8115475141,75334.6171875,3033,0.0,0.0
2022-04-15 00:00:00+09:00,75256.90829998105,75256.90829998105,73935.70271647681,74272.4765625,4161,0.0,0.0
2022-04-18 00:00:00+09:00,74272.474585538,74505.62850583273,73728.44877151697,74479.7265625,3747,0.0,0.0
2022-04-19 00:00:00+09:00,74246.5663781192,74402.00231186842,72925.36094125076,73080.796875,5262,0.0,0.0
2022-04-20 00:00:00+09:00,73288.05189096369,73365.76986751826,71707.7843437817,72018.65625,5388,0.0,0.0
2022-04-21 00:00:00+09:00,71992.7524824835,72925.36817752085,71992.7524824835,72821.7421875,2835,0.0,0.0
2022-04-22 00:00:00+09:00,72925.3742310378,73003.09221207559,71966.85044099922,72847.65625,2511,0.0,0.0
2022-04-25 00:00:00+09:00,72044.5583966891,72355.43027758096,71526.44061910814,71837.3125,2823,0.0,0.0
2022-04-26 00:00:00+09:00,71552.34979590069,72562.68351095227,71422.82185633823,71578.2578125,4602,0.0,0.0
2022-04-27 00:00:00+09:00,71552.34669587812,71811.40863549618,70930.6028981682,71267.3828125,2685,0.0,0.0
2022-04-28 00:00:00+09:00,71733.68535840689,72433.14707912807,71293.28555815454,71319.1875,6342,0.0,0.0
2022-05-02 00:00:00+09:00,72096.36441870572,72096.36441870572,71060.12892009012,71448.71875,4188,0.0,0.0
2022-05-06 00:00:00+09:00,71448.72365474705,71578.25158303669,70593.8259702591,70956.5078125,4467,0.0,0.0
2022-05-09 00:00:00+09:00,70930.60196317574,71060.13596713566,70153.42222628296,70593.828125,3459,0.0,0.0
2022-05-10 00:00:00+09:00,70490.19687671892,71345.09452351485,69972.07911468741,70645.6328125,3912,0.0,0.0
2022-05-11 00:00:00+09:00,70619.72854450598,70671.5445736585,69117.18513341466,69661.2109375,5019,0.0,0.0
2022-05-12 00:00:00+09:00,69428.0625,69842.55433562801,68288.19477273038,69428.0625,3609,0.0,0.0
2022-05-13 00:00:00+09:00,69428.05276426846,70593.8222729686,69168.99084954082,70386.5703125,3003,0.0,0.0
2022-05-16 00:00:00+09:00,70619.72323220452,71293.28298678665,69972.07756196582,70490.1953125,2514,0.0,0.0
2022-05-17 00:00:00+09:00,70904.70095440814,71396.91074645064,70334.76711593512,71267.3828125,1515,0.0,0.0
2022-05-18 00:00:00+09:00,71578.25366982009,72148.1875,71371.00776417133,72148.1875,1773,0.0,0.0
2022-05-19 00:00:00+09:00,71396.91713582483,72148.1950064347,71371.01518974677,71707.7890625,1107,0.0,0.0
2022-05-20 00:00:00+09:00,72044.5556677776,72277.70956961508,71396.90391654591,71940.9296875,2427,0.0,0.0
2022-05-23 00:00:00+09:00,71915.03478106562,72251.80862440828,71759.59883130231,71863.21875,1914,0.0,0.0
2022-05-24 00:00:00+09:00,72018.6544845446,72433.15237324702,71474.62866199875,72044.5625,2412,0.0,0.0
2022-05-25 00:00:00+09:00,72044.56558807734,72381.3455165659,71681.8837147399,72355.4375,2229,0.0,0.0
2022-05-26 00:00:00+09:00,72070.46291878939,72847.64258336398,72070.46291878939,72640.390625,1467,0.0,0.0
2022-05-27 00:00:00+09:00,72640.39806575322,72899.46000438655,71552.3464238967,72225.90625,3303,0.0,0.0
2022-05-30 00:00:00+09:00,72744.02575878594,73028.98964775306,72407.2458378489,72977.1796875,2100,0.0,0.0
2022-05-31 00:00:00+09:00,72692.21951978345,72899.46544312185,72044.56766073982,72769.9375,4476,0.0,0.0
2022-06-01 00:00:00+09:00,72303.62051069464,72614.49239240066,72122.276555794,72433.1484375,2088,0.0,0.0
2022-06-02 00:00:00+09:00,72744.02130932188,72744.02130932188,71940.9335800784,72329.5234375,2166,0.0,0.0
2022-06-03 00:00:00+09:00,72588.59375,72899.46567184154,72303.629845551,72588.59375,2589,0.0,0.0
2022-06-06 00:00:00+09:00,72873.55865765139,72873.55865765139,72070.47689631673,72484.96875,2562,0.0,0.0
2022-06-07 00:00:00+09:00,72640.38882068927,72640.38882068927,71837.30723505397,71889.1171875,1947,0.0,0.0
2022-06-08 00:00:00+09:00,72018.64689334032,72666.29863772453,71837.309019417,72640.390625,1980,0.0,0.0
2022-06-09 00:00:00+09:00,72640.40139535676,72640.40139535676,72096.3755494921,72355.4375,1500,0.0,0.0
2022-06-10 00:00:00+09:00,72355.43127031419,72433.14924160346,71655.96952871072,71733.6875,2682,0.0,0.0
2022-06-13 00:00:00+09:00,71733.6802321958,71733.6802321958,70904.69064633935,71215.5625,1734,0.0,0.0
2022-06-14 00:00:00+09:00,70982.429584434,70982.429584434,69376.2538180993,69764.84375,4011,0.0,0.0
2022-06-15 00:00:00+09:00,69661.21344485761,69997.98728788776,67459.20213468169,67562.828125,5487,0.0,0.0
2022-06-16 00:00:00+09:00,68547.25869395756,69713.02839963711,68547.25869395756,69220.8125,4248,0.0,0.0
2022-06-17 00:00:00+09:00,68469.53414756486,69272.6218917029,67536.91847245615,68961.75,3942,0.0,0.0
2022-06-20 00:00:00+09:00,69039.4790225503,69246.72495961597,67847.80122305806,68495.453125,2829,0.0,0.0
2022-06-21 00:00:00+09:00,68935.84281203027,68935.84281203027,67899.60113668494,68262.2890625,2886,0.0,0.0
2022-06-22 00:00:00+09:00,69168.99780132642,69168.99780132642,67277.85838435084,67381.484375,5022,0.0,0.0
2022-06-23 00:00:00+09:00,67536.92584454572,68573.1676205734,66733.83801274547,67148.3359375,7308,0.0,0.0
2022-06-24 00:00:00+09:00,67200.14613253003,67536.92607703476,66785.65427806597,66966.9921875,5163,0.0,0.0
2022-06-27 00:00:00+09:00,67873.70039333498,68314.10022907835,67562.8284924063,67977.3203125,3591,0.0,0.0
2022-06-28 00:00:00+09:00,67718.26707348514,69013.5646871001,67718.26707348514,68650.8828125,3981,0.0,0.0
2022-06-29 00:00:00+09:00,69013.56840753803,69842.55819633539,68702.69647777434,69816.65625,4104,0.0,0.0
2022-06-30 00:00:00+09:00,69687.11210121335,70101.60997121621,69428.05624521349,69583.4921875,3606,0.0,0.0
2022-07-01 00:00:00+09:00,69428.05967783947,69687.11554664742,67718.26422815303,68158.6640625,3861,0.0,0.0
2022-07-04 00:00:00+09:00,68599.04924982494,68832.203125,68029.12160276288,68832.203125,2019,0.0,0.0
2022-07-05 00:00:00+09:00,68132.76241897458,68728.6043307353,67977.3264544661,68599.0703125,2400,0.0,0.0
2022-07-06 00:00:00+09:00,68443.62700549615,68728.59695766892,67485.109375,67485.109375,3747,0.0,0.0
2022-07-07 00:00:00+09:00,67562.8353522145,68832.2250287461,67562.8353522145,68676.7890625,1899,0.0,0.0
2022-07-08 00:00:00+09:00,68987.65277069669,69117.1867749378,68262.2890625,68262.2890625,2733,0.0,0.0
2022-07-11 00:00:00+09:00,68599.05395153441,69583.48553977808,68599.05395153441,69298.515625,1653,0.0,0.0
2022-07-12 00:00:00+09:00,69557.59475118876,69661.22075237754,69194.9128546042,69453.96875,1248,0.0,0.0
2022-07-13 00:00:00+09:00,69661.20645388869,70257.04217706014,69635.29844097995,69790.734375,1482,0.0,0.0
2022-07-14 00:00:00+09:00,69790.73730459323,69790.73730459323,69246.7115126866,69505.7734375,1419,0.0,0.0
2022-07-15 00:00:00+09:00,69816.65494150456,70049.80888445758,69479.875,69479.875,2238,0.0,0.0
2022-07-19 00:00:00+09:00,70101.62246609126,70412.49440607392,69842.56049219985,70049.8125,1740,0.0,0.0
2022-07-20 00:00:00+09:00,70101.60466657366,70231.13258477212,69298.51700162479,69635.296875,2673,0.0,0.0
2022-07-21 00:00:00+09:00,70334.75605109893,70645.62790104853,70075.69415223565,70360.6640625,3498,0.0,0.0
2022-07-22 00:00:00+09:00,70516.10979821166,70567.91975650618,70023.89394340536,70153.421875,2331,0.0,0.0
2022-07-25 00:00:00+09:00,70334.77112493072,70567.92506236142,69946.18122921286,70101.6171875,2310,0.0,0.0
2022-07-26 00:00:00+09:00,70464.28396467265,70464.28396467265,70127.5101750378,70360.6640625,1482,0.0,0.0
2022-07-27 00:00:00+09:00,70412.48416248611,70878.79200462179,70386.57614735079,70593.828125,2679,0.0,0.0
2022-07-28 00:00:00+09:00,70904.70271153918,71241.4765625,70542.01477274256,71241.4765625,1611,0.0,0.0
2022-07-29 00:00:00+09:00,71008.32722748087,71863.22502583759,70982.42528140282,71707.7890625,4071,0.0,0.0
2022-08-01 00:00:00+09:00,72044.5639035206,72044.5639035206,71293.29215784618,71604.1640625,2775,0.0,0.0
2022-08-02 00:00:00+09:00,71630.05602967908,71630.05602967908,70904.69240099778,71189.65625,2541,0.0,0.0
2022-08-03 00:00:00+09:00,71319.18905866494,71552.34297066754,70930.5992053273,71474.625,3498,0.0,0.0
2022-08-04 00:00:00+09:00,71681.86834346558,72018.64212802022,71241.46251486994,71396.8984375,2298,0.0,0.0
2022-08-05 00:00:00+09:00,71655.97091161057,71655.97091161057,71241.47303282947,71293.2890625,2757,0.0,0.0
2022-08-08 00:00:00+09:00,71163.76362480775,71500.54357133213,71163.76362480775,71371.015625,3111,0.0,0.0
2022-08-09 00:00:00+09:00,71396.90134585787,71526.43533446998,70982.40958310386,71111.9375,2310,0.0,0.0
2022-08-10 00:00:00+09:00,71086.0412453251,71163.75922266027,70619.73338131412,70723.359375,2427,0.0,0.0
2022-08-12 00:00:00+09:00,70956.51330700549,71034.23128434065,70697.45135864928,70723.359375,2100,0.0,0.0
2022-08-15 00:00:00+09:00,70852.87968618587,71371.00352712355,70826.97774434042,71319.1875,3528,0.0,0.0
2022-08-16 00:00:00+09:00,71371.0144241943,71630.0703125,71215.57846252399,71630.0703125,1677,0.0,0.0
2022-08-17 00:00:00+09:00,71630.06644569858,71785.502398978,71241.4765625,71241.4765625,1437,0.0,0.0
2022-08-18 00:00:00+09:00,71371.00488227497,71733.68672044469,71060.13300049622,71655.96875,1530,0.0,0.0
2022-08-19 00:00:00+09:00,71837.31835251726,72122.28224264507,71733.6923598722,72018.65625,2184,0.0,0.0
2022-08-22 00:00:00+09:00,72018.66021667581,72044.56823419327,71630.0703125,71630.0703125,1866,0.0,0.0
2022-08-23 00:00:00+09:00,71940.94499084917,71966.85300935879,71526.453125,71526.453125,1710,0.0,0.0
2022-08-24 00:00:00+09:00,71811.41441417432,71837.32243173599,70852.890625,70852.890625,3021,0.0,0.0
2022-08-25 00:00:00+09:00,71526.44630494027,71707.78420206462,71086.04039085678,71422.8203125,2751,0.0,0.0
2022-08-26 00:00:00+09:00,71422.81385878797,71759.59375,71293.28593372935,71759.59375,1725,0.0,0.0
2022-08-29 00:00:00+09:00,71552.34824926266,71733.69221810393,70982.42047013342,71422.8203125,6378,0.0,0.0
2022-08-30 00:00:00+09:00,71507.91265918482,72039.765625,71215.38823021163,72039.765625,4422,2373.3333,0.0
2022-08-31 00:00:00+09:00,72305.6974736096,72491.84258946376,72066.36269664584,72252.5078125,4065,0.0,0.0
2022-09-01 00:00:00+09:00,72199.33554556857,72199.33554556857,71428.14766702404,71561.109375,1863,0.0,0.0
2022-09-02 00:00:00+09:00,71906.806439538,72279.10290527344,71481.3203125,71481.3203125,1833,0.0,0.0
2022-09-05 00:00:00+09:00,71507.92219475872,71853.62386393354,71295.17599392193,71614.2890625,2310,0.0,0.0
2022-09-06 00:00:00+09:00,71880.2180429084,72279.109375,71800.43977649006,72279.109375,1647,0.0,0.0
2022-09-07 00:00:00+09:00,71959.99326940831,72332.28975274062,71827.03157522036,71933.3984375,1890,0.0,0.0
2022-09-08 00:00:00+09:00,72066.35745680849,72225.91396318321,71800.42786862527,71959.984375,2007,0.0,0.0
2022-09-09 00:00:00+09:00,72092.9602648203,72810.96468505057,72039.77682976973,72757.78125,2220,0.0,0.0
2022-09-12 00:00:00+09:00,72598.21989663198,73023.70604684518,72571.62506453214,72837.5546875,1518,0.0,0.0
2022-09-13 00:00:00+09:00,72917.33707061068,73263.0449767321,72837.55880248091,73156.671875,2052,0.0,0.0
2022-09-14 00:00:00+09:00,72864.14052765026,72917.32395260989,72385.47100498543,72598.2109375,1518,0.0,0.0
2022-09-15 00:00:00+09:00,72810.95195239026,72810.95195239026,72412.06067757316,72571.6171875,1533,0.0,0.0
2022-09-16 00:00:00+09:00,72412.05886314235,72784.36153209362,72252.50235721351,72731.171875,5772,0.0,0.0
2022-09-20 00:00:00+09:00,72757.77520558867,72837.5534678755,71747.2526275144,72332.2890625,2625,0.0,0.0
2022-09-21 00:00:00+09:00,72332.29243022186,72358.88726311462,71614.2880362108,71906.8125,1539,0.0,0.0
2022-09-22 00:00:00+09:00,71640.8783901489,72252.50964702707,71162.20882406771,72092.953125,2052,0.0,0.0
2022-09-26 00:00:00+09:00,71773.8294798089,71959.9808055711,71162.19831326988,71241.9765625,2934,0.0,0.0
2022-09-27 00:00:00+09:00,71135.61827411826,71614.28786900805,70231.46875,70231.46875,3636,0.0,0.0
2022-09-28 00:00:00+09:00,70550.58313791764,70577.17173857051,68290.19681982695,68901.828125,4926,0.0,0.0
2022-09-29 00:00:00+09:00,70231.45591209839,71135.6052709434,69673.00815347463,69779.375,2793,0.0,0.0
2022-09-30 00:00:00+09:00,69194.3387506319,70125.0829388525,68502.92308379292,70045.3046875,5652,0.0,0.0
2022-10-03 00:00:00+09:00,69726.20432227955,70444.20871461423,69220.9398945591,70231.46875,4089,0.0,0.0
2022-10-04 00:00:00+09:00,70843.09902234636,71481.3251396648,70523.98596368714,71401.546875,4092,0.0,0.0
2022-10-05 00:00:00+09:00,71188.79817370542,71614.2780445642,70391.015625,70391.015625,2295,0.0,0.0
2022-10-06 00:00:00+09:00,70577.16298246947,70922.87084216102,70178.2716953932,70603.7578125,2991,0.0,0.0
2022-10-07 00:00:00+09:00,69805.97723599138,70337.83022308772,69380.4911067084,69407.0859375,2877,0.0,0.0
2022-10-11 00:00:00+09:00,69407.09038134248,69433.68521383684,68795.45909538772,68955.015625,3063,0.0,0.0
2022-10-12 00:00:00+09:00,69008.19456154431,69513.4589499584,68981.59973078256,69141.15625,2520,0.0,0.0
2022-10-13 00:00:00+09:00,69061.37574663587,69167.74883355034,68795.45237836413,68928.4140625,2538,0.0,0.0
2022-10-14 00:00:00+09:00,69061.38428497492,69460.27561937539,68502.93641681426,68529.53125,3039,0.0,0.0
2022-10-17 00:00:00+09:00,68423.15886238044,68556.1267970165,67625.37618527272,68130.640625,2937,0.0,0.0
2022-10-18 00:00:00+09:00,67572.18302234766,67598.77785198133,64088.53457809313,64274.6796875,10272,0.0,0.0
2022-10-19 00:00:00+09:00,64753.36330768691,65099.071237405544,63290.76578059237,63343.94921875,4869,0.0,0.0
2022-10-20 00:00:00+09:00,63051.42639401294,63157.79326262566,62040.89751345187,62120.67578125,6618,0.0,0.0
2022-10-21 00:00:00+09:00,62333.4112351558,62599.33459350938,61934.51996494933,62306.81640625,3183,0.0,0.0
2022-10-24 00:00:00+09:00,62492.96812894041,62705.70806347151,61509.034245466326,61588.8125,3678,0.0,0.0
2022-10-25 00:00:00+09:00,61721.7890625,61961.12388381001,61588.827350442545,61721.7890625,3909,0.0,0.0
2022-10-26 00:00:00+09:00,62147.270940716735,64115.1328125,61721.784766002565,64115.1328125,4968,0.0,0.0
2022-10-27 00:00:00+09:00,64115.13470750816,64354.46951923176,63237.573731188284,64221.5078125,4464,0.0,0.0
2022-10-28 00:00:00+09:00,64168.3157321127,64992.68692854542,63822.607861968194,64567.20703125,3396,0.0,0.0
2022-10-31 00:00:00+09:00,64992.69468169688,66215.96355587045,64912.91641235245,65923.4453125,6513,0.0,0.0
2022-11-01 00:00:00+09:00,66029.80779967911,66668.03391206481,65232.02515919697,66641.4453125,4890,0.0,0.0
2022-11-02 00:00:00+09:00,66641.44244914608,67066.92235067056,65205.4337579786,65258.6171875,5292,0.0,0.0
2022-11-04 00:00:00+09:00,64354.45340386278,65604.31681832993,64301.26998102352,64673.56640625,3594,0.0,0.0
2022-11-07 00:00:00+09:00,64992.69406982963,65364.99681171679,64673.5809954562,64966.10546875,2142,0.0,0.0
2022-11-08 00:00:00+09:00,65019.275897844345,66003.20975790617,65019.275897844345,65763.875,1998,0.0,0.0
2022-11-09 00:00:00+09:00,65763.88611749992,66215.96088129916,65657.51301844484,65950.03125,2331,0.0,0.0
2022-11-10 00:00:00+09:00,65950.03386816793,66003.22353614557,65471.36425243281,65657.515625,1338,0.0,0.0
2022-11-11 00:00:00+09:00,65976.62613893073,66721.22536759416,65870.25303978537,66215.9609375,1992,0.0,0.0
2022-11-14 00:00:00+09:00,66029.8058914461,66295.73550814718,64886.32162825249,65178.83984375,1872,0.0,0.0
2022-11-15 00:00:00+09:00,64966.10521159459,65258.62345105328,64327.87906537402,64381.0625,2307,0.0,0.0
2022-11-16 00:00:00+09:00,64726.76953125,65099.066033950476,64460.839896362726,64726.76953125,1662,0.0,0.0
2022-11-17 00:00:00+09:00,64753.36273170935,65497.962022681066,64753.36273170935,65471.3671875,1566,0.0,0.0
2022-11-18 00:00:00+09:00,65285.21614512794,65577.734375,65205.437879464924,65577.734375,1314,0.0,0.0
2022-11-21 00:00:00+09:00,66003.21244213823,66614.84365965817,65923.4341862584,66348.9140625,2208,0.0,0.0
2022-11-22 00:00:00+09:00,66561.65677956126,66588.24537502408,65790.46285762094,65896.8359375,1698,0.0,0.0
2022-11-24 00:00:00+09:00,66162.76904362661,66827.58368840932,65976.61770209581,66614.84375,2568,0.0,0.0
2022-11-25 00:00:00+09:00,66987.14429345062,67040.33395581014,66508.47472827468,66668.03125,2340,0.0,0.0
2022-11-28 00:00:00+09:00,67253.07081742068,67917.89170495792,67253.07081742068,67891.296875,3771,0.0,0.0
2022-11-29 00:00:00+09:00,67891.29794644959,69779.38131902704,67891.29794644959,69433.6796875,7338,0.0,0.0
2022-11-30 00:00:00+09:00,69220.94797989924,69407.09936610321,66987.15627616258,67253.0859375,10989,0.0,0.0
2022-12-01 00:00:00+09:00,67731.74843377089,67864.71013405593,66854.1875,66854.1875,2544,0.0,0.0
2022-12-02 00:00:00+09:00,66774.40434204241,66987.14429345062,66348.91820654938,66668.03125,2520,0.0,0.0
2022-12-05 00:00:00+09:00,66933.96353645115,66960.55836869284,66056.4026319208,66641.4453125,2493,0.0,0.0
2022-12-06 00:00:00+09:00,66375.51613217898,67279.671875,66242.55443543471,67279.671875,1845,0.0,0.0
2022-12-07 00:00:00+09:00,67279.66332016226,67545.58667983774,66933.95547337279,67412.625,2856,0.0,0.0
2022-12-08 00:00:00+09:00,67279.66813329543,67678.55943402114,66535.06896104857,67332.8515625,2706,0.0,0.0
2022-12-09 00:00:00+09:00,67066.92860392132,67519.00961137298,66907.3720678036,67093.5234375,1620,0.0,0.0
2022-12-12 00:00:00+09:00,67093.51454494619,67306.2544873476,66588.25016998194,67120.109375,1767,0.0,0.0
2022-12-13 00:00:00+09:00,67279.66764773427,67279.66764773427,66588.25190968199,66694.625,2172,0.0,0.0
2022-12-14 00:00:00+09:00,66614.84202651348,67173.28980398126,66295.72901081761,67040.328125,3003,0.0,0.0
2022-12-15 00:00:00+09:00,66880.78939776981,67306.2693766964,66854.19456183274,67253.0859375,1992,0.0,0.0
2022-12-16 00:00:00+09:00,67173.29396425639,67784.92520466188,67066.92087487767,67359.4453125,4152,0.0,0.0
2022-12-19 00:00:00+09:00,67386.0363604407,67386.0363604407,66348.91895748806,66535.0703125,1737,0.0,0.0
2022-12-20 00:00:00+09:00,66508.47241063726,66907.36370105027,63397.12034541577,64008.7578125,5010,0.0,0.0
2022-12-21 00:00:00+09:00,64301.27798630824,66109.58314740486,64115.12663418189,64992.6875,3111,0.0,0.0
2022-12-22 00:00:00+09:00,65045.88134813889,65790.47433920905,65019.28651535888,65577.734375,2568,0.0,0.0
2022-12-23 00:00:00+09:00,65444.767889352064,65471.35648751019,64514.017369580666,64567.20703125,2196,0.0,0.0
2022-12-26 00:00:00+09:00,64460.839896362726,65045.88260004387,64088.54339366225,64726.76953125,2568,0.0,0.0
2022-12-27 00:00:00+09:00,64859.72307537081,65232.01953125,64514.0152167625,65232.01953125,1818,0.0,0.0
2022-12-28 00:00:00+09:00,65178.84304668492,65710.69607354603,65152.24821390491,65577.734375,1644,0.0,0.0
2022-12-29 00:00:00+09:00,65604.32148119873,66109.5796157728,65604.32148119873,65843.65625,1587,0.0,0.0
2022-12-30 00:00:00+09:00,66082.9996660634,67279.67366666006,66082.9996660634,66854.1875,2583,0.0,0.0
2023-01-04 00:00:00+09:00,66854.17570845835,66854.17570845835,65763.875,65763.875,1167,0.0,0.0
2023-01-05 00:00:00+09:00,65790.47110621813,66109.58415318876,64593.79718007828,65178.83984375,3222,0.0,0.0
2023-01-06 00:00:00+09:00,64700.17426899072,64753.35770254471,63982.16986896493,64088.54296875,4476,0.0,0.0
2023-01-10 00:00:00+09:00,64088.535822684,64833.12874012388,64088.535822684,64779.9453125,2676,0.0,0.0
2023-01-11 00:00:00+09:00,64779.94414400494,64939.50065667491,64354.45803265962,64540.609375,1623,0.0,0.0
2023-01-12 00:00:00+09:00,64460.84076827757,64673.58073945869,64061.94942688972,64381.0625,1656,0.0,0.0
2023-01-13 00:00:00+09:00,64248.08836440193,64859.7195586137,64035.342201712265,64514.01171875,3531,0.0,0.0
2023-01-16 00:00:00+09:00,64221.49992598427,64487.42953946855,63689.64693169235,63955.5703125,2001,0.0,0.0
2023-01-17 00:00:00+09:00,63742.82704523213,64168.313158136625,63423.714018722836,63769.421875,2178,0.0,0.0
2023-01-18 00:00:00+09:00,63822.610974106035,65497.95451217632,63476.903087104016,64700.171875,3276,0.0,0.0
2023-01-19 00:00:00+09:00,64115.12433262203,64248.09225051477,63104.60181308963,63423.71484375,3645,0.0,0.0
2023-01-20 00:00:00+09:00,63290.755465251335,63982.16497932272,63157.78754251239,63902.38671875,2358,0.0,0.0
2023-01-23 00:00:00+09:00,63982.172078551484,64753.35993876379,63902.39380912686,64301.28515625,2775,0.0,0.0
2023-01-24 00:00:00+09:00,64673.56544573264,65790.4609375,64673.56544573264,65790.4609375,1713,0.0,0.0
2023-01-25 00:00:00+09:00,65684.09948066037,66402.10378425702,65524.54296875,65524.54296875,1704,0.0,0.0
2023-01-26 00:00:00+09:00,65843.65359160198,65976.61526912013,65418.16749779747,65870.2421875,1263,0.0,0.0
2023-01-27 00:00:00+09:00,65896.84679543712,66481.88948215655,65684.10683330138,66242.5546875,2964,0.0,0.0
2023-01-30 00:00:00+09:00,66242.56099021848,67120.12198745564,66242.56099021848,66774.4140625,1944,0.0,0.0
2023-01-31 00:00:00+09:00,66561.66933262146,66561.66933262146,65285.21706404655,65497.95703125,3840,0.0,0.0
2023-02-01 00:00:00+09:00,65630.92373323126,65976.63165987484,65125.66549353399,65471.3671875,2094,0.0,0.0
2023-02-02 00:00:00+09:00,65471.35538475908,65737.284990597,65178.83718121087,65684.1015625,1674,0.0,0.0
2023-02-03 00:00:00+09:00,65657.51856841233,65843.66994932464,65152.25409603749,65471.3671875,1410,0.0,0.0
2023-02-06 00:00:00+09:00,65630.92373323126,65896.8533870092,65232.03236890312,65471.3671875,1695,0.0,0.0
2023-02-07 00:00:00+09:00,65471.361765845046,65524.55143180256,64833.13563577124,64859.73046875,1482,0.0,0.0
2023-02-08 00:00:00+09:00,64806.54709093996,65178.84358957599,64248.09922664739,65125.66015625,1842,0.0,0.0
2023-02-09 00:00:00+09:00,65019.27698163682,65205.428318447644,64381.05094991523,64434.234375,2388,0.0,0.0
2023-02-10 00:00:00+09:00,64354.45568499839,64514.01219184771,63769.4193150016,64061.9375,3288,0.0,0.0
2023-02-13 00:00:00+09:00,64088.5349015093,64274.680011855526,63716.23221546425,63769.421875,2124,0.0,0.0
2023-02-14 00:00:00+09:00,63796.01047209158,64115.12349860088,63609.86536174535,63769.421875,2223,0.0,0.0
2023-02-15 00:00:00+09:00,63716.238055759524,63769.42772017069,63264.16330432582,63397.125,3810,0.0,0.0
2023-02-16 00:00:00+09:00,63689.63388820486,63769.41213264408,63423.70432918233,63663.0390625,1128,0.0,0.0
2023-02-17 00:00:00+09:00,63636.46673599682,63769.43467885768,63423.72675316802,63742.83984375,1410,0.0,0.0
2023-02-20 00:00:00+09:00,63822.613335625865,64168.32123541953,63822.613335625865,64088.54296875,906,0.0,0.0
2023-02-21 00:00:00+09:00,64088.52949880182,64274.674593455886,64008.75124889986,64035.33984375,1911,0.0,0.0
2023-02-22 00:00:00+09:00,63982.16497932272,64248.09459212399,63636.45710594872,63902.38671875,2775,0.0,0.0
2023-02-24 00:00:00+09:00,63982.15697863631,64726.75606176508,63982.15697863631,64673.56640625,7452,0.0,0.0
2023-02-27 00:00:00+09:00,64712.44155214061,65013.42750474084,64630.35389114978,64931.33984375,4059,2280.6667,0.0
2023-02-28 00:00:00+09:00,65095.51140625,65806.93562271728,64849.2484375,65670.125,5256,0.0,0.0
2023-03-01 00:00:00+09:00,65560.68077179228,65642.76843820649,64356.73046875,64356.73046875,3414,0.0,0.0
2023-03-02 00:00:00+09:00,64575.61608719684,64685.06842527724,64028.367222990164,64548.2578125,2196,0.0,0.0
2023-03-03 00:00:00+09:00,64849.24090801248,65013.416201450484,64548.25500774194,64575.61328125,1866,0.0,0.0
2023-03-06 00:00:00+09:00,64575.61937678244,64712.436409627044,64438.80875703584,64657.70703125,1545,0.0,0.0
2023-03-07 00:00:00+09:00,64657.70953966305,64794.5265778155,64083.09593609782,64165.18359375,2370,0.0,0.0
2023-03-08 00:00:00+09:00,64028.37156329923,64247.26984120088,63590.56859439782,64192.546875,2580,0.0,0.0
2023-03-09 00:00:00+09:00,64192.54874895486,64466.17641414344,64083.09640025976,64329.359375,1098,0.0,0.0
2023-03-10 00:00:00+09:00,64192.544396414974,64849.24561786168,64110.45674373414,64685.0703125,2949,0.0,0.0
2023-03-13 00:00:00+09:00,64301.99906008238,64438.809681792336,63344.30546881837,63973.6484375,2640,0.0,0.0
2023-03-14 00:00:00+09:00,63453.759981586394,64329.35953401665,63043.3216893381,64055.73828125,3030,0.0,0.0
2023-03-15 00:00:00+09:00,63891.56640624999,64712.44303496799,63754.74935939789,63891.56640625,4044,0.0,0.0
2023-03-16 00:00:00+09:00,63152.762132252414,63481.11270414784,62496.06098846156,62797.046875,3459,0.0,0.0
2023-03-17 00:00:00+09:00,63125.40230193545,63563.2052358336,62441.3364201754,62605.51171875,4155,0.0,0.0
2023-03-20 00:00:00+09:00,62331.89625685388,62797.05750810339,61647.83031187666,61729.91796875,3084,0.0,0.0
2023-03-22 00:00:00+09:00,62030.89970168645,62523.42560954218,61565.7384819664,62304.52734375,2304,0.0,0.0
2023-03-23 00:00:00+09:00,61866.71673422777,62879.13311264382,61729.90613669472,62824.41015625,2679,0.0,0.0
2023-03-24 00:00:00+09:00,62523.41817836978,62851.76874458108,61921.446415713726,61948.8046875,2085,0.0,0.0
2023-03-27 00:00:00+09:00,62277.16090123419,62468.70088659266,61675.189083989106,61866.72265625,1479,0.0,0.0
2023-03-28 00:00:00+09:00,61921.44947082385,62660.23828125,61538.36951594542,62660.23828125,2538,0.0,0.0
2023-03-29 00:00:00+09:00,62851.774883824044,63535.84076794819,62496.06601108149,63344.30078125,2355,0.0,0.0
2023-03-30 00:00:00+09:00,63316.931385152275,63727.36956091364,62660.23030393409,63234.84375,1818,0.0,0.0
2023-03-31 00:00:00+09:00,63371.66137028609,63481.11370033453,62714.96021618986,63125.3984375,2019,0.0,0.0
2023-04-03 00:00:00+09:00,63180.12650163319,65068.14247223256,63125.40353873535,64712.43359375,3513,0.0,0.0
2023-04-04 00:00:00+09:00,64712.43359375,64958.69654643688,64137.820037480626,64712.43359375,2733,0.0,0.0
2023-04-05 00:00:00+09:00,64712.437499499545,64712.437499499545,63234.8596941984,63672.65625,1842,0.0,0.0
2023-04-06 00:00:00+09:00,63344.30091123303,63590.56386045134,63043.31499988764,63070.6796875,1266,0.0,0.0
2023-04-07 00:00:00+09:00,63015.95531249703,63180.130625002974,62496.07109829365,63098.04296875,1884,0.0,0.0
2023-04-10 00:00:00+09:00,63043.31029986963,63316.937916300754,62742.324410963396,62961.22265625,1011,0.0,0.0
2023-04-11 00:00:00+09:00,62988.59027662445,63180.12384526284,62632.875,62632.875,1401,0.0,0.0
2023-04-12 00:00:00+09:00,62824.41307983696,62851.77135275853,62413.97485504076,62496.0625,1458,0.0,0.0
2023-04-13 00:00:00+09:00,62496.05780628028,63481.109471809585,62441.32843835302,63180.1171875,2403,0.0,0.0
2023-04-14 00:00:00+09:00,63508.47418298538,63508.47418298538,62742.327085277604,63207.48828125,2202,0.0,0.0
2023-04-17 00:00:00+09:00,63481.11910251911,64192.54327563249,63180.12677254603,64137.8203125,1794,0.0,0.0
2023-04-18 00:00:00+09:00,64137.820037480626,64876.60889554125,63864.192396795974,64712.43359375,2133,0.0,0.0
2023-04-19 00:00:00+09:00,64712.44582757794,64712.44582757794,64055.74449626417,64356.73046875,1209,0.0,0.0
2023-04-20 00:00:00+09:00,64329.35283139492,64931.331068337044,64055.73160713749,64602.98046875,1941,0.0,0.0
2023-04-21 00:00:00+09:00,64630.35791095522,65259.69454666154,64438.817885697244,65150.2421875,1830,0.0,0.0
2023-04-24 00:00:00+09:00,65177.58904796536,65396.48729329894,64493.52321328934,65068.13671875,942,0.0,0.0
2023-04-25 00:00:00+09:00,65369.134800914995,65369.134800914995,64712.43359375,64712.43359375,2061,0.0,0.0
2023-04-26 00:00:00+09:00,64712.44417531242,65588.04379034163,64685.079482840054,65177.60546875,2553,0.0,0.0
2023-04-27 00:00:00+09:00,65478.58342041114,65505.948109534664,64903.969840502934,64958.69921875,990,0.0,0.0
2023-04-28 00:00:00+09:00,64958.69492481889,65861.65906212931,64739.79025249677,65806.9296875,3102,0.0,0.0
2023-05-01 00:00:00+09:00,65806.94421775783,65943.76127144293,65423.87057625732,65779.5859375,1314,0.0,0.0
2023-05-02 00:00:00+09:00,65642.75544415537,65670.12013190956,65040.78361834464,65341.76953125,3204,0.0,0.0
2023-05-08 00:00:00+09:00,65478.58328611986,65806.93390253684,65232.32032380712,65752.2109375,2388,0.0,0.0
2023-05-09 00:00:00+09:00,65697.48242740649,65724.8407010668,65040.78124999999,65040.78125,3093,0.0,0.0
2023-05-10 00:00:00+09:00,64958.70716826739,65396.50376923261,64903.97778332266,65177.60546875,1896,0.0,0.0
2023-05-11 00:00:00+09:00,65341.7751572327,65341.7751572327,64821.88452372617,65259.6875,630,0.0,0.0
2023-05-12 00:00:00+09:00,65095.50513251583,65095.50513251583,64630.34392962956,64849.2421875,2274,0.0,0.0
2023-05-15 00:00:00+09:00,64821.88452372617,65478.585781587804,64493.53389479535,65259.6875,4029,0.0,0.0
2023-05-16 00:00:00+09:00,65369.147602642675,65779.5859375,65204.97226869974,65779.5859375,2922,0.0,0.0
2023-05-17 00:00:00+09:00,65779.57149665331,65779.57149665331,64876.60735819845,65013.41796875,2955,0.0,0.0
2023-05-18 00:00:00+09:00,65287.05517907646,65451.230501058126,64712.44155214061,64931.33984375,2367,0.0,0.0
2023-05-19 00:00:00+09:00,65095.50999277633,65095.50999277633,64548.261100691925,64657.70703125,2190,0.0,0.0
2023-05-22 00:00:00+09:00,64657.706405978475,64876.611091173734,64520.8957875549,64794.5234375,3717,0.0,0.0
2023-05-23 00:00:00+09:00,64876.62116040639,64876.62116040639,64055.74449626417,64356.73046875,2763,0.0,0.0
2023-05-24 00:00:00+09:00,64329.35182150663,64384.08119597705,63754.73828125001,63754.73828125,2895,0.0,0.0
2023-05-25 00:00:00+09:00,63754.743272076914,64028.37092655642,63289.58203125,63289.58203125,4461,0.0,0.0
2023-05-26 00:00:00+09:00,63645.29296875,64001.00184073064,63098.03769738383,63645.29296875,5052,0.0,0.0
2023-05-29 00:00:00+09:00,63754.73693923331,63809.4663125517,62988.58984375,62988.58984375,9939,0.0,0.0
2023-05-30 00:00:00+09:00,63207.4878522019,63891.5537112452,63125.400205640595,63563.203125,5955,0.0,0.0
2023-05-31 00:00:00+09:00,63563.206413263746,66025.8359375,63563.206413263746,66025.8359375,22761,0.0,0.0
2023-06-01 00:00:00+09:00,64274.63594165232,64630.351262511154,63590.569990184784,64165.18359375,6939,0.0,0.0
2023-06-02 00:00:00+09:00,64384.09090817728,65013.42750474084,64083.09854247854,64931.33984375,3276,0.0,0.0
2023-06-05 00:00:00+09:00,65204.970161222365,65478.59143355094,64630.35651099409,65177.60546875,1725,0.0,0.0
2023-06-06 00:00:00+09:00,65150.22583503632,65560.6640625,64903.96289855811,65560.6640625,2583,0.0,0.0
2023-06-07 00:00:00+09:00,65588.03203782174,66244.73323469605,65232.31675181561,65697.484375,4986,0.0,0.0
2023-06-08 00:00:00+09:00,66080.55462165311,66080.55462165311,65204.95520742967,65560.6640625,4575,0.0,0.0
2023-06-09 00:00:00+09:00,66053.19626158186,66381.546875,65642.7579948092,66381.546875,3294,0.0,0.0
2023-06-12 00:00:00+09:00,66381.53834844717,66846.70593310511,66217.36306282603,66791.9765625,2706,0.0,0.0
2023-06-13 00:00:00+09:00,66764.63794115758,66901.44858174368,65670.13357717171,65779.5859375,2982,0.0,0.0
2023-06-14 00:00:00+09:00,65806.92981503658,66600.44803082138,65533.30859375,65533.30859375,2160,0.0,0.0
2023-06-15 00:00:00+09:00,65834.29437481466,66190.00965751492,65560.66674096079,65806.9296875,1851,0.0,0.0
2023-06-16 00:00:00+09:00,65806.93143184845,66244.734375,65533.31020383927,66244.734375,3948,0.0,0.0
2023-06-19 00:00:00+09:00,66217.36951398656,66272.09888992363,65697.4853342685,66025.8359375,2088,0.0,0.0
2023-06-20 00:00:00+09:00,65943.7526562585,66217.37390168362,65889.02327669495,66190.015625,1971,0.0,0.0
2023-06-21 00:00:00+09:00,65998.46953906026,66354.18482104127,65697.48363159789,66107.921875,1896,0.0,0.0
2023-06-22 00:00:00+09:00,66135.2837312593,66190.01310874228,65478.582506246894,65642.7578125,2232,0.0,0.0
2023-06-23 00:00:00+09:00,65670.11968743103,66080.55793547747,65615.3967253907,65697.484375,1521,0.0,0.0
2023-06-26 00:00:00+09:00,65670.11737146093,65998.46795831824,65423.85443131796,65889.015625,1248,0.0,0.0
2023-06-27 00:00:00+09:00,65834.29554630906,66874.0703125,65423.85729477347,66874.0703125,2799,0.0,0.0
2023-06-28 00:00:00+09:00,66874.07468996366,67612.86359108759,66682.54110210804,67558.140625,3204,0.0,0.0
2023-06-29 00:00:00+09:00,67558.13452326643,67722.30981979928,67147.69628193432,67476.046875,2346,0.0,0.0
2023-06-30 00:00:00+09:00,67585.50361221064,68214.8401522092,67202.42361995243,68160.1171875,2622,0.0,0.0
2023-07-03 00:00:00+09:00,68406.38468510464,68680.00593989536,68078.0340488771,68543.1953125,2103,0.0,0.0
2023-07-04 00:00:00+09:00,68679.99889981568,69336.70010495526,68160.1147211453,68652.640625,2514,0.0,0.0
2023-07-05 00:00:00+09:00,67995.94638982022,68844.18125800914,67941.21700838338,68543.1953125,3612,0.0,0.0
2023-07-06 00:00:00+09:00,68187.47467924884,68461.10232584439,67612.8611105667,68050.6640625,3006,0.0,0.0
2023-07-07 00:00:00+09:00,68050.6703003237,68570.56095258135,67640.23199935674,68351.65625,1602,0.0,0.0
2023-07-10 00:00:00+09:00,68406.3908874012,69008.36283299928,67968.58786170346,68844.1875,1998,0.0,0.0
2023-07-11 00:00:00+09:00,68844.1699799831,69035.70995743727,68707.359375,68707.359375,1515,0.0,0.0
2023-07-12 00:00:00+09:00,68816.82298038907,69117.8089258982,68543.1953125,68543.1953125,1932,0.0,0.0
2023-07-13 00:00:00+09:00,68543.18940910438,69199.890625,68023.29880882108,69199.890625,3141,0.0,0.0
2023-07-14 00:00:00+09:00,69199.889869546,69692.4157760908,69063.07925542723,69610.328125,2436,0.0,0.0
2023-07-18 00:00:00+09:00,69281.96615355877,69555.59375,68762.07564424943,69555.59375,2748,0.0,0.0
2023-07-19 00:00:00+09:00,69665.04186604035,70431.1953125,69500.86658559163,70431.1953125,2448,0.0,0.0
2023-07-20 00:00:00+09:00,70239.66921586097,70869.01219057095,69966.04796982008,70513.296875,3333,0.0,0.0
2023-07-21 00:00:00+09:00,70513.28728747582,70650.09789189445,69829.2214391881,70075.484375,2085,0.0,0.0
2023-07-24 00:00:00+09:00,70349.1260237069,71416.265625,70075.49834721426,71416.265625,3372,0.0,0.0
2023-07-25 00:00:00+09:00,71470.9744126885,71854.05436638127,70595.375,70595.375,1692,0.0,0.0
2023-07-26 00:00:00+09:00,70869.00452131263,70978.45044264576,70376.4786360211,70732.1875,2379,0.0,0.0
2023-07-27 00:00:00+09:00,71060.53809019434,71087.90277707636,70485.92455735424,70732.1875,2388,0.0,0.0
2023-07-28 00:00:00+09:00,70513.28513266516,71334.1615602864,70184.93456161665,71306.796875,3126,0.0,0.0
2023-07-31 00:00:00+09:00,71115.26904875581,71388.89027128374,70458.56785373259,70951.09375,3678,0.0,0.0
2023-08-01 00:00:00+09:00,71033.18291239014,71169.99352656819,70102.8540619253,70130.21875,1770,0.0,0.0
2023-08-02 00:00:00+09:00,69938.67608595964,70349.11432590072,69637.69018103534,69883.953125,2283,0.0,0.0
2023-08-03 00:00:00+09:00,69665.046875,69774.49920753446,69446.14862302842,69665.046875,1302,0.0,0.0
2023-08-04 00:00:00+09:00,69665.05718454243,69801.87422373203,69254.61889317022,69692.421875,2031,0.0,0.0
2023-08-07 00:00:00+09:00,69911.30478671343,70431.1953125,69883.9465153699,70431.1953125,1233,0.0,0.0
2023-08-08 00:00:00+09:00,70540.66313302713,70540.66313302713,70212.3125,70212.3125,1032,0.0,0.0
2023-08-09 00:00:00+09:00,70239.65795577246,70239.65795577246,69692.40913832175,70157.5703125,1866,0.0,0.0
2023-08-10 00:00:00+09:00,70349.1215621362,70568.01984158855,69829.23093370147,70513.296875,2475,0.0,0.0
2023-08-14 00:00:00+09:00,70513.28295272436,70650.09354873265,70130.20943604298,70431.1953125,1203,0.0,0.0
2023-08-15 00:00:00+09:00,70431.1962173499,70431.1962173499,69692.40744583924,70239.65625,2238,0.0,0.0
2023-08-16 00:00:00+09:00,70267.02496006596,70267.02496006596,69856.58673015903,69966.0390625,1506,0.0,0.0
2023-08-17 00:00:00+09:00,69993.39733576223,69993.39733576223,69692.41143819627,69966.0390625,1290,0.0,0.0
2023-08-18 00:00:00+09:00,69883.96188200646,69883.96188200646,69391.43593235982,69692.421875,2205,0.0,0.0
2023-08-21 00:00:00+09:00,69610.34099196363,69883.96868387697,69145.1796875,69145.1796875,1707,0.0,0.0
2023-08-22 00:00:00+09:00,69391.42107529771,69665.0422688966,69145.15815320055,69281.96875,1101,0.0,0.0
2023-08-23 00:00:00+09:00,69500.88202022878,69911.3203125,69364.0713938378,69911.3203125,1089,0.0,0.0
2023-08-24 00:00:00+09:00,69993.39332616312,70294.38561958396,69719.77213063123,70239.65625,1356,0.0,0.0
2023-08-25 00:00:00+09:00,70157.57890786143,70294.39593880912,69774.50533002336,70267.03125,1584,0.0,0.0
2023-08-28 00:00:00+09:00,70321.74389127897,70321.74389127897,69911.30568488415,70239.65625,1632,0.0,0.0
2023-08-29 00:00:00+09:00,70458.55929960991,71033.17277549345,70294.38402078605,70841.6328125,8523,0.0,0.0
2023-08-30 00:00:00+09:00,70931.85150109863,71325.29062500001,70678.92493859863,70819.4375,3885,2273.6667,0.0
2023-08-31 00:00:00+09:00,71044.25633386876,72814.74220703053,71044.25633386876,71662.5234375,7281,0.0,0.0
2023-09-01 00:00:00+09:00,71662.52960652696,72140.27760836061,71353.39932141454,72055.96875,2445,0.0,0.0
2023-09-04 00:00:00+09:00,72168.38596448851,72842.85686135289,72140.2808149092,72533.7265625,1914,0.0,0.0
2023-09-05 00:00:00+09:00,72393.20771284857,73404.9140625,72393.20771284857,73404.9140625,2217,0.0,0.0
2023-09-06 00:00:00+09:00,73404.91053238619,73854.55997281717,73095.78024706904,73545.4296875,2556,0.0,0.0
2023-09-07 00:00:00+09:00,73123.88891201674,73742.14951238381,73095.78376231647,73404.9140625,1659,0.0,0.0
2023-09-08 00:00:00+09:00,73348.69889531127,73770.24314183605,72870.9509447928,73320.59375,3177,0.0,0.0
2023-09-11 00:00:00+09:00,73685.95003946613,73685.95003946613,72618.039915597,73433.0234375,1971,0.0,0.0
2023-09-12 00:00:00+09:00,73461.11089458984,73461.11089458984,72702.33127145507,72955.2578125,1104,0.0,0.0
2023-09-13 00:00:00+09:00,73151.9890930069,73910.76887202759,72646.1359069931,72899.0625,2274,0.0,0.0
2023-09-14 00:00:00+09:00,73011.47499965783,74051.28650043104,72927.16613707162,73629.7421875,1584,0.0,0.0
2023-09-15 00:00:00+09:00,73601.63645058639,74107.48962206808,73292.50615244641,73685.9453125,2424,0.0,0.0
2023-09-19 00:00:00+09:00,73348.70880196469,74023.1796875,73095.78221988895,74023.1796875,912,0.0,0.0
2023-09-20 00:00:00+09:00,73770.24843040579,74585.23183657002,73770.24843040579,74276.1015625,1356,0.0,0.0
2023-09-21 00:00:00+09:00,74276.10467335973,74529.03125,73910.76408933614,74529.03125,1161,0.0,0.0
2023-09-22 00:00:00+09:00,74388.51773748836,74388.51773748836,73714.046875,73714.046875,1827,0.0,0.0
2023-09-25 00:00:00+09:00,74191.7916044642,74191.7916044642,73236.2890625,73236.2890625,1503,0.0,0.0
2023-09-26 00:00:00+09:00,73629.73907707396,73685.94278754719,73264.39849242392,73376.8125,810,0.0,0.0
2023-09-27 00:00:00+09:00,73376.8176011421,74219.90625,73376.8176011421,74219.90625,1371,0.0,0.0
2023-09-28 00:00:00+09:00,74219.89953796596,74444.72096178644,72618.03125,72618.03125,2517,0.0,0.0
2023-09-29 00:00:00+09:00,72983.37195448557,72983.37195448557,71409.60866970486,72842.859375,5349,0.0,0.0
2023-10-02 00:00:00+09:00,72786.65044938678,73039.57702633065,71887.3515625,71887.3515625,1956,0.0,0.0
2023-10-03 00:00:00+09:00,71971.66469958484,72027.875,71212.88492365027,72027.875,1644,0.0,0.0
2023-10-04 00:00:00+09:00,71184.7753639248,71381.49162510043,69751.5248974473,70285.4765625,3408,0.0,0.0
2023-10-05 00:00:00+09:00,70538.40006162607,71297.1796875,70313.57866431744,71297.1796875,1599,0.0,0.0
2023-10-06 00:00:00+09:00,70735.12290091407,71522.00767143733,70735.12290091407,71297.1796875,870,0.0,0.0
2023-10-10 00:00:00+09:00,71016.16504295036,72337.00164987177,71016.16504295036,71943.5625,1446,0.0,0.0
2023-10-11 00:00:00+09:00,72477.50628328136,72758.53798048709,71774.93692021043,71831.140625,2229,0.0,0.0
2023-10-12 00:00:00+09:00,71943.5578122849,72336.99693652087,71718.72980989641,72196.484375,1119,0.0,0.0
2023-10-13 00:00:00+09:00,72196.4879608518,72421.30938777745,71831.14737879673,72168.3828125,2157,0.0,0.0
2023-10-16 00:00:00+09:00,72365.1024932616,72365.1024932616,70341.68998008266,70538.40625,2169,0.0,0.0
2023-10-17 00:00:00+09:00,72393.21098275119,72842.86046511629,71550.12231996049,72505.625,4641,0.0,0.0
2023-10-18 00:00:00+09:00,72927.15879302447,74163.6864575558,72646.12708382813,73236.2890625,4173,0.0,0.0
2023-10-19 00:00:00+09:00,73208.20359305532,73545.43906974253,72646.1400741564,72814.7578125,2079,0.0,0.0
2023-10-20 00:00:00+09:00,72842.85698310402,73123.88871947718,71269.09375,71269.09375,2883,0.0,0.0
2023-10-23 00:00:00+09:00,71297.1902685102,71606.32714564496,70678.9296875,70678.9296875,1923,0.0,0.0
2023-10-24 00:00:00+09:00,70763.24577669165,71297.1975524204,70538.4177364192,70735.140625,1821,0.0,0.0
2023-10-25 00:00:00+09:00,70735.12973164568,71859.25,70735.12973164568,71859.25,1851,0.0,0.0
2023-10-26 00:00:00+09:00,71831.1531112107,72027.8759921134,71044.26817422998,71465.8125,1890,0.0,0.0
2023-10-27 00:00:00+09:00,71662.51996272751,73011.46151496709,71662.51996272751,72955.2578125,2364,0.0,0.0
2023-10-30 00:00:00+09:00,72730.43967312893,72927.16253833236,71887.35108887075,72168.3828125,1962,0.0,0.0
2023-10-31 00:00:00+09:00,72674.22348507399,73629.72591205242,72224.57412179677,73573.515625,4212,0.0,0.0
2023-11-01 00:00:00+09:00,73685.94429711357,74838.16319851222,73629.74058548892,74135.59375,3192,0.0,0.0
2023-11-02 00:00:00+09:00,74500.92292112412,74529.02806842756,73433.01294977422,74163.6875,2955,0.0,0.0
2023-11-06 00:00:00+09:00,74332.31274189931,74332.31274189931,73264.40266234893,73292.5078125,2136,0.0,0.0
2023-11-07 00:00:00+09:00,73208.19939365066,73292.50825798631,72140.2827209793,72899.0625,2934,0.0,0.0
2023-11-08 00:00:00+09:00,72646.13028308931,72702.34057938155,71887.35056280959,72337.0,1776,0.0,0.0
2023-11-09 00:00:00+09:00,72337.01061687442,72449.42463932837,71550.12563295779,71606.3359375,1356,0.0,0.0
2023-11-10 00:00:00+09:00,71606.32187981735,72758.5406839035,71606.32187981735,72365.1015625,1989,0.0,0.0
2023-11-13 00:00:00+09:00,72730.43135485849,73180.08074391242,72449.40625,72449.40625,987,0.0,0.0
2023-11-14 00:00:00+09:00,72870.95930836807,72870.95930836807,71774.94414161136,71887.3515625,2841,0.0,0.0
2023-11-15 00:00:00+09:00,72112.1713010482,73376.80404062253,72112.1713010482,73320.59375,2247,0.0,0.0
2023-11-16 00:00:00+09:00,72983.35835278018,73517.31659392118,72618.02439687794,73320.59375,1473,0.0,0.0
2023-11-17 00:00:00+09:00,73067.68698070166,73489.23134133386,73067.68698070166,73348.71875,1134,0.0,0.0
2023-11-20 00:00:00+09:00,73348.70991560626,73966.97709894391,73292.50620316823,73798.359375,1989,0.0,0.0
2023-11-21 00:00:00+09:00,73629.73477270074,73798.3524808927,73151.98020840403,73236.2890625,1395,0.0,0.0
2023-11-22 00:00:00+09:00,73264.3921448548,73910.7578125,73151.97814701819,73910.7578125,1167,0.0,0.0
2023-11-24 00:00:00+09:00,73910.76309535986,74163.68966859869,73601.6328125,73601.6328125,1275,0.0,0.0
2023-11-27 00:00:00+09:00,74135.5878983317,74557.13216881761,73938.86504322854,74500.921875,993,0.0,0.0
2023-11-28 00:00:00+09:00,74135.59369729913,74360.41513026765,73376.8139510719,74023.1796875,3660,0.0,0.0
2023-11-29 00:00:00+09:00,73770.25053087957,75034.88339712322,73770.25053087957,74978.6796875,2001,0.0,0.0
2023-11-30 00:00:00+09:00,74725.7578125,74866.27038870727,73657.841156109,74725.7578125,5496,0.0,0.0
2023-12-01 00:00:00+09:00,74725.75151413433,74838.15893097375,73854.55780716724,74107.484375,2355,0.0,0.0
2023-12-04 00:00:00+09:00,74304.20051014966,75034.875,73966.96511689124,75034.875,2052,0.0,0.0
2023-12-05 00:00:00+09:00,75034.8771216133,75091.08082653594,74023.170913232,74472.8203125,1596,0.0,0.0
2023-12-06 00:00:00+09:00,74613.33075842696,75147.28899329573,74613.33075842696,75034.875,1428,0.0,0.0
2023-12-07 00:00:00+09:00,75006.7761133152,75006.7761133152,74191.79270715096,74276.1015625,1923,0.0,0.0
2023-12-08 00:00:00+09:00,74276.09746532732,74557.12916319845,73938.86206253355,74472.8203125,2433,0.0,0.0
2023-12-11 00:00:00+09:00,74866.26609793784,75231.60667909408,74557.1358133469,74585.234375,1857,0.0,0.0
2023-12-12 00:00:00+09:00,74725.75685669157,75006.78200551154,73770.25422546607,73798.359375,2319,0.0,0.0
2023-12-13 00:00:00+09:00,73798.34777388739,74051.27432004317,73123.87698413861,73489.2109375,1425,0.0,0.0
2023-12-14 00:00:00+09:00,73826.45691632427,73826.45691632427,72618.03430253436,72758.546875,1428,0.0,0.0
2023-12-15 00:00:00+09:00,72983.37145983672,73461.12608278381,72758.55001685752,73123.890625,3141,0.0,0.0
2023-12-18 00:00:00+09:00,72814.74904874923,73433.01621047323,72702.34162780277,73376.8125,1914,0.0,0.0
2023-12-19 00:00:00+09:00,73376.81197066708,73629.73854591647,72870.95882016834,73545.4296875,2739,0.0,0.0
2023-12-20 00:00:00+09:00,73376.8150651402,73995.07566184801,73292.50620316823,73798.359375,1638,0.0,0.0
2023-12-21 00:00:00+09:00,73348.71875,74079.3934462189,73151.9958528281,73348.71875,2661,0.0,0.0
2023-12-22 00:00:00+09:00,73798.35409874753,74107.484375,73348.7046715017,74107.484375,1362,0.0,0.0
2023-12-25 00:00:00+09:00,73742.14951238381,73770.25466208409,72983.36975014524,73404.9140625,1635,0.0,0.0
2023-12-26 00:00:00+09:00,73629.7300764502,73629.7300764502,73095.77183902281,73489.2109375,2685,0.0,0.0
2023-12-27 00:00:00+09:00,73798.36192557105,74219.90625,73573.5338947889,74219.90625,2217,0.0,0.0
2023-12-28 00:00:00+09:00,74219.89944627072,75203.50058422831,74219.89944627072,75147.296875,2169,0.0,0.0
2023-12-29 00:00:00+09:00,75034.88440328055,75372.1198388009,74332.30838373658,74529.03125,2121,0.0,0.0
2024-01-04 00:00:00+09:00,74725.75300104571,74894.37071628943,74304.20871293645,74753.8515625,1983,0.0,0.0
2024-01-05 00:00:00+09:00,74557.13690515782,75934.1772184706,74276.10517810455,75737.4609375,3636,0.0,0.0
2024-01-09 00:00:00+09:00,75737.46765726691,76271.41942342414,75540.74477221252,76074.703125,1257,0.0,0.0
2024-01-10 00:00:00+09:00,75821.77698265859,76074.70358498774,75512.6400776139,75681.2578125,1629,0.0,0.0
2024-01-11 00:00:00+09:00,75681.24232091954,76243.30571324175,75681.24232091954,75906.0703125,2319,0.0,0.0
2024-01-12 00:00:00+09:00,75934.16734248318,76721.0521239124,75934.16734248318,76411.921875,2940,0.0,0.0
2024-01-15 00:00:00+09:00,76440.0343942847,76861.5787137139,76440.0343942847,76805.375,336,0.0,0.0
2024-01-16 00:00:00+09:00,76440.03552119868,77255.02560853008,76440.03552119868,76580.5546875,1992,0.0,0.0
2024-01-17 00:00:00+09:00,76580.55370630877,76777.26999800206,75540.7421875,75540.7421875,2634,0.0,0.0
2024-01-18 00:00:00+09:00,75568.8401059804,75962.27923834584,75428.3209549268,75484.53125,2355,0.0,0.0
2024-01-19 00:00:00+09:00,75821.77182972009,76355.72356281789,75737.46296800677,76327.625,1488,0.0,0.0
2024-01-22 00:00:00+09:00,76299.50686849178,77030.18135014253,76187.09287645754,76749.15625,1932,0.0,0.0
2024-01-23 00:00:00+09:00,76973.98707110478,77198.80849606867,76243.3125,76243.3125,2046,0.0,0.0
2024-01-24 00:00:00+09:00,76580.54426829035,76580.54426829035,76102.78970647516,76159.0,1503,0.0,0.0
2024-01-25 00:00:00+09:00,75906.08539113346,76327.62972579981,75512.63962102469,76074.703125,1836,0.0,0.0
2024-01-26 00:00:00+09:00,76074.70506242121,76580.5582769036,76074.70506242121,76552.453125,1626,0.0,0.0
2024-01-29 00:00:00+09:00,76299.52033675167,76496.24321087958,75934.17973812265,76046.59375,1602,0.0,0.0
2024-01-30 00:00:00+09:00,76159.01031526038,76524.34433950808,75906.08372002885,76468.140625,1908,0.0,0.0
2024-01-31 00:00:00+09:00,76102.78912543779,76355.71568448092,75793.6588599281,76215.203125,4353,0.0,0.0
2024-02-01 00:00:00+09:00,76215.20633701008,76327.62034130987,75203.50005820021,75315.9140625,4701,0.0,0.0
2024-02-02 00:00:00+09:00,75653.14675435206,76158.99987547337,75653.14675435206,75934.171875,1581,0.0,0.0
2024-02-05 00:00:00+09:00,76299.52393713967,76861.58084978884,76018.4921875,76018.4921875,2835,0.0,0.0
2024-02-06 00:00:00+09:00,76018.48332440319,76440.0276063992,75821.76705055799,76355.71875,2463,0.0,0.0
2024-02-07 00:00:00+09:00,76411.9354325979,76608.65172288653,75653.15566157896,75709.359375,2034,0.0,0.0
2024-02-08 00:00:00+09:00,75877.97495860927,76524.3406978986,75681.2520872474,76383.828125,2493,0.0,0.0
2024-02-09 00:00:00+09:00,75990.390625,76580.55266531753,75765.56259950672,75990.390625,2721,0.0,0.0
2024-02-13 00:00:00+09:00,76299.5186781801,76440.03125,75934.17808749272,76440.03125,2274,0.0,0.0
2024-02-14 00:00:00+09:00,76552.45108583187,76552.45108583187,75737.46756864066,75849.875,3492,0.0,0.0
2024-02-15 00:00:00+09:00,75877.97245344243,75934.17616342031,74585.23443091467,74697.6484375,3204,0.0,0.0
2024-02-16 00:00:00+09:00,74753.86102224443,74838.16989053517,73629.74716945481,74248.0078125,4323,0.0,0.0
2024-02-19 00:00:00+09:00,74613.33377237803,74894.36547365504,73264.3921448548,73910.7578125,4968,0.0,0.0
2024-02-20 00:00:00+09:00,74472.83284465737,74725.75943931473,73629.74419579947,74219.90625,5016,0.0,0.0
2024-02-21 00:00:00+09:00,73742.14322359487,74163.6875,73433.01294977422,74163.6875,3198,0.0,0.0
2024-02-22 00:00:00+09:00,73657.8365787063,74079.38086776152,72027.86971877911,73714.046875,5775,0.0,0.0
2024-02-26 00:00:00+09:00,74079.38033823327,74163.68919544166,73601.63234292886,73882.6640625,2931,0.0,0.0
2024-02-27 00:00:00+09:00,74585.2345502166,74585.2345502166,73236.29281555327,73545.4296875,11229,0.0,0.0
2024-02-28 00:00:00+09:00,73946.59159648595,74523.4026070741,73283.26636970592,73571.671875,6285,2230.3333,0.0
2024-02-29 00:00:00+09:00,74119.62869734902,74292.67063731127,73283.26157401505,73427.4609375,7779,0.0,0.0
2024-03-01 00:00:00+09:00,73485.15805887204,73860.07781688569,72446.90625,72446.90625,4374,0.0,0.0
2024-03-04 00:00:00+09:00,72446.90131626684,73167.90496146985,72446.90131626684,73110.2265625,2013,0.0,0.0
2024-03-05 00:00:00+09:00,73196.74711739726,73744.71556252193,72245.01636291575,72533.421875,1731,0.0,0.0
2024-03-06 00:00:00+09:00,72764.13575412828,73658.18803041686,72504.57284418489,73427.4609375,2058,0.0,0.0
2024-03-07 00:00:00+09:00,73744.71468823505,73744.71468823505,72533.4210150737,73052.546875,2004,0.0,0.0
2024-03-08 00:00:00+09:00,72677.62125131644,73225.58969644111,72187.33796427945,72533.421875,2817,0.0,0.0
2024-03-11 00:00:00+09:00,72533.41459027542,72821.81331394364,71898.92523119407,72302.6875,1566,0.0,0.0
2024-03-12 00:00:00+09:00,72360.38292920822,72389.21875,71639.37249873545,72389.21875,1761,0.0,0.0
2024-03-13 00:00:00+09:00,72360.37098242062,72735.29066642735,71466.31873699966,71697.0390625,2076,0.0,0.0
2024-03-14 00:00:00+09:00,71639.3728237696,72245.01969546813,71552.85184209837,72100.8203125,2238,0.0,0.0
2024-03-15 00:00:00+09:00,72446.89321495999,73715.86516655484,72187.33030944395,72562.25,3411,0.0,0.0
2024-03-18 00:00:00+09:00,72591.09823552055,72879.50373950735,71091.3990780209,72187.3359375,4125,0.0,0.0
2024-03-19 00:00:00+09:00,72389.21560414635,74696.44617761209,72216.17364910898,74177.3203125,2889,0.0,0.0
2024-03-21 00:00:00+09:00,74898.32929395292,75359.77679344689,74263.84658653206,74927.171875,3171,0.0,0.0
2024-03-22 00:00:00+09:00,75590.48713719705,75734.69326385317,75042.52548614683,75388.609375,1602,0.0,0.0
2024-03-25 00:00:00+09:00,75388.61885941413,76253.8286903965,75273.25529546589,76023.1015625,1821,0.0,0.0
2024-03-26 00:00:00+09:00,76398.0263372588,76542.2257193239,76224.984375,76224.984375,1497,0.0,0.0
2024-03-27 00:00:00+09:00,76744.10721994923,77205.5546875,76426.86588819949,77205.5546875,2166,0.0,0.0
2024-03-28 00:00:00+09:00,77263.23072562358,77263.23072562358,76253.82160311259,76311.5,1311,0.0,0.0
2024-03-29 00:00:00+09:00,77263.2351053123,77782.36098507923,76542.22468581882,77551.640625,2514,0.0,0.0
2024-04-01 00:00:00+09:00,76657.58606397297,77061.34837248377,75850.0546875,75850.0546875,1458,0.0,0.0
2024-04-02 00:00:00+09:00,75850.06121597988,76138.4667522831,75273.25690282535,75792.3828125,1176,0.0,0.0
2024-04-03 00:00:00+09:00,75475.13658491106,75503.97240506468,74609.92679127223,74782.96875,1176,0.0,0.0
2024-04-04 00:00:00+09:00,74782.96256950694,75388.609375,74696.44159729365,75388.609375,936,0.0,0.0
2024-04-05 00:00:00+09:00,74696.45112047602,74898.32890841083,74004.28325452398,74350.3671875,1722,0.0,0.0
2024-04-08 00:00:00+09:00,74552.24045157348,75590.4921875,74206.15653959797,75590.4921875,1326,0.0,0.0
2024-04-09 00:00:00+09:00,75590.49089883022,77176.71105482649,75388.61312658706,76369.1796875,1698,0.0,0.0
2024-04-10 00:00:00+09:00,76426.86863161813,77176.71487878462,75619.33722428,75677.015625,1071,0.0,0.0
2024-04-11 00:00:00+09:00,75561.66523297153,76455.7109375,75100.21770971501,76455.7109375,1602,0.0,0.0
2024-04-12 00:00:00+09:00,76455.70285140749,76455.70285140749,74782.96843048693,75071.3671875,1683,0.0,0.0
2024-04-15 00:00:00+09:00,75071.37081095565,75705.86027402186,74927.17142548907,75186.734375,1047,0.0,0.0
2024-04-16 00:00:00+09:00,75186.72646801689,76426.86268285682,75186.72646801689,75994.2578125,1485,0.0,0.0
2024-04-17 00:00:00+09:00,76224.98235283638,76686.42982643536,75590.4929215692,75878.8984375,1113,0.0,0.0
2024-04-18 00:00:00+09:00,75330.92094332054,76513.3786850939,75273.24255083792,75821.2109375,993,0.0,0.0
2024-04-19 00:00:00+09:00,75994.26328483554,76282.66204620691,75071.3683219827,75936.578125,1107,0.0,0.0
2024-04-22 00:00:00+09:00,76080.78499293489,76859.47382309947,75619.33750709421,76224.984375,1365,0.0,0.0
2024-04-23 00:00:00+09:00,75907.72953657765,77292.06498855505,75821.20857082905,76571.0546875,1800,0.0,0.0
2024-04-24 00:00:00+09:00,76974.82652313204,76974.82652313204,76167.30191525684,76369.1796875,1254,0.0,0.0
2024-04-25 00:00:00+09:00,76859.46757785007,77176.7088963964,76282.65657755535,76830.625,1218,0.0,0.0
2024-04-26 00:00:00+09:00,76628.74366319871,77205.5546875,76023.09681929831,77205.5546875,2184,0.0,0.0
2024-04-30 00:00:00+09:00,77263.23159823201,77263.23159823201,76369.17925939844,76628.7421875,1566,0.0,0.0
2024-05-01 00:00:00+09:00,76542.22024409677,77234.38804361972,76398.02087234653,77119.03125,912,0.0,0.0
2024-05-02 00:00:00+09:00,77234.39264213278,78388.00796317402,77147.87166204098,77580.4765625,1473,0.0,0.0
2024-05-07 00:00:00+09:00,77724.68382842289,78445.6875,77292.07892169595,78445.6875,2184,0.0,0.0
2024-05-08 00:00:00+09:00,78099.60809191584,78964.81795541361,77349.76179670177,78041.9296875,1878,0.0,0.0
2024-05-09 00:00:00+09:00,78013.06981970828,78214.95432960894,77436.265625,77436.265625,840,0.0,0.0
2024-05-10 00:00:00+09:00,77811.19862232677,78186.11833870923,76455.69884940212,77378.59375,1839,0.0,0.0
2024-05-13 00:00:00+09:00,77493.95528753487,79195.5390625,77205.55652796062,79195.5390625,1710,0.0,0.0
2024-05-14 00:00:00+09:00,78618.72861502039,78705.2495954329,78041.9243320875,78128.4453125,1221,0.0,0.0
2024-05-15 00:00:00+09:00,77897.72958640268,78128.4499614142,77436.28207692769,77753.5234375,972,0.0,0.0
2024-05-16 00:00:00+09:00,77753.518405275,78272.64428504193,76657.58824558421,77551.640625,1359,0.0,0.0
2024-05-17 00:00:00+09:00,77119.03125,77724.6780745826,76801.78316891787,77119.03125,795,0.0,0.0
2024-05-20 00:00:00+09:00,77119.03963121695,77638.16553727722,76657.59212823494,76888.3125,936,0.0,0.0
2024-05-21 00:00:00+09:00,76599.90582374422,77263.23104880303,76484.5422700357,76859.46875,1017,0.0,0.0
2024-05-22 00:00:00+09:00,76859.46015981211,77205.54402280647,76224.97082450565,76571.0546875,888,0.0,0.0
2024-05-23 00:00:00+09:00,76224.97409446022,76571.05797230113,75705.84827769887,76138.453125,1326,0.0,0.0
2024-05-24 00:00:00+09:00,75705.85315945461,76340.34256289377,75475.1328125,75475.1328125,1008,0.0,0.0
2024-05-27 00:00:00+09:00,75475.14424482669,76455.7109375,75071.37512718268,76455.7109375,609,0.0,0.0
2024-05-28 00:00:00+09:00,75994.26316766832,76224.98352830001,75590.4940872484,75907.7421875,1914,0.0,0.0
2024-05-29 00:00:00+09:00,75907.7386686473,76023.09546388978,73831.23524086775,74984.84375,1890,0.0,0.0
2024-05-30 00:00:00+09:00,74811.80765184159,74984.84961769739,73283.27253993259,73802.3984375,1992,0.0,0.0
2024-05-31 00:00:00+09:00,74321.51391914443,74927.16071476029,73139.06290466379,74523.3984375,4641,0.0,0.0
2024-06-03 00:00:00+09:00,74350.35732456633,74840.64057809331,73196.74211452826,74004.2734375,2469,0.0,0.0
2024-06-04 00:00:00+09:00,73831.24321581905,74263.84814333469,73283.27472114858,73340.953125,1887,0.0,0.0
2024-06-05 00:00:00+09:00,73340.95229426741,73773.55721688292,73023.7109375,73023.7109375,1542,0.0,0.0
2024-06-06 00:00:00+09:00,73225.59342020111,73629.35575009059,72475.74040253984,73513.9921875,1575,0.0,0.0
2024-06-07 00:00:00+09:00,73398.6329550029,73687.03171275633,72591.1015625,72591.1015625,1803,0.0,0.0
2024-06-10 00:00:00+09:00,72591.10467650938,73888.9194204279,72591.10467650938,73802.3984375,1176,0.0,0.0
2024-06-11 00:00:00+09:00,73802.3878074001,73975.42974833187,73167.8984375,73167.8984375,1089,0.0,0.0
2024-06-12 00:00:00+09:00,73196.74465023613,73513.98597121994,73052.54527878006,73283.265625,861,0.0,0.0
2024-06-13 00:00:00+09:00,73283.27434787455,73513.99472155703,72706.47003394237,72764.1484375,1356,0.0,0.0
2024-06-14 00:00:00+09:00,72764.14670318222,73629.3565331844,72677.62572018201,72966.03125,1542,0.0,0.0
2024-06-17 00:00:00+09:00,73023.70227941177,73542.828125,72821.81775297708,73542.828125,1122,0.0,0.0
2024-06-18 00:00:00+09:00,73542.8174515845,73715.859375,73023.69168133802,73715.859375,933,0.0,0.0
2024-06-19 00:00:00+09:00,73658.19200177005,75157.88438933312,73485.15005247807,74090.796875,1812,0.0,0.0
2024-06-20 00:00:00+09:00,74263.836771023,75215.56746581514,73744.7109375,73744.7109375,1722,0.0,0.0
2024-06-21 00:00:00+09:00,73744.71265143469,74350.35947128762,73542.828125,73542.828125,1269,0.0,0.0
2024-06-24 00:00:00+09:00,73542.83187202887,74090.80032344152,73542.83187202887,73687.03125,588,0.0,0.0
2024-06-25 00:00:00+09:00,73831.24128803596,74350.3671875,73831.24128803596,74350.3671875,813,0.0,0.0
2024-06-26 00:00:00+09:00,74408.0423696524,74840.64726715037,74206.15783100283,74811.8046875,1035,0.0,0.0
2024-06-27 00:00:00+09:00,74782.96801486168,74811.80383473182,73254.4262214914,74494.5625,1920,0.0,0.0
2024-06-28 00:00:00+09:00,74494.56089907787,74811.80222699203,73600.50855383629,73888.9140625,1446,0.0,0.0
2024-07-01 00:00:00+09:00,73888.90706073113,74033.10642167288,72821.81286330025,73369.78125,1884,0.0,0.0
2024-07-02 00:00:00+09:00,73687.02413908202,74090.79317355917,72908.33540616996,73139.0625,978,0.0,0.0
2024-07-03 00:00:00+09:00,72994.86053354111,73139.0666652601,72187.3359375,72187.3359375,1797,0.0,0.0
2024-07-04 00:00:00+09:00,72389.21255785612,73110.22292665397,72245.01318787699,72994.859375,1218,0.0,0.0
2024-07-05 00:00:00+09:00,72908.341605313,72966.02676340069,72475.73671691232,72533.421875,1056,0.0,0.0
2024-07-08 00:00:00+09:00,72619.93591803544,73312.10367337985,72562.25076545624,72850.65625,867,0.0,0.0
2024-07-09 00:00:00+09:00,72706.45776798249,73167.8984375,72418.05227994593,73167.8984375,1461,0.0,0.0
2024-07-10 00:00:00+09:00,73167.90831232561,73542.83482142857,72677.625,72677.625,849,0.0,0.0
2024-07-11 00:00:00+09:00,72706.46585232743,73369.79111317177,72677.62327248148,72879.5078125,846,0.0,0.0
2024-07-12 00:00:00+09:00,72735.30005572063,74206.15668448844,72735.30005572063,73946.59375,1392,0.0,0.0
2024-07-16 00:00:00+09:00,73946.59074428925,74177.31784964599,73831.23395106202,74090.796875,831,0.0,0.0
2024-07-17 00:00:00+09:00,74436.88046832819,74494.55886470528,73831.23364828994,74379.1953125,789,0.0,0.0
2024-07-18 00:00:00+09:00,74004.27422998958,75821.21465654486,73975.43165260821,75129.046875,831,0.0,0.0
2024-07-19 00:00:00+09:00,75129.05558383487,75215.57656655734,74408.0451413303,74609.9296875,792,0.0,0.0
2024-07-22 00:00:00+09:00,74638.76144283719,75302.09344720912,74148.47815393518,74754.125,1302,0.0,0.0
2024-07-23 00:00:00+09:00,75157.88323244257,75157.88323244257,74379.19447261486,74898.3203125,1155,0.0,0.0
2024-07-24 00:00:00+09:00,74754.12094346003,75186.72581003098,74263.8376811633,74898.3203125,1269,0.0,0.0
2024-07-25 00:00:00+09:00,74840.64394077034,75129.04944610098,74263.8396895603,74408.0390625,1428,0.0,0.0
2024-07-26 00:00:00+09:00,74494.56291402236,75359.77270396455,74436.88451451005,75071.3671875,1269,0.0,0.0
2024-07-29 00:00:00+09:00,75129.04774543342,75561.65261391106,74436.8799558692,75446.2890625,1557,0.0,0.0
2024-07-30 00:00:00+09:00,75475.12869873614,75561.6496690597,73139.0625,73139.0625,2202,0.0,0.0
2024-07-31 00:00:00+09:00,73975.43492171107,75244.40699080442,73975.43492171107,74696.4453125,2286,0.0,0.0
2024-08-01 00:00:00+09:00,74696.44617761209,74869.48813264945,73600.50928940788,74177.3203125,1602,0.0,0.0
2024-08-02 00:00:00+09:00,73542.8293059593,75129.04944610098,72562.2559953961,74408.0390625,3207,0.0,0.0
2024-08-05 00:00:00+09:00,71235.6028548898,72360.3754959699,69534.01922490388,71293.28125,6270,0.0,0.0
2024-08-06 00:00:00+09:00,72475.73973127866,73888.91801198076,71120.24661106346,72389.21875,4191,0.0,0.0
2024-08-07 00:00:00+09:00,71322.12546643977,73946.5905163094,71264.44031055286,72735.296875,2640,0.0,0.0
2024-08-08 00:00:00+09:00,72302.70029193291,74494.56748063453,72302.70029193291,73831.2421875,1458,0.0,0.0
2024-08-09 00:00:00+09:00,73917.7586867901,74408.04198158025,73139.06987535495,73398.6328125,2337,0.0,0.0
2024-08-13 00:00:00+09:00,74177.31945340028,74840.64468687728,73946.59234305509,74696.4453125,1665,0.0,0.0
2024-08-14 00:00:00+09:00,74956.00909297956,75850.0546875,74119.63513752319,75850.0546875,1983,0.0,0.0
2024-08-15 00:00:00+09:00,76023.08957923611,76138.453125,75100.20149147727,76138.453125,1548,0.0,0.0
2024-08-16 00:00:00+09:00,76253.8203125,77090.1874707419,75475.13155016927,76253.8203125,1146,0.0,0.0
2024-08-19 00:00:00+09:00,76224.97815687327,76369.17752717518,75619.33133837371,75994.2578125,792,0.0,0.0
2024-08-20 00:00:00+09:00,75965.42026534764,76282.66160480108,75677.01474619353,76196.140625,687,0.0,0.0
2024-08-21 00:00:00+09:00,75878.90020773122,77147.87234041882,72850.66587789018,74840.6484375,1857,0.0,0.0
2024-08-22 00:00:00+09:00,74408.044419383,74984.84871211911,73600.51300199107,74321.5234375,1353,0.0,0.0
2024-08-23 00:00:00+09:00,74523.40636713154,75129.05322719099,73917.7595070721,74552.2421875,780,0.0,0.0
2024-08-26 00:00:00+09:00,74840.64224663131,75994.2574823887,74754.12127293578,75446.2890625,843,0.0,0.0
2024-08-27 00:00:00+09:00,75475.13740302518,76311.50462612469,75475.13740302518,75936.578125,1044,0.0,0.0
2024-08-28 00:00:00+09:00,76369.17215782714,76715.25602978021,75994.25246951173,76080.7734375,6990,0.0,0.0
2024-08-29 00:00:00+09:00,75854.28328326494,76564.86204938452,75291.73944700502,75765.4609375,3204,2278.3333,0.0
2024-08-30 00:00:00+09:00,75735.8442299722,75735.8442299722,74225.8644904508,74699.5859375,2832,0.0,0.0
2024-09-02 00:00:00+09:00,74077.82850852874,74581.15276804697,74048.21875,74048.21875,1494,0.0,0.0
2024-09-03 00:00:00+09:00,74433.11979794933,74462.72955725141,73574.50617064105,73633.71875,903,0.0,0.0
2024-09-04 00:00:00+09:00,73663.32850930208,74610.76447527141,73485.68383198,73633.71875,2532,0.0,0.0
2024-09-05 00:00:00+09:00,73663.33699131993,74610.77306638246,72567.8590419458,72923.1484375,1416,0.0,0.0
2024-09-06 00:00:00+09:00,73308.04754057342,73396.8698893951,72301.39194084574,72597.46875,1290,0.0,0.0
2024-09-09 00:00:00+09:00,72153.3481849953,72656.67245370371,71946.09375,71946.09375,1437,0.0,0.0
2024-09-10 00:00:00+09:00,72330.98762220175,73633.7128382243,72330.98762220175,73219.2109375,1392,0.0,0.0
2024-09-11 00:00:00+09:00,72627.066482459,72715.88882505446,71413.16344673645,72123.7421875,2211,0.0,0.0
2024-09-12 00:00:00+09:00,72538.24045173811,73011.96190124315,72271.7734375,72271.7734375,726,0.0,0.0
2024-09-13 00:00:00+09:00,73041.57851188566,73248.82602734791,72597.4667798297,73011.96875,2214,0.0,0.0
2024-09-17 00:00:00+09:00,73011.96710430912,73160.00203190913,72419.82045466344,73071.1796875,1050,0.0,0.0
2024-09-18 00:00:00+09:00,73071.17486687153,73308.0390625,72567.85059484014,73308.0390625,810,0.0,0.0
2024-09-19 00:00:00+09:00,73100.78462613639,73604.10889816779,72952.7497083025,73308.0390625,1080,0.0,0.0
2024-09-20 00:00:00+09:00,73574.50268013307,73989.00459447145,72715.88215431408,73100.78125,2115,0.0,0.0
2024-09-24 00:00:00+09:00,73752.15007067916,73781.75289042405,72419.81500480526,72627.0625,984,0.0,0.0
2024-09-25 00:00:00+09:00,73159.99290168399,73900.18132580126,72597.45608346007,73840.96875,1800,0.0,0.0
2024-09-26 00:00:00+09:00,73633.71508933949,74018.61418415066,73485.68017867897,73781.75,1026,0.0,0.0
2024-09-27 00:00:00+09:00,73781.75480497378,74610.765625,73781.75480497378,74610.765625,1026,0.0,0.0
2024-09-30 00:00:00+09:00,73900.18984280532,74018.62194730193,73130.3985116913,73456.078125,1635,0.0,0.0
2024-10-01 00:00:00+09:00,73456.0797714527,73870.58173761317,73130.40015084419,73396.8671875,738,0.0,0.0
2024-10-02 00:00:00+09:00,73248.81724204117,74018.6154447741,73248.81724204117,73752.1484375,1233,0.0,0.0
2024-10-03 00:00:00+09:00,73929.79859794203,74788.41226093587,73929.79859794203,74196.265625,1416,0.0,0.0
2024-10-04 00:00:00+09:00,74137.04750222337,74610.76898345417,73426.46875,73426.46875,1545,0.0,0.0
2024-10-07 00:00:00+09:00,73544.89670454546,73663.32880298074,72952.75009085952,73278.4296875,996,0.0,0.0
2024-10-08 00:00:00+09:00,73278.43141417572,73870.57804181453,72923.14204974336,73544.8984375,729,0.0,0.0
2024-10-09 00:00:00+09:00,73811.36546082428,73929.7975620502,73159.9993129498,73544.8984375,561,0.0,0.0
2024-10-10 00:00:00+09:00,73900.1914992124,73900.1914992124,73308.04484194805,73396.8671875,693,0.0,0.0
2024-10-11 00:00:00+09:00,73426.46633627407,73633.72077860808,73159.9993129498,73544.8984375,645,0.0,0.0
2024-10-15 00:00:00+09:00,73544.90350172177,74018.625,73248.82669789213,74018.625,1833,0.0,0.0
2024-10-16 00:00:00+09:00,73752.15658914567,73752.15658914567,71679.63287930565,72005.3125,3246,0.0,0.0
2024-10-17 00:00:00+09:00,72034.91219970887,72479.0238655517,71442.765625,71442.765625,2517,0.0,0.0
2024-10-18 00:00:00+09:00,71442.76683657174,71442.76683657174,70288.07648579839,70347.2890625,3051,0.0,0.0
2024-10-21 00:00:00+09:00,70554.55101034424,70969.05296992777,70436.11890507223,70702.5859375,1353,0.0,0.0
2024-10-22 00:00:00+09:00,70406.51176249934,70465.73128696065,69399.86311760786,69577.5078125,2472,0.0,0.0
2024-10-23 00:00:00+09:00,69577.50584919653,70406.50977580347,69192.60670804251,69992.0078125,1599,0.0,0.0
2024-10-24 00:00:00+09:00,70376.91006059738,70376.91006059738,69103.78741384135,69163.0,2268,0.0,0.0
2024-10-25 00:00:00+09:00,69695.92922435644,69843.97108828019,68837.31555842991,69399.859375,1422,0.0,0.0
2024-10-28 00:00:00+09:00,69133.39607526967,69843.97485483819,69103.78631303902,69577.5078125,990,0.0,0.0
2024-10-29 00:00:00+09:00,69429.46034024844,70228.86140278145,69281.4254195278,70140.0390625,1260,0.0,0.0
2024-10-30 00:00:00+09:00,70110.43450688575,70702.58111435981,69755.14515455229,69873.5703125,1380,0.0,0.0
2024-10-31 00:00:00+09:00,69547.89672475962,70406.51042062535,69281.4296875,69281.4296875,1902,0.0,0.0
2024-11-01 00:00:00+09:00,69162.99314777931,69843.96904774415,69074.17080771828,69488.6796875,1290,0.0,0.0
2024-11-05 00:00:00+09:00,69488.68337245009,69903.18533496732,67949.09375,67949.09375,2355,0.0,0.0
2024-11-06 00:00:00+09:00,68689.28980766387,70288.09218900326,68304.390625,68304.390625,3708,0.0,0.0
2024-11-07 00:00:00+09:00,68541.23652233997,68659.66862174644,67090.47626602589,67445.765625,3879,0.0,0.0
2024-11-08 00:00:00+09:00,66853.61986090224,68037.92017529489,66853.61986090224,67771.453125,2739,0.0,0.0
2024-11-11 00:00:00+09:00,67653.02300789917,67949.09983004465,66972.05395013551,67356.953125,2973,0.0,0.0
2024-11-12 00:00:00+09:00,67208.9136724418,67860.27992899604,67090.48849070218,67238.5234375,3381,0.0,0.0
2024-11-13 00:00:00+09:00,67208.91067429417,67208.91067429417,66498.3318585686,66675.9765625,3108,0.0,0.0
2024-11-14 00:00:00+09:00,66616.76023405361,66883.22727498983,66024.61356727731,66498.328125,3135,0.0,0.0
2024-11-15 00:00:00+09:00,66616.76453925946,67356.953125,66498.332422552,67356.953125,2841,0.0,0.0
2024-11-18 00:00:00+09:00,67564.19657295353,67860.27337721006,67238.51694574348,67534.59375,3180,0.0,0.0
2024-11-19 00:00:00+09:00,67504.98443314138,68274.77580219173,67386.55232280827,67830.6640625,2070,0.0,0.0
2024-11-20 00:00:00+09:00,67771.44836332023,68718.88438471903,67771.44836332023,68333.9921875,3303,0.0,0.0
2024-11-21 00:00:00+09:00,68452.42143350982,68511.6409591086,67564.1979419883,68156.3515625,1845,0.0,0.0
2024-11-22 00:00:00+09:00,67860.27717036553,68156.35399117174,67623.41987726834,68037.921875,2184,0.0,0.0
2024-11-25 00:00:00+09:00,68037.91302030403,68926.1364278798,67386.546875,67386.546875,27183,0.0,0.0
2024-11-26 00:00:00+09:00,67801.06492927851,67978.70963482313,67386.55599017686,67682.6328125,4557,0.0,0.0
2024-11-27 00:00:00+09:00,67889.88123592851,68274.7734375,67534.59185648056,68274.7734375,1722,0.0,0.0
2024-11-28 00:00:00+09:00,67682.62841796875,68541.24212593715,67682.62841796875,68215.5625,1656,0.0,0.0
2024-11-29 00:00:00+09:00,68393.20238333433,68630.05964560609,67386.546875,67386.546875,2190,0.0,0.0
2024-12-02 00:00:00+09:00,67534.59407863839,68067.52816534598,67179.3046875,67179.3046875,1797,0.0,0.0
2024-12-03 00:00:00+09:00,67149.703125,67297.73807630266,66646.37873917352,67149.703125,2175,0.0,0.0
2024-12-04 00:00:00+09:00,67327.3365625,67386.54914525147,66616.7578125,66616.7578125,2565,0.0,0.0
2024-12-05 00:00:00+09:00,66616.76285936248,67208.90954947477,66616.76285936248,67090.484375,2163,0.0,0.0
2024-12-06 00:00:00+09:00,66735.18857616729,66853.61373929039,66320.6796875,66320.6796875,2424,0.0,0.0
2024-12-09 00:00:00+09:00,66291.08632712929,66350.29891714142,65491.6851353565,66261.4765625,4692,0.0,0.0
2024-12-10 00:00:00+09:00,66143.03484232856,66261.46694440843,65669.3203125,65669.3203125,1827,0.0,0.0
2024-12-11 00:00:00+09:00,65639.71297002032,65846.96742148299,65373.24593495935,65550.890625,2202,0.0,0.0
2024-12-12 00:00:00+09:00,65787.75592047193,65965.4006321737,65284.43155039912,65373.25390625,3087,0.0,0.0
2024-12-13 00:00:00+09:00,65728.53305414807,66439.11178986858,65580.49813062143,66320.6796875,4545,0.0,0.0
2024-12-16 00:00:00+09:00,66320.68711128205,66350.296875,65906.18511546185,66350.296875,2676,0.0,0.0
2024-12-17 00:00:00+09:00,66350.2877160707,66527.93239536406,65817.35367819062,66054.2109375,1431,0.0,0.0
2024-12-18 00:00:00+09:00,65876.56954028827,66320.68126064808,65876.56954028827,65935.7890625,1542,0.0,0.0
2024-12-19 00:00:00+09:00,65728.53531504064,66261.46938516259,65550.890625,65550.890625,1662,0.0,0.0
2024-12-20 00:00:00+09:00,65728.53492774637,66320.6815779775,65580.5,65580.5,3366,0.0,0.0
2024-12-23 00:00:00+09:00,65610.10265058617,66587.1484375,65610.10265058617,66587.1484375,2031,0.0,0.0
2024-12-24 00:00:00+09:00,66320.68435891463,67060.87290717514,66320.68435891463,66824.015625,1632,0.0,0.0
2024-12-25 00:00:00+09:00,67179.30265490284,67297.72782220191,66883.22585816373,67268.125,1173,0.0,0.0
2024-12-26 00:00:00+09:00,67682.62664587119,67949.09367991005,67386.5498505239,67623.4140625,3144,0.0,0.0
2024-12-27 00:00:00+09:00,68097.13618512274,69399.86867820923,68097.13618512274,68630.0703125,4353,0.0,0.0
2024-12-30 00:00:00+09:00,68866.93114008369,69222.2205407389,68097.1328125,68097.1328125,4443,0.0,0.0
2025-01-06 00:00:00+09:00,68985.35497188651,69903.18821880284,68955.75214857196,69518.2890625,3543,0.0,0.0
2025-01-07 00:00:00+09:00,70169.6573217503,70199.26708517909,69311.0435747772,69429.46875,2835,0.0,0.0
2025-01-08 00:00:00+09:00,69429.46594059262,70080.83213494574,69429.46594059262,69577.5078125,1743,0.0,0.0
2025-01-09 00:00:00+09:00,69843.97313404614,69843.97313404614,69251.81953949772,69311.0390625,2475,0.0,0.0
2025-01-10 00:00:00+09:00,69311.03944916632,69488.68414067273,68985.35288857405,69281.4296875,1824,0.0,0.0
2025-01-14 00:00:00+09:00,69666.32954725978,69873.577063314,68896.53125,68896.53125,3240,0.0,0.0
2025-01-15 00:00:00+09:00,68926.1345474968,69251.81414164121,68837.3122091624,69192.6015625,2610,0.0,0.0
2025-01-16 00:00:00+09:00,69281.42773209921,69695.9296875,69251.8179712686,69695.9296875,1152,0.0,0.0
2025-01-17 00:00:00+09:00,69311.0407701618,69725.54274516148,69311.0407701618,69577.5078125,1443,0.0,0.0
2025-01-20 00:00:00+09:00,69932.79619463261,69932.79619463261,68926.140625,68926.140625,3186,0.0,0.0
2025-01-21 00:00:00+09:00,69192.60562459781,69518.28523786194,69014.9609375,69014.9609375,2259,0.0,0.0
2025-01-22 00:00:00+09:00,69281.42121489119,69725.53288934562,69251.81145684591,69666.3203125,1959,0.0,0.0
2025-01-23 00:00:00+09:00,69429.46429778119,69636.71875,69192.60702327806,69636.71875,1590,0.0,0.0
2025-01-24 00:00:00+09:00,69725.54022266896,71265.12983578429,69725.54022266896,71028.265625,2139,0.0,0.0
2025-01-27 00:00:00+09:00,71235.51637949806,72449.41937462887,71235.51637949806,72242.171875,2763,0.0,0.0
2025-01-28 00:00:00+09:00,72449.42156824136,73130.39748548408,72271.77688361205,72804.7109375,3135,0.0,0.0
2025-01-29 00:00:00+09:00,72863.93585132297,73130.40289798862,72538.24927923428,72923.1484375,2940,0.0,0.0
2025-01-30 00:00:00+09:00,73071.17409201658,73071.17409201658,71975.7032210209,72301.3828125,3006,0.0,0.0
2025-01-31 00:00:00+09:00,72479.03431298536,72508.64407472455,71650.0234375,71650.0234375,4185,0.0,0.0
2025-02-03 00:00:00+09:00,71975.7040003305,72123.73891819744,70821.01359893079,70909.8359375,4878,0.0,0.0
2025-02-04 00:00:00+09:00,71324.33391635572,71501.97858364428,70761.79015686036,71413.15625,3624,0.0,0.0
2025-02-05 00:00:00+09:00,71501.97340626217,71501.97340626217,70436.1054797092,70939.4296875,4170,0.0,0.0
2025-02-06 00:00:00+09:00,71117.08352700554,71265.12538430991,70850.61651095192,71235.515625,1581,0.0,0.0
2025-02-07 00:00:00+09:00,71087.4809086192,71176.30324755573,70258.47009879649,70554.546875,3444,0.0,0.0
2025-02-10 00:00:00+09:00,70761.80094437017,70761.80094437017,70051.22216688948,70584.15625,3246,0.0,0.0
2025-02-12 00:00:00+09:00,70584.14389936112,70821.0080765727,70317.6769044316,70465.71875,1872,0.0,0.0
2025-02-13 00:00:00+09:00,70347.28916878172,70761.79108480907,70228.85707595466,70672.96875,2013,0.0,0.0
2025-02-14 00:00:00+09:00,70613.75562570496,71590.80130102918,70613.75562570496,71383.546875,1737,0.0,0.0
2025-02-17 00:00:00+09:00,71650.02109714734,72538.24452785266,71620.41827562086,72094.1328125,2478,0.0,0.0
2025-02-18 00:00:00+09:00,72360.59336687747,72390.203125,72064.52354263175,72390.203125,1224,0.0,0.0
2025-02-19 00:00:00+09:00,72419.82062848932,72893.53517364465,72064.53125,72064.53125,1590,0.0,0.0
2025-02-20 00:00:00+09:00,72153.35194811365,72182.95476948179,71857.27515971367,72123.7421875,1581,0.0,0.0
2025-02-21 00:00:00+09:00,72094.13312381634,72271.7778107245,71738.84375,71738.84375,2277,0.0,0.0
2025-02-25 00:00:00+09:00,72123.74415114884,72449.42376978394,71679.63242608019,71709.2421875,4392,0.0,0.0
2025-02-26 00:00:00+09:00,71650.02266466038,71798.06453251373,71176.30811741762,71709.2421875,9969,0.0,0.0
2025-02-27 00:00:00+09:00,71714.4349885597,72813.0390625,71531.33430956965,72813.0390625,6084,2405.6667,0.0
2025-02-28 00:00:00+09:00,72446.82985394528,73270.78282011427,72050.109375,72050.109375,4203,0.0,0.0
2025-03-03 00:00:00+09:00,72324.76395440252,72935.09713107588,72233.21362028302,72782.515625,1995,0.0,0.0
2025-03-04 00:00:00+09:00,72385.79677585131,72507.86627491559,71561.84375,71561.84375,2502,0.0,0.0
2025-03-05 00:00:00+09:00,71409.26119481861,71928.04404159784,71104.09102781148,71256.6796875,3219,0.0,0.0
2025-03-06 00:00:00+09:00,71287.18668169426,71867.0078125,71287.18668169426,71867.0078125,1314,0.0,0.0
2025-03-07 00:00:00+09:00,71714.42705743079,71714.42705743079,71104.08676004993,71226.15625,1923,0.0,0.0
2025-03-10 00:00:00+09:00,71500.80277208558,71714.42257806288,71043.05115382638,71073.5703125,2388,0.0,0.0
2025-03-11 00:00:00+09:00,70982.01998884816,71409.25244843373,70646.3307005454,71073.5703125,2697,0.0,0.0
2025-03-12 00:00:00+09:00,71256.67548923017,72019.59013324408,71134.60599914537,71989.078125,2268,0.0,0.0
2025-03-13 00:00:00+09:00,71989.07574946198,72629.92803461336,71714.42477011138,72385.7890625,2427,0.0,0.0
2025-03-14 00:00:00+09:00,72751.98604240335,72996.125,72324.75359516247,72996.125,3165,0.0,0.0
2025-03-17 00:00:00+09:00,72996.13820130554,73423.37072581115,72904.58786374218,73392.8515625,1794,0.0,0.0
2025-03-18 00:00:00+09:00,73484.39165544236,74430.4140625,73453.87964875507,74430.4140625,3594,0.0,0.0
2025-03-19 00:00:00+09:00,74216.80115060753,74552.49047431542,74094.73880777719,74247.3203125,2220,0.0,0.0
2025-03-21 00:00:00+09:00,74430.42090027184,74766.10307125436,73820.08772965733,74186.2890625,2706,0.0,0.0
2025-03-24 00:00:00+09:00,74186.28577106568,74613.51825630378,74094.73544191684,74399.8984375,2499,0.0,0.0
2025-03-25 00:00:00+09:00,75071.26717051053,75254.36782214593,74491.44605620873,74552.484375,4530,0.0,0.0
2025-03-26 00:00:00+09:00,74644.03839313494,75345.921875,74277.83707174976,75345.921875,2982,0.0,0.0
2025-03-27 00:00:00+09:00,75010.24334762033,76139.359375,75010.24334762033,76139.359375,1635,0.0,0.0
2025-03-28 00:00:00+09:00,76139.359375,76139.359375,75101.79368240084,76139.359375,1539,0.0,0.0
2025-03-31 00:00:00+09:00,76108.84251646574,76108.84251646574,74277.8359375,74277.8359375,4047,0.0,0.0
2025-04-01 00:00:00+09:00,74674.55033025875,75010.23964278717,74003.186009941,74583.0,1941,0.0,0.0
2025-04-02 00:00:00+09:00,74796.62846583946,74796.62846583946,74064.22573912378,74705.078125,1701,0.0,0.0
2025-04-03 00:00:00+09:00,73850.59613547468,73850.59613547468,73209.74383427156,73453.8828125,3132,0.0,0.0
2025-04-04 00:00:00+09:00,73087.6796875,73209.74202122189,72263.72674921558,73087.6796875,3285,0.0,0.0
2025-04-07 00:00:00+09:00,71348.22582122931,72629.93043387192,70615.82318543352,71287.1875,3816,0.0,0.0
2025-04-08 00:00:00+09:00,72813.02897369611,74582.99719044374,72355.277339646,73972.6640625,3729,0.0,0.0
2025-04-09 00:00:00+09:00,72965.60601541652,73240.2569790881,72263.72260348986,73118.1875,2166,0.0,0.0
2025-04-10 00:00:00+09:00,73606.46544840295,75071.27073095823,73301.29529708075,74521.96875,3888,0.0,0.0
2025-04-11 00:00:00+09:00,73820.09395364168,74766.109375,73392.85426105691,74766.109375,1899,0.0,0.0
2025-04-14 00:00:00+09:00,75223.85139978539,75834.19169569018,74949.20041233907,75101.7890625,1863,0.0,0.0
2025-04-15 00:00:00+09:00,73881.12072511367,74308.3532398551,73636.98888131426,73850.6015625,2370,0.0,0.0
2025-04-16 00:00:00+09:00,73911.63462170685,74277.8359375,73636.98363486199,74277.8359375,1236,0.0,0.0
2025-04-17 00:00:00+09:00,74277.83683987899,74674.55016856149,73881.11635882697,74460.9375,1347,0.0,0.0
2025-04-18 00:00:00+09:00,74582.99909579768,75376.44005000059,74369.38642936337,74399.8984375,1350,0.0,0.0
2025-04-21 00:00:00+09:00,73972.66668888748,74644.03816012101,73850.59719801696,74460.9375,1026,0.0,0.0
2025-04-22 00:00:00+09:00,74003.18081287676,75101.78469882939,74003.18081287676,75010.234375,1413,0.0,0.0
2025-04-23 00:00:00+09:00,75040.76024999977,75254.38009587144,74247.32634762986,74644.046875,2010,0.0,0.0
2025-04-24 00:00:00+09:00,74705.07016728625,74705.07016728625,73881.1171875,73881.1171875,1344,0.0,0.0
2025-04-25 00:00:00+09:00,74399.89993217801,74399.89993217801,73667.49728427349,73820.0859375,1737,0.0,0.0
2025-04-28 00:00:00+09:00,73850.59646260696,74399.8984375,73728.53412532149,74399.8984375,1338,0.0,0.0
2025-04-30 00:00:00+09:00,74003.18826887308,74033.70027831101,72874.06511042581,73362.3359375,4869,0.0,0.0
2025-05-01 00:00:00+09:00,73484.39678156754,74064.21792987187,73453.88477275179,73942.1484375,2013,0.0,0.0
2025-05-02 00:00:00+09:00,74125.25330831653,75010.24466161088,73911.640625,73911.640625,3801,0.0,0.0
2025-05-07 00:00:00+09:00,74308.35256891164,75315.40625,74186.29022429904,75315.40625,2448,0.0,0.0
2025-05-08 00:00:00+09:00,75193.34899360058,75193.34899360058,74521.97744332108,74705.078125,1593,0.0,0.0
2025-05-09 00:00:00+09:00,74979.72907362375,75223.86093149825,74125.25684250743,74644.046875,2811,0.0,0.0
2025-05-12 00:00:00+09:00,74949.19877988887,75559.5390625,74613.51663111127,75559.5390625,1698,0.0,0.0
2025-05-13 00:00:00+09:00,75559.54603321991,75559.54603321991,74521.97317895552,74674.5546875,2373,0.0,0.0
2025-05-14 00:00:00+09:00,74552.48618782463,74918.6875,74064.21538746769,74918.6875,1965,0.0,0.0
2025-05-15 00:00:00+09:00,74918.69201078254,75284.89334500654,74552.49067655855,75132.3046875,1440,0.0,0.0
2025-05-16 00:00:00+09:00,75132.29670519315,75529.0171592435,74705.06424477903,75010.234375,1188,0.0,0.0
2025-05-19 00:00:00+09:00,75071.27339166046,75071.27339166046,74003.18855273165,74308.3515625,2379,0.0,0.0
2025-05-20 00:00:00+09:00,74308.34629323767,74308.34629323767,73728.532324371,74033.6953125,1230,0.0,0.0
2025-05-21 00:00:00+09:00,74003.18675987075,74369.38808461672,73698.0166051259,73942.1484375,999,0.0,0.0
2025-05-22 00:00:00+09:00,73667.49744394052,74155.76826105836,73423.36561156642,73942.1484375,1080,0.0,0.0
2025-05-23 00:00:00+09:00,73972.67012551709,74521.97213139964,73972.67012551709,74369.390625,750,0.0,0.0
2025-05-26 00:00:00+09:00,74583.00256271339,74613.52172463814,74216.80122909554,74308.3515625,513,0.0,0.0
2025-05-27 00:00:00+09:00,74735.59134367055,75132.3046875,74705.07218169527,75132.3046875,1200,0.0,0.0
2025-05-28 00:00:00+09:00,75040.75172305584,75651.09202694417,74888.17022326853,75345.921875,1347,0.0,0.0
2025-05-29 00:00:00+09:00,75193.3472887113,75681.61099387091,74888.17710870889,75162.828125,1191,0.0,0.0
2025-05-30 00:00:00+09:00,75437.4791412911,75529.02948005481,74796.62676994519,75162.828125,1347,0.0,0.0
2025-06-02 00:00:00+09:00,75345.91489505678,75620.56586065236,75071.26392946117,75467.984375,1221,0.0,0.0
2025-06-03 00:00:00+09:00,75284.890705559,75559.54169659788,75071.27088396112,75345.921875,951,0.0,0.0
2025-06-04 00:00:00+09:00,75345.91659679878,75620.56756859756,75071.265625,75071.265625,774,0.0,0.0
2025-06-05 00:00:00+09:00,75223.8593000524,75284.897627475,74796.62676994519,75162.828125,1053,0.0,0.0
2025-06-06 00:00:00+09:00,74827.14593365649,75529.02948005481,74827.14593365649,75162.828125,1731,0.0,0.0
2025-06-09 00:00:00+09:00,75071.27073095823,75315.40256059426,74521.96875,74521.96875,2547,0.0,0.0
2025-06-10 00:00:00+09:00,74521.97139123367,74827.14155337182,74186.28921954057,74308.3515625,2718,0.0,0.0
2025-06-11 00:00:00+09:00,74308.34721146147,74918.6875,74216.79688341763,74918.6875,3087,0.0,0.0
2025-06-12 00:00:00+09:00,75132.3046875,75529.02518369927,74766.103353276,75132.3046875,2814,0.0,0.0
2025-06-13 00:00:00+09:00,75315.40115429838,76261.4235990743,74918.6878325935,75864.703125,4479,0.0,0.0
2025-06-16 00:00:00+09:00,75956.25362078434,76902.27606764437,75864.70329213238,76688.65625,2610,0.0,0.0
2025-06-17 00:00:00+09:00,76597.1120466617,77482.10339598119,76078.32919360443,77146.4140625,2202,0.0,0.0
2025-06-18 00:00:00+09:00,77298.99398302124,77451.57547493232,76810.72319558891,76963.3046875,1365,0.0,0.0
2025-06-19 00:00:00+09:00,76902.27434679335,77360.02597980997,76780.2048605325,77085.375,1335,0.0,0.0
2025-06-20 00:00:00+09:00,77085.37255140707,77421.0546875,76810.72158032129,77421.0546875,4851,0.0,0.0
2025-06-23 00:00:00+09:00,77360.03117104128,77756.75166373397,77115.89933450641,77299.0,1926,0.0,0.0
2025-06-24 00:00:00+09:00,77634.68572274882,77909.33673356043,77115.90286422802,77268.484375,1656,0.0,0.0
2025-06-25 00:00:00+09:00,77268.48358548766,77939.85510029059,77268.48358548766,77909.3359375,1290,0.0,0.0
2025-06-26 00:00:00+09:00,78000.88026315789,78519.66307640317,77573.64777885999,78275.53125,3282,0.0,0.0
2025-06-27 00:00:00+09:00,78031.40129817053,79038.45494078436,78031.40129817053,78702.765625,1701,0.0,0.0
2025-06-30 00:00:00+09:00,78733.28817016317,79496.21001329969,78489.15632740225,78550.1875,2388,0.0,0.0
2025-07-01 00:00:00+09:00,78275.5347079918,78763.805534738,77817.78304303279,78183.984375,2493,0.0,0.0
2025-07-02 00:00:00+09:00,78489.15033220897,79282.58412485498,78336.56168381481,78916.3828125,1725,0.0,0.0
2025-07-03 00:00:00+09:00,78550.18660557827,79038.45743791029,78367.0859375,78367.0859375,1398,0.0,0.0
2025-07-04 00:00:00+09:00,78611.21431171503,78824.83413251168,78275.53215249417,78458.6328125,1272,0.0,0.0
2025-07-07 00:00:00+09:00,78519.6606347164,79313.1015625,78428.11030861594,79313.1015625,1641,0.0,0.0
2025-07-08 00:00:00+09:00,79374.13519736842,79618.26702377158,78275.53125,78275.53125,2865,0.0,0.0
2025-07-09 00:00:00+09:00,78489.15711630117,78946.90879630997,77909.3359375,77909.3359375,2457,0.0,0.0
2025-07-10 00:00:00+09:00,78367.08166047068,78428.1128290426,78092.43067334287,78336.5625,1257,0.0,0.0
2025-07-11 00:00:00+09:00,78336.56078205907,78885.86274426836,78336.56078205907,78733.28125,1458,0.0,0.0
2025-07-14 00:00:00+09:00,78885.86792638752,79160.51892553436,78611.21692724068,78946.90625,1419,0.0,0.0
2025-07-15 00:00:00+09:00,78885.86808353734,79252.06941646265,78519.66675061203,79068.96875,1896,0.0,0.0
2025-07-16 00:00:00+09:00,79221.55656276309,79648.7890625,79038.45589825159,79648.7890625,1560,0.0,0.0
2025-07-17 00:00:00+09:00,79648.79260039744,79801.37411014459,79252.07209221082,79618.2734375,1482,0.0,0.0
2025-07-18 00:00:00+09:00,79770.86291320871,79831.89408725603,79221.56088967255,79740.34375,1806,0.0,0.0
2025-07-22 00:00:00+09:00,79740.34375,79801.37492404733,79130.01055241651,79740.34375,1626,0.0,0.0
2025-07-23 00:00:00+09:00,79160.51636586121,79923.43816738979,79160.51636586121,79221.5546875,1956,0.0,0.0
2025-07-24 00:00:00+09:00,79221.56176459152,79526.72479056842,78855.3604115231,79160.5234375,2817,0.0,0.0
2025-07-25 00:00:00+09:00,79099.48527713625,79557.2369280456,78946.90377762298,79282.5859375,1797,0.0,0.0
2025-07-28 00:00:00+09:00,79496.20748033545,80198.09097614039,79282.58765449496,79587.7578125,2256,0.0,0.0
2025-07-29 00:00:00+09:00,79587.76137242361,80320.1640625,79343.62237415147,80320.1640625,2049,0.0,0.0
2025-07-30 00:00:00+09:00,80838.94103565607,81540.82451178963,80411.70854831861,80808.421875,11769,0.0,0.0
2025-07-31 00:00:00+09:00,80808.41594399566,81907.01981854711,80808.41594399566,81876.5078125,3045,0.0,0.0
2025-08-01 00:00:00+09:00,81784.96971578257,82242.72139860902,81418.76836952142,82029.1015625,2919,0.0,0.0
2025-08-04 00:00:00+09:00,82395.30033370412,82395.30033370412,81693.41682609584,82303.75,3903,0.0,0.0
2025-08-05 00:00:00+09:00,82395.30025523828,82639.4320940935,82181.68042600884,82242.71875,1959,0.0,0.0
2025-08-06 00:00:00+09:00,82608.91603373163,83341.31866675365,82486.8465441048,83097.1796875,2832,0.0,0.0
2025-08-07 00:00:00+09:00,83585.44785370879,83890.61799195275,83127.69622252748,83310.796875,3180,0.0,0.0
2025-08-08 00:00:00+09:00,83432.86982086685,83554.93215933118,82944.599009901,83219.25,4380,0.0,0.0
2025-08-12 00:00:00+09:00,83219.24654876374,83615.96701324396,83005.62673675604,83310.796875,3231,0.0,0.0
2025-08-13 00:00:00+09:00,83310.80131143742,83677.0026358833,83188.7318191656,83463.3828125,2139,0.0,0.0
2025-08-14 00:00:00+09:00,83463.37665845754,84043.19776353451,83219.24484428417,83707.515625,3537,0.0,0.0
2025-08-15 00:00:00+09:00,83707.52179704366,83799.07212815514,83249.77014148631,83463.3828125,4410,0.0,0.0
2025-08-18 00:00:00+09:00,83463.3914326208,83768.56161863363,83432.87942067876,83585.4609375,2301,0.0,0.0
2025-08-19 00:00:00+09:00,83768.54617170553,84409.3984375,83493.89520065076,84409.3984375,3792,0.0,0.0
2025-08-20 00:00:00+09:00,84409.39835243876,84714.56848187066,84012.6778994142,84348.3671875,4419,0.0,0.0
2025-08-21 00:00:00+09:00,84500.96434316813,84500.96434316813,83585.4609375,83585.4609375,4344,0.0,0.0
2025-08-22 00:00:00+09:00,83738.02943031094,83829.57975663868,83371.828125,83371.828125,3207,0.0,0.0
2025-08-25 00:00:00+09:00,83615.97146593219,83707.52179704366,83219.25098032596,83463.3828125,4923,0.0,0.0
2025-08-26 00:00:00+09:00,83493.90355960265,83615.97305419315,82944.6015625,82944.6015625,4800,0.0,0.0
2025-08-27 00:00:00+09:00,82944.60528533826,84561.9921875,82730.98544830931,84561.9921875,15522,0.0,0.0
2025-08-28 00:00:00+09:00,84948.6654370824,85892.53949749444,84571.11581291759,84759.890625,7704,2776.3333,3.0
2025-08-29 00:00:00+09:00,84854.26885416667,85892.53020833334,84665.4940625,84948.65625,5404,0.0,0.0
2025-09-01 00:00:00+09:00,84571.1171875,85137.44163295202,84193.56755719866,84571.1171875,2762,0.0,0.0
2025-09-02 00:00:00+09:00,84665.5,85137.4370122631,84665.5,84665.5,1861,0.0,0.0
2025-09-03 00:00:00+09:00,84476.72181633959,84665.49661369453,82777.74864014504,82966.5234375,2345,0.0,0.0
2025-09-04 00:00:00+09:00,82872.14199843036,82872.14199843036,82022.65534924372,82683.3671875,3533,0.0,0.0
2025-09-05 00:00:00+09:00,82494.59237656964,82872.14199843036,82022.65534924372,82683.3671875,2357,0.0,0.0
2025-09-08 00:00:00+09:00,82872.13740022805,83438.46180159635,82777.75,82777.75,2087,0.0,0.0
2025-09-09 00:00:00+09:00,82872.1365419966,83721.62313525169,82872.1365419966,83438.4609375,2292,0.0,0.0
2025-09-10 00:00:00+09:00,83155.30515483917,83721.62959403216,82777.75552871049,83627.2421875,1759,0.0,0.0
2025-09-11 00:00:00+09:00,83816.01153523491,84571.11073825504,83627.23673447987,84382.3359375,2672,0.0,0.0
2025-09-12 00:00:00+09:00,85231.82217508278,85514.984375,84665.49777524834,85514.984375,4036,0.0,0.0
2025-09-16 00:00:00+09:00,84759.89109219269,85514.99034468438,84665.50368563124,85231.828125,2083,0.0,0.0
2025-09-17 00:00:00+09:00,85231.828125,85326.21553156147,84476.7288725083,85231.828125,1306,0.0,0.0
2025-09-18 00:00:00+09:00,85231.82254089766,85231.82254089766,84287.94853712249,84382.3359375,994,0.0,0.0
2025-09-19 00:00:00+09:00,84476.72519509475,84948.66220735786,84099.17558528428,84665.5,3371,0.0,0.0
2025-09-22 00:00:00+09:00,84665.4935405028,85231.81791201117,84287.9439594972,84476.71875,1743,0.0,0.0
2025-09-24 00:00:00+09:00,84571.11534154536,84571.11534154536,83721.6286919093,84287.953125,1368,0.0,0.0
2025-09-25 00:00:00+09:00,84476.72931572671,84665.50412984006,83816.01746632997,84099.1796875,1717,0.0,0.0
2025-09-26 00:00:00+09:00,84476.72519509475,84665.5,83816.01337792641,84665.5,1972,0.0,0.0
2025-09-29 00:00:00+09:00,84476.7232041049,84665.498004561,82777.75,82777.75,2167,0.0,0.0
2025-09-30 00:00:00+09:00,82777.75417018581,84382.34005489864,82683.36676520269,83816.015625,4066,0.0,0.0
2025-10-01 00:00:00+09:00,84099.17874751703,84193.56615351872,82211.43062748297,83155.3046875,2622,0.0,0.0
2025-10-02 00:00:00+09:00,83155.30097321428,83816.01278571428,82117.03955357143,82588.9765625,2321,0.0,0.0
2025-10-03 00:00:00+09:00,82494.59237656964,82966.52940389555,82117.0427547089,82683.3671875,1874,0.0,0.0
2025-10-06 00:00:00+09:00,83060.91820987655,84099.1796875,83060.91820987655,84099.1796875,1929,0.0,0.0
2025-10-07 00:00:00+09:00,84193.56063695163,84193.56063695163,83249.68663877953,83910.3984375,1003,0.0,0.0
2025-10-08 00:00:00+09:00,83910.40068359375,83910.40068359375,83060.9140625,83060.9140625,1008,0.0,0.0
2025-10-09 00:00:00+09:00,83060.9172814983,83155.3046875,82400.20543948638,83155.3046875,1195,0.0,0.0
2025-10-10 00:00:00+09:00,82683.36073369566,82683.36073369566,82305.81114130435,82494.5859375,918,0.0,0.0
2025-10-14 00:00:00+09:00,81739.48859749145,82777.75,81456.3263968073,82777.75,1697,0.0,0.0
2025-10-15 00:00:00+09:00,82777.74864014504,82966.5234375,82400.19904543515,82966.5234375,834,0.0,0.0
2025-10-16 00:00:00+09:00,82305.81349206349,83249.6875,82305.81349206349,83249.6875,1394,0.0,0.0
2025-10-17 00:00:00+09:00,83249.68613899886,83438.4609375,82872.1365419966,83438.4609375,995,0.0,0.0
2025-10-20 00:00:00+09:00,83910.4044070965,83910.4044070965,83155.30515483917,83627.2421875,1088,0.0,0.0
2025-10-21 00:00:00+09:00,83438.46552944506,83910.40255167044,83155.30331610984,83344.078125,1197,0.0,0.0
2025-10-22 00:00:00+09:00,83627.24311174666,84571.1171875,83438.46829659598,84571.1171875,2453,0.0,0.0
2025-10-23 00:00:00+09:00,84571.11123470523,84854.2734375,84004.78682911569,84854.2734375,1704,0.0,0.0
2025-10-24 00:00:00+09:00,84665.49813863255,85043.04774014262,84099.17373636745,84382.3359375,1382,0.0,0.0
2025-10-27 00:00:00+09:00,84665.50048503326,85137.4375,84287.95087305986,85137.4375,2860,0.0,0.0
2025-10-28 00:00:00+09:00,85137.44163295202,85137.44163295202,83721.63051932199,84571.1171875,1522,0.0,0.0
2025-10-29 00:00:00+09:00,84854.2678019663,84854.2678019663,83627.23167134832,84004.78125,1461,0.0,0.0
2025-10-30 00:00:00+09:00,84004.79090845466,84759.8901525756,83532.85388087906,84287.953125,2011,0.0,0.0
2025-10-31 00:00:00+09:00,84854.2775580907,85420.60199118141,83438.46647536394,84287.953125,4425,0.0,0.0
2025-11-04 00:00:00+09:00,84382.3359375,84854.27293938759,83910.39893561242,84382.3359375,2219,0.0,0.0
2025-11-05 00:00:00+09:00,83910.39540745856,85420.59375,83816.00801104972,85420.59375,2052,0.0,0.0
2025-11-06 00:00:00+09:00,84948.65728021978,85892.53125,84948.65728021978,85892.53125,1732,0.0,0.0
2025-11-07 00:00:00+09:00,85892.53997093023,85892.53997093023,84759.89109219269,85231.828125,1047,0.0,0.0
2025-11-10 00:00:00+09:00,85326.20635359116,85798.14333563535,85137.43156077348,85420.59375,1932,0.0,0.0
2025-11-11 00:00:00+09:00,85703.76608707558,86175.703125,85137.44164156627,86175.703125,3229,0.0,0.0
2025-11-12 00:00:00+09:00,85892.52989651864,86458.85426946272,85892.52989651864,86081.3046875,1427,0.0,0.0
2025-11-13 00:00:00+09:00,85892.54043915198,86081.31525330397,85137.44118254406,85703.765625,1173,0.0,0.0
2025-11-14 00:00:00+09:00,85892.53125,85986.91864697803,85231.81947115384,85892.53125,1021,0.0,0.0
2025-11-17 00:00:00+09:00,85892.53176229508,86364.46875,85514.98217213115,86364.46875,1279,0.0,0.0
2025-11-18 00:00:00+09:00,86364.4671875,86364.4671875,84948.65625,84948.65625,1252,0.0,0.0
2025-11-19 00:00:00+09:00,85137.43977463606,85420.60199118141,84287.953125,84287.953125,1071,0.0,0.0
2025-11-20 00:00:00+09:00,85137.43613454093,85703.76054341813,84665.49912714325,85326.2109375,1091,0.0,0.0
2025-11-21 00:00:00+09:00,85137.43207417583,86270.08083791209,84948.65728021978,85892.53125,968,0.0,0.0
2025-11-25 00:00:00+09:00,86081.31026058631,87025.18427660152,85703.76065418024,86930.796875,2207,0.0,0.0
2025-11-26 00:00:00+09:00,86647.63467019543,87025.18427660152,86364.47246539088,86930.796875,1354,0.0,0.0
2025-11-27 00:00:00+09:00,86930.7941554054,87308.34375,86553.24456081081,87308.34375,1636,0.0,0.0
2025-11-28 00:00:00+09:00,87025.1805327869,87213.95532786885,86364.46875,86364.46875,1461,0.0,0.0
2025-12-01 00:00:00+09:00,86742.01729972375,86742.01729972375,85420.59375,85420.59375,1201,0.0,0.0
2025-12-02 00:00:00+09:00,85798.14333563535,85798.14333563535,84759.88197513812,85420.59375,1319,0.0,0.0
2025-12-03 00:00:00+09:00,84759.88603656841,84948.66083843159,84099.17423004728,84854.2734375,1744,0.0,0.0
2025-12-04 00:00:00+09:00,84571.10561797753,85043.04259129213,83721.61906601123,84004.78125,1253,0.0,0.0
2025-12-05 00:00:00+09:00,84004.79181362866,84287.95403322516,83438.46737443567,83627.2421875,1054,0.0,0.0
2025-12-08 00:00:00+09:00,84099.16811440678,84099.16811440678,82872.13199152543,83532.84375,1652,0.0,0.0
2025-12-09 00:00:00+09:00,83060.9172814983,83438.4669055051,82211.43062748297,83155.3046875,1538,0.0,0.0
2025-12-10 00:00:00+09:00,82966.52394124717,84004.78533300338,82872.1365419966,83438.4609375,1217,0.0,0.0
2025-12-11 00:00:00+09:00,83438.4669055051,84476.72837152384,82872.1424694949,83155.3046875,1303,0.0,0.0
2025-12-12 00:00:00+09:00,84004.78769618834,84287.94990190583,83344.07588284754,84193.5625,2338,0.0,0.0
2025-12-15 00:00:00+09:00,83910.39385533708,84476.71822331462,83910.39385533708,84004.78125,939,0.0,0.0
2025-12-16 00:00:00+09:00,84004.7873167865,85326.2109375,84004.7873167865,85326.2109375,1197,0.0,0.0
2025-12-17 00:00:00+09:00,85231.82490299335,85326.2123059867,84382.33827605321,85137.4375,1090,0.0,0.0
2025-12-18 00:00:00+09:00,85137.43798235944,85703.76240352812,84665.50096471886,85609.375,772,0.0,0.0
2025-12-19 00:00:00+09:00,85137.43613454093,85986.92274785675,85137.43613454093,85326.2109375,1234,0.0,0.0
2025-12-22 00:00:00+09:00,85231.82765520601,85703.76468541202,84759.890625,84759.890625,1251,0.0,0.0
2025-12-23 00:00:00+09:00,85514.98574045907,85514.98574045907,84571.11172566371,85326.2109375,749,0.0,0.0
2025-12-24 00:00:00+09:00,85326.20635359116,85703.75593922651,85043.04416436463,85420.59375,871,0.0,0.0
2025-12-25 00:00:00+09:00,85326.21645673603,86175.703125,85326.21645673603,86175.703125,833,0.0,0.0
2025-12-26 00:00:00+09:00,86081.3046875,86364.46687397204,85420.59291906524,86081.3046875,1199,0.0,0.0
2025-12-29 00:00:00+09:00,86081.3092755214,86081.3092755214,85609.37227291438,85986.921875,947,0.0,0.0
2025-12-30 00:00:00+09:00,85892.53583952146,86647.63505569307,85420.5988294142,85798.1484375,882,0.0,0.0
2026-01-05 00:00:00+09:00,85609.375,85892.53721058434,85043.05057883132,85609.375,1580,0.0,0.0
2026-01-06 00:00:00+09:00,85892.53632727024,86270.0859375,85514.98671704048,86270.0859375,810,0.0,0.0
2026-01-07 00:00:00+09:00,85892.53680971164,86742.0234375,85703.76200353645,86742.0234375,1085,0.0,0.0
2026-01-08 00:00:00+09:00,86270.09099264706,87119.57766544117,86081.31617647059,86647.640625,1503,0.0,0.0
2026-01-09 00:00:00+09:00,87119.57167820304,87591.50868621064,86836.40947339848,86930.796875,1388,0.0,0.0
2026-01-13 00:00:00+09:00,87308.35248161765,87591.51470588235,86553.25321691176,86647.640625,1241,0.0,0.0
2026-01-14 00:00:00+09:00,86930.79824367519,87119.57304985038,86458.86122823722,86742.0234375,1118,0.0,0.0
2026-01-15 00:00:00+09:00,86742.0212065598,87591.5078125,86458.85900457973,87591.5078125,1303,0.0,0.0
2026-01-16 00:00:00+09:00,87591.51103336921,88063.44805402315,87308.34882097685,87685.8984375,1401,0.0,0.0
2026-01-19 00:00:00+09:00,88157.83309581976,88157.83309581976,86930.796875,86930.796875,1202,0.0,0.0
2026-01-20 00:00:00+09:00,86930.79824367519,87402.73525911316,86647.63603441241,86742.0234375,1281,0.0,0.0
2026-01-21 00:00:00+09:00,86364.47284962871,86647.63505569307,85420.5988294142,85798.1484375,1450,0.0,0.0
2026-01-22 00:00:00+09:00,86364.46823489011,86553.24302884615,85892.53125,85892.53125,1440,0.0,0.0
2026-01-23 00:00:00+09:00,85892.52989651864,86175.69208299069,85609.3677100466,86081.3046875,1365,0.0,0.0
2026-01-26 00:00:00+09:00,86081.31152993347,86270.08633592018,85137.4375,85137.4375,1222,0.0,0.0
2026-01-27 00:00:00+09:00,84948.6594755827,85231.82167383464,84382.33507907881,85043.046875,1246,0.0,0.0
2026-01-28 00:00:00+09:00,85043.04873306138,85420.59833897953,84665.49912714325,85326.2109375,2095,0.0,0.0
2026-01-29 00:00:00+09:00,85326.21056222708,86458.859375,84193.56174945415,86458.859375,2504,0.0,0.0
2026-01-30 00:00:00+09:00,86458.86025165017,86458.86025165017,85609.3736334571,85798.1484375,2090,0.0,0.0
2026-02-02 00:00:00+09:00,85609.36802083334,85986.91760416667,84948.65625,84948.65625,1741,0.0,0.0
2026-02-03 00:00:00+09:00,84948.66181930693,86458.86025165017,84948.66181930693,85798.1484375,2152,0.0,0.0
2026-02-04 00:00:00+09:00,86175.6926032579,87213.95395992366,85703.75562295529,86553.2421875,1618,0.0,0.0
2026-02-05 00:00:00+09:00,86647.63603441241,87591.51006528836,86553.24863132481,86742.0234375,1461,0.0,0.0
2026-02-06 00:00:00+09:00,87119.56793032787,87308.34272540984,86364.46875,86364.46875,1530,0.0,0.0
2026-02-09 00:00:00+09:00,86553.2467760644,87497.12078670852,86458.859375,86458.859375,1712,0.0,0.0
2026-02-10 00:00:00+09:00,86553.2416649534,86742.01645593476,85892.52989651864,86081.3046875,1357,0.0,0.0
2026-02-12 00:00:00+09:00,85986.92830983023,86742.02757050931,85892.54090224535,86175.703125,1428,0.0,0.0
2026-02-13 00:00:00+09:00,86458.85563186814,86458.85563186814,85420.59426510989,85892.53125,1727,0.0,0.0
2026-02-16 00:00:00+09:00,85892.52989651864,86081.3046875,85326.20552357456,86081.3046875,1547,0.0,0.0
2026-02-17 00:00:00+09:00,85986.92137486204,86081.30877483444,85326.2095750552,85514.984375,1539,0.0,0.0
2026-02-18 00:00:00+09:00,85609.37227291438,86364.47147708562,85420.59747187157,85986.921875,1067,0.0,0.0
2026-02-19 00:00:00+09:00,86270.08407656422,86553.24627812843,85514.98487239298,85986.921875,1447,0.0,0.0
2026-02-20 00:00:00+09:00,85986.92461411246,86270.0868246968,85514.98759647188,85609.375,1220,0.0,0.0
2026-02-24 00:00:00+09:00,86364.4719739356,86930.79638032205,85420.59796329148,86458.859375,1793,0.0,0.0
2026-02-25 00:00:00+09:00,86836.40996220303,87780.28398353132,86270.08554940605,87402.734375,7516,0.0,0.0
2026-02-26 00:00:00+09:00,87970.46971471886,88454.88860081312,87679.81838306229,87873.5859375,2932,2386.0,0.0
2026-02-27 00:00:00+09:00,88358.00375,88358.00375,87195.3984375,87195.3984375,1756,0.0,0.0
2026-03-02 00:00:00+09:00,87098.51667701434,87776.703125,86517.21400731236,87776.703125,1508,0.0,0.0
2026-03-03 00:00:00+09:00,87292.28608921595,87582.93743024554,86710.9834071568,86807.8671875,1416,0.0,0.0
2026-03-04 00:00:00+09:00,86710.9792380137,86710.9792380137,84773.30372431506,84870.1875,3032,0.0,0.0
2026-03-05 00:00:00+09:00,86226.5635451505,87486.05267558528,86226.5635451505,86904.75,1536,0.0,0.0
2026-03-06 00:00:00+09:00,83998.24010724852,83998.24010724852,81866.796875,81866.796875,6385,0.0,0.0
2026-03-09 00:00:00+09:00,81091.72651537998,81091.72651537998,79638.46976779251,80316.65625,4317,0.0,0.0
2026-03-10 00:00:00+09:00,80801.0703125,81091.72164455935,80026.00009367506,80801.0703125,3172,0.0,0.0
2026-03-11 00:00:00+09:00,80413.53720238096,81769.91011904762,79638.46696428572,81382.375,5371,0.0,0.0
2026-03-12 00:00:00+09:00,80413.53510895884,81285.48910411622,80026.0,80026.0,16260,0.0,0.0
2026-03-13 00:00:00+09:00,78282.09568858561,78475.86325217121,78088.328125,78088.328125,51756,0.0,0.0
2026-03-16 00:00:00+09:00,77991.44048996914,79154.04581404322,77991.44048996914,78475.859375,8438,0.0,0.0
2026-03-17 00:00:00+09:00,78766.51272403492,79154.04784198836,78766.51272403492,79057.1640625,9916,0.0,0.0
2026-03-18 00:00:00+09:00,79154.04806547619,81382.375,78863.39672619048,81382.375,38423,0.0,0.0
2026-03-19 00:00:00+09:00,80413.53802779465,80801.07315082017,79735.3515625,79735.3515625,29856,0.0,0.0
2026-03-23 00:00:00+09:00,78960.28221936425,79057.1660012285,77991.44440072175,78863.3984375,11866,0.0,0.0
2026-03-24 00:00:00+09:00,79250.9345402829,79929.12102167896,78766.515625,78766.515625,6509,0.0,0.0
2026-03-25 00:00:00+09:00,78863.39849452555,79929.12009580292,78669.63093065693,79638.46875,4274,0.0,0.0
2026-03-26 00:00:00+09:00,79444.703125,79541.58690929877,78669.63285060975,79444.703125,5975,0.0,0.0
2026-03-27 00:00:00+09:00,78475.86234662577,79444.70015337424,78475.86234662577,78960.28125,4433,0.0,0.0
2026-03-30 00:00:00+09:00,78282.09562969925,78669.63075657895,77022.60646734023,77313.2578125,7272,0.0,0.0
2026-03-31 00:00:00+09:00,77022.60836373731,77119.49214784264,76053.770522684,76344.421875,9505,0.0,0.0
2026-04-01 00:00:00+09:00,77119.49024906015,77797.67672109962,77022.60646734023,77313.2578125,3759,0.0,0.0
2026-04-02 00:00:00+09:00,77507.02141057934,78378.97540144836,76731.95119647356,76925.71875,4009,0.0,0.0
2026-04-03 00:00:00+09:00,77119.48544520547,77797.671875,76828.83411815068,77797.671875,3242,0.0,0.0
2026-04-06 00:00:00+09:00,77507.02351485148,78475.86130878712,77507.02351485148,78282.09375,3111,0.0,0.0
2026-04-07 00:00:00+09:00,78378.9784986834,78669.62984045848,78088.3271569083,78185.2109375,3504,0.0,0.0
2026-04-08 00:00:00+09:00,78766.51567257917,79541.5859375,78475.86432323385,79541.5859375,7562,0.0,0.0
2026-04-09 00:00:00+09:00,79638.47065501848,79638.47065501848,78282.09767549261,78669.6328125,7043,0.0,0.0
2026-04-10 00:00:00+09:00,79250.93551801109,79250.93551801109,78185.21389124077,78669.6328125,4560,0.0,0.0
2026-04-13 00:00:00+09:00,78282.0947180917,78669.62984045848,77797.6758151332,78185.2109375,3532,0.0,0.0
2026-04-14 00:00:00+09:00,78863.39545349196,79057.16300988875,78378.9765625,78378.9765625,5673,0.0,0.0
2026-04-15 00:00:00+09:00,78475.85830479451,79154.04473458904,77797.671875,77797.671875,3025,0.0,0.0
2026-04-16 00:00:00+09:00,78185.2119067928,78185.2119067928,77410.14165245037,78088.328125,5666,0.0,0.0
2026-04-17 00:00:00+09:00,78185.20794692954,78185.20794692954,77410.13773184227,77700.7890625,2150,0.0,0.0
2026-04-20 00:00:00+09:00,78088.32611328125,78088.32611328125,77410.13965820312,77507.0234375,2061,0.0,0.0
2026-04-21 00:00:00+09:00,77894.5585546875,77991.44233398436,77507.0234375,77507.0234375,2166,0.0,0.0
2026-04-22 00:00:00+09:00,77507.02141057934,77603.90518734258,76925.71875,76925.71875,3310,0.0,0.0
2026-04-23 00:00:00+09:00,76925.72365119196,77313.25878293601,76635.07230238394,77216.375,4682,0.0,0.0
2026-04-24 00:00:00+09:00,77022.6044625947,77022.6044625947,76538.18556660354,76731.953125,2216,0.0,0.0
2026-04-27 00:00:00+09:00,76731.95409292035,76925.72165376107,76344.41897123893,76635.0703125,2562,0.0,0.0
2026-04-28 00:00:00+09:00,76344.41890166028,76344.41890166028,75569.34865900382,75860.0,4086,0.0,0.0
2026-04-30 00:00:00+09:00,75666.234375,75763.1181578105,75084.931678137,75666.234375,5361,0.0,0.0
2026-05-01 00:00:00+09:00,75375.58005798969,75666.23139497422,74600.50982603093,75181.8125,5076,0.0,0.0
2026-05-07 00:00:00+09:00,75278.69434848972,75666.22945453084,75084.92679546915,75375.578125,3122,0.0,0.0
2026-05-08 00:00:00+09:00,75569.34761597938,75569.34761597938,74794.27738402062,75181.8125,3864,0.0,0.0
2026-05-11 00:00:00+09:00,74988.04494201031,75569.34761597938,74988.04494201031,75181.8125,2198,0.0,0.0
2026-05-12 00:00:00+09:00,75181.81437663185,75181.81437663185,74019.20899967363,74212.9765625,4501,0.0,0.0
2026-05-13 00:00:00+09:00,74116.09472144961,74212.97850539921,73437.90823380236,74019.2109375,4529,0.0,0.0
2026-05-14 00:00:00+09:00,73728.5546875,73922.32224252628,73437.90335496058,73728.5546875,2257,0.0,0.0
2026-05-15 00:00:00+09:00,73825.43664883269,74697.390625,73631.66909857329,74697.390625,4557,0.0,0.0
2026-05-18 00:00:00+09:00,74600.50770997375,74600.50770997375,73534.78617125984,73825.4375,2817,0.0,0.0
2026-05-19 00:00:00+09:00,73631.67100130039,74503.625,73437.90344603382,74503.625,2733,0.0,0.0
2026-05-20 00:00:00+09:00,74697.39344161184,74794.27722039474,73437.90431743421,73631.671875,4548,0.0,0.0
2026-05-21 00:00:00+09:00,74212.97163745086,74309.85541243447,73825.43653751638,73922.3203125,2432,0.0,0.0
2026-05-22 00:00:00+09:00,74309.85735257884,74309.85735257884,73437.90335496058,73728.5546875,2636,0.0,0.0
2026-05-25 00:00:00+09:00,73631.67576058202,73728.55954447752,72953.48927331349,73244.140625,1957,0.0,0.0
2026-05-26 00:00:00+09:00,73050.3671875,73341.01851583223,72856.59963527852,73050.3671875,2829,0.0,0.0
2026-05-27 00:00:00+09:00,73341.02246866755,73534.79003133245,72759.71978067282,73437.90625,3894,0.0,0.0
2026-05-28 00:00:00+09:00,73050.36622516556,73147.25,72469.06357615894,73147.25,5411,0.0,0.0
2026-05-29 00:00:00+09:00,73341.01957744744,74406.74113009198,72953.48446739487,73728.5546875,4908,0.0,0.0
2026-06-01 00:00:00+09:00,73825.44328626337,74019.21085394385,72469.0703125,72469.0703125,4193,0.0,0.0
2026-06-02 00:00:00+09:00,72275.29579668472,72275.29579668472,71112.69050236807,71597.109375,5492,0.0,0.0
2026-06-03 00:00:00+09:00,71306.45805142084,72178.41202215833,71209.57427689445,71597.109375,4018,0.0,0.0
2026-06-04 00:00:00+09:00,71209.57707331731,71209.57707331731,70240.73929000687,70531.390625,5477,0.0,0.0
2026-06-05 00:00:00+09:00,71015.80672784169,71790.87692405278,70918.9229533153,71597.109375,3788,0.0,0.0
2026-06-08 00:00:00+09:00,71112.69145918022,71597.11033832995,70918.92390752032,71500.2265625,2193,0.0,0.0
2026-06-09 00:00:00+09:00,71694.00094049248,71694.00094049248,70531.39551983585,70822.046875,2843,0.0,0.0
2026-06-10 00:00:00+09:00,71112.69537567385,71887.765625,70628.276469845,71887.765625,3529,0.0,0.0
2026-06-11 00:00:00+09:00,71984.65135135135,72372.18648648649,71597.11621621622,71694.0,2324,0.0,0.0
2026-06-12 00:00:00+09:00,72469.06934245661,72662.83690754339,71887.76664719626,72565.953125,4076,0.0,0.0
2026-06-15 00:00:00+09:00,72565.95215625,73244.138625,71887.7656875,72662.8359375,3534,0.0,0.0
2026-06-16 00:00:00+09:00,72275.29579668472,72275.29579668472,71209.57427689445,71597.109375,2898,0.0,0.0
2026-06-17 00:00:00+09:00,71693.999030027,72081.53415991903,71209.58011766194,71790.8828125,3171,0.0,0.0
2026-06-18 00:00:00+09:00,71887.76166581978,72081.52921747968,70822.04013169037,71500.2265625,2872,0.0,0.0
2026-06-19 00:00:00+09:00,71209.57523501015,71790.87788998983,71209.57523501015,71500.2265625,9705,0.0,0.0
2026-06-22 00:00:00+09:00,71500.22840831045,71597.11218664149,70531.390625,70531.390625,3346,0.0,0.0
2026-06-23 00:00:00+09:00,70822.04108717774,71500.22752713705,70725.1573100407,71403.34375,3075,0.0,0.0
2026-06-24 00:00:00+09:00,71403.34575832772,72081.53221736205,71306.46197846568,71984.6484375,3171,0.0,0.0
2026-06-25 00:00:00+09:00,71984.65042973965,72662.83690754339,71597.11529956608,72565.953125,3370,0.0,0.0
2026-06-26 00:00:00+09:00,72662.83497003994,72856.60252996006,72178.41607023968,72759.71875,3158,0.0,0.0
2026-06-29 00:00:00+09:00,72953.48825517356,73244.13960280374,72565.953125,72565.953125,4144,0.0,0.0
2026-06-30 00:00:00+09:00,72469.06934245661,73050.37203771695,72178.41799482644,72565.953125,2695,0.0,0.0
2026-07-01 00:00:00+09:00,72372.18648648649,72469.07027027027,71694.0,71694.0,2079,0.0,0.0
2026-07-02 00:00:00+09:00,71887.7627307047,72565.9491715604,71887.7627307047,72178.4140625,2065,0.0,0.0
2026-07-03 00:00:00+09:00,72275.3008125,73341.02240625,72275.3008125,72662.8359375,4035,0.0,0.0
2026-07-06 00:00:00+09:00,73050.373057209,73922.32711226853,72953.48927331349,73244.140625,4225,0.0,0.0
2026-07-07 00:00:00+09:00,73631.67576058202,74019.21089616402,73147.2568411045,73244.140625,2755,0.0,0.0
2026-07-08 00:00:00+09:00,73631.66887417219,73631.66887417219,73147.25,73147.25,2422,0.0,0.0
2026-07-09 00:00:00+09:00,73437.905282444,73728.55662261198,72953.48638216403,73534.7890625,3216,0.0,0.0
2026-07-10 00:00:00+09:00,73631.67576058202,73631.67576058202,73244.140625,73244.140625,1453,0.0,0.0
2026-07-13 00:00:00+09:00,73341.02440889551,73922.32711226853,73147.2568411045,73244.140625,2632,0.0,0.0
2026-07-14 00:00:00+09:00,73631.67580170157,74116.09472144961,73341.02444985275,74019.2109375,3162,0.0,0.0
2026-07-15 00:00:00+09:00,74116.08786246723,74309.85541243447,73728.55276253277,73922.3203125,3209,0.0,0.0
2026-07-16 00:00:00+09:00,74212.97748101057,74309.86126362285,73244.13965488772,73341.0234375,2572,0.0,0.0
2026-07-17 00:00:00+09:00,73341.01861876641,74212.97260498688,73341.01861876641,73825.4375,3285,0.0,0.0
2026-07-21 00:00:00+09:00,74212.97662306202,74988.046875,73825.44149709302,74988.046875,3455,0.0,0.0
2026-07-22 00:00:00+09:00,75084.93157679739,75084.93157679739,74019.20996732026,74116.09375,2202,0.0,0.0
2026-07-23 00:00:00+09:00,75084.93264222756,76053.77048277244,74988.04885817308,75569.3515625,3440,0.0,0.0
2026-07-24 00:00:00+09:00,75956.88475063938,75956.88475063938,75375.58206122123,75763.1171875,1910,0.0,0.0
2026-07-27 00:00:00+09:00,76053.76955600444,76635.07225324778,76053.76955600444,76441.3046875,1794,0.0,0.0
2026-07-28 00:00:00+09:00,76635.06741971032,77410.13763381612,76441.29986618388,76925.71875,2319,0.0,0.0
2026-07-29 00:00:00+09:00,76925.72178980793,78185.2109375,76925.72178980793,78185.2109375,4358,0.0,0.0
2026-07-30 00:00:00+09:00,77216.37217667079,78282.09375,76441.30194152227,78282.09375,14987,0.0,0.0
2026-07-31 00:00:00+09:00,77894.55847537878,77991.44225457702,76731.953125,76731.953125,4014,0.0,0.0
2026-08-03 00:00:00+09:00,77216.37391104539,77216.37391104539,75763.1171875,75763.1171875,4014,0.0,0.0
2026-08-04 00:00:00+09:00,75763.11614919355,76053.76748991935,75084.9296875,75084.9296875,2938,0.0,0.0
2026-08-05 00:00:00+09:00,75956.88567270375,75956.88567270375,74309.86136602523,74891.1640625,3072,0.0,0.0
2026-08-06 00:00:00+09:00,74600.51368199482,75278.70017001296,74406.74611398965,74794.28125,2666,0.0,0.0
2026-08-07 00:00:00+09:00,75084.93260200777,75472.46773801814,74600.51368199482,74794.28125,2434,0.0,0.0
2026-08-10 00:00:00+09:00,75181.81346774193,75472.46480846773,74600.51078629032,75084.9296875,1692,0.0,0.0
2026-08-12 00:00:00+09:00,75472.4609375,75472.4609375,74697.39073531772,75472.4609375,1625,0.0,0.0
2026-08-13 00:00:00+09:00,75472.46480846773,75859.99992943548,75084.9296875,75084.9296875,2026,0.0,0.0
2026-08-14 00:00:00+09:00,75181.8154609475,75956.88572343151,75084.931678137,75666.234375,3072,0.0,0.0
2026-08-17 00:00:00+09:00,76247.53211359255,76344.41589010283,75181.81057197943,75375.578125,2382,0.0,0.0
2026-08-18 00:00:00+09:00,75375.5810282258,75375.5810282258,74600.51078629032,75084.9296875,2470,0.0,0.0
2026-08-19 00:00:00+09:00,75181.8124186198,75181.8124186198,74309.85840861003,74406.7421875,2591,0.0,0.0
2026-08-20 00:00:00+09:00,74600.51174903101,75084.93065649224,74406.74418604652,74988.046875,2200,0.0,0.0
2026-08-21 00:00:00+09:00,74600.5078125,74891.15914163961,74309.85648336039,74600.5078125,2251,0.0,0.0
2026-08-24 00:00:00+09:00,74891.16020149614,75278.6953125,74600.50886824324,75278.6953125,2032,0.0,0.0
2026-08-25 00:00:00+09:00,75278.69434848972,76053.76456057197,74988.04301895887,75375.578125,2598,0.0,0.0
2026-08-26 00:00:00+09:00,75666.23340593031,76247.53609534846,74988.04693494245,75763.1171875,2707,0.0,0.0
2026-08-27 00:00:00+09:00,76150.65134099616,76247.53512132823,75569.34865900382,75860.0,8819,0.0,0.0
2026-08-28 00:00:00+09:00,75200.0,75800.0,74700.0,74800.0,8537,2440.0,0.0
2026-08-31 00:00:00+09:00,74800.0,75100.0,74200.0,75100.0,8192,0.0,0.0
2026-09-01 00:00:00+09:00,75000.0,75100.0,74500.0,74700.0,2713,0.0,0.0
2026-09-02 00:00:00+09:00,74500.0,75000.0,73800.0,74400.0,3867,0.0,0.0
2026-09-03 00:00:00+09:00,74900.0,75100.0,74300.0,74300.0,2340,0.0,0.0
2026-09-04 00:00:00+09:00,74400.0,74900.0,74300.0,74500.0,2724,0.0,0.0
2026-09-07 00:00:00+09:00,74500.0,74600.0,74100.0,74100.0,2240,0.0,0.0
2026-09-08 00:00:00+09:00,74100.0,74600.0,73600.0,74000.0,3417,0.0,0.0
2026-09-09 00:00:00+09:00,74100.0,74600.0,74000.0,74000.0,4538,0.0,0.0
2026-09-10 00:00:00+09:00,74000.0,74700.0,73800.0,74300.0,2590,0.0,0.0
2026-09-11 00:00:00+09:00,74700.0,74700.0,73400.0,73600.0,6145,0.0,0.0
2026-09-14 00:00:00+09:00,73400.0,75000.0,73300.0,75000.0,4122,0.0,0.0
2026-09-15 00:00:00+09:00,75300.0,75300.0,74600.0,74900.0,3146,0.0,0.0
2026-09-16 00:00:00+09:00,75000.0,75500.0,74900.0,75400.0,2394,0.0,0.0
2026-09-17 00:00:00+09:00,75600.0,75800.0,75100.0,75600.0,2206,0.0,0.0
2026-09-18 00:00:00+09:00,75900.0,76100.0,75300.0,75800.0,4555,0.0,0.0
2026-09-24 00:00:00+09:00,75800.0,76100.0,75300.0,75600.0,3391,0.0,0.0
2026-09-25 00:00:00+09:00,75800.0,75800.0,74100.0,74600.0,2973,0.0,0.0
2026-09-28 00:00:00+09:00,74800.0,75200.0,74600.0,74700.0,2699,0.0,0.0
2026-09-29 00:00:00+09:00,75000.0,75200.0,74500.0,74900.0,2938,0.0,0.0
2026-09-30 00:00:00+09:00,75000.0,75900.0,75000.0,75600.0,2749,0.0,0.0
2026-10-01 00:00:00+09:00,75600.0,75700.0,75200.0,75200.0,1272,0.0,0.0
2026-10-02 00:00:00+09:00,75200.0,75400.0,74800.0,75300.0,2353,0.0,0.0
2026-10-05 00:00:00+09:00,75200.0,75300.0,74100.0,74300.0,2940,0.0,0.0
2026-10-06 00:00:00+09:00,74200.0,75300.0,74200.0,75300.0,2813,0.0,0.0
2026-10-07 00:00:00+09:00,75400.0,75800.0,74800.0,75200.0,2006,0.0,0.0
2026-10-08 00:00:00+09:00,75100.0,75100.0,74400.0,74400.0,2329,0.0,0.0
2026-10-09 00:00:00+09:00,74300.0,75500.0,74300.0,75500.0,913,0.0,0.0
