Date,Open,High,Low,Close,Volume,Dividends,Stock Splits
2021-10-06 00:00:00+09:00,121117.67427803895,121600.85648925453,118057.52027367361,119909.71875,7164,0.0,0.0
2021-10-07 00:00:00+09:00,120634.49394791666,121037.145796875,119346.00803125,120795.5546875,4231,0.0,0.0
2021-10-08 00:00:00+09:00,120956.59440888555,121922.95867846387,120312.35156250001,120312.3515625,6241,0.0,0.0
2021-10-11 00:00:00+09:00,121359.26826365895,122084.04159768212,119748.66085471855,121600.859375,4168,0.0,0.0
2021-10-12 00:00:00+09:00,122808.80363036304,122969.86435643565,121681.3785478548,122003.5,4643,0.0,0.0
2021-10-13 00:00:00+09:00,122808.79640888456,124177.8125,122406.14461738002,124177.8125,6065,0.0,0.0
2021-10-14 00:00:00+09:00,124016.77599413299,125627.38347457627,123130.94187988917,123533.59375,6407,0.0,0.0
2021-10-15 00:00:00+09:00,124097.29599228896,125224.72113433441,123775.17452313312,124016.765625,3875,0.0,0.0
2021-10-18 00:00:00+09:00,124419.42887757566,125224.73262435608,123211.47325740501,125063.671875,4897,0.0,0.0
2021-10-19 00:00:00+09:00,125305.24882075471,125546.83991745282,122728.2771226415,123775.171875,5140,0.0,0.0
2021-10-20 00:00:00+09:00,123372.51843830959,124580.47390604761,122808.80588669852,124338.8828125,3960,0.0,0.0
2021-10-21 00:00:00+09:00,124177.82966087811,124258.36003030799,122245.10079456095,122889.34375,4450,0.0,0.0
2021-10-22 00:00:00+09:00,122889.3417372178,123050.40247343956,120876.08253444555,121278.734375,3468,0.0,0.0
2021-10-25 00:00:00+09:00,122567.22382036425,123130.93641349339,121520.32900455299,121600.859375,3190,0.0,0.0
2021-10-26 00:00:00+09:00,122325.62840055316,122808.81060621697,121922.9765625,121922.9765625,2995,0.0,0.0
2021-10-27 00:00:00+09:00,122486.6953125,123050.40791420119,122164.57382581361,122486.6953125,3745,0.0,0.0
2021-10-28 00:00:00+09:00,122969.8708502435,124177.82635957791,122325.6279119318,124016.765625,5742,0.0,0.0
2021-10-29 00:00:00+09:00,124016.765625,125063.66039975648,122969.8708502435,124016.765625,4385,0.0,0.0
2021-11-01 00:00:00+09:00,124419.41732833932,124580.47806274494,123291.99218749999,123291.9921875,2439,0.0,0.0
2021-11-02 00:00:00+09:00,123855.70489042207,124499.94782873376,123453.05305397727,124016.765625,3519,0.0,0.0
2021-11-04 00:00:00+09:00,125546.83682391827,126513.20118689904,124499.94209735577,125627.3671875,5110,0.0,0.0
2021-11-05 00:00:00+09:00,126352.12744421785,126754.7792206494,125144.17211492323,125868.9453125,3145,0.0,0.0
2021-11-08 00:00:00+09:00,126110.55041799363,126835.32369625797,125224.71641122611,126432.671875,2894,0.0,0.0
2021-11-09 00:00:00+09:00,126513.20370817246,126593.73407335907,124822.06603925354,125144.1875,2817,0.0,0.0
2021-11-10 00:00:00+09:00,124902.59714080692,125224.71860345246,124177.82384985447,124499.9453125,2915,0.0,0.0
2021-11-11 00:00:00+09:00,124902.60244341979,125305.25428882088,124419.42022893847,124983.1328125,1695,0.0,0.0
2021-11-12 00:00:00+09:00,125063.66053199646,126030.0249404858,124741.5390625,124741.5390625,2814,0.0,0.0
2021-11-15 00:00:00+09:00,124177.82384985447,124983.1275064683,123855.70238720893,124499.9453125,2755,0.0,0.0
2021-11-16 00:00:00+09:00,124499.944427589,125466.30880865696,124177.82296723302,124419.4140625,2168,0.0,0.0
2021-11-17 00:00:00+09:00,123936.24737548828,124419.42962646484,123211.47399902344,123694.65625,2253,0.0,0.0
2021-11-18 00:00:00+09:00,123694.63796477496,124499.94159735812,123453.046875,123453.046875,2372,0.0,0.0
2021-11-19 00:00:00+09:00,123211.47050424281,123533.59199575718,122325.63640257833,123372.53125,2893,0.0,0.0
2021-11-22 00:00:00+09:00,123533.58368100128,125788.43396983313,123453.05331354302,125466.3125,3591,0.0,0.0
2021-11-24 00:00:00+09:00,124902.60255845613,125788.4366191544,124419.4203435298,125707.90625,4260,0.0,0.0
2021-11-25 00:00:00+09:00,125788.43396983313,126191.08580712453,125144.19103016688,125466.3125,2700,0.0,0.0
2021-11-26 00:00:00+09:00,125788.42524686898,125868.95560874278,123855.69656189789,125385.7734375,4255,0.0,0.0
2021-11-29 00:00:00+09:00,124419.42254990184,125063.66551456151,122164.57217359293,123050.40625,6941,0.0,0.0
2021-11-30 00:00:00+09:00,124661.02240953948,125949.50842927632,122406.171875,122406.171875,11925,0.0,0.0
2021-12-01 00:00:00+09:00,124822.07207433957,126191.0883487033,123855.70764537694,124983.1328125,12452,0.0,0.0
2021-12-02 00:00:00+09:00,124097.30018009168,125385.78610019646,122969.875,122969.875,9693,0.0,0.0
2021-12-03 00:00:00+09:00,124258.35495570545,125466.31044782184,122808.8083651658,123855.703125,8592,0.0,0.0
2021-12-06 00:00:00+09:00,124097.31154525296,124499.96343216163,122406.17362023654,122567.234375,4399,0.0,0.0
2021-12-07 00:00:00+09:00,122808.80676072008,124580.474792678,122808.80676072008,124419.4140625,2633,0.0,0.0
2021-12-08 00:00:00+09:00,124822.0703125,125707.90435987903,124016.76663306452,124822.0703125,5333,0.0,0.0
2021-12-09 00:00:00+09:00,125224.7275359425,126191.0919928115,124822.07567891374,126030.03125,6089,0.0,0.0
2021-12-10 00:00:00+09:00,125868.97400812618,126513.21699729127,125385.79176625238,126352.15625,6648,0.0,0.0
2021-12-13 00:00:00+09:00,125949.49430519268,125949.49430519268,123291.99218749999,123291.9921875,4741,0.0,0.0
2021-12-14 00:00:00+09:00,123292.00777143562,123775.19003572603,121761.93060118266,122567.234375,5578,0.0,0.0
2021-12-15 00:00:00+09:00,122406.1581482691,123291.99218749999,122084.03667945786,123291.9921875,2666,0.0,0.0
2021-12-16 00:00:00+09:00,123453.06242310531,123453.06242310531,122567.22831569881,122728.2890625,2773,0.0,0.0
2021-12-17 00:00:00+09:00,122969.8525221929,126191.06673364525,122728.26145633397,125868.9453125,15381,0.0,0.0
2021-12-20 00:00:00+09:00,125868.96227852731,125868.96227852731,123694.64239271781,123855.703125,5434,0.0,0.0
2021-12-21 00:00:00+09:00,125063.66329676489,126191.08846492633,124338.8899743754,125707.90625,4878,0.0,0.0
2021-12-22 00:00:00+09:00,125868.96952873794,126030.03027029743,125063.66582094051,125224.7265625,4324,0.0,0.0
2021-12-23 00:00:00+09:00,125466.30415674603,126996.38103670634,125385.77379464285,126835.3203125,3298,0.0,0.0
2021-12-24 00:00:00+09:00,127560.10596286973,128123.81855235211,127076.92374331341,127962.7578125,4728,0.0,0.0
2021-12-27 00:00:00+09:00,127962.76990799492,128043.30028553298,126915.875,126915.875,2144,0.0,0.0
2021-12-28 00:00:00+09:00,127560.09905660377,128043.28125,126674.26503537735,128043.28125,3241,0.0,0.0
2021-12-29 00:00:00+09:00,128284.87700519219,129895.484375,128123.81626821142,129895.484375,3608,0.0,0.0
2021-12-30 00:00:00+09:00,129814.96787709498,130298.15013966481,129170.7248603352,129734.4375,3289,0.0,0.0
2022-01-04 00:00:00+09:00,131747.68386090573,131828.21423001387,129573.36389498613,130700.7890625,3397,0.0,0.0
2022-01-05 00:00:00+09:00,131022.92088386195,131022.92088386195,129492.84375,129492.84375,4942,0.0,0.0
2022-01-06 00:00:00+09:00,129412.30546435273,129653.896575985,128043.2891651032,128768.0625,3430,0.0,0.0
2022-01-07 00:00:00+09:00,128204.35331712672,129251.248162053,128043.29257175344,128365.4140625,3571,0.0,0.0
2022-01-11 00:00:00+09:00,130137.08757812499,130298.14833007813,128365.41930664062,128848.6015625,3080,0.0,0.0
2022-01-12 00:00:00+09:00,128445.94531249999,129009.65792515673,128365.41493926331,128445.9453125,3686,0.0,0.0
2022-01-13 00:00:00+09:00,128365.41230566897,129170.71602151383,128204.3515625,128204.3515625,3319,0.0,0.0
2022-01-14 00:00:00+09:00,128204.3585546875,129331.78381835937,128204.3585546875,128848.6015625,3909,0.0,0.0
2022-01-17 00:00:00+09:00,128284.87041343414,128768.05259954877,126754.79349073781,127157.4453125,3510,0.0,0.0
2022-01-18 00:00:00+09:00,126835.32861422692,127076.91971634926,124258.35685825533,124741.5390625,4306,0.0,0.0
2022-01-19 00:00:00+09:00,124338.8906143924,124499.95135353021,118621.234375,118621.234375,9198,0.0,0.0
2022-01-20 00:00:00+09:00,118621.24541571504,119023.89730103654,114594.7265625,114594.7265625,12115,0.0,0.0
2022-01-21 00:00:00+09:00,113547.8112478223,115802.66140026134,110970.83964503485,115561.0703125,13149,0.0,0.0
2022-01-24 00:00:00+09:00,115561.06428322896,116769.01965901183,114111.5178322895,115722.125,6863,0.0,0.0
2022-01-25 00:00:00+09:00,115641.6030149648,116044.25483604753,112984.10099581866,114353.1171875,7399,0.0,0.0
2022-01-26 00:00:00+09:00,114031.02677954388,117091.18145300623,113628.37484882516,116527.46875,5328,0.0,0.0
2022-01-27 00:00:00+09:00,116446.91775587534,118218.5859375,114433.65845857459,118218.5859375,15329,0.0,0.0
2022-01-28 00:00:00+09:00,118807.67886029411,119302.02426470588,117242.25174632353,119054.8515625,7209,3315.0,0.0
2022-01-31 00:00:00+09:00,119384.42684951166,121444.19956948252,118642.90867032214,120208.3359375,7404,0.0,0.0
2022-02-01 00:00:00+09:00,121773.77784304511,123174.42346099624,120125.95946898496,120537.9140625,7229,0.0,0.0
2022-02-02 00:00:00+09:00,121856.13735538229,123586.34620221329,120867.44658576458,122844.828125,4392,0.0,0.0
2022-02-03 00:00:00+09:00,123586.35713693635,125151.78432733753,123009.62080363063,124245.484375,4490,0.0,0.0
2022-02-04 00:00:00+09:00,124327.86455536913,124739.81904362416,121938.52852348993,122762.4375,5989,0.0,0.0
2022-02-07 00:00:00+09:00,122762.44923992209,122844.84014545224,120785.0675071985,121608.9765625,4317,0.0,0.0
2022-02-08 00:00:00+09:00,121444.17943896957,122020.91570496197,119137.234375,119137.234375,5024,0.0,0.0
2022-02-09 00:00:00+09:00,117571.8034094798,121197.00267368241,117159.8489476386,120373.09375,6943,0.0,0.0
2022-02-10 00:00:00+09:00,120290.71543817935,121608.96985394022,119549.19732931386,121279.40625,6112,0.0,0.0
2022-02-14 00:00:00+09:00,119302.02426470588,120455.496875,118313.33345588236,119054.8515625,6404,0.0,0.0
2022-02-15 00:00:00+09:00,119054.85259642605,119054.85259642605,116171.17104564756,116418.34375,6323,0.0,0.0
2022-02-16 00:00:00+09:00,116583.12454044117,119549.19696691175,116583.12454044117,119054.8515625,4385,0.0,0.0
2022-02-17 00:00:00+09:00,119054.84639152153,120785.05523181353,118972.45549436477,120620.2734375,3535,0.0,0.0
2022-02-18 00:00:00+09:00,119878.765625,120125.93833762888,118642.90206185567,119878.765625,2126,0.0,0.0
2022-02-21 00:00:00+09:00,119466.81418801939,119631.59600069252,118478.12331198061,118972.46875,1798,0.0,0.0
2022-02-22 00:00:00+09:00,118066.16742720795,118230.94923799262,115924.00388700739,117077.4765625,5545,0.0,0.0
2022-02-24 00:00:00+09:00,116995.06302891397,118478.09903913963,114935.29079248942,116830.28125,8333,0.0,0.0
2022-02-25 00:00:00+09:00,115841.6012904229,116583.11936411692,114852.91052549751,115923.9921875,4318,0.0,0.0
2022-02-28 00:00:00+09:00,117077.46602026555,117901.375,115594.42985674353,117901.375,4737,0.0,0.0
2022-03-01 00:00:00+09:00,118313.3370504539,119302.02788931564,117901.38253426152,117983.7734375,2945,0.0,0.0
2022-03-02 00:00:00+09:00,118395.7404658264,119549.21323306479,117736.61317026161,118890.0859375,3835,0.0,0.0
2022-03-03 00:00:00+09:00,119549.20340517242,120125.93974137932,119054.85797413794,119466.8125,3648,0.0,0.0
2022-03-04 00:00:00+09:00,119878.76985677083,120208.33348524306,117818.99717881945,118642.90625,3460,0.0,0.0
2022-03-07 00:00:00+09:00,118395.71984036986,118890.06522592463,117407.02906926029,118066.15625,3562,0.0,0.0
2022-03-08 00:00:00+09:00,117654.21346458774,118478.122522463,116830.30440671247,116912.6953125,4198,0.0,0.0
2022-03-09 00:00:00+09:00,116995.07330110007,118395.71854484563,115841.60074742725,116088.7734375,5957,0.0,0.0
2022-03-10 00:00:00+09:00,117818.98805147059,119631.58786764706,117818.98805147059,119054.8515625,4529,0.0,0.0
2022-03-11 00:00:00+09:00,119549.2073685585,120702.6800792131,118148.5619341922,118313.34375,5838,0.0,0.0
2022-03-14 00:00:00+09:00,118642.90404929577,119137.24948283451,116995.0859375,116995.0859375,2578,0.0,0.0
2022-03-15 00:00:00+09:00,116583.11963793563,117983.76489153627,115512.0379734175,115841.6015625,4461,0.0,0.0
2022-03-16 00:00:00+09:00,116665.52092105264,117736.60268092106,115594.43916118421,117407.0390625,5824,0.0,0.0
2022-03-17 00:00:00+09:00,117159.86357796167,119054.85433906796,117077.47267530489,118230.9453125,3919,0.0,0.0
2022-03-18 00:00:00+09:00,118972.47217552118,122844.84488483524,117983.78127101547,122515.28125,8182,0.0,0.0
2022-03-22 00:00:00+09:00,122762.45722097471,124327.88452781936,120290.7298943779,123833.5390625,5299,0.0,0.0
2022-03-23 00:00:00+09:00,124080.70851546738,124080.70851546738,121361.80852807667,122515.28125,3865,0.0,0.0
2022-03-24 00:00:00+09:00,122268.09824114305,123421.57086605948,120620.28020554812,123256.7890625,4855,0.0,0.0
2022-03-25 00:00:00+09:00,123503.95667900404,123586.34757738897,122020.92050807537,122432.875,3896,0.0,0.0
2022-03-28 00:00:00+09:00,123092.01365756162,124245.48634243837,122762.45003331112,123668.75,4205,0.0,0.0
2022-03-29 00:00:00+09:00,123668.73971957782,124657.43051014074,123256.78522350994,124410.2578125,4124,0.0,0.0
2022-03-30 00:00:00+09:00,125234.17098662208,125893.29820234115,121444.18949623746,123174.3984375,3905,0.0,0.0
2022-03-31 00:00:00+09:00,123503.95792115066,125398.94860306292,122762.43982822848,124410.2578125,4408,0.0,0.0
2022-04-01 00:00:00+09:00,123009.61777896642,125151.78125,122680.05416803819,125151.78125,7208,0.0,0.0
2022-04-04 00:00:00+09:00,126881.99898994064,126881.99898994064,123174.40811036446,124904.6171875,5424,0.0,0.0
2022-04-05 00:00:00+09:00,124904.6021094782,125728.51109436921,124575.0385155218,124739.8203125,4236,0.0,0.0
2022-04-06 00:00:00+09:00,124739.81922142622,125563.72819911067,124410.25563035245,125069.3828125,2816,0.0,0.0
2022-04-07 00:00:00+09:00,125234.18454757152,125234.18454757152,122762.45722097471,123833.5390625,3504,0.0,0.0
2022-04-08 00:00:00+09:00,124163.08386608346,124739.82015477793,122432.87500000001,122432.875,4876,0.0,0.0
2022-04-11 00:00:00+09:00,124327.86691328643,124986.99410699504,123256.78522350994,124410.2578125,2142,0.0,0.0
2022-04-12 00:00:00+09:00,124492.62944486279,125234.14742302544,123009.59348853749,123091.984375,2530,0.0,0.0
2022-04-13 00:00:00+09:00,122515.2781521195,123915.92356475301,122515.2781521195,123421.578125,3608,0.0,0.0
2022-04-14 00:00:00+09:00,123503.96595427436,124575.0477137177,123009.62052683897,124327.875,2143,0.0,0.0
2022-04-15 00:00:00+09:00,124080.71179515967,124575.05726047904,123339.19359718064,123833.5390625,2381,0.0,0.0
2022-04-18 00:00:00+09:00,123833.52985121022,124245.484375,123174.40261314655,124245.484375,1777,0.0,0.0
2022-04-19 00:00:00+09:00,123751.12882224462,123915.91061827957,122515.26535198253,122597.65625,5055,0.0,0.0
2022-04-20 00:00:00+09:00,122597.66630067567,123174.4026340794,121444.19363386824,121938.5390625,3677,0.0,0.0
2022-04-21 00:00:00+09:00,122185.7145256175,124575.05081775702,122185.7145256175,123421.578125,3793,0.0,0.0
2022-04-22 00:00:00+09:00,123503.95475761888,123833.51834603147,122515.26399238111,123009.609375,3586,0.0,0.0
2022-04-25 00:00:00+09:00,122927.21902246814,123174.39171487257,121691.35556044601,122844.828125,3298,0.0,0.0
2022-04-26 00:00:00+09:00,122927.22935644399,123998.31111357118,121938.5385037112,122103.3203125,5099,0.0,0.0
2022-04-27 00:00:00+09:00,121938.53463402405,123833.52537495822,121938.53463402405,123256.7890625,3101,0.0,0.0
2022-04-28 00:00:00+09:00,123256.78933946489,124986.99828072744,123009.61663357024,123174.3984375,5388,0.0,0.0
2022-05-02 00:00:00+09:00,122515.27843186373,124080.70566132265,122020.93299098196,123339.1875,4017,0.0,0.0
2022-05-06 00:00:00+09:00,123668.7480416943,124245.484375,122927.22989887268,124245.484375,3773,0.0,0.0
2022-05-09 00:00:00+09:00,123668.73709968143,123998.30068955399,122844.828125,122844.828125,3843,0.0,0.0
2022-05-10 00:00:00+09:00,123009.61635716076,124245.47988385694,121773.75283046457,123256.7890625,5288,0.0,0.0
2022-05-11 00:00:00+09:00,122350.49471227133,123586.35829522357,120537.89479060806,121608.9765625,6347,0.0,0.0
2022-05-12 00:00:00+09:00,120785.0546875,122103.30903606753,120043.53661643076,120785.0546875,4745,0.0,0.0
2022-05-13 00:00:00+09:00,121032.22864932886,123339.17378355705,120785.05595637584,122762.4375,5380,0.0,0.0
2022-05-16 00:00:00+09:00,123586.34620221329,124327.86427942656,122020.91915031859,122844.828125,4833,0.0,0.0
2022-05-17 00:00:00+09:00,123915.9105141727,124904.60128955175,123586.34692237969,124986.9921875,2546,0.0,0.0
2022-05-18 00:00:00+09:00,125234.17855971129,125563.7421875,124327.87858329232,125563.7421875,3716,0.0,0.0
2022-05-19 00:00:00+09:00,125481.3395022765,125563.73040149007,124410.2578125,124410.2578125,2866,0.0,0.0
2022-05-20 00:00:00+09:00,124822.22183552194,125398.95817403591,123751.14006399602,123915.921875,3868,0.0,0.0
2022-05-23 00:00:00+09:00,123668.75056287526,124410.26872081388,123339.18693712476,123503.96875,4384,0.0,0.0
2022-05-24 00:00:00+09:00,123751.14203406814,124080.70566132265,122680.06024549098,123339.1875,3890,0.0,0.0
2022-05-25 00:00:00+09:00,123339.18414512923,124410.26590457257,123339.18414512923,124327.875,3874,0.0,0.0
2022-05-26 00:00:00+09:00,124080.69203927866,125316.55550580534,123915.91024374178,125069.3828125,3070,0.0,0.0
2022-05-27 00:00:00+09:00,124904.59911885246,126470.02615266394,124410.2537397541,125646.1171875,7183,0.0,0.0
2022-05-30 00:00:00+09:00,125975.67593061406,127293.93022419799,125975.67593061406,127129.1484375,3558,0.0,0.0
2022-05-31 00:00:00+09:00,127211.5476963011,127458.7203926022,126387.63870863077,126964.375,8439,0.0,0.0
2022-06-01 00:00:00+09:00,126387.6328125,126799.58728711701,125563.72386326597,126387.6328125,2930,0.0,0.0
2022-06-02 00:00:00+09:00,126305.26705660994,126305.26705660994,124822.23065281413,125893.3125,3492,0.0,0.0
2022-06-03 00:00:00+09:00,126140.47628202512,126634.82171487434,125316.56722727644,126222.8671875,2915,0.0,0.0
2022-06-06 00:00:00+09:00,126470.02988027596,127293.93886972402,126140.46628449675,126881.984375,3172,0.0,0.0
2022-06-07 00:00:00+09:00,127293.93886972402,127293.93886972402,126222.85718344155,126881.984375,2414,0.0,0.0
2022-06-08 00:00:00+09:00,126881.98246606336,127623.50054541048,126387.63707983194,127458.71875,3103,0.0,0.0
2022-06-09 00:00:00+09:00,127458.71956970531,127541.11046794041,126634.81058735428,127211.546875,2541,0.0,0.0
2022-06-10 00:00:00+09:00,126964.38533677382,127129.16714772355,125975.69447107539,126222.8671875,4630,0.0,0.0
2022-06-13 00:00:00+09:00,125646.10884291094,126881.97220857893,125316.54527873281,125810.890625,4038,0.0,0.0
2022-06-14 00:00:00+09:00,125151.77980343415,125481.34341055313,122515.27094648228,123256.7890625,7816,0.0,0.0
2022-06-15 00:00:00+09:00,123256.77498288843,124080.68390657085,120208.31196526352,120373.09375,7808,0.0,0.0
2022-06-16 00:00:00+09:00,121361.79170157507,123998.3004147118,121361.79170157507,122927.21875,5463,0.0,0.0
2022-06-17 00:00:00+09:00,120867.44914631623,124822.21230856789,120702.66734788907,124410.2578125,7329,0.0,0.0
2022-06-20 00:00:00+09:00,124657.4408727515,124904.61359093936,122680.05912724849,123668.75,3917,0.0,0.0
2022-06-21 00:00:00+09:00,123833.52565321907,124739.82557483278,122680.0530257107,123174.3984375,5038,0.0,0.0
2022-06-22 00:00:00+09:00,123751.13840038798,123915.92020917678,121361.8021729504,122103.3203125,7476,0.0,0.0
2022-06-23 00:00:00+09:00,122597.66212374582,124410.26196697325,122103.31671195652,123174.3984375,6326,0.0,0.0
2022-06-24 00:00:00+09:00,123092.01365756162,123915.92271818787,122927.23184543637,123668.75,3698,0.0,0.0
2022-06-27 00:00:00+09:00,123833.5248914646,125975.68832937417,123586.35218709042,125728.515625,3146,0.0,0.0
2022-06-28 00:00:00+09:00,125975.69335428873,126717.21149698892,125398.95702107747,126552.4296875,5165,0.0,0.0
2022-06-29 00:00:00+09:00,126305.24699441386,127458.71956970531,126140.46519794365,127211.546875,5009,0.0,0.0
2022-06-30 00:00:00+09:00,127129.1595566623,127293.9413577727,125646.12334666884,126140.46875,4642,0.0,0.0
2022-07-01 00:00:00+09:00,126470.03569371297,127129.16291556945,124080.69951448322,125151.78125,4954,0.0,0.0
2022-07-04 00:00:00+09:00,125646.11395474139,126634.8046875,125398.94127155172,126634.8046875,5038,0.0,0.0
2022-07-05 00:00:00+09:00,126634.82059224446,126634.82059224446,125646.12973531087,126552.4296875,4173,0.0,0.0
2022-07-06 00:00:00+09:00,126305.25388824884,126634.8174991771,125069.39034726794,125151.78125,5045,0.0,0.0
2022-07-07 00:00:00+09:00,125234.15948275862,127458.71363146552,125234.15948275862,126634.8046875,5589,0.0,0.0
2022-07-08 00:00:00+09:00,125316.56897738652,125481.35079063752,123421.578125,123421.578125,7142,0.0,0.0
2022-07-11 00:00:00+09:00,124163.09985851785,124739.83622149703,123998.3180405238,124657.4453125,3431,0.0,0.0
2022-07-12 00:00:00+09:00,124739.82645970395,125975.68999794408,124163.09014185856,125234.171875,6776,0.0,0.0
2022-07-13 00:00:00+09:00,125151.7862522482,126881.99527877697,125151.7862522482,125975.6953125,3453,0.0,0.0
2022-07-14 00:00:00+09:00,125975.6858509772,126634.81304967427,125398.94955211726,126470.03125,3517,0.0,0.0
2022-07-15 00:00:00+09:00,126717.22161321988,127458.73981511779,125893.31249999999,125893.3125,5213,0.0,0.0
2022-07-19 00:00:00+09:00,127046.765625,127458.72011794748,126305.24753769455,127046.765625,5318,0.0,0.0
2022-07-20 00:00:00+09:00,127376.32111754699,127376.32111754699,126058.06682396306,127129.1484375,6591,0.0,0.0
2022-07-21 00:00:00+09:00,127458.71739086662,128282.62635913337,126881.98111307989,127870.671875,5944,0.0,0.0
2022-07-22 00:00:00+09:00,128117.85128635122,128200.2421875,127376.33317601221,128200.2421875,5534,0.0,0.0
2022-07-25 00:00:00+09:00,128365.01183773493,128447.40273108393,127046.75754415101,127129.1484375,7018,0.0,0.0
2022-07-26 00:00:00+09:00,127623.4919203629,127788.27370463709,126964.36478326612,127705.8828125,6368,0.0,0.0
2022-07-27 00:00:00+09:00,127623.50725842199,128447.41627881206,126881.98914007093,127788.2890625,11945,0.0,0.0
2022-07-28 00:00:00+09:00,127345.5775449655,128103.0859375,126588.06915243101,128103.0859375,29630,3274.0,0.0
2022-07-29 00:00:00+09:00,128271.40851217169,131385.609375,128103.07333039718,131385.609375,14504,0.0,0.0
2022-08-01 00:00:00+09:00,131048.94435111723,131469.78232270078,129533.92765341645,129954.765625,4653,0.0,0.0
2022-08-02 00:00:00+09:00,129702.25580126132,130375.5965192432,123810.52451891979,130123.09375,8281,0.0,0.0
2022-08-03 00:00:00+09:00,130123.10190039317,130543.93987549147,127429.73885976408,128439.75,4055,0.0,0.0
2022-08-04 00:00:00+09:00,128944.74874106563,129618.08946556207,128439.74319769331,129533.921875,3883,0.0,0.0
2022-08-05 00:00:00+09:00,129870.5859375,129954.75352397926,129028.9100727074,129870.5859375,3815,0.0,0.0
2022-08-08 00:00:00+09:00,129870.58946376458,130375.59499635214,129113.08116488326,129786.421875,2827,0.0,0.0
2022-08-09 00:00:00+09:00,129618.08411885245,129702.25170594262,128271.40272540983,128355.5703125,3476,0.0,0.0
2022-08-10 00:00:00+09:00,128776.42747293308,128944.7626722441,128103.08667568899,128271.421875,3002,0.0,0.0
2022-08-12 00:00:00+09:00,128692.25278505897,129197.25835517692,128271.41480996068,128439.75,3063,0.0,0.0
2022-08-15 00:00:00+09:00,128860.58966377353,129870.6008172453,128355.58408703764,129702.265625,3546,0.0,0.0
2022-08-16 00:00:00+09:00,129702.25755725497,131385.609375,129197.25201193146,131385.609375,5072,0.0,0.0
2022-08-17 00:00:00+09:00,131469.77518596378,131469.77518596378,130123.09375,130123.09375,2972,0.0,0.0
2022-08-18 00:00:00+09:00,129533.92362451738,131133.10786679538,129365.5884411197,130796.4375,4148,0.0,0.0
2022-08-19 00:00:00+09:00,130964.76866208439,131974.7797314578,130628.0983056266,131638.109375,3505,0.0,0.0
2022-08-22 00:00:00+09:00,131469.7810283688,131469.7810283688,130375.60231302386,130543.9375,2460,0.0,0.0
2022-08-23 00:00:00+09:00,130459.76460840924,130543.93219847917,129365.5859375,129365.5859375,2065,0.0,0.0
2022-08-24 00:00:00+09:00,130628.09421581335,130628.09421581335,128860.57489974887,129870.5859375,4081,0.0,0.0
2022-08-25 00:00:00+09:00,130880.59650853738,131217.26685325385,130207.25581910438,130628.09375,2700,0.0,0.0
2022-08-26 00:00:00+09:00,131048.93198176584,131974.7754318618,130543.92646353168,131553.9375,1971,0.0,0.0
2022-08-29 00:00:00+09:00,131133.10810702876,131974.78402555909,130796.43773961661,131722.28125,3172,0.0,0.0
2022-08-30 00:00:00+09:00,131722.2984572785,132984.8125,131385.6280458861,132984.8125,2741,0.0,0.0
2022-08-31 00:00:00+09:00,132984.7938533715,132984.7938533715,131638.1123966285,132311.453125,4380,0.0,0.0
2022-09-01 00:00:00+09:00,132227.29109794062,132227.29109794062,130964.77717911877,131806.453125,3126,0.0,0.0
2022-09-02 00:00:00+09:00,132143.1164301658,132648.12197066325,131722.2784797513,131974.78125,3467,0.0,0.0
2022-09-05 00:00:00+09:00,131974.78150728307,133489.79813172892,131974.78150728307,132900.625,2977,0.0,0.0
2022-09-06 00:00:00+09:00,133573.96294247787,134163.1360619469,133068.9574115044,133153.125,2212,0.0,0.0
2022-09-07 00:00:00+09:00,133489.80115784498,133994.80671077504,133068.96319706994,133573.96875,3060,0.0,0.0
2022-09-08 00:00:00+09:00,133910.6633397577,134499.8365914097,133573.9929102423,133742.328125,2677,0.0,0.0
2022-09-09 00:00:00+09:00,133573.97748046875,135341.49703125,133405.64228515627,134668.15625,5600,0.0,0.0
2022-09-12 00:00:00+09:00,134668.1378665003,135004.80821116656,134163.13234950093,134920.640625,2871,0.0,0.0
2022-09-13 00:00:00+09:00,134668.15196998123,134920.65475492494,133994.81121013133,134583.984375,3927,0.0,0.0
2022-09-14 00:00:00+09:00,133405.63054148195,133658.13331222293,132732.289819506,132900.625,2909,0.0,0.0
2022-09-15 00:00:00+09:00,132563.9730230806,132984.81103267768,131385.62659620875,132648.140625,4472,0.0,0.0
2022-09-16 00:00:00+09:00,132227.29591796876,134752.32384765625,132227.29591796876,134668.15625,7410,0.0,0.0
2022-09-20 00:00:00+09:00,134836.50563909774,135425.6788847118,133658.15914786968,134331.5,4076,0.0,0.0
2022-09-21 00:00:00+09:00,134499.82236738858,134836.49276129942,133658.14638261142,134078.984375,3042,0.0,0.0
2022-09-22 00:00:00+09:00,133910.64084932895,135004.81956148564,133405.63528987204,134836.484375,2648,0.0,0.0
2022-09-26 00:00:00+09:00,134752.33941354626,135425.6802725771,133742.328125,133742.328125,4574,0.0,0.0
2022-09-27 00:00:00+09:00,134415.64702704866,134920.65258882844,131301.44606274008,131469.78125,7760,0.0,0.0
2022-09-28 00:00:00+09:00,131469.78342070774,132395.626965924,127682.24164482307,128439.75,8699,0.0,0.0
2022-09-29 00:00:00+09:00,130796.44327293137,132732.29796744708,130375.60529586273,131217.28125,4637,0.0,0.0
2022-09-30 00:00:00+09:00,129870.58850160256,131974.7782051282,129533.91814903847,131301.4375,7176,0.0,0.0
2022-10-03 00:00:00+09:00,131553.9618000476,132900.64343075824,130712.28578085343,132648.140625,4782,0.0,0.0
2022-10-04 00:00:00+09:00,133321.47598870055,134078.984375,132816.47039783426,134078.984375,3659,0.0,0.0
2022-10-05 00:00:00+09:00,134163.1574595495,135089.0010806631,131890.63220772526,132648.140625,4699,0.0,0.0
2022-10-06 00:00:00+09:00,132395.625,132984.79815638906,131638.11665607122,132395.625,3242,0.0,0.0
2022-10-07 00:00:00+09:00,130880.60382967649,131806.44732943625,130207.26310257848,131385.609375,5081,0.0,0.0
2022-10-11 00:00:00+09:00,130628.10637953368,130880.60916248382,129618.09524773316,129954.765625,4446,0.0,0.0
2022-10-12 00:00:00+09:00,130459.75857764175,131722.2723703286,130459.75857764175,130628.09375,4577,0.0,0.0
2022-10-13 00:00:00+09:00,129786.43322112266,130543.94158622649,129113.09245214147,129702.265625,3471,0.0,0.0
2022-10-14 00:00:00+09:00,129954.7539928292,130712.26227387549,129113.078125,129113.078125,4239,0.0,0.0
2022-10-17 00:00:00+09:00,129365.5884411197,130796.43750000001,129281.42084942086,130796.4375,4947,0.0,0.0
2022-10-18 00:00:00+09:00,131133.11248982084,131133.11248982084,128523.91705517101,129197.2578125,4592,0.0,0.0
2022-10-19 00:00:00+09:00,128944.74746287128,128944.74746287128,127345.56325804455,127513.8984375,4624,0.0,0.0
2022-10-20 00:00:00+09:00,127598.0682938856,128692.24697978304,127513.90070266274,128018.90625,3197,0.0,0.0
2022-10-21 00:00:00+09:00,128355.58857441264,128355.58857441264,126672.23659310886,127177.2421875,3893,0.0,0.0
2022-10-24 00:00:00+09:00,127261.4139323784,127261.4139323784,126335.5703125,126335.5703125,2712,0.0,0.0
2022-10-25 00:00:00+09:00,126335.57189458278,127682.25354036115,125914.73388027705,127598.0859375,3098,0.0,0.0
2022-10-26 00:00:00+09:00,127934.73641655887,130375.5965192432,127850.56882681113,130123.09375,8356,0.0,0.0
2022-10-27 00:00:00+09:00,129702.27455782043,132732.3082269194,129281.43654822336,132648.140625,6525,0.0,0.0
2022-10-28 00:00:00+09:00,132311.45186827105,133489.79813172892,131806.4463267891,132900.625,6221,0.0,0.0
2022-10-31 00:00:00+09:00,133658.145078125,135509.83222656252,132479.7987109375,134668.15625,6259,0.0,0.0
2022-11-01 00:00:00+09:00,134583.97209131645,136183.15625,133658.12863102596,136183.15625,6199,0.0,0.0
2022-11-02 00:00:00+09:00,136351.508203125,136351.508203125,134583.98865234375,134668.15625,3939,0.0,0.0
2022-11-04 00:00:00+09:00,134752.31655601822,135846.49526634192,133489.8026594909,133910.640625,3961,0.0,0.0
2022-11-07 00:00:00+09:00,135004.8249605678,135004.8249605678,133068.97023856468,133405.640625,2607,0.0,0.0
2022-11-08 00:00:00+09:00,134499.82253350999,135341.49851932668,134331.48733634662,135004.828125,2168,0.0,0.0
2022-11-09 00:00:00+09:00,134668.139390168,135846.485609832,134247.30145457375,135257.3125,3792,0.0,0.0
2022-11-10 00:00:00+09:00,135594.0,135846.5027932961,135004.82681564247,135594.0,2680,0.0,0.0
2022-11-11 00:00:00+09:00,136351.4957149475,137698.17715410748,135425.652225525,136267.328125,4377,0.0,0.0
2022-11-14 00:00:00+09:00,135762.34626664553,135846.51387127457,132227.30687222574,132732.3125,2637,0.0,0.0
2022-11-15 00:00:00+09:00,132816.4627480794,133237.3007162292,131385.61365637006,131469.78125,3500,0.0,0.0
2022-11-16 00:00:00+09:00,132227.30552596276,133489.81958254418,131553.96469578598,133321.484375,2540,0.0,0.0
2022-11-17 00:00:00+09:00,133573.9929102423,134163.16616189427,133153.15487334802,133742.328125,2099,0.0,0.0
2022-11-18 00:00:00+09:00,134331.5,134499.83521303258,133405.6563283208,134331.5,1947,0.0,0.0
2022-11-21 00:00:00+09:00,134499.82532401624,136014.8421299188,134331.4901233604,134752.328125,2800,0.0,0.0
2022-11-22 00:00:00+09:00,135173.1716579861,135425.67446930238,132984.8139599116,133321.484375,2730,0.0,0.0
2022-11-24 00:00:00+09:00,133321.484375,134163.16041272096,132984.8139599116,133321.484375,3528,0.0,0.0
2022-11-25 00:00:00+09:00,133068.96018049397,134583.97680493983,132563.95463901202,132900.625,4701,0.0,0.0
2022-11-28 00:00:00+09:00,133405.64490069356,133994.8180958386,133153.14210277426,133489.8125,4568,0.0,0.0
2022-11-29 00:00:00+09:00,133658.1478553538,134415.65625,133068.97465951784,134415.65625,2648,0.0,0.0
2022-11-30 00:00:00+09:00,134584.00281954888,135004.84085213032,133658.15914786968,134331.5,3905,0.0,0.0
2022-12-01 00:00:00+09:00,134247.31006585326,134415.64525088883,129786.42766241112,130207.265625,5842,0.0,0.0
2022-12-02 00:00:00+09:00,131048.94079186892,131301.44356796116,129533.92413531552,130038.9296875,4949,0.0,0.0
2022-12-05 00:00:00+09:00,129870.5980306833,130123.10081363343,128776.41930456606,129954.765625,2524,0.0,0.0
2022-12-06 00:00:00+09:00,129954.7615830116,131133.10786679538,129786.4263996139,130796.4375,2037,0.0,0.0
2022-12-07 00:00:00+09:00,130628.11086118252,131806.4572220437,130543.94326397814,130964.78125,5170,0.0,0.0
2022-12-08 00:00:00+09:00,130964.76866208439,131722.27696411446,130123.0927709399,131638.109375,3686,0.0,0.0
2022-12-09 00:00:00+09:00,133068.96271964855,133068.96271964855,130796.43773961661,131722.28125,4140,0.0,0.0
2022-12-12 00:00:00+09:00,132058.95137548263,132058.95137548263,130123.09676640928,130796.4375,3593,0.0,0.0
2022-12-13 00:00:00+09:00,131048.94716296237,131048.94716296237,129281.42764438677,129702.265625,3005,0.0,0.0
2022-12-14 00:00:00+09:00,129954.75705252918,130123.09223005836,129365.58393117704,129786.421875,5075,0.0,0.0
2022-12-15 00:00:00+09:00,129786.43488913882,131048.94884720437,129786.43488913882,130964.78125,3315,0.0,0.0
2022-12-16 00:00:00+09:00,131048.94791995268,133658.1434148265,131048.94791995268,133405.640625,7368,0.0,0.0
2022-12-19 00:00:00+09:00,132732.28830357143,133573.96419642857,132058.9475892857,132563.953125,2980,0.0,0.0
2022-12-20 00:00:00+09:00,132563.97284622752,132732.30804984175,124988.88868358594,126335.5703125,7715,0.0,0.0
2022-12-21 00:00:00+09:00,126672.21857069671,129954.7544672131,126672.21857069671,128355.5703125,4977,0.0,0.0
2022-12-22 00:00:00+09:00,128271.41025485436,130038.92968749999,128103.07507079287,130038.9296875,3769,0.0,0.0
2022-12-23 00:00:00+09:00,130038.94071842148,130038.94071842148,127513.9127433065,128103.0859375,3179,0.0,0.0
2022-12-26 00:00:00+09:00,128776.4105364141,129028.91330217179,127093.05876469628,128860.578125,2828,0.0,0.0
2022-12-27 00:00:00+09:00,128944.75099110031,130291.43246359222,128439.74543891585,130038.9296875,1962,0.0,0.0
2022-12-28 00:00:00+09:00,129618.09121621623,130796.43750000001,129365.5884411197,130796.4375,2737,0.0,0.0
2022-12-29 00:00:00+09:00,130375.59778062053,130375.59778062053,129281.41910331385,129533.921875,2507,0.0,0.0
2022-12-30 00:00:00+09:00,130459.76764765372,130712.27042374594,129618.09172734627,130038.9296875,1571,0.0,0.0
2023-01-04 00:00:00+09:00,129533.92289201185,129786.42566568048,127934.73865877713,128018.90625,2831,0.0,0.0
2023-01-05 00:00:00+09:00,128439.74268704679,129028.91581863875,126167.21775090639,127682.234375,6383,0.0,0.0
2023-01-06 00:00:00+09:00,126672.23363169495,127261.40681137725,125830.55766072022,126503.8984375,5450,0.0,0.0
2023-01-10 00:00:00+09:00,126924.72580511287,127177.2285752822,126335.5526747178,126756.390625,2672,0.0,0.0
2023-01-11 00:00:00+09:00,126924.74071226729,127429.74631191822,126419.73511261637,126588.0703125,4159,0.0,0.0
2023-01-12 00:00:00+09:00,126335.55418046359,127177.23009105961,125325.54308774834,127093.0625,5376,0.0,0.0
2023-01-13 00:00:00+09:00,127850.5733831885,128103.07616143048,125830.55115725267,125914.71875,5613,0.0,0.0
2023-01-16 00:00:00+09:00,125830.546875,127598.0662625418,125409.70892558528,125830.546875,4839,0.0,0.0
2023-01-17 00:00:00+09:00,123305.52458509887,123305.52458509887,119181.3125,119181.3125,14858,0.0,0.0
2023-01-18 00:00:00+09:00,120275.50030151621,123221.36629910408,119686.32710199863,122127.1875,12787,0.0,0.0
2023-01-19 00:00:00+09:00,121032.98603419481,122127.16462838433,119686.3046875,119686.3046875,15282,0.0,0.0
2023-01-20 00:00:00+09:00,119517.99668659044,121874.68957900208,118255.4826370842,121453.8515625,25486,0.0,0.0
2023-01-23 00:00:00+09:00,121622.17560674399,122884.689540378,121538.00801116838,122463.8515625,6568,0.0,0.0
2023-01-24 00:00:00+09:00,122884.69140361242,124736.37853435178,122800.52380676063,124652.2109375,5855,0.0,0.0
2023-01-25 00:00:00+09:00,125241.37678328804,125241.37678328804,123726.36012865149,123894.6953125,4427,0.0,0.0
2023-01-26 00:00:00+09:00,124315.54333876014,124483.87853623985,123558.03495010149,124399.7109375,4062,0.0,0.0
2023-01-27 00:00:00+09:00,124147.19282551209,125578.04182756883,123558.01970701813,125325.5390625,12337,0.0,0.0
2023-01-30 00:00:00+09:00,125138.77978515625,126774.01831054688,124966.6494140625,126687.953125,9392,3283.0,0.0
2023-01-31 00:00:00+09:00,126687.96413649025,126687.96413649025,123245.35641538996,123589.6171875,10190,0.0,0.0
2023-02-01 00:00:00+09:00,124105.9948711832,124794.51634064884,123589.60376908396,124019.9296875,19007,0.0,0.0
2023-02-02 00:00:00+09:00,124019.95070904274,124450.27670039958,122815.03793324357,123847.8203125,24395,0.0,0.0
2023-02-03 00:00:00+09:00,124106.00409149485,125224.8515625,123847.80852126288,125224.8515625,8763,0.0,0.0
2023-02-06 00:00:00+09:00,125741.2409171748,127462.54469427507,125569.11053946477,127032.21875,7158,0.0,0.0
2023-02-07 00:00:00+09:00,126687.94941500344,126774.01459802994,124966.6457544735,125052.7109375,5912,0.0,0.0
2023-02-08 00:00:00+09:00,124794.52394606994,125224.84989071156,123417.48092321676,124278.1328125,5300,0.0,0.0
2023-02-09 00:00:00+09:00,124106.00294462795,124278.13332319194,123417.48143037205,123761.7421875,5620,0.0,0.0
2023-02-10 00:00:00+09:00,123503.53858540076,124364.19042223282,123417.47340171755,124019.9296875,4249,0.0,0.0
2023-02-13 00:00:00+09:00,124278.14815134762,125138.80014685556,124019.95255269523,124536.34375,2546,0.0,0.0
2023-02-14 00:00:00+09:00,124019.94104773116,125913.37526220034,123675.68028146404,125655.1796875,5655,0.0,0.0
2023-02-15 00:00:00+09:00,124966.63772750687,125741.2243249914,124192.05113002232,125310.8984375,6395,0.0,0.0
2023-02-16 00:00:00+09:00,126171.55021248282,126171.55021248282,124708.44219501202,125310.8984375,2453,0.0,0.0
2023-02-17 00:00:00+09:00,124708.4609375,124794.52612793306,123933.87422360248,124708.4609375,3353,0.0,0.0
2023-02-20 00:00:00+09:00,125138.7890625,125655.18021406465,124364.20233515302,125138.7890625,2133,0.0,0.0
2023-02-21 00:00:00+09:00,125827.31276773475,126085.5083479695,125396.98680067682,125569.1171875,4454,0.0,0.0
2023-02-22 00:00:00+09:00,125913.37796114633,126515.83431502742,125052.7260270305,125569.1171875,5813,0.0,0.0
2023-02-24 00:00:00+09:00,125224.84689083615,127376.4765625,125224.84689083615,127376.4765625,5699,0.0,0.0
2023-02-27 00:00:00+09:00,127290.4159801614,128237.13306993947,126946.1552202421,127978.9375,4534,0.0,0.0
2023-02-28 00:00:00+09:00,127978.92700457829,128667.44846795194,127204.34035828292,128064.9921875,4672,0.0,0.0
2023-03-01 00:00:00+09:00,128237.12771319493,128237.12771319493,125224.84618973061,125396.9765625,4825,0.0,0.0
2023-03-02 00:00:00+09:00,125224.84837230676,125827.3046875,124536.3268692288,125827.3046875,2999,0.0,0.0
2023-03-03 00:00:00+09:00,126687.95213498623,126687.95213498623,124880.58325262569,124966.6484375,4106,0.0,0.0
2023-03-06 00:00:00+09:00,126343.70122003424,126343.70122003424,125138.78853809931,125655.1796875,4078,0.0,0.0
2023-03-07 00:00:00+09:00,125999.44098177442,126171.5713656293,124880.59348671768,125138.7890625,3735,0.0,0.0
2023-03-08 00:00:00+09:00,124880.59080219072,125396.98194265463,124192.06928157217,125224.8515625,3962,0.0,0.0
2023-03-09 00:00:00+09:00,125655.1944349898,126429.78125,125396.99882998639,126429.78125,2157,0.0,0.0
2023-03-10 00:00:00+09:00,125138.78535063054,127032.21951687116,125138.78535063054,126257.6328125,4153,0.0,0.0
2023-03-13 00:00:00+09:00,125310.91892123288,125913.37526220034,124364.20181399828,125655.1796875,4063,0.0,0.0
2023-03-14 00:00:00+09:00,125138.78026944066,126946.14917291951,124536.32396828104,126171.5625,4224,0.0,0.0
2023-03-15 00:00:00+09:00,127118.28104497584,127204.34623187156,124450.26025120857,124622.390625,6871,0.0,0.0
2023-03-16 00:00:00+09:00,124364.21150212821,124536.34189867094,122728.9727349722,123847.8203125,6811,0.0,0.0
2023-03-17 00:00:00+09:00,123675.66816709274,124622.3851815938,121868.29932122708,122040.4296875,7738,0.0,0.0
2023-03-20 00:00:00+09:00,121437.9930233595,122728.97097895863,120147.01506776035,120663.40625,6289,0.0,0.0
2023-03-22 00:00:00+09:00,121868.31093096234,123589.61475767085,121696.1805482915,123417.484375,5696,0.0,0.0
2023-03-23 00:00:00+09:00,123159.29715401786,123245.36235119047,122040.4495907738,122901.1015625,3243,0.0,0.0
2023-03-24 00:00:00+09:00,123331.41456617905,123331.41456617905,122212.56712070778,122815.0234375,3159,0.0,0.0
2023-03-27 00:00:00+09:00,122901.07544611616,123933.85759272218,122728.9450883485,122987.140625,2454,0.0,0.0
2023-03-28 00:00:00+09:00,123073.22602933495,123847.81276658252,121868.31332694985,123589.6171875,3733,0.0,0.0
2023-03-29 00:00:00+09:00,123847.80151603563,124536.3229977092,122901.08447873445,124450.2578125,3266,0.0,0.0
2023-03-30 00:00:00+09:00,124536.34375,125138.80014685556,123675.69175449206,124536.34375,4355,0.0,0.0
2023-03-31 00:00:00+09:00,124880.59131836612,124966.65650879918,123933.87422360248,124708.4609375,3624,0.0,0.0
2023-04-03 00:00:00+09:00,124966.64751838235,129269.90673044785,124622.38678141711,128753.515625,6161,0.0,0.0
2023-04-04 00:00:00+09:00,129097.7930849306,130388.7710157799,127806.81515408128,130216.640625,7775,0.0,0.0
2023-04-05 00:00:00+09:00,129269.88979937253,130388.73704796896,128753.49876155879,130302.671875,7274,0.0,0.0
2023-04-06 00:00:00+09:00,129958.44503883013,130991.22738350958,129269.9234757105,130216.640625,7567,0.0,0.0
2023-04-07 00:00:00+09:00,130130.5542243083,131249.40158205698,129786.29349884717,130646.9453125,5871,0.0,0.0
2023-04-10 00:00:00+09:00,130560.87944089719,131937.92233546168,130560.87944089719,131421.53125,4936,0.0,0.0
2023-04-11 00:00:00+09:00,131421.53299739922,133142.83663849154,130560.88117685306,132368.25,5243,0.0,0.0
2023-04-12 00:00:00+09:00,132712.52800164474,132712.52800164474,130733.02855674342,130819.09375,6055,0.0,0.0
2023-04-13 00:00:00+09:00,130819.09374999999,131421.55010279606,130302.70259046053,130819.09375,2793,0.0,0.0
2023-04-14 00:00:00+09:00,131249.4205255212,131335.4857193084,129700.24703735109,130044.5078125,3747,0.0,0.0
2023-04-17 00:00:00+09:00,129958.4299311546,130044.49511653947,128925.64770653615,129700.234375,3872,0.0,0.0
2023-04-18 00:00:00+09:00,129786.30393045484,130819.08618984839,129614.17355388925,130560.890625,2872,0.0,0.0
2023-04-19 00:00:00+09:00,130646.95263287402,131249.40893618765,129958.43114337271,131163.34375,1963,0.0,0.0
2023-04-20 00:00:00+09:00,130991.22360337483,131593.67995371888,130216.63686721821,131335.484375,2013,0.0,0.0
2023-04-21 00:00:00+09:00,131335.47631213212,131937.9326254905,130560.88962352845,131593.671875,2370,0.0,0.0
2023-04-24 00:00:00+09:00,131593.68480392155,131765.81519607842,130905.16323529412,131679.75,2798,0.0,0.0
2023-04-25 00:00:00+09:00,131679.75213762216,132540.40411237784,131249.4261502443,132110.078125,3123,0.0,0.0
2023-04-26 00:00:00+09:00,131851.8620591117,132282.18797967015,130905.14503388309,131765.796875,4643,0.0,0.0
2023-04-27 00:00:00+09:00,131765.796875,132368.25316378183,131593.66650677662,131765.796875,2352,0.0,0.0
2023-04-28 00:00:00+09:00,131851.88033194354,134175.640625,131851.88033194354,134175.640625,6780,0.0,0.0
2023-05-01 00:00:00+09:00,133917.44503688262,134347.77101707825,133142.85827253046,134175.640625,2563,0.0,0.0
2023-05-02 00:00:00+09:00,133401.03393318268,134261.6857650097,132798.5776509038,133314.96875,3149,0.0,0.0
2023-05-08 00:00:00+09:00,133314.99023686306,135638.75055732485,133228.92503980894,135122.359375,5333,0.0,0.0
2023-05-09 00:00:00+09:00,135294.47143539146,136327.2536600891,134605.94995225972,135208.40625,5387,0.0,0.0
2023-05-10 00:00:00+09:00,135896.94454578255,135896.94454578255,133917.44503688262,134175.640625,3831,0.0,0.0
2023-05-11 00:00:00+09:00,134089.57542896087,134347.77101707825,133056.79307649133,134175.640625,2481,0.0,0.0
2023-05-12 00:00:00+09:00,134175.63037893386,134433.8259473346,133228.9132947977,134003.5,2705,0.0,0.0
2023-05-15 00:00:00+09:00,134003.49798387097,136069.0625,133831.36760752686,136069.0625,3160,0.0,0.0
2023-05-16 00:00:00+09:00,136069.05981352716,136413.32055941844,135036.27757585334,136155.125,3293,0.0,0.0
2023-05-17 00:00:00+09:00,136155.14118020306,136241.20637690354,135208.42401649748,135638.75,3453,0.0,0.0
2023-05-18 00:00:00+09:00,135638.73537404093,135638.73537404093,134261.6923753197,134605.953125,3211,0.0,0.0
2023-05-19 00:00:00+09:00,134261.68921069382,135208.40625,134003.4936545194,135208.40625,3319,0.0,0.0
2023-05-22 00:00:00+09:00,135208.39553571428,135638.7214285714,134692.0044642857,135552.65625,2296,0.0,0.0
2023-05-23 00:00:00+09:00,135810.86574888107,135810.86574888107,133831.36643821932,134605.953125,2128,0.0,0.0
2023-05-24 00:00:00+09:00,134519.9014091565,135122.35778143042,134175.640625,134175.640625,2944,0.0,0.0
2023-05-25 00:00:00+09:00,134089.56840725808,134175.63359879033,132798.5905342742,133401.046875,2632,0.0,0.0
2023-05-26 00:00:00+09:00,134089.57542896087,134433.83621311738,133314.9886646087,134175.640625,3037,0.0,0.0
2023-05-29 00:00:00+09:00,133917.43913529036,135294.48221123166,133573.17836630504,134864.15625,2770,0.0,0.0
2023-05-30 00:00:00+09:00,135810.87283455182,135810.87283455182,134261.6993801653,135380.546875,2127,0.0,0.0
2023-05-31 00:00:00+09:00,135552.65143407535,138220.671875,134089.54345034246,138220.671875,9571,0.0,0.0
2023-06-01 00:00:00+09:00,135208.41589717742,135466.6114717742,133401.046875,133401.046875,5575,0.0,0.0
2023-06-02 00:00:00+09:00,132884.66055341053,134175.6384732947,132368.2693854569,133745.3125,4620,0.0,0.0
2023-06-05 00:00:00+09:00,134950.2138746803,135122.34424952045,133573.17087595907,134605.953125,3170,0.0,0.0
2023-06-06 00:00:00+09:00,133487.10835532632,134519.890625,133401.04316618684,134519.890625,2577,0.0,0.0
2023-06-07 00:00:00+09:00,134433.83405727154,135294.486003861,133401.0517213642,133745.3125,5137,0.0,0.0
2023-06-08 00:00:00+09:00,133401.03346061092,134089.55492363343,132712.51199758842,133831.359375,5016,0.0,0.0
2023-06-09 00:00:00+09:00,134519.91376317048,134950.23978288632,133917.45733556832,134778.109375,4059,0.0,0.0
2023-06-12 00:00:00+09:00,134692.02639533952,134950.2219730942,133745.30927690584,134347.765625,2636,0.0,0.0
2023-06-13 00:00:00+09:00,134347.75856757408,134519.88894370166,133056.78074661727,133573.171875,3229,0.0,0.0
2023-06-14 00:00:00+09:00,133142.84861581237,133831.3701341876,132798.58785662474,133487.109375,4006,0.0,0.0
2023-06-15 00:00:00+09:00,134003.4919471154,135036.27415865386,133745.29639423077,134261.6875,3565,0.0,0.0
2023-06-16 00:00:00+09:00,133659.23706306377,134175.6281914465,133056.78074661727,133573.171875,4225,0.0,0.0
2023-06-19 00:00:00+09:00,133573.16429954808,133745.29466591348,132884.6428340865,133314.96875,2497,0.0,0.0
2023-06-20 00:00:00+09:00,132970.72898149645,133228.9245717518,132626.46819448934,133142.859375,2931,0.0,0.0
2023-06-21 00:00:00+09:00,132798.5803254199,133228.90625,132454.31958575582,133228.90625,2063,0.0,0.0
2023-06-22 00:00:00+09:00,132798.5759102731,132884.64109232769,131335.4678153446,132368.25,4474,0.0,0.0
2023-06-23 00:00:00+09:00,131937.93532190772,132712.5220263416,131421.54418561846,131507.609375,4332,0.0,0.0
2023-06-26 00:00:00+09:00,131765.78883841264,132368.2450904498,131335.46294410038,132023.984375,2301,0.0,0.0
2023-06-27 00:00:00+09:00,132282.20258830203,132798.59375,131679.7462329877,132798.59375,3708,0.0,0.0
2023-06-28 00:00:00+09:00,132712.5199943621,133745.30225112758,132196.12886597938,133573.171875,4581,0.0,0.0
2023-06-29 00:00:00+09:00,133228.9148391813,133401.04522011045,131851.8717917479,132454.328125,4432,0.0,0.0
2023-06-30 00:00:00+09:00,132454.33458011583,133745.3125,131851.87821750322,133745.3125,4610,0.0,0.0
2023-07-03 00:00:00+09:00,133831.36962106617,134433.8259473346,133401.04367373153,134003.5,2766,0.0,0.0
2023-07-04 00:00:00+09:00,134003.50155336258,134347.76231522093,132196.13255360624,132454.328125,3351,0.0,0.0
2023-07-05 00:00:00+09:00,132196.12231620037,132884.64378659727,132196.12231620037,132282.1875,3105,0.0,0.0
2023-07-06 00:00:00+09:00,132282.1950588474,132798.5861911526,132110.06468141233,132540.390625,2252,0.0,0.0
2023-07-07 00:00:00+09:00,131851.8637726978,132798.58081023023,131851.8637726978,132712.515625,2584,0.0,0.0
2023-07-10 00:00:00+09:00,132282.1843527364,133142.83617025585,131421.53253521697,132884.640625,5047,0.0,0.0
2023-07-11 00:00:00+09:00,132884.64378659727,132970.70897039687,131851.86158100195,132282.1875,4323,0.0,0.0
2023-07-12 00:00:00+09:00,132196.13684210525,132282.20203536184,130560.89817023026,130819.09375,5584,0.0,0.0
2023-07-13 00:00:00+09:00,130560.90058824737,131421.55253675263,130302.7050036958,130991.2265625,3695,0.0,0.0
2023-07-14 00:00:00+09:00,131421.53613855323,131765.796875,131077.27540210646,131765.796875,4726,0.0,0.0
2023-07-18 00:00:00+09:00,132024.0089007063,132368.2696801084,130646.9657830979,130991.2265625,3945,0.0,0.0
2023-07-19 00:00:00+09:00,131163.34058621817,131765.796875,130733.0146656597,131765.796875,3415,0.0,0.0
2023-07-20 00:00:00+09:00,131507.61773160315,132282.20448525788,130991.2265625,130991.2265625,3496,0.0,0.0
2023-07-21 00:00:00+09:00,130991.20603796114,131335.46676342227,130388.74976840416,130646.9453125,4663,0.0,0.0
2023-07-24 00:00:00+09:00,130905.13704978813,132023.984375,130733.00669206324,132023.984375,3102,0.0,0.0
2023-07-25 00:00:00+09:00,132024.01292752443,132454.33891490227,131765.81733509773,132110.078125,3605,0.0,0.0
2023-07-26 00:00:00+09:00,132540.37989799224,133142.83617025585,132196.11917098446,132884.640625,5535,0.0,0.0
2023-07-27 00:00:00+09:00,135122.35070564516,135122.35070564516,132798.5905342742,133401.046875,16076,0.0,0.0
2023-07-28 00:00:00+09:00,132829.25620434928,133357.05457337317,130454.1635437417,132477.390625,37840,3350.0,0.0
2023-07-31 00:00:00+09:00,131773.6695265531,133005.19914829658,130454.1735032565,131685.703125,9745,0.0,0.0
2023-08-01 00:00:00+09:00,131509.75855604894,132125.52331182978,131245.859375,131245.859375,5869,0.0,0.0
2023-08-02 00:00:00+09:00,131245.87107010762,132301.46788836585,130102.30785032785,130806.0390625,4367,0.0,0.0
2023-08-03 00:00:00+09:00,130102.29539141415,130718.06014309765,129838.39621212122,130630.09375,3214,0.0,0.0
2023-08-04 00:00:00+09:00,129926.35465042372,130893.98491525423,129134.65716101695,129750.421875,4408,0.0,0.0
2023-08-07 00:00:00+09:00,129750.42835135816,131245.85701710262,129662.46195925554,131157.890625,3007,0.0,0.0
2023-08-08 00:00:00+09:00,131157.890625,131949.58815392354,130806.02505658954,131157.890625,2468,0.0,0.0
2023-08-09 00:00:00+09:00,130894.00623315365,131069.93903723046,129838.40940869272,130542.140625,3309,0.0,0.0
2023-08-10 00:00:00+09:00,130014.33134253028,131245.8608681023,129838.39855316284,130718.0625,2526,0.0,0.0
2023-08-14 00:00:00+09:00,130718.0521398305,130981.95130296609,129574.48909957627,129750.421875,3979,0.0,0.0
2023-08-15 00:00:00+09:00,129750.44447659465,129838.41087962964,128167.04922196502,128255.015625,5205,0.0,0.0
2023-08-16 00:00:00+09:00,128167.04149991485,129398.57106820504,128079.07510217984,129134.671875,4175,0.0,0.0
2023-08-17 00:00:00+09:00,128870.78044624485,129046.71325231482,127815.18360982511,128255.015625,2788,0.0,0.0
2023-08-18 00:00:00+09:00,127727.20858459682,128606.87255556513,127287.37659911269,127639.2421875,3196,0.0,0.0
2023-08-21 00:00:00+09:00,127815.16877684709,128694.83270511168,127727.20238402062,127991.1015625,3690,0.0,0.0
2023-08-22 00:00:00+09:00,127815.1711291638,128167.03670694541,127375.33915693683,128079.0703125,2588,0.0,0.0
2023-08-23 00:00:00+09:00,127815.17347825154,128255.00545856211,127551.2742900652,128167.0390625,3673,0.0,0.0
2023-08-24 00:00:00+09:00,128079.06956819739,128782.800719671,127815.17038639479,128342.96875,2645,0.0,0.0
2023-08-25 00:00:00+09:00,128518.9070908549,129134.671875,127991.10870444482,129134.671875,2844,0.0,0.0
2023-08-28 00:00:00+09:00,129134.69143028025,129134.69143028025,128430.96014183185,128694.859375,2834,0.0,0.0
2023-08-29 00:00:00+09:00,128606.87050253378,130190.265625,128606.87050253378,130190.265625,3731,0.0,0.0
2023-08-30 00:00:00+09:00,130190.24763353617,130278.21401707234,129662.44933231913,130102.28125,2446,0.0,0.0
2023-08-31 00:00:00+09:00,130102.30621499491,130718.07101790563,129486.54141208417,129574.5078125,4775,0.0,0.0
2023-09-01 00:00:00+09:00,129574.48294878296,130454.14678414469,129046.68464756593,130102.28125,3165,0.0,0.0
2023-09-04 00:00:00+09:00,130278.23513087787,130542.13432425576,129750.43674412213,130014.3359375,2781,0.0,0.0
2023-09-05 00:00:00+09:00,129926.3658008205,131509.76091552243,129838.39940555928,131333.828125,3469,0.0,0.0
2023-09-06 00:00:00+09:00,131597.72644683713,131773.65923620458,130718.0625,130718.0625,2958,0.0,0.0
2023-09-07 00:00:00+09:00,130718.06175495299,131421.79290841168,130542.12896658831,130981.9609375,1598,0.0,0.0
2023-09-08 00:00:00+09:00,131509.75693569388,131509.75693569388,130542.1266171035,130893.9921875,4230,0.0,0.0
2023-09-11 00:00:00+09:00,131157.89522399698,131333.82801437122,129750.43290100303,130454.1640625,1808,0.0,0.0
2023-09-12 00:00:00+09:00,130102.28125,130278.21401707234,129310.58379817444,130102.28125,1398,0.0,0.0
2023-09-13 00:00:00+09:00,130102.28815493376,131157.88481339163,129222.62427288553,129486.5234375,3366,0.0,0.0
2023-09-14 00:00:00+09:00,129310.61874575984,130542.1484481004,129134.68593113976,129662.484375,2667,0.0,0.0
2023-09-15 00:00:00+09:00,129222.64221083673,129926.37341416327,128870.77660917345,129574.5078125,4207,0.0,0.0
2023-09-19 00:00:00+09:00,129750.45078231004,130102.3164115502,129134.68593113976,129662.484375,2849,0.0,0.0
2023-09-20 00:00:00+09:00,129750.421875,130190.25381355932,129398.55632415254,129750.421875,2773,0.0,0.0
2023-09-21 00:00:00+09:00,129310.60467047003,129926.36945461512,128430.94069311989,129134.671875,3813,0.0,0.0
2023-09-22 00:00:00+09:00,129134.66480375428,129486.53037542664,128694.83283916384,128870.765625,3341,0.0,0.0
2023-09-25 00:00:00+09:00,128958.73039656057,129398.56235562115,128518.8984375,128518.8984375,2588,0.0,0.0
2023-09-26 00:00:00+09:00,128958.74142699115,129662.47262168142,128870.77502765486,129222.640625,2718,0.0,0.0
2023-09-27 00:00:00+09:00,129310.60006986788,130278.23041052677,129310.60006986788,129838.3984375,2018,0.0,0.0
2023-09-28 00:00:00+09:00,130190.26377918957,130190.26377918957,128079.0703125,128079.0703125,5347,0.0,0.0
2023-09-29 00:00:00+09:00,129134.66480375428,129310.59758959046,128167.0344816553,128870.765625,5768,0.0,0.0
2023-10-02 00:00:00+09:00,128606.86482931211,129222.62957199692,128518.8984375,128518.8984375,3671,0.0,0.0
2023-10-03 00:00:00+09:00,129222.63194147572,129750.43030202633,128342.96800722468,128606.8671875,3748,0.0,0.0
2023-10-04 00:00:00+09:00,127903.13880026224,128870.76914881993,125703.97891717657,125791.9453125,5729,0.0,0.0
2023-10-05 00:00:00+09:00,127111.43997360062,128342.9694958362,126847.54079026442,128079.0703125,3896,0.0,0.0
2023-10-06 00:00:00+09:00,127551.27194582761,128430.9358902816,127551.27194582761,128079.0703125,2037,0.0,0.0
2023-10-10 00:00:00+09:00,128254.99544892563,129662.45767607435,128254.99544892563,128958.7265625,2428,0.0,0.0
2023-10-11 00:00:00+09:00,129046.70547726499,129750.4366591451,128782.80628405995,129134.671875,2349,0.0,0.0
2023-10-12 00:00:00+09:00,129134.67651969178,129750.44132598459,128430.9453125,128430.9453125,3803,0.0,0.0
2023-10-13 00:00:00+09:00,128430.94212723829,129134.67331697658,127639.2445387827,127727.2109375,5803,0.0,0.0
2023-10-16 00:00:00+09:00,127903.14052761426,128694.8380962171,126495.67818343145,127023.4765625,4160,0.0,0.0
2023-10-17 00:00:00+09:00,127727.20708218942,128606.87104281056,126759.57672550617,128167.0390625,3231,0.0,0.0
2023-10-18 00:00:00+09:00,128430.9453125,128782.8109160959,127815.1805062072,128430.9453125,2316,0.0,0.0
2023-10-19 00:00:00+09:00,128430.93366040956,129574.49676834472,128255.0008745734,128870.765625,2851,0.0,0.0
2023-10-20 00:00:00+09:00,128167.03745483483,128870.76861450447,127727.2054800413,127815.171875,2561,0.0,0.0
2023-10-23 00:00:00+09:00,127815.16537273834,128167.03093467293,126407.703125,126407.703125,4295,0.0,0.0
2023-10-24 00:00:00+09:00,126847.54595394737,127287.37794407894,125352.11718749999,125352.1171875,5280,0.0,0.0
2023-10-25 00:00:00+09:00,125703.97681051587,127639.23747519842,125440.07762896825,127463.3046875,4343,0.0,0.0
2023-10-26 00:00:00+09:00,127463.30693359375,127639.23972439236,126055.84460720485,126671.609375,2219,0.0,0.0
2023-10-27 00:00:00+09:00,127991.11641589506,128342.98202803498,127111.45238554527,128255.015625,5038,0.0,0.0
2023-10-30 00:00:00+09:00,127903.13340345246,127903.13340345246,126231.77196282963,126759.5703125,2586,0.0,0.0
2023-10-31 00:00:00+09:00,126759.5757703993,127727.20611979166,126143.81100260417,126671.609375,5223,0.0,0.0
2023-11-01 00:00:00+09:00,127287.36940412031,127991.10054111613,126407.70548287552,126495.671875,6759,0.0,0.0
2023-11-02 00:00:00+09:00,127375.34534263086,128079.07653236914,126935.51334904441,127727.2109375,3913,0.0,0.0
2023-11-06 00:00:00+09:00,128430.94525862069,128430.94525862069,127375.34844827585,127551.28125,3623,0.0,0.0
2023-11-07 00:00:00+09:00,127551.2693270906,127815.16850500871,125440.07590374564,126231.7734375,6958,0.0,0.0
2023-11-08 00:00:00+09:00,126231.77479739253,126407.7075845666,124824.3125,124824.3125,3971,0.0,0.0
2023-11-09 00:00:00+09:00,125176.17733056434,125791.94208201476,124560.41257911392,125088.2109375,4433,0.0,0.0
2023-11-10 00:00:00+09:00,125176.17042074878,126055.83430283415,125176.17042074878,125703.96875,3731,0.0,0.0
2023-11-13 00:00:00+09:00,125703.97643587033,125879.9092230444,124560.4133192389,124824.3125,2389,0.0,0.0
2023-11-14 00:00:00+09:00,124912.287539446,125528.05233717566,124384.489141392,125440.0859375,3838,0.0,0.0
2023-11-15 00:00:00+09:00,125616.0070754717,126231.77181603774,125528.04068396226,125879.90625,4325,0.0,0.0
2023-11-16 00:00:00+09:00,126583.64297960069,126671.609375,125703.97902560764,126671.609375,2796,0.0,0.0
2023-11-17 00:00:00+09:00,126407.7148055604,126583.64760278458,125440.08442082752,125967.8828125,3107,0.0,0.0
2023-11-20 00:00:00+09:00,125879.91870168658,125967.8851018974,124824.32189915671,125176.1875,4270,0.0,0.0
2023-11-21 00:00:00+09:00,125088.21404049295,125440.07962147887,124824.31485475351,124912.28125,4433,0.0,0.0
2023-11-22 00:00:00+09:00,124912.28519736842,125352.11718749999,124560.41960526315,125352.1171875,3337,0.0,0.0
2023-11-24 00:00:00+09:00,125352.11483387466,125791.9468157479,125176.18204112536,125264.1484375,1888,0.0,0.0
2023-11-27 00:00:00+09:00,125352.12422859769,125616.0234375,125088.22501969538,125616.0234375,1617,0.0,0.0
2023-11-28 00:00:00+09:00,125440.08358552631,125879.91557565788,125352.11718749999,125352.1171875,3401,0.0,0.0
2023-11-29 00:00:00+09:00,125352.11483387466,125791.9468157479,124912.28285200142,125264.1484375,3108,0.0,0.0
2023-11-30 00:00:00+09:00,125352.10877738179,126495.671875,124736.34403251043,126495.671875,8652,0.0,0.0
2023-12-01 00:00:00+09:00,126407.72815138986,126407.72815138986,125000.265625,125000.265625,4624,0.0,0.0
2023-12-04 00:00:00+09:00,125791.9453125,126231.77728911713,125264.14694055944,125791.9453125,3407,0.0,0.0
2023-12-05 00:00:00+09:00,125703.97891717657,126143.8108937937,125352.11333588287,125791.9453125,1916,0.0,0.0
2023-12-06 00:00:00+09:00,125703.98590126492,125703.98590126492,124648.38909873506,125176.1875,4662,0.0,0.0
2023-12-07 00:00:00+09:00,125264.14596602973,125264.14596602973,124120.58283572187,124296.515625,4914,0.0,0.0
2023-12-08 00:00:00+09:00,124296.53436180505,125000.265625,124032.63513810695,125000.265625,7389,0.0,0.0
2023-12-11 00:00:00+09:00,125000.24603305968,125088.21242717162,124296.5148801642,124560.4140625,2692,0.0,0.0
2023-12-12 00:00:00+09:00,124560.41555851063,124648.38195367907,123592.7852116578,124032.6171875,4897,0.0,0.0
2023-12-13 00:00:00+09:00,123944.65931460272,123944.65931460272,122449.23049391553,122889.0625,6268,0.0,0.0
2023-12-14 00:00:00+09:00,122801.10779243938,123680.77188837375,122537.20856365905,123328.90625,5045,0.0,0.0
2023-12-15 00:00:00+09:00,123152.95698924731,123328.88978494624,122537.19220430107,122713.125,8903,0.0,0.0
2023-12-18 00:00:00+09:00,122713.11867238121,122713.11867238121,121921.4211325594,122185.3203125,5033,0.0,0.0
2023-12-19 00:00:00+09:00,122185.32728835022,122361.26008502171,120953.7977116498,121569.5625,7033,0.0,0.0
2023-12-20 00:00:00+09:00,121305.66179980188,122273.29216948849,121041.76260806917,122097.359375,4609,0.0,0.0
2023-12-21 00:00:00+09:00,121833.46245581037,122273.29445023567,121129.73126472987,121305.6640625,3381,0.0,0.0
2023-12-22 00:00:00+09:00,121393.63129058441,122009.39608698593,121217.69849161255,121921.4296875,4060,0.0,0.0
2023-12-25 00:00:00+09:00,121833.4592393782,121833.4592393782,120601.9296875,120601.9296875,3859,0.0,0.0
2023-12-26 00:00:00+09:00,120601.93203922194,120865.83123405611,120250.06644610969,120689.8984375,4547,0.0,0.0
2023-12-27 00:00:00+09:00,120865.83131331405,121657.52889833575,120777.8649149783,121569.5625,4330,0.0,0.0
2023-12-28 00:00:00+09:00,122273.29234730113,123944.65389737216,122273.29234730113,123856.6875,4319,0.0,0.0
2023-12-29 00:00:00+09:00,124560.40934405942,124560.40934405942,123680.74543626238,124384.4765625,2993,0.0,0.0
2024-01-04 00:00:00+09:00,124736.35775017807,124824.3241519765,123328.89532140314,123504.828125,3362,0.0,0.0
2024-01-05 00:00:00+09:00,123944.64856412966,124912.27889358703,123680.74938336857,124824.3125,5783,0.0,0.0
2024-01-09 00:00:00+09:00,125088.20931770098,125264.14210155148,124472.44457422425,124736.34375,4194,0.0,0.0
2024-01-10 00:00:00+09:00,124648.36862708186,124912.26778437279,123944.63754097272,124120.5703125,4756,0.0,0.0
2024-01-11 00:00:00+09:00,124384.4804049858,124560.41319198013,123944.6484375,123944.6484375,3322,0.0,0.0
2024-01-12 00:00:00+09:00,124384.4914211362,124648.390625,123944.65941469654,124648.390625,3748,0.0,0.0
2024-01-15 00:00:00+09:00,125088.2109375,125264.14372362869,124736.34536524263,125088.2109375,589,0.0,0.0
2024-01-16 00:00:00+09:00,125088.22263143965,125264.15543401553,124472.45782242413,124648.390625,3893,0.0,0.0
2024-01-17 00:00:00+09:00,124560.41943950178,124560.41943950178,123328.88986877224,123592.7890625,5734,0.0,0.0
2024-01-18 00:00:00+09:00,123768.7162708184,123768.7162708184,122713.11954356196,122801.0859375,4838,0.0,0.0
2024-01-19 00:00:00+09:00,123152.96251780627,123592.79452679843,123152.96251780627,123504.828125,2830,0.0,0.0
2024-01-22 00:00:00+09:00,123856.68609550562,125264.1484375,123856.68609550562,125264.1484375,3763,0.0,0.0
2024-01-23 00:00:00+09:00,125616.02103916726,125616.02103916726,124648.390625,124648.390625,4143,0.0,0.0
2024-01-24 00:00:00+09:00,124736.34375,125176.17570962623,124472.44457422425,124736.34375,4047,0.0,0.0
2024-01-25 00:00:00+09:00,124472.4609375,124736.3601479682,123768.7297095848,124472.4609375,5180,0.0,0.0
2024-01-26 00:00:00+09:00,124736.35005925212,125352.11483387466,124472.45087012816,125264.1484375,4454,0.0,0.0
2024-01-29 00:00:00+09:00,124472.44457422425,125616.00766925246,124296.51179037376,124736.34375,18351,0.0,0.0
2024-01-30 00:00:00+09:00,125051.69314895156,125051.69314895156,124150.74435104844,124601.21875,7565,3350.0,0.0
2024-01-31 00:00:00+09:00,124691.29909107272,125592.24778392729,124511.10935250181,125141.7734375,5417,0.0,0.0
2024-02-01 00:00:00+09:00,124781.39176551095,125051.67636861315,123429.96875,123429.96875,7359,0.0,0.0
2024-02-02 00:00:00+09:00,124060.63614455106,124511.11049511224,123970.54127443882,124421.015625,3286,0.0,0.0
2024-02-05 00:00:00+09:00,124511.11725,125051.6865,123880.453125,123880.453125,2961,0.0,0.0
2024-02-06 00:00:00+09:00,123970.54912663756,124330.92862991267,123610.16962336245,123790.359375,3132,0.0,0.0
2024-02-07 00:00:00+09:00,124150.73787656135,124240.83275165319,122619.125,122619.125,5141,0.0,0.0
2024-02-08 00:00:00+09:00,122889.41858915442,123249.79811580882,122529.0390625,122529.0390625,5696,0.0,0.0
2024-02-09 00:00:00+09:00,122979.4921875,123249.77678571429,122258.73325892857,122348.828125,4124,0.0,0.0
2024-02-13 00:00:00+09:00,122529.03237674761,122709.22213024282,121718.17848601913,122438.9375,4308,0.0,0.0
2024-02-14 00:00:00+09:00,122529.02689873417,122709.21664417349,120817.22431706068,120997.4140625,6252,0.0,0.0
2024-02-15 00:00:00+09:00,121177.59937054575,121357.78910938672,119645.9865903976,120096.4609375,4724,0.0,0.0
2024-02-16 00:00:00+09:00,120456.84383267195,120456.84383267195,118835.13613709372,119195.515625,6966,0.0,0.0
2024-02-19 00:00:00+09:00,119645.99677296888,119736.09165005696,118024.28898538345,118654.953125,7762,0.0,0.0
2024-02-20 00:00:00+09:00,119736.07925458933,119826.1741223505,118654.94084145535,119015.3203125,7536,0.0,0.0
2024-02-21 00:00:00+09:00,119645.98326399394,119645.98326399394,118474.7499940904,119105.4140625,5163,0.0,0.0
2024-02-22 00:00:00+09:00,118564.85719393592,118835.14182279748,117663.90843106408,118114.3828125,7639,0.0,0.0
2024-02-26 00:00:00+09:00,118925.2298553719,120006.36830860256,118835.13498426935,119916.2734375,6307,0.0,0.0
2024-02-27 00:00:00+09:00,120276.65856546946,120366.7534407994,119465.8046875,119465.8046875,6963,0.0,0.0
2024-02-28 00:00:00+09:00,119555.89172097712,120186.55580692047,119375.70198213616,120096.4609375,5636,0.0,0.0
2024-02-29 00:00:00+09:00,119826.18090541825,119916.27577827948,117753.99882961027,118474.7578125,8846,0.0,0.0
2024-03-01 00:00:00+09:00,118654.95093964368,118835.14069050114,117663.90730992758,118204.4765625,5683,0.0,0.0
2024-03-04 00:00:00+09:00,118745.04568486048,119916.2790641497,118384.66618354073,119465.8046875,5972,0.0,0.0
2024-03-05 00:00:00+09:00,119465.80694155967,119826.18644967901,118474.7632942315,119285.6171875,3885,0.0,0.0
2024-03-06 00:00:00+09:00,119555.89726123596,120276.65625,119285.61264044944,120276.65625,5692,0.0,0.0
2024-03-07 00:00:00+09:00,120546.93988830798,120637.03476116921,118384.66293963879,118474.7578125,6488,0.0,0.0
2024-03-08 00:00:00+09:00,118024.2834957951,118654.94760607797,117483.71425840977,117844.09375,9374,0.0,0.0
2024-03-11 00:00:00+09:00,117844.09588068182,118925.234375,117844.09588068182,118925.234375,5436,0.0,0.0
2024-03-12 00:00:00+09:00,119195.52231047017,119555.90181858951,118294.57354017184,119285.6171875,5744,0.0,0.0
2024-03-13 00:00:00+09:00,119285.61166825096,119285.61166825096,117663.90395674905,118474.7578125,5704,0.0,0.0
2024-03-14 00:00:00+09:00,118745.0401131668,119916.2734375,118204.47088655147,119916.2734375,6823,0.0,0.0
2024-03-15 00:00:00+09:00,120186.55684127865,122438.92859617517,120096.46197108278,121898.359375,10672,0.0,0.0
2024-03-18 00:00:00+09:00,122168.6462751116,122348.83601888022,120727.1283249628,121087.5078125,7077,0.0,0.0
2024-03-19 00:00:00+09:00,121537.98201188959,124871.4922672194,121537.98201188959,123610.1640625,8265,0.0,0.0
2024-03-21 00:00:00+09:00,124060.64052390367,125412.0636232926,121898.36356488138,125321.96875,8699,0.0,0.0
2024-03-22 00:00:00+09:00,125502.16293602045,125862.54244193867,124691.30904770446,125592.2578125,6449,0.0,0.0
2024-03-25 00:00:00+09:00,125592.24442124642,125592.24442124642,124511.10601876797,125412.0546875,3721,0.0,0.0
2024-03-26 00:00:00+09:00,126132.8259408602,126132.8259408602,124691.30793010752,125682.3515625,4341,0.0,0.0
2024-03-27 00:00:00+09:00,125862.53569754463,126403.10492745535,125592.25108258928,126132.8203125,5216,0.0,0.0
2024-03-28 00:00:00+09:00,126403.1162488759,126403.1162488759,124691.31353417266,125231.8828125,6607,0.0,0.0
2024-03-29 00:00:00+09:00,126042.72773634076,126042.72773634076,125051.68413012222,125321.96875,2299,0.0,0.0
2024-04-01 00:00:00+09:00,126132.81362248564,126493.19308997845,125141.7700868804,125412.0546875,2762,0.0,0.0
2024-04-02 00:00:00+09:00,125321.96210737765,125412.05697589481,122709.21092037985,123339.875,5457,0.0,0.0
2024-04-03 00:00:00+09:00,123069.59824706314,123159.69312132892,121537.98538454478,122709.21875,4428,0.0,0.0
2024-04-04 00:00:00+09:00,122799.31580902524,123249.79018836869,122168.6516779444,123159.6953125,3673,0.0,0.0
2024-04-05 00:00:00+09:00,122438.93531319239,122799.3148137463,121357.79681153064,121988.4609375,5391,0.0,0.0
2024-04-08 00:00:00+09:00,122438.9395856127,123700.26788156455,121447.89592450767,123520.078125,3499,0.0,0.0
2024-04-09 00:00:00+09:00,123880.45087826798,124601.20986519608,123159.69189133987,124060.640625,3056,0.0,0.0
2024-04-10 00:00:00+09:00,124601.21439138748,124781.40414466496,123159.69636516752,123700.265625,4881,0.0,0.0
2024-04-11 00:00:00+09:00,123069.60253127266,124421.0256923042,122709.22302166425,124240.8359375,4409,0.0,0.0
2024-04-12 00:00:00+09:00,124421.0111804532,124421.0111804532,121718.16517363669,122258.734375,5782,0.0,0.0
2024-04-15 00:00:00+09:00,121898.36599926524,122979.50450036737,121808.27112417339,122619.125,3388,0.0,0.0
2024-04-16 00:00:00+09:00,122709.21987509183,123790.35837619397,122529.03012490815,122619.125,4830,0.0,0.0
2024-04-17 00:00:00+09:00,123069.6015625,123429.9810692716,122258.74767226391,123069.6015625,3827,0.0,0.0
2024-04-18 00:00:00+09:00,123069.60835248162,123520.08276079963,122529.0390625,122529.0390625,2838,0.0,0.0
2024-04-19 00:00:00+09:00,122529.02793141593,122799.31255185287,121357.79457618915,122168.6484375,4143,0.0,0.0
2024-04-22 00:00:00+09:00,122709.21203399124,123790.35046600878,122438.92742598684,123249.78125,3800,0.0,0.0
2024-04-23 00:00:00+09:00,124240.8281648597,124781.39739545372,123249.78457543733,123610.1640625,4234,0.0,0.0
2024-04-24 00:00:00+09:00,124240.8337540939,124240.8337540939,122979.50549263101,123790.359375,2301,0.0,0.0
2024-04-25 00:00:00+09:00,123520.06473703434,124240.82368517166,123249.78013148284,123339.875,2729,0.0,0.0
2024-04-26 00:00:00+09:00,123339.88499590612,123790.35937500001,122709.22086517468,123790.359375,2922,0.0,0.0
2024-04-30 00:00:00+09:00,124060.63614455106,124781.39510544896,123610.16179398987,124421.015625,4246,0.0,0.0
2024-05-01 00:00:00+09:00,124330.91961393089,125141.7734375,124150.72987535998,125141.7734375,2856,0.0,0.0
2024-05-02 00:00:00+09:00,125141.78802874187,126042.73682664498,124601.21875,124601.21875,3473,0.0,0.0
2024-05-07 00:00:00+09:00,125141.7734375,125231.86830678546,123700.2555289327,125141.7734375,4467,0.0,0.0
2024-05-08 00:00:00+09:00,125051.69096970247,125321.97560436321,124150.7421875,124150.7421875,2491,0.0,0.0
2024-05-09 00:00:00+09:00,124150.73662336482,124511.11612009448,123339.88275572311,123970.546875,5026,0.0,0.0
2024-05-10 00:00:00+09:00,123700.25677891723,123790.35164911309,121808.26450480414,121898.359375,7838,0.0,0.0
2024-05-13 00:00:00+09:00,122619.12717903551,123069.6015625,122258.74767226391,123069.6015625,4580,0.0,0.0
2024-05-14 00:00:00+09:00,123249.78125,123610.16072733919,122889.40177266083,123249.78125,3227,0.0,0.0
2024-05-15 00:00:00+09:00,123159.683038169,123339.87277194831,122529.01896994136,122889.3984375,3824,0.0,0.0
2024-05-16 00:00:00+09:00,122529.02787967719,122889.40737344093,121898.3637655906,122799.3125,3577,0.0,0.0
2024-05-17 00:00:00+09:00,121808.27000734214,122709.21875,121808.27000734214,122709.21875,3559,0.0,0.0
2024-05-20 00:00:00+09:00,122529.02572168765,122709.215465396,121447.88725943746,121718.171875,4439,0.0,0.0
2024-05-21 00:00:00+09:00,121808.26787037037,122438.93197916668,121537.98325231482,121628.078125,3296,0.0,0.0
2024-05-22 00:00:00+09:00,121447.89068325875,121628.08043204698,120817.2265625,120817.2265625,3927,0.0,0.0
2024-05-23 00:00:00+09:00,120817.22099047796,120997.41073095593,120096.4620285661,120637.03125,4323,0.0,0.0
2024-05-24 00:00:00+09:00,120006.37162921349,120637.03574438202,119645.99213483147,120276.65625,4138,0.0,0.0
2024-05-27 00:00:00+09:00,120276.66068175448,120546.9453125,119736.09142026344,120546.9453125,3046,0.0,0.0
2024-05-28 00:00:00+09:00,120727.12944434103,121988.45766241623,120456.84482618206,120997.4140625,3497,0.0,0.0
2024-05-29 00:00:00+09:00,120997.40852251319,121087.50339110776,119465.79575640542,119555.890625,3815,0.0,0.0
2024-05-30 00:00:00+09:00,119555.889519067,120006.36385787283,118474.75110593301,119015.3203125,5297,0.0,0.0
2024-05-31 00:00:00+09:00,119826.18524774774,120186.56475225225,119195.52111486487,120006.375,6392,0.0,0.0
2024-06-03 00:00:00+09:00,120546.94756970434,121267.7065985217,120366.7578125,120366.7578125,3794,0.0,0.0
2024-06-04 00:00:00+09:00,120366.75676691729,120456.85164473683,119736.09262218044,119826.1875,4978,0.0,0.0
2024-06-05 00:00:00+09:00,119826.18081028969,120276.65517423814,119736.0859375,119736.0859375,3555,0.0,0.0
2024-06-06 00:00:00+09:00,120276.66068175448,120546.9453125,119375.71191260277,120546.9453125,2493,0.0,0.0
2024-06-07 00:00:00+09:00,120186.56261837122,120456.84724195076,118925.234375,118925.234375,2956,0.0,0.0
2024-06-10 00:00:00+09:00,119285.61157355153,119826.18081028969,118925.23208239277,119736.0859375,2924,0.0,0.0
2024-06-11 00:00:00+09:00,119916.27577827948,119916.27577827948,118474.7578125,118474.7578125,3096,0.0,0.0
2024-06-12 00:00:00+09:00,118474.7578125,119105.42192252852,118294.56806677757,118474.7578125,2247,0.0,0.0
2024-06-13 00:00:00+09:00,118654.94760607797,118835.13735187308,117844.09375,117844.09375,3958,0.0,0.0
2024-06-14 00:00:00+09:00,119826.17977061169,119826.17977061169,118114.3772024601,118564.8515625,5023,0.0,0.0
2024-06-17 00:00:00+09:00,118745.0480020881,118835.14287917617,118024.28898538345,118654.953125,2745,0.0,0.0
2024-06-18 00:00:00+09:00,118564.85268536123,119375.70654111217,118024.28344819392,118474.7578125,3069,0.0,0.0
2024-06-19 00:00:00+09:00,118204.478663142,119285.6171875,118204.478663142,119285.6171875,3151,0.0,0.0
2024-06-20 00:00:00+09:00,119015.3325564105,119916.28132670885,118835.14280235083,119285.6171875,2354,0.0,0.0
2024-06-21 00:00:00+09:00,119195.50892941565,120186.5524654879,119015.31919558434,119105.4140625,4510,0.0,0.0
2024-06-24 00:00:00+09:00,119916.2790641497,119916.2790641497,119195.5200615102,119465.8046875,1023,0.0,0.0
2024-06-25 00:00:00+09:00,119555.89726123596,120456.84599719102,119555.89726123596,120276.65625,1840,0.0,0.0
2024-06-26 00:00:00+09:00,120276.66180698392,120727.13619577413,120006.3771737098,120456.8515625,2822,0.0,0.0
2024-06-27 00:00:00+09:00,120366.75676691729,120366.75676691729,119555.90286654135,119826.1875,4401,0.0,0.0
2024-06-28 00:00:00+09:00,120456.84938063062,120456.84938063062,119105.42623873873,120006.375,3401,0.0,0.0
2024-07-01 00:00:00+09:00,120276.65749289774,120276.65749289774,118925.234375,118925.234375,4028,0.0,0.0
2024-07-02 00:00:00+09:00,119375.70981217007,119465.8046875,118564.8559342006,119465.8046875,3893,0.0,0.0
2024-07-03 00:00:00+09:00,119015.3325564105,119736.09157264918,118925.23767938068,119285.6171875,3145,0.0,0.0
2024-07-04 00:00:00+09:00,119285.61157355153,119736.0859375,119195.51670076184,119736.0859375,2028,0.0,0.0
2024-07-05 00:00:00+09:00,119645.99669561934,119645.99669561934,119105.42743344035,119285.6171875,2798,0.0,0.0
2024-07-08 00:00:00+09:00,119375.70874763258,119916.27799479167,118925.234375,118925.234375,3390,0.0,0.0
2024-07-09 00:00:00+09:00,118925.2310090703,119195.515625,118204.47203325774,119195.515625,3819,0.0,0.0
2024-07-10 00:00:00+09:00,119195.52125616465,119285.61613239757,118745.046875,118745.046875,2378,0.0,0.0
2024-07-11 00:00:00+09:00,119015.32588104685,119645.98998488284,118925.2310090703,119195.515625,2181,0.0,0.0
2024-07-12 00:00:00+09:00,119195.52439067178,120727.13732690868,119195.52439067178,120366.7578125,4467,0.0,0.0
2024-07-16 00:00:00+09:00,121628.08277027027,121628.08277027027,119736.09037162161,120006.375,4305,0.0,0.0
2024-07-17 00:00:00+09:00,120456.84150952203,120637.03125,119916.27228808812,120637.03125,3566,0.0,0.0
2024-07-18 00:00:00+09:00,120366.7578125,121357.80147712388,120186.56805529566,120366.7578125,3276,0.0,0.0
2024-07-19 00:00:00+09:00,120727.127277423,120727.127277423,119465.79908198724,119916.2734375,3912,0.0,0.0
2024-07-22 00:00:00+09:00,119826.18531839624,119916.28019457548,118925.23655660378,119375.7109375,3572,0.0,0.0
2024-07-23 00:00:00+09:00,119555.890625,119916.2700993783,119105.41628202713,119555.890625,2981,0.0,0.0
2024-07-24 00:00:00+09:00,119555.90181858951,119826.18644967901,119195.52231047017,119285.6171875,3799,0.0,0.0
2024-07-25 00:00:00+09:00,119105.42518618025,119826.18418881977,118835.14056019043,119465.8046875,3896,0.0,0.0
2024-07-26 00:00:00+09:00,119465.8036221591,119826.18312026515,118925.234375,118925.234375,4453,0.0,0.0
2024-07-29 00:00:00+09:00,118835.14168042454,119375.7109375,118204.47754716982,119375.7109375,14841,0.0,0.0
2024-07-30 00:00:00+09:00,119874.796875,120336.92022455667,119412.67352544333,119874.796875,8592,3340.0,0.0
2024-07-31 00:00:00+09:00,119412.66852334105,119874.79185353975,119135.39452522184,119782.3671875,6648,0.0,0.0
2024-08-01 00:00:00+09:00,119782.38179347826,119782.38179347826,118580.8609884511,119042.984375,7370,0.0,0.0
2024-08-02 00:00:00+09:00,118211.1484375,118580.84710344995,116732.35377370016,118211.1484375,7461,0.0,0.0
2024-08-05 00:00:00+09:00,116455.0849404281,117564.1809874798,113682.34482279887,114421.7421875,12269,0.0,0.0
2024-08-06 00:00:00+09:00,115623.25613839286,119689.94140625,114883.85881696429,117749.0234375,9141,0.0,0.0
2024-08-07 00:00:00+09:00,116547.5088233145,120799.04364161147,116177.8101434626,118580.8515625,12048,0.0,0.0
2024-08-08 00:00:00+09:00,118396.00549231439,120521.77296017016,118396.00549231439,119505.1015625,6713,0.0,0.0
2024-08-09 00:00:00+09:00,120429.34155254468,121076.31422397048,118580.84820561383,118950.546875,7800,0.0,0.0
2024-08-13 00:00:00+09:00,119135.4034520349,120429.34887354652,119042.97877906977,119227.828125,5755,0.0,0.0
2024-08-14 00:00:00+09:00,120521.76893074582,121446.015625,119320.24822821538,121446.015625,6239,0.0,0.0
2024-08-15 00:00:00+09:00,120706.62545083524,121723.296875,120244.50207621489,121723.296875,3685,0.0,0.0
2024-08-16 00:00:00+09:00,122000.56193310657,122277.8359375,121168.7399199263,122277.8359375,3661,0.0,0.0
2024-08-19 00:00:00+09:00,121723.2857092165,122555.10770722937,121076.31304409538,122092.984375,3200,0.0,0.0
2024-08-20 00:00:00+09:00,122462.69575107597,123479.3671875,121630.87366672904,123479.3671875,5517,0.0,0.0
2024-08-21 00:00:00+09:00,122924.81764901291,123017.24232393698,121630.87220007593,121723.296875,4127,0.0,0.0
2024-08-22 00:00:00+09:00,122000.56358245482,122739.9609375,121446.01556617094,122739.9609375,3934,0.0,0.0
2024-08-23 00:00:00+09:00,122555.1104642991,123294.5078125,122185.41179019865,123294.5078125,3854,0.0,0.0
2024-08-26 00:00:00+09:00,123386.93808065879,123664.21209881756,122924.81471706081,123109.6640625,3297,0.0,0.0
2024-08-27 00:00:00+09:00,123202.09184872788,125420.28405005531,123202.09184872788,125327.859375,5644,0.0,0.0
2024-08-28 00:00:00+09:00,124958.14564855876,125327.84430432372,124680.87165673502,125050.5703125,6211,0.0,0.0
2024-08-29 00:00:00+09:00,125050.57818918036,125697.55087752054,123664.20814273712,123756.6328125,4365,0.0,0.0
2024-08-30 00:00:00+09:00,123386.9313491138,123849.0546875,122924.8080107276,123849.0546875,10388,0.0,0.0
2024-09-02 00:00:00+09:00,123571.7823887115,124033.90573347108,122739.96036814425,123017.234375,5076,0.0,0.0
2024-09-03 00:00:00+09:00,123202.08148161211,123294.50614889014,122647.53347794394,122832.3828125,2003,0.0,0.0
2024-09-04 00:00:00+09:00,122092.98882075472,123571.78353773586,121908.13948113208,122462.6875,6416,0.0,0.0
2024-09-05 00:00:00+09:00,122647.5418610954,123849.06261783559,121908.1444723322,122555.1171875,3669,0.0,0.0
2024-09-06 00:00:00+09:00,122739.95814522197,123664.20481800225,122555.10881066592,122832.3828125,4078,0.0,0.0
2024-09-09 00:00:00+09:00,122555.11103024043,123571.7823887115,122092.98768548084,123017.234375,3738,0.0,0.0
2024-09-10 00:00:00+09:00,123571.78012146315,125050.57479756144,123479.355454207,124126.328125,4317,0.0,0.0
2024-09-11 00:00:00+09:00,124403.61394788547,124403.61394788547,123017.24380730726,123479.3671875,4039,0.0,0.0
2024-09-12 00:00:00+09:00,123479.3671875,124218.76459580839,122555.12042711453,123479.3671875,2549,0.0,0.0
2024-09-13 00:00:00+09:00,124126.33322368421,124126.33322368421,122924.8125,122924.8125,5471,0.0,0.0
2024-09-17 00:00:00+09:00,124033.91231032569,124865.734375,123571.78894106217,124865.734375,4426,0.0,0.0
2024-09-18 00:00:00+09:00,124033.91231032569,125235.4330704108,123849.06296262027,124865.734375,4523,0.0,0.0
2024-09-19 00:00:00+09:00,124588.4520289179,125143.00003498133,123386.9313491138,123849.0546875,2942,0.0,0.0
2024-09-20 00:00:00+09:00,123941.48775827412,124588.46047587883,123386.93971461293,123571.7890625,9118,0.0,0.0
2024-09-24 00:00:00+09:00,123386.93356464233,124311.18025801043,122647.53620994784,124033.90625,3575,0.0,0.0
2024-09-25 00:00:00+09:00,124126.3375660701,125235.43365750185,123756.63886892618,124588.4609375,5592,0.0,0.0
2024-09-26 00:00:00+09:00,124865.72599704578,125235.4246676514,124588.45199409158,125143.0,4280,0.0,0.0
2024-09-27 00:00:00+09:00,124958.15460282109,125512.70262620639,124218.75723830736,124496.03125,3538,0.0,0.0
2024-09-30 00:00:00+09:00,123849.05988194972,124033.90922505711,121076.31973533891,121353.59375,5888,0.0,0.0
2024-10-01 00:00:00+09:00,122000.56587196048,122000.56587196048,121076.31916080927,121630.8671875,3300,0.0,0.0
2024-10-02 00:00:00+09:00,121538.44251638488,121723.29185861512,120983.89448969415,121630.8671875,2941,0.0,0.0
2024-10-03 00:00:00+09:00,122000.5647220121,122832.38675420763,122000.5647220121,122185.4140625,4208,0.0,0.0
2024-10-04 00:00:00+09:00,122277.83427186077,122647.53293934939,121815.7109375,121815.7109375,4274,0.0,0.0
2024-10-07 00:00:00+09:00,122370.25782442748,122647.53182251909,120706.61383587787,121076.3125,3330,0.0,0.0
2024-10-08 00:00:00+09:00,120706.62558758633,121168.74896273023,120244.50221244243,120429.3515625,3455,0.0,0.0
2024-10-09 00:00:00+09:00,120336.91851311257,120799.04185609687,120244.4938445157,120706.6171875,2979,0.0,0.0
2024-10-10 00:00:00+09:00,120429.3515625,120891.4749376439,120152.07753741366,120429.3515625,3415,0.0,0.0
2024-10-11 00:00:00+09:00,120336.92688747121,120521.77623752877,120059.65286238487,120429.3515625,4192,0.0,0.0
2024-10-15 00:00:00+09:00,120429.34432091346,120891.46766826922,119967.22097355769,120152.0703125,3546,0.0,0.0
2024-10-16 00:00:00+09:00,119967.22492507735,120152.07427010828,119227.8275449536,119505.1015625,3756,0.0,0.0
2024-10-17 00:00:00+09:00,119412.67688998453,120059.64959759281,119227.8275449536,119505.1015625,2483,0.0,0.0
2024-10-18 00:00:00+09:00,119689.94196256736,120336.91462182449,119505.09263135104,120059.640625,3218,0.0,0.0
2024-10-21 00:00:00+09:00,119874.80025256188,119874.80025256188,118950.5535274072,119505.1015625,3624,0.0,0.0
2024-10-22 00:00:00+09:00,119227.83033813855,119505.10436218073,118858.13163941565,119412.6796875,3717,0.0,0.0
2024-10-23 00:00:00+09:00,118950.54966951789,119227.82367807154,118488.42632192846,118858.125,3546,0.0,0.0
2024-10-24 00:00:00+09:00,118858.12110291242,118950.54576939992,118211.1484375,118211.1484375,3000,0.0,0.0
2024-10-25 00:00:00+09:00,118395.99777047498,118580.84710344995,117656.60043857506,118211.1484375,5807,0.0,0.0
2024-10-28 00:00:00+09:00,118211.16227921196,119135.40905230978,117656.61421535326,119042.984375,3348,0.0,0.0
2024-10-29 00:00:00+09:00,119042.984375,119320.25840692935,118396.01163383153,119042.984375,3109,0.0,0.0
2024-10-30 00:00:00+09:00,118673.28242370891,118765.70709849373,118118.734375,118118.734375,3655,0.0,0.0
2024-10-31 00:00:00+09:00,117749.0234375,118303.57142857143,117564.17410714286,117749.0234375,4668,0.0,0.0
2024-11-01 00:00:00+09:00,117564.18632629108,118488.43307413928,117194.4876271518,118118.734375,3096,0.0,0.0
2024-11-05 00:00:00+09:00,117749.0234375,118395.99609375,117471.74944196429,117749.0234375,3446,0.0,0.0
2024-11-06 00:00:00+09:00,117841.45413695065,119874.796875,117841.45413695065,119874.796875,5088,0.0,0.0
2024-11-07 00:00:00+09:00,118950.5531471806,119135.40249162065,117102.05970277997,117194.484375,4209,0.0,0.0
2024-11-08 00:00:00+09:00,117471.75225873709,117749.02626092137,115992.95758042096,116362.65625,3710,0.0,0.0
2024-11-11 00:00:00+09:00,116547.50946015994,117009.6328125,116177.81077828791,117009.6328125,3274,0.0,0.0
2024-11-12 00:00:00+09:00,116917.20368834192,117009.62835528923,116362.65568665808,116639.9296875,2912,0.0,0.0
2024-11-13 00:00:00+09:00,116362.65345982143,116824.77678571429,116085.37946428571,116455.078125,3849,0.0,0.0
2024-11-14 00:00:00+09:00,116085.3895733173,116085.3895733173,115068.7181678185,115345.9921875,4027,0.0,0.0
2024-11-15 00:00:00+09:00,115715.68522547468,117009.63058742088,115438.41121934335,116824.78125,5890,0.0,0.0
2024-11-18 00:00:00+09:00,116639.93470407759,116732.359375,115900.53733669834,116732.359375,2947,0.0,0.0
2024-11-19 00:00:00+09:00,116455.078125,117841.44810267858,116362.65345982143,117749.0234375,3405,0.0,0.0
2024-11-20 00:00:00+09:00,117749.03240832018,118118.73109720032,116732.36101389985,117194.484375,2548,0.0,0.0
2024-11-21 00:00:00+09:00,116917.20648914552,117286.90516579105,116085.3844666931,116547.5078125,2605,0.0,0.0
2024-11-22 00:00:00+09:00,116547.51166945978,117564.18306388012,116270.23765279968,117194.484375,3279,0.0,0.0
2024-11-25 00:00:00+09:00,117286.90846897128,118303.57985837922,117286.90846897128,117471.7578125,4504,0.0,0.0
2024-11-26 00:00:00+09:00,117564.18306388012,118118.73109720032,116824.78568611987,117194.484375,2991,0.0,0.0
2024-11-27 00:00:00+09:00,117194.47878937007,117379.328125,116732.35545029528,117379.328125,3021,0.0,0.0
2024-11-28 00:00:00+09:00,117102.06133395522,117656.609375,117009.63666044775,117656.609375,2795,0.0,0.0
2024-11-29 00:00:00+09:00,117286.90516579105,117564.17917327517,116547.5078125,116547.5078125,2455,0.0,0.0
2024-12-02 00:00:00+09:00,117102.05358915807,117379.32759134233,116270.23158260524,116362.65625,2814,0.0,0.0
2024-12-03 00:00:00+09:00,116547.51224678854,116917.2109375,116085.38888339921,116917.2109375,3894,0.0,0.0
2024-12-04 00:00:00+09:00,117009.63454653938,117286.9085620525,116177.8125,116177.8125,3502,0.0,0.0
2024-12-05 00:00:00+09:00,116177.81085263578,116362.6601936901,115530.83815894568,115715.6875,3526,0.0,0.0
2024-12-06 00:00:00+09:00,115715.68247901679,115900.53181205035,115345.98381294963,115623.2578125,3944,0.0,0.0
2024-12-09 00:00:00+09:00,115530.84153395431,115530.84153395431,114699.01947490984,115345.9921875,5697,0.0,0.0
2024-12-10 00:00:00+09:00,115345.9883158743,115345.9883158743,114699.015625,114699.015625,3294,0.0,0.0
2024-12-11 00:00:00+09:00,114606.59317176187,115253.56587515085,114606.59317176187,114883.8671875,3759,0.0,0.0
2024-12-12 00:00:00+09:00,114883.8671875,115161.14120323813,114514.16849984915,114883.8671875,3917,0.0,0.0
2024-12-13 00:00:00+09:00,114883.87219905546,115345.99557877814,114606.59817122186,114976.296875,7019,0.0,0.0
2024-12-16 00:00:00+09:00,114699.015625,114883.8649652498,114144.4676042506,114699.015625,5009,0.0,0.0
2024-12-17 00:00:00+09:00,114236.89622163695,114606.59491491086,113867.19752836305,114052.046875,4658,0.0,0.0
2024-12-18 00:00:00+09:00,113867.19308943089,114514.16577743902,113682.34375,113682.34375,4470,0.0,0.0
2024-12-19 00:00:00+09:00,113589.91965286266,114236.89234413202,113405.0703125,113405.0703125,3755,0.0,0.0
2024-12-20 00:00:00+09:00,113774.76949338651,114699.01619926293,113774.76949338651,114421.7421875,6393,0.0,0.0
2024-12-23 00:00:00+09:00,114699.0122678213,115161.13560491968,114606.58760040162,115068.7109375,3974,0.0,0.0
2024-12-24 00:00:00+09:00,115161.13447991606,115900.53181205035,114883.8604803657,115623.2578125,3318,0.0,0.0
2024-12-25 00:00:00+09:00,115530.83650761828,115808.11051523656,114883.86382317562,115253.5625,2283,0.0,0.0
2024-12-26 00:00:00+09:00,115253.56188192246,116824.78125,115253.56188192246,116824.78125,4491,0.0,0.0
2024-12-27 00:00:00+09:00,117841.45649955743,117933.88117132179,116732.36043838512,117471.7578125,3046,0.0,0.0
2024-12-30 00:00:00+09:00,117749.03522099447,118303.58326756116,117102.0625,117102.0625,4885,0.0,0.0
2025-01-06 00:00:00+09:00,117841.4514640748,118395.99947096457,117379.328125,117379.328125,5294,0.0,0.0
2025-01-07 00:00:00+09:00,117749.02851159793,117933.8778499207,116547.5078125,116547.5078125,5935,0.0,0.0
2025-01-08 00:00:00+09:00,116732.35324461722,117286.90124102871,115900.53125,115900.53125,4172,0.0,0.0
2025-01-09 00:00:00+09:00,115715.6875,115992.96151158147,115253.56414736422,115715.6875,3636,0.0,0.0
2025-01-10 00:00:00+09:00,115715.68527500001,115900.5346125,115253.56193125,115530.8359375,2736,0.0,0.0
2025-01-14 00:00:00+09:00,116270.23559925283,116270.23559925283,114421.7421875,114421.7421875,5030,0.0,0.0
2025-01-15 00:00:00+09:00,114421.74334161931,114699.01735617897,113589.92129794034,113867.1953125,5233,0.0,0.0
2025-01-16 00:00:00+09:00,113959.61661862864,114421.73996258092,113774.76728104774,114236.890625,3193,0.0,0.0
2025-01-17 00:00:00+09:00,113867.19194983819,114606.58930016182,113497.49327467638,114236.890625,4808,0.0,0.0
2025-01-20 00:00:00+09:00,114236.88783346808,114606.5864995958,114052.0385004042,114329.3125,2888,0.0,0.0
2025-01-21 00:00:00+09:00,114421.73493168017,114699.00892586033,114144.4609375,114144.4609375,2517,0.0,0.0
2025-01-22 00:00:00+09:00,114514.17024159238,114606.59491491086,114052.046875,114052.046875,2950,0.0,0.0
2025-01-23 00:00:00+09:00,114052.03627277329,114236.88560222673,113589.91294913967,114144.4609375,3026,0.0,0.0
2025-01-24 00:00:00+09:00,114144.46426330322,115623.25894201807,114144.46426330322,115068.7109375,3589,0.0,0.0
2025-01-27 00:00:00+09:00,115530.83645172483,116824.78181998414,115438.41178256345,116547.5078125,3207,0.0,0.0
2025-01-28 00:00:00+09:00,116455.078125,117749.0234375,116455.078125,116455.078125,5658,0.0,0.0
2025-01-29 00:00:00+09:00,116085.38667854316,117379.33207145685,116085.38667854316,116732.359375,16092,0.0,0.0
2025-01-30 00:00:00+09:00,119068.14691509624,119258.048265838,117643.88678453288,118403.4921875,8822,3360.0,0.0
2025-01-31 00:00:00+09:00,118308.53526216108,119827.7459878389,118023.68325109649,119068.140625,5823,0.0,0.0
2025-02-03 00:00:00+09:00,118213.58776231752,118878.24247262774,116694.37699589416,117074.1796875,6363,0.0,0.0
2025-02-04 00:00:00+09:00,117169.140625,117833.79539353728,116694.38721890195,117169.140625,4376,0.0,0.0
2025-02-05 00:00:00+09:00,116789.32522067775,117548.93058796672,116789.32522067775,116979.2265625,5480,0.0,0.0
2025-02-06 00:00:00+09:00,116979.23100242522,117453.984375,116789.32965339531,117453.984375,3821,0.0,0.0
2025-02-07 00:00:00+09:00,117264.084416989,117359.03509263029,116599.4296875,116599.4296875,3851,0.0,0.0
2025-02-10 00:00:00+09:00,116789.33737714987,116979.23873873874,115744.87988841115,115934.78125,4475,0.0,0.0
2025-02-12 00:00:00+09:00,116124.67386791972,116694.37790979014,116124.67386791972,116504.4765625,2192,0.0,0.0
2025-02-13 00:00:00+09:00,116599.43119939271,117264.0859375,116314.5791687753,117264.0859375,3114,0.0,0.0
2025-02-14 00:00:00+09:00,117453.98345736122,118118.63817377313,117264.08210981496,118023.6875,3425,0.0,0.0
2025-02-17 00:00:00+09:00,117738.8359375,118118.63863407259,117169.13189264113,117738.8359375,3357,0.0,0.0
2025-02-18 00:00:00+09:00,117643.89109905946,117643.89109905946,116979.23634708737,117359.0390625,3525,0.0,0.0
2025-02-19 00:00:00+09:00,117643.8877102639,118023.6904147361,117264.0850057917,117833.7890625,2733,0.0,0.0
2025-02-20 00:00:00+09:00,117928.7421875,118023.69286558976,117453.98879705112,117928.7421875,2531,0.0,0.0
2025-02-21 00:00:00+09:00,117928.73973861805,118213.5917669722,117548.93703414586,117833.7890625,3081,0.0,0.0
2025-02-25 00:00:00+09:00,117833.79057116387,118973.19869916867,117833.79057116387,118498.4453125,4161,0.0,0.0
2025-02-26 00:00:00+09:00,119922.70159484474,119922.70159484474,118403.49080662818,119258.046875,4469,0.0,0.0
2025-02-27 00:00:00+09:00,119258.0464158062,119827.7504591938,118308.53967682684,119542.8984375,5329,0.0,0.0
2025-02-28 00:00:00+09:00,118973.19863355513,124860.140625,118973.19863355513,124860.140625,13710,0.0,0.0
2025-03-03 00:00:00+09:00,121346.96170879777,121346.96170879777,119258.046875,119258.046875,6618,0.0,0.0
2025-03-04 00:00:00+09:00,119827.75030168946,120112.60232300885,117833.78615245374,118023.6875,4212,0.0,0.0
2025-03-05 00:00:00+09:00,118498.4447368421,118593.39541371456,117264.0859375,117264.0859375,3661,0.0,0.0
2025-03-06 00:00:00+09:00,116979.23100242522,117928.73774757478,116979.23100242522,117453.984375,2559,0.0,0.0
2025-03-07 00:00:00+09:00,117643.89054195625,117738.84122035977,116124.6796875,116124.6796875,3784,0.0,0.0
2025-03-10 00:00:00+09:00,116789.33043981482,116789.33043981482,115365.0703125,115365.0703125,3154,0.0,0.0
2025-03-11 00:00:00+09:00,115365.06695056353,116314.57367443648,115365.06695056353,115839.8203125,4300,0.0,0.0
2025-03-12 00:00:00+09:00,116219.62791530279,116219.62791530279,115270.12115128887,116029.7265625,3987,0.0,0.0
2025-03-13 00:00:00+09:00,115839.82382209586,117453.98530158408,115839.82382209586,116884.28125,4006,0.0,0.0
2025-03-14 00:00:00+09:00,116599.43363167475,117453.98974135314,116504.48295282159,117359.0390625,5818,0.0,0.0
2025-03-17 00:00:00+09:00,117738.84471231767,117738.84471231767,116599.43653768234,117169.140625,3614,0.0,0.0
2025-03-18 00:00:00+09:00,116884.27941472245,118023.6875,116884.27941472245,118023.6875,3819,0.0,0.0
2025-03-19 00:00:00+09:00,117359.03324092743,117928.7372857863,117169.13189264113,117738.8359375,3792,0.0,0.0
2025-03-21 00:00:00+09:00,117453.98146816989,117738.83348466505,116599.42541868442,117643.8828125,7780,0.0,0.0
2025-03-24 00:00:00+09:00,117548.93657053859,118593.39400371785,117453.98589479503,118118.640625,2910,0.0,0.0
2025-03-25 00:00:00+09:00,118973.19286017373,119637.84756888977,118593.39016947884,118878.2421875,4864,0.0,0.0
2025-03-26 00:00:00+09:00,118973.20020542828,119163.1015625,118403.49613421314,119163.1015625,2696,0.0,0.0
2025-03-27 00:00:00+09:00,118688.34480406747,119827.75291418651,118688.34480406747,119637.8515625,3900,0.0,0.0
2025-03-28 00:00:00+09:00,119258.0483966746,119922.703125,118688.34434382424,119922.703125,3537,0.0,0.0
2025-03-31 00:00:00+09:00,118688.34561793215,119163.09900040388,117548.9375,117548.9375,5044,0.0,0.0
2025-04-01 00:00:00+09:00,118688.33929467872,118783.28996611446,117738.83258032128,118213.5859375,2931,0.0,0.0
2025-04-02 00:00:00+09:00,119542.90170638126,119922.70441235864,117074.18411752828,117548.9375,4834,0.0,0.0
2025-04-03 00:00:00+09:00,116789.33116459004,118308.54197648715,116789.33116459004,118118.640625,4733,0.0,0.0
2025-04-04 00:00:00+09:00,117548.9312374498,118308.53660893574,117264.07922314257,118213.5859375,4519,0.0,0.0
2025-04-07 00:00:00+09:00,115839.81876030503,117548.9308403751,114795.36137803999,115175.1640625,7602,0.0,0.0
2025-04-08 00:00:00+09:00,116219.62849190283,118688.34609058705,116219.62849190283,117264.0859375,6637,0.0,0.0
2025-04-09 00:00:00+09:00,115839.82382209586,117548.9359768481,115839.82382209586,116884.28125,3448,0.0,0.0
2025-04-10 00:00:00+09:00,116884.28241845664,120302.50676213205,116694.38106603023,119353.0,5868,0.0,0.0
2025-04-11 00:00:00+09:00,117928.73939732143,120112.60494171627,117928.73939732143,119637.8515625,3687,0.0,0.0
2025-04-14 00:00:00+09:00,120017.65180698967,120397.45450258141,119542.8984375,119542.8984375,2058,0.0,0.0
2025-04-15 00:00:00+09:00,119637.85495517928,120112.60834785856,118973.20020542828,119163.1015625,2625,0.0,0.0
2025-04-16 00:00:00+09:00,119163.10062078707,119732.8046875,118688.34723185963,119732.8046875,1961,0.0,0.0
2025-04-17 00:00:00+09:00,119732.8046875,120017.65672085645,119163.10062078707,119732.8046875,2122,0.0,0.0
2025-04-18 00:00:00+09:00,119732.80177404989,120397.45650237531,119542.90042309977,119922.703125,2109,0.0,0.0
2025-04-21 00:00:00+09:00,120112.59865824784,120397.45067087609,119637.8453038674,120302.5,1473,0.0,0.0
2025-04-22 00:00:00+09:00,120112.61038602941,121062.1171875,119922.70902573528,121062.1171875,3095,0.0,0.0
2025-04-23 00:00:00+09:00,121252.00670876085,121252.00670876085,120112.59865824784,120302.5,3036,0.0,0.0
2025-04-24 00:00:00+09:00,120112.603875,120112.603875,118593.393075,118688.34375,2384,0.0,0.0
2025-04-25 00:00:00+09:00,119163.09759046712,119258.048265838,118023.68948601645,118403.4921875,2649,0.0,0.0
2025-04-28 00:00:00+09:00,118403.49463516627,118878.24802183494,118023.69192583134,118498.4453125,2600,0.0,0.0
2025-04-30 00:00:00+09:00,118308.54105,118783.294425,117738.837,118688.34375,3078,0.0,0.0
2025-05-01 00:00:00+09:00,118688.34388576224,120207.5546875,118403.4918604364,120207.5546875,2484,0.0,0.0
2025-05-02 00:00:00+09:00,120397.45709247648,121536.86520376174,120302.50641653604,121157.0625,2762,0.0,0.0
2025-05-07 00:00:00+09:00,121536.87004754359,121536.87004754359,119447.95509360143,119827.7578125,3888,0.0,0.0
2025-05-08 00:00:00+09:00,120112.60340807063,120112.60340807063,118973.1953125,118973.1953125,2487,0.0,0.0
2025-05-09 00:00:00+09:00,119068.14750744049,119637.8515625,118593.39412822422,119637.8515625,4748,0.0,0.0
2025-05-12 00:00:00+09:00,118783.29304631652,119542.8984375,118593.39169852065,119542.8984375,4673,0.0,0.0
2025-05-13 00:00:00+09:00,119068.14353284745,119352.99555086861,118213.58747878394,118878.2421875,4927,0.0,0.0
2025-05-14 00:00:00+09:00,119068.14994300158,119922.70604307097,118593.39655407413,119732.8046875,3475,0.0,0.0
2025-05-15 00:00:00+09:00,119352.99708970413,120017.65180698967,119068.14506801033,119542.8984375,2495,0.0,0.0
2025-05-16 00:00:00+09:00,120017.65672085645,120302.50875421292,119163.10062078707,119732.8046875,2813,0.0,0.0
2025-05-19 00:00:00+09:00,119732.7982415635,119732.7982415635,118593.39016947884,118878.2421875,2736,0.0,0.0
2025-05-20 00:00:00+09:00,118973.19822891687,119068.1489058753,118213.5928132494,118783.296875,2599,0.0,0.0
2025-05-21 00:00:00+09:00,118878.24755195844,119068.1489058753,118213.5928132494,118783.296875,2816,0.0,0.0
2025-05-22 00:00:00+09:00,118688.34421361267,118688.34421361267,118118.64016138733,118403.4921875,2060,0.0,0.0
2025-05-23 00:00:00+09:00,118403.48728037148,118593.38862324298,118118.63526606426,118213.5859375,2999,0.0,0.0
2025-05-26 00:00:00+09:00,118498.4404093098,119068.14444973916,118308.5390625,118308.5390625,2114,0.0,0.0
2025-05-27 00:00:00+09:00,118688.34816982072,119163.1015625,118498.446812749,119163.1015625,1502,0.0,0.0
2025-05-28 00:00:00+09:00,119163.09818328374,119827.75291418651,118973.19683159723,119637.8515625,2564,0.0,0.0
2025-05-29 00:00:00+09:00,119732.80024631767,119732.80024631767,118878.24417794586,119258.046875,2751,0.0,0.0
2025-05-30 00:00:00+09:00,119258.05025979217,119447.95161370904,118783.296875,118783.296875,2622,0.0,0.0
2025-06-02 00:00:00+09:00,118783.294425,119068.14645,118403.491725,118688.34375,2948,0.0,0.0
2025-06-03 00:00:00+09:00,118593.39016947884,119352.99555086861,118308.53815145767,118878.2421875,2949,0.0,0.0
2025-06-04 00:00:00+09:00,118878.25047538031,119163.10251326062,118593.3984375,118593.3984375,2351,0.0,0.0
2025-06-05 00:00:00+09:00,118688.33794358054,119068.140625,118403.48593251595,119068.140625,1927,0.0,0.0
2025-06-06 00:00:00+09:00,119068.14552647293,119258.046875,118688.34282941879,119258.046875,1492,0.0,0.0
2025-06-09 00:00:00+09:00,119258.04733639266,119542.89936028532,118973.1953125,118973.1953125,1927,0.0,0.0
2025-06-10 00:00:00+09:00,118973.195775,119542.899825,118688.34375,118688.34375,2116,0.0,0.0
2025-06-11 00:00:00+09:00,118878.24569477435,120017.65380047506,118783.29501929929,119922.703125,2531,0.0,0.0
2025-06-12 00:00:00+09:00,119542.90333192902,119827.75536528548,119163.10062078707,119732.8046875,4281,0.0,0.0
2025-06-13 00:00:00+09:00,120872.2114050197,120872.2114050197,119637.85260826773,120587.359375,7472,0.0,0.0
2025-06-16 00:00:00+09:00,120872.2084868809,122201.51792821345,120492.40578935732,120777.2578125,4831,0.0,0.0
2025-06-17 00:00:00+09:00,120777.2568955399,121821.71430580008,120587.35554821987,121346.9609375,3292,0.0,0.0
2025-06-18 00:00:00+09:00,121726.76502167061,122011.61704590228,120492.40625,120492.40625,3993,0.0,0.0
2025-06-19 00:00:00+09:00,120587.3637867647,121157.06786764706,120492.41310661763,121062.1171875,3592,0.0,0.0
2025-06-20 00:00:00+09:00,120587.35646373821,121252.01118440449,120492.40578935732,120777.2578125,6745,0.0,0.0
2025-06-23 00:00:00+09:00,121062.1113601935,121441.9140625,120682.30865788701,121441.9140625,2853,0.0,0.0
2025-06-24 00:00:00+09:00,121441.9140625,121726.76608922986,120587.3579823104,121441.9140625,4004,0.0,0.0
2025-06-25 00:00:00+09:00,121157.06494714173,121631.81833643303,121062.11426928347,121252.015625,3026,0.0,0.0
2025-06-26 00:00:00+09:00,121062.10692209576,121252.00826628729,120397.45221742542,120967.15625,4365,0.0,0.0
2025-06-27 00:00:00+09:00,120777.25979623824,121157.0625,120492.40776841692,121157.0625,4998,0.0,0.0
2025-06-30 00:00:00+09:00,121157.06636928234,121441.91840620071,120397.4609375,120397.4609375,5383,0.0,0.0
2025-07-01 00:00:00+09:00,120397.45067087609,120682.30268350434,120112.59865824784,120302.5,2972,0.0,0.0
2025-07-02 00:00:00+09:00,120397.45603771722,120967.16008836888,120112.60401239138,120207.5546875,4810,0.0,0.0
2025-07-03 00:00:00+09:00,120587.35738793443,120872.20941326027,120112.60401239138,120207.5546875,3238,0.0,0.0
2025-07-04 00:00:00+09:00,120397.45895965189,120777.2616693038,120017.65625,120017.65625,2996,0.0,0.0
2025-07-07 00:00:00+09:00,120397.46242647058,121252.01854779411,120207.56106617647,121062.1171875,3244,0.0,0.0
2025-07-08 00:00:00+09:00,120777.25967261905,120777.25967261905,119637.8515625,119637.8515625,6649,0.0,0.0
2025-07-09 00:00:00+09:00,120017.65766932271,120397.46038346612,119163.1015625,119163.1015625,6616,0.0,0.0
2025-07-10 00:00:00+09:00,119542.8988977906,119732.80024631767,119163.09620073646,119258.046875,3433,0.0,0.0
2025-07-11 00:00:00+09:00,119827.75489517405,120207.55760482595,119542.90286293512,120017.65625,4345,0.0,0.0
2025-07-14 00:00:00+09:00,120682.3046875,120777.25535995279,120112.60065278324,120682.3046875,3866,0.0,0.0
2025-07-15 00:00:00+09:00,120587.359375,120777.26072834646,120112.60599163387,120587.359375,4547,0.0,0.0
2025-07-16 00:00:00+09:00,120397.45267014162,121062.10737731117,120397.45267014162,120682.3046875,5342,0.0,0.0
2025-07-17 00:00:00+09:00,120492.4033425944,121062.10737731117,120112.60065278324,120682.3046875,3791,0.0,0.0
2025-07-18 00:00:00+09:00,120777.26514705882,121441.91990808822,120682.31446691176,121062.1171875,4021,0.0,0.0
2025-07-22 00:00:00+09:00,121157.0625,121441.91452782131,120302.50641653604,121157.0625,3576,0.0,0.0
2025-07-23 00:00:00+09:00,121062.11623609485,122201.52438890515,121062.11623609485,121631.8203125,4535,0.0,0.0
2025-07-24 00:00:00+09:00,122011.61811595973,122296.47014268959,121441.9140625,121441.9140625,4881,0.0,0.0
2025-07-25 00:00:00+09:00,121346.96443463926,122771.22458058572,121346.96443463926,122391.421875,4226,0.0,0.0
2025-07-28 00:00:00+09:00,122771.22703488372,123340.93110465116,122201.52296511628,122486.375,4625,0.0,0.0
2025-07-29 00:00:00+09:00,122011.61824324324,123245.97702702702,122011.61824324324,122961.125,15030,0.0,0.0
2025-07-30 00:00:00+09:00,120207.54908631416,122581.31585342146,120112.59841562987,122106.5625,14605,0.0,0.0
2025-07-31 00:00:00+09:00,122106.5698458107,122866.17525698215,122011.61916941428,122391.421875,5863,0.0,0.0
2025-08-01 00:00:00+09:00,122296.47364341085,122486.375,121441.91753875969,122486.375,3652,0.0,0.0
2025-08-04 00:00:00+09:00,121157.06550387597,122961.12839147287,121062.11482558139,122486.375,4889,0.0,0.0
2025-08-05 00:00:00+09:00,122676.27541473765,123720.7328679591,122676.27541473765,123056.078125,3436,0.0,0.0
2025-08-06 00:00:00+09:00,122961.12209064186,123720.7274780744,122771.22074378374,123151.0234375,4348,0.0,0.0
2025-08-07 00:00:00+09:00,123151.02053262125,123625.77388856813,122581.316505485,123340.921875,3733,0.0,0.0
2025-08-08 00:00:00+09:00,123340.93110465116,123340.93110465116,122391.42432170543,122486.375,4352,0.0,0.0
2025-08-12 00:00:00+09:00,122866.17826650038,123720.734375,122391.42487288947,123720.734375,4649,0.0,0.0
2025-08-13 00:00:00+09:00,123435.87837837839,123720.73040540541,122961.125,122961.125,3646,0.0,0.0
2025-08-14 00:00:00+09:00,122486.36872349653,123340.92478435814,122486.36872349653,123151.0234375,2875,0.0,0.0
2025-08-15 00:00:00+09:00,123151.02880256558,123435.88083526235,122676.27541473765,123056.078125,2646,0.0,0.0
2025-08-18 00:00:00+09:00,122961.12361603719,123815.6796875,122961.12361603719,123815.6796875,2217,0.0,0.0
2025-08-19 00:00:00+09:00,123910.63338747155,125144.9921875,123815.68271054629,125144.9921875,3141,0.0,0.0
2025-08-20 00:00:00+09:00,125334.890625,125904.59467329545,125050.03860085228,125334.890625,4216,0.0,0.0
2025-08-21 00:00:00+09:00,125050.04046014907,125714.6951930428,124195.484375,124195.484375,5589,0.0,0.0
2025-08-22 00:00:00+09:00,124385.37990663109,124955.0839367378,124195.4785632622,124575.28125,2433,0.0,0.0
2025-08-25 00:00:00+09:00,125144.99510828267,125239.94578742402,124480.34035429332,124955.09375,1905,0.0,0.0
2025-08-26 00:00:00+09:00,124955.09224598932,125239.94427998473,123625.7827540107,124290.4375,7093,0.0,0.0
2025-08-27 00:00:00+09:00,124385.38342072941,125619.7421875,124005.58072326153,125619.7421875,5478,0.0,0.0
2025-08-28 00:00:00+09:00,125619.74357876713,125619.74357876713,124100.53277207002,124765.1875,3813,0.0,0.0
2025-08-29 00:00:00+09:00,124670.23927043726,125524.79536596958,124670.23927043726,124860.140625,5392,0.0,0.0
2025-09-01 00:00:00+09:00,125144.98546922064,126094.4921875,124860.13345373682,126094.4921875,3307,0.0,0.0
2025-09-02 00:00:00+09:00,125904.5966649358,126284.39936980739,125524.7939600642,125714.6953125,2099,0.0,0.0
2025-09-03 00:00:00+09:00,125714.69823184569,125904.59958869137,124955.09280446293,125524.796875,3503,0.0,0.0
2025-09-04 00:00:00+09:00,125524.79290334856,125619.74357876713,124385.38479832571,124765.1875,4420,0.0,0.0
2025-09-05 00:00:00+09:00,124385.37990663109,124670.23192168445,123720.72520483994,124575.28125,4053,0.0,0.0
2025-09-08 00:00:00+09:00,124860.13326505334,125619.73863852896,124575.28125,124575.28125,3338,0.0,0.0
2025-09-09 00:00:00+09:00,124670.23255896226,125904.59129716981,124670.23255896226,125809.640625,3253,0.0,0.0
2025-09-10 00:00:00+09:00,125334.88726415095,125809.640625,125144.98591981133,125809.640625,3036,0.0,0.0
2025-09-11 00:00:00+09:00,125809.64552326676,126094.49755086662,125524.79349566692,125999.546875,2530,0.0,0.0
2025-09-12 00:00:00+09:00,126284.39856519317,127803.609375,126094.49721396732,127803.609375,6479,0.0,0.0
2025-09-16 00:00:00+09:00,127423.8066725483,127803.609375,126949.05329448366,127803.609375,3679,0.0,0.0
2025-09-17 00:00:00+09:00,127803.60630161411,127803.60630161411,125619.74081503379,126474.296875,4174,0.0,0.0
2025-09-18 00:00:00+09:00,126474.29965753424,126474.29965753424,124575.28614916286,124765.1875,4053,0.0,0.0
2025-09-19 00:00:00+09:00,124860.13326505334,125334.8866234756,124005.57721989328,124575.28125,14203,0.0,0.0
2025-09-22 00:00:00+09:00,124100.53323441076,124575.28661327231,123910.63188286613,124480.3359375,4827,0.0,0.0
2025-09-24 00:00:00+09:00,124860.14251966614,124860.14251966614,123720.734375,123720.734375,3422,0.0,0.0
2025-09-25 00:00:00+09:00,124195.48192425401,124195.48192425401,123340.92585596787,124100.53125,5710,0.0,0.0
2025-09-26 00:00:00+09:00,124480.33057831554,124670.23192168445,123815.67587652439,124575.28125,5695,0.0,0.0
2025-09-29 00:00:00+09:00,124575.28648648648,124765.18783783785,122961.125,122961.125,4263,0.0,0.0
2025-09-30 00:00:00+09:00,123245.97411092906,123435.8754577872,122676.27007035467,123151.0234375,4321,0.0,0.0
2025-10-01 00:00:00+09:00,122961.11853615864,123151.01987752721,121536.85847589425,122106.5625,4714,0.0,0.0
2025-10-02 00:00:00+09:00,122581.3203125,123245.97503146785,121441.91222284082,122581.3203125,5281,0.0,0.0
2025-10-03 00:00:00+09:00,122296.46675428348,122771.22011901285,121916.6640625,121916.6640625,3443,0.0,0.0
2025-10-06 00:00:00+09:00,123056.07672413794,124480.33687140806,122771.22469468392,123910.6328125,3667,0.0,0.0
2025-10-07 00:00:00+09:00,123435.87884578173,123815.6815499226,122486.37208542957,122676.2734375,2916,0.0,0.0
2025-10-08 00:00:00+09:00,123056.07167832168,123245.97302350428,122201.515625,122201.515625,3084,0.0,0.0
2025-10-09 00:00:00+09:00,122296.4765625,122581.32860418285,121726.77247913432,122296.4765625,3467,0.0,0.0
2025-10-10 00:00:00+09:00,122011.62303010344,122106.5737095043,121631.8203125,121631.8203125,2937,0.0,0.0
2025-10-14 00:00:00+09:00,121346.95957167832,122391.41697018259,120872.20620872184,122201.515625,5976,0.0,0.0
2025-10-15 00:00:00+09:00,122201.52005732391,123056.07614164086,122106.5693812887,122676.2734375,4269,0.0,0.0
2025-10-16 00:00:00+09:00,123435.87791313558,123625.77926377118,122676.27251059322,123245.9765625,2895,0.0,0.0
2025-10-17 00:00:00+09:00,123245.97854262673,123815.68260368664,123151.02786578341,123625.78125,3328,0.0,0.0
2025-10-20 00:00:00+09:00,124765.18689950039,124765.18689950039,123340.92677507686,123530.828125,3648,0.0,0.0
2025-10-21 00:00:00+09:00,123530.828125,123815.6801498847,123151.02542515373,123530.828125,3582,0.0,0.0
2025-10-22 00:00:00+09:00,123625.77696591774,124765.18504855293,123435.87561881189,124670.234375,3120,0.0,0.0
2025-10-23 00:00:00+09:00,124670.23544383032,125619.7421875,124195.48207199547,125619.7421875,2593,0.0,0.0
2025-10-24 00:00:00+09:00,125334.89155251141,125809.64492960426,124480.33547374429,124765.1875,3830,0.0,0.0
2025-10-27 00:00:00+09:00,124860.13480856709,125239.9375,124480.3321171342,125239.9375,2860,0.0,0.0
2025-10-28 00:00:00+09:00,125239.94041263287,125239.94041263287,124480.33501210136,125050.0390625,3729,0.0,0.0
2025-10-29 00:00:00+09:00,125050.03845739072,125239.93980660467,123435.87698907209,123815.6796875,3679,0.0,0.0
2025-10-30 00:00:00+09:00,123530.8301065613,124385.38619492338,122961.12604765326,123910.6328125,3984,0.0,0.0
2025-10-31 00:00:00+09:00,124195.48238592791,124670.23575896281,123815.6796875,123815.6796875,3680,0.0,0.0
2025-11-04 00:00:00+09:00,123910.62898657654,124670.234375,123815.67831302361,124670.234375,2247,0.0,0.0
2025-11-05 00:00:00+09:00,124195.48391018306,124480.3359375,123245.97715245995,124480.3359375,5173,0.0,0.0
2025-11-06 00:00:00+09:00,124480.33302789414,124670.234375,123910.62898657654,124670.234375,2974,0.0,0.0
2025-11-07 00:00:00+09:00,124480.33885599695,124860.14156799084,124195.48682200153,124290.4375,3400,0.0,0.0
2025-11-10 00:00:00+09:00,125334.890625,126094.49602272727,125050.03860085228,125334.890625,4396,0.0,0.0
2025-11-11 00:00:00+09:00,125999.54745802238,127233.90625,125904.59678171642,127233.90625,5129,0.0,0.0
2025-11-12 00:00:00+09:00,127233.91114008942,128088.46725968702,127138.96046013413,127423.8125,4353,0.0,0.0
2025-11-13 00:00:00+09:00,127708.66303838951,127993.51507490636,126759.15625,126759.15625,3673,0.0,0.0
2025-11-14 00:00:00+09:00,127138.95067264573,127613.70403587444,126759.14798206277,127044.0,3623,0.0,0.0
2025-11-17 00:00:00+09:00,127233.89998608017,127898.5546875,126664.19595629176,127898.5546875,3308,0.0,0.0
2025-11-18 00:00:00+09:00,127328.85633713263,127708.6590405991,125999.546875,125999.546875,4829,0.0,0.0
2025-11-19 00:00:00+09:00,126474.30516365689,126664.20652276148,125904.60108634311,126189.453125,4768,0.0,0.0
2025-11-20 00:00:00+09:00,126949.05910022355,127803.61521982115,126569.25638040238,127423.8125,4952,0.0,0.0
2025-11-21 00:00:00+09:00,126949.05910022355,128088.46725968702,126759.15774031296,127423.8125,5705,0.0,0.0
2025-11-25 00:00:00+09:00,128088.46779289668,128753.12255535055,127518.76371079336,128658.171875,3026,0.0,0.0
2025-11-26 00:00:00+09:00,129037.96875,129417.77145419426,128563.21536975718,129037.96875,2980,0.0,0.0
2025-11-27 00:00:00+09:00,129322.82229136165,130462.23041727672,129227.87161420206,129702.625,3859,0.0,0.0
2025-11-28 00:00:00+09:00,129892.52483443708,130082.42618653421,129037.96875,129037.96875,5203,0.0,0.0
2025-12-01 00:00:00+09:00,129132.91977611941,129132.91977611941,127233.90625,127233.90625,5778,0.0,0.0
2025-12-02 00:00:00+09:00,127233.90578462399,128088.46186825205,126569.25105291326,127518.7578125,3333,0.0,0.0
2025-12-03 00:00:00+09:00,126854.09956831833,127044.00091497749,126284.39552834084,126474.296875,3770,0.0,0.0
2025-12-04 00:00:00+09:00,126759.154271929,126854.10494928625,125999.548853071,126379.3515625,3445,0.0,0.0
2025-12-05 00:00:00+09:00,126379.34758243576,126664.19960553666,125619.7421875,125619.7421875,3639,0.0,0.0
2025-12-08 00:00:00+09:00,125619.74172794117,125999.54442401961,125144.98835784313,125904.59375,3532,0.0,0.0
2025-12-09 00:00:00+09:00,125334.89700902934,126189.453125,124765.19293171557,126189.453125,3864,0.0,0.0
2025-12-10 00:00:00+09:00,126379.35062757105,127233.90671746447,126094.49859760658,126949.0546875,2801,0.0,0.0
2025-12-11 00:00:00+09:00,127233.90024943525,127233.90024943525,125429.83748470445,126094.4921875,2387,0.0,0.0
2025-12-12 00:00:00+09:00,126094.49721396732,127898.56005061293,126094.49721396732,127803.609375,7317,0.0,0.0
2025-12-15 00:00:00+09:00,128088.45557870371,128753.11027777777,127993.5049074074,128183.40625,3385,0.0,0.0
2025-12-16 00:00:00+09:00,128753.12255535055,129417.77731780443,128278.36915359779,128658.171875,2539,0.0,0.0
2025-12-17 00:00:00+09:00,128658.16651110804,129037.96921667589,128373.31448193216,128753.1171875,2835,0.0,0.0
2025-12-18 00:00:00+09:00,128848.06739790287,129987.47551048564,128658.16604580573,129037.96875,3828,0.0,0.0
2025-12-19 00:00:00+09:00,129797.5805692617,130652.13669590643,129512.72852704678,129892.53125,4905,0.0,0.0
2025-12-22 00:00:00+09:00,130462.23480166052,130747.08684271217,128658.171875,128658.171875,3138,0.0,0.0
2025-12-23 00:00:00+09:00,129132.91071428571,129607.6640625,128658.15736607143,129607.6640625,2206,0.0,0.0
2025-12-24 00:00:00+09:00,129892.52635431918,129892.52635431918,129132.92093704247,129702.625,2126,0.0,0.0
2025-12-25 00:00:00+09:00,129702.61296069354,130747.0703125,129227.85961896332,130747.0703125,1718,0.0,0.0
2025-12-26 00:00:00+09:00,130747.07321590908,130936.97455681817,129702.61584090909,130557.171875,4312,0.0,0.0
2025-12-29 00:00:00+09:00,131126.87589772727,131126.87589772727,129797.56651136364,130557.171875,5409,0.0,0.0
2025-12-30 00:00:00+09:00,131031.92814548434,131601.6321808995,130367.2734375,130367.2734375,3234,0.0,0.0
2026-01-05 00:00:00+09:00,132456.18482968977,132456.18482968977,130082.41807646952,130842.0234375,5806,0.0,0.0
2026-01-06 00:00:00+09:00,131506.67923721182,131791.53125,131031.92588256484,131791.53125,3850,0.0,0.0
2026-01-07 00:00:00+09:00,132361.2441657725,132930.9482296137,131506.6880700107,132741.046875,4464,0.0,0.0
2026-01-08 00:00:00+09:00,132930.94577666427,133215.79780332855,132171.3403722262,132646.09375,4748,0.0,0.0
2026-01-09 00:00:00+09:00,132930.94577666427,133310.74847888332,132266.29104778095,132646.09375,4186,0.0,0.0
2026-01-13 00:00:00+09:00,132551.140625,132741.0419726003,131126.88051799787,132551.140625,4950,0.0,0.0
2026-01-14 00:00:00+09:00,131886.4941560481,133120.8529926418,131601.64211683418,132266.296875,6135,0.0,0.0
2026-01-15 00:00:00+09:00,132930.9375,133215.78950892857,132361.23348214285,132930.9375,4324,0.0,0.0
2026-01-16 00:00:00+09:00,132361.24660471766,133215.80271622588,132361.24660471766,132836.0,4797,0.0,0.0
2026-01-19 00:00:00+09:00,133405.70995743727,133595.61132392474,132361.25244175628,132456.203125,5661,0.0,0.0
2026-01-20 00:00:00+09:00,132551.1533104197,132836.00535908106,131221.84375,131221.84375,5188,0.0,0.0
2026-01-21 00:00:00+09:00,131126.8876303036,131221.83830925386,129132.92337234822,129797.578125,6049,0.0,0.0
2026-01-22 00:00:00+09:00,130367.27926976807,131031.93400748722,129987.4765625,129987.4765625,4000,0.0,0.0
2026-01-23 00:00:00+09:00,130936.98333067019,131031.93400748722,129987.4765625,129987.4765625,4766,0.0,0.0
2026-01-26 00:00:00+09:00,129702.62055703528,129892.52190484937,128848.06449187179,129227.8671875,4784,0.0,0.0
2026-01-27 00:00:00+09:00,129132.91697349043,129132.91697349043,128278.36090528351,128943.015625,4078,0.0,0.0
2026-01-28 00:00:00+09:00,127993.50267857143,129797.56540178572,127993.50267857143,129607.6640625,12606,0.0,0.0
2026-01-29 00:00:00+09:00,129510.29737527923,130776.1875,128244.40725055845,130776.1875,9639,3400.0,0.0
2026-01-30 00:00:00+09:00,131360.44246893685,131360.44246893685,130191.9285255512,130289.3046875,5109,0.0,0.0
2026-02-02 00:00:00+09:00,130484.05383245878,131165.686949494,129510.29223669416,129899.796875,4752,0.0,0.0
2026-02-03 00:00:00+09:00,130094.55089153047,131652.56946508173,129802.4224089896,131068.3125,4588,0.0,0.0
2026-02-04 00:00:00+09:00,131068.31187959558,132821.0827665441,130581.43107766543,132431.578125,5616,0.0,0.0
2026-02-05 00:00:00+09:00,132918.46758327232,133794.85308382136,132334.2105829063,133015.84375,5473,0.0,0.0
2026-02-06 00:00:00+09:00,132918.4624286109,133210.590917465,132139.453125,132139.453125,3704,0.0,0.0
2026-02-09 00:00:00+09:00,132139.454288809,133015.83976308999,131652.573469764,132042.078125,4822,0.0,0.0
2026-02-10 00:00:00+09:00,132334.1973400843,133307.9589099157,131847.31655516863,132821.078125,5165,0.0,0.0
2026-02-12 00:00:00+09:00,132528.95196631792,132723.70428368208,131944.6950142254,132626.328125,4501,0.0,0.0
2026-02-13 00:00:00+09:00,132334.19791666666,132431.57407407407,130581.42708333333,131457.8125,4597,0.0,0.0
2026-02-16 00:00:00+09:00,132139.45709125823,133113.21875,131165.69543251646,133113.21875,3458,0.0,0.0
2026-02-17 00:00:00+09:00,133113.21592689896,133113.21592689896,131847.32579738201,132042.078125,2159,0.0,0.0
2026-02-18 00:00:00+09:00,132139.45824945095,133113.21991672766,131749.95358254027,133015.84375,2317,0.0,0.0
2026-02-19 00:00:00+09:00,132626.33744922452,132626.33744922452,131555.1996284158,131847.328125,1917,0.0,0.0
2026-02-20 00:00:00+09:00,132821.0816036003,132918.45776313375,132139.44848686628,132528.953125,4659,0.0,0.0
2026-02-24 00:00:00+09:00,132918.46572909123,134768.61287110788,132528.96106761403,134476.484375,6208,0.0,0.0
2026-02-25 00:00:00+09:00,134865.9855378432,134865.9855378432,134086.97623509754,134768.609375,4987,0.0,0.0
2026-02-26 00:00:00+09:00,134184.35124097473,135352.86518501805,133989.59891696752,134865.984375,5532,0.0,0.0
2026-02-27 00:00:00+09:00,134768.61356986102,134768.61356986102,133015.84258412584,133113.21875,6756,0.0,0.0
2026-03-02 00:00:00+09:00,132528.95252272725,133892.21875,132042.07172727273,133892.21875,4254,0.0,0.0
2026-03-03 00:00:00+09:00,133210.59562084256,133210.59562084256,131749.953125,131749.953125,3206,0.0,0.0
2026-03-04 00:00:00+09:00,131263.06747849664,131360.44364131452,129899.80119904637,130191.9296875,4530,0.0,0.0
2026-03-05 00:00:00+09:00,132139.4554543358,132723.71244234318,131555.1984663284,131944.703125,2877,0.0,0.0
2026-03-06 00:00:00+09:00,131068.31018175074,131944.6956138724,130581.4293861276,131263.0625,3854,0.0,0.0
2026-03-09 00:00:00+09:00,130289.30321322437,131652.56946508173,129120.78928306092,131068.3125,6392,0.0,0.0
2026-03-10 00:00:00+09:00,131555.19797876306,131944.70263599107,130484.060171386,130678.8125,4902,0.0,0.0
2026-03-11 00:00:00+09:00,131068.31764298893,132626.3362776753,130678.81298431735,131944.703125,4224,0.0,0.0
2026-03-12 00:00:00+09:00,131847.31945474778,131944.6956138724,130776.18170437685,131263.0625,3708,0.0,0.0
2026-03-13 00:00:00+09:00,130873.56482861402,132236.83112891208,130386.68400707899,130678.8125,7023,0.0,0.0
2026-03-16 00:00:00+09:00,130873.55440414508,132042.06828275352,130386.67362139157,131555.1875,4178,0.0,0.0
2026-03-17 00:00:00+09:00,131555.19037949707,132723.70428368208,131555.19037949707,132626.328125,3159,0.0,0.0
2026-03-18 00:00:00+09:00,132042.06828275352,132626.32522205773,131068.3067172465,131555.1875,4355,0.0,0.0
2026-03-19 00:00:00+09:00,131457.8198041324,131457.8198041324,129705.04887341062,130191.9296875,5808,0.0,0.0
2026-03-23 00:00:00+09:00,129218.16531346228,129412.91763495958,126004.75200875674,126491.6328125,5761,0.0,0.0
2026-03-24 00:00:00+09:00,127562.77207591015,128049.65288536019,125712.625,125712.625,5346,0.0,0.0
2026-03-25 00:00:00+09:00,126686.38597940613,127368.0191091954,126491.63365660919,127075.890625,3430,0.0,0.0
2026-03-26 00:00:00+09:00,126881.13573839355,126881.13573839355,124641.48407148407,125323.1171875,5071,0.0,0.0
2026-03-27 00:00:00+09:00,124933.61835145281,125420.49917121686,124446.73753168878,124836.2421875,7550,0.0,0.0
2026-03-30 00:00:00+09:00,123570.34988439738,123570.34988439738,121330.69815284408,122401.8359375,8296,0.0,0.0
2026-03-31 00:00:00+09:00,122499.20806184843,123180.84117507016,121428.0703125,121428.0703125,6627,0.0,0.0
2026-04-01 00:00:00+09:00,122401.83759973405,123570.3515625,121914.9567819149,123570.3515625,4543,0.0,0.0
2026-04-02 00:00:00+09:00,123862.48122042586,125225.7475231664,122986.09574009267,123472.9765625,4091,0.0,0.0
2026-04-03 00:00:00+09:00,123278.22389705882,124544.11403186274,123083.47156862746,124154.609375,1881,0.0,0.0
2026-04-06 00:00:00+09:00,124544.11336307215,125810.00349107834,124349.36103568657,125517.875,2230,0.0,0.0
2026-04-07 00:00:00+09:00,125225.74801180718,126199.50966042155,124738.8671875,124738.8671875,2797,0.0,0.0
2026-04-08 00:00:00+09:00,126199.50632668711,126978.515625,125225.74470379601,126978.515625,4224,0.0,0.0
2026-04-09 00:00:00+09:00,126296.87995115669,127173.26539414853,125030.98986683515,125225.7421875,2926,0.0,0.0
2026-04-10 00:00:00+09:00,125225.74133300781,125225.74133300781,123862.47509765625,124641.484375,4241,0.0,0.0
2026-04-13 00:00:00+09:00,124641.49019607843,124641.49019607843,123667.72855392157,124154.609375,4024,0.0,0.0
2026-04-14 00:00:00+09:00,125030.99534161491,125420.5,124544.11451863355,125420.5,4382,0.0,0.0
2026-04-15 00:00:00+09:00,125517.87183244164,126004.75263861868,125030.9910262646,125128.3671875,4044,0.0,0.0
2026-04-16 00:00:00+09:00,125420.49334693085,125712.62182522338,124446.73175262238,125323.1171875,3594,0.0,0.0
2026-04-17 00:00:00+09:00,125323.11834783244,125420.49450816486,124544.10906517302,125225.7421875,2757,0.0,0.0
2026-04-20 00:00:00+09:00,125615.24682882971,125615.24682882971,124836.2375461703,125225.7421875,2655,0.0,0.0
2026-04-21 00:00:00+09:00,125225.74483653092,125225.74483653092,123667.72623825372,124349.359375,3121,0.0,0.0
2026-04-22 00:00:00+09:00,124349.35885581488,124544.11117978639,123083.46875,123083.46875,3379,0.0,0.0
2026-04-23 00:00:00+09:00,123083.47107765453,123765.10422444533,122401.83793086371,122888.71875,4294,0.0,0.0
2026-04-24 00:00:00+09:00,123278.21959758255,123862.4765625,122791.33879348467,123862.4765625,3052,0.0,0.0
2026-04-27 00:00:00+09:00,123667.72540076711,123959.85388596577,123083.46843036979,123765.1015625,2853,0.0,0.0
2026-04-28 00:00:00+09:00,123375.5967101319,123375.5967101319,121622.8258018585,121817.578125,6416,0.0,0.0
2026-04-30 00:00:00+09:00,121720.20511703187,122207.0859375,121622.82895293825,122207.0859375,6236,0.0,0.0
2026-05-01 00:00:00+09:00,122401.8316013756,122791.33623654307,121622.82233104068,122109.703125,4282,0.0,0.0
2026-05-07 00:00:00+09:00,123472.97641225961,123472.97641225961,121525.453125,121525.453125,9144,0.0,0.0
2026-05-08 00:00:00+09:00,121914.953125,122401.83392821485,121428.07232178513,121914.953125,5762,0.0,0.0
2026-05-11 00:00:00+09:00,121720.20545372595,122401.83860426683,121525.453125,121525.453125,3374,0.0,0.0
2026-05-12 00:00:00+09:00,121720.20462208132,122012.3331131743,120746.44298510466,120941.1953125,4208,0.0,0.0
2026-05-13 00:00:00+09:00,120746.44331983806,120941.19564777329,120064.81017206478,120259.5625,4805,0.0,0.0
2026-05-14 00:00:00+09:00,120259.56017582862,121233.32179668553,119480.55087914309,120454.3125,6514,0.0,0.0
2026-05-15 00:00:00+09:00,120551.69065770933,121038.57147619766,120064.80983922101,120941.1953125,5071,0.0,0.0
2026-05-18 00:00:00+09:00,120843.81427151305,120843.81427151305,118506.78643709217,119383.171875,5957,0.0,0.0
2026-05-19 00:00:00+09:00,119285.80201580227,120454.31599473258,119091.04968598056,120162.1875,3595,0.0,0.0
2026-05-20 00:00:00+09:00,120259.55933311333,120551.68781732333,118993.66923487003,119870.0546875,5585,0.0,0.0
2026-05-21 00:00:00+09:00,120064.80584796064,120649.06281072444,119577.92504565747,119967.4296875,5225,0.0,0.0
2026-05-22 00:00:00+09:00,120746.43928571428,120746.43928571428,119285.796875,119285.796875,3848,0.0,0.0
2026-05-25 00:00:00+09:00,119285.79803666257,119967.43116830065,118604.1649050245,119188.421875,4300,0.0,0.0
2026-05-26 00:00:00+09:00,118604.16290248153,119285.79602261074,118312.03442242616,118701.5390625,3669,0.0,0.0
2026-05-27 00:00:00+09:00,119091.04539627336,119870.0546875,118993.66923487003,119870.0546875,4769,0.0,0.0
2026-05-28 00:00:00+09:00,118798.9180640244,119870.05584984756,118701.54190167683,119772.6796875,5127,0.0,0.0
2026-05-29 00:00:00+09:00,119870.05818022191,120941.19598686889,118993.67270205618,119577.9296875,8175,0.0,0.0
2026-06-01 00:00:00+09:00,119577.92919238683,119577.92919238683,118117.2867348251,118312.0390625,4696,0.0,0.0
2026-06-02 00:00:00+09:00,117922.53040067427,118117.28272173236,116364.51183220954,117338.2734375,6201,0.0,0.0
2026-06-03 00:00:00+09:00,117240.8992768595,118409.4132231405,116948.77079028926,117825.15625,3988,0.0,0.0
2026-06-04 00:00:00+09:00,117825.15925984088,118019.91158919598,116267.140625,116267.140625,4123,0.0,0.0
2026-06-05 00:00:00+09:00,116267.1371397243,117435.65108082707,116072.38481620718,116559.265625,4162,0.0,0.0
2026-06-08 00:00:00+09:00,116364.5126703138,117922.53125,115975.00802539225,117922.53125,3819,0.0,0.0
2026-06-09 00:00:00+09:00,118214.66005242939,118214.66005242939,117046.14611451411,117240.8984375,4203,0.0,0.0
2026-06-10 00:00:00+09:00,117825.15906531533,118896.296875,116948.77358466422,118896.296875,5161,0.0,0.0
2026-06-11 00:00:00+09:00,118506.78674246308,119870.05298272149,118117.28210238925,118701.5390625,5198,0.0,0.0
2026-06-12 00:00:00+09:00,118604.1625968597,120259.55731290784,118312.0341175571,119383.171875,8809,0.0,0.0
2026-06-15 00:00:00+09:00,120064.81133508915,120259.56366491086,118896.29735615883,120162.1875,3553,0.0,0.0
2026-06-16 00:00:00+09:00,119772.68152006173,119870.05768389918,117435.65358796297,118312.0390625,3421,0.0,0.0
2026-06-17 00:00:00+09:00,118312.03939879966,118506.79172702815,117630.40625,117630.40625,2402,0.0,0.0
2026-06-18 00:00:00+09:00,117630.40191908713,118117.28272173236,116948.76879538382,117338.2734375,4034,0.0,0.0
2026-06-19 00:00:00+09:00,117435.65192487532,117630.40424979219,117046.14727504157,117143.5234375,4106,0.0,0.0
2026-06-22 00:00:00+09:00,117046.14294270832,117435.64757812499,116461.88598958333,116851.390625,3728,0.0,0.0
2026-06-23 00:00:00+09:00,116851.39693708609,118019.91090645695,116754.02077297185,117630.40625,4288,0.0,0.0
2026-06-24 00:00:00+09:00,118117.2867348251,118409.41522633744,117338.27742412551,118312.0390625,2939,0.0,0.0
2026-06-25 00:00:00+09:00,118019.91173290776,118993.67338086903,117630.40707372324,118214.6640625,3978,0.0,0.0
2026-06-26 00:00:00+09:00,118506.7872805905,119967.4296875,117630.40183644481,119967.4296875,5309,0.0,0.0
2026-06-29 00:00:00+09:00,119870.05784412957,121038.5718117409,119383.17702429151,120259.5625,7268,0.0,0.0
2026-06-30 00:00:00+09:00,120259.5604992378,120941.19363567073,119772.6796875,119772.6796875,4257,0.0,0.0
2026-07-01 00:00:00+09:00,119870.05298272149,119870.05298272149,118701.5390625,118701.5390625,4533,0.0,0.0
2026-07-02 00:00:00+09:00,119285.79455735534,119870.05151028933,118798.91376324369,119480.546875,4694,0.0,0.0
2026-07-03 00:00:00+09:00,120064.80753240555,121525.44995980708,119967.43137057878,121135.9453125,4606,0.0,0.0
2026-07-06 00:00:00+09:00,121622.8258018585,122791.33974070744,121135.94499400479,121817.578125,4331,0.0,0.0
2026-07-07 00:00:00+09:00,122693.96526128265,123570.35072743468,122207.08444675375,122986.09375,4815,0.0,0.0
2026-07-08 00:00:00+09:00,122693.96357913669,122693.96357913669,121817.578125,121817.578125,3951,0.0,0.0
2026-07-09 00:00:00+09:00,121914.95110765839,122012.32726669006,121038.5656763733,121428.0703125,2479,0.0,0.0
2026-07-10 00:00:00+09:00,121622.82263056336,122012.32726669006,120941.18951734163,121428.0703125,4309,0.0,0.0
2026-07-13 00:00:00+09:00,121914.95661529223,122207.08510558447,121428.07579813851,121622.828125,3255,0.0,0.0
2026-07-14 00:00:00+09:00,121720.20196342925,122596.58741756594,121622.8258018585,121817.578125,2952,0.0,0.0
2026-07-15 00:00:00+09:00,122596.5905938745,122888.71908615537,121914.95744521912,122207.0859375,3587,0.0,0.0
2026-07-16 00:00:00+09:00,121914.95110765839,122791.33653894346,121135.94183540497,121428.0703125,3333,0.0,0.0
2026-07-17 00:00:00+09:00,122109.70745077566,123472.97372215593,121817.57896405131,122401.8359375,3923,0.0,0.0
2026-07-21 00:00:00+09:00,123083.46527229676,123862.47454617206,122596.5844761247,123375.59375,5217,0.0,0.0
2026-07-22 00:00:00+09:00,123375.60073850119,123472.97690325139,122012.33443199842,122791.34375,6789,0.0,0.0
2026-07-23 00:00:00+09:00,122791.3394214527,123278.22022804053,122012.33013091216,122499.2109375,4310,0.0,0.0
2026-07-24 00:00:00+09:00,122207.08477433321,122791.341753334,121817.580121666,122304.4609375,4098,0.0,0.0
2026-07-27 00:00:00+09:00,122693.96294466403,123570.34839426877,122596.58678359684,123180.84375,5103,0.0,0.0
2026-07-28 00:00:00+09:00,123667.72277832031,124738.86053466797,123472.97045898438,124641.484375,5890,0.0,0.0
2026-07-29 00:00:00+09:00,125128.36687306502,125907.37616099072,124057.22910216718,125810.0,16463,0.0,0.0
2026-07-30 00:00:00+09:00,125100.0,125300.0,123300.0,125000.0,9192,3390.0,0.0
2026-07-31 00:00:00+09:00,124400.0,124500.0,121900.0,121900.0,7377,0.0,0.0
2026-08-03 00:00:00+09:00,122100.0,122400.0,120500.0,120600.0,6992,0.0,0.0
2026-08-04 00:00:00+09:00,120500.0,121000.0,120000.0,120400.0,4951,0.0,0.0
2026-08-05 00:00:00+09:00,120500.0,120800.0,119300.0,119900.0,6185,0.0,0.0
2026-08-06 00:00:00+09:00,120000.0,120300.0,119300.0,120300.0,4575,0.0,0.0
2026-08-07 00:00:00+09:00,120800.0,121400.0,119700.0,120200.0,4852,0.0,0.0
2026-08-10 00:00:00+09:00,120400.0,120700.0,119500.0,120600.0,3513,0.0,0.0
2026-08-12 00:00:00+09:00,120900.0,121400.0,120400.0,121100.0,3524,0.0,0.0
2026-08-13 00:00:00+09:00,121300.0,121700.0,120300.0,120300.0,2933,0.0,0.0
2026-08-14 00:00:00+09:00,120400.0,120700.0,119900.0,119900.0,4347,0.0,0.0
2026-08-17 00:00:00+09:00,120500.0,121000.0,120200.0,120500.0,3118,0.0,0.0
2026-08-18 00:00:00+09:00,120100.0,120100.0,118700.0,119600.0,6692,0.0,0.0
2026-08-19 00:00:00+09:00,119600.0,119800.0,118900.0,119100.0,5257,0.0,0.0
2026-08-20 00:00:00+09:00,120100.0,120400.0,119300.0,120400.0,6439,0.0,0.0
2026-08-21 00:00:00+09:00,120500.0,120500.0,119400.0,120100.0,4265,0.0,0.0
2026-08-24 00:00:00+09:00,120200.0,120700.0,119900.0,120600.0,3779,0.0,0.0
2026-08-25 00:00:00+09:00,120800.0,120800.0,120200.0,120200.0,3530,0.0,0.0
2026-08-26 00:00:00+09:00,120400.0,121100.0,120100.0,120400.0,3526,0.0,0.0
2026-08-27 00:00:00+09:00,120400.0,120900.0,119900.0,120400.0,5509,0.0,0.0
2026-08-28 00:00:00+09:00,120000.0,120000.0,118300.0,118600.0,6981,0.0,0.0
2026-08-31 00:00:00+09:00,118800.0,119200.0,118300.0,118400.0,8029,0.0,0.0
2026-09-01 00:00:00+09:00,118400.0,118800.0,118100.0,118800.0,4741,0.0,0.0
2026-09-02 00:00:00+09:00,118600.0,118600.0,117800.0,118000.0,6022,0.0,0.0
2026-09-03 00:00:00+09:00,118000.0,118500.0,117300.0,117300.0,4220,0.0,0.0
2026-09-04 00:00:00+09:00,117300.0,117600.0,116900.0,117100.0,4968,0.0,0.0
2026-09-07 00:00:00+09:00,117000.0,117200.0,116300.0,116400.0,6272,0.0,0.0
2026-09-08 00:00:00+09:00,116300.0,116300.0,115100.0,115100.0,7639,0.0,0.0
2026-09-09 00:00:00+09:00,115200.0,115800.0,114900.0,115600.0,6105,0.0,0.0
2026-09-10 00:00:00+09:00,115100.0,115400.0,114400.0,115400.0,4497,0.0,0.0
2026-09-11 00:00:00+09:00,116100.0,116300.0,113700.0,114100.0,11005,0.0,0.0
2026-09-14 00:00:00+09:00,114100.0,115100.0,114000.0,115000.0,6295,0.0,0.0
2026-09-15 00:00:00+09:00,114000.0,114400.0,112200.0,113700.0,10324,0.0,0.0
2026-09-16 00:00:00+09:00,113600.0,114300.0,113200.0,113900.0,4583,0.0,0.0
2026-09-17 00:00:00+09:00,114100.0,114100.0,111800.0,112500.0,7378,0.0,0.0
2026-09-18 00:00:00+09:00,112500.0,112900.0,111500.0,111500.0,30019,0.0,0.0
2026-09-24 00:00:00+09:00,112200.0,113700.0,112000.0,113200.0,10406,0.0,0.0
2026-09-25 00:00:00+09:00,114000.0,114000.0,112200.0,112600.0,7525,0.0,0.0
2026-09-28 00:00:00+09:00,112800.0,112800.0,111700.0,111900.0,6114,0.0,0.0
2026-09-29 00:00:00+09:00,111600.0,111700.0,110800.0,111000.0,6096,0.0,0.0
2026-09-30 00:00:00+09:00,111000.0,111100.0,110400.0,110700.0,6003,0.0,0.0
2026-10-01 00:00:00+09:00,110200.0,110700.0,109500.0,109800.0,5738,0.0,0.0
2026-10-02 00:00:00+09:00,109500.0,109500.0,107400.0,107400.0,8920,0.0,0.0
2026-10-05 00:00:00+09:00,107100.0,107300.0,106000.0,106800.0,8960,0.0,0.0
2026-10-06 00:00:00+09:00,106200.0,107400.0,106000.0,106700.0,2335,0.0,0.0
