Date,Open,High,Low,Close,Volume,Dividends,Stock Splits
2021-10-05 00:00:00+09:00,80607.65005896226,81659.46992924527,78599.63030660377,81085.75,7044,0.0,0.0
2021-10-06 00:00:00+09:00,81085.75102219626,81850.7109375,80225.17111747955,81850.7109375,7260,0.0,0.0
2021-10-07 00:00:00+09:00,81850.72156432748,81850.72156432748,80798.90154422515,81755.1015625,5920,0.0,0.0
2021-10-08 00:00:00+09:00,81372.62031810706,81563.86031885467,79842.7003121262,79938.3203125,6224,0.0,0.0
2021-10-11 00:00:00+09:00,80225.1806190968,80990.140625,78982.12060950413,80990.140625,5924,0.0,0.0
2021-10-12 00:00:00+09:00,81276.99683779762,81372.61683407739,79938.31688988095,80320.796875,4892,0.0,0.0
2021-10-13 00:00:00+09:00,81181.37753770303,82424.4375,80798.89754930395,82424.4375,7740,0.0,0.0
2021-10-14 00:00:00+09:00,82424.43027866706,82806.91023355645,81468.23039144353,82137.5703125,3196,0.0,0.0
2021-10-15 00:00:00+09:00,82041.95690028902,82806.91687138728,81755.09691112717,82711.296875,4168,0.0,0.0
2021-10-18 00:00:00+09:00,82711.29346770713,83189.39342994822,81563.85355832854,83093.7734375,5360,0.0,0.0
2021-10-19 00:00:00+09:00,83380.63781500573,83667.49780748854,82806.9178300401,83476.2578125,4384,0.0,0.0
2021-10-20 00:00:00+09:00,83476.23995407578,83571.85993111366,82806.90011481056,83285.0,2148,0.0,0.0
2021-10-21 00:00:00+09:00,83285.01720355308,84049.97717786815,83189.3972067637,83763.1171875,2084,0.0,0.0
2021-10-22 00:00:00+09:00,83285.01587113478,83380.63586639441,81946.3359375,81946.3359375,3100,0.0,0.0
2021-10-25 00:00:00+09:00,81659.46875,82424.42864461358,81468.2287763466,81659.46875,2608,0.0,0.0
2021-10-26 00:00:00+09:00,81659.46875,82424.42864461358,81659.46875,81659.46875,2308,0.0,0.0
2021-10-27 00:00:00+09:00,82041.95629320276,82998.15625,81946.33629752304,82998.15625,3096,0.0,0.0
2021-10-28 00:00:00+09:00,83093.77624567972,83476.25622839862,82711.29626296082,82998.15625,3080,0.0,0.0
2021-10-29 00:00:00+09:00,83380.63720034246,84049.97717786815,83189.3972067637,83763.1171875,3568,0.0,0.0
2021-11-01 00:00:00+09:00,83189.38676853997,83667.4866924971,82424.42689020858,82520.046875,4076,0.0,0.0
2021-11-02 00:00:00+09:00,82806.91748839908,82902.53748549885,82328.81750290023,82424.4375,3112,0.0,0.0
2021-11-04 00:00:00+09:00,83285.01222321429,84241.21213392857,82998.15225,83667.4921875,3472,0.0,0.0
2021-11-05 00:00:00+09:00,84049.96487958716,84336.82482798165,83093.7650516055,83380.625,2876,0.0,0.0
2021-11-08 00:00:00+09:00,83380.62883959044,84241.20872440274,83189.38886518772,84049.96875,2528,0.0,0.0
2021-11-09 00:00:00+09:00,84241.2117151331,84241.2117151331,82615.671875,82615.671875,3504,0.0,0.0
2021-11-10 00:00:00+09:00,83093.77588061552,83093.77588061552,81563.8559564615,81946.3359375,3240,0.0,0.0
2021-11-11 00:00:00+09:00,82233.20157163743,82328.82157346491,81563.86155884503,81755.1015625,2492,0.0,0.0
2021-11-12 00:00:00+09:00,81659.47155260845,81850.71153282533,81276.99159217469,81563.8515625,2952,0.0,0.0
2021-11-15 00:00:00+09:00,81659.47436179577,81850.71434859154,81181.37439480633,81468.234375,3032,0.0,0.0
2021-11-16 00:00:00+09:00,81372.61498822144,81659.4749705536,80703.2750294464,81181.375,3444,0.0,0.0
2021-11-17 00:00:00+09:00,80798.890625,81276.99056952662,80703.27063609468,80798.890625,2960,0.0,0.0
2021-11-18 00:00:00+09:00,80990.13001179244,81468.22995283018,80894.5100235849,81085.75,3792,0.0,0.0
2021-11-19 00:00:00+09:00,80894.5112084323,80894.5112084323,79842.69132274347,80512.03125,4144,0.0,0.0
2021-11-22 00:00:00+09:00,80225.171875,80894.51180721096,80129.55188468414,80225.171875,2276,0.0,0.0
2021-11-24 00:00:00+09:00,80225.18771139705,81563.86784007352,79938.32768382353,81277.0078125,3156,0.0,0.0
2021-11-25 00:00:00+09:00,81563.8515625,82137.57150315064,81372.61158228312,81563.8515625,2040,0.0,0.0
2021-11-26 00:00:00+09:00,81659.46875,82041.9486973068,80703.26888173302,81659.46875,3640,0.0,0.0
2021-11-29 00:00:00+09:00,80512.034662142,81563.85459240752,79938.314700179,80129.5546875,9248,0.0,0.0
2021-11-30 00:00:00+09:00,80703.2684237841,83189.38806717082,80607.6484375,80607.6484375,11528,0.0,0.0
2021-12-01 00:00:00+09:00,81850.7087236534,82615.66861826698,80894.50885538642,81659.46875,9436,0.0,0.0
2021-12-02 00:00:00+09:00,81946.33170068535,82137.57168131704,80225.171875,80225.171875,7196,0.0,0.0
2021-12-03 00:00:00+09:00,80129.5512915677,80894.5112084323,80129.5512915677,80512.03125,6044,0.0,0.0
2021-12-06 00:00:00+09:00,80798.89003537735,81468.22995283018,80607.65005896226,81085.75,2744,0.0,0.0
2021-12-07 00:00:00+09:00,81181.37160206624,81755.09154271688,80703.27165152403,81563.8515625,3200,0.0,0.0
2021-12-08 00:00:00+09:00,81563.85197844329,82615.671875,81276.99200665508,82615.671875,4744,0.0,0.0
2021-12-09 00:00:00+09:00,81659.47256097561,82711.2924651568,81563.85256968641,82328.8125,7864,0.0,0.0
2021-12-10 00:00:00+09:00,82233.19030122235,82520.05026738941,81563.8503801659,82137.5703125,7600,0.0,0.0
2021-12-13 00:00:00+09:00,81659.46875,82424.42864461358,81181.36881586652,81659.46875,3176,0.0,0.0
2021-12-14 00:00:00+09:00,81659.46992924527,81659.46992924527,80703.2700471698,81085.75,3760,0.0,0.0
2021-12-15 00:00:00+09:00,80990.13501177856,81372.61498822144,80798.89502355712,81181.375,3176,0.0,0.0
2021-12-16 00:00:00+09:00,81085.75059171597,81468.23054733728,80798.890625,80798.890625,3260,0.0,0.0
2021-12-17 00:00:00+09:00,80607.65265679442,82328.8125,80607.65265679442,82328.8125,8360,0.0,0.0
2021-12-20 00:00:00+09:00,82520.03959810873,82520.03959810873,80894.5,80894.5,5772,0.0,0.0
2021-12-21 00:00:00+09:00,80894.5,81276.97990543734,80512.02009456264,80894.5,5180,0.0,0.0
2021-12-22 00:00:00+09:00,80894.51685267857,81085.7568452381,80320.796875,80320.796875,3116,0.0,0.0
2021-12-23 00:00:00+09:00,80512.03125,80894.5112084323,80320.79127078384,80512.03125,2516,0.0,0.0
2021-12-24 00:00:00+09:00,80703.2684237841,80990.12838263641,80607.6484375,80607.6484375,2772,0.0,0.0
2021-12-27 00:00:00+09:00,80798.8940342598,80798.8940342598,80225.1740766201,80416.4140625,3588,0.0,0.0
2021-12-28 00:00:00+09:00,80320.79467482101,80607.65465580251,79938.314700179,80129.5546875,8336,0.0,0.0
2021-12-29 00:00:00+09:00,80653.80334443098,81243.953125,79866.93697033898,81243.953125,7012,2916.25,0.0
2021-12-30 00:00:00+09:00,81243.94660823171,81539.02147484756,80457.08029725609,80653.796875,4092,0.0,0.0
2022-01-04 00:00:00+09:00,80162.00865735115,80948.875,79768.57548602673,80948.875,6780,0.0,0.0
2022-01-05 00:00:00+09:00,81145.58874844912,81243.9470378412,79276.78125,79276.78125,9076,0.0,0.0
2022-01-06 00:00:00+09:00,78883.352897299,79178.4277834485,77899.76994346734,78293.203125,7256,0.0,0.0
2022-01-07 00:00:00+09:00,77998.11485745614,78981.69764254386,77899.75657894737,78489.90625,4476,0.0,0.0
2022-01-11 00:00:00+09:00,78096.47892902407,79080.06178707223,77407.97092839036,77604.6875,3832,0.0,0.0
2022-01-12 00:00:00+09:00,77309.61934882613,77801.41082051078,77112.90276015228,77506.3359375,3408,0.0,0.0
2022-01-13 00:00:00+09:00,77112.90597345133,77998.13065937105,77014.5476750158,77801.4140625,4464,0.0,0.0
2022-01-14 00:00:00+09:00,77309.61046696315,77801.4018821474,77112.89390088945,77407.96875,4640,0.0,0.0
2022-01-17 00:00:00+09:00,77407.96875,77801.4018821474,77211.2521839263,77407.96875,3232,0.0,0.0
2022-01-18 00:00:00+09:00,77309.61632390745,77506.33290488432,76424.39170951158,76522.75,4712,0.0,0.0
2022-01-19 00:00:00+09:00,76326.04241666666,76424.40071875,73572.00995833334,73768.7265625,8304,0.0,0.0
2022-01-20 00:00:00+09:00,73670.35537790698,74358.86337209302,71899.90625,71899.90625,12720,0.0,0.0
2022-01-21 00:00:00+09:00,71113.05374243952,73768.72794858871,69932.7540952621,73178.578125,15040,0.0,0.0
2022-01-24 00:00:00+09:00,73375.29794176706,74555.59764056225,72096.63993473895,73473.65625,6764,0.0,0.0
2022-01-25 00:00:00+09:00,73473.64495256325,74063.79471121838,72785.13690079894,73867.078125,7916,0.0,0.0
2022-01-26 00:00:00+09:00,73867.07338206307,75145.73111038108,73473.6402348883,74850.65625,5776,0.0,0.0
2022-01-27 00:00:00+09:00,74850.66592938312,75735.890625,73178.57483766234,75735.890625,9400,0.0,0.0
2022-01-28 00:00:00+09:00,74850.6614145375,76129.3192310802,74555.58653379689,76030.9609375,7464,0.0,0.0
2022-01-31 00:00:00+09:00,75735.88713259043,76916.18667231912,75735.88713259043,76129.3203125,8216,0.0,0.0
2022-02-01 00:00:00+09:00,76522.75565802191,77801.4135289143,76030.96416921713,76326.0390625,8800,0.0,0.0
2022-02-02 00:00:00+09:00,76719.46658097686,77014.54145244216,76030.95854755785,76522.75,2888,0.0,0.0
2022-02-03 00:00:00+09:00,76817.82787714149,78194.8439978585,76719.46958280457,77506.3359375,4396,0.0,0.0
2022-02-04 00:00:00+09:00,78293.20801526717,78391.56631679389,77309.625,77309.625,5964,0.0,0.0
2022-02-07 00:00:00+09:00,77506.3318050193,77506.3318050193,75932.59917953667,76424.390625,3680,0.0,0.0
2022-02-08 00:00:00+09:00,76227.68490270448,76522.75981200527,74555.59375,74555.59375,4732,0.0,0.0
2022-02-09 00:00:00+09:00,74555.58440742543,76326.03364137484,74063.79295355058,75834.2421875,5544,0.0,0.0
2022-02-10 00:00:00+09:00,75834.23622141042,77604.6853160737,75834.23622141042,77407.96875,6900,0.0,0.0
2022-02-14 00:00:00+09:00,76227.67535059988,76817.82509524967,75440.80902440014,75834.2421875,3400,0.0,0.0
2022-02-15 00:00:00+09:00,76129.31618610748,76424.39105504588,74752.30013106161,75047.375,6196,0.0,0.0
2022-02-16 00:00:00+09:00,75244.09541053137,76817.828125,75244.09541053137,76817.828125,3244,0.0,0.0
2022-02-17 00:00:00+09:00,76621.11261189257,77014.5457960358,75932.60453964194,76916.1875,3128,0.0,0.0
2022-02-18 00:00:00+09:00,75145.74497174202,75440.81988655252,73473.65378781583,73965.4453125,9316,0.0,0.0
2022-02-21 00:00:00+09:00,72981.85587717828,73867.08054415215,72883.49758084786,73375.2890625,5036,0.0,0.0
2022-02-22 00:00:00+09:00,72785.14914772728,72785.14914772728,70424.54971590909,71408.1328125,9252,0.0,0.0
2022-02-24 00:00:00+09:00,71309.75580481844,72588.41349511173,69145.87355970671,70424.53125,12412,0.0,0.0
2022-02-25 00:00:00+09:00,70227.8203125,70424.5368960084,69440.95397846638,70227.8203125,9488,0.0,0.0
2022-02-28 00:00:00+09:00,70817.97548678721,71014.69208536162,69637.67589534076,70719.6171875,9924,0.0,0.0
2022-03-01 00:00:00+09:00,71801.54796511628,72686.77252906977,71506.47311046511,71899.90625,8488,0.0,0.0
2022-03-02 00:00:00+09:00,70817.96853507566,71899.9097210282,70621.25195581156,71506.4765625,5448,0.0,0.0
2022-03-03 00:00:00+09:00,71506.48651834705,71801.56142832647,71211.41160836762,71703.203125,4884,0.0,0.0
2022-03-04 00:00:00+09:00,71801.54814830801,72096.62300371201,70621.24872669198,71211.3984375,4088,0.0,0.0
2022-03-07 00:00:00+09:00,70916.33407215589,71014.69237183989,69834.39277563202,70031.109375,5156,0.0,0.0
2022-03-08 00:00:00+09:00,70129.4712107168,70621.26273393362,69637.6796875,69637.6796875,5228,0.0,0.0
2022-03-09 00:00:00+09:00,69736.03286637932,70621.25754310345,68457.375,68457.375,7424,0.0,0.0
2022-03-10 00:00:00+09:00,69539.32106643356,70817.97902097902,69440.96276223776,70326.1875,4916,0.0,0.0
2022-03-11 00:00:00+09:00,69047.52103960396,70817.97029702971,69047.52103960396,69539.3125,8176,0.0,0.0
2022-03-14 00:00:00+09:00,69637.6796875,70326.18782000353,69637.6796875,69637.6796875,3288,0.0,0.0
2022-03-15 00:00:00+09:00,69736.03476285462,70326.18456338653,68949.16836214538,69342.6015625,4288,0.0,0.0
2022-03-16 00:00:00+09:00,69637.66605648535,70916.32376656207,69145.87462953277,70522.890625,8000,0.0,0.0
2022-03-17 00:00:00+09:00,70916.3366983882,71998.27803497942,70719.62009173525,71703.203125,4860,0.0,0.0
2022-03-18 00:00:00+09:00,72096.62694786051,72981.8515625,71604.83549528303,72981.8515625,5768,0.0,0.0
2022-03-22 00:00:00+09:00,72981.85431077075,75047.37848937747,72194.98795701581,74653.9453125,7212,0.0,0.0
2022-03-23 00:00:00+09:00,73768.72441092914,74063.79930857285,72490.0665211397,73572.0078125,5668,0.0,0.0
2022-03-24 00:00:00+09:00,73473.65029761905,74358.875,72785.1421957672,74358.875,6632,0.0,0.0
2022-03-25 00:00:00+09:00,74555.59764056225,74653.95594879518,73375.29794176706,73473.65625,4068,0.0,0.0
2022-03-28 00:00:00+09:00,73768.72198705179,74457.23005893095,73670.36369106905,74063.796875,3964,0.0,0.0
2022-03-29 00:00:00+09:00,74358.87337451236,76030.96444245774,74358.87337451236,75637.53125,5612,0.0,0.0
2022-03-30 00:00:00+09:00,76719.46481299213,76719.46481299213,73867.07445456037,74949.015625,5120,0.0,0.0
2022-03-31 00:00:00+09:00,74555.57904291776,76030.95329838447,74260.50419182442,75342.4453125,5044,0.0,0.0
2022-04-01 00:00:00+09:00,74752.29561031332,75342.4453125,73670.35448963773,75342.4453125,9724,0.0,0.0
2022-04-04 00:00:00+09:00,76522.75044993455,76522.75044993455,74063.7931732657,75145.734375,5640,0.0,0.0
2022-04-05 00:00:00+09:00,75145.734375,75244.09266606675,74555.58462859948,75145.734375,3024,0.0,0.0
2022-04-06 00:00:00+09:00,75244.0986134106,75244.0986134106,74063.79902731789,74260.515625,3036,0.0,0.0
2022-04-07 00:00:00+09:00,74260.50124123832,74260.50124123832,73178.5601635514,73670.3515625,4480,0.0,0.0
2022-04-08 00:00:00+09:00,73768.73152449324,73768.73152449324,72686.79012880068,72785.1484375,6508,0.0,0.0
2022-04-11 00:00:00+09:00,72785.14809236948,73768.7311746988,72686.78978413655,73473.65625,3584,0.0,0.0
2022-04-12 00:00:00+09:00,73572.00809716599,73670.36639676114,72883.5,72883.5,4504,0.0,0.0
2022-04-13 00:00:00+09:00,73080.21417350872,73768.72224782172,72883.49758084786,73375.2890625,4356,0.0,0.0
2022-04-14 00:00:00+09:00,73375.29121407085,73670.36611171457,72588.42482035428,73572.0078125,4520,0.0,0.0
2022-04-15 00:00:00+09:00,73867.07158137584,74162.14643456377,73178.56359060403,73276.921875,3400,0.0,0.0
2022-04-18 00:00:00+09:00,73473.65165625,73768.7265625,72981.86014583333,73768.7265625,3508,0.0,0.0
2022-04-19 00:00:00+09:00,73768.717886624,73768.717886624,72785.134981469,72981.8515625,5740,0.0,0.0
2022-04-20 00:00:00+09:00,73572.01490709459,73768.73152449324,72391.7152027027,72785.1484375,7076,0.0,0.0
2022-04-21 00:00:00+09:00,72981.85587717828,73867.08054415215,72981.85587717828,73375.2890625,3900,0.0,0.0
2022-04-22 00:00:00+09:00,73473.64709910359,74358.87176294821,73276.93050713811,74063.796875,3700,0.0,0.0
2022-04-25 00:00:00+09:00,73965.42640186916,74063.78468165889,73080.20188376168,73670.3515625,3384,0.0,0.0
2022-04-26 00:00:00+09:00,73670.3595961085,73965.434467655,72686.77669095351,72981.8515625,8452,0.0,0.0
2022-04-27 00:00:00+09:00,72981.8470218121,73867.07158137584,72588.4138842282,73276.921875,4304,0.0,0.0
2022-04-28 00:00:00+09:00,73276.921875,74457.22128775169,73276.921875,73276.921875,7960,0.0,0.0
2022-05-02 00:00:00+09:00,73276.93717794215,74457.23683718417,72981.86226313164,73965.4453125,5396,0.0,0.0
2022-05-06 00:00:00+09:00,73670.3515625,73768.70984228973,73276.91844334113,73670.3515625,4496,0.0,0.0
2022-05-09 00:00:00+09:00,73473.64735883044,74162.15543314343,73178.57246983914,73375.2890625,5300,0.0,0.0
2022-05-10 00:00:00+09:00,73473.64103001365,73473.64103001365,71899.90842428377,72096.625,9788,0.0,0.0
2022-05-11 00:00:00+09:00,71899.90643344268,72293.33957398134,70916.323582096,71211.3984375,9688,0.0,0.0
2022-05-12 00:00:00+09:00,70916.33243534483,71998.27370689655,70522.89924568965,71309.765625,5372,0.0,0.0
2022-05-13 00:00:00+09:00,71408.12126865672,72981.85396879239,71309.76297489823,72490.0625,4488,0.0,0.0
2022-05-16 00:00:00+09:00,72883.49130286495,73473.64103001365,71604.83356070942,72096.625,4940,0.0,0.0
2022-05-17 00:00:00+09:00,72194.98200693504,72785.13172361298,71899.90714859607,72686.7734375,2128,0.0,0.0
2022-05-18 00:00:00+09:00,72981.85587717828,73572.00565516086,72588.42269185657,73375.2890625,4852,0.0,0.0
2022-05-19 00:00:00+09:00,72981.8470218121,73670.3550125839,72588.4138842282,73276.921875,2656,0.0,0.0
2022-05-20 00:00:00+09:00,73572.00263247282,73670.36092476222,72391.703125,72391.703125,4464,0.0,0.0
2022-05-23 00:00:00+09:00,72883.48873741612,73867.07158137584,72785.13045302015,73276.921875,3556,0.0,0.0
2022-05-24 00:00:00+09:00,73670.3595961085,73670.3595961085,72686.77669095351,72981.8515625,3080,0.0,0.0
2022-05-25 00:00:00+09:00,73178.5601635514,73670.3515625,72785.12704439253,73670.3515625,3560,0.0,0.0
2022-05-26 00:00:00+09:00,73572.00565516086,73965.43884048257,73375.2890625,73375.2890625,2388,0.0,0.0
2022-05-27 00:00:00+09:00,73375.27672313084,74162.1429614486,73080.20188376168,73670.3515625,7192,0.0,0.0
2022-05-30 00:00:00+09:00,74260.51777163145,74949.0258834214,73965.44286657861,74457.234375,3620,0.0,0.0
2022-05-31 00:00:00+09:00,74358.86481603154,74850.65625,73965.43166885676,74850.65625,7112,0.0,0.0
2022-06-01 00:00:00+09:00,74457.22418389107,75244.09048966535,74457.22418389107,74949.015625,3700,0.0,0.0
2022-06-02 00:00:00+09:00,75145.74325980392,75244.1015625,74555.59344362744,75244.1015625,4144,0.0,0.0
2022-06-03 00:00:00+09:00,75244.08939717477,75244.08939717477,74555.58138961892,74850.65625,4976,0.0,0.0
2022-06-06 00:00:00+09:00,74752.30360671938,75047.37848937747,74162.15384140317,74653.9453125,3964,0.0,0.0
2022-06-07 00:00:00+09:00,74752.30121073299,75244.09266606675,74653.94291966622,75145.734375,3088,0.0,0.0
2022-06-08 00:00:00+09:00,75145.74325980392,75539.17647058824,75047.38495710783,75244.1015625,2944,0.0,0.0
2022-06-09 00:00:00+09:00,75342.45742694805,76030.96552353897,75145.74082792207,75735.890625,3196,0.0,0.0
2022-06-10 00:00:00+09:00,75735.88193077428,75735.88193077428,74949.015625,74949.015625,4904,0.0,0.0
2022-06-13 00:00:00+09:00,74949.02371688742,75047.38201572848,74063.79902731789,74260.515625,4116,0.0,0.0
2022-06-14 00:00:00+09:00,74260.51178765263,74260.51178765263,72194.98761872455,72490.0625,7484,0.0,0.0
2022-06-15 00:00:00+09:00,72490.05633281032,72981.8477597629,70424.53233960949,70522.890625,8224,0.0,0.0
2022-06-16 00:00:00+09:00,71506.47311046511,72981.84738372093,71113.03997093023,71899.90625,6184,0.0,0.0
2022-06-17 00:00:00+09:00,70522.89473514767,72194.98568423763,70227.81986177884,71604.8359375,6540,0.0,0.0
2022-06-20 00:00:00+09:00,71899.91540948277,71899.91540948277,70522.89924568965,71309.765625,3316,0.0,0.0
2022-06-21 00:00:00+09:00,71604.83356070942,72490.05815143247,71604.83356070942,72096.625,4648,0.0,0.0
2022-06-22 00:00:00+09:00,72391.71590909091,72588.43252840909,71309.77450284091,71408.1328125,6684,0.0,0.0
2022-06-23 00:00:00+09:00,71703.19881465517,72686.7817887931,70916.33243534483,71309.765625,7144,0.0,0.0
2022-06-24 00:00:00+09:00,71703.1931417641,71703.1931417641,71014.68511433975,71506.4765625,4768,0.0,0.0
2022-06-27 00:00:00+09:00,71703.203125,72096.63633830589,71309.7699116941,71703.203125,4572,0.0,0.0
2022-06-28 00:00:00+09:00,71703.20251514133,73375.29365746972,71703.20251514133,73080.21875,12528,0.0,0.0
2022-06-29 00:00:00+09:00,73044.95099820451,73649.4609375,72742.69602855676,73649.4609375,8128,2206.25,0.0
2022-06-30 00:00:00+09:00,73548.70643028845,73750.20973557692,72641.94155649038,73347.203125,6764,0.0,0.0
2022-07-01 00:00:00+09:00,73548.70781469144,73548.70781469144,71332.17141479663,71835.9296875,6684,0.0,0.0
2022-07-04 00:00:00+09:00,72037.42925347222,72541.1875,71735.17430555556,72541.1875,4192,0.0,0.0
2022-07-05 00:00:00+09:00,72641.94200596472,73246.45192557054,72440.43869942946,72843.4453125,6164,0.0,0.0
2022-07-06 00:00:00+09:00,72641.9479643486,72843.45128741197,71332.17636443661,71533.6796875,3768,0.0,0.0
2022-07-07 00:00:00+09:00,71634.4275627615,72742.69578103207,71634.4275627615,72238.9375,5104,0.0,0.0
2022-07-08 00:00:00+09:00,72742.69290528711,72843.4445575105,71936.6796875,71936.6796875,4700,0.0,0.0
2022-07-11 00:00:00+09:00,72541.19482758621,73145.70478448276,72440.44316810345,73044.953125,3528,0.0,0.0
2022-07-12 00:00:00+09:00,73044.94574652778,73044.94574652778,72339.68420138888,72541.1875,3752,0.0,0.0
2022-07-13 00:00:00+09:00,72641.94365694252,73347.20524584487,72641.94365694252,72742.6953125,3344,0.0,0.0
2022-07-14 00:00:00+09:00,72238.94645024273,72641.953125,72138.19478155341,72641.953125,3448,0.0,0.0
2022-07-15 00:00:00+09:00,72641.9479643486,72742.69962588028,71533.6796875,71533.6796875,5132,0.0,0.0
2022-07-19 00:00:00+09:00,72238.93539289419,73145.7002723029,71936.68043309129,72843.4453125,5372,0.0,0.0
2022-07-20 00:00:00+09:00,73347.20477991748,73347.20477991748,72339.68823074279,73246.453125,5560,0.0,0.0
2022-07-21 00:00:00+09:00,72742.69602855676,73850.9642505985,72742.69602855676,73649.4609375,4752,0.0,0.0
2022-07-22 00:00:00+09:00,73951.71826370095,74455.4765625,73649.46328442152,74455.4765625,4040,0.0,0.0
2022-07-25 00:00:00+09:00,74253.96920893101,74656.97582607582,73750.2109375,73750.2109375,5356,0.0,0.0
2022-07-26 00:00:00+09:00,73951.71875,73951.71875,73347.20878746593,73951.71875,4224,0.0,0.0
2022-07-27 00:00:00+09:00,73951.7142460724,74354.72086321721,73447.95597464139,73750.2109375,5832,0.0,0.0
2022-07-28 00:00:00+09:00,73850.96543367347,74959.2336734694,73447.95880102042,74052.46875,24324,0.0,0.0
2022-07-29 00:00:00+09:00,75059.98390625,75664.49384375,74455.47396875,75563.7421875,8940,0.0,0.0
2022-08-01 00:00:00+09:00,75563.74453743405,76571.2611312665,75261.48955928431,76369.7578125,8700,0.0,0.0
2022-08-02 00:00:00+09:00,76067.50381224933,76269.00713360628,75059.98720546457,75362.2421875,4168,0.0,0.0
2022-08-03 00:00:00+09:00,75664.49384375,75765.2455,74858.48059375,75563.7421875,4444,0.0,0.0
2022-08-04 00:00:00+09:00,75563.73933232932,75664.49098477242,74858.47776522758,75261.484375,3884,0.0,0.0
2022-08-05 00:00:00+09:00,74858.47821554918,75059.98152164757,74354.71995030323,74757.7265625,4456,0.0,0.0
2022-08-08 00:00:00+09:00,74858.47821554918,75059.98152164757,74253.96829725405,74757.7265625,3456,0.0,0.0
2022-08-09 00:00:00+09:00,74556.22988651761,74757.73321053523,74153.22323848239,74354.7265625,3820,0.0,0.0
2022-08-10 00:00:00+09:00,74153.22040816327,74455.47538265307,73750.2137755102,74052.46875,4552,0.0,0.0
2022-08-12 00:00:00+09:00,74354.71919764666,74455.470849676,73750.20928547067,73850.9609375,4048,0.0,0.0
2022-08-15 00:00:00+09:00,73850.96332025979,74757.72821778004,73850.96332025979,74656.9765625,4012,0.0,0.0
2022-08-16 00:00:00+09:00,74757.7265625,74858.47821554918,74455.47160335242,74757.7265625,2920,0.0,0.0
2022-08-17 00:00:00+09:00,74556.23219671582,75765.25217828418,74455.48053158513,75160.7421875,3384,0.0,0.0
2022-08-18 00:00:00+09:00,74959.23225,75765.2455,74656.97728125,75563.7421875,4372,0.0,0.0
2022-08-19 00:00:00+09:00,75765.23847167325,76470.5,75563.7351778656,76470.5,5180,0.0,0.0
2022-08-22 00:00:00+09:00,76168.2446728188,76168.2446728188,74959.22491610739,75059.9765625,4452,0.0,0.0
2022-08-23 00:00:00+09:00,75261.49102035667,75362.24268169583,74656.98105232167,74858.484375,4160,0.0,0.0
2022-08-24 00:00:00+09:00,75160.73317469677,75563.73978689352,74757.7265625,74757.7265625,4420,0.0,0.0
2022-08-25 00:00:00+09:00,75362.23150167786,75462.98314807047,74959.22491610739,75059.9765625,2780,0.0,0.0
2022-08-26 00:00:00+09:00,75059.98720546457,75462.99384817848,74858.48388410761,75362.2421875,2904,0.0,0.0
2022-08-29 00:00:00+09:00,74858.48719210792,75462.9971828921,74556.23219671582,75160.7421875,4428,0.0,0.0
2022-08-30 00:00:00+09:00,75462.99517583224,77276.52509995105,75261.49185093016,77175.7734375,10460,0.0,0.0
2022-08-31 00:00:00+09:00,77075.01728157722,77478.02390788613,76873.51396842278,76974.265625,7384,0.0,0.0
2022-09-01 00:00:00+09:00,76772.76494023905,76974.26826029217,75866.0,75866.0,4212,0.0,0.0
2022-09-02 00:00:00+09:00,76772.75536720823,76873.50701467175,75865.99054003648,75966.7421875,3696,0.0,0.0
2022-09-05 00:00:00+09:00,76369.7578125,76974.26776879947,76269.00615311676,76369.7578125,4424,0.0,0.0
2022-09-06 00:00:00+09:00,76672.01279064974,76672.01279064974,75966.75117496702,76369.7578125,2036,0.0,0.0
2022-09-07 00:00:00+09:00,76268.99670619235,76772.75494071146,76268.99670619235,76470.5,3024,0.0,0.0
2022-09-08 00:00:00+09:00,76772.76112253289,76873.51277754935,76369.7545024671,76571.2578125,2852,0.0,0.0
2022-09-09 00:00:00+09:00,76470.5085144043,77478.02509562175,76369.75685628255,77377.2734375,4360,0.0,0.0
2022-09-12 00:00:00+09:00,77377.27676240209,77377.27676240209,76873.51845014686,77175.7734375,1668,0.0,0.0
2022-09-13 00:00:00+09:00,77175.76682224026,77578.7734375,76873.51186079545,77578.7734375,2792,0.0,0.0
2022-09-14 00:00:00+09:00,76974.26728374836,77276.52225999345,76772.76396625163,76873.515625,2468,0.0,0.0
2022-09-15 00:00:00+09:00,77075.02177504895,77175.7734375,76672.01512524478,77175.7734375,2504,0.0,0.0
2022-09-16 00:00:00+09:00,76772.7569421956,77780.2734375,76772.7569421956,77780.2734375,5960,0.0,0.0
2022-09-20 00:00:00+09:00,77881.04127281616,77881.04127281616,76974.27623859192,77276.53125,3952,0.0,0.0
2022-09-21 00:00:00+09:00,77175.77060124508,77478.02557749017,76873.515625,76873.515625,3508,0.0,0.0
2022-09-22 00:00:00+09:00,76772.76844362744,77377.27843137254,76470.5134497549,77075.0234375,3068,0.0,0.0
2022-09-26 00:00:00+09:00,76672.00750920348,76672.00750920348,75160.73272255689,75261.484375,4628,0.0,0.0
2022-09-27 00:00:00+09:00,75866.00149263212,76269.00814066734,74253.97490049119,74354.7265625,8152,0.0,0.0
2022-09-28 00:00:00+09:00,74757.7313362069,74858.48299568966,72641.94648706897,73044.953125,6636,0.0,0.0
2022-09-29 00:00:00+09:00,74052.46875,74959.2336734694,73750.2137755102,74052.46875,4244,0.0,0.0
2022-09-30 00:00:00+09:00,73447.95552069199,74253.96875,72641.942291384,74253.96875,6640,0.0,0.0
2022-10-03 00:00:00+09:00,74556.22822225982,74757.73154177943,73145.70498562246,74455.4765625,4268,0.0,0.0
2022-10-04 00:00:00+09:00,74858.48719210792,75866.00384341489,74757.73552697721,75160.7421875,3432,0.0,0.0
2022-10-05 00:00:00+09:00,75362.23192567567,75765.23851351351,74354.71545608107,74556.21875,3772,0.0,0.0
2022-10-06 00:00:00+09:00,74858.48271589381,75059.98603410619,74455.47607946908,74959.234375,3000,0.0,0.0
2022-10-07 00:00:00+09:00,74253.96829725405,74959.22986859838,74052.46499115566,74757.7265625,4516,0.0,0.0
2022-10-11 00:00:00+09:00,74556.22752568494,74757.73084332192,73246.45596104453,73548.7109375,3636,0.0,0.0
2022-10-12 00:00:00+09:00,73750.21139958735,74354.72132909216,72742.69485041266,73246.453125,5500,0.0,0.0
2022-10-13 00:00:00+09:00,72843.44244791666,73447.95234375,72440.43585069444,72541.1875,5552,0.0,0.0
2022-10-14 00:00:00+09:00,73347.20450561009,73447.95616015077,71835.9296875,71835.9296875,6932,0.0,0.0
2022-10-17 00:00:00+09:00,71432.92142638305,72238.93464417016,71332.16977415967,71936.6796875,5132,0.0,0.0
2022-10-18 00:00:00+09:00,72339.69365003477,72742.70029989569,72138.19032510431,72440.4453125,5536,0.0,0.0
2022-10-19 00:00:00+09:00,72541.18882978724,72541.18882978724,70828.41076019504,71029.9140625,6108,0.0,0.0
2022-10-20 00:00:00+09:00,70727.67020803699,71332.18020981508,70626.91854107396,70828.421875,4524,0.0,0.0
2022-10-21 00:00:00+09:00,70828.41165692447,71231.4182666367,69619.39182778777,70022.3984375,6868,0.0,0.0
2022-10-24 00:00:00+09:00,70123.16179142443,70324.66512990552,69115.6450990189,69317.1484375,3764,0.0,0.0
2022-10-25 00:00:00+09:00,69317.15346715329,69317.15346715329,68712.64340784671,69014.8984375,6324,0.0,0.0
2022-10-26 00:00:00+09:00,69317.14313380282,71634.43134903169,69317.14313380282,71533.6796875,9404,0.0,0.0
2022-10-27 00:00:00+09:00,71231.42047913781,72843.44696805748,70828.4138569079,72742.6953125,6324,0.0,0.0
2022-10-28 00:00:00+09:00,72440.43825120192,73649.45808293269,72037.431640625,73347.203125,7480,0.0,0.0
2022-10-31 00:00:00+09:00,73649.46376873297,74354.72539168937,73447.96044788828,73951.71875,9024,0.0,0.0
2022-11-01 00:00:00+09:00,74052.4705986798,75664.49716953543,73347.20897393048,75362.2421875,10100,0.0,0.0
2022-11-02 00:00:00+09:00,75160.73626893939,75160.73626893939,73044.95146780302,73145.703125,6688,0.0,0.0
2022-11-04 00:00:00+09:00,72238.93255208334,73044.94574652778,72238.93255208334,72541.1875,4588,0.0,0.0
2022-11-07 00:00:00+09:00,72440.43961474404,72440.43961474404,71432.92306933731,71835.9296875,5236,0.0,0.0
2022-11-08 00:00:00+09:00,72138.19032510431,72541.19697496523,71936.68700017386,72440.4453125,3400,0.0,0.0
2022-11-09 00:00:00+09:00,72641.94863743045,73347.21027468707,72339.69365003477,72440.4453125,3444,0.0,0.0
2022-11-10 00:00:00+09:00,72440.43585069444,73044.94574652778,72138.18090277778,72541.1875,3580,0.0,0.0
2022-11-11 00:00:00+09:00,73347.19777513586,74455.46587338655,73347.19777513586,74153.2109375,4884,0.0,0.0
2022-11-14 00:00:00+09:00,74052.46803977274,74455.47466856061,73145.703125,73145.703125,3300,0.0,0.0
2022-11-15 00:00:00+09:00,73145.7002723029,73649.45853864108,72843.4453125,72843.4453125,4848,0.0,0.0
2022-11-16 00:00:00+09:00,72541.1903526971,73347.20357883818,72541.1903526971,72843.4453125,3388,0.0,0.0
2022-11-17 00:00:00+09:00,73145.70147008254,73850.96305450481,73044.94981516506,73246.453125,3088,0.0,0.0
2022-11-18 00:00:00+09:00,73548.70598141201,73951.71258952934,73347.20267735334,73850.9609375,3044,0.0,0.0
2022-11-21 00:00:00+09:00,73750.2104816825,74656.975364654,73750.2104816825,74253.96875,4248,0.0,0.0
2022-11-22 00:00:00+09:00,74354.7196514423,74354.7196514423,73044.9481670673,73347.203125,3196,0.0,0.0
2022-11-24 00:00:00+09:00,73548.71259859396,73750.21592078189,72944.20263203018,73447.9609375,5112,0.0,0.0
2022-11-25 00:00:00+09:00,73447.95643483494,73548.70808975241,73044.94981516506,73246.453125,4844,0.0,0.0
2022-11-28 00:00:00+09:00,73447.9576244015,73649.4609375,73044.95099820451,73649.4609375,6008,0.0,0.0
2022-11-29 00:00:00+09:00,73649.46376873297,73951.71875,73246.4571270436,73951.71875,4704,0.0,0.0
2022-11-30 00:00:00+09:00,73850.9625917862,74253.96920893101,73145.70101178279,73750.2109375,17160,0.0,0.0
2022-12-01 00:00:00+09:00,73951.71470942229,74153.21801925723,73145.70147008254,73246.453125,5680,0.0,0.0
2022-12-02 00:00:00+09:00,73447.95523210581,73447.95523210581,72742.69365923236,72843.4453125,4044,0.0,0.0
2022-12-05 00:00:00+09:00,72944.19981060606,73347.20643939394,72843.44815340909,73145.703125,2568,0.0,0.0
2022-12-06 00:00:00+09:00,73145.70265475375,73649.4609375,73145.70265475375,73649.4609375,2564,0.0,0.0
2022-12-07 00:00:00+09:00,73246.45761531207,73649.46425968793,73246.45761531207,73447.9609375,4816,0.0,0.0
2022-12-08 00:00:00+09:00,73347.20810344827,73347.20810344827,72641.94648706897,73044.953125,6168,0.0,0.0
2022-12-09 00:00:00+09:00,73347.20810344827,73447.95976293103,72944.20146551724,73044.953125,4236,0.0,0.0
2022-12-12 00:00:00+09:00,73044.95429312414,73548.71259859396,72843.4509709362,73447.9609375,4252,0.0,0.0
2022-12-13 00:00:00+09:00,73447.95643483494,73750.21139958735,73246.453125,73246.453125,2972,0.0,0.0
2022-12-14 00:00:00+09:00,73246.45664538228,74455.4765625,73246.45664538228,74455.4765625,6352,0.0,0.0
2022-12-15 00:00:00+09:00,74354.72040366351,74656.975364654,73951.7137890095,74253.96875,4256,0.0,0.0
2022-12-16 00:00:00+09:00,74153.21664420485,74858.47821554918,73850.96168505728,74757.7265625,7824,0.0,0.0
2022-12-19 00:00:00+09:00,74354.72301136363,74354.72301136363,73145.703125,73145.703125,5900,0.0,0.0
2022-12-20 00:00:00+09:00,73246.46123018733,73447.96456231989,69518.64958573488,69921.65625,10768,0.0,0.0
2022-12-21 00:00:00+09:00,70324.65742966524,71936.68396100428,70324.65742966524,70727.6640625,6404,0.0,0.0
2022-12-22 00:00:00+09:00,71029.92137984154,71735.18301056339,70828.41805677817,71533.6796875,3916,0.0,0.0
2022-12-23 00:00:00+09:00,71533.68238108011,71735.18571173104,70324.66239717453,70425.4140625,4968,0.0,0.0
2022-12-26 00:00:00+09:00,70425.40579501065,71029.91571599786,70123.15083451704,70929.1640625,3968,0.0,0.0
2022-12-27 00:00:00+09:00,70929.16855524079,71432.9268546388,70626.91357560198,71130.671875,3204,0.0,0.0
2022-12-28 00:00:00+09:00,70929.16033755275,71936.67681962026,70929.16033755275,71634.421875,6120,0.0,0.0
2022-12-29 00:00:00+09:00,72023.8520472583,72127.03808170996,71301.54980609668,71507.921875,4640,2096.75,0.0
2022-12-30 00:00:00+09:00,71611.10303507194,72230.21919964028,71507.91700764387,71714.2890625,4276,0.0,0.0
2023-01-04 00:00:00+09:00,71714.3023255814,71817.48837209302,70992.0,70992.0,3652,0.0,0.0
2023-01-05 00:00:00+09:00,70991.98629385965,71301.5443736294,69960.12602796053,70579.2421875,8968,0.0,0.0
2023-01-06 00:00:00+09:00,70372.88094682836,70372.88094682836,69134.6484375,69134.6484375,5956,0.0,0.0
2023-01-10 00:00:00+09:00,69134.63679941003,70166.49705014749,69031.45077433629,69960.125,4344,0.0,0.0
2023-01-11 00:00:00+09:00,70269.69239000368,70476.06446750737,69856.94823499632,70063.3203125,3012,0.0,0.0
2023-01-12 00:00:00+09:00,69856.95073460821,69960.13677705223,68928.27635261194,69134.6484375,3304,0.0,0.0
2023-01-13 00:00:00+09:00,69237.83155174027,69650.57570406063,68928.2734375,68928.2734375,4500,0.0,0.0
2023-01-16 00:00:00+09:00,68721.90825623112,69134.65244996223,68205.97801406722,68309.1640625,3744,0.0,0.0
2023-01-17 00:00:00+09:00,68309.1596879742,68618.7178134484,67999.6015625,67999.6015625,4104,0.0,0.0
2023-01-18 00:00:00+09:00,68205.97405550373,70166.5088619403,67690.04384328358,69134.6484375,5284,0.0,0.0
2023-01-19 00:00:00+09:00,68515.53177162368,68618.7178134484,67690.04343702579,67999.6015625,3760,0.0,0.0
2023-01-20 00:00:00+09:00,67380.48386445669,68102.78614171733,67277.29782484802,67896.4140625,4184,0.0,0.0
2023-01-23 00:00:00+09:00,67999.58406391402,68618.70015554299,67999.58406391402,68412.328125,3244,0.0,0.0
2023-01-24 00:00:00+09:00,68618.70564778645,69341.0078125,68515.51962425595,69341.0078125,3132,0.0,0.0
2023-01-25 00:00:00+09:00,69341.01463963963,69650.57274070945,68618.71240381006,68721.8984375,2492,0.0,0.0
2023-01-26 00:00:00+09:00,68721.88617081448,68721.88617081448,67999.58406391402,68412.328125,2240,0.0,0.0
2023-01-27 00:00:00+09:00,68618.70564778645,69444.1938360305,68515.51962425595,69341.0078125,3300,0.0,0.0
2023-01-30 00:00:00+09:00,69341.01854599407,69650.57666450297,69031.46042748516,69547.390625,2712,0.0,0.0
2023-01-31 00:00:00+09:00,69753.76725605143,69753.76725605143,68205.9765625,68205.9765625,3468,0.0,0.0
2023-02-01 00:00:00+09:00,68618.70015554299,68721.88617081448,68309.1421097285,68412.328125,1896,0.0,0.0
2023-02-02 00:00:00+09:00,68618.72074744705,68721.90679368381,67896.41842378971,68205.9765625,2408,0.0,0.0
2023-02-03 00:00:00+09:00,67999.59863727169,68102.78467465754,67380.48241295663,67793.2265625,2440,0.0,0.0
2023-02-06 00:00:00+09:00,68205.97801406722,68412.35011093278,67690.04777190332,68309.1640625,2980,0.0,0.0
2023-02-07 00:00:00+09:00,68102.78172709924,68205.96776001909,67483.66552958016,67586.8515625,2528,0.0,0.0
2023-02-08 00:00:00+09:00,67586.85108901515,68205.96728219697,67277.29299242425,68102.78125,2480,0.0,0.0
2023-02-09 00:00:00+09:00,68102.77236238532,68102.77236238532,67070.91217507646,67483.65625,4192,0.0,0.0
2023-02-10 00:00:00+09:00,67174.10888671875,67690.0390625,67070.9228515625,67690.0390625,3776,0.0,0.0
2023-02-13 00:00:00+09:00,67483.6704153905,67586.856455781,67174.11229421898,67380.484375,1800,0.0,0.0
2023-02-14 00:00:00+09:00,67380.47949666031,67586.8515625,67174.10743082062,67586.8515625,1744,0.0,0.0
2023-02-15 00:00:00+09:00,67380.48782451922,67586.85991586538,66967.74364182692,67070.9296875,3572,0.0,0.0
2023-02-16 00:00:00+09:00,67483.65625,67690.02828746178,67380.47023126912,67483.65625,2120,0.0,0.0
2023-02-17 00:00:00+09:00,66967.73876054448,67690.04102760737,66554.99460793711,67277.296875,4932,0.0,0.0
2023-02-20 00:00:00+09:00,67277.29346374047,67586.8515625,66864.54933206107,67586.8515625,3512,0.0,0.0
2023-02-21 00:00:00+09:00,67277.29246918336,67380.47850057781,66967.734375,66967.734375,4560,0.0,0.0
2023-02-22 00:00:00+09:00,66967.734375,67174.10643778891,66658.17628081664,66967.734375,6272,0.0,0.0
2023-02-24 00:00:00+09:00,66967.73970602204,67896.4140625,66864.55366641337,67896.4140625,5824,0.0,0.0
2023-02-27 00:00:00+09:00,67896.41842378971,68515.53470121029,67793.23237755295,68205.9765625,4424,0.0,0.0
2023-02-28 00:00:00+09:00,68412.34033643018,68928.27050487988,68205.9682690503,68721.8984375,9288,0.0,0.0
2023-03-01 00:00:00+09:00,68825.08294010015,68825.08294010015,66761.3623122111,66967.734375,7332,0.0,0.0
2023-03-02 00:00:00+09:00,66864.546875,67070.91893325617,66245.43070023147,66864.546875,4812,0.0,0.0
2023-03-03 00:00:00+09:00,67174.11920401856,67174.11920401856,66451.8168469861,66761.375,5520,0.0,0.0
2023-03-06 00:00:00+09:00,67174.11083684817,67483.66895130368,67070.92479869632,67277.296875,3884,0.0,0.0
2023-03-07 00:00:00+09:00,67277.30177884614,67380.48782451922,66658.18550480768,67070.9296875,2884,0.0,0.0
2023-03-08 00:00:00+09:00,67070.9296875,67277.30177884614,66142.2552764423,67070.9296875,5144,0.0,0.0
2023-03-09 00:00:00+09:00,67070.92139790076,67586.8515625,66967.73536498092,67586.8515625,2252,0.0,0.0
2023-03-10 00:00:00+09:00,67174.10643778891,67483.66453197227,66967.734375,66967.734375,3952,0.0,0.0
2023-03-13 00:00:00+09:00,66967.73829953198,67070.92433697348,65626.31981279251,66142.25,4692,0.0,0.0
2023-03-14 00:00:00+09:00,65935.87160484813,66761.35982525311,65213.56941199377,66245.4296875,4648,0.0,0.0
2023-03-15 00:00:00+09:00,66245.43753696767,66864.55377563092,65316.7631789728,65419.94921875,7120,0.0,0.0
2023-03-16 00:00:00+09:00,65007.199687500004,65110.38571875,63975.339375,64491.26953125,7904,0.0,0.0
2023-03-17 00:00:00+09:00,64388.07652439024,64697.63458460366,63253.030303607724,63459.40234375,9268,0.0,0.0
2023-03-20 00:00:00+09:00,63253.041025246304,63975.34328817733,62737.11083743842,62840.296875,9604,0.0,0.0
2023-03-22 00:00:00+09:00,63356.221742287664,64388.08203125,63253.03571339143,64388.08203125,7624,0.0,0.0
2023-03-23 00:00:00+09:00,63562.59278923948,64078.522925515776,63459.406761984224,63768.96484375,3064,0.0,0.0
2023-03-24 00:00:00+09:00,63872.151836444806,64181.70992288961,63562.59375,63562.59375,5056,0.0,0.0
2023-03-27 00:00:00+09:00,63665.78713167822,63975.34525387439,63046.67088728589,63253.04296875,3304,0.0,0.0
2023-03-28 00:00:00+09:00,63356.21832088045,64078.52048414782,63149.84627423263,63872.1484375,4056,0.0,0.0
2023-03-29 00:00:00+09:00,64594.4657461432,65316.768078767804,64388.0936511076,65213.58203125,7108,0.0,0.0
2023-03-30 00:00:00+09:00,65419.944835680755,66245.43309859154,64904.0146713615,65935.875,5136,0.0,0.0
2023-03-31 00:00:00+09:00,65935.86866455078,66142.24071044922,65419.93854980468,66039.0546875,5608,0.0,0.0
2023-04-03 00:00:00+09:00,66039.05198776758,68102.77236238532,65935.8659690367,67483.65625,7100,0.0,0.0
2023-04-04 00:00:00+09:00,67999.5956941794,67999.5956941794,66967.73536498092,67586.8515625,5888,0.0,0.0
2023-04-05 00:00:00+09:00,67277.30085403727,67586.85898680124,66245.44041149068,66451.8125,4416,0.0,0.0
2023-04-06 00:00:00+09:00,66451.80811232449,66451.80811232449,65832.69188767551,66142.25,2696,0.0,0.0
2023-04-07 00:00:00+09:00,66039.05660377358,66039.05660377358,65213.568396226416,65626.3125,2820,0.0,0.0
2023-04-10 00:00:00+09:00,65626.32129830442,65729.50733808163,65110.39109941838,65419.94921875,1868,0.0,0.0
2023-04-11 00:00:00+09:00,65419.95847687008,66039.0748031496,65213.586368110235,65523.14453125,2928,0.0,0.0
2023-04-12 00:00:00+09:00,65832.69831635681,65832.69831635681,65213.58203125,65213.58203125,3160,0.0,0.0
2023-04-13 00:00:00+09:00,65213.56788112164,65626.31198163508,65110.38185599329,65316.75390625,1724,0.0,0.0
2023-04-14 00:00:00+09:00,64904.01177394035,65729.5,64904.01177394035,65729.5,3048,0.0,0.0
2023-04-17 00:00:00+09:00,65935.88874876969,65935.88874876969,65419.95847687008,65523.14453125,3072,0.0,0.0
2023-04-18 00:00:00+09:00,65935.87205651491,65935.87205651491,65523.12794348509,65729.5,2172,0.0,0.0
2023-04-19 00:00:00+09:00,65729.49852594339,65729.49852594339,65213.568396226416,65626.3125,2104,0.0,0.0
2023-04-20 00:00:00+09:00,65626.31397174255,65832.68602825746,65419.94191522763,65729.5,1936,0.0,0.0
2023-04-21 00:00:00+09:00,65729.51664000984,65729.51664000984,65213.586368110235,65523.14453125,2708,0.0,0.0
2023-04-24 00:00:00+09:00,65316.77242249016,65729.51664000984,65316.77242249016,65523.14453125,2716,0.0,0.0
2023-04-25 00:00:00+09:00,65523.12940830721,65832.6875,65419.94337774295,65832.6875,2420,0.0,0.0
2023-04-26 00:00:00+09:00,65832.68455188679,66142.24262971697,65523.126474056604,65626.3125,4524,0.0,0.0
2023-04-27 00:00:00+09:00,66039.06545741325,66039.06545741325,65316.7631789728,65419.94921875,3076,0.0,0.0
2023-04-28 00:00:00+09:00,65626.31543887148,65832.6875,65110.38528605016,65832.6875,5080,0.0,0.0
2023-05-01 00:00:00+09:00,66039.0639625585,66142.25,65729.50585023401,66142.25,3228,0.0,0.0
2023-05-02 00:00:00+09:00,65935.86866455078,66554.9848022461,65523.124572753906,66039.0546875,5452,0.0,0.0
2023-05-08 00:00:00+09:00,66451.80761416409,67277.29590750774,66142.24950416022,66658.1796875,4976,0.0,0.0
2023-05-09 00:00:00+09:00,66864.55176083591,67277.29590750774,66451.80761416409,66658.1796875,5620,0.0,0.0
2023-05-10 00:00:00+09:00,66864.55176083591,67070.92383417183,66554.99365083204,66658.1796875,3352,0.0,0.0
2023-05-11 00:00:00+09:00,66761.375,67277.3052550232,66451.8168469861,66761.375,3436,0.0,0.0
2023-05-12 00:00:00+09:00,66658.18458850932,66761.37063276397,66142.25436723602,66451.8125,5036,0.0,0.0
2023-05-15 00:00:00+09:00,66864.55796142208,68205.9765625,66761.37191518531,68205.9765625,5712,0.0,0.0
2023-05-16 00:00:00+09:00,68102.78125,68412.33934659092,67690.03712121212,68102.78125,4236,0.0,0.0
2023-05-17 00:00:00+09:00,68102.77932040663,68721.8954960467,68102.77932040663,68515.5234375,3680,0.0,0.0
2023-05-18 00:00:00+09:00,68825.08841897796,68825.08841897796,67896.4140625,67896.4140625,4644,0.0,0.0
2023-05-19 00:00:00+09:00,68102.77007918552,68825.07218608596,67690.02601809954,68412.328125,5592,0.0,0.0
2023-05-22 00:00:00+09:00,68721.89503923766,69237.82518217489,68515.52298206277,69031.453125,6156,0.0,0.0
2023-05-23 00:00:00+09:00,68928.26755459337,68928.26755459337,68309.15137895332,68515.5234375,5804,0.0,0.0
2023-05-24 00:00:00+09:00,68515.52734375,68721.8994140625,67690.0390625,67690.0390625,3872,0.0,0.0
2023-05-25 00:00:00+09:00,67586.8515625,68205.96776001909,67483.66552958016,67586.8515625,4952,0.0,0.0
2023-05-26 00:00:00+09:00,68309.15137895332,68825.08152532003,67999.59329113328,68515.5234375,5940,0.0,0.0
2023-05-29 00:00:00+09:00,69341.01121076233,69341.01121076233,68825.08106782511,69031.453125,3572,0.0,0.0
2023-05-30 00:00:00+09:00,69444.20117475998,69960.13134693501,69134.64307145495,69856.9453125,4800,0.0,0.0
2023-05-31 00:00:00+09:00,69753.76179064417,69960.13386694786,67277.296875,67277.296875,15384,0.0,0.0
2023-06-01 00:00:00+09:00,68618.72074744705,69031.4649323941,68205.9765625,68205.9765625,7252,0.0,0.0
2023-06-02 00:00:00+09:00,68205.96534967997,68721.8954960467,68205.96534967997,68515.5234375,2860,0.0,0.0
2023-06-05 00:00:00+09:00,68825.08152532003,69031.45358386672,68205.96534967997,68515.5234375,3676,0.0,0.0
2023-06-06 00:00:00+09:00,68515.52782983507,68928.2719733883,68102.78368628185,68825.0859375,3720,0.0,0.0
2023-06-07 00:00:00+09:00,68618.72220779833,68825.0943046639,68309.1640625,68309.1640625,6392,0.0,0.0
2023-06-08 00:00:00+09:00,68309.15822093465,68412.34426054331,67690.04198328267,67896.4140625,7036,0.0,0.0
2023-06-09 00:00:00+09:00,68825.0873994199,68928.2734375,68412.34324709955,68928.2734375,5636,0.0,0.0
2023-06-12 00:00:00+09:00,69031.453125,69341.01121076233,68721.89503923766,69031.453125,3200,0.0,0.0
2023-06-13 00:00:00+09:00,69237.83155174027,69341.01758982036,68825.0873994199,68928.2734375,4484,0.0,0.0
2023-06-14 00:00:00+09:00,69031.4594755801,69444.20362790045,68928.2734375,68928.2734375,4864,0.0,0.0
2023-06-15 00:00:00+09:00,69237.83105033432,69856.94727433135,69134.64501300149,69444.203125,5092,0.0,0.0
2023-06-16 00:00:00+09:00,69341.01708766716,69444.203125,68928.27293833581,69444.203125,5684,0.0,0.0
2023-06-19 00:00:00+09:00,69444.19723934977,69444.19723934977,68825.08106782511,69031.453125,3020,0.0,0.0
2023-06-20 00:00:00+09:00,68721.89167131696,69341.0078125,68721.89167131696,69341.0078125,3320,0.0,0.0
2023-06-21 00:00:00+09:00,69134.64989288375,69341.02198211625,68928.27780365126,69237.8359375,3024,0.0,0.0
2023-06-22 00:00:00+09:00,69341.02198211625,69341.02198211625,68928.27780365126,69237.8359375,4736,0.0,0.0
2023-06-23 00:00:00+09:00,69341.01121076233,69444.19723934977,68825.08106782511,69031.453125,5648,0.0,0.0
2023-06-26 00:00:00+09:00,69753.75927806499,70063.31738137001,69031.45703701994,69856.9453125,6156,0.0,0.0
2023-06-27 00:00:00+09:00,69341.01948529412,70166.5078125,69134.64740349265,70166.5078125,8472,0.0,0.0
2023-06-28 00:00:00+09:00,70372.87693623919,71611.109375,70269.69089967578,71611.109375,16868,0.0,0.0
2023-06-29 00:00:00+09:00,71268.7142392113,71480.19410342262,70634.27464657738,71057.234375,9532,2095.25,0.0
2023-06-30 00:00:00+09:00,71057.23572474378,72326.1149341142,70951.49579062957,72220.375,5584,0.0,0.0
2023-07-03 00:00:00+09:00,72537.59706231726,72749.07693713451,71585.93762563962,72326.1171875,4788,0.0,0.0
2023-07-04 00:00:00+09:00,72220.38730581648,73489.26673139451,72114.64735368497,73172.046875,7088,0.0,0.0
2023-07-05 00:00:00+09:00,73383.51904506439,73912.21875,73066.29922210301,73912.21875,5920,0.0,0.0
2023-07-06 00:00:00+09:00,74229.44184782609,74229.44184782609,72960.5625,72960.5625,10336,0.0,0.0
2023-07-07 00:00:00+09:00,72960.55693740955,73489.2566253618,72643.3371246382,73066.296875,3536,0.0,0.0
2023-07-10 00:00:00+09:00,73066.296875,73489.2566253618,72749.07706222865,73066.296875,5232,0.0,0.0
2023-07-11 00:00:00+09:00,73172.04130591631,73700.74102633477,73172.04130591631,73277.78125,4292,0.0,0.0
2023-07-12 00:00:00+09:00,73383.52564044332,73595.00554142441,72643.34598700944,72749.0859375,3608,0.0,0.0
2023-07-13 00:00:00+09:00,72749.08704379562,72749.08704379562,72008.90737910583,72431.8671875,4148,0.0,0.0
2023-07-14 00:00:00+09:00,73066.30353893741,73172.04348617177,72008.9040665939,72643.34375,3556,0.0,0.0
2023-07-18 00:00:00+09:00,72431.8615381075,72431.8615381075,71585.9419872975,71797.421875,3072,0.0,0.0
2023-07-19 00:00:00+09:00,71903.1674270073,72431.8671875,71797.42747490876,72431.8671875,2336,0.0,0.0
2023-07-20 00:00:00+09:00,72220.38173059402,73066.3012823433,72220.38173059402,72537.6015625,3496,0.0,0.0
2023-07-21 00:00:00+09:00,72431.8548682284,72749.074670571,72008.8951317716,72220.375,3552,0.0,0.0
2023-07-24 00:00:00+09:00,72537.60048530479,72960.5602548984,72431.86054290639,72854.8203125,3296,0.0,0.0
2023-07-25 00:00:00+09:00,72749.08815982405,72854.82811354472,72114.6484375,72114.6484375,2276,0.0,0.0
2023-07-26 00:00:00+09:00,72431.86277173914,73066.30244565218,72220.38288043479,72960.5625,3404,0.0,0.0
2023-07-27 00:00:00+09:00,72537.59706231726,72749.07693713451,72220.37725009138,72326.1171875,5108,0.0,0.0
2023-07-28 00:00:00+09:00,71797.41855956314,72114.63837646843,71162.97892575257,72008.8984375,7892,0.0,0.0
2023-07-31 00:00:00+09:00,72008.89724889217,72220.37712333826,71480.19756277696,71585.9375,6932,0.0,0.0
2023-08-01 00:00:00+09:00,71585.9520221954,71585.9520221954,70845.77231147846,71162.9921875,4460,0.0,0.0
2023-08-02 00:00:00+09:00,70951.50557369403,71374.46536847015,70528.5457789179,70845.765625,4432,0.0,0.0
2023-08-03 00:00:00+09:00,70740.01668074324,70845.75661599099,70211.3170045045,70422.796875,3708,0.0,0.0
2023-08-04 00:00:00+09:00,70422.79478236607,71162.97430710566,70317.0548502604,71057.234375,4448,0.0,0.0
2023-08-07 00:00:00+09:00,71057.24226804123,72220.381650405,71057.24226804123,71797.421875,3436,0.0,0.0
2023-08-08 00:00:00+09:00,72220.38390395221,72220.38390395221,71691.68416819854,71903.1640625,2580,0.0,0.0
2023-08-09 00:00:00+09:00,71903.16181885125,72114.64170655375,71480.20204344625,71797.421875,3308,0.0,0.0
2023-08-10 00:00:00+09:00,71903.1574378655,72749.07693713451,71903.1574378655,72326.1171875,3840,0.0,0.0
2023-08-14 00:00:00+09:00,72008.90848377933,72431.86829866203,71691.68862261731,72114.6484375,2904,0.0,0.0
2023-08-15 00:00:00+09:00,72326.1149341142,72537.5948023426,72008.8951317716,72220.375,3432,0.0,0.0
2023-08-16 00:00:00+09:00,72114.63944966813,72114.63944966813,71480.19980641593,71691.6796875,3756,0.0,0.0
2023-08-17 00:00:00+09:00,71691.6750280269,71797.41496169656,70634.27569133035,70740.015625,3708,0.0,0.0
2023-08-18 00:00:00+09:00,70845.76459099265,72220.38390395221,70528.54474954045,71903.1640625,7784,0.0,0.0
2023-08-21 00:00:00+09:00,71480.19862759643,71691.67850519287,70951.49893360534,71268.71875,5756,0.0,0.0
2023-08-22 00:00:00+09:00,71374.45552708638,72537.5948023426,71268.71559297218,72220.375,4908,0.0,0.0
2023-08-23 00:00:00+09:00,72431.8638555313,72749.08369723435,72008.9040665939,72643.34375,2984,0.0,0.0
2023-08-24 00:00:00+09:00,72431.86169733045,73383.52119408369,72431.86169733045,73277.78125,2860,0.0,0.0
2023-08-25 00:00:00+09:00,73066.30251300216,74017.96202474892,72854.82262150287,73700.7421875,4788,0.0,0.0
2023-08-28 00:00:00+09:00,73489.26005747126,73700.73994252873,73277.7801724138,73595.0,2332,0.0,0.0
2023-08-29 00:00:00+09:00,73594.99892703863,74229.43857296137,73383.51904506439,73912.21875,4480,0.0,0.0
2023-08-30 00:00:00+09:00,74017.96317760342,74546.6629145863,73912.22323020684,74123.703125,4820,0.0,0.0
2023-08-31 00:00:00+09:00,73912.2198275862,74123.69971264368,73489.26005747126,73595.0,7112,0.0,0.0
2023-09-01 00:00:00+09:00,73912.2155720339,74969.61493644069,73806.47563559322,74863.875,5320,0.0,0.0
2023-09-04 00:00:00+09:00,74969.61388009846,75815.53335970464,74863.87394514769,75181.09375,7296,0.0,0.0
2023-09-05 00:00:00+09:00,75286.84049930652,76449.979889043,75181.10055478502,76238.5,5076,0.0,0.0
2023-09-06 00:00:00+09:00,76555.72993881119,76555.72993881119,75498.33035402099,75604.0703125,4316,0.0,0.0
2023-09-07 00:00:00+09:00,75498.31806626928,75709.79794880786,75075.35830119214,75392.578125,2760,0.0,0.0
2023-09-08 00:00:00+09:00,74758.1383786296,75286.83808427762,74546.6584963704,74652.3984375,6396,0.0,0.0
2023-09-11 00:00:00+09:00,74863.87831975921,74969.6182608888,74017.95879072238,74652.3984375,4384,0.0,0.0
2023-09-12 00:00:00+09:00,74652.40736130868,74652.40736130868,74229.44754623044,74335.1875,2084,0.0,0.0
2023-09-13 00:00:00+09:00,74546.66401772923,75392.58360941977,73595.00447707737,73806.484375,4336,0.0,0.0
2023-09-14 00:00:00+09:00,73594.99680851064,75075.3559397163,73594.99680851064,74546.65625,3992,0.0,0.0
2023-09-15 00:00:00+09:00,74758.1450987306,75181.1049012694,74229.44534555712,74969.625,6724,0.0,0.0
2023-09-19 00:00:00+09:00,74863.88839285714,75075.36830357142,74335.18861607142,74758.1484375,2236,0.0,0.0
2023-09-20 00:00:00+09:00,74546.65519067796,74969.61493644069,74229.43538135594,74863.875,2784,0.0,0.0
2023-09-21 00:00:00+09:00,74652.4051480959,75181.1049012694,74546.66519746122,74969.625,3044,0.0,0.0
2023-09-22 00:00:00+09:00,74546.66852678571,74863.88839285714,74017.96875,74758.1484375,4512,0.0,0.0
2023-09-25 00:00:00+09:00,75075.35487288136,75815.53442796611,74863.875,74863.875,5304,0.0,0.0
2023-09-26 00:00:00+09:00,75075.36830357142,76027.02790178571,74863.88839285714,75498.328125,4912,0.0,0.0
2023-09-27 00:00:00+09:00,75604.05704313624,76661.45644234093,75498.31710321577,76449.9765625,3968,0.0,0.0
2023-09-28 00:00:00+09:00,76449.97645338687,76449.97645338687,75392.57705569135,75709.796875,6072,0.0,0.0
2023-09-29 00:00:00+09:00,75921.28794642857,76027.02790178571,74969.62834821429,75498.328125,4248,0.0,0.0
2023-10-02 00:00:00+09:00,75709.80803571429,76344.24776785714,75498.328125,75498.328125,5940,0.0,0.0
2023-10-03 00:00:00+09:00,75604.0669452347,75604.0669452347,74229.44754623044,74335.1875,4336,0.0,0.0
2023-10-04 00:00:00+09:00,74017.95524135446,74123.69517741354,72960.55588076368,73383.515625,6800,0.0,0.0
2023-10-05 00:00:00+09:00,74017.96875,74969.62834821429,73912.22879464286,74758.1484375,3184,0.0,0.0
2023-10-06 00:00:00+09:00,74652.39618794326,74969.61600177304,74546.65625,74546.65625,2208,0.0,0.0
2023-10-10 00:00:00+09:00,74652.3996905509,75815.5390625,74652.3996905509,75815.5390625,4008,0.0,0.0
2023-10-11 00:00:00+09:00,75815.55136279845,75921.29132285815,75286.8515625,75286.8515625,2772,0.0,0.0
2023-10-12 00:00:00+09:00,75286.84932103065,76132.76897632312,75181.10936411908,75921.2890625,2852,0.0,0.0
2023-10-13 00:00:00+09:00,75815.53335970464,76027.0132296062,74969.61388009846,75181.09375,4936,0.0,0.0
2023-10-16 00:00:00+09:00,75181.10713015648,75498.32699146516,74123.70759246088,74335.1875,3288,0.0,0.0
2023-10-17 00:00:00+09:00,74546.66852678571,75498.328125,74546.66852678571,75498.328125,4184,0.0,0.0
2023-10-18 00:00:00+09:00,75392.59152255968,75709.81140273876,74969.63168232092,75286.8515625,3568,0.0,0.0
2023-10-19 00:00:00+09:00,75075.3638951669,76132.76338664812,74863.88399687065,76027.0234375,3712,0.0,0.0
2023-10-20 00:00:00+09:00,76027.0175697425,76027.0175697425,73912.21875,73912.21875,4840,0.0,0.0
2023-10-23 00:00:00+09:00,74017.96537769784,74229.44527877698,73489.265625,73489.265625,4876,0.0,0.0
2023-10-24 00:00:00+09:00,73595.00668352601,74229.44639631503,73066.30692286849,73172.046875,5332,0.0,0.0
2023-10-25 00:00:00+09:00,73066.30251300216,73912.22207899929,72749.08267575323,73700.7421875,6244,0.0,0.0
2023-10-26 00:00:00+09:00,73595.00668352601,74017.96649205203,72643.34711434248,73172.046875,3612,0.0,0.0
2023-10-27 00:00:00+09:00,73172.04359843081,74229.44307239658,73066.30365103424,74123.703125,6184,0.0,0.0
2023-10-30 00:00:00+09:00,74017.96649205203,74017.96649205203,72643.34711434248,73172.046875,3572,0.0,0.0
2023-10-31 00:00:00+09:00,73595.00447707737,74229.44417084528,72854.82483434814,73806.484375,4588,0.0,0.0
2023-11-01 00:00:00+09:00,74017.95762108262,75286.83689458689,73912.21768162392,74229.4375,5656,0.0,0.0
2023-11-02 00:00:00+09:00,74229.43511347262,74335.1750495317,73277.77568894092,73383.515625,4716,0.0,0.0
2023-11-06 00:00:00+09:00,73806.4854766187,74229.44527877698,73489.265625,73489.265625,4736,0.0,0.0
2023-11-07 00:00:00+09:00,73383.526779263,73595.00668352601,72431.86721007948,73172.046875,6628,0.0,0.0
2023-11-08 00:00:00+09:00,73383.5233226103,73595.00321691176,71691.68416819854,71903.1640625,5264,0.0,0.0
2023-11-09 00:00:00+09:00,71903.16181885125,72114.64170655375,71162.98221189248,71797.421875,4540,0.0,0.0
2023-11-10 00:00:00+09:00,71797.42747490876,72431.8671875,71585.94757071168,72431.8671875,4812,0.0,0.0
2023-11-13 00:00:00+09:00,72431.85712490862,72749.07693713451,72008.89737527413,72326.1171875,2652,0.0,0.0
2023-11-14 00:00:00+09:00,72008.89749909552,73172.03681259045,71797.41762391462,73066.296875,3604,0.0,0.0
2023-11-15 00:00:00+09:00,73277.7890625,74546.66852678571,73172.04910714286,74017.96875,4260,0.0,0.0
2023-11-16 00:00:00+09:00,74017.95879072238,74652.3984375,73912.21884959278,74652.3984375,3432,0.0,0.0
2023-11-17 00:00:00+09:00,74652.39725783476,74652.39725783476,73806.47774216524,74229.4375,2356,0.0,0.0
2023-11-20 00:00:00+09:00,74440.92857142857,74440.92857142857,73806.48883928571,74017.96875,2652,0.0,0.0
2023-11-21 00:00:00+09:00,73806.47988505747,74017.95977011495,73383.52011494253,73595.0,2940,0.0,0.0
2023-11-22 00:00:00+09:00,73489.26005747126,73595.0,72960.56034482758,73595.0,2352,0.0,0.0
2023-11-24 00:00:00+09:00,74017.96427292263,74123.70422188395,73489.26452811605,73806.484375,2204,0.0,0.0
2023-11-27 00:00:00+09:00,74017.96317760342,74335.18301979316,73912.22323020684,74123.703125,2004,0.0,0.0
2023-11-28 00:00:00+09:00,74017.95762108262,74546.65731837606,74017.95762108262,74229.4375,2740,0.0,0.0
2023-11-29 00:00:00+09:00,74229.44977361507,74758.14955832742,74123.70981667259,74440.9296875,2364,0.0,0.0
2023-11-30 00:00:00+09:00,74017.96875,74123.70870535714,73277.7890625,74017.96875,6464,0.0,0.0
2023-12-01 00:00:00+09:00,73912.22083409257,74017.96077806123,72537.6015625,72537.6015625,4724,0.0,0.0
2023-12-04 00:00:00+09:00,73172.04130591631,73277.78125,72749.08152958153,73277.78125,2532,0.0,0.0
2023-12-05 00:00:00+09:00,73277.7767501809,73277.7767501809,72749.07706222865,73066.296875,2904,0.0,0.0
2023-12-06 00:00:00+09:00,72854.8203125,73172.04013969521,72537.60048530479,72854.8203125,2160,0.0,0.0
2023-12-07 00:00:00+09:00,72537.6082523827,72749.08815982405,72008.90848377933,72114.6484375,3236,0.0,0.0
2023-12-08 00:00:00+09:00,72114.64733120438,72431.8671875,71691.68752281021,72431.8671875,6240,0.0,0.0
2023-12-11 00:00:00+09:00,72537.60380276565,72749.08369723435,72220.38396106259,72643.34375,1528,0.0,0.0
2023-12-12 00:00:00+09:00,72326.12834494135,72326.12834494135,71797.42857633797,72114.6484375,3808,0.0,0.0
2023-12-13 00:00:00+09:00,72220.37939021018,72220.37939021018,71374.45986587388,71691.6796875,3688,0.0,0.0
2023-12-14 00:00:00+09:00,71691.6796875,72008.8995091261,71585.93974695796,71691.6796875,2620,0.0,0.0
2023-12-15 00:00:00+09:00,71585.93762563962,72431.85712490862,71585.93762563962,72326.1171875,6168,0.0,0.0
2023-12-18 00:00:00+09:00,71903.15849853157,72114.63837646843,71585.93868162628,72008.8984375,3772,0.0,0.0
2023-12-19 00:00:00+09:00,71797.42411534926,71903.1640625,71268.72437959559,71903.1640625,4672,0.0,0.0
2023-12-20 00:00:00+09:00,71585.9375,72008.89724889217,71480.19756277696,71585.9375,3116,0.0,0.0
2023-12-21 00:00:00+09:00,71480.19756277696,72008.89724889217,71268.71768833087,71585.9375,4396,0.0,0.0
2023-12-22 00:00:00+09:00,71691.68201075072,72643.34150646866,71480.20212281341,72537.6015625,6096,0.0,0.0
2023-12-25 00:00:00+09:00,72537.6015625,72960.56133837464,72008.9018426567,72537.6015625,5176,0.0,0.0
2023-12-26 00:00:00+09:00,72537.6082523827,72537.6082523827,71903.16853005865,72114.6484375,5156,0.0,0.0
2023-12-27 00:00:00+09:00,72114.6484375,72114.6484375,72114.6484375,72114.6484375,11772,0.0,0.0
2023-12-28 00:00:00+09:00,72082.95256696429,73168.53920200893,71865.83523995536,72951.421875,4900,2213.5,0.0
2023-12-29 00:00:00+09:00,72951.421875,73168.53920200893,72734.30454799108,72951.421875,2056,0.0,0.0
2024-01-04 00:00:00+09:00,72951.41394658753,73168.53125,72734.29664317507,73168.53125,3548,0.0,0.0
2024-01-05 00:00:00+09:00,73059.97191599854,74796.91032707726,73059.97191599854,74471.234375,5476,0.0,0.0
2024-01-09 00:00:00+09:00,74145.5547907489,74362.6720814978,73819.87885462555,73928.4375,2568,0.0,0.0
2024-01-10 00:00:00+09:00,73928.43363970588,74362.66819852941,73819.875,73819.875,2568,0.0,0.0
2024-01-11 00:00:00+09:00,73928.44506158758,74579.79700045621,73928.44506158758,74362.6796875,3032,0.0,0.0
2024-01-12 00:00:00+09:00,74579.80057744565,75122.59388586956,74471.24191576087,74905.4765625,2784,0.0,0.0
2024-01-15 00:00:00+09:00,74471.23031567488,75014.02353955006,74471.23031567488,74796.90625,608,0.0,0.0
2024-01-16 00:00:00+09:00,74471.2383439781,75122.59028284671,74037.0037180657,74362.6796875,2268,0.0,0.0
2024-01-17 00:00:00+09:00,74037.0,74471.23460410557,74037.0,74037.0,2948,0.0,0.0
2024-01-18 00:00:00+09:00,74254.11753318584,74254.11753318584,73602.765625,73602.765625,2728,0.0,0.0
2024-01-19 00:00:00+09:00,74037.0037180657,74362.6796875,73928.44506158758,74362.6796875,2340,0.0,0.0
2024-01-22 00:00:00+09:00,74362.67931439941,75122.58990593343,74037.00334659913,75014.03125,5112,0.0,0.0
2024-01-23 00:00:00+09:00,75339.70369608917,75448.26234694809,74254.1171875,74254.1171875,3256,0.0,0.0
2024-01-24 00:00:00+09:00,74471.2383439781,75014.03162636861,74362.6796875,74362.6796875,3524,0.0,0.0
2024-01-25 00:00:00+09:00,74036.99604227672,74145.5546875,73602.7614613836,74145.5546875,3888,0.0,0.0
2024-01-26 00:00:00+09:00,74036.99977223032,74579.79302569242,73928.4411215379,74471.234375,2348,0.0,0.0
2024-01-29 00:00:00+09:00,74579.79700045621,74905.47296989051,74362.6796875,74362.6796875,2724,0.0,0.0
2024-01-30 00:00:00+09:00,74471.23426144622,74688.3515625,74145.55830986555,74688.3515625,2592,0.0,0.0
2024-01-31 00:00:00+09:00,74471.23062316985,74905.46520406296,74145.5546875,74145.5546875,3428,0.0,0.0
2024-02-01 00:00:00+09:00,74037.00023045723,74145.55888182153,73494.2069736357,73602.765625,5764,0.0,0.0
2024-02-02 00:00:00+09:00,73928.43739705345,74362.67197794656,73711.32010660689,74145.5546875,2932,0.0,0.0
2024-02-05 00:00:00+09:00,74145.55489460603,74254.11354013254,73711.3203125,73711.3203125,3080,0.0,0.0
2024-02-06 00:00:00+09:00,73711.32010660689,74145.5546875,73494.20281616032,74145.5546875,3092,0.0,0.0
2024-02-07 00:00:00+09:00,73928.44956545858,74145.56689164201,73385.65625,73385.65625,3572,0.0,0.0
2024-02-08 00:00:00+09:00,73602.77385602679,73602.77385602679,72842.86321149554,72951.421875,4596,0.0,0.0
2024-02-09 00:00:00+09:00,73059.97306681682,73168.53171921923,72300.0625,72300.0625,3648,0.0,0.0
2024-02-13 00:00:00+09:00,72517.17957089552,72951.41417910448,72408.62091884328,72734.296875,2564,0.0,0.0
2024-02-14 00:00:00+09:00,72842.85624050151,72842.85624050151,71431.59375,71431.59375,4304,0.0,0.0
2024-02-15 00:00:00+09:00,71431.58641975309,71540.14506172838,70128.88271604938,70346.0,4916,0.0,0.0
2024-02-16 00:00:00+09:00,70671.67979583975,70671.67979583975,69911.76926040062,70454.5625,4492,0.0,0.0
2024-02-19 00:00:00+09:00,70563.11747864907,70671.67612092392,69368.97241362579,69911.765625,4320,0.0,0.0
2024-02-20 00:00:00+09:00,70345.99980828221,71214.46894171779,70345.99980828221,70780.234375,5240,0.0,0.0
2024-02-21 00:00:00+09:00,71431.590004771,71431.590004771,70454.56217795801,71105.9140625,5588,0.0,0.0
2024-02-22 00:00:00+09:00,70454.5625,70997.35573959938,69911.76926040062,70454.5625,7204,0.0,0.0
2024-02-26 00:00:00+09:00,70888.79282583842,71648.70331554877,70671.67554306402,71214.46875,7832,0.0,0.0
2024-02-27 00:00:00+09:00,71648.711056231,72082.945668693,71431.59375,71431.59375,7160,0.0,0.0
2024-02-28 00:00:00+09:00,71648.70697806354,71974.38291887291,71540.14833112707,71757.265625,5768,0.0,0.0
2024-02-29 00:00:00+09:00,71540.14467416158,71865.82059832317,70888.79282583842,71214.46875,7344,0.0,0.0
2024-03-01 00:00:00+09:00,71648.71129587156,71648.71129587156,70888.8007215214,70997.359375,5944,0.0,0.0
2024-03-04 00:00:00+09:00,71323.03135734732,71865.82459446565,71105.9140625,71105.9140625,5572,0.0,0.0
2024-03-05 00:00:00+09:00,71648.71503995435,71757.27369910579,70997.36308504567,71323.0390625,3376,0.0,0.0
2024-03-06 00:00:00+09:00,71648.70708459787,71865.82437879362,71323.03114330425,71540.1484375,3624,0.0,0.0
2024-03-07 00:00:00+09:00,72082.93768939393,72082.93768939393,71214.46856060605,71648.703125,5920,0.0,0.0
2024-03-08 00:00:00+09:00,71214.47644376899,72082.945668693,71105.91779065349,71431.59375,7280,0.0,0.0
2024-03-11 00:00:00+09:00,71648.70666229386,72408.6171875,71540.14801583583,72408.6171875,4832,0.0,0.0
2024-03-12 00:00:00+09:00,72300.06261765813,72300.06261765813,71540.15204960466,72082.9453125,5776,0.0,0.0
2024-03-13 00:00:00+09:00,71974.39101740868,72300.06699486301,70997.36308504567,71323.0390625,5644,0.0,0.0
2024-03-14 00:00:00+09:00,71757.26923798799,72300.0625,71431.59328078078,72300.0625,5052,0.0,0.0
2024-03-15 00:00:00+09:00,72625.73799146885,74362.67641876855,72300.06203635015,73168.53125,13320,0.0,0.0
2024-03-18 00:00:00+09:00,74037.00069962686,74037.00069962686,72191.5036147388,72734.296875,7596,0.0,0.0
2024-03-19 00:00:00+09:00,72734.29947539797,75448.26587373372,72734.29947539797,75014.03125,7796,0.0,0.0
2024-03-21 00:00:00+09:00,76208.17596566523,76316.73462088699,74905.47210300429,75882.5,5296,0.0,0.0
2024-03-22 00:00:00+09:00,76425.28490832158,77076.63676833568,75991.05033497885,76968.078125,6308,0.0,0.0
2024-03-25 00:00:00+09:00,76968.08964624298,77510.88294417135,76859.53098665731,77293.765625,3128,0.0,0.0
2024-03-26 00:00:00+09:00,77402.32080008865,77402.32080008865,76533.8515625,76533.8515625,3640,0.0,0.0
2024-03-27 00:00:00+09:00,77402.32428458567,77619.44160375703,76968.08964624298,77293.765625,3708,0.0,0.0
2024-03-28 00:00:00+09:00,77510.87134167842,77727.98862834979,76642.40219499294,76968.078125,5292,0.0,0.0
2024-03-29 00:00:00+09:00,76968.08208642302,77185.19938426907,76425.28884180791,76859.5234375,1716,0.0,0.0
2024-04-01 00:00:00+09:00,76533.84749073093,77402.31668211511,76533.84749073093,76859.5234375,2464,0.0,0.0
2024-04-02 00:00:00+09:00,76425.28928571429,76642.40658482144,75448.26143973214,75991.0546875,3528,0.0,0.0
2024-04-03 00:00:00+09:00,75122.59015647744,75556.82478165938,74254.12090611353,74579.796875,4240,0.0,0.0
2024-04-04 00:00:00+09:00,75014.03125,75339.70721780029,74362.67931439941,75014.03125,4496,0.0,0.0
2024-04-05 00:00:00+09:00,74471.234375,74688.35167638483,74036.99977223032,74471.234375,4996,0.0,0.0
2024-04-08 00:00:00+09:00,74579.78475215517,75773.92977729885,74145.55019755747,75556.8125,5044,0.0,0.0
2024-04-09 00:00:00+09:00,75339.70257013495,76859.52365944603,75231.14392089844,76425.2890625,3376,0.0,0.0
2024-04-10 00:00:00+09:00,76642.40658482144,77076.64118303571,75882.49603794643,75991.0546875,2924,0.0,0.0
2024-04-11 00:00:00+09:00,75882.49169164315,76968.078125,75448.25711830042,76968.078125,4348,0.0,0.0
2024-04-12 00:00:00+09:00,76968.0787302726,76968.0787302726,75231.14042324247,75665.375,4928,0.0,0.0
2024-04-15 00:00:00+09:00,75665.38268955651,76099.61731044349,75448.26537911301,75882.5,3008,0.0,0.0
2024-04-16 00:00:00+09:00,75773.92977729885,76316.72297054598,75339.69522270115,75556.8125,3444,0.0,0.0
2024-04-17 00:00:00+09:00,75556.82440476191,75991.05902777778,75122.58978174604,75231.1484375,3948,0.0,0.0
2024-04-18 00:00:00+09:00,75122.5779454023,75882.48841594828,74796.90202945402,75556.8125,3356,0.0,0.0
2024-04-19 00:00:00+09:00,75448.2578125,75882.49238983812,74905.46459082734,75448.2578125,2656,0.0,0.0
2024-04-22 00:00:00+09:00,76099.61333705357,76642.40658482144,75773.93738839286,75991.0546875,3196,0.0,0.0
2024-04-23 00:00:00+09:00,76642.40636097301,77293.75825639204,76316.73041326349,76425.2890625,3580,0.0,0.0
2024-04-24 00:00:00+09:00,76642.40636097301,76642.40636097301,76099.61311479048,76425.2890625,2276,0.0,0.0
2024-04-25 00:00:00+09:00,76316.73425310284,77293.76214539006,76099.61694370567,76533.8515625,2840,0.0,0.0
2024-04-26 00:00:00+09:00,76533.84355165726,76968.078125,75991.05033497885,76968.078125,3408,0.0,0.0
2024-04-30 00:00:00+09:00,77076.6365708275,77619.42978611501,76859.51928471249,77402.3125,4724,0.0,0.0
2024-05-01 00:00:00+09:00,77402.3163515406,77619.43364845938,76859.52310924369,77510.875,3420,0.0,0.0
2024-05-02 00:00:00+09:00,77510.8711430575,78270.78164446003,77076.6365708275,77402.3125,3724,0.0,0.0
2024-05-07 00:00:00+09:00,77619.4296875,77619.4296875,76533.8432583042,77619.4296875,4336,0.0,0.0
2024-05-08 00:00:00+09:00,77619.44160375703,77945.11758251405,77185.20696541433,77293.765625,3528,0.0,0.0
2024-05-09 00:00:00+09:00,77619.42978611501,78053.66435834502,77076.6365708275,77402.3125,4944,0.0,0.0
2024-05-10 00:00:00+09:00,77619.43008530764,77619.43008530764,76099.60907664428,76750.9609375,6204,0.0,0.0
2024-05-13 00:00:00+09:00,76750.96064165498,77402.3125,76533.84335553998,77402.3125,2988,0.0,0.0
2024-05-14 00:00:00+09:00,77185.19551140383,77293.75415487977,76425.28500707215,76750.9609375,2616,0.0,0.0
2024-05-15 00:00:00+09:00,76968.078125,77076.63676833568,76316.72626498589,76968.078125,3136,0.0,0.0
2024-05-16 00:00:00+09:00,76859.5234375,77076.64073534604,76316.73019288489,76859.5234375,2832,0.0,0.0
2024-05-17 00:00:00+09:00,76425.28500707215,77076.63686792787,76316.72636359619,76750.9609375,3972,0.0,0.0
2024-05-20 00:00:00+09:00,76425.29327610873,76425.29327610873,75773.94134477826,75882.5,4324,0.0,0.0
2024-05-21 00:00:00+09:00,75882.49637518011,75991.05502521613,75231.14447496398,75339.703125,4472,0.0,0.0
2024-05-22 00:00:00+09:00,75339.71120923913,75339.71120923913,74471.24191576087,74905.4765625,5184,0.0,0.0
2024-05-23 00:00:00+09:00,74905.46489477504,75122.5821843251,74362.67167089986,74796.90625,3804,0.0,0.0
2024-05-24 00:00:00+09:00,74471.23821870452,74905.47284388645,74145.56224981805,74579.796875,2680,0.0,0.0
2024-05-27 00:00:00+09:00,74579.79700045621,74579.79700045621,74037.0037180657,74362.6796875,3872,0.0,0.0
2024-05-28 00:00:00+09:00,74362.68325407608,75014.03522418479,74362.68325407608,74905.4765625,3804,0.0,0.0
2024-05-29 00:00:00+09:00,74688.34812223859,74688.34812223859,73602.76166697349,73711.3203125,5088,0.0,0.0
2024-05-30 00:00:00+09:00,73385.64855341247,73711.32450853116,72951.41394658753,73168.53125,4952,0.0,0.0
2024-05-31 00:00:00+09:00,73602.76166697349,73928.43760355301,73385.64437592047,73711.3203125,6684,0.0,0.0
2024-06-03 00:00:00+09:00,73711.33223927516,74145.56689164201,73385.65625,73385.65625,6860,0.0,0.0
2024-06-04 00:00:00+09:00,73494.203125,74036.99635339734,73385.64447932053,73494.203125,5364,0.0,0.0
2024-06-05 00:00:00+09:00,73819.88292772861,74254.11753318584,73602.765625,73602.765625,4756,0.0,0.0
2024-06-06 00:00:00+09:00,73711.3203125,73711.3203125,73277.08573039396,73711.3203125,4716,0.0,0.0
2024-06-07 00:00:00+09:00,73711.32850807949,73819.88716567607,72734.30058971026,73059.9765625,5112,0.0,0.0
2024-06-10 00:00:00+09:00,73602.77385602679,73602.77385602679,72625.7458844866,72951.421875,4252,0.0,0.0
2024-06-11 00:00:00+09:00,73277.09037162163,73277.09037162163,72300.0625,72300.0625,4128,0.0,0.0
2024-06-12 00:00:00+09:00,72408.62487154335,72842.85950345665,72191.5075555867,72625.7421875,2812,0.0,0.0
2024-06-13 00:00:00+09:00,72517.18391779788,72517.18391779788,71757.27330788085,71974.390625,5200,0.0,0.0
2024-06-14 00:00:00+09:00,72191.50396507906,72517.17992281626,71865.82800734186,72082.9453125,4596,0.0,0.0
2024-06-17 00:00:00+09:00,72191.50396507906,72517.17992281626,71757.2693547628,72082.9453125,4620,0.0,0.0
2024-06-18 00:00:00+09:00,72300.06621356502,72625.7421875,71865.83158165171,72625.7421875,3264,0.0,0.0
2024-06-19 00:00:00+09:00,72625.74205942622,73168.53534836065,72191.50742827868,72842.859375,3448,0.0,0.0
2024-06-20 00:00:00+09:00,72842.859375,73385.65266393442,72625.74205942622,72842.859375,2896,0.0,0.0
2024-06-21 00:00:00+09:00,72842.85552705223,73277.0901352612,72625.73822294775,72734.296875,4432,0.0,0.0
2024-06-24 00:00:00+09:00,73277.0978655134,73277.0978655134,72625.7458844866,72951.421875,3368,0.0,0.0
2024-06-25 00:00:00+09:00,73059.96854228212,73494.203125,72842.8512509232,73494.203125,3376,0.0,0.0
2024-06-26 00:00:00+09:00,74145.55489460603,74145.55489460603,73385.64437592047,73711.3203125,17724,0.0,0.0
2024-06-27 00:00:00+09:00,73950.37694718844,74285.49950132979,73391.83935695289,73503.546875,10968,2392.5,0.0
2024-06-28 00:00:00+09:00,73950.37597064395,74173.79100378788,73503.54590435607,73726.9609375,4624,0.0,0.0
2024-07-01 00:00:00+09:00,73726.9550304878,74062.07755335367,73168.41749237805,73280.125,6664,0.0,0.0
2024-07-02 00:00:00+09:00,73280.13622526637,73503.55127473363,72833.30612633181,73391.84375,4624,0.0,0.0
2024-07-03 00:00:00+09:00,73280.125,73615.24752286586,72609.8799542683,73280.125,5072,0.0,0.0
2024-07-04 00:00:00+09:00,73615.25683150529,74062.08691849471,73391.84178801058,73838.671875,2392,0.0,0.0
2024-07-05 00:00:00+09:00,73726.95751138088,73838.66502276175,73056.71244309559,73615.25,2520,0.0,0.0
2024-07-08 00:00:00+09:00,73615.25683150529,73950.37939674735,73391.84178801058,73838.671875,4400,0.0,0.0
2024-07-09 00:00:00+09:00,73726.9609375,74173.79100378788,73391.8383877841,73726.9609375,3740,0.0,0.0
2024-07-10 00:00:00+09:00,73838.66845407197,73950.37597064395,73615.25342092803,73726.9609375,2532,0.0,0.0
2024-07-11 00:00:00+09:00,73726.95996978853,74062.08251510575,73503.54493957704,73950.375,3164,0.0,0.0
2024-07-12 00:00:00+09:00,73838.6689584895,75067.4516491754,73838.6689584895,74508.9140625,9176,0.0,0.0
2024-07-16 00:00:00+09:00,74620.62255639097,74620.62255639097,74062.084962406,74285.5,2356,0.0,0.0
2024-07-17 00:00:00+09:00,74397.21634615384,74397.21634615384,73838.67868589744,74062.09375,5596,0.0,0.0
2024-07-18 00:00:00+09:00,74062.08399315967,74508.9140625,73950.37647582458,74508.9140625,5556,0.0,0.0
2024-07-19 00:00:00+09:00,74508.914537424,74508.914537424,73391.83935695289,73503.546875,4484,0.0,0.0
2024-07-22 00:00:00+09:00,73503.54441793893,73503.54441793893,72945.00684637405,73168.421875,4904,0.0,0.0
2024-07-23 00:00:00+09:00,73503.55127473363,73503.55127473363,72945.01365106546,73391.84375,4156,0.0,0.0
2024-07-24 00:00:00+09:00,73056.71244309559,73726.95751138088,72833.29742033384,73615.25,4832,0.0,0.0
2024-07-25 00:00:00+09:00,73391.84375,73726.96632420091,73056.72117579909,73391.84375,4192,0.0,0.0
2024-07-26 00:00:00+09:00,73280.13426626324,74173.79444024205,73280.13426626324,73838.671875,3968,0.0,0.0
2024-07-29 00:00:00+09:00,73950.38621794872,74397.21634615384,73615.26362179487,74062.09375,4676,0.0,0.0
2024-07-30 00:00:00+09:00,74285.49852035985,74844.0361032197,73615.25342092803,73726.9609375,6436,0.0,0.0
2024-07-31 00:00:00+09:00,73838.66845407197,74173.79100378788,73503.54590435607,73726.9609375,5964,0.0,0.0
2024-08-01 00:00:00+09:00,73503.546875,73615.25439304711,72833.30176671733,73503.546875,5552,0.0,0.0
2024-08-02 00:00:00+09:00,72945.00976261556,73168.42480017334,71604.51953726888,72498.1796875,9148,0.0,0.0
2024-08-05 00:00:00+09:00,71827.92740091463,71939.6349085366,68364.99466463416,68700.1171875,12688,0.0,0.0
2024-08-06 00:00:00+09:00,69146.94371087637,73280.1212832551,69035.23620892019,71381.09375,9908,0.0,0.0
2024-08-07 00:00:00+09:00,70152.31941756966,73503.54486745356,70152.31941756966,72163.0546875,8772,0.0,0.0
2024-08-08 00:00:00+09:00,71716.21875,73280.1238317757,71604.51124415887,71716.21875,4916,0.0,0.0
2024-08-09 00:00:00+09:00,72163.04626369328,72721.58377347418,71157.67874608764,71381.09375,7352,0.0,0.0
2024-08-13 00:00:00+09:00,71716.22366898147,72833.29880401235,71492.80864197531,72386.46875,5512,0.0,0.0
2024-08-14 00:00:00+09:00,72833.30612633181,73391.84375,72498.1835521309,73391.84375,5676,0.0,0.0
2024-08-15 00:00:00+09:00,72945.00977443608,74285.5,72498.17969924812,74285.5,4184,0.0,0.0
2024-08-16 00:00:00+09:00,74397.20257966616,74397.20257966616,72945.00493171472,73615.25,4852,0.0,0.0
2024-08-19 00:00:00+09:00,73726.9638761468,73726.9638761468,72609.88866590214,73056.71875,5324,0.0,0.0
2024-08-20 00:00:00+09:00,73280.12251148545,73280.12251148545,72386.46248085758,72945.0,4048,0.0,0.0
2024-08-21 00:00:00+09:00,72498.17626350309,72721.59129050926,72386.46875,72386.46875,3532,0.0,0.0
2024-08-22 00:00:00+09:00,72274.765625,72274.765625,71157.69042214064,72274.765625,5096,0.0,0.0
2024-08-23 00:00:00+09:00,72163.05713116332,72833.30224383668,72163.05713116332,72498.1796875,2368,0.0,0.0
2024-08-26 00:00:00+09:00,72833.29783653846,72833.29783653846,72051.34525240384,72609.8828125,3232,0.0,0.0
2024-08-27 00:00:00+09:00,72386.46493902439,73391.83250762195,72386.46493902439,73280.125,2816,0.0,0.0
2024-08-28 00:00:00+09:00,73503.54248861912,73726.95751138088,73280.12746585735,73615.25,7248,0.0,0.0
2024-08-29 00:00:00+09:00,73726.96140552996,73950.37644009216,72498.17871543778,72721.59375,6076,0.0,0.0
2024-08-30 00:00:00+09:00,72609.8862327189,72833.3012672811,72274.76368087558,72721.59375,7428,0.0,0.0
2024-09-02 00:00:00+09:00,72721.58977692458,72833.29728810264,71716.22217632193,71827.9296875,6200,0.0,0.0
2024-09-03 00:00:00+09:00,72163.05318837754,72274.76070105305,71381.10059964898,71604.515625,4220,0.0,0.0
2024-09-04 00:00:00+09:00,71269.39501569858,71716.22507849293,70934.27246860282,71157.6875,7136,0.0,0.0
2024-09-05 00:00:00+09:00,71045.97946428572,71381.10200892857,70375.734375,70375.734375,9100,0.0,0.0
2024-09-06 00:00:00+09:00,70934.27292744826,70934.27292744826,69928.90527965764,70152.3203125,5708,0.0,0.0
2024-09-09 00:00:00+09:00,69817.1953125,70375.732875,69705.4878,69817.1953125,4244,0.0,0.0
2024-09-10 00:00:00+09:00,70264.02589744858,71045.97849090189,70264.02589744858,70599.1484375,3704,0.0,0.0
2024-09-11 00:00:00+09:00,70599.1479,70599.1479,69482.072775,69817.1953125,5520,0.0,0.0
2024-09-12 00:00:00+09:00,70264.02880391374,70710.85887579872,69817.19873202876,69928.90625,4272,0.0,0.0
2024-09-13 00:00:00+09:00,70487.44433748025,70710.859375,70264.0292999605,70710.859375,6308,0.0,0.0
2024-09-17 00:00:00+09:00,70375.74021589117,70822.5703125,70040.61764343454,70822.5703125,2988,0.0,0.0
2024-09-18 00:00:00+09:00,70152.31838409811,70822.56346420095,69817.19584404668,70599.1484375,6076,0.0,0.0
2024-09-19 00:00:00+09:00,70487.44188988095,70822.56443452381,70040.61183035714,70375.734375,4060,0.0,0.0
2024-09-20 00:00:00+09:00,70375.734375,71157.68697916667,70375.734375,70375.734375,8156,0.0,0.0
2024-09-24 00:00:00+09:00,71045.98291402536,71045.98291402536,70264.03027188986,70487.4453125,3404,0.0,0.0
2024-09-25 00:00:00+09:00,70599.1552641956,71045.98536080442,70040.61764343454,70822.5703125,3580,0.0,0.0
2024-09-26 00:00:00+09:00,70710.85743720565,71157.6875,70599.14992150707,71157.6875,3096,0.0,0.0
2024-09-27 00:00:00+09:00,72051.35106077982,73615.25635512233,72051.35106077982,73056.71875,9128,0.0,0.0
2024-09-30 00:00:00+09:00,72163.05372299382,72833.29880401235,72051.34620949073,72386.46875,8300,0.0,0.0
2024-10-01 00:00:00+09:00,72833.29880401235,73168.4213445216,72163.05372299382,72386.46875,6272,0.0,0.0
2024-10-02 00:00:00+09:00,72163.0546875,72386.46971749226,71827.9321425116,72163.0546875,4728,0.0,0.0
2024-10-03 00:00:00+09:00,72051.34814149844,72386.4706909938,71939.640625,71939.640625,5520,0.0,0.0
2024-10-04 00:00:00+09:00,71939.63719867807,72386.46724339036,71716.22217632193,71827.9296875,6332,0.0,0.0
2024-10-07 00:00:00+09:00,72051.34126752336,72498.17129088785,71492.80373831776,71716.21875,4284,0.0,0.0
2024-10-08 00:00:00+09:00,71604.51315144985,71939.63567789969,71269.390625,71269.390625,3752,0.0,0.0
2024-10-09 00:00:00+09:00,71157.68122079439,71716.21875,71157.68122079439,71716.21875,4352,0.0,0.0
2024-10-10 00:00:00+09:00,71716.21875,71827.92625584111,71381.09623247663,71716.21875,3928,0.0,0.0
2024-10-11 00:00:00+09:00,71716.21875,71827.92625584111,71604.51124415887,71716.21875,3732,0.0,0.0
2024-10-15 00:00:00+09:00,71939.63125978092,71939.63125978092,71269.38624804383,71381.09375,5020,0.0,0.0
2024-10-16 00:00:00+09:00,71157.69288495663,71381.10793326104,70599.1552641956,70822.5703125,5732,0.0,0.0
2024-10-17 00:00:00+09:00,70822.56058973355,71827.92816908308,70710.85308091693,71269.390625,4864,0.0,0.0
2024-10-18 00:00:00+09:00,71269.39501569858,71939.64010989011,71157.6875,71157.6875,4024,0.0,0.0
2024-10-21 00:00:00+09:00,71381.09813381662,71492.80564263323,70934.26809855016,71269.390625,3708,0.0,0.0
2024-10-22 00:00:00+09:00,71157.68600425238,71157.68600425238,70375.73341079905,70599.1484375,5696,0.0,0.0
2024-10-23 00:00:00+09:00,70599.14992150707,71269.39501569858,70375.73489010989,71157.6875,5328,0.0,0.0
2024-10-24 00:00:00+09:00,70934.26849413752,70934.26849413752,70264.0234375,70264.0234375,4504,0.0,0.0
2024-10-25 00:00:00+09:00,70264.03027188986,70599.15283280508,70152.32275158478,70487.4453125,3076,0.0,0.0
2024-10-28 00:00:00+09:00,70375.73150058962,71269.39158313679,70375.73150058962,71045.9765625,4100,0.0,0.0
2024-10-29 00:00:00+09:00,70822.56495290424,71381.10253139718,70710.85743720565,71157.6875,4116,0.0,0.0
2024-10-30 00:00:00+09:00,71045.98193127962,71269.39696879937,70599.15185624012,70710.859375,4232,0.0,0.0
2024-10-31 00:00:00+09:00,70599.15283280508,70934.2753937203,70375.73779219494,70487.4453125,5352,0.0,0.0
2024-11-01 00:00:00+09:00,70487.44092414953,71157.68600425238,70264.02589744858,70599.1484375,3644,0.0,0.0
2024-11-05 00:00:00+09:00,70599.14692982456,70710.85444078948,70040.609375,70040.609375,4172,0.0,0.0
2024-11-06 00:00:00+09:00,70264.02547289392,71939.63816302652,70264.02547289392,71604.515625,7152,0.0,0.0
2024-11-07 00:00:00+09:00,71045.98193127962,71269.39696879937,70599.15185624012,70710.859375,4636,0.0,0.0
2024-11-08 00:00:00+09:00,70599.15283280508,70934.2753937203,70264.03027188986,70487.4453125,6244,0.0,0.0
2024-11-11 00:00:00+09:00,70487.44774004338,70822.5703125,70375.74021589117,70822.5703125,3796,0.0,0.0
2024-11-12 00:00:00+09:00,70599.1484375,71157.68600425238,70599.1484375,70599.1484375,4320,0.0,0.0
2024-11-13 00:00:00+09:00,70599.15037818471,70710.8578946059,70040.61279607883,70152.3203125,4704,0.0,0.0
2024-11-14 00:00:00+09:00,70040.60689603366,70264.0219100561,69482.06936097756,69705.484375,4508,0.0,0.0
2024-11-15 00:00:00+09:00,69928.90186403508,70264.02439692983,69705.48684210527,70040.609375,5152,0.0,0.0
2024-11-18 00:00:00+09:00,70152.31838409811,70599.1484375,69928.90335739715,70599.1484375,6260,0.0,0.0
2024-11-19 00:00:00+09:00,70375.73585137796,70934.2734375,70375.73585137796,70934.2734375,2944,0.0,0.0
2024-11-20 00:00:00+09:00,70822.5703125,71269.40040910884,70599.1552641956,70822.5703125,3380,0.0,0.0
2024-11-21 00:00:00+09:00,70822.5703125,71045.98536080442,70487.44774004338,70822.5703125,2516,0.0,0.0
2024-11-22 00:00:00+09:00,70599.14652122642,71045.9765625,70487.43901090801,71045.9765625,3468,0.0,0.0
2024-11-25 00:00:00+09:00,71045.9765625,71716.22162441038,71045.9765625,71045.9765625,4936,0.0,0.0
2024-11-26 00:00:00+09:00,71381.09813381662,71492.80564263323,70934.26809855016,71269.390625,3484,0.0,0.0
2024-11-27 00:00:00+09:00,71492.80660377358,71604.51411409197,70487.43901090801,71045.9765625,6648,0.0,0.0
2024-11-28 00:00:00+09:00,71045.97998430142,71269.39501569858,70710.85743720565,71157.6875,3720,0.0,0.0
2024-11-29 00:00:00+09:00,71157.68600425238,71269.39351760285,70599.1484375,70599.1484375,4244,0.0,0.0
2024-12-02 00:00:00+09:00,70822.56443452381,70822.56443452381,70152.3193452381,70375.734375,7600,0.0,0.0
2024-12-03 00:00:00+09:00,70375.73094693958,70710.85347525835,69817.19339974165,70264.0234375,6836,0.0,0.0
2024-12-04 00:00:00+09:00,70264.02633426966,70264.02633426966,69593.78125,69593.78125,5148,0.0,0.0
2024-12-05 00:00:00+09:00,69593.78564610129,69928.90820940514,69482.078125,69482.078125,5356,0.0,0.0
2024-12-06 00:00:00+09:00,69593.78221869968,69705.48973429951,69035.24464070048,69370.3671875,7360,0.0,0.0
2024-12-09 00:00:00+09:00,69035.2485471044,69146.95606902528,68253.29589365824,68476.7109375,12004,0.0,0.0
2024-12-10 00:00:00+09:00,68476.70751633987,68811.83006535948,68253.29248366013,68365.0,8264,0.0,0.0
2024-12-11 00:00:00+09:00,68364.99807224025,68811.828125,68253.29055905032,68811.828125,7176,0.0,0.0
2024-12-12 00:00:00+09:00,68923.53563818993,68923.53563818993,68588.41309862013,68811.828125,5776,0.0,0.0
2024-12-13 00:00:00+09:00,68253.29395006078,68923.5390625,68253.29395006078,68923.5390625,9364,0.0,0.0
2024-12-16 00:00:00+09:00,68923.53758169935,68923.53758169935,68365.0,68365.0,7776,0.0,0.0
2024-12-17 00:00:00+09:00,68365.001953125,68588.4169921875,67918.171875,67918.171875,9556,0.0,0.0
2024-12-18 00:00:00+09:00,67918.17285478547,68141.58789707096,67583.05029135726,67694.7578125,7860,0.0,0.0
2024-12-19 00:00:00+09:00,67247.921875,67918.16694352159,67136.21436357973,67247.921875,8904,0.0,0.0
2024-12-20 00:00:00+09:00,67583.04931640625,68365.001953125,67471.341796875,67918.171875,12028,0.0,0.0
2024-12-23 00:00:00+09:00,67918.1733278956,68923.54102518353,67918.1733278956,68476.7109375,8992,0.0,0.0
2024-12-24 00:00:00+09:00,68700.12157725978,69035.24412153909,68476.70654774024,68588.4140625,9036,0.0,0.0
2024-12-25 00:00:00+09:00,68811.828125,68811.828125,68476.70558543019,68811.828125,5768,0.0,0.0
2024-12-26 00:00:00+09:00,68588.41795618972,69482.078125,68588.41795618972,69482.078125,12844,0.0,0.0
2024-12-27 00:00:00+09:00,70352.7100603786,70722.015625,69429.44614882507,70722.015625,8512,2493.0,4.0
2024-12-30 00:00:00+09:00,70998.99393273653,71183.64671279567,70260.3828125,70260.3828125,10151,0.0,0.0
2025-01-06 00:00:00+09:00,70537.37052419355,72199.24574596774,70537.37052419355,71552.9609375,12110,0.0,0.0
2025-01-07 00:00:00+09:00,71645.28214054405,71829.93492956606,71183.65016798899,71275.9765625,7437,0.0,0.0
2025-01-08 00:00:00+09:00,71460.640625,71922.27267038113,71368.31421592378,71460.640625,5314,0.0,0.0
2025-01-09 00:00:00+09:00,71460.63190874035,72014.59029562982,71183.65271529563,71829.9375,4902,0.0,0.0
2025-01-10 00:00:00+09:00,71368.30905479896,71460.63545719844,70906.67704280156,71183.65625,4117,0.0,0.0
2025-01-14 00:00:00+09:00,71183.65279583875,71460.63198959688,70629.6944083225,70999.0,5658,0.0,0.0
2025-01-15 00:00:00+09:00,71183.65279583875,71183.65279583875,70352.71521456436,70999.0,4786,0.0,0.0
2025-01-16 00:00:00+09:00,71183.66139777131,71829.94626130491,71091.33498869509,71460.640625,6335,0.0,0.0
2025-01-17 00:00:00+09:00,71460.63625563789,72014.59467622422,71368.30985220683,71645.2890625,7100,0.0,0.0
2025-01-20 00:00:00+09:00,71275.98173387097,72014.59294354838,71275.98173387097,71552.9609375,5162,0.0,0.0
2025-01-21 00:00:00+09:00,71737.61027449871,71922.26306799806,71183.65189400065,71368.3046875,3362,0.0,0.0
2025-01-22 00:00:00+09:00,71552.95226258117,71829.93143262986,70998.99392248376,71091.3203125,5165,0.0,0.0
2025-01-23 00:00:00+09:00,70999.00857961887,71645.29344315245,70722.02935239018,71460.640625,2788,0.0,0.0
2025-01-24 00:00:00+09:00,71737.61703840649,72845.5339038645,71552.96422749682,72568.5546875,9753,0.0,0.0
2025-01-27 00:00:00+09:00,72753.19698729864,74599.72482961587,72753.19698729864,74507.3984375,9833,0.0,0.0
2025-01-28 00:00:00+09:00,74507.4009466241,76723.23443202555,74507.4009466241,75892.296875,9085,0.0,0.0
2025-01-29 00:00:00+09:00,75984.62068206188,76446.25264246324,75153.68315333946,75338.3359375,5164,0.0,0.0
2025-01-30 00:00:00+09:00,75338.3402948403,75522.99308968059,74876.70830773957,75153.6875,8805,0.0,0.0
2025-01-31 00:00:00+09:00,75522.98698236197,75615.31337231596,75153.68142254601,75246.0078125,5437,0.0,0.0
2025-02-03 00:00:00+09:00,75615.31948710074,75615.31948710074,74784.38191031941,75153.6875,4285,0.0,0.0
2025-02-04 00:00:00+09:00,75061.36110257986,75338.3402948403,74599.72911547912,75153.6875,4199,0.0,0.0
2025-02-05 00:00:00+09:00,75338.34734239802,75338.34734239802,74599.73609394314,74692.0625,3278,0.0,0.0
2025-02-06 00:00:00+09:00,74784.38797278597,75338.34640221403,74784.38797278597,75061.3671875,3280,0.0,0.0
2025-02-07 00:00:00+09:00,74876.71012329405,74876.71012329405,74138.09892602358,74415.078125,3059,0.0,0.0
2025-02-10 00:00:00+09:00,74230.42623908978,74415.07904067954,73676.46783432044,74045.7734375,3467,0.0,0.0
2025-02-12 00:00:00+09:00,74045.77953339576,74599.73798377029,73676.47389981274,73953.453125,2191,0.0,0.0
2025-02-13 00:00:00+09:00,74322.74737971845,74876.70574528156,74045.76819693689,74599.7265625,4274,0.0,0.0
2025-02-14 00:00:00+09:00,74784.37586273006,75615.31337231596,73399.48001342025,75246.0078125,6126,0.0,0.0
2025-02-17 00:00:00+09:00,75430.66232958027,75799.96789790134,75061.35676125919,75338.3359375,2560,0.0,0.0
2025-02-18 00:00:00+09:00,75338.34718826406,75615.32640586798,75153.69437652812,75523.0,3599,0.0,0.0
2025-02-19 00:00:00+09:00,75615.31423399391,76169.27258003049,75430.66145198171,75707.640625,3716,0.0,0.0
2025-02-20 00:00:00+09:00,76446.2560837364,76538.58247997279,75707.64491384522,76353.9296875,4642,0.0,0.0
2025-02-21 00:00:00+09:00,76169.27606067518,76446.25524635037,75522.99129409976,75892.296875,5446,0.0,0.0
2025-02-25 00:00:00+09:00,75984.62327022507,76446.25524635037,75707.64408454989,75892.296875,4066,0.0,0.0
2025-02-26 00:00:00+09:00,76538.58247997279,76538.58247997279,75615.31851760883,76353.9296875,5743,0.0,0.0
2025-02-27 00:00:00+09:00,76538.5859375,76815.56513872134,76076.95393546441,76538.5859375,4498,0.0,0.0
2025-02-28 00:00:00+09:00,76538.58766001507,77184.87247740965,76169.2820500753,76630.9140625,11976,0.0,0.0
2025-03-03 00:00:00+09:00,76907.88282198118,77000.20921192355,75522.98697284587,76076.9453125,5262,0.0,0.0
2025-03-04 00:00:00+09:00,75984.6251552795,75984.6251552795,74230.42360248447,74322.75,6178,0.0,0.0
2025-03-05 00:00:00+09:00,74322.74737971845,74784.37935102104,74230.42098545792,74599.7265625,5034,0.0,0.0
2025-03-06 00:00:00+09:00,74507.40875807195,75338.34640221403,74507.40875807195,75061.3671875,2958,0.0,0.0
2025-03-07 00:00:00+09:00,75153.68757763975,75338.3403726708,74138.09720496894,74322.75,3719,0.0,0.0
2025-03-10 00:00:00+09:00,74322.74827036692,74784.3802472015,73953.44268889926,74230.421875,3520,0.0,0.0
2025-03-11 00:00:00+09:00,73861.12248110831,74507.40730281801,73214.83765939862,73307.1640625,3715,0.0,0.0
2025-03-12 00:00:00+09:00,73307.15709089486,74138.0946397841,73214.83069657384,73768.7890625,3871,0.0,0.0
2025-03-13 00:00:00+09:00,73861.11540841585,75246.01132232364,73768.78901415532,74599.7265625,3142,0.0,0.0
2025-03-14 00:00:00+09:00,74599.72308282209,75522.98698236197,74599.72308282209,75246.0078125,5362,0.0,0.0
2025-03-17 00:00:00+09:00,75338.3368226601,75522.98960899014,74784.37846366996,74969.03125,3860,0.0,0.0
2025-03-18 00:00:00+09:00,74969.03204449153,76261.6015625,74876.70565034806,76261.6015625,4091,0.0,0.0
2025-03-19 00:00:00+09:00,75892.29860267314,76353.9305893074,75799.97220534629,75984.625,3738,0.0,0.0
2025-03-21 00:00:00+09:00,75892.30113465017,76815.56513872134,75799.97473424306,76538.5859375,7401,0.0,0.0
2025-03-24 00:00:00+09:00,76723.234375,77092.53995562575,76353.92879437424,76723.234375,3022,0.0,0.0
2025-03-25 00:00:00+09:00,76630.91233790711,77461.84994157117,76538.5859375,76538.5859375,4920,0.0,0.0
2025-03-26 00:00:00+09:00,77000.21943175117,78292.7890625,76723.24022516214,78292.7890625,6200,0.0,0.0
2025-03-27 00:00:00+09:00,78385.11192434211,79308.37590460527,78292.7855263158,78939.0703125,4679,0.0,0.0
2025-03-28 00:00:00+09:00,78292.7890625,78477.44186689268,77369.52504053655,78292.7890625,4186,0.0,0.0
2025-03-31 00:00:00+09:00,77092.55047931764,77184.87688707729,76446.265625,76446.265625,4729,0.0,0.0
2025-04-01 00:00:00+09:00,76446.25518953068,77000.21356046932,76261.60239921781,76723.234375,4552,0.0,0.0
2025-04-02 00:00:00+09:00,76907.88282198118,77000.20921192355,75615.31336278823,76076.9453125,3710,0.0,0.0
2025-04-03 00:00:00+09:00,75430.67095196407,76076.95577040195,75153.69174406212,75799.9765625,5218,0.0,0.0
2025-04-04 00:00:00+09:00,75246.0112740973,75799.96963930537,74784.37930309057,75430.6640625,5301,0.0,0.0
2025-04-07 00:00:00+09:00,72937.86109355246,74230.43078381795,71829.94421618205,73030.1875,7679,0.0,0.0
2025-04-08 00:00:00+09:00,75153.69437652812,76353.93765281174,75061.36797066015,75523.0,7907,0.0,0.0
2025-04-09 00:00:00+09:00,75153.68315333946,75984.62068206188,74692.0511929381,75338.3359375,6736,0.0,0.0
2025-04-10 00:00:00+09:00,76630.91485778443,78108.13731287424,75615.32441991018,77092.546875,7010,0.0,0.0
2025-04-11 00:00:00+09:00,76723.24126122754,77277.19968188622,76261.60924401197,77092.546875,4313,0.0,0.0
2025-04-14 00:00:00+09:00,77092.54251605437,78108.13289650538,77000.21611783154,77277.1953125,4180,0.0,0.0
2025-04-15 00:00:00+09:00,77277.19448617788,77461.84728064903,76353.93051382211,76815.5625,4799,0.0,0.0
2025-04-16 00:00:00+09:00,77184.875,77461.85421650717,76630.91656698564,77184.875,3240,0.0,0.0
2025-04-17 00:00:00+09:00,77184.87406994047,77738.83249627976,76907.89485677084,77554.1796875,3658,0.0,0.0
2025-04-18 00:00:00+09:00,77369.5234375,77738.82903863366,77092.54423664976,77369.5234375,3232,0.0,0.0
2025-04-21 00:00:00+09:00,77184.86982292918,77461.84902085835,76723.23782638056,76907.890625,1827,0.0,0.0
2025-04-22 00:00:00+09:00,77092.53558306117,77738.8203125,76815.55641330166,77738.8203125,2523,0.0,0.0
2025-04-23 00:00:00+09:00,77738.8316991018,77831.15810254491,76815.56766467066,77092.546875,2812,0.0,0.0
2025-04-24 00:00:00+09:00,77184.8680889423,77277.19448617788,76630.90970552884,76815.5625,2975,0.0,0.0
2025-04-25 00:00:00+09:00,77000.21783636636,77738.82903863366,76907.89143608294,77369.5234375,4016,0.0,0.0
2025-04-28 00:00:00+09:00,77554.18062200956,77831.15983851675,77000.2221889952,77184.875,3442,0.0,0.0
2025-04-30 00:00:00+09:00,77092.5373295114,77092.5373295114,76261.59980140887,77000.2109375,4673,0.0,0.0
2025-05-01 00:00:00+09:00,76815.56323877069,78385.11200687056,76815.56323877069,78108.1328125,3892,0.0,0.0
2025-05-02 00:00:00+09:00,78015.8037405303,79493.02605987762,78015.8037405303,79216.046875,6140,0.0,0.0
2025-05-07 00:00:00+09:00,79585.35419091968,79954.65977881257,79031.39580908032,79308.375,4319,0.0,0.0
2025-05-08 00:00:00+09:00,79123.71615195359,79400.69532168038,78292.7786427732,78569.7578125,3851,0.0,0.0
2025-05-09 00:00:00+09:00,78477.43399941656,79123.71875,78292.78121353558,79123.71875,5636,0.0,0.0
2025-05-12 00:00:00+09:00,79216.04510681293,79954.65625,78846.7395352194,79954.65625,3539,0.0,0.0
2025-05-13 00:00:00+09:00,80046.98791787791,80323.96711482559,78846.74473110466,79400.703125,5266,0.0,0.0
2025-05-14 00:00:00+09:00,79123.71871391455,79954.65625,78754.41314232102,79954.65625,4885,0.0,0.0
2025-05-15 00:00:00+09:00,79862.33858396171,80046.99138993619,79400.70656902553,79585.359375,4935,0.0,0.0
2025-05-16 00:00:00+09:00,79770.01205510908,80416.296875,79493.03284658439,80416.296875,5155,0.0,0.0
2025-05-19 00:00:00+09:00,79770.00350058342,79862.32989352391,78477.43399941656,79123.71875,4530,0.0,0.0
2025-05-20 00:00:00+09:00,79123.72392805234,79770.00872093024,79031.39752906977,79400.703125,4462,0.0,0.0
2025-05-21 00:00:00+09:00,79400.70139697322,79677.6805878929,78754.41661816066,79308.375,3811,0.0,0.0
2025-05-22 00:00:00+09:00,79123.72907010428,79862.34030996524,78754.42345017381,79677.6875,3836,0.0,0.0
2025-05-23 00:00:00+09:00,79677.67447317319,80231.6328125,79493.02169339759,80231.6328125,3299,0.0,0.0
2025-05-26 00:00:00+09:00,80139.3125,80785.5972782258,80139.3125,80139.3125,3307,0.0,0.0
2025-05-27 00:00:00+09:00,80231.6328125,80693.26476193902,79954.6536428366,80231.6328125,1969,0.0,0.0
2025-05-28 00:00:00+09:00,80323.97219036697,80600.95140481651,79862.34016628441,80508.625,3221,0.0,0.0
2025-05-29 00:00:00+09:00,80600.93837205121,80785.59115182681,80046.9800327244,80231.6328125,3228,0.0,0.0
2025-05-30 00:00:00+09:00,80046.9921875,80508.62420703575,79954.66578359285,80046.9921875,5495,0.0,0.0
2025-06-02 00:00:00+09:00,80231.64578555046,80508.625,79954.66657110091,80508.625,2852,0.0,0.0
2025-06-03 00:00:00+09:00,80600.94968068313,80970.25529204938,80231.64406931688,80416.296875,3976,0.0,0.0
2025-06-04 00:00:00+09:00,80416.28732938219,80877.91928879311,79954.65536997127,80323.9609375,3707,0.0,0.0
2025-06-05 00:00:00+09:00,80508.61197323463,81062.5703125,80323.9591934795,81062.5703125,2491,0.0,0.0
2025-06-06 00:00:00+09:00,81154.90625,81431.88545221843,81062.57984926052,81154.90625,2690,0.0,0.0
2025-06-09 00:00:00+09:00,81247.23357142857,81616.53917857143,80785.6015625,80785.6015625,2978,0.0,0.0
2025-06-10 00:00:00+09:00,81247.22829171397,81801.18666643019,81247.22829171397,81339.5546875,3556,0.0,0.0
2025-06-11 00:00:00+09:00,81431.88534628377,82262.8229518581,81431.88534628377,81985.84375,3726,0.0,0.0
2025-06-12 00:00:00+09:00,81985.84029345373,82447.47227708803,81708.86110327314,81801.1875,5139,0.0,0.0
2025-06-13 00:00:00+09:00,81801.18400055991,82539.79514277715,81708.85760778275,82447.46875,8302,0.0,0.0
2025-06-16 00:00:00+09:00,82539.80123668721,83001.43323465527,81985.84283912556,82355.1484375,5449,0.0,0.0
2025-06-17 00:00:00+09:00,82262.81596444569,82632.12153555431,81893.51039333707,82447.46875,3541,0.0,0.0
2025-06-18 00:00:00+09:00,82539.80123668721,82816.78043546806,82262.82203790639,82355.1484375,3733,0.0,0.0
2025-06-19 00:00:00+09:00,82539.79514277715,82909.10071388578,82262.81596444569,82447.46875,3318,0.0,0.0
2025-06-20 00:00:00+09:00,82447.4661429269,82816.7717023577,82078.1605834961,82724.4453125,11814,0.0,0.0
2025-06-23 00:00:00+09:00,82724.44617092119,83463.05729744727,82447.46699847392,83186.078125,3089,0.0,0.0
2025-06-24 00:00:00+09:00,83463.06766813672,84017.02608186328,83463.06766813672,83740.046875,4314,0.0,0.0
2025-06-25 00:00:00+09:00,83832.3689150165,84294.000902434,83832.3689150165,83924.6953125,4578,0.0,0.0
2025-06-26 00:00:00+09:00,83832.36629660089,84478.65105879934,83555.38711280153,84201.671875,10244,0.0,0.0
2025-06-27 00:00:00+09:00,84718.13286458334,85760.5259982639,84433.843828125,85286.7109375,7026,2345.0,0.0
2025-06-30 00:00:00+09:00,84433.84106334842,85002.41911764706,83770.5,83770.5,9126,0.0,0.0
2025-07-01 00:00:00+09:00,83770.50523762655,84528.60935742407,83296.69016275309,84244.3203125,3969,0.0,0.0
2025-07-02 00:00:00+09:00,84054.79170173962,84907.65881032548,83865.26567760942,84433.84375,3154,0.0,0.0
2025-07-03 00:00:00+09:00,85002.41925920759,85381.47129603795,84528.60421316964,84907.65625,5461,0.0,0.0
2025-07-04 00:00:00+09:00,85191.9505150334,85286.71353006682,84528.60940979955,85097.1875,2626,0.0,0.0
2025-07-07 00:00:00+09:00,85097.18496481788,86044.81508692053,85002.4219526076,85855.2890625,2682,0.0,0.0
2025-07-08 00:00:00+09:00,85760.5259982639,85950.05202256945,85286.7109375,85286.7109375,4015,0.0,0.0
2025-07-09 00:00:00+09:00,85286.71353006682,85571.00257516703,85097.1875,85097.1875,3674,0.0,0.0
2025-07-10 00:00:00+09:00,85002.42190104167,85570.99997395834,84812.89587673612,85286.7109375,2223,0.0,0.0
2025-07-11 00:00:00+09:00,85476.23698781838,85950.05204872647,85381.47397563676,85571.0,3613,0.0,0.0
2025-07-14 00:00:00+09:00,85665.76308936403,86518.630199767,85571.00007709704,86423.8671875,3541,0.0,0.0
2025-07-15 00:00:00+09:00,87087.21353598691,87561.02862595419,86613.39844601962,86897.6875,5009,0.0,0.0
2025-07-16 00:00:00+09:00,86897.68752531048,88034.84374156318,86802.92450728943,87750.5546875,5419,0.0,0.0
2025-07-17 00:00:00+09:00,87561.0234375,87655.78644987826,86992.44536323052,87561.0234375,3267,0.0,0.0
2025-07-18 00:00:00+09:00,87181.97395266594,87561.02601332971,86992.44792233406,87087.2109375,2645,0.0,0.0
2025-07-22 00:00:00+09:00,87276.73696783188,87276.73696783188,86423.86983133841,87087.2109375,2579,0.0,0.0
2025-07-23 00:00:00+09:00,87087.20829918033,87371.49733606557,86708.15625,86708.15625,3412,0.0,0.0
2025-07-24 00:00:00+09:00,86802.91923656799,87276.73429790296,86423.8671875,86423.8671875,2661,0.0,0.0
2025-07-25 00:00:00+09:00,86613.39587852496,87940.07809110629,86518.63286334056,87371.5,2885,0.0,0.0
2025-07-28 00:00:00+09:00,87466.26303209459,88603.41921452704,87276.7370016892,87655.7890625,3062,0.0,0.0
2025-07-29 00:00:00+09:00,87561.02356230032,89077.23176251331,87466.26054978701,88982.46875,3924,0.0,0.0
2025-07-30 00:00:00+09:00,88982.47139270614,89835.3385306554,88887.70837737844,89645.8125,6670,0.0,0.0
2025-07-31 00:00:00+09:00,89551.04948467232,90214.39059196618,89551.04948467232,89645.8125,3606,0.0,0.0
2025-08-01 00:00:00+09:00,89835.3359375,89930.0989500923,89171.9948493539,89835.3359375,3950,0.0,0.0
2025-08-04 00:00:00+09:00,89740.57294952682,90403.91403785489,89361.52089905362,90119.625,3476,0.0,0.0
2025-08-05 00:00:00+09:00,90119.62764222338,90782.96875,90024.86462682672,90782.96875,3536,0.0,0.0
2025-08-06 00:00:00+09:00,90688.20317367601,91635.83330088266,90498.67714823468,91256.78125,3447,0.0,0.0
2025-08-07 00:00:00+09:00,91730.59892039542,91920.12495122268,90972.49479708637,91067.2578125,3530,0.0,0.0
2025-08-08 00:00:00+09:00,90972.4896049896,91162.015625,90688.200574974,91162.015625,4655,0.0,0.0
2025-08-12 00:00:00+09:00,91162.02345364154,91730.6015625,90688.20836292613,91730.6015625,3654,0.0,0.0
2025-08-13 00:00:00+09:00,91730.59893672199,91825.36195215248,90877.7317978475,91351.546875,3487,0.0,0.0
2025-08-14 00:00:00+09:00,91446.30990660549,91730.59895294726,91067.25784481644,91635.8359375,2581,0.0,0.0
2025-08-15 00:00:00+09:00,91351.54689115823,91825.36196839453,91256.78387571097,91635.8359375,3027,0.0,0.0
2025-08-18 00:00:00+09:00,91162.02342115586,91351.54945737448,90119.63022195346,90593.4453125,3900,0.0,0.0
2025-08-19 00:00:00+09:00,90593.43753258603,91067.25258244266,90309.14850267206,90877.7265625,4074,0.0,0.0
2025-08-20 00:00:00+09:00,90972.492211838,91541.070288162,90688.20317367601,91256.78125,5320,0.0,0.0
2025-08-21 00:00:00+09:00,91446.31251609165,92393.94269760557,91256.78647978888,92014.890625,4674,0.0,0.0
2025-08-22 00:00:00+09:00,92109.6510630123,92488.703125,91635.83598552766,92488.703125,5221,0.0,0.0
2025-08-25 00:00:00+09:00,92583.4635496549,92772.98957534508,91920.12245973926,92678.2265625,4246,0.0,0.0
2025-08-26 00:00:00+09:00,92583.46350147891,92962.51555266204,91635.83337352109,92109.6484375,8084,0.0,0.0
2025-08-27 00:00:00+09:00,92299.17458206687,93531.09375,91920.12253039514,93531.09375,6364,0.0,0.0
2025-08-28 00:00:00+09:00,93625.85669095091,93720.61970379601,92488.70053680982,92678.2265625,4773,0.0,0.0
2025-08-29 00:00:00+09:00,92488.70574771108,94099.6770568413,92488.70574771108,93152.046875,11795,0.0,0.0
2025-09-01 00:00:00+09:00,93152.0442971913,94004.91143724696,93057.28128162956,93625.859375,3735,0.0,0.0
2025-09-02 00:00:00+09:00,93625.8567390752,93815.3827648628,93152.0416746062,93246.8046875,2228,0.0,0.0
2025-09-03 00:00:00+09:00,93436.33066526073,93720.61970379601,92583.4635496549,92678.2265625,6007,0.0,0.0
2025-09-04 00:00:00+09:00,92867.75253986625,93246.80459104938,91541.07036072531,92109.6484375,6149,0.0,0.0
2025-09-05 00:00:00+09:00,91825.36458869722,92299.17967945417,91635.83855239445,92014.890625,6175,0.0,0.0
2025-09-08 00:00:00+09:00,92014.88804751537,92962.51820248463,92014.88804751537,92488.703125,5137,0.0,0.0
2025-09-09 00:00:00+09:00,92393.94012544688,93057.28123403984,92014.88806339377,92772.9921875,4330,0.0,0.0
2025-09-10 00:00:00+09:00,92488.70317258884,93341.5703125,92204.41412595178,93341.5703125,3253,0.0,0.0
2025-09-11 00:00:00+09:00,93341.5677477904,94289.19787720959,93152.04172190656,93815.3828125,3699,0.0,0.0
2025-09-12 00:00:00+09:00,94573.48701035429,94952.5390625,94004.90893213573,94952.5390625,7641,0.0,0.0
2025-09-16 00:00:00+09:00,94004.90634365634,95047.29945835414,94004.90634365634,94857.7734375,6463,0.0,0.0
2025-09-17 00:00:00+09:00,94573.48954654389,94763.01557769929,93531.0963751892,93910.1484375,6135,0.0,0.0
2025-09-18 00:00:00+09:00,93910.15102047304,93910.15102047304,93152.046875,93152.046875,3792,0.0,0.0
2025-09-19 00:00:00+09:00,93246.80463957055,94004.90874233129,92204.41149827454,92678.2265625,9155,0.0,0.0
2025-09-22 00:00:00+09:00,92488.703125,92867.7551869877,92204.41407850922,92488.703125,5707,0.0,0.0
2025-09-24 00:00:00+09:00,92299.17448717948,92393.9375,91730.5964102564,92393.9375,5486,0.0,0.0
2025-09-25 00:00:00+09:00,92299.171875,92583.4609054158,91920.11983444559,92299.171875,5447,0.0,0.0
2025-09-26 00:00:00+09:00,92299.17190698568,92583.4609375,91730.59384595702,92583.4609375,7817,0.0,0.0
2025-09-29 00:00:00+09:00,92488.70304370447,92488.70304370447,91067.2578125,91067.2578125,5880,0.0,0.0
2025-09-30 00:00:00+09:00,91256.78647178461,91920.12759878616,91162.02345364154,91730.6015625,4600,0.0,0.0
2025-10-01 00:00:00+09:00,92204.41666130278,92299.17967945417,91162.0234616375,92014.890625,5307,0.0,0.0
2025-10-02 00:00:00+09:00,92299.17177784974,92488.69779792747,91351.54167746114,91446.3046875,4204,0.0,0.0
2025-10-03 00:00:00+09:00,91825.36193580905,92014.88796663632,90972.49479708637,91067.2578125,3188,0.0,0.0
2025-10-06 00:00:00+09:00,91635.83598552766,92867.7551869877,91635.83598552766,92488.703125,4044,0.0,0.0
2025-10-07 00:00:00+09:00,92583.45823936856,92867.74726159793,91730.5911726804,91920.1171875,3222,0.0,0.0
2025-10-08 00:00:00+09:00,91920.1197376943,92014.88274773317,91446.3046875,91446.3046875,2817,0.0,0.0
2025-10-09 00:00:00+09:00,91635.83855239445,92014.890625,91162.0234616375,92014.890625,2933,0.0,0.0
2025-10-10 00:00:00+09:00,91541.06766502079,91825.35669503637,91067.2526149948,91162.015625,2518,0.0,0.0
2025-10-14 00:00:00+09:00,90972.49741735538,91730.6015625,90214.39327221074,91730.6015625,4145,0.0,0.0
2025-10-15 00:00:00+09:00,91730.6015625,92109.65363507232,91635.83854435693,91730.6015625,2994,0.0,0.0
2025-10-16 00:00:00+09:00,92109.6536431514,92488.70571575695,91635.83855239445,92014.890625,3760,0.0,0.0
2025-10-17 00:00:00+09:00,92109.64588664279,92678.22394767145,92109.64588664279,92583.4609375,3327,0.0,0.0
2025-10-20 00:00:00+09:00,92678.22917198672,92867.75520301328,92109.65107890705,92772.9921875,2364,0.0,0.0
2025-10-21 00:00:00+09:00,92772.9844147785,93057.2734375,92488.69539205702,93057.2734375,2384,0.0,0.0
2025-10-22 00:00:00+09:00,93057.2786617124,93341.5677003938,92867.7526359248,93246.8046875,3991,0.0,0.0
2025-10-23 00:00:00+09:00,93246.8073440644,94194.4375,92772.99226609658,94194.4375,3925,0.0,0.0
2025-10-24 00:00:00+09:00,94194.43484042553,94383.9608662614,93341.56772416414,93531.09375,2978,0.0,0.0
2025-10-27 00:00:00+09:00,93815.38543762577,94194.4375,93531.09639084508,94194.4375,2620,0.0,0.0
2025-10-28 00:00:00+09:00,94099.67443686549,94099.67443686549,93341.5703125,93341.5703125,2672,0.0,0.0
2025-10-29 00:00:00+09:00,93625.85931096312,93720.62232646004,92299.17709400614,92488.703125,3171,0.0,0.0
2025-10-30 00:00:00+09:00,92299.17190698568,93057.27598835721,91920.1198662999,92583.4609375,3063,0.0,0.0
2025-10-31 00:00:00+09:00,92583.46612442189,92772.99215538285,92014.88803153906,92204.4140625,4242,0.0,0.0
2025-11-04 00:00:00+09:00,92583.46875797193,93057.28384885204,92014.89064891581,92867.7578125,3127,0.0,0.0
2025-11-05 00:00:00+09:00,93152.04176863705,94383.9609375,92772.98971667922,94383.9609375,3949,0.0,0.0
2025-11-06 00:00:00+09:00,94289.19273445336,94573.48175777332,93720.61468781345,94478.71875,3137,0.0,0.0
2025-11-07 00:00:00+09:00,94478.72916927605,95047.30727861973,94478.72916927605,94573.4921875,4036,0.0,0.0
2025-11-10 00:00:00+09:00,95142.0676875,95994.934828125,94668.252609375,94763.015625,4428,0.0,0.0
2025-11-11 00:00:00+09:00,94952.5365714462,95994.9296875,94857.77356089585,95994.9296875,2734,0.0,0.0
2025-11-12 00:00:00+09:00,95994.92962543445,96468.74467787983,95426.3515625,95426.3515625,4160,0.0,0.0
2025-11-13 00:00:00+09:00,95521.1171641791,95710.6431902985,95142.0651119403,95236.828125,2166,0.0,0.0
2025-11-14 00:00:00+09:00,95521.11199207135,96089.6900396432,95236.82296828543,95615.875,3155,0.0,0.0
2025-11-17 00:00:00+09:00,95805.40369709645,96279.21875,95142.0626230315,96279.21875,2349,0.0,0.0
2025-11-18 00:00:00+09:00,95805.40354177072,95994.92956262488,94857.7734375,94857.7734375,4177,0.0,0.0
2025-11-19 00:00:00+09:00,94952.53903903904,95236.82807807808,94478.72397397397,94668.25,5140,0.0,0.0
2025-11-20 00:00:00+09:00,95900.1744740099,96373.98956528465,95521.12240099009,95710.6484375,2280,0.0,0.0
2025-11-21 00:00:00+09:00,95521.11469578017,96563.5078125,95426.35168516928,96563.5078125,2479,0.0,0.0
2025-11-25 00:00:00+09:00,96658.27091439688,97416.375,96279.21887159534,97416.375,3373,0.0,0.0
2025-11-26 00:00:00+09:00,97511.13804104025,97890.19008395975,97132.08599812076,97700.6640625,4040,0.0,0.0
2025-11-27 00:00:00+09:00,97700.6718900675,98648.30207328833,97605.90887174543,98269.25,4630,0.0,0.0
2025-11-28 00:00:00+09:00,97890.18738555908,97890.18738555908,96942.55730438232,97037.3203125,6183,0.0,0.0
2025-12-01 00:00:00+09:00,97511.14048590504,97700.66651211672,95805.40625,95805.40625,4471,0.0,0.0
2025-12-02 00:00:00+09:00,95805.40887469212,96563.51300030788,95521.11982758621,96184.4609375,3130,0.0,0.0
2025-12-03 00:00:00+09:00,96184.45304757185,96184.45304757185,95142.05996035678,95615.875,2890,0.0,0.0
2025-12-04 00:00:00+09:00,95331.59632537689,95615.88538002512,94099.67708856783,94289.203125,4490,0.0,0.0
2025-12-05 00:00:00+09:00,94194.434816438,94194.434816438,93152.0416746062,93246.8046875,3610,0.0,0.0
2025-12-08 00:00:00+09:00,93152.04428140863,93625.85935913706,92488.70317258884,93341.5703125,3927,0.0,0.0
2025-12-09 00:00:00+09:00,92772.9844147785,93436.32546779531,92109.6433617617,93057.2734375,3424,0.0,0.0
2025-12-10 00:00:00+09:00,92772.989623031,93815.3827648628,92583.46359724339,93246.8046875,3797,0.0,0.0
2025-12-11 00:00:00+09:00,93246.80466360856,93910.14575369521,92488.7005606524,92962.515625,3246,0.0,0.0
2025-12-12 00:00:00+09:00,93152.044359375,94952.54165625,93152.044359375,94763.015625,8071,0.0,0.0
2025-12-15 00:00:00+09:00,94763.01559356137,95236.83067152918,94194.4375,94194.4375,4658,0.0,0.0
2025-12-16 00:00:00+09:00,94289.19537493755,95521.11451048951,94289.19537493755,94857.7734375,3057,0.0,0.0
2025-12-17 00:00:00+09:00,94857.77602602603,95047.30205205205,94573.48698698699,94668.25,2530,0.0,0.0
2025-12-18 00:00:00+09:00,94952.53910900297,96089.69526599703,94857.77609592014,95521.1171875,2887,0.0,0.0
2025-12-19 00:00:00+09:00,95994.93489068675,96279.22393774703,95615.88282793971,95900.171875,4037,0.0,0.0
2025-12-22 00:00:00+09:00,95994.93225291418,96563.5103314112,95047.3021220858,95521.1171875,3575,0.0,0.0
2025-12-23 00:00:00+09:00,95615.88284328817,96184.4609375,95236.83078048029,96184.4609375,3052,0.0,0.0
2025-12-24 00:00:00+09:00,95900.171875,96279.22393774703,95805.40885931323,95900.171875,3782,0.0,0.0
2025-12-25 00:00:00+09:00,96468.74741115196,96658.2734375,95994.93234528186,96658.2734375,2095,0.0,0.0
2025-12-26 00:00:00+09:00,96658.27079232283,96942.55982406496,95521.11466535433,96279.21875,8621,0.0,0.0
2025-12-29 00:00:00+09:00,96796.69762002268,97185.04946604083,95728.73004347278,96311.2578125,5431,2433.0,0.0
2025-12-30 00:00:00+09:00,96311.25809716599,96990.87382970648,95922.90625,95922.90625,3551,0.0,0.0
2026-01-05 00:00:00+09:00,96214.16838515228,96505.43226522843,94078.23326459392,95631.640625,5744,0.0,0.0
2026-01-06 00:00:00+09:00,96019.99016729798,96214.16608270202,95437.46242108586,96117.078125,4280,0.0,0.0
2026-01-07 00:00:00+09:00,96019.99594790615,96214.171875,95437.46816662462,96214.171875,4746,0.0,0.0
2026-01-08 00:00:00+09:00,96408.34430520305,96408.34430520305,95534.55266497462,95631.640625,6162,0.0,0.0
2026-01-09 00:00:00+09:00,96019.99246510153,96311.25634517767,95146.2008248731,95631.640625,4592,0.0,0.0
2026-01-13 00:00:00+09:00,96214.16838515228,96214.16838515228,95146.2008248731,95631.640625,5088,0.0,0.0
2026-01-14 00:00:00+09:00,95825.81452047413,95825.81452047413,95243.2867726293,95728.7265625,5966,0.0,0.0
2026-01-15 00:00:00+09:00,96019.99767354125,96699.6134305835,95728.733777666,96505.4375,4204,0.0,0.0
2026-01-16 00:00:00+09:00,96602.5211328125,97087.9609375,96505.43317187499,97087.9609375,4108,0.0,0.0
2026-01-19 00:00:00+09:00,97087.95974469162,97379.22362392569,96019.9921875,96019.9921875,3097,0.0,0.0
2026-01-20 00:00:00+09:00,96699.60790571284,96990.87178494692,95922.90422775531,96019.9921875,4521,0.0,0.0
2026-01-21 00:00:00+09:00,95825.82120192307,96019.99713141026,94272.41376602564,94660.765625,4926,0.0,0.0
2026-01-22 00:00:00+09:00,95049.11342118731,95631.64118474923,94660.76157881269,94854.9375,2606,0.0,0.0
2026-01-23 00:00:00+09:00,95146.20194788442,95437.46583139835,94078.234375,94078.234375,3225,0.0,0.0
2026-01-26 00:00:00+09:00,94078.2366928164,94078.2366928164,93301.53298431016,93592.796875,3776,0.0,0.0
2026-01-27 00:00:00+09:00,93301.52922784563,93495.70514715437,92719.00146991944,93398.6171875,3194,0.0,0.0
2026-01-28 00:00:00+09:00,93204.44099378881,93786.96875,93010.26507505176,93786.96875,3715,0.0,0.0
2026-01-29 00:00:00+09:00,93204.44415983606,94757.8515625,92621.91638383709,94757.8515625,6477,0.0,0.0
2026-01-30 00:00:00+09:00,94369.49882934443,94466.58679110302,93301.53125,93301.53125,4724,0.0,0.0
2026-02-02 00:00:00+09:00,93689.88513183594,94272.41291503907,92913.18142089844,93204.4453125,3967,0.0,0.0
2026-02-03 00:00:00+09:00,93204.4427244582,94466.58621968524,93204.4427244582,94078.234375,3653,0.0,0.0
2026-02-04 00:00:00+09:00,94078.23582383452,95243.29137583247,93592.79601050205,94757.8515625,3628,0.0,0.0
2026-02-05 00:00:00+09:00,94854.9375,95340.37730296828,94563.67361821904,94854.9375,2765,0.0,0.0
2026-02-06 00:00:00+09:00,94854.93575141171,94952.02371021561,94175.3200397844,94563.671875,2758,0.0,0.0
2026-02-09 00:00:00+09:00,94854.94155448717,95243.29341346154,94175.32580128204,94660.765625,2971,0.0,0.0
2026-02-10 00:00:00+09:00,95049.11370278777,95049.11370278777,94078.23409397482,94466.5859375,3723,0.0,0.0
2026-02-12 00:00:00+09:00,93786.97222222222,94854.93981481482,93689.88425925926,94369.5,3180,0.0,0.0
2026-02-13 00:00:00+09:00,94563.67418085656,94563.67418085656,93398.61864680082,94078.234375,4044,0.0,0.0
2026-02-16 00:00:00+09:00,93884.06018518518,94369.5,93398.62037037036,94369.5,4430,0.0,0.0
2026-02-17 00:00:00+09:00,94369.50232678387,94369.50232678387,93495.71063857291,93884.0625,2493,0.0,0.0
2026-02-18 00:00:00+09:00,93786.96847615979,94369.4962306701,93495.70459890463,94175.3203125,4310,0.0,0.0
2026-02-19 00:00:00+09:00,93204.44267515923,93786.97044187898,90000.53995820064,91456.859375,11064,0.0,0.0
2026-02-20 00:00:00+09:00,90777.24392823828,91553.94761960288,90680.1559668177,91068.5078125,6601,0.0,0.0
2026-02-24 00:00:00+09:00,91553.95080102848,92330.65451938291,91553.95080102848,92039.390625,6125,0.0,0.0
2026-02-25 00:00:00+09:00,92136.4765625,92136.4765625,91456.86082389357,92136.4765625,9515,0.0,0.0
2026-02-26 00:00:00+09:00,91553.94477030757,92913.17618789432,91262.68089511042,92330.6484375,12949,0.0,0.0
2026-02-27 00:00:00+09:00,92233.56569868703,92330.65366258039,90583.0703125,90583.0703125,10139,0.0,0.0
2026-03-02 00:00:00+09:00,90388.89380479543,91456.86140077045,90291.80584152497,91359.7734375,12854,0.0,0.0
2026-03-03 00:00:00+09:00,91165.59199719552,91456.85586939103,90097.62446581197,90874.328125,25302,0.0,0.0
2026-03-04 00:00:00+09:00,89320.921875,90000.53758491848,88932.57004076087,89320.921875,25356,0.0,0.0
2026-03-05 00:00:00+09:00,90291.80440310492,91359.77198206638,90194.71644138116,90680.15625,9697,0.0,0.0
2026-03-06 00:00:00+09:00,90680.15302015693,90777.24097842262,89709.2734375,89709.2734375,5944,0.0,0.0
2026-03-09 00:00:00+09:00,88738.39412364131,89903.44962635869,88350.04228940218,89320.921875,7547,0.0,0.0
2026-03-10 00:00:00+09:00,89320.92736486487,90000.54311655405,89126.75143581082,89806.3671875,6584,0.0,0.0
2026-03-11 00:00:00+09:00,90097.62847965739,91359.77198206638,89806.36459448608,90680.15625,4561,0.0,0.0
2026-03-12 00:00:00+09:00,90583.06654470999,90680.15450456498,90000.53878558002,90388.890625,3825,0.0,0.0
2026-03-13 00:00:00+09:00,89903.45138136511,90777.24302546046,89612.1875,89612.1875,6549,0.0,0.0
2026-03-16 00:00:00+09:00,89029.66118111559,90680.15653561828,88641.30933299732,90291.8046875,4602,0.0,0.0
2026-03-17 00:00:00+09:00,90291.80038060898,91165.59199719552,89903.44855101495,90874.328125,4864,0.0,0.0
2026-03-18 00:00:00+09:00,90874.33188965885,91262.68373534115,90583.06800539713,91068.5078125,3556,0.0,0.0
2026-03-19 00:00:00+09:00,90680.15329483696,90777.24125339673,89320.921875,89320.921875,5426,0.0,0.0
2026-03-23 00:00:00+09:00,89029.6629156319,89126.75087955299,87379.16752897351,87961.6953125,5386,0.0,0.0
2026-03-24 00:00:00+09:00,88447.13513210541,88835.48698778973,87961.6953125,87961.6953125,5120,0.0,0.0
2026-03-25 00:00:00+09:00,88738.40046549836,88932.57639649507,88350.04860350493,88641.3125,4607,0.0,0.0
2026-03-26 00:00:00+09:00,88932.5703125,88932.5703125,88058.77868279204,88932.5703125,6363,0.0,0.0
2026-03-27 00:00:00+09:00,88738.40046549836,89126.75232749179,88252.96063800657,88641.3125,6502,0.0,0.0
2026-03-30 00:00:00+09:00,87379.16285854894,87476.25081728066,86214.10735376828,86311.1953125,8076,0.0,0.0
2026-03-31 00:00:00+09:00,86699.55121723506,86796.63918052425,85728.67158434329,86117.0234375,8756,0.0,0.0
2026-04-01 00:00:00+09:00,87184.98814236111,87379.1640625,86699.54834201389,87379.1640625,4458,0.0,0.0
2026-04-02 00:00:00+09:00,87379.16871488764,88155.87243679776,86117.0251667837,86408.2890625,5618,0.0,0.0
2026-04-03 00:00:00+09:00,86505.37643548162,87282.08015207405,86311.20050633352,87184.9921875,3452,0.0,0.0
2026-04-06 00:00:00+09:00,87184.99189301551,87864.60764273835,87087.9039287694,87573.34375,1478,0.0,0.0
2026-04-07 00:00:00+09:00,87864.60183129855,88447.1295782464,87476.25,87476.25,1649,0.0,0.0
2026-04-08 00:00:00+09:00,88544.21847707423,88932.5703125,87864.60276507915,88932.5703125,3777,0.0,0.0
2026-04-09 00:00:00+09:00,89029.65910190818,89126.74706167035,87476.2517457135,87767.515625,3463,0.0,0.0
2026-04-10 00:00:00+09:00,87961.6938612347,87961.6938612347,86990.81423804227,87282.078125,3460,0.0,0.0
2026-04-13 00:00:00+09:00,87184.98612652608,87476.25,86796.63429522753,87476.25,4111,0.0,0.0
2026-04-14 00:00:00+09:00,87961.69300562568,88447.1328125,87864.60504425083,88447.1328125,4108,0.0,0.0
2026-04-15 00:00:00+09:00,88932.56882563257,89029.65678286579,87961.68925330033,88252.953125,3037,0.0,0.0
2026-04-16 00:00:00+09:00,88350.04860350493,88641.3125,87767.52081051479,88641.3125,3846,0.0,0.0
2026-04-17 00:00:00+09:00,89126.7505837912,89126.7505837912,88058.7829842033,88350.046875,3085,0.0,0.0
2026-04-20 00:00:00+09:00,88738.39669662458,88932.57261937432,88058.78096700055,88447.1328125,2830,0.0,0.0
2026-04-21 00:00:00+09:00,88738.3987293956,88932.57465659341,88155.87094780219,88350.046875,2989,0.0,0.0
2026-04-22 00:00:00+09:00,88155.86774305555,88155.86774305555,87184.98814236111,87379.1640625,2596,0.0,0.0
2026-04-23 00:00:00+09:00,87573.34172549834,87670.4296875,86893.72599148672,87670.4296875,3246,0.0,0.0
2026-04-24 00:00:00+09:00,87864.60358476217,88058.7795042865,87476.2517457135,87767.515625,2615,0.0,0.0
2026-04-27 00:00:00+09:00,87767.51938465783,88155.87124034217,87476.25549289459,87961.6953125,2868,0.0,0.0
2026-04-28 00:00:00+09:00,87767.51822625699,87961.69415153631,86602.46267458101,86893.7265625,3211,0.0,0.0
2026-04-30 00:00:00+09:00,86893.7265625,86990.81452513966,86408.28674930168,86893.7265625,3561,0.0,0.0
2026-05-01 00:00:00+09:00,86699.55092592593,86796.63888888889,86117.02314814815,86505.375,4015,0.0,0.0
2026-05-07 00:00:00+09:00,86796.64092345505,86990.81685393259,85631.58534058988,86408.2890625,4841,0.0,0.0
2026-05-08 00:00:00+09:00,86699.54565263605,86699.54565263605,85437.40221088435,85631.578125,5029,0.0,0.0
2026-05-11 00:00:00+09:00,85631.57987288135,86019.93170903955,85534.4919138418,85922.84375,4009,0.0,0.0
2026-05-12 00:00:00+09:00,85922.84839285715,85922.84839285715,84757.79282142858,84951.96875,3699,0.0,0.0
2026-05-13 00:00:00+09:00,84563.61689285714,84951.96875,84175.26503571428,84951.96875,4272,0.0,0.0
2026-05-14 00:00:00+09:00,84951.96470567276,85146.140625,84369.43694769099,85146.140625,5329,0.0,0.0
2026-05-15 00:00:00+09:00,85146.1420832155,86019.9337351527,84854.87819923642,85825.7578125,5922,0.0,0.0
2026-05-18 00:00:00+09:00,86117.01844965675,86117.01844965675,84175.25929633867,84854.875,4107,0.0,0.0
2026-05-19 00:00:00+09:00,84466.52663352272,85437.40625,84369.438671875,85437.40625,6107,0.0,0.0
2026-05-20 00:00:00+09:00,85534.49743807937,85631.58540338934,83398.56220126014,83786.9140625,9609,0.0,0.0
2026-05-21 00:00:00+09:00,84466.52748775922,84466.52748775922,83495.64786146313,84272.3515625,6868,0.0,0.0
2026-05-22 00:00:00+09:00,84078.1706505848,84078.1706505848,83010.203125,83010.203125,4939,0.0,0.0
2026-05-25 00:00:00+09:00,82913.11864837399,83592.734375,82621.85476553426,83592.734375,4534,0.0,0.0
2026-05-26 00:00:00+09:00,83010.2033912309,83495.64317714454,82621.8515625,82621.8515625,5141,0.0,0.0
2026-05-27 00:00:00+09:00,83398.56076591706,83398.56076591706,82621.8570568049,83107.296875,5481,0.0,0.0
2026-05-28 00:00:00+09:00,82621.8515625,82913.11543404817,82233.49973376909,82621.8515625,5511,0.0,0.0
2026-05-29 00:00:00+09:00,83010.21063736903,84272.35419091968,82621.85877473807,83398.5625,6579,0.0,0.0
2026-06-01 00:00:00+09:00,83398.55754100178,83495.64550088653,82039.32610261525,82136.4140625,5016,0.0,0.0
2026-06-02 00:00:00+09:00,81553.88537906138,81553.88537906138,80000.47803850782,80680.09375,5905,0.0,0.0
2026-06-03 00:00:00+09:00,80583.01127018541,81262.62702788577,80291.74737402811,81165.5390625,4337,0.0,0.0
2026-06-04 00:00:00+09:00,80874.2719809322,81068.44790405569,80194.65625,80194.65625,3676,0.0,0.0
2026-06-05 00:00:00+09:00,80194.65368637725,81359.70918787425,80097.56572791917,81068.4453125,3990,0.0,0.0
2026-06-08 00:00:00+09:00,80291.74164483533,81359.70918787425,80194.65368637725,81068.4453125,4361,0.0,0.0
2026-06-09 00:00:00+09:00,81650.9730632485,81650.9730632485,80485.9175617515,81068.4453125,3577,0.0,0.0
2026-06-10 00:00:00+09:00,81359.7106591449,81845.15046021377,81068.44677850357,81748.0625,4351,0.0,0.0
2026-06-11 00:00:00+09:00,81845.15452008929,82330.59434523809,81456.80265997024,81553.890625,4125,0.0,0.0
2026-06-12 00:00:00+09:00,82524.76967865566,82913.12153596699,81650.9779997052,82330.59375,6770,0.0,0.0
2026-06-15 00:00:00+09:00,82816.03298408295,83301.47280227803,82330.59316588785,83107.296875,5089,0.0,0.0
2026-06-16 00:00:00+09:00,83107.29571005917,83107.29571005917,81456.80035133136,82039.328125,3724,0.0,0.0
2026-06-17 00:00:00+09:00,82136.41231094307,82233.50026875742,81748.06047968565,81845.1484375,4201,0.0,0.0
2026-06-18 00:00:00+09:00,81942.23870077566,81942.23870077566,80971.35909531623,81359.7109375,2865,0.0,0.0
2026-06-19 00:00:00+09:00,81165.53273279952,82039.3243531287,81165.53273279952,81845.1484375,4769,0.0,0.0
2026-06-22 00:00:00+09:00,81845.14870753874,81845.14870753874,80874.2691261919,81456.796875,2481,0.0,0.0
2026-06-23 00:00:00+09:00,81845.1484375,82039.3243531287,81262.62069061388,81845.1484375,5573,0.0,0.0
2026-06-24 00:00:00+09:00,82039.3243531287,82233.50026875742,81553.88456405693,81845.1484375,3605,0.0,0.0
2026-06-25 00:00:00+09:00,82233.49973376909,83107.29134841364,81845.14790503819,82621.8515625,4212,0.0,0.0
2026-06-26 00:00:00+09:00,82913.12037037036,83981.08796296296,82524.76851851851,83884.0,10645,0.0,0.0
2026-06-29 00:00:00+09:00,84000.0,84600.0,83300.0,83300.0,8818,2516.0,0.0
2026-06-30 00:00:00+09:00,84000.0,84300.0,83500.0,83700.0,3995,0.0,0.0
2026-07-01 00:00:00+09:00,83500.0,83600.0,82200.0,82200.0,5159,0.0,0.0
2026-07-02 00:00:00+09:00,83100.0,83800.0,82700.0,83400.0,5245,0.0,0.0
2026-07-03 00:00:00+09:00,83400.0,85200.0,83300.0,84600.0,4514,0.0,0.0
2026-07-06 00:00:00+09:00,84700.0,86000.0,84500.0,85000.0,3635,0.0,0.0
2026-07-07 00:00:00+09:00,85300.0,85700.0,84800.0,85000.0,2894,0.0,0.0
2026-07-08 00:00:00+09:00,84900.0,85000.0,84000.0,84000.0,3333,0.0,0.0
2026-07-09 00:00:00+09:00,83900.0,84200.0,83600.0,83900.0,3000,0.0,0.0
2026-07-10 00:00:00+09:00,83800.0,83900.0,83200.0,83200.0,3392,0.0,0.0
2026-07-13 00:00:00+09:00,83300.0,83700.0,82700.0,83100.0,3691,0.0,0.0
2026-07-14 00:00:00+09:00,83100.0,84100.0,83100.0,83900.0,3773,0.0,0.0
2026-07-15 00:00:00+09:00,84200.0,84600.0,83900.0,84200.0,4144,0.0,0.0
2026-07-16 00:00:00+09:00,84300.0,84300.0,83100.0,83100.0,3829,0.0,0.0
2026-07-17 00:00:00+09:00,83700.0,84300.0,83200.0,83500.0,2763,0.0,0.0
2026-07-21 00:00:00+09:00,84200.0,85000.0,84000.0,84700.0,4498,0.0,0.0
2026-07-22 00:00:00+09:00,84800.0,84800.0,84100.0,84400.0,2810,0.0,0.0
2026-07-23 00:00:00+09:00,84700.0,84900.0,83700.0,84000.0,2647,0.0,0.0
2026-07-24 00:00:00+09:00,83900.0,84000.0,83400.0,83900.0,2628,0.0,0.0
2026-07-27 00:00:00+09:00,84400.0,85100.0,84300.0,85100.0,2074,0.0,0.0
2026-07-28 00:00:00+09:00,85200.0,85800.0,84700.0,85100.0,3030,0.0,0.0
2026-07-29 00:00:00+09:00,85200.0,86100.0,85100.0,86100.0,4058,0.0,0.0
2026-07-30 00:00:00+09:00,85100.0,85200.0,83600.0,83600.0,25514,0.0,0.0
2026-07-31 00:00:00+09:00,84200.0,84900.0,83600.0,83800.0,6625,0.0,0.0
2026-08-03 00:00:00+09:00,83800.0,84000.0,82500.0,82500.0,5589,0.0,0.0
2026-08-04 00:00:00+09:00,82300.0,82600.0,81600.0,81600.0,4281,0.0,0.0
2026-08-05 00:00:00+09:00,81800.0,82200.0,81400.0,82100.0,5446,0.0,0.0
2026-08-06 00:00:00+09:00,81600.0,82200.0,81300.0,82000.0,4144,0.0,0.0
2026-08-07 00:00:00+09:00,82300.0,82600.0,81500.0,82000.0,3939,0.0,0.0
2026-08-10 00:00:00+09:00,82100.0,82300.0,81100.0,82000.0,3117,0.0,0.0
2026-08-12 00:00:00+09:00,82000.0,82400.0,81800.0,82400.0,2302,0.0,0.0
2026-08-13 00:00:00+09:00,82400.0,82700.0,82000.0,82000.0,2367,0.0,0.0
2026-08-14 00:00:00+09:00,82000.0,82400.0,81900.0,82200.0,3264,0.0,0.0
2026-08-17 00:00:00+09:00,82600.0,83100.0,82000.0,82300.0,3343,0.0,0.0
2026-08-18 00:00:00+09:00,82400.0,82400.0,81200.0,81800.0,2726,0.0,0.0
2026-08-19 00:00:00+09:00,81800.0,81900.0,80900.0,81300.0,3281,0.0,0.0
2026-08-20 00:00:00+09:00,81900.0,82400.0,81200.0,82400.0,3400,0.0,0.0
2026-08-21 00:00:00+09:00,82000.0,82700.0,81500.0,81900.0,3745,0.0,0.0
2026-08-24 00:00:00+09:00,82200.0,82500.0,81700.0,82500.0,3251,0.0,0.0
2026-08-25 00:00:00+09:00,82600.0,83300.0,82500.0,82700.0,4222,0.0,0.0
2026-08-26 00:00:00+09:00,83100.0,83300.0,82700.0,83100.0,4497,0.0,0.0
2026-08-27 00:00:00+09:00,83100.0,83700.0,82900.0,83200.0,6444,0.0,0.0
2026-08-28 00:00:00+09:00,83200.0,83400.0,82400.0,82500.0,6276,0.0,0.0
2026-08-31 00:00:00+09:00,82700.0,82700.0,81700.0,82400.0,8641,0.0,0.0
2026-09-01 00:00:00+09:00,82100.0,82600.0,82000.0,82100.0,6103,0.0,0.0
2026-09-02 00:00:00+09:00,82000.0,82500.0,81400.0,82300.0,5667,0.0,0.0
2026-09-03 00:00:00+09:00,82600.0,83000.0,81900.0,81900.0,5632,0.0,0.0
2026-09-04 00:00:00+09:00,81800.0,81900.0,81300.0,81300.0,4696,0.0,0.0
2026-09-07 00:00:00+09:00,81500.0,81600.0,81000.0,81200.0,3961,0.0,0.0
2026-09-08 00:00:00+09:00,81200.0,81700.0,80800.0,80900.0,5222,0.0,0.0
2026-09-09 00:00:00+09:00,80800.0,81400.0,80600.0,80700.0,3882,0.0,0.0
2026-09-10 00:00:00+09:00,80700.0,81500.0,80700.0,81200.0,3012,0.0,0.0
2026-09-11 00:00:00+09:00,82500.0,82800.0,80000.0,80100.0,10470,0.0,0.0
2026-09-14 00:00:00+09:00,80100.0,81100.0,80100.0,80600.0,3928,0.0,0.0
2026-09-15 00:00:00+09:00,80600.0,81200.0,80600.0,81000.0,3543,0.0,0.0
2026-09-16 00:00:00+09:00,81100.0,81500.0,80800.0,80800.0,2576,0.0,0.0
2026-09-17 00:00:00+09:00,80900.0,81500.0,80800.0,80900.0,2945,0.0,0.0
2026-09-18 00:00:00+09:00,81300.0,81400.0,80700.0,80700.0,5857,0.0,0.0
2026-09-24 00:00:00+09:00,80500.0,80900.0,80400.0,80500.0,4378,0.0,0.0
2026-09-25 00:00:00+09:00,80900.0,81200.0,80300.0,80300.0,4773,0.0,0.0
2026-09-28 00:00:00+09:00,80500.0,80600.0,79900.0,79900.0,4509,0.0,0.0
2026-09-29 00:00:00+09:00,79900.0,80000.0,79400.0,79500.0,7069,0.0,0.0
2026-09-30 00:00:00+09:00,79200.0,79600.0,78800.0,79000.0,7051,0.0,0.0
2026-10-01 00:00:00+09:00,78900.0,79200.0,77700.0,77900.0,5972,0.0,0.0
2026-10-02 00:00:00+09:00,77800.0,77900.0,77100.0,77200.0,5849,0.0,0.0
2026-10-05 00:00:00+09:00,77100.0,77400.0,76400.0,76500.0,2687,0.0,0.0
