Date,Open,High,Low,Close,Volume,Dividends,Stock Splits
2021-10-04 00:00:00+09:00,127510.73630491713,129677.37562539087,127029.26090036742,128313.1953125,8831,0.0,0.0
2021-10-05 00:00:00+09:00,127590.9954822744,131202.0613921501,125344.11002724063,130720.5859375,19159,0.0,0.0
2021-10-06 00:00:00+09:00,131683.53274711946,132485.99181322014,129516.89326864766,132325.5,23453,0.0,0.0
2021-10-07 00:00:00+09:00,132325.48014772046,134492.11930113978,130640.31636172766,133769.90625,14569,0.0,0.0
2021-10-08 00:00:00+09:00,134251.4115242616,134813.1329113924,133047.72283755275,133127.96875,12498,0.0,0.0
2021-10-11 00:00:00+09:00,134411.89693794432,135776.07738447867,132245.25740521328,135455.09375,13826,0.0,0.0
2021-10-12 00:00:00+09:00,135535.34783653848,136097.06923076924,134893.38052884617,135615.59375,8728,0.0,0.0
2021-10-13 00:00:00+09:00,135936.5836208162,137220.5182949207,135455.108118027,136658.796875,13554,0.0,0.0
2021-10-14 00:00:00+09:00,136739.02230565372,138584.6781231596,134813.12058303886,136257.546875,9970,0.0,0.0
2021-10-15 00:00:00+09:00,135615.58630688535,136097.0617612293,134492.14358008275,135776.078125,11446,0.0,0.0
2021-10-18 00:00:00+09:00,134973.62998903508,137461.25337171054,133529.20350877193,137220.515625,13543,0.0,0.0
2021-10-19 00:00:00+09:00,137541.47694493007,137942.7064576049,135936.55889423075,137701.96875,11191,0.0,0.0
2021-10-20 00:00:00+09:00,136337.80242791277,137461.24517893736,135134.11376610072,137060.015625,10357,0.0,0.0
2021-10-21 00:00:00+09:00,136819.30363494484,138183.484375,136658.81178317365,138183.484375,10392,0.0,0.0
2021-10-22 00:00:00+09:00,137701.99851632048,137782.24443620178,134732.89948071216,135214.375,10675,0.0,0.0
2021-10-25 00:00:00+09:00,135134.09121821407,136578.51737137788,135053.8453208161,135695.8125,12056,0.0,0.0
2021-10-26 00:00:00+09:00,136578.54325208085,136658.7891646849,134732.88726218787,134973.625,7283,0.0,0.0
2021-10-27 00:00:00+09:00,135615.58112910317,137060.0074369871,135374.8434111225,136899.515625,10343,0.0,0.0
2021-10-28 00:00:00+09:00,136739.0171582944,137541.47617917642,136016.8040395006,137380.984375,8643,0.0,0.0
2021-10-29 00:00:00+09:00,137621.71719390745,137621.71719390745,135936.55330990042,136979.75,10240,0.0,0.0
2021-11-01 00:00:00+09:00,136819.2824519231,137220.51201923078,135294.61009615386,135615.59375,5369,0.0,0.0
2021-11-02 00:00:00+09:00,136177.30021399056,136658.77564197165,135374.84116735536,135936.5625,5730,0.0,0.0
2021-11-04 00:00:00+09:00,136418.0528846154,136658.790625,135294.61009615386,135615.59375,5158,0.0,0.0
2021-11-05 00:00:00+09:00,135936.56659292034,136257.55022123893,134813.1238938053,136016.8125,5713,0.0,0.0
2021-11-08 00:00:00+09:00,135695.83847140762,137060.0189882698,134973.62525659823,136819.28125,8160,0.0,0.0
2021-11-09 00:00:00+09:00,135455.0930077197,136016.81436497922,134973.61755864014,135134.109375,7254,0.0,0.0
2021-11-10 00:00:00+09:00,135053.84056313738,135134.08645770847,133047.69319886024,133769.90625,7678,0.0,0.0
2021-11-11 00:00:00+09:00,134090.91256866092,135856.32254861936,133689.6830277613,135134.109375,6287,0.0,0.0
2021-11-12 00:00:00+09:00,135134.11682520807,136418.05142687276,134411.9036117717,134973.625,7166,0.0,0.0
2021-11-15 00:00:00+09:00,134652.6150526082,136418.02478512152,134652.6150526082,135374.828125,7258,0.0,0.0
2021-11-16 00:00:00+09:00,136177.2935477941,136418.03125,135374.83454044117,136418.03125,5670,0.0,0.0
2021-11-17 00:00:00+09:00,135776.08606373428,136097.06971873128,134090.921875,134090.921875,11391,0.0,0.0
2021-11-18 00:00:00+09:00,135053.87091260403,135535.3463882283,134492.14952437574,134973.625,5870,0.0,0.0
2021-11-19 00:00:00+09:00,134572.36519571085,134813.1028794241,133609.41446085784,133769.90625,8138,0.0,0.0
2021-11-22 00:00:00+09:00,133769.91777648558,134251.39318539915,133529.1800720288,133689.671875,6298,0.0,0.0
2021-11-24 00:00:00+09:00,132887.214652568,133448.93597054383,131844.0179191843,132806.96875,7836,0.0,0.0
2021-11-25 00:00:00+09:00,133448.9375,134331.6424383644,133127.9538860493,133448.9375,5377,0.0,0.0
2021-11-26 00:00:00+09:00,133529.1983122363,134090.91969936708,131603.2964135021,133127.96875,10080,0.0,0.0
2021-11-29 00:00:00+09:00,131202.06179638975,132405.7504367236,128473.70087829969,129195.9140625,15288,0.0,0.0
2021-11-30 00:00:00+09:00,129998.35037174722,135455.07125154894,129436.6291047088,129516.875,27492,0.0,0.0
2021-12-01 00:00:00+09:00,130800.82662222565,133288.44970522504,130078.61346909679,130158.859375,18916,0.0,0.0
2021-12-02 00:00:00+09:00,130158.86346657424,132646.48662777265,129597.14210759396,130239.109375,15485,0.0,0.0
2021-12-03 00:00:00+09:00,129998.38123851806,132165.02092582668,129998.38123851806,131041.578125,11643,0.0,0.0
2021-12-06 00:00:00+09:00,131041.56098076922,131763.77411538461,129597.13471153846,130399.59375,9831,0.0,0.0
2021-12-07 00:00:00+09:00,130078.6375836024,131523.06415763378,130078.6375836024,130479.8671875,6216,0.0,0.0
2021-12-08 00:00:00+09:00,130800.84059858092,132967.48028947765,130399.61102619264,132887.234375,13876,0.0,0.0
2021-12-09 00:00:00+09:00,132887.21286014406,133850.1636779712,132084.75384528813,133689.671875,15122,0.0,0.0
2021-12-10 00:00:00+09:00,134813.12687237866,134813.12687237866,132084.76597139006,133930.421875,20709,0.0,0.0
2021-12-13 00:00:00+09:00,133609.44202527322,134171.16340315726,131924.27789162114,132165.015625,7476,0.0,0.0
2021-12-14 00:00:00+09:00,132405.73459534027,132967.45589362353,130720.57070049048,130881.0625,8247,0.0,0.0
2021-12-15 00:00:00+09:00,130881.06812118903,131844.01895960365,130881.06812118903,131603.28125,5812,0.0,0.0
2021-12-16 00:00:00+09:00,131603.2738276492,132405.73281440316,131442.7820302984,131763.765625,5524,0.0,0.0
2021-12-17 00:00:00+09:00,131121.79746907062,132967.453125,130319.33848823175,132967.453125,24665,0.0,0.0
2021-12-20 00:00:00+09:00,132084.7534408141,132325.4911445337,128553.93378626014,128634.1796875,11906,0.0,0.0
2021-12-21 00:00:00+09:00,129276.1525327621,130399.59519909274,128714.43119959677,129356.3984375,8315,0.0,0.0
2021-12-22 00:00:00+09:00,129356.40588121118,130078.61906541149,128955.17633443323,129195.9140625,6871,0.0,0.0
2021-12-23 00:00:00+09:00,129516.90070093458,130158.86799065421,128634.1956775701,128794.6875,3837,0.0,0.0
2021-12-24 00:00:00+09:00,129516.88910725404,129597.13501128579,128714.43006693647,128874.921875,7084,0.0,0.0
2021-12-27 00:00:00+09:00,129195.91108257529,129276.15699008,127911.97656250001,127911.9765625,5144,0.0,0.0
2021-12-28 00:00:00+09:00,128794.68191964286,128794.68191964286,127510.74739583333,128072.46875,8014,0.0,0.0
2021-12-29 00:00:00+09:00,128152.73548489391,130479.8671875,128152.73548489391,130479.8671875,6506,0.0,0.0
2021-12-30 00:00:00+09:00,130399.58849177226,130961.3097960445,129837.8671875,129837.8671875,4981,0.0,0.0
2022-01-04 00:00:00+09:00,132646.484375,132806.97618912582,130640.3366984271,132646.484375,8265,0.0,0.0
2022-01-05 00:00:00+09:00,132004.5107660061,132726.72389481709,131523.03534679877,131603.28125,16688,0.0,0.0
2022-01-06 00:00:00+09:00,131523.0658905104,131844.04957785757,129757.65561010085,131282.328125,9170,0.0,0.0
2022-01-07 00:00:00+09:00,130881.06764069265,131763.77257266545,129115.65777674707,129757.625,9409,0.0,0.0
2022-01-11 00:00:00+09:00,129757.6256689453,130078.60928222655,128072.46169921874,128393.4453125,9377,0.0,0.0
2022-01-12 00:00:00+09:00,127911.9769345238,128874.92782738095,127350.25558035713,128072.46875,9920,0.0,0.0
2022-01-13 00:00:00+09:00,127430.50708254418,128313.21210641571,126387.31023615056,127109.5234375,12210,0.0,0.0
2022-01-14 00:00:00+09:00,127109.52011494253,127430.50375159642,125665.09375,125665.09375,10987,0.0,0.0
2022-01-17 00:00:00+09:00,125986.0703125,127029.26707304936,125986.0703125,125986.0703125,13517,0.0,0.0
2022-01-18 00:00:00+09:00,125665.07616685412,126387.28924827282,124621.87949369378,124862.6171875,11011,0.0,0.0
2022-01-19 00:00:00+09:00,124461.4111447704,124782.39479698129,117720.75444834183,117961.4921875,25238,0.0,0.0
2022-01-20 00:00:00+09:00,117961.48244666785,118362.71197879937,113788.6953125,113788.6953125,34984,0.0,0.0
2022-01-21 00:00:00+09:00,112264.02922692837,117640.5052513774,110177.6355457989,116517.0625,33751,0.0,0.0
2022-01-24 00:00:00+09:00,116517.06022267207,119807.14250168692,114831.89612854252,118924.4375,17782,0.0,0.0
2022-01-25 00:00:00+09:00,119486.15886470985,120047.88022941971,117640.50295209177,118924.4375,15070,0.0,0.0
2022-01-26 00:00:00+09:00,119807.12871250838,120368.85001256703,117319.50581224865,119726.8828125,12435,0.0,0.0
2022-01-27 00:00:00+09:00,119726.8723162004,123337.9375,118523.18392160053,123337.9375,21741,0.0,0.0
2022-01-28 00:00:00+09:00,123097.23195732097,126066.33077245844,121973.7891624041,125504.609375,18353,0.0,0.0
2022-01-31 00:00:00+09:00,127430.49703782173,128714.43151679222,126307.05436872254,127831.7265625,19366,0.0,0.0
2022-02-01 00:00:00+09:00,128232.93646436614,128473.67414233429,123337.93701234716,124702.1171875,17381,0.0,0.0
2022-02-02 00:00:00+09:00,126146.56212181528,127029.26707304936,124782.38174263535,125986.0703125,11409,0.0,0.0
2022-02-03 00:00:00+09:00,125665.09151785713,128553.94419642857,125263.86197916666,128072.46875,9520,0.0,0.0
2022-02-04 00:00:00+09:00,128634.18071571947,128955.16432324465,127109.50857997482,127430.4921875,16080,0.0,0.0
2022-02-07 00:00:00+09:00,126868.80026140685,127510.76762515843,125986.09513624842,126628.0625,11424,0.0,0.0
2022-02-08 00:00:00+09:00,126547.77271858911,127911.95289374195,124060.1500462516,124702.1171875,9505,0.0,0.0
2022-02-09 00:00:00+09:00,123097.2148611111,127270.00180555556,122776.23125,126387.296875,13075,0.0,0.0
2022-02-10 00:00:00+09:00,127189.7524673594,129837.8671875,127029.26066613875,129837.8671875,17331,0.0,0.0
2022-02-14 00:00:00+09:00,127590.98618587713,128393.44521849272,126547.78944347688,126708.28125,11923,0.0,0.0
2022-02-15 00:00:00+09:00,126628.02398302371,127510.72883968611,124621.87658151827,125263.84375,17404,0.0,0.0
2022-02-16 00:00:00+09:00,125905.83469626168,129276.16296728971,125665.09696261682,128794.6875,9131,0.0,0.0
2022-02-17 00:00:00+09:00,127751.4921875,128072.47583621232,126387.31168047269,127751.4921875,9480,0.0,0.0
2022-02-18 00:00:00+09:00,126307.04956116184,127831.72169690649,125905.82005175536,127430.4921875,8049,0.0,0.0
2022-02-21 00:00:00+09:00,126307.03945907361,127751.46557741117,125745.31819083121,126467.53125,5783,0.0,0.0
2022-02-22 00:00:00+09:00,124461.39318531411,124862.62269268134,122374.99974700452,123899.671875,15844,0.0,0.0
2022-02-24 00:00:00+09:00,123739.16656148208,126868.75637723942,121091.05210199511,123177.4453125,30669,0.0,0.0
2022-02-25 00:00:00+09:00,123213.5317217568,125099.03486853019,122557.7045402704,123541.4453125,17364,3244.0,0.0
2022-02-28 00:00:00+09:00,122721.65683670947,125262.987071805,122721.65683670947,124443.203125,19233,0.0,0.0
2022-03-01 00:00:00+09:00,124443.19189167209,127230.45705920625,124443.19189167209,126000.78125,12367,0.0,0.0
2022-03-02 00:00:00+09:00,127558.37499999999,128132.22373071978,125099.02329691515,127558.375,11039,0.0,0.0
2022-03-03 00:00:00+09:00,127968.28542450131,127968.28542450131,125181.01975862493,125344.9765625,5955,0.0,0.0
2022-03-04 00:00:00+09:00,126082.79645738266,126410.71010226532,124279.27141052803,125754.8828125,8760,0.0,0.0
2022-03-07 00:00:00+09:00,125181.01052138268,126082.7728761536,123623.42099950562,124361.2265625,10602,0.0,0.0
2022-03-08 00:00:00+09:00,125918.82537606278,126246.73898381296,124033.32213149936,125344.9765625,16559,0.0,0.0
2022-03-09 00:00:00+09:00,125262.96681120747,126738.57767678452,122803.61536857905,122885.59375,13484,0.0,0.0
2022-03-10 00:00:00+09:00,124607.17817769131,126738.6167517834,124279.26455090792,126410.703125,9600,0.0,0.0
2022-03-11 00:00:00+09:00,126164.7568630284,127312.4544563243,123623.42647787317,124115.296875,11169,0.0,0.0
2022-03-14 00:00:00+09:00,123131.55559276625,124689.14517749498,122393.75,122393.75,9083,0.0,0.0
2022-03-15 00:00:00+09:00,122885.61341812668,123377.48378537736,121164.06713274933,121655.9375,9467,0.0,0.0
2022-03-16 00:00:00+09:00,122147.82968442219,125672.90127934176,121819.91604768549,124853.1171875,8862,0.0,0.0
2022-03-17 00:00:00+09:00,125508.91955374673,125918.81151832461,123787.37330251963,125262.984375,8739,0.0,0.0
2022-03-18 00:00:00+09:00,126164.74924121406,128706.07947284344,126000.79245207667,128296.1875,15863,0.0,0.0
2022-03-22 00:00:00+09:00,127558.39600218204,131575.33777860037,124689.15187616895,131493.359375,15246,0.0,0.0
2022-03-23 00:00:00+09:00,131575.33782785916,131739.2946351213,128870.05050803402,130099.7265625,9869,0.0,0.0
2022-03-24 00:00:00+09:00,129853.76964727724,132641.0349048577,129115.9641379177,132477.078125,11914,0.0,0.0
2022-03-25 00:00:00+09:00,132805.02690591736,132805.02690591736,130755.56661415937,130919.5234375,9599,0.0,0.0
2022-03-28 00:00:00+09:00,132313.1534020936,133788.76477832513,131575.34771397783,133132.9375,8715,0.0,0.0
2022-03-29 00:00:00+09:00,133132.93776595744,135428.33324468086,132968.98094604863,134854.484375,9178,0.0,0.0
2022-03-30 00:00:00+09:00,136166.12838022131,136576.0203982232,129607.85609219139,131493.359375,8148,0.0,0.0
2022-03-31 00:00:00+09:00,132067.1934805366,133706.7613698046,131739.27990268302,132149.171875,12577,0.0,0.0
2022-04-01 00:00:00+09:00,132231.15902756568,134444.57582467928,129935.76383055895,134198.640625,15487,0.0,0.0
2022-04-04 00:00:00+09:00,137149.86066592718,137149.86066592718,131493.35117044064,133952.703125,10520,0.0,0.0
2022-04-05 00:00:00+09:00,134116.6572004258,134854.46277182177,133214.89483538625,134772.484375,9272,0.0,0.0
2022-04-06 00:00:00+09:00,133460.85567484662,133952.72615030676,132149.20107361962,133624.8125,13953,0.0,0.0
2022-04-07 00:00:00+09:00,132968.97205284552,133132.92886178862,130509.61991869919,131083.46875,9005,0.0,0.0
2022-04-08 00:00:00+09:00,131165.44540229885,131821.27262931035,128296.20128412357,128378.1796875,11169,0.0,0.0
2022-04-11 00:00:00+09:00,130263.66519516728,132477.08178438662,129771.79484200742,132313.125,8274,0.0,0.0
2022-04-12 00:00:00+09:00,132723.0454510468,134034.70000769704,131657.32612376846,133132.9375,12164,0.0,0.0
2022-04-13 00:00:00+09:00,134362.58814423077,134444.56653846154,132231.14989423077,133214.890625,8145,0.0,0.0
2022-04-14 00:00:00+09:00,134280.61671894125,134280.61671894125,132723.02714772034,133952.703125,6712,0.0,0.0
2022-04-15 00:00:00+09:00,133952.69579899267,134854.4581330128,133542.8038289835,134280.609375,6886,0.0,0.0
2022-04-18 00:00:00+09:00,134280.63550531914,135018.4411949088,133788.7650455927,134854.484375,4762,0.0,0.0
2022-04-19 00:00:00+09:00,134526.55560661765,135182.3828125,133050.94439338235,133788.75,14303,0.0,0.0
2022-04-20 00:00:00+09:00,134362.6204837722,135182.40462339253,131821.28965094918,133870.75,13376,0.0,0.0
2022-04-21 00:00:00+09:00,133788.739010989,135018.4149210165,133214.89025297618,134280.609375,8152,0.0,0.0
2022-04-22 00:00:00+09:00,133788.75998789346,136166.13378669796,133378.86795361683,135428.328125,8196,0.0,0.0
2022-04-25 00:00:00+09:00,135264.3497312235,135756.2200938825,133542.80346191704,135346.328125,6885,0.0,0.0
2022-04-26 00:00:00+09:00,135182.37268377884,137313.81094319563,134854.45910540703,134936.4375,16933,0.0,0.0
2022-04-27 00:00:00+09:00,134936.4295569809,137641.71641930193,134772.4727774463,137395.78125,11186,0.0,0.0
2022-04-28 00:00:00+09:00,136412.07852760737,137559.776303681,133624.8125,133624.8125,14948,0.0,0.0
2022-05-02 00:00:00+09:00,131001.48302916922,135428.31662339647,130755.54782948992,134198.640625,11540,0.0,0.0
2022-05-06 00:00:00+09:00,134280.63213803957,137313.83323029077,134280.63213803957,136739.984375,15084,0.0,0.0
2022-05-09 00:00:00+09:00,135428.328125,137149.87466896186,134608.54405644673,135428.328125,11155,0.0,0.0
2022-05-10 00:00:00+09:00,135428.33695982958,135592.29378423616,133870.74712796713,134690.53125,14048,0.0,0.0
2022-05-11 00:00:00+09:00,134690.51380032266,135920.1898240627,131657.312941764,133378.859375,17543,0.0,0.0
2022-05-12 00:00:00+09:00,131739.28728303898,136084.14243300853,131739.28728303898,134608.53125,11639,0.0,0.0
2022-05-13 00:00:00+09:00,135264.35166091783,137805.68190424415,135264.35166091783,136657.984375,12624,0.0,0.0
2022-05-16 00:00:00+09:00,137313.84044050516,137477.79726491173,133378.8766547474,134690.53125,11247,0.0,0.0
2022-05-17 00:00:00+09:00,134690.50597817823,135182.3763591089,133706.7652163169,134772.484375,4392,0.0,0.0
2022-05-18 00:00:00+09:00,134772.4807108141,135510.28626215065,134116.65355407048,134936.4375,9073,0.0,0.0
2022-05-19 00:00:00+09:00,134608.54914513679,135264.37642477202,133788.7650455927,134854.484375,8378,0.0,0.0
2022-05-20 00:00:00+09:00,131903.2399491682,134936.44061922366,131821.26155268023,133050.9375,14873,0.0,0.0
2022-05-23 00:00:00+09:00,132641.04605763382,135182.3763591089,132395.1108671685,134772.484375,11505,0.0,0.0
2022-05-24 00:00:00+09:00,134526.53787322092,134608.51626314977,131903.22939549814,132477.078125,9208,0.0,0.0
2022-05-25 00:00:00+09:00,132805.0277693244,134772.5096622033,132641.07094491782,134690.53125,11469,0.0,0.0
2022-05-26 00:00:00+09:00,133788.7650455927,135510.31165463527,133624.8082256839,134854.484375,9082,0.0,0.0
2022-05-27 00:00:00+09:00,133378.84077651516,136657.97638257575,133132.9056060606,135264.34375,18081,0.0,0.0
2022-05-30 00:00:00+09:00,136248.0997256464,136576.01332306073,134854.46693663558,136330.078125,8777,0.0,0.0
2022-05-31 00:00:00+09:00,135264.35488676996,137559.75,134526.5493146603,137559.75,40883,0.0,0.0
2022-06-01 00:00:00+09:00,137641.71641930193,137887.65158860383,136739.95413186157,137395.78125,9008,0.0,0.0
2022-06-02 00:00:00+09:00,138133.59412380384,138133.59412380384,136166.11266447368,137067.875,8926,0.0,0.0
2022-06-03 00:00:00+09:00,137805.69347317182,137969.65027682818,136657.9958475773,137887.671875,9954,0.0,0.0
2022-06-06 00:00:00+09:00,138543.47971719122,138871.39327865202,137231.82547134798,138051.609375,9929,0.0,0.0
2022-06-07 00:00:00+09:00,138543.5,138625.47840236686,137559.75917159763,138543.5,8285,0.0,0.0
2022-06-08 00:00:00+09:00,138543.4903533412,138789.42554331757,137887.66318007096,138625.46875,7137,0.0,0.0
2022-06-09 00:00:00+09:00,138871.40353579813,140019.10108568074,137887.66277875588,139691.1875,7590,0.0,0.0
2022-06-10 00:00:00+09:00,139691.21422261483,139691.21422261483,138543.5164531802,139199.34375,12407,0.0,0.0
2022-06-13 00:00:00+09:00,139035.387537092,139035.387537092,137149.8840504451,138133.625,9679,0.0,0.0
2022-06-14 00:00:00+09:00,137887.666252295,138707.45023714812,133788.74632802937,133952.703125,17221,0.0,0.0
2022-06-15 00:00:00+09:00,134034.696971922,135346.35149886436,130673.58224663221,130837.5390625,20842,0.0,0.0
2022-06-16 00:00:00+09:00,131329.39797794117,134772.49080882352,131247.41957720587,133788.75,16058,0.0,0.0
2022-06-17 00:00:00+09:00,131165.43191361727,136657.984375,131001.47512372526,136657.984375,29657,0.0,0.0
2022-06-20 00:00:00+09:00,136658.00102833638,136658.00102833638,133624.80004570383,134526.5625,9365,0.0,0.0
2022-06-21 00:00:00+09:00,135264.36029855246,136248.10110072375,133952.70589565742,135920.1875,9477,0.0,0.0
2022-06-22 00:00:00+09:00,136657.99310162847,137067.88510253318,135428.31709891435,135920.1875,13473,0.0,0.0
2022-06-23 00:00:00+09:00,135756.234375,137969.65123980978,134772.49354619565,135756.234375,13068,0.0,0.0
2022-06-24 00:00:00+09:00,135838.2067975831,136084.14199395772,134198.63882175228,135674.25,8010,0.0,0.0
2022-06-27 00:00:00+09:00,136903.92877084576,137969.64797684635,136002.16636576832,137641.734375,6377,0.0,0.0
2022-06-28 00:00:00+09:00,137887.6614430954,140183.0565206261,137805.68304746927,140101.078125,10131,0.0,0.0
2022-06-29 00:00:00+09:00,139363.30654061213,140019.13386550912,138379.5655532666,139281.328125,12612,0.0,0.0
2022-06-30 00:00:00+09:00,139117.34144406728,140101.08222033648,138379.5358618654,138871.40625,10594,0.0,0.0
2022-07-01 00:00:00+09:00,139609.19879193883,139609.19879193883,136985.8903002524,138051.609375,7485,0.0,0.0
2022-07-04 00:00:00+09:00,139117.34604779413,139773.17325367648,137395.79963235295,139363.28125,5884,0.0,0.0
2022-07-05 00:00:00+09:00,139445.255036157,139527.23343417945,137313.8166875738,138871.40625,8028,0.0,0.0
2022-07-06 00:00:00+09:00,137805.6893133644,138461.51650819302,136330.078125,136330.078125,7121,0.0,0.0
2022-07-07 00:00:00+09:00,137395.78125,138215.56514767304,136575.997352327,137395.78125,5639,0.0,0.0
2022-07-08 00:00:00+09:00,137477.76773238153,137723.70291616037,134936.4375,134936.4375,5352,0.0,0.0
2022-07-11 00:00:00+09:00,134772.49808212998,136494.04459047836,134608.5412718111,136248.109375,9381,0.0,0.0
2022-07-12 00:00:00+09:00,136821.96996728543,136821.96996728543,134198.66077678028,134690.53125,11250,0.0,0.0
2022-07-13 00:00:00+09:00,134690.52246330207,136166.13378669796,134362.60883588076,135428.328125,9967,0.0,0.0
2022-07-14 00:00:00+09:00,134854.4650785519,135510.29226434426,134116.6594945355,135018.421875,5408,0.0,0.0
2022-07-15 00:00:00+09:00,134608.5557256583,135346.3614513166,133460.85793018984,133870.75,10712,0.0,0.0
2022-07-19 00:00:00+09:00,135018.44489881315,136166.14266965917,134526.57442559343,134690.53125,11233,0.0,0.0
2022-07-20 00:00:00+09:00,135018.421875,135756.2274590164,133624.78910519124,135018.421875,12559,0.0,0.0
2022-07-21 00:00:00+09:00,136002.1654510772,137395.79824955115,134690.51105251347,136985.90625,13459,0.0,0.0
2022-07-22 00:00:00+09:00,136248.08742159497,137805.67686865292,135674.23867794205,137231.828125,8283,0.0,0.0
2022-07-25 00:00:00+09:00,137887.6649544232,138379.53534070533,136576.0105910042,137149.859375,9996,0.0,0.0
2022-07-26 00:00:00+09:00,137969.65356577758,137969.65356577758,135346.3446447408,136002.171875,7110,0.0,0.0
2022-07-27 00:00:00+09:00,136412.06900726393,136739.98263468524,135182.39290443403,135428.328125,12034,0.0,0.0
2022-07-28 00:00:00+09:00,136002.16958220108,136002.16958220108,134936.45035099637,135756.234375,9112,0.0,0.0
2022-07-29 00:00:00+09:00,136330.07079521596,137723.70350929815,135592.26524070188,136657.984375,11525,0.0,0.0
2022-08-01 00:00:00+09:00,138133.59837004732,138953.3823366351,137067.87921348313,138625.46875,8829,0.0,0.0
2022-08-02 00:00:00+09:00,138625.47053384638,138625.47053384638,136821.94578414527,137149.859375,8695,0.0,0.0
2022-08-03 00:00:00+09:00,137887.67278106508,138707.45680473372,137067.88875739643,138543.5,8785,0.0,0.0
2022-08-04 00:00:00+09:00,139281.29551789907,139691.1875,137969.64117517605,139691.1875,6947,0.0,0.0
2022-08-05 00:00:00+09:00,139609.22243349502,139691.2008377425,138461.52477402997,139445.265625,6418,0.0,0.0
2022-08-08 00:00:00+09:00,139363.2872207525,139691.2008377425,138543.5031782775,139445.265625,5553,0.0,0.0
2022-08-09 00:00:00+09:00,139281.3042311947,139445.26103429202,138543.49861725664,138953.390625,7246,0.0,0.0
2022-08-10 00:00:00+09:00,139527.25739840989,139609.23581051236,138543.5164531802,139199.34375,8070,0.0,0.0
2022-08-12 00:00:00+09:00,139773.19861867276,140347.04752795762,138707.4792157151,139281.328125,9147,0.0,0.0
2022-08-15 00:00:00+09:00,139363.29545454544,140265.05795454545,138051.6409090909,139773.1875,8523,0.0,0.0
2022-08-16 00:00:00+09:00,139691.17885288966,140428.984375,139281.2868961617,140428.984375,8472,0.0,0.0
2022-08-17 00:00:00+09:00,140183.05458136444,140183.05458136444,138461.5082970319,138789.421875,9452,0.0,0.0
2022-08-18 00:00:00+09:00,139199.34375,139609.23581051236,138133.62439266784,139199.34375,6467,0.0,0.0
2022-08-19 00:00:00+09:00,139199.3134708382,140101.07580781067,138871.39989375733,139855.140625,7633,0.0,0.0
2022-08-22 00:00:00+09:00,138707.44903339192,140265.03859109548,138707.44903339192,139937.125,8699,0.0,0.0
2022-08-23 00:00:00+09:00,139199.31324760767,139281.29164174641,136657.98302930623,137067.875,11583,0.0,0.0
2022-08-24 00:00:00+09:00,136494.03261483434,136903.92460466866,135838.2054310994,136084.140625,10616,0.0,0.0
2022-08-25 00:00:00+09:00,136494.03585053858,137477.7766494614,136330.07905071814,136985.90625,8106,0.0,0.0
2022-08-26 00:00:00+09:00,137559.78428433984,138625.5037096655,136985.93536301068,138461.546875,10338,0.0,0.0
2022-08-29 00:00:00+09:00,138379.5655532666,139855.17703428486,136985.9324878605,139281.328125,32449,0.0,0.0
2022-08-30 00:00:00+09:00,139364.92580888854,141789.390625,138946.91463369693,141789.390625,13679,3300.0,0.0
2022-08-31 00:00:00+09:00,141789.37103407757,142290.984375,140702.5421287456,142290.984375,22626,0.0,0.0
2022-09-01 00:00:00+09:00,142123.7736628606,142290.97810246394,138779.68487079328,139114.09375,12930,0.0,0.0
2022-09-02 00:00:00+09:00,139866.52440458132,139950.12663076457,137442.05984526698,137776.46875,9074,0.0,0.0
2022-09-05 00:00:00+09:00,138612.49551950998,138863.30220621597,137776.47323049002,138194.484375,8035,0.0,0.0
2022-09-06 00:00:00+09:00,138528.8879722306,139448.51245484647,137776.4679409994,138863.296875,5396,0.0,0.0
2022-09-07 00:00:00+09:00,138194.47381478432,139866.51826505392,138194.47381478432,139532.109375,6917,0.0,0.0
2022-09-08 00:00:00+09:00,139699.30472988245,139782.906946956,138278.0670396323,138696.078125,7177,0.0,0.0
2022-09-09 00:00:00+09:00,137860.0365897147,139782.8873123123,137692.83217905404,139197.671875,10944,0.0,0.0
2022-09-12 00:00:00+09:00,139281.31116981414,139615.72008018586,138863.30003184953,139448.515625,5348,0.0,0.0
2022-09-13 00:00:00+09:00,139699.30142452268,140368.1191452864,138696.07484337708,140117.3125,8275,0.0,0.0
2022-09-14 00:00:00+09:00,139364.90437462303,140033.72215206575,138110.87104191797,138612.484375,7508,0.0,0.0
2022-09-15 00:00:00+09:00,139615.7102782765,140451.73249551168,138779.6880610413,139699.3125,9210,0.0,0.0
2022-09-16 00:00:00+09:00,139699.31985940246,142709.0,139532.11540714704,142709.0,20995,0.0,0.0
2022-09-20 00:00:00+09:00,142207.37971908442,142290.9819411415,140284.5286117717,140618.9375,7982,0.0,0.0
2022-09-21 00:00:00+09:00,140451.70828349283,140869.71932005085,139364.87958844198,139782.890625,7849,0.0,0.0
2022-09-22 00:00:00+09:00,139030.50762126865,140200.93883395524,137860.0764085821,140033.734375,5711,0.0,0.0
2022-09-26 00:00:00+09:00,139448.50084304108,139615.70528050276,136188.01431253832,136355.21875,10377,0.0,0.0
2022-09-27 00:00:00+09:00,137442.03773291927,137609.2421583851,134181.5514363354,134599.5625,16471,0.0,0.0
2022-09-28 00:00:00+09:00,135351.99177003815,135770.0028625954,131171.88084446563,131422.6875,20068,0.0,0.0
2022-09-29 00:00:00+09:00,132676.73304751416,134683.18647734425,132509.52859502833,132843.9375,11294,0.0,0.0
2022-09-30 00:00:00+09:00,132509.52332498433,134014.36333750782,131088.28553537882,133512.75,16171,0.0,0.0
2022-10-03 00:00:00+09:00,132175.1254711055,133679.9656092965,130921.09202261305,133094.75,12628,0.0,0.0
2022-10-04 00:00:00+09:00,134599.59552578753,135853.629024475,133930.7776598209,135352.015625,9716,0.0,0.0
2022-10-05 00:00:00+09:00,135351.99225070007,136188.01443878346,134265.16340619166,134348.765625,7484,0.0,0.0
2022-10-06 00:00:00+09:00,134265.15364906832,134933.97135093168,133679.93815993788,134599.5625,8406,0.0,0.0
2022-10-07 00:00:00+09:00,132927.52018025078,134850.37110109717,132760.3157523511,133345.53125,9033,0.0,0.0
2022-10-11 00:00:00+09:00,133261.9363072519,133512.74296278626,131255.4830629771,131422.6875,11642,0.0,0.0
2022-10-12 00:00:00+09:00,131757.1111987382,133011.1446175079,131757.1111987382,132509.53125,8192,0.0,0.0
2022-10-13 00:00:00+09:00,131589.90891719746,132593.13566878982,130921.09108280255,131255.5,10473,0.0,0.0
2022-10-14 00:00:00+09:00,131924.29493307837,132593.1126513703,131171.875,131171.875,9645,0.0,0.0
2022-10-17 00:00:00+09:00,130921.09241470025,131840.71694634884,130252.27457350127,131088.296875,9830,0.0,0.0
2022-10-18 00:00:00+09:00,131589.88084065495,132091.49410942494,129834.23439996007,130837.4609375,11031,0.0,0.0
2022-10-19 00:00:00+09:00,130085.03253700129,130837.45239100707,128412.98841698842,129917.828125,14082,0.0,0.0
2022-10-20 00:00:00+09:00,131422.6912735849,133429.1445754717,130503.06684355346,132927.53125,12009,0.0,0.0
2022-10-21 00:00:00+09:00,133261.9375,133596.3463770389,132342.31308814304,133261.9375,11164,0.0,0.0
2022-10-24 00:00:00+09:00,133261.954459799,134014.37452889446,132676.7388505025,133094.75,6798,0.0,0.0
2022-10-25 00:00:00+09:00,133261.94650093516,134265.17319981297,132342.32202696384,134097.96875,10458,0.0,0.0
2022-10-26 00:00:00+09:00,134850.36480694692,140451.7128801431,134599.5581768038,140200.90625,21648,0.0,0.0
2022-10-27 00:00:00+09:00,139197.6887596325,141454.94857735626,138194.46217397746,141036.9375,16745,0.0,0.0
2022-10-28 00:00:00+09:00,141036.9510226939,142792.59771592246,140535.33768177146,142290.984375,14857,0.0,0.0
2022-10-31 00:00:00+09:00,142290.96548672565,142541.7721238938,141120.53451327432,141705.75,14034,0.0,0.0
2022-11-01 00:00:00+09:00,141287.74216034182,144631.83073218423,140451.72001738122,144297.421875,17316,0.0,0.0
2022-11-02 00:00:00+09:00,144297.41858407078,144297.41858407078,140618.92123893806,141705.75,13815,0.0,0.0
2022-11-04 00:00:00+09:00,140953.3487992068,143043.40438638369,140953.3487992068,142290.984375,10376,0.0,0.0
2022-11-07 00:00:00+09:00,142207.36787738663,142625.37895286395,139615.6992094272,140117.3125,7303,0.0,0.0
2022-11-08 00:00:00+09:00,140869.77853019538,141705.80095470694,140535.36956039077,141204.1875,7076,0.0,0.0
2022-11-09 00:00:00+09:00,140284.5143229167,141120.53645833334,139950.10546875,140451.71875,6770,0.0,0.0
2022-11-10 00:00:00+09:00,139950.12551928783,141454.96557863502,139699.31884272996,140869.75,4652,0.0,0.0
2022-11-11 00:00:00+09:00,142709.00399581128,143628.6285089653,141538.5727972516,142207.390625,8874,0.0,0.0
2022-11-14 00:00:00+09:00,141454.96505376344,141622.1695041816,139364.90942353645,139950.125,6909,0.0,0.0
2022-11-15 00:00:00+09:00,140200.91471509545,141371.345726432,139782.90363961813,140117.3125,6535,0.0,0.0
2022-11-16 00:00:00+09:00,140200.90166155802,141120.52594198566,139364.87958844198,139782.890625,6119,0.0,0.0
2022-11-17 00:00:00+09:00,140117.3040399523,140702.51951028622,139615.69077966607,140200.90625,4722,0.0,0.0
2022-11-18 00:00:00+09:00,140786.13147820966,142207.3691475265,140451.72261484098,141956.5625,5233,0.0,0.0
2022-11-21 00:00:00+09:00,142290.9693884997,143879.41146745477,142040.1627444542,143210.59375,8024,0.0,0.0
2022-11-22 00:00:00+09:00,143712.22754021548,143795.82976682408,141454.96742178276,141622.171875,6413,0.0,0.0
2022-11-24 00:00:00+09:00,141622.15874781212,144046.62309473453,141036.94321579637,143294.203125,10453,0.0,0.0
2022-11-25 00:00:00+09:00,143377.81461397058,143545.0190625,141872.9745772059,142123.78125,9068,0.0,0.0
2022-11-28 00:00:00+09:00,142792.5807291667,143126.98958333334,141872.95638020834,142458.171875,10539,0.0,0.0
2022-11-29 00:00:00+09:00,142541.7876490692,143712.21875,142290.98098458405,143712.21875,7322,0.0,0.0
2022-11-30 00:00:00+09:00,143712.2148097826,144464.6347826087,142541.78374094205,144213.828125,21307,0.0,0.0
2022-12-01 00:00:00+09:00,144297.4472008294,144799.06057464457,140535.34689721564,141120.5625,11419,0.0,0.0
2022-12-02 00:00:00+09:00,142959.80240613825,142959.80240613825,139699.31568459474,140284.53125,8892,0.0,0.0
2022-12-05 00:00:00+09:00,139866.5246119281,140786.14910130718,139448.51348039217,140702.546875,4882,0.0,0.0
2022-12-06 00:00:00+09:00,140786.15358412324,141120.5625,140117.33575236966,141120.5625,6610,0.0,0.0
2022-12-07 00:00:00+09:00,141036.94938024267,141204.15382526963,139197.70048494608,139532.109375,13240,0.0,0.0
2022-12-08 00:00:00+09:00,138863.28897377464,140786.1400552899,138110.86898535563,139866.515625,11636,0.0,0.0
2022-12-09 00:00:00+09:00,141120.52724550897,141287.73166167663,139532.08529191616,139615.6875,8910,0.0,0.0
2022-12-12 00:00:00+09:00,139615.7070688101,139950.11594801684,138361.67377178487,139114.09375,7347,0.0,0.0
2022-12-13 00:00:00+09:00,139114.0892103677,139699.30472988245,138194.46482255877,138696.078125,5508,0.0,0.0
2022-12-14 00:00:00+09:00,139364.90679007745,140451.73569725864,138696.0890010429,140284.53125,8009,0.0,0.0
2022-12-15 00:00:00+09:00,139699.29298971378,140618.9173002385,139197.67972942753,140200.90625,6830,0.0,0.0
2022-12-16 00:00:00+09:00,139615.72285167745,142541.800875515,139532.12062242496,142040.1875,16858,0.0,0.0
2022-12-19 00:00:00+09:00,140535.33737627475,140869.7462694961,139030.49735677865,139364.90625,4634,0.0,0.0
2022-12-20 00:00:00+09:00,139532.10332438408,140033.7166377132,130503.06368445988,132342.3125,20077,0.0,0.0
2022-12-21 00:00:00+09:00,133596.33208926363,136689.61387105507,132927.51440671412,135101.171875,13956,0.0,0.0
2022-12-22 00:00:00+09:00,135101.19124847002,137358.45125076498,135101.19124847002,136606.03125,10669,0.0,0.0
2022-12-23 00:00:00+09:00,136606.02419981355,137107.63750776878,134432.36653200747,134515.96875,7615,0.0,0.0
2022-12-26 00:00:00+09:00,134599.54636475662,136355.19262168824,133930.7287430684,135686.375,7581,0.0,0.0
2022-12-27 00:00:00+09:00,135853.6067468539,136522.42450314612,134850.3801124156,136188.015625,3983,0.0,0.0
2022-12-28 00:00:00+09:00,136188.03616071428,137692.87633928572,136020.8316964286,137525.671875,5934,0.0,0.0
2022-12-29 00:00:00+09:00,136773.23701746325,136940.44146369485,135602.80589384193,136438.828125,4942,0.0,0.0
2022-12-30 00:00:00+09:00,136438.84509202454,137525.67412768406,136104.43615797546,136271.640625,4917,0.0,0.0
2023-01-04 00:00:00+09:00,136522.43649130975,137024.04985257605,134683.1875,134683.1875,7039,0.0,0.0
2023-01-05 00:00:00+09:00,135602.81418389725,135602.81418389725,131255.49831610275,133429.15625,15880,0.0,0.0
2023-01-06 00:00:00+09:00,132425.9160341556,134181.56264824478,131422.68939753322,132175.109375,12153,0.0,0.0
2023-01-10 00:00:00+09:00,133345.5589132847,133679.9678384591,131339.10536223842,131840.71875,8407,0.0,0.0
2023-01-11 00:00:00+09:00,132342.32993090453,133261.954459799,132091.523241206,133094.75,6022,0.0,0.0
2023-01-12 00:00:00+09:00,132342.33213776158,132927.54775681673,131589.9120561192,131840.71875,7892,0.0,0.0
2023-01-13 00:00:00+09:00,131673.51114649684,132927.54458598726,131004.69331210192,131255.5,12130,0.0,0.0
2023-01-16 00:00:00+09:00,130753.869872416,131506.28983971252,129081.82550064598,129416.234375,11953,0.0,0.0
2023-01-17 00:00:00+09:00,129249.04187091503,129249.04187091503,127409.79289215687,127911.40625,11230,0.0,0.0
2023-01-18 00:00:00+09:00,128747.40241896662,132258.69521221117,126991.75602234436,130252.2421875,17699,0.0,0.0
2023-01-19 00:00:00+09:00,129165.44233289648,129332.64678899084,127409.79554390564,127577.0,11610,0.0,0.0
2023-01-20 00:00:00+09:00,127242.58843954248,129165.43964460785,127158.98621323529,127911.40625,11263,0.0,0.0
2023-01-23 00:00:00+09:00,128747.41608606557,129416.23383196721,127409.7805942623,127493.3828125,10289,0.0,0.0
2023-01-24 00:00:00+09:00,127827.80005900066,129081.83341471355,127660.59561157228,128413.015625,9653,0.0,0.0
2023-01-25 00:00:00+09:00,128831.01368717362,129583.43362434725,127994.99153475848,128078.59375,5834,0.0,0.0
2023-01-26 00:00:00+09:00,128412.99212598425,128496.5943343996,126908.15237450787,127409.765625,9029,0.0,0.0
2023-01-27 00:00:00+09:00,127744.21160772757,128580.23393500329,127326.20044408973,127660.609375,13901,0.0,0.0
2023-01-30 00:00:00+09:00,127576.99483615308,127995.00595946945,126824.57481418364,127242.5859375,12399,0.0,0.0
2023-01-31 00:00:00+09:00,127493.41029254445,127577.01252880185,126657.38792997038,126991.796875,13206,0.0,0.0
2023-02-01 00:00:00+09:00,127158.98769891985,128245.81665361147,126740.9765625,126740.9765625,13628,0.0,0.0
2023-02-02 00:00:00+09:00,127493.38808606625,127744.19475115358,126322.95698232531,126824.5703125,7984,0.0,0.0
2023-02-03 00:00:00+09:00,126824.57613589638,127242.58726356908,126573.76945929277,127075.3828125,7081,0.0,0.0
2023-02-06 00:00:00+09:00,127744.21160772757,128580.23393500329,126824.5870477243,127660.609375,10568,0.0,0.0
2023-02-07 00:00:00+09:00,127493.38419300131,127744.19085043017,126072.14646757113,126322.953125,11804,0.0,0.0
2023-02-08 00:00:00+09:00,125988.54424842818,126824.5664398577,125570.53315271343,126322.953125,11424,0.0,0.0
2023-02-09 00:00:00+09:00,125737.72461844725,126740.95114465826,125570.52019741209,125988.53125,12837,0.0,0.0
2023-02-10 00:00:00+09:00,125654.14446135686,126490.1667132621,125152.53111021372,126155.7578125,11833,0.0,0.0
2023-02-13 00:00:00+09:00,125988.54168226049,126824.56385666168,125236.12172529941,125654.1328125,9412,0.0,0.0
2023-02-14 00:00:00+09:00,125654.1610948815,127242.60358377223,125654.1610948815,126991.796875,11783,0.0,0.0
2023-02-15 00:00:00+09:00,126239.34904572148,126991.76900692114,124567.3046875,124567.3046875,13447,0.0,0.0
2023-02-16 00:00:00+09:00,125737.7633311389,127409.80805628703,125486.95662236669,126991.796875,7828,0.0,0.0
2023-02-17 00:00:00+09:00,126657.3586796466,128078.59636780104,126406.5520287958,127744.1875,7813,0.0,0.0
2023-02-20 00:00:00+09:00,127577.00714227243,127744.21160772757,126824.5870477243,127660.609375,5921,0.0,0.0
2023-02-21 00:00:00+09:00,127493.4075939757,127995.02100090282,127242.60089051214,127326.203125,10798,0.0,0.0
2023-02-22 00:00:00+09:00,127242.5859375,127576.99483615308,126573.76814019382,127242.5859375,11332,0.0,0.0
2023-02-24 00:00:00+09:00,125988.55504493463,128162.21292892157,125988.55504493463,127911.40625,31957,0.0,0.0
2023-02-27 00:00:00+09:00,128605.26786454878,129203.43190112807,127494.39179661579,128776.171875,13729,3312.0,0.0
2023-02-28 00:00:00+09:00,128605.26342611756,129459.78344888246,128263.45541701159,129032.5234375,12962,0.0,0.0
2023-03-01 00:00:00+09:00,129117.98095473269,129203.43296065905,126725.32478879456,127067.1328125,12358,0.0,0.0
2023-03-02 00:00:00+09:00,127665.27898793566,127836.18297587131,126554.40306635389,127494.375,9475,0.0,0.0
2023-03-03 00:00:00+09:00,128177.9943561873,128348.8983486622,127408.92639005017,127750.734375,7044,0.0,0.0
2023-03-06 00:00:00+09:00,128177.9943561873,128348.8983486622,127665.28237876254,127750.734375,6093,0.0,0.0
2023-03-07 00:00:00+09:00,127750.74106321117,128178.00106676707,127408.93306036647,127665.2890625,5134,0.0,0.0
2023-03-08 00:00:00+09:00,127323.4888302791,127836.20086583727,126383.51676508911,127067.1328125,9824,0.0,0.0
2023-03-09 00:00:00+09:00,127067.13171885465,127750.74776038178,127067.13171885465,127579.84375,11617,0.0,0.0
2023-03-10 00:00:00+09:00,128092.54906605589,128605.26107032296,127323.48105965529,127665.2890625,17129,0.0,0.0
2023-03-13 00:00:00+09:00,127665.2890625,128007.09706534471,125956.24904827644,127665.2890625,9574,0.0,0.0
2023-03-14 00:00:00+09:00,127238.05231473806,129972.51683728448,126725.34021676061,128861.640625,12051,0.0,0.0
2023-03-15 00:00:00+09:00,129972.48964097083,130057.94163941985,127067.1216937039,127408.9296875,15467,0.0,0.0
2023-03-16 00:00:00+09:00,126896.23548956931,128007.11162516824,125785.3593539704,126981.6875,15947,0.0,0.0
2023-03-17 00:00:00+09:00,126554.41287975221,128263.45289163273,125187.1808702478,125870.796875,19727,0.0,0.0
2023-03-20 00:00:00+09:00,125614.45087910676,127152.58701232032,124503.57478289698,124845.3828125,11569,0.0,0.0
2023-03-22 00:00:00+09:00,125187.18198778832,126725.31801221168,124930.82598371778,125956.25,11380,0.0,0.0
2023-03-23 00:00:00+09:00,125358.09821657275,126468.97434255465,124759.93414873634,125101.7421875,10289,0.0,0.0
2023-03-24 00:00:00+09:00,125358.07381939742,126981.66168754232,124845.36186103588,126212.59375,8995,0.0,0.0
2023-03-27 00:00:00+09:00,126383.51334502551,127665.2933992347,125443.54130527211,125614.4453125,9166,0.0,0.0
2023-03-28 00:00:00+09:00,126725.32255366161,127323.48658459596,125699.89850063132,126896.2265625,7968,0.0,0.0
2023-03-29 00:00:00+09:00,127152.57369215292,127579.83368439805,125870.7937154175,127408.9296875,9434,0.0,0.0
2023-03-30 00:00:00+09:00,127408.93976562501,128776.17184895834,126041.70768229167,128178.0078125,10632,0.0,0.0
2023-03-31 00:00:00+09:00,128861.62266414141,128947.0746685606,126041.70651830808,126896.2265625,9444,0.0,0.0
2023-04-03 00:00:00+09:00,127152.5947093403,131681.55137573482,126639.88263389941,130827.03125,16771,0.0,0.0
2023-04-04 00:00:00+09:00,130570.66964285714,131339.7377232143,129032.53348214287,130997.9296875,13842,0.0,0.0
2023-04-05 00:00:00+09:00,130741.57590606509,131254.28796844181,128776.1796669543,129972.5078125,12813,0.0,0.0
2023-04-06 00:00:00+09:00,129545.24553571429,129887.05357142858,128861.62946428572,129203.4375,6832,0.0,0.0
2023-04-07 00:00:00+09:00,129288.88165490032,129459.78566237542,127665.29358388705,128605.265625,5666,0.0,0.0
2023-04-10 00:00:00+09:00,130057.95088404605,130399.75890213816,129117.97883429276,129887.046875,6234,0.0,0.0
2023-04-11 00:00:00+09:00,129887.05357142858,131425.18973214287,129459.79352678572,130997.9296875,10436,0.0,0.0
2023-04-12 00:00:00+09:00,130997.93757200461,131596.1016705069,129630.70534685648,129801.609375,11857,0.0,0.0
2023-04-13 00:00:00+09:00,129716.16179005253,130741.58599392646,129288.90170510505,130143.421875,6393,0.0,0.0
2023-04-14 00:00:00+09:00,131425.203125,131425.203125,129203.45066644993,131425.203125,10119,0.0,0.0
2023-04-17 00:00:00+09:00,131425.18526204428,131937.8972981771,130570.66520182292,131254.28125,9482,0.0,0.0
2023-04-18 00:00:00+09:00,132023.36381334733,132365.171875,131339.74769004196,132365.171875,5601,0.0,0.0
2023-04-19 00:00:00+09:00,132450.62389041318,132621.52792123953,131339.74769004196,132365.171875,6085,0.0,0.0
2023-04-20 00:00:00+09:00,131596.0870881783,132877.867157219,130827.01904675388,132279.703125,7567,0.0,0.0
2023-04-21 00:00:00+09:00,132279.70200387848,132706.96202327084,131681.53797672916,132194.25,6277,0.0,0.0
2023-04-24 00:00:00+09:00,132194.24895833334,133390.57700320514,131766.98894230768,133305.125,6015,0.0,0.0
2023-04-25 00:00:00+09:00,132792.41195168468,134843.26001271454,132706.95994914178,134416.0,6571,0.0,0.0
2023-04-26 00:00:00+09:00,134501.453125,135185.0691510483,133646.93309243963,134501.453125,9408,0.0,0.0
2023-04-27 00:00:00+09:00,135099.6227336262,135099.6227336262,133561.48661142171,133732.390625,5643,0.0,0.0
2023-04-28 00:00:00+09:00,133988.74450031426,136039.59263042113,133817.84048947203,135954.140625,10265,0.0,0.0
2023-05-01 00:00:00+09:00,135954.16178140664,136381.421875,134843.2855380639,136381.421875,7047,0.0,0.0
2023-05-02 00:00:00+09:00,135954.140625,136381.4006521056,134501.45653284097,135954.140625,7386,0.0,0.0
2023-05-08 00:00:00+09:00,135783.23119965923,138175.8872560409,135783.23119965923,137919.53125,9081,0.0,0.0
2023-05-09 00:00:00+09:00,138346.79013290454,138774.05013949162,137065.01011314322,137834.078125,10257,0.0,0.0
2023-05-10 00:00:00+09:00,138090.44529780565,138090.44529780565,135868.6930838558,136295.953125,7970,0.0,0.0
2023-05-11 00:00:00+09:00,136552.30578674623,136552.30578674623,135441.4297071294,136039.59375,3599,0.0,0.0
2023-05-12 00:00:00+09:00,136039.59038703586,136039.59038703586,134928.71433488044,135783.234375,5679,0.0,0.0
2023-05-15 00:00:00+09:00,135783.2268992457,138859.49887430726,135697.77489993843,138774.046875,6162,0.0,0.0
2023-05-16 00:00:00+09:00,138517.70204444614,140055.83815598226,138090.44201346388,139628.578125,7384,0.0,0.0
2023-05-17 00:00:00+09:00,140055.82474404032,140483.08473410757,139286.7567619193,139799.46875,8757,0.0,0.0
2023-05-18 00:00:00+09:00,140910.35703945337,140910.35703945337,137748.63283662757,138346.796875,7825,0.0,0.0
2023-05-19 00:00:00+09:00,138004.98668378295,139970.38277896994,138004.98668378295,139372.21875,9041,0.0,0.0
2023-05-22 00:00:00+09:00,138261.34491733008,139970.38502755665,138261.34491733008,139543.125,7254,0.0,0.0
2023-05-23 00:00:00+09:00,139970.39287361622,139970.39287361622,138346.80467789053,138944.96875,6543,0.0,0.0
2023-05-24 00:00:00+09:00,138688.6004834254,140055.8325276243,138603.148480663,139201.3125,8317,0.0,0.0
2023-05-25 00:00:00+09:00,139115.87388598648,139970.39399585125,138346.80578710817,139030.421875,10597,0.0,0.0
2023-05-26 00:00:00+09:00,139115.89373100305,141081.29026405775,138944.98968465044,140568.578125,11453,0.0,0.0
2023-05-29 00:00:00+09:00,141508.51337666265,142448.48538580714,140739.4453691808,141337.609375,8881,0.0,0.0
2023-05-30 00:00:00+09:00,141850.3315071556,144072.0836873882,140824.90742397137,143303.015625,9427,0.0,0.0
2023-05-31 00:00:00+09:00,143303.0041278981,146379.27613064367,140055.828125,140055.828125,41845,0.0,0.0
2023-06-01 00:00:00+09:00,142277.58803423712,142704.84805836398,138859.50784122242,139457.671875,14768,0.0,0.0
2023-06-02 00:00:00+09:00,139457.66090909092,141764.86485795456,138944.94892045457,140995.796875,7047,0.0,0.0
2023-06-05 00:00:00+09:00,140995.8203362751,141593.98442255022,139799.49216372488,140397.65625,6259,0.0,0.0
2023-06-06 00:00:00+09:00,139714.0257185219,140568.54575349757,139030.40969054136,140483.09375,8036,0.0,0.0
2023-06-07 00:00:00+09:00,140910.35376748783,142106.68181645375,139628.57371502434,140483.09375,14458,0.0,0.0
2023-06-08 00:00:00+09:00,139115.85724085366,140483.0892530488,139115.85724085366,140141.28125,14159,0.0,0.0
2023-06-09 00:00:00+09:00,141337.61716378262,141850.3291970249,140397.6451028385,140739.453125,10953,0.0,0.0
2023-06-12 00:00:00+09:00,140654.01117158952,141166.7232414738,140226.75111335263,140312.203125,5272,0.0,0.0
2023-06-13 00:00:00+09:00,140568.5580727566,140654.01008374308,138432.25779809465,139030.421875,7628,0.0,0.0
2023-06-14 00:00:00+09:00,139628.57004377735,139970.3780487805,136466.84599749843,136637.75,8862,0.0,0.0
2023-06-15 00:00:00+09:00,136979.5758513932,138688.61609907122,136808.6718266254,138005.0,11730,0.0,0.0
2023-06-16 00:00:00+09:00,137663.15397762586,137663.15397762586,135868.66221255437,137492.25,16598,0.0,0.0
2023-06-19 00:00:00+09:00,137321.3950477188,138090.4632216015,136552.32687383614,137663.203125,5819,0.0,0.0
2023-06-20 00:00:00+09:00,136894.1238390093,138005.0,136381.4117647059,138005.0,6640,0.0,0.0
2023-06-21 00:00:00+09:00,138004.98446132595,139201.3125,137406.82044198894,139201.3125,6552,0.0,0.0
2023-06-22 00:00:00+09:00,138774.04799999998,139030.40399999998,138261.33599999998,138859.5,5135,0.0,0.0
2023-06-23 00:00:00+09:00,138175.87821061644,138603.1381927148,136808.6462679016,137235.90625,9003,0.0,0.0
2023-06-26 00:00:00+09:00,137065.00243055556,138688.59036458333,136723.19444444444,138432.234375,4392,0.0,0.0
2023-06-27 00:00:00+09:00,139201.31813182644,140995.8102624393,138603.15408828884,140824.90625,12420,0.0,0.0
2023-06-28 00:00:00+09:00,140397.63968937125,142790.29575224553,140055.83168038924,142704.84375,14637,0.0,0.0
2023-06-29 00:00:00+09:00,142192.14957780458,143132.1217204463,140910.36938329312,141679.4375,9380,0.0,0.0
2023-06-30 00:00:00+09:00,141166.69765954243,141935.765625,140312.17769792292,141935.765625,9932,0.0,0.0
2023-07-03 00:00:00+09:00,142277.58126905488,142533.93727134148,139543.11724466464,140141.28125,9603,0.0,0.0
2023-07-04 00:00:00+09:00,140995.8057709854,141593.96979546838,139372.21770453162,140483.09375,7787,0.0,0.0
2023-07-05 00:00:00+09:00,140483.10603290677,140910.36608775138,139714.03793418646,140226.75,7437,0.0,0.0
2023-07-06 00:00:00+09:00,140226.75,140483.10603290677,139372.2298903108,140226.75,5619,0.0,0.0
2023-07-07 00:00:00+09:00,140141.28,140312.18399999998,138688.596,138859.5,6855,0.0,0.0
2023-07-10 00:00:00+09:00,138432.23550277605,138944.94748611966,137321.3595388649,138517.6875,8700,0.0,0.0
2023-07-11 00:00:00+09:00,138859.50778352906,139884.93184100743,137748.6317212608,138261.34375,8474,0.0,0.0
2023-07-12 00:00:00+09:00,137748.6227484472,138261.33474378882,136894.10275621118,137577.71875,15381,0.0,0.0
2023-07-13 00:00:00+09:00,137235.90754164095,138603.13949722392,136637.7435610734,138517.6875,10969,0.0,0.0
2023-07-14 00:00:00+09:00,139115.86049723756,139457.6685082873,138090.4364640884,139201.3125,10298,0.0,0.0
2023-07-18 00:00:00+09:00,139201.30216765255,139799.46614259027,137150.45425358033,137235.90625,9067,0.0,0.0
2023-07-19 00:00:00+09:00,137406.822654813,139543.12275827714,137406.822654813,139372.21875,7933,0.0,0.0
2023-07-20 00:00:00+09:00,139286.76898346603,140483.09706062463,139030.41296693202,139543.125,7601,0.0,0.0
2023-07-21 00:00:00+09:00,139201.31809401774,139799.4821373929,138261.3460258568,139628.578125,7388,0.0,0.0
2023-07-24 00:00:00+09:00,139628.58703182096,140654.01117158952,139286.77898523142,140312.203125,7363,0.0,0.0
2023-07-25 00:00:00+09:00,140226.73986016688,140312.19186495675,137748.6317212608,138261.34375,7558,0.0,0.0
2023-07-26 00:00:00+09:00,138688.6004834254,139286.7645027624,138517.69647790055,139201.3125,8258,0.0,0.0
2023-07-27 00:00:00+09:00,138859.49548889574,139372.20747223936,138346.78350555213,138517.6875,11327,0.0,0.0
2023-07-28 00:00:00+09:00,138346.7959243223,142363.04015436748,138346.7959243223,141850.328125,29456,0.0,0.0
2023-07-31 00:00:00+09:00,141166.73182624113,145439.33266843972,141166.73182624113,144584.8125,18638,0.0,0.0
2023-08-01 00:00:00+09:00,145268.4286347518,145268.4286347518,143046.67619680852,144584.8125,12240,0.0,0.0
2023-08-02 00:00:00+09:00,144328.4308614467,145439.30688347082,143132.10283772837,145012.046875,15469,0.0,0.0
2023-08-03 00:00:00+09:00,144755.6943006126,146550.18637871937,143473.91424482205,146464.734375,10881,0.0,0.0
2023-08-04 00:00:00+09:00,144499.3306489686,147233.7946234021,144499.3306489686,147062.890625,14807,0.0,0.0
2023-08-07 00:00:00+09:00,147062.90181795205,148088.32588640958,146721.09379513288,147917.421875,10846,0.0,0.0
2023-08-08 00:00:00+09:00,147917.4083496946,147917.4083496946,146635.62838132636,146891.984375,7142,0.0,0.0
2023-08-09 00:00:00+09:00,146891.98875438853,147062.89275526622,145439.304746928,146037.46875,12534,0.0,0.0
2023-08-10 00:00:00+09:00,146037.48325892858,148002.8794642857,145353.8671875,147148.359375,10426,0.0,0.0
2023-08-14 00:00:00+09:00,147575.60035812974,148088.31234547702,146379.27238765272,146891.984375,8325,0.0,0.0
2023-08-15 00:00:00+09:00,146892.0101194853,147062.91414522057,145012.06583639706,145268.421875,8163,0.0,0.0
2023-08-16 00:00:00+09:00,144499.35265229546,146293.84490876985,144499.35265229546,145182.96875,10976,0.0,0.0
2023-08-17 00:00:00+09:00,145524.78568028705,146379.30585456942,145012.07357571763,145866.59375,7448,0.0,0.0
2023-08-18 00:00:00+09:00,144499.35265229546,146806.55698204826,144499.35265229546,145182.96875,8069,0.0,0.0
2023-08-21 00:00:00+09:00,145182.94749852418,145610.2074970484,144755.6875,144755.6875,10352,0.0,0.0
2023-08-22 00:00:00+09:00,144926.6215582894,146550.2098894259,144926.6215582894,145866.59375,7108,0.0,0.0
2023-08-23 00:00:00+09:00,146635.62838132636,147062.88837078243,145952.01239819662,146891.984375,6737,0.0,0.0
2023-08-24 00:00:00+09:00,146891.99111413045,147746.51113224638,146635.63510869566,147404.703125,4425,0.0,0.0
2023-08-25 00:00:00+09:00,146721.09263002622,146806.54463505244,146122.92859484267,146635.640625,4940,0.0,0.0
2023-08-28 00:00:00+09:00,146892.0000270485,148088.328125,146379.28798506924,148088.328125,5161,0.0,0.0
2023-08-29 00:00:00+09:00,147831.96991404012,149284.65401146133,147404.70988538684,149113.75,25409,0.0,0.0
2023-08-30 00:00:00+09:00,149289.78149757924,149551.23470510563,148156.81759829813,148505.421875,8723,3402.0,0.0
2023-08-31 00:00:00+09:00,148505.4424313267,150335.61513734658,148243.98918760958,149115.5,12157,0.0,0.0
2023-09-01 00:00:00+09:00,148505.43152866242,150771.3594745223,148243.97830414012,150509.90625,8872,0.0,0.0
2023-09-04 00:00:00+09:00,151468.56827425916,151468.56827425916,149812.69785008716,149987.0,7217,0.0,0.0
2023-09-05 00:00:00+09:00,149986.99940698678,151642.86982461184,149551.24403392756,151555.71875,9121,0.0,0.0
2023-09-06 00:00:00+09:00,151642.86500579375,151642.86500579375,150074.14571263036,150422.75,7358,0.0,0.0
2023-09-07 00:00:00+09:00,150509.9010718424,151294.2607184241,149638.3903534183,150422.75,5769,0.0,0.0
2023-09-08 00:00:00+09:00,149638.4010780886,150597.06293706293,149028.34353146853,149551.25,16454,0.0,0.0
2023-09-11 00:00:00+09:00,149551.24543311726,149638.39650854448,147111.01532115496,147895.375,8087,0.0,0.0
2023-09-12 00:00:00+09:00,147982.53606191452,148941.19795630855,147198.1763301376,148854.046875,6624,0.0,0.0
2023-09-13 00:00:00+09:00,148679.7507775474,150161.31922023103,146675.27582568128,147111.03125,10616,0.0,0.0
2023-09-14 00:00:00+09:00,147982.5154599472,148941.17722087735,147808.21332159624,148505.421875,8670,0.0,0.0
2023-09-15 00:00:00+09:00,148941.19256239053,149899.85442206654,147633.92639010507,149289.796875,18592,0.0,0.0
2023-09-19 00:00:00+09:00,149725.5527079659,149899.85486478542,147546.77574772193,148243.984375,8332,0.0,0.0
2023-09-20 00:00:00+09:00,147721.06695130814,149986.99482194768,147721.06695130814,149899.84375,7227,0.0,0.0
2023-09-21 00:00:00+09:00,148592.57821680375,149464.08893948296,148156.82285546415,148331.125,9900,0.0,0.0
2023-09-22 00:00:00+09:00,148766.88595875222,148766.88595875222,146936.71337226493,147372.46875,11912,0.0,0.0
2023-09-25 00:00:00+09:00,147372.4691594699,148156.82884157237,146326.65625,146326.65625,9935,0.0,0.0
2023-09-26 00:00:00+09:00,146326.6618705036,146849.56834532373,144932.24460431654,145368.0,13780,0.0,0.0
2023-09-27 00:00:00+09:00,146065.20302263252,146675.26055315664,144845.08796158427,146326.65625,9679,0.0,0.0
2023-09-28 00:00:00+09:00,146239.53292173252,146762.4394756839,143014.9425056991,143363.546875,16159,0.0,0.0
2023-09-29 00:00:00+09:00,144322.186827957,145978.0573290024,144322.186827957,145890.90625,12818,0.0,0.0
2023-10-02 00:00:00+09:00,146239.48450583135,146849.5419501346,145455.12493458434,145716.578125,8467,0.0,0.0
2023-10-03 00:00:00+09:00,146326.64665719698,146588.09986742423,143363.51027462122,143799.265625,9566,0.0,0.0
2023-10-04 00:00:00+09:00,143189.21833459215,144932.23986027192,142753.46295317222,144235.03125,14645,0.0,0.0
2023-10-05 00:00:00+09:00,144845.08796158427,147372.4691594699,144235.03043106015,146326.65625,9494,0.0,0.0
2023-10-06 00:00:00+09:00,146413.8122775801,147546.77630115658,146413.8122775801,146936.71875,8753,0.0,0.0
2023-10-10 00:00:00+09:00,147982.53641848147,148941.1983151854,146936.72344025897,148069.6875,8051,0.0,0.0
2023-10-11 00:00:00+09:00,147721.07305218806,148766.88595875222,146849.56229671792,147372.46875,8210,0.0,0.0
2023-10-12 00:00:00+09:00,147895.36505766367,147982.51612723214,146239.4947358631,146413.796875,8817,0.0,0.0
2023-10-13 00:00:00+09:00,146413.80753138073,147198.16721458457,145193.69246861924,145803.75,13447,0.0,0.0
2023-10-16 00:00:00+09:00,145890.90191024862,146326.65729229836,143189.21854154032,143712.125,11066,0.0,0.0
2023-10-17 00:00:00+09:00,143624.97320359282,146239.50548278444,143537.82212761976,145542.296875,11012,0.0,0.0
2023-10-18 00:00:00+09:00,145455.15041147688,147285.32306494663,145455.15041147688,146936.71875,7641,0.0,0.0
2023-10-19 00:00:00+09:00,147023.86982873667,148679.7403247331,145629.4525689502,146936.71875,10659,0.0,0.0
2023-10-20 00:00:00+09:00,147023.86485631327,147285.31808368076,146152.35409842167,146326.65625,6656,0.0,0.0
2023-10-23 00:00:00+09:00,146065.21358208955,147372.47981343282,145716.60925373132,145978.0625,10702,0.0,0.0
2023-10-24 00:00:00+09:00,146500.94879734848,147023.85521780304,143712.11455492425,143799.265625,12079,0.0,0.0
2023-10-25 00:00:00+09:00,145019.37470167063,146326.64069958232,144060.71296986873,146065.1875,9447,0.0,0.0
2023-10-26 00:00:00+09:00,146152.3646641791,147023.87548507462,144496.4941044776,145978.0625,6995,0.0,0.0
2023-10-27 00:00:00+09:00,146326.66610676312,148592.5942299173,146326.66610676312,147546.78125,14689,0.0,0.0
2023-10-30 00:00:00+09:00,146239.51159304797,146500.9648318913,143276.37488615664,143537.828125,9191,0.0,0.0
2023-10-31 00:00:00+09:00,144147.87453190534,146675.25564522168,143712.11916754046,145455.140625,12003,0.0,0.0
2023-11-01 00:00:00+09:00,147111.01063355146,148854.0320865556,146413.80205234978,146500.953125,12508,0.0,0.0
2023-11-02 00:00:00+09:00,146849.5621956169,148156.82832792206,146675.26004464284,147633.921875,9152,0.0,0.0
2023-11-06 00:00:00+09:00,149464.0940522421,149551.2451274912,147895.3746977579,148679.734375,8977,0.0,0.0
2023-11-07 00:00:00+09:00,147808.23021582732,147808.23021582732,143973.58273381295,145368.0,17908,0.0,0.0
2023-11-08 00:00:00+09:00,145455.14600548378,145803.75030987078,144409.33309232272,145019.390625,9791,0.0,0.0
2023-11-09 00:00:00+09:00,144583.62483108108,145367.98445945946,143712.11413288288,145106.53125,9531,0.0,0.0
2023-11-10 00:00:00+09:00,145280.8489208633,145978.05755395684,144845.09352517987,145368.0,10772,0.0,0.0
2023-11-13 00:00:00+09:00,145978.04152715774,146588.0990141369,145367.98404017856,146413.796875,6436,0.0,0.0
2023-11-14 00:00:00+09:00,146936.73938609468,147721.09920488164,146152.37956730768,147285.34375,8827,0.0,0.0
2023-11-15 00:00:00+09:00,148069.66652912265,148941.17722087735,147633.9111832453,148505.421875,7594,0.0,0.0
2023-11-16 00:00:00+09:00,148941.1980755132,148941.1980755132,147546.78077346043,148592.59375,7613,0.0,0.0
2023-11-17 00:00:00+09:00,148592.58868863902,148592.58868863902,146936.7181988536,148243.984375,7992,0.0,0.0
2023-11-20 00:00:00+09:00,148418.28104885897,148941.1875,147721.07244733762,148941.1875,11916,0.0,0.0
2023-11-21 00:00:00+09:00,149551.25077433628,149551.25077433628,147285.3227323009,147721.078125,9614,0.0,0.0
2023-11-22 00:00:00+09:00,147808.234375,147982.53653817807,146762.4213959316,147808.234375,7755,0.0,0.0
2023-11-24 00:00:00+09:00,147721.08341331955,148156.8388216184,147285.32800502065,147546.78125,5273,0.0,0.0
2023-11-27 00:00:00+09:00,147023.890477071,147721.09920488164,146588.13502218935,147285.34375,5418,0.0,0.0
2023-11-28 00:00:00+09:00,147808.2294256957,147808.2294256957,146675.26540297514,147198.171875,6497,0.0,0.0
2023-11-29 00:00:00+09:00,146675.265625,147285.32317661913,145978.05699457813,146675.265625,6690,0.0,0.0
2023-11-30 00:00:00+09:00,146675.26507287988,147982.53125,145106.5456603357,147982.53125,22955,0.0,0.0
2023-12-01 00:00:00+09:00,147982.53237410073,147982.53237410073,145280.8489208633,145368.0,11582,0.0,0.0
2023-12-04 00:00:00+09:00,144235.03687652067,144496.49011557177,142143.4109641119,143276.375,12580,0.0,0.0
2023-12-05 00:00:00+09:00,143886.421875,143886.421875,142840.60899644156,143886.421875,6089,0.0,0.0
2023-12-06 00:00:00+09:00,144496.48396332335,145542.296875,144147.87965943114,145542.296875,8648,0.0,0.0
2023-12-07 00:00:00+09:00,145193.69829408213,145368.00045289856,144060.73426177536,144322.1875,9511,0.0,0.0
2023-12-08 00:00:00+09:00,143973.58352307224,144147.88568230113,142927.77056769884,143537.828125,12915,0.0,0.0
2023-12-11 00:00:00+09:00,144409.32269144143,145455.13552927927,143537.81199324323,145106.53125,4381,0.0,0.0
2023-12-12 00:00:00+09:00,146413.79712746857,146500.9481971873,144409.32252393776,145629.4375,8608,0.0,0.0
2023-12-13 00:00:00+09:00,145716.60925373132,145978.0625,144757.94735074625,145978.0625,7009,0.0,0.0
2023-12-14 00:00:00+09:00,145890.90138596756,145890.90138596756,144583.63524451622,145019.390625,5688,0.0,0.0
2023-12-15 00:00:00+09:00,144235.03619509627,145280.8491463598,144235.03619509627,144845.09375,14092,0.0,0.0
2023-12-18 00:00:00+09:00,144235.02097537878,144670.7763257576,143363.51027462122,143799.265625,6459,0.0,0.0
2023-12-19 00:00:00+09:00,143799.27118288592,143886.4222563301,142143.40078744662,142840.609375,8121,0.0,0.0
2023-12-20 00:00:00+09:00,142056.26045503374,142753.46909530385,141010.4474946286,141969.109375,8909,0.0,0.0
2023-12-21 00:00:00+09:00,141184.7344619666,142056.24516852197,140748.97910868895,140923.28125,5208,0.0,0.0
2023-12-22 00:00:00+09:00,141010.44277923886,141794.80247331376,140051.78093092513,140836.140625,7284,0.0,0.0
2023-12-25 00:00:00+09:00,140051.77097963484,140487.52633426967,139267.41134129214,139616.015625,4852,0.0,0.0
2023-12-26 00:00:00+09:00,139528.87510755632,139790.32834011264,138918.81756492492,139267.421875,5827,0.0,0.0
2023-12-27 00:00:00+09:00,140138.92676143386,141010.4375,139790.3224660074,141010.4375,8421,0.0,0.0
2023-12-28 00:00:00+09:00,141881.94250764526,142927.75535168196,141184.73394495412,142492.0,6443,0.0,0.0
2023-12-29 00:00:00+09:00,142579.15064393939,144147.86990530303,142579.15064393939,143799.265625,5842,0.0,0.0
2024-01-04 00:00:00+09:00,145019.41840490798,145019.41840490798,141881.9790644172,142056.28125,5877,0.0,0.0
2024-01-05 00:00:00+09:00,143450.6507996379,145019.36994568497,142404.83803560652,144409.3125,10704,0.0,0.0
2024-01-09 00:00:00+09:00,143799.27660266217,143886.42767939105,141446.19753098226,142404.859375,9610,0.0,0.0
2024-01-10 00:00:00+09:00,141881.9584102091,143014.92245156827,141707.65625,141707.65625,8846,0.0,0.0
2024-01-11 00:00:00+09:00,141794.80225994144,142317.70872187114,141359.046875,141359.046875,8983,0.0,0.0
2024-01-12 00:00:00+09:00,141359.06223126536,141969.11983645576,140574.7024531634,141881.96875,10324,0.0,0.0
2024-01-15 00:00:00+09:00,141707.6611680955,142840.62524877526,141446.2079187079,142317.71875,1530,0.0,0.0
2024-01-16 00:00:00+09:00,143537.82390750461,143537.82390750461,140923.29159589252,141097.59375,6510,0.0,0.0
2024-01-17 00:00:00+09:00,141010.422078931,141359.02633623368,140051.76037134868,140226.0625,9356,0.0,0.0
2024-01-18 00:00:00+09:00,140138.92754077792,140226.0786151192,137960.15068224593,138918.8125,10828,0.0,0.0
2024-01-19 00:00:00+09:00,140313.234375,140661.83868400622,139703.17683423913,140313.234375,6121,0.0,0.0
2024-01-22 00:00:00+09:00,140487.55070754717,143276.38546104686,140487.55070754717,143189.234375,7776,0.0,0.0
2024-01-23 00:00:00+09:00,143363.52653952205,143450.6776194853,141969.1092601103,142230.5625,8045,0.0,0.0
2024-01-24 00:00:00+09:00,142666.30790327565,142753.45897713225,141010.4375,141010.4375,6204,0.0,0.0
2024-01-25 00:00:00+09:00,139964.64087890624,140313.24521484374,139267.43220703126,139441.734375,7259,0.0,0.0
2024-01-26 00:00:00+09:00,140313.21356432568,140661.81782162833,139790.30717837164,140226.0625,6597,0.0,0.0
2024-01-29 00:00:00+09:00,140226.1040696772,140923.31279096834,139790.34861887028,140400.40625,7429,0.0,0.0
2024-01-30 00:00:00+09:00,140748.97893561306,141794.79178219347,140138.9214417745,141446.1875,11130,0.0,0.0
2024-01-31 00:00:00+09:00,140313.22384216235,141707.64097351301,140138.9217007435,140661.828125,11211,0.0,0.0
2024-02-01 00:00:00+09:00,139354.58419094363,139616.03744458518,136914.35382362254,137611.5625,15299,0.0,0.0
2024-02-02 00:00:00+09:00,138918.81778030779,139180.27101326946,138221.60915907664,138744.515625,8439,0.0,0.0
2024-02-05 00:00:00+09:00,138744.52634069402,139790.3393533123,138047.31766561515,138134.46875,8574,0.0,0.0
2024-02-06 00:00:00+09:00,138047.3179227359,138395.92226092462,137437.26033090564,137611.5625,8470,0.0,0.0
2024-02-07 00:00:00+09:00,137785.87110632646,138134.47546080168,135258.4895363812,135345.640625,13553,0.0,0.0
2024-02-08 00:00:00+09:00,136217.1407451923,137088.6515625,135694.2342548077,135955.6875,9040,0.0,0.0
2024-02-09 00:00:00+09:00,137001.47951411162,137001.47951411162,135519.9113514272,135868.515625,11526,0.0,0.0
2024-02-13 00:00:00+09:00,136565.71896060655,136740.02109074133,135345.60404966303,135781.359375,9565,0.0,0.0
2024-02-14 00:00:00+09:00,136304.2876550261,136304.2876550261,133341.15096687336,133515.453125,12075,0.0,0.0
2024-02-15 00:00:00+09:00,133776.92244952396,134299.82898678596,132643.95828545632,132731.109375,11374,0.0,0.0
2024-02-16 00:00:00+09:00,132556.79506891238,132905.39939519487,130378.01802964689,130813.7734375,16466,0.0,0.0
2024-02-19 00:00:00+09:00,131249.52896570426,131685.28437395694,129593.65841434413,130552.3203125,10765,0.0,0.0
2024-02-20 00:00:00+09:00,131685.27136671686,132818.23531626505,129855.09883283131,130203.703125,11163,0.0,0.0
2024-02-21 00:00:00+09:00,130639.46773632044,133079.69795421037,130378.01449868939,132992.546875,15669,0.0,0.0
2024-02-22 00:00:00+09:00,130552.31218895155,132469.63586595884,130029.40573158592,131336.671875,14618,0.0,0.0
2024-02-26 00:00:00+09:00,132469.63534822603,134299.80794185284,132382.48427233903,132643.9375,14559,0.0,0.0
2024-02-27 00:00:00+09:00,132905.3963641628,133951.2093191595,131685.28125,131685.28125,37122,0.0,0.0
2024-02-28 00:00:00+09:00,133213.58856625084,133570.25145397842,132054.4341811362,132232.765625,24897,3414.0,0.0
2024-02-29 00:00:00+09:00,132054.42427803896,133035.2471457354,130627.77283411685,132767.75,34225,0.0,0.0
2024-03-01 00:00:00+09:00,133302.75779091852,133391.92351519337,129111.96875,129111.96875,16556,0.0,0.0
2024-03-04 00:00:00+09:00,129290.28970897615,131341.10120091162,126615.31819775596,127150.3125,28145,0.0,0.0
2024-03-05 00:00:00+09:00,128220.3109775071,128666.13959703947,125367.0078125,125367.0078125,24816,0.0,0.0
2024-03-06 00:00:00+09:00,127417.80724391749,127685.30438998589,125812.82436750706,126436.984375,22506,0.0,0.0
2024-03-07 00:00:00+09:00,126436.99077008928,127328.64796875,124386.17921316964,124832.0078125,23300,0.0,0.0
2024-03-08 00:00:00+09:00,124386.1830076723,125545.33740129218,123940.35439474157,124207.8515625,23854,0.0,0.0
2024-03-11 00:00:00+09:00,124207.84963840235,125991.1640625,124207.84963840235,125991.1640625,15611,0.0,0.0
2024-03-12 00:00:00+09:00,125991.14768163358,126258.64481046931,123316.17639327617,123494.5078125,23709,0.0,0.0
2024-03-13 00:00:00+09:00,123851.18321683114,123940.34893548976,121087.04593841374,121978.703125,26498,0.0,0.0
2024-03-14 00:00:00+09:00,122602.85937500001,123316.18510227274,121443.70506818182,122602.859375,23115,0.0,0.0
2024-03-15 00:00:00+09:00,124029.51258773099,126436.9869514037,123583.68400186567,125456.1640625,32310,0.0,0.0
2024-03-18 00:00:00+09:00,126347.83917737332,126526.17063704497,123672.86728229836,124921.1875,20645,0.0,0.0
2024-03-19 00:00:00+09:00,125723.64997228853,131073.59252430082,125634.48426308834,130716.9296875,27061,0.0,0.0
2024-03-21 00:00:00+09:00,131341.11480034722,134996.9095775463,130627.78899016204,134818.578125,30664,0.0,0.0
2024-03-22 00:00:00+09:00,135175.24840790333,136869.39729955912,134194.42536536578,136512.734375,30894,0.0,0.0
2024-03-25 00:00:00+09:00,136691.04495271383,136958.54210526316,135086.06203741778,135531.890625,19787,0.0,0.0
2024-03-26 00:00:00+09:00,135264.39153740875,135710.22011861313,134105.2372262774,134372.734375,19070,0.0,0.0
2024-03-27 00:00:00+09:00,135353.57918186337,135710.24210460874,134372.75614431367,134461.921875,17866,0.0,0.0
2024-03-28 00:00:00+09:00,134372.72909007352,135175.22050467914,133124.40911179813,133391.90625,19158,0.0,0.0
2024-03-29 00:00:00+09:00,134461.89480280748,134461.89480280748,132589.4148353944,133391.90625,5388,0.0,0.0
2024-04-01 00:00:00+09:00,134105.24194630873,135086.06485947987,132411.09327810403,132856.921875,10301,0.0,0.0
2024-04-02 00:00:00+09:00,133570.25145397842,133837.7486197741,130984.44551795347,132232.765625,13039,0.0,0.0
2024-04-03 00:00:00+09:00,131162.77891105606,131519.44180408405,129914.45878545796,130449.453125,15268,0.0,0.0
2024-04-04 00:00:00+09:00,130538.618848257,130984.44746454203,129290.29872265892,130449.453125,11426,0.0,0.0
2024-04-05 00:00:00+09:00,130716.93474073753,130716.93474073753,128041.96336132272,128755.2890625,14127,0.0,0.0
2024-04-08 00:00:00+09:00,129022.79869599799,133481.08476013062,128755.30153215003,133124.421875,19260,0.0,0.0
2024-04-09 00:00:00+09:00,133302.75283711616,134461.90720961284,132678.5927903872,133570.25,14851,0.0,0.0
2024-04-10 00:00:00+09:00,133570.23811619717,135264.38666373238,132411.083846831,132946.078125,15692,0.0,0.0
2024-04-11 00:00:00+09:00,132411.0744282004,133124.40008168566,131608.5830680295,133035.234375,14059,0.0,0.0
2024-04-12 00:00:00+09:00,133748.5824742268,133748.5824742268,129111.9649484536,129736.125,14475,0.0,0.0
2024-04-15 00:00:00+09:00,129379.46252317936,132678.59423465948,129379.46252317936,132232.765625,18088,0.0,0.0
2024-04-16 00:00:00+09:00,133035.2335635819,134461.88486185088,132054.41079602198,133926.890625,19229,0.0,0.0
2024-04-17 00:00:00+09:00,135175.229625,135175.229625,133035.252375,133748.578125,23215,0.0,0.0
2024-04-18 00:00:00+09:00,133659.4215457172,134372.74734449355,130627.78690091774,131162.78125,23543,0.0,0.0
2024-04-19 00:00:00+09:00,130538.59997406638,130538.59997406638,127328.6344009336,128933.6171875,27610,0.0,0.0
2024-04-22 00:00:00+09:00,130360.27990480133,134996.89724751655,130271.11418667219,134640.234375,22353,0.0,0.0
2024-04-23 00:00:00+09:00,135531.90009874917,136958.55167873602,135086.0714800033,135442.734375,19957,0.0,0.0
2024-04-24 00:00:00+09:00,135086.0804128365,135799.40625,133570.2630088641,135799.40625,13464,0.0,0.0
2024-04-25 00:00:00+09:00,136869.3627194816,136869.3627194816,133302.734375,133302.734375,12165,0.0,0.0
2024-04-26 00:00:00+09:00,133391.91855807745,134105.2443257677,132321.92990654206,133570.25,10162,0.0,0.0
2024-04-30 00:00:00+09:00,134461.921875,134996.91625911804,132678.6072612732,134461.921875,15151,0.0,0.0
2024-05-01 00:00:00+09:00,134729.41368464052,136601.89395424837,134105.25359477123,136423.5625,11281,0.0,0.0
2024-05-02 00:00:00+09:00,136423.54832848837,138117.69696786176,135621.05686773255,138028.53125,19372,0.0,0.0
2024-05-07 00:00:00+09:00,138474.36035651967,141595.16049333755,138117.69748374049,140525.171875,29684,0.0,0.0
2024-05-08 00:00:00+09:00,140614.34142049155,140614.34142049155,136958.546875,136958.546875,19200,0.0,0.0
2024-05-09 00:00:00+09:00,137493.55199613652,138652.7064552479,136780.22617514487,138474.375,16966,0.0,0.0
2024-05-10 00:00:00+09:00,138920.1760187581,138920.1760187581,136512.7018515524,137850.1875,20555,0.0,0.0
2024-05-13 00:00:00+09:00,137939.36177652734,138652.6875,136691.04176045017,138652.6875,10559,0.0,0.0
2024-05-14 00:00:00+09:00,139544.35322090794,139990.18182544757,138296.03312819693,139455.1875,14899,0.0,0.0
2024-05-15 00:00:00+09:00,143735.1479299363,144359.30800159235,139366.02742834395,139990.1875,44961,0.0,0.0
2024-05-16 00:00:00+09:00,139544.32388117284,139811.82098765433,136512.69000771607,137226.015625,25565,0.0,0.0
2024-05-17 00:00:00+09:00,136512.7116781656,137850.1974228896,136512.7116781656,137315.203125,12874,0.0,0.0
2024-05-20 00:00:00+09:00,137493.5383125,137493.5383125,133302.74953125,133748.578125,16570,0.0,0.0
2024-05-21 00:00:00+09:00,133302.7571395525,133837.75148258748,131876.10555812586,132500.265625,14818,0.0,0.0
2024-05-22 00:00:00+09:00,132321.92898305084,132589.42614406778,130627.78029661016,131519.4375,12988,0.0,0.0
2024-05-23 00:00:00+09:00,131341.09764275225,131965.25764512786,128844.45763324984,129022.7890625,13779,0.0,0.0
2024-05-24 00:00:00+09:00,128309.47822496523,129111.9697496523,127506.98670027817,128220.3125,13231,0.0,0.0
2024-05-27 00:00:00+09:00,128220.31216755319,130984.4496343085,127863.64926861702,129914.4609375,10745,0.0,0.0
2024-05-28 00:00:00+09:00,130360.28290768308,131965.26587097876,129379.45998566906,130271.1171875,15436,0.0,0.0
2024-05-29 00:00:00+09:00,130181.95811170213,131162.7810837766,129379.46658909574,129914.4609375,13173,0.0,0.0
2024-05-30 00:00:00+09:00,129468.61609954514,129646.9475266795,126882.81040609692,127417.8046875,15939,0.0,0.0
2024-05-31 00:00:00+09:00,128309.45311442112,131965.2471225457,127774.45886932973,131697.75,77923,0.0,0.0
2024-06-03 00:00:00+09:00,131697.76652937586,132232.76084161436,127863.640625,127863.640625,16538,0.0,0.0
2024-06-04 00:00:00+09:00,127952.79644097223,129468.61354166667,127417.8021701389,128398.625,17643,0.0,0.0
2024-06-05 00:00:00+09:00,127417.81104934444,128220.30251151665,125456.16525292346,125812.828125,17591,0.0,0.0
2024-06-06 00:00:00+09:00,125812.8342776204,127061.15439093484,125188.67422096316,125902.0,13308,0.0,0.0
2024-06-07 00:00:00+09:00,125545.33523945675,126436.99244996427,124118.68370264475,124742.84375,14352,0.0,0.0
2024-06-10 00:00:00+09:00,124921.1751921015,125277.8380763045,124029.51798159399,124742.84375,14148,0.0,0.0
2024-06-11 00:00:00+09:00,125545.32647267565,125812.82361714868,124742.83503925656,125634.4921875,15635,0.0,0.0
2024-06-12 00:00:00+09:00,125456.16713470525,125723.66429277498,123762.01846693027,124029.515625,16223,0.0,0.0
2024-06-13 00:00:00+09:00,124564.4888473732,124921.15166440218,122781.17476222827,123048.671875,18148,0.0,0.0
2024-06-14 00:00:00+09:00,123851.18953588454,126882.82412495586,123137.8637502207,126258.6640625,19866,0.0,0.0
2024-06-17 00:00:00+09:00,126793.64861012118,127061.14575908767,124386.17426942267,125099.5,13811,0.0,0.0
2024-06-18 00:00:00+09:00,124742.8493994662,125277.84375,124207.85504893238,125277.84375,9556,0.0,0.0
2024-06-19 00:00:00+09:00,124653.67824442676,126080.32978370489,124297.01535960722,125991.1640625,8339,0.0,0.0
2024-06-20 00:00:00+09:00,125723.66855524079,126971.98866855523,125010.34277620396,125902.0,7538,0.0,0.0
2024-06-21 00:00:00+09:00,125723.6484375,126347.8083942819,124921.15706449468,125723.6484375,18539,0.0,0.0
2024-06-24 00:00:00+09:00,126347.83245106762,126347.83245106762,124742.8493994662,125277.84375,7117,0.0,0.0
2024-06-25 00:00:00+09:00,125723.66961050725,129201.1328125,125723.66961050725,129201.1328125,13144,0.0,0.0
2024-06-26 00:00:00+09:00,129557.79570501207,129557.79570501207,127952.81268870774,129201.1328125,13269,0.0,0.0
2024-06-27 00:00:00+09:00,128576.96637465133,128755.29781206415,126436.98912569735,127863.640625,17718,0.0,0.0
2024-06-28 00:00:00+09:00,129111.96452347582,129111.96452347582,125367.00422652418,127239.484375,13350,0.0,0.0
2024-07-01 00:00:00+09:00,127952.8003171411,127952.8003171411,125812.82316897984,126080.3203125,11897,0.0,0.0
2024-07-02 00:00:00+09:00,126526.15956907198,126615.32529110798,124386.18224020819,126347.828125,13938,0.0,0.0
2024-07-03 00:00:00+09:00,125723.66855524079,126615.32577903682,124475.34844192634,125902.0,14234,0.0,0.0
2024-07-04 00:00:00+09:00,126080.31409305168,127685.296875,125366.98841218576,127685.296875,13333,0.0,0.0
2024-07-05 00:00:00+09:00,126971.98984816385,127328.65274099576,125277.84110721223,126258.6640625,13815,0.0,0.0
2024-07-08 00:00:00+09:00,126169.49668092802,127952.81112164786,126169.49668092802,126347.828125,9967,0.0,0.0
2024-07-09 00:00:00+09:00,125723.66711194815,127239.484375,125545.33566923616,127239.484375,7364,0.0,0.0
2024-07-10 00:00:00+09:00,130092.78316066577,131430.26893682065,129468.62313179349,131251.9375,18509,0.0,0.0
2024-07-11 00:00:00+09:00,131251.93657219972,133391.91379892037,130895.27370107961,132143.59375,14370,0.0,0.0
2024-07-12 00:00:00+09:00,131073.60981308413,134729.40437249668,131073.60981308413,133570.25,17490,0.0,0.0
2024-07-16 00:00:00+09:00,134016.0534418779,134194.38485031688,132589.40217436626,133659.390625,12338,0.0,0.0
2024-07-17 00:00:00+09:00,132946.07280405407,133302.7356418919,131430.25574324324,131965.25,18387,0.0,0.0
2024-07-18 00:00:00+09:00,132054.43554297136,135264.40156562292,131786.93837441705,133837.75,25302,0.0,0.0
2024-07-19 00:00:00+09:00,134016.08085053976,134016.08085053976,130092.7890625,130092.7890625,18576,0.0,0.0
2024-07-22 00:00:00+09:00,130181.94201008891,130627.77057861662,129201.11915932797,130360.2734375,16690,0.0,0.0
2024-07-23 00:00:00+09:00,130360.28622986634,130806.1148421436,129022.80039303462,130092.7890625,12847,0.0,0.0
2024-07-24 00:00:00+09:00,129379.46658909574,130895.28390957447,128844.47224069148,129914.4609375,15625,0.0,0.0
2024-07-25 00:00:00+09:00,129914.45644329896,131162.77654639175,129111.9649484536,129736.125,20548,0.0,0.0
2024-07-26 00:00:00+09:00,129825.29306220094,131341.11035757005,128666.13865985988,130449.453125,17563,0.0,0.0
2024-07-29 00:00:00+09:00,131162.77461864406,131519.4375,130003.62025423728,131519.4375,15565,0.0,0.0
2024-07-30 00:00:00+09:00,131341.08965190142,131430.25536110162,130360.26685069918,130716.9296875,18126,0.0,0.0
2024-07-31 00:00:00+09:00,130895.2586323629,133124.40132024375,130716.92721733243,131697.75,17146,0.0,0.0
2024-08-01 00:00:00+09:00,131697.75287162163,132321.91283783785,129379.44442567568,131965.25,19531,0.0,0.0
2024-08-02 00:00:00+09:00,129825.28954169538,131341.1067959597,126971.98647484493,129379.4609375,25926,0.0,0.0
2024-08-05 00:00:00+09:00,126704.49150141643,128933.63456090652,124921.17705382436,125902.0,27813,0.0,0.0
2024-08-06 00:00:00+09:00,128576.9765625,132500.2684964459,127061.15922438454,128576.9765625,29461,0.0,0.0
2024-08-07 00:00:00+09:00,128309.47558121981,132500.26456823671,127596.14979619565,129201.1328125,26585,0.0,0.0
2024-08-08 00:00:00+09:00,128844.45233613336,130895.26368819637,127328.6352498259,128041.9609375,16698,0.0,0.0
2024-08-09 00:00:00+09:00,128487.7970453147,130181.9456531294,126793.6484375,126793.6484375,23647,0.0,0.0
2024-08-13 00:00:00+09:00,127239.47566001218,128844.45853449026,126436.98422277314,128131.1328125,37351,0.0,0.0
2024-08-14 00:00:00+09:00,128755.28690861129,130984.4296875,128398.6240639891,130984.4296875,26952,0.0,0.0
2024-08-15 00:00:00+09:00,129111.95095044129,131430.25946198235,127685.2995587237,131341.09375,25228,0.0,0.0
2024-08-16 00:00:00+09:00,130984.42719594596,131965.25,130181.93581081081,131965.25,22067,0.0,0.0
2024-08-19 00:00:00+09:00,131608.6036989796,131608.6036989796,129557.79212372449,131073.609375,18643,0.0,0.0
2024-08-20 00:00:00+09:00,131965.26283112582,135442.72583816224,131697.7656767384,134640.234375,20946,0.0,0.0
2024-08-21 00:00:00+09:00,134016.07528125,135264.39534375,133213.5838125,133748.578125,21784,0.0,0.0
2024-08-22 00:00:00+09:00,132411.0895227956,133481.078125,130895.27233633935,133481.078125,20450,0.0,0.0
2024-08-23 00:00:00+09:00,133481.08427903874,134105.2443257677,132411.09562750335,133570.25,17352,0.0,0.0
2024-08-26 00:00:00+09:00,134640.25176460933,135888.57197964544,133926.92592744585,135799.40625,24532,0.0,0.0
2024-08-27 00:00:00+09:00,136245.22673476004,137761.04404790857,136245.22673476004,137493.546875,22829,0.0,0.0
2024-08-28 00:00:00+09:00,133926.92214052286,137404.385498366,133926.92214052286,136423.5625,46939,0.0,0.0
2024-08-29 00:00:00+09:00,136377.92976599128,137563.8248074347,135283.25742004352,136195.484375,37833,3450.0,0.0
2024-08-30 00:00:00+09:00,134553.47648315845,137198.9346648612,133185.13604434664,134735.921875,375550,0.0,0.0
2024-09-02 00:00:00+09:00,136377.93024139095,137198.9345037137,135100.8125,135100.8125,25264,0.0,0.0
2024-09-03 00:00:00+09:00,135921.81891814305,140118.06299212598,135374.48273458006,139023.390625,23222,0.0,0.0
2024-09-04 00:00:00+09:00,138202.40229221637,139844.41103232192,137381.3979221636,138293.625,28555,0.0,0.0
2024-09-05 00:00:00+09:00,137016.48070652175,138749.71182065216,136377.921875,136377.921875,23951,0.0,0.0
2024-09-06 00:00:00+09:00,136834.0651674327,140300.5281516743,136834.0651674327,138932.1875,25117,0.0,0.0
2024-09-09 00:00:00+09:00,138840.95368377483,140300.51692880795,137563.83584437086,137746.28125,18804,0.0,0.0
2024-09-10 00:00:00+09:00,137928.73022412657,140756.63408454185,137928.73022412657,138384.84375,24625,0.0,0.0
2024-09-11 00:00:00+09:00,139114.6187017941,139205.84140258215,136013.046875,136013.046875,25444,0.0,0.0
2024-09-12 00:00:00+09:00,136834.07368290258,138567.30528288602,136651.6282513254,137655.078125,11800,0.0,0.0
2024-09-13 00:00:00+09:00,137198.94466403162,138840.95331027667,137198.94466403162,138476.0625,18488,0.0,0.0
2024-09-17 00:00:00+09:00,137928.71480502313,138749.71905981493,137016.48785525447,138019.9375,8614,0.0,0.0
2024-09-18 00:00:00+09:00,137016.5041541416,137837.50850659652,135192.05003757516,136560.390625,13723,0.0,0.0
2024-09-19 00:00:00+09:00,136286.70707049564,137290.15672094774,135648.14820202612,136195.484375,8142,0.0,0.0
2024-09-20 00:00:00+09:00,135648.14867488184,137381.37989534097,134918.3671083727,135100.8125,22742,0.0,0.0
2024-09-24 00:00:00+09:00,136377.921875,136469.14456521737,134553.46807065216,136377.921875,12801,0.0,0.0
2024-09-25 00:00:00+09:00,135830.59753057975,137107.71530454088,135009.59324731902,136104.265625,13321,0.0,0.0
2024-09-26 00:00:00+09:00,136104.25012600806,136469.14087701612,135009.57787298388,135739.359375,10257,0.0,0.0
2024-09-27 00:00:00+09:00,135739.39480782198,136377.95378877275,134644.72226904923,135283.28125,17117,0.0,0.0
2024-09-30 00:00:00+09:00,134279.81035689294,134462.25575139959,130357.234375,130357.234375,24100,0.0,0.0
2024-10-01 00:00:00+09:00,131087.01137837136,132090.4610131397,130539.67521395227,131908.015625,10970,0.0,0.0
2024-10-02 00:00:00+09:00,131908.01957179932,132272.91035899654,130448.45642301037,131816.796875,10620,0.0,0.0
2024-10-03 00:00:00+09:00,131543.1294392932,132637.8018063331,130357.234375,130357.234375,14191,0.0,0.0
2024-10-04 00:00:00+09:00,131269.46110082752,132820.2469512195,130722.12491833624,130904.5703125,11832,0.0,0.0
2024-10-07 00:00:00+09:00,131634.3598384072,132546.5868643144,130357.24200213712,130722.1328125,6533,0.0,0.0
2024-10-08 00:00:00+09:00,130722.13290531098,131908.02803983228,130083.57398672258,130539.6875,9477,0.0,0.0
2024-10-09 00:00:00+09:00,131087.03849559432,132272.9337638217,130813.37035677263,131999.265625,7490,0.0,0.0
2024-10-10 00:00:00+09:00,132455.3520949235,132455.3520949235,130995.7889864395,131178.234375,8312,0.0,0.0
2024-10-11 00:00:00+09:00,131360.68793706293,131543.13333697553,129809.90203780595,130448.4609375,7464,0.0,0.0
2024-10-15 00:00:00+09:00,130083.57852168547,130813.36016837094,129262.5741691643,129353.796875,7730,0.0,0.0
2024-10-16 00:00:00+09:00,129171.34392705382,130266.0163332153,128806.453125,128806.453125,6666,0.0,0.0
2024-10-17 00:00:00+09:00,129171.3472368421,130722.13318530702,129171.3472368421,129992.3515625,5875,0.0,0.0
2024-10-18 00:00:00+09:00,132181.69110576922,133823.69969093407,131451.90951236265,132820.25,11939,0.0,0.0
2024-10-21 00:00:00+09:00,133367.5825569358,133367.5825569358,131725.57401656313,132181.6875,8484,0.0,0.0
2024-10-22 00:00:00+09:00,131360.6679389313,131543.1133110687,130357.21839217556,131451.890625,9171,0.0,0.0
2024-10-23 00:00:00+09:00,130630.89805825242,131999.2384708738,130357.22997572816,131543.125,8139,0.0,0.0
2024-10-24 00:00:00+09:00,130722.12128523285,131269.45745251226,130266.0078125,130266.0078125,7532,0.0,0.0
2024-10-25 00:00:00+09:00,130266.00750783426,131087.0117568332,130083.56211916782,130995.7890625,5913,0.0,0.0
2024-10-28 00:00:00+09:00,131087.01940104165,131908.02369791665,130266.01510416665,131360.6875,5931,0.0,0.0
2024-10-29 00:00:00+09:00,130904.57821768144,131269.46902804432,130266.0192995464,130722.1328125,8798,0.0,0.0
2024-10-30 00:00:00+09:00,130995.79713723777,131816.8014368444,130448.4609375,130448.4609375,8474,0.0,0.0
2024-10-31 00:00:00+09:00,130266.01510416665,131543.13289930555,130266.01510416665,131360.6875,10485,0.0,0.0
2024-11-01 00:00:00+09:00,130904.57055851995,132181.6883200665,130357.234375,130357.234375,7558,0.0,0.0
2024-11-05 00:00:00+09:00,131634.36078489915,131816.80619139242,128897.6796875,128897.6796875,8670,0.0,0.0
2024-11-06 00:00:00+09:00,129536.23861022647,130174.79753295294,128897.6796875,128897.6796875,13416,0.0,0.0
2024-11-07 00:00:00+09:00,129262.56653885255,130174.79354336104,128441.56223479491,128988.8984375,11603,0.0,0.0
2024-11-08 00:00:00+09:00,128988.8981734155,130083.57057658452,128988.8981734155,129536.234375,9342,0.0,0.0
2024-11-11 00:00:00+09:00,128988.91031405031,129627.46927600107,127894.23780784904,128715.2421875,11910,0.0,0.0
2024-11-12 00:00:00+09:00,128441.55805770584,129718.67582248416,128441.55805770584,129627.453125,5679,0.0,0.0
2024-11-13 00:00:00+09:00,129353.78941710993,129536.23481826241,128167.89430961879,128624.0078125,7157,0.0,0.0
2024-11-14 00:00:00+09:00,128532.78582877512,128715.23123094512,126981.99991032999,127164.4453125,8867,0.0,0.0
2024-11-15 00:00:00+09:00,127164.44078246983,128897.67204134137,126434.65919978709,128532.78125,12280,0.0,0.0
2024-11-18 00:00:00+09:00,128532.78493524576,129353.7892393034,127711.78063118813,128988.8984375,8055,0.0,0.0
2024-11-19 00:00:00+09:00,129536.22254919184,130266.00408468024,129171.33178144763,129809.890625,8307,0.0,0.0
2024-11-20 00:00:00+09:00,130448.46128911745,130630.9066895218,129171.34348628692,129718.6796875,10992,0.0,0.0
2024-11-21 00:00:00+09:00,129080.13270774523,129992.35979401905,128441.57374735356,129262.578125,9303,0.0,0.0
2024-11-22 00:00:00+09:00,128897.67154512668,129901.1212174525,128715.22615015834,129627.453125,7282,0.0,0.0
2024-11-25 00:00:00+09:00,129627.44895067402,131087.01206341913,129445.00356158089,130266.0078125,11402,0.0,0.0
2024-11-26 00:00:00+09:00,129901.12885964912,130448.46507675438,129262.56993969298,129992.3515625,9840,0.0,0.0
2024-11-27 00:00:00+09:00,130357.23445712158,130813.34794367554,128988.8939974597,130174.7890625,7532,0.0,0.0
2024-11-28 00:00:00+09:00,129627.44895067402,130630.89859068628,129171.33547794117,130266.0078125,5856,0.0,0.0
2024-11-29 00:00:00+09:00,129627.46895950953,130539.69604578333,129262.578125,129262.578125,7527,0.0,0.0
2024-12-02 00:00:00+09:00,129262.56662756728,129627.4574296211,128441.56232294618,128806.453125,8644,0.0,0.0
2024-12-03 00:00:00+09:00,128806.44515801553,129536.22671698446,128350.33168365996,129171.3359375,7369,0.0,0.0
2024-12-04 00:00:00+09:00,129901.12942321302,130357.24293944621,128806.45698425337,128897.6796875,8451,0.0,0.0
2024-12-05 00:00:00+09:00,128806.44934350603,129536.23092618879,128441.55855216466,128532.78125,7129,0.0,0.0
2024-12-06 00:00:00+09:00,128624.01612723214,129171.35236607143,127620.56635602679,127711.7890625,7093,0.0,0.0
2024-12-09 00:00:00+09:00,127620.56675983297,128076.68029364223,126799.56239897628,126982.0078125,8654,0.0,0.0
2024-12-10 00:00:00+09:00,127164.44178700361,127255.66448555957,125978.54670577619,126343.4375,6009,0.0,0.0
2024-12-11 00:00:00+09:00,125887.33160097193,127346.89486591073,125796.10889691325,126708.3359375,7011,0.0,0.0
2024-12-12 00:00:00+09:00,126890.78125,127164.4493619698,126343.44502606038,126890.78125,9014,0.0,0.0
2024-12-13 00:00:00+09:00,127073.215279034,127255.66067067655,125704.8748417149,126069.765625,14978,0.0,0.0
2024-12-16 00:00:00+09:00,125978.54756181319,125978.54756181319,123971.64817994506,124518.984375,14224,0.0,0.0
2024-12-17 00:00:00+09:00,124062.87509204712,124792.65671023563,123606.7615806793,123880.4296875,13058,0.0,0.0
2024-12-18 00:00:00+09:00,123880.4296875,124610.2113056885,123606.7615806793,123880.4296875,9153,0.0,0.0
2024-12-19 00:00:00+09:00,123150.64899803812,123697.98521580717,122055.9765625,122055.9765625,10816,0.0,0.0
2024-12-20 00:00:00+09:00,123150.64825286188,124245.32068177621,123059.42555045236,123515.5390625,26799,0.0,0.0
2024-12-23 00:00:00+09:00,123424.31215558412,124518.98454720793,123424.31215558412,124154.09375,5580,0.0,0.0
2024-12-24 00:00:00+09:00,124518.98787186135,126343.4419066139,124427.76517012372,125339.9921875,5020,0.0,0.0
2024-12-25 00:00:00+09:00,125339.98421625544,125978.54308780842,125339.98421625544,125704.875,3974,0.0,0.0
2024-12-26 00:00:00+09:00,125704.89373205311,127164.45708452979,125704.89373205311,127073.234375,8358,0.0,0.0
2024-12-27 00:00:00+09:00,127620.57063217874,127894.23876076812,126617.12082735104,127073.234375,5549,0.0,0.0
2024-12-30 00:00:00+09:00,127711.77832244009,128167.8918164488,125522.43355119825,125613.65625,10636,0.0,0.0
2025-01-06 00:00:00+09:00,126525.89348255505,129445.0200805664,126343.44807017934,128441.5703125,12447,0.0,0.0
2025-01-07 00:00:00+09:00,128441.56276747503,129627.45787825428,127803.00386167082,127894.2265625,9018,0.0,0.0
2025-01-08 00:00:00+09:00,128076.66809421842,128897.67237687367,127711.7773019272,127803.0,7043,0.0,0.0
2025-01-09 00:00:00+09:00,127620.55863845673,127985.44944228361,126890.77703080293,127529.3359375,5299,0.0,0.0
2025-01-10 00:00:00+09:00,127803.0,128441.55888650964,127346.88650963598,127803.0,7446,0.0,0.0
2025-01-14 00:00:00+09:00,128715.2390367568,129171.3525698424,127346.8984375,127346.8984375,11123,0.0,0.0
2025-01-15 00:00:00+09:00,127438.11709256611,127894.23061115082,126982.0035739814,127620.5625,11479,0.0,0.0
2025-01-16 00:00:00+09:00,127438.11323654327,127803.00404037017,126708.33162888949,127529.3359375,6906,0.0,0.0
2025-01-17 00:00:00+09:00,127255.668013585,127620.55881792503,126525.88640490494,127164.4453125,7591,0.0,0.0
2025-01-20 00:00:00+09:00,127164.44945779338,127438.1175699694,126252.22241720662,126708.3359375,5686,0.0,0.0
2025-01-21 00:00:00+09:00,126708.33584202013,127255.67206595973,126434.66773005032,126890.78125,5559,0.0,0.0
2025-01-22 00:00:00+09:00,126982.0035739814,128167.89872230164,126799.55816654753,127620.5625,7455,0.0,0.0
2025-01-23 00:00:00+09:00,127164.44898141529,127803.00790743387,126982.0035739814,127620.5625,5247,0.0,0.0
2025-01-24 00:00:00+09:00,127620.55345740028,131451.9067420399,127438.10806289363,130357.234375,10168,0.0,0.0
2025-01-27 00:00:00+09:00,130448.46352381767,133458.81268205962,130448.46352381767,133093.921875,15466,0.0,0.0
2025-01-28 00:00:00+09:00,133367.58081463494,136925.26593896517,133185.13542364366,136195.484375,19887,0.0,0.0
2025-01-29 00:00:00+09:00,136377.93338541666,137381.38306249998,135921.81989583332,136834.046875,15409,0.0,0.0
2025-01-30 00:00:00+09:00,137381.37133088725,137655.0394012675,136286.69904936626,136742.8125,12693,0.0,0.0
2025-01-31 00:00:00+09:00,137198.92608695652,137290.14877717392,135921.80842391303,136377.921875,10745,0.0,0.0
2025-02-03 00:00:00+09:00,136013.0510178331,136560.38723923283,135283.26938930014,135556.9375,9207,0.0,0.0
2025-02-04 00:00:00+09:00,136013.04777787218,136013.04777787218,133002.69863188307,134188.59375,12914,0.0,0.0
2025-02-05 00:00:00+09:00,134188.60227565203,134735.9385187886,131999.2573031057,132911.484375,9990,0.0,0.0
2025-02-06 00:00:00+09:00,133093.9293835324,134097.37915955632,132911.4839697099,133641.265625,8185,0.0,0.0
2025-02-07 00:00:00+09:00,132911.485407968,133093.9308237648,130722.1404184064,131087.03125,9180,0.0,0.0
2025-02-10 00:00:00+09:00,131087.01983719406,131269.46523710663,129901.12473776223,130448.4609375,7940,0.0,0.0
2025-02-12 00:00:00+09:00,130448.46128911745,130904.57479012835,128897.67538568038,129718.6796875,6555,0.0,0.0
2025-02-13 00:00:00+09:00,129809.90578659282,130722.1328125,129445.01497622994,130722.1328125,6746,0.0,0.0
2025-02-14 00:00:00+09:00,130904.56636816678,131543.1252284993,129992.3394248346,130995.7890625,7425,0.0,0.0
2025-02-17 00:00:00+09:00,130630.90590277777,131451.91019965278,130266.01510416665,131360.6875,5695,0.0,0.0
2025-02-18 00:00:00+09:00,131451.91397046085,132272.91829088706,131451.91397046085,131634.359375,5976,0.0,0.0
2025-02-19 00:00:00+09:00,131999.25036918,133276.36820274498,131087.023345205,131269.46875,8725,0.0,0.0
2025-02-20 00:00:00+09:00,131178.24253715036,131451.91063701923,130174.79283763112,130448.4609375,7447,0.0,0.0
2025-02-21 00:00:00+09:00,130448.46479734452,130904.57831062195,129901.1285814116,130539.6875,7907,0.0,0.0
2025-02-25 00:00:00+09:00,131451.9067420399,131816.7975310532,130357.234375,130357.234375,9143,0.0,0.0
2025-02-26 00:00:00+09:00,130448.452820758,131725.5705406815,130174.78473791725,131178.234375,21201,0.0,0.0
2025-02-27 00:00:00+09:00,131227.77455357142,133657.9185267857,131227.77455357142,133470.984375,15247,3453.0,0.0
2025-02-28 00:00:00+09:00,132723.25115905848,133844.8560984308,130853.90959343794,131040.84375,16229,0.0,0.0
2025-03-03 00:00:00+09:00,131695.11771791018,132910.1897763437,130853.91398514852,132162.453125,11691,0.0,0.0
2025-03-04 00:00:00+09:00,132162.44700214133,132536.3153104925,130106.17130620986,130947.375,10712,0.0,0.0
2025-03-05 00:00:00+09:00,131040.85207889126,132629.79251066098,130666.98374200426,131508.1875,9696,0.0,0.0
2025-03-06 00:00:00+09:00,130853.91239278056,131134.31363362222,130199.64283081667,130760.4453125,6884,0.0,0.0
2025-03-07 00:00:00+09:00,129919.22933940159,130293.09762527037,128984.55862472963,129638.828125,8831,0.0,0.0
2025-03-10 00:00:00+09:00,129451.89508202278,130573.49994915944,129264.9609375,129264.9609375,6002,0.0,0.0
2025-03-11 00:00:00+09:00,128423.76675410583,129451.9046247719,127395.62888343979,128049.8984375,9027,0.0,0.0
2025-03-12 00:00:00+09:00,128049.89945749642,130947.37893427188,127956.43237760043,130293.109375,11596,0.0,0.0
2025-03-13 00:00:00+09:00,130012.71924807486,131040.85721481017,129638.85089653474,130480.0546875,7925,0.0,0.0
2025-03-14 00:00:00+09:00,130666.97543687589,131414.7120631241,130386.57420203282,131040.84375,12035,0.0,0.0
2025-03-17 00:00:00+09:00,131040.8487544484,131882.0524911032,130947.38167259787,131321.25,7635,0.0,0.0
2025-03-18 00:00:00+09:00,131321.2576528365,132629.796875,131040.85639094432,132629.796875,7281,0.0,0.0
2025-03-19 00:00:00+09:00,132536.328125,132816.72938337448,132068.9926943759,132536.328125,5039,0.0,0.0
2025-03-21 00:00:00+09:00,133284.0485502803,134125.25222275752,132910.18025140153,133377.515625,16369,0.0,0.0
2025-03-24 00:00:00+09:00,133377.51174599025,134031.78125,133284.04467398886,134031.78125,5040,0.0,0.0
2025-03-25 00:00:00+09:00,134031.79353613826,135433.79974467529,133844.859375,133844.859375,8010,0.0,0.0
2025-03-26 00:00:00+09:00,133938.33578092605,135433.8091741534,133190.59908431236,135246.875,9804,0.0,0.0
2025-03-27 00:00:00+09:00,135433.80520331845,136835.81146836313,135433.80520331845,135901.140625,6287,0.0,0.0
2025-03-28 00:00:00+09:00,135527.27228765475,136088.07479367263,134873.00269730054,135901.140625,5291,0.0,0.0
2025-03-31 00:00:00+09:00,134873.00125,135527.27083333334,133190.59375,133190.59375,11351,0.0,0.0
2025-04-01 00:00:00+09:00,134966.46097027973,135340.3292832168,133284.05356206294,133657.921875,8121,0.0,0.0
2025-04-02 00:00:00+09:00,133190.5910205976,133657.9264276874,131227.78231082036,132162.453125,7600,0.0,0.0
2025-04-03 00:00:00+09:00,129545.37049750357,131040.84375,128143.36432328816,131040.84375,11585,0.0,0.0
2025-04-04 00:00:00+09:00,131975.52560825105,132910.1964694993,131227.78891925246,132536.328125,10421,0.0,0.0
2025-04-07 00:00:00+09:00,128517.23047446088,131227.77569901315,126647.88894028691,127862.9609375,13781,0.0,0.0
2025-04-08 00:00:00+09:00,129451.91836860236,132723.26648622047,129358.45127952755,130573.5234375,14755,0.0,0.0
2025-04-09 00:00:00+09:00,129358.45526079136,130480.06036420864,128704.1856171313,129919.2578125,9872,0.0,0.0
2025-04-10 00:00:00+09:00,132442.86103887518,134031.80150299717,130573.5193163787,132536.328125,9650,0.0,0.0
2025-04-11 00:00:00+09:00,130853.90625,134312.1880580357,130293.10379464286,133470.984375,9945,0.0,0.0
2025-04-14 00:00:00+09:00,133938.32645556913,135620.73390581354,133657.92521386172,133844.859375,7689,0.0,0.0
2025-04-15 00:00:00+09:00,133844.86500701262,134499.13459852737,132629.79290848528,133284.0625,7200,0.0,0.0
2025-04-16 00:00:00+09:00,133470.98771853145,134031.79018793706,132723.25109265733,133657.921875,6455,0.0,0.0
2025-04-17 00:00:00+09:00,133564.44588999302,134499.11661000698,133190.57760198746,134031.78125,7786,0.0,0.0
2025-04-18 00:00:00+09:00,134031.78125,135059.91904201533,133284.04467398886,134031.78125,9273,0.0,0.0
2025-04-21 00:00:00+09:00,133844.84325121445,134779.51394430952,133470.9749739764,134686.046875,6698,0.0,0.0
2025-04-22 00:00:00+09:00,134592.5798056905,134966.44808292852,134031.77738983344,134686.046875,6635,0.0,0.0
2025-04-23 00:00:00+09:00,135059.9257866829,135901.12947670376,134218.72209666204,134405.65625,6105,0.0,0.0
2025-04-24 00:00:00+09:00,134125.2454651265,134312.17960514757,132629.77234495783,133003.640625,6213,0.0,0.0
2025-04-25 00:00:00+09:00,132536.32145067185,132723.2556135078,131508.18355507427,132162.453125,7800,0.0,0.0
2025-04-28 00:00:00+09:00,132536.3158450704,133190.58538732392,132068.98045774648,132723.25,5864,0.0,0.0
2025-04-30 00:00:00+09:00,132442.8521009142,133190.58873945146,131508.1813027426,132910.1875,11307,0.0,0.0
2025-05-01 00:00:00+09:00,133190.58698887163,135433.796875,132816.71867451692,135433.796875,6700,0.0,0.0
2025-05-02 00:00:00+09:00,135153.3944913088,137770.47266956375,135153.3944913088,137116.203125,9045,0.0,0.0
2025-05-07 00:00:00+09:00,137677.02433189657,137957.42560344827,135527.28125,135527.28125,8489,0.0,0.0
2025-05-08 00:00:00+09:00,135246.85656772283,135433.79071639973,133844.85045264623,134218.71875,6574,0.0,0.0
2025-05-09 00:00:00+09:00,133657.91742306363,135153.390625,132910.18082209543,135153.390625,12128,0.0,0.0
2025-05-12 00:00:00+09:00,135153.4039503095,135901.140625,134779.53561296425,135901.140625,4111,0.0,0.0
2025-05-13 00:00:00+09:00,135807.67650704592,135994.61067980167,133190.59808846557,134312.203125,9435,0.0,0.0
2025-05-14 00:00:00+09:00,134312.1919319358,135807.66518935474,134125.25777475844,135433.796875,7170,0.0,0.0
2025-05-15 00:00:00+09:00,134872.99440346792,135994.59934653208,134499.12608911318,135433.796875,6633,0.0,0.0
2025-05-16 00:00:00+09:00,135714.21043538355,136368.48004492052,134312.20412923288,135246.875,6224,0.0,0.0
2025-05-19 00:00:00+09:00,134218.72937020237,134218.72937020237,132723.25606245638,133938.328125,8811,0.0,0.0
2025-05-20 00:00:00+09:00,134686.0546710757,135059.92296995444,133003.64732612122,133377.515625,7354,0.0,0.0
2025-05-21 00:00:00+09:00,133751.39625,134218.73166666666,132723.25833333333,133190.59375,6066,0.0,0.0
2025-05-22 00:00:00+09:00,133284.06083333332,133470.995,132349.39,133190.59375,4722,0.0,0.0
2025-05-23 00:00:00+09:00,133003.65123239436,133284.05246478872,132723.25,132723.25,5176,0.0,0.0
2025-05-26 00:00:00+09:00,133564.4597980635,134405.66353367062,133190.591471127,133938.328125,6685,0.0,0.0
2025-05-27 00:00:00+09:00,133938.328125,134686.064778873,133751.39396153175,133938.328125,4196,0.0,0.0
2025-05-28 00:00:00+09:00,134312.1852833045,135527.2572448097,134125.25113538062,135059.921875,7151,0.0,0.0
2025-05-29 00:00:00+09:00,136461.94713199724,137116.2167415342,134873.00665169314,135246.875,7914,0.0,0.0
2025-05-30 00:00:00+09:00,135527.27626123012,135901.14460953698,134966.47373876986,135246.875,8064,0.0,0.0
2025-06-02 00:00:00+09:00,135527.27062543016,135901.13895818996,134966.46812629045,135807.671875,5827,0.0,0.0
2025-06-03 00:00:00+09:00,135059.94182180852,136275.01396276595,134779.54055851063,136181.546875,5260,0.0,0.0
2025-06-04 00:00:00+09:00,135714.19869791667,135714.19869791667,134405.6595920139,134592.59375,8981,0.0,0.0
2025-06-05 00:00:00+09:00,134125.25390625,134218.72098214287,133190.58314732142,133470.984375,9923,0.0,0.0
2025-06-06 00:00:00+09:00,133190.5920821629,133470.99332865168,132629.78958918538,133097.125,11528,0.0,0.0
2025-06-09 00:00:00+09:00,133003.65958333333,133751.39625,132816.72541666665,133190.59375,8290,0.0,0.0
2025-06-10 00:00:00+09:00,133377.515625,134125.25222275752,132816.71317668183,133377.515625,7759,0.0,0.0
2025-06-11 00:00:00+09:00,133003.65791783706,133657.92749297753,132629.78958918538,133097.125,10890,0.0,0.0
2025-06-12 00:00:00+09:00,133003.6506626137,133751.38727912877,132816.71650848497,133564.453125,15601,0.0,0.0
2025-06-13 00:00:00+09:00,134592.6030927835,136181.5435459622,134031.8005798969,135994.609375,20820,0.0,0.0
2025-06-16 00:00:00+09:00,136088.0764604811,137957.41817010308,135340.3397766323,135994.609375,9387,0.0,0.0
2025-06-17 00:00:00+09:00,136835.8029790115,138705.14454976303,136555.40174339878,138050.875,8798,0.0,0.0
2025-06-18 00:00:00+09:00,138331.29022696477,139079.0269308943,137957.421875,137957.421875,7628,0.0,0.0
2025-06-19 00:00:00+09:00,137677.0206110264,138050.8889629912,136929.2839070969,137957.421875,6582,0.0,0.0
2025-06-20 00:00:00+09:00,137957.41790289953,138611.6875,137022.74704989884,138611.6875,31847,0.0,0.0
2025-06-23 00:00:00+09:00,138331.27232142858,139359.41015625,138144.33816964287,138705.140625,7269,0.0,0.0
2025-06-24 00:00:00+09:00,139452.87891414142,140013.68137626263,138331.273989899,138798.609375,5471,0.0,0.0
2025-06-25 00:00:00+09:00,139359.41746957405,139639.81871196756,138237.8125,138237.8125,9325,0.0,0.0
2025-06-26 00:00:00+09:00,138518.20981241588,138892.078125,137022.7365620794,138892.078125,11317,0.0,0.0
2025-06-27 00:00:00+09:00,139546.3583530007,139546.3583530007,137957.41790289953,138611.6875,7966,0.0,0.0
2025-06-30 00:00:00+09:00,138331.28354279892,138892.0860436481,137116.21145762567,137583.546875,11456,0.0,0.0
2025-07-01 00:00:00+09:00,137396.61934705285,138424.75731495596,137396.61934705285,137957.421875,9531,0.0,0.0
2025-07-02 00:00:00+09:00,138237.81915879974,139172.4900118004,137209.68122049898,138611.6875,14443,0.0,0.0
2025-07-03 00:00:00+09:00,138892.08087007346,140574.48830995325,138518.2125501002,139920.21875,9999,0.0,0.0
2025-07-04 00:00:00+09:00,140013.68080655957,140200.61495983935,138892.07588688086,139639.8125,5362,0.0,0.0
2025-07-07 00:00:00+09:00,140387.5595786702,141976.5,140200.6254114549,141976.5,6722,0.0,0.0
2025-07-08 00:00:00+09:00,141509.1601899469,142069.96267418712,140761.4235442933,140854.890625,12288,0.0,0.0
2025-07-09 00:00:00+09:00,140854.88560713097,141696.08930352394,140574.484375,140574.484375,7215,0.0,0.0
2025-07-10 00:00:00+09:00,140948.3510063207,141602.62054016968,140294.08147247173,140481.015625,4693,0.0,0.0
2025-07-11 00:00:00+09:00,140761.43681930692,141883.04189356434,140574.50264026402,141602.640625,5951,0.0,0.0
2025-07-14 00:00:00+09:00,141696.09149442255,142443.828125,141041.8219426673,142443.828125,4442,0.0,0.0
2025-07-15 00:00:00+09:00,141789.56583278472,142537.3025016458,141135.29624753128,141976.5,7457,0.0,0.0
2025-07-16 00:00:00+09:00,141696.0931557377,143004.63227459017,141509.15899590164,142537.296875,6832,0.0,0.0
2025-07-17 00:00:00+09:00,142443.8331286837,143285.03686763262,142163.43188236738,142724.234375,5257,0.0,0.0
2025-07-18 00:00:00+09:00,142630.77626395272,142817.7104399212,141696.1053841103,142350.375,7664,0.0,0.0
2025-07-22 00:00:00+09:00,142537.29854398753,143285.03519208715,140854.89108576343,142630.765625,5741,0.0,0.0
2025-07-23 00:00:00+09:00,142630.774597569,143285.04420581472,142256.90625,142256.90625,6700,0.0,0.0
2025-07-24 00:00:00+09:00,142443.83417371503,144219.7087467469,142443.83417371503,143658.90625,7388,0.0,0.0
2025-07-25 00:00:00+09:00,143565.43298969071,145621.70872261596,143565.43298969071,145060.90625,7166,0.0,0.0
2025-07-28 00:00:00+09:00,145060.89900449582,147023.70756061334,144873.96485629416,145528.234375,9289,0.0,0.0
2025-07-29 00:00:00+09:00,145341.30411319708,147491.046875,145154.36995999684,147491.046875,9175,0.0,0.0
2025-07-30 00:00:00+09:00,147677.9799107143,150201.59095982142,147210.64453125,149173.453125,14853,0.0,0.0
2025-07-31 00:00:00+09:00,148893.06416640527,149547.33375156837,147771.4591632685,148986.53125,8361,0.0,0.0
2025-08-01 00:00:00+09:00,148986.52397983114,150014.66184920262,148425.72150562852,149453.859375,7953,0.0,0.0
2025-08-04 00:00:00+09:00,149453.86316550925,151603.60603780864,148986.52775848765,151416.671875,8061,0.0,0.0
2025-08-05 00:00:00+09:00,150575.4581493959,151229.72767580545,150014.65569818774,150855.859375,9858,0.0,0.0
2025-08-06 00:00:00+09:00,150855.85882624768,151977.46372458411,150108.12222735674,151697.0625,8672,0.0,0.0
2025-08-07 00:00:00+09:00,151977.48104602832,152631.75064462746,150949.34310537254,151790.546875,8909,0.0,0.0
2025-08-08 00:00:00+09:00,151790.55351658477,152818.69150222666,151510.15224777334,152164.421875,10915,0.0,0.0
2025-08-12 00:00:00+09:00,152351.34313987187,153472.9481200427,151697.07356810555,153192.546875,6821,0.0,0.0
2025-08-13 00:00:00+09:00,153099.0860721983,153192.55315771245,151603.61270397168,151790.546875,7939,0.0,0.0
2025-08-14 00:00:00+09:00,151510.13728574736,152257.87392873687,150668.9335623842,151323.203125,4775,0.0,0.0
2025-08-15 00:00:00+09:00,150949.34310537254,151790.546875,150482.00767780174,151790.546875,5228,0.0,0.0
2025-08-18 00:00:00+09:00,151416.68350491702,152725.22274508298,151416.68350491702,152070.953125,6976,0.0,0.0
2025-08-19 00:00:00+09:00,152070.94685406517,153472.953125,151884.01268460718,153472.953125,5302,0.0,0.0
2025-08-20 00:00:00+09:00,153286.018955542,154033.75563337392,152818.68353189708,153472.953125,6558,0.0,0.0
2025-08-21 00:00:00+09:00,154220.68477348992,154220.68477348992,152912.1456299573,153192.546875,6779,0.0,0.0
2025-08-22 00:00:00+09:00,152818.6875,153472.95711009175,152631.75332568807,152818.6875,4361,0.0,0.0
2025-08-25 00:00:00+09:00,153472.9391737675,153846.8074786975,152351.33425897747,153566.40625,4299,0.0,0.0
2025-08-26 00:00:00+09:00,153192.54916462293,154127.2199954016,152444.8125,152444.8125,8900,0.0,0.0
2025-08-27 00:00:00+09:00,152164.40555555557,155903.08873873873,152164.40555555557,155622.6875,22214,0.0,0.0
2025-08-28 00:00:00+09:00,155185.31115301725,155949.30037715516,154230.3246228448,155089.8125,11224,3542.0,0.0
2025-08-29 00:00:00+09:00,155567.28668478262,155662.78532608697,153179.82065217392,153752.8125,10536,0.0,0.0
2025-09-01 00:00:00+09:00,153752.81385785228,155185.2934900683,153275.32064711358,153848.3125,6667,0.0,0.0
2025-09-02 00:00:00+09:00,154230.3023181748,154612.296875,153370.81456531808,154612.296875,5033,0.0,0.0
2025-09-03 00:00:00+09:00,153848.3207536073,154421.31263723338,152129.34510272898,152224.84375,8549,0.0,0.0
2025-09-04 00:00:00+09:00,152224.84375,152893.3342808971,150410.36945185068,152224.84375,10098,0.0,0.0
2025-09-05 00:00:00+09:00,151842.84781073447,152511.33833568738,151269.85593220338,152129.34375,10570,0.0,0.0
2025-09-08 00:00:00+09:00,152320.3335580832,154039.3091092089,152033.83763289556,152702.328125,9119,0.0,0.0
2025-09-09 00:00:00+09:00,152606.84163168533,153752.82542366293,152129.348385028,153561.828125,9417,0.0,0.0
2025-09-10 00:00:00+09:00,152893.32607852266,153848.3125,152415.832867784,153848.3125,7071,0.0,0.0
2025-09-11 00:00:00+09:00,153275.32130891865,155089.79551756007,153179.82266635858,154994.296875,5375,0.0,0.0
2025-09-12 00:00:00+09:00,154803.30962621802,156904.27989875153,154516.81367996347,156808.78125,15796,0.0,0.0
2025-09-16 00:00:00+09:00,155662.79270833332,157572.765625,155471.79541666666,157572.765625,9859,0.0,0.0
2025-09-17 00:00:00+09:00,157477.27528896203,157859.26989245255,155185.30766801897,155949.296875,7171,0.0,0.0
2025-09-18 00:00:00+09:00,156808.7860885863,156808.7860885863,155185.30900971542,156044.796875,4875,0.0,0.0
2025-09-19 00:00:00+09:00,156331.29147849052,156808.78473285364,154134.8225084201,155949.296875,25005,0.0,0.0
2025-09-22 00:00:00+09:00,155853.8017241379,156522.2922952586,154707.817887931,155089.8125,7993,0.0,0.0
2025-09-24 00:00:00+09:00,154994.2927951389,155089.79143518518,154039.30639467592,154707.796875,6909,0.0,0.0
2025-09-25 00:00:00+09:00,154803.29823327682,155185.29280016953,153943.81045776818,154898.796875,8791,0.0,0.0
2025-09-26 00:00:00+09:00,154994.30364135443,155471.796875,154516.81040770884,155471.796875,8948,0.0,0.0
2025-09-29 00:00:00+09:00,154994.30727208647,155089.80592105264,152415.84375,152415.84375,8390,0.0,0.0
2025-09-30 00:00:00+09:00,152511.33760325747,154039.31593866894,151938.34572747818,153179.828125,8392,0.0,0.0
2025-10-01 00:00:00+09:00,153657.31454229206,153657.31454229206,151174.3498573327,152702.328125,7457,0.0,0.0
2025-10-02 00:00:00+09:00,152702.3410496243,153943.82349718222,151174.36265262993,152511.34375,9680,0.0,0.0
2025-10-03 00:00:00+09:00,152511.33084154158,152988.82405018763,151365.34714079113,152702.328125,5831,0.0,0.0
2025-10-06 00:00:00+09:00,153943.82786697248,156331.29418004586,153561.83325688072,156140.296875,5727,0.0,0.0
2025-10-07 00:00:00+09:00,155662.7846429673,155853.78192473782,154134.8063888032,154803.296875,4196,0.0,0.0
2025-10-08 00:00:00+09:00,154707.80436802976,155185.29759138788,154134.8125,154134.8125,4879,0.0,0.0
2025-10-09 00:00:00+09:00,154612.32057692308,155185.3125,153752.83269230768,155185.3125,5293,0.0,0.0
2025-10-10 00:00:00+09:00,155185.29143854103,155185.29143854103,154039.30774791795,154803.296875,3576,0.0,0.0
2025-10-14 00:00:00+09:00,153275.3186208359,154803.296875,152893.32405729487,154803.296875,7078,0.0,0.0
2025-10-15 00:00:00+09:00,154325.80637707948,155758.28601548058,154134.80909195932,154994.296875,7223,0.0,0.0
2025-10-16 00:00:00+09:00,155280.81034153423,156235.796875,154039.32784802874,156235.796875,6555,0.0,0.0
2025-10-17 00:00:00+09:00,155376.3084590517,156044.7990301724,154134.82596982757,155089.8125,6941,0.0,0.0
2025-10-20 00:00:00+09:00,155185.3125,155758.30442307692,154516.82192307693,155185.3125,8086,0.0,0.0
2025-10-21 00:00:00+09:00,155376.306313112,156331.29283009487,154803.3144029223,156044.796875,4905,0.0,0.0
2025-10-22 00:00:00+09:00,156617.77781989085,157572.76427001212,155949.28730480594,157477.265625,7376,0.0,0.0
2025-10-23 00:00:00+09:00,157286.27298677884,158909.75,156522.28380408653,158909.75,8636,0.0,0.0
2025-10-24 00:00:00+09:00,158527.75344488188,158909.74803149607,157572.76697834645,157668.265625,7872,0.0,0.0
2025-10-27 00:00:00+09:00,158050.2533796435,159387.234375,157859.25609459257,159387.234375,6731,0.0,0.0
2025-10-28 00:00:00+09:00,159005.25348165762,159291.74943387683,157477.27506982186,158145.765625,8048,0.0,0.0
2025-10-29 00:00:00+09:00,157763.77180851065,158432.2623670213,156140.29473784196,157095.28125,8360,0.0,0.0
2025-10-30 00:00:00+09:00,157095.28394429266,157381.77990285368,156331.29472146326,157286.28125,7519,0.0,0.0
2025-10-31 00:00:00+09:00,157954.76775395375,158050.26640434915,156999.78125,156999.78125,9160,0.0,0.0
2025-11-04 00:00:00+09:00,156713.28050279964,157763.765625,156140.2886179631,157763.765625,6058,0.0,0.0
2025-11-05 00:00:00+09:00,157190.7799012158,157477.27585486323,154994.31092325228,157095.28125,10354,0.0,0.0
2025-11-06 00:00:00+09:00,157668.26967767533,157954.765625,156999.77913391776,157954.765625,6121,0.0,0.0
2025-11-07 00:00:00+09:00,157859.2581374322,158718.74593128392,157477.263562387,158432.25,7620,0.0,0.0
2025-11-10 00:00:00+09:00,159291.73779385173,160151.22558770343,158432.25,158432.25,6064,0.0,0.0
2025-11-11 00:00:00+09:00,159005.2612666914,160915.234375,158623.26664502968,160915.234375,6316,0.0,0.0
2025-11-12 00:00:00+09:00,160915.2146811831,162061.19840591558,160533.2201062723,160628.71875,7061,0.0,0.0
2025-11-13 00:00:00+09:00,161201.7072092326,161392.70449265587,158527.74524130695,159291.734375,5415,0.0,0.0
2025-11-14 00:00:00+09:00,159769.22690217392,160724.2133152174,159291.7336956522,160342.21875,5033,0.0,0.0
2025-11-17 00:00:00+09:00,159578.24306172293,161297.21875,159482.7444123742,161297.21875,5761,0.0,0.0
2025-11-18 00:00:00+09:00,161583.71076368008,162061.20399879734,158814.25,158814.25,10289,0.0,0.0
2025-11-19 00:00:00+09:00,159769.2405462185,160437.73109243697,158909.75270108043,159100.75,6723,0.0,0.0
2025-11-20 00:00:00+09:00,161392.70243593564,161583.69971692492,160055.72146901075,160246.71875,5999,0.0,0.0
2025-11-21 00:00:00+09:00,160342.2389499705,161774.71875,160151.24164329987,161774.71875,6679,0.0,0.0
2025-11-25 00:00:00+09:00,161392.71797839506,163302.69097222222,160151.23553240742,162443.203125,6787,0.0,0.0
2025-11-26 00:00:00+09:00,163302.6880988676,164544.17052301104,162920.69350682347,164448.671875,9292,0.0,0.0
2025-11-27 00:00:00+09:00,164639.66976643598,166167.6481401384,164257.6751730104,165594.65625,8961,0.0,0.0
2025-11-28 00:00:00+09:00,165117.16942671654,165594.66268705987,161870.21525638204,162729.703125,9050,0.0,0.0
2025-12-01 00:00:00+09:00,163302.68764819205,163971.17818242442,161106.21875,161106.21875,10262,0.0,0.0
2025-12-02 00:00:00+09:00,162156.70659413855,162347.703892836,159960.23765911782,161297.21875,7636,0.0,0.0
2025-12-03 00:00:00+09:00,160533.22217965013,161488.20862926135,159482.73708507774,159673.734375,7636,0.0,0.0
2025-12-04 00:00:00+09:00,159578.24053485578,160151.232421875,158527.75540865384,158909.75,6613,0.0,0.0
2025-12-05 00:00:00+09:00,159960.23240072202,160246.72833935017,158623.2513537906,158718.75,9459,0.0,0.0
2025-12-08 00:00:00+09:00,158718.74864539434,159100.74322697168,157381.76760987355,158623.25,10609,0.0,0.0
2025-12-09 00:00:00+09:00,157572.76624548738,159005.24593862816,156904.27572202167,158718.75,6866,0.0,0.0
2025-12-10 00:00:00+09:00,158527.74388872227,160246.71942486503,158241.2479660318,159196.234375,5644,0.0,0.0
2025-12-11 00:00:00+09:00,160437.71670665868,160437.71670665868,157572.75747975404,159196.234375,5385,0.0,0.0
2025-12-12 00:00:00+09:00,159005.24849955543,161774.70928423238,159005.24849955543,161106.21875,19469,0.0,0.0
2025-12-15 00:00:00+09:00,161201.72414302602,161965.713356974,160533.2335808215,161583.71875,6107,0.0,0.0
2025-12-16 00:00:00+09:00,161583.71930017605,163016.199081206,161297.22334397008,162729.703125,7085,0.0,0.0
2025-12-17 00:00:00+09:00,162729.6956140351,163398.18614766083,161870.20778508772,163302.6875,7415,0.0,0.0
2025-12-18 00:00:00+09:00,163589.1759451486,164926.15695112178,163111.6827287296,163875.671875,8491,0.0,0.0
2025-12-19 00:00:00+09:00,163971.1725166281,165499.15082779064,163875.67387218046,165117.15625,12153,0.0,0.0
2025-12-22 00:00:00+09:00,164830.674835044,165594.6640579179,162825.203125,162825.203125,6062,0.0,0.0
2025-12-23 00:00:00+09:00,163684.6759427781,163971.171875,162825.1881461124,163971.171875,4973,0.0,0.0
2025-12-24 00:00:00+09:00,163684.6745884324,164353.165091419,163111.6827287296,163875.671875,4030,0.0,0.0
2025-12-25 00:00:00+09:00,164066.6799775232,164830.66917415892,163207.192131308,164639.671875,3930,0.0,0.0
2025-12-26 00:00:00+09:00,164639.66646075583,165117.1596929506,162825.19217841572,164257.671875,8933,0.0,0.0
2025-12-29 00:00:00+09:00,165403.65625,165403.65625,163971.17654806582,165403.65625,6467,0.0,0.0
2025-12-30 00:00:00+09:00,165881.1481260832,166645.1372941941,164544.16708188909,165308.15625,7452,0.0,0.0
2026-01-05 00:00:00+09:00,167504.62098524306,167504.62098524306,163780.17388237847,165021.65625,8111,0.0,0.0
2026-01-06 00:00:00+09:00,164926.1589611047,165403.652183343,164162.16980552344,165117.15625,5330,0.0,0.0
2026-01-07 00:00:00+09:00,165308.1501276611,165976.640625,164544.1609878452,165976.640625,6641,0.0,0.0
2026-01-08 00:00:00+09:00,165881.1629771814,166454.15490456374,165021.67508610792,166358.65625,8861,0.0,0.0
2026-01-09 00:00:00+09:00,166072.1616286575,167027.14818201377,165308.17238597246,166454.15625,7151,0.0,0.0
2026-01-13 00:00:00+09:00,166836.140625,166931.6392744705,165117.16493453062,166836.140625,7862,0.0,0.0
2026-01-14 00:00:00+09:00,166167.63926825763,166645.13248454573,165403.65012219668,166072.140625,11858,0.0,0.0
2026-01-15 00:00:00+09:00,165976.6616317451,166358.65625,164830.67777698048,166358.65625,8569,0.0,0.0
2026-01-16 00:00:00+09:00,166167.64797951054,167791.125,166072.14933124644,167791.125,7852,0.0,0.0
2026-01-19 00:00:00+09:00,168077.63339070568,168459.6280120482,165690.16700731497,166454.15625,6172,0.0,0.0
2026-01-20 00:00:00+09:00,166931.62294668588,167122.62022694526,165499.14334474065,165690.140625,7685,0.0,0.0
2026-01-21 00:00:00+09:00,165403.6598897059,165881.15313419118,162156.70582720588,162347.703125,11409,0.0,0.0
2026-01-22 00:00:00+09:00,163207.18479056825,164257.6698886936,162252.198337727,163016.1875,8686,0.0,0.0
2026-01-23 00:00:00+09:00,163111.69502790834,163589.18828033196,161583.71662015276,162538.703125,10022,0.0,0.0
2026-01-26 00:00:00+09:00,161774.71956699347,161774.71956699347,160055.74379827688,160724.234375,9938,0.0,0.0
2026-01-27 00:00:00+09:00,160533.22625932837,160533.22625932837,158623.25331156715,159960.234375,8701,0.0,0.0
2026-01-28 00:00:00+09:00,159387.24249067163,159960.234375,158527.7546641791,159960.234375,10426,0.0,0.0
2026-01-29 00:00:00+09:00,159100.74034288194,165021.65625,158241.2525499132,165021.65625,15198,0.0,0.0
2026-01-30 00:00:00+09:00,163971.17200590964,164162.16929421006,159578.234375,159578.234375,20478,0.0,0.0
2026-02-02 00:00:00+09:00,161201.7072092326,161201.7072092326,159291.734375,159291.734375,14015,0.0,0.0
2026-02-03 00:00:00+09:00,159673.74037322277,162156.70523548577,159387.244427577,161201.71875,9316,0.0,0.0
2026-02-04 00:00:00+09:00,161965.7037470726,163302.68479215459,160724.22134806792,163111.6875,10127,0.0,0.0
2026-02-05 00:00:00+09:00,163589.18419842553,164162.1760870365,161965.70718069453,162252.203125,12187,0.0,0.0
2026-02-06 00:00:00+09:00,164066.68863197742,164257.68594121138,160246.7424472981,160819.734375,9624,0.0,0.0
2026-02-09 00:00:00+09:00,161583.72361193586,162347.7128488717,160246.7424472981,160819.734375,9500,0.0,0.0
2026-02-10 00:00:00+09:00,161106.22414621527,161488.21875,160342.23493864576,161488.21875,7970,0.0,0.0
2026-02-12 00:00:00+09:00,160437.73358959195,161774.71470283857,159960.24033486104,161488.21875,7676,0.0,0.0
2026-02-13 00:00:00+09:00,161106.20994045836,161488.20451056023,159291.73573247454,159387.234375,8689,0.0,0.0
2026-02-16 00:00:00+09:00,160055.74032210401,161583.71875,159100.75380466905,161583.71875,8126,0.0,0.0
2026-02-17 00:00:00+09:00,161583.70245535712,161583.70245535712,159864.7268973214,160437.71875,4832,0.0,0.0
2026-02-18 00:00:00+09:00,160533.23491952155,162156.71201269934,160055.7416568222,161679.21875,5830,0.0,0.0
2026-02-19 00:00:00+09:00,161870.21822081105,161965.71687462865,160055.74379827688,160724.234375,5930,0.0,0.0
2026-02-20 00:00:00+09:00,160819.734375,161488.2249573189,160246.7424472981,160819.734375,7702,0.0,0.0
2026-02-24 00:00:00+09:00,161392.72199603874,163493.6923415493,161010.72738776408,162729.703125,9106,0.0,0.0
2026-02-25 00:00:00+09:00,162443.20160149448,164544.171875,162443.20160149448,164544.171875,18662,0.0,0.0
2026-02-26 00:00:00+09:00,164869.99675829877,165455.33402489626,164089.5470695021,164577.328125,12826,3634.0,0.0
2026-02-27 00:00:00+09:00,166626.02063361293,166821.13306995208,162528.65947049132,162821.328125,11748,0.0,0.0
2026-03-02 00:00:00+09:00,162040.86927238805,163504.21246268658,161357.9757835821,163406.65625,6724,0.0,0.0
2026-03-03 00:00:00+09:00,161748.2029454023,162235.9840158046,160382.41594827586,161260.421875,9742,0.0,0.0
2026-03-04 00:00:00+09:00,160772.64026251526,161943.31482753358,159601.96569749695,159797.078125,12997,0.0,0.0
2026-03-05 00:00:00+09:00,161943.31878386514,163309.10580975315,161162.86905478628,162040.875,7347,0.0,0.0
2026-03-06 00:00:00+09:00,161260.42169485742,162626.20869045815,160089.74712719963,160772.640625,9614,0.0,0.0
2026-03-09 00:00:00+09:00,159016.63771380574,161357.9869807575,158919.08149434943,159699.53125,10205,0.0,0.0
2026-03-10 00:00:00+09:00,160187.31219362744,160772.64950980392,158821.52512254904,159211.75,10268,0.0,0.0
2026-03-11 00:00:00+09:00,159211.7474226804,161260.427996134,158626.41011597938,160870.203125,6392,0.0,0.0
2026-03-12 00:00:00+09:00,159114.19088430447,160089.75306017388,158919.07844913058,159894.640625,6596,0.0,0.0
2026-03-13 00:00:00+09:00,159894.63071153846,160675.08040384614,158333.73132692307,158528.84375,17189,0.0,0.0
2026-03-16 00:00:00+09:00,158041.06288343557,159406.84984662576,157260.61319018406,159016.625,9517,0.0,0.0
2026-03-17 00:00:00+09:00,159797.08456888687,160382.421875,158919.07860971717,160382.421875,9289,0.0,0.0
2026-03-18 00:00:00+09:00,160089.75370140147,161845.765625,159797.08504746837,161845.765625,8146,0.0,0.0
2026-03-19 00:00:00+09:00,161162.8709590517,161260.4271763393,158431.296875,158431.296875,14300,0.0,0.0
2026-03-23 00:00:00+09:00,156089.950062422,157455.73712546818,154236.38190543072,156285.0625,9800,0.0,0.0
2026-03-24 00:00:00+09:00,156285.05297637673,157748.39616903942,155894.828125,155894.828125,12974,0.0,0.0
2026-03-25 00:00:00+09:00,157358.1751044245,158138.62482595915,156382.6129525062,157650.84375,5831,0.0,0.0
2026-03-26 00:00:00+09:00,157943.50896882772,158138.62139497822,156089.94092039802,156870.390625,6933,0.0,0.0
2026-03-27 00:00:00+09:00,156382.6061328125,156967.9433984375,155407.04402343748,156089.9375,10099,0.0,0.0
2026-03-30 00:00:00+09:00,154724.15263429753,155016.8212710585,153260.8094504927,153455.921875,10141,0.0,0.0
2026-03-31 00:00:00+09:00,153358.37467989756,153943.7119878361,152187.7000640205,152382.8125,14912,0.0,0.0
2026-04-01 00:00:00+09:00,152968.14155681105,155407.046875,152675.47291862837,155407.046875,10771,0.0,0.0
2026-04-02 00:00:00+09:00,156187.49946800128,157845.95511506937,154138.8189627995,154724.15625,9263,0.0,0.0
2026-04-03 00:00:00+09:00,154821.71937227753,156967.95618777224,154138.82584007469,156772.84375,6537,0.0,0.0
2026-04-06 00:00:00+09:00,156772.83477866193,158236.17797821385,156382.60992544808,157845.953125,4610,0.0,0.0
2026-04-07 00:00:00+09:00,157163.06893552875,159211.7495361781,157163.06893552875,157748.40625,6901,0.0,0.0
2026-04-08 00:00:00+09:00,159992.1970042579,160382.421875,158138.62886823298,160382.421875,9891,0.0,0.0
2026-04-09 00:00:00+09:00,160089.74293981484,160675.08020833335,157748.39386574074,158041.0625,7183,0.0,0.0
2026-04-10 00:00:00+09:00,158528.84375,158528.84375,157163.05678846154,158528.84375,8136,0.0,0.0
2026-04-13 00:00:00+09:00,157455.73470212438,158431.296875,157065.50983297414,158431.296875,8224,0.0,0.0
2026-04-14 00:00:00+09:00,159504.40644054877,160187.2999237805,159211.73780487807,159992.1875,7990,0.0,0.0
2026-04-15 00:00:00+09:00,161553.09664948453,161553.09664948453,160382.42203608245,160870.203125,8532,0.0,0.0
2026-04-16 00:00:00+09:00,161553.09375,161650.64996603262,159992.19429347827,161553.09375,11603,0.0,0.0
2026-04-17 00:00:00+09:00,161357.98421391752,161553.09664948453,160479.97825386596,160870.203125,9479,0.0,0.0
2026-04-20 00:00:00+09:00,156967.95695465687,160870.20572916666,156772.84451593139,159211.75,9804,0.0,0.0
2026-04-21 00:00:00+09:00,159406.85562345298,159894.63669941213,157260.6188892327,157650.84375,8427,0.0,0.0
2026-04-22 00:00:00+09:00,157650.84631019388,157845.9587437461,155992.390625,155992.390625,7853,0.0,0.0
2026-04-23 00:00:00+09:00,156089.9470074813,156675.28430875935,155211.9410555642,156480.171875,9405,0.0,0.0
2026-04-24 00:00:00+09:00,156480.16558796007,157163.0590786806,155407.04724539924,156382.609375,8169,0.0,0.0
2026-04-27 00:00:00+09:00,157065.50610990037,157260.61853985058,155992.38774517435,156675.28125,6896,0.0,0.0
2026-04-28 00:00:00+09:00,157260.6151048185,157553.28374335106,155797.27191215582,155894.828125,9590,0.0,0.0
2026-04-30 00:00:00+09:00,155894.83490164188,158041.0716775093,155602.16625038724,157455.734375,12434,0.0,0.0
2026-05-01 00:00:00+09:00,157553.29059208487,158919.07763127322,156772.8408554058,157455.734375,8773,0.0,0.0
2026-05-07 00:00:00+09:00,159601.97197223917,160479.97793052165,157553.29140291337,159894.640625,33325,0.0,0.0
2026-05-08 00:00:00+09:00,159016.6305865922,159406.85544692737,156870.3938547486,157163.0625,19749,0.0,0.0
2026-05-11 00:00:00+09:00,157455.73976735017,157650.8522082019,154529.05315457415,154626.609375,8936,0.0,0.0
2026-05-12 00:00:00+09:00,155309.48990781946,155602.15854458042,153455.921875,153455.921875,8199,0.0,0.0
2026-05-13 00:00:00+09:00,153553.4807815503,153943.7056374119,152090.1375720692,152285.25,10567,0.0,0.0
2026-05-14 00:00:00+09:00,152285.2532269022,152577.921875,151504.80349864133,152577.921875,6973,0.0,0.0
2026-05-15 00:00:00+09:00,152480.35918445123,152870.5840320122,151017.01600609758,151992.578125,10753,0.0,0.0
2026-05-18 00:00:00+09:00,152090.13702700517,152090.13702700517,149553.67547299483,150821.90625,8849,0.0,0.0
2026-05-19 00:00:00+09:00,151602.35327743902,152285.24676067074,150724.34737042684,151992.578125,6845,0.0,0.0
2026-05-20 00:00:00+09:00,153358.37091159326,153455.9271271859,150236.57201262953,150626.796875,11658,0.0,0.0
2026-05-21 00:00:00+09:00,151407.24047157622,151407.24047157622,149846.34108527133,151017.015625,8431,0.0,0.0
2026-05-22 00:00:00+09:00,151212.127661736,151212.127661736,149456.11585663198,150041.453125,7096,0.0,0.0
2026-05-25 00:00:00+09:00,149261.015625,150041.46537990196,148773.23452818627,149261.015625,6657,0.0,0.0
2026-05-26 00:00:00+09:00,148968.34375,149358.56861902424,147895.22536018337,148968.34375,12198,0.0,0.0
2026-05-27 00:00:00+09:00,149651.23113977793,149651.23113977793,148480.55658066625,149358.5625,11483,0.0,0.0
2026-05-28 00:00:00+09:00,148285.44990112065,148675.67476928147,147309.88773071853,147992.78125,19559,0.0,0.0
2026-05-29 00:00:00+09:00,149065.89367627786,150431.6806602228,147992.77533174967,148870.78125,11994,0.0,0.0
2026-06-01 00:00:00+09:00,148870.78653139612,148968.34274799598,145553.87516700066,146041.65625,10507,0.0,0.0
2026-06-02 00:00:00+09:00,145553.86871227363,145651.4249245473,143212.51961770625,145456.3125,10685,0.0,0.0
2026-06-03 00:00:00+09:00,145748.98151232512,146724.54363757494,145358.75666222518,146431.875,8741,0.0,0.0
2026-06-04 00:00:00+09:00,145651.43412247475,146431.8838699495,144090.53462752525,144870.984375,7903,0.0,0.0
2026-06-05 00:00:00+09:00,145163.64348413234,146139.2056043214,143797.85651586766,144480.75,9060,0.0,0.0
2026-06-08 00:00:00+09:00,143602.75369127517,145651.4342806208,143505.1974727349,145358.765625,6205,0.0,0.0
2026-06-09 00:00:00+09:00,145553.88113239247,145553.88113239247,143602.7567204301,145163.65625,7158,0.0,0.0
2026-06-10 00:00:00+09:00,145748.9784805389,146626.984375,144870.97258607784,146626.984375,6223,0.0,0.0
2026-06-11 00:00:00+09:00,145846.53753760026,147797.66178559492,145651.42511280082,145944.09375,10579,0.0,0.0
2026-06-12 00:00:00+09:00,143700.307378069,147895.22470139348,143700.307378069,147017.21875,19691,0.0,0.0
2026-06-15 00:00:00+09:00,148383.0094979508,148870.7905942623,147212.33486680328,148773.234375,7288,0.0,0.0
2026-06-16 00:00:00+09:00,147895.22436539744,147895.22436539744,145066.09408400132,146041.65625,7820,0.0,0.0
2026-06-17 00:00:00+09:00,146139.21196018893,146139.21196018893,144578.3125,144578.3125,6348,0.0,0.0
2026-06-18 00:00:00+09:00,144773.41882570658,145456.3123107335,144188.0815528264,144968.53125,6289,0.0,0.0
2026-06-19 00:00:00+09:00,144480.7475488151,146139.203125,143992.966496996,146139.203125,13944,0.0,0.0
2026-06-22 00:00:00+09:00,145066.09341147597,145456.31827606633,144090.53125,144090.53125,4819,0.0,0.0
2026-06-23 00:00:00+09:00,144870.98148458445,145651.43121648792,144285.64418565683,145553.875,9496,0.0,0.0
2026-06-24 00:00:00+09:00,145651.42511280082,146529.4310243984,144968.5316260027,145944.09375,5630,0.0,0.0
2026-06-25 00:00:00+09:00,147114.76582121613,148285.44035029743,145651.4226598645,147602.546875,8980,0.0,0.0
2026-06-26 00:00:00+09:00,147992.77551436968,149553.6749265186,147309.88202155454,149358.5625,8845,0.0,0.0
2026-06-29 00:00:00+09:00,149358.56555551014,149846.34663178548,148578.11583346958,149163.453125,9123,0.0,0.0
2026-06-30 00:00:00+09:00,149065.89023386035,149651.22749917654,148090.328125,148090.328125,12592,0.0,0.0
2026-07-01 00:00:00+09:00,148090.33080179282,148578.11186503983,146236.76276145419,146919.65625,8307,0.0,0.0
2026-07-02 00:00:00+09:00,148187.88738868732,148578.11224027045,146919.6566210422,147895.21875,8288,0.0,0.0
2026-07-03 00:00:00+09:00,147992.77249469992,151114.57125530008,147992.77249469992,149553.671875,6603,0.0,0.0
2026-07-06 00:00:00+09:00,149943.90014600908,151699.9119889682,149261.00665152498,150334.125,6851,0.0,0.0
2026-07-07 00:00:00+09:00,150334.13419177526,151309.69638640064,149553.68443607492,149748.796875,7469,0.0,0.0
2026-07-08 00:00:00+09:00,150041.45273642015,150139.00894756216,149065.890625,149065.890625,6093,0.0,0.0
2026-07-09 00:00:00+09:00,149261.0061025557,149846.34338138925,148578.11261058322,148870.78125,5730,0.0,0.0
2026-07-10 00:00:00+09:00,148773.22160120224,149358.55886651843,148090.328125,148090.328125,5602,0.0,0.0
2026-07-13 00:00:00+09:00,148675.66863905327,149846.34319526626,148187.8875739645,148383.0,5602,0.0,0.0
2026-07-14 00:00:00+09:00,148870.78465205347,150041.45923647328,148383.00357521186,149651.234375,4585,0.0,0.0
2026-07-15 00:00:00+09:00,150041.4624674691,150821.91220722187,149456.12516265453,149943.90625,7993,0.0,0.0
2026-07-16 00:00:00+09:00,150139.01527755067,150139.01527755067,148480.55961821452,149163.453125,8007,0.0,0.0
2026-07-17 00:00:00+09:00,149163.4598604369,151602.36535194176,148578.12254247573,150724.359375,8676,0.0,0.0
2026-07-21 00:00:00+09:00,153748.5993898523,153943.7118256262,150724.35663535644,151895.03125,10467,0.0,0.0
2026-07-22 00:00:00+09:00,152090.1402820368,152090.1402820368,150431.68461507425,151114.578125,7060,0.0,0.0
2026-07-23 00:00:00+09:00,150821.91220722187,151407.24951203645,149358.56894518543,149943.90625,7001,0.0,0.0
2026-07-24 00:00:00+09:00,149456.11604828257,150724.34679803954,148578.11014460467,150529.234375,7731,0.0,0.0
2026-07-27 00:00:00+09:00,150529.24133831522,152675.47809103262,150334.12890625,152577.921875,7202,0.0,0.0
2026-07-28 00:00:00+09:00,152382.8062139654,153358.36835361947,151699.91271620756,152285.25,6008,0.0,0.0
2026-07-29 00:00:00+09:00,152675.47859602596,154138.8218413553,152090.14129789424,154041.265625,11666,0.0,0.0
2026-07-30 00:00:00+09:00,151017.02258604206,153065.703125,150529.2415053378,153065.703125,14859,0.0,0.0
2026-07-31 00:00:00+09:00,152187.6989194499,152480.36757121808,148968.34375,148968.34375,10597,0.0,0.0
2026-08-03 00:00:00+09:00,148968.33981258312,149553.6771006483,146724.546875,146724.546875,12314,0.0,0.0
2026-08-04 00:00:00+09:00,147114.77155603736,147504.9964142762,146041.6531958806,146236.765625,6553,0.0,0.0
2026-08-05 00:00:00+09:00,146236.77190625,146626.99678125,145163.65350000001,146334.328125,10066,0.0,0.0
2026-08-06 00:00:00+09:00,146334.3218395597,146724.54669779853,145456.31590852235,146236.765625,7015,0.0,0.0
2026-08-07 00:00:00+09:00,146822.09659754674,147504.99007009345,145651.4220731809,146139.203125,8357,0.0,0.0
2026-08-10 00:00:00+09:00,146431.88418687292,146822.10906145486,144870.98468854514,145846.546875,8180,0.0,0.0
2026-08-12 00:00:00+09:00,146236.76294672402,147407.4375,145553.86945731303,147407.4375,6989,0.0,0.0
2026-08-13 00:00:00+09:00,147407.4340589654,147992.77132193945,146529.42816450432,146626.984375,6346,0.0,0.0
2026-08-14 00:00:00+09:00,146822.09659754674,146822.09659754674,145748.97828354474,146139.203125,5336,0.0,0.0
2026-08-17 00:00:00+09:00,146822.109375,147700.1153446844,146529.44071843853,146822.109375,6826,0.0,0.0
2026-08-18 00:00:00+09:00,147114.7652286382,147114.7652286382,145066.084810998,146139.203125,7055,0.0,0.0
2026-08-19 00:00:00+09:00,146236.76219818913,146529.43083501005,145261.2000754527,145456.3125,7119,0.0,0.0
2026-08-20 00:00:00+09:00,145944.0971575798,146822.10308967752,145651.4285135472,146724.546875,7771,0.0,0.0
2026-08-21 00:00:00+09:00,146626.99662416388,146626.99662416388,145066.09712583612,145846.546875,4829,0.0,0.0
2026-08-24 00:00:00+09:00,146529.43783068782,147505.0,145748.9880952381,147505.0,5732,0.0,0.0
2026-08-25 00:00:00+09:00,147602.55605092898,148090.33713503648,147017.21875,147017.21875,6056,0.0,0.0
2026-08-26 00:00:00+09:00,147309.890625,148480.56525248344,147017.22196812913,147309.890625,5565,0.0,0.0
2026-08-27 00:00:00+09:00,148187.8935185185,148383.00595238095,146919.6626984127,147505.0,22435,0.0,0.0
2026-08-28 00:00:00+09:00,147300.0,148100.0,146700.0,146800.0,14160,3695.0,0.0
2026-08-31 00:00:00+09:00,147100.0,147900.0,146500.0,147000.0,11566,0.0,0.0
2026-09-01 00:00:00+09:00,147000.0,148100.0,146800.0,148000.0,8001,0.0,0.0
2026-09-02 00:00:00+09:00,147400.0,147400.0,146100.0,146200.0,9004,0.0,0.0
2026-09-03 00:00:00+09:00,146900.0,146900.0,145800.0,146000.0,6432,0.0,0.0
2026-09-04 00:00:00+09:00,145900.0,146200.0,145300.0,145300.0,7012,0.0,0.0
2026-09-07 00:00:00+09:00,145200.0,145300.0,144300.0,144400.0,6421,0.0,0.0
2026-09-08 00:00:00+09:00,144300.0,144400.0,143300.0,143500.0,11851,0.0,0.0
2026-09-09 00:00:00+09:00,143300.0,144400.0,143000.0,143600.0,10592,0.0,0.0
2026-09-10 00:00:00+09:00,143700.0,144100.0,143200.0,144100.0,5368,0.0,0.0
2026-09-11 00:00:00+09:00,146700.0,146700.0,142100.0,142500.0,16789,0.0,0.0
2026-09-14 00:00:00+09:00,142200.0,143900.0,141900.0,143700.0,7513,0.0,0.0
2026-09-15 00:00:00+09:00,143000.0,143400.0,142400.0,143400.0,6656,0.0,0.0
2026-09-16 00:00:00+09:00,143500.0,143700.0,142400.0,143300.0,5619,0.0,0.0
2026-09-17 00:00:00+09:00,142900.0,143200.0,142400.0,142800.0,4349,0.0,0.0
2026-09-18 00:00:00+09:00,142800.0,143000.0,140700.0,140700.0,17572,0.0,0.0
2026-09-24 00:00:00+09:00,140200.0,142600.0,140200.0,142200.0,9390,0.0,0.0
2026-09-25 00:00:00+09:00,142200.0,142700.0,141100.0,141600.0,6774,0.0,0.0
2026-09-28 00:00:00+09:00,141400.0,142100.0,140600.0,140600.0,7817,0.0,0.0
2026-09-29 00:00:00+09:00,140500.0,140600.0,139200.0,139400.0,10898,0.0,0.0
2026-09-30 00:00:00+09:00,139000.0,140400.0,138600.0,139400.0,11017,0.0,0.0
2026-10-01 00:00:00+09:00,138900.0,139700.0,138200.0,139100.0,9074,0.0,0.0
2026-10-02 00:00:00+09:00,138900.0,138900.0,136400.0,136400.0,8526,0.0,0.0
