Date,Open,High,Low,Close,Volume,Dividends,Stock Splits
2021-09-28 00:00:00+09:00,70381.18724506578,70751.22503289474,69419.08899671053,70307.1796875,2917,0.0,0.0
2021-09-29 00:00:00+09:00,69937.14036844544,70455.19326006356,69419.08747682734,69863.1328125,787,0.0,0.0
2021-09-30 00:00:00+09:00,69863.14161392405,70825.23996242089,69271.08109177215,70159.171875,1253,0.0,0.0
2021-10-01 00:00:00+09:00,70899.24058428338,70899.24058428338,68012.94582145766,68160.9609375,1195,0.0,0.0
2021-10-04 00:00:00+09:00,68456.99543576759,70011.1542510661,68234.9727478678,69419.09375,1282,0.0,0.0
2021-10-05 00:00:00+09:00,68901.03651771172,68901.03651771172,67124.85512520358,68160.9609375,1539,0.0,0.0
2021-10-06 00:00:00+09:00,68308.9888184131,68901.04939322057,66606.81466584158,67272.8828125,937,0.0,0.0
2021-10-07 00:00:00+09:00,67198.87403207965,67568.9118846792,66680.82103844026,66902.84375,564,0.0,0.0
2021-10-08 00:00:00+09:00,66828.81953124999,67938.93281249999,66458.78177083333,66606.796875,692,0.0,0.0
2021-10-11 00:00:00+09:00,66828.82389074427,67938.93724441112,66458.78610618867,67864.9296875,600,0.0,0.0
2021-10-12 00:00:00+09:00,67864.92814386664,68012.94325432218,66828.82237067782,67420.8828125,327,0.0,0.0
2021-10-13 00:00:00+09:00,67568.90072532538,68234.96875,67050.84781724511,68234.96875,729,0.0,0.0
2021-10-14 00:00:00+09:00,68234.97357486264,68382.98870192308,67050.85255837912,67346.8828125,1552,0.0,0.0
2021-10-15 00:00:00+09:00,67050.84065543831,68382.9765625,67050.84065543831,68382.9765625,518,0.0,0.0
2021-10-18 00:00:00+09:00,68605.00309504791,69493.09375,68086.95021299254,69493.09375,3068,0.0,0.0
2021-10-19 00:00:00+09:00,70603.20991776316,70603.20991776316,69123.05876644737,70307.1796875,3435,0.0,0.0
2021-10-20 00:00:00+09:00,70233.17794585988,70825.23845541402,69567.10987261147,69715.125,1240,0.0,0.0
2021-10-21 00:00:00+09:00,69641.09887721537,70381.17431693072,68456.97817367078,68901.0234375,1669,0.0,0.0
2021-10-22 00:00:00+09:00,69271.06716720779,69493.08981838473,68086.94636093073,68382.9765625,1552,0.0,0.0
2021-10-25 00:00:00+09:00,69271.08569518717,69567.11597593583,68679.02513368984,69197.078125,820,0.0,0.0
2021-10-26 00:00:00+09:00,69789.12135024219,69789.12135024219,68753.015625,68753.015625,586,0.0,0.0
2021-10-27 00:00:00+09:00,69345.078125,69789.1234491729,68605.00258471185,69345.078125,1591,0.0,0.0
2021-10-28 00:00:00+09:00,69493.10403220495,70233.1796875,68753.0283769099,70233.1796875,927,0.0,0.0
2021-10-29 00:00:00+09:00,70529.20095352564,72157.3671875,70233.17072916667,72157.3671875,3591,0.0,0.0
2021-11-01 00:00:00+09:00,72157.37324864411,72157.37324864411,71121.26737635589,71639.3203125,670,0.0,0.0
2021-11-02 00:00:00+09:00,72157.36380912163,72527.40157224532,71195.265625,71195.265625,1138,0.0,0.0
2021-11-04 00:00:00+09:00,71121.25807237526,71417.28828287421,70751.22030925156,71195.265625,628,0.0,0.0
2021-11-05 00:00:00+09:00,71047.26240760296,71417.30023264256,70085.1640625,70085.1640625,439,0.0,0.0
2021-11-08 00:00:00+09:00,69567.11110744457,70159.17162750792,68605.0127623416,70085.1640625,3373,0.0,0.0
2021-11-09 00:00:00+09:00,69789.13105969552,70085.16130809294,68975.04787660256,69271.078125,744,0.0,0.0
2021-11-10 00:00:00+09:00,68827.03832928801,69049.06103357604,68308.98535261596,68605.015625,594,0.0,0.0
2021-11-11 00:00:00+09:00,69197.06674979642,69197.06674979642,68160.9609375,68160.9609375,2875,0.0,0.0
2021-11-12 00:00:00+09:00,68530.99923821777,69123.05970679848,68308.9765625,68308.9765625,527,0.0,0.0
2021-11-15 00:00:00+09:00,68753.01692150696,69641.10755989025,68679.00936830835,69123.0546875,690,0.0,0.0
2021-11-16 00:00:00+09:00,69271.08373786407,69345.09130596009,68605.015625,68605.015625,519,0.0,0.0
2021-11-17 00:00:00+09:00,69049.0590485582,69049.0590485582,68012.953125,68012.953125,444,0.0,0.0
2021-11-18 00:00:00+09:00,68753.02878468443,68753.02878468443,67494.90016322088,68012.953125,433,0.0,0.0
2021-11-19 00:00:00+09:00,67938.95047202315,67938.95047202315,66828.83690221886,67124.8671875,695,0.0,0.0
2021-11-22 00:00:00+09:00,66976.83489698946,67124.85000173419,66310.76692563818,66680.8046875,1277,0.0,0.0
2021-11-24 00:00:00+09:00,66680.80969978932,66828.8248156601,65422.681214887634,65866.7265625,878,0.0,0.0
2021-11-25 00:00:00+09:00,65866.73583984375,66310.78125,65496.697998046875,66310.78125,687,0.0,0.0
2021-11-26 00:00:00+09:00,66532.78615920608,66606.79370777027,64682.597445101346,65718.703125,1856,0.0,0.0
2021-11-29 00:00:00+09:00,63720.50369446536,63942.52635542169,61056.23176298946,61426.26953125,3955,0.0,0.0
2021-11-30 00:00:00+09:00,62388.368818681316,63424.47458791209,60464.17239010989,60612.1875,2787,0.0,0.0
2021-12-01 00:00:00+09:00,60242.16493367806,62314.37699527878,60242.16493367806,61722.31640625,1331,0.0,0.0
2021-12-02 00:00:00+09:00,61426.27091420808,61426.27091420808,59576.08203125,59576.08203125,1745,0.0,0.0
2021-12-03 00:00:00+09:00,59576.08423175513,61648.29585720748,59576.08423175513,61352.265625,1423,0.0,0.0
2021-12-06 00:00:00+09:00,61352.26903056983,61648.29927920949,60612.19340897067,61204.25390625,1949,0.0,0.0
2021-12-07 00:00:00+09:00,61130.24005011793,62832.4138045401,61130.24005011793,62758.40625,1413,0.0,0.0
2021-12-08 00:00:00+09:00,63646.49897780374,63942.52920560748,62314.36295268692,63350.46875,1176,0.0,0.0
2021-12-09 00:00:00+09:00,63350.47240497076,63646.5026498538,62610.39679276315,63276.46484375,2345,0.0,0.0
2021-12-10 00:00:00+09:00,62758.416245541026,62832.42381186831,61648.30275063169,62240.36328125,1343,0.0,0.0
2021-12-13 00:00:00+09:00,62388.38063015739,62610.403337026284,60538.19140625,60538.19140625,1281,0.0,0.0
2021-12-14 00:00:00+09:00,60242.15867690284,60242.15867690284,59280.06031965501,59798.11328125,4804,0.0,0.0
2021-12-15 00:00:00+09:00,59946.12211110258,60464.17501823556,59280.05408764588,60242.15234375,1287,0.0,0.0
2021-12-16 00:00:00+09:00,60464.172433729786,60538.17998872823,58836.00622376399,59502.07421875,1918,0.0,0.0
2021-12-17 00:00:00+09:00,59650.089328746886,59724.09688374533,58021.92311878109,59502.07421875,2259,0.0,0.0
2021-12-20 00:00:00+09:00,59132.04408698996,59132.04408698996,56615.7868917989,57133.83984375,3496,0.0,0.0
2021-12-21 00:00:00+09:00,57133.83619016818,57873.91178848642,56467.76815168176,57207.84375,1570,0.0,0.0
2021-12-22 00:00:00+09:00,57355.861370530016,58391.96725335249,57059.83111829502,57947.921875,1865,0.0,0.0
2021-12-23 00:00:00+09:00,57947.92262046756,58762.005824586515,57725.899928435116,58169.9453125,3494,0.0,0.0
2021-12-24 00:00:00+09:00,59132.03759138014,59132.03759138014,57577.87890625,57577.87890625,2143,0.0,0.0
2021-12-27 00:00:00+09:00,57281.847913306454,57355.85546875,56467.764803427424,57355.85546875,1735,0.0,0.0
2021-12-28 00:00:00+09:00,57355.85912265827,58095.93472424096,56911.81376170866,57281.8515625,4180,0.0,0.0
2021-12-29 00:00:00+09:00,57651.893100443594,58762.0065747782,57651.893100443594,58391.96875,2422,0.0,0.0
2021-12-30 00:00:00+09:00,58243.953125,58836.01363961245,57799.90773904066,58243.953125,2478,0.0,0.0
2022-01-04 00:00:00+09:00,58539.96988329475,60094.1283757716,57725.88686342592,59946.11328125,1011,0.0,0.0
2022-01-05 00:00:00+09:00,60464.171117216836,60464.171117216836,59132.03515625,59132.03515625,904,0.0,0.0
2022-01-06 00:00:00+09:00,58539.97263611469,58761.995288337625,57281.844273518036,57429.859375,1543,0.0,0.0
2022-01-07 00:00:00+09:00,58021.92716408269,58243.94984455749,57133.83644218346,57281.8515625,657,0.0,0.0
2022-01-11 00:00:00+09:00,57577.88154915912,57873.91178848642,56837.805950840884,57207.84375,1016,0.0,0.0
2022-01-12 00:00:00+09:00,57281.85478875476,58687.99851095934,57281.85478875476,58243.953125,579,0.0,0.0
2022-01-13 00:00:00+09:00,58910.014856557376,58910.014856557376,58095.93173668032,58687.9921875,678,0.0,0.0
2022-01-14 00:00:00+09:00,59058.03582802548,59058.03582802548,57725.89968152867,58095.9375,1497,0.0,0.0
2022-01-17 00:00:00+09:00,58317.95447059769,58761.9998092063,57281.84868051093,57577.87890625,1181,0.0,0.0
2022-01-18 00:00:00+09:00,57799.8987074234,57947.91381294817,56615.77786322523,56763.79296875,1381,0.0,0.0
2022-01-19 00:00:00+09:00,56393.759001358696,56763.79679008153,54247.53982676631,54469.5625,2868,0.0,0.0
2022-01-20 00:00:00+09:00,54395.55958749154,55357.65792033153,54099.52933123308,54691.58984375,2559,0.0,0.0
2022-01-21 00:00:00+09:00,54765.59625,56023.724812500004,53803.497937500004,55505.671875,2162,0.0,0.0
2022-01-24 00:00:00+09:00,55135.63144143212,56393.75994412252,54839.601205504965,55875.70703125,1358,0.0,0.0
2022-01-25 00:00:00+09:00,56023.72225506757,56319.752491554056,54469.563513513516,54765.59375,1604,0.0,0.0
2022-01-26 00:00:00+09:00,55579.68335917102,56985.82714588773,55505.67579144908,56689.796875,1588,0.0,0.0
2022-01-27 00:00:00+09:00,56689.79196399278,56985.822209235565,54765.5953699147,56393.76171875,3003,0.0,0.0
2022-01-28 00:00:00+09:00,56804.350738484645,56879.68807368157,55297.60403454606,56427.6640625,1685,1345.0,0.0
2022-01-31 00:00:00+09:00,56427.66454888132,58537.10995257782,56352.327213035016,58085.0859375,1656,0.0,0.0
2022-02-01 00:00:00+09:00,59215.13915952458,59742.50044974936,57934.40459755013,58235.75390625,1800,0.0,0.0
2022-02-02 00:00:00+09:00,59139.7990171371,61173.906754032265,59064.461693548394,60721.8828125,1683,0.0,0.0
2022-02-03 00:00:00+09:00,60495.86995747503,61475.25514981273,59667.159410112356,60345.1953125,1972,0.0,0.0
2022-02-04 00:00:00+09:00,60797.21924742509,61173.905859862665,59817.83405508739,60345.1953125,948,0.0,0.0
2022-02-07 00:00:00+09:00,60872.55656991261,60872.55656991261,59817.83405508739,60345.1953125,701,0.0,0.0
2022-02-08 00:00:00+09:00,60495.87806919643,62605.32338169643,60194.52873883928,61173.9140625,2332,0.0,0.0
2022-02-09 00:00:00+09:00,61249.23828125,61851.93681292282,60043.841217904366,61249.23828125,891,0.0,0.0
2022-02-10 00:00:00+09:00,61550.60538883875,62605.328125,61324.59337394705,62605.328125,957,0.0,0.0
2022-02-14 00:00:00+09:00,62379.30660018271,62982.00521467723,61625.93333206456,61851.9453125,2186,0.0,0.0
2022-02-15 00:00:00+09:00,61851.94719238281,61851.94719238281,60043.851293945314,60269.86328125,3365,0.0,0.0
2022-02-16 00:00:00+09:00,60721.88870730049,62454.64731805472,60721.88870730049,62303.97265625,1145,0.0,0.0
2022-02-17 00:00:00+09:00,62454.645969418045,63810.71789637767,62303.97131086698,63434.03125,3455,0.0,0.0
2022-02-18 00:00:00+09:00,62303.96987616857,62906.66849649427,61701.271255842876,62454.64453125,1241,0.0,0.0
2022-02-21 00:00:00+09:00,61625.936107295485,62077.96008852259,61324.58678647741,61701.2734375,709,0.0,0.0
2022-02-22 00:00:00+09:00,60947.90735299784,61550.606066006476,60269.87130086313,61098.58203125,1874,0.0,0.0
2022-02-24 00:00:00+09:00,61098.578439861456,61625.93978274559,58537.10906013854,59817.84375,2775,0.0,0.0
2022-02-25 00:00:00+09:00,60119.19280308971,60269.86747176913,59591.83146271173,60043.85546875,1316,0.0,0.0
2022-02-28 00:00:00+09:00,59516.48000269065,61625.92486354551,59516.48000269065,61249.23828125,1209,0.0,0.0
2022-03-01 00:00:00+09:00,62002.626426168004,62153.30109549041,60872.56640625,60872.56640625,1121,0.0,0.0
2022-03-02 00:00:00+09:00,61098.574762228265,61324.58675271739,60194.52680027174,60646.55078125,610,0.0,0.0
2022-03-03 00:00:00+09:00,60646.544602450056,61550.592472300246,60345.1953125,60345.1953125,506,0.0,0.0
2022-03-04 00:00:00+09:00,60495.87020774593,60571.207530545114,59215.13572015978,60119.18359375,691,0.0,0.0
2022-03-07 00:00:00+09:00,59591.82526175385,59742.499914754495,57934.40407874679,58687.77734375,1731,0.0,0.0
2022-03-08 00:00:00+09:00,57934.40791973039,59139.80522365196,57633.05859375,57633.05859375,1152,0.0,0.0
2022-03-09 00:00:00+09:00,57633.061922422174,59516.495318579764,57633.061922422174,58085.0859375,2158,0.0,0.0
2022-03-10 00:00:00+09:00,58311.09433888191,60646.551605684675,58311.09433888191,59968.515625,1109,0.0,0.0
2022-03-11 00:00:00+09:00,60646.54677129425,60947.896072021176,59215.13759284134,59591.82421875,1495,0.0,0.0
2022-03-14 00:00:00+09:00,59516.48750391114,61399.92065276909,59516.48750391114,60194.5234375,1897,0.0,0.0
2022-03-15 00:00:00+09:00,61023.240815166246,61023.240815166246,59516.49412837202,60043.85546875,960,0.0,0.0
2022-03-16 00:00:00+09:00,60420.54073660714,61550.60072544643,60119.19140625,61173.9140625,1307,0.0,0.0
2022-03-17 00:00:00+09:00,61701.2796276267,62002.62897867738,60872.56891223733,60947.90625,1386,0.0,0.0
2022-03-18 00:00:00+09:00,61399.92849379459,63584.71122547563,61399.92849379459,63358.69921875,2674,0.0,0.0
2022-03-22 00:00:00+09:00,63283.35910151692,64639.43108226371,62529.98577887982,64564.09375,1263,0.0,0.0
2022-03-23 00:00:00+09:00,64865.442791445035,64865.442791445035,62982.00949320331,63735.3828125,1015,0.0,0.0
2022-03-24 00:00:00+09:00,63961.39398300439,64564.09263066521,63132.683342470766,64413.41796875,3396,0.0,0.0
2022-03-25 00:00:00+09:00,64112.0588332842,64413.40811099647,63735.37223614387,63886.046875,661,0.0,0.0
2022-03-28 00:00:00+09:00,63358.68587740385,64639.4203125,62831.32463942308,63660.03515625,3577,0.0,0.0
2022-03-29 00:00:00+09:00,63660.04847975403,65543.481866729,63584.711144275025,65468.14453125,3631,0.0,0.0
2022-03-30 00:00:00+09:00,65920.16995337702,66673.54332427274,64639.43522285426,65392.80859375,1602,0.0,0.0
2022-03-31 00:00:00+09:00,65242.12778501157,65995.50108506945,64865.44113498264,65091.453125,735,0.0,0.0
2022-04-01 00:00:00+09:00,64639.42501081315,65317.46093750001,63886.05175893888,65317.4609375,1561,0.0,0.0
2022-04-04 00:00:00+09:00,66447.53131300403,66447.53131300403,64262.74853740639,65392.80859375,1644,0.0,0.0
2022-04-05 00:00:00+09:00,65468.13558787486,65694.14756343715,64790.09966118801,65317.4609375,694,0.0,0.0
2022-04-06 00:00:00+09:00,64865.437849412265,65694.1484375,64488.7512184633,65694.1484375,1222,0.0,0.0
2022-04-07 00:00:00+09:00,65392.80244502315,65468.13977502894,64488.75448495371,65091.453125,1227,0.0,0.0
2022-04-08 00:00:00+09:00,65468.130829326925,65468.130829326925,63584.697836538464,63660.03515625,1065,0.0,0.0
2022-04-11 00:00:00+09:00,64036.72290067887,64714.75879021547,63358.68701114227,63810.7109375,1047,0.0,0.0
2022-04-12 00:00:00+09:00,64187.40481600119,64187.40481600119,63132.682201653755,63208.01953125,847,0.0,0.0
2022-04-13 00:00:00+09:00,62982.000405844155,64036.72290067887,62906.66308478454,63810.7109375,928,0.0,0.0
2022-04-14 00:00:00+09:00,64112.072492628016,65543.481866729,63961.39782167002,65468.14453125,1292,0.0,0.0
2022-04-15 00:00:00+09:00,65166.80695134943,66296.8671875,65091.46960227272,66296.8671875,850,0.0,0.0
2022-04-18 00:00:00+09:00,66221.50955251687,67050.2201384983,66070.83490052025,66974.8828125,925,0.0,0.0
2022-04-19 00:00:00+09:00,66447.53125,67276.24195719956,65618.82054280046,66447.53125,1450,0.0,0.0
2022-04-20 00:00:00+09:00,66673.53766930022,67125.56165349887,66221.51368510157,66748.875,967,0.0,0.0
2022-04-21 00:00:00+09:00,67050.22683129855,68481.6361681465,67050.22683129855,67878.9375,2103,0.0,0.0
2022-04-22 00:00:00+09:00,68029.61381723381,68782.98717069154,67351.57779912183,68632.3125,1658,0.0,0.0
2022-04-25 00:00:00+09:00,68180.28403585272,68556.97068798449,66899.54941860464,68029.609375,1325,0.0,0.0
2022-04-26 00:00:00+09:00,68858.32731710671,69235.01400921342,68104.95393289329,68481.640625,1277,0.0,0.0
2022-04-27 00:00:00+09:00,67954.27371987952,68858.32170728369,67878.93638759584,68782.984375,736,0.0,0.0
2022-04-28 00:00:00+09:00,68632.31448769358,68933.66383780421,68029.61578747234,68104.953125,1390,0.0,0.0
2022-05-02 00:00:00+09:00,68180.28953445253,69913.04827400215,68180.28953445253,69837.7109375,1630,0.0,0.0
2022-05-06 00:00:00+09:00,69762.36858108109,69762.36858108109,68933.65793918919,69687.03125,1536,0.0,0.0
2022-05-09 00:00:00+09:00,69536.36135371179,69837.71069868996,68858.32532751092,69009.0,1013,0.0,0.0
2022-05-10 00:00:00+09:00,68556.96613128492,68632.30345670391,67050.21962290503,67426.90625,1844,0.0,0.0
2022-05-11 00:00:00+09:00,67050.21370002815,67878.924206433,66372.17783115146,66899.5390625,1486,0.0,0.0
2022-05-12 00:00:00+09:00,66748.8744569787,67577.5850879344,66296.85047645739,67200.8984375,984,0.0,0.0
2022-05-13 00:00:00+09:00,67426.91294273705,68933.65960067531,67200.90094404631,68330.9609375,989,0.0,0.0
2022-05-16 00:00:00+09:00,69008.99917672886,69235.01118276619,68255.62582327113,68632.3125,788,0.0,0.0
2022-05-17 00:00:00+09:00,69159.67490898058,69762.37360099783,68406.30154395901,69837.7109375,700,0.0,0.0
2022-05-18 00:00:00+09:00,69837.70536553436,70666.41600093985,69385.68138258593,70139.0546875,1891,0.0,0.0
2022-05-19 00:00:00+09:00,69687.0119305857,69687.0119305857,68933.63882863341,69461.0,1014,0.0,0.0
2022-05-20 00:00:00+09:00,69536.35854098584,69913.04520697167,68858.32254221133,69159.671875,980,0.0,0.0
2022-05-23 00:00:00+09:00,69159.67607581968,69536.3627646858,68858.32672472678,68933.6640625,625,0.0,0.0
2022-05-24 00:00:00+09:00,69310.34541297118,69310.34541297118,67878.93610552938,67954.2734375,1134,0.0,0.0
2022-05-25 00:00:00+09:00,67954.26823200654,69084.328125,67652.91892720829,69084.328125,1224,0.0,0.0
2022-05-26 00:00:00+09:00,69234.99492271146,70591.0666404577,69159.65760505888,70365.0546875,2045,0.0,0.0
2022-05-27 00:00:00+09:00,70892.42413194444,71570.46006944445,70063.71354166667,71193.7734375,2418,0.0,0.0
2022-05-30 00:00:00+09:00,71570.46006944445,71645.79739583333,70666.41215277778,71193.7734375,860,0.0,0.0
2022-05-31 00:00:00+09:00,71269.11662946428,71721.140625,70892.42996651786,71721.140625,1206,0.0,0.0
2022-06-01 00:00:00+09:00,71570.46146716102,71570.46146716102,70892.42551641949,71118.4375,865,0.0,0.0
2022-06-02 00:00:00+09:00,70967.7678547833,71344.45452067918,70817.09318842496,71269.1171875,695,0.0,0.0
2022-06-03 00:00:00+09:00,71570.46623507269,72625.18889537903,71570.46623507269,72549.8515625,1799,0.0,0.0
2022-06-06 00:00:00+09:00,72700.52457632517,73981.25920616717,72399.17525165647,73905.921875,2180,0.0,0.0
2022-06-07 00:00:00+09:00,74282.59699322598,74433.27163215747,73679.8984375,73679.8984375,1331,0.0,0.0
2022-06-08 00:00:00+09:00,74131.94030040732,74282.61497581466,73679.91627418534,73981.265625,770,0.0,0.0
2022-06-09 00:00:00+09:00,73981.25189102565,73981.25189102565,73303.2159775641,73453.890625,744,0.0,0.0
2022-06-10 00:00:00+09:00,73453.90584011018,73453.90584011018,71495.13501770723,71796.484375,1645,0.0,0.0
2022-06-13 00:00:00+09:00,71043.10575132979,71645.80442154256,70817.09375,70817.09375,992,0.0,0.0
2022-06-14 00:00:00+09:00,70365.05568024862,70365.05568024862,68104.93611878454,68180.2734375,3373,0.0,0.0
2022-06-15 00:00:00+09:00,68707.64361702127,69461.01690229563,66598.19841825307,67276.234375,1701,0.0,0.0
2022-06-16 00:00:00+09:00,68255.62721497253,69461.02460508242,68029.61520432692,68556.9765625,1067,0.0,0.0
2022-06-17 00:00:00+09:00,67276.23229621047,69461.01475599782,66899.54566521264,69084.328125,2041,0.0,0.0
2022-06-20 00:00:00+09:00,69008.99637185104,69084.33370413473,67803.59905531217,68782.984375,1152,0.0,0.0
2022-06-21 00:00:00+09:00,69235.01422384511,69913.05027173914,68933.66486922554,69310.3515625,1206,0.0,0.0
2022-06-22 00:00:00+09:00,69611.69785949506,69837.70986553238,68029.61381723381,68632.3125,1287,0.0,0.0
2022-06-23 00:00:00+09:00,68632.30971043264,69762.36969468785,68330.96038129792,68782.984375,1706,0.0,0.0
2022-06-24 00:00:00+09:00,68406.29799107142,68858.32198660714,67351.57533482142,67502.25,1488,0.0,0.0
2022-06-27 00:00:00+09:00,68255.6309862013,69837.71514813312,68255.6309862013,69611.703125,762,0.0,0.0
2022-06-28 00:00:00+09:00,69461.02174202129,70967.76841755319,69461.02174202129,70817.09375,987,0.0,0.0
2022-06-29 00:00:00+09:00,70817.08766447369,71570.4609375,70214.38904605263,71570.4609375,1173,0.0,0.0
2022-06-30 00:00:00+09:00,71645.79739583333,71645.79739583333,70741.74947916667,71193.7734375,642,0.0,0.0
2022-07-01 00:00:00+09:00,71193.77220129171,71193.77220129171,69611.68837459634,69988.375,1347,0.0,0.0
2022-07-04 00:00:00+09:00,70063.72294700646,70666.42163902373,69310.34958198489,69837.7109375,911,0.0,0.0
2022-07-05 00:00:00+09:00,69687.0364972015,70666.421875,69461.0244869403,70666.421875,502,0.0,0.0
2022-07-06 00:00:00+09:00,70139.04748588931,70139.04748588931,68406.2890625,68406.2890625,1135,0.0,0.0
2022-07-07 00:00:00+09:00,68406.29883462819,68632.31083518313,67125.56416481687,67878.9375,1173,0.0,0.0
2022-07-08 00:00:00+09:00,67728.25466994382,67878.92931882023,66899.5441011236,67050.21875,1198,0.0,0.0
2022-07-11 00:00:00+09:00,67878.93501265043,68858.3203125,67652.92302037746,68858.3203125,649,0.0,0.0
2022-07-12 00:00:00+09:00,68481.63560329382,68556.97293619074,67878.93694011852,68330.9609375,780,0.0,0.0
2022-07-13 00:00:00+09:00,67878.93694011852,68782.98493488148,67652.92494142779,68330.9609375,743,0.0,0.0
2022-07-14 00:00:00+09:00,68255.62416759157,68255.62416759157,67502.25083240843,67878.9375,507,0.0,0.0
2022-07-15 00:00:00+09:00,67728.24538790685,67728.24538790685,67125.546875,67125.546875,1053,0.0,0.0
2022-07-19 00:00:00+09:00,67426.90386667126,68556.96370801212,67426.90386667126,68406.2890625,558,0.0,0.0
2022-07-20 00:00:00+09:00,68707.64675720621,68858.32142114746,67426.91211370566,67954.2734375,830,0.0,0.0
2022-07-21 00:00:00+09:00,67954.27427301544,68782.98493488148,67878.93694011852,68330.9609375,689,0.0,0.0
2022-07-22 00:00:00+09:00,68556.97516465423,68782.98717069154,67954.27648188802,68632.3125,869,0.0,0.0
2022-07-25 00:00:00+09:00,68632.3147114071,69159.67607581968,68481.64003586066,68933.6640625,1197,0.0,0.0
2022-07-26 00:00:00+09:00,69159.671875,69988.38254016884,68933.6598754085,69159.671875,765,0.0,0.0
2022-07-27 00:00:00+09:00,69159.68047467497,69913.05390032503,69084.34313210996,69536.3671875,1325,0.0,0.0
2022-07-28 00:00:00+09:00,70009.21011646804,70774.338095883,69626.64612676056,70621.3125,617,1418.0,0.0
2022-07-29 00:00:00+09:00,70774.3364783014,72151.56680977104,70544.79808972312,71845.515625,1054,0.0,0.0
2022-08-01 00:00:00+09:00,71922.0248084038,72381.1015625,71692.48643135572,72381.1015625,964,0.0,0.0
2022-08-02 00:00:00+09:00,72457.60940838675,72763.66055689102,71539.45596287392,71615.96875,1150,0.0,0.0
2022-08-03 00:00:00+09:00,71386.4339012633,72151.56181017288,71233.40831948139,71922.0234375,746,0.0,0.0
2022-08-04 00:00:00+09:00,71615.97158484525,72534.12506670224,71462.94600453576,71692.484375,775,0.0,0.0
2022-08-05 00:00:00+09:00,71615.97372994653,72151.5632770722,71233.4097677139,71539.4609375,875,0.0,0.0
2022-08-08 00:00:00+09:00,71692.48506482712,71922.0234375,71386.4339012633,71922.0234375,370,0.0,0.0
2022-08-09 00:00:00+09:00,71922.02558635395,72457.61513859275,71769.0,71769.0,447,0.0,0.0
2022-08-10 00:00:00+09:00,71768.99716515475,72151.56111592849,71539.45879469051,71692.484375,955,0.0,0.0
2022-08-12 00:00:00+09:00,71998.53760075317,72610.6399395481,71998.53760075317,72381.1015625,606,0.0,0.0
2022-08-15 00:00:00+09:00,72687.1569222193,72916.6953125,72534.13132869884,72916.6953125,530,0.0,0.0
2022-08-16 00:00:00+09:00,72610.6307010135,73605.296875,72381.09235317048,73605.296875,697,0.0,0.0
2022-08-17 00:00:00+09:00,73605.31048334208,73758.33607686254,72916.6953125,72916.6953125,1110,0.0,0.0
2022-08-18 00:00:00+09:00,73222.75347131894,73605.31749154527,72381.11262682102,73528.8046875,634,0.0,0.0
2022-08-19 00:00:00+09:00,73452.29188345473,73681.83029559052,73146.24066727367,73528.8046875,938,0.0,0.0
2022-08-22 00:00:00+09:00,73222.74011075949,73222.74011075949,72534.125,72534.125,982,0.0,0.0
2022-08-23 00:00:00+09:00,72075.05454813746,73146.2337027807,71922.028954617,72916.6953125,743,0.0,0.0
2022-08-24 00:00:00+09:00,73069.71377320868,73375.76493037396,72763.66261604341,73146.2265625,767,0.0,0.0
2022-08-25 00:00:00+09:00,73146.2273206751,73528.79127109704,72381.09941983123,72534.125,737,0.0,0.0
2022-08-26 00:00:00+09:00,72610.64052734376,73528.79404296874,72228.0765625,73452.28125,1319,0.0,0.0
2022-08-29 00:00:00+09:00,72916.69169921875,73452.28125,72381.1021484375,73452.28125,1472,0.0,0.0
2022-08-30 00:00:00+09:00,72687.14971561861,74829.5078125,72687.14971561861,74829.5078125,1218,0.0,0.0
2022-08-31 00:00:00+09:00,74829.50355625643,74829.50355625643,73911.35013838825,74293.9140625,640,0.0,0.0
2022-09-01 00:00:00+09:00,73987.87148721443,74064.38428089305,73222.74355042835,73681.8203125,737,0.0,0.0
2022-09-02 00:00:00+09:00,73681.83029559052,74217.4199239074,73528.8046875,73528.8046875,429,0.0,0.0
2022-09-05 00:00:00+09:00,73528.79472514278,74293.92266192887,73528.79472514278,73681.8203125,344,0.0,0.0
2022-09-06 00:00:00+09:00,73834.84166612187,74140.89282328714,73069.71377320868,73146.2265625,271,0.0,0.0
2022-09-07 00:00:00+09:00,73452.28125,73605.3068359375,72763.66611328124,73452.28125,1180,0.0,0.0
2022-09-08 00:00:00+09:00,73452.28125,74293.92197265624,73452.28125,73452.28125,357,0.0,0.0
2022-09-09 00:00:00+09:00,73452.28260869565,74370.43614130435,73452.28260869565,73911.359375,691,0.0,0.0
2022-09-12 00:00:00+09:00,73834.84086538461,74829.50711538462,73834.84086538461,74599.96875,1606,0.0,0.0
2022-09-13 00:00:00+09:00,74982.52349268415,76130.21517879667,74752.98515546165,75824.1640625,1622,0.0,0.0
2022-09-14 00:00:00+09:00,74752.99640339176,76130.2266339558,74523.4580316311,75288.5859375,552,0.0,0.0
2022-09-15 00:00:00+09:00,75977.19529710592,77660.4765625,75594.63137315272,77660.4765625,2628,0.0,0.0
2022-09-16 00:00:00+09:00,77737.0107965451,79726.34375,77583.98518474089,79726.34375,1807,0.0,0.0
2022-09-20 00:00:00+09:00,79802.84534749271,80797.51168451802,78272.58944437683,78578.640625,1449,0.0,0.0
2022-09-21 00:00:00+09:00,78196.06747367777,79343.75926634428,73452.27473065622,78119.5546875,1211,0.0,0.0
2022-09-22 00:00:00+09:00,77660.48136043457,80338.42899355301,77430.94299188157,80108.890625,1326,0.0,0.0
2022-09-26 00:00:00+09:00,80108.89345777672,80261.91904222328,78578.63761331108,80185.40625,4297,0.0,0.0
2022-09-27 00:00:00+09:00,79420.27711397059,79649.81548713235,77813.50850183824,78043.046875,2809,0.0,0.0
2022-09-28 00:00:00+09:00,79037.72209040959,79037.72209040959,75671.15890359641,76589.3125,2066,0.0,0.0
2022-09-29 00:00:00+09:00,77736.99987828628,79420.28137171373,77583.97428797469,78578.640625,2308,0.0,0.0
2022-09-30 00:00:00+09:00,77430.94173209029,78196.06961481845,76665.81384936212,77966.53125,2478,0.0,0.0
2022-10-03 00:00:00+09:00,78119.55752354451,78808.17262414383,77201.40405607877,78196.0703125,1272,0.0,0.0
2022-10-04 00:00:00+09:00,78425.60298708778,79496.7819547163,78425.60298708778,78884.6796875,1485,0.0,0.0
2022-10-05 00:00:00+09:00,79420.26046275812,79420.26046275812,77813.4921875,77813.4921875,1366,0.0,0.0
2022-10-06 00:00:00+09:00,78578.64330185275,79726.33526828681,78043.05371751684,79496.796875,1065,0.0,0.0
2022-10-07 00:00:00+09:00,78502.1157704898,79879.34587172647,78502.1157704898,78884.6796875,1290,0.0,0.0
2022-10-11 00:00:00+09:00,79190.73507496387,79879.35016257226,78578.63277486754,79420.2734375,683,0.0,0.0
2022-10-12 00:00:00+09:00,79573.29971181556,80108.88922910663,79037.7101945245,79649.8125,1043,0.0,0.0
2022-10-13 00:00:00+09:00,79420.27351439468,79726.32466473916,76971.86431163878,77736.9921875,1846,0.0,0.0
2022-10-14 00:00:00+09:00,78043.04912487586,78808.17705747268,76971.87001924032,77048.3828125,2313,0.0,0.0
2022-10-17 00:00:00+09:00,77048.37570389852,77813.50356590346,76665.81177289605,77277.9140625,2079,0.0,0.0
2022-10-18 00:00:00+09:00,77890.02401283915,79267.2542999031,77583.97283793605,78961.203125,2381,0.0,0.0
2022-10-19 00:00:00+09:00,79190.75040103652,79190.75040103652,77507.46875,77507.46875,964,0.0,0.0
2022-10-20 00:00:00+09:00,77430.93820053605,78884.68111141569,77124.88706140351,78502.1171875,1847,0.0,0.0
2022-10-21 00:00:00+09:00,78731.65554184941,79190.73225054824,78119.55326358431,78502.1171875,1407,0.0,0.0
2022-10-24 00:00:00+09:00,78502.13403614458,78502.13403614458,76053.72439759037,76206.75,3490,0.0,0.0
2022-10-25 00:00:00+09:00,76436.28046642254,77277.92119227904,75747.6653270854,77048.3828125,1157,0.0,0.0
2022-10-26 00:00:00+09:00,77048.37952302632,83092.88993247923,77048.37952302632,82863.3515625,6209,0.0,0.0
2022-10-27 00:00:00+09:00,82404.26917350832,83016.37145149168,80950.52626329787,82710.3203125,2085,0.0,0.0
2022-10-28 00:00:00+09:00,82251.2421875,83016.37002180233,82174.72940406976,82251.2421875,635,0.0,0.0
2022-10-31 00:00:00+09:00,81409.61074766355,82939.86658878504,81256.5851635514,81868.6875,1627,0.0,0.0
2022-11-01 00:00:00+09:00,82633.81388121548,83092.890625,80797.50690607735,83092.890625,926,0.0,0.0
2022-11-02 00:00:00+09:00,83092.88135816185,83934.52196123714,81486.11293410898,81792.1640625,1638,0.0,0.0
2022-11-04 00:00:00+09:00,81103.55613151658,82863.3502739929,80720.9921875,80720.9921875,645,0.0,0.0
2022-11-07 00:00:00+09:00,80491.45317002882,80950.52989913545,79573.29971181556,79649.8125,725,0.0,0.0
2022-11-08 00:00:00+09:00,79649.82112173282,80032.38510406583,78961.2059535334,79037.71875,422,0.0,0.0
2022-11-09 00:00:00+09:00,79114.2194657651,79649.80895924708,78119.55326358431,78502.1171875,801,0.0,0.0
2022-11-10 00:00:00+09:00,78043.03343658891,79037.69954901603,78043.03343658891,78731.6484375,536,0.0,0.0
2022-11-11 00:00:00+09:00,78808.17320319962,80261.91620403534,78808.17320319962,80108.890625,1659,0.0,0.0
2022-11-14 00:00:00+09:00,79726.32466473916,79879.35023991141,77430.94103715551,77736.9921875,1536,0.0,0.0
2022-11-15 00:00:00+09:00,77507.45957205808,78043.04912487586,76971.87001924032,77048.3828125,1016,0.0,0.0
2022-11-16 00:00:00+09:00,77201.42497184683,77660.50182995496,76206.75844594595,76436.296875,1253,0.0,0.0
2022-11-17 00:00:00+09:00,76512.78198964498,78272.57597540681,76283.24364367603,77583.9609375,598,0.0,0.0
2022-11-18 00:00:00+09:00,77507.45733762255,78655.14920343137,77354.43175551471,78043.046875,276,0.0,0.0
2022-11-21 00:00:00+09:00,77660.48291973039,78731.6619944853,77660.48291973039,78043.046875,412,0.0,0.0
2022-11-22 00:00:00+09:00,77890.02206336462,78043.04764698616,76665.81739439229,77430.9453125,729,0.0,0.0
2022-11-24 00:00:00+09:00,77277.92119227904,77583.97236531778,77048.3828125,77048.3828125,889,0.0,0.0
2022-11-25 00:00:00+09:00,77354.44314536032,77737.00715695953,76971.8791337611,77507.46875,925,0.0,0.0
2022-11-28 00:00:00+09:00,77813.5120010376,78425.61435699463,77813.5120010376,78349.1015625,730,0.0,0.0
2022-11-29 00:00:00+09:00,78655.1546336207,79955.87217133622,78043.05226293104,79879.359375,907,0.0,0.0
2022-11-30 00:00:00+09:00,78731.66053353659,79802.83958841463,78425.609375,78425.609375,586,0.0,0.0
2022-12-01 00:00:00+09:00,78731.65554184941,79573.29617446393,78119.55326358431,78502.1171875,1123,0.0,0.0
2022-12-02 00:00:00+09:00,78578.63857594549,78655.1513691061,77813.51064433939,77890.0234375,591,0.0,0.0
2022-12-05 00:00:00+09:00,77660.48141891892,79343.7627895753,77660.48141891892,79267.25,798,0.0,0.0
2022-12-06 00:00:00+09:00,78731.66542119565,79190.7421875,78502.12703804347,79190.7421875,474,0.0,0.0
2022-12-07 00:00:00+09:00,79114.2413027831,80032.39497360845,78884.70288507678,79726.34375,844,0.0,0.0
2022-12-08 00:00:00+09:00,79343.7726076555,80261.92619617224,78655.15741626793,79955.875,591,0.0,0.0
2022-12-09 00:00:00+09:00,80338.42824348342,81180.0689203199,80032.37708827014,80720.9921875,1137,0.0,0.0
2022-12-12 00:00:00+09:00,80261.91972674833,80491.45810537583,79420.27900511418,80414.9453125,648,0.0,0.0
2022-12-13 00:00:00+09:00,80644.49742082534,80721.01022672745,79343.77972048945,79726.34375,547,0.0,0.0
2022-12-14 00:00:00+09:00,79649.8075508721,82557.29332122093,79573.29476744185,82251.2421875,1815,0.0,0.0
2022-12-15 00:00:00+09:00,81868.68809098247,83092.89277271679,81486.1241279405,82939.8671875,1139,0.0,0.0
2022-12-16 00:00:00+09:00,82557.29194787885,84470.11150181488,82251.2408192491,84317.0859375,2130,0.0,0.0
2022-12-19 00:00:00+09:00,83628.4801594153,84011.04411256907,82327.76271869245,83092.890625,1067,0.0,0.0
2022-12-20 00:00:00+09:00,83322.42633285302,83781.50306195965,78655.1462536023,79649.8125,1971,0.0,0.0
2022-12-21 00:00:00+09:00,79726.32244591347,81639.14208233173,79420.27130408653,79573.296875,2682,0.0,0.0
2022-12-22 00:00:00+09:00,79190.73431587039,81103.55398533586,78119.55530096973,80874.015625,4460,0.0,0.0
2022-12-23 00:00:00+09:00,80797.50432276657,80874.01711095101,79114.22298270893,79649.8125,1208,0.0,0.0
2022-12-26 00:00:00+09:00,79114.22783361084,80491.45810537583,79037.71504073501,80414.9453125,969,0.0,0.0
2022-12-27 00:00:00+09:00,80491.45160550458,83398.9375,80338.42603211009,83398.9375,2247,0.0,0.0
2022-12-28 00:00:00+09:00,82251.25552906709,83551.97305836396,81868.69154986212,83245.921875,2290,0.0,0.0
2022-12-29 00:00:00+09:00,82327.76641502809,82557.30479722613,81639.15126843398,81715.6640625,1071,0.0,0.0
2022-12-30 00:00:00+09:00,82404.28192274306,82939.87149884259,81945.20514322916,82633.8203125,616,0.0,0.0
2023-01-04 00:00:00+09:00,82633.81043632075,82786.83601120283,81103.5546875,81103.5546875,1194,0.0,0.0
2023-01-05 00:00:00+09:00,81639.14930224237,81868.68767891222,79343.76553554389,80185.40625,2264,0.0,0.0
2023-01-06 00:00:00+09:00,79649.82298344017,81027.05335202992,79343.77179042023,80567.9765625,1130,0.0,0.0
2023-01-10 00:00:00+09:00,80950.53457968173,83169.40556532519,80644.48340924815,82939.8671875,1574,0.0,0.0
2023-01-11 00:00:00+09:00,82939.87069163602,83628.48585420496,82786.84509995404,83245.921875,809,0.0,0.0
2023-01-12 00:00:00+09:00,82863.34799311926,83781.50143348624,82021.70733944954,83398.9375,1083,0.0,0.0
2023-01-13 00:00:00+09:00,83016.3797070837,85541.30185485676,83016.3797070837,85464.7890625,1967,0.0,0.0
2023-01-16 00:00:00+09:00,85464.78195452009,86153.39702845982,84087.55180664062,85694.3203125,2203,0.0,0.0
2023-01-17 00:00:00+09:00,85388.26847875226,85694.31962025317,84164.06391274865,84623.140625,1556,0.0,0.0
2023-01-18 00:00:00+09:00,85158.74151182432,86229.92065033784,84470.12635135135,84929.203125,1452,0.0,0.0
2023-01-19 00:00:00+09:00,84929.19034090909,86229.90767045454,83704.98579545454,84164.0625,1942,0.0,0.0
2023-01-20 00:00:00+09:00,84087.56170251807,85158.74083248645,83245.9209575429,84699.6640625,904,0.0,0.0
2023-01-23 00:00:00+09:00,84546.6347106074,86918.53125,84546.6347106074,86918.53125,1430,0.0,0.0
2023-01-24 00:00:00+09:00,86918.52979842245,87607.14491126206,86306.42747589834,87301.09375,1277,0.0,0.0
2023-01-25 00:00:00+09:00,87683.65056818182,88295.75284090909,87377.59943181818,87530.625,1025,0.0,0.0
2023-01-26 00:00:00+09:00,87989.7130879791,88601.81543989546,87377.6107360627,87836.6875,1372,0.0,0.0
2023-01-27 00:00:00+09:00,87836.67755434781,88601.80540760868,87224.57527173913,87989.703125,1269,0.0,0.0
2023-01-30 00:00:00+09:00,88801.25264485677,90283.87461344402,88801.25264485677,89893.7109375,1018,2240.0,0.0
2023-01-31 00:00:00+09:00,89893.71165644172,89971.74439225461,88333.05694018405,89035.3515625,1256,0.0,0.0
2023-02-01 00:00:00+09:00,89347.47962977878,91376.33069560782,89347.47962977878,90830.1015625,1213,0.0,0.0
2023-02-02 00:00:00+09:00,91142.22911283377,91688.45822566752,90439.93453919035,90596.0,761,0.0,0.0
2023-02-03 00:00:00+09:00,90361.90164473683,91142.22894736842,87786.82154605263,88957.3125,1437,0.0,0.0
2023-02-06 00:00:00+09:00,88489.11529314159,89113.37712942477,87552.72253871681,88176.984375,1157,0.0,0.0
2023-02-07 00:00:00+09:00,87864.85759787838,89191.4140625,86538.30113325677,89191.4140625,1521,0.0,0.0
2023-02-08 00:00:00+09:00,89191.4174165576,89425.515625,88176.99184664049,89425.515625,1774,0.0,0.0
2023-02-09 00:00:00+09:00,89347.48172938771,89347.48172938771,88020.9252320955,88255.0234375,1433,0.0,0.0
2023-02-10 00:00:00+09:00,87942.89992922956,88333.06363787744,87474.70347885213,87864.8671875,625,0.0,0.0
2023-02-13 00:00:00+09:00,87474.6953125,88333.05539139162,87084.53164027655,87474.6953125,779,0.0,0.0
2023-02-14 00:00:00+09:00,88489.12275,88489.12275,87708.79538888889,87786.828125,340,0.0,0.0
2023-02-15 00:00:00+09:00,87552.7265625,88098.95569435159,87240.59563001337,87552.7265625,1093,0.0,0.0
2023-02-16 00:00:00+09:00,88098.95589696092,90830.1015625,88098.95589696092,90830.1015625,1237,0.0,0.0
2023-02-17 00:00:00+09:00,90205.83969609106,90830.1015625,89659.61056298325,90830.1015625,363,0.0,0.0
2023-02-20 00:00:00+09:00,90830.1078862661,91298.30431866953,90517.97693133047,90908.140625,1131,0.0,0.0
2023-02-21 00:00:00+09:00,90908.13499430832,91610.42959941457,89893.70945359931,89971.7421875,723,0.0,0.0
2023-02-22 00:00:00+09:00,90439.93388705204,91610.42483468431,90283.86842736775,91454.359375,989,0.0,0.0
2023-02-24 00:00:00+09:00,91766.49446202531,92468.7890625,91376.33079509494,92468.7890625,2288,0.0,0.0
2023-02-27 00:00:00+09:00,92468.78945640755,93405.1822610294,92312.72398897058,92858.953125,1146,0.0,0.0
2023-02-28 00:00:00+09:00,92312.72251521831,93015.01710747271,92000.59158532746,92936.984375,726,0.0,0.0
2023-03-01 00:00:00+09:00,92936.98148924092,92936.98148924092,90127.80320745026,90205.8359375,1103,0.0,0.0
2023-03-02 00:00:00+09:00,90752.06961376703,91688.46242147572,90049.77500798552,91610.4296875,606,0.0,0.0
2023-03-03 00:00:00+09:00,91688.46423941228,91922.56244598099,90205.84226447709,90283.875,1061,0.0,0.0
2023-03-06 00:00:00+09:00,90752.07477774785,91376.33668507544,90205.84560883621,90517.9765625,838,0.0,0.0
2023-03-07 00:00:00+09:00,90595.99725506757,91220.2590793919,89347.47360641892,89503.5390625,3195,0.0,0.0
2023-03-08 00:00:00+09:00,89425.50399549649,89425.50399549649,87864.84947550528,88801.2421875,881,0.0,0.0
2023-03-09 00:00:00+09:00,88645.1968061674,89191.42601183921,88255.0330878304,88567.1640625,987,0.0,0.0
2023-03-10 00:00:00+09:00,88411.08445629409,88879.28084352954,87474.6916818232,88489.1171875,872,0.0,0.0
2023-03-13 00:00:00+09:00,87786.81735941659,88411.07917175021,87474.68645324977,87942.8828125,695,0.0,0.0
2023-03-14 00:00:00+09:00,88176.9809921251,88567.14462483363,86070.09737549911,87942.8828125,1145,0.0,0.0
2023-03-15 00:00:00+09:00,87708.79429155614,89659.61266992705,87708.79429155614,88255.0234375,1006,0.0,0.0
2023-03-16 00:00:00+09:00,87162.56469174208,87162.56469174208,85289.77905825792,86226.171875,1875,0.0,0.0
2023-03-17 00:00:00+09:00,83885.1817586501,83963.21448586744,79593.38176169591,80061.578125,6093,0.0,0.0
2023-03-20 00:00:00+09:00,80139.61422649416,81778.30156705539,78969.12326895044,80295.6796875,3407,0.0,0.0
2023-03-22 00:00:00+09:00,80451.75625445157,82948.80397524929,80139.62528935185,82168.4765625,2526,0.0,0.0
2023-03-23 00:00:00+09:00,82168.46646012932,82714.69558189655,80217.64816810345,81466.171875,2076,0.0,0.0
2023-03-24 00:00:00+09:00,81700.27603665866,82870.76709735577,80529.78497596153,81154.046875,1648,0.0,0.0
2023-03-27 00:00:00+09:00,81154.05178746326,82870.77211373653,79281.26597698334,79671.4296875,4233,0.0,0.0
2023-03-28 00:00:00+09:00,83495.02789655577,85679.94451440955,81466.17675140582,83260.9296875,11798,0.0,0.0
2023-03-29 00:00:00+09:00,83495.03014688105,84041.25931606625,79125.19679339942,80685.8515625,4545,0.0,0.0
2023-03-30 00:00:00+09:00,80997.9731884058,81856.33321256039,79983.54770531402,80763.875,1832,0.0,0.0
2023-03-31 00:00:00+09:00,80997.97170608108,81076.00443412163,79281.25168918919,80841.90625,3923,0.0,0.0
2023-04-03 00:00:00+09:00,80841.91379310345,84275.35414725069,79827.48823392358,83729.125,2691,0.0,0.0
2023-04-04 00:00:00+09:00,83729.12382590974,83729.12382590974,81700.27273599953,82558.6328125,1980,0.0,0.0
2023-04-05 00:00:00+09:00,83104.86873052492,83104.86873052492,80295.6900692114,81388.1484375,1784,0.0,0.0
2023-04-06 00:00:00+09:00,80841.91516990292,82402.56990291263,80373.71875,80373.71875,2300,0.0,0.0
2023-04-07 00:00:00+09:00,80451.74514850583,80997.97426202624,79749.45057397959,80295.6796875,1540,0.0,0.0
2023-04-10 00:00:00+09:00,80295.68157066795,80685.84523233301,80061.58337366892,80607.8125,393,0.0,0.0
2023-04-11 00:00:00+09:00,80373.70841369334,81934.36294599807,80295.67568707811,80919.9375,990,0.0,0.0
2023-04-12 00:00:00+09:00,81388.1394166464,81388.1394166464,79671.41931389834,80217.6484375,1518,0.0,0.0
2023-04-13 00:00:00+09:00,80685.84121337655,81310.1030409462,79983.54665736071,81232.0703125,724,0.0,0.0
2023-04-14 00:00:00+09:00,81700.26883655248,82090.43248906705,80061.58149599125,80295.6796875,1685,0.0,0.0
2023-04-17 00:00:00+09:00,80607.80572967381,80685.83845545277,79827.47847188413,80139.609375,900,0.0,0.0
2023-04-18 00:00:00+09:00,80139.61610600194,80841.91069699902,79983.55064133591,80607.8125,372,0.0,0.0
2023-04-19 00:00:00+09:00,80451.7440821256,80841.9077294686,80139.61316425122,80763.875,636,0.0,0.0
2023-04-20 00:00:00+09:00,80841.91069699902,80919.94342933204,80217.64883833495,80607.8125,1303,0.0,0.0
2023-04-21 00:00:00+09:00,80373.71200561523,80529.77746582031,79593.38470458984,79905.515625,1214,0.0,0.0
2023-04-24 00:00:00+09:00,80373.70548604427,81388.13089509142,80061.57459095283,81076.0,1082,0.0,0.0
2023-04-25 00:00:00+09:00,81388.13534628379,81622.23353040541,80607.80806587839,80841.90625,973,0.0,0.0
2023-04-26 00:00:00+09:00,80997.98104580966,82636.66852361505,80997.98104580966,82402.5703125,1168,0.0,0.0
2023-04-27 00:00:00+09:00,83104.85471883955,83104.85471883955,81544.20017012894,81700.265625,704,0.0,0.0
2023-04-28 00:00:00+09:00,81700.2716605968,83026.828125,81466.17346099623,83026.828125,866,0.0,0.0
2023-05-01 00:00:00+09:00,83104.86085820018,83182.89359140037,82480.59899259868,83026.828125,501,0.0,0.0
2023-05-02 00:00:00+09:00,83104.854516992,83963.21451669802,82714.69088076199,82948.7890625,941,0.0,0.0
2023-05-08 00:00:00+09:00,83573.04246682962,84743.53325768157,83495.00974743949,83807.140625,1155,0.0,0.0
2023-05-09 00:00:00+09:00,84509.44704209662,84509.44704209662,83182.890625,83182.890625,1111,0.0,0.0
2023-05-10 00:00:00+09:00,83729.12382590974,83729.12382590974,82324.53460981806,82558.6328125,770,0.0,0.0
2023-05-11 00:00:00+09:00,83495.018153222,83495.018153222,82792.72360800799,82948.7890625,719,0.0,0.0
2023-05-12 00:00:00+09:00,82870.76226097734,82870.76226097734,82168.46766554532,82636.6640625,847,0.0,0.0
2023-05-15 00:00:00+09:00,82636.66151207786,83260.92335541744,82246.49785999062,83182.890625,627,0.0,0.0
2023-05-16 00:00:00+09:00,83416.99477695386,83416.99477695386,82636.66741701978,82870.765625,891,0.0,0.0
2023-05-17 00:00:00+09:00,83104.86681898584,83338.96503537736,82636.67038620282,82714.703125,1243,0.0,0.0
2023-05-18 00:00:00+09:00,82870.75995535715,82948.7926860119,81856.33445684524,81934.3671875,975,0.0,0.0
2023-05-19 00:00:00+09:00,81934.36907020872,82246.5,81778.30360531309,82246.5,1044,0.0,0.0
2023-05-22 00:00:00+09:00,81934.3776216443,82246.50858401247,81154.05021572387,81388.1484375,1025,0.0,0.0
2023-05-23 00:00:00+09:00,81544.21168550532,81544.21168550532,79905.52417794972,80685.8515625,2203,0.0,0.0
2023-05-24 00:00:00+09:00,80061.59419863862,80295.6924272896,78578.972083849,78813.0703125,1814,0.0,0.0
2023-05-25 00:00:00+09:00,79359.28701486894,79359.28701486894,77408.46875,77408.46875,1345,0.0,0.0
2023-05-26 00:00:00+09:00,78032.74288366336,78969.13579826732,77720.6119121287,78813.0703125,1006,0.0,0.0
2023-05-29 00:00:00+09:00,79359.29575238269,79827.4921875,78891.0993172654,79827.4921875,866,0.0,0.0
2023-05-30 00:00:00+09:00,80061.59003560904,80061.59003560904,78657.0007367387,79437.328125,744,0.0,0.0
2023-05-31 00:00:00+09:00,79437.31949094743,79437.31949094743,78422.89399646578,78656.9921875,888,0.0,0.0
2023-06-01 00:00:00+09:00,79203.22499214824,79203.22499214824,77642.5703125,77642.5703125,1119,0.0,0.0
2023-06-02 00:00:00+09:00,78500.9278006487,78500.9278006487,77408.46956087825,78188.796875,1216,0.0,0.0
2023-06-05 00:00:00+09:00,78344.86233782435,78891.09145770958,77876.6659493513,78188.796875,986,0.0,0.0
2023-06-06 00:00:00+09:00,78422.89168074325,78422.89168074325,77564.53167229731,77954.6953125,890,0.0,0.0
2023-06-07 00:00:00+09:00,77954.6997599774,78110.76522496235,77642.56883000753,77720.6015625,1513,0.0,0.0
2023-06-08 00:00:00+09:00,77954.70235085946,77954.70235085946,76550.11311931245,77174.375,1439,0.0,0.0
2023-06-09 00:00:00+09:00,78032.73367952522,78969.12648367953,77954.7009458457,78891.09375,1543,0.0,0.0
2023-06-12 00:00:00+09:00,79281.25403025793,79281.25403025793,77798.63215370783,78656.9921875,1157,0.0,0.0
2023-06-13 00:00:00+09:00,78813.06584711254,79281.26227788746,78110.77120095016,79047.1640625,1406,0.0,0.0
2023-06-14 00:00:00+09:00,79515.35522024105,79749.45342010437,78032.73328777336,78500.9296875,1556,0.0,0.0
2023-06-15 00:00:00+09:00,78266.82706423439,79359.28526852082,78266.82706423439,78735.0234375,826,0.0,0.0
2023-06-16 00:00:00+09:00,78735.03162752712,79203.22804949457,78110.76973157052,79125.1953125,1071,0.0,0.0
2023-06-19 00:00:00+09:00,79125.19680096248,79359.29501634995,78266.83667787512,79047.1640625,899,0.0,0.0
2023-06-20 00:00:00+09:00,79047.16109144088,79203.2265625,78656.9974137931,79203.2265625,562,0.0,0.0
2023-06-21 00:00:00+09:00,79047.16109144088,79203.2265625,78735.03014932266,79203.2265625,736,0.0,0.0
2023-06-22 00:00:00+09:00,78969.12608722664,79047.1588205144,78032.73328777336,78500.9296875,1611,0.0,0.0
2023-06-23 00:00:00+09:00,78266.8359375,78656.99962612163,78032.73772432702,78266.8359375,808,0.0,0.0
2023-06-26 00:00:00+09:00,78266.83373614532,79281.25929802956,78032.73552955665,79203.2265625,1875,0.0,0.0
2023-06-27 00:00:00+09:00,79281.25419096209,80295.6796875,79281.25419096209,80295.6796875,3123,0.0,0.0
2023-06-28 00:00:00+09:00,79983.54835510254,80451.74473571777,79515.3519744873,79905.515625,2827,0.0,0.0
2023-06-29 00:00:00+09:00,79905.52085354025,81388.14282250241,79749.45538312318,80451.75,2263,0.0,0.0
2023-06-30 00:00:00+09:00,80763.88318810097,81310.11234975961,80139.6212890625,81154.046875,946,0.0,0.0
2023-07-03 00:00:00+09:00,81466.17227716873,82324.53232989753,81466.17227716873,81856.3359375,937,0.0,0.0
2023-07-04 00:00:00+09:00,81778.30213270141,82948.79309834122,81778.30213270141,82324.53125,965,0.0,0.0
2023-07-05 00:00:00+09:00,82090.43672024952,82324.53492382438,80919.94570237525,81310.109375,563,0.0,0.0
2023-07-06 00:00:00+09:00,80919.94153152332,81154.03972303207,80295.6796875,80295.6796875,602,0.0,0.0
2023-07-07 00:00:00+09:00,80919.94153152332,81154.03972303207,80295.6796875,80295.6796875,670,0.0,0.0
2023-07-10 00:00:00+09:00,80685.84334001457,81076.00699252915,79983.54876548833,80295.6796875,1447,0.0,0.0
2023-07-11 00:00:00+09:00,79983.55987312258,81154.05099321705,79983.55987312258,80529.7890625,831,0.0,0.0
2023-07-12 00:00:00+09:00,80061.58704044118,80529.78345588235,79593.390625,79593.390625,810,0.0,0.0
2023-07-13 00:00:00+09:00,79593.39100609756,79983.5546875,79047.16185213414,79983.5546875,900,0.0,0.0
2023-07-14 00:00:00+09:00,79983.54835510254,80529.77746582031,79515.3519744873,79905.515625,756,0.0,0.0
2023-07-18 00:00:00+09:00,79983.55766587243,80139.62314424486,79437.32849156891,79827.4921875,843,0.0,0.0
2023-07-19 00:00:00+09:00,79827.49439044332,80529.7890625,79749.46164910369,80529.7890625,608,0.0,0.0
2023-07-20 00:00:00+09:00,80607.8095410628,81232.0713768116,80529.7768115942,80763.875,759,0.0,0.0
2023-07-21 00:00:00+09:00,81154.04799323018,81154.04799323018,80373.72060867988,80685.8515625,680,0.0,0.0
2023-07-24 00:00:00+09:00,84899.60831809872,87084.52470863803,83338.95375342779,85367.8046875,6273,0.0,0.0
2023-07-25 00:00:00+09:00,85836.00858671172,86850.43414273649,85211.74670608109,86616.3359375,1463,0.0,0.0
2023-07-26 00:00:00+09:00,86616.33965507602,87630.76525463998,86382.24143979204,87240.6015625,1321,0.0,0.0
2023-07-27 00:00:00+09:00,86772.40880328596,87864.8671875,86070.1141277198,87864.8671875,2228,0.0,0.0
2023-07-28 00:00:00+09:00,88049.7639899909,88049.7639899909,86208.72347020019,87969.71875,2843,2831.0,0.0
2023-07-31 00:00:00+09:00,88049.75495848709,88530.02634916974,86688.98601821956,86769.03125,1318,0.0,0.0
2023-08-01 00:00:00+09:00,87249.3009868421,87729.57236842105,85888.53207236843,86688.984375,947,0.0,0.0
2023-08-02 00:00:00+09:00,86128.67912844036,87569.49346330274,86128.67912844036,87249.3125,1076,0.0,0.0
2023-08-03 00:00:00+09:00,87249.31140988372,87249.31140988372,85968.58757267441,86048.6328125,495,0.0,0.0
2023-08-04 00:00:00+09:00,86288.75985931735,87009.16694534133,86288.75985931735,86769.03125,767,0.0,0.0
2023-08-07 00:00:00+09:00,86368.8005942104,87089.2076427256,86048.61968375921,86929.1171875,582,0.0,0.0
2023-08-08 00:00:00+09:00,87649.5271381579,87649.5271381579,86288.75822368421,86688.984375,576,0.0,0.0
2023-08-09 00:00:00+09:00,86688.98601821956,86929.12171356089,85968.57893219557,86769.03125,790,0.0,0.0
2023-08-10 00:00:00+09:00,87489.44194115991,88930.25617257883,87249.30623592342,88850.2109375,1218,0.0,0.0
2023-08-14 00:00:00+09:00,89250.43875871961,89410.52923182942,88369.94115661566,88930.2578125,699,0.0,0.0
2023-08-15 00:00:00+09:00,89410.53125,89570.62172672337,88690.12410474486,89410.53125,740,0.0,0.0
2023-08-16 00:00:00+09:00,89410.53324660507,90291.03088824578,89170.39752615761,89890.8046875,901,0.0,0.0
2023-08-17 00:00:00+09:00,90531.15913813164,90691.24960521942,89490.57110206116,90291.0234375,1013,0.0,0.0
2023-08-18 00:00:00+09:00,90371.07069830247,91011.43258101851,89810.75405092593,90771.296875,874,0.0,0.0
2023-08-21 00:00:00+09:00,90451.12988195056,91171.53711109885,89810.76790048543,90691.265625,2291,0.0,0.0
2023-08-22 00:00:00+09:00,91571.74961589112,91571.74961589112,90451.11631639596,91171.5234375,860,0.0,0.0
2023-08-23 00:00:00+09:00,91411.66153532609,92052.0234375,91091.48058423914,92052.0234375,648,0.0,0.0
2023-08-24 00:00:00+09:00,92372.20549892704,93332.7483637339,92132.06978272532,93252.703125,927,0.0,0.0
2023-08-25 00:00:00+09:00,92932.51522626514,92932.51522626514,92212.1081314879,92532.2890625,1047,0.0,0.0
2023-08-28 00:00:00+09:00,93172.65549176777,93252.70072844454,91811.88646826257,92372.203125,1517,0.0,0.0
2023-08-29 00:00:00+09:00,92132.0571818524,93172.6451430723,91411.6501317771,93012.5546875,987,0.0,0.0
2023-08-30 00:00:00+09:00,93012.56995462402,93012.56995462402,92212.11754537596,92612.34375,837,0.0,0.0
2023-08-31 00:00:00+09:00,92212.11518324607,92772.43185536649,91731.84375,91731.84375,840,0.0,0.0
2023-09-01 00:00:00+09:00,91331.6243844697,92692.39354707793,91331.6243844697,92452.2578125,1098,0.0,0.0
2023-09-04 00:00:00+09:00,92452.238092997,93572.87128200302,91731.8310429217,93012.5546875,1825,0.0,0.0
2023-09-05 00:00:00+09:00,92532.28945951766,93652.92272286821,91891.92759474591,92932.515625,1355,0.0,0.0
2023-09-06 00:00:00+09:00,92452.24861391129,94773.56048387097,92452.24861391129,94293.2890625,2738,0.0,0.0
2023-09-07 00:00:00+09:00,94613.47038778529,95413.92275993236,94293.28943892645,94693.515625,3873,0.0,0.0
2023-09-08 00:00:00+09:00,94853.61029177296,94933.6555325255,93813.0221619898,94133.203125,1295,0.0,0.0
2023-09-11 00:00:00+09:00,94373.3260669757,94693.50698662618,92852.46669863598,93893.0546875,969,0.0,0.0
2023-09-12 00:00:00+09:00,94053.15551233906,94133.20075107296,92532.29597639485,93252.703125,591,0.0,0.0
2023-09-13 00:00:00+09:00,93572.88627794053,94213.24820285373,92212.1171875,92212.1171875,712,0.0,0.0
2023-09-14 00:00:00+09:00,92452.2496263587,92772.43057744566,91331.61629755434,92052.0234375,880,0.0,0.0
2023-09-15 00:00:00+09:00,92052.01396570797,92212.10442477876,89970.83799778762,90451.109375,1507,0.0,0.0
2023-09-19 00:00:00+09:00,90451.11707191035,91971.9765625,90291.02659921671,91971.9765625,823,0.0,0.0
2023-09-20 00:00:00+09:00,92372.20148525586,92692.38242627928,91811.88483846487,92292.15625,554,0.0,0.0
2023-09-21 00:00:00+09:00,92772.43621694969,93572.88864332545,92612.34573167455,93092.6171875,616,0.0,0.0
2023-09-22 00:00:00+09:00,93092.60850842576,94133.19656569966,92372.20139185153,93813.015625,705,0.0,0.0
2023-09-25 00:00:00+09:00,93332.74179048234,94053.14888835055,92932.515625,92932.515625,582,0.0,0.0
2023-09-26 00:00:00+09:00,93492.83884120171,93893.06503487124,92692.38645386265,93252.703125,626,0.0,0.0
2023-09-27 00:00:00+09:00,93252.703125,93572.88407993563,92612.34121512875,93252.703125,697,0.0,0.0
2023-09-28 00:00:00+09:00,93012.56375485752,93492.83516839378,92452.24710573186,92692.3828125,775,0.0,0.0
2023-09-29 00:00:00+09:00,92692.37377635542,94053.14264871988,92692.37377635542,93012.5546875,940,0.0,0.0
2023-10-02 00:00:00+09:00,93492.83477883782,93732.97048460538,92212.11101474415,92292.15625,524,0.0,0.0
2023-10-03 00:00:00+09:00,92292.14965431415,92292.14965431415,90451.109375,90451.109375,912,0.0,0.0
2023-10-04 00:00:00+09:00,89410.52639840182,90210.97873858448,87329.35031392695,87649.53125,1913,0.0,0.0
2023-10-05 00:00:00+09:00,89570.61854185675,89730.70901288778,87489.44241845347,87729.578125,2031,0.0,0.0
2023-10-06 00:00:00+09:00,88530.03048015511,88690.12095118614,87169.26147639142,87729.578125,771,0.0,0.0
2023-10-10 00:00:00+09:00,87889.66241738833,88289.88856682999,87489.43626794667,87809.6171875,860,0.0,0.0
2023-10-11 00:00:00+09:00,87809.62863026494,89410.53343665082,87409.40242866847,88369.9453125,936,0.0,0.0
2023-10-12 00:00:00+09:00,88850.20475618131,89010.29521520146,87409.390625,87409.390625,629,0.0,0.0
2023-10-13 00:00:00+09:00,87569.49639201931,88610.0845575552,86929.13444399725,87009.1796875,904,0.0,0.0
2023-10-16 00:00:00+09:00,87009.1690519958,87889.66662289917,85328.21914390757,85728.4453125,1595,0.0,0.0
2023-10-17 00:00:00+09:00,86769.03869323448,86929.12917052828,85088.08868164968,86368.8125,1041,0.0,0.0
2023-10-18 00:00:00+09:00,87089.2265625,87569.49803251379,86689.00033748851,87089.2265625,981,0.0,0.0
2023-10-19 00:00:00+09:00,87249.3084705473,87489.44418193413,85968.58467648423,86288.765625,726,0.0,0.0
2023-10-20 00:00:00+09:00,86288.76575779037,86608.94670679887,84767.90625,84767.90625,1043,0.0,0.0
2023-10-23 00:00:00+09:00,84847.9549544146,85168.13591650673,83407.140625,83407.140625,1476,0.0,0.0
2023-10-24 00:00:00+09:00,83327.09085398706,84127.54321569683,82126.4123114224,83567.2265625,1733,0.0,0.0
2023-10-25 00:00:00+09:00,84607.80675270461,85328.2138111477,83887.39969426152,85088.078125,1117,0.0,0.0
2023-10-26 00:00:00+09:00,85088.09305258785,85088.09305258785,83567.23344017094,84287.640625,944,0.0,0.0
2023-10-27 00:00:00+09:00,85328.22529205609,85888.54196845795,84927.99909462617,85648.40625,1154,0.0,0.0
2023-10-30 00:00:00+09:00,85808.48726190475,85808.48726190475,83327.08511160714,84047.4921875,1737,0.0,0.0
2023-10-31 00:00:00+09:00,84687.85528202677,84687.85528202677,83247.04110898662,83727.3125,1598,0.0,0.0
2023-11-01 00:00:00+09:00,84607.81591045673,85808.49447115384,83247.046875,83247.046875,1886,0.0,0.0
2023-11-02 00:00:00+09:00,84287.6299722758,85008.03706605593,82446.58962150433,83006.90625,2298,0.0,0.0
2023-11-06 00:00:00+09:00,83967.45401141826,84127.54448617788,82926.86592548077,83247.046875,1628,0.0,0.0
2023-11-07 00:00:00+09:00,83567.23828125,83567.23828125,81566.10709635416,82606.6953125,2371,0.0,0.0
2023-11-08 00:00:00+09:00,82766.76892822025,82766.76892822025,81245.90953785644,81406.0,1855,0.0,0.0
2023-11-09 00:00:00+09:00,81245.91281280668,81886.27468719333,80605.55093842003,81566.09375,1199,0.0,0.0
2023-11-10 00:00:00+09:00,81566.09413909912,82286.5012512207,81245.91320037842,81966.3203125,668,0.0,0.0
2023-11-13 00:00:00+09:00,82366.54562711762,83166.99796557357,82046.36469173523,82686.7265625,607,0.0,0.0
2023-11-14 00:00:00+09:00,83166.99989662098,85168.13078922495,82606.68324669187,84687.859375,1305,0.0,0.0
2023-11-15 00:00:00+09:00,84687.85773415327,85728.4457781457,84287.63156338694,84607.8125,701,0.0,0.0
2023-11-16 00:00:00+09:00,85008.04433411216,85648.40625,84447.72765771029,85648.40625,484,0.0,0.0
2023-11-17 00:00:00+09:00,85728.45405190678,86048.6350194209,85008.046875,85008.046875,660,0.0,0.0
2023-11-20 00:00:00+09:00,85008.04780982906,85248.18353810541,83967.45965396486,84287.640625,1103,0.0,0.0
2023-11-21 00:00:00+09:00,84607.8146327227,84607.8146327227,83407.13609015805,83567.2265625,1238,0.0,0.0
2023-11-22 00:00:00+09:00,83487.17557291666,84047.4921875,82766.7684970238,84047.4921875,794,0.0,0.0
2023-11-24 00:00:00+09:00,84047.50747607656,84287.64321172249,83567.23600478469,83647.28125,508,0.0,0.0
2023-11-27 00:00:00+09:00,84047.4950752149,84207.58554202484,83807.359375,83807.359375,568,0.0,0.0
2023-11-28 00:00:00+09:00,84207.58996123119,85168.1328125,83967.454248414,85168.1328125,1064,0.0,0.0
2023-11-29 00:00:00+09:00,85088.08265345194,85088.08265345194,84047.49462476438,84927.9921875,664,0.0,0.0
2023-11-30 00:00:00+09:00,84287.63271775887,85808.4921875,83407.135130014,85808.4921875,1646,0.0,0.0
2023-12-01 00:00:00+09:00,85808.49599056604,85968.58646816039,84767.90788620284,84847.953125,959,0.0,0.0
2023-12-04 00:00:00+09:00,85728.4551053273,86208.7265625,85008.04791956824,86208.7265625,962,0.0,0.0
2023-12-05 00:00:00+09:00,86288.77017019052,86528.9058942263,85568.36299808318,86128.6796875,1018,0.0,0.0
2023-12-06 00:00:00+09:00,86128.67805232557,86368.81377180232,84847.95421511628,86048.6328125,1248,0.0,0.0
2023-12-07 00:00:00+09:00,85648.40297284645,85648.40297284645,84927.99584503745,85488.3125,892,0.0,0.0
2023-12-08 00:00:00+09:00,85248.18203270214,86288.77017019052,84767.91058463058,86128.6796875,1364,0.0,0.0
2023-12-11 00:00:00+09:00,86128.67303505958,87409.39679766269,86048.62779989689,87329.3515625,1706,0.0,0.0
2023-12-12 00:00:00+09:00,86688.99293086688,87889.67150331655,86528.90245454025,87489.4453125,1087,0.0,0.0
2023-12-13 00:00:00+09:00,87009.17605613425,87569.49273726852,86448.859375,86448.859375,658,0.0,0.0
2023-12-14 00:00:00+09:00,86288.76486423222,87009.1719920412,85488.3125,85488.3125,865,0.0,0.0
2023-12-15 00:00:00+09:00,85728.44080528845,87569.48108402014,85088.07896920787,87409.390625,3333,0.0,0.0
2023-12-18 00:00:00+09:00,86448.86460248161,87089.2265625,86208.72886747473,87089.2265625,1358,0.0,0.0
2023-12-19 00:00:00+09:00,87089.21722846442,87649.53388342696,84527.76966292135,85488.3125,3833,0.0,0.0
2023-12-20 00:00:00+09:00,85568.36083849863,87649.53706095042,85328.22512052342,87169.265625,2775,0.0,0.0
2023-12-21 00:00:00+09:00,87169.26118674208,87409.39689249068,85248.17554075328,85808.4921875,2948,0.0,0.0
2023-12-22 00:00:00+09:00,86048.6278932486,86208.71836374767,85408.26601125233,85808.4921875,2210,0.0,0.0
2023-12-25 00:00:00+09:00,86128.67068213949,86128.67068213949,84927.9921875,84927.9921875,891,0.0,0.0
2023-12-26 00:00:00+09:00,85328.22439759037,86368.8125,85248.17915894347,86368.8125,1079,0.0,0.0
2023-12-27 00:00:00+09:00,85728.44402707953,87729.57484003657,85488.30832952469,87569.484375,2907,0.0,0.0
2023-12-28 00:00:00+09:00,87969.7169594897,89490.57648836168,87889.67172112802,89410.53125,1109,0.0,0.0
2023-12-29 00:00:00+09:00,89410.51849332362,89490.5637202648,88610.06622391158,89170.3828125,801,0.0,0.0
2024-01-04 00:00:00+09:00,89170.3828125,89730.69940108842,88690.11145085278,89170.3828125,1003,0.0,0.0
2024-01-05 00:00:00+09:00,89250.42930690877,90771.28864038973,88770.1579384411,90371.0625,1617,0.0,0.0
2024-01-09 00:00:00+09:00,91091.46875,91491.69488686293,90291.01647627416,91091.46875,1651,0.0,0.0
2024-01-10 00:00:00+09:00,91571.74717420213,91971.97334192153,90291.0234375,90291.0234375,1140,0.0,0.0
2024-01-11 00:00:00+09:00,90371.06170364676,91091.46875,89490.56420254834,91091.46875,1548,0.0,0.0
2024-01-12 00:00:00+09:00,90691.25491032131,91731.84300726233,90451.1191956426,90931.390625,1491,0.0,0.0
2024-01-15 00:00:00+09:00,90931.3868684669,91891.9296875,90931.3868684669,91891.9296875,210,0.0,0.0
2024-01-16 00:00:00+09:00,90931.39084051724,93572.88370824353,90931.39084051724,92852.4765625,1363,0.0,0.0
2024-01-17 00:00:00+09:00,92532.28866203301,92852.46959165942,91971.97203518679,92132.0625,1776,0.0,0.0
2024-01-18 00:00:00+09:00,92052.02015733885,93092.60821129139,91731.83921766115,91891.9296875,1348,0.0,0.0
2024-01-19 00:00:00+09:00,92052.0236637564,93973.109375,91891.93318781942,93973.109375,2900,0.0,0.0
2024-01-22 00:00:00+09:00,93973.11279947918,96694.65098958333,93893.06755859376,96054.2890625,2421,0.0,0.0
2024-01-23 00:00:00+09:00,96054.27916323165,97415.0481180441,95574.00776741549,97094.8671875,2333,0.0,0.0
2024-01-24 00:00:00+09:00,96934.78125,98535.68597749794,96694.64554087531,96934.78125,3146,0.0,0.0
2024-01-25 00:00:00+09:00,96614.60282886535,97174.91949812968,95734.10520573566,96294.421875,3424,0.0,0.0
2024-01-26 00:00:00+09:00,95734.09580386856,96854.72903234193,95013.68872842139,96214.3671875,2134,0.0,0.0
2024-01-29 00:00:00+09:00,96614.59334052622,96774.6838017367,95574.00534265807,96214.3671875,2705,0.0,0.0
2024-01-30 00:00:00+09:00,96933.37860783261,97097.53335568668,95209.7537553648,95620.140625,2562,2976.0,0.0
2024-01-31 00:00:00+09:00,95127.66655815972,95702.20811631944,94224.81553819444,94553.125,1790,0.0,0.0
2024-02-01 00:00:00+09:00,93568.20111468501,94471.05217807232,92419.11794310116,92501.1953125,2937,0.0,0.0
2024-02-02 00:00:00+09:00,92747.43090521016,94060.66886492995,92747.43090521016,93732.359375,1138,0.0,0.0
2024-02-05 00:00:00+09:00,93978.5877033861,94060.66507255936,93239.89138082674,93321.96875,912,0.0,0.0
2024-02-06 00:00:00+09:00,93321.97326115485,94306.90173884515,93321.97326115485,93814.4375,531,0.0,0.0
2024-02-07 00:00:00+09:00,93732.3611800044,94306.90279844576,93075.7421875,93075.7421875,659,0.0,0.0
2024-02-08 00:00:00+09:00,93075.74701327433,93568.21128318584,92747.4375,92747.4375,506,0.0,0.0
2024-02-09 00:00:00+09:00,92911.59225663717,93732.36603982301,92747.4375,92747.4375,1012,0.0,0.0
2024-02-13 00:00:00+09:00,92747.42566079294,93650.27670704846,92665.34829295153,93157.8125,920,0.0,0.0
2024-02-14 00:00:00+09:00,92747.42035128546,92993.65244071366,92172.87880928635,92583.265625,691,0.0,0.0
2024-02-15 00:00:00+09:00,92501.19736953337,92501.19736953337,90695.4952026037,91023.8046875,2260,0.0,0.0
2024-02-16 00:00:00+09:00,90613.42112420671,91434.1948662738,90203.03425317316,90531.34375,1288,0.0,0.0
2024-02-19 00:00:00+09:00,91352.1055674639,91926.64711191336,90038.86775157943,90941.71875,2017,0.0,0.0
2024-02-20 00:00:00+09:00,90859.6558294366,91270.04271213504,89874.72731096031,89956.8046875,2484,0.0,0.0
2024-02-21 00:00:00+09:00,90531.34674232159,90859.65625,89874.72772696477,90859.65625,1468,0.0,0.0
2024-02-22 00:00:00+09:00,90449.25456904332,91105.87347698557,89710.55829760831,90941.71875,1238,0.0,0.0
2024-02-26 00:00:00+09:00,91105.87953629032,91926.65322580645,91023.80216733871,91598.34375,1668,0.0,0.0
2024-02-27 00:00:00+09:00,91598.3336421833,92419.10724112758,91270.02420260556,91352.1015625,2664,0.0,0.0
2024-02-28 00:00:00+09:00,91844.58434791287,91844.58434791287,89464.34042826186,89956.8046875,2888,0.0,0.0
2024-02-29 00:00:00+09:00,89956.80075934579,90038.8781323014,87084.09270589953,87822.7890625,3539,0.0,0.0
2024-03-01 00:00:00+09:00,87822.78935731133,87822.78935731133,86099.16451945755,87002.015625,2188,0.0,0.0
2024-03-04 00:00:00+09:00,87002.0028805866,88479.39538233241,86755.7707969623,88151.0859375,2264,0.0,0.0
2024-03-05 00:00:00+09:00,87986.94229868913,88233.17441333098,86919.93646857444,87658.6328125,1966,0.0,0.0
2024-03-06 00:00:00+09:00,87576.55489573759,89300.1796875,87494.47752470129,89300.1796875,1762,0.0,0.0
2024-03-07 00:00:00+09:00,89300.16899441341,89300.16899441341,87248.2349642109,88151.0859375,2167,0.0,0.0
2024-03-08 00:00:00+09:00,87412.40219772197,89053.94965683411,87330.32482476636,87822.7890625,1853,0.0,0.0
2024-03-11 00:00:00+09:00,87740.703125,88069.01258477548,86919.92947556126,87740.703125,1160,0.0,0.0
2024-03-12 00:00:00+09:00,87248.24520413543,87576.5546875,86673.70360824742,87576.5546875,867,0.0,0.0
2024-03-13 00:00:00+09:00,88151.08707049763,88233.16443276066,86017.07565165876,86591.6171875,1601,0.0,0.0
2024-03-14 00:00:00+09:00,86755.78691133721,88233.1796875,86591.63215843023,88233.1796875,1387,0.0,0.0
2024-03-15 00:00:00+09:00,87904.87610370498,89628.50112534626,87740.72133973915,88889.8046875,1718,0.0,0.0
2024-03-18 00:00:00+09:00,90367.19756319252,91434.20352897045,87904.87610370498,88889.8046875,3940,0.0,0.0
2024-03-19 00:00:00+09:00,88643.55257220217,90941.71875,88561.4752087094,90941.71875,3896,0.0,0.0
2024-03-21 00:00:00+09:00,91926.65549597856,93404.0481735925,90285.1080764075,91844.578125,3150,0.0,0.0
2024-03-22 00:00:00+09:00,92008.73812166964,92665.35712699822,91516.27386767318,92419.125,2329,0.0,0.0
2024-03-25 00:00:00+09:00,92747.4199695122,94224.8125,92254.95579268293,94224.8125,2307,0.0,0.0
2024-03-26 00:00:00+09:00,94142.74699256342,94142.74699256342,93075.74114173229,93814.4375,1243,0.0,0.0
2024-03-27 00:00:00+09:00,94060.66026237949,94142.7376273554,93404.04134257231,93650.2734375,1914,0.0,0.0
2024-03-28 00:00:00+09:00,93896.50420726306,94142.73629871568,92419.11165854738,92665.34375,1687,0.0,0.0
2024-03-29 00:00:00+09:00,93568.20133587786,96851.29611959287,93075.73711832061,96769.21875,3810,0.0,0.0
2024-04-01 00:00:00+09:00,96933.36870641378,97918.29709293111,95948.44031989646,97097.5234375,2407,0.0,0.0
2024-04-02 00:00:00+09:00,97015.45320645091,97015.45320645091,94388.97731592094,94471.0546875,1258,0.0,0.0
2024-04-03 00:00:00+09:00,94388.97301762115,94388.97301762115,92829.50302863435,93157.8125,1414,0.0,0.0
2024-04-04 00:00:00+09:00,93239.89138082674,94142.74244173263,92747.42716578716,93321.96875,1664,0.0,0.0
2024-04-05 00:00:00+09:00,93321.96189328458,93321.96189328458,92090.80144614363,92583.265625,1009,0.0,0.0
2024-04-08 00:00:00+09:00,93239.895888014,94060.66961942257,92583.27690288714,93814.4375,1695,0.0,0.0
2024-04-09 00:00:00+09:00,94142.73817274305,95291.8212890625,94142.73817274305,94553.125,1311,0.0,0.0
2024-04-10 00:00:00+09:00,94553.13796133568,95538.06648176626,93404.0546875,93404.0546875,981,0.0,0.0
2024-04-11 00:00:00+09:00,93404.04188368055,94799.35709635416,92993.65505642361,94553.125,2060,0.0,0.0
2024-04-12 00:00:00+09:00,94306.89159128288,94306.89159128288,92829.4990337171,93568.1953125,1498,0.0,0.0
2024-04-15 00:00:00+09:00,93650.27974100088,94060.66659350308,93157.81551799824,93486.125,1283,0.0,0.0
2024-04-16 00:00:00+09:00,93732.36603982301,93732.36603982301,92747.4375,92747.4375,912,0.0,0.0
2024-04-17 00:00:00+09:00,93321.96495417402,93321.96495417402,92337.03656415635,92911.578125,810,0.0,0.0
2024-04-18 00:00:00+09:00,92911.58565017513,93814.43674748248,92583.27616024518,93732.359375,1243,0.0,0.0
2024-04-19 00:00:00+09:00,93732.35534274194,94471.05166330645,92911.5816532258,94142.7421875,2146,0.0,0.0
2024-04-22 00:00:00+09:00,93814.42568597561,95127.66349085367,93814.42568597561,94224.8125,1171,0.0,0.0
2024-04-23 00:00:00+09:00,94224.8125,95209.74085365854,94142.73513719512,94224.8125,876,0.0,0.0
2024-04-24 00:00:00+09:00,94881.43850806452,94881.43850806452,93814.43271169355,94142.7421875,825,0.0,0.0
2024-04-25 00:00:00+09:00,94142.73817274305,94881.43446180555,93486.11924913194,94553.125,923,0.0,0.0
2024-04-26 00:00:00+09:00,94553.12928082192,95948.44455666737,94388.97454248715,95866.3671875,872,0.0,0.0
2024-04-30 00:00:00+09:00,95784.28701798093,95784.28701798093,94471.0491496967,94717.28125,2000,0.0,0.0
2024-05-01 00:00:00+09:00,94553.12878133103,94963.515625,94224.81930639586,94963.515625,805,0.0,0.0
2024-05-02 00:00:00+09:00,94717.28773710571,96687.14467444587,94635.21036471655,96276.7578125,1332,0.0,0.0
2024-05-07 00:00:00+09:00,96687.1476874469,97425.844061969,96112.60606281861,96605.0703125,1198,0.0,0.0
2024-05-08 00:00:00+09:00,96687.14391798207,97097.53077671715,95948.44757225896,96194.6796875,581,0.0,0.0
2024-05-09 00:00:00+09:00,96112.607877994,96358.84000748502,95373.91148952095,95948.453125,795,0.0,0.0
2024-05-10 00:00:00+09:00,95702.21498169682,96030.52446705426,94717.28652562445,95291.828125,2186,0.0,0.0
2024-05-13 00:00:00+09:00,95291.82509993517,95538.05720613657,94388.97404386345,94963.515625,894,0.0,0.0
2024-05-14 00:00:00+09:00,95373.89995435996,95784.28678721006,95045.5904880799,95538.0546875,946,0.0,0.0
2024-05-15 00:00:00+09:00,95866.375748503,95948.453125,95291.83411302394,95948.453125,1470,0.0,0.0
2024-05-16 00:00:00+09:00,95948.44557538826,95948.44557538826,94553.1302847282,95127.671875,981,0.0,0.0
2024-05-17 00:00:00+09:00,94881.43976488351,95373.90398511647,94388.97554465056,95127.671875,831,0.0,0.0
2024-05-20 00:00:00+09:00,95127.66732166089,95127.66732166089,94224.81629444927,94635.203125,1037,0.0,0.0
2024-05-21 00:00:00+09:00,94553.12878133103,94963.515625,94224.81930639586,94963.515625,485,0.0,0.0
2024-05-22 00:00:00+09:00,94799.36417381626,95127.6736601325,94306.89994434187,94471.0546875,647,0.0,0.0
2024-05-23 00:00:00+09:00,94388.97378411092,94471.05115261883,92419.11693992077,93239.890625,2613,0.0,0.0
2024-05-24 00:00:00+09:00,93157.80716699912,93157.80716699912,91762.4919935727,92583.265625,952,0.0,0.0
2024-05-27 00:00:00+09:00,92747.42415048543,92993.65625,91844.57311893204,92993.65625,829,0.0,0.0
2024-05-28 00:00:00+09:00,93157.81401165348,93814.43296503958,92829.50453496042,93321.96875,536,0.0,0.0
2024-05-29 00:00:00+09:00,93075.7440053286,93157.82138099468,92008.73812166964,92419.125,989,0.0,0.0
2024-05-30 00:00:00+09:00,92172.89287300178,92829.51187833038,91434.1964920071,92419.125,808,0.0,0.0
2024-05-31 00:00:00+09:00,92337.03392937726,92337.03392937726,90695.48665952166,90941.71875,2272,0.0,0.0
2024-06-03 00:00:00+09:00,91187.96575767841,91434.19788843722,90859.65625,90859.65625,870,0.0,0.0
2024-06-04 00:00:00+09:00,90941.71875,91598.33765794225,90777.56402301445,90941.71875,902,0.0,0.0
2024-06-05 00:00:00+09:00,90859.64640939214,91598.34272166362,89792.640625,89792.640625,1371,0.0,0.0
2024-06-06 00:00:00+09:00,90285.09756787331,90941.71645927602,89382.24659219457,90695.484375,906,0.0,0.0
2024-06-07 00:00:00+09:00,91105.89022691084,91105.89022691084,90203.0390625,90203.0390625,466,0.0,0.0
2024-06-10 00:00:00+09:00,90285.10609742315,91023.80242003842,90285.10609742315,90777.5703125,640,0.0,0.0
2024-06-11 00:00:00+09:00,90859.64946209016,91105.88157445355,90120.953125,90120.953125,476,0.0,0.0
2024-06-12 00:00:00+09:00,90531.33387327981,90531.33387327981,89464.328125,89464.328125,553,0.0,0.0
2024-06-13 00:00:00+09:00,89464.33139702491,89464.33139702491,88889.78981924585,88971.8671875,833,0.0,0.0
2024-06-14 00:00:00+09:00,88725.63183772935,89956.79231651376,88725.63183772935,89464.328125,1128,0.0,0.0
2024-06-17 00:00:00+09:00,89464.328125,89874.71495126147,88971.86393348624,89464.328125,802,0.0,0.0
2024-06-18 00:00:00+09:00,89956.79155188246,89956.79155188246,89053.94054178144,89382.25,523,0.0,0.0
2024-06-19 00:00:00+09:00,89382.25129853543,90613.41178474114,89382.25129853543,90367.1796875,548,0.0,0.0
2024-06-20 00:00:00+09:00,90038.86946732955,91352.10730823864,90038.86946732955,90285.1015625,765,0.0,0.0
2024-06-21 00:00:00+09:00,90285.10786657559,90941.72683287796,90120.953125,90120.953125,447,0.0,0.0
2024-06-24 00:00:00+09:00,90531.3344189941,90777.56651623524,90367.1796875,90367.1796875,676,0.0,0.0
2024-06-25 00:00:00+09:00,90941.72806869369,91187.96018440316,90695.49595298423,91105.8828125,1019,0.0,0.0
2024-06-26 00:00:00+09:00,91598.34299327355,91598.34299327355,91105.87878363229,91516.265625,1191,0.0,0.0
2024-06-27 00:00:00+09:00,91598.34400429476,91598.34400429476,90449.2608357821,90777.5703125,1317,0.0,0.0
2024-06-28 00:00:00+09:00,91023.80799524025,91023.80799524025,90367.18900158658,90531.34375,865,0.0,0.0
2024-07-01 00:00:00+09:00,91434.19562386775,91516.27299875453,90531.34450011323,90613.421875,907,0.0,0.0
2024-07-02 00:00:00+09:00,91187.95615190583,91844.57509809418,91023.80141535874,91516.265625,1007,0.0,0.0
2024-07-03 00:00:00+09:00,91926.65625,92090.81099330357,91598.34676339285,91926.65625,1129,0.0,0.0
2024-07-04 00:00:00+09:00,92337.04879036687,93486.13206420255,91926.66190685413,93404.0546875,1063,0.0,0.0
2024-07-05 00:00:00+09:00,93568.20825932505,93568.20825932505,92419.125,92419.125,968,0.0,0.0
2024-07-08 00:00:00+09:00,92665.3500512977,93321.96900648848,92419.11794310116,92501.1953125,960,0.0,0.0
2024-07-09 00:00:00+09:00,92747.42768017009,92747.42768017009,91516.26713574305,91680.421875,1370,0.0,0.0
2024-07-10 00:00:00+09:00,91762.50178772522,91762.50178772522,91105.8828125,91105.8828125,853,0.0,0.0
2024-07-11 00:00:00+09:00,91598.34704391891,92337.0433910473,91105.8828125,91105.8828125,1758,0.0,0.0
2024-07-12 00:00:00+09:00,91516.26713574305,92090.80872314234,91352.11239648612,91680.421875,1201,0.0,0.0
2024-07-16 00:00:00+09:00,92172.88685152058,92172.88685152058,91434.19051878355,91762.5,1428,0.0,0.0
2024-07-17 00:00:00+09:00,91926.6577540107,92090.8125,91516.27088903743,92090.8125,909,0.0,0.0
2024-07-18 00:00:00+09:00,91926.65398388541,92665.35031054163,91680.421875,91680.421875,978,0.0,0.0
2024-07-19 00:00:00+09:00,91680.43001919602,92008.73952687443,90695.5014961608,90859.65625,1961,0.0,0.0
2024-07-22 00:00:00+09:00,90859.6438819823,90859.6438819823,90038.8702245118,90367.1796875,1820,0.0,0.0
2024-07-23 00:00:00+09:00,90695.49167333181,90859.64640939214,89628.48588893967,89792.640625,1133,0.0,0.0
2024-07-24 00:00:00+09:00,89956.79637096774,90038.87373991936,89053.9453125,89053.9453125,1289,0.0,0.0
2024-07-25 00:00:00+09:00,87412.39668278192,88561.47983166357,87412.39668278192,88069.015625,2599,0.0,0.0
2024-07-26 00:00:00+09:00,88643.5643073694,89053.95117916277,87986.9453125,87986.9453125,3242,0.0,0.0
2024-07-29 00:00:00+09:00,89382.24464244455,89382.24464244455,87986.92952865065,88807.703125,3367,0.0,0.0
2024-07-30 00:00:00+09:00,88672.59632457387,90277.14806758997,88588.14623283617,89179.296875,2832,3040.0,0.0
2024-07-31 00:00:00+09:00,89432.6436615566,90023.79428066038,88672.59286556604,89517.09375,2087,0.0,0.0
2024-08-01 00:00:00+09:00,96610.90695829556,96610.90695829556,92219.50209655485,93148.453125,5481,0.0,0.0
2024-08-02 00:00:00+09:00,92979.54643704792,94415.19792608499,91712.79512319168,93401.796875,5144,0.0,0.0
2024-08-05 00:00:00+09:00,92979.55450496495,94077.40573890187,90361.6015625,90361.6015625,6783,0.0,0.0
2024-08-06 00:00:00+09:00,94330.74826156166,95850.8498450067,91797.24562248659,94499.6484375,6364,0.0,0.0
2024-08-07 00:00:00+09:00,95428.60449303742,98722.1580994343,94499.65347584856,97033.15625,6310,0.0,0.0
2024-08-08 00:00:00+09:00,97455.4014745671,98722.1527935606,97286.5012987013,97539.8515625,2659,0.0,0.0
2024-08-09 00:00:00+09:00,98131.00471798134,101340.10814249364,97286.50381679389,99566.65625,5836,0.0,0.0
2024-08-13 00:00:00+09:00,100664.50856937602,102860.2109375,99566.65738531403,102860.2109375,3902,0.0,0.0
2024-08-14 00:00:00+09:00,102860.20706076827,102860.20706076827,98891.05292952352,100580.0546875,4425,0.0,0.0
2024-08-15 00:00:00+09:00,100411.16659911087,100917.8671875,99228.86522620292,100917.8671875,1994,0.0,0.0
2024-08-16 00:00:00+09:00,100917.85846732365,101762.359375,100242.25774118258,101762.359375,1775,0.0,0.0
2024-08-19 00:00:00+09:00,101762.35898830746,102860.21016411493,99820.00690803272,100664.5078125,5049,0.0,0.0
2024-08-20 00:00:00+09:00,100748.96208942545,102606.86415645592,100580.06190151359,102522.4140625,3544,0.0,0.0
2024-08-21 00:00:00+09:00,102522.40363721026,103029.10414942053,101846.80295426324,102015.703125,2052,0.0,0.0
2024-08-22 00:00:00+09:00,102437.964439878,102437.964439878,101086.762930366,102100.1640625,1019,0.0,0.0
2024-08-23 00:00:00+09:00,102100.15321036837,102353.50346647351,101424.55252742136,102015.703125,1039,0.0,0.0
2024-08-26 00:00:00+09:00,102269.06103672629,105055.9140625,102184.61094503617,105055.9140625,4132,0.0,0.0
2024-08-27 00:00:00+09:00,105055.91478838582,107758.31774114173,104633.66432701772,107251.6171875,2641,0.0,0.0
2024-08-28 00:00:00+09:00,107673.86764886811,107927.21792568898,106660.46654158464,107251.6171875,2732,0.0,0.0
2024-08-29 00:00:00+09:00,107758.31553445576,107842.765625,106913.81462901332,107842.765625,1186,0.0,0.0
2024-08-30 00:00:00+09:00,107673.875,108265.0256862745,106576.02372549019,107673.875,3038,0.0,0.0
2024-09-02 00:00:00+09:00,108096.11423974256,108096.11423974256,104971.4609375,104971.4609375,3082,0.0,0.0
2024-09-03 00:00:00+09:00,104802.56903776251,104887.01913368335,102775.76673566236,104549.21875,2430,0.0,0.0
2024-09-04 00:00:00+09:00,103451.3598232582,104126.96054047132,102860.20919569672,103029.109375,1951,0.0,0.0
2024-09-05 00:00:00+09:00,103198.00910714285,104464.76044642857,102184.60803571428,103451.359375,1778,0.0,0.0
2024-09-06 00:00:00+09:00,103451.36286855036,103958.06342137592,102691.31203931203,103113.5625,985,0.0,0.0
2024-09-09 00:00:00+09:00,102606.86287159372,102775.76305739059,101593.46175681255,102269.0625,1454,0.0,0.0
2024-09-10 00:00:00+09:00,102775.75478626418,104887.00693881686,102775.75478626418,104211.40625,1499,0.0,0.0
2024-09-11 00:00:00+09:00,104295.86472956235,104295.86472956235,101846.81203550784,102269.0625,1795,0.0,0.0
2024-09-12 00:00:00+09:00,102184.60631876529,103958.058163967,102184.60631876529,103620.2578125,1055,0.0,0.0
2024-09-13 00:00:00+09:00,103704.71139104661,104464.76220743051,103198.01084679068,103282.4609375,1088,0.0,0.0
2024-09-17 00:00:00+09:00,103789.15887556491,103789.15887556491,101931.25692661258,102775.7578125,1411,0.0,0.0
2024-09-18 00:00:00+09:00,103958.06204490291,105900.41413834952,103704.71177184465,104380.3125,3154,0.0,0.0
2024-09-19 00:00:00+09:00,105562.61973775875,106491.57079145103,105393.71954617834,106069.3203125,2305,0.0,0.0
2024-09-20 00:00:00+09:00,106491.56241567078,110291.8164273323,106322.66223737471,109531.765625,4590,0.0,0.0
2024-09-24 00:00:00+09:00,109785.11634094427,110460.71705688853,108433.91490905572,109109.515625,2544,0.0,0.0
2024-09-25 00:00:00+09:00,109109.51994116513,109785.12068383487,108265.01901282794,109447.3203125,3882,0.0,0.0
2024-09-26 00:00:00+09:00,109700.66838545664,110629.61938795088,109531.76820318495,110038.46875,1887,0.0,0.0
2024-09-27 00:00:00+09:00,109447.32239862281,110545.17362638676,109447.32239862281,110376.2734375,1450,0.0,0.0
2024-09-30 00:00:00+09:00,109616.2161619582,109700.66625145123,107673.86410361841,109109.515625,4130,0.0,0.0
2024-10-01 00:00:00+09:00,109785.11110843606,110122.91145030817,109109.51042469183,109616.2109375,1207,0.0,0.0
2024-10-02 00:00:00+09:00,109025.07112442264,109700.671875,108349.47037384527,109700.671875,1906,0.0,0.0
2024-10-03 00:00:00+09:00,110376.27550621207,112234.17761878794,110038.47512210737,111305.2265625,2121,0.0,0.0
2024-10-04 00:00:00+09:00,112149.72783621337,113078.67889509766,112065.27773995115,112403.078125,1835,0.0,0.0
2024-10-07 00:00:00+09:00,113585.37818265248,113585.37818265248,111220.77551416603,112149.7265625,1966,0.0,0.0
2024-10-08 00:00:00+09:00,112149.71571213263,112318.61588639789,111643.01518933685,112065.265625,865,0.0,0.0
2024-10-09 00:00:00+09:00,112234.17665780308,112656.42713431852,111980.82637189383,112149.7265625,758,0.0,0.0
2024-10-10 00:00:00+09:00,112656.41623492842,112656.41623492842,111811.91536360211,112065.265625,592,0.0,0.0
2024-10-11 00:00:00+09:00,112149.71484667165,113163.11588444277,111896.36458722886,112909.765625,1086,0.0,0.0
2024-10-15 00:00:00+09:00,113332.01561319864,113332.01561319864,111811.9140625,111811.9140625,1089,0.0,0.0
2024-10-16 00:00:00+09:00,112994.22147362385,112994.22147362385,110207.36847763762,110460.71875,2102,0.0,0.0
2024-10-17 00:00:00+09:00,110798.51949280848,111727.47049465367,110038.46867311696,111558.5703125,907,0.0,0.0
2024-10-18 00:00:00+09:00,112318.6245318352,113669.82602996254,111896.37406367042,112740.875,1700,0.0,0.0
2024-10-21 00:00:00+09:00,112740.86501014918,112740.86501014918,111727.46397635007,111811.9140625,710,0.0,0.0
2024-10-22 00:00:00+09:00,111558.57604961832,111896.37643129771,109869.57414122137,110629.625,1665,0.0,0.0
2024-10-23 00:00:00+09:00,110460.7248091603,111051.87547709924,109700.67395038168,110629.625,1279,0.0,0.0
2024-10-24 00:00:00+09:00,110545.1744296578,112403.07652091255,110545.1744296578,111051.875,1388,0.0,0.0
2024-10-25 00:00:00+09:00,110882.97353158347,111474.12419016768,110460.72306116617,110798.5234375,1084,0.0,0.0
2024-10-28 00:00:00+09:00,110714.06423087792,112065.265625,110629.61414374529,112065.265625,583,0.0,0.0
2024-10-29 00:00:00+09:00,111474.12754524888,111980.828125,110882.97686887256,111980.828125,958,0.0,0.0
2024-10-30 00:00:00+09:00,111643.02132198703,111896.37159730168,110714.0703125,110714.0703125,1181,0.0,0.0
2024-10-31 00:00:00+09:00,110629.62324933309,111220.7739079173,110038.47259074886,110798.5234375,961,0.0,0.0
2024-11-01 00:00:00+09:00,111220.76127546649,112149.71220487433,110714.06076851675,110882.9609375,1266,0.0,0.0
2024-11-05 00:00:00+09:00,111980.81333060478,111980.81333060478,109362.86068109592,109616.2109375,1967,0.0,0.0
2024-11-06 00:00:00+09:00,109954.01994400843,111474.12160222052,109785.11975976265,110291.8203125,1187,0.0,0.0
2024-11-07 00:00:00+09:00,110629.62452471483,111051.875,110122.92395437263,111051.875,825,0.0,0.0
2024-11-08 00:00:00+09:00,111389.67013034633,111896.37067680735,111051.86976603899,111558.5703125,1106,0.0,0.0
2024-11-11 00:00:00+09:00,111727.4678591523,112571.96875,111389.6675028132,112571.96875,1427,0.0,0.0
2024-11-12 00:00:00+09:00,113838.7269011756,115021.02821914034,113332.02633633357,114936.578125,1891,0.0,0.0
2024-11-13 00:00:00+09:00,115021.03045374816,115105.48054952918,113923.17920859491,114345.4296875,1305,0.0,0.0
2024-11-14 00:00:00+09:00,114936.57075613015,114936.57075613015,113332.01907033555,114514.3203125,1470,0.0,0.0
2024-11-15 00:00:00+09:00,114514.32615225969,117723.4296875,114176.52578012912,117723.4296875,3692,0.0,0.0
2024-11-18 00:00:00+09:00,118230.12811822126,118230.12811822126,116034.42573888286,116794.4765625,1555,0.0,0.0
2024-11-19 00:00:00+09:00,117301.17830194978,118567.9296875,116625.57756298967,118567.9296875,1584,0.0,0.0
2024-11-20 00:00:00+09:00,118567.93131602113,120341.38328014966,118483.4812224912,119919.1328125,1679,0.0,0.0
2024-11-21 00:00:00+09:00,120594.73886138613,120932.5392503536,118821.28681930693,119412.4375,1241,0.0,0.0
2024-11-22 00:00:00+09:00,119834.68051419061,120510.28125,118990.17959442888,120510.28125,905,0.0,0.0
2024-11-25 00:00:00+09:00,120932.53299825176,121945.93411276225,120763.6328125,120763.6328125,1823,0.0,0.0
2024-11-26 00:00:00+09:00,120932.52473867596,121185.875,120088.02386759582,121185.875,1107,0.0,0.0
2024-11-27 00:00:00+09:00,121185.88198580939,121354.78216976173,119750.23042221443,120510.28125,1159,0.0,0.0
2024-11-28 00:00:00+09:00,120003.57292387544,122030.375,120003.57292387544,122030.375,1773,0.0,0.0
2024-11-29 00:00:00+09:00,122030.37888475756,123634.93057943604,121439.22826040233,122790.4296875,2104,0.0,0.0
2024-12-02 00:00:00+09:00,123381.57725933414,123888.27778195974,122537.07638829146,122705.9765625,1484,0.0,0.0
2024-12-03 00:00:00+09:00,123297.13631095467,123381.58640431832,121016.98379013564,122959.3359375,1847,0.0,0.0
2024-12-04 00:00:00+09:00,123297.13854382331,123972.73930296756,122199.28731021393,122368.1875,1716,0.0,0.0
2024-12-05 00:00:00+09:00,123381.57945409752,123381.57945409752,121777.027770574,122114.828125,1247,0.0,0.0
2024-12-06 00:00:00+09:00,122030.3802282401,122199.2804084868,120763.62887638986,121523.6796875,1659,0.0,0.0
2024-12-09 00:00:00+09:00,121523.67404089561,121692.57421329434,120172.47266170566,120932.5234375,2530,0.0,0.0
2024-12-10 00:00:00+09:00,120425.83418679972,120594.734375,119496.88315169819,120594.734375,1940,0.0,0.0
2024-12-11 00:00:00+09:00,119581.32334494774,121608.12543554007,118990.17273519163,121185.875,1496,0.0,0.0
2024-12-12 00:00:00+09:00,121945.9296875,122199.27995693387,120932.52860976454,121945.9296875,1553,0.0,0.0
2024-12-13 00:00:00+09:00,121692.58198814654,122621.53299568965,121523.68180495688,122452.6328125,2011,0.0,0.0
2024-12-16 00:00:00+09:00,122959.3428523714,127012.94756179024,122959.3428523714,126421.796875,4222,0.0,0.0
2024-12-17 00:00:00+09:00,126421.78388573232,128279.6858533249,125070.58245475589,125408.3828125,2206,0.0,0.0
2024-12-18 00:00:00+09:00,125830.63236831104,127266.28387855351,125661.73219063546,126252.8828125,1551,0.0,0.0
2024-12-19 00:00:00+09:00,126337.3353529603,129799.78906249999,124479.4333624756,129799.7890625,3339,0.0,0.0
2024-12-20 00:00:00+09:00,129461.98883556794,129715.33910726183,126759.5859375,126759.5859375,3310,0.0,0.0
2024-12-23 00:00:00+09:00,127604.09141031902,129799.79384358723,127435.19122314453,129715.34375,2221,0.0,0.0
2024-12-24 00:00:00+09:00,129715.34469200525,130813.19591661207,128870.84375,128870.84375,1607,0.0,0.0
2024-12-25 00:00:00+09:00,129208.640625,129293.09071691176,128110.78943014705,129208.640625,1298,0.0,0.0
2024-12-26 00:00:00+09:00,129799.78944556451,130982.0907157258,129293.08890120967,130897.640625,2315,0.0,0.0
2024-12-27 00:00:00+09:00,131573.25,133008.90163671374,130644.29894094994,131573.25,5003,0.0,0.0
2024-12-30 00:00:00+09:00,131995.4927252435,132417.74318181816,129377.53989448052,130053.140625,4906,0.0,0.0
2025-01-06 00:00:00+09:00,130306.4891526832,131995.49095634726,130222.0390625,130222.0390625,4471,0.0,0.0
2025-01-07 00:00:00+09:00,130982.0753775786,130982.0753775786,128955.27343750001,128955.2734375,5542,0.0,0.0
2025-01-08 00:00:00+09:00,129039.7290971295,129039.7290971295,126337.3263935247,126506.2265625,5290,0.0,0.0
2025-01-09 00:00:00+09:00,126506.23703524563,126506.23703524563,125408.3858460212,125492.8359375,3373,0.0,0.0
2025-01-10 00:00:00+09:00,125492.83610991378,125577.28620150861,121692.58198814654,122452.6328125,4925,0.0,0.0
2025-01-14 00:00:00+09:00,122705.97699952521,123212.67752395546,122114.82638768993,122283.7265625,3854,0.0,0.0
2025-01-15 00:00:00+09:00,123212.6851402611,123212.6851402611,119074.63060162314,119665.78125,4630,0.0,0.0
2025-01-16 00:00:00+09:00,120003.58069814296,120932.53170988087,119919.13060616679,120510.28125,1681,0.0,0.0
2025-01-17 00:00:00+09:00,119919.13210634864,120003.58219938127,117385.62931536944,117723.4296875,4031,0.0,0.0
2025-01-20 00:00:00+09:00,117807.88106209735,118483.48181370794,117470.08068629206,117976.78125,2097,0.0,0.0
2025-01-21 00:00:00+09:00,118399.02692462447,119243.52782993563,117807.87629090666,118061.2265625,2348,0.0,0.0
2025-01-22 00:00:00+09:00,119327.97792046674,119327.97792046674,117807.87629090666,118061.2265625,2800,0.0,0.0
2025-01-23 00:00:00+09:00,118652.37239769478,118736.82248481059,117216.72091672623,118145.671875,3713,0.0,0.0
2025-01-24 00:00:00+09:00,118567.93319196427,120003.58480468749,118230.1328125,118230.1328125,3926,0.0,0.0
2025-01-27 00:00:00+09:00,119665.7877917256,121016.98934759547,119074.63711103253,119412.4375,4912,0.0,0.0
2025-01-28 00:00:00+09:00,120510.2725621036,120594.72264799154,119159.0711878964,119834.671875,5283,0.0,0.0
2025-01-29 00:00:00+09:00,119919.12625780709,121777.02821391396,119919.12625780709,121692.578125,7042,0.0,0.0
2025-01-30 00:00:00+09:00,118717.8161,118899.4807,112268.7228,113540.375,20535,10125.0,0.0
2025-01-31 00:00:00+09:00,114357.87045784884,118081.9949127907,113631.21202761628,117173.671875,7671,0.0,0.0
2025-02-03 00:00:00+09:00,118081.9960147745,118263.660624028,116356.18222686625,116810.34375,5199,0.0,0.0
2025-02-04 00:00:00+09:00,117264.50748239436,117991.16593309859,115357.02904929577,116083.6875,4706,0.0,0.0
2025-02-05 00:00:00+09:00,116083.6875,116265.35211267606,115266.19674295775,116083.6875,3549,0.0,0.0
2025-02-06 00:00:00+09:00,116356.18576250994,116719.5149920572,114357.875,114357.875,3379,0.0,0.0
2025-02-07 00:00:00+09:00,114993.6982524174,114993.6982524174,112722.890625,112722.890625,3473,0.0,0.0
2025-02-10 00:00:00+09:00,112359.56160787112,112722.89082891516,111178.74163947797,111360.40625,3398,0.0,0.0
2025-02-12 00:00:00+09:00,110815.4088010204,111905.39642857143,110724.57649872449,111269.5703125,1868,0.0,0.0
2025-02-13 00:00:00+09:00,111723.73635812449,112359.5625,111269.57482821342,112359.5625,1789,0.0,0.0
2025-02-14 00:00:00+09:00,112541.23074641559,113358.7215266559,111814.57227509088,112450.3984375,1246,0.0,0.0
2025-02-17 00:00:00+09:00,112541.23074641559,113540.38614448709,112268.73381966882,112450.3984375,1336,0.0,0.0
2025-02-18 00:00:00+09:00,113267.88151573998,113267.88151573998,110997.07394726083,111087.90625,1704,0.0,0.0
2025-02-19 00:00:00+09:00,112087.06212889025,112177.89443207411,110815.40988431613,110906.2421875,1295,0.0,0.0
2025-02-20 00:00:00+09:00,111451.23965578969,111451.23965578969,110452.08428805237,110997.078125,1619,0.0,0.0
2025-02-21 00:00:00+09:00,110361.25164779778,110452.08395368073,109452.92858896816,109816.2578125,2403,0.0,0.0
2025-02-25 00:00:00+09:00,108998.76237623762,110542.91150990098,108998.76237623762,110088.75,2663,0.0,0.0
2025-02-26 00:00:00+09:00,109725.42025329488,110997.07247477348,108817.09723795304,110270.4140625,2627,0.0,0.0
2025-02-27 00:00:00+09:00,110270.41858686786,111360.40625,109634.59245004077,111360.40625,1905,0.0,0.0
2025-02-28 00:00:00+09:00,110724.57665934917,111360.40277634298,109543.75672778925,109907.0859375,1538,0.0,0.0
2025-03-03 00:00:00+09:00,110997.07301980197,110997.07301980197,109816.2530940594,110088.75,934,0.0,0.0
2025-03-04 00:00:00+09:00,110088.75383451587,110179.58613965986,108635.43695221203,108817.1015625,1969,0.0,0.0
2025-03-05 00:00:00+09:00,108998.76144879268,109271.25835241465,108453.76764154871,109089.59375,1201,0.0,0.0
2025-03-06 00:00:00+09:00,108998.76198915763,109725.42040241869,108635.43278252712,108907.9296875,1229,0.0,0.0
2025-03-07 00:00:00+09:00,108907.92874710647,109180.42564972643,107908.7734375,107908.7734375,1857,0.0,0.0
2025-03-10 00:00:00+09:00,108907.92561313292,108907.92561313292,107363.77654272152,107636.2734375,1903,0.0,0.0
2025-03-11 00:00:00+09:00,107000.45042876684,107908.7734375,106455.45662352693,107908.7734375,1931,0.0,0.0
2025-03-12 00:00:00+09:00,107908.78265977443,109089.6026720447,107727.11804250209,108726.2734375,1999,0.0,0.0
2025-03-13 00:00:00+09:00,109180.42443817316,109907.08283709611,108998.75983844242,109634.5859375,1081,0.0,0.0
2025-03-14 00:00:00+09:00,110361.25054745466,110452.08285243198,109543.7598026587,110179.5859375,1368,0.0,0.0
2025-03-17 00:00:00+09:00,108544.60478690865,111723.73547104404,107908.77865008156,111360.40625,2086,0.0,0.0
2025-03-18 00:00:00+09:00,111723.73364825582,113540.3797238372,110997.07521802325,113267.8828125,2558,0.0,0.0
2025-03-19 00:00:00+09:00,113358.70933014354,114267.03232157098,112904.54783442983,113903.703125,2384,0.0,0.0
2025-03-21 00:00:00+09:00,114085.3688,114176.2011,112813.7166,113540.375,1349,0.0,0.0
2025-03-24 00:00:00+09:00,113540.38838930843,114448.7114964229,112995.39452503974,114267.046875,1904,0.0,0.0
2025-03-25 00:00:00+09:00,114448.70841633466,114902.86995766932,113631.21764193226,113994.546875,1292,0.0,0.0
2025-03-26 00:00:00+09:00,114630.36355075338,114630.36355075338,113631.2082424663,114539.53125,1035,0.0,0.0
2025-03-27 00:00:00+09:00,113994.53944449921,115175.359375,113994.53944449921,115175.359375,1238,0.0,0.0
2025-03-28 00:00:00+09:00,115084.52707265379,115175.359375,114357.86865388407,115175.359375,925,0.0,0.0
2025-03-31 00:00:00+09:00,114085.36522487845,114085.36522487845,112087.0546875,112087.0546875,2152,0.0,0.0
2025-04-01 00:00:00+09:00,113086.21929681215,113449.54851543644,112359.56085956356,112904.5546875,1105,0.0,0.0
2025-04-02 00:00:00+09:00,112904.55268380867,112904.55268380867,111542.06813814725,112268.7265625,841,0.0,0.0
2025-04-03 00:00:00+09:00,109089.60077996716,110724.58230706076,109089.60077996716,110633.75,2211,0.0,0.0
2025-04-04 00:00:00+09:00,108998.7579113924,109634.58399920886,106364.62126186708,107636.2734375,3821,0.0,0.0
2025-04-07 00:00:00+09:00,100823.85093167702,104457.14285714286,99188.86956521739,102368.0,5834,0.0,0.0
2025-04-08 00:00:00+09:00,105092.97529363308,108090.44131324404,105092.97529363308,106818.7890625,2525,0.0,0.0
2025-04-09 00:00:00+09:00,106273.79432671673,106273.79432671673,104729.64517837983,105819.6328125,2028,0.0,0.0
2025-04-10 00:00:00+09:00,109907.08720350546,109907.08720350546,107272.95040276028,108181.2734375,2307,0.0,0.0
2025-04-11 00:00:00+09:00,108090.43696256292,108635.43076237416,106364.62326316065,108272.1015625,1650,0.0,0.0
2025-04-14 00:00:00+09:00,109997.91526190226,109997.91526190226,108272.1015625,108272.1015625,941,0.0,0.0
2025-04-15 00:00:00+09:00,108998.7621410473,108998.7621410473,107182.11610536318,107545.4453125,1423,0.0,0.0
2025-04-16 00:00:00+09:00,106909.61505142406,107999.60263053798,106727.95045490506,107636.2734375,1010,0.0,0.0
2025-04-17 00:00:00+09:00,107999.61379742115,107999.61379742115,106182.96764439471,106546.296875,1102,0.0,0.0
2025-04-18 00:00:00+09:00,106727.96149030264,107817.9491821185,106364.63225969736,106546.296875,890,0.0,0.0
2025-04-21 00:00:00+09:00,106182.95676415598,107182.11204594017,105637.96297409188,106273.7890625,1127,0.0,0.0
2025-04-22 00:00:00+09:00,106273.7979738422,106637.1271976844,105456.30722019725,105910.46875,1356,0.0,0.0
2025-04-23 00:00:00+09:00,106727.95621551358,107636.27924713497,106364.62700286502,107000.453125,1221,0.0,0.0
2025-04-24 00:00:00+09:00,107636.28400930851,107636.28400930851,106546.2963231383,106727.9609375,873,0.0,0.0
2025-04-25 00:00:00+09:00,107182.12027155537,107454.6171875,106364.62952372147,107454.6171875,816,0.0,0.0
2025-04-28 00:00:00+09:00,107636.27961665617,108635.43495486985,107636.27961665617,108181.2734375,1050,0.0,0.0
2025-04-30 00:00:00+09:00,108907.93061079546,109997.91823992769,108362.93679622935,109907.0859375,906,0.0,0.0
2025-05-01 00:00:00+09:00,110361.25394121237,111632.90625,110179.58932567129,111632.90625,1354,0.0,0.0
2025-05-02 00:00:00+09:00,111905.390625,112359.55211292613,110997.06764914772,111905.390625,1325,0.0,0.0
2025-05-07 00:00:00+09:00,112359.56160787112,112359.56160787112,111360.40625,111360.40625,1318,0.0,0.0
2025-05-08 00:00:00+09:00,111814.56521933865,111814.56521933865,110270.41606521294,110906.2421875,1149,0.0,0.0
2025-05-09 00:00:00+09:00,110815.41187398208,111542.0703125,110452.08265472313,111542.0703125,801,0.0,0.0
2025-05-12 00:00:00+09:00,111632.90405214227,112359.5625,111269.57482821342,112359.5625,845,0.0,0.0
2025-05-13 00:00:00+09:00,112359.5563058489,112359.5563058489,111360.40099512592,111814.5625,965,0.0,0.0
2025-05-14 00:00:00+09:00,111178.74611268175,112632.06305533118,111178.74611268175,112450.3984375,763,0.0,0.0
2025-05-15 00:00:00+09:00,112450.39701993491,112450.39701993491,110906.24778783564,111632.90625,997,0.0,0.0
2025-05-16 00:00:00+09:00,111632.90537766831,111905.40229885057,110179.58846469622,110633.75,1001,0.0,0.0
2025-05-19 00:00:00+09:00,110724.578125,111269.57194678015,110270.41660684987,110724.578125,856,0.0,0.0
2025-05-20 00:00:00+09:00,111178.74129225062,111360.40590220528,110088.75363252267,110179.5859375,633,0.0,0.0
2025-05-21 00:00:00+09:00,109907.0864807533,110452.08029801324,109725.421875,109725.421875,591,0.0,0.0
2025-05-22 00:00:00+09:00,109452.92714843749,109816.2563671875,108817.101015625,108998.765625,933,0.0,0.0
2025-05-23 00:00:00+09:00,108544.60464706803,109543.76000365193,108544.60464706803,108817.1015625,1147,0.0,0.0
2025-05-26 00:00:00+09:00,109089.59936543631,109907.09011838297,108998.76705955336,109816.2578125,502,0.0,0.0
2025-05-27 00:00:00+09:00,110542.91297476453,110906.2421875,110179.58376202907,110906.2421875,431,0.0,0.0
2025-05-28 00:00:00+09:00,111178.74143835616,112722.890625,110633.74760777598,112722.890625,1734,0.0,0.0
2025-05-29 00:00:00+09:00,112359.56195142253,113086.22039573245,111814.56811819007,112541.2265625,1398,0.0,0.0
2025-05-30 00:00:00+09:00,112450.39024234694,112632.05484693877,111087.90570790815,111269.5703125,2137,0.0,0.0
2025-06-02 00:00:00+09:00,110997.07503589008,111087.9073395201,110179.58430321986,110724.578125,1635,0.0,0.0
2025-06-03 00:00:00+09:00,110633.74691358025,110633.74691358025,110270.41769547325,110361.25,817,0.0,0.0
2025-06-04 00:00:00+09:00,110542.9146090535,110815.41152263375,110270.41769547325,110361.25,1098,0.0,0.0
2025-06-05 00:00:00+09:00,110452.0743902439,111723.7265625,110361.2420922256,111723.7265625,1147,0.0,0.0
2025-06-06 00:00:00+09:00,111632.9060113545,113267.8875477291,111632.9060113545,112995.390625,1326,0.0,0.0
2025-06-09 00:00:00+09:00,113449.54323793069,114539.53084309897,113358.7109375,113358.7109375,1526,0.0,0.0
2025-06-10 00:00:00+09:00,114448.70786097852,114902.86940010938,113722.04939836914,114176.2109375,815,0.0,0.0
2025-06-11 00:00:00+09:00,114176.20566932448,114721.19949113509,114085.37336568937,114630.3671875,1123,0.0,0.0
2025-06-12 00:00:00+09:00,114448.69787549408,114902.859375,114267.0332756917,114902.859375,962,0.0,0.0
2025-06-13 00:00:00+09:00,114902.86045301349,114902.86045301349,113994.53744547979,114539.53125,1944,0.0,0.0
2025-06-16 00:00:00+09:00,114539.53652468152,115357.02726910828,113540.38117038216,114085.375,1499,0.0,0.0
2025-06-17 00:00:00+09:00,114357.87313842773,116265.3515625,114267.04083251953,116265.3515625,1552,0.0,0.0
2025-06-18 00:00:00+09:00,116265.34738485559,116810.3412007221,115629.52126634466,116356.1796875,1684,0.0,0.0
2025-06-19 00:00:00+09:00,116356.17646099189,117446.1640625,116356.17646099189,117446.1640625,1212,0.0,0.0
2025-06-20 00:00:00+09:00,117446.16860632184,118536.15625,117173.6716954023,118536.15625,1125,0.0,0.0
2025-06-23 00:00:00+09:00,117991.16659077838,118717.82504553297,117627.83736340106,118445.328125,789,0.0,0.0
2025-06-24 00:00:00+09:00,118899.49021337366,118990.32252064133,118081.99944796467,118263.6640625,542,0.0,0.0
2025-06-25 00:00:00+09:00,118263.6640625,118445.32867703533,117355.34098982335,118263.6640625,864,0.0,0.0
2025-06-26 00:00:00+09:00,118536.15625,118990.31776819924,117718.66551724139,118536.15625,1571,0.0,0.0
2025-06-27 00:00:00+09:00,118899.48546455939,118990.31776819924,118081.99473180078,118536.15625,908,0.0,0.0
2025-06-30 00:00:00+09:00,118899.48127632082,119171.97817764165,118172.82287279861,118626.984375,1470,0.0,0.0
2025-07-01 00:00:00+09:00,118263.65530596438,118263.65530596438,117082.83539891557,117264.5,1556,0.0,0.0
2025-07-02 00:00:00+09:00,116719.51309204102,116901.17770385742,116083.6869506836,116265.3515625,1359,0.0,0.0
2025-07-03 00:00:00+09:00,116265.34755134281,116447.01215689178,114539.53379862757,114993.6953125,2831,0.0,0.0
2025-07-04 00:00:00+09:00,115266.1958612865,115447.86047257301,114812.03433307025,115084.53125,1956,0.0,0.0
2025-07-07 00:00:00+09:00,115266.19098370623,116719.5078125,114902.86177650778,116719.5078125,1803,0.0,0.0
2025-07-08 00:00:00+09:00,117173.67150792874,117173.67150792874,115992.8515625,115992.8515625,1391,0.0,0.0
2025-07-09 00:00:00+09:00,115992.8493981031,117082.83701969845,115992.8493981031,116719.5078125,1297,0.0,0.0
2025-07-10 00:00:00+09:00,116810.33434113777,117355.328125,116447.00515189627,117355.328125,803,0.0,0.0
2025-07-11 00:00:00+09:00,117446.16860632184,118536.15625,117355.336302682,118536.15625,1526,0.0,0.0
2025-07-14 00:00:00+09:00,118354.49164272031,118717.8208572797,117446.16860632184,118536.15625,1789,0.0,0.0
2025-07-15 00:00:00+09:00,118717.82250168399,118990.31941637798,117991.1640625,117991.1640625,2081,0.0,0.0
2025-07-16 00:00:00+09:00,117809.50362938175,118263.66516997304,117355.34208879045,117900.3359375,1640,0.0,0.0
2025-07-17 00:00:00+09:00,118081.99057235834,118626.984375,117900.3259714778,118626.984375,895,0.0,0.0
2025-07-18 00:00:00+09:00,118626.984375,119444.47507896248,118536.15207455972,118626.984375,1585,0.0,0.0
2025-07-22 00:00:00+09:00,118626.984375,118990.3135767611,118172.82287279861,118626.984375,1257,0.0,0.0
2025-07-23 00:00:00+09:00,118626.98330152672,119444.4739980916,118626.98330152672,118990.3125,1413,0.0,0.0
2025-07-24 00:00:00+09:00,119262.80993764334,119444.47453770068,118717.81613747132,118808.6484375,1286,0.0,0.0
2025-07-25 00:00:00+09:00,118899.484375,119262.81358622995,118899.484375,118899.484375,1116,0.0,0.0
2025-07-28 00:00:00+09:00,119807.81724330357,120352.81110491071,119262.82338169642,119535.3203125,3331,0.0,0.0
2025-07-29 00:00:00+09:00,120806.96710095434,121351.9609375,120080.3086522268,121351.9609375,3930,0.0,0.0
2025-07-30 00:00:00+09:00,121546.08912300684,125485.08275199318,121546.08912300684,123515.5859375,6426,4207.0,0.0
2025-07-31 00:00:00+09:00,122859.08619219105,124547.22630780895,122483.94394427596,123703.15625,1977,0.0,0.0
2025-08-01 00:00:00+09:00,124172.0851244344,124359.65625,122952.87280825792,124359.65625,1714,0.0,0.0
2025-08-04 00:00:00+09:00,123703.15974786931,124265.87313565341,123421.80305397727,123796.9453125,1732,0.0,0.0
2025-08-05 00:00:00+09:00,123796.94473140496,124922.37150169046,123796.94473140496,124828.5859375,1271,0.0,0.0
2025-08-06 00:00:00+09:00,124828.58374930349,126798.0805627786,124828.58374930349,126235.3671875,2072,0.0,0.0
2025-08-07 00:00:00+09:00,126422.9442813199,126704.30098224273,125766.4453125,125766.4453125,1140,0.0,0.0
2025-08-08 00:00:00+09:00,125672.65519504876,125672.65519504876,124828.58512284321,125016.15625,1301,0.0,0.0
2025-08-12 00:00:00+09:00,125391.29471384986,126891.86368574334,124641.01022790311,126798.078125,1908,0.0,0.0
2025-08-13 00:00:00+09:00,127079.43831416297,127173.22387749446,126516.72493417405,126891.8671875,1158,0.0,0.0
2025-08-14 00:00:00+09:00,126422.94122790868,127454.58243970913,126047.79896907216,127360.796875,971,0.0,0.0
2025-08-15 00:00:00+09:00,127454.57438316401,129424.07111756169,127454.57438316401,129236.5,1609,0.0,0.0
2025-08-18 00:00:00+09:00,129236.50561961593,131299.78800251256,128955.14893103912,130643.2890625,2536,0.0,0.0
2025-08-19 00:00:00+09:00,130361.93400152988,130643.2906936195,129799.22061735061,130268.1484375,939,0.0,0.0
2025-08-20 00:00:00+09:00,130268.13711838076,130830.85045366535,129424.0671154539,130174.3515625,1775,0.0,0.0
2025-08-21 00:00:00+09:00,130174.36391923352,131299.79069663325,129799.22166010029,130924.6484375,1579,0.0,0.0
2025-08-22 00:00:00+09:00,131206.0,131206.0,130455.71551107935,131206.0,953,0.0,0.0
2025-08-25 00:00:00+09:00,131299.7850177305,132237.640625,131112.2138962766,132237.640625,1306,0.0,0.0
2025-08-26 00:00:00+09:00,132143.85642783644,132518.99867461526,131018.4296875,131018.4296875,908,0.0,0.0
2025-08-27 00:00:00+09:00,132519.00535147992,133081.71875,131581.14968727977,133081.71875,1338,0.0,0.0
2025-08-28 00:00:00+09:00,133175.50431642003,134394.7166798802,132800.36205073996,133081.71875,2688,0.0,0.0
2025-08-29 00:00:00+09:00,133081.7160685911,133363.0727621822,131956.28929422668,132800.359375,1138,0.0,0.0
2025-09-01 00:00:00+09:00,132800.35427158274,132894.13983250898,130268.14412657374,130361.9296875,1593,0.0,0.0
2025-09-02 00:00:00+09:00,130361.93504880015,130924.6484375,129517.86496575037,130924.6484375,1176,0.0,0.0
2025-09-03 00:00:00+09:00,129892.99862468043,129986.7841832542,127735.93077748358,128392.4296875,1917,0.0,0.0
2025-09-04 00:00:00+09:00,127923.50431034483,128486.2176724138,127079.43426724139,127829.71875,1674,0.0,0.0
2025-09-05 00:00:00+09:00,127642.15087638376,127923.50756457564,126235.36743542436,127079.4375,1997,0.0,0.0
2025-09-08 00:00:00+09:00,127267.00592871672,127642.14817169009,126798.078125,126798.078125,811,0.0,0.0
2025-09-09 00:00:00+09:00,126891.86368574334,127642.14817169009,126047.79363905326,126798.078125,770,0.0,0.0
2025-09-10 00:00:00+09:00,126798.08302238805,126985.6541511194,125203.72842817163,125672.65625,1576,0.0,0.0
2025-09-11 00:00:00+09:00,125485.08430747018,126798.08220007451,125297.51317995529,125860.2265625,941,0.0,0.0
2025-09-12 00:00:00+09:00,126891.86800286824,127079.43913073649,125954.01236352701,126704.296875,1056,0.0,0.0
2025-09-16 00:00:00+09:00,126891.8647557947,127454.578125,126141.58026352097,127454.578125,1288,0.0,0.0
2025-09-17 00:00:00+09:00,127642.15476468937,127642.15476468937,125109.94449382485,125297.515625,1700,0.0,0.0
2025-09-18 00:00:00+09:00,125297.51788417864,125485.0890187358,123890.734375,123890.734375,2571,0.0,0.0
2025-09-19 00:00:00+09:00,124078.29388944508,124359.65056493135,122577.72495351831,122952.8671875,2040,0.0,0.0
2025-09-22 00:00:00+09:00,122859.09210901827,124078.3044734589,122765.30654252283,123234.234375,1197,0.0,0.0
2025-09-24 00:00:00+09:00,123328.01456183105,123328.01456183105,122015.01668816897,122671.515625,1287,0.0,0.0
2025-09-25 00:00:00+09:00,122296.36907944997,122765.296875,122108.79796122995,122765.296875,1052,0.0,0.0
2025-09-26 00:00:00+09:00,122765.30118740443,122859.08674980888,122108.8022505734,122671.515625,1166,0.0,0.0
2025-09-29 00:00:00+09:00,122671.51676710731,122671.51676710731,120608.234375,120608.234375,1536,0.0,0.0
2025-09-30 00:00:00+09:00,120608.23006507382,120795.80118492618,119764.16002573815,120702.015625,1779,0.0,0.0
2025-10-01 00:00:00+09:00,120889.59683937697,120889.59683937697,118357.38650992532,119295.2421875,2308,0.0,0.0
2025-10-02 00:00:00+09:00,119201.45230876865,120795.80690298507,118544.95335820895,119389.0234375,3046,0.0,0.0
2025-10-03 00:00:00+09:00,119951.73600490196,120514.4493872549,119389.02262254902,119576.59375,624,0.0,0.0
2025-10-06 00:00:00+09:00,119670.38404605263,121358.52425986843,119670.38404605263,121170.953125,1468,0.0,0.0
2025-10-07 00:00:00+09:00,121733.66031395576,121733.66031395576,120702.01912485443,120795.8046875,1604,0.0,0.0
2025-10-08 00:00:00+09:00,121358.51946078432,121358.51946078432,119576.59375,119576.59375,1249,0.0,0.0
2025-10-09 00:00:00+09:00,119857.94962558731,120139.30631484925,119107.6651208888,119764.1640625,913,0.0,0.0
2025-10-10 00:00:00+09:00,119389.0180482932,119857.94584895422,118544.94800710339,118826.3046875,1840,0.0,0.0
2025-10-14 00:00:00+09:00,118169.80657114624,118920.09105731225,117794.66432806324,118638.734375,1131,0.0,0.0
2025-10-15 00:00:00+09:00,118638.73915269111,120514.45044364274,118638.73915269111,120233.09375,674,0.0,0.0
2025-10-16 00:00:00+09:00,120608.23485429448,122296.375,120608.23485429448,122296.375,959,0.0,0.0
2025-10-17 00:00:00+09:00,122671.51889423077,122671.51889423077,121546.09211538461,121921.234375,668,0.0,0.0
2025-10-20 00:00:00+09:00,121921.23519356702,122015.02075910053,121358.52180036594,121733.6640625,1018,0.0,0.0
2025-10-21 00:00:00+09:00,121827.44799467166,122483.94694460445,121546.09130184332,122108.8046875,701,0.0,0.0
2025-10-22 00:00:00+09:00,122015.01588144084,123421.79930820611,121921.23031965649,122859.0859375,1199,0.0,0.0
2025-10-23 00:00:00+09:00,123234.2319247159,123796.9453125,122765.30410156249,123796.9453125,971,0.0,0.0
2025-10-24 00:00:00+09:00,123421.79849466463,124172.08298399391,123046.65625,123046.65625,1288,0.0,0.0
2025-10-27 00:00:00+09:00,123140.44820754716,124453.44613207546,123140.44820754716,124265.875,779,0.0,0.0
2025-10-28 00:00:00+09:00,124359.6551838514,124734.79743176648,123421.79956406368,123703.15625,944,0.0,0.0
2025-10-29 00:00:00+09:00,123890.73334046804,124078.3044734589,122577.73540953196,123234.234375,1311,0.0,0.0
2025-10-30 00:00:00+09:00,122859.08619219105,123984.5129359363,122671.51506823351,123703.15625,877,0.0,0.0
2025-10-31 00:00:00+09:00,124078.29931306948,124453.44156344913,122859.08699933562,123515.5859375,1567,0.0,0.0
2025-11-04 00:00:00+09:00,123796.94613050076,123796.94613050076,122577.73378224584,123609.375,658,0.0,0.0
2025-11-05 00:00:00+09:00,123703.15650296498,124547.2265625,122577.72975691828,124547.2265625,1205,0.0,0.0
2025-11-06 00:00:00+09:00,124641.00969827587,125109.9375,124641.00969827587,125109.9375,590,0.0,0.0
2025-11-07 00:00:00+09:00,125109.9391212406,125860.2236137218,124734.796875,124734.796875,857,0.0,0.0
2025-11-10 00:00:00+09:00,124547.2311002994,126047.80014970059,124547.2311002994,125297.515625,860,0.0,0.0
2025-11-11 00:00:00+09:00,125391.29577124724,127454.578125,125391.29577124724,127454.578125,1174,0.0,0.0
2025-11-12 00:00:00+09:00,127548.36800441827,128204.86695738218,127360.796875,127360.796875,759,0.0,0.0
2025-11-13 00:00:00+09:00,127454.58220788547,127829.72446603965,126329.1554334229,126516.7265625,1529,0.0,0.0
2025-11-14 00:00:00+09:00,125860.22924024164,126704.29933201673,125860.22924024164,126141.5859375,802,0.0,0.0
2025-11-17 00:00:00+09:00,125485.08570823928,125485.08570823928,123140.44658813017,124641.015625,2185,0.0,0.0
2025-11-18 00:00:00+09:00,124265.87685032895,124359.66241776316,121170.953125,121170.953125,2442,0.0,0.0
2025-11-19 00:00:00+09:00,120795.8044370602,121452.30337421814,119764.16325009773,119951.734375,2532,0.0,0.0
2025-11-20 00:00:00+09:00,120326.88095412754,120983.37991490611,119857.953125,119857.953125,1030,0.0,0.0
2025-11-21 00:00:00+09:00,120139.30818545242,120795.80713728549,119764.16592726209,120233.09375,1397,0.0,0.0
2025-11-25 00:00:00+09:00,120420.65894522144,121358.51454448329,120326.87338529526,120702.015625,788,0.0,0.0
2025-11-26 00:00:00+09:00,120889.59397269838,121733.6640625,120326.8805794973,121733.6640625,846,0.0,0.0
2025-11-27 00:00:00+09:00,122015.02240509081,122108.8079718895,121077.16673710395,121358.5234375,1270,0.0,0.0
2025-11-28 00:00:00+09:00,121546.09165366614,121546.09165366614,120139.30818545242,120233.09375,1346,0.0,0.0
2025-12-01 00:00:00+09:00,120795.80392545598,120795.80392545598,118263.59375,118263.59375,2017,0.0,0.0
2025-12-02 00:00:00+09:00,118263.59293967736,118544.94962391132,117888.45069403207,118451.1640625,1664,0.0,0.0
2025-12-03 00:00:00+09:00,118169.80737826604,118544.94962391132,117325.73732556413,118451.1640625,1535,0.0,0.0
2025-12-04 00:00:00+09:00,118451.16568829428,118826.30793908855,118076.0234375,118076.0234375,1096,0.0,0.0
2025-12-05 00:00:00+09:00,118076.03022663739,118544.95806709265,117419.53125,117419.53125,823,0.0,0.0
2025-12-08 00:00:00+09:00,117419.52449861,118544.95125099285,117325.73893591143,118076.0234375,1120,0.0,0.0
2025-12-09 00:00:00+09:00,118076.02693452382,118169.8125,117231.9568452381,118169.8125,765,0.0,0.0
2025-12-10 00:00:00+09:00,118169.80924684541,119482.80712736593,118076.02368395109,118920.09375,1238,0.0,0.0
2025-12-11 00:00:00+09:00,119764.16110424901,119857.94666501976,118357.37769268775,118638.734375,1099,0.0,0.0
2025-12-12 00:00:00+09:00,119107.66941369514,119951.73951190243,118920.09828076018,119670.3828125,1491,0.0,0.0
2025-12-15 00:00:00+09:00,119107.67023155416,120233.09703689168,118544.95682888539,119482.8125,1360,0.0,0.0
2025-12-16 00:00:00+09:00,119482.80523802455,119764.16192225851,118263.59293967736,118451.1640625,1136,0.0,0.0
2025-12-17 00:00:00+09:00,118451.16625976562,118451.16625976562,117044.3828125,117044.3828125,1809,0.0,0.0
2025-12-18 00:00:00+09:00,117044.38815789473,117607.1015625,116856.81702302632,117607.1015625,931,0.0,0.0
2025-12-19 00:00:00+09:00,117607.09771455223,120420.66464552238,117419.52658582089,119389.0234375,2761,0.0,0.0
2025-12-22 00:00:00+09:00,119389.0204946471,119857.94830491673,118169.80818794607,118263.59375,931,0.0,0.0
2025-12-23 00:00:00+09:00,118263.59724767235,118732.52507181063,118169.8116828447,118357.3828125,822,0.0,0.0
2025-12-24 00:00:00+09:00,118732.52262421136,119389.02156447161,118357.38037263406,118920.09375,1221,0.0,0.0
2025-12-25 00:00:00+09:00,118920.09480392157,119576.59375,118920.09480392157,119576.59375,910,0.0,0.0
2025-12-26 00:00:00+09:00,119576.59375,119857.95044117646,119107.66593137255,119576.59375,1770,0.0,0.0
2025-12-29 00:00:00+09:00,119857.95208005508,119951.73764506294,119107.66755999213,119201.453125,2436,0.0,0.0
2025-12-30 00:00:00+09:00,119201.45661974253,119482.81332301494,118826.31434871267,119295.2421875,1533,0.0,0.0
2026-01-05 00:00:00+09:00,119670.38072008717,119670.38072008717,118169.8116828447,118357.3828125,4719,0.0,0.0
2026-01-06 00:00:00+09:00,118638.73599821569,118732.52156026963,118076.02262589215,118263.59375,3124,0.0,0.0
2026-01-07 00:00:00+09:00,118544.95846456692,119670.38528543308,118263.6017593504,119107.671875,3962,0.0,0.0
2026-01-08 00:00:00+09:00,119764.17002628735,119764.17002628735,119013.8854842276,119295.2421875,3063,0.0,0.0
2026-01-09 00:00:00+09:00,119670.3811767578,120045.5234375,119201.45335083007,120045.5234375,2301,0.0,0.0
2026-01-13 00:00:00+09:00,120514.45090144231,121921.234375,119857.95194711538,121921.234375,2616,0.0,0.0
2026-01-14 00:00:00+09:00,121921.23168851195,122202.5883770239,121452.30387432536,121639.875,2818,0.0,0.0
2026-01-15 00:00:00+09:00,122015.01481556984,122202.5859375,121264.73032784919,122202.5859375,2133,0.0,0.0
2026-01-16 00:00:00+09:00,122202.59106971153,122296.37663461539,121639.87768028845,121921.234375,2979,0.0,0.0
2026-01-19 00:00:00+09:00,121921.23766447368,121921.23766447368,120889.59642269737,121170.953125,3388,0.0,0.0
2026-01-20 00:00:00+09:00,121264.73413770444,121264.73413770444,120139.3073707652,120420.6640625,2986,0.0,0.0
2026-01-21 00:00:00+09:00,120139.31064483739,120139.31064483739,119201.45498016261,119670.3828125,2544,0.0,0.0
2026-01-22 00:00:00+09:00,120233.09024931694,120514.44693476775,119857.94800204918,120139.3046875,1853,0.0,0.0
2026-01-23 00:00:00+09:00,120233.09024931694,120608.2324965847,120045.51912568306,120139.3046875,2551,0.0,0.0
2026-01-26 00:00:00+09:00,119951.73951190243,119951.73951190243,119295.2405466301,119670.3828125,1350,0.0,0.0
2026-01-27 00:00:00+09:00,119764.16674194335,120045.5234375,119295.23891601562,120045.5234375,1471,0.0,0.0
2026-01-28 00:00:00+09:00,120045.52262090483,120233.09375,119670.38036271451,120233.09375,2233,0.0,0.0
2026-01-29 00:00:00+09:00,119395.77101769911,120461.8046875,118717.38595509855,120461.8046875,4990,4136.0,0.0
2026-01-30 00:00:00+09:00,119977.24653908794,119977.24653908794,118911.2128460912,119008.125,3312,0.0,0.0
2026-02-02 00:00:00+09:00,119008.11828125,119105.0304296875,116294.578125,116294.578125,5495,0.0,0.0
2026-02-03 00:00:00+09:00,116294.58420502092,116585.32066553347,115325.46266997907,115810.0234375,3699,0.0,0.0
2026-02-04 00:00:00+09:00,116003.84721934548,117360.61736226181,115906.93506628003,116972.96875,4679,0.0,0.0
2026-02-05 00:00:00+09:00,117651.3517303719,117845.17603305785,116779.14236828512,117263.703125,1931,0.0,0.0
2026-02-06 00:00:00+09:00,117263.70676141036,117942.09184184828,116779.14598966899,117845.1796875,1881,0.0,0.0
2026-02-09 00:00:00+09:00,118523.56458760245,119105.03751280736,118135.91597079918,118232.828125,3474,0.0,0.0
2026-02-10 00:00:00+09:00,118232.8274170712,119977.2461822411,118232.8274170712,119783.421875,1972,0.0,0.0
2026-02-12 00:00:00+09:00,119880.33003710622,120946.3636914378,119589.59358592489,119977.2421875,1856,0.0,0.0
2026-02-13 00:00:00+09:00,120074.15433789378,120655.62724025646,119298.85713474354,119977.2421875,1518,0.0,0.0
2026-02-16 00:00:00+09:00,120558.71269515612,121140.18558596876,119589.59121046837,121043.2734375,1592,0.0,0.0
2026-02-17 00:00:00+09:00,121430.9220313751,121430.9220313751,120461.80054668734,121043.2734375,1099,0.0,0.0
2026-02-18 00:00:00+09:00,121043.27916583465,121527.83993111021,120849.45485972443,121334.015625,1177,0.0,0.0
2026-02-19 00:00:00+09:00,121334.01371402878,121334.01371402878,120752.54080485612,121237.1015625,1067,0.0,0.0
2026-02-20 00:00:00+09:00,121334.01245948137,121430.9246100081,119589.59375,119589.59375,2250,0.0,0.0
2026-02-24 00:00:00+09:00,119880.33228828189,120074.15659270917,119105.0350705727,119298.859375,2104,0.0,0.0
2026-02-25 00:00:00+09:00,119298.86075663184,120558.71875,119008.12429662379,120558.71875,1873,0.0,0.0
2026-02-26 00:00:00+09:00,120849.44961348019,120946.3617623282,119880.328125,119880.328125,1308,0.0,0.0
2026-02-27 00:00:00+09:00,120267.98124488963,120267.98124488963,118426.65034750613,118523.5625,1455,0.0,0.0
2026-03-02 00:00:00+09:00,118426.65017573349,119977.2446133863,117845.17726161369,118911.2109375,2466,0.0,0.0
2026-03-03 00:00:00+09:00,118911.21198955736,118911.21198955736,116585.3203125,116585.3203125,1975,0.0,0.0
2026-03-04 00:00:00+09:00,116391.49123086735,116391.49123086735,113096.47815688775,113968.6875,4379,0.0,0.0
2026-03-05 00:00:00+09:00,115713.112291838,118232.82830489309,115713.112291838,117845.1796875,2473,0.0,0.0
2026-03-06 00:00:00+09:00,117457.52583784345,117845.17443796835,116391.4921875,116391.4921875,1146,0.0,0.0
2026-03-09 00:00:00+09:00,115713.105234375,116779.1388671875,114162.510859375,116294.578125,2447,0.0,0.0
2026-03-10 00:00:00+09:00,116779.1444438691,117263.70520919636,116294.58367854184,116972.96875,889,0.0,0.0
2026-03-11 00:00:00+09:00,116585.31632520747,117748.26212396266,116488.40417531121,116779.140625,770,0.0,0.0
2026-03-12 00:00:00+09:00,116779.1388671875,116779.1388671875,115616.1930859375,116294.578125,724,0.0,0.0
2026-03-13 00:00:00+09:00,115616.1954767662,116488.40483074011,114937.81042367536,115228.546875,1088,0.0,0.0
2026-03-16 00:00:00+09:00,114937.81267184857,115616.19773820855,114162.51545315144,114550.1640625,1302,0.0,0.0
2026-03-17 00:00:00+09:00,114162.51511292017,115325.4609375,114065.60296087185,115325.4609375,1469,0.0,0.0
2026-03-18 00:00:00+09:00,114259.42586422047,115131.63522196261,112708.83145045667,114065.6015625,4041,0.0,0.0
2026-03-19 00:00:00+09:00,114453.24889547414,114453.24889547414,112418.09375,112418.09375,1561,0.0,0.0
2026-03-23 00:00:00+09:00,112224.27506684492,112224.27506684492,108444.70103609626,108735.4375,3166,0.0,0.0
2026-03-24 00:00:00+09:00,110382.94358327822,111545.88943314595,109898.3828125,109898.3828125,1640,0.0,0.0
2026-03-25 00:00:00+09:00,110189.1128896033,111739.70726623801,110189.1128896033,111158.234375,1474,0.0,0.0
2026-03-26 00:00:00+09:00,111158.23905973206,111255.15121235607,108929.25954937999,109413.8203125,3104,0.0,0.0
2026-03-27 00:00:00+09:00,109413.81616877753,111061.3227009912,108735.43112610132,109995.2890625,2200,0.0,0.0
2026-03-30 00:00:00+09:00,108541.60794941284,108541.60794941284,105828.06775067751,107281.75,3826,0.0,0.0
2026-03-31 00:00:00+09:00,106312.62915329973,107960.13571264895,105731.15625,105731.15625,2145,0.0,0.0
2026-04-01 00:00:00+09:00,106506.45520643248,107863.22533645072,105731.15798927919,106215.71875,3186,0.0,0.0
2026-04-02 00:00:00+09:00,106506.45105490017,108057.04542876588,105537.32957123412,106797.1875,3335,0.0,0.0
2026-04-03 00:00:00+09:00,106797.19287679695,108638.52378846586,106797.19287679695,107863.2265625,817,0.0,0.0
2026-04-06 00:00:00+09:00,107960.13630171263,109219.99426573621,107960.13630171263,108929.2578125,698,0.0,0.0
2026-04-07 00:00:00+09:00,109510.73071897242,109704.5550211299,108929.2578125,108929.2578125,644,0.0,0.0
2026-04-08 00:00:00+09:00,109801.46790302472,111739.7109375,109219.99499268213,111739.7109375,1576,0.0,0.0
2026-04-09 00:00:00+09:00,112224.27169611883,112418.09599956634,111352.06233060494,111739.7109375,1332,0.0,0.0
2026-04-10 00:00:00+09:00,111933.5330010776,112418.09375,111255.14795258621,112418.09375,1049,0.0,0.0
2026-04-13 00:00:00+09:00,111933.53332519531,112805.74267578125,110964.41182454427,111642.796875,871,0.0,0.0
2026-04-14 00:00:00+09:00,112418.09739493996,113484.13107713335,112321.1852420133,112999.5703125,871,0.0,0.0
2026-04-15 00:00:00+09:00,113096.48229166667,113871.77951388889,111836.62430555557,113387.21875,5203,0.0,0.0
2026-04-16 00:00:00+09:00,113387.21476375853,113968.68765998294,112030.44467256826,113581.0390625,2251,0.0,0.0
2026-04-17 00:00:00+09:00,113581.04358268566,113581.04358268566,111836.6248245898,112224.2734375,596,0.0,0.0
2026-04-20 00:00:00+09:00,113387.21909961273,113387.21909961273,112224.27326269362,112611.921875,543,0.0,0.0
2026-04-21 00:00:00+09:00,112515.01007365684,112805.74653379549,111448.97638648181,111836.625,994,0.0,0.0
2026-04-22 00:00:00+09:00,112418.09423998257,112418.09423998257,111158.23628729311,111255.1484375,627,0.0,0.0
2026-04-23 00:00:00+09:00,112224.27119098713,112902.65625,111352.06182939914,112902.65625,983,0.0,0.0
2026-04-24 00:00:00+09:00,112611.91837565103,112708.83052571614,111061.32397460938,111642.796875,1445,0.0,0.0
2026-04-27 00:00:00+09:00,111545.8887160326,111836.62517663043,110867.50364130434,111448.9765625,1173,0.0,0.0
2026-04-28 00:00:00+09:00,110867.4987244898,111061.32302295919,108735.43144132654,109219.9921875,1680,0.0,0.0
2026-04-30 00:00:00+09:00,109316.90850802854,109413.8206609612,108541.61128456735,108638.5234375,1266,0.0,0.0
2026-05-01 00:00:00+09:00,108541.60585585586,108541.60585585586,107087.92363457207,107572.484375,1875,0.0,0.0
2026-05-07 00:00:00+09:00,107766.31074977416,107960.13504968383,107184.83785004517,107281.75,1407,0.0,0.0
2026-05-08 00:00:00+09:00,107378.66264269406,107475.57479309362,106118.8046875,106118.8046875,1308,0.0,0.0
2026-05-11 00:00:00+09:00,106118.80246143375,106797.1875,106118.80246143375,106797.1875,1327,0.0,0.0
2026-05-12 00:00:00+09:00,106700.27566556216,106700.27566556216,105052.76913848263,106021.890625,2288,0.0,0.0
2026-05-13 00:00:00+09:00,105052.77378601301,105343.5102448304,104277.4765625,104277.4765625,2816,0.0,0.0
2026-05-14 00:00:00+09:00,104180.56300711431,104665.12376528693,102339.23212605833,103017.6171875,4346,0.0,0.0
2026-05-15 00:00:00+09:00,103017.62063868825,104568.21511678705,102823.7963289259,103986.7421875,2368,0.0,0.0
2026-05-18 00:00:00+09:00,104955.859375,105343.50797841644,103986.7378664589,104955.859375,1525,0.0,0.0
2026-05-19 00:00:00+09:00,104955.85683487022,107087.92410206057,104762.03253785291,106409.5390625,1213,0.0,0.0
2026-05-20 00:00:00+09:00,107572.49081301276,107572.49081301276,105440.42342752963,106312.6328125,640,0.0,0.0
2026-05-21 00:00:00+09:00,106700.280378847,109026.1720492306,106312.63176711641,108638.5234375,1165,0.0,0.0
2026-05-22 00:00:00+09:00,109510.72847590627,109607.640625,107572.48549403183,109607.640625,760,0.0,0.0
2026-05-25 00:00:00+09:00,108638.51929209183,111448.97161989796,108057.04639668367,109219.9921875,1562,0.0,0.0
2026-05-26 00:00:00+09:00,108735.43524413198,110092.20538086802,108250.87448101195,109413.8203125,2766,0.0,0.0
2026-05-27 00:00:00+09:00,109995.29478800528,110479.85555799649,109316.90971001757,110286.03125,2240,0.0,0.0
2026-05-28 00:00:00+09:00,110286.02599065004,110286.02599065004,108444.69515249332,108832.34375,2072,0.0,0.0
2026-05-29 00:00:00+09:00,108541.60682819384,110382.93765831497,108541.60682819384,109995.2890625,1203,0.0,0.0
2026-06-01 00:00:00+09:00,110479.854880523,110479.854880523,107378.66597159603,107475.578125,853,0.0,0.0
2026-06-02 00:00:00+09:00,107281.75535973837,108347.7890625,106312.63381177325,108347.7890625,1245,0.0,0.0
2026-06-03 00:00:00+09:00,108347.78663363596,109510.732465124,108250.87448101195,109413.8203125,1449,0.0,0.0
2026-06-04 00:00:00+09:00,109219.99863947486,109219.99863947486,107572.49200516158,107960.140625,641,0.0,0.0
2026-06-05 00:00:00+09:00,108057.04655498663,109316.90449688335,108057.04655498663,108832.34375,746,0.0,0.0
2026-06-08 00:00:00+09:00,108541.609375,109123.08228236607,108057.0486188616,108541.609375,614,0.0,0.0
2026-06-09 00:00:00+09:00,108057.05034722223,109316.90833333334,107960.13819444444,109026.171875,880,0.0,0.0
2026-06-10 00:00:00+09:00,108541.61093888397,109607.64461774801,108347.78663363596,109413.8203125,1326,0.0,0.0
2026-06-11 00:00:00+09:00,109413.81729900632,109413.81729900632,107281.75,107281.75,1389,0.0,0.0
2026-06-12 00:00:00+09:00,107281.74935997328,108832.34375,106894.10076246661,108832.34375,2587,0.0,0.0
2026-06-15 00:00:00+09:00,108832.34756944445,109704.55694444446,107572.48958333334,109026.171875,2088,0.0,0.0
2026-06-16 00:00:00+09:00,109123.08420216324,109219.9963550959,108057.0505199041,108638.5234375,1277,0.0,0.0
2026-06-17 00:00:00+09:00,108153.96267283676,108929.25989629795,106118.80746125111,108638.5234375,1009,0.0,0.0
2026-06-18 00:00:00+09:00,108638.52102887588,110189.11544142004,108153.96027495583,109704.5546875,895,0.0,0.0
2026-06-19 00:00:00+09:00,109510.7321212621,110189.1171875,109413.8199689424,110189.1171875,417,0.0,0.0
2026-06-22 00:00:00+09:00,110189.11927496693,110576.76789158951,109316.90988756613,109898.3828125,617,0.0,0.0
2026-06-23 00:00:00+09:00,109413.81790707237,110479.8515625,109413.81790707237,110479.8515625,1388,0.0,0.0
2026-06-24 00:00:00+09:00,109704.55659752869,110964.41457965579,109510.73229258605,109801.46875,695,0.0,0.0
2026-06-25 00:00:00+09:00,109801.47012707243,111061.328125,109704.5579733857,111061.328125,811,0.0,0.0
2026-06-26 00:00:00+09:00,111061.32365301724,112418.09375,110382.93860452586,112418.09375,967,0.0,0.0
2026-06-29 00:00:00+09:00,112418.09391219723,113387.21541144031,111448.97241295414,112030.4453125,1048,0.0,0.0
2026-06-30 00:00:00+09:00,111836.6191017316,113096.47702922078,111545.8826569264,111933.53125,1319,0.0,0.0
2026-07-01 00:00:00+09:00,112030.44948369564,112321.18594429348,111448.9765625,111448.9765625,603,0.0,0.0
2026-07-02 00:00:00+09:00,111642.79655172414,112999.5666487069,111448.97225215517,112418.09375,1179,0.0,0.0
2026-07-03 00:00:00+09:00,112611.91913632514,114647.07430143945,112611.91913632514,114453.25,901,0.0,0.0
2026-07-06 00:00:00+09:00,115131.63889475909,115810.02397242181,114550.16597104819,114647.078125,1210,0.0,0.0
2026-07-07 00:00:00+09:00,114550.15960754598,116197.66613320443,114550.15960754598,115906.9296875,691,0.0,0.0
2026-07-08 00:00:00+09:00,115325.46284634761,116197.67222921916,115325.46284634761,115422.375,455,0.0,0.0
2026-07-09 00:00:00+09:00,115228.54496133208,115422.36925899622,114743.98421717172,115131.6328125,497,0.0,0.0
2026-07-10 00:00:00+09:00,115131.63456098072,115713.10746280386,115131.63456098072,115616.1953125,555,0.0,0.0
2026-07-13 00:00:00+09:00,115713.10713728143,116585.31648756245,115713.10713728143,116391.4921875,700,0.0,0.0
2026-07-14 00:00:00+09:00,116585.31806559917,117263.703125,116391.49376291322,117263.703125,887,0.0,0.0
2026-07-15 00:00:00+09:00,117457.52692819148,118426.6484375,117263.70262632979,118426.6484375,1454,0.0,0.0
2026-07-16 00:00:00+09:00,118329.74045924137,118426.65261358964,117360.61891575863,117845.1796875,646,0.0,0.0
2026-07-17 00:00:00+09:00,118329.73907029303,118329.73907029303,116294.58385286783,116585.3203125,1104,0.0,0.0
2026-07-21 00:00:00+09:00,116682.22815333883,117554.4375,116391.49170445178,117554.4375,735,0.0,0.0
2026-07-22 00:00:00+09:00,117554.43702168367,119008.11926020408,117554.43702168367,118717.3828125,822,0.0,0.0
2026-07-23 00:00:00+09:00,119105.03109159571,119783.41613442823,119008.11894261964,119492.6796875,749,0.0,0.0
2026-07-24 00:00:00+09:00,119008.12117659055,119492.68193056689,117457.52676386623,118814.296875,1097,0.0,0.0
2026-07-27 00:00:00+09:00,118717.38871655433,119201.94948682598,118426.65225439135,118620.4765625,768,0.0,0.0
2026-07-28 00:00:00+09:00,119201.94966700819,119298.86182120901,117942.09166239754,118232.828125,1303,0.0,0.0
2026-07-29 00:00:00+09:00,118329.73645320197,118523.56075533661,117942.08784893267,118039.0,1585,0.0,0.0
2026-07-30 00:00:00+09:00,116200.0,118000.0,115000.0,118000.0,2565,3761.0,0.0
2026-07-31 00:00:00+09:00,118200.0,118200.0,114000.0,114000.0,1176,0.0,0.0
2026-08-03 00:00:00+09:00,114500.0,114500.0,111600.0,111700.0,1707,0.0,0.0
2026-08-04 00:00:00+09:00,111800.0,112000.0,109700.0,110400.0,2053,0.0,0.0
2026-08-05 00:00:00+09:00,111100.0,111100.0,109400.0,109500.0,896,0.0,0.0
2026-08-06 00:00:00+09:00,109600.0,109800.0,108200.0,109600.0,1307,0.0,0.0
2026-08-07 00:00:00+09:00,109600.0,110800.0,109500.0,109900.0,596,0.0,0.0
2026-08-10 00:00:00+09:00,109900.0,110800.0,109100.0,110500.0,1063,0.0,0.0
2026-08-12 00:00:00+09:00,110900.0,111200.0,110400.0,111200.0,593,0.0,0.0
2026-08-13 00:00:00+09:00,111000.0,111600.0,110700.0,110700.0,490,0.0,0.0
2026-08-14 00:00:00+09:00,111100.0,112800.0,110900.0,112400.0,632,0.0,0.0
2026-08-17 00:00:00+09:00,112000.0,112800.0,111400.0,112000.0,1523,0.0,0.0
2026-08-18 00:00:00+09:00,112400.0,112400.0,110800.0,111200.0,522,0.0,0.0
2026-08-19 00:00:00+09:00,111200.0,111300.0,110200.0,110200.0,806,0.0,0.0
2026-08-20 00:00:00+09:00,110200.0,111500.0,110200.0,111500.0,664,0.0,0.0
2026-08-21 00:00:00+09:00,111500.0,111500.0,110600.0,111000.0,520,0.0,0.0
2026-08-24 00:00:00+09:00,111100.0,112000.0,110800.0,112000.0,722,0.0,0.0
2026-08-25 00:00:00+09:00,112000.0,112700.0,111800.0,112700.0,552,0.0,0.0
2026-08-26 00:00:00+09:00,112900.0,113600.0,112600.0,113500.0,452,0.0,0.0
2026-08-27 00:00:00+09:00,113500.0,114000.0,113000.0,113100.0,887,0.0,0.0
2026-08-28 00:00:00+09:00,113200.0,113300.0,111900.0,112500.0,938,0.0,0.0
2026-08-31 00:00:00+09:00,112100.0,114400.0,111300.0,111500.0,810,0.0,0.0
2026-09-01 00:00:00+09:00,111500.0,111500.0,109800.0,110500.0,1187,0.0,0.0
2026-09-02 00:00:00+09:00,110900.0,110900.0,109500.0,109500.0,1309,0.0,0.0
2026-09-03 00:00:00+09:00,109400.0,110200.0,109300.0,109500.0,539,0.0,0.0
2026-09-04 00:00:00+09:00,109500.0,110500.0,109500.0,109900.0,3281,0.0,0.0
2026-09-07 00:00:00+09:00,110900.0,111500.0,109900.0,111500.0,1351,0.0,0.0
2026-09-08 00:00:00+09:00,111800.0,112000.0,110700.0,110800.0,806,0.0,0.0
2026-09-09 00:00:00+09:00,111800.0,111900.0,110700.0,110700.0,664,0.0,0.0
2026-09-10 00:00:00+09:00,110600.0,111400.0,110200.0,110600.0,696,0.0,0.0
2026-09-11 00:00:00+09:00,112500.0,112500.0,110500.0,110800.0,1370,0.0,0.0
2026-09-14 00:00:00+09:00,110800.0,111900.0,110400.0,110700.0,1014,0.0,0.0
2026-09-15 00:00:00+09:00,110600.0,111000.0,110200.0,110700.0,863,0.0,0.0
2026-09-16 00:00:00+09:00,111500.0,111600.0,110300.0,110700.0,318,0.0,0.0
2026-09-17 00:00:00+09:00,110500.0,111200.0,110200.0,111200.0,352,0.0,0.0
2026-09-18 00:00:00+09:00,110000.0,110900.0,108300.0,108300.0,2328,0.0,0.0
2026-09-24 00:00:00+09:00,108800.0,108800.0,107200.0,107400.0,1058,0.0,0.0
2026-09-25 00:00:00+09:00,107300.0,107500.0,106400.0,106400.0,1141,0.0,0.0
2026-09-28 00:00:00+09:00,106400.0,107900.0,106400.0,107200.0,728,0.0,0.0
