Date,Open,High,Low,Close,Volume,Dividends,Stock Splits
2021-09-30 00:00:00+09:00,43470.121727748694,43847.46653441318,43243.71484375,43243.71484375,4297,0.0,0.0
2021-10-01 00:00:00+09:00,43319.18684313506,43470.1247763864,42187.15234375,42187.15234375,5372,0.0,0.0
2021-10-04 00:00:00+09:00,42338.09286504425,43092.78257743363,42338.09286504425,42639.96875,3448,0.0,0.0
2021-10-05 00:00:00+09:00,42187.1542693662,43017.312940140844,41583.40250880282,42866.375,5026,0.0,0.0
2021-10-06 00:00:00+09:00,43017.31360619469,43092.78257743363,41885.27903761062,42639.96875,4973,0.0,0.0
2021-10-07 00:00:00+09:00,42489.02179564361,43092.7734375,42489.02179564361,43092.7734375,2545,0.0,0.0
2021-10-08 00:00:00+09:00,42941.843970070426,43394.65779049296,42866.375,42866.375,2491,0.0,0.0
2021-10-11 00:00:00+09:00,42639.96867629717,43998.41015625,42639.96867629717,43998.41015625,6537,0.0,0.0
2021-10-12 00:00:00+09:00,43696.526926904044,44073.871719018935,43545.589010058095,43847.46484375,3680,0.0,0.0
2021-10-13 00:00:00+09:00,43998.40971554487,44149.34765625,43696.533834134614,44149.34765625,3293,0.0,0.0
2021-10-14 00:00:00+09:00,43772.000215889464,44224.81401122625,43319.18642055267,43696.53125,3710,0.0,0.0
2021-10-15 00:00:00+09:00,43696.53060567011,43998.406464776635,43394.654746563574,43922.9375,2364,0.0,0.0
2021-10-18 00:00:00+09:00,43696.53017979452,44149.343964041094,43394.65432363014,44073.875,3781,0.0,0.0
2021-10-19 00:00:00+09:00,43922.94052634386,44375.75434620307,43621.06464643771,44224.81640625,5729,0.0,0.0
2021-10-20 00:00:00+09:00,43922.93380217298,44073.871719018935,43771.99588532702,43847.46484375,1474,0.0,0.0
2021-10-21 00:00:00+09:00,44375.750856164384,44451.21982020548,43847.46810787671,44073.875,1991,0.0,0.0
2021-10-22 00:00:00+09:00,44300.28189212328,44300.28189212328,43621.06121575342,44073.875,3443,0.0,0.0
2021-10-25 00:00:00+09:00,44451.22243776483,45205.91212261653,44375.75346927966,44526.69140625,6350,0.0,0.0
2021-10-26 00:00:00+09:00,44224.815749681664,44526.69162510611,44224.815749681664,44451.22265625,2799,0.0,0.0
2021-10-27 00:00:00+09:00,44602.16228871035,45356.85200594741,44602.16228871035,45205.9140625,5638,0.0,0.0
2021-10-28 00:00:00+09:00,45281.381280889625,45960.60200010297,44904.03643688221,45809.6640625,7391,0.0,0.0
2021-10-29 00:00:00+09:00,45281.38193294702,45734.195752276486,44904.03708350579,45583.2578125,7290,0.0,0.0
2021-11-01 00:00:00+09:00,45054.975459406145,45734.19619497508,44904.0375181686,45432.3203125,4287,0.0,0.0
2021-11-02 00:00:00+09:00,45809.6640625,45960.60200010297,45583.257156095555,45809.6640625,5891,0.0,0.0
2021-11-04 00:00:00+09:00,45960.602219987624,45960.602219987624,45281.38149752475,45734.1953125,3557,0.0,0.0
2021-11-05 00:00:00+09:00,46036.07466848273,46187.01261821546,45356.853894685446,45885.13671875,3052,0.0,0.0
2021-11-08 00:00:00+09:00,46413.412146935094,47243.57073818109,46262.47422125401,47092.6328125,7586,0.0,0.0
2021-11-09 00:00:00+09:00,47092.63804611651,47092.63804611651,46337.948333839,46639.82421875,3460,0.0,0.0
2021-11-10 00:00:00+09:00,46639.82421875,46790.76216120551,45960.60347770024,46639.82421875,5604,0.0,0.0
2021-11-11 00:00:00+09:00,46639.82421875,47092.63804611651,46564.35524752225,46639.82421875,2867,0.0,0.0
2021-11-12 00:00:00+09:00,46564.35221142101,46715.29014403502,46187.007379885996,46337.9453125,1854,0.0,0.0
2021-11-15 00:00:00+09:00,46715.28641797512,46715.28641797512,46036.06577538744,46262.47265625,2177,0.0,0.0
2021-11-16 00:00:00+09:00,46413.4188637991,46564.35681132365,46036.073994987724,46111.54296875,3086,0.0,0.0
2021-11-17 00:00:00+09:00,46413.414278807,46488.88324511401,46262.476346193,46337.9453125,1610,0.0,0.0
2021-11-18 00:00:00+09:00,46111.54142015575,46639.82421875,46111.54142015575,46639.82421875,2560,0.0,0.0
2021-11-19 00:00:00+09:00,46337.9453125,46639.821177728016,45960.60048096498,46337.9453125,2678,0.0,0.0
2021-11-22 00:00:00+09:00,45960.59681509992,46488.87953711256,45960.59681509992,46262.47265625,3264,0.0,0.0
2021-11-24 00:00:00+09:00,45885.127854812396,46262.47265625,45734.18993423736,46262.47265625,3657,0.0,0.0
2021-11-25 00:00:00+09:00,46715.292260742186,48300.140625,46715.292260742186,48300.140625,19967,0.0,0.0
2021-11-26 00:00:00+09:00,47771.86237367543,48149.207258143644,47319.04851231358,48073.73828125,9014,0.0,0.0
2021-11-29 00:00:00+09:00,46036.07466848273,47092.64031661185,45885.13671875,45885.13671875,10239,0.0,0.0
2021-11-30 00:00:00+09:00,46639.81703506097,47394.50663109756,46262.47223704268,46413.41015625,20348,0.0,0.0
2021-12-01 00:00:00+09:00,46111.54098412298,47168.10657132056,45885.134072580644,46790.76171875,10447,0.0,0.0
2021-12-02 00:00:00+09:00,47319.04451234879,47394.5134828629,46639.82377772177,46790.76171875,10406,0.0,0.0
2021-12-03 00:00:00+09:00,47394.51021161417,48451.07572588583,47017.16538508858,47922.79296875,12452,0.0,0.0
2021-12-06 00:00:00+09:00,48451.07421875,48903.88799649533,48073.72940396223,48451.07421875,11799,0.0,0.0
2021-12-07 00:00:00+09:00,48073.7330627916,48752.953781104196,48073.7330627916,48526.546875,8265,0.0,0.0
2021-12-08 00:00:00+09:00,48526.54339532956,48602.012358619344,47922.791689011305,48375.60546875,5997,0.0,0.0
2021-12-09 00:00:00+09:00,47922.80032746271,48375.61418882457,47847.331350569075,48073.73828125,8110,0.0,0.0
2021-12-10 00:00:00+09:00,48451.07443203978,48451.07443203978,47847.322725721526,48375.60546875,10161,0.0,0.0
2021-12-13 00:00:00+09:00,48073.73828125,48602.021119505494,47922.80032746271,48073.73828125,4658,0.0,0.0
2021-12-14 00:00:00+09:00,47319.046427861686,47545.45334856916,47168.10848072337,47469.984375,8493,0.0,0.0
2021-12-15 00:00:00+09:00,46488.88324511401,46866.22807664902,46111.538413578994,46337.9453125,7526,0.0,0.0
2021-12-16 00:00:00+09:00,46639.824440336306,46790.76238350892,46187.01061081848,46564.35546875,6312,0.0,0.0
2021-12-17 00:00:00+09:00,46790.75891093997,47771.85546875,46187.00718305687,47771.85546875,78825,0.0,0.0
2021-12-20 00:00:00+09:00,47319.04495979976,47696.38981593851,46639.82421875,46639.82421875,5679,0.0,0.0
2021-12-21 00:00:00+09:00,46866.22445770603,47847.3209439382,46488.879655309036,47620.9140625,8830,0.0,0.0
2021-12-22 00:00:00+09:00,47696.388249999996,47847.3261875,47168.10546875,47168.10546875,4587,0.0,0.0
2021-12-23 00:00:00+09:00,47545.4453125,47696.38323412698,47319.03843005952,47545.4453125,6293,0.0,0.0
2021-12-24 00:00:00+09:00,47771.85546875,48073.73133269155,47620.91753677923,47771.85546875,4114,0.0,0.0
2021-12-27 00:00:00+09:00,47771.857218749996,47771.857218749996,47168.10546875,47168.10546875,1929,0.0,0.0
2021-12-28 00:00:00+09:00,47545.45187348301,47545.45187348301,46111.54142015575,46639.82421875,4663,0.0,0.0
2021-12-29 00:00:00+09:00,46790.76295490506,47696.390625,46790.76295490506,47696.390625,3279,0.0,0.0
2021-12-30 00:00:00+09:00,47469.97960480845,47847.32443473539,47168.10374086691,47771.85546875,8247,0.0,0.0
2022-01-04 00:00:00+09:00,48375.60959472656,48602.01650390625,47847.32680664062,48300.140625,9792,0.0,0.0
2022-01-05 00:00:00+09:00,48451.07262777338,48451.07262777338,47545.4451020206,47620.9140625,8418,0.0,0.0
2022-01-06 00:00:00+09:00,47319.041246309054,48073.730899360235,47243.57228100394,47922.79296875,5135,0.0,0.0
2022-01-07 00:00:00+09:00,48073.73415458464,48602.016947492164,47998.26518416928,48149.203125,4631,0.0,0.0
2022-01-11 00:00:00+09:00,48300.1397515528,48677.484593361805,48300.1397515528,48602.015625,3586,0.0,0.0
2022-01-12 00:00:00+09:00,48375.606159489325,49583.10958936738,48375.606159489325,49507.640625,5876,0.0,0.0
2022-01-13 00:00:00+09:00,49205.76455479452,49884.985231164384,49205.76455479452,49583.109375,5694,0.0,0.0
2022-01-14 00:00:00+09:00,49809.51691513761,50035.92381020642,49356.703125,49356.703125,6390,0.0,0.0
2022-01-17 00:00:00+09:00,49356.70248287671,50035.92315924657,49356.70248287671,49583.109375,4300,0.0,0.0
2022-01-18 00:00:00+09:00,49507.640625,50111.39233993902,49281.23373189786,49507.640625,4939,0.0,0.0
2022-01-19 00:00:00+09:00,49356.70015352615,49432.16911400555,47168.10029962361,47620.9140625,8780,0.0,0.0
2022-01-20 00:00:00+09:00,47696.391417757775,47771.86039152005,46036.073994987724,46111.54296875,15529,0.0,0.0
2022-01-21 00:00:00+09:00,45356.84513279975,46413.410576825045,44149.34176819943,46262.47265625,12849,0.0,0.0
2022-01-24 00:00:00+09:00,46036.073994987724,46715.2947588482,45583.26015241408,46111.54296875,7493,0.0,0.0
2022-01-25 00:00:00+09:00,46337.94419457155,46488.8821235441,44828.56490484609,45356.84765625,6053,0.0,0.0
2022-01-26 00:00:00+09:00,45356.8502496911,46111.53993770594,45054.97437448517,45809.6640625,6166,0.0,0.0
2022-01-27 00:00:00+09:00,46488.88783756138,46639.82578508592,44753.10144102905,46111.54296875,8131,0.0,0.0
2022-01-28 00:00:00+09:00,45321.12527666526,46094.523318929176,44857.08645130691,45862.50390625,7417,1478.0,0.0
2022-01-31 00:00:00+09:00,46094.5198486733,47177.2770263267,46094.5198486733,46635.8984375,9553,0.0,0.0
2022-02-01 00:00:00+09:00,47409.300471332645,47563.98008135331,46481.222811208674,46790.58203125,8206,0.0,0.0
2022-02-02 00:00:00+09:00,46403.88312088815,47177.281172902956,46171.863705283715,47022.6015625,3109,0.0,0.0
2022-02-03 00:00:00+09:00,47409.29342092042,48569.39032355306,47022.59445337621,48105.3515625,4392,0.0,0.0
2022-02-04 00:00:00+09:00,48105.35914671266,48956.09700943588,47641.3203125,47641.3203125,3785,0.0,0.0
2022-02-07 00:00:00+09:00,47641.31244918699,47950.67162093496,47022.59410569106,47563.97265625,4752,0.0,0.0
2022-02-08 00:00:00+09:00,47331.96062706954,47486.64023696192,46481.22277266142,46713.2421875,5993,0.0,0.0
2022-02-09 00:00:00+09:00,46249.20362367022,47563.98031531301,45475.805569762684,47254.62109375,5507,0.0,0.0
2022-02-10 00:00:00+09:00,46481.22337449597,47950.6796875,46481.22337449597,47950.6796875,8144,0.0,0.0
2022-02-14 00:00:00+09:00,47950.679106404954,48260.03832644628,46635.90242122934,46790.58203125,3352,0.0,0.0
2022-02-15 00:00:00+09:00,46558.557799145296,46790.57719017094,45011.76185897436,45243.78125,5559,0.0,0.0
2022-02-16 00:00:00+09:00,45243.781709558825,46249.199080882354,45243.781709558825,46017.1796875,4018,0.0,0.0
2022-02-17 00:00:00+09:00,46249.20343440594,46867.921875,45862.50440903466,46867.921875,4021,0.0,0.0
2022-02-18 00:00:00+09:00,45862.50009191177,46094.51948529412,45475.80110294118,46017.1796875,3577,0.0,0.0
2022-02-21 00:00:00+09:00,45243.789195140074,45707.82805867997,45166.44938455009,45553.1484375,3347,0.0,0.0
2022-02-22 00:00:00+09:00,44779.74965674429,44779.74965674429,43464.972896529,44006.3515625,7920,0.0,0.0
2022-02-24 00:00:00+09:00,44006.35159676535,44934.429310581145,43542.31273985746,44083.69140625,9627,0.0,0.0
2022-02-25 00:00:00+09:00,43310.28577661431,44470.38271705934,43232.94598058464,44315.703125,6734,0.0,0.0
2022-02-28 00:00:00+09:00,43774.32483268566,45089.10137359671,43774.32483268566,44779.7421875,5047,0.0,0.0
2022-03-01 00:00:00+09:00,45243.789228019064,46017.18733448093,45166.44941737288,45630.48828125,4483,0.0,0.0
2022-03-02 00:00:00+09:00,46017.18351470278,46249.20292738196,45398.46508089165,45862.50390625,3325,0.0,0.0
2022-03-03 00:00:00+09:00,46713.24191268844,46713.24191268844,46171.86328125,46171.86328125,3926,0.0,0.0
2022-03-04 00:00:00+09:00,46790.58175689799,46790.58175689799,45862.50410221572,46249.203125,4381,0.0,0.0
2022-03-07 00:00:00+09:00,45011.76162446121,45553.14020070043,44702.40243803879,44857.08203125,5299,0.0,0.0
2022-03-08 00:00:00+09:00,44857.08207831325,45398.46065512048,44779.7422816265,44934.421875,4878,0.0,0.0
2022-03-09 00:00:00+09:00,44470.38276486281,45321.12052210366,44238.363376524394,44393.04296875,4201,0.0,0.0
2022-03-10 00:00:00+09:00,44393.047236813894,45475.804486492285,44393.047236813894,45089.10546875,3705,0.0,0.0
2022-03-11 00:00:00+09:00,45630.4840935892,46094.52291487993,44934.42586165309,45089.10546875,4698,0.0,0.0
2022-03-14 00:00:00+09:00,44702.40641108248,45553.14424935567,44702.40641108248,45011.765625,1937,0.0,0.0
2022-03-15 00:00:00+09:00,45011.765625,45398.46464239691,44702.40641108248,45011.765625,2822,0.0,0.0
2022-03-16 00:00:00+09:00,45243.78125,45630.480235042734,44702.40267094017,45243.78125,3872,0.0,0.0
2022-03-17 00:00:00+09:00,44470.38700064433,45398.46464239691,44238.36759020619,45011.765625,3557,0.0,0.0
2022-03-18 00:00:00+09:00,45243.789195140074,45630.48824808998,44934.42995278014,45553.1484375,4833,0.0,0.0
2022-03-22 00:00:00+09:00,45243.78581810631,46713.24210963455,44779.74698920266,46558.5625,5595,0.0,0.0
2022-03-23 00:00:00+09:00,46171.863162878784,46326.54277146464,45321.125315656565,45939.84375,5652,0.0,0.0
2022-03-24 00:00:00+09:00,45553.14515108471,46790.58203125,45398.46554106405,46790.58203125,5117,0.0,0.0
2022-03-25 00:00:00+09:00,46790.58171717965,46867.921521670854,46171.86328125,46171.86328125,2905,0.0,0.0
2022-03-28 00:00:00+09:00,46171.863667370264,46945.26171875,46171.863667370264,46945.26171875,2423,0.0,0.0
2022-03-29 00:00:00+09:00,46403.88334690553,47718.660041734525,46403.88334690553,47486.640625,3789,0.0,0.0
2022-03-30 00:00:00+09:00,47950.67546900489,48337.37446472267,46790.578481851546,47409.296875,4951,0.0,0.0
2022-03-31 00:00:00+09:00,47873.33602556361,48492.05442330918,47718.656426127214,48028.015625,5308,0.0,0.0
2022-04-01 00:00:00+09:00,47641.32076035032,48646.73824392914,47099.94211534633,48569.3984375,6262,0.0,0.0
2022-04-04 00:00:00+09:00,49033.44115664936,49033.44115664936,47563.98471820088,48414.72265625,4582,0.0,0.0
2022-04-05 00:00:00+09:00,48414.72265625,48569.40228134984,47873.34396840056,48414.72265625,3709,0.0,0.0
2022-04-06 00:00:00+09:00,48182.69910534274,48414.71852318548,47796.00007560484,47950.6796875,2662,0.0,0.0
2022-04-07 00:00:00+09:00,47331.96116504854,48182.69902912621,47331.96116504854,47796.0,3699,0.0,0.0
2022-04-08 00:00:00+09:00,47331.960744439864,47873.33938040568,46945.26171875,46945.26171875,5038,0.0,0.0
2022-04-11 00:00:00+09:00,46481.223226968345,47641.3203125,46481.223226968345,47641.3203125,1896,0.0,0.0
2022-04-12 00:00:00+09:00,48105.35875618812,48105.35875618812,46867.921875,46867.921875,3348,0.0,0.0
2022-04-13 00:00:00+09:00,47331.96123991935,47950.6796875,47177.28162802419,47950.6796875,5718,0.0,0.0
2022-04-14 00:00:00+09:00,47718.660041734525,47873.33965289088,46945.26198595276,47486.640625,4035,0.0,0.0
2022-04-15 00:00:00+09:00,46945.26198595276,47641.320236156345,46945.26198595276,47486.640625,3411,0.0,0.0
2022-04-18 00:00:00+09:00,47486.63286331301,47718.652242123986,46945.25431275406,47563.97265625,2254,0.0,0.0
2022-04-19 00:00:00+09:00,46867.922066796236,47254.62109375,46713.242456014734,47254.62109375,4293,0.0,0.0
2022-04-20 00:00:00+09:00,46635.902304817275,47099.94113372093,45939.844061461794,46558.5625,5920,0.0,0.0
2022-04-21 00:00:00+09:00,46713.242264851484,47254.62090037129,46713.242264851484,46867.921875,3663,0.0,0.0
2022-04-22 00:00:00+09:00,47022.60152388797,47022.60152388797,46403.88308278418,46945.26171875,3015,0.0,0.0
2022-04-25 00:00:00+09:00,46249.203125,46635.902147784276,45939.84390677257,46249.203125,3113,0.0,0.0
2022-04-26 00:00:00+09:00,46249.20673280985,46481.2261645798,45475.80862691002,45553.1484375,6103,0.0,0.0
2022-04-27 00:00:00+09:00,45785.16414141414,46171.863162878784,45553.14472853536,45939.84375,3716,0.0,0.0
2022-04-28 00:00:00+09:00,46326.54277146464,46713.24179292929,45862.50394570707,45939.84375,6056,0.0,0.0
2022-05-02 00:00:00+09:00,45243.78951898999,46481.22649728715,45243.78951898999,46326.546875,4755,0.0,0.0
2022-05-06 00:00:00+09:00,46094.523593750004,46403.8828125,45862.5041796875,46403.8828125,4305,0.0,0.0
2022-05-09 00:00:00+09:00,46481.21847426471,46558.55827205882,46017.1796875,46017.1796875,5902,0.0,0.0
2022-05-10 00:00:00+09:00,45475.80428200692,45707.823691608995,44702.40625,44702.40625,7034,0.0,0.0
2022-05-11 00:00:00+09:00,44702.40248493976,45321.12085843374,44470.383094879515,44934.421875,5887,0.0,0.0
2022-05-12 00:00:00+09:00,44779.742467948716,45553.140438034185,44702.40267094017,45243.78125,6059,0.0,0.0
2022-05-13 00:00:00+09:00,45011.76582463799,45862.50366668441,45011.76582463799,45398.46484375,6987,0.0,0.0
2022-05-16 00:00:00+09:00,45785.163822525596,46017.1832337884,44934.42598122867,45321.125,3476,0.0,0.0
2022-05-17 00:00:00+09:00,45321.125315656565,46094.52335858586,45321.125315656565,45939.84375,1867,0.0,0.0
2022-05-18 00:00:00+09:00,45785.16425879397,46403.88269472362,45553.144845320356,46171.86328125,2675,0.0,0.0
2022-05-19 00:00:00+09:00,45785.160294117646,46094.51948529412,45785.160294117646,46017.1796875,1749,0.0,0.0
2022-05-20 00:00:00+09:00,46017.17950243232,46171.85909739848,45707.8203125,45707.8203125,2783,0.0,0.0
2022-05-23 00:00:00+09:00,46171.86355287665,46790.58199244619,46017.183942984266,46713.2421875,3394,0.0,0.0
2022-05-24 00:00:00+09:00,47022.60128951747,47022.60128951747,46249.203241992516,46481.22265625,4230,0.0,0.0
2022-05-25 00:00:00+09:00,46094.52374793046,46713.2421875,46094.52374793046,46713.2421875,3255,0.0,0.0
2022-05-26 00:00:00+09:00,46403.8828125,46790.581835937504,46326.5430078125,46403.8828125,3198,0.0,0.0
2022-05-27 00:00:00+09:00,46481.22253867057,46635.902147784276,46017.18371132943,46249.203125,5188,0.0,0.0
2022-05-30 00:00:00+09:00,46713.242303336076,47099.94132902595,46558.56269306013,46945.26171875,2572,0.0,0.0
2022-05-31 00:00:00+09:00,46945.26175729852,47331.96078330592,46249.2035104852,47022.6015625,9251,0.0,0.0
2022-06-01 00:00:00+09:00,47099.94125129132,47099.94125129132,46481.222811208674,46790.58203125,3763,0.0,0.0
2022-06-02 00:00:00+09:00,47409.293070376014,47563.97265625,47022.59410569106,47563.97265625,4148,0.0,0.0
2022-06-03 00:00:00+09:00,47563.98031531301,47873.339536876025,47177.28128835925,47254.62109375,4458,0.0,0.0
2022-06-06 00:00:00+09:00,47177.27369156504,47873.331827997965,47177.27369156504,47563.97265625,4292,0.0,0.0
2022-06-07 00:00:00+09:00,47950.67573707593,48028.01553665185,47409.29714004442,47873.3359375,3293,0.0,0.0
2022-06-08 00:00:00+09:00,47641.31662640902,48105.3554247182,47563.97682669082,48028.015625,3036,0.0,0.0
2022-06-09 00:00:00+09:00,47950.67953530844,48028.01934101055,47409.300895393666,47641.3203125,3456,0.0,0.0
2022-06-10 00:00:00+09:00,47022.60144628099,47486.64027634297,46790.58203125,46790.58203125,4260,0.0,0.0
2022-06-13 00:00:00+09:00,47177.28109529703,47177.28109529703,46713.242264851484,46867.921875,3431,0.0,0.0
2022-06-14 00:00:00+09:00,46945.265264523914,47022.60507550336,45785.16809983222,46094.52734375,7887,0.0,0.0
2022-06-15 00:00:00+09:00,46481.22619835805,46867.92525158898,45475.80865995763,45630.48828125,8008,0.0,0.0
2022-06-16 00:00:00+09:00,46481.222695182725,47099.94113372093,46326.543085548175,46558.5625,7210,0.0,0.0
2022-06-17 00:00:00+09:00,45475.80096600507,46171.859144056165,45243.781573321365,45785.16015625,6545,0.0,0.0
2022-06-20 00:00:00+09:00,46171.85928308823,46249.199080882354,45630.48069852941,46017.1796875,3938,0.0,0.0
2022-06-21 00:00:00+09:00,46249.203241992516,46635.902265754994,45939.84402298253,46481.22265625,3292,0.0,0.0
2022-06-22 00:00:00+09:00,46713.23786764706,46713.23786764706,45939.83988970588,46017.1796875,6930,0.0,0.0
2022-06-23 00:00:00+09:00,46017.1837890625,46945.2614453125,45939.843984375,46403.8828125,7751,0.0,0.0
2022-06-24 00:00:00+09:00,46713.23823590382,46945.25763111526,46171.859647077115,46635.8984375,3441,0.0,0.0
2022-06-27 00:00:00+09:00,46481.22649728715,46713.245930717865,46249.207063856426,46326.546875,3669,0.0,0.0
2022-06-28 00:00:00+09:00,46558.562958061884,47718.660041734525,46558.562958061884,47486.640625,5474,0.0,0.0
2022-06-29 00:00:00+09:00,47563.97695688101,48260.03515625,47331.957557091344,48260.03515625,5809,0.0,0.0
2022-06-30 00:00:00+09:00,48028.01926404723,48260.038680781756,47254.62120826547,47486.640625,5545,0.0,0.0
2022-07-01 00:00:00+09:00,47795.999575267706,47795.999575267706,46713.242303336076,46945.26171875,5045,0.0,0.0
2022-07-04 00:00:00+09:00,47177.28147828734,47718.66011820211,47022.60186688312,47641.3203125,4390,0.0,0.0
2022-07-05 00:00:00+09:00,47409.296875,47718.65607157422,47254.61727671288,47409.296875,5497,0.0,0.0
2022-07-06 00:00:00+09:00,46945.265264523914,47099.9448864828,46094.52734375,46094.52734375,6404,0.0,0.0
2022-07-07 00:00:00+09:00,46017.18351470278,46403.88253583474,45862.50390625,45862.50390625,3861,0.0,0.0
2022-07-08 00:00:00+09:00,45785.16786926995,46094.52711162988,45553.1484375,45553.1484375,6692,0.0,0.0
2022-07-11 00:00:00+09:00,46017.18733448093,46249.20676641949,45630.48828125,45630.48828125,4644,0.0,0.0
2022-07-12 00:00:00+09:00,46017.1796875,46249.199080882354,45630.48069852941,46017.1796875,5188,0.0,0.0
2022-07-13 00:00:00+09:00,45862.49990746616,46326.53869236464,45707.8203125,45707.8203125,4767,0.0,0.0
2022-07-14 00:00:00+09:00,45630.48453282828,46017.183554292926,45630.48453282828,45939.84375,2492,0.0,0.0
2022-07-15 00:00:00+09:00,45707.82805867997,45862.50767985993,45475.80862691002,45553.1484375,6075,0.0,0.0
2022-07-19 00:00:00+09:00,46017.18367226759,46558.56230370603,45553.144845320356,46171.86328125,7314,0.0,0.0
2022-07-20 00:00:00+09:00,46249.198894881556,46403.87848984772,45553.140717533846,45707.8203125,6468,0.0,0.0
2022-07-21 00:00:00+09:00,45630.48453282828,46017.183554292926,45630.48453282828,45939.84375,5567,0.0,0.0
2022-07-22 00:00:00+09:00,46249.206965708894,46326.54677668834,45939.847721791106,46094.52734375,5014,0.0,0.0
2022-07-25 00:00:00+09:00,46635.90611957429,46867.92555300501,46249.207063856426,46326.546875,6309,0.0,0.0
2022-07-26 00:00:00+09:00,46635.902265754994,46713.24207050749,46017.183827735025,46481.22265625,5388,0.0,0.0
2022-07-27 00:00:00+09:00,46635.902304817275,46945.26152408638,46249.2032807309,46558.5625,7698,0.0,0.0
2022-07-28 00:00:00+09:00,46063.8266635237,46935.94730603448,45905.25927397629,45984.54296875,43684,1476.0,0.0
2022-07-29 00:00:00+09:00,46063.82899816176,47173.80078125,46063.82899816176,47173.80078125,10535,0.0,0.0
2022-08-01 00:00:00+09:00,46698.099573145024,47094.51807546375,46539.532172217536,47015.234375,4466,0.0,0.0
2022-08-02 00:00:00+09:00,47173.80144817073,47173.80144817073,45270.99265026132,45508.84375,16539,0.0,0.0
2022-08-03 00:00:00+09:00,45270.98629667934,45429.55367425089,44081.73096489266,44319.58203125,9513,0.0,0.0
2022-08-04 00:00:00+09:00,44557.4453125,45033.147575622774,44478.16160197954,44557.4453125,4022,0.0,0.0
2022-08-05 00:00:00+09:00,44716.00727702109,45112.42578125,44478.156174483745,45112.42578125,5091,0.0,0.0
2022-08-08 00:00:00+09:00,45191.7041015625,45270.98779296875,44795.28564453125,45033.13671875,2801,0.0,0.0
2022-08-09 00:00:00+09:00,45588.133549266015,45588.133549266015,44557.4453125,44557.4453125,12793,0.0,0.0
2022-08-10 00:00:00+09:00,44398.86766637478,45270.98828125,44398.86766637478,45270.98828125,16032,0.0,0.0
2022-08-12 00:00:00+09:00,45191.71048280423,45350.277888007055,44874.57567239859,44953.859375,5440,0.0,0.0
2022-08-15 00:00:00+09:00,44795.2861276817,45350.271973511386,44716.00243542032,45270.98828125,12744,0.0,0.0
2022-08-16 00:00:00+09:00,45033.140106893545,45588.12598849258,44716.00531740838,45429.55859375,37164,0.0,0.0
2022-08-17 00:00:00+09:00,44795.290977866876,45667.411687170475,44795.290977866876,45112.42578125,30349,0.0,0.0
2022-08-18 00:00:00+09:00,45350.27391304348,45588.125,45033.139130434785,45588.125,8432,0.0,0.0
2022-08-19 00:00:00+09:00,45588.12598849258,45746.693383235164,45270.99119900742,45429.55859375,8327,0.0,0.0
2022-08-22 00:00:00+09:00,45350.277888007055,45350.277888007055,44874.57567239859,44953.859375,5281,0.0,0.0
2022-08-23 00:00:00+09:00,45112.43128614324,45112.43128614324,44557.4453125,44557.4453125,5458,0.0,0.0
2022-08-24 00:00:00+09:00,44557.4453125,44874.580154581854,44557.4453125,44557.4453125,6215,0.0,0.0
2022-08-25 00:00:00+09:00,44636.72801002881,44874.57913619238,44636.72801002881,44716.01171875,3124,0.0,0.0
2022-08-26 00:00:00+09:00,44874.57513385052,45350.27734375,44795.29143220061,45350.27734375,5017,0.0,0.0
2022-08-29 00:00:00+09:00,44953.85837955844,45191.70948209579,44716.00727702109,45112.42578125,6967,0.0,0.0
2022-08-30 00:00:00+09:00,45112.42426893446,45746.69385443793,45033.140570746524,45667.41015625,6621,0.0,0.0
2022-08-31 00:00:00+09:00,45588.125,45746.69239130435,45350.27391304348,45588.125,10158,0.0,0.0
2022-09-01 00:00:00+09:00,45350.27688378735,45429.56058463313,44953.85837955844,45112.42578125,5096,0.0,0.0
2022-09-02 00:00:00+09:00,45508.845751096494,45588.12945449561,45191.7109375,45191.7109375,3712,0.0,0.0
2022-09-05 00:00:00+09:00,45588.12744991289,45667.411149825784,45350.276350174216,45508.84375,5487,0.0,0.0
2022-09-06 00:00:00+09:00,45508.843223769436,45905.26171875,45429.55952477332,45905.26171875,5674,0.0,0.0
2022-09-07 00:00:00+09:00,45746.69235768654,46301.67822684391,45746.69235768654,46222.39453125,6796,0.0,0.0
2022-09-08 00:00:00+09:00,46380.96729853382,46380.96729853382,46063.832479398545,46301.68359375,6765,0.0,0.0
2022-09-09 00:00:00+09:00,46460.24900350765,46777.383808992345,46222.39789939413,46618.81640625,7715,0.0,0.0
2022-09-12 00:00:00+09:00,46698.099573145024,47015.234375,46698.099573145024,47015.234375,6165,0.0,0.0
2022-09-13 00:00:00+09:00,47173.80078125,47173.80078125,46856.665986081935,47173.80078125,6500,0.0,0.0
2022-09-14 00:00:00+09:00,46777.37842046422,47094.513189416524,46539.52734375,46539.52734375,5984,0.0,0.0
2022-09-15 00:00:00+09:00,46856.668422506315,47253.086937079126,46698.10101667719,47094.51953125,6912,0.0,0.0
2022-09-16 00:00:00+09:00,47094.51853502516,47253.0859375,46698.10002883808,47253.0859375,14147,0.0,0.0
2022-09-20 00:00:00+09:00,47094.51907519035,47332.37018163071,46698.10056445643,46856.66796875,7254,0.0,0.0
2022-09-21 00:00:00+09:00,46618.81640625,46935.95121173469,46460.24900350765,46618.81640625,6710,0.0,0.0
2022-09-22 00:00:00+09:00,46380.96333271749,47094.5166147593,46301.67963471284,46935.94921875,5436,0.0,0.0
2022-09-26 00:00:00+09:00,46380.962914156626,46777.38140060241,45825.977033132534,46063.828125,8930,0.0,0.0
2022-09-27 00:00:00+09:00,45588.1279863247,45984.54649055361,45112.42578125,45112.42578125,9467,0.0,0.0
2022-09-28 00:00:00+09:00,45191.709637771244,45429.560741127934,43764.6030176311,43843.88671875,8906,0.0,0.0
2022-09-29 00:00:00+09:00,44557.43948812724,44953.85798891129,44240.3046875,44240.3046875,4827,0.0,0.0
2022-09-30 00:00:00+09:00,44081.736300223216,44557.43849051339,43685.317808314736,44398.87109375,7002,0.0,0.0
2022-10-03 00:00:00+09:00,44874.57428875448,44874.57428875448,43843.88618671595,44240.3046875,5338,0.0,0.0
2022-10-04 00:00:00+09:00,44795.2890625,45033.14015486726,44478.15427267699,44795.2890625,5879,0.0,0.0
2022-10-05 00:00:00+09:00,45112.43128614324,45112.43128614324,44557.4453125,44557.4453125,5520,0.0,0.0
2022-10-06 00:00:00+09:00,44716.00727702109,45191.70948209579,44636.72357617531,45112.42578125,4358,0.0,0.0
2022-10-07 00:00:00+09:00,44557.4438641934,45033.146111853835,44240.309032419784,44478.16015625,4512,0.0,0.0
2022-10-11 00:00:00+09:00,44319.58203125,44716.00047517889,44081.73096489266,44319.58203125,4343,0.0,0.0
2022-10-12 00:00:00+09:00,44478.156327701174,44557.44002882007,43843.88671875,43843.88671875,5918,0.0,0.0
2022-10-13 00:00:00+09:00,43843.88579039077,43923.1694898309,43209.61619486975,43368.18359375,6062,0.0,0.0
2022-10-14 00:00:00+09:00,43923.175938644694,44002.45964972528,43288.90625,43288.90625,6113,0.0,0.0
2022-10-17 00:00:00+09:00,43209.613787615745,43447.46487268519,42416.77683738426,42813.1953125,7561,0.0,0.0
2022-10-18 00:00:00+09:00,42971.76516117811,43130.33256029685,42496.062963821896,42733.9140625,7249,0.0,0.0
2022-10-19 00:00:00+09:00,42733.91164679277,42813.195341870305,42178.92578125,42178.92578125,5002,0.0,0.0
2022-10-20 00:00:00+09:00,42178.92869264981,42575.34719540028,42178.92869264981,42337.49609375,6022,0.0,0.0
2022-10-21 00:00:00+09:00,42575.35011223181,42654.633818213624,42258.21528830457,42496.06640625,4745,0.0,0.0
2022-10-24 00:00:00+09:00,42416.77932997882,42654.63042902543,42099.64453125,42099.64453125,3845,0.0,0.0
2022-10-25 00:00:00+09:00,42178.9282309322,42258.21193061441,41861.79343220339,42099.64453125,9172,0.0,0.0
2022-10-26 00:00:00+09:00,42416.781503835744,44002.45557874549,42337.497800090256,43923.171875,8636,0.0,0.0
2022-10-27 00:00:00+09:00,43606.038382548846,44795.29397480017,43288.90355794849,44636.7265625,8558,0.0,0.0
2022-10-28 00:00:00+09:00,44398.8671875,45112.42041015625,44161.01611328125,45033.13671875,6615,0.0,0.0
2022-10-31 00:00:00+09:00,44795.291969797174,45270.994185405645,44319.58975418871,44953.859375,6880,0.0,0.0
2022-11-01 00:00:00+09:00,45270.99212678109,45905.26171875,44716.00623380829,45905.26171875,7342,0.0,0.0
2022-11-02 00:00:00+09:00,45905.26734956782,45905.26734956782,44716.01171875,44716.01171875,7428,0.0,0.0
2022-11-04 00:00:00+09:00,44398.87109375,44953.85698242188,44319.587395368304,44398.87109375,4111,0.0,0.0
2022-11-07 00:00:00+09:00,44398.872087813616,44636.72318828405,44161.02098734319,44240.3046875,2676,0.0,0.0
2022-11-08 00:00:00+09:00,44398.872087813616,44557.43948812724,44240.3046875,44240.3046875,2102,0.0,0.0
2022-11-09 00:00:00+09:00,44240.29834246422,44636.71678639311,44161.014653678445,44319.58203125,3136,0.0,0.0
2022-11-10 00:00:00+09:00,44240.30322879264,44398.87062387792,44161.01953125,44161.01953125,5014,0.0,0.0
2022-11-11 00:00:00+09:00,44716.011280080216,44874.57869596702,44319.592740363194,44478.16015625,9200,0.0,0.0
2022-11-14 00:00:00+09:00,44557.44002882007,44557.44002882007,43685.31931651221,43843.88671875,3829,0.0,0.0
2022-11-15 00:00:00+09:00,43923.17287986866,44161.023996546646,43685.32176319067,43764.60546875,4696,0.0,0.0
2022-11-16 00:00:00+09:00,44002.45557874549,44161.022986236465,43764.60446750902,43923.171875,2969,0.0,0.0
2022-11-17 00:00:00+09:00,44081.74029098732,44161.023996546646,43606.03805763134,43764.60546875,10426,0.0,0.0
2022-11-18 00:00:00+09:00,43685.31931651221,44002.45412098779,43606.03561539331,43843.88671875,4864,0.0,0.0
2022-11-21 00:00:00+09:00,43923.16843862209,44557.4380189632,43923.16843862209,44161.01953125,6306,0.0,0.0
2022-11-22 00:00:00+09:00,44398.87262658228,44398.87262658228,43843.88671875,43843.88671875,4311,0.0,0.0
2022-11-24 00:00:00+09:00,44081.73583370736,44240.30322879264,43923.16843862209,44161.01953125,5302,0.0,0.0
2022-11-25 00:00:00+09:00,44161.02198319469,44319.58938708408,43923.17087736061,44081.73828125,4954,0.0,0.0
2022-11-28 00:00:00+09:00,44240.3120777027,44398.879504504504,43923.1772240991,44002.4609375,10452,0.0,0.0
2022-11-29 00:00:00+09:00,44081.73578539823,44795.2890625,44002.452087942474,44795.2890625,3648,0.0,0.0
2022-11-30 00:00:00+09:00,44557.43309760733,44795.284163964665,44240.29834246422,44319.58203125,5724,0.0,0.0
2022-12-01 00:00:00+09:00,44319.585972946916,44478.15336462115,43685.31640625,43685.31640625,3899,0.0,0.0
2022-12-02 00:00:00+09:00,44002.45318927103,44002.45318927103,43368.18359375,43368.18359375,4987,0.0,0.0
2022-12-05 00:00:00+09:00,43764.60010208712,43843.88379792423,43447.46531873866,43685.31640625,2877,0.0,0.0
2022-12-06 00:00:00+09:00,43526.753356272566,44081.73928249098,43526.753356272566,43923.171875,2490,0.0,0.0
2022-12-07 00:00:00+09:00,44002.456585427986,44081.74029098732,43764.60546875,43764.60546875,4452,0.0,0.0
2022-12-08 00:00:00+09:00,43685.31885653409,43843.88625710227,43447.46775568182,43606.03515625,4743,0.0,0.0
2022-12-09 00:00:00+09:00,43764.59962363139,44002.45070854243,43368.18114877966,43447.46484375,5218,0.0,0.0
2022-12-12 00:00:00+09:00,43606.038172104774,43606.038172104774,42971.76852596507,43130.3359375,6558,0.0,0.0
2022-12-13 00:00:00+09:00,43526.75738324176,43606.04109432235,43051.055116758245,43288.90625,4638,0.0,0.0
2022-12-14 00:00:00+09:00,43209.61619486975,43685.31839151051,43130.33249542962,43368.18359375,3847,0.0,0.0
2022-12-15 00:00:00+09:00,43526.75,43685.317395264115,43288.89890710383,43526.75,6271,0.0,0.0
2022-12-16 00:00:00+09:00,43526.75865709459,44002.4609375,43368.191230292796,44002.4609375,12896,0.0,0.0
2022-12-19 00:00:00+09:00,44002.452185792354,44002.452185792354,43288.89890710383,43526.75,4853,0.0,0.0
2022-12-20 00:00:00+09:00,43606.02976958255,43685.3134600727,41782.5048883091,42258.20703125,13249,0.0,0.0
2022-12-21 00:00:00+09:00,42416.77683738426,43606.03226273148,42416.77683738426,42813.1953125,7950,0.0,0.0
2022-12-22 00:00:00+09:00,43051.05078125,43209.61818744245,42654.63226576888,43051.05078125,3860,0.0,0.0
2022-12-23 00:00:00+09:00,42892.481997600655,42971.765698150746,42337.49609375,42337.49609375,5063,0.0,0.0
2022-12-26 00:00:00+09:00,42496.05810998152,42892.4765625,42258.20703847043,42892.4765625,7104,0.0,0.0
2022-12-27 00:00:00+09:00,42733.91497993119,43209.6171875,42733.91497993119,43209.6171875,2558,0.0,0.0
2022-12-28 00:00:00+09:00,43130.33340867992,43843.88671875,43051.049707561026,43843.88671875,5029,0.0,0.0
2022-12-29 00:00:00+09:00,43606.03805763134,43843.889174309326,43526.754352072014,43764.60546875,3154,0.0,0.0
2022-12-30 00:00:00+09:00,43764.60546875,44002.456585427986,43447.47064651268,43764.60546875,3173,0.0,0.0
2023-01-04 00:00:00+09:00,43923.16848816029,44081.73588342441,43526.75,43526.75,2958,0.0,0.0
2023-01-05 00:00:00+09:00,43764.59962363139,43843.88331860174,42971.76267392792,43447.46484375,7121,0.0,0.0
2023-01-06 00:00:00+09:00,43209.61874128717,43209.61874128717,42654.6328125,42654.6328125,7448,0.0,0.0
2023-01-10 00:00:00+09:00,42892.478025541976,43130.32910516605,42733.91063912592,42971.76171875,3684,0.0,0.0
2023-01-11 00:00:00+09:00,43130.330092592594,43288.89748263889,42733.91161747685,42813.1953125,4031,0.0,0.0
2023-01-12 00:00:00+09:00,42813.19776205937,42892.481461618736,42575.346663381264,42733.9140625,6675,0.0,0.0
2023-01-13 00:00:00+09:00,42892.48246188315,43130.333566108005,42575.34765625,42575.34765625,6145,0.0,0.0
2023-01-16 00:00:00+09:00,42813.198297050556,42892.481997600655,42337.49609375,42337.49609375,5612,0.0,0.0
2023-01-17 00:00:00+09:00,42337.49072174015,42496.05810272045,42099.6396502697,42258.20703125,5876,0.0,0.0
2023-01-18 00:00:00+09:00,42416.780174885316,43447.4682912844,42337.496473623854,43209.6171875,5575,0.0,0.0
2023-01-19 00:00:00+09:00,43368.178698112104,43368.178698112104,42178.92334075985,42258.20703125,10137,0.0,0.0
2023-01-20 00:00:00+09:00,42416.782700268195,42813.20123017724,42337.49899428638,42496.06640625,6702,0.0,0.0
2023-01-23 00:00:00+09:00,42813.19815340909,43606.03515625,42813.19815340909,43606.03515625,4866,0.0,0.0
2023-01-24 00:00:00+09:00,43606.03515625,43843.88625710227,43209.616654829544,43606.03515625,4088,0.0,0.0
2023-01-25 00:00:00+09:00,43606.03569380734,43764.60309633028,43130.33348623853,43209.6171875,6171,0.0,0.0
2023-01-26 00:00:00+09:00,43368.17870552218,43606.02977703327,42892.4765625,42892.4765625,13943,0.0,0.0
2023-01-27 00:00:00+09:00,42892.47944787886,43685.31640625,42892.47944787886,43685.31640625,6440,0.0,0.0
2023-01-30 00:00:00+09:00,43515.00921846011,43922.453125,43433.52043715213,43922.453125,4923,1491.0,0.0
2023-01-31 00:00:00+09:00,43759.47769657258,43759.47769657258,42863.10105846774,42944.58984375,6047,0.0,0.0
2023-02-01 00:00:00+09:00,43189.05078125,43352.028331367925,43107.56200619104,43189.05078125,2167,0.0,0.0
2023-02-02 00:00:00+09:00,43433.515625,43515.00439727955,43189.049308161346,43433.515625,3220,0.0,0.0
2023-02-03 00:00:00+09:00,43515.00439727955,43596.4931695591,43189.049308161346,43433.515625,5136,0.0,0.0
2023-02-06 00:00:00+09:00,43433.514646612144,43759.46972838785,43352.02587616822,43596.4921875,2881,0.0,0.0
2023-02-07 00:00:00+09:00,43433.52053172081,43515.00931320621,43189.05418726459,43270.54296875,2926,0.0,0.0
2023-02-08 00:00:00+09:00,43189.05269779963,43596.49659117509,43107.56391912453,43515.0078125,4403,0.0,0.0
2023-02-09 00:00:00+09:00,43433.517603969754,43515.00637996219,43026.07372400756,43107.5625,5003,0.0,0.0
2023-02-10 00:00:00+09:00,42944.58784280838,43270.54296875,42944.58784280838,43270.54296875,5227,0.0,0.0
2023-02-13 00:00:00+09:00,43352.028827977316,43433.517603969754,42944.58494801512,43107.5625,2738,0.0,0.0
2023-02-14 00:00:00+09:00,43189.05418726459,43352.0317502354,43026.07662429378,43270.54296875,2587,0.0,0.0
2023-02-15 00:00:00+09:00,43270.53955630896,43352.028331367925,43026.073231132075,43189.05078125,3206,0.0,0.0
2023-02-16 00:00:00+09:00,43270.53857054746,43433.51611695254,43189.049797344924,43352.02734375,3992,0.0,0.0
2023-02-17 00:00:00+09:00,43189.04833528037,43596.4921875,43189.04833528037,43596.4921875,2460,0.0,0.0
2023-02-20 00:00:00+09:00,43759.47069229436,44329.892097966724,43759.47069229436,44085.42578125,3209,0.0,0.0
2023-02-21 00:00:00+09:00,44085.425291166976,44248.402833833024,44003.93651983395,44166.9140625,3409,0.0,0.0
2023-02-22 00:00:00+09:00,44166.920869715075,44329.8984375,44085.43208582261,44329.8984375,5081,0.0,0.0
2023-02-24 00:00:00+09:00,44737.341246897566,45226.27393812049,44492.8749012861,45144.78515625,9939,0.0,0.0
2023-02-27 00:00:00+09:00,44818.82862306466,44900.31740237933,44492.87350580601,44737.33984375,5463,0.0,0.0
2023-02-28 00:00:00+09:00,44492.87350580601,44737.33984375,44166.91838854736,44737.33984375,6334,0.0,0.0
2023-03-01 00:00:00+09:00,44818.82523148148,44818.82523148148,43922.44872685186,44003.9375,5802,0.0,0.0
2023-03-02 00:00:00+09:00,44003.943801795576,44248.41015625,43596.499877704875,44248.41015625,3404,0.0,0.0
2023-03-03 00:00:00+09:00,44492.869642444544,44492.869642444544,44085.42578125,44085.42578125,3650,0.0,0.0
2023-03-06 00:00:00+09:00,44411.38671875,44492.875501720184,44248.40915280963,44411.38671875,3145,0.0,0.0
2023-03-07 00:00:00+09:00,44411.38671875,44574.36428469037,44166.92036983945,44411.38671875,2192,0.0,0.0
2023-03-08 00:00:00+09:00,44411.38671875,44492.875501720184,44003.94280389908,44411.38671875,3983,0.0,0.0
2023-03-09 00:00:00+09:00,44166.92374942765,44655.85648466117,44166.92374942765,44492.87890625,2529,0.0,0.0
2023-03-10 00:00:00+09:00,44655.85106443534,44981.806181693995,44574.362285120675,44737.33984375,4952,0.0,0.0
2023-03-13 00:00:00+09:00,44655.85357306985,44737.34235696232,44003.94330193014,44329.8984375,2689,0.0,0.0
2023-03-14 00:00:00+09:00,44166.92036983945,44655.85306766055,44003.94280389908,44411.38671875,4435,0.0,0.0
2023-03-15 00:00:00+09:00,44574.365295522555,44900.32043479512,44085.432586613715,44248.41015625,5387,0.0,0.0
2023-03-16 00:00:00+09:00,44003.94048455056,44248.406820575845,43352.03025514981,43515.0078125,6010,0.0,0.0
2023-03-17 00:00:00+09:00,43596.49809469162,44003.942002118645,42863.09906132297,43270.54296875,14199,0.0,0.0
2023-03-20 00:00:00+09:00,43026.08203125,43270.54840642756,42618.638072620735,43026.08203125,6893,0.0,0.0
2023-03-22 00:00:00+09:00,42944.588730796095,43759.4765625,42944.588730796095,43759.4765625,4385,0.0,0.0
2023-03-23 00:00:00+09:00,43515.010713036376,43922.45463357043,43189.05557660914,43677.98828125,3176,0.0,0.0
2023-03-24 00:00:00+09:00,43759.47020583487,44329.891605166056,43515.0038918358,44166.9140625,6425,0.0,0.0
2023-03-27 00:00:00+09:00,44085.431586869265,44574.36428469037,44085.431586869265,44411.38671875,4864,0.0,0.0
2023-03-28 00:00:00+09:00,44492.87450011426,44574.36328125,43922.45303216408,44574.36328125,5252,0.0,0.0
2023-03-29 00:00:00+09:00,44655.85056818182,44818.828125,44329.895454545454,44818.828125,5667,0.0,0.0
2023-03-30 00:00:00+09:00,44818.82962465722,44900.31840579296,44248.40815670704,44574.36328125,4160,0.0,0.0
2023-03-31 00:00:00+09:00,44655.84765625,44737.33642934534,44329.89256386861,44655.84765625,3760,0.0,0.0
2023-04-03 00:00:00+09:00,44737.33830217634,45959.669949776784,44574.360749162945,45633.71484375,10050,0.0,0.0
2023-04-04 00:00:00+09:00,45878.18699440381,45959.67578125,45226.276699634305,45959.67578125,7474,0.0,0.0
2023-04-05 00:00:00+09:00,45552.22805895908,45796.69439916816,45063.29537854092,45307.76171875,5779,0.0,0.0
2023-04-06 00:00:00+09:00,45144.78565777576,45633.71835443038,45063.296875,45063.296875,3787,0.0,0.0
2023-04-07 00:00:00+09:00,45063.29537854092,45470.739278889385,44900.31781840153,45307.76171875,4902,0.0,0.0
2023-04-10 00:00:00+09:00,45307.76122082585,45715.20511669659,45226.27244165171,45389.25,3242,0.0,0.0
2023-04-11 00:00:00+09:00,45389.250498819696,45633.71683902878,45226.272938680304,45307.76171875,3945,0.0,0.0
2023-04-12 00:00:00+09:00,45226.27494480299,45389.25251217165,44737.342242697014,44981.80859375,5346,0.0,0.0
2023-04-13 00:00:00+09:00,44900.31781840153,45633.71683902878,44900.31781840153,45307.76171875,3470,0.0,0.0
2023-04-14 00:00:00+09:00,45633.71484375,45878.18117327009,45307.759737723216,45633.71484375,4168,0.0,0.0
2023-04-17 00:00:00+09:00,45796.69871225577,45878.1875,45552.23234902309,45878.1875,2975,0.0,0.0
2023-04-18 00:00:00+09:00,45959.67427248677,46204.140625,45878.18548831569,46204.140625,4556,0.0,0.0
2023-04-19 00:00:00+09:00,46041.15872628348,46041.15872628348,45470.73729073661,45633.71484375,3041,0.0,0.0
2023-04-20 00:00:00+09:00,45796.69972704991,45796.69972704991,45633.722147950095,45715.2109375,3128,0.0,0.0
2023-04-21 00:00:00+09:00,45878.18317923786,45878.18317923786,45226.272938680304,45307.76171875,2191,0.0,0.0
2023-04-24 00:00:00+09:00,45307.76171875,45552.22805895908,45307.76171875,45307.76171875,1242,0.0,0.0
2023-04-25 00:00:00+09:00,45307.76171875,45389.250498819696,44981.80659847122,45307.76171875,2553,0.0,0.0
2023-04-26 00:00:00+09:00,45389.251501861465,45470.74028373195,45063.29637437952,45144.78515625,3544,0.0,0.0
2023-04-27 00:00:00+09:00,45307.76372848732,45389.25251217165,44900.319810065674,44981.80859375,2689,0.0,0.0
2023-04-28 00:00:00+09:00,45226.27244165171,45470.73877917415,45063.29488330341,45389.25,3048,0.0,0.0
2023-05-01 00:00:00+09:00,45715.203620256696,45796.69239676339,45470.73729073661,45633.71484375,2473,0.0,0.0
2023-05-02 00:00:00+09:00,45552.2275583483,45715.20511669659,45307.76122082585,45389.25,2553,0.0,0.0
2023-05-08 00:00:00+09:00,45552.23335840018,45715.2109375,45389.25577930036,45715.2109375,2884,0.0,0.0
2023-05-09 00:00:00+09:00,45715.203620256696,45959.669949776784,45633.71484375,45633.71484375,3984,0.0,0.0
2023-05-10 00:00:00+09:00,45878.1875,45959.67628774423,45633.721136767315,45878.1875,2862,0.0,0.0
2023-05-11 00:00:00+09:00,45878.17773786896,45878.17773786896,45552.22265625,45552.22265625,1623,0.0,0.0
2023-05-12 00:00:00+09:00,45470.74356127886,45878.1875,45389.25477353464,45878.1875,2514,0.0,0.0
2023-05-15 00:00:00+09:00,46041.15959140897,46937.536149825784,45959.67081337108,46774.55859375,5859,0.0,0.0
2023-05-16 00:00:00+09:00,46856.045886590124,47344.97853931976,46774.55711113518,47019.0234375,3207,0.0,0.0
2023-05-17 00:00:00+09:00,47263.490261501734,47263.490261501734,46774.55760362413,46937.53515625,2528,0.0,0.0
2023-05-18 00:00:00+09:00,47019.025428119545,47100.51420702443,46693.0703125,46693.0703125,2506,0.0,0.0
2023-05-19 00:00:00+09:00,46937.53806228374,47100.515625,46774.56049956747,47100.515625,3322,0.0,0.0
2023-05-22 00:00:00+09:00,47263.49168997419,47344.98046875,47019.025353646735,47344.98046875,2477,0.0,0.0
2023-05-23 00:00:00+09:00,47263.48828125,47344.97705414871,47019.02196255388,47263.48828125,2959,0.0,0.0
2023-05-24 00:00:00+09:00,47263.48828125,47589.44337284483,47100.51073545258,47263.48828125,4370,0.0,0.0
2023-05-25 00:00:00+09:00,47182.001485188805,47263.490261501734,46856.04637993707,46937.53515625,5340,0.0,0.0
2023-05-26 00:00:00+09:00,47263.49168997419,47589.44680507745,47100.51413242255,47344.98046875,5311,0.0,0.0
2023-05-29 00:00:00+09:00,47589.44673174873,48241.35696095076,47507.95795309847,47996.890625,4389,0.0,0.0
2023-05-30 00:00:00+09:00,48159.871596927966,48241.36038135593,47833.9164592161,48078.3828125,3241,0.0,0.0
2023-05-31 00:00:00+09:00,47915.40097826087,48648.799972826084,46856.046875,46856.046875,14284,0.0,0.0
2023-06-01 00:00:00+09:00,47426.46924752582,47915.401920180724,47019.025353646735,47344.98046875,5674,0.0,0.0
2023-06-02 00:00:00+09:00,47507.95752792096,47752.42386168385,47019.024860395184,47426.46875,3626,0.0,0.0
2023-06-05 00:00:00+09:00,47426.46825418096,47589.44580831904,47263.49070004288,47507.95703125,2499,0.0,0.0
2023-06-06 00:00:00+09:00,47507.9550614885,47996.887703630746,47263.48874041737,47833.91015625,4628,0.0,0.0
2023-06-07 00:00:00+09:00,47833.91314140491,47833.91314140491,47344.98046875,47344.98046875,4968,0.0,0.0
2023-06-08 00:00:00+09:00,47589.448218856654,47915.403343643346,47426.47065646331,47752.42578125,6420,0.0,0.0
2023-06-09 00:00:00+09:00,48567.31299894958,48567.31299894958,47915.402757352946,48485.82421875,7493,0.0,0.0
2023-06-12 00:00:00+09:00,48485.82471853956,48648.802280618685,48322.84715646043,48404.3359375,3795,0.0,0.0
2023-06-13 00:00:00+09:00,48485.82622805626,48567.31501163283,48078.38231017344,48159.87109375,2712,0.0,0.0
2023-06-14 00:00:00+09:00,48078.3828125,48404.33795021186,47915.40524364407,48078.3828125,3226,0.0,0.0
2023-06-15 00:00:00+09:00,48241.35639632107,48811.77784019648,48159.86761862458,48730.2890625,3963,0.0,0.0
2023-06-16 00:00:00+09:00,48730.291565661886,48730.291565661886,48241.35887436762,48322.84765625,4196,0.0,0.0
2023-06-19 00:00:00+09:00,48485.82380022322,48485.82380022322,47833.913564253824,47915.40234375,1980,0.0,0.0
2023-06-20 00:00:00+09:00,47915.40234375,47996.891123246176,47507.958446269135,47915.40234375,2542,0.0,0.0
2023-06-21 00:00:00+09:00,47752.42428904923,47996.890625,47670.93551039898,47996.890625,2447,0.0,0.0
2023-06-22 00:00:00+09:00,47752.42578125,47915.403343643346,47507.959437659985,47752.42578125,2775,0.0,0.0
2023-06-23 00:00:00+09:00,47507.95752792096,48159.86775128866,47344.97997207904,47426.46875,3351,0.0,0.0
2023-06-26 00:00:00+09:00,47263.49070004288,47752.42336245712,47019.024368835766,47507.95703125,3071,0.0,0.0
2023-06-27 00:00:00+09:00,47752.42767478813,48078.3828125,47426.47253707627,48078.3828125,2655,0.0,0.0
2023-06-28 00:00:00+09:00,47915.40325126262,48404.3359375,47915.40325126262,48404.3359375,3974,0.0,0.0
2023-06-29 00:00:00+09:00,48404.3374444797,48730.29257878596,47915.404743020306,48159.87109375,3654,0.0,0.0
2023-06-30 00:00:00+09:00,48241.35887436762,48485.825220014754,48078.38131060286,48322.84765625,3875,0.0,0.0
2023-07-03 00:00:00+09:00,48404.3359375,48648.802280618685,48159.869594381315,48404.3359375,3095,0.0,0.0
2023-07-04 00:00:00+09:00,48485.82622805626,48567.31501163283,48078.38231017344,48159.87109375,2372,0.0,0.0
2023-07-05 00:00:00+09:00,48159.86818230051,48241.35696095076,47833.91306769949,47996.890625,3357,0.0,0.0
2023-07-06 00:00:00+09:00,47996.887703630746,48078.37647732112,47670.93260886925,47833.91015625,2690,0.0,0.0
2023-07-07 00:00:00+09:00,47915.40435038527,47996.89313329409,47589.44921875,47589.44921875,2649,0.0,0.0
2023-07-10 00:00:00+09:00,47670.93260886925,47915.39892994037,47507.9550614885,47833.91015625,3195,0.0,0.0
2023-07-11 00:00:00+09:00,47752.42678456764,48078.38191620291,47589.44921875,47589.44921875,2509,0.0,0.0
2023-07-12 00:00:00+09:00,47670.93508376289,47752.42386168385,47263.49119415807,47426.46875,3076,0.0,0.0
2023-07-13 00:00:00+09:00,47263.49318771627,47344.9819690744,47019.02684364187,47100.515625,3159,0.0,0.0
2023-07-14 00:00:00+09:00,47263.48828125,47507.95459994612,47019.02196255388,47263.48828125,2775,0.0,0.0
2023-07-18 00:00:00+09:00,47019.024860395184,47507.95752792096,46611.580970790375,47426.46875,6387,0.0,0.0
2023-07-19 00:00:00+09:00,47507.959437659985,47752.42578125,47263.49309406996,47752.42578125,2860,0.0,0.0
2023-07-20 00:00:00+09:00,47670.93458538808,48078.378470733274,47507.95703125,47507.95703125,3945,0.0,0.0
2023-07-21 00:00:00+09:00,47670.93700005333,47915.403343643346,47507.959437659985,47752.42578125,4174,0.0,0.0
2023-07-24 00:00:00+09:00,47833.9164592161,48159.871596927966,47752.42767478813,48078.3828125,3399,0.0,0.0
2023-07-25 00:00:00+09:00,48159.86868223852,48159.86868223852,47752.424784757655,47915.40234375,2510,0.0,0.0
2023-07-26 00:00:00+09:00,47996.88914036106,48404.33302100929,47833.91158810177,48241.35546875,4816,0.0,0.0
2023-07-27 00:00:00+09:00,48648.80177914916,48648.80177914916,48159.86909795168,48485.82421875,14010,0.0,0.0
2023-07-28 00:00:00+09:00,47888.05760869565,48222.93913043478,47302.01494565217,48139.21875,11602,1586.0,0.0
2023-07-31 00:00:00+09:00,48139.21875,48474.10027173913,47888.05760869565,48139.21875,7303,0.0,0.0
2023-08-01 00:00:00+09:00,48139.221752153266,48222.94213780919,47385.73828125,47385.73828125,3352,0.0,0.0
2023-08-02 00:00:00+09:00,47804.33722826087,48139.21875,47553.17608695652,48139.21875,4779,0.0,0.0
2023-08-03 00:00:00+09:00,47971.77798913043,48390.37989130434,47971.77798913043,48139.21875,2944,0.0,0.0
2023-08-04 00:00:00+09:00,48222.94267241379,48725.2649919181,48222.94267241379,48557.82421875,4386,0.0,0.0
2023-08-07 00:00:00+09:00,48641.541337789946,48976.422861630155,48474.100575869845,48725.26171875,2636,0.0,0.0
2023-08-08 00:00:00+09:00,46715.97235140653,46967.133493080764,46129.9296875,46129.9296875,83646,0.0,0.0
2023-08-09 00:00:00+09:00,46046.20930694192,46799.692731964606,46046.20930694192,46129.9296875,22356,0.0,0.0
2023-08-10 00:00:00+09:00,46464.80988671191,48055.497072022765,46464.80988671191,47804.3359375,25880,0.0,0.0
2023-08-14 00:00:00+09:00,48055.50072030142,48139.22110483156,47050.85610593972,47218.296875,17004,0.0,0.0
2023-08-15 00:00:00+09:00,46715.97669127747,46967.13785628434,45711.33203125,45711.33203125,73562,0.0,0.0
2023-08-16 00:00:00+09:00,45460.16860665137,45627.609375,45209.00745412844,45627.609375,128573,0.0,0.0
2023-08-17 00:00:00+09:00,45376.44629812152,45376.44629812152,44874.124014378474,45125.28515625,34525,0.0,0.0
2023-08-18 00:00:00+09:00,45292.72920303771,45543.89036312849,44874.12726955307,44957.84765625,45949,0.0,0.0
2023-08-21 00:00:00+09:00,45125.288689108456,45543.890625,44874.127527573524,45543.890625,129366,0.0,0.0
2023-08-22 00:00:00+09:00,45460.16761946852,46213.65106067518,45209.00647239963,45878.76953125,178501,0.0,0.0
2023-08-23 00:00:00+09:00,46129.93195906929,46381.09311311141,45627.609650985054,46213.65234375,27812,0.0,0.0
2023-08-24 00:00:00+09:00,46297.376248316876,46799.698594591566,46297.376248316876,46632.2578125,19160,0.0,0.0
2023-08-25 00:00:00+09:00,46381.09375,46715.975293321295,46213.65297833935,46381.09375,18310,0.0,0.0
2023-08-28 00:00:00+09:00,46464.814135830326,46548.53452166065,45962.49182084837,46381.09375,12716,0.0,0.0
2023-08-29 00:00:00+09:00,46381.09525719027,47385.739919800886,46297.37486863938,47302.01953125,18716,0.0,0.0
2023-08-30 00:00:00+09:00,47134.57515433785,47888.05859375,47134.57515433785,47888.05859375,13590,0.0,0.0
2023-08-31 00:00:00+09:00,47971.77540074482,48641.538408085056,47804.33464890975,48474.09765625,27177,0.0,0.0
2023-09-01 00:00:00+09:00,48306.66179063585,48557.822943793406,47804.33948432075,48222.94140625,15568,0.0,0.0
2023-09-04 00:00:00+09:00,48390.38181744837,48808.98373628443,48306.661433681154,48641.54296875,9829,0.0,0.0
2023-09-05 00:00:00+09:00,48808.97915992012,48808.97915992012,48222.936528497405,48474.09765625,12809,0.0,0.0
2023-09-06 00:00:00+09:00,48557.822943793406,48557.822943793406,48222.94140625,48222.94140625,12593,0.0,0.0
2023-09-07 00:00:00+09:00,48222.94140625,48390.3821750217,48055.500637478304,48222.94140625,7680,0.0,0.0
2023-09-08 00:00:00+09:00,48390.37924029232,48390.37924029232,47636.89582651614,47971.77734375,11609,0.0,0.0
2023-09-11 00:00:00+09:00,47971.77997308875,48139.220740883124,47469.45766970562,47636.8984375,5616,0.0,0.0
2023-09-12 00:00:00+09:00,47469.45540135343,47636.896161146564,47218.29426166373,47553.17578125,5056,0.0,0.0
2023-09-13 00:00:00+09:00,47636.89879765071,48139.22110483156,47218.296875,47218.296875,6030,0.0,0.0
2023-09-14 00:00:00+09:00,47302.01889986679,47553.18006216696,46967.13735013321,47134.578125,12130,0.0,0.0
2023-09-15 00:00:00+09:00,47050.858989197535,47553.1813271605,46967.13859953704,47469.4609375,14626,0.0,0.0
2023-09-19 00:00:00+09:00,47385.73783233276,48808.984375,47385.73783233276,48808.984375,10443,0.0,0.0
2023-09-20 00:00:00+09:00,48808.984375,49060.145529588335,48557.823220411665,48808.984375,9894,0.0,0.0
2023-09-21 00:00:00+09:00,48808.98338177261,49395.02606388652,48641.54261545435,49060.14453125,8615,0.0,0.0
2023-09-22 00:00:00+09:00,48808.98373628443,48892.70412005163,48306.661433681154,48641.54296875,8759,0.0,0.0
2023-09-25 00:00:00+09:00,48976.42514472556,49227.586299313894,48641.54360527444,48808.984375,8401,0.0,0.0
2023-09-26 00:00:00+09:00,48808.984375,48892.704759862776,48139.22129609777,48808.984375,8554,0.0,0.0
2023-09-27 00:00:00+09:00,48892.70503177966,49395.02734375,48725.26426112288,49395.02734375,9201,0.0,0.0
2023-09-28 00:00:00+09:00,49143.86231482482,49227.58269355536,48390.37890625,48390.37890625,7490,0.0,0.0
2023-09-29 00:00:00+09:00,48306.65690441494,48641.538408085056,47804.33464890975,48474.09765625,12568,0.0,0.0
2023-10-02 00:00:00+09:00,48725.26335251721,49060.14488758606,48557.82258498279,48641.54296875,6631,0.0,0.0
2023-10-03 00:00:00+09:00,48892.70282712305,48892.70282712305,48139.219393143416,48306.66015625,7086,0.0,0.0
2023-10-04 00:00:00+09:00,47804.34225027902,47888.062639508935,46548.53641183036,46883.41796875,17840,0.0,0.0
2023-10-05 00:00:00+09:00,47385.73566337719,47888.0579495614,47134.57452028509,47720.6171875,8973,0.0,0.0
2023-10-06 00:00:00+09:00,47553.179052561834,47720.619823873676,47302.01789559408,47385.73828125,4430,0.0,0.0
2023-10-10 00:00:00+09:00,47385.73756239149,48390.3821750217,47385.73756239149,48222.94140625,5616,0.0,0.0
2023-10-11 00:00:00+09:00,48139.21875,48390.37989130434,48055.49836956521,48139.21875,3897,0.0,0.0
2023-10-12 00:00:00+09:00,48390.38181744837,48976.424503818846,48139.22066614673,48641.54296875,6754,0.0,0.0
2023-10-13 00:00:00+09:00,48557.8209568299,48976.422861630155,48474.100575869845,48725.26171875,7838,0.0,0.0
2023-10-16 00:00:00+09:00,48892.701178633215,48892.701178633215,48222.938148788926,48390.37890625,7114,0.0,0.0
2023-10-17 00:00:00+09:00,48390.379857857755,49227.583661626915,48390.379857857755,49143.86328125,10039,0.0,0.0
2023-10-18 00:00:00+09:00,48892.70278013583,49646.18621339134,48892.70278013583,49311.3046875,9293,0.0,0.0
2023-10-19 00:00:00+09:00,49227.58845427852,50148.51272808306,49227.58845427852,49897.3515625,9887,0.0,0.0
2023-10-20 00:00:00+09:00,49813.62927039195,49897.34965572034,49227.58657309322,49395.02734375,5407,0.0,0.0
2023-10-23 00:00:00+09:00,49143.863623550256,49311.30438547036,48641.541337789946,48725.26171875,7029,0.0,0.0
2023-10-24 00:00:00+09:00,48557.81966371107,48808.98079990268,48306.65852751946,48390.37890625,6497,0.0,0.0
2023-10-25 00:00:00+09:00,48474.101849136096,49227.585297568265,48390.38146597696,49060.14453125,6392,0.0,0.0
2023-10-26 00:00:00+09:00,48808.97915992012,49060.14028767271,48390.37728033247,48474.09765625,4493,0.0,0.0
2023-10-27 00:00:00+09:00,48808.98338177261,49143.86491440913,48641.54261545435,49060.14453125,6002,0.0,0.0
2023-10-30 00:00:00+09:00,48222.93947368421,48474.10061677631,47720.6171875,47720.6171875,7215,0.0,0.0
2023-10-31 00:00:00+09:00,47888.0579495614,47971.778330592104,47385.73566337719,47720.6171875,6210,0.0,0.0
2023-11-01 00:00:00+09:00,48055.49935806381,48390.38088669143,47804.338211593094,47888.05859375,6572,0.0,0.0
2023-11-02 00:00:00+09:00,47888.05663386678,48390.37890625,47720.6158764057,48390.37890625,10010,0.0,0.0
2023-11-06 00:00:00+09:00,48474.09928498053,48892.701178633215,48306.65852751946,48390.37890625,6135,0.0,0.0
2023-11-07 00:00:00+09:00,48557.82223229522,49143.86491440913,48306.66108281784,49060.14453125,9256,0.0,0.0
2023-11-08 00:00:00+09:00,48474.09961960078,48641.54037821771,47720.616205824605,47971.77734375,7580,0.0,0.0
2023-11-09 00:00:00+09:00,47888.059951241135,47971.78033577128,47050.85610593972,47218.296875,6188,0.0,0.0
2023-11-10 00:00:00+09:00,47218.29329028021,47888.05631567426,47218.29329028021,47804.3359375,4934,0.0,0.0
2023-11-13 00:00:00+09:00,47720.61882139718,48139.220740883124,47636.8984375,47636.8984375,2655,0.0,0.0
2023-11-14 00:00:00+09:00,47720.617485376955,48306.66015625,47469.45634071707,48306.66015625,5126,0.0,0.0
2023-11-15 00:00:00+09:00,48139.219052029635,48808.98209971005,48139.219052029635,48725.26171875,6567,0.0,0.0
2023-11-16 00:00:00+09:00,48892.70278013583,49311.3046875,48808.982398662985,49311.3046875,5868,0.0,0.0
2023-11-17 00:00:00+09:00,49143.86491440913,49227.585297568265,48808.98338177261,49060.14453125,3177,0.0,0.0
2023-11-20 00:00:00+09:00,49060.144180943316,49729.90724143401,49060.144180943316,49478.74609375,8289,0.0,0.0
2023-11-21 00:00:00+09:00,49227.585297568265,49562.46683020478,48892.70376493174,49060.14453125,7310,0.0,0.0
2023-11-22 00:00:00+09:00,49060.14653825431,49060.14653825431,48390.383445581894,48557.82421875,4480,0.0,0.0
2023-11-24 00:00:00+09:00,48474.10383216594,48808.985378502155,48390.383445581894,48557.82421875,3091,0.0,0.0
2023-11-27 00:00:00+09:00,48557.82130090988,48725.26206401647,48222.93977469671,48306.66015625,3114,0.0,0.0
2023-11-28 00:00:00+09:00,48306.65820654554,48306.65820654554,47804.3359375,47804.3359375,5161,0.0,0.0
2023-11-29 00:00:00+09:00,47804.33786693025,48390.3805378033,47804.33786693025,48306.66015625,3687,0.0,0.0
2023-11-30 00:00:00+09:00,48390.3805378033,48390.3805378033,47804.33786693025,48306.66015625,7369,0.0,0.0
2023-12-01 00:00:00+09:00,48139.21745019702,48306.65820654554,47804.3359375,47804.3359375,5264,0.0,0.0
2023-12-04 00:00:00+09:00,48306.66015625,48474.10091935659,48055.499011590124,48306.66015625,4514,0.0,0.0
2023-12-05 00:00:00+09:00,48390.383445581894,48641.54460533405,48306.663058997845,48557.82421875,3714,0.0,0.0
2023-12-06 00:00:00+09:00,48557.825476241436,48976.42742000214,48390.38469873716,48892.70703125,5160,0.0,0.0
2023-12-07 00:00:00+09:00,48641.54296875,48725.26335251721,48306.661433681154,48641.54296875,4086,0.0,0.0
2023-12-08 00:00:00+09:00,48306.66430998501,48892.70703125,48306.66430998501,48892.70703125,8087,0.0,0.0
2023-12-11 00:00:00+09:00,49060.149061968536,49227.58984375,48808.98788929634,49227.58984375,4420,0.0,0.0
2023-12-12 00:00:00+09:00,49227.58984375,49227.58984375,48808.98788929634,49227.58984375,5164,0.0,0.0
2023-12-13 00:00:00+09:00,48976.42514472556,49143.86591445111,48725.263990137224,48808.984375,3938,0.0,0.0
2023-12-14 00:00:00+09:00,48976.42742000214,49143.86819750642,48641.545864993575,48892.70703125,4250,0.0,0.0
2023-12-15 00:00:00+09:00,48892.70217391304,49143.863315217386,48139.21875,48139.21875,20647,0.0,0.0
2023-12-18 00:00:00+09:00,48306.661149825784,48306.661149825784,47804.338850174216,48055.5,5416,0.0,0.0
2023-12-19 00:00:00+09:00,48055.5,48139.220383275264,47636.898083623695,48055.5,6230,0.0,0.0
2023-12-20 00:00:00+09:00,48055.49577666235,48474.09765625,47804.33464890975,48474.09765625,5699,0.0,0.0
2023-12-21 00:00:00+09:00,48222.941124780315,48222.941124780315,47636.8984375,47636.8984375,4488,0.0,0.0
2023-12-22 00:00:00+09:00,47720.6171875,47804.337568530704,47385.73566337719,47720.6171875,5208,0.0,0.0
2023-12-25 00:00:00+09:00,47720.61918218085,47720.61918218085,47134.57649046986,47218.296875,4976,0.0,0.0
2023-12-26 00:00:00+09:00,47134.577124282245,47469.45866690592,46967.1363529704,47385.73828125,4557,0.0,0.0
2023-12-27 00:00:00+09:00,47469.45668296547,47888.05859375,47302.01591865166,47888.05859375,6652,0.0,0.0
2023-12-28 00:00:00+09:00,47971.77540074482,48557.818032167525,47888.055024827285,48474.09765625,5859,0.0,0.0
2023-12-29 00:00:00+09:00,48557.822943793406,48557.822943793406,48222.94140625,48222.94140625,4117,0.0,0.0
2024-01-04 00:00:00+09:00,48641.54037821771,48725.26075752618,47971.77734375,47971.77734375,7534,0.0,0.0
2024-01-05 00:00:00+09:00,48139.22031649957,49143.86491440913,47971.779550181316,49060.14453125,10747,0.0,0.0
2024-01-09 00:00:00+09:00,49227.584306027165,49478.74545044567,48892.70278013583,49311.3046875,8812,0.0,0.0
2024-01-10 00:00:00+09:00,49311.306958421614,49897.34965572034,49060.14580243644,49395.02734375,6230,0.0,0.0
2024-01-11 00:00:00+09:00,49478.74609375,49813.627623995344,49395.02571118866,49478.74609375,5238,0.0,0.0
2024-01-12 00:00:00+09:00,49478.74673271501,49897.34865092749,49478.74673271501,49646.1875,7860,0.0,0.0
2024-01-15 00:00:00+09:00,49646.18876936767,50064.79069828308,49646.18876936767,49981.0703125,2118,0.0,0.0
2024-01-16 00:00:00+09:00,49646.18586910774,50064.78777356903,49646.18586910774,49729.90625,3982,0.0,0.0
2024-01-17 00:00:00+09:00,49813.62632426533,49897.34670464225,49143.86328125,49143.86328125,8136,0.0,0.0
2024-01-18 00:00:00+09:00,49143.86491440913,49311.30568072739,48892.70376493174,49060.14453125,7517,0.0,0.0
2024-01-19 00:00:00+09:00,49227.58396464647,49729.90625,49143.86358375421,49729.90625,6549,0.0,0.0
2024-01-22 00:00:00+09:00,49813.6265921514,50818.271162077144,49813.6265921514,50734.55078125,11698,0.0,0.0
2024-01-23 00:00:00+09:00,50483.395546875,50650.836328125,50148.513984375,50232.234375,6647,0.0,0.0
2024-01-24 00:00:00+09:00,50232.22883735441,50650.830744332365,50148.50845595882,50315.94921875,5910,0.0,0.0
2024-01-25 00:00:00+09:00,50232.23146984924,50315.951855632324,49813.629540933835,49981.0703125,9750,0.0,0.0
2024-01-26 00:00:00+09:00,50064.78777356903,50148.508154461284,49478.74510732324,49729.90625,10160,0.0,0.0
2024-01-29 00:00:00+09:00,49311.30532862733,49813.627623995344,49311.30532862733,49478.74609375,23678,0.0,0.0
2024-01-30 00:00:00+09:00,49413.440988944836,49413.440988944836,48983.75889338879,49069.6953125,13491,1524.0,0.0
2024-01-31 00:00:00+09:00,49069.69121026168,49671.24609375,49069.69121026168,49671.24609375,8324,0.0,0.0
2024-02-01 00:00:00+09:00,49413.4375,49757.183152173915,49155.62826086957,49413.4375,9158,0.0,0.0
2024-02-02 00:00:00+09:00,49671.24609375,49843.1189176038,49499.37326989619,49671.24609375,5695,0.0,0.0
2024-02-05 00:00:00+09:00,49757.1796875,50100.92531573834,49585.30687338083,49757.1796875,5708,0.0,0.0
2024-02-06 00:00:00+09:00,49585.30687338083,49843.116094559584,49241.56124514249,49757.1796875,6634,0.0,0.0
2024-02-07 00:00:00+09:00,49757.1825056769,50014.99174145761,49671.24609375,49671.24609375,4453,0.0,0.0
2024-02-08 00:00:00+09:00,49929.05793824914,50616.54926958476,49929.05793824914,50186.8671875,6869,0.0,0.0
2024-02-09 00:00:00+09:00,50530.60782054031,50616.54422839837,50100.92578125,50100.92578125,4741,0.0,0.0
2024-02-13 00:00:00+09:00,50530.60656303056,50616.54296875,50272.79734587224,50616.54296875,3960,0.0,0.0
2024-02-14 00:00:00+09:00,50616.54439968533,50616.54439968533,49499.37109375,49499.37109375,5483,0.0,0.0
2024-02-15 00:00:00+09:00,49671.24805030756,49671.24805030756,48640.01106656415,48897.8203125,7475,0.0,0.0
2024-02-16 00:00:00+09:00,48983.75390625,49155.626726973685,48725.94467516447,48983.75390625,7671,0.0,0.0
2024-02-19 00:00:00+09:00,48897.81658001557,48983.752988767796,48038.45249249333,48296.26171875,8211,0.0,0.0
2024-02-20 00:00:00+09:00,48468.1328125,48725.94202958777,48210.323595412236,48468.1328125,4834,0.0,0.0
2024-02-21 00:00:00+09:00,48554.06984597816,48554.06984597816,47952.51499832888,48210.32421875,9464,0.0,0.0
2024-02-22 00:00:00+09:00,47952.51799841772,48210.327234968354,47179.09028876582,47522.8359375,11039,0.0,0.0
2024-02-26 00:00:00+09:00,47866.57905143805,48554.0703125,47866.57905143805,48554.0703125,7230,0.0,0.0
2024-02-27 00:00:00+09:00,48554.069218195924,48811.87843528369,48382.19640680408,48468.1328125,6494,0.0,0.0
2024-02-28 00:00:00+09:00,48554.07094500667,48640.0073537589,48124.388901245555,48296.26171875,5424,0.0,0.0
2024-02-29 00:00:00+09:00,48038.45660191442,48296.26585022523,47179.09244087838,47694.7109375,14361,0.0,0.0
2024-03-01 00:00:00+09:00,47694.70436304645,47694.70436304645,47007.21312898452,47179.0859375,8444,0.0,0.0
2024-03-04 00:00:00+09:00,47350.95812811368,47866.57654693161,47265.021724977356,47436.89453125,9182,0.0,0.0
2024-03-05 00:00:00+09:00,47608.766851049266,47694.70325330748,46921.275632983576,47093.1484375,4862,0.0,0.0
2024-03-06 00:00:00+09:00,47179.08532184103,47608.767337522644,47007.21251556838,47436.89453125,4788,0.0,0.0
2024-03-07 00:00:00+09:00,47522.8359375,47608.772349683546,47093.153876582284,47522.8359375,7102,0.0,0.0
2024-03-08 00:00:00+09:00,47265.0234375,47866.57828125,47007.21421875,47265.0234375,8245,0.0,0.0
2024-03-11 00:00:00+09:00,47350.959843749995,47522.83265625,46835.34140625,47265.0234375,5914,0.0,0.0
2024-03-12 00:00:00+09:00,47350.95764427463,47350.95764427463,46835.33923072536,47093.1484375,6239,0.0,0.0
2024-03-13 00:00:00+09:00,47179.08893397643,47265.025343692236,46319.72483681839,46491.59765625,7792,0.0,0.0
2024-03-14 00:00:00+09:00,46663.47201236264,46921.28125,46405.66277472527,46921.28125,6147,0.0,0.0
2024-03-15 00:00:00+09:00,47093.153876582284,48124.390822784815,47007.21746439874,47522.8359375,13040,0.0,0.0
2024-03-18 00:00:00+09:00,47694.70657044011,47866.57938691017,47093.15171279492,47350.9609375,6864,0.0,0.0
2024-03-19 00:00:00+09:00,47522.83234984486,48983.751246675536,47522.83234984486,48468.1328125,12239,0.0,0.0
2024-03-21 00:00:00+09:00,49069.686880716465,49413.43249809451,48554.068454649394,49327.49609375,8038,0.0,0.0
2024-03-22 00:00:00+09:00,49499.374146757684,50530.61110814846,49241.564906409985,50358.73828125,8218,0.0,0.0
2024-03-25 00:00:00+09:00,50186.858762776836,50530.60437074106,49929.049556803664,50444.66796875,5944,0.0,0.0
2024-03-26 00:00:00+09:00,50358.735004824186,50530.60782054031,50014.98937339194,50100.92578125,4316,0.0,0.0
2024-03-27 00:00:00+09:00,50358.73156675894,50788.41357671423,50100.92236078578,50444.66796875,7653,0.0,0.0
2024-03-28 00:00:00+09:00,50444.67141268225,50616.54422839837,49843.116557675814,50100.92578125,5993,0.0,0.0
2024-03-29 00:00:00+09:00,50444.6734124261,50960.29188001478,50014.9913561022,50874.35546875,6155,0.0,0.0
2024-04-01 00:00:00+09:00,50788.4184217437,51304.03688287815,50358.73637079832,51132.1640625,6777,0.0,0.0
2024-04-02 00:00:00+09:00,51218.10001586295,51389.972834708125,50530.60874048223,50788.41796875,6276,0.0,0.0
2024-04-03 00:00:00+09:00,50702.48127693965,50788.41768588362,49671.24436961207,49843.1171875,5581,0.0,0.0
2024-04-04 00:00:00+09:00,50272.80186780077,50616.5475215977,50014.99262745307,50358.73828125,4825,0.0,0.0
2024-04-05 00:00:00+09:00,50358.73156675894,50616.540772732114,50014.98595879472,50444.66796875,5480,0.0,0.0
2024-04-08 00:00:00+09:00,50444.67556423612,51389.976128472226,50272.802734375,51046.23046875,6693,0.0,0.0
2024-04-09 00:00:00+09:00,51304.033912468905,51905.58874896351,51046.22469682836,51819.65234375,7421,0.0,0.0
2024-04-10 00:00:00+09:00,51819.65234375,52163.39796460406,51475.90672289594,51819.65234375,6524,0.0,0.0
2024-04-11 00:00:00+09:00,51647.786664603955,52249.341584158414,51647.786664603955,52077.46875,6209,0.0,0.0
2024-04-12 00:00:00+09:00,52163.40732935855,52249.34375,51475.91596422697,52249.34375,6199,0.0,0.0
2024-04-15 00:00:00+09:00,52163.40473811254,52421.21398723007,51475.91340713247,51733.72265625,6560,0.0,0.0
2024-04-16 00:00:00+09:00,52077.46657698676,52335.275817466885,51905.59375,51905.59375,8961,0.0,0.0
2024-04-17 00:00:00+09:00,52163.40732935855,52593.08943256579,51733.72522615131,52249.34375,7279,0.0,0.0
2024-04-18 00:00:00+09:00,52335.27842597336,52593.08767930327,51905.59633709016,52421.21484375,5836,0.0,0.0
2024-04-19 00:00:00+09:00,52421.211382837944,52764.95703125,52077.465734425896,52764.95703125,6955,0.0,0.0
2024-04-22 00:00:00+09:00,52507.14453125,53108.6993785802,52163.39890420417,52507.14453125,8904,0.0,0.0
2024-04-23 00:00:00+09:00,52679.020619146984,53366.51191597109,52507.14779494096,52764.95703125,7506,0.0,0.0
2024-04-24 00:00:00+09:00,52850.892168598795,53452.44703881049,52679.019348538306,53280.57421875,6323,0.0,0.0
2024-04-25 00:00:00+09:00,53280.574403548126,53452.447224204734,52679.01953125,52679.01953125,4035,0.0,0.0
2024-04-26 00:00:00+09:00,52679.019348538306,53280.57421875,52593.082938508065,53280.57421875,4226,0.0,0.0
2024-04-30 00:00:00+09:00,53280.576600609755,53280.576600609755,52679.0217035061,52850.89453125,4699,0.0,0.0
2024-05-01 00:00:00+09:00,52850.892168598795,53366.51062878024,52679.019348538306,53280.57421875,5400,0.0,0.0
2024-05-02 00:00:00+09:00,53366.5121625,53796.194225,53194.639337500004,53710.2578125,6790,0.0,0.0
2024-05-07 00:00:00+09:00,53366.50874403816,54054.0,53194.6359300477,54054.0,4699,0.0,0.0
2024-05-08 00:00:00+09:00,53968.06660124799,54225.87583660427,53194.63889517915,53366.51171875,4989,0.0,0.0
2024-05-09 00:00:00+09:00,53538.3849875,54054.003462500004,53366.5121625,53710.2578125,3646,0.0,0.0
2024-05-10 00:00:00+09:00,53796.194225,53796.194225,53022.7665125,53710.2578125,6447,0.0,0.0
2024-05-13 00:00:00+09:00,53882.1306375,53882.1306375,53366.5121625,53710.2578125,2569,0.0,0.0
2024-05-14 00:00:00+09:00,53624.32445299838,53882.13370517625,52850.89669646475,53022.76953125,4027,0.0,0.0
2024-05-15 00:00:00+09:00,52764.95703125,53022.76626755904,52335.274970734936,52764.95703125,4561,0.0,0.0
2024-05-16 00:00:00+09:00,52679.020619146984,53022.76626755904,52335.274970734936,52764.95703125,4634,0.0,0.0
2024-05-17 00:00:00+09:00,52679.01734477292,53022.76297181874,52163.39890420417,52507.14453125,5395,0.0,0.0
2024-05-20 00:00:00+09:00,52593.084207043976,53022.76626755904,52335.274970734936,52764.95703125,4011,0.0,0.0
2024-05-21 00:00:00+09:00,52936.82656505729,53194.635785341656,52249.33531096563,52507.14453125,3359,0.0,0.0
2024-05-22 00:00:00+09:00,52421.21030026509,52850.89235190661,52249.33747960848,52679.01953125,3241,0.0,0.0
2024-05-23 00:00:00+09:00,52679.01734477292,52764.95375153437,52163.39890420417,52507.14453125,4057,0.0,0.0
2024-05-24 00:00:00+09:00,52335.27280560662,52850.89125689338,52249.336397058825,52593.08203125,3230,0.0,0.0
2024-05-27 00:00:00+09:00,52507.14358545813,52507.14358545813,51647.779533322966,51819.65234375,2683,0.0,0.0
2024-05-28 00:00:00+09:00,51991.52951889415,52249.338756177924,51733.720281610375,52163.40234375,3444,0.0,0.0
2024-05-29 00:00:00+09:00,52163.40033836748,52163.40033836748,51218.099838001675,51389.97265625,2993,0.0,0.0
2024-05-30 00:00:00+09:00,50960.289691472455,51218.09891419491,50272.79843087924,50702.48046875,6154,0.0,0.0
2024-05-31 00:00:00+09:00,51218.09891419491,51304.035321769064,50358.73483845339,50702.48046875,6325,0.0,0.0
2024-06-03 00:00:00+09:00,50702.48480902778,51475.91254340278,50702.48480902778,51046.23046875,4512,0.0,0.0
2024-06-04 00:00:00+09:00,51389.97374530468,51905.59221097663,50874.35527963273,51475.91015625,6513,0.0,0.0
2024-06-05 00:00:00+09:00,51561.84809602649,52163.402990480135,51561.84809602649,51905.59375,5280,0.0,0.0
2024-06-06 00:00:00+09:00,51991.53016349338,52163.402990480135,51389.975269039736,51905.59375,4237,0.0,0.0
2024-06-07 00:00:00+09:00,52249.33610648919,52249.33610648919,51475.90843386023,51647.78125,3914,0.0,0.0
2024-06-10 00:00:00+09:00,51991.52734375,52163.40016141529,51647.781708419425,51991.52734375,3608,0.0,0.0
2024-06-11 00:00:00+09:00,51991.52752011915,52163.40033836748,51304.036247125834,51389.97265625,4106,0.0,0.0
2024-06-12 00:00:00+09:00,51561.848958333336,51561.848958333336,50960.294053819445,51046.23046875,4490,0.0,0.0
2024-06-13 00:00:00+09:00,51132.1642485119,51389.973480017004,50272.8001434949,50530.609375,4552,0.0,0.0
2024-06-14 00:00:00+09:00,51389.974386535236,51475.91079855285,51046.228738464764,51218.1015625,7882,0.0,0.0
2024-06-17 00:00:00+09:00,51046.22938185076,51218.10220805228,50788.420142548486,50960.29296875,3909,0.0,0.0
2024-06-18 00:00:00+09:00,51132.1628015807,51647.78125,51046.22639351081,51647.78125,2136,0.0,0.0
2024-06-19 00:00:00+09:00,51304.0390625,51561.8483040201,51218.102648659966,51304.0390625,2877,0.0,0.0
2024-06-20 00:00:00+09:00,51389.97374530468,52077.46503286728,51304.03733435935,51475.91015625,3382,0.0,0.0
2024-06-21 00:00:00+09:00,51132.16140306664,51561.84343166384,50272.79734587224,50616.54296875,8042,0.0,0.0
2024-06-24 00:00:00+09:00,50530.60656303056,50874.35218590832,50444.67015731112,50616.54296875,3899,0.0,0.0
2024-06-25 00:00:00+09:00,50702.48352864583,51733.72048177083,50702.48352864583,51561.84765625,2196,0.0,0.0
2024-06-26 00:00:00+09:00,51647.78471786013,51647.78471786013,51046.2298209799,51304.0390625,3935,0.0,0.0
2024-06-27 00:00:00+09:00,51561.846113445376,51561.846113445376,50788.4184217437,51132.1640625,5100,0.0,0.0
2024-06-28 00:00:00+09:00,51218.102648659966,51475.91189018007,50874.35699329983,51304.0390625,3984,0.0,0.0
2024-07-01 00:00:00+09:00,51389.97172934322,51389.97172934322,50702.48046875,50702.48046875,4595,0.0,0.0
2024-07-02 00:00:00+09:00,51046.22938185076,51046.22938185076,50616.547316346965,50960.29296875,2980,0.0,0.0
2024-07-03 00:00:00+09:00,50702.47889957265,50874.35170940171,50100.92406517094,50272.796875,5270,0.0,0.0
2024-07-04 00:00:00+09:00,50444.6734124261,50874.35546875,50272.80058989654,50874.35546875,2355,0.0,0.0
2024-07-05 00:00:00+09:00,50788.419057485225,51132.164702544345,50444.6734124261,50874.35546875,5432,0.0,0.0
2024-07-08 00:00:00+09:00,51132.16250662076,51304.035321769064,50616.544061175846,50702.48046875,5281,0.0,0.0
2024-07-09 00:00:00+09:00,50530.60656303056,50702.47937446944,50100.92453443336,50616.54296875,5828,0.0,0.0
2024-07-10 00:00:00+09:00,50186.862823275864,50358.73564116379,49843.1171875,49843.1171875,7291,0.0,0.0
2024-07-11 00:00:00+09:00,50100.927322491494,51132.1642485119,50014.99091198979,50530.609375,7752,0.0,0.0
2024-07-12 00:00:00+09:00,50272.80166394393,51304.038621153035,50272.80166394393,50960.29296875,6848,0.0,0.0
2024-07-16 00:00:00+09:00,51132.1645124687,51561.84656719533,50874.35527963273,51475.91015625,6175,0.0,0.0
2024-07-17 00:00:00+09:00,51304.036425285536,51304.036425285536,50788.41796875,50788.41796875,3463,0.0,0.0
2024-07-18 00:00:00+09:00,50960.29124212185,51389.973293067225,50960.29124212185,51132.1640625,5400,0.0,0.0
2024-07-19 00:00:00+09:00,51218.10001586295,51304.036425285536,50530.60874048223,50788.41796875,4297,0.0,0.0
2024-07-22 00:00:00+09:00,50616.54926958476,50616.54926958476,49757.18510541524,50186.8671875,8325,0.0,0.0
2024-07-23 00:00:00+09:00,50186.8671875,50358.740020333906,49929.05793824914,50186.8671875,5319,0.0,0.0
2024-07-24 00:00:00+09:00,49929.05793824914,50444.67643675086,49929.05793824914,50186.8671875,7542,0.0,0.0
2024-07-25 00:00:00+09:00,50014.98509888549,50272.79430042613,49155.62109375,49155.62109375,6536,0.0,0.0
2024-07-26 00:00:00+09:00,49155.63173161121,49499.37740805604,48983.75889338879,49069.6953125,8509,0.0,0.0
2024-07-29 00:00:00+09:00,48811.879828559024,49671.24391004774,48725.943420410156,49499.37109375,19273,0.0,0.0
2024-07-30 00:00:00+09:00,49319.06378595133,50202.91797566372,49053.90752903761,49937.76171875,32917,1596.0,0.0
2024-07-31 00:00:00+09:00,49849.38017165493,50556.46357834507,49849.38017165493,50202.921875,7233,0.0,0.0
2024-08-01 00:00:00+09:00,50291.30339463495,50291.30339463495,49230.678366980086,49937.76171875,7718,0.0,0.0
2024-08-02 00:00:00+09:00,49760.99354588964,49760.99354588964,48435.21219031532,49053.91015625,11349,0.0,0.0
2024-08-05 00:00:00+09:00,48346.8310102983,48346.8310102983,46490.73694957387,46667.5078125,13697,0.0,0.0
2024-08-06 00:00:00+09:00,47551.35544034091,49849.37633522727,47374.58460227273,48611.98046875,11731,0.0,0.0
2024-08-07 00:00:00+09:00,47993.28377511161,50556.46099330357,47816.51293247768,49495.8359375,8908,0.0,0.0
2024-08-08 00:00:00+09:00,49407.44924005682,49937.76175426136,48523.59504971591,48611.98046875,6560,0.0,0.0
2024-08-09 00:00:00+09:00,48788.7565940367,49053.91287987385,48170.05859375,48170.05859375,10403,0.0,0.0
2024-08-13 00:00:00+09:00,48170.05848798511,49230.68362900496,48170.05848798511,48965.52734375,6216,0.0,0.0
2024-08-14 00:00:00+09:00,48611.981738105926,49230.6796875,48435.2108954219,49230.6796875,7159,0.0,0.0
2024-08-15 00:00:00+09:00,49230.67967354911,49672.60678013393,48611.981724330355,49495.8359375,7089,0.0,0.0
2024-08-16 00:00:00+09:00,49319.06767126334,49849.38022686833,49142.296819395015,49672.609375,4954,0.0,0.0
2024-08-19 00:00:00+09:00,49495.83980905862,49849.38152198047,49053.912667906305,49760.99609375,4118,0.0,0.0
2024-08-20 00:00:00+09:00,47993.2864775878,48788.7553142329,47728.1301987061,47816.515625,31665,0.0,0.0
2024-08-21 00:00:00+09:00,47993.28517795139,48170.05602575232,47639.74348234954,47728.12890625,22978,0.0,0.0
2024-08-22 00:00:00+09:00,47728.13276933702,48435.21621777164,47551.36190722836,47993.2890625,52119,0.0,0.0
2024-08-23 00:00:00+09:00,48346.826766610364,49053.91015625,47816.51422438063,49053.91015625,81663,0.0,0.0
2024-08-26 00:00:00+09:00,49053.90754974146,49319.06380676709,48523.595035690196,49142.29296875,18171,0.0,0.0
2024-08-27 00:00:00+09:00,49230.68345644771,50468.079449967045,48965.52717212214,50291.30859375,27285,0.0,0.0
2024-08-28 00:00:00+09:00,50556.4609375,51086.77346481643,49760.99214652535,50556.4609375,94133,0.0,0.0
2024-08-29 00:00:00+09:00,49230.67838775854,50026.14715883543,48611.98045469874,49142.29296875,121022,0.0,0.0
2024-08-30 00:00:00+09:00,49142.29298295455,49319.063821022726,48523.59504971591,48611.98046875,30176,0.0,0.0
2024-09-02 00:00:00+09:00,48788.751313985376,49142.29299017367,48258.438799702926,48346.82421875,18784,0.0,0.0
2024-09-03 00:00:00+09:00,48611.98047589122,48700.3658949383,48081.66796160877,48346.82421875,10083,0.0,0.0
2024-09-04 00:00:00+09:00,48170.06001222067,48523.60173708101,47374.59113128491,47462.9765625,22144,0.0,0.0
2024-09-05 00:00:00+09:00,47286.201830231745,47728.128950140446,46844.274710323036,47197.81640625,17229,0.0,0.0
2024-09-06 00:00:00+09:00,47551.36073815666,47551.36073815666,46932.66273598734,47109.43359375,10718,0.0,0.0
2024-09-09 00:00:00+09:00,46579.122381036934,47021.04953835227,46490.73694957387,46667.5078125,9858,0.0,0.0
2024-09-10 00:00:00+09:00,46844.276022086466,47462.97400728383,46755.890595629695,47021.046875,6134,0.0,0.0
2024-09-11 00:00:00+09:00,47021.046934410646,47021.046934410646,46137.19266872623,46490.734375,13462,0.0,0.0
2024-09-12 00:00:00+09:00,47021.04684579439,47462.97397780374,46844.27599299065,47286.203125,9579,0.0,0.0
2024-09-13 00:00:00+09:00,47551.36208215631,47551.36208215631,46932.6640625,46932.6640625,13585,0.0,0.0
2024-09-17 00:00:00+09:00,46844.27867542614,47197.82040127841,46402.3515181108,46667.5078125,8988,0.0,0.0
2024-09-18 00:00:00+09:00,46755.893112779326,47462.9765625,46755.893112779326,47462.9765625,10124,0.0,0.0
2024-09-19 00:00:00+09:00,47462.9765625,47728.132856145254,47286.20570006983,47462.9765625,9751,0.0,0.0
2024-09-20 00:00:00+09:00,47551.36199371509,47904.90371857542,47286.20570006983,47462.9765625,10976,0.0,0.0
2024-09-24 00:00:00+09:00,47551.35940420561,47816.51568341121,47109.43227219626,47286.203125,5515,0.0,0.0
2024-09-25 00:00:00+09:00,47021.04555828652,47462.97267819523,46844.274710323036,47197.81640625,5469,0.0,0.0
2024-09-26 00:00:00+09:00,47286.20178674769,47904.89975405093,47286.20178674769,47728.12890625,7375,0.0,0.0
2024-09-27 00:00:00+09:00,47904.90237998609,47904.90237998609,47374.58980751391,47639.74609375,6698,0.0,0.0
2024-09-30 00:00:00+09:00,47021.046875,47816.5157131109,47021.046875,47021.046875,13099,0.0,0.0
2024-10-01 00:00:00+09:00,47374.5859971374,47374.5859971374,46313.9609375,46313.9609375,9636,0.0,0.0
2024-10-02 00:00:00+09:00,46313.9609375,46490.7317807729,45872.03382931775,46313.9609375,8927,0.0,0.0
2024-10-03 00:00:00+09:00,46402.34894843156,46667.50522813688,46225.57809529467,46490.734375,6021,0.0,0.0
2024-10-04 00:00:00+09:00,46313.9609375,46579.11720240935,46137.190094227095,46313.9609375,8543,0.0,0.0
2024-10-07 00:00:00+09:00,46402.35034839527,46490.73577763031,45783.65234375,45783.65234375,9274,0.0,0.0
2024-10-08 00:00:00+09:00,45695.268199060694,46225.58078937862,45695.268199060694,45872.0390625,6617,0.0,0.0
2024-10-09 00:00:00+09:00,45695.268199060694,46048.809925939306,45695.268199060694,45872.0390625,6747,0.0,0.0
2024-10-10 00:00:00+09:00,45960.421875,46048.80730168269,45695.26559495192,45960.421875,5371,0.0,0.0
2024-10-11 00:00:00+09:00,45960.421875,46225.578155048075,45872.0364483173,45960.421875,5437,0.0,0.0
2024-10-15 00:00:00+09:00,46048.8046875,46137.190109165065,45783.6484225048,46048.8046875,5194,0.0,0.0
2024-10-16 00:00:00+09:00,45960.420649509804,45960.420649509804,45076.56640625,45076.56640625,10732,0.0,0.0
2024-10-17 00:00:00+09:00,45164.95437651699,45695.2669523665,45164.95437651699,45518.49609375,6787,0.0,0.0
2024-10-18 00:00:00+09:00,45518.49350481238,45872.035201937135,45253.33723196881,45341.72265625,5356,0.0,0.0
2024-10-21 00:00:00+09:00,45341.72137463163,45341.72137463163,44899.79426571709,44988.1796875,11829,0.0,0.0
2024-10-22 00:00:00+09:00,44899.796875,45164.953155757874,44723.02602116142,44899.796875,10189,0.0,0.0
2024-10-23 00:00:00+09:00,44634.640594242126,45076.567728838585,44634.640594242126,44899.796875,8029,0.0,0.0
2024-10-24 00:00:00+09:00,44899.79429671969,44899.79429671969,44457.8671875,44457.8671875,7626,0.0,0.0
2024-10-25 00:00:00+09:00,44369.484344059405,44723.0260519802,44369.484344059405,44634.640625,6066,0.0,0.0
2024-10-28 00:00:00+09:00,44634.639262000484,45518.49350481238,44546.2538377193,45341.72265625,5650,0.0,0.0
2024-10-29 00:00:00+09:00,45341.72394820039,45606.88022859923,44988.182241001945,45430.109375,6763,0.0,0.0
2024-10-30 00:00:00+09:00,45430.10679641453,45518.49221819745,44988.1796875,44988.1796875,5688,0.0,0.0
2024-10-31 00:00:00+09:00,44899.79426571709,45430.10679641453,44899.79426571709,44988.1796875,7750,0.0,0.0
2024-11-01 00:00:00+09:00,45164.9545703125,45341.725429687496,44192.71484375,44192.71484375,7399,0.0,0.0
2024-11-05 00:00:00+09:00,44281.09763299851,44723.02475508433,44281.09763299851,44546.25390625,5974,0.0,0.0
2024-11-06 00:00:00+09:00,44546.255198019804,44988.18233292079,44546.255198019804,44634.640625,5155,0.0,0.0
2024-11-07 00:00:00+09:00,44634.638031187875,44811.40887487575,44281.096343812125,44457.8671875,5934,0.0,0.0
2024-11-08 00:00:00+09:00,44457.86980204183,44634.6406561255,44281.09894795816,44369.484375,8923,0.0,0.0
2024-11-11 00:00:00+09:00,44457.8671875,44546.25260934394,44192.710921968195,44457.8671875,5783,0.0,0.0
2024-11-12 00:00:00+09:00,44457.86848183283,44899.79560391865,44457.86848183283,44546.25390625,5498,0.0,0.0
2024-11-13 00:00:00+09:00,44457.872450575574,44546.257882882885,44060.1380051927,44148.5234375,8375,0.0,0.0
2024-11-14 00:00:00+09:00,44104.325555203046,44148.5182661802,43441.434890545686,43529.8203125,13398,0.0,0.0
2024-11-15 00:00:00+09:00,43750.78385943826,44148.518258160424,43662.3984375,43662.3984375,8189,0.0,0.0
2024-11-18 00:00:00+09:00,43706.59243218152,44060.13413031848,43618.20700764728,43883.36328125,6817,0.0,0.0
2024-11-19 00:00:00+09:00,43794.981708270774,44369.48701826827,43794.981708270774,44148.5234375,6920,0.0,0.0
2024-11-20 00:00:00+09:00,44192.710921968195,44634.638031187875,44192.710921968195,44457.8671875,8730,0.0,0.0
2024-11-21 00:00:00+09:00,44369.485703125,44457.8711328125,44060.13669921875,44192.71484375,8154,0.0,0.0
2024-11-22 00:00:00+09:00,44060.1340719556,44546.25390625,44060.1340719556,44546.25390625,8860,0.0,0.0
2024-11-25 00:00:00+09:00,44634.63933066716,45253.3373015873,44546.25390625,44546.25390625,13350,0.0,0.0
2024-11-26 00:00:00+09:00,44634.64319834813,44988.18492665188,44546.25776627219,44811.4140625,8548,0.0,0.0
2024-11-27 00:00:00+09:00,44811.4114789604,44988.18233292079,44281.09891707921,44634.640625,7971,0.0,0.0
2024-11-28 00:00:00+09:00,44457.87105515069,44811.412773283104,44457.87105515069,44723.02734375,5634,0.0,0.0
2024-11-29 00:00:00+09:00,44811.4114789604,44988.18233292079,44634.640625,44634.640625,5776,0.0,0.0
2024-12-02 00:00:00+09:00,44811.40887487575,44899.79429671969,44457.8671875,44457.8671875,6087,0.0,0.0
2024-12-03 00:00:00+09:00,44546.25260934394,44723.02345303181,44192.710921968195,44457.8671875,9222,0.0,0.0
2024-12-04 00:00:00+09:00,44457.8671875,44546.25260934394,44192.710921968195,44457.8671875,8748,0.0,0.0
2024-12-05 00:00:00+09:00,44369.48176565606,44634.638031187875,44192.710921968195,44457.8671875,6073,0.0,0.0
2024-12-06 00:00:00+09:00,44546.25392964072,44723.024778567866,44281.09765625,44281.09765625,5561,0.0,0.0
2024-12-09 00:00:00+09:00,44281.0990428499,44369.48447008114,43529.822911384384,43574.015625,14682,0.0,0.0
2024-12-10 00:00:00+09:00,43529.819005150406,43706.58984375,43397.2408762007,43706.58984375,12481,0.0,0.0
2024-12-11 00:00:00+09:00,43618.203125,43883.359375,43574.01041666667,43750.78125,10343,0.0,0.0
2024-12-12 00:00:00+09:00,43750.783843687124,43971.74739845322,43618.20571082747,43927.5546875,11885,0.0,0.0
2024-12-13 00:00:00+09:00,44192.71352091633,44369.484375,44060.13538035358,44369.484375,15361,0.0,0.0
2024-12-16 00:00:00+09:00,44281.09765625,44369.48308071357,44060.13409509107,44281.09765625,10019,0.0,0.0
2024-12-17 00:00:00+09:00,44192.71352091633,44634.6406561255,44192.71352091633,44369.484375,8310,0.0,0.0
2024-12-18 00:00:00+09:00,44369.48305741567,44811.41017950149,44369.48305741567,44546.25390625,6969,0.0,0.0
2024-12-19 00:00:00+09:00,44457.86980204183,44899.79693725099,44192.71352091633,44369.484375,7958,0.0,0.0
2024-12-20 00:00:00+09:00,44634.63935410429,45253.337325349305,44281.09765625,44281.09765625,28483,0.0,0.0
2024-12-23 00:00:00+09:00,44723.02602116142,44988.182301919296,44457.86974040355,44899.796875,8277,0.0,0.0
2024-12-24 00:00:00+09:00,45076.56906188241,45253.339920948616,44723.02734375,44723.02734375,5010,0.0,0.0
2024-12-25 00:00:00+09:00,44899.796875,44988.182301919296,44723.02602116142,44899.796875,3406,0.0,0.0
2024-12-26 00:00:00+09:00,44811.41008811774,45606.87890625,44811.41008811774,45606.87890625,9775,0.0,0.0
2024-12-27 00:00:00+09:00,45606.88276734104,46048.809925939306,45606.88276734104,45872.0390625,7531,0.0,0.0
2024-12-30 00:00:00+09:00,46048.80602743459,46225.57687590843,45606.87890625,45606.87890625,9412,0.0,0.0
2025-01-06 00:00:00+09:00,46225.578125,46667.50525812619,46137.19269837476,46225.578125,9685,0.0,0.0
2025-01-07 00:00:00+09:00,46402.351652817924,46402.351652817924,45872.0390625,45872.0390625,7506,0.0,0.0
2025-01-08 00:00:00+09:00,45872.0390625,46137.195357658966,45783.65363078035,45872.0390625,10172,0.0,0.0
2025-01-09 00:00:00+09:00,45872.0364483173,46048.80730168269,45606.88016826923,45960.421875,9978,0.0,0.0
2025-01-10 00:00:00+09:00,45872.03517896076,45872.03517896076,45518.49348201308,45606.87890625,6055,0.0,0.0
2025-01-14 00:00:00+09:00,45783.65105174081,46313.96361218569,45695.265625,45695.265625,12000,0.0,0.0
2025-01-15 00:00:00+09:00,45606.87890625,45783.64975472384,45430.10805777617,45606.87890625,12036,0.0,0.0
2025-01-16 00:00:00+09:00,45606.88019825919,45872.03647848163,45606.88019825919,45695.265625,6774,0.0,0.0
2025-01-17 00:00:00+09:00,45783.64975472384,45872.03517896076,45518.49348201308,45606.87890625,9515,0.0,0.0
2025-01-20 00:00:00+09:00,45695.26433048692,45783.64975472384,45430.10805777617,45606.87890625,8691,0.0,0.0
2025-01-21 00:00:00+09:00,45783.65105174081,45872.03647848163,45606.88019825919,45695.265625,6800,0.0,0.0
2025-01-22 00:00:00+09:00,45960.42449421965,45960.42449421965,45695.268199060694,45872.0390625,8569,0.0,0.0
2025-01-23 00:00:00+09:00,45872.03517896076,45872.03517896076,45518.49348201308,45606.87890625,7329,0.0,0.0
2025-01-24 00:00:00+09:00,45695.26556524856,46490.734404875715,45695.26556524856,46225.578125,7728,0.0,0.0
2025-01-27 00:00:00+09:00,46490.733014396064,47286.201830231745,46402.34759041433,47197.81640625,10870,0.0,0.0
2025-01-28 00:00:00+09:00,47021.04816486867,47639.74616703799,46932.66273598734,47109.43359375,16905,0.0,0.0
2025-01-29 00:00:00+09:00,47109.434925258945,47462.976650776836,46932.6640625,46932.6640625,26954,0.0,0.0
2025-01-30 00:00:00+09:00,47024.88539421695,47846.6795079023,46933.5749371408,47664.05859375,15368,1701.0,0.0
2025-01-31 00:00:00+09:00,47664.056168399424,47755.36662082931,47024.88300139023,47207.50390625,11393,0.0,0.0
2025-02-03 00:00:00+09:00,47390.12890625,47572.74982689066,47207.50798560935,47390.12890625,7878,0.0,0.0
2025-02-04 00:00:00+09:00,47481.4375,47572.74795673077,47207.50612980769,47481.4375,7772,0.0,0.0
2025-02-05 00:00:00+09:00,47481.4371366279,47755.36850472383,47024.88485646802,47116.1953125,6223,0.0,0.0
2025-02-06 00:00:00+09:00,47207.50428113004,47572.74609375,47207.50428113004,47572.74609375,6536,0.0,0.0
2025-02-07 00:00:00+09:00,47298.81435867988,47390.12481110977,46933.57254896035,47207.50390625,7624,0.0,0.0
2025-02-10 00:00:00+09:00,47207.50333292563,47207.50333292563,46477.01972235812,46659.640625,8125,0.0,0.0
2025-02-12 00:00:00+09:00,46568.33442050971,47116.197178398055,46568.33442050971,47024.88671875,7012,0.0,0.0
2025-02-13 00:00:00+09:00,47024.88300139023,47298.81435867988,46750.95164410058,47207.50390625,6732,0.0,0.0
2025-02-14 00:00:00+09:00,47390.12353142891,47846.67578125,47298.813081464694,47846.67578125,6126,0.0,0.0
2025-02-17 00:00:00+09:00,47755.36533128578,48120.60713114265,47664.054881321565,47846.67578125,5891,0.0,0.0
2025-02-18 00:00:00+09:00,47937.990323490965,48120.61123900903,47572.74849245485,48029.30078125,5218,0.0,0.0
2025-02-19 00:00:00+09:00,48029.296681178435,48394.538481035306,47572.74443135734,47846.67578125,5141,0.0,0.0
2025-02-20 00:00:00+09:00,48120.61087913074,48120.61087913074,47390.12722252155,47664.05859375,5584,0.0,0.0
2025-02-21 00:00:00+09:00,47755.37074753131,47755.37074753131,47298.818445929675,47390.12890625,5875,0.0,0.0
2025-02-25 00:00:00+09:00,47572.74795673077,47846.67932692308,47298.81658653846,47481.4375,6832,0.0,0.0
2025-02-26 00:00:00+09:00,47937.990323490965,48029.30078125,47298.81711917776,48029.30078125,11283,0.0,0.0
2025-02-27 00:00:00+09:00,47755.36940797291,48120.61123900903,47572.74849245485,48029.30078125,5529,0.0,0.0
2025-02-28 00:00:00+09:00,48029.30042205459,48394.54225035919,47572.74813667385,47664.05859375,18497,0.0,0.0
2025-03-03 00:00:00+09:00,47937.986231214214,48120.60713114265,47664.054881321565,47846.67578125,4695,0.0,0.0
2025-03-04 00:00:00+09:00,48029.302128492294,48029.302128492294,47390.12890625,47390.12890625,6390,0.0,0.0
2025-03-05 00:00:00+09:00,47298.816224563954,47481.4371366279,47116.1953125,47116.1953125,9003,0.0,0.0
2025-03-06 00:00:00+09:00,47298.818445929675,47846.68120785164,47298.818445929675,47390.12890625,5406,0.0,0.0
2025-03-07 00:00:00+09:00,47298.816224563954,47572.74759265988,47116.1953125,47116.1953125,6437,0.0,0.0
2025-03-10 00:00:00+09:00,47207.50576853198,47481.4371366279,47024.88485646802,47116.1953125,6136,0.0,0.0
2025-03-11 00:00:00+09:00,47116.19345382012,47664.056168399424,47024.88300139023,47207.50390625,6029,0.0,0.0
2025-03-12 00:00:00+09:00,47298.81711917776,48211.92169676806,47298.81711917776,48029.30078125,6937,0.0,0.0
2025-03-13 00:00:00+09:00,47937.99050071023,48485.85324928977,47937.99050071023,48211.921875,7613,0.0,0.0
2025-03-14 00:00:00+09:00,48394.54110758004,48942.40383709981,48303.23065266007,48485.8515625,12675,0.0,0.0
2025-03-17 00:00:00+09:00,48485.8534271816,48485.8534271816,48211.92205188679,48394.54296875,3967,0.0,0.0
2025-03-18 00:00:00+09:00,48211.92458100559,49033.71875,48211.92458100559,49033.71875,8665,0.0,0.0
2025-03-19 00:00:00+09:00,48942.40383709981,49033.71429201977,48485.8515625,48485.8515625,6461,0.0,0.0
2025-03-21 00:00:00+09:00,48485.84970482848,48851.09151051457,48394.539253406954,48577.16015625,13097,0.0,0.0
2025-03-24 00:00:00+09:00,48577.16238317757,49033.71466121495,48485.8519275701,48851.09375,7080,0.0,0.0
2025-03-25 00:00:00+09:00,48942.4082867784,49398.96060288641,48759.7873603352,49033.71875,10792,0.0,0.0
2025-03-26 00:00:00+09:00,49125.02381226937,49672.886531365315,48759.78199953875,49490.265625,7695,0.0,0.0
2025-03-27 00:00:00+09:00,49581.57663520757,50038.12890625,49490.26618099909,50038.12890625,7111,0.0,0.0
2025-03-28 00:00:00+09:00,49855.51375399908,49946.82421875,49398.96143024452,49946.82421875,7355,0.0,0.0
2025-03-31 00:00:00+09:00,49855.507248263886,50129.43860677083,49307.64453125,49307.64453125,19686,0.0,0.0
2025-04-01 00:00:00+09:00,49764.20125772665,50038.132640796706,49581.580335679944,49855.51171875,6897,0.0,0.0
2025-04-02 00:00:00+09:00,50038.13194121747,50038.13194121747,48942.4064242565,49125.02734375,5564,0.0,0.0
2025-04-03 00:00:00+09:00,48394.54147196262,48851.09375,48303.231016355145,48851.09375,9995,0.0,0.0
2025-04-04 00:00:00+09:00,48394.54147196262,48851.09375,48303.231016355145,48851.09375,8045,0.0,0.0
2025-04-07 00:00:00+09:00,47116.197178398055,48120.6122345267,46385.71350121359,47024.88671875,13649,0.0,0.0
2025-04-08 00:00:00+09:00,47207.50465029762,48394.54055059524,47024.88374255952,47937.98828125,14113,0.0,0.0
2025-04-09 00:00:00+09:00,47390.12481110977,47390.12481110977,46750.95164410058,47207.50390625,9412,0.0,0.0
2025-04-10 00:00:00+09:00,48120.61411778398,49398.96060288641,47572.75133845438,49033.71875,13488,0.0,0.0
2025-04-11 00:00:00+09:00,48120.61211520522,49125.027168843284,48029.30165578358,48942.40625,8591,0.0,0.0
2025-04-14 00:00:00+09:00,49216.33407841435,49581.57588975695,49033.71317274305,49307.64453125,4295,0.0,0.0
2025-04-15 00:00:00+09:00,49398.956850069575,49398.956850069575,48851.09411236086,49216.3359375,4918,0.0,0.0
2025-04-16 00:00:00+09:00,49307.64453125,49398.95498408565,49033.71317274305,49307.64453125,6336,0.0,0.0
2025-04-17 00:00:00+09:00,49307.64267560074,49764.194922597046,49033.711327402954,49398.953125,5754,0.0,0.0
2025-04-18 00:00:00+09:00,49398.95498408565,49490.2654369213,49125.0236255787,49307.64453125,5128,0.0,0.0
2025-04-21 00:00:00+09:00,49307.64267560074,49398.953125,49033.711327402954,49398.953125,3244,0.0,0.0
2025-04-22 00:00:00+09:00,49490.26766804788,49672.888581952124,49398.95721109577,49581.578125,4496,0.0,0.0
2025-04-23 00:00:00+09:00,49672.886342592596,49764.19679542824,49216.33407841435,49307.64453125,4921,0.0,0.0
2025-04-24 00:00:00+09:00,49216.33557242991,49307.64602803739,48668.47283878505,48851.09375,4236,0.0,0.0
2025-04-25 00:00:00+09:00,48942.402153558054,48942.402153558054,48485.84989466292,48759.78125,4008,0.0,0.0
2025-04-28 00:00:00+09:00,48942.4064242565,49216.337803496746,48759.78550476301,49125.02734375,4546,0.0,0.0
2025-04-30 00:00:00+09:00,49216.340500742685,50038.13468350092,49125.030035991775,49946.82421875,9929,0.0,0.0
2025-05-01 00:00:00+09:00,49946.81881935009,50403.37109375,49581.57699983016,50403.37109375,7240,0.0,0.0
2025-05-02 00:00:00+09:00,50494.68025352191,51042.54296875,50403.3698009839,51042.54296875,8864,0.0,0.0
2025-05-07 00:00:00+09:00,51042.544277909874,51042.544277909874,50220.750183990036,50403.37109375,7037,0.0,0.0
2025-05-08 00:00:00+09:00,50312.06196244266,50312.06196244266,49490.26784690367,49764.19921875,7543,0.0,0.0
2025-05-09 00:00:00+09:00,49855.50614754098,50129.4375,49490.264344262294,50129.4375,8240,0.0,0.0
2025-05-12 00:00:00+09:00,50129.44175943716,50494.68359375,49946.820842280744,50494.68359375,3393,0.0,0.0
2025-05-13 00:00:00+09:00,50312.06196244266,50403.37241972477,49672.88876146789,49764.19921875,5509,0.0,0.0
2025-05-14 00:00:00+09:00,49855.50614754098,50129.4375,49490.264344262294,50129.4375,6050,0.0,0.0
2025-05-15 00:00:00+09:00,50129.44158348457,50312.0625,49764.19975045372,50312.0625,5323,0.0,0.0
2025-05-16 00:00:00+09:00,50403.37109375,50494.68154862998,50038.12927423007,50403.37109375,5390,0.0,0.0
2025-05-19 00:00:00+09:00,50312.0625,50403.372958257714,49855.51020871143,50312.0625,5267,0.0,0.0
2025-05-20 00:00:00+09:00,50312.066077753654,50403.37654250457,49855.51375399908,49946.82421875,4391,0.0,0.0
2025-05-21 00:00:00+09:00,49855.51375399908,49946.82421875,49672.892824497256,49946.82421875,3837,0.0,0.0
2025-05-22 00:00:00+09:00,49855.51020871143,50312.0625,49764.19975045372,50312.0625,3668,0.0,0.0
2025-05-23 00:00:00+09:00,50312.064706960744,50768.61701827618,50312.064706960744,50585.99609375,4442,0.0,0.0
2025-05-26 00:00:00+09:00,50677.30451090642,50768.61496948463,50403.37313517179,50494.68359375,3152,0.0,0.0
2025-05-27 00:00:00+09:00,50677.30300739247,50951.234375,50585.9925515233,50951.234375,3642,0.0,0.0
2025-05-28 00:00:00+09:00,51042.54519294929,51407.787019016905,50768.61382339858,51316.4765625,6329,0.0,0.0
2025-05-29 00:00:00+09:00,51225.1659249442,51499.097293526786,50859.92410016741,51133.85546875,5424,0.0,0.0
2025-05-30 00:00:00+09:00,51133.85768206039,51499.09952264654,50859.92630162078,51407.7890625,12760,0.0,0.0
2025-06-02 00:00:00+09:00,51407.787019016905,51499.09747553381,50951.23473643239,51316.4765625,6260,0.0,0.0
2025-06-03 00:00:00+09:00,51316.4763811384,51316.4763811384,50951.23455636161,51133.85546875,3703,0.0,0.0
2025-06-04 00:00:00+09:00,51316.47842858735,51681.72026793672,50951.23658923797,51225.16796875,7071,0.0,0.0
2025-06-05 00:00:00+09:00,51133.856183978874,51864.33984375,51042.54572650749,51864.33984375,4813,0.0,0.0
2025-06-06 00:00:00+09:00,51864.33631993007,52229.578125,51773.02586866259,52229.578125,5180,0.0,0.0
2025-06-09 00:00:00+09:00,52138.27085411126,52320.891767785906,51499.09765625,51499.09765625,4060,0.0,0.0
2025-06-10 00:00:00+09:00,51681.71670353982,52046.95851769912,51407.78534292035,51590.40625,4916,0.0,0.0
2025-06-11 00:00:00+09:00,51590.406620716174,51955.6484375,51499.09616652021,51955.6484375,5340,0.0,0.0
2025-06-12 00:00:00+09:00,51955.650301221394,52138.271216164176,51590.40847133583,51864.33984375,9162,0.0,0.0
2025-06-13 00:00:00+09:00,52320.89470108695,52503.515625,51773.031929347824,52503.515625,14021,0.0,0.0
2025-06-16 00:00:00+09:00,52320.892666594074,52868.75541702961,52138.27174978223,52412.203125,7521,0.0,0.0
2025-06-17 00:00:00+09:00,52320.89470108695,52503.515625,52046.96331521739,52503.515625,6572,0.0,0.0
2025-06-18 00:00:00+09:00,52503.51376003689,52777.44513617621,52320.89284261067,52594.82421875,9289,0.0,0.0
2025-06-19 00:00:00+09:00,52594.81865284974,52868.75,52412.19775474956,52868.75,4858,0.0,0.0
2025-06-20 00:00:00+09:00,52777.44289921466,52777.44289921466,52138.269715314134,52320.890625,11349,0.0,0.0
2025-06-23 00:00:00+09:00,52320.88857626748,52412.19902753497,51864.33631993007,52229.578125,7130,0.0,0.0
2025-06-24 00:00:00+09:00,52229.58017015707,52503.51153468586,52046.9592604712,52320.890625,10591,0.0,0.0
2025-06-25 00:00:00+09:00,52229.578125,52594.81993006993,52138.26767373252,52229.578125,7334,0.0,0.0
2025-06-26 00:00:00+09:00,52412.201079842926,52503.51153468586,51773.0278959424,52320.890625,8873,0.0,0.0
2025-06-27 00:00:00+09:00,52320.88933189655,53051.37295258621,52046.95797413793,52960.0625,12082,0.0,0.0
2025-06-30 00:00:00+09:00,52777.440832604894,53051.372186407345,52229.578125,52229.578125,10041,0.0,0.0
2025-07-01 00:00:00+09:00,52138.26934589192,52320.89025428383,51864.337983304045,51955.6484375,9582,0.0,0.0
2025-07-02 00:00:00+09:00,52046.962976138355,52503.51528294659,51955.65251477671,52138.2734375,6867,0.0,0.0
2025-07-03 00:00:00+09:00,52229.58017015707,52503.51153468586,52046.9592604712,52320.890625,5586,0.0,0.0
2025-07-04 00:00:00+09:00,52594.82421875,52777.44513617621,52412.20330132378,52594.82421875,5722,0.0,0.0
2025-07-07 00:00:00+09:00,52594.82271944922,53051.375,52412.201807228914,53051.375,6627,0.0,0.0
2025-07-08 00:00:00+09:00,52960.06793478261,53142.68885869565,52503.515625,52503.515625,7180,0.0,0.0
2025-07-09 00:00:00+09:00,52777.444958623695,52868.75541702961,52412.203125,52412.203125,6692,0.0,0.0
2025-07-10 00:00:00+09:00,52594.82421875,52777.44513617621,52412.20330132378,52594.82421875,5267,0.0,0.0
2025-07-11 00:00:00+09:00,52777.44381164237,53416.61700659306,52777.44381164237,53233.99609375,6798,0.0,0.0
2025-07-14 00:00:00+09:00,53416.615513392855,53690.546875,53142.68415178571,53690.546875,5642,0.0,0.0
2025-07-15 00:00:00+09:00,53690.54482538331,53781.85527576661,53507.9239246167,53599.234375,6157,0.0,0.0
2025-07-16 00:00:00+09:00,53599.24014771758,53873.17152837031,53325.308767064846,53507.9296875,7184,0.0,0.0
2025-07-17 00:00:00+09:00,53507.9239246167,53690.54482538331,53233.99257346678,53599.234375,4793,0.0,0.0
2025-07-18 00:00:00+09:00,53507.925405390895,53507.925405390895,53142.68359375,53142.68359375,9217,0.0,0.0
2025-07-22 00:00:00+09:00,53233.99609375,53599.237919436106,52960.06472448542,53233.99609375,6551,0.0,0.0
2025-07-23 00:00:00+09:00,53599.24202056624,53690.55248397436,53325.31063034188,53416.62109375,5369,0.0,0.0
2025-07-24 00:00:00+09:00,53416.61905367081,53781.86089335402,53325.30859375,53325.30859375,5757,0.0,0.0
2025-07-25 00:00:00+09:00,53507.9259672619,53873.16778273809,53416.615513392855,53690.546875,5872,0.0,0.0
2025-07-28 00:00:00+09:00,53873.16591946095,54238.40772230476,53690.54501803905,53781.85546875,7895,0.0,0.0
2025-07-29 00:00:00+09:00,53416.618073792015,54329.72265625,53416.618073792015,54329.72265625,29229,0.0,0.0
2025-07-30 00:00:00+09:00,54520.87520204742,54897.53064385776,53955.8920393319,54615.0390625,27540,1803.0,0.0
2025-07-31 00:00:00+09:00,54615.036600298125,55274.18359375,54520.87274409071,55274.18359375,13562,0.0,0.0
2025-08-01 00:00:00+09:00,55180.019737542585,55368.34744995741,54615.036600298125,55274.18359375,8839,0.0,0.0
2025-08-04 00:00:00+09:00,55180.02014802632,55462.51171875,54991.69243421053,55462.51171875,9859,0.0,0.0
2025-08-05 00:00:00+09:00,55462.51192399365,55745.003495762714,55274.18420948093,55556.67578125,10403,0.0,0.0
2025-08-06 00:00:00+09:00,55556.676393865935,56121.659543634065,55368.34867727656,55839.16796875,10297,0.0,0.0
2025-08-07 00:00:00+09:00,55933.3359375,56121.66366792929,55556.68047664141,55933.3359375,6897,0.0,0.0
2025-08-08 00:00:00+09:00,55745.00411045532,56215.823401928756,55556.676393865935,55839.16796875,8728,0.0,0.0
2025-08-12 00:00:00+09:00,55933.33162214949,55933.33162214949,55462.51233240076,55745.00390625,6654,0.0,0.0
2025-08-13 00:00:00+09:00,55650.839432565794,55745.00328947369,55274.18400493421,55462.51171875,7772,0.0,0.0
2025-08-14 00:00:00+09:00,55368.349080882355,56027.49609375,55368.349080882355,56027.49609375,8683,0.0,0.0
2025-08-15 00:00:00+09:00,56027.495685339374,56027.495685339374,55650.840252160626,55839.16796875,4167,0.0,0.0
2025-08-18 00:00:00+09:00,55556.677000314594,56215.824015572565,55556.677000314594,56121.66015625,6317,0.0,0.0
2025-08-19 00:00:00+09:00,56121.66096354167,56498.31640625,56027.49710286458,56498.31640625,5533,0.0,0.0
2025-08-20 00:00:00+09:00,56498.31312189055,56874.96854270315,56404.1492666874,56780.8046875,5306,0.0,0.0
2025-08-21 00:00:00+09:00,56780.8046875,57157.4601083126,56592.4769770937,56780.8046875,7947,0.0,0.0
2025-08-22 00:00:00+09:00,56780.80510072314,57063.29666838843,56592.47738894628,56969.1328125,4442,0.0,0.0
2025-08-25 00:00:00+09:00,57063.296875,57157.460731229374,56780.80530631188,57063.296875,4775,0.0,0.0
2025-08-26 00:00:00+09:00,56969.13260554636,57251.624172185424,56592.47718336093,56874.96875,4957,0.0,0.0
2025-08-27 00:00:00+09:00,57063.298704268294,57910.7734375,56874.970985772365,57910.7734375,7890,0.0,0.0
2025-08-28 00:00:00+09:00,57816.61248719262,58004.94021516394,57157.46543929303,57439.95703125,5706,0.0,0.0
2025-08-29 00:00:00+09:00,57534.1171875,57816.60876125204,57439.95332958265,57534.1171875,10117,0.0,0.0
2025-09-01 00:00:00+09:00,57534.117798249186,57910.77323391694,57439.95393933225,57816.609375,5590,0.0,0.0
2025-09-02 00:00:00+09:00,57816.61248719262,57910.776351178276,57251.629303278685,57439.95703125,3844,0.0,0.0
2025-09-03 00:00:00+09:00,57345.791356853166,57439.95521786606,56404.15274672421,56592.48046875,5808,0.0,0.0
2025-09-04 00:00:00+09:00,56498.316001254185,56686.64372125836,55933.33284124164,56309.98828125,6781,0.0,0.0
2025-09-05 00:00:00+09:00,56309.98848340985,56592.4800644303,56121.66076272955,56404.15234375,7311,0.0,0.0
2025-09-08 00:00:00+09:00,56404.15274672421,56780.808190775795,56309.98888571132,56592.48046875,4344,0.0,0.0
2025-09-09 00:00:00+09:00,56592.4769770937,56780.8046875,56309.985411484246,56780.8046875,5237,0.0,0.0
2025-09-10 00:00:00+09:00,56404.15274672421,56686.644329762894,56215.825024698424,56592.48046875,5015,0.0,0.0
2025-09-11 00:00:00+09:00,56309.98582128099,56969.1328125,56309.98582128099,56969.1328125,5994,0.0,0.0
2025-09-12 00:00:00+09:00,57439.95332958265,57534.1171875,56874.970182078556,57534.1171875,10191,0.0,0.0
2025-09-16 00:00:00+09:00,57439.95703125,57628.284759221315,57251.629303278685,57439.95703125,6735,0.0,0.0
2025-09-17 00:00:00+09:00,57345.793167264346,57439.95703125,56969.137711321724,57439.95703125,5478,0.0,0.0
2025-09-18 00:00:00+09:00,57439.95643276359,57534.12029576812,57157.46484375,57157.46484375,4460,0.0,0.0
2025-09-19 00:00:00+09:00,57345.79296875,57345.79296875,56874.97365045156,57345.79296875,13294,0.0,0.0
2025-09-22 00:00:00+09:00,57345.7894716653,57816.60876125204,57251.62561374795,57534.1171875,7260,0.0,0.0
2025-09-24 00:00:00+09:00,57345.78823605372,57345.78823605372,56686.64124483471,56969.1328125,5668,0.0,0.0
2025-09-25 00:00:00+09:00,57157.461755830605,57722.4449033347,57063.29789791325,57534.1171875,8116,0.0,0.0
2025-09-26 00:00:00+09:00,57816.609780844155,58004.9375,57345.79048295455,58004.9375,5372,0.0,0.0
2025-09-29 00:00:00+09:00,57816.60709473466,57910.77094993781,56780.8046875,56780.8046875,7740,0.0,0.0
2025-09-30 00:00:00+09:00,56874.96854270315,56969.1323979063,56498.31312189055,56780.8046875,5673,0.0,0.0
2025-10-01 00:00:00+09:00,56686.64310661765,56780.80696559874,55274.185221901265,56027.49609375,8035,0.0,0.0
2025-10-02 00:00:00+09:00,56215.82381171219,56780.80696559874,55650.84065782563,56027.49609375,7245,0.0,0.0
2025-10-03 00:00:00+09:00,56121.6603590871,56498.315797738695,55933.332639761305,56215.82421875,4677,0.0,0.0
2025-10-06 00:00:00+09:00,56498.31839139344,57439.95703125,56498.31839139344,57439.95703125,6926,0.0,0.0
2025-10-07 00:00:00+09:00,57345.791356853166,57534.11907887895,56592.48046875,56592.48046875,5951,0.0,0.0
2025-10-08 00:00:00+09:00,56592.47986125627,56874.97144126255,56309.98828125,56309.98828125,5348,0.0,0.0
2025-10-09 00:00:00+09:00,56215.821556281095,56874.96854270315,56121.657701077944,56780.8046875,5756,0.0,0.0
2025-10-10 00:00:00+09:00,56686.64351706449,56780.80737672738,56215.82421875,56215.82421875,4345,0.0,0.0
2025-10-14 00:00:00+09:00,56027.4969023894,56498.31620409015,55745.005321368946,56404.15234375,5994,0.0,0.0
2025-10-15 00:00:00+09:00,56404.15294720722,56686.64453125,56309.98908585963,56686.64453125,5118,0.0,0.0
2025-10-16 00:00:00+09:00,56780.80978679188,57439.95683240969,56686.645923132186,57345.79296875,5296,0.0,0.0
2025-10-17 00:00:00+09:00,57251.628706754535,57345.79256975906,56969.13711774094,57157.46484375,4679,0.0,0.0
2025-10-20 00:00:00+09:00,57345.79256975906,57439.95643276359,56969.13711774094,57157.46484375,3663,0.0,0.0
2025-10-21 00:00:00+09:00,57251.628706754535,57534.12029576812,57063.30098074547,57157.46484375,4984,0.0,0.0
2025-10-22 00:00:00+09:00,57345.793167264346,57534.120895235654,57157.46543929303,57439.95703125,6945,0.0,0.0
2025-10-23 00:00:00+09:00,57439.954342532474,58004.9375,57157.46276379871,58004.9375,5636,0.0,0.0
2025-10-24 00:00:00+09:00,58004.93668300654,58287.42825776144,57628.28125,57628.28125,5121,0.0,0.0
2025-10-27 00:00:00+09:00,57816.61018406149,58193.265625,57722.44632382686,58193.265625,4156,0.0,0.0
2025-10-28 00:00:00+09:00,57910.77323391694,58193.26481066775,57628.281657166124,57816.609375,6600,0.0,0.0
2025-10-29 00:00:00+09:00,57910.772619169395,58004.93647708674,57251.62561374795,57534.1171875,7405,0.0,0.0
2025-10-30 00:00:00+09:00,57345.789878160685,58004.93688825449,56969.13444382137,57722.4453125,6438,0.0,0.0
2025-10-31 00:00:00+09:00,57910.77302966965,58381.5923225938,57722.4453125,57722.4453125,9280,0.0,0.0
2025-11-04 00:00:00+09:00,57910.77464522947,58569.92167371175,57910.77464522947,58475.7578125,6937,0.0,0.0
2025-11-05 00:00:00+09:00,58569.922475,58852.4140625,58004.9393,58852.4140625,7964,0.0,0.0
2025-11-06 00:00:00+09:00,58852.4140625,59040.741787499996,58664.0863375,58852.4140625,4683,0.0,0.0
2025-11-07 00:00:00+09:00,58852.413862179485,59134.905448717946,58664.086137820515,58758.25,4757,0.0,0.0
2025-11-10 00:00:00+09:00,59040.741787499996,59229.0695125,58852.4140625,58852.4140625,5799,0.0,0.0
2025-11-11 00:00:00+09:00,59134.90436422414,60076.54296875,59040.74050377156,60076.54296875,4472,0.0,0.0
2025-11-12 00:00:00+09:00,59982.382221017346,60264.8738170347,59699.890625,59699.890625,5585,0.0,0.0
2025-11-13 00:00:00+09:00,59888.213822305865,59888.213822305865,59134.90295661648,59417.39453125,3430,0.0,0.0
2025-11-14 00:00:00+09:00,59417.39473521559,59699.88631081883,59134.90315961234,59511.55859375,4591,0.0,0.0
2025-11-17 00:00:00+09:00,59134.902752976195,59417.39432663691,58946.57503720238,59323.23046875,9902,0.0,0.0
2025-11-18 00:00:00+09:00,59229.06767451299,59229.06767451299,58004.9375,58004.9375,5751,0.0,0.0
2025-11-19 00:00:00+09:00,58004.937092833876,58099.100951750814,57628.281657166124,57816.609375,8843,0.0,0.0
2025-11-20 00:00:00+09:00,58099.098072748384,58664.08119825323,58004.934218497576,58287.42578125,9732,0.0,0.0
2025-11-21 00:00:00+09:00,58099.10256732315,58569.921875,58004.93870578778,58569.921875,9904,0.0,0.0
2025-11-25 00:00:00+09:00,58664.08285361842,59229.065995065794,58381.59128289474,59040.73828125,4076,0.0,0.0
2025-11-26 00:00:00+09:00,59134.90315961234,59511.55859375,59040.73930107793,59511.55859375,4648,0.0,0.0
2025-11-27 00:00:00+09:00,59511.56289432177,60076.546086356466,59323.23516364353,59699.890625,6016,0.0,0.0
2025-11-28 00:00:00+09:00,59794.0526875,59794.0526875,58852.4140625,58852.4140625,9216,0.0,0.0
2025-12-01 00:00:00+09:00,58852.41244175446,59040.74016156807,57910.77384268639,58099.1015625,7030,0.0,0.0
2025-12-02 00:00:00+09:00,58099.1015625,58287.42928231361,57628.282262965964,58099.1015625,5640,0.0,0.0
2025-12-03 00:00:00+09:00,57910.77384268639,58099.1015625,57534.11840305916,58099.1015625,5624,0.0,0.0
2025-12-04 00:00:00+09:00,58099.10033500409,58287.42805083878,57534.1171875,57534.1171875,4439,0.0,0.0
2025-12-05 00:00:00+09:00,57534.12049624794,57534.12049624794,57157.46504291735,57251.62890625,4098,0.0,0.0
2025-12-08 00:00:00+09:00,57251.62438016529,57534.11594783058,56498.31353305785,56969.1328125,5917,0.0,0.0
2025-12-09 00:00:00+09:00,56780.80530631188,57063.296875,56215.82216893564,57063.296875,4538,0.0,0.0
2025-12-10 00:00:00+09:00,56969.1328125,57345.78823605372,56686.64124483471,56969.1328125,5318,0.0,0.0
2025-12-11 00:00:00+09:00,57063.29977381448,57251.62749584027,56498.316607737106,56592.48046875,4280,0.0,0.0
2025-12-12 00:00:00+09:00,56592.481862921464,57345.792769582644,56592.481862921464,57251.62890625,10368,0.0,0.0
2025-12-15 00:00:00+09:00,57345.79256975906,57439.95643276359,56969.13711774094,57157.46484375,4159,0.0,0.0
2025-12-16 00:00:00+09:00,57063.296875,57534.11615614686,57063.296875,57063.296875,4072,0.0,0.0
2025-12-17 00:00:00+09:00,57157.46504291735,57345.792769582644,56780.80958958676,57251.62890625,6300,0.0,0.0
2025-12-18 00:00:00+09:00,57251.625816993466,57910.7728247549,57157.461958741835,57628.28125,5329,0.0,0.0
2025-12-19 00:00:00+09:00,57722.44672379032,58381.59375,57722.44672379032,58381.59375,7644,0.0,0.0
2025-12-22 00:00:00+09:00,58381.591908756134,58569.91962459083,57534.1171875,57534.1171875,5770,0.0,0.0
2025-12-23 00:00:00+09:00,57628.28206168831,58004.9375,57439.954342532474,58004.9375,2583,0.0,0.0
2025-12-24 00:00:00+09:00,57910.77384268639,58193.26542240681,57722.446122872774,58099.1015625,3150,0.0,0.0
2025-12-25 00:00:00+09:00,58193.26192699919,58569.917344002424,58004.934218497576,58287.42578125,3750,0.0,0.0
2025-12-26 00:00:00+09:00,58381.59375,58664.08533266129,57910.774445564515,58381.59375,5149,0.0,0.0
2025-12-29 00:00:00+09:00,58664.085534923506,58852.41325734702,58287.43009007649,58475.7578125,7187,0.0,0.0
2025-12-30 00:00:00+09:00,58758.24858184765,58852.41244175446,58099.1015625,58099.1015625,7057,0.0,0.0
2026-01-05 00:00:00+09:00,58664.084926173135,58852.41264664239,57722.44632382686,58193.265625,9224,0.0,0.0
2026-01-06 00:00:00+09:00,58475.75614987144,59511.55859375,58381.59229133702,59511.55859375,8721,0.0,0.0
2026-01-07 00:00:00+09:00,59323.22985197369,59417.39370888158,58758.24671052632,59040.73828125,8772,0.0,0.0
2026-01-08 00:00:00+09:00,59134.903361966826,59794.05037396327,58946.57564425356,59605.72265625,6933,0.0,0.0
2026-01-09 00:00:00+09:00,59888.21361607143,59982.37747395834,59323.23046875,59323.23046875,8092,0.0,0.0
2026-01-13 00:00:00+09:00,59511.55777269108,59605.72162992635,58852.41077204419,59134.90234375,6844,0.0,0.0
2026-01-14 00:00:00+09:00,59134.90254868839,59417.39412137321,59134.90254868839,59229.06640625,5712,0.0,0.0
2026-01-15 00:00:00+09:00,59417.395544663916,59888.21484375,59134.90396521226,59888.21484375,7702,0.0,0.0
2026-01-16 00:00:00+09:00,59888.2150461146,60264.8704866562,59794.051185979195,59982.37890625,9417,0.0,0.0
2026-01-19 00:00:00+09:00,60170.70539693938,60170.70539693938,59417.39453125,59417.39453125,6414,0.0,0.0
2026-01-20 00:00:00+09:00,59511.56130191693,59605.725164736425,58946.578125,58946.578125,8412,0.0,0.0
2026-01-21 00:00:00+09:00,58758.249193548385,58852.413054435485,58099.10216733871,58381.59375,8648,0.0,0.0
2026-01-22 00:00:00+09:00,58569.92147177419,58946.57691532258,58381.59375,58381.59375,6250,0.0,0.0
2026-01-23 00:00:00+09:00,58475.75720570388,58569.921065938506,58004.93790453074,58193.265625,6485,0.0,0.0
2026-01-26 00:00:00+09:00,58099.10115599594,58287.428874491874,57816.609578252035,57910.7734375,6728,0.0,0.0
2026-01-27 00:00:00+09:00,57910.77364042208,58004.9375,57439.954342532474,58004.9375,5825,0.0,0.0
2026-01-28 00:00:00+09:00,57439.95414126017,58004.93729674797,57439.95414126017,57910.7734375,23201,0.0,0.0
2026-01-29 00:00:00+09:00,57783.7652104063,58462.43359375,57299.002079446516,58462.43359375,17843,1769.0,0.0
2026-01-30 00:00:00+09:00,58753.29390625,58753.29390625,58074.62549479167,58171.578125,10668,0.0,0.0
2026-02-02 00:00:00+09:00,58268.52926088777,58559.3871440536,57783.76612227806,57880.71875,9279,0.0,0.0
2026-02-03 00:00:00+09:00,58074.625,58365.48288814691,57783.767111853085,58074.625,5650,0.0,0.0
2026-02-04 00:00:00+09:00,58171.576704545456,58850.24509943182,57977.671448863635,58656.33984375,6897,0.0,0.0
2026-02-05 00:00:00+09:00,58753.29395816201,59238.05710963199,58559.38869757402,58947.19921875,11471,0.0,0.0
2026-02-06 00:00:00+09:00,58947.1996672213,58947.1996672213,58171.578618968386,58268.53125,5323,0.0,0.0
2026-02-09 00:00:00+09:00,58559.387646321076,58656.34027487459,57880.71924644649,57977.671875,7965,0.0,0.0
2026-02-10 00:00:00+09:00,58171.576704545456,58656.33984375,57977.671448863635,58656.33984375,7026,0.0,0.0
2026-02-12 00:00:00+09:00,58559.38671875,58850.244599803395,58462.4340917322,58559.38671875,5130,0.0,0.0
2026-02-13 00:00:00+09:00,58656.34227055647,58656.34227055647,57977.67384759136,58365.484375,5666,0.0,0.0
2026-02-16 00:00:00+09:00,58268.529332386366,58656.33984375,58074.624076704546,58656.33984375,5211,0.0,0.0
2026-02-17 00:00:00+09:00,58462.436015625004,58462.436015625004,57783.76760416667,58171.578125,4199,0.0,0.0
2026-02-18 00:00:00+09:00,58171.576704545456,58753.29247159091,57880.718821022725,58656.33984375,5047,0.0,0.0
2026-02-19 00:00:00+09:00,58753.29340567612,58753.29340567612,57977.67237061769,58074.625,3472,0.0,0.0
2026-02-20 00:00:00+09:00,58656.34227055647,58850.247534260794,58268.53174314784,58365.484375,6369,0.0,0.0
2026-02-24 00:00:00+09:00,58656.34230917008,59141.10546875,58268.53178150615,59141.10546875,6914,0.0,0.0
2026-02-25 00:00:00+09:00,59238.056176201135,59528.9140625,58947.19828990228,59528.9140625,6938,0.0,0.0
2026-02-26 00:00:00+09:00,59528.91356545677,59722.81882137031,59044.150425672924,59431.9609375,6206,0.0,0.0
2026-02-27 00:00:00+09:00,59431.96237021998,59528.91500051398,58947.19921875,58947.19921875,8244,0.0,0.0
2026-03-02 00:00:00+09:00,58462.43508276609,58753.29296875,57977.67193945957,58753.29296875,6116,0.0,0.0
2026-03-03 00:00:00+09:00,58656.34127604167,58753.29390625,57977.672864583335,58171.578125,4686,0.0,0.0
2026-03-04 00:00:00+09:00,57783.767052664974,57880.71968194797,56911.19338911802,57299.00390625,13214,0.0,0.0
2026-03-05 00:00:00+09:00,57880.720234375,58559.388645833336,57686.81497395833,58171.578125,5559,0.0,0.0
2026-03-06 00:00:00+09:00,57880.72068006956,57977.67331102445,57395.95752529511,57492.91015625,5077,0.0,0.0
2026-03-09 00:00:00+09:00,56911.19481921929,57299.00534609642,56523.384292342154,56814.2421875,10089,0.0,0.0
2026-03-10 00:00:00+09:00,57202.05078125,57395.95603813559,56814.24026747881,57202.05078125,5678,0.0,0.0
2026-03-11 00:00:00+09:00,57492.90823911223,58074.62400544389,57008.145100502516,57880.71875,3073,0.0,0.0
2026-03-12 00:00:00+09:00,57686.81342184847,57686.81342184847,56911.19240105051,57105.09765625,3622,0.0,0.0
2026-03-13 00:00:00+09:00,57105.09908764983,57492.909607769696,56523.38330747004,56620.3359375,9380,0.0,0.0
2026-03-16 00:00:00+09:00,56232.52302491482,57105.09665806005,56038.61777310477,56911.19140625,5933,0.0,0.0
2026-03-17 00:00:00+09:00,57105.09765625,57299.00291144949,56717.28714585102,57105.09765625,4465,0.0,0.0
2026-03-18 00:00:00+09:00,57202.05127696701,57299.00390625,56911.19338911802,57299.00390625,4591,0.0,0.0
2026-03-19 00:00:00+09:00,57008.144954819276,57008.144954819276,56232.52393502581,56329.4765625,7665,0.0,0.0
2026-03-23 00:00:00+09:00,55844.71335078534,55844.71335078534,55069.09233202443,55553.85546875,7710,0.0,0.0
2026-03-24 00:00:00+09:00,55747.76365477233,56135.574184544654,55359.953125,55359.953125,11696,0.0,0.0
2026-03-25 00:00:00+09:00,55747.75980947755,56232.52293825561,55650.80718372194,56135.5703125,7057,0.0,0.0
2026-03-26 00:00:00+09:00,56135.57223505435,56135.57223505435,55456.90383152174,55747.76171875,8392,0.0,0.0
2026-03-27 00:00:00+09:00,55844.71428571429,55941.666914682544,54875.187996031746,54972.140625,10159,0.0,0.0
2026-03-30 00:00:00+09:00,54002.61420995917,54002.61420995917,53033.08792252722,53420.8984375,13066,0.0,0.0
2026-03-31 00:00:00+09:00,53614.80369498639,53808.70895247278,53323.945808756805,53420.8984375,9677,0.0,0.0
2026-04-01 00:00:00+09:00,54196.520026506696,54293.47265625,53808.70950753349,54293.47265625,11749,0.0,0.0
2026-04-02 00:00:00+09:00,54487.37939886767,55263.00045792629,54293.47413410302,54584.33203125,9687,0.0,0.0
2026-04-03 00:00:00+09:00,54778.23586047535,55166.04637984155,54487.37797095071,55069.09375,5066,0.0,0.0
2026-04-06 00:00:00+09:00,55069.092756183745,55359.95064045936,54778.23487190813,54875.1875,3638,0.0,0.0
2026-04-07 00:00:00+09:00,55262.99851190476,55650.80902777778,54875.187996031746,54972.140625,4243,0.0,0.0
2026-04-08 00:00:00+09:00,55456.904814774694,55941.66796875,55069.094291594454,55941.66796875,9093,0.0,0.0
2026-04-09 00:00:00+09:00,55747.762158890844,55844.714788732395,54875.188490316905,55069.09375,6248,0.0,0.0
2026-04-10 00:00:00+09:00,55263.0,55263.0,54972.142105263156,55263.0,5581,0.0,0.0
2026-04-13 00:00:00+09:00,55166.04736842105,55359.95263157895,54778.23684210526,55263.0,4441,0.0,0.0
2026-04-14 00:00:00+09:00,55747.76072344023,55941.665978130455,55553.85546875,55553.85546875,6760,0.0,0.0
2026-04-15 00:00:00+09:00,56038.61810260052,56038.61810260052,55456.90234375,55456.90234375,6854,0.0,0.0
2026-04-16 00:00:00+09:00,55747.76365477233,55844.71628721541,55263.000492556916,55359.953125,7099,0.0,0.0
2026-04-17 00:00:00+09:00,55650.81052631579,55650.81052631579,55166.04736842105,55263.0,4956,0.0,0.0
2026-04-20 00:00:00+09:00,55650.80809609511,55747.76072344023,55456.90284140489,55553.85546875,6052,0.0,0.0
2026-04-21 00:00:00+09:00,55650.81052631579,55650.81052631579,55263.0,55263.0,4667,0.0,0.0
2026-04-22 00:00:00+09:00,55456.9042693662,55456.9042693662,54875.188490316905,55069.09375,5726,0.0,0.0
2026-04-23 00:00:00+09:00,55069.093253968254,55166.04588293651,54778.2353670635,54972.140625,5225,0.0,0.0
2026-04-24 00:00:00+09:00,55262.99851190476,55262.99851190476,54972.140625,54972.140625,3719,0.0,0.0
2026-04-27 00:00:00+09:00,55069.09225663717,55069.09225663717,54681.28174778761,54778.234375,5170,0.0,0.0
2026-04-28 00:00:00+09:00,54681.28174778761,54972.139629424775,54681.28174778761,54778.234375,8809,0.0,0.0
2026-04-30 00:00:00+09:00,54487.37890625,54681.28416926156,54293.47364323843,54487.37890625,6562,0.0,0.0
2026-05-01 00:00:00+09:00,54681.28367312834,54681.28367312834,54293.47315062388,54390.42578125,4516,0.0,0.0
2026-05-07 00:00:00+09:00,54778.2353670635,54972.140625,54293.472222222226,54972.140625,16872,0.0,0.0
2026-05-08 00:00:00+09:00,54972.139044233365,54972.139044233365,53905.66015625,53905.66015625,8920,0.0,0.0
2026-05-11 00:00:00+09:00,54002.61377828181,54293.47166218638,53808.70852234543,54099.56640625,4906,0.0,0.0
2026-05-12 00:00:00+09:00,54196.52146677928,54293.4740990991,53614.80567286036,53808.7109375,7203,0.0,0.0
2026-05-13 00:00:00+09:00,53808.7109375,53905.66356981982,53420.90040822072,53808.7109375,4443,0.0,0.0
2026-05-14 00:00:00+09:00,53614.80567286036,53808.7109375,53323.9477759009,53808.7109375,6412,0.0,0.0
2026-05-15 00:00:00+09:00,53808.70802709829,54002.61328125,53711.75540002244,54002.61328125,4693,0.0,0.0
2026-05-18 00:00:00+09:00,54002.613707386365,54002.613707386365,53033.08742897727,53323.9453125,7118,0.0,0.0
2026-05-19 00:00:00+09:00,53323.9477759009,53808.7109375,53033.08987894144,53808.7109375,4707,0.0,0.0
2026-05-20 00:00:00+09:00,53905.66007071168,54002.612696738135,52742.22855839416,53130.0390625,10424,0.0,0.0
2026-05-21 00:00:00+09:00,53323.945808756805,53517.851066243195,52936.13529378403,53420.8984375,6557,0.0,0.0
2026-05-22 00:00:00+09:00,53420.89987551511,53420.89987551511,52839.18408739698,52936.13671875,5615,0.0,0.0
2026-05-25 00:00:00+09:00,52839.181600912656,53033.08685449399,52257.46584016867,52451.37109375,6977,0.0,0.0
2026-05-26 00:00:00+09:00,52354.420441513765,53130.041485091744,52160.515180619266,52839.18359375,7729,0.0,0.0
2026-05-27 00:00:00+09:00,53130.041981456045,53226.99461280907,52548.32619333791,52936.13671875,8122,0.0,0.0
2026-05-28 00:00:00+09:00,52548.32619333791,52936.13671875,52257.468299278844,52936.13671875,10436,0.0,0.0
2026-05-29 00:00:00+09:00,52936.13721149452,53517.85300502742,52742.23194698355,53033.08984375,10390,0.0,0.0
2026-06-01 00:00:00+09:00,53226.9916015625,53226.9916015625,52160.51271701389,52354.41796875,7587,0.0,0.0
2026-06-02 00:00:00+09:00,52160.51313320825,52160.51313320825,51287.9394934334,51675.75,8390,0.0,0.0
2026-06-03 00:00:00+09:00,51675.75007942467,52548.32372054066,51578.79745263401,52451.37109375,6198,0.0,0.0
2026-06-04 00:00:00+09:00,52354.42134533898,52451.37397745998,51384.895024129,51481.84765625,6634,0.0,0.0
2026-06-05 00:00:00+09:00,51772.703621495326,52354.41939252336,51578.798364485985,51869.65625,5762,0.0,0.0
2026-06-08 00:00:00+09:00,51578.79885727612,51966.609375,51481.84622784515,51966.609375,4541,0.0,0.0
2026-06-09 00:00:00+09:00,52257.46776070764,52354.42039106145,51675.75197858473,52063.5625,3831,0.0,0.0
2026-06-10 00:00:00+09:00,52063.56108020065,52548.32421875,51869.65582478091,52548.32421875,2730,0.0,0.0
2026-06-11 00:00:00+09:00,52548.32372054066,52839.181600912656,52257.46584016867,52451.37109375,4822,0.0,0.0
2026-06-12 00:00:00+09:00,53226.99168852646,53420.896940579376,52548.32330634124,53130.0390625,10837,0.0,0.0
2026-06-15 00:00:00+09:00,53323.9453125,53614.80319602272,52936.134801136366,53323.9453125,7300,0.0,0.0
2026-06-16 00:00:00+09:00,53323.94574412984,53323.94574412984,52354.41945787293,52645.27734375,6472,0.0,0.0
2026-06-17 00:00:00+09:00,52548.32372054066,52742.228974121994,52257.46584016867,52451.37109375,6235,0.0,0.0
2026-06-18 00:00:00+09:00,52645.27634733133,52645.27634733133,52063.56058658734,52451.37109375,6107,0.0,0.0
2026-06-19 00:00:00+09:00,52645.27833285551,52839.18359375,52257.46781106652,52839.18359375,5292,0.0,0.0
2026-06-22 00:00:00+09:00,52354.41796875,52742.22847222222,52354.41796875,52354.41796875,3545,0.0,0.0
2026-06-23 00:00:00+09:00,52742.230963302754,53033.0888546445,52451.37307196101,52839.18359375,8226,0.0,0.0
2026-06-24 00:00:00+09:00,52742.23194698355,53033.08984375,52548.32668247258,53033.08984375,4997,0.0,0.0
2026-06-25 00:00:00+09:00,53323.94724416209,53517.852506868134,52839.18408739698,52936.13671875,8919,0.0,0.0
2026-06-26 00:00:00+09:00,52936.13676105596,53808.71044393051,52742.231498194946,53711.7578125,8123,0.0,0.0
2026-06-29 00:00:00+09:00,53711.75481865876,53905.66007071168,53130.0390625,53130.0390625,10359,0.0,0.0
2026-06-30 00:00:00+09:00,53517.85056818182,53905.661079545454,53323.9453125,53323.9453125,5404,0.0,0.0
2026-07-01 00:00:00+09:00,53420.89987551511,53517.852506868134,52936.13671875,52936.13671875,5264,0.0,0.0
2026-07-02 00:00:00+09:00,53130.04055127042,53711.75632372958,52839.18266504083,53420.8984375,6315,0.0,0.0
2026-07-03 00:00:00+09:00,53711.75540002244,54390.42378955341,53614.80277294659,54002.61328125,6755,0.0,0.0
2026-07-06 00:00:00+09:00,54196.51953125,54875.18793325134,54099.56690239266,54196.51953125,7658,0.0,0.0
2026-07-07 00:00:00+09:00,54293.47315062388,54875.18893438057,54293.47315062388,54390.42578125,4357,0.0,0.0
2026-07-08 00:00:00+09:00,54390.42429015457,54487.37691812276,54099.56640625,54099.56640625,4440,0.0,0.0
2026-07-09 00:00:00+09:00,54293.47116247756,54390.42378955341,54002.61328125,54002.61328125,4721,0.0,0.0
2026-07-10 00:00:00+09:00,54099.565408610615,54196.51803479092,53905.66015625,53905.66015625,3613,0.0,0.0
2026-07-13 00:00:00+09:00,53905.663075361015,54293.47360108304,53711.7578125,53711.7578125,6383,0.0,0.0
2026-07-14 00:00:00+09:00,53905.662628119426,54681.28367312834,53905.662628119426,54390.42578125,5980,0.0,0.0
2026-07-15 00:00:00+09:00,54584.33054547991,54972.14106445313,54099.56739676339,54293.47265625,9671,0.0,0.0
2026-07-16 00:00:00+09:00,54293.47360108304,54390.42623251354,53517.85254963899,53711.7578125,7614,0.0,0.0
2026-07-17 00:00:00+09:00,53614.805181069496,54390.42623251354,53614.805181069496,53711.7578125,8955,0.0,0.0
2026-07-21 00:00:00+09:00,54002.61525874554,54778.23630375446,54002.61525874554,54390.42578125,8310,0.0,0.0
2026-07-22 00:00:00+09:00,54487.37599734043,54778.23387632979,54293.47074468085,54681.28125,5737,0.0,0.0
2026-07-23 00:00:00+09:00,54584.32954609095,54875.187429995516,54002.61377828181,54099.56640625,6722,0.0,0.0
2026-07-24 00:00:00+09:00,54002.612782430304,54293.47066097122,53808.707530069696,53905.66015625,3334,0.0,0.0
2026-07-27 00:00:00+09:00,54293.472711267605,55166.04637984155,54196.52008142606,55069.09375,4998,0.0,0.0
2026-07-28 00:00:00+09:00,55069.09225663717,55650.8080199115,54681.28174778761,54778.234375,5759,0.0,0.0
2026-07-29 00:00:00+09:00,55069.094736842104,55359.95263157895,54875.18947368421,55263.0,18198,0.0,0.0
2026-07-30 00:00:00+09:00,54900.0,54900.0,54100.0,54600.0,13496,1737.0,0.0
2026-07-31 00:00:00+09:00,54700.0,54700.0,53600.0,53600.0,8946,0.0,0.0
2026-08-03 00:00:00+09:00,53600.0,53700.0,52800.0,52800.0,7723,0.0,0.0
2026-08-04 00:00:00+09:00,53100.0,53400.0,52900.0,52900.0,6163,0.0,0.0
2026-08-05 00:00:00+09:00,53200.0,53200.0,52400.0,52800.0,6833,0.0,0.0
2026-08-06 00:00:00+09:00,52900.0,53100.0,52600.0,53100.0,5205,0.0,0.0
2026-08-07 00:00:00+09:00,53000.0,53400.0,52700.0,53000.0,6279,0.0,0.0
2026-08-10 00:00:00+09:00,53100.0,53300.0,52900.0,53200.0,4591,0.0,0.0
2026-08-12 00:00:00+09:00,53300.0,53400.0,52800.0,53400.0,4732,0.0,0.0
2026-08-13 00:00:00+09:00,53500.0,53600.0,53000.0,53100.0,4190,0.0,0.0
2026-08-14 00:00:00+09:00,53200.0,53600.0,53000.0,53400.0,4663,0.0,0.0
2026-08-17 00:00:00+09:00,53700.0,54000.0,53400.0,53700.0,5915,0.0,0.0
2026-08-18 00:00:00+09:00,53500.0,53500.0,53000.0,53400.0,5893,0.0,0.0
2026-08-19 00:00:00+09:00,53400.0,53400.0,52800.0,53200.0,5092,0.0,0.0
2026-08-20 00:00:00+09:00,53400.0,53600.0,53200.0,53600.0,5085,0.0,0.0
2026-08-21 00:00:00+09:00,53400.0,53500.0,53000.0,53200.0,3836,0.0,0.0
2026-08-24 00:00:00+09:00,53300.0,53800.0,53200.0,53800.0,5162,0.0,0.0
2026-08-25 00:00:00+09:00,53800.0,54000.0,53600.0,53700.0,3392,0.0,0.0
2026-08-26 00:00:00+09:00,53900.0,54200.0,53700.0,54000.0,4059,0.0,0.0
2026-08-27 00:00:00+09:00,54100.0,54300.0,53800.0,54300.0,6879,0.0,0.0
2026-08-28 00:00:00+09:00,54000.0,54100.0,53200.0,53500.0,7448,0.0,0.0
2026-08-31 00:00:00+09:00,53500.0,53700.0,53100.0,53500.0,7845,0.0,0.0
2026-09-01 00:00:00+09:00,53500.0,53500.0,53000.0,53300.0,6026,0.0,0.0
2026-09-02 00:00:00+09:00,53200.0,53300.0,52800.0,53000.0,8127,0.0,0.0
2026-09-03 00:00:00+09:00,53000.0,53100.0,52600.0,52600.0,8413,0.0,0.0
2026-09-04 00:00:00+09:00,52600.0,52800.0,52400.0,52700.0,7422,0.0,0.0
2026-09-07 00:00:00+09:00,52600.0,52700.0,52300.0,52600.0,8517,0.0,0.0
2026-09-08 00:00:00+09:00,52300.0,52700.0,52100.0,52400.0,10285,0.0,0.0
2026-09-09 00:00:00+09:00,52300.0,52800.0,52200.0,52800.0,7704,0.0,0.0
2026-09-10 00:00:00+09:00,52600.0,52900.0,52400.0,52900.0,4780,0.0,0.0
2026-09-11 00:00:00+09:00,52900.0,52900.0,52200.0,52400.0,17850,0.0,0.0
2026-09-14 00:00:00+09:00,52200.0,53000.0,52200.0,52900.0,4983,0.0,0.0
2026-09-15 00:00:00+09:00,52900.0,54200.0,52900.0,53800.0,16614,0.0,0.0
2026-09-16 00:00:00+09:00,53600.0,54100.0,53400.0,54000.0,19789,0.0,0.0
2026-09-17 00:00:00+09:00,54000.0,55100.0,54000.0,55000.0,18240,0.0,0.0
2026-09-18 00:00:00+09:00,54900.0,55400.0,54200.0,54500.0,23434,0.0,0.0
2026-09-24 00:00:00+09:00,54500.0,55000.0,54000.0,54600.0,10757,0.0,0.0
2026-09-25 00:00:00+09:00,54700.0,54900.0,54000.0,54200.0,11168,0.0,0.0
2026-09-28 00:00:00+09:00,54200.0,54700.0,54000.0,54400.0,6812,0.0,0.0
2026-09-29 00:00:00+09:00,54200.0,54700.0,54000.0,54400.0,14427,0.0,0.0
2026-09-30 00:00:00+09:00,54300.0,54700.0,54200.0,54500.0,3622,0.0,0.0
