Date,Open,High,Low,Close,Volume,Dividends,Stock Splits
2021-09-30 00:00:00+09:00,163271.4425405649,164683.68952073317,161780.73739483173,163192.984375,3522,0.0,0.0
2021-10-01 00:00:00+09:00,163899.13926564026,166252.88468352883,160446.9793194037,160525.4375,3353,0.0,0.0
2021-10-04 00:00:00+09:00,160603.8882797121,160682.3464566929,157857.85208538384,159427.015625,2395,0.0,0.0
2021-10-05 00:00:00+09:00,158407.03478860293,160368.48890931375,153934.91939338236,160054.65625,3363,0.0,0.0
2021-10-06 00:00:00+09:00,160446.96322044788,162094.58484765052,157151.71996604258,160290.046875,1803,0.0,0.0
2021-10-07 00:00:00+09:00,160917.71059322034,162722.2485472155,160525.41973365616,162016.125,1357,0.0,0.0
2021-10-08 00:00:00+09:00,162879.1805760709,162879.1805760709,159348.5625,159348.5625,2029,0.0,0.0
2021-10-11 00:00:00+09:00,160133.12242495138,161388.453125,157387.08651859505,161388.453125,1479,0.0,0.0
2021-10-12 00:00:00+09:00,160682.37252056118,162643.82726324382,160682.37252056118,162173.078125,1642,0.0,0.0
2021-10-13 00:00:00+09:00,162173.03809566147,165468.28125,162173.03809566147,165468.28125,2413,0.0,0.0
2021-10-14 00:00:00+09:00,165468.27977678573,167508.1921875,164056.0327232143,164762.15625,2344,0.0,0.0
2021-10-15 00:00:00+09:00,166252.8864798918,167900.50829021638,165154.47193967545,166802.09375,1747,0.0,0.0
2021-10-18 00:00:00+09:00,166880.5317341549,167194.36442194835,163349.91399647886,167115.90625,1870,0.0,0.0
2021-10-19 00:00:00+09:00,167194.373250987,169626.5767098235,166488.2496661635,168920.453125,2143,0.0,0.0
2021-10-20 00:00:00+09:00,168214.3069561158,168685.05594946313,167037.43447274744,168057.390625,1370,0.0,0.0
2021-10-21 00:00:00+09:00,167978.93245944212,169391.17943948414,167272.8089694211,168057.390625,961,0.0,0.0
2021-10-22 00:00:00+09:00,168135.8641926484,170724.98389323516,167508.198810688,170489.609375,3056,0.0,0.0
2021-10-25 00:00:00+09:00,170018.8636693824,172921.81611782132,169940.40549510028,172137.234375,1870,0.0,0.0
2021-10-26 00:00:00+09:00,171901.88289155933,173549.50477230913,169861.97008682153,170568.09375,1543,0.0,0.0
2021-10-27 00:00:00+09:00,170568.08227794184,172686.453125,170332.70773937984,172686.453125,1188,0.0,0.0
2021-10-28 00:00:00+09:00,172137.266922946,173784.88889440536,170489.6449514866,172843.390625,1822,0.0,0.0
2021-10-29 00:00:00+09:00,172294.16952595938,173941.7913656885,170568.089503386,173784.875,3550,0.0,0.0
2021-11-01 00:00:00+09:00,172686.4531033687,172686.4531033687,169940.41682048916,170018.875,1723,0.0,0.0
2021-11-02 00:00:00+09:00,170175.76208983478,171980.29990821477,170175.76208983478,170960.34375,1105,0.0,0.0
2021-11-04 00:00:00+09:00,171038.82401691814,171823.40577846364,169626.57684613625,171588.03125,1174,0.0,0.0
2021-11-05 00:00:00+09:00,172294.1244870041,173470.9969220246,171038.7938896489,172058.75,2135,0.0,0.0
2021-11-08 00:00:00+09:00,171274.20635066924,173314.11902365016,170646.54091282893,172921.828125,2518,0.0,0.0
2021-11-09 00:00:00+09:00,171744.93701395244,172372.60238449223,170960.35530077768,171509.5625,1305,0.0,0.0
2021-11-10 00:00:00+09:00,171509.57719323394,171823.4099053899,169940.41363245412,171038.828125,1210,0.0,0.0
2021-11-11 00:00:00+09:00,171117.27164341265,172294.14421317476,170489.60627287283,171509.5625,1321,0.0,0.0
2021-11-12 00:00:00+09:00,171509.57022245275,172294.15197095435,170018.86490029967,170175.78125,1155,0.0,0.0
2021-11-15 00:00:00+09:00,169548.1318701082,171274.2118798918,169312.7573233195,170411.171875,1160,0.0,0.0
2021-11-16 00:00:00+09:00,170411.17738040478,171431.1337827737,169940.42827161914,170568.09375,968,0.0,0.0
2021-11-17 00:00:00+09:00,170568.08179297598,171038.83086876155,169783.5,169783.5,1063,0.0,0.0
2021-11-18 00:00:00+09:00,169861.97008682153,171352.67559797608,169783.51190202392,170568.09375,1283,0.0,0.0
2021-11-19 00:00:00+09:00,170018.8603385297,171195.73292970547,169391.19495656926,170489.609375,1241,0.0,0.0
2021-11-22 00:00:00+09:00,171274.21233477013,172451.08507183907,170646.546875,170646.546875,1952,0.0,0.0
2021-11-24 00:00:00+09:00,170175.77328502556,170175.77328502556,168371.23534793215,168841.984375,1378,0.0,0.0
2021-11-25 00:00:00+09:00,170724.99098286746,175510.93971905997,170646.5328068643,174020.234375,7369,0.0,0.0
2021-11-26 00:00:00+09:00,173000.26660023743,174255.59733293758,170881.89598880595,173471.015625,3103,0.0,0.0
2021-11-29 00:00:00+09:00,172686.44015303205,174177.14545194508,169783.48772883296,171431.109375,4239,0.0,0.0
2021-11-30 00:00:00+09:00,172137.22330194063,176609.33894834475,171352.64160958905,171823.390625,6049,0.0,0.0
2021-12-01 00:00:00+09:00,172607.99402050112,175040.1975726082,170489.62318479497,172215.703125,4968,0.0,0.0
2021-12-02 00:00:00+09:00,171509.55656976742,172137.22191860463,167665.1063081395,168685.0625,7213,0.0,0.0
2021-12-03 00:00:00+09:00,172137.23513965835,176060.14387119113,169783.4899007387,169940.40625,6222,0.0,0.0
2021-12-06 00:00:00+09:00,170568.07671766743,171901.86572603925,169077.3713553695,169861.953125,3469,0.0,0.0
2021-12-07 00:00:00+09:00,169469.6400822669,172137.2177502285,169469.6400822669,171666.46875,3153,0.0,0.0
2021-12-08 00:00:00+09:00,170332.67042863657,172451.0408116735,169626.54696762425,172058.75,4228,0.0,0.0
2021-12-09 00:00:00+09:00,172058.77285103887,175903.22331601876,171431.10746900135,175589.390625,5457,0.0,0.0
2021-12-10 00:00:00+09:00,174334.0533912556,175118.6350896861,172294.14097533634,174961.71875,4797,0.0,0.0
2021-12-13 00:00:00+09:00,174961.73426115664,175981.69055954006,171274.19995161658,172294.15625,3617,0.0,0.0
2021-12-14 00:00:00+09:00,171588.03077781593,172294.15436126373,168920.45279590203,171352.65625,4161,0.0,0.0
2021-12-15 00:00:00+09:00,168685.06360294117,169548.10346323528,166174.40219117646,166723.609375,3801,0.0,0.0
2021-12-16 00:00:00+09:00,167743.59290097712,167743.59290097712,163271.47653270973,164605.265625,3824,0.0,0.0
2021-12-17 00:00:00+09:00,164605.24137624467,166488.23746443813,160996.16554054056,165468.28125,30873,0.0,0.0
2021-12-20 00:00:00+09:00,165939.04358434814,167115.9162338825,164212.9636983644,164291.421875,2467,0.0,0.0
2021-12-21 00:00:00+09:00,165075.99431301182,172529.520672202,164605.24527979983,172451.0625,3732,0.0,0.0
2021-12-22 00:00:00+09:00,172294.16451376354,174255.61902780912,172058.78997207808,173863.328125,2438,0.0,0.0
2021-12-23 00:00:00+09:00,173784.86582040036,175981.6948239991,173784.86582040036,174412.53125,2542,0.0,0.0
2021-12-24 00:00:00+09:00,175746.29236330773,175746.29236330773,173078.71471136465,173627.921875,1548,0.0,0.0
2021-12-27 00:00:00+09:00,173471.024296875,173627.94064630682,172215.69350142046,172607.984375,1332,0.0,0.0
2021-12-28 00:00:00+09:00,174098.67183333333,176530.875,173863.29733333332,176530.875,4139,0.0,0.0
2021-12-29 00:00:00+09:00,175593.53398174158,178064.43709269664,175513.8274297753,177347.078125,1747,3524.0,0.0
2021-12-30 00:00:00+09:00,177426.79828415118,181093.29995579133,177426.79828415118,180296.234375,3575,0.0,0.0
2022-01-04 00:00:00+09:00,181730.93278615794,182767.1179292369,176789.1267191659,179658.5625,3397,0.0,0.0
2022-01-05 00:00:00+09:00,179578.8837159864,179658.59027777778,175752.96875,175752.96875,2397,0.0,0.0
2022-01-06 00:00:00+09:00,175354.4328442438,177745.62965575623,174238.54099887135,176550.03125,2439,0.0,0.0
2022-01-07 00:00:00+09:00,176310.9044473927,177506.50280485695,172644.4028178357,172724.109375,2551,0.0,0.0
2022-01-11 00:00:00+09:00,172644.39274856937,173282.04516869338,166586.69475739152,167144.640625,2116,0.0,0.0
2022-01-12 00:00:00+09:00,167224.32911468332,168977.87308061423,165231.66551703456,166108.4375,2073,0.0,0.0
2022-01-13 00:00:00+09:00,163398.4351988218,165231.68593519882,161963.71723122237,162362.25,2752,0.0,0.0
2022-01-14 00:00:00+09:00,162601.39249021528,163637.57783451566,161485.50058096868,162920.21875,1842,0.0,0.0
2022-01-17 00:00:00+09:00,162681.04292455732,163637.52137389325,160847.79256333006,162043.390625,1807,0.0,0.0
2022-01-18 00:00:00+09:00,161246.36624041316,162840.4973945448,160210.1809902276,161086.953125,1664,0.0,0.0
2022-01-19 00:00:00+09:00,161884.01335711518,161884.01335711518,153355.41196410122,154311.890625,3150,0.0,0.0
2022-01-20 00:00:00+09:00,153993.0800304878,155587.21129374337,150326.578125,150326.578125,5006,0.0,0.0
2022-01-21 00:00:00+09:00,148254.20625,156304.5690625,143950.051875,155427.796875,5758,0.0,0.0
2022-01-24 00:00:00+09:00,154152.48693123722,156543.6837295501,151522.17045309304,155906.03125,1808,0.0,0.0
2022-01-25 00:00:00+09:00,156543.6906345957,157021.9300153531,153275.72153275332,155746.625,2313,0.0,0.0
2022-01-26 00:00:00+09:00,155427.76741880664,159173.97514633686,155427.76741880664,158297.203125,2000,0.0,0.0
2022-01-27 00:00:00+09:00,158297.21610037406,159971.05373285536,153833.64908042396,159811.640625,3411,0.0,0.0
2022-01-28 00:00:00+09:00,158297.23498315868,161007.25813997004,155427.79869947606,159731.953125,2581,0.0,0.0
2022-01-31 00:00:00+09:00,159094.28811434304,163398.44220160483,158775.461885657,158934.875,3520,0.0,0.0
2022-02-01 00:00:00+09:00,159652.2105922405,160369.5695015416,153833.63277235354,155108.9375,3882,0.0,0.0
2022-02-02 00:00:00+09:00,155348.07317774935,157659.56323529413,154790.1273017903,155826.3125,2122,0.0,0.0
2022-02-03 00:00:00+09:00,155029.23468183534,159253.6816937311,154710.4084922583,158297.203125,2047,0.0,0.0
2022-02-04 00:00:00+09:00,158297.22596274462,161405.78175959608,157978.3997271701,158855.171875,1887,0.0,0.0
2022-02-07 00:00:00+09:00,158934.86153674973,160449.28599472277,155348.06676786623,156703.078125,2026,0.0,0.0
2022-02-08 00:00:00+09:00,156384.26609455957,158058.1038050518,153514.83001943005,153833.65625,2283,0.0,0.0
2022-02-09 00:00:00+09:00,152478.6299084596,158376.91459911616,151761.27095959598,157818.96875,2167,0.0,0.0
2022-02-10 00:00:00+09:00,158376.93999657792,160210.19093765557,156782.8087434669,160130.484375,1725,0.0,0.0
2022-02-14 00:00:00+09:00,158217.50107020547,158855.15346746575,156862.4897260274,157101.609375,1237,0.0,0.0
2022-02-15 00:00:00+09:00,157739.2771008537,159572.5279211264,155268.37382135575,156384.265625,2264,0.0,0.0
2022-02-16 00:00:00+09:00,156543.66072344792,157420.43275397638,154072.7577283222,155348.0625,1134,0.0,0.0
2022-02-17 00:00:00+09:00,155826.33156345956,156942.22345189354,153913.3740404299,155746.625,1935,0.0,0.0
2022-02-18 00:00:00+09:00,155427.79376594388,157340.7512276786,152956.8903778699,156224.859375,1151,0.0,0.0
2022-02-21 00:00:00+09:00,156224.8390641158,156703.07836737332,153514.81634565667,154152.46875,1171,0.0,0.0
2022-02-22 00:00:00+09:00,153355.388671875,153833.6279296875,148572.99609375,150485.953125,3074,0.0,0.0
2022-02-24 00:00:00+09:00,150246.86349894849,153674.24553102,149370.09135120924,151601.875,3122,0.0,0.0
2022-02-25 00:00:00+09:00,151283.0574940914,152478.65594636294,149688.926224396,151761.296875,1965,0.0,0.0
2022-02-28 00:00:00+09:00,150645.37588443395,152717.746134696,149130.9514707809,152080.09375,1760,0.0,0.0
2022-03-01 00:00:00+09:00,154232.16113433125,155507.46582588129,152956.85644278125,153753.921875,2083,0.0,0.0
2022-03-02 00:00:00+09:00,153753.94138650154,158855.16080005057,153594.5282798281,157659.5625,2150,0.0,0.0
2022-03-03 00:00:00+09:00,157898.67529987375,159333.39319760102,157420.4360006313,157818.96875,1360,0.0,0.0
2022-03-04 00:00:00+09:00,157898.671875,158775.44390459365,155587.1819787986,157898.671875,1586,0.0,0.0
2022-03-07 00:00:00+09:00,157818.9740922844,159652.2248014372,154869.83164712557,158058.09375,1970,0.0,0.0
2022-03-08 00:00:00+09:00,158058.10559335444,160130.47611550632,157021.92033227847,157420.453125,1771,0.0,0.0
2022-03-09 00:00:00+09:00,155985.73330634713,157659.57101683936,153275.71034650257,153833.65625,2878,0.0,0.0
2022-03-10 00:00:00+09:00,155108.94268992933,158934.85700088338,155108.94268992933,157898.671875,1394,0.0,0.0
2022-03-11 00:00:00+09:00,160927.5342987805,161405.7736280488,156862.5,156862.5,2058,0.0,0.0
2022-03-14 00:00:00+09:00,156463.9676120222,158616.0445990444,154311.890625,154311.890625,1105,0.0,0.0
2022-03-15 00:00:00+09:00,155268.37843477144,157500.16210837185,154391.60627728555,155188.671875,1515,0.0,0.0
2022-03-16 00:00:00+09:00,155587.19399596367,159333.4020481206,153833.64980133704,157978.390625,1571,0.0,0.0
2022-03-17 00:00:00+09:00,158616.06093358397,159891.3659461153,157101.636231203,159014.59375,1205,0.0,0.0
2022-03-18 00:00:00+09:00,159413.11980947727,163717.27404433317,159253.7066896678,163159.328125,1629,0.0,0.0
2022-03-22 00:00:00+09:00,163159.33097479548,166028.7671814846,160847.84069718482,165630.234375,1545,0.0,0.0
2022-03-23 00:00:00+09:00,165789.62608906097,165789.62608906097,162521.65749788238,164673.734375,1535,0.0,0.0
2022-03-24 00:00:00+09:00,164673.74049173456,166427.28467896502,161884.0111029588,166347.578125,1521,0.0,0.0
2022-03-25 00:00:00+09:00,166507.0141725783,166507.0141725783,162920.21875,162920.21875,1257,0.0,0.0
2022-03-28 00:00:00+09:00,162920.20116530513,166028.7568626862,161804.30937650168,165869.34375,1196,0.0,0.0
2022-03-29 00:00:00+09:00,165789.62434617215,168101.11430099857,165311.38504517358,167622.875,2667,0.0,0.0
2022-03-30 00:00:00+09:00,168101.1195671913,168659.06543583536,162362.24777542372,164594.03125,2585,0.0,0.0
2022-03-31 00:00:00+09:00,164354.90518123793,167064.92786608863,163478.1331361392,165470.796875,2030,0.0,0.0
2022-04-01 00:00:00+09:00,164354.91427587447,166666.40434086008,161485.47833313368,166347.578125,2403,0.0,0.0
2022-04-04 00:00:00+09:00,167782.28724520383,168021.40689448442,163637.54665767387,166188.15625,2361,0.0,0.0
2022-04-05 00:00:00+09:00,166188.1615930316,167383.75987787356,165311.38951748083,166427.28125,1188,0.0,0.0
2022-04-06 00:00:00+09:00,165311.38420263788,167224.3413968825,164354.90560551558,166188.15625,1371,0.0,0.0
2022-04-07 00:00:00+09:00,165630.21298705228,166427.27849709583,163557.842660939,164673.734375,1173,0.0,0.0
2022-04-08 00:00:00+09:00,164673.74628160635,165151.9856222112,160608.71188646505,160768.125,3862,0.0,0.0
2022-04-11 00:00:00+09:00,160768.12581494485,161644.89794383151,158456.63565697093,158934.875,2094,0.0,0.0
2022-04-12 00:00:00+09:00,158775.4469178082,159492.80586472602,157101.609375,157101.609375,2201,0.0,0.0
2022-04-13 00:00:00+09:00,156942.20541908426,159014.57583091574,156463.96609327698,157978.390625,1645,0.0,0.0
2022-04-14 00:00:00+09:00,158058.1149906015,159652.24625626567,156942.2231046366,159014.59375,1708,0.0,0.0
2022-04-15 00:00:00+09:00,158297.21953005603,158775.4588639837,156384.26219434539,156463.96875,1435,0.0,0.0
2022-04-18 00:00:00+09:00,156463.9702821757,156942.2096207865,154551.01292773237,156065.4375,1422,0.0,0.0
2022-04-19 00:00:00+09:00,155666.9047178243,156463.9702821757,153674.24080694586,156065.4375,2952,0.0,0.0
2022-04-20 00:00:00+09:00,156862.4953656025,156862.4953656025,153435.1136071061,154790.125,1867,0.0,0.0
2022-04-21 00:00:00+09:00,155188.660843259,158695.7492238976,154551.0084104156,157261.03125,1567,0.0,0.0
2022-04-22 00:00:00+09:00,156384.26372574054,157739.2751851379,155666.9047178243,156065.4375,2128,0.0,0.0
2022-04-25 00:00:00+09:00,155826.3136588673,158376.92339650606,155268.36777875884,157978.390625,924,0.0,0.0
2022-04-26 00:00:00+09:00,158536.35437030075,161326.08408521302,157659.58217418546,159014.59375,1875,0.0,0.0
2022-04-27 00:00:00+09:00,159094.26993293592,161644.8794709389,158695.73719262294,160449.28125,827,0.0,0.0
2022-04-28 00:00:00+09:00,160210.18684111445,162920.20990210844,158695.76218938254,158775.46875,2556,0.0,0.0
2022-05-02 00:00:00+09:00,156623.37007705477,158456.62071917808,154630.70633561644,157101.609375,2273,0.0,0.0
2022-05-06 00:00:00+09:00,157898.67487157532,157898.67487157532,156304.54387842465,157101.609375,1299,0.0,0.0
2022-05-09 00:00:00+09:00,156623.38110539844,156623.38110539844,154391.5975578406,155029.25,1874,0.0,0.0
2022-05-10 00:00:00+09:00,154949.55718701702,156623.39499613602,153913.37187661,154710.4375,2193,0.0,0.0
2022-05-11 00:00:00+09:00,154311.87204522095,156942.1880459918,154311.87204522095,155108.9375,1688,0.0,0.0
2022-05-12 00:00:00+09:00,154391.5990818299,156543.67609536083,153275.70729703608,154630.71875,1130,0.0,0.0
2022-05-13 00:00:00+09:00,154710.42489382604,158536.33957435345,154710.42489382604,157181.328125,1273,0.0,0.0
2022-05-16 00:00:00+09:00,158376.9349475191,158775.4677480916,155826.32502385497,156623.390625,1310,0.0,0.0
2022-05-17 00:00:00+09:00,156782.78211586902,158775.4458438287,156623.36901763224,158217.5,440,0.0,0.0
2022-05-18 00:00:00+09:00,158137.80826693226,160369.59185134462,158137.80826693226,160050.765625,822,0.0,0.0
2022-05-19 00:00:00+09:00,158855.17719031815,159811.6559290456,158217.52469783317,159094.296875,685,0.0,0.0
2022-05-20 00:00:00+09:00,159173.99538705268,161246.36588282805,159173.99538705268,160369.59375,1058,0.0,0.0
2022-05-23 00:00:00+09:00,160050.7668004012,161405.77827231697,158934.875,158934.875,1297,0.0,0.0
2022-05-24 00:00:00+09:00,159014.56354902827,159173.976645318,157500.1391342756,157898.671875,1148,0.0,0.0
2022-05-25 00:00:00+09:00,158137.80525272546,161246.3609003345,158137.80525272546,160847.828125,826,0.0,0.0
2022-05-26 00:00:00+09:00,160768.105046875,160927.51814062498,159413.09375,159413.09375,704,0.0,0.0
2022-05-27 00:00:00+09:00,159333.39979011193,161405.77017257462,157340.7359608209,160210.171875,2277,0.0,0.0
2022-05-30 00:00:00+09:00,161644.89856307843,163956.38872990746,161007.24610326352,163637.5625,1002,0.0,0.0
2022-05-31 00:00:00+09:00,163159.31180555557,164992.5625,161405.7676630435,164992.5625,2644,0.0,0.0
2022-06-01 00:00:00+09:00,164912.857860716,166028.74960071116,163478.13990929362,165311.390625,1156,0.0,0.0
2022-06-02 00:00:00+09:00,164673.734375,165072.26713002176,163239.01645692158,164673.734375,1357,0.0,0.0
2022-06-03 00:00:00+09:00,164673.72768295679,164753.434230722,162282.53125,162282.53125,1604,0.0,0.0
2022-06-06 00:00:00+09:00,162920.20999632712,163239.03623898138,161963.73126836435,162760.796875,1219,0.0,0.0
2022-06-07 00:00:00+09:00,163159.31592894674,163159.31592894674,162282.54383553276,163079.609375,965,0.0,0.0
2022-06-08 00:00:00+09:00,162999.90510411607,164115.796875,162521.66577373724,164115.796875,868,0.0,0.0
2022-06-09 00:00:00+09:00,163717.26599612215,164912.86433591857,162441.9611003393,164434.625,1204,0.0,0.0
2022-06-10 00:00:00+09:00,163796.97870778266,164753.45741556532,162760.7934410181,162840.5,1752,0.0,0.0
2022-06-13 00:00:00+09:00,162760.78582881106,162760.78582881106,160927.53505796744,161565.1875,1363,0.0,0.0
2022-06-14 00:00:00+09:00,160688.41112239717,160847.82422866937,156304.55069991114,156942.203125,2697,0.0,0.0
2022-06-15 00:00:00+09:00,156543.65798153033,156862.48416886543,150725.0800626649,151043.90625,4020,0.0,0.0
2022-06-16 00:00:00+09:00,151522.16501083816,156065.43876445087,150406.2732117052,151681.578125,2478,0.0,0.0
2022-06-17 00:00:00+09:00,150007.73933901917,151283.04424307036,148094.78198294243,149529.5,3252,0.0,0.0
2022-06-20 00:00:00+09:00,149210.68374463517,149768.62967744097,147138.3131370708,148573.03125,2241,0.0,0.0
2022-06-21 00:00:00+09:00,148573.03498931625,150087.4597021902,148174.5021701389,149210.6875,1651,0.0,0.0
2022-06-22 00:00:00+09:00,149370.07038818623,149848.30967438107,148094.765625,148094.765625,2306,0.0,0.0
2022-06-23 00:00:00+09:00,147855.6619493171,151362.75042682112,147855.6619493171,148812.140625,2042,0.0,0.0
2022-06-24 00:00:00+09:00,148493.31852109873,150246.8628085191,147935.37261146496,150167.15625,1676,0.0,0.0
2022-06-27 00:00:00+09:00,150406.2803501309,152956.89029777487,150406.2803501309,152239.53125,1755,0.0,0.0
2022-06-28 00:00:00+09:00,152159.8238004397,154391.60749159337,152080.11724004138,154072.78125,2799,0.0,0.0
2022-06-29 00:00:00+09:00,153242.01957831325,155109.8343373494,152511.1355421687,155028.625,1896,3577.0,0.0
2022-06-30 00:00:00+09:00,154541.35548946183,155191.0301315615,152998.3782144751,153160.796875,2430,0.0,0.0
2022-07-01 00:00:00+09:00,152754.75189726122,152998.37989071777,149506.37865117379,150480.890625,1724,0.0,0.0
2022-07-04 00:00:00+09:00,150886.92634283818,153323.20610079574,150886.92634283818,153079.578125,1349,0.0,0.0
2022-07-05 00:00:00+09:00,152429.90425986843,154378.9280756579,152429.90425986843,154297.71875,1680,0.0,0.0
2022-07-06 00:00:00+09:00,154378.93496930512,156977.6335064002,154216.51631073668,155434.65625,2337,0.0,0.0
2022-07-07 00:00:00+09:00,155597.07692062276,160144.7994193466,155434.65825995404,159089.078125,2012,0.0,0.0
2022-07-08 00:00:00+09:00,158764.22714359505,159089.0644369835,157058.83135330578,157221.25,1617,0.0,0.0
2022-07-11 00:00:00+09:00,157870.92535879038,159738.73980490776,157464.8787400692,158439.390625,856,0.0,0.0
2022-07-12 00:00:00+09:00,158439.39384920633,159819.95238095237,157627.30059523808,158601.8125,918,0.0,0.0
2022-07-13 00:00:00+09:00,158601.8125,161119.30158730157,158601.8125,158601.8125,968,0.0,0.0
2022-07-14 00:00:00+09:00,157789.72245044756,159007.8623561381,157140.04783407928,158764.234375,1097,0.0,0.0
2022-07-15 00:00:00+09:00,158764.2206736809,162256.2214353015,158683.0113536432,161606.546875,1717,0.0,0.0
2022-07-19 00:00:00+09:00,161606.54659949624,163555.5702770781,160875.66272040302,161200.5,1502,0.0,0.0
2022-07-20 00:00:00+09:00,161525.33107533987,163311.936044499,159738.72610618075,161281.703125,1621,0.0,0.0
2022-07-21 00:00:00+09:00,166479.11557467058,170458.37248352857,165910.6503019766,166397.90625,5758,0.0,0.0
2022-07-22 00:00:00+09:00,167697.26169586182,167859.68035125732,165585.81917572021,166316.703125,1531,0.0,0.0
2022-07-25 00:00:00+09:00,166966.371522694,168752.97666544656,166154.2782759883,166397.90625,2349,0.0,0.0
2022-07-26 00:00:00+09:00,166560.33340517242,166560.33340517242,163961.63488300494,164854.9375,1206,0.0,0.0
2022-07-27 00:00:00+09:00,165260.99101027398,166397.9216609589,165017.36301369863,165991.875,1266,0.0,0.0
2022-07-28 00:00:00+09:00,166316.70264965654,166397.9119771222,165342.1907200687,165504.609375,2030,0.0,0.0
2022-07-29 00:00:00+09:00,165423.40625,166560.33687714775,163718.01030927835,165423.40625,2605,0.0,0.0
2022-08-01 00:00:00+09:00,166235.51598960866,168346.95879162615,165667.0506198347,167047.609375,1738,0.0,0.0
2022-08-02 00:00:00+09:00,166966.40234759098,167291.23970624385,164936.16885601034,165179.796875,1778,0.0,0.0
2022-08-03 00:00:00+09:00,166073.0706874691,166316.69866402773,162175.02306253093,164124.046875,1907,0.0,0.0
2022-08-04 00:00:00+09:00,164205.26673180264,166397.9186614558,163799.22007816317,166235.5,1532,0.0,0.0
2022-08-05 00:00:00+09:00,166479.12454044117,167047.58984375,165260.98460477943,165667.03125,1531,0.0,0.0
2022-08-08 00:00:00+09:00,165667.02405987136,165829.44271091046,163555.5815963632,164124.046875,785,0.0,0.0
2022-08-09 00:00:00+09:00,164042.83980279582,164530.0957626061,162175.02529018972,162662.28125,1603,0.0,0.0
2022-08-10 00:00:00+09:00,162824.6875,163961.61798628428,162256.22225685787,162824.6875,1835,0.0,0.0
2022-08-12 00:00:00+09:00,163555.5848059812,164936.14336690557,162905.91018907563,164286.46875,1992,0.0,0.0
2022-08-15 00:00:00+09:00,164367.6691683071,165423.39036355808,164124.04120017224,165017.34375,907,0.0,0.0
2022-08-16 00:00:00+09:00,165667.0182416268,169727.484375,165585.80891895932,169727.484375,2267,0.0,0.0
2022-08-17 00:00:00+09:00,169727.4905756343,170458.37450634275,168671.7693423887,169646.28125,1241,0.0,0.0
2022-08-18 00:00:00+09:00,169646.29431047812,171838.94627140817,169402.66631481922,170702.015625,1146,0.0,0.0
2022-08-19 00:00:00+09:00,171270.46203125,171270.46203125,169402.64760416668,170539.578125,1217,0.0,0.0
2022-08-22 00:00:00+09:00,170620.79892775507,170620.79892775507,168752.984375,168752.984375,763,0.0,0.0
2022-08-23 00:00:00+09:00,169240.24034528394,170620.79892775507,168671.77504661935,168752.984375,1143,0.0,0.0
2022-08-24 00:00:00+09:00,168834.21518958636,170214.77394775036,167859.703125,167859.703125,1003,0.0,0.0
2022-08-25 00:00:00+09:00,168590.55064655174,170377.1557112069,168590.55064655174,169565.0625,1148,0.0,0.0
2022-08-26 00:00:00+09:00,170377.17256270707,171757.73115830575,170214.75390440132,171595.3125,986,0.0,0.0
2022-08-29 00:00:00+09:00,170377.14739558613,171351.65920147128,169077.79832107262,171108.03125,1827,0.0,0.0
2022-08-30 00:00:00+09:00,171108.06773245716,175493.37179394395,170783.23039456925,175330.953125,1864,0.0,0.0
2022-08-31 00:00:00+09:00,175493.34892669393,176061.81419392524,172732.23191442757,173787.953125,2765,0.0,0.0
2022-09-01 00:00:00+09:00,172732.22984375,172732.22984375,170539.578125,170539.578125,1480,0.0,0.0
2022-09-02 00:00:00+09:00,171838.95859188546,172975.88931980907,170133.5625,170133.5625,1331,0.0,0.0
2022-09-05 00:00:00+09:00,170133.53523023202,172651.02429569128,170133.53523023202,171514.09375,1162,0.0,0.0
2022-09-06 00:00:00+09:00,171920.1532576651,173138.29321933963,171514.1066037736,172163.78125,694,0.0,0.0
2022-09-07 00:00:00+09:00,171514.08808290155,173057.06520107161,171351.66943888366,172407.390625,936,0.0,0.0
2022-09-08 00:00:00+09:00,172407.3963216146,173057.07091915247,170864.41915246213,171514.09375,1230,0.0,0.0
2022-09-09 00:00:00+09:00,170945.60442144875,173625.51175917216,170945.60442144875,172651.0,1646,0.0,0.0
2022-09-12 00:00:00+09:00,173463.10910370716,173625.52774519005,172082.55065110276,173057.0625,1023,0.0,0.0
2022-09-13 00:00:00+09:00,173463.09313264347,173544.30244590782,171432.86030103482,172651.0,1024,0.0,0.0
2022-09-14 00:00:00+09:00,171676.5276076356,172407.41159461226,170702.015625,170702.015625,1408,0.0,0.0
2022-09-15 00:00:00+09:00,171595.30605440968,171595.30605440968,169240.23559743955,171270.46875,2607,0.0,0.0
2022-09-16 00:00:00+09:00,170620.77534705744,172001.33373872805,169077.79832107262,171108.03125,3792,0.0,0.0
2022-09-20 00:00:00+09:00,171514.11258278147,172975.88058774837,171026.85658112584,171676.53125,1445,0.0,0.0
2022-09-21 00:00:00+09:00,171351.67584920075,173463.11830042314,171189.25719910674,172732.234375,1516,0.0,0.0
2022-09-22 00:00:00+09:00,172732.25960355133,174194.02766789732,171432.91021302156,173219.515625,1440,0.0,0.0
2022-09-26 00:00:00+09:00,173138.29514220843,173138.29514220843,169889.921875,169889.921875,1408,0.0,0.0
2022-09-27 00:00:00+09:00,171351.66674204054,172163.75994934878,168346.921875,168346.921875,2216,0.0,0.0
2022-09-28 00:00:00+09:00,168428.1375527557,169889.9053810824,162499.85691565293,163555.578125,3062,0.0,0.0
2022-09-29 00:00:00+09:00,166154.265625,168184.49858718232,165179.7538031525,166154.265625,1170,0.0,0.0
2022-09-30 00:00:00+09:00,165585.80233361365,169565.0589860644,162987.104111605,168996.59375,2278,0.0,0.0
2022-10-03 00:00:00+09:00,167209.99029621287,167616.0368972236,164448.87340934,166722.734375,2666,0.0,0.0
2022-10-04 00:00:00+09:00,168265.73800383878,169971.13399712092,167534.85400671785,169240.25,1580,0.0,0.0
2022-10-05 00:00:00+09:00,169240.22330126644,169402.64194167074,166397.89709419143,166722.734375,1381,0.0,0.0
2022-10-06 00:00:00+09:00,166722.74057322126,167047.57786610624,164692.50749269006,166641.53125,1274,0.0,0.0
2022-10-07 00:00:00+09:00,165667.0376712329,167128.80565068492,164611.31635273973,165991.875,1240,0.0,0.0
2022-10-11 00:00:00+09:00,165179.75834367244,165748.22358870966,163474.3626085608,163636.78125,1125,0.0,0.0
2022-10-12 00:00:00+09:00,164042.83135509398,164611.29661226508,163149.5288081108,164205.25,1537,0.0,0.0
2022-10-13 00:00:00+09:00,163393.1642082703,164042.8388174483,160226.00048852747,161038.09375,1935,0.0,0.0
2022-10-14 00:00:00+09:00,161362.93056259505,162175.0238215915,160063.5813482007,160226.0,1669,0.0,0.0
2022-10-17 00:00:00+09:00,159819.9548969072,160226.0015302835,156490.37250322165,157546.09375,1281,0.0,0.0
2022-10-18 00:00:00+09:00,158033.35615997942,159007.86811985596,156815.21621013375,157870.9375,1174,0.0,0.0
2022-10-19 00:00:00+09:00,157789.72424753502,157789.72424753502,156490.375,156490.375,1122,0.0,0.0
2022-10-20 00:00:00+09:00,156327.9504009312,157870.92757371961,156327.9504009312,156977.625,1135,0.0,0.0
2022-10-21 00:00:00+09:00,157383.68061330562,157789.72726091475,155678.2846933472,156246.75,1730,0.0,0.0
2022-10-24 00:00:00+09:00,156327.96792979003,156896.43326771652,154622.5719160105,154703.78125,828,0.0,0.0
2022-10-25 00:00:00+09:00,154947.37205651493,155759.4652014652,154054.0695970696,155191.0,1142,0.0,0.0
2022-10-26 00:00:00+09:00,156571.58057381192,160632.046875,156571.58057381192,160632.046875,2712,0.0,0.0
2022-10-27 00:00:00+09:00,160632.04832233564,163149.53745175546,159251.48976749252,163068.328125,1974,0.0,0.0
2022-10-28 00:00:00+09:00,162337.43558358063,165098.5525469832,161687.7610039565,164205.25,1769,0.0,0.0
2022-10-31 00:00:00+09:00,164692.49789222874,166479.10289894918,163393.14879643207,166154.265625,2336,0.0,0.0
2022-11-01 00:00:00+09:00,166316.7140115163,169240.25,164286.48068618044,169240.25,2438,0.0,0.0
2022-11-02 00:00:00+09:00,169159.04137617224,169159.04137617224,163961.6440415227,164530.109375,2384,0.0,0.0
2022-11-04 00:00:00+09:00,164448.88740422638,165910.65529226395,163068.328843302,164286.46875,1698,0.0,0.0
2022-11-07 00:00:00+09:00,164936.15498500748,165017.36431784107,161850.20033733133,162499.875,1339,0.0,0.0
2022-11-08 00:00:00+09:00,162905.91589525348,164530.10249440855,162581.07857542246,163393.171875,756,0.0,0.0
2022-11-09 00:00:00+09:00,163393.15382716048,165017.34024691358,162987.10722222223,164448.875,604,0.0,0.0
2022-11-10 00:00:00+09:00,164530.09350259774,164936.14013019545,163636.79092188273,164124.046875,840,0.0,0.0
2022-11-11 00:00:00+09:00,165342.1916605928,167453.63418671038,165342.1916605928,167128.796875,1420,0.0,0.0
2022-11-14 00:00:00+09:00,167128.80804232476,167128.80804232476,163474.3880413993,164530.109375,971,0.0,0.0
2022-11-15 00:00:00+09:00,164611.29959138186,165504.60215453192,163961.625,163961.625,858,0.0,0.0
2022-11-16 00:00:00+09:00,164367.68198529413,165748.24057904413,163799.2166819853,165667.03125,1131,0.0,0.0
2022-11-17 00:00:00+09:00,166235.4749434873,167291.1960838221,165991.8469880254,166154.265625,751,0.0,0.0
2022-11-18 00:00:00+09:00,166560.31221743647,166560.31221743647,164936.12584769062,166154.265625,692,0.0,0.0
2022-11-21 00:00:00+09:00,166397.93466668692,168103.33077600875,166154.30665106952,167047.609375,1237,0.0,0.0
2022-11-22 00:00:00+09:00,167859.67987150393,167859.67987150393,165342.1907200687,165504.609375,814,0.0,0.0
2022-11-24 00:00:00+09:00,165667.03809639727,167291.22474440117,165667.03809639727,166803.96875,947,0.0,0.0
2022-11-25 00:00:00+09:00,167453.625,167940.88094083415,166397.90379485936,167453.625,1197,0.0,0.0
2022-11-28 00:00:00+09:00,167453.6380873494,168752.98736445783,166966.38210843373,168509.359375,1222,0.0,0.0
2022-11-29 00:00:00+09:00,168428.1403757854,168996.60565188498,167128.7911732721,168022.09375,1229,0.0,0.0
2022-11-30 00:00:00+09:00,167940.87417803216,168346.92077904288,165423.38525176572,166722.734375,1453,0.0,0.0
2022-12-01 00:00:00+09:00,167453.64232688516,168265.73564563825,164205.26905187283,164773.734375,1520,0.0,0.0
2022-12-02 00:00:00+09:00,166235.51829062193,166235.51829062193,164692.54083702067,165179.796875,1272,0.0,0.0
2022-12-05 00:00:00+09:00,165504.6187929132,165829.45612126042,164692.52547204512,165585.828125,936,0.0,0.0
2022-12-06 00:00:00+09:00,165667.00943165115,165748.21875,164286.45101972073,165748.21875,916,0.0,0.0
2022-12-07 00:00:00+09:00,165748.2435720422,166154.290224595,164854.9409364261,165423.40625,1465,0.0,0.0
2022-12-08 00:00:00+09:00,165423.3968258841,165423.3968258841,163718.00098231828,165342.1875,1404,0.0,0.0
2022-12-09 00:00:00+09:00,165829.4489789604,166235.49562190592,164042.84375,164042.84375,1541,0.0,0.0
2022-12-12 00:00:00+09:00,164611.29984714673,165017.3464673913,163880.4159307065,164367.671875,1245,0.0,0.0
2022-12-13 00:00:00+09:00,164530.09001055115,164773.71798193894,163149.53150602037,163555.578125,1871,0.0,0.0
2022-12-14 00:00:00+09:00,163799.21622536946,164854.9375,163149.5415948276,164854.9375,2641,0.0,0.0
2022-12-15 00:00:00+09:00,164448.90907752851,165098.58378005703,162987.1409968394,163799.234375,1699,0.0,0.0
2022-12-16 00:00:00+09:00,163799.22558161005,165017.3655834564,162743.50424667652,164936.15625,2568,0.0,0.0
2022-12-19 00:00:00+09:00,163636.79292573823,164286.46753785035,162012.60639545796,162256.234375,2241,0.0,0.0
2022-12-20 00:00:00+09:00,162256.21124199146,162337.4205569274,151374.16304057662,152105.046875,6074,0.0,0.0
2022-12-21 00:00:00+09:00,153891.68871753247,157546.10876623375,153891.68871753247,156327.96875,2743,0.0,0.0
2022-12-22 00:00:00+09:00,156327.9316092698,158033.32722682547,156003.09434878302,156815.1875,1786,0.0,0.0
2022-12-23 00:00:00+09:00,156815.23003883622,156977.6487131385,153972.9032385466,154216.53125,2577,0.0,0.0
2022-12-26 00:00:00+09:00,155678.27208322487,156084.3186979438,154297.71359318064,156003.109375,1411,0.0,0.0
2022-12-27 00:00:00+09:00,155840.67835900938,156165.515625,155028.58519403278,156165.515625,1569,0.0,0.0
2022-12-28 00:00:00+09:00,155921.89203084834,157952.125,155434.63611825195,157952.125,2447,0.0,0.0
2022-12-29 00:00:00+09:00,157091.1592126406,159021.23221578734,156084.16460230315,156671.578125,2384,6274.0,0.0
2022-12-30 00:00:00+09:00,157510.74249795862,157594.6587166576,154070.17753130104,154154.09375,3357,0.0,0.0
2023-01-04 00:00:00+09:00,153482.78295750963,154741.52639346514,152811.453125,152811.453125,1861,0.0,0.0
2023-01-05 00:00:00+09:00,153566.6854536626,153902.35033990012,149454.79059725304,151217.03125,3446,0.0,0.0
2023-01-06 00:00:00+09:00,149958.296875,150293.96178126748,147356.89385142698,149958.296875,3868,0.0,0.0
2023-01-10 00:00:00+09:00,151133.0991967733,152307.92617553778,150377.85328185328,152140.09375,2330,0.0,0.0
2023-01-11 00:00:00+09:00,152643.60075253702,153818.42780615744,152391.8520981898,152979.265625,1131,0.0,0.0
2023-01-12 00:00:00+09:00,152979.2855831274,153734.5316447007,151972.290834363,152811.453125,1235,0.0,0.0
2023-01-13 00:00:00+09:00,153314.91935428177,153818.41662638122,151804.42753798343,151888.34375,1669,0.0,0.0
2023-01-16 00:00:00+09:00,151552.70916272272,152391.87145044544,149958.30081604957,150713.546875,1424,0.0,0.0
2023-01-17 00:00:00+09:00,150713.52015563656,150881.3525834268,148867.36344994392,149622.609375,1834,0.0,0.0
2023-01-18 00:00:00+09:00,149538.69293478262,153398.83876811594,147608.62001811594,150545.6875,1959,0.0,0.0
2023-01-19 00:00:00+09:00,150210.05029241828,150210.05029241828,147608.6471867954,148867.390625,1768,0.0,0.0
2023-01-20 00:00:00+09:00,147944.304823484,151133.12137668446,147440.80747297866,149454.796875,2158,0.0,0.0
2023-01-23 00:00:00+09:00,149119.1134430991,151049.18638017916,149119.1134430991,149874.359375,1503,0.0,0.0
2023-01-24 00:00:00+09:00,150210.02486964874,152979.25996501098,150210.02486964874,152895.34375,1446,0.0,0.0
2023-01-25 00:00:00+09:00,152895.35568118756,153566.6854536626,150881.36636376247,151217.03125,1101,0.0,0.0
2023-01-26 00:00:00+09:00,151133.11462167327,151133.11462167327,147944.29821099943,148196.046875,2140,0.0,0.0
2023-01-27 00:00:00+09:00,148363.865942029,150965.26856884058,148363.865942029,150545.6875,1358,0.0,0.0
2023-01-30 00:00:00+09:00,150461.76856124162,150881.34962248322,149119.10916526846,150042.1875,1168,0.0,0.0
2023-01-31 00:00:00+09:00,150042.19801699716,150293.9466713881,147608.62769121813,148112.125,1432,0.0,0.0
2023-02-01 00:00:00+09:00,148531.7090731534,149286.95505149147,147440.79821555398,147692.546875,946,0.0,0.0
2023-02-02 00:00:00+09:00,147776.4760903649,148196.0572263398,146014.23531927023,147189.0625,1543,0.0,0.0
2023-02-03 00:00:00+09:00,147105.11245142488,147272.94486722798,145258.9558775907,145762.453125,1019,0.0,0.0
2023-02-06 00:00:00+09:00,145930.30920584046,147692.54985754986,145930.30920584046,147272.96875,1293,0.0,0.0
2023-02-07 00:00:00+09:00,146853.36382772023,147608.6096988342,145762.453125,145762.453125,620,0.0,0.0
2023-02-08 00:00:00+09:00,145762.46172641372,146014.21036497402,144000.2212564916,145426.796875,1296,0.0,0.0
2023-02-09 00:00:00+09:00,144671.5441283469,144839.3765461292,143664.54962165307,144168.046875,1224,0.0,0.0
2023-02-10 00:00:00+09:00,143916.30525914635,144671.5511759582,143496.72419425086,144503.71875,1505,0.0,0.0
2023-02-13 00:00:00+09:00,144251.9973730298,144503.74605954468,143496.75131348512,143748.5,914,0.0,0.0
2023-02-14 00:00:00+09:00,144000.23407643312,145258.97738129704,143748.48541546034,144923.3125,1491,0.0,0.0
2023-02-15 00:00:00+09:00,144335.88813857897,144335.88813857897,142825.39628596595,142909.3125,1496,0.0,0.0
2023-02-16 00:00:00+09:00,143664.5711358314,144923.31445769905,143161.0738070843,143328.90625,1134,0.0,0.0
2023-02-17 00:00:00+09:00,142657.57218567253,143916.31546966376,141902.32621527778,143496.734375,1556,0.0,0.0
2023-02-20 00:00:00+09:00,143328.92318088835,143664.58810637053,143077.17448677673,143580.671875,1012,0.0,0.0
2023-02-21 00:00:00+09:00,143580.65297481182,145175.06116097278,143328.90431383904,144923.3125,1393,0.0,0.0
2023-02-22 00:00:00+09:00,144503.73273121388,145342.89494219652,143832.40296242776,145175.0625,1583,0.0,0.0
2023-02-24 00:00:00+09:00,145175.06583617264,148447.79853421354,145091.14961314594,147776.46875,2793,0.0,0.0
2023-02-27 00:00:00+09:00,147776.45985536318,149119.11934297578,147608.6274194116,149035.203125,1185,0.0,0.0
2023-02-28 00:00:00+09:00,149035.21042962125,149203.04287379875,147608.63465411248,148447.796875,1573,0.0,0.0
2023-03-01 00:00:00+09:00,149035.19794637762,149370.86280661722,146853.3763548203,147105.125,2097,0.0,0.0
2023-03-02 00:00:00+09:00,147105.13407738096,150126.1180059524,147105.13407738096,149790.453125,1786,0.0,0.0
2023-03-03 00:00:00+09:00,150126.10643115942,151300.93342391305,149622.60914855072,150545.6875,1549,0.0,0.0
2023-03-06 00:00:00+09:00,150461.77828663794,151468.7728987069,150377.8620689655,150881.359375,1595,0.0,0.0
2023-03-07 00:00:00+09:00,151049.19154228855,151804.4375,150377.8618021006,151804.4375,862,0.0,0.0
2023-03-08 00:00:00+09:00,150629.61801193468,151133.11534233668,148447.7962468593,150293.953125,1454,0.0,0.0
2023-03-09 00:00:00+09:00,150461.78200632564,152811.43615924093,150377.86578657865,152559.6875,885,0.0,0.0
2023-03-10 00:00:00+09:00,152224.03090753424,153231.02559931506,151972.28223458905,153147.109375,1450,0.0,0.0
2023-03-13 00:00:00+09:00,152559.6734461326,152811.4220821823,149958.27087361878,151888.34375,889,0.0,0.0
2023-03-14 00:00:00+09:00,151217.0250445694,154238.00889673614,150126.11420906472,152979.265625,1563,0.0,0.0
2023-03-15 00:00:00+09:00,154573.6653014868,155077.16258259912,151972.2626824064,152391.84375,1847,0.0,0.0
2023-03-16 00:00:00+09:00,151300.95877217295,153231.03201219512,150210.04781042127,151384.875,1809,0.0,0.0
2023-03-17 00:00:00+09:00,150965.29768394766,152895.3709728475,148279.97832547835,149119.140625,3545,0.0,0.0
2023-03-20 00:00:00+09:00,148783.47214712578,151133.1265295959,147272.98004410928,147440.8125,1731,0.0,0.0
2023-03-22 00:00:00+09:00,147524.70113255034,150629.60098573827,147524.70113255034,150042.1875,2206,0.0,0.0
2023-03-23 00:00:00+09:00,149958.28259427374,150377.86368715085,148531.70687849162,150210.03125,1275,0.0,0.0
2023-03-24 00:00:00+09:00,140140.0636061947,142909.2983960177,139804.39878318584,142237.96875,9776,0.0,0.0
2023-03-27 00:00:00+09:00,144251.9705514706,144503.71919117647,142573.6462867647,142657.5625,3568,0.0,0.0
2023-03-28 00:00:00+09:00,142238.0130162078,143916.3376535672,140895.35330632032,141734.515625,8515,0.0,0.0
2023-03-29 00:00:00+09:00,141734.48868183166,141818.40489774747,140391.82922717842,141566.65625,16725,0.0,0.0
2023-03-30 00:00:00+09:00,141482.73708998226,142405.8154458481,140895.32359079493,141986.234375,5802,0.0,0.0
2023-03-31 00:00:00+09:00,141986.22303994084,142321.8878698225,140643.5637204142,141818.390625,6611,0.0,0.0
2023-04-03 00:00:00+09:00,141818.42039233577,149538.71310008422,141650.58794216733,149454.796875,18970,0.0,0.0
2023-04-04 00:00:00+09:00,152391.85237306842,153314.9307740066,149286.95229718543,152056.1875,23848,0.0,0.0
2023-04-05 00:00:00+09:00,151720.51449275363,152727.509057971,149706.52536231885,150545.6875,5069,0.0,0.0
2023-04-06 00:00:00+09:00,150545.7074497768,151217.03724888392,149622.62897600446,150377.875,3352,0.0,0.0
2023-04-07 00:00:00+09:00,150629.6136886503,150797.44612730062,148196.04332822087,150461.78125,2334,0.0,0.0
2023-04-10 00:00:00+09:00,150461.78588483145,150881.366994382,149035.21011235955,149370.875,1236,0.0,0.0
2023-04-11 00:00:00+09:00,149958.2879266093,152224.02590871253,149454.79059725304,151217.03125,2879,0.0,0.0
2023-04-12 00:00:00+09:00,151552.68884742953,152140.10237009398,150545.6942371476,151804.4375,2703,0.0,0.0
2023-04-13 00:00:00+09:00,151384.84647790054,152811.4220821823,151384.84647790054,151888.34375,2660,0.0,0.0
2023-04-14 00:00:00+09:00,153398.8494054128,153902.34672293602,151972.27367243028,153482.765625,3317,0.0,0.0
2023-04-17 00:00:00+09:00,152811.42345215112,153147.0883032267,151636.59647338666,152140.09375,1572,0.0,0.0
2023-04-18 00:00:00+09:00,152140.1340648855,154070.2074700109,151888.38535986913,153902.375,1439,0.0,0.0
2023-04-19 00:00:00+09:00,153566.6729934924,154741.5,152895.34327548806,154741.5,1602,0.0,0.0
2023-04-20 00:00:00+09:00,154573.68518835615,154573.68518835615,152895.36070205478,153147.109375,2089,0.0,0.0
2023-04-21 00:00:00+09:00,152811.43346440396,152811.43346440396,151217.02531732892,152056.1875,1833,0.0,0.0
2023-04-24 00:00:00+09:00,151804.46912486368,153986.29123500545,151300.971714831,153902.375,1236,0.0,0.0
2023-04-25 00:00:00+09:00,153566.69244131137,155748.51430113328,152979.27886366702,155496.765625,1996,0.0,0.0
2023-04-26 00:00:00+09:00,155244.99140372168,156084.15351941748,153734.49959546927,155580.65625,2202,0.0,0.0
2023-04-27 00:00:00+09:00,155580.67953431373,155664.59575844227,153482.7739311002,154070.1875,1472,0.0,0.0
2023-04-28 00:00:00+09:00,155244.98965563267,157175.0625,154154.078917512,157175.0625,2880,0.0,0.0
2023-05-01 00:00:00+09:00,157175.09146854797,157175.09146854797,154489.77223363417,155748.515625,1179,0.0,0.0
2023-05-02 00:00:00+09:00,155664.59807575552,156755.50900566648,154321.93846971128,155496.765625,1624,0.0,0.0
2023-05-08 00:00:00+09:00,157091.1592126406,158014.23760544992,155496.7510796063,156671.578125,2296,0.0,0.0
2023-05-09 00:00:00+09:00,156587.66592817166,158601.6552005597,155916.33617070896,157426.828125,2016,0.0,0.0
2023-05-10 00:00:00+09:00,157091.14785522787,158098.1423927614,156000.23710623322,156503.734375,1436,0.0,0.0
2023-05-11 00:00:00+09:00,156168.0582142378,156839.38785728664,155328.89616042672,156335.890625,1208,0.0,0.0
2023-05-12 00:00:00+09:00,156419.8152406417,157258.97733957221,155832.40177139037,156923.3125,1670,0.0,0.0
2023-05-15 00:00:00+09:00,157342.91953740158,161119.1496062992,157007.25464238846,159860.40625,1848,0.0,0.0
2023-05-16 00:00:00+09:00,160279.98006014645,160615.64493985358,159272.9854210251,160447.8125,819,0.0,0.0
2023-05-17 00:00:00+09:00,160447.8359292503,160447.8359292503,158266.01389255543,158937.34375,978,0.0,0.0
2023-05-18 00:00:00+09:00,158937.31572816827,159776.47790202344,157594.65625,157594.65625,1526,0.0,0.0
2023-05-19 00:00:00+09:00,157678.58642629904,159105.16224814422,157678.58642629904,158266.0,2497,0.0,0.0
2023-05-22 00:00:00+09:00,158601.65328166226,159524.73168700526,158014.23975098945,159021.234375,1424,0.0,0.0
2023-05-23 00:00:00+09:00,159021.22463527852,159524.72191644562,156755.48687002654,158182.0625,1457,0.0,0.0
2023-05-24 00:00:00+09:00,157846.41689652854,158265.99801533908,155245.01395990312,155916.34375,1252,0.0,0.0
2023-05-25 00:00:00+09:00,156084.17084236187,156671.58438854277,154909.34375,154909.34375,1811,0.0,0.0
2023-05-26 00:00:00+09:00,155832.44444351157,156419.85807361634,154909.36588191835,156168.109375,1461,0.0,0.0
2023-05-29 00:00:00+09:00,156000.27647569444,157175.10373263888,155077.19791666666,157091.1875,1231,0.0,0.0
2023-05-30 00:00:00+09:00,156755.49674893843,158349.90490644905,156251.99943604035,158098.15625,873,0.0,0.0
2023-05-31 00:00:00+09:00,158182.08013427863,160531.734375,157175.08545968376,160531.734375,3973,0.0,0.0
2023-06-01 00:00:00+09:00,159776.4924,159776.4924,156587.67585,157342.921875,1592,0.0,0.0
2023-06-02 00:00:00+09:00,157342.91888297873,158265.99734042553,156084.1755319149,157762.5,1719,0.0,0.0
2023-06-05 00:00:00+09:00,158098.1530263158,159608.64493421052,157091.15842105262,159440.8125,1604,0.0,0.0
2023-06-06 00:00:00+09:00,159440.81786087865,160447.8125,158098.1583420502,160447.8125,1672,0.0,0.0
2023-06-07 00:00:00+09:00,160447.8359292503,160783.50085797257,158769.51128563887,158937.34375,1953,0.0,0.0
2023-06-08 00:00:00+09:00,159608.64683014355,159608.64683014355,156755.49541467306,157846.40625,2413,0.0,0.0
2023-06-09 00:00:00+09:00,158769.48810146443,160615.64493985358,158349.90700183055,160447.8125,1958,0.0,0.0
2023-06-12 00:00:00+09:00,160279.9762982294,160531.72495210095,158182.0708492997,158769.484375,1484,0.0,0.0
2023-06-13 00:00:00+09:00,159440.8143939394,159524.7306120415,157258.99272328548,157846.40625,1198,0.0,0.0
2023-06-14 00:00:00+09:00,157426.82946381054,158517.74032896486,156839.41592103514,157678.578125,1540,0.0,0.0
2023-06-15 00:00:00+09:00,158098.15436153443,159776.478717814,157762.4894902785,159692.5625,1740,0.0,0.0
2023-06-16 00:00:00+09:00,159189.06653331587,161286.9719963274,158685.5692221931,159944.3125,8003,0.0,0.0
2023-06-19 00:00:00+09:00,159944.31442103867,160196.06307962374,157091.1629570747,158349.90625,1774,0.0,0.0
2023-06-20 00:00:00+09:00,158349.90328521407,158769.484375,157258.9924517706,158769.484375,1431,0.0,0.0
2023-06-21 00:00:00+09:00,158853.4149020646,158853.4149020646,157426.8390682901,158517.75,1453,0.0,0.0
2023-06-22 00:00:00+09:00,158098.16522873193,158098.16522873193,155748.51096843233,156839.421875,2623,0.0,0.0
2023-06-23 00:00:00+09:00,156839.39232263513,157594.63819256757,155244.984375,155244.984375,2218,0.0,0.0
2023-06-26 00:00:00+09:00,155328.91918191058,155496.75161754742,153231.01373644985,154825.421875,1946,0.0,0.0
2023-06-27 00:00:00+09:00,154909.32539062502,154993.2416015625,152895.336328125,154405.828125,2480,0.0,0.0
2023-06-28 00:00:00+09:00,154237.995703125,155244.990234375,153650.58222656252,154405.828125,3983,0.0,0.0
2023-06-29 00:00:00+09:00,154171.29154049297,154428.10102112676,151346.38725352113,151945.609375,2938,3626.0,0.0
2023-06-30 00:00:00+09:00,152373.62801458218,152630.4375,150747.16794026922,152630.4375,2435,0.0,0.0
2023-07-03 00:00:00+09:00,152630.43713399328,153486.46875,152373.6276491913,153486.46875,1915,0.0,0.0
2023-07-04 00:00:00+09:00,153486.4757697999,153914.4915973788,151260.79346638953,151860.015625,2254,0.0,0.0
2023-07-05 00:00:00+09:00,151346.39305711086,153743.2816349384,151175.18673012318,152887.25,2052,0.0,0.0
2023-07-06 00:00:00+09:00,153572.07792523626,154342.506409811,152630.443110756,154000.09375,1360,0.0,0.0
2023-07-07 00:00:00+09:00,153914.4693124297,154000.07246555117,152202.40625,152202.40625,1324,0.0,0.0
2023-07-10 00:00:00+09:00,151517.59357394365,152459.2283362676,150918.37145246478,151945.609375,2934,0.0,0.0
2023-07-11 00:00:00+09:00,151774.40625,152373.62838409477,151260.78727791877,151774.40625,1542,0.0,0.0
2023-07-12 00:00:00+09:00,152630.44128680634,153144.06027038503,151089.5843360702,151175.1875,1667,0.0,0.0
2023-07-13 00:00:00+09:00,151260.7837447479,152801.640625,151003.97426470587,152801.640625,1220,0.0,0.0
2023-07-14 00:00:00+09:00,152801.6460755814,154599.3125,152801.6460755814,154599.3125,2043,0.0,0.0
2023-07-18 00:00:00+09:00,154599.30912162163,155797.75337837837,154342.4996380309,155198.53125,1676,0.0,0.0
2023-07-19 00:00:00+09:00,155284.1464041096,156396.98758561644,153743.28938356164,156225.78125,3010,0.0,0.0
2023-07-20 00:00:00+09:00,156140.17591564928,156225.7790822697,154171.30308337958,154256.90625,1699,0.0,0.0
2023-07-21 00:00:00+09:00,154085.7009707372,154770.52630838493,151688.8122889702,152116.828125,1442,0.0,0.0
2023-07-24 00:00:00+09:00,153229.671875,153572.084549581,152116.83068261173,153229.671875,1099,0.0,0.0
2023-07-25 00:00:00+09:00,153144.0598782376,153400.86936936938,151945.6155862894,152031.21875,1330,0.0,0.0
2023-07-26 00:00:00+09:00,152116.82133759072,153657.6782785455,152116.82133759072,153315.265625,1321,0.0,0.0
2023-07-27 00:00:00+09:00,153914.4849270892,153914.4849270892,152288.02485277623,152630.4375,1221,0.0,0.0
2023-07-28 00:00:00+09:00,152116.81569542253,152373.62517605635,149891.13352992956,151945.609375,2623,0.0,0.0
2023-07-31 00:00:00+09:00,152202.41956908832,152373.6258903134,150233.546875,150233.546875,1291,0.0,0.0
2023-08-01 00:00:00+09:00,150147.9541642568,150147.9541642568,147836.66866685948,148007.875,1845,0.0,0.0
2023-08-02 00:00:00+09:00,148007.87179556614,149206.31610160312,147665.45913669842,148179.078125,1320,0.0,0.0
2023-08-03 00:00:00+09:00,147751.05055953775,147751.05055953775,146295.796875,146295.796875,1325,0.0,0.0
2023-08-04 00:00:00+09:00,146038.97829044115,146552.59720588234,145097.34361213233,145525.359375,1536,0.0,0.0
2023-08-07 00:00:00+09:00,144840.5584524504,146895.03445886815,144840.5584524504,146723.828125,1154,0.0,0.0
2023-08-08 00:00:00+09:00,146638.22495806593,147237.44712660444,146124.6059564615,146723.828125,1192,0.0,0.0
2023-08-09 00:00:00+09:00,146381.40926007007,146723.82191330998,145439.77446366026,146638.21875,1439,0.0,0.0
2023-08-10 00:00:00+09:00,146295.80909455128,147066.2375801282,145953.39643429487,146895.03125,901,0.0,0.0
2023-08-14 00:00:00+09:00,146895.00967741935,147237.42228739004,145525.35923753664,145953.375,1322,0.0,0.0
2023-08-15 00:00:00+09:00,145953.37527654867,146124.5815818584,144754.93113938053,145097.34375,1422,0.0,0.0
2023-08-16 00:00:00+09:00,144669.34393545994,145011.7565838279,143385.29650408012,144241.328125,1470,0.0,0.0
2023-08-17 00:00:00+09:00,144155.71603830042,144926.14444943148,143042.875,143042.875,1893,0.0,0.0
2023-08-18 00:00:00+09:00,142957.28484996984,143556.5070020356,141502.0310520959,141930.046875,2246,0.0,0.0
2023-08-21 00:00:00+09:00,142015.66015149208,142358.0728341961,140474.803079324,140560.40625,3093,0.0,0.0
2023-08-22 00:00:00+09:00,140645.99042033052,141502.02201144633,140560.38726121892,141159.609375,1193,0.0,0.0
2023-08-23 00:00:00+09:00,140902.79939152644,142529.2594088041,140389.18043870194,142443.65625,1692,0.0,0.0
2023-08-24 00:00:00+09:00,142529.2589059708,143984.51260050625,142101.2431134604,143727.703125,960,0.0,0.0
2023-08-25 00:00:00+09:00,143385.2966889881,143898.91566220237,142186.85241815477,143813.3125,1435,0.0,0.0
2023-08-28 00:00:00+09:00,143727.70295798694,144583.73454201306,143556.4966411817,144155.71875,1232,0.0,0.0
2023-08-29 00:00:00+09:00,144070.12759802476,145268.57191553657,144070.12759802476,145182.96875,1845,0.0,0.0
2023-08-30 00:00:00+09:00,145097.34361213233,145610.96252757352,144583.72469669118,145525.359375,1607,0.0,0.0
2023-08-31 00:00:00+09:00,145525.34393491125,145696.55022189347,144583.70935650886,144669.3125,3626,0.0,0.0
2023-09-01 00:00:00+09:00,144669.33736717826,145268.55947461628,144070.11525974024,145011.75,2058,0.0,0.0
2023-09-04 00:00:00+09:00,145182.9591656874,145953.38760465628,144754.94336626027,145696.578125,1582,0.0,0.0
2023-09-05 00:00:00+09:00,145439.78000289184,148264.68449971083,145439.78000289184,148007.875,1724,0.0,0.0
2023-09-06 00:00:00+09:00,148093.4565992433,148179.05975334693,146895.0124417928,147066.21875,1372,0.0,0.0
2023-09-07 00:00:00+09:00,147323.0500836242,148007.875418121,146467.0184155032,147151.84375,1217,0.0,0.0
2023-09-08 00:00:00+09:00,146723.82532239158,147579.85697538103,146039.0,146039.0,2022,0.0,0.0
2023-09-11 00:00:00+09:00,145867.7912470379,146723.82288581162,144070.12480561316,144498.140625,1711,0.0,0.0
2023-09-12 00:00:00+09:00,145610.97890625,145610.97890625,143556.50301339285,143813.3125,900,0.0,0.0
2023-09-13 00:00:00+09:00,144155.7324124396,145097.3672441123,141673.2405834843,141758.84375,1389,0.0,0.0
2023-09-14 00:00:00+09:00,141844.4341383714,143214.08467923678,141844.4341383714,142443.65625,1005,0.0,0.0
2023-09-15 00:00:00+09:00,142529.2650669643,144241.32831101192,141844.43976934525,143813.3125,2355,0.0,0.0
2023-09-19 00:00:00+09:00,143813.2907706093,144070.10021841398,142529.24353158602,143299.671875,1285,0.0,0.0
2023-09-20 00:00:00+09:00,142786.05945945947,143727.69414414416,142529.25,142529.25,794,0.0,0.0
2023-09-21 00:00:00+09:00,142529.265813253,143214.0911144578,141587.63102409636,142101.25,1259,0.0,0.0
2023-09-22 00:00:00+09:00,141673.22480809753,142957.2721628537,141587.6216511138,142186.84375,1964,0.0,0.0
2023-09-25 00:00:00+09:00,141930.04424392097,142443.66322188452,140817.203125,140817.203125,1529,0.0,0.0
2023-09-26 00:00:00+09:00,140817.20954258076,141502.03487774223,140389.1937081048,140474.796875,1369,0.0,0.0
2023-09-27 00:00:00+09:00,140474.79922016276,142015.65625,140474.79922016276,142015.65625,1334,0.0,0.0
2023-09-28 00:00:00+09:00,142101.26074278698,142101.26074278698,139276.35616175568,139447.5625,2705,0.0,0.0
2023-09-29 00:00:00+09:00,139618.77137256393,140988.42210338003,138933.9460071559,140560.40625,2260,0.0,0.0
2023-10-02 00:00:00+09:00,141245.2320772059,141587.64476102943,139704.375,139704.375,1193,0.0,0.0
2023-10-03 00:00:00+09:00,139789.9539023632,140132.3665267413,137478.66868781095,137649.875,1529,0.0,0.0
2023-10-04 00:00:00+09:00,137221.86016714195,137906.6854206274,134396.95599651456,135081.78125,2513,0.0,0.0
2023-10-05 00:00:00+09:00,136622.64045908806,137393.06888272954,135681.00571908182,137050.65625,1760,0.0,0.0
2023-10-06 00:00:00+09:00,137050.6529073383,138077.89078047263,136708.2402829602,137649.875,1272,0.0,0.0
2023-10-10 00:00:00+09:00,137906.69931472666,140217.98477810196,137906.69931472666,139361.953125,945,0.0,0.0
2023-10-11 00:00:00+09:00,139105.140242737,140389.1876911315,139019.53707951072,139961.171875,1132,0.0,0.0
2023-10-12 00:00:00+09:00,139875.5687117737,140817.203507263,139618.7592220948,139961.171875,799,0.0,0.0
2023-10-13 00:00:00+09:00,139618.76541488388,140474.79708511615,139105.1464127445,140046.78125,1292,0.0,0.0
2023-10-16 00:00:00+09:00,140303.5916034963,140389.1947710396,137821.0997447401,138334.71875,1372,0.0,0.0
2023-10-17 00:00:00+09:00,138420.31790865384,140817.20653044872,138334.71474358975,140217.984375,1279,0.0,0.0
2023-10-18 00:00:00+09:00,139875.578125,140902.81615284577,139789.97495601285,139875.578125,706,0.0,0.0
2023-10-19 00:00:00+09:00,139618.7626209306,140646.00060465295,139105.1436290694,139361.953125,1025,0.0,0.0
2023-10-20 00:00:00+09:00,139447.56665175792,139533.16982342873,137393.09053165835,137564.296875,1042,0.0,0.0
2023-10-23 00:00:00+09:00,137221.84418430194,137649.85991787745,135509.78125,135509.78125,1320,0.0,0.0
2023-10-24 00:00:00+09:00,135595.42485822306,136965.07561436674,135081.8058246692,135852.234375,1629,0.0,0.0
2023-10-25 00:00:00+09:00,135852.23093436324,136622.65946518193,135253.00874372647,136451.453125,1220,0.0,0.0
2023-10-26 00:00:00+09:00,136023.42888136941,136879.4605294586,133712.14343152868,134396.96875,1657,0.0,0.0
2023-10-27 00:00:00+09:00,134996.17777865237,136537.034595403,134910.57462216626,135937.8125,1357,0.0,0.0
2023-10-30 00:00:00+09:00,135681.00014833861,135852.20645767404,134482.5559829905,135252.984375,1050,0.0,0.0
2023-10-31 00:00:00+09:00,135167.39644261007,136365.84074292454,134910.58694968553,136109.03125,1675,0.0,0.0
2023-11-01 00:00:00+09:00,136708.2630898832,137136.27894176135,135595.421875,135595.421875,1765,0.0,0.0
2023-11-02 00:00:00+09:00,136879.47127016127,138677.13787220843,136708.26492710918,137992.3125,1852,0.0,0.0
2023-11-06 00:00:00+09:00,139447.56548713235,140303.59719669117,138677.13694852943,139704.375,1826,0.0,0.0
2023-11-07 00:00:00+09:00,138933.92202951174,139447.54096492584,136622.63682014833,138505.90625,2052,0.0,0.0
2023-11-08 00:00:00+09:00,137564.29388442956,138677.1350919576,136451.4526769015,137307.484375,1297,0.0,0.0
2023-11-09 00:00:00+09:00,136965.0684931507,138077.90967465754,136793.86215753425,137478.6875,1181,0.0,0.0
2023-11-10 00:00:00+09:00,137393.0843321918,138334.7191780822,137136.27482876714,137478.6875,1071,0.0,0.0
2023-11-13 00:00:00+09:00,137478.69093964976,138505.9289790494,136879.46875,136879.46875,660,0.0,0.0
2023-11-14 00:00:00+09:00,136879.47150163347,138505.93176337896,136023.43978492531,137564.296875,1040,0.0,0.0
2023-11-15 00:00:00+09:00,137906.70270087908,139190.75021206046,137906.70270087908,138762.734375,954,0.0,0.0
2023-11-16 00:00:00+09:00,138848.3313271605,139019.53765432097,137821.09336419753,138677.125,730,0.0,0.0
2023-11-17 00:00:00+09:00,138762.73781172553,138762.73781172553,137478.69026874227,138163.515625,921,0.0,0.0
2023-11-20 00:00:00+09:00,137821.08100278123,138505.90625,137564.27153507416,138505.90625,1307,0.0,0.0
2023-11-21 00:00:00+09:00,138505.919060559,139019.53804347824,137821.09375,137821.09375,1148,0.0,0.0
2023-11-22 00:00:00+09:00,137478.6683791718,138505.90625,137478.6683791718,138505.90625,700,0.0,0.0
2023-11-24 00:00:00+09:00,138505.92830312887,139105.1504898544,138163.515625,138163.515625,637,0.0,0.0
2023-11-27 00:00:00+09:00,138848.34421526056,138848.34421526056,137992.3125,137992.3125,686,0.0,0.0
2023-11-28 00:00:00+09:00,138505.9186728395,139618.7597993827,138077.90285493826,138677.125,1061,0.0,0.0
2023-11-29 00:00:00+09:00,138591.53102871,140217.9912446121,138591.53102871,139019.546875,861,0.0,0.0
2023-11-30 00:00:00+09:00,139361.93704351794,140731.58753043212,138677.11180006087,140645.984375,2137,0.0,0.0
2023-12-01 00:00:00+09:00,140988.4202195632,140988.4202195632,138163.515625,138163.515625,1650,0.0,0.0
2023-12-04 00:00:00+09:00,138933.9221849814,139105.12849697768,137307.46222101673,138077.890625,1393,0.0,0.0
2023-12-05 00:00:00+09:00,138077.91312929956,138077.91312929956,136280.2465603502,136879.46875,1140,0.0,0.0
2023-12-06 00:00:00+09:00,136793.86558005,137564.29410959975,136365.8497303002,136879.46875,828,0.0,0.0
2023-12-07 00:00:00+09:00,136879.4568880373,136965.0600505689,135424.203125,135424.203125,1347,0.0,0.0
2023-12-08 00:00:00+09:00,135252.99679993678,135424.203125,134568.17149968393,135424.203125,3291,0.0,0.0
2023-12-11 00:00:00+09:00,135424.17810328488,135852.1938368604,134910.5592229943,135509.78125,1751,0.0,0.0
2023-12-12 00:00:00+09:00,135253.00598991173,136194.64084174024,135167.40282156368,135766.625,936,0.0,0.0
2023-12-13 00:00:00+09:00,135766.62565642904,135766.62565642904,134054.56228119033,134482.578125,1386,0.0,0.0
2023-12-14 00:00:00+09:00,134996.18430375238,135509.80326749524,134311.35901876187,135167.390625,1278,0.0,0.0
2023-12-15 00:00:00+09:00,135424.21298138128,135424.21298138128,134396.97495623806,134482.578125,1818,0.0,0.0
2023-12-18 00:00:00+09:00,134396.96875,134739.38140923568,133626.54026671973,134396.96875,1659,0.0,0.0
2023-12-19 00:00:00+09:00,134396.9561546408,134739.36878178638,133540.92458677685,134653.765625,1813,0.0,0.0
2023-12-20 00:00:00+09:00,134824.98477436102,135424.20692891374,133968.953125,133968.953125,1826,0.0,0.0
2023-12-21 00:00:00+09:00,133883.34791802213,133968.95108165257,131572.0625,131572.0625,2495,0.0,0.0
2023-12-22 00:00:00+09:00,131486.44993498048,132000.068880039,130544.81520237321,131657.65625,2482,0.0,0.0
2023-12-25 00:00:00+09:00,132428.08499672776,132428.08499672776,130288.00605366493,130801.625,2463,0.0,0.0
2023-12-26 00:00:00+09:00,130801.62483692107,131657.65641307892,130544.81536407371,131229.640625,1535,0.0,0.0
2023-12-27 00:00:00+09:00,131743.24050364076,132256.859375,131315.2247775081,132256.859375,4585,0.0,0.0
2023-12-28 00:00:00+09:00,133734.1062217924,136461.578125,133382.174363314,136461.578125,1987,4179.0,0.0
2023-12-29 00:00:00+09:00,136021.69721909208,136813.54409811654,135757.74825941728,136637.578125,1748,0.0,0.0
2024-01-04 00:00:00+09:00,136637.5644072291,136637.5644072291,134701.9388972748,134789.921875,1344,0.0,0.0
2024-01-05 00:00:00+09:00,134789.90889967637,136549.56828478965,134789.90889967637,135933.6875,3067,0.0,0.0
2024-01-09 00:00:00+09:00,136989.49019153227,136989.49019153227,135669.7455846774,136373.609375,2388,0.0,0.0
2024-01-10 00:00:00+09:00,136373.61055537773,137869.32112275928,136373.61055537773,137429.40625,1691,0.0,0.0
2024-01-11 00:00:00+09:00,137693.34081162643,138837.11936149935,137429.3919155019,138485.1875,1379,0.0,0.0
2024-01-12 00:00:00+09:00,138837.12359305643,139189.05546528217,138309.22578471783,138749.140625,1227,0.0,0.0
2024-01-15 00:00:00+09:00,138749.1490346652,139453.01282177828,138749.1490346652,139277.046875,183,0.0,0.0
2024-01-16 00:00:00+09:00,138749.14483781645,139189.05969145568,138573.17889636074,139013.09375,866,0.0,0.0
2024-01-17 00:00:00+09:00,138573.19646007055,139189.07733322642,137165.46875,137165.46875,2863,0.0,0.0
2024-01-18 00:00:00+09:00,137253.4362887597,137781.33412063954,136197.640625,136197.640625,2275,0.0,0.0
2024-01-19 00:00:00+09:00,136637.56389760296,137165.4617619852,136285.6319880148,136725.546875,1550,0.0,0.0
2024-01-22 00:00:00+09:00,136901.51812460166,138397.2287981995,136813.5351438018,138045.296875,2496,0.0,0.0
2024-01-23 00:00:00+09:00,138397.22627128856,138397.22627128856,136725.5496666131,136901.515625,1240,0.0,0.0
2024-01-24 00:00:00+09:00,137253.4362887597,137341.41926073967,136197.640625,136197.640625,1384,0.0,0.0
2024-01-25 00:00:00+09:00,135933.68056123285,136021.6635259974,134349.9871954709,134525.953125,3661,0.0,0.0
2024-01-26 00:00:00+09:00,135405.7940692095,135845.70892973326,134877.896236581,135229.828125,1196,0.0,0.0
2024-01-29 00:00:00+09:00,134789.8962809245,135933.67477416992,134437.96443684897,135141.828125,1360,0.0,0.0
2024-01-30 00:00:00+09:00,134965.87640472312,135669.7401669381,134525.96155333877,135053.859375,1158,0.0,0.0
2024-01-31 00:00:00+09:00,135053.8705545204,136021.68330767984,134877.90459940053,135757.734375,2113,0.0,0.0
2024-02-01 00:00:00+09:00,134437.97593626808,135053.8567160808,133910.078125,133910.078125,3806,0.0,0.0
2024-02-02 00:00:00+09:00,134965.8931197479,136461.60379969297,134789.92715740143,136109.671875,2441,0.0,0.0
2024-02-05 00:00:00+09:00,135845.71013557134,137253.43770174307,135669.74418979988,136285.625,2372,0.0,0.0
2024-02-06 00:00:00+09:00,136725.53296232875,136725.53296232875,134701.92468811155,134877.890625,2268,0.0,0.0
2024-02-07 00:00:00+09:00,135053.85813361788,135229.82407255418,133998.0625,133998.0625,1856,0.0,0.0
2024-02-08 00:00:00+09:00,134174.03265276868,135229.82831954455,133910.0837360747,134262.015625,1465,0.0,0.0
2024-02-09 00:00:00+09:00,134965.8709087171,135845.7005756579,133734.109375,133734.109375,2095,0.0,0.0
2024-02-13 00:00:00+09:00,133998.05533641268,134789.90201929366,133470.15754782537,134525.953125,1650,0.0,0.0
2024-02-14 00:00:00+09:00,133646.1481774301,133910.097120506,132150.4375,132150.4375,2972,0.0,0.0
2024-02-15 00:00:00+09:00,132150.42731943505,132238.41029368233,129774.88701475812,130038.8359375,2764,0.0,0.0
2024-02-16 00:00:00+09:00,131094.63102921195,131094.63102921195,128895.05668308423,129510.9375,3671,0.0,0.0
2024-02-19 00:00:00+09:00,128983.04280416082,129159.00875614467,124407.92805258077,125287.7578125,5062,0.0,0.0
2024-02-20 00:00:00+09:00,125903.63561475053,126695.48237962316,124935.8229021284,126079.6015625,4256,0.0,0.0
2024-02-21 00:00:00+09:00,127575.29344645354,127663.27640745109,124671.85573353425,125903.6171875,2516,0.0,0.0
2024-02-22 00:00:00+09:00,125903.63626674107,126167.58518973214,123176.1640625,123176.1640625,3291,0.0,0.0
2024-02-26 00:00:00+09:00,124495.90369643476,127135.3928207408,124231.95478400416,126783.4609375,3595,0.0,0.0
2024-02-27 00:00:00+09:00,127487.32974287699,128103.21056289089,126607.5,126607.5,3652,0.0,0.0
2024-02-28 00:00:00+09:00,126871.4489228631,127399.3467685893,125903.63620569839,126607.5,2584,0.0,0.0
2024-02-29 00:00:00+09:00,126607.48808662282,126607.48808662282,123616.06724232457,125375.7265625,4469,0.0,0.0
2024-03-01 00:00:00+09:00,125375.72616544382,125639.67506263423,122736.23719353974,122912.203125,6277,0.0,0.0
2024-03-04 00:00:00+09:00,123000.18876329786,125815.64372783687,123000.18876329786,124055.984375,5843,0.0,0.0
2024-03-05 00:00:00+09:00,124935.82532616361,125375.74020407263,123440.11474127292,124759.859375,2806,0.0,0.0
2024-03-06 00:00:00+09:00,125727.65970228775,126959.42123890918,125463.71080158316,126431.5234375,4037,0.0,0.0
2024-03-07 00:00:00+09:00,127399.34032118056,128015.22111002605,125111.78310546876,126695.4765625,4730,0.0,0.0
2024-03-08 00:00:00+09:00,126079.59577365452,127575.3062608507,125551.6979546441,126695.4765625,3713,0.0,0.0
2024-03-11 00:00:00+09:00,127311.34456346087,127399.32752445842,125023.78757752446,125903.6171875,2267,0.0,0.0
2024-03-12 00:00:00+09:00,125903.62669547871,125991.60966312056,123880.01843971631,124055.984375,2991,0.0,0.0
2024-03-13 00:00:00+09:00,124143.96606759656,124231.94903433476,121504.47706545064,123000.1875,4313,0.0,0.0
2024-03-14 00:00:00+09:00,123176.15716527196,126167.578125,122824.2252876569,126167.578125,3096,0.0,0.0
2024-03-15 00:00:00+09:00,128455.1328125,128455.1328125,128455.1328125,128455.1328125,5580,0.0,0.0
2024-03-18 00:00:00+09:00,128455.1328125,128983.03061857876,127575.30313570205,128455.1328125,3965,0.0,0.0
2024-03-19 00:00:00+09:00,128807.0621242485,132766.29559118237,128543.11322645292,131710.5,3622,0.0,0.0
2024-03-21 00:00:00+09:00,132590.328125,132590.328125,132590.328125,132590.328125,401,0.0,0.0
2024-03-22 00:00:00+09:00,133206.20171017846,133206.20171017846,132062.42322785856,133118.21875,2453,0.0,0.0
2024-03-25 00:00:00+09:00,133382.18031373192,134701.9248419021,133206.21437664257,133910.078125,2652,0.0,0.0
2024-03-26 00:00:00+09:00,133998.0626653439,134174.02860449735,132854.28406084655,133030.25,2242,0.0,0.0
2024-03-27 00:00:00+09:00,133910.0653916061,134086.031311963,132766.2869092862,133118.21875,2515,0.0,0.0
2024-03-28 00:00:00+09:00,133910.08554817276,133910.08554817276,132414.375,132414.375,2197,0.0,0.0
2024-03-29 00:00:00+09:00,133382.18629488032,133470.16926737037,131534.54387258977,132326.390625,1868,0.0,0.0
2024-04-01 00:00:00+09:00,132766.32147940388,133030.2704286671,131270.61076691226,131358.59375,2325,0.0,0.0
2024-04-02 00:00:00+09:00,132150.41199832776,132238.3949623746,130742.68457357859,131534.53125,2175,0.0,0.0
2024-04-03 00:00:00+09:00,131358.58055120942,131358.58055120942,129862.86998900541,130038.8359375,2391,0.0,0.0
2024-04-04 00:00:00+09:00,130566.73016542877,131006.6450244767,130038.83233457124,130302.78125,1720,0.0,0.0
2024-04-05 00:00:00+09:00,130038.83154231159,130742.6953125,129774.88262849092,130742.6953125,1889,0.0,0.0
2024-04-08 00:00:00+09:00,130478.7537197447,132678.328125,130126.82181490384,132678.328125,2566,0.0,0.0
2024-04-09 00:00:00+09:00,132678.33618852458,135053.87669057376,132326.40426229508,134174.046875,2496,0.0,0.0
2024-04-10 00:00:00+09:00,134262.01744186046,135141.84717607973,132414.375,132414.375,1790,0.0,0.0
2024-04-11 00:00:00+09:00,132062.44729152852,133118.24300605105,131270.6005056366,132678.328125,2012,0.0,0.0
2024-04-12 00:00:00+09:00,133294.18410669192,133294.18410669192,130038.81459385522,130654.6953125,1990,0.0,0.0
2024-04-15 00:00:00+09:00,130038.8246704932,130390.7565369898,129334.9609375,129334.9609375,1844,0.0,0.0
2024-04-16 00:00:00+09:00,129334.95445344129,131270.57962213224,129246.97149122806,130390.75,2035,0.0,0.0
2024-04-17 00:00:00+09:00,130654.72377043997,131710.5195180799,129862.87695971005,130478.7578125,1754,0.0,0.0
2024-04-18 00:00:00+09:00,130830.6849347015,130830.6849347015,129686.90625,129686.90625,1371,0.0,0.0
2024-04-19 00:00:00+09:00,130038.85017137778,130566.74807464455,128631.1224293331,129950.8671875,2734,0.0,0.0
2024-04-22 00:00:00+09:00,130126.79755366161,131534.52491056398,129950.83163404882,130654.6953125,4013,0.0,0.0
2024-04-23 00:00:00+09:00,131358.57250041974,132326.38515782403,130830.67468729013,131006.640625,3628,0.0,0.0
2024-04-24 00:00:00+09:00,131622.518441255,131798.484375,130478.73987191255,131798.484375,1884,0.0,0.0
2024-04-25 00:00:00+09:00,131798.48014214047,132238.3949623746,131094.61642976588,131534.53125,1694,0.0,0.0
2024-04-26 00:00:00+09:00,131534.53382159316,133646.125,131270.58492429228,133646.125,1795,0.0,0.0
2024-04-30 00:00:00+09:00,133646.13078703702,134086.04563492062,132942.26703042327,133030.25,2156,0.0,0.0
2024-05-01 00:00:00+09:00,133030.25839920947,133646.13922513174,132942.27542407773,133558.15625,1346,0.0,0.0
2024-05-02 00:00:00+09:00,133646.12640830592,134701.92200863487,133558.14344161184,133734.109375,1345,0.0,0.0
2024-05-07 00:00:00+09:00,134701.9274938925,135317.80828583063,133910.08076140066,135053.859375,2040,0.0,0.0
2024-05-08 00:00:00+09:00,134877.9008769763,134965.88385210803,133382.19029973648,133558.15625,1578,0.0,0.0
2024-05-09 00:00:00+09:00,133558.14499172184,133998.059830298,132854.28125,132854.28125,1335,0.0,0.0
2024-05-10 00:00:00+09:00,132854.30274866932,132854.30274866932,130742.71118180305,132238.421875,2580,0.0,0.0
2024-05-13 00:00:00+09:00,132502.36470660748,133822.109375,132238.415772929,133822.109375,1361,0.0,0.0
2024-05-14 00:00:00+09:00,134174.04128657133,134350.007242357,133382.19448553582,133822.109375,1117,0.0,0.0
2024-05-15 00:00:00+09:00,133294.19907561626,133382.1820453031,131622.5226515656,132062.4375,1480,0.0,0.0
2024-05-16 00:00:00+09:00,132150.42628848727,132678.32412985273,131182.61357931726,131446.5625,1421,0.0,0.0
2024-05-17 00:00:00+09:00,131006.62782947687,131798.474471831,130654.69598843058,131182.59375,1792,0.0,0.0
2024-05-20 00:00:00+09:00,131886.47736780456,131886.47736780456,130566.7327643909,131446.5625,1461,0.0,0.0
2024-05-21 00:00:00+09:00,131622.52281879194,131886.47172818793,130654.71015100672,131094.625,1087,0.0,0.0
2024-05-22 00:00:00+09:00,131182.6018071392,131182.6018071392,129246.9765625,129246.9765625,1865,0.0,0.0
2024-05-23 00:00:00+09:00,129422.94390412416,129950.84170386905,128719.08017113096,129334.9609375,1697,0.0,0.0
2024-05-24 00:00:00+09:00,129071.03068852669,129071.03068852669,128015.23493647331,128543.1328125,1683,0.0,0.0
2024-05-27 00:00:00+09:00,128543.1328125,128543.1328125,127311.37110177104,128543.1328125,1763,0.0,0.0
2024-05-28 00:00:00+09:00,128103.18891557996,128895.03555036034,127927.22299673989,128191.171875,1842,0.0,0.0
2024-05-29 00:00:00+09:00,128279.17001953126,128279.17001953126,126255.56171332466,126695.4765625,2519,0.0,0.0
2024-05-30 00:00:00+09:00,126255.56329217658,126255.56329217658,125287.75061188811,125815.6484375,2834,0.0,0.0
2024-05-31 00:00:00+09:00,126343.53251370802,128543.10654772105,126167.56659098699,128367.140625,8465,0.0,0.0
2024-06-03 00:00:00+09:00,128367.16149615319,128455.14447181881,127223.3828125,127223.3828125,2551,0.0,0.0
2024-06-04 00:00:00+09:00,126959.44028979239,128631.11691176471,126871.45730968859,127135.40625,3398,0.0,0.0
2024-06-05 00:00:00+09:00,127311.35515495153,127751.26999653739,126871.44031336565,127047.40625,1414,0.0,0.0
2024-06-06 00:00:00+09:00,127311.3635775862,127575.3125,126255.56788793104,127575.3125,1993,0.0,0.0
2024-06-07 00:00:00+09:00,126959.41271947065,127047.39568046821,125727.6512655049,125903.6171875,2823,0.0,0.0
2024-06-10 00:00:00+09:00,126167.57874348959,126695.4765625,125463.71498480903,126695.4765625,2445,0.0,0.0
2024-06-11 00:00:00+09:00,126959.43211659664,127135.39806547618,125375.73857668067,125639.6875,2906,0.0,0.0
2024-06-12 00:00:00+09:00,125727.65689786585,126783.45247713414,125639.67393292683,126255.5546875,1764,0.0,0.0
2024-06-13 00:00:00+09:00,126431.53650039501,127047.41733233849,125199.77483650808,125287.7578125,2586,0.0,0.0
2024-06-14 00:00:00+09:00,125287.74563547486,126607.49014708449,125199.76266803422,125991.609375,2064,0.0,0.0
2024-06-17 00:00:00+09:00,125991.60951794511,125991.60951794511,124759.84797237861,125023.796875,1995,0.0,0.0
2024-06-18 00:00:00+09:00,125023.78757752446,125903.6171875,124671.85573353425,125903.6171875,1498,0.0,0.0
2024-06-19 00:00:00+09:00,125551.69812259446,125903.63000240552,125111.78327283065,125727.6640625,1144,0.0,0.0
2024-06-20 00:00:00+09:00,125991.61218619246,127311.35672724895,125815.64624738494,126167.578125,2475,0.0,0.0
2024-06-21 00:00:00+09:00,126167.57891226381,126871.44267188593,125727.6640625,125727.6640625,2937,0.0,0.0
2024-06-24 00:00:00+09:00,125903.62435855264,126167.57325657895,125375.7265625,125375.7265625,1306,0.0,0.0
2024-06-25 00:00:00+09:00,125903.62766187673,127047.40625,125639.6787569252,127047.40625,2331,0.0,0.0
2024-06-26 00:00:00+09:00,127223.3828125,127311.36578816564,126167.58710451245,127223.3828125,6004,0.0,0.0
2024-06-27 00:00:00+09:00,127272.11889838766,128355.28586773564,127001.32715605067,127362.3828125,4738,3654.0,0.0
2024-06-28 00:00:00+09:00,128174.75058838911,129709.23703909518,127994.22277065899,129438.4453125,3831,0.0,0.0
2024-07-01 00:00:00+09:00,128896.86761968085,128896.86761968085,127091.58936170214,127272.1171875,3103,0.0,0.0
2024-07-02 00:00:00+09:00,127001.32934114957,127181.85717248026,125647.3706061693,125827.8984375,4757,0.0,0.0
2024-07-03 00:00:00+09:00,125827.89501391882,126188.95066675646,125196.04762145295,125647.3671875,3218,0.0,0.0
2024-07-04 00:00:00+09:00,126098.6943254818,126459.75,125376.5829764454,126459.75,2180,0.0,0.0
2024-07-05 00:00:00+09:00,126188.95581317204,126369.4836469534,125376.58056115592,125918.1640625,2035,0.0,0.0
2024-07-08 00:00:00+09:00,125918.15892712823,126098.68675354705,125557.10327429058,125647.3671875,1647,0.0,0.0
2024-07-09 00:00:00+09:00,125557.10135602679,126369.4765625,125105.781796875,126369.4765625,2556,0.0,0.0
2024-07-10 00:00:00+09:00,126279.20750380278,126549.99922825697,125737.6240548944,126098.6796875,1866,0.0,0.0
2024-07-11 00:00:00+09:00,126098.68631981383,127452.64501329788,126008.42240691489,127272.1171875,1582,0.0,0.0
2024-07-12 00:00:00+09:00,127272.10796538863,130972.92812608431,127272.10796538863,130070.2890625,5913,0.0,0.0
2024-07-16 00:00:00+09:00,130070.2995534162,130250.82738069366,129438.45215794505,129799.5078125,1689,0.0,0.0
2024-07-17 00:00:00+09:00,129889.77343750001,130070.30126715601,129348.18994853197,129889.7734375,1276,0.0,0.0
2024-07-18 00:00:00+09:00,129980.049965541,131153.48097217435,129799.52211836664,130972.953125,2136,0.0,0.0
2024-07-19 00:00:00+09:00,130521.61221888075,130521.61221888075,128626.07013271443,129438.4453125,2315,0.0,0.0
2024-07-22 00:00:00+09:00,129528.71305866537,129618.9769702045,127813.69873942171,127994.2265625,1929,0.0,0.0
2024-07-23 00:00:00+09:00,128174.76365546219,129528.72242647059,128174.76365546219,128896.875,1908,0.0,0.0
2024-07-24 00:00:00+09:00,129257.91749476988,129980.02876569037,128174.75058838911,129438.4453125,2496,0.0,0.0
2024-07-25 00:00:00+09:00,129438.4462631119,129799.50190122378,128896.86280594405,129077.390625,1505,0.0,0.0
2024-07-26 00:00:00+09:00,129167.65967376134,129799.50706559664,129077.395760642,129348.1875,1563,0.0,0.0
2024-07-29 00:00:00+09:00,129528.72093211208,130882.6796875,128716.34567887931,130882.6796875,2672,0.0,0.0
2024-07-30 00:00:00+09:00,130792.40892440353,131604.7841351141,130250.82545059647,130521.6171875,3829,0.0,0.0
2024-07-31 00:00:00+09:00,130070.302003982,130882.677242036,129528.71851194598,130341.09375,2618,0.0,0.0
2024-08-01 00:00:00+09:00,130611.87958630745,130702.14349756268,128174.75398241643,129618.9765625,1824,0.0,0.0
2024-08-02 00:00:00+09:00,127903.96265096085,129257.92132404794,125918.15659709978,127994.2265625,3114,0.0,0.0
2024-08-05 00:00:00+09:00,125466.84072542975,126188.9520389574,120141.2697881633,120773.1171875,5521,0.0,0.0
2024-08-06 00:00:00+09:00,122397.86351495727,129799.50422898862,121404.9604923433,126730.53125,4790,0.0,0.0
2024-08-07 00:00:00+09:00,125557.11598305011,130882.68740145411,125466.85206070427,128806.6171875,4481,0.0,0.0
2024-08-08 00:00:00+09:00,128987.1399062939,130792.41828146947,128535.8203125,128535.8203125,2880,0.0,0.0
2024-08-09 00:00:00+09:00,127903.96361165134,129709.24185599363,126188.94927952618,127633.171875,3232,0.0,0.0
2024-08-13 00:00:00+09:00,127633.18795227428,131063.21704858718,127452.66010509993,130972.953125,2698,0.0,0.0
2024-08-14 00:00:00+09:00,131333.98250598088,132056.09375,129980.02392344498,132056.09375,3240,0.0,0.0
2024-08-15 00:00:00+09:00,130972.94022381757,133590.59375,129889.77324746622,133590.59375,2958,0.0,0.0
2024-08-16 00:00:00+09:00,133861.390625,133861.390625,132146.37618004048,133861.390625,2426,0.0,0.0
2024-08-19 00:00:00+09:00,134041.91286298397,135215.34375,132868.48197596797,135215.34375,2160,0.0,0.0
2024-08-20 00:00:00+09:00,135305.59346160185,136930.34375,134854.27393704682,136930.34375,2465,0.0,0.0
2024-08-21 00:00:00+09:00,136659.56638017358,136659.56638017358,135125.07983561416,135215.34375,1335,0.0,0.0
2024-08-22 00:00:00+09:00,135395.87475149106,136208.25,134041.91600397613,136208.25,1457,0.0,0.0
2024-08-23 00:00:00+09:00,136208.23609271523,136569.2917218543,135034.80529801323,136298.5,1313,0.0,0.0
2024-08-26 00:00:00+09:00,136298.5060483871,140270.1181451613,136027.71431451614,139909.0625,3306,0.0,0.0
2024-08-27 00:00:00+09:00,139818.79858870967,140721.43770161291,139186.9512096774,139909.0625,2601,0.0,0.0
2024-08-28 00:00:00+09:00,139367.4894957983,139999.3369222689,138555.11423319328,139638.28125,2852,0.0,0.0
2024-08-29 00:00:00+09:00,139638.28005358312,140089.59964005236,137562.20995582463,137923.265625,2460,0.0,0.0
2024-08-30 00:00:00+09:00,137381.67421457218,137381.67421457218,133500.32599431818,135034.8125,4409,0.0,0.0
2024-09-02 00:00:00+09:00,136479.0276497696,137381.66672152732,135305.59685648454,137110.875,2147,0.0,0.0
2024-09-03 00:00:00+09:00,137652.46532337493,137742.72923506238,136930.35402987525,137471.9375,1348,0.0,0.0
2024-09-04 00:00:00+09:00,136749.815940178,137381.66327455506,136388.76032053397,136930.34375,3056,0.0,0.0
2024-09-05 00:00:00+09:00,136569.3024657877,137471.9416096462,135215.34375,135215.34375,2659,0.0,0.0
2024-09-06 00:00:00+09:00,135215.33171948357,135756.91515761235,134493.22046864522,134583.484375,1468,0.0,0.0
2024-09-09 00:00:00+09:00,134583.49314895764,135125.0766223941,133319.7983776059,134222.4375,2039,0.0,0.0
2024-09-10 00:00:00+09:00,135305.6042362968,137562.20203877005,135034.8125,135034.8125,2036,0.0,0.0
2024-09-11 00:00:00+09:00,135847.18079758712,135847.18079758712,133590.58310991956,134673.75,1914,0.0,0.0
2024-09-12 00:00:00+09:00,134673.77044547873,136117.99318484042,134493.24260305852,135756.9375,962,0.0,0.0
2024-09-13 00:00:00+09:00,135937.46192576564,136479.0454394141,135034.82273635152,135576.40625,2431,0.0,0.0
2024-09-17 00:00:00+09:00,136479.02798134577,136479.02798134577,134222.430296469,135486.125,1255,0.0,0.0
2024-09-18 00:00:00+09:00,135395.88181515958,135756.9375,134402.97868184838,135756.9375,1165,0.0,0.0
2024-09-19 00:00:00+09:00,135215.34545947297,136479.04027685124,134312.70630420282,135305.609375,1208,0.0,0.0
2024-09-20 00:00:00+09:00,135305.603619501,137832.99314674982,135305.603619501,137471.9375,3437,0.0,0.0
2024-09-24 00:00:00+09:00,137381.67421457218,137471.93812667113,134764.0207637032,135034.8125,1680,0.0,0.0
2024-09-25 00:00:00+09:00,134944.55541666667,136027.72241666666,133861.38841666665,135395.875,1413,0.0,0.0
2024-09-26 00:00:00+09:00,135034.80529801323,136298.5,135034.80529801323,136298.5,1136,0.0,0.0
2024-09-27 00:00:00+09:00,135847.19047131148,137652.46875,135847.19047131148,137652.46875,1333,0.0,0.0
2024-09-30 00:00:00+09:00,136930.34768766756,136930.34768766756,133951.6387399464,134673.75,1972,0.0,0.0
2024-10-01 00:00:00+09:00,135034.81443212365,135125.0783455141,133319.80007770497,134312.703125,1239,0.0,0.0
2024-10-02 00:00:00+09:00,134312.7014122394,135125.0766223941,132958.7427286483,134222.4375,1303,0.0,0.0
2024-10-03 00:00:00+09:00,134764.02097343645,135305.6044468729,134222.4375,134222.4375,1830,0.0,0.0
2024-10-04 00:00:00+09:00,134402.9781335208,134402.9781335208,132417.171875,132417.171875,1798,0.0,0.0
2024-10-07 00:00:00+09:00,132507.43739186853,133139.284845372,130250.83934364187,130431.3671875,1273,0.0,0.0
2024-10-08 00:00:00+09:00,130250.82049228557,130431.34831001569,129348.18140363494,129438.4453125,1189,0.0,0.0
2024-10-09 00:00:00+09:00,129438.4453125,130160.5565834205,129257.91749476988,129438.4453125,1179,0.0,0.0
2024-10-10 00:00:00+09:00,129618.98389152602,129618.98389152602,128355.2890625,128355.2890625,1097,0.0,0.0
2024-10-11 00:00:00+09:00,128716.35326515418,128806.6171875,127813.71404169587,128806.6171875,901,0.0,0.0
2024-10-15 00:00:00+09:00,128445.5438235032,128445.5438235032,126640.265625,126640.265625,1608,0.0,0.0
2024-10-16 00:00:00+09:00,126640.27149960134,127542.91064072466,125827.89627259035,127362.3828125,1554,0.0,0.0
2024-10-17 00:00:00+09:00,127362.37062654813,128174.74577583157,126730.52328821656,127542.8984375,941,0.0,0.0
2024-10-18 00:00:00+09:00,127542.90434773048,128445.54344431739,127452.64043807179,128265.015625,1016,0.0,0.0
2024-10-21 00:00:00+09:00,128626.07164335353,128896.863373129,126640.265625,126640.265625,1264,0.0,0.0
2024-10-22 00:00:00+09:00,126640.26926262536,126640.26926262536,125105.78274982091,126008.421875,1700,0.0,0.0
2024-10-23 00:00:00+09:00,126369.4765625,127001.3239453125,125918.15700334821,126369.4765625,1833,0.0,0.0
2024-10-24 00:00:00+09:00,126369.46703002145,126730.52265010722,125557.09188482845,126279.203125,1404,0.0,0.0
2024-10-25 00:00:00+09:00,125827.89868005416,126369.48217509026,124654.4677741426,125015.5234375,1462,0.0,0.0
2024-10-28 00:00:00+09:00,125015.51788504465,126820.79612165179,124654.46223772322,126369.4765625,1261,0.0,0.0
2024-10-29 00:00:00+09:00,126369.47901849217,127181.8542407539,125647.36770981508,126911.0625,1195,0.0,0.0
2024-10-30 00:00:00+09:00,126911.0671482975,127001.33106518818,125918.1640625,125918.1640625,1184,0.0,0.0
2024-10-31 00:00:00+09:00,125918.16235316535,127181.85717248026,125737.63452183464,125827.8984375,2028,0.0,0.0
2024-11-01 00:00:00+09:00,126098.68216544903,127452.64081432644,125196.04306619742,126640.265625,1207,0.0,0.0
2024-11-05 00:00:00+09:00,126369.4795334507,128174.7578125,126008.42387764085,128174.7578125,1842,0.0,0.0
2024-11-06 00:00:00+09:00,127903.95376375786,129438.44015330188,127272.10642688679,129167.6484375,2332,0.0,0.0
2024-11-07 00:00:00+09:00,128265.02120376956,128265.02120376956,126550.00684566145,126911.0625,1927,0.0,0.0
2024-11-08 00:00:00+09:00,126549.99922825697,127362.37440161954,125647.36014674301,126098.6796875,1407,0.0,0.0
2024-11-11 00:00:00+09:00,126098.68331272481,126098.68331272481,124473.93291928957,125466.8359375,1552,0.0,0.0
2024-11-12 00:00:00+09:00,125466.83479597291,127452.64081432644,125015.51524634712,126640.265625,1813,0.0,0.0
2024-11-13 00:00:00+09:00,126008.43338282937,126459.75298663607,125376.5859375,125376.5859375,1329,0.0,0.0
2024-11-14 00:00:00+09:00,125015.52368164062,125466.84326171875,124022.62060546875,124203.1484375,1689,0.0,0.0
2024-11-15 00:00:00+09:00,124564.19436416186,125647.3612716763,124293.40263728324,124925.25,1928,0.0,0.0
2024-11-18 00:00:00+09:00,125647.36622492837,126188.94970003581,124654.46318723138,126008.421875,1884,0.0,0.0
2024-11-19 00:00:00+09:00,125466.82797980701,127091.578270193,125466.82797980701,126279.203125,1197,0.0,0.0
2024-11-20 00:00:00+09:00,126279.21265066965,127452.64350446429,125918.15700334821,126369.4765625,1069,0.0,0.0
2024-11-21 00:00:00+09:00,127723.43846894933,127903.96629717399,126369.47975726434,127362.3828125,1498,0.0,0.0
2024-11-22 00:00:00+09:00,126911.05922484331,129618.9765625,126730.53140233287,129618.9765625,2338,0.0,0.0
2024-11-25 00:00:00+09:00,130250.82144886364,130611.87708697552,129077.390625,129077.390625,2713,0.0,0.0
2024-11-26 00:00:00+09:00,130611.87265952339,130611.87265952339,128626.0667172224,129257.9140625,1275,0.0,0.0
2024-11-27 00:00:00+09:00,130160.56985294117,130160.56985294117,128174.76365546219,128896.875,1730,0.0,0.0
2024-11-28 00:00:00+09:00,128535.80716783217,129167.65453452797,128265.01543924825,129077.390625,1207,0.0,0.0
2024-11-29 00:00:00+09:00,128626.08423125878,128987.1399062939,128174.76463746489,128535.8203125,1400,0.0,0.0
2024-12-02 00:00:00+09:00,128896.87826492538,128896.87826492538,126550.01633573206,127001.3359375,1852,0.0,0.0
2024-12-03 00:00:00+09:00,127001.32107604462,127452.640625,125918.15415855171,127452.640625,2426,0.0,0.0
2024-12-04 00:00:00+09:00,127452.63796378092,127723.42968749999,126549.99888471731,127723.4296875,1824,0.0,0.0
2024-12-05 00:00:00+09:00,127452.64405056578,127633.171875,126730.53275282886,127633.171875,1547,0.0,0.0
2024-12-06 00:00:00+09:00,127723.42718683464,128265.01062366928,127181.84375000001,127181.84375,2195,0.0,0.0
2024-12-09 00:00:00+09:00,126640.27685164592,127001.3325233541,125376.58200066726,126820.8046875,2614,0.0,0.0
2024-12-10 00:00:00+09:00,126911.05907229346,127001.32298344017,126188.94778311967,126730.53125,1551,0.0,0.0
2024-12-11 00:00:00+09:00,126820.80323140681,127001.33106518818,125466.8444780466,125918.1640625,1626,0.0,0.0
2024-12-12 00:00:00+09:00,125918.15892712823,126459.7424063847,125557.10327429058,125647.3671875,1536,0.0,0.0
2024-12-13 00:00:00+09:00,124925.25247302158,126369.47504496403,124925.25247302158,125466.8359375,2403,0.0,0.0
2024-12-16 00:00:00+09:00,125466.83613549965,125557.10004638848,124564.19702661116,124654.4609375,1579,0.0,0.0
2024-12-17 00:00:00+09:00,124473.9331157223,125196.0444028331,123842.08573950037,124654.4609375,1559,0.0,0.0
2024-12-18 00:00:00+09:00,125286.3117543384,126188.95088801518,124654.46436076464,124834.9921875,1508,0.0,0.0
2024-12-19 00:00:00+09:00,123661.56762108521,125015.52639065913,123661.56762108521,123932.359375,1512,0.0,0.0
2024-12-20 00:00:00+09:00,124564.19991782322,125196.04730871074,123571.296875,123571.296875,2764,0.0,0.0
2024-12-23 00:00:00+09:00,123571.28983578966,124383.66500636828,123119.97029657933,124022.609375,1959,0.0,0.0
2024-12-24 00:00:00+09:00,124925.25610086769,125557.10349444143,124383.67262066161,124834.9921875,1362,0.0,0.0
2024-12-25 00:00:00+09:00,124834.98951569264,125105.78125,124383.66995851371,125105.78125,1052,0.0,0.0
2024-12-26 00:00:00+09:00,124744.73457517794,126820.8046875,124744.73457517794,126820.8046875,3315,0.0,0.0
2024-12-27 00:00:00+09:00,126807.81504816309,130147.3039594534,126807.81504816309,129405.1953125,2088,3786.0,0.0
2024-12-30 00:00:00+09:00,130147.29413068181,130703.87557386364,127549.9140625,127549.9140625,2982,0.0,0.0
2025-01-06 00:00:00+09:00,128941.3821730427,131074.94461187723,128199.27349866548,130332.8359375,2689,0.0,0.0
2025-01-07 00:00:00+09:00,130054.54377024839,130982.17960313175,128848.6171875,128848.6171875,1796,0.0,0.0
2025-01-08 00:00:00+09:00,129497.9546299575,131074.93545281515,129312.4274743272,130982.171875,1915,0.0,0.0
2025-01-09 00:00:00+09:00,130147.2992997603,130796.64434259589,129219.6635242809,130611.1171875,1855,0.0,0.0
2025-01-10 00:00:00+09:00,130796.63865782374,130796.63865782374,128941.3671875,128941.3671875,1092,0.0,0.0
2025-01-14 00:00:00+09:00,129034.14399819494,130054.54341155234,128477.5625,128477.5625,2059,0.0,0.0
2025-01-15 00:00:00+09:00,128755.85324909746,129219.67116425993,127457.1630866426,128477.5625,1137,0.0,0.0
2025-01-16 00:00:00+09:00,128477.55302143372,128941.37090237753,128013.73514048992,128755.84375,734,0.0,0.0
2025-01-17 00:00:00+09:00,128755.85465738758,130240.07200214133,128570.32748929336,129961.78125,2036,0.0,0.0
2025-01-20 00:00:00+09:00,129869.01321684588,129869.01321684588,128292.0323420699,129405.1953125,1867,0.0,0.0
2025-01-21 00:00:00+09:00,129497.94980385165,130611.11269614837,129497.94980385165,130054.53125,1864,0.0,0.0
2025-01-22 00:00:00+09:00,130147.30504841862,130982.17728322673,129312.43281361052,130518.359375,1698,0.0,0.0
2025-01-23 00:00:00+09:00,131167.69903063032,131724.28049752125,130147.29967466359,130982.171875,2028,0.0,0.0
2025-01-24 00:00:00+09:00,131445.98219351788,135156.52509241746,131353.2186210454,134878.234375,3654,0.0,0.0
2025-01-27 00:00:00+09:00,134878.25008463103,137011.8125,134878.25008463103,137011.8125,3003,0.0,0.0
2025-01-28 00:00:00+09:00,137290.09800664452,140815.11403654487,136919.04368770766,139609.1875,3021,0.0,0.0
2025-01-29 00:00:00+09:00,141000.64745264532,144711.19080666231,141000.64745264532,142021.046875,5015,0.0,0.0
2025-01-30 00:00:00+09:00,142299.32998511905,142763.1478794643,139609.18619791666,140258.53125,3186,0.0,0.0
2025-01-31 00:00:00+09:00,141928.27699335548,142113.80415282393,139145.36960132892,139609.1875,2305,0.0,0.0
2025-02-03 00:00:00+09:00,140072.99430294905,140536.81216487935,137753.9049932976,138403.25,2346,0.0,0.0
2025-02-04 00:00:00+09:00,138959.84244186047,139980.2418189369,138588.78812292358,139609.1875,1945,0.0,0.0
2025-02-05 00:00:00+09:00,141742.73941666668,141835.50298958333,139145.359375,139145.359375,1802,0.0,0.0
2025-02-06 00:00:00+09:00,139145.37091121497,140351.29745911216,138774.31658878506,138959.84375,1751,0.0,0.0
2025-02-07 00:00:00+09:00,137753.9157388664,139145.3694331984,137197.3342611336,137475.625,2164,0.0,0.0
2025-02-10 00:00:00+09:00,137475.60647912422,137475.60647912422,135620.33513662592,136640.734375,1680,0.0,0.0
2025-02-12 00:00:00+09:00,136269.7003531678,136919.04541952055,134692.71947773974,135434.828125,1302,0.0,0.0
2025-02-13 00:00:00+09:00,135805.87422733515,136084.16495321086,134878.2384744162,135063.765625,1897,0.0,0.0
2025-02-14 00:00:00+09:00,135249.29965490795,136084.171875,135063.77249488753,136084.171875,1433,0.0,0.0
2025-02-17 00:00:00+09:00,136084.15990355457,137661.140625,135620.34204430593,137661.140625,1867,0.0,0.0
2025-02-18 00:00:00+09:00,138681.55078655021,139887.4773151289,136733.515625,136733.515625,2656,0.0,0.0
2025-02-19 00:00:00+09:00,137197.3301731419,138217.7295185811,136826.27586570947,137290.09375,2482,0.0,0.0
2025-02-20 00:00:00+09:00,137104.55221062456,137197.3157777495,136176.9165393754,136640.734375,1385,0.0,0.0
2025-02-21 00:00:00+09:00,136547.97948016415,136826.2701992134,135249.28945793433,135620.34375,1706,0.0,0.0
2025-02-25 00:00:00+09:00,135434.83354810995,137197.34165592783,134971.015625,134971.015625,2223,0.0,0.0
2025-02-26 00:00:00+09:00,136640.74384566327,136733.50741921767,135156.5266687925,136362.453125,2478,0.0,0.0
2025-02-27 00:00:00+09:00,135991.39961096077,137382.85322225982,135898.63603687414,137104.5625,1465,0.0,0.0
2025-02-28 00:00:00+09:00,136362.46705776174,137104.57572202166,128477.5625,128477.5625,8432,0.0,0.0
2025-03-03 00:00:00+09:00,132837.45235546038,134507.19686830835,129961.78125,129961.78125,7624,0.0,0.0
2025-03-04 00:00:00+09:00,130147.3004181338,132095.33556338027,129590.71894806337,131724.28125,4385,0.0,0.0
2025-03-05 00:00:00+09:00,131631.51230263157,133208.49307017543,129776.2408114035,132188.09375,2499,0.0,0.0
2025-03-06 00:00:00+09:00,131909.79972484277,133486.78045291753,131909.79972484277,132744.671875,1396,0.0,0.0
2025-03-07 00:00:00+09:00,134136.14196056288,136176.9408009034,133301.2697076963,133486.796875,3722,0.0,0.0
2025-03-10 00:00:00+09:00,133394.0189420391,134228.89110509778,132466.38320530727,132837.4375,1722,0.0,0.0
2025-03-11 00:00:00+09:00,132373.6159783569,133301.25168948763,130982.16241166079,131260.453125,2043,0.0,0.0
2025-03-12 00:00:00+09:00,130889.3988405477,132651.90669169612,130518.34455609541,131260.453125,1782,0.0,0.0
2025-03-13 00:00:00+09:00,131260.4595333102,134321.65752949342,131260.4595333102,133672.3125,2323,0.0,0.0
2025-03-14 00:00:00+09:00,133672.3254402921,135342.06996348797,133672.3254402921,134971.015625,2742,0.0,0.0
2025-03-17 00:00:00+09:00,134970.9884930508,135713.09702084764,134692.69779512697,135156.515625,1304,0.0,0.0
2025-03-18 00:00:00+09:00,135156.51730100135,136640.734375,134970.99016675152,136640.734375,1248,0.0,0.0
2025-03-19 00:00:00+09:00,136084.16777943686,136733.51281996586,135898.640625,135898.640625,1229,0.0,0.0
2025-03-21 00:00:00+09:00,135898.62415279684,136826.2598125429,135156.515625,135156.515625,2229,0.0,0.0
2025-03-24 00:00:00+09:00,135249.298359057,137011.80636236432,135249.298359057,136733.515625,1325,0.0,0.0
2025-03-25 00:00:00+09:00,137382.85578893442,137753.9100922131,135805.875,135805.875,1108,0.0,0.0
2025-03-26 00:00:00+09:00,136455.21748139377,137104.5625,135620.34531461433,137104.5625,1102,0.0,0.0
2025-03-27 00:00:00+09:00,137104.5625,139052.59755581868,136919.03535182678,137104.5625,1603,0.0,0.0
2025-03-28 00:00:00+09:00,136733.515625,137104.56994148577,135991.4069920285,136733.515625,1202,0.0,0.0
2025-03-31 00:00:00+09:00,135898.63367219738,136176.92438961487,134599.94365758254,134878.234375,1838,0.0,0.0
2025-04-01 00:00:00+09:00,135991.40625,136733.51487892223,134971.00688523194,135991.40625,1335,0.0,0.0
2025-04-02 00:00:00+09:00,135991.41020761247,136547.99169550173,133208.5027681661,134043.375,1541,0.0,0.0
2025-04-03 00:00:00+09:00,132188.10062674095,133301.2635793872,130982.17409470753,133208.5,2237,0.0,0.0
2025-04-04 00:00:00+09:00,133022.98233600837,133115.74592201677,131260.47420184928,132930.21875,1830,0.0,0.0
2025-04-07 00:00:00+09:00,129034.13745577831,131260.4633356767,126436.75726256351,127828.2109375,2984,0.0,0.0
2025-04-08 00:00:00+09:00,130425.5863253546,133022.96642287233,129776.24130097518,130796.640625,3130,0.0,0.0
2025-04-09 00:00:00+09:00,129868.99955830388,131260.453125,129126.8909893993,131260.453125,2089,0.0,0.0
2025-04-10 00:00:00+09:00,133115.72286012524,135249.28496868475,130703.87004175365,133301.25,2193,0.0,0.0
2025-04-11 00:00:00+09:00,132744.67877730582,134785.47747269418,131817.04300667476,133765.078125,2151,0.0,0.0
2025-04-14 00:00:00+09:00,134321.66295264623,135713.11664345404,133208.5,133208.5,1651,0.0,0.0
2025-04-15 00:00:00+09:00,133208.5026371308,133486.79338080168,131074.94026898732,131909.8125,1754,0.0,0.0
2025-04-16 00:00:00+09:00,132651.9136789972,132930.2044069951,130982.16931100983,132280.859375,1364,0.0,0.0
2025-04-17 00:00:00+09:00,132559.14677898044,133208.49179469273,131909.80176326816,132837.4375,1568,0.0,0.0
2025-04-18 00:00:00+09:00,132837.42635658913,133301.2441860465,131631.5,131631.5,966,0.0,0.0
2025-04-21 00:00:00+09:00,131631.51767165493,132373.62629841547,131260.46335827463,131724.28125,1533,0.0,0.0
2025-04-22 00:00:00+09:00,132280.85073068892,133301.25,131724.2693110647,133301.25,2016,0.0,0.0
2025-04-23 00:00:00+09:00,133579.53658536586,133765.0637195122,131167.6838414634,133115.71875,1566,0.0,0.0
2025-04-24 00:00:00+09:00,133022.95764426462,133115.7212130542,131074.92269968332,131817.03125,1304,0.0,0.0
2025-04-25 00:00:00+09:00,132280.866093529,132280.866093529,130796.64880215701,131167.703125,1563,0.0,0.0
2025-04-28 00:00:00+09:00,130982.17133847233,132559.15215487036,130982.17133847233,132373.625,1474,0.0,0.0
2025-04-30 00:00:00+09:00,132188.09656119248,133022.96875,131167.6972193166,133022.96875,1563,0.0,0.0
2025-05-01 00:00:00+09:00,133022.96213692945,134507.17928769017,132466.3807053942,134136.125,1649,0.0,0.0
2025-05-02 00:00:00+09:00,134414.43216824645,137475.63041638458,134414.43216824645,137011.8125,2640,0.0,0.0
2025-05-07 00:00:00+09:00,137475.6144042297,138217.72298400963,134878.234375,134878.234375,3440,0.0,0.0
2025-05-08 00:00:00+09:00,135434.81914709945,135805.8734461326,134321.65625,134321.65625,1887,0.0,0.0
2025-05-09 00:00:00+09:00,134692.71875,135156.53665203167,133115.73788309228,134692.71875,1987,0.0,0.0
2025-05-12 00:00:00+09:00,135063.75982384823,136919.03125,134228.88768207995,136919.03125,1469,0.0,0.0
2025-05-13 00:00:00+09:00,136084.17524383985,136733.5203199863,134878.24867385352,135527.59375,1674,0.0,0.0
2025-05-14 00:00:00+09:00,135527.57156950101,136826.26150924983,134970.99016675152,136640.734375,1271,0.0,0.0
2025-05-15 00:00:00+09:00,136733.52175016925,137846.6847494922,136269.7038337847,137011.8125,1548,0.0,0.0
2025-05-16 00:00:00+09:00,136919.04891672308,137290.10324983075,136176.9402505078,137011.8125,1126,0.0,0.0
2025-05-19 00:00:00+09:00,136269.68010650034,136640.734375,134785.4630325017,136640.734375,1572,0.0,0.0
2025-05-20 00:00:00+09:00,136826.27226802803,137197.32656570402,135434.818651743,135713.109375,1241,0.0,0.0
2025-05-21 00:00:00+09:00,136455.23297895188,136455.23297895188,134971.015625,134971.015625,763,0.0,0.0
2025-05-22 00:00:00+09:00,134878.25008463103,137011.8125,134599.95933480028,137011.8125,1384,0.0,0.0
2025-05-23 00:00:00+09:00,136547.985665529,137011.80355162115,135898.640625,135898.640625,1075,0.0,0.0
2025-05-26 00:00:00+09:00,135620.3445365646,137475.61600765307,135620.3445365646,136362.453125,992,0.0,0.0
2025-05-27 00:00:00+09:00,136733.5049065027,137661.140625,136733.5049065027,137661.140625,700,0.0,0.0
2025-05-28 00:00:00+09:00,137753.92595200066,138310.50747099865,136919.0536735037,137939.453125,1254,0.0,0.0
2025-05-29 00:00:00+09:00,137568.3758069249,138588.77508802817,137382.8486649061,138310.484375,1262,0.0,0.0
2025-05-30 00:00:00+09:00,138681.54533257268,138681.54533257268,137197.328125,137197.328125,1507,0.0,0.0
2025-06-02 00:00:00+09:00,137661.14881552418,138124.96670236895,137197.33092867944,138032.203125,1288,0.0,0.0
2025-06-03 00:00:00+09:00,138032.20387700535,138774.3125,137104.56809826204,138774.3125,1653,0.0,0.0
2025-06-04 00:00:00+09:00,138217.72694946453,138959.83555053547,138032.19979919677,138588.78125,858,0.0,0.0
2025-06-05 00:00:00+09:00,138774.31121091152,139516.41982701264,138403.25690286094,139423.65625,1023,0.0,0.0
2025-06-06 00:00:00+09:00,139052.6026948213,140165.765625,139052.6026948213,140165.765625,891,0.0,0.0
2025-06-09 00:00:00+09:00,140072.99510416668,140444.04939583334,139145.359375,139145.359375,951,0.0,0.0
2025-06-10 00:00:00+09:00,139238.131139877,140351.29408036903,139145.36756150267,139516.421875,1224,0.0,0.0
2025-06-11 00:00:00+09:00,139609.1869346217,141278.93136307565,139423.6597759046,141000.640625,2250,0.0,0.0
2025-06-12 00:00:00+09:00,141186.16444134995,141928.27305865008,140907.87370986238,141557.21875,2215,0.0,0.0
2025-06-13 00:00:00+09:00,142392.10461065572,142392.10461065572,140907.88723360654,141464.46875,3580,0.0,0.0
2025-06-16 00:00:00+09:00,141649.98104207436,142670.3803816047,140629.58170254403,142206.5625,1451,0.0,0.0
2025-06-17 00:00:00+09:00,142484.8532289628,142484.8532289628,140907.87243150684,142206.5625,1964,0.0,0.0
2025-06-18 00:00:00+09:00,142299.31991421568,142299.31991421568,141371.68419117646,141928.265625,1252,0.0,0.0
2025-06-19 00:00:00+09:00,142021.03252132545,142021.03252132545,141000.63320209974,141371.6875,1151,0.0,0.0
2025-06-20 00:00:00+09:00,141371.69031311155,142206.5625,140815.1088551859,142206.5625,3333,0.0,0.0
2025-06-23 00:00:00+09:00,141928.28329114956,142484.86479425212,140907.88386879492,142021.046875,1141,0.0,0.0
2025-06-24 00:00:00+09:00,142484.8499025341,143319.72206993177,142206.55918006823,142763.140625,1163,0.0,0.0
2025-06-25 00:00:00+09:00,142763.14344113372,143783.54277697028,142763.14344113372,143598.015625,1202,0.0,0.0
2025-06-26 00:00:00+09:00,142763.13731796117,143319.71875,141928.2651699029,143319.71875,4178,0.0,0.0
2025-06-27 00:00:00+09:00,143341.6015625,145148.828125,143246.484375,144578.125,2513,3823.0,0.0
2025-06-30 00:00:00+09:00,144483.0078125,144768.359375,143341.6015625,143626.953125,1730,0.0,0.0
2025-07-01 00:00:00+09:00,143436.71093231588,143817.1796615793,142675.77347378898,143341.59375,2169,0.0,0.0
2025-07-02 00:00:00+09:00,143722.0703125,143817.1875,142770.8984375,143056.25,1538,0.0,0.0
2025-07-03 00:00:00+09:00,142770.90622923587,143912.31254152823,142770.90622923587,143151.375,1403,0.0,0.0
2025-07-04 00:00:00+09:00,143626.96096345515,143912.31254152823,143151.375,143151.375,619,0.0,0.0
2025-07-07 00:00:00+09:00,143151.3671875,144958.59375,143151.3671875,144958.59375,802,0.0,0.0
2025-07-08 00:00:00+09:00,144958.59375,144958.59375,142105.078125,142295.3125,1530,0.0,0.0
2025-07-09 00:00:00+09:00,142580.6719063965,143151.37506279303,142009.96875,142009.96875,959,0.0,0.0
2025-07-10 00:00:00+09:00,142866.015625,142866.015625,142105.078125,142295.3125,799,0.0,0.0
2025-07-11 00:00:00+09:00,143151.3671875,144007.421875,143151.3671875,143436.71875,854,0.0,0.0
2025-07-14 00:00:00+09:00,144102.5390625,144102.5390625,142485.546875,143246.484375,1127,0.0,0.0
2025-07-15 00:00:00+09:00,143341.60938538206,143341.60938538206,142200.20307308968,143151.375,1108,0.0,0.0
2025-07-16 00:00:00+09:00,142580.671875,143246.49222398267,142105.08591144095,142580.671875,1154,0.0,0.0
2025-07-17 00:00:00+09:00,142675.78125,142675.78125,142105.078125,142675.78125,824,0.0,0.0
2025-07-18 00:00:00+09:00,142675.773326572,142675.773326572,140583.1953177823,140678.3125,1475,0.0,0.0
2025-07-22 00:00:00+09:00,140678.3124681772,140868.54683256958,139536.9062818228,140107.609375,1039,0.0,0.0
2025-07-23 00:00:00+09:00,139727.1484375,140107.6171875,139156.4453125,139251.5625,1395,0.0,0.0
2025-07-24 00:00:00+09:00,138871.09375,140012.5,138871.09375,139251.5625,1434,0.0,0.0
2025-07-25 00:00:00+09:00,139727.1484375,140202.734375,139251.5625,139441.796875,1435,0.0,0.0
2025-07-28 00:00:00+09:00,139632.03909993154,140202.74225701575,138966.21875,138966.21875,2689,0.0,0.0
2025-07-29 00:00:00+09:00,139061.328125,139822.265625,138871.09375,139822.265625,1835,0.0,0.0
2025-07-30 00:00:00+09:00,140392.96875,142390.4296875,140392.96875,141914.84375,5477,0.0,0.0
2025-07-31 00:00:00+09:00,141914.84375,143341.6015625,141344.140625,142295.3125,2857,0.0,0.0
2025-08-01 00:00:00+09:00,142675.78125,143341.6015625,142009.9609375,142675.78125,1981,0.0,0.0
2025-08-04 00:00:00+09:00,142675.78125,144292.7734375,142105.078125,143626.953125,3003,0.0,0.0
2025-08-05 00:00:00+09:00,143626.9609117162,144578.13283828384,143436.72652640264,144102.546875,1243,0.0,0.0
2025-08-06 00:00:00+09:00,143817.1797235023,144863.46872942726,143722.06254114548,144483.0,1784,0.0,0.0
2025-08-07 00:00:00+09:00,144673.2421875,145529.296875,144578.125,145529.296875,2047,0.0,0.0
2025-08-08 00:00:00+09:00,145243.93747948128,145719.52339133288,143626.9453791858,144863.46875,2401,0.0,0.0
2025-08-12 00:00:00+09:00,144578.13278688525,145909.77348360655,143626.96086065573,145053.71875,1942,0.0,0.0
2025-08-13 00:00:00+09:00,145053.7031454382,145814.6406045618,144768.35159826683,145434.171875,1554,0.0,0.0
2025-08-14 00:00:00+09:00,145434.1796875,146385.3515625,144578.125,145909.765625,961,0.0,0.0
2025-08-15 00:00:00+09:00,146290.234375,146385.3515625,145434.1796875,145909.765625,1367,0.0,0.0
2025-08-18 00:00:00+09:00,146004.8828125,147051.171875,145719.53125,145909.765625,1287,0.0,0.0
2025-08-19 00:00:00+09:00,146956.0546875,148382.8125,145909.765625,148382.8125,1925,0.0,0.0
2025-08-20 00:00:00+09:00,148382.8125,148477.9296875,147241.40625,148002.34375,2765,0.0,0.0
2025-08-21 00:00:00+09:00,148097.46880050097,148573.05476325145,147146.296875,147146.296875,1728,0.0,0.0
2025-08-22 00:00:00+09:00,147051.171875,147146.2890625,146290.234375,146670.703125,1509,0.0,0.0
2025-08-25 00:00:00+09:00,147812.109375,147907.2265625,146100.0,147051.171875,1748,0.0,0.0
2025-08-26 00:00:00+09:00,147146.2890625,147907.2265625,146480.46875,146670.703125,2052,0.0,0.0
2025-08-27 00:00:00+09:00,147431.640625,149143.75,147241.40625,148763.28125,2028,0.0,0.0
2025-08-28 00:00:00+09:00,149238.87510087152,149238.87510087152,147146.29686491285,147336.53125,1630,0.0,0.0
2025-08-29 00:00:00+09:00,147336.5234375,148573.046875,147146.2890625,148002.34375,2359,0.0,0.0
2025-09-01 00:00:00+09:00,147526.7655849102,148763.28908755613,146290.24208226427,148287.703125,2972,0.0,0.0
2025-09-02 00:00:00+09:00,148002.35160795087,148002.35160795087,146956.0624898998,147146.296875,1029,0.0,0.0
2025-09-03 00:00:00+09:00,147146.29695664597,147241.41414924886,144768.36714157413,145624.421875,2503,0.0,0.0
2025-09-04 00:00:00+09:00,145243.9453125,145529.296875,143341.6015625,143817.1875,2554,0.0,0.0
2025-09-05 00:00:00+09:00,143531.8359375,144102.5390625,143151.3671875,143817.1875,2602,0.0,0.0
2025-09-08 00:00:00+09:00,144197.64844264995,145053.70308380027,143626.94534854978,144292.765625,1757,0.0,0.0
2025-09-09 00:00:00+09:00,144578.13278688525,145053.71875,144292.7812090164,145053.71875,1384,0.0,0.0
2025-09-10 00:00:00+09:00,144197.66406765676,144387.89845297032,143246.4921410891,144102.546875,1791,0.0,0.0
2025-09-11 00:00:00+09:00,143626.953125,144483.0078125,143246.484375,143817.1875,1567,0.0,0.0
2025-09-12 00:00:00+09:00,143246.484375,145339.0625,143246.484375,145148.828125,3062,0.0,0.0
2025-09-16 00:00:00+09:00,143912.29698697067,146290.22654723126,143912.29698697067,146004.875,2750,0.0,0.0
2025-09-17 00:00:00+09:00,145243.9453125,146004.8828125,145053.7109375,145909.765625,1838,0.0,0.0
2025-09-18 00:00:00+09:00,146290.234375,146385.3515625,145243.9453125,145719.53125,2315,0.0,0.0
2025-09-19 00:00:00+09:00,145719.53125,145909.765625,144768.359375,145339.0625,4649,0.0,0.0
2025-09-22 00:00:00+09:00,145719.53125,146670.703125,145434.1796875,146100.0,1793,0.0,0.0
2025-09-24 00:00:00+09:00,146100.0,146860.9375,145719.53125,146290.234375,2304,0.0,0.0
2025-09-25 00:00:00+09:00,146385.3515625,146860.9375,145719.53125,146860.9375,2308,0.0,0.0
2025-09-26 00:00:00+09:00,147336.5234375,147336.5234375,146480.46875,146860.9375,2072,0.0,0.0
2025-09-29 00:00:00+09:00,147336.53139381987,147336.53139381987,144387.89842209074,144673.25,2207,0.0,0.0
2025-09-30 00:00:00+09:00,145053.7187705457,145243.95315581854,143531.84368836292,144673.25,3314,0.0,0.0
2025-10-01 00:00:00+09:00,145339.07034845496,145339.07034845496,143246.49211045366,144673.25,2381,0.0,0.0
2025-10-02 00:00:00+09:00,145148.82032782864,146290.22651651406,144007.41413914322,145434.171875,2480,0.0,0.0
2025-10-03 00:00:00+09:00,144673.24994897126,145719.53906760286,144673.24994897126,145624.421875,1664,0.0,0.0
2025-10-06 00:00:00+09:00,145814.6484375,148097.4609375,145814.6484375,147431.640625,1560,0.0,0.0
2025-10-07 00:00:00+09:00,146480.46875,147241.40625,146290.234375,146290.234375,1599,0.0,0.0
2025-10-08 00:00:00+09:00,145909.75780740377,146956.0468138454,145814.640625,145814.640625,1439,0.0,0.0
2025-10-09 00:00:00+09:00,146290.234375,146670.703125,145148.828125,146670.703125,1348,0.0,0.0
2025-10-10 00:00:00+09:00,145814.6406554581,146860.92966211826,145814.6406554581,146385.34375,1072,0.0,0.0
2025-10-14 00:00:00+09:00,145053.7109375,146480.46875,144768.359375,146100.0,1560,0.0,0.0
2025-10-15 00:00:00+09:00,146099.99220272904,146956.0468445419,146004.8750203054,146385.34375,1232,0.0,0.0
2025-10-16 00:00:00+09:00,147146.2890625,147716.9921875,146480.46875,147621.875,1215,0.0,0.0
2025-10-17 00:00:00+09:00,147716.9921875,148002.34375,146765.8203125,147241.40625,1116,0.0,0.0
2025-10-20 00:00:00+09:00,147621.875,148763.28125,147336.5234375,148382.8125,997,0.0,0.0
2025-10-21 00:00:00+09:00,148668.1640625,148953.515625,148097.4609375,148382.8125,904,0.0,0.0
2025-10-22 00:00:00+09:00,148668.1640625,149333.984375,148287.6953125,149333.984375,1040,0.0,0.0
2025-10-23 00:00:00+09:00,149238.8671875,150190.0390625,148763.28125,150094.921875,1478,0.0,0.0
2025-10-24 00:00:00+09:00,150285.15625,150285.15625,148382.8125,148573.046875,1238,0.0,0.0
2025-10-27 00:00:00+09:00,149333.97659717817,149999.796875,149048.62504954028,149999.796875,1396,0.0,0.0
2025-10-28 00:00:00+09:00,149999.8046875,149999.8046875,148192.578125,149143.75,1156,0.0,0.0
2025-10-29 00:00:00+09:00,149143.75,149143.75,147526.7578125,148382.8125,1390,0.0,0.0
2025-10-30 00:00:00+09:00,148382.8125,149619.3359375,147812.109375,148763.28125,1538,0.0,0.0
2025-10-31 00:00:00+09:00,149524.21875,150855.859375,149333.984375,149333.984375,2063,0.0,0.0
2025-11-04 00:00:00+09:00,150285.15625,151046.09375,149524.21875,151046.09375,1414,0.0,0.0
2025-11-05 00:00:00+09:00,151046.09375,151902.1484375,149904.6875,151807.03125,3027,0.0,0.0
2025-11-06 00:00:00+09:00,151807.0234521576,152092.375,150855.85162601626,152092.375,1164,0.0,0.0
2025-11-07 00:00:00+09:00,152187.49216300942,152472.84371081504,151141.20315438873,151711.90625,1004,0.0,0.0
2025-11-10 00:00:00+09:00,152187.5,152567.96875,151426.5625,151807.03125,1732,0.0,0.0
2025-11-11 00:00:00+09:00,152187.5,153709.375,151616.796875,153709.375,1452,0.0,0.0
2025-11-12 00:00:00+09:00,153899.609375,154660.546875,153519.140625,153519.140625,1164,0.0,0.0
2025-11-13 00:00:00+09:00,153614.26563468692,153899.6172117173,152758.21090359578,153424.03125,981,0.0,0.0
2025-11-14 00:00:00+09:00,153519.13281733746,153899.6015479876,152853.31253869968,153614.25,1045,0.0,0.0
2025-11-17 00:00:00+09:00,153614.2500576214,154850.77343269822,152567.961047941,154755.65625,1331,0.0,0.0
2025-11-18 00:00:00+09:00,154184.95304711838,154470.3045950156,152663.078125,152663.078125,1581,0.0,0.0
2025-11-19 00:00:00+09:00,152567.96875,153233.7890625,152092.3828125,153138.671875,1199,0.0,0.0
2025-11-20 00:00:00+09:00,153519.13279795158,154755.65617240843,153233.78125,153233.78125,1468,0.0,0.0
2025-11-21 00:00:00+09:00,153233.79683639592,154470.32033662754,153138.67964407042,153994.734375,1426,0.0,0.0
2025-11-25 00:00:00+09:00,154565.4296875,155041.015625,153709.375,154089.84375,909,0.0,0.0
2025-11-26 00:00:00+09:00,155041.015625,156277.5390625,154375.1953125,156182.421875,1504,0.0,0.0
2025-11-27 00:00:00+09:00,156753.1172205438,157418.9375,156087.2969410876,157418.9375,1497,0.0,0.0
2025-11-28 00:00:00+09:00,157989.6484375,158940.8203125,157323.828125,157323.828125,2857,0.0,0.0
2025-12-01 00:00:00+09:00,157609.1796875,158845.703125,156467.7734375,156753.125,2375,0.0,0.0
2025-12-02 00:00:00+09:00,157894.53125,158084.765625,155992.1875,157133.59375,2518,0.0,0.0
2025-12-03 00:00:00+09:00,156562.8828737191,157894.52343279083,156277.5313253466,157799.40625,2642,0.0,0.0
2025-12-04 00:00:00+09:00,157894.53125,158179.8828125,156753.125,156753.125,1859,0.0,0.0
2025-12-05 00:00:00+09:00,156467.7734375,157704.296875,155897.0703125,156372.65625,1995,0.0,0.0
2025-12-08 00:00:00+09:00,156372.6640482696,157514.07035519124,155516.60931807832,156658.015625,1783,0.0,0.0
2025-12-09 00:00:00+09:00,155516.5938163281,156848.234375,154470.304805943,156848.234375,2014,0.0,0.0
2025-12-10 00:00:00+09:00,156848.2421875,157799.4140625,156753.125,157133.59375,1956,0.0,0.0
2025-12-11 00:00:00+09:00,157418.9453125,157609.1796875,155801.953125,157323.828125,1572,0.0,0.0
2025-12-12 00:00:00+09:00,157133.59375,159987.109375,157133.59375,159987.109375,3007,0.0,0.0
2025-12-15 00:00:00+09:00,159987.10153920692,160272.45308773106,158655.46097942753,159511.515625,1781,0.0,0.0
2025-12-16 00:00:00+09:00,159892.00000930612,160177.35158576534,158940.82808777544,159701.765625,1794,0.0,0.0
2025-12-17 00:00:00+09:00,159226.17969216974,159701.76565301852,158370.12496264194,159131.0625,1406,0.0,0.0
2025-12-18 00:00:00+09:00,159226.1641501772,161604.09372231245,159226.1641501772,161033.390625,1599,0.0,0.0
2025-12-19 00:00:00+09:00,161604.1015625,162269.921875,161033.3984375,161699.21875,2147,0.0,0.0
2025-12-22 00:00:00+09:00,161699.21875,162269.921875,160367.578125,160748.046875,1812,0.0,0.0
2025-12-23 00:00:00+09:00,161413.8671875,162650.390625,160938.28125,162650.390625,1325,0.0,0.0
2025-12-24 00:00:00+09:00,162650.38283527698,163982.02339650146,162079.67973760935,163125.96875,2125,0.0,0.0
2025-12-25 00:00:00+09:00,164742.9609329867,165123.42966493356,163030.85163922588,164647.84375,1383,0.0,0.0
2025-12-26 00:00:00+09:00,164742.96875,165313.671875,163791.796875,164933.203125,3668,0.0,0.0
2025-12-29 00:00:00+09:00,164916.6646135892,165792.3283195021,163359.9291364108,164138.296875,3468,3883.0,0.0
2025-12-30 00:00:00+09:00,164624.77580071174,164916.66370106762,163262.6322657177,164041.0,2419,0.0,0.0
2026-01-05 00:00:00+09:00,164430.18477697097,164722.0726789419,162776.15333246888,164138.296875,2689,0.0,0.0
2026-01-06 00:00:00+09:00,164722.06977513226,166376.10119047618,164235.58994708993,165500.4375,1924,0.0,0.0
2026-01-07 00:00:00+09:00,166278.80957087927,168224.72893390886,164916.66601675857,167640.953125,2194,0.0,0.0
2026-01-08 00:00:00+09:00,167738.23802806714,168516.60572193286,166959.8703342014,168127.421875,1606,0.0,0.0
2026-01-09 00:00:00+09:00,168711.1939711427,168905.78589037125,167738.234375,167738.234375,1196,0.0,0.0
2026-01-13 00:00:00+09:00,169100.384243212,169100.384243212,167349.05690352398,168419.3125,1529,0.0,0.0
2026-01-14 00:00:00+09:00,168224.7178367332,168808.49360713252,167738.23802806714,168127.421875,1408,0.0,0.0
2026-01-15 00:00:00+09:00,168419.3060292217,169586.85754415567,168127.41815048823,169392.265625,1293,0.0,0.0
2026-01-16 00:00:00+09:00,168905.7876506024,170170.63513876937,168808.49168997418,169586.859375,1093,0.0,0.0
2026-01-19 00:00:00+09:00,170170.64534758203,170657.1251799079,169003.09375,169003.09375,945,0.0,0.0
2026-01-20 00:00:00+09:00,169684.1535672854,169781.44952689967,167543.64245577148,167738.234375,933,0.0,0.0
2026-01-21 00:00:00+09:00,168127.41834319526,168224.71430288462,163554.50823779585,164430.171875,1558,0.0,0.0
2026-01-22 00:00:00+09:00,164916.65442262258,167154.46153278206,164430.17461606616,164722.0625,1472,0.0,0.0
2026-01-23 00:00:00+09:00,164722.06432522123,166084.20779867258,164430.1764380531,164916.65625,978,0.0,0.0
2026-01-26 00:00:00+09:00,164527.4809412425,164527.4809412425,161997.7857877994,162484.265625,1345,0.0,0.0
2026-01-27 00:00:00+09:00,162581.5523535331,163457.21601073345,161024.81696295468,163165.328125,1380,0.0,0.0
2026-01-28 00:00:00+09:00,162581.5505317164,163262.62225746267,162192.36668843284,162970.734375,1288,0.0,0.0
2026-01-29 00:00:00+09:00,163262.61944937834,164332.875,161316.70026642983,164332.875,2577,0.0,0.0
2026-01-30 00:00:00+09:00,164332.8853260054,164332.8853260054,159954.56688925572,162095.078125,3101,0.0,0.0
2026-02-02 00:00:00+09:00,162095.08175523952,163359.92933196106,161316.71401571855,162484.265625,1184,0.0,0.0
2026-02-03 00:00:00+09:00,163068.0405182744,163068.0405182744,161608.60101482924,162386.96875,1034,0.0,0.0
2026-02-04 00:00:00+09:00,162386.9649598692,164430.18021700357,161511.3012782402,163651.8125,1182,0.0,0.0
2026-02-05 00:00:00+09:00,165111.2547199555,165111.2547199555,163068.03942878338,163943.703125,1287,0.0,0.0
2026-02-06 00:00:00+09:00,163749.1076941857,163749.1076941857,161900.484375,161900.484375,929,0.0,0.0
2026-02-09 00:00:00+09:00,162678.844665272,163943.69214173642,161511.29314853557,162776.140625,1145,0.0,0.0
2026-02-10 00:00:00+09:00,162678.84649253733,163554.51013992538,162289.66264925373,162970.734375,1197,0.0,0.0
2026-02-12 00:00:00+09:00,161803.18201191913,162484.25373415812,161122.11028968013,161219.40625,1125,0.0,0.0
2026-02-13 00:00:00+09:00,161024.81440548782,161219.40632621953,158787.00731707318,159565.375,1348,0.0,0.0
2026-02-16 00:00:00+09:00,160246.454785039,162095.078125,158981.60723664466,162095.078125,1299,0.0,0.0
2026-02-17 00:00:00+09:00,161608.588255287,161705.8842145015,159759.9650302115,161024.8125,1039,0.0,0.0
2026-02-18 00:00:00+09:00,161316.70221031984,163554.50929767653,159662.6708848823,161219.40625,2073,0.0,0.0
2026-02-19 00:00:00+09:00,161511.3015776699,161900.4854368932,160051.86210558252,160343.75,1440,0.0,0.0
2026-02-20 00:00:00+09:00,160343.74451887942,160538.33644183923,159468.0808655603,159759.96875,1242,0.0,0.0
2026-02-24 00:00:00+09:00,160830.23327965848,163165.33648517076,160538.34537896945,162386.96875,1852,0.0,0.0
2026-02-25 00:00:00+09:00,163165.32629664178,163262.62225746267,161803.18284514925,162970.734375,1453,0.0,0.0
2026-02-26 00:00:00+09:00,162678.8548290342,163359.92658968206,162192.375,162192.375,1637,0.0,0.0
2026-02-27 00:00:00+09:00,162581.55256200547,162581.55256200547,159857.265625,159857.265625,2515,0.0,0.0
2026-03-02 00:00:00+09:00,159857.26912747897,162386.96419583834,158981.60544996994,161900.484375,1886,0.0,0.0
2026-03-03 00:00:00+09:00,160246.44947314364,161122.11313146682,159468.08177685636,159857.265625,1474,0.0,0.0
2026-03-04 00:00:00+09:00,159759.96508699635,159759.96508699635,157522.1580242674,159370.78125,2477,0.0,0.0
2026-03-05 00:00:00+09:00,160246.444826284,162678.84380664653,160246.444826284,161024.8125,1769,0.0,0.0
2026-03-06 00:00:00+09:00,160927.52852437916,161608.6002895972,159759.97692686252,160635.640625,1506,0.0,0.0
2026-03-09 00:00:00+09:00,159565.37408480782,160538.33368288592,157814.04680826725,159468.078125,1945,0.0,0.0
2026-03-10 00:00:00+09:00,159565.3813752277,160538.34101775958,159078.90155396174,160246.453125,1539,0.0,0.0
2026-03-11 00:00:00+09:00,160635.64334567715,161900.49093107617,159954.57156892383,160927.53125,1343,0.0,0.0
2026-03-12 00:00:00+09:00,160830.22248475612,160830.22248475612,158981.59923780488,159565.375,939,0.0,0.0
2026-03-13 00:00:00+09:00,159565.375,160246.44672256097,158787.00731707318,159565.375,1890,0.0,0.0
2026-03-16 00:00:00+09:00,159759.9650302115,161413.99633685802,159078.89331570998,161024.8125,1227,0.0,0.0
2026-03-17 00:00:00+09:00,161414.00998315867,162484.265625,161414.00998315867,162484.265625,890,0.0,0.0
2026-03-18 00:00:00+09:00,162581.5496191756,163068.02942054957,161900.47789725207,162873.4375,925,0.0,0.0
2026-03-19 00:00:00+09:00,162776.1509659091,162776.1509659091,160538.34375,160538.34375,1585,0.0,0.0
2026-03-23 00:00:00+09:00,160051.86334171827,160343.7512383901,156841.09647832817,157132.984375,1654,0.0,0.0
2026-03-24 00:00:00+09:00,158689.71051364057,160051.85395152587,157716.75091515103,157814.046875,1861,0.0,0.0
2026-03-25 00:00:00+09:00,157814.04771341465,159759.9669207317,157814.04771341465,159565.375,898,0.0,0.0
2026-03-26 00:00:00+09:00,159565.3851744186,159857.2730741279,158105.9456758721,158981.609375,1204,0.0,0.0
2026-03-27 00:00:00+09:00,159078.89519817074,160149.15076219512,158981.59923780488,159565.375,1637,0.0,0.0
2026-03-30 00:00:00+09:00,157132.98820809927,157132.98820809927,154992.4769136236,155868.140625,1962,0.0,0.0
2026-03-31 00:00:00+09:00,155673.53773584907,155965.42561910377,154214.09831957548,154700.578125,2493,0.0,0.0
2026-04-01 00:00:00+09:00,156938.38323635943,157911.34283484894,156451.90343711467,157814.046875,1704,0.0,0.0
2026-04-02 00:00:00+09:00,158105.94788740636,159176.2035346442,155478.95675327716,155868.140625,1499,0.0,0.0
2026-04-03 00:00:00+09:00,156160.02562267944,157619.4651144802,155576.24982595915,157230.28125,931,0.0,0.0
2026-04-06 00:00:00+09:00,157035.6893177599,158397.83284344058,155868.1377243193,157230.28125,934,0.0,0.0
2026-04-07 00:00:00+09:00,157230.2748601616,158300.53044398694,155868.1313898384,156549.203125,1097,0.0,0.0
2026-04-08 00:00:00+09:00,158008.64699570817,158689.71875,156451.9115573268,158689.71875,1375,0.0,0.0
2026-04-09 00:00:00+09:00,158689.71336675994,158689.71336675994,156062.72240360695,156451.90625,1947,0.0,0.0
2026-04-10 00:00:00+09:00,157619.4614609181,157619.4614609181,155770.83814748758,156841.09375,1606,0.0,0.0
2026-04-13 00:00:00+09:00,156354.61028840175,156646.4981731965,155478.94663401743,156451.90625,1168,0.0,0.0
2026-04-14 00:00:00+09:00,157424.8759071958,158203.2436496294,156743.8041325664,157522.171875,869,0.0,0.0
2026-04-15 00:00:00+09:00,157814.05247129113,157911.3484345903,156743.796875,156743.796875,1078,0.0,0.0
2026-04-16 00:00:00+09:00,156841.0872765105,157814.046875,156549.1993969636,157814.046875,1079,0.0,0.0
2026-04-17 00:00:00+09:00,157814.05155279502,157814.05155279502,156257.31614906833,156646.5,893,0.0,0.0
2026-04-20 00:00:00+09:00,156646.5009117008,157230.27669149596,156257.31705850404,156743.796875,1077,0.0,0.0
2026-04-21 00:00:00+09:00,156646.50182227048,156841.09375,155673.54218362283,156841.09375,685,0.0,0.0
2026-04-22 00:00:00+09:00,156841.09958964647,156841.09958964647,154116.8125,154116.8125,1044,0.0,0.0
2026-04-23 00:00:00+09:00,154116.81431273645,154895.18206179066,153727.63043820934,154311.40625,1168,0.0,0.0
2026-04-24 00:00:00+09:00,154311.3943698347,154603.2822532581,153046.546875,153046.546875,938,0.0,0.0
2026-04-27 00:00:00+09:00,153824.91088073613,153922.2068395475,152462.7674573773,152657.359375,983,0.0,0.0
2026-04-28 00:00:00+09:00,152657.36127533784,152657.36127533784,151197.921875,151197.921875,1270,0.0,0.0
2026-04-30 00:00:00+09:00,151100.6333434466,151587.11316747573,150322.265625,150322.265625,1268,0.0,0.0
2026-05-01 00:00:00+09:00,150711.4485710816,151295.22435637953,150030.37682156736,150224.96875,1144,0.0,0.0
2026-05-07 00:00:00+09:00,152365.47346698114,152365.47346698114,149543.890625,149543.890625,2295,0.0,0.0
2026-05-08 00:00:00+09:00,150711.4430672952,150711.4430672952,148862.8198146944,149641.1875,1483,0.0,0.0
2026-05-11 00:00:00+09:00,149543.8979065534,150419.56158980582,149252.01001213593,150322.265625,827,0.0,0.0
2026-05-12 00:00:00+09:00,150127.6784287345,150419.56633235485,148668.23891063276,149154.71875,912,0.0,0.0
2026-05-13 00:00:00+09:00,148570.944061058,148570.944061058,147597.984375,147597.984375,743,0.0,0.0
2026-05-14 00:00:00+09:00,147500.6811216037,148181.7528682074,146333.12955599735,146819.609375,1128,0.0,0.0
2026-05-15 00:00:00+09:00,146819.6121031746,147889.8677248677,146527.7242063492,147111.5,1206,0.0,0.0
2026-05-18 00:00:00+09:00,146916.9027031565,146916.9027031565,144095.31980355943,144873.6875,2707,0.0,0.0
2026-05-19 00:00:00+09:00,144873.69746875,146235.84103125,144776.40149999998,145943.953125,1443,0.0,0.0
2026-05-20 00:00:00+09:00,145846.6462971618,146138.53418167913,142927.76745198845,143122.359375,2025,0.0,0.0
2026-05-21 00:00:00+09:00,143316.96038360905,144095.328125,142927.77651291358,144095.328125,2451,0.0,0.0
2026-05-22 00:00:00+09:00,144192.61678971487,144289.91275246095,143316.953125,143316.953125,1126,0.0,0.0
2026-05-25 00:00:00+09:00,143025.07085755814,143706.1426235465,142246.703125,142246.703125,1366,0.0,0.0
2026-05-26 00:00:00+09:00,142246.69948131,142538.5873735425,141273.73984053498,141857.515625,1333,0.0,0.0
2026-05-27 00:00:00+09:00,142538.58178395167,143025.06158526207,141760.214101855,142927.765625,1995,0.0,0.0
2026-05-28 00:00:00+09:00,142441.29036635006,143414.25,141760.21862279513,143414.25,2053,0.0,0.0
2026-05-29 00:00:00+09:00,143900.73346583222,144873.69312415426,143608.8455683356,143803.4375,2604,0.0,0.0
2026-06-01 00:00:00+09:00,143511.54994806094,143706.1418801939,140398.07903393352,140495.375,1513,0.0,0.0
2026-06-02 00:00:00+09:00,140398.08196022728,140398.08196022728,137673.7948535839,139133.234375,1711,0.0,0.0
2026-06-03 00:00:00+09:00,137673.78854093465,140008.8916681307,137673.78854093465,138452.15625,2495,0.0,0.0
2026-06-04 00:00:00+09:00,138354.85857371794,138354.85857371794,136311.6433627137,136603.53125,1805,0.0,0.0
2026-06-05 00:00:00+09:00,137187.3106800426,138062.97436523438,136311.64699485086,136992.71875,1449,0.0,0.0
2026-06-08 00:00:00+09:00,136214.3501243781,137284.60573249822,135825.16626687988,136895.421875,1933,0.0,0.0
2026-06-09 00:00:00+09:00,136992.71890726095,136992.71890726095,135241.391534867,135338.6875,1916,0.0,0.0
2026-06-10 00:00:00+09:00,135825.17256011316,137576.5,134852.21287128713,137576.5,2398,0.0,0.0
2026-06-11 00:00:00+09:00,136700.83537906935,138841.34668037863,136019.76360138005,137479.203125,2115,0.0,0.0
2026-06-12 00:00:00+09:00,138354.86028636683,139522.41184996485,137284.60468640196,138452.15625,2984,0.0,0.0
2026-06-15 00:00:00+09:00,139230.5303430944,140300.78599213288,138452.16259833917,139133.234375,1920,0.0,0.0
2026-06-16 00:00:00+09:00,138744.05185218324,139133.23572834645,135825.1727809592,135922.46875,2133,0.0,0.0
2026-06-17 00:00:00+09:00,136311.64699485086,137479.19857510654,135630.5752397017,136992.71875,1419,0.0,0.0
2026-06-18 00:00:00+09:00,137381.8989494302,137381.8989494302,136117.05143785613,136603.53125,2102,0.0,0.0
2026-06-19 00:00:00+09:00,136603.53488991476,137090.0147150213,136117.05506480823,136992.71875,3364,0.0,0.0
2026-06-22 00:00:00+09:00,136992.7198275862,137187.3117591595,135435.984375,135435.984375,1711,0.0,0.0
2026-06-23 00:00:00+09:00,136019.758195629,137284.60573249822,135922.46223125444,136895.421875,2321,0.0,0.0
2026-06-24 00:00:00+09:00,136992.71317829457,138354.8566331924,136992.71317829457,138062.96875,1568,0.0,0.0
2026-06-25 00:00:00+09:00,138160.27307760454,138354.86501151667,136992.72147413183,137284.609375,2648,0.0,0.0
2026-06-26 00:00:00+09:00,136992.713091922,140106.18384401113,136992.713091922,139717.0,5786,0.0,0.0
2026-06-29 00:00:00+09:00,139700.0,141400.0,139600.0,140000.0,4058,3883.0,0.0
2026-06-30 00:00:00+09:00,140800.0,140800.0,139800.0,140400.0,2236,0.0,0.0
2026-07-01 00:00:00+09:00,140300.0,140400.0,138300.0,138700.0,2115,0.0,0.0
2026-07-02 00:00:00+09:00,139600.0,140700.0,138700.0,140000.0,1481,0.0,0.0
2026-07-03 00:00:00+09:00,140000.0,142400.0,140000.0,142100.0,1562,0.0,0.0
2026-07-06 00:00:00+09:00,142200.0,144200.0,142000.0,142900.0,1568,0.0,0.0
2026-07-07 00:00:00+09:00,142800.0,144000.0,142800.0,142800.0,1891,0.0,0.0
2026-07-08 00:00:00+09:00,143000.0,143200.0,142100.0,142600.0,2087,0.0,0.0
2026-07-09 00:00:00+09:00,142700.0,142900.0,141800.0,142300.0,2081,0.0,0.0
2026-07-10 00:00:00+09:00,142400.0,142700.0,141700.0,142100.0,1283,0.0,0.0
2026-07-13 00:00:00+09:00,142200.0,143000.0,140700.0,141000.0,1341,0.0,0.0
2026-07-14 00:00:00+09:00,141000.0,142500.0,140800.0,142500.0,1415,0.0,0.0
2026-07-15 00:00:00+09:00,142700.0,143400.0,142400.0,143000.0,2021,0.0,0.0
2026-07-16 00:00:00+09:00,142200.0,143500.0,140700.0,140700.0,2392,0.0,0.0
2026-07-17 00:00:00+09:00,141500.0,143000.0,140700.0,142300.0,1481,0.0,0.0
2026-07-21 00:00:00+09:00,143100.0,144400.0,142300.0,143700.0,1423,0.0,0.0
2026-07-22 00:00:00+09:00,144200.0,144500.0,143000.0,143500.0,1566,0.0,0.0
2026-07-23 00:00:00+09:00,144000.0,144000.0,141500.0,142200.0,1593,0.0,0.0
2026-07-24 00:00:00+09:00,142000.0,142300.0,141000.0,142100.0,1344,0.0,0.0
2026-07-27 00:00:00+09:00,142700.0,144200.0,142100.0,144000.0,935,0.0,0.0
2026-07-28 00:00:00+09:00,143700.0,144900.0,143400.0,144400.0,1111,0.0,0.0
2026-07-29 00:00:00+09:00,145000.0,147200.0,144400.0,147200.0,2199,0.0,0.0
2026-07-30 00:00:00+09:00,146400.0,146900.0,143700.0,143700.0,9753,0.0,0.0
2026-07-31 00:00:00+09:00,145300.0,145300.0,140800.0,141000.0,2680,0.0,0.0
2026-08-03 00:00:00+09:00,141000.0,141200.0,138400.0,138700.0,2317,0.0,0.0
2026-08-04 00:00:00+09:00,138300.0,138400.0,137000.0,137000.0,1505,0.0,0.0
2026-08-05 00:00:00+09:00,137100.0,137400.0,135900.0,136600.0,2368,0.0,0.0
2026-08-06 00:00:00+09:00,136100.0,136800.0,135400.0,136700.0,1997,0.0,0.0
2026-08-07 00:00:00+09:00,136500.0,137400.0,135300.0,136000.0,1611,0.0,0.0
2026-08-10 00:00:00+09:00,135900.0,135900.0,135100.0,135800.0,1643,0.0,0.0
2026-08-12 00:00:00+09:00,135100.0,137000.0,135100.0,136900.0,1779,0.0,0.0
2026-08-13 00:00:00+09:00,136400.0,137000.0,135500.0,136100.0,2157,0.0,0.0
2026-08-14 00:00:00+09:00,135600.0,137200.0,135400.0,137000.0,2245,0.0,0.0
2026-08-17 00:00:00+09:00,137500.0,137700.0,136600.0,137100.0,1716,0.0,0.0
2026-08-18 00:00:00+09:00,137100.0,137100.0,134100.0,134400.0,3466,0.0,0.0
2026-08-19 00:00:00+09:00,134900.0,134900.0,133100.0,133600.0,4926,0.0,0.0
2026-08-20 00:00:00+09:00,133900.0,134700.0,133500.0,134500.0,3418,0.0,0.0
2026-08-21 00:00:00+09:00,134600.0,134600.0,133600.0,134300.0,2623,0.0,0.0
2026-08-24 00:00:00+09:00,134600.0,136800.0,134500.0,136800.0,3576,0.0,0.0
2026-08-25 00:00:00+09:00,136800.0,137500.0,136300.0,136600.0,1591,0.0,0.0
2026-08-26 00:00:00+09:00,136700.0,137100.0,136200.0,136900.0,1352,0.0,0.0
2026-08-27 00:00:00+09:00,136900.0,137100.0,136400.0,136600.0,2719,0.0,0.0
2026-08-28 00:00:00+09:00,136700.0,136700.0,134400.0,134800.0,3516,0.0,0.0
2026-08-31 00:00:00+09:00,135300.0,135500.0,133700.0,134600.0,20376,0.0,0.0
2026-09-01 00:00:00+09:00,134300.0,134800.0,133700.0,134500.0,2518,0.0,0.0
2026-09-02 00:00:00+09:00,134400.0,135600.0,133500.0,134900.0,2704,0.0,0.0
2026-09-03 00:00:00+09:00,134900.0,136000.0,134700.0,135300.0,2767,0.0,0.0
2026-09-04 00:00:00+09:00,135300.0,136200.0,134900.0,135100.0,2240,0.0,0.0
2026-09-07 00:00:00+09:00,135100.0,136500.0,134900.0,136200.0,1968,0.0,0.0
2026-09-08 00:00:00+09:00,135900.0,136400.0,134700.0,135100.0,2316,0.0,0.0
2026-09-09 00:00:00+09:00,134800.0,136300.0,134600.0,135700.0,2249,0.0,0.0
2026-09-10 00:00:00+09:00,135900.0,137200.0,135800.0,137200.0,1779,0.0,0.0
2026-09-11 00:00:00+09:00,139600.0,139600.0,135500.0,135700.0,3977,0.0,0.0
2026-09-14 00:00:00+09:00,135500.0,137300.0,135500.0,136200.0,1631,0.0,0.0
2026-09-15 00:00:00+09:00,136200.0,137000.0,135900.0,136500.0,2386,0.0,0.0
2026-09-16 00:00:00+09:00,136600.0,137600.0,136300.0,137100.0,1587,0.0,0.0
2026-09-17 00:00:00+09:00,137100.0,137700.0,136900.0,137300.0,1366,0.0,0.0
2026-09-18 00:00:00+09:00,138400.0,138400.0,136500.0,136500.0,3701,0.0,0.0
2026-09-24 00:00:00+09:00,136600.0,137000.0,136000.0,136700.0,1482,0.0,0.0
2026-09-25 00:00:00+09:00,136800.0,137300.0,135500.0,136100.0,1219,0.0,0.0
2026-09-28 00:00:00+09:00,136000.0,136400.0,135600.0,136400.0,1166,0.0,0.0
2026-09-29 00:00:00+09:00,135700.0,136300.0,134400.0,134800.0,2052,0.0,0.0
2026-09-30 00:00:00+09:00,134600.0,135100.0,133800.0,134300.0,384,0.0,0.0
