Date,Open,High,Low,Close,Volume,Dividends,Stock Splits
2021-09-29 00:00:00+09:00,85230.15934216286,85527.64680932574,84635.18440783712,84932.671875,566,0.0,0.0
2021-09-30 00:00:00+09:00,84932.69549966726,85230.18304957853,83817.1171875,83817.1171875,1206,0.0,0.0
2021-10-01 00:00:00+09:00,83817.10152705309,84040.21714779946,81883.43281391788,81957.8046875,2490,0.0,0.0
2021-10-04 00:00:00+09:00,82478.41408372961,83370.87663468071,81883.43904976222,82106.5546875,902,0.0,0.0
2021-10-05 00:00:00+09:00,82106.55154986524,82999.01406671159,80990.97340380728,82775.8984375,1329,0.0,0.0
2021-10-06 00:00:00+09:00,82775.898444551,83296.50157942239,81214.08903993682,82404.0390625,858,0.0,0.0
2021-10-07 00:00:00+09:00,82180.921875,82999.0125,81585.946875,82924.640625,478,0.0,0.0
2021-10-08 00:00:00+09:00,82924.640625,83519.61562499999,82180.921875,82180.921875,434,0.0,0.0
2021-10-11 00:00:00+09:00,82106.54388297873,83891.46875,82106.54388297873,83891.46875,664,0.0,0.0
2021-10-12 00:00:00+09:00,83891.46553267681,84114.58113249777,83073.375,83073.375,821,0.0,0.0
2021-10-13 00:00:00+09:00,83445.23445781802,84263.3249917182,83147.74699094522,84188.953125,506,0.0,0.0
2021-10-14 00:00:00+09:00,85155.79999727312,86420.12191863001,85155.79999727312,85230.171875,1545,0.0,0.0
2021-10-15 00:00:00+09:00,85750.7610872006,87238.19840007485,85602.01735591318,86940.7109375,887,0.0,0.0
2021-10-18 00:00:00+09:00,87238.19840007485,87386.94213136227,86048.24854977545,86940.7109375,1228,0.0,0.0
2021-10-19 00:00:00+09:00,86940.72343883775,87015.09531517551,86122.63279912242,86866.3515625,834,0.0,0.0
2021-10-20 00:00:00+09:00,86866.33907185629,87163.82653443114,86494.47974363773,86940.7109375,647,0.0,0.0
2021-10-21 00:00:00+09:00,87312.57651001292,87312.57651001292,86196.99844557494,86345.7421875,330,0.0,0.0
2021-10-22 00:00:00+09:00,86048.25310331743,86420.11245121423,85378.9062771032,85750.765625,545,0.0,0.0
2021-10-25 00:00:00+09:00,85750.76876617775,86420.11561691113,85676.39689387403,86197.0,368,0.0,0.0
2021-10-26 00:00:00+09:00,86048.2578125,86494.48905439716,85750.7703179019,86048.2578125,479,0.0,0.0
2021-10-27 00:00:00+09:00,86345.74220760076,86717.6015625,86048.25472368138,86717.6015625,524,0.0,0.0
2021-10-28 00:00:00+09:00,86122.63124999999,86271.375,85602.028125,85899.515625,550,0.0,0.0
2021-10-29 00:00:00+09:00,86494.49062499999,86866.34999999999,86122.63124999999,86643.234375,468,0.0,0.0
2021-11-01 00:00:00+09:00,87163.85008591064,87163.85008591064,86271.38745704466,86568.875,470,0.0,0.0
2021-11-02 00:00:00+09:00,86420.1203111565,87238.21095093508,86420.1203111565,86494.4921875,423,0.0,0.0
2021-11-04 00:00:00+09:00,86866.35156921754,86940.72344556105,86271.37655846948,86494.4921875,300,0.0,0.0
2021-11-05 00:00:00+09:00,86643.23594018702,86643.23594018702,85973.88905309544,86494.4921875,234,0.0,0.0
2021-11-08 00:00:00+09:00,86494.50295536472,87684.453125,86271.3872985581,87684.453125,486,0.0,0.0
2021-11-09 00:00:00+09:00,87684.440625,87684.440625,86791.978125,87015.09375,326,0.0,0.0
2021-11-10 00:00:00+09:00,87907.55466741645,87907.55466741645,86568.86094151672,86791.9765625,343,0.0,0.0
2021-11-11 00:00:00+09:00,86568.86405714897,86940.72343883775,86568.86405714897,86866.3515625,161,0.0,0.0
2021-11-12 00:00:00+09:00,87015.10950969828,87089.4813981681,86271.390625,86271.390625,251,0.0,0.0
2021-11-15 00:00:00+09:00,86345.746875,86494.49062499999,85825.14375,85899.515625,462,0.0,0.0
2021-11-16 00:00:00+09:00,85825.14530040843,86494.4921875,85750.77342406492,86494.4921875,324,0.0,0.0
2021-11-17 00:00:00+09:00,86122.63124999999,86271.375,85899.515625,85899.515625,849,0.0,0.0
2021-11-18 00:00:00+09:00,86048.26407468587,86048.26407468587,85453.2890421902,85825.1484375,899,0.0,0.0
2021-11-19 00:00:00+09:00,85527.65938590751,85527.65938590751,84858.31248636561,85230.171875,506,0.0,0.0
2021-11-22 00:00:00+09:00,85527.66094157963,85825.14845789818,85081.42966710182,85453.2890625,243,0.0,0.0
2021-11-24 00:00:00+09:00,85453.284375,86048.259375,85304.540625,85899.515625,295,0.0,0.0
2021-11-25 00:00:00+09:00,85899.51406520096,86791.97654899524,85899.51406520096,86048.2578125,362,0.0,0.0
2021-11-26 00:00:00+09:00,86271.37657883276,86345.74845519381,84635.19529888938,85378.9140625,987,0.0,0.0
2021-11-29 00:00:00+09:00,85007.06109793526,85007.06109793526,82627.16087472098,83296.5078125,1465,0.0,0.0
2021-11-30 00:00:00+09:00,83965.846875,85602.028125,82552.78125,82552.78125,1078,0.0,0.0
2021-12-01 00:00:00+09:00,83519.6171875,84560.82345697908,82850.27029997774,83519.6171875,1327,0.0,0.0
2021-12-02 00:00:00+09:00,83965.85002230151,84263.33753345227,83073.38748884924,83370.875,931,0.0,0.0
2021-12-03 00:00:00+09:00,83965.85468058629,84932.68914546461,83817.11091675886,84040.2265625,645,0.0,0.0
2021-12-06 00:00:00+09:00,85527.66732229313,85527.66732229313,84040.22962973152,84486.4609375,592,0.0,0.0
2021-12-07 00:00:00+09:00,85378.9030757443,85378.9030757443,84783.92814141855,84932.671875,597,0.0,0.0
2021-12-08 00:00:00+09:00,85155.80152594237,85825.1484375,84783.94213063258,85825.1484375,602,0.0,0.0
2021-12-09 00:00:00+09:00,85899.51717010916,86866.3515625,85378.91403574486,86866.3515625,660,0.0,0.0
2021-12-10 00:00:00+09:00,86791.99065721649,86791.99065721649,85676.41237113402,86568.875,673,0.0,0.0
2021-12-13 00:00:00+09:00,86791.97654215495,87535.6952785916,85676.3984375,85676.3984375,1462,0.0,0.0
2021-12-14 00:00:00+09:00,85676.41585903084,85676.41585903084,83891.49052863436,84412.09375,753,0.0,0.0
2021-12-15 00:00:00+09:00,84932.68125,85155.796875,84337.70625,85155.796875,275,0.0,0.0
2021-12-16 00:00:00+09:00,85155.79843341681,85750.7734443053,85081.42655705575,85378.9140625,346,0.0,0.0
2021-12-17 00:00:00+09:00,85155.80775548436,85602.0390625,84486.4607949609,85602.0390625,2296,0.0,0.0
2021-12-20 00:00:00+09:00,85453.29715302492,85453.29715302492,83296.51245551601,83594.0,1009,0.0,0.0
2021-12-21 00:00:00+09:00,84040.21721733942,85750.77031114367,83668.3578491211,85676.3984375,1155,0.0,0.0
2021-12-22 00:00:00+09:00,85527.65782206912,85676.40157480315,84932.68281113298,85007.0546875,501,0.0,0.0
2021-12-23 00:00:00+09:00,85081.44355536332,86048.27814121972,85081.44355536332,85973.90625,270,0.0,0.0
2021-12-24 00:00:00+09:00,85899.52031656196,86420.12346999567,85825.1484375,85825.1484375,370,0.0,0.0
2021-12-27 00:00:00+09:00,85750.7734443053,85750.7734443053,85155.79843341681,85378.9140625,263,0.0,0.0
2021-12-28 00:00:00+09:00,85304.5313710198,86420.109375,85230.15950408779,86420.109375,651,0.0,0.0
2021-12-29 00:00:00+09:00,85973.89829739538,87386.96409986123,85973.89829739538,87089.4765625,378,0.0,0.0
2021-12-30 00:00:00+09:00,87238.21094418879,87386.9546968643,86791.97968616225,86866.3515625,283,0.0,0.0
2022-01-04 00:00:00+09:00,87461.3359375,88056.31101190476,87015.10463169642,87461.3359375,642,0.0,0.0
2022-01-05 00:00:00+09:00,88130.68460051547,88428.17214347079,86568.875,86568.875,706,0.0,0.0
2022-01-06 00:00:00+09:00,86271.36414670659,87386.94213136227,85676.38922155689,86940.7109375,620,0.0,0.0
2022-01-07 00:00:00+09:00,86717.60154231267,86940.71715520027,86196.99844557494,86345.7421875,732,0.0,0.0
2022-01-11 00:00:00+09:00,86568.8702393617,87461.33281914893,86568.8702393617,87386.9609375,695,0.0,0.0
2022-01-12 00:00:00+09:00,87089.46407704103,88279.41405589043,87089.46407704103,87907.5546875,646,0.0,0.0
2022-01-13 00:00:00+09:00,89023.13279267131,89023.13279267131,87907.5546875,87907.5546875,1867,0.0,0.0
2022-01-14 00:00:00+09:00,88428.1734611942,88576.91723488837,87758.82647957034,88279.4296875,792,0.0,0.0
2022-01-17 00:00:00+09:00,88205.0515362395,88948.77035189077,88205.0515362395,88502.5390625,1249,0.0,0.0
2022-01-18 00:00:00+09:00,88502.5328284168,88800.02033372241,87535.6984361736,87610.0703125,878,0.0,0.0
2022-01-19 00:00:00+09:00,86940.73313022667,87238.220668739,83817.11397584727,84486.4609375,1895,0.0,0.0
2022-01-20 00:00:00+09:00,84486.44042266186,85602.01842120054,82627.14375843076,82701.515625,2565,0.0,0.0
2022-01-21 00:00:00+09:00,82552.78279441228,84337.70782780499,80544.7421318455,83519.6171875,2620,0.0,0.0
2022-01-24 00:00:00+09:00,83668.35013955779,84932.671875,82775.88773806917,84932.671875,1387,0.0,0.0
2022-01-25 00:00:00+09:00,84932.69224526848,84932.69224526848,83742.74209121919,84486.4609375,1521,0.0,0.0
2022-01-26 00:00:00+09:00,84932.67970775712,86494.48905439716,84709.56408680856,86048.2578125,829,0.0,0.0
2022-01-27 00:00:00+09:00,86122.65003243944,86717.62516219723,84412.09653438581,85973.90625,1334,0.0,0.0
2022-01-28 00:00:00+09:00,89766.8592731255,91551.7843953749,89320.62799256315,91254.296875,3916,0.0,0.0
2022-01-31 00:00:00+09:00,92964.84375,94303.53749999999,91031.175,92221.125,3331,0.0,0.0
2022-02-01 00:00:00+09:00,93559.82500497215,94229.17192472157,92146.75928550119,93485.453125,1645,0.0,0.0
2022-02-02 00:00:00+09:00,93708.57025098425,94526.66094365157,93187.96708292323,94452.2890625,1897,0.0,0.0
2022-02-03 00:00:00+09:00,94303.54061762392,94675.40000491739,93708.56559795437,94526.65625,1919,0.0,0.0
2022-02-04 00:00:00+09:00,94526.64383044072,95642.22184574883,94526.64383044072,95344.734375,1370,0.0,0.0
2022-02-07 00:00:00+09:00,95716.6062893391,95865.3500442565,94080.42498524784,94526.65625,2259,0.0,0.0
2022-02-08 00:00:00+09:00,94526.66263467677,94675.40639964087,92592.99369014366,93187.96875,2464,0.0,0.0
2022-02-09 00:00:00+09:00,93187.96560511139,93857.31252486078,92369.87492541767,93485.453125,1705,0.0,0.0
2022-02-10 00:00:00+09:00,94006.0546875,94006.0546875,92816.10462816455,94006.0546875,1610,0.0,0.0
2022-02-14 00:00:00+09:00,92295.4906098546,92890.46556946688,91626.14378029079,92072.375,3110,0.0,0.0
2022-02-15 00:00:00+09:00,91700.52986903526,91700.52986903526,89246.25778008299,89618.1171875,3896,0.0,0.0
2022-02-16 00:00:00+09:00,89766.8469818811,91477.39998982084,89766.8469818811,91328.65625,2210,0.0,0.0
2022-02-17 00:00:00+09:00,91328.67033163265,91403.04221301021,90436.20775510203,91105.5546875,1751,0.0,0.0
2022-02-18 00:00:00+09:00,90808.05310960591,91254.28432881772,89989.9625410509,90584.9375,1326,0.0,0.0
2022-02-21 00:00:00+09:00,90064.34220445533,90064.34220445533,88800.02030728296,89097.5078125,4200,0.0,0.0
2022-02-22 00:00:00+09:00,88874.40009509721,89320.63139264581,87610.07808537617,87981.9375,5676,0.0,0.0
2022-02-24 00:00:00+09:00,88279.42657172217,89766.86425616567,86568.87323461214,88205.0546875,5135,0.0,0.0
2022-02-25 00:00:00+09:00,88201.97108968098,89432.33860270183,88048.17515055339,88586.4609375,4364,3896.0,0.0
2022-02-28 00:00:00+09:00,88432.66686040226,88894.0546875,87509.89120620675,88894.0546875,3659,0.0,0.0
2022-03-01 00:00:00+09:00,88663.35655514385,89663.03013295554,88048.17281495205,88201.96875,8737,0.0,0.0
2022-03-02 00:00:00+09:00,88278.88049568966,89509.24816810346,88201.9825161638,89201.65625,9048,0.0,0.0
2022-03-03 00:00:00+09:00,89739.93703768225,90662.71273986921,89663.0390625,89663.0390625,2731,0.0,0.0
2022-03-04 00:00:00+09:00,89739.91164210413,90278.19731604992,89201.62596815835,89355.421875,3347,0.0,0.0
2022-03-07 00:00:00+09:00,89355.44664634146,89509.24259581881,88125.07905052265,88278.875,4509,0.0,0.0
2022-03-08 00:00:00+09:00,88048.1602146548,89124.73160592568,87202.28269294195,87432.9765625,1929,0.0,0.0
2022-03-09 00:00:00+09:00,87586.78594157963,89509.23515013054,87279.19406821148,88355.765625,3014,0.0,0.0
2022-03-10 00:00:00+09:00,88894.0394021739,91047.18222506394,88894.0394021739,90201.3046875,2766,0.0,0.0
2022-03-11 00:00:00+09:00,91354.77908097686,91969.96277849187,89355.43206405314,89739.921875,1864,0.0,0.0
2022-03-14 00:00:00+09:00,89970.62076065892,90739.60042527993,89278.5390625,89278.5390625,1147,0.0,0.0
2022-03-15 00:00:00+09:00,89586.13454182942,89586.13454182942,88201.97108968098,88586.4609375,1281,0.0,0.0
2022-03-16 00:00:00+09:00,88663.36538513079,90047.52893841124,88355.77348440181,89663.0390625,1272,0.0,0.0
2022-03-17 00:00:00+09:00,90201.30659913976,90970.28619504036,90047.51067995964,90508.8984375,837,0.0,0.0
2022-03-18 00:00:00+09:00,91200.98227514607,92508.2476197308,90585.79858357679,92123.7578125,1741,0.0,0.0
2022-03-22 00:00:00+09:00,92123.77440684059,93815.52986339359,91200.99870326623,93584.8359375,1934,0.0,0.0
2022-03-23 00:00:00+09:00,93661.72279183884,93661.72279183884,92046.86550232438,93046.5390625,1278,0.0,0.0
2022-03-24 00:00:00+09:00,92969.64406554136,95045.88921836982,92508.2562538017,94815.1953125,2587,0.0,0.0
2022-03-25 00:00:00+09:00,94815.1994005102,95045.89331632653,94123.11765306123,94200.015625,1216,0.0,0.0
2022-03-28 00:00:00+09:00,93815.52449051655,95737.9737628632,93815.52449051655,95276.5859375,1902,0.0,0.0
2022-03-29 00:00:00+09:00,95276.58559511951,96891.44297808764,95276.58559511951,96506.953125,1345,0.0,0.0
2022-03-30 00:00:00+09:00,96737.6423192771,97506.6219879518,94584.49924698795,95737.96875,1531,0.0,0.0
2022-03-31 00:00:00+09:00,95507.28495,96814.550525,94968.999125,96122.46875,966,0.0,0.0
2022-04-01 00:00:00+09:00,95968.65558194774,97199.02296120347,94430.69635787807,97122.125,1504,0.0,0.0
2022-04-04 00:00:00+09:00,97660.41905656645,97737.31702432752,96122.45970134494,97199.03125,1220,0.0,0.0
2022-04-05 00:00:00+09:00,97275.9237711781,98198.69933264382,95276.5767213357,97583.515625,1858,0.0,0.0
2022-04-06 00:00:00+09:00,97122.12212857995,97199.02008750995,96430.04049821003,96660.734375,690,0.0,0.0
2022-04-07 00:00:00+09:00,96199.36252895849,96276.26050060434,94968.99498262489,95430.3828125,984,0.0,0.0
2022-04-08 00:00:00+09:00,95353.48109286293,95737.97093597932,94507.60343800689,94815.1953125,1263,0.0,0.0
2022-04-11 00:00:00+09:00,95507.2748493976,95814.86671686747,94815.19314759037,95737.96875,550,0.0,0.0
2022-04-12 00:00:00+09:00,95353.487550813,95891.77336763212,94584.5078125,94584.5078125,509,0.0,0.0
2022-04-13 00:00:00+09:00,95353.47561591277,95814.86340115106,94968.98579488086,95199.6796875,565,0.0,0.0
2022-04-14 00:00:00+09:00,95661.0772934869,96968.34281920175,94892.09757247816,96814.546875,1100,0.0,0.0
2022-04-15 00:00:00+09:00,96814.53739804443,97891.10890207351,96276.25164602988,97814.2109375,773,0.0,0.0
2022-04-18 00:00:00+09:00,97660.41905656645,97891.11295984968,96737.64344343354,97199.03125,983,0.0,0.0
2022-04-19 00:00:00+09:00,97199.03405511811,97814.21781496063,96430.05435531496,97660.421875,878,0.0,0.0
2022-04-20 00:00:00+09:00,97275.94116988457,97660.43105593153,96353.16544337182,96583.859375,908,0.0,0.0
2022-04-21 00:00:00+09:00,96583.84750791139,97814.2149920886,96583.84750791139,97199.03125,732,0.0,0.0
2022-04-22 00:00:00+09:00,97199.03486055776,97199.03486055776,95737.9734188247,96506.953125,1617,0.0,0.0
2022-04-25 00:00:00+09:00,94200.01526616639,95430.3828125,94200.01526616639,95430.3828125,1344,0.0,0.0
2022-04-26 00:00:00+09:00,96122.4607790957,96122.4607790957,94738.29734387672,94815.1953125,990,0.0,0.0
2022-04-27 00:00:00+09:00,94430.70825766747,95276.5859375,94046.21840319815,95276.5859375,1058,0.0,0.0
2022-04-28 00:00:00+09:00,95430.37167620542,95891.75945223865,94892.0859375,94892.0859375,1052,0.0,0.0
2022-05-02 00:00:00+09:00,94892.09701097905,95968.66861402095,94892.09701097905,95430.3828125,1061,0.0,0.0
2022-05-06 00:00:00+09:00,95507.2798501816,95584.17782107546,94815.1981121368,95276.5859375,1102,0.0,0.0
2022-05-09 00:00:00+09:00,95353.47371353323,95737.96352689425,94892.0859375,94892.0859375,745,0.0,0.0
2022-05-10 00:00:00+09:00,94815.1998687296,94815.1998687296,93815.5262285889,94276.9140625,1071,0.0,0.0
2022-05-11 00:00:00+09:00,93892.4126385468,94430.69837848932,93200.3309729064,93661.71875,1102,0.0,0.0
2022-05-12 00:00:00+09:00,93584.82078715107,94430.69837848932,92662.04523296388,93661.71875,731,0.0,0.0
2022-05-13 00:00:00+09:00,93661.72064238953,94661.39417962357,93661.72064238953,93969.3125,1556,0.0,0.0
2022-05-16 00:00:00+09:00,94892.10104851973,95122.79497327302,93123.44762541118,93507.9375,1430,0.0,0.0
2022-05-17 00:00:00+09:00,94353.80562830553,94507.6015625,93200.33612184702,94507.6015625,1262,0.0,0.0
2022-05-18 00:00:00+09:00,94353.81619433197,94969.0,94276.91821862348,94969.0,861,0.0,0.0
2022-05-19 00:00:00+09:00,94430.7118648374,95430.38552464431,94123.11996951219,94584.5078125,1226,0.0,0.0
2022-05-20 00:00:00+09:00,95353.48283811475,95353.48283811475,93815.5234375,93815.5234375,1191,0.0,0.0
2022-05-23 00:00:00+09:00,94507.60128012048,95737.96875,94276.90737951807,95737.96875,786,0.0,0.0
2022-05-24 00:00:00+09:00,96045.5625,96506.9503102482,95507.2767213771,96045.5625,876,0.0,0.0
2022-05-25 00:00:00+09:00,96891.43536261794,97814.2109375,96583.8435043239,97814.2109375,796,0.0,0.0
2022-05-26 00:00:00+09:00,97583.51540004864,98813.8828125,97506.61743677042,98813.8828125,809,0.0,0.0
2022-05-27 00:00:00+09:00,98813.89611816406,98890.79409179688,97660.42651367188,98429.40625,1080,0.0,0.0
2022-05-30 00:00:00+09:00,98352.5023425331,98736.9921875,98121.80843555296,98736.9921875,799,0.0,0.0
2022-05-31 00:00:00+09:00,98813.89202615489,99198.38187839674,98044.9123216712,99044.5859375,1198,0.0,0.0
2022-06-01 00:00:00+09:00,99044.58028017242,99044.58028017242,97891.1107893319,98121.8046875,664,0.0,0.0
2022-06-02 00:00:00+09:00,98044.91638183594,98429.40625,97506.63056640625,98429.40625,729,0.0,0.0
2022-06-03 00:00:00+09:00,98583.19295712607,98813.88685640172,97968.00922572435,98198.703125,484,0.0,0.0
2022-06-06 00:00:00+09:00,98429.39299610895,99429.06651872568,98429.39299610895,98813.8828125,513,0.0,0.0
2022-06-07 00:00:00+09:00,99121.47797745743,99352.171875,98890.78407991485,99352.171875,369,0.0,0.0
2022-06-08 00:00:00+09:00,99582.88004872964,99582.88004872964,98890.79825688519,99121.4921875,520,0.0,0.0
2022-06-09 00:00:00+09:00,99505.97516460108,99736.66907920217,99198.38327846631,99275.28125,482,0.0,0.0
2022-06-10 00:00:00+09:00,99275.27655396175,99352.17452185793,98429.39890710384,98506.296875,782,0.0,0.0
2022-06-13 00:00:00+09:00,98506.2930945601,98583.19105950512,97583.51751521995,97891.109375,799,0.0,0.0
2022-06-14 00:00:00+09:00,97352.83447030498,97814.22231139647,94815.20134430176,95814.875,1657,0.0,0.0
2022-06-15 00:00:00+09:00,95891.76257404003,96660.74222579657,93354.12972324346,94123.109375,1994,0.0,0.0
2022-06-16 00:00:00+09:00,95199.68889756245,96199.36252895849,95199.68889756245,95430.3828125,765,0.0,0.0
2022-06-17 00:00:00+09:00,94046.20377138027,96660.734375,93815.5098945903,96660.734375,1144,0.0,0.0
2022-06-20 00:00:00+09:00,96891.44568930868,96968.34366207797,95122.79231561495,95661.078125,644,0.0,0.0
2022-06-21 00:00:00+09:00,96199.366725,96814.550525,95737.978875,96122.46875,549,0.0,0.0
2022-06-22 00:00:00+09:00,97045.24445,97275.938375,95737.978875,96122.46875,663,0.0,0.0
2022-06-23 00:00:00+09:00,95814.87407053859,97045.24163484726,94968.99637007636,95661.078125,1531,0.0,0.0
2022-06-24 00:00:00+09:00,95737.97933528178,96199.3671875,95276.59148306356,96199.3671875,499,0.0,0.0
2022-06-27 00:00:00+09:00,96814.53029285998,97352.81600536994,96353.14253928004,96660.734375,704,0.0,0.0
2022-06-28 00:00:00+09:00,97429.72158532993,97891.109375,96814.53786576985,97891.109375,955,0.0,0.0
2022-06-29 00:00:00+09:00,97199.0276904949,97891.109375,96814.53786576985,97891.109375,970,0.0,0.0
2022-06-30 00:00:00+09:00,97968.01281545742,97968.01281545742,97122.1351537855,97506.625,1055,0.0,0.0
2022-07-01 00:00:00+09:00,97660.41983586868,97660.41983586868,95584.17468975179,96045.5625,761,0.0,0.0
2022-07-04 00:00:00+09:00,96891.43395390072,97583.515625,96276.2502462569,97583.515625,693,0.0,0.0
2022-07-05 00:00:00+09:00,97660.42093848581,97660.42093848581,96737.64530757097,97506.625,659,0.0,0.0
2022-07-06 00:00:00+09:00,97506.6323,97506.6323,96122.46875,96122.46875,739,0.0,0.0
2022-07-07 00:00:00+09:00,96891.43723060345,98121.8046875,96660.74333243535,98121.8046875,1244,0.0,0.0
2022-07-08 00:00:00+09:00,97275.92092240696,97814.20665083136,96891.43111638955,97122.125,1426,0.0,0.0
2022-07-11 00:00:00+09:00,98044.91000097428,98890.78765588465,97660.4201578332,98660.09375,635,0.0,0.0
2022-07-12 00:00:00+09:00,98967.69206542968,99044.5900390625,98044.91638183594,98429.40625,421,0.0,0.0
2022-07-13 00:00:00+09:00,98429.39796716184,99044.5817044566,98352.5,98352.5,285,0.0,0.0
2022-07-14 00:00:00+09:00,98121.80562891236,99275.27513081963,97814.21376173709,98275.6015625,677,0.0,0.0
2022-07-15 00:00:00+09:00,98352.50266167193,98429.40063091482,97429.7270307571,97506.625,540,0.0,0.0
2022-07-19 00:00:00+09:00,98429.39890710384,98583.19484289618,97968.01109972678,98506.296875,549,0.0,0.0
2022-07-20 00:00:00+09:00,98506.3000159815,98890.78986772225,97660.42234215184,97737.3203125,814,0.0,0.0
2022-07-21 00:00:00+09:00,97737.31579494326,98583.19342967527,97737.31579494326,98275.6015625,770,0.0,0.0
2022-07-22 00:00:00+09:00,98660.0909235513,98813.88685640172,98198.703125,98198.703125,521,0.0,0.0
2022-07-25 00:00:00+09:00,98198.70123478005,98583.19105950512,97891.109375,97891.109375,526,0.0,0.0
2022-07-26 00:00:00+09:00,98198.70265355603,98198.70265355603,97814.21282327587,98121.8046875,355,0.0,0.0
2022-07-27 00:00:00+09:00,98121.80562891236,98583.19342967527,97968.00969532473,98275.6015625,539,0.0,0.0
2022-07-28 00:00:00+09:00,98352.50827636718,99121.4880126953,98198.71232910156,98429.40625,1233,0.0,0.0
2022-07-29 00:00:00+09:00,98660.10294760887,99275.28675398523,98660.10294760887,98890.796875,558,0.0,0.0
2022-08-01 00:00:00+09:00,99505.96969039353,99659.765625,99044.58188657407,99659.765625,780,0.0,0.0
2022-08-02 00:00:00+09:00,99505.96950742768,99659.76544175137,98275.60203283816,98352.5,986,0.0,0.0
2022-08-03 00:00:00+09:00,98813.8828125,98813.8828125,97968.00521643969,98813.8828125,648,0.0,0.0
2022-08-04 00:00:00+09:00,99352.16950757575,99352.16950757575,98506.29190340909,98967.6796875,468,0.0,0.0
2022-08-05 00:00:00+09:00,98583.19811480978,99044.5859375,98506.30014436142,99044.5859375,402,0.0,0.0
2022-08-08 00:00:00+09:00,99044.58687015504,99198.3828125,98890.79092781007,99198.3828125,419,0.0,0.0
2022-08-09 00:00:00+09:00,99275.27059216925,99352.16855544747,98813.8828125,98813.8828125,482,0.0,0.0
2022-08-10 00:00:00+09:00,98813.88733005672,98890.78529685055,98275.6015625,98275.6015625,581,0.0,0.0
2022-08-12 00:00:00+09:00,99044.58406347352,99044.58406347352,98275.60437353973,98736.9921875,526,0.0,0.0
2022-08-15 00:00:00+09:00,98736.99001736111,99659.765625,98736.99001736111,99659.765625,567,0.0,0.0
2022-08-16 00:00:00+09:00,99659.75638051044,99659.75638051044,99044.57269914927,99429.0625,678,0.0,0.0
2022-08-17 00:00:00+09:00,99121.4921875,99736.67600247286,98967.6962337568,99121.4921875,763,0.0,0.0
2022-08-18 00:00:00+09:00,99275.27390915247,99736.66170423762,99044.58001160991,99352.171875,750,0.0,0.0
2022-08-19 00:00:00+09:00,99044.58733539892,99659.77110766848,99044.58733539892,99275.28125,595,0.0,0.0
2022-08-22 00:00:00+09:00,99275.27059216925,99275.27059216925,98736.98484922179,98813.8828125,965,0.0,0.0
2022-08-23 00:00:00+09:00,99198.37357954544,99198.37357954544,98736.98579545454,98967.6796875,634,0.0,0.0
2022-08-24 00:00:00+09:00,99198.38187839674,99352.17781929349,98967.68796705164,99044.5859375,899,0.0,0.0
2022-08-25 00:00:00+09:00,98967.67521372682,99736.65481911709,98967.67521372682,99505.9609375,1113,0.0,0.0
2022-08-26 00:00:00+09:00,99659.76703233257,99890.4609375,99429.07312716513,99890.4609375,902,0.0,0.0
2022-08-29 00:00:00+09:00,99813.56705073586,100044.26096533694,99198.38327846631,99275.28125,4050,0.0,0.0
2022-08-30 00:00:00+09:00,98972.87148778792,100004.66565726767,98893.50270552025,99925.296875,2714,4019.0,0.0
2022-08-31 00:00:00+09:00,99528.46533009516,100322.15325138779,99290.35895370737,100084.046875,1045,0.0,0.0
2022-09-01 00:00:00+09:00,100163.40802896098,100639.62074542197,99528.45774034633,99687.1953125,1019,0.0,0.0
2022-09-02 00:00:00+09:00,100004.67507949125,100004.67507949125,99528.46234101748,99845.9375,901,0.0,0.0
2022-09-05 00:00:00+09:00,99528.46533009516,100163.41566712926,99290.35895370737,100084.046875,997,0.0,0.0
2022-09-06 00:00:00+09:00,100084.04047677865,100401.515625,100004.67168972331,100401.515625,576,0.0,0.0
2022-09-07 00:00:00+09:00,100322.15123820755,100957.1015625,100004.67607606131,100957.1015625,1035,0.0,0.0
2022-09-08 00:00:00+09:00,100798.35974702382,100877.72853422619,99925.30308779761,100004.671875,648,0.0,0.0
2022-09-09 00:00:00+09:00,99925.30113468725,100877.7265625,99925.30113468725,100877.7265625,1099,0.0,0.0
2022-09-12 00:00:00+09:00,100957.08912401575,101036.45790477362,100480.8764394685,100798.3515625,646,0.0,0.0
2022-09-13 00:00:00+09:00,100639.61400098425,100877.72034325787,100480.8764394685,100798.3515625,799,0.0,0.0
2022-09-14 00:00:00+09:00,100242.78424911137,100718.99700088863,100163.4154571485,100480.890625,486,0.0,0.0
2022-09-15 00:00:00+09:00,100163.41067031128,100798.36097566983,100004.67309397164,100718.9921875,717,0.0,0.0
2022-09-16 00:00:00+09:00,100560.25319911067,100639.621986166,99766.5653285573,100401.515625,737,0.0,0.0
2022-09-20 00:00:00+09:00,100401.5161875,100401.5161875,99210.984375,99210.984375,592,0.0,0.0
2022-09-21 00:00:00+09:00,99290.36076319721,100084.0486989542,99131.62317604582,99607.8359375,673,0.0,0.0
2022-09-22 00:00:00+09:00,99210.98698535234,100242.78125,98972.8806165875,100242.78125,1042,0.0,0.0
2022-09-26 00:00:00+09:00,100004.67689197285,100004.67689197285,99131.6201889477,99369.7265625,923,0.0,0.0
2022-09-27 00:00:00+09:00,99210.98026916059,99845.93054288322,97782.34215328467,97861.7109375,1689,0.0,0.0
2022-09-28 00:00:00+09:00,98020.45552538097,98179.19310517916,94210.75361022446,96353.7109375,2074,0.0,0.0
2022-09-29 00:00:00+09:00,96671.18215260921,98417.29545914239,96671.18215260921,98099.8203125,1100,0.0,0.0
2022-09-30 00:00:00+09:00,97623.60458485402,98179.18607436132,95877.49133211678,97861.7109375,909,0.0,0.0
2022-10-03 00:00:00+09:00,97544.23880587581,98179.18909916059,96353.70700596682,98099.8203125,995,0.0,0.0
2022-10-04 00:00:00+09:00,98496.66370028976,99607.82670738408,98258.5573416267,99290.3515625,643,0.0,0.0
2022-10-05 00:00:00+09:00,99766.56890961692,99925.30648942539,99052.24980047885,99449.09375,748,0.0,0.0
2022-10-06 00:00:00+09:00,99210.98798465266,99290.35677504039,97941.08733844911,98258.5625,509,0.0,0.0
2022-10-07 00:00:00+09:00,98020.45793805803,98258.56431361607,97306.13881138392,97782.3515625,709,0.0,0.0
2022-10-11 00:00:00+09:00,96829.92347723544,97464.87379511895,96512.44831829368,96750.5546875,633,0.0,0.0
2022-10-12 00:00:00+09:00,96750.5546875,97544.2425848544,96750.5546875,96750.5546875,713,0.0,0.0
2022-10-13 00:00:00+09:00,96829.91293532339,96909.28171641791,95718.75,95718.75,1054,0.0,0.0
2022-10-14 00:00:00+09:00,96274.33146766169,96512.43781094527,95718.75,95718.75,723,0.0,0.0
2022-10-17 00:00:00+09:00,95798.14385373444,96194.98786307054,95004.45583506224,95639.40625,1140,0.0,0.0
2022-10-18 00:00:00+09:00,95639.39661178777,96115.609375,95242.55264244425,96115.609375,1158,0.0,0.0
2022-10-19 00:00:00+09:00,95956.86023279138,95956.86023279138,93893.27184068835,93972.640625,1011,0.0,0.0
2022-10-20 00:00:00+09:00,93178.9502572899,93258.31903945112,92544.0,92544.0,989,0.0,0.0
2022-10-21 00:00:00+09:00,92623.3624198718,93020.2063034188,91591.56832264957,92861.46875,1213,0.0,0.0
2022-10-24 00:00:00+09:00,92940.84872769777,93099.5863002472,91988.42329240112,92305.8984375,1338,0.0,0.0
2022-10-25 00:00:00+09:00,92147.15419896983,93417.0546875,92147.15419896983,93417.0546875,1130,0.0,0.0
2022-10-26 00:00:00+09:00,93496.43741012737,96591.8203125,93496.43741012737,96591.8203125,1451,0.0,0.0
2022-10-27 00:00:00+09:00,96591.81073052944,97385.49857548038,96036.22923906379,97068.0234375,1405,0.0,0.0
2022-10-28 00:00:00+09:00,96988.65784961097,97623.60814649878,96591.81391405611,96909.2890625,497,0.0,0.0
2022-10-31 00:00:00+09:00,97385.50301067073,97861.71573932926,96591.81512957317,97623.609375,701,0.0,0.0
2022-11-01 00:00:00+09:00,98020.45433706793,98734.7734375,96909.29129195136,98734.7734375,803,0.0,0.0
2022-11-02 00:00:00+09:00,98734.77868602761,98734.77868602761,97385.50920237611,97702.984375,667,0.0,0.0
2022-11-04 00:00:00+09:00,97385.50441273297,98417.29867301458,97306.13562348054,97941.0859375,767,0.0,0.0
2022-11-07 00:00:00+09:00,97702.98362082303,97941.08999845297,95956.87018487006,96194.9765625,527,0.0,0.0
2022-11-08 00:00:00+09:00,96274.34234775642,96750.55508814103,95956.8671875,95956.8671875,340,0.0,0.0
2022-11-09 00:00:00+09:00,96433.07652523642,96591.81409976356,95639.38865260074,96512.4453125,358,0.0,0.0
2022-11-10 00:00:00+09:00,96194.99084230133,96433.09725527732,95718.77801634933,95877.515625,392,0.0,0.0
2022-11-11 00:00:00+09:00,96829.9172567734,97385.49874923029,96671.1796875,96671.1796875,942,0.0,0.0
2022-11-14 00:00:00+09:00,96433.07890951884,96433.07890951884,94448.8591788703,94845.703125,662,0.0,0.0
2022-11-15 00:00:00+09:00,94607.58912815127,94845.69547662816,93972.63886554622,94448.8515625,547,0.0,0.0
2022-11-16 00:00:00+09:00,94766.34697462249,94766.34697462249,94131.39657613255,94607.609375,318,0.0,0.0
2022-11-17 00:00:00+09:00,94448.86077523032,95242.54868090453,94448.86077523032,94766.3359375,298,0.0,0.0
2022-11-18 00:00:00+09:00,94607.59038782319,95242.54065888241,94607.59038782319,95163.171875,294,0.0,0.0
2022-11-21 00:00:00+09:00,95242.53572908037,96194.96108637116,95163.16694930612,95798.1171875,1042,0.0,0.0
2022-11-22 00:00:00+09:00,95798.14682067466,96353.72845095198,95401.302799048,95877.515625,389,0.0,0.0
2022-11-24 00:00:00+09:00,95877.49800041017,96750.5546875,95401.28526199753,96750.5546875,592,0.0,0.0
2022-11-25 00:00:00+09:00,96433.07633983415,97147.39542383293,96433.07633983415,96909.2890625,458,0.0,0.0
2022-11-28 00:00:00+09:00,96988.66085835376,97147.3984375,96433.07933134191,97147.3984375,483,0.0,0.0
2022-11-29 00:00:00+09:00,97147.4028229082,97702.984375,96512.45247766044,97702.984375,412,0.0,0.0
2022-11-30 00:00:00+09:00,97147.40207301981,97147.40207301981,96194.9765625,96194.9765625,606,0.0,0.0
2022-12-01 00:00:00+09:00,96353.70346241695,96671.17859738371,95560.015625,95560.015625,486,0.0,0.0
2022-12-02 00:00:00+09:00,96115.60679257095,96115.60679257095,94369.49337437395,95083.8125,499,0.0,0.0
2022-12-05 00:00:00+09:00,95083.8034325063,95083.8034325063,94052.00923833053,94369.484375,302,0.0,0.0
2022-12-06 00:00:00+09:00,94448.86077523032,94766.3359375,93972.6480318258,94766.3359375,763,0.0,0.0
2022-12-07 00:00:00+09:00,94766.33433577407,95083.80949267783,94448.8591788703,94845.703125,529,0.0,0.0
2022-12-08 00:00:00+09:00,94845.70612479131,95242.55008347245,94210.7557909015,95083.8125,725,0.0,0.0
2022-12-09 00:00:00+09:00,95401.27213432522,95639.37847076697,94607.58434618608,94686.953125,654,0.0,0.0
2022-12-12 00:00:00+09:00,94528.2309578464,95083.8125,94369.49337437395,95083.8125,370,0.0,0.0
2022-12-13 00:00:00+09:00,95877.50020781379,95877.50020781379,95083.8122921862,95480.65625,485,0.0,0.0
2022-12-14 00:00:00+09:00,95242.5494641385,96353.71254122011,95242.5494641385,96274.34375,638,0.0,0.0
2022-12-15 00:00:00+09:00,96036.2294104064,96829.9172567734,95718.75427185961,96671.1796875,387,0.0,0.0
2022-12-16 00:00:00+09:00,96829.92946428571,97623.61741071429,96433.08549107143,97226.7734375,774,0.0,0.0
2022-12-19 00:00:00+09:00,97226.76439787212,97226.76439787212,96036.23258891857,96512.4453125,407,0.0,0.0
2022-12-20 00:00:00+09:00,95956.86407455013,96433.07679948586,91909.05591259639,92623.375,1665,0.0,0.0
2022-12-21 00:00:00+09:00,92544.00881885593,94925.07251059322,92544.00881885593,93655.171875,1394,0.0,0.0
2022-12-22 00:00:00+09:00,93655.17027413209,94369.48936944327,93258.32633229255,93734.5390625,487,0.0,0.0
2022-12-23 00:00:00+09:00,93655.15651709402,93893.26284722223,92623.3624198718,92861.46875,659,0.0,0.0
2022-12-26 00:00:00+09:00,92702.73566270179,93575.79224856627,92147.15419896983,93417.0546875,754,0.0,0.0
2022-12-27 00:00:00+09:00,93655.16548775337,93972.640625,93020.21521326013,93972.640625,514,0.0,0.0
2022-12-28 00:00:00+09:00,93575.80249738494,94845.703125,93417.06491893306,94845.703125,786,0.0,0.0
2022-12-29 00:00:00+09:00,93734.54304048413,95083.8125,93734.54304048413,95083.8125,368,0.0,0.0
2022-12-30 00:00:00+09:00,94766.32778758305,95956.85954370847,94766.32778758305,95560.015625,454,0.0,0.0
2023-01-04 00:00:00+09:00,95480.66617292365,95480.66617292365,94607.609375,94607.609375,236,0.0,0.0
2023-01-05 00:00:00+09:00,94607.61038822525,94766.34798954778,92305.91516904863,93020.234375,1341,0.0,0.0
2023-01-06 00:00:00+09:00,92544.00176454741,92544.00176454741,91670.94514412715,92067.7890625,1226,0.0,0.0
2023-01-10 00:00:00+09:00,91988.41220619659,92940.83752670941,91988.41220619659,92861.46875,700,0.0,0.0
2023-01-11 00:00:00+09:00,92861.49677367747,93417.07837830631,92544.02157103241,93020.234375,464,0.0,0.0
2023-01-12 00:00:00+09:00,92861.48758561644,92861.48758561644,92385.27482876713,92702.75,468,0.0,0.0
2023-01-13 00:00:00+09:00,92623.37358259888,93417.06144534609,92305.8984375,92305.8984375,656,0.0,0.0
2023-01-16 00:00:00+09:00,92226.5409007353,92385.27849264706,91512.22173713235,91750.328125,684,0.0,0.0
2023-01-17 00:00:00+09:00,92067.79101392515,92067.79101392515,91115.36558964317,91194.734375,806,0.0,0.0
2023-01-18 00:00:00+09:00,91274.11172945205,93337.70034246576,91194.74293664384,92702.75,1175,0.0,0.0
2023-01-19 00:00:00+09:00,92464.64939274018,92464.64939274018,90242.32305540393,90877.2734375,1351,0.0,0.0
2023-01-20 00:00:00+09:00,90480.4153067885,91512.20951642733,90242.30895071801,91194.734375,781,0.0,0.0
2023-01-23 00:00:00+09:00,91353.46826758148,92544.0,91353.46826758148,92544.0,822,0.0,0.0
2023-01-24 00:00:00+09:00,92623.39037169368,93258.34077698378,92623.39037169368,93020.234375,448,0.0,0.0
2023-01-25 00:00:00+09:00,92702.734228474,93496.422021526,92702.734228474,93099.578125,306,0.0,0.0
2023-01-26 00:00:00+09:00,93178.95651242502,93178.95651242502,92226.53106255355,92623.375,679,0.0,0.0
2023-01-27 00:00:00+09:00,92861.47322376804,93734.52980963254,92623.36688216864,93417.0546875,1168,0.0,0.0
2023-01-30 00:00:00+09:00,93893.29017669882,94766.34697462249,92940.86457896393,94607.609375,571,0.0,0.0
2023-01-31 00:00:00+09:00,95083.81334889644,95083.81334889644,93178.96233022072,93496.4375,1479,0.0,0.0
2023-02-01 00:00:00+09:00,93813.90965425532,93813.90965425532,93258.328125,93258.328125,307,0.0,0.0
2023-02-02 00:00:00+09:00,93337.69069420783,93734.53461722743,92782.1092019804,93178.953125,551,0.0,0.0
2023-02-03 00:00:00+09:00,92940.83752670941,93178.9438568376,92226.51853632479,92861.46875,734,0.0,0.0
2023-02-06 00:00:00+09:00,93099.59696573441,93655.17853330486,92782.12178426558,92940.859375,568,0.0,0.0
2023-02-07 00:00:00+09:00,92782.11257497857,92940.85014995716,92305.89985004284,92623.375,880,0.0,0.0
2023-02-08 00:00:00+09:00,92464.62993598747,92543.9987170484,91591.57334431719,91829.6796875,1132,0.0,0.0
2023-02-09 00:00:00+09:00,91591.58132595486,91829.68768988716,91274.10617404514,91432.84375,751,0.0,0.0
2023-02-10 00:00:00+09:00,91274.109375,91432.84695652174,90797.89663043479,91274.109375,1044,0.0,0.0
2023-02-13 00:00:00+09:00,91274.10316035683,91591.57830178416,90956.6280189295,91194.734375,459,0.0,0.0
2023-02-14 00:00:00+09:00,91670.94832820595,91909.0546875,91353.47318248056,91909.0546875,638,0.0,0.0
2023-02-15 00:00:00+09:00,91909.05970108695,91909.05970108695,91194.74058423913,91274.109375,736,0.0,0.0
2023-02-16 00:00:00+09:00,91432.85294117648,92385.27849264706,91353.48414522059,91750.328125,846,0.0,0.0
2023-02-17 00:00:00+09:00,91432.84196891192,91988.42347393134,91274.10439604922,91909.0546875,484,0.0,0.0
2023-02-20 00:00:00+09:00,91909.0545061264,92782.11115514832,91909.0545061264,92305.8984375,387,0.0,0.0
2023-02-21 00:00:00+09:00,92544.00302074423,92940.84694450385,92305.89666648845,92782.109375,710,0.0,0.0
2023-02-22 00:00:00+09:00,92464.624866453,92861.46875,92226.51853632479,92861.46875,1049,0.0,0.0
2023-02-24 00:00:00+09:00,92702.74957555179,93496.4375,92464.64319821732,93496.4375,1278,0.0,0.0
2023-02-27 00:00:00+09:00,93547.046875,93955.192803774,93220.5301319808,93547.046875,1290,3262.0,0.0
2023-02-28 00:00:00+09:00,93628.66622997147,93710.2954071554,92730.7452809482,92975.6328125,800,0.0,0.0
2023-03-01 00:00:00+09:00,92730.75643300799,92894.01480700976,91587.94781499557,91996.09375,1555,0.0,0.0
2023-03-02 00:00:00+09:00,91832.83481648583,92159.3515625,91343.05969746457,92159.3515625,827,0.0,0.0
2023-03-03 00:00:00+09:00,92567.49552974598,92567.49552974598,91587.9453125,91587.9453125,744,0.0,0.0
2023-03-06 00:00:00+09:00,91914.46400298938,92485.86830851417,91832.83481648583,92159.3515625,385,0.0,0.0
2023-03-07 00:00:00+09:00,92485.8671875,92730.75474404237,91914.46288890115,92485.8671875,246,0.0,0.0
2023-03-08 00:00:00+09:00,92485.87000500891,92485.87000500891,91179.80299699467,91669.578125,917,0.0,0.0
2023-03-09 00:00:00+09:00,91506.31557217527,91751.203125,91343.05720362545,91751.203125,494,0.0,0.0
2023-03-10 00:00:00+09:00,91343.0661202567,91669.58288922992,91343.0661202567,91424.6953125,575,0.0,0.0
2023-03-13 00:00:00+09:00,91179.7991011046,91179.7991011046,90118.61970243462,90526.765625,920,0.0,0.0
2023-03-14 00:00:00+09:00,89955.359375,90445.13447141561,88812.55081669692,89955.359375,992,0.0,0.0
2023-03-15 00:00:00+09:00,89873.7313012295,91179.79824112021,89302.32701502732,89628.84375,887,0.0,0.0
2023-03-16 00:00:00+09:00,88649.29743715406,89383.96012309732,87506.48881457564,88486.0390625,1684,0.0,0.0
2023-03-17 00:00:00+09:00,89220.69351803222,89220.69351803222,87424.8515625,87424.8515625,1837,0.0,0.0
2023-03-20 00:00:00+09:00,87914.6271924696,88241.1439137044,86853.4478484565,87261.59375,3051,0.0,0.0
2023-03-22 00:00:00+09:00,87669.74140696609,89220.69586388634,87343.2246791934,89057.4375,1116,0.0,0.0
2023-03-23 00:00:00+09:00,89057.43891335226,90036.9891122159,88077.88871448864,89792.1015625,1294,0.0,0.0
2023-03-24 00:00:00+09:00,89139.07985151935,89628.85501553868,88649.3046875,88649.3046875,762,0.0,0.0
2023-03-27 00:00:00+09:00,89302.33006925523,90200.25112113988,88975.81332311535,89873.734375,771,0.0,0.0
2023-03-28 00:00:00+09:00,89792.10296438233,90526.765625,89465.58622633002,90526.765625,989,0.0,0.0
2023-03-29 00:00:00+09:00,90608.40320121951,90853.29077743902,89710.48208841463,90363.515625,875,0.0,0.0
2023-03-30 00:00:00+09:00,89955.34995487364,91098.1583935018,89710.46243231047,90445.125,792,0.0,0.0
2023-03-31 00:00:00+09:00,90608.40435176791,90608.40435176791,89547.2248413418,90037.0,727,0.0,0.0
2023-04-03 00:00:00+09:00,90445.14500558036,92077.72885044642,89873.74065987724,91424.6953125,1509,0.0,0.0
2023-04-04 00:00:00+09:00,91424.68386952636,91751.20059763182,90608.39204926274,91343.0546875,1129,0.0,0.0
2023-04-05 00:00:00+09:00,91424.68778280543,91587.94615384615,90118.62081447964,90200.25,852,0.0,0.0
2023-04-06 00:00:00+09:00,89873.73606592466,90036.99444206622,89383.9609375,89383.9609375,631,0.0,0.0
2023-04-07 00:00:00+09:00,89220.69586388634,89383.95422777269,88649.29159028415,89057.4375,738,0.0,0.0
2023-04-10 00:00:00+09:00,89057.44224638098,89220.70061896829,88567.66712861902,88812.5546875,431,0.0,0.0
2023-04-11 00:00:00+09:00,88567.65733406568,88894.17404313137,88159.51144773359,88241.140625,534,0.0,0.0
2023-04-12 00:00:00+09:00,87996.26199802692,88322.77874013464,87833.00362697308,87914.6328125,982,0.0,0.0
2023-04-13 00:00:00+09:00,87914.63700191681,88159.52457016728,87751.37862308318,87833.0078125,527,0.0,0.0
2023-04-14 00:00:00+09:00,88159.51144773359,88404.39897953284,87751.36556140149,88241.140625,1696,0.0,0.0
2023-04-17 00:00:00+09:00,88404.40625,88730.92298591875,88159.51869806094,88404.40625,1309,0.0,0.0
2023-04-18 00:00:00+09:00,88241.15262586807,88894.18613281251,88077.89424913195,88159.5234375,1787,0.0,0.0
2023-04-19 00:00:00+09:00,88241.14788204063,88567.66461795938,87914.63114612189,88404.40625,809,0.0,0.0
2023-04-20 00:00:00+09:00,88077.890625,88322.7781800278,87914.63225498146,88077.890625,1053,0.0,0.0
2023-04-21 00:00:00+09:00,87996.26675977652,88077.89594972067,87588.12081005586,87669.75,1361,0.0,0.0
2023-04-24 00:00:00+09:00,87588.11081186461,88649.29016000463,87588.11081186461,88322.7734375,954,0.0,0.0
2023-04-25 00:00:00+09:00,88404.40261812616,88730.91934063077,88159.5150762477,88322.7734375,715,0.0,0.0
2023-04-26 00:00:00+09:00,88159.5234375,88486.04019097223,87914.63587239584,88159.5234375,708,0.0,0.0
2023-04-27 00:00:00+09:00,88241.14425687386,88486.03179875232,88159.5150762477,88322.7734375,598,0.0,0.0
2023-04-28 00:00:00+09:00,88241.14622790404,88975.8088699495,88159.51704545454,88894.1796875,1017,0.0,0.0
2023-05-01 00:00:00+09:00,88730.91660943223,89139.0625,88567.65825320513,89139.0625,757,0.0,0.0
2023-05-02 00:00:00+09:00,88812.54995417049,89547.21259165903,88812.54995417049,89057.4375,811,0.0,0.0
2023-05-08 00:00:00+09:00,88975.81860173358,89547.22294137774,88975.81860173358,89465.59375,922,0.0,0.0
2023-05-09 00:00:00+09:00,89628.85213275548,89955.36889826643,89302.33536724454,89465.59375,748,0.0,0.0
2023-05-10 00:00:00+09:00,89628.84486403108,89792.10323354663,88975.81138596893,89302.328125,898,0.0,0.0
2023-05-11 00:00:00+09:00,89302.32504582951,89383.95422777269,88812.54995417049,89057.4375,681,0.0,0.0
2023-05-12 00:00:00+09:00,88975.8214635129,88975.8214635129,88322.78791148712,88649.3046875,1072,0.0,0.0
2023-05-15 00:00:00+09:00,88975.81028005465,89792.10211748634,88322.7768101093,89628.84375,728,0.0,0.0
2023-05-16 00:00:00+09:00,89710.47488687783,90200.25,89383.95814479639,90200.25,407,0.0,0.0
2023-05-17 00:00:00+09:00,90036.98966871585,90118.61885245901,89547.21456625684,89628.84375,553,0.0,0.0
2023-05-18 00:00:00+09:00,89792.0979299363,89873.7271098726,89383.95203025478,89710.46875,516,0.0,0.0
2023-05-19 00:00:00+09:00,89628.84209408966,90363.50473420515,89547.21291185461,90118.6171875,578,0.0,0.0
2023-05-22 00:00:00+09:00,90118.61774047188,90526.76365415155,89628.84264405626,89955.359375,397,0.0,0.0
2023-05-23 00:00:00+09:00,90200.25647239965,90200.25647239965,88812.5602189781,89465.59375,767,0.0,0.0
2023-05-24 00:00:00+09:00,89302.33174942923,89873.73606592466,89139.07337328767,89383.9609375,541,0.0,0.0
2023-05-25 00:00:00+09:00,88975.8088699495,89547.21314709596,88812.5505050505,88894.1796875,739,0.0,0.0
2023-05-26 00:00:00+09:00,89302.33174942923,89383.9609375,88975.81499714612,89383.9609375,559,0.0,0.0
2023-05-29 00:00:00+09:00,89873.74047256098,90445.14481707317,89383.96532012195,90363.515625,1152,0.0,0.0
2023-05-30 00:00:00+09:00,90281.87807146077,90526.765625,90036.99051792154,90526.765625,424,0.0,0.0
2023-05-31 00:00:00+09:00,90281.87721994535,90281.87721994535,88649.29354508196,89628.84375,1427,0.0,0.0
2023-06-01 00:00:00+09:00,89628.85077909383,90036.9967298183,88730.9296875,88730.9296875,1135,0.0,0.0
2023-06-02 00:00:00+09:00,89057.43891335226,89792.1015625,88730.92218039773,89792.1015625,534,0.0,0.0
2023-06-05 00:00:00+09:00,90200.24692320781,90445.13447141561,89628.84264405626,89955.359375,520,0.0,0.0
2023-06-06 00:00:00+09:00,89792.09160649819,90445.125,89792.09160649819,90445.125,634,0.0,0.0
2023-06-07 00:00:00+09:00,90445.13868074479,90526.76786727975,89873.734375,89873.734375,1078,0.0,0.0
2023-06-08 00:00:00+09:00,89955.36468778487,90200.25225045579,89383.96037488605,89547.21875,935,0.0,0.0
2023-06-09 00:00:00+09:00,90526.77400914633,90690.03239329268,90036.99885670732,90363.515625,986,0.0,0.0
2023-06-12 00:00:00+09:00,90200.2488869477,90526.765625,90200.2488869477,90526.765625,593,0.0,0.0
2023-06-13 00:00:00+09:00,90690.02090867993,90771.65009041592,90200.24581826401,90281.875,702,0.0,0.0
2023-06-14 00:00:00+09:00,90526.75417418772,90608.38334837544,90200.23747743682,90445.125,616,0.0,0.0
2023-06-15 00:00:00+09:00,90608.39731541742,91179.80162281194,90445.13894187612,90934.9140625,844,0.0,0.0
2023-06-16 00:00:00+09:00,91179.79577386261,91506.3125,90853.27904772524,91506.3125,813,0.0,0.0
2023-06-19 00:00:00+09:00,91587.93913810483,91751.19749663978,91098.1640625,91098.1640625,601,0.0,0.0
2023-06-20 00:00:00+09:00,91261.428573418,91587.9453125,90771.653464795,91587.9453125,360,0.0,0.0
2023-06-21 00:00:00+09:00,91424.68331846566,91587.94168153434,91098.16659232827,91506.3125,353,0.0,0.0
2023-06-22 00:00:00+09:00,91343.06669275492,91669.5834637746,91098.17911449017,91261.4375,768,0.0,0.0
2023-06-23 00:00:00+09:00,91506.31140277778,91996.08648611112,91506.31140277778,91832.828125,589,0.0,0.0
2023-06-26 00:00:00+09:00,91832.83425895225,92485.86774701592,91669.57588693633,92322.609375,652,0.0,0.0
2023-06-27 00:00:00+09:00,92322.59939502853,92975.6328125,92077.71186347674,92975.6328125,598,0.0,0.0
2023-06-28 00:00:00+09:00,93383.79744964973,93383.79744964973,92730.76390105078,93220.5390625,528,0.0,0.0
2023-06-29 00:00:00+09:00,93302.15569732533,93710.30161026202,92975.63896697598,93465.4140625,993,0.0,0.0
2023-06-30 00:00:00+09:00,93791.9352582109,94444.96875,93547.04769878997,94444.96875,839,0.0,0.0
2023-07-03 00:00:00+09:00,94444.96987478317,94608.22824967476,94036.8239375542,94118.453125,744,0.0,0.0
2023-07-04 00:00:00+09:00,94200.07923913044,94444.96679347826,93710.30413043479,93873.5625,535,0.0,0.0
2023-07-05 00:00:00+09:00,94200.08063254962,94608.2265625,93955.19307457938,94608.2265625,457,0.0,0.0
2023-07-06 00:00:00+09:00,94689.85378689236,94771.4829711914,94036.8203125,94036.8203125,493,0.0,0.0
2023-07-07 00:00:00+09:00,94036.8203125,94526.59541829428,93710.30357530383,94036.8203125,400,0.0,0.0
2023-07-10 00:00:00+09:00,94444.96875,94608.22712294728,93791.9352582109,94444.96875,546,0.0,0.0
2023-07-11 00:00:00+09:00,94771.48605925325,94853.11524621212,94281.7109375,94281.7109375,493,0.0,0.0
2023-07-12 00:00:00+09:00,94444.96735491071,94444.96735491071,93465.41713169642,93710.3046875,889,0.0,0.0
2023-07-13 00:00:00+09:00,94118.45061383929,94118.45061383929,93383.78794642857,93710.3046875,593,0.0,0.0
2023-07-14 00:00:00+09:00,94036.81975736568,94363.33649263432,93628.6738382799,94200.078125,407,0.0,0.0
2023-07-18 00:00:00+09:00,93873.5636180192,93955.192803774,92975.6425747164,93547.046875,799,0.0,0.0
2023-07-19 00:00:00+09:00,93465.41602240669,94118.44949679905,93465.41602240669,94036.8203125,493,0.0,0.0
2023-07-20 00:00:00+09:00,94200.06977184255,94771.4740078936,94118.44059526383,94363.328125,917,0.0,0.0
2023-07-21 00:00:00+09:00,94689.85743712056,94689.85743712056,93955.1947501084,94118.453125,468,0.0,0.0
2023-07-24 00:00:00+09:00,94118.44059526383,94608.21565473615,94118.44059526383,94363.328125,332,0.0,0.0
2023-07-25 00:00:00+09:00,94281.70981853969,94853.11412047024,94118.45144655954,94608.2265625,641,0.0,0.0
2023-07-26 00:00:00+09:00,94689.86185622317,95506.15376877683,94689.86185622317,95098.0078125,1026,0.0,0.0
2023-07-27 00:00:00+09:00,95424.52037548242,95914.29550144727,95098.0036248392,95179.6328125,823,0.0,0.0
2023-07-28 00:00:00+09:00,94934.74301932496,95832.6640625,94444.96790486584,95832.6640625,1150,0.0,0.0
2023-07-31 00:00:00+09:00,96240.81306419925,96567.32981759771,95587.7795574023,96077.5546875,816,0.0,0.0
2023-08-01 00:00:00+09:00,96567.32868728832,96648.95787468248,95914.29518813506,96404.0703125,798,0.0,0.0
2023-08-02 00:00:00+09:00,95995.93388297873,96404.07986037234,95751.04629654255,95914.3046875,521,0.0,0.0
2023-08-03 00:00:00+09:00,95587.7734375,95751.0318037468,95179.62752188301,95587.7734375,602,0.0,0.0
2023-08-04 00:00:00+09:00,95342.89143341815,96730.58762722646,95342.89143341815,96240.8125,1071,0.0,0.0
2023-08-07 00:00:00+09:00,96404.06807847982,97301.98911900757,96404.06807847982,97057.1015625,956,0.0,0.0
2023-08-08 00:00:00+09:00,97220.37254294899,97302.00173903878,96322.45138596122,96812.2265625,882,0.0,0.0
2023-08-09 00:00:00+09:00,97057.10128348214,97057.10128348214,95751.03431919642,95995.921875,1440,0.0,0.0
2023-08-10 00:00:00+09:00,95751.02850935122,96648.94949281488,95751.02850935122,96567.3203125,382,0.0,0.0
2023-08-14 00:00:00+09:00,95914.28686998098,96648.94949281488,95914.28686998098,96567.3203125,556,0.0,0.0
2023-08-15 00:00:00+09:00,96567.32673418868,96567.32673418868,95751.03487675682,95832.6640625,583,0.0,0.0
2023-08-16 00:00:00+09:00,95751.03431919642,96077.55106026786,95506.14676339286,95995.921875,318,0.0,0.0
2023-08-17 00:00:00+09:00,96240.82146941489,96240.82146941489,95669.41710106382,95914.3046875,331,0.0,0.0
2023-08-18 00:00:00+09:00,95832.65734508546,96077.54488514957,95261.2530849359,95506.140625,808,0.0,0.0
2023-08-21 00:00:00+09:00,95342.8953862661,95669.41215128756,95098.0078125,95098.0078125,454,0.0,0.0
2023-08-22 00:00:00+09:00,94934.74052341745,95506.14480859709,94853.11133982036,95424.515625,257,0.0,0.0
2023-08-23 00:00:00+09:00,95669.40874575192,96077.5546875,95342.89199235344,96077.5546875,356,0.0,0.0
2023-08-24 00:00:00+09:00,96077.56379769182,96893.8557585898,95995.93460160203,96812.2265625,695,0.0,0.0
2023-08-25 00:00:00+09:00,96975.46621407437,96975.46621407437,96322.43277155537,96567.3203125,395,0.0,0.0
2023-08-28 00:00:00+09:00,96567.3203125,96567.3203125,95995.91605029585,96567.3203125,510,0.0,0.0
2023-08-29 00:00:00+09:00,96648.95037688442,97465.2421875,96159.17529051508,97465.2421875,1365,0.0,0.0
2023-08-30 00:00:00+09:00,97185.18073996114,97772.14904468911,96598.21243523316,97101.328125,2884,3166.0,0.0
2023-08-31 00:00:00+09:00,97269.02915232358,98275.2604883821,97185.17654098537,97436.734375,2034,0.0,0.0
2023-09-01 00:00:00+09:00,98107.56144587959,98191.4140625,97436.74051291631,98191.4140625,777,0.0,0.0
2023-09-04 00:00:00+09:00,98107.5557367408,98778.37663066723,98023.703125,98023.703125,788,0.0,0.0
2023-09-05 00:00:00+09:00,98107.55562447212,99365.34479914485,97939.85040118244,99281.4921875,721,0.0,0.0
2023-09-06 00:00:00+09:00,98946.08549126172,99113.79072090793,98275.2645726769,98359.1171875,434,0.0,0.0
2023-09-07 00:00:00+09:00,98526.8224171462,98694.52764679241,97939.85411338448,98359.1171875,401,0.0,0.0
2023-09-08 00:00:00+09:00,98694.52976222246,98778.38237884287,97939.85621263877,98191.4140625,686,0.0,0.0
2023-09-11 00:00:00+09:00,98191.40834848161,98610.67140718563,97520.58745455518,98023.703125,472,0.0,0.0
2023-09-12 00:00:00+09:00,97688.29372458262,97939.8515625,97520.58849930436,97939.8515625,290,0.0,0.0
2023-09-13 00:00:00+09:00,97855.99589776168,98442.9641679282,96933.6171875,96933.6171875,742,0.0,0.0
2023-09-14 00:00:00+09:00,96933.62394662922,97436.73964185393,96178.95040379213,97017.4765625,856,0.0,0.0
2023-09-15 00:00:00+09:00,96765.91196745243,97017.4697975238,96514.35413738106,96933.6171875,702,0.0,0.0
2023-09-19 00:00:00+09:00,97352.8864136266,97688.296875,96933.62333690986,97688.296875,504,0.0,0.0
2023-09-20 00:00:00+09:00,96933.61870697074,98107.55526570568,96933.61870697074,97436.734375,548,0.0,0.0
2023-09-21 00:00:00+09:00,97772.14738646102,98107.55784061697,97269.03170522708,97856.0,533,0.0,0.0
2023-09-22 00:00:00+09:00,97269.03589853826,97856.00421861565,96933.62542992261,97520.59375,462,0.0,0.0
2023-09-25 00:00:00+09:00,97520.58545766653,97772.1432877379,96933.6171875,96933.6171875,488,0.0,0.0
2023-09-26 00:00:00+09:00,96933.61928617851,97352.88234537478,96765.9140625,96765.9140625,377,0.0,0.0
2023-09-27 00:00:00+09:00,96849.76457747622,97185.17501757137,96765.91196745243,96933.6171875,368,0.0,0.0
2023-09-28 00:00:00+09:00,96933.61515748031,97101.32037401575,95843.53125,95843.53125,1251,0.0,0.0
2023-09-29 00:00:00+09:00,96933.62394662922,97185.18179424158,96598.21348314607,97017.4765625,587,0.0,0.0
2023-10-02 00:00:00+09:00,97017.47445939388,97520.59014371225,97017.47445939388,97185.1796875,497,0.0,0.0
2023-10-03 00:00:00+09:00,96849.77150831874,96849.77150831874,95759.6875,95759.6875,716,0.0,0.0
2023-10-04 00:00:00+09:00,95591.97405133928,95675.82666015625,93327.95361328125,93914.921875,1173,0.0,0.0
2023-10-05 00:00:00+09:00,94334.1888907068,96095.09375,94334.1888907068,96095.09375,550,0.0,0.0
2023-10-06 00:00:00+09:00,95675.83173444324,96430.50525382097,95591.97912117904,96011.2421875,328,0.0,0.0
2023-10-10 00:00:00+09:00,96765.9140625,97269.02973353553,96514.35622698223,96765.9140625,397,0.0,0.0
2023-10-11 00:00:00+09:00,97269.02398003472,97520.58180067273,96514.35051812066,96598.203125,679,0.0,0.0
2023-10-12 00:00:00+09:00,97101.32450985702,97101.32450985702,96598.20883882149,96765.9140625,189,0.0,0.0
2023-10-13 00:00:00+09:00,96765.91196745243,97101.32240754759,96346.64891733348,96933.6171875,425,0.0,0.0
2023-10-16 00:00:00+09:00,96849.76892315304,96849.76892315304,95340.421875,95340.421875,516,0.0,0.0
2023-10-17 00:00:00+09:00,96430.50104710618,96682.05887592472,95424.26973183203,96346.6484375,445,0.0,0.0
2023-10-18 00:00:00+09:00,96765.91766515543,97101.328125,96514.35982027202,97101.328125,329,0.0,0.0
2023-10-19 00:00:00+09:00,97269.03078924544,97352.8834019948,96514.3572745013,96682.0625,405,0.0,0.0
2023-10-20 00:00:00+09:00,97101.32556374674,97101.32556374674,96514.3572745013,96682.0625,308,0.0,0.0
2023-10-23 00:00:00+09:00,96849.76199364683,97101.31981700695,96514.3515625,96514.3515625,404,0.0,0.0
2023-10-24 00:00:00+09:00,96598.21515679442,96933.62562608885,96095.09945285278,96262.8046875,653,0.0,0.0
2023-10-25 00:00:00+09:00,96514.35773168104,97269.03125,92070.16923491379,97269.03125,1159,0.0,0.0
2023-10-26 00:00:00+09:00,96849.76199364683,97185.17242479367,96095.08852356646,96514.3515625,435,0.0,0.0
2023-10-27 00:00:00+09:00,97101.3264781491,97939.852613539,97017.47386461012,97856.0,654,0.0,0.0
2023-10-30 00:00:00+09:00,97688.29918200131,97688.29918200131,95927.39421820558,96262.8046875,621,0.0,0.0
2023-10-31 00:00:00+09:00,97017.47282346961,97939.8515625,96849.76759819135,97939.8515625,652,0.0,0.0
2023-11-01 00:00:00+09:00,97772.13904255319,99616.89638297872,97772.13904255319,98526.8125,778,0.0,0.0
2023-11-02 00:00:00+09:00,99197.640625,99365.3458500634,98442.9671122147,99197.640625,418,0.0,0.0
2023-11-06 00:00:00+09:00,99365.3396174936,99868.4552611265,98442.9609375,98442.9609375,489,0.0,0.0
2023-11-07 00:00:00+09:00,98442.96455857386,98778.375,97520.58584465196,98778.375,534,0.0,0.0
2023-11-08 00:00:00+09:00,98778.37557425213,98778.37557425213,97520.58641159188,98107.5546875,294,0.0,0.0
2023-11-09 00:00:00+09:00,98107.56207007739,98107.56207007739,97101.33066423044,97520.59375,448,0.0,0.0
2023-11-10 00:00:00+09:00,97185.17389478456,98275.2578125,97185.17389478456,98275.2578125,358,0.0,0.0
2023-11-13 00:00:00+09:00,98610.668814433,98778.37403350516,97604.4375,97604.4375,297,0.0,0.0
2023-11-14 00:00:00+09:00,97855.99628607811,98862.22761035654,97520.58584465196,98778.375,447,0.0,0.0
2023-11-15 00:00:00+09:00,98946.08699109414,99449.20268765902,98610.67652671755,98862.234375,657,0.0,0.0
2023-11-16 00:00:00+09:00,99113.78754783163,99281.49277210885,98442.9666507228,98610.671875,162,0.0,0.0
2023-11-17 00:00:00+09:00,98191.4119578538,98862.23287643862,97856.00149856138,98359.1171875,300,0.0,0.0
2023-11-20 00:00:00+09:00,98778.3734668302,99197.63651210538,98275.2578125,98275.2578125,455,0.0,0.0
2023-11-21 00:00:00+09:00,99113.79072090793,99113.79072090793,97939.85411338448,98359.1171875,355,0.0,0.0
2023-11-22 00:00:00+09:00,98359.11042155504,98946.07868494028,97772.1421581698,98275.2578125,238,0.0,0.0
2023-11-24 00:00:00+09:00,98191.41135690094,99365.34795723963,98191.41135690094,99029.9375,314,0.0,0.0
2023-11-27 00:00:00+09:00,99197.6530683495,99449.2109375,98778.38995309864,99449.2109375,256,0.0,0.0
2023-11-28 00:00:00+09:00,99113.78951587468,99700.7578125,99113.78951587468,99700.7578125,260,0.0,0.0
2023-11-29 00:00:00+09:00,99616.90519869638,99784.61042630361,99113.78951587468,99700.7578125,438,0.0,0.0
2023-11-30 00:00:00+09:00,99113.79222328243,99197.64483937659,97604.44513358778,98862.234375,1707,0.0,0.0
2023-12-01 00:00:00+09:00,99029.93826910622,99029.93826910622,97101.328125,97101.328125,803,0.0,0.0
2023-12-04 00:00:00+09:00,97101.32392964716,97688.29220901463,97101.32392964716,97436.734375,483,0.0,0.0
2023-12-05 00:00:00+09:00,97856.0,98023.70522707798,97352.88431876607,97856.0,491,0.0,0.0
2023-12-06 00:00:00+09:00,98107.5557367408,98107.5557367408,97185.17700759196,98023.703125,448,0.0,0.0
2023-12-07 00:00:00+09:00,97269.03066138699,97939.8515625,96682.0623729131,97939.8515625,476,0.0,0.0
2023-12-08 00:00:00+09:00,97269.03125,97855.99954202586,97185.17863685345,97269.03125,657,0.0,0.0
2023-12-11 00:00:00+09:00,97939.84993627868,98694.5234375,97772.14471378505,98694.5234375,565,0.0,0.0
2023-12-12 00:00:00+09:00,98191.40834848161,98526.81879544482,97772.14528977759,98023.703125,395,0.0,0.0
2023-12-13 00:00:00+09:00,98107.5546875,98275.25990918804,97604.4390224359,98107.5546875,370,0.0,0.0
2023-12-14 00:00:00+09:00,98107.55784061697,98275.26306769495,97604.44215938303,97856.0,380,0.0,0.0
2023-12-15 00:00:00+09:00,97772.14007932282,98694.51875931644,97520.5822575064,98442.9609375,1136,0.0,0.0
2023-12-18 00:00:00+09:00,98107.55934303069,98442.9698023231,97772.14888373828,98359.1171875,386,0.0,0.0
2023-12-19 00:00:00+09:00,98107.56207007739,98107.56207007739,96682.06757846089,97520.59375,793,0.0,0.0
2023-12-20 00:00:00+09:00,98023.70265436747,98023.70265436747,96933.61870697074,97436.734375,473,0.0,0.0
2023-12-21 00:00:00+09:00,96933.62033824805,97520.58862749349,96514.3572745013,96682.0625,480,0.0,0.0
2023-12-22 00:00:00+09:00,96765.91140463918,97604.4375,96765.91140463918,97604.4375,355,0.0,0.0
2023-12-25 00:00:00+09:00,97269.02714316797,98023.70062962358,96346.6484375,96346.6484375,656,0.0,0.0
2023-12-26 00:00:00+09:00,96346.6573048236,96514.36253947082,95843.54160088197,96262.8046875,473,0.0,0.0
2023-12-27 00:00:00+09:00,96262.80093291632,97520.59014371225,96095.09570481018,97185.1796875,618,0.0,0.0
2023-12-28 00:00:00+09:00,97939.85455508475,99197.6437831038,97604.44409427966,98946.0859375,622,0.0,0.0
2023-12-29 00:00:00+09:00,98946.09519919899,99616.91618360033,98359.1268378478,99449.2109375,785,0.0,0.0
2024-01-04 00:00:00+09:00,99533.06356055016,99533.06356055016,99029.94782224915,99449.2109375,443,0.0,0.0
2024-01-05 00:00:00+09:00,99616.89685150376,101126.24377349623,99449.19163794903,100371.5703125,1280,0.0,0.0
2024-01-09 00:00:00+09:00,100623.13913316582,100623.13913316582,99616.90774183416,100120.0234375,790,0.0,0.0
2024-01-10 00:00:00+09:00,100036.16252895957,100287.72035593935,99281.48904802023,99533.046875,809,0.0,0.0
2024-01-11 00:00:00+09:00,99197.64317655723,99868.46409406565,98694.52748842593,99616.90625,908,0.0,0.0
2024-01-12 00:00:00+09:00,99784.6114793771,100371.57978219696,99365.34840593435,99616.90625,911,0.0,0.0
2024-01-15 00:00:00+09:00,99616.90564903847,100371.57917668269,99616.90564903847,100287.7265625,177,0.0,0.0
2024-01-16 00:00:00+09:00,99616.90414915966,100706.98811712184,99616.90414915966,99784.609375,507,0.0,0.0
2024-01-17 00:00:00+09:00,99616.90368765849,100036.16675031699,99197.640625,99197.640625,657,0.0,0.0
2024-01-18 00:00:00+09:00,99197.6437831038,99449.20162870763,98694.52809189618,98946.0859375,966,0.0,0.0
2024-01-19 00:00:00+09:00,99197.640625,99616.90368765849,99113.7880124683,99197.640625,615,0.0,0.0
2024-01-22 00:00:00+09:00,99868.46894965993,101797.07918126545,99868.46894965993,101713.2265625,1777,0.0,0.0
2024-01-23 00:00:00+09:00,101293.95054031587,101629.36097256858,100874.6875,100874.6875,820,0.0,0.0
2024-01-24 00:00:00+09:00,101377.80525343464,101629.36308284763,100623.13176519566,100706.984375,518,0.0,0.0
2024-01-25 00:00:00+09:00,100706.99069037657,100706.99069037657,99868.46453974895,100203.875,788,0.0,0.0
2024-01-26 00:00:00+09:00,100706.98332856697,101126.2463732321,100539.2781107009,100790.8359375,613,0.0,0.0
2024-01-29 00:00:00+09:00,101042.39481421732,101210.10003382598,100539.27915539134,100706.984375,1076,0.0,0.0
2024-01-30 00:00:00+09:00,100790.84059906639,101545.51411436722,100790.84059906639,101042.3984375,904,0.0,0.0
2024-01-31 00:00:00+09:00,101042.40519408167,101293.96304933666,100539.28948357173,101126.2578125,1517,0.0,0.0
2024-02-01 00:00:00+09:00,101461.6682861733,101964.78399668325,101126.2578125,101126.2578125,1688,0.0,0.0
2024-02-02 00:00:00+09:00,101545.51038882608,102635.59431537829,101545.51038882608,101964.7734375,1158,0.0,0.0
2024-02-05 00:00:00+09:00,102216.32922901081,102216.32922901081,100874.6875,100874.6875,1338,0.0,0.0
2024-02-06 00:00:00+09:00,100874.6875,101377.80314837905,100287.71924355777,100874.6875,1119,0.0,0.0
2024-02-07 00:00:00+09:00,101377.79790968147,101629.35572087175,100036.15625,100036.15625,1399,0.0,0.0
2024-02-08 00:00:00+09:00,100455.43179086539,100874.69486177884,99868.46349158655,100287.7265625,774,0.0,0.0
2024-02-09 00:00:00+09:00,101042.40115062761,101126.25376569037,100203.875,100203.875,888,0.0,0.0
2024-02-13 00:00:00+09:00,100874.69334296219,100874.69334296219,99700.75676207984,99784.609375,1068,0.0,0.0
2024-02-14 00:00:00+09:00,99868.45893463498,99868.45893463498,98610.66977928692,98778.375,1624,0.0,0.0
2024-02-15 00:00:00+09:00,98946.08549126172,99029.93810608482,97772.14888373828,98359.1171875,2280,0.0,0.0
2024-02-16 00:00:00+09:00,98359.11462569563,98946.08291416951,97772.14633722174,97939.8515625,1818,0.0,0.0
2024-02-19 00:00:00+09:00,97939.85004302926,98023.70265436747,97017.47131830895,97436.734375,2006,0.0,0.0
2024-02-20 00:00:00+09:00,97855.99476722484,98778.3734668302,97772.1421581698,98275.2578125,1833,0.0,0.0
2024-02-21 00:00:00+09:00,98694.52507625215,98862.23030153039,97520.58849930436,97939.8515625,1716,0.0,0.0
2024-02-22 00:00:00+09:00,97688.29748946629,97939.85533707865,96262.80301966293,97017.4765625,3178,0.0,0.0
2024-02-26 00:00:00+09:00,97520.58954584405,98610.6735218509,97269.03170522708,97856.0,2037,0.0,0.0
2024-02-27 00:00:00+09:00,97856.0,98442.96829477293,97269.03170522708,97856.0,2814,0.0,0.0
2024-02-28 00:00:00+09:00,98028.59120734908,98891.5189468504,97510.83456364828,98632.640625,4999,3300.0,0.0
2024-02-29 00:00:00+09:00,98460.0427631579,98977.79934210527,97942.28618421052,98373.75,1817,0.0,0.0
2024-03-01 00:00:00+09:00,98373.75661375662,98546.34215167549,97597.12169312169,97856.0,961,0.0,0.0
2024-03-04 00:00:00+09:00,97855.99260013204,98546.33469960387,97855.99260013204,98028.578125,1164,0.0,0.0
2024-03-05 00:00:00+09:00,98201.16613153233,98546.33718999114,97338.2384853853,97424.53125,1277,0.0,0.0
2024-03-06 00:00:00+09:00,97338.2457460733,98977.80839605148,97338.2457460733,98891.515625,2336,0.0,0.0
2024-03-07 00:00:00+09:00,99150.38778221366,99150.38778221366,97510.82523403084,97942.2890625,1095,0.0,0.0
2024-03-08 00:00:00+09:00,97424.52713597075,98201.16198470745,96993.06333111702,97338.234375,1046,0.0,0.0
2024-03-11 00:00:00+09:00,97079.36348246003,97942.29115785968,96561.60687722026,97165.65625,1173,0.0,0.0
2024-03-12 00:00:00+09:00,97424.53866736912,97424.53866736912,96389.02541315439,97251.953125,759,0.0,0.0
2024-03-13 00:00:00+09:00,97510.82153648164,97597.11429890331,96043.84457531333,96389.015625,929,0.0,0.0
2024-03-14 00:00:00+09:00,97079.36507936509,97856.0,96561.60846560847,97856.0,825,0.0,0.0
2024-03-15 00:00:00+09:00,98546.35194493007,99495.57249781469,98028.59527972028,98718.9375,1133,0.0,0.0
2024-03-18 00:00:00+09:00,99150.39648266023,99150.39648266023,97942.2976569359,98287.46875,782,0.0,0.0
2024-03-19 00:00:00+09:00,99064.10023686478,100531.07733096468,98546.34361541775,100185.90625,1440,0.0,0.0
2024-03-21 00:00:00+09:00,100703.66075721153,101394.00290464744,99927.02584134616,100962.5390625,1092,0.0,0.0
2024-03-22 00:00:00+09:00,101652.88111070226,103033.56540422623,101394.00280566652,102602.1015625,1614,0.0,0.0
2024-03-25 00:00:00+09:00,102515.80263157895,103292.4375,102429.50986842105,103292.4375,773,0.0,0.0
2024-03-26 00:00:00+09:00,103119.85607522955,103465.02714159015,102515.8067090985,103378.734375,831,0.0,0.0
2024-03-27 00:00:00+09:00,103551.31291597338,103810.19119826332,103206.14187292014,103723.8984375,790,0.0,0.0
2024-03-28 00:00:00+09:00,103723.90835865465,103723.90835865465,102515.80959241408,102947.2734375,683,0.0,0.0
2024-03-29 00:00:00+09:00,102774.67682640051,103465.0189041597,101998.04198892141,103206.140625,1020,0.0,0.0
2024-04-01 00:00:00+09:00,102774.68669703034,104069.07821714407,102084.34455296968,102429.515625,1094,0.0,0.0
2024-04-02 00:00:00+09:00,102429.52187367472,102860.98574003392,101394.00859441263,101739.1796875,607,0.0,0.0
2024-04-03 00:00:00+09:00,101739.1726806847,102170.63651732884,100962.53777472528,102084.34375,740,0.0,0.0
2024-04-04 00:00:00+09:00,101566.5916223124,102343.2265625,101394.0060800485,102343.2265625,638,0.0,0.0
2024-04-05 00:00:00+09:00,101911.7648417587,102170.64316057773,101048.83711236193,101566.59375,866,0.0,0.0
2024-04-08 00:00:00+09:00,101566.5846769958,102947.26892069328,101221.41361607143,102688.390625,750,0.0,0.0
2024-04-09 00:00:00+09:00,102947.28101794556,104673.13652537129,102947.28101794556,104586.84375,1156,0.0,0.0
2024-04-10 00:00:00+09:00,104414.25664451827,105104.59883720931,103723.91445182725,103896.5,505,0.0,0.0
2024-04-11 00:00:00+09:00,103551.32349917763,104932.0078125,103378.73796001232,104932.0078125,684,0.0,0.0
2024-04-12 00:00:00+09:00,104845.7093063898,104845.7093063898,103551.31783347142,104155.3671875,515,0.0,0.0
2024-04-15 00:00:00+09:00,104069.06948055324,104155.36224131656,103465.02015521006,103723.8984375,482,0.0,0.0
2024-04-16 00:00:00+09:00,103982.78374113105,104069.0765077212,103119.85607522955,103378.734375,410,0.0,0.0
2024-04-17 00:00:00+09:00,103723.91739209757,104069.08849822769,103292.45350943494,103465.0390625,346,0.0,0.0
2024-04-18 00:00:00+09:00,103465.02302631579,103896.48684210527,103119.85197368421,103292.4375,176,0.0,0.0
2024-04-19 00:00:00+09:00,103551.3116638796,104241.6537416388,102429.5057875209,103206.140625,818,0.0,0.0
2024-04-22 00:00:00+09:00,103723.91074948132,104414.25291753112,103292.44689445022,103982.7890625,875,0.0,0.0
2024-04-23 00:00:00+09:00,103896.49258913765,105104.59134017413,103810.19982120648,104069.078125,1165,0.0,0.0
2024-04-24 00:00:00+09:00,104069.06948055324,104500.5332843698,103465.02015521006,103723.8984375,395,0.0,0.0
2024-04-25 00:00:00+09:00,103551.32441715237,104241.66657993339,103206.15333576186,103637.6171875,516,0.0,0.0
2024-04-26 00:00:00+09:00,103637.62283703513,104414.2578125,103033.57341167355,104414.2578125,460,0.0,0.0
2024-04-30 00:00:00+09:00,104500.54147715658,105794.93299008586,104414.24870962797,105536.0546875,1190,0.0,0.0
2024-05-01 00:00:00+09:00,105449.76151719902,105536.05428439804,104241.66277641278,105363.46875,744,0.0,0.0
2024-05-02 00:00:00+09:00,105536.0526075487,106657.85856331169,105190.88154423701,106312.6875,589,0.0,0.0
2024-05-07 00:00:00+09:00,106571.57992493872,106571.57992493872,105449.77382046568,105622.359375,584,0.0,0.0
2024-05-08 00:00:00+09:00,105622.35036945813,106226.39975882595,105104.59375,105104.59375,295,0.0,0.0
2024-05-09 00:00:00+09:00,105536.05428439804,105967.51812039311,105104.59044840295,105363.46875,309,0.0,0.0
2024-05-10 00:00:00+09:00,105363.46915244276,105536.0546875,104759.41977974244,105536.0546875,766,0.0,0.0
2024-05-13 00:00:00+09:00,105449.76064421522,106657.859375,105190.88234476134,106657.859375,548,0.0,0.0
2024-05-14 00:00:00+09:00,106657.859375,106916.73767445389,106140.10277609224,106657.859375,393,0.0,0.0
2024-05-15 00:00:00+09:00,106571.56991332116,106830.44822080291,105881.22776003649,106398.984375,447,0.0,0.0
2024-05-16 00:00:00+09:00,106398.98026582792,106398.98026582792,105794.93090503247,106312.6875,395,0.0,0.0
2024-05-17 00:00:00+09:00,105708.64629760939,106830.45233995137,105708.64629760939,106485.28125,465,0.0,0.0
2024-05-20 00:00:00+09:00,106226.39963116411,106830.44901980598,105622.35024252224,106744.15625,560,0.0,0.0
2024-05-21 00:00:00+09:00,105708.64222171533,106830.44822080291,105622.34945255474,106398.984375,518,0.0,0.0
2024-05-22 00:00:00+09:00,106571.56660851538,106744.15214148464,105794.93171015373,106657.859375,692,0.0,0.0
2024-05-23 00:00:00+09:00,106830.44862095141,106830.44862095141,105277.17877024291,106571.5703125,843,0.0,0.0
2024-05-24 00:00:00+09:00,105449.76430921053,106571.5703125,104845.71492282388,106571.5703125,731,0.0,0.0
2024-05-27 00:00:00+09:00,105794.93339285714,106226.39723214286,105104.59125,105708.640625,487,0.0,0.0
2024-05-28 00:00:00+09:00,105708.640625,105967.51892857143,105277.17678571428,105708.640625,360,0.0,0.0
2024-05-29 00:00:00+09:00,105449.76414748955,105449.76414748955,103119.859375,103119.859375,769,0.0,0.0
2024-05-30 00:00:00+09:00,103637.61812947935,103810.20367174326,102084.34824910414,102343.2265625,967,0.0,0.0
2024-05-31 00:00:00+09:00,102602.09539473684,103551.31578947368,102170.63157894737,103292.4375,585,0.0,0.0
2024-06-03 00:00:00+09:00,103810.20112767183,104241.66497275775,102947.2734375,102947.2734375,355,0.0,0.0
2024-06-04 00:00:00+09:00,103465.02632956448,103982.78292504187,103033.5625,103033.5625,246,0.0,0.0
2024-06-05 00:00:00+09:00,103119.85445115546,103637.61104254202,102688.390625,102688.390625,357,0.0,0.0
2024-06-06 00:00:00+09:00,102860.9810669456,103119.859375,101911.7606040795,103119.859375,301,0.0,0.0
2024-06-07 00:00:00+09:00,103119.8569579459,103119.8569579459,101998.05098267118,102084.34375,269,0.0,0.0
2024-06-10 00:00:00+09:00,102170.63772077375,102602.1015625,101998.05218408327,102602.1015625,445,0.0,0.0
2024-06-11 00:00:00+09:00,102602.1007581751,102774.68629351266,101825.46584915611,102256.9296875,222,0.0,0.0
2024-06-12 00:00:00+09:00,102256.93671941152,102343.2294930144,101652.88730419136,101911.765625,238,0.0,0.0
2024-06-13 00:00:00+09:00,101739.17024711784,101998.04854291205,100531.07153341161,101048.828125,639,0.0,0.0
2024-06-14 00:00:00+09:00,100876.2478843909,101998.05389165958,100789.955114601,101652.8828125,459,0.0,0.0
2024-06-17 00:00:00+09:00,101825.46342178175,101825.46342178175,100789.95023444161,101221.4140625,263,0.0,0.0
2024-06-18 00:00:00+09:00,101393.99629969176,101480.2890625,100789.94696003402,101480.2890625,226,0.0,0.0
2024-06-19 00:00:00+09:00,101739.17348093935,102429.515625,101221.41687289385,102429.515625,230,0.0,0.0
2024-06-20 00:00:00+09:00,102343.22497081918,103292.44543850806,101394.0045031303,101652.8828125,668,0.0,0.0
2024-06-21 00:00:00+09:00,102170.64394580864,102256.93671941152,101739.18007779424,101911.765625,142,0.0,0.0
2024-06-24 00:00:00+09:00,102343.2265625,102602.10487589588,101652.88439344436,102343.2265625,363,0.0,0.0
2024-06-25 00:00:00+09:00,102602.09661393391,103896.4880766833,102602.09661393391,103810.1953125,294,0.0,0.0
2024-06-26 00:00:00+09:00,103982.78165777755,104414.24548208367,103637.61059833264,104155.3671875,348,0.0,0.0
2024-06-27 00:00:00+09:00,104414.25212062865,104414.25212062865,102947.27502471898,103637.6171875,424,0.0,0.0
2024-06-28 00:00:00+09:00,103637.61478264298,103637.61478264298,102602.1015625,102602.1015625,254,0.0,0.0
2024-07-01 00:00:00+09:00,103119.86030190678,103119.86030190678,101739.17597987289,101825.46875,406,0.0,0.0
2024-07-02 00:00:00+09:00,101911.75901695451,102429.515625,101652.88071293177,102429.515625,487,0.0,0.0
2024-07-03 00:00:00+09:00,101998.05839860288,101998.05839860288,101566.59453058848,101911.765625,380,0.0,0.0
2024-07-04 00:00:00+09:00,102256.92928465766,102343.22205198648,101739.1726806847,102084.34375,165,0.0,0.0
2024-07-05 00:00:00+09:00,102084.3458595081,102170.6386286201,101307.7109375,101307.7109375,461,0.0,0.0
2024-07-08 00:00:00+09:00,101998.05228365384,101998.05228365384,100962.5390625,100962.5390625,1110,0.0,0.0
2024-07-09 00:00:00+09:00,101048.828125,101393.99918605892,100272.19323761742,101048.828125,639,0.0,0.0
2024-07-10 00:00:00+09:00,101048.828125,101480.29195132366,100962.53535973527,101048.828125,231,0.0,0.0
2024-07-11 00:00:00+09:00,101135.11923646362,102170.63240270727,101048.82647260997,101998.046875,258,0.0,0.0
2024-07-12 00:00:00+09:00,101998.05297831098,103378.73728258592,101825.46744027661,102947.2734375,872,0.0,0.0
2024-07-16 00:00:00+09:00,103206.1488418197,103465.02714159015,102947.27054204924,103378.734375,242,0.0,0.0
2024-07-17 00:00:00+09:00,103465.02302631579,104327.95065789473,102774.68092105263,103292.4375,557,0.0,0.0
2024-07-18 00:00:00+09:00,103465.02754557291,103810.19861328125,103292.44201171874,103551.3203125,364,0.0,0.0
2024-07-19 00:00:00+09:00,103551.3116638796,103551.3116638796,102688.3840666806,103206.140625,311,0.0,0.0
2024-07-22 00:00:00+09:00,102947.27476165254,102947.27476165254,101652.88320974576,101825.46875,495,0.0,0.0
2024-07-23 00:00:00+09:00,101998.05138449366,102602.1007581751,101825.46584915611,102256.9296875,369,0.0,0.0
2024-07-24 00:00:00+09:00,102515.81210476391,102860.98318929174,101911.76270684022,102343.2265625,496,0.0,0.0
2024-07-25 00:00:00+09:00,102343.22245516878,102343.22245516878,101480.29477848101,102256.9296875,467,0.0,0.0
2024-07-26 00:00:00+09:00,101739.17348093935,102947.2722330455,101739.17348093935,102429.515625,594,0.0,0.0
2024-07-29 00:00:00+09:00,102256.93048911901,103292.44370926198,101739.17387904752,102602.1015625,710,0.0,0.0
2024-07-30 00:00:00+09:00,103119.8679563699,104759.43071048791,102602.11129717472,103465.0390625,3265,0.0,0.0
2024-07-31 00:00:00+09:00,103378.72863203642,104500.53453538907,103119.85034664736,104241.65625,548,0.0,0.0
2024-08-01 00:00:00+09:00,104241.66122278056,104241.66122278056,102774.6842022613,103033.5625,1437,0.0,0.0
2024-08-02 00:00:00+09:00,102688.39483788397,102688.39483788397,100789.95392491468,101135.125,1806,0.0,0.0
2024-08-05 00:00:00+09:00,99927.02794634755,100099.6134868421,94059.11956953266,95094.6328125,2816,0.0,0.0
2024-08-06 00:00:00+09:00,100272.18994828346,100531.0682355854,97597.1143128301,98028.578125,2344,0.0,0.0
2024-08-07 00:00:00+09:00,97510.83206521739,101307.71402173913,97165.66097826087,99236.6875,1247,0.0,0.0
2024-08-08 00:00:00+09:00,99668.15430540394,101135.13146834061,98805.2265625,98805.2265625,1436,0.0,0.0
2024-08-09 00:00:00+09:00,99322.97987668772,100876.24976181402,98977.8087911041,99064.1015625,1206,0.0,0.0
2024-08-13 00:00:00+09:00,99668.14347866765,101048.82771733319,99668.14347866765,100876.2421875,674,0.0,0.0
2024-08-14 00:00:00+09:00,101307.71620977984,101911.765625,100358.49570014818,101911.765625,842,0.0,0.0
2024-08-15 00:00:00+09:00,101480.3017569856,101911.765625,100876.25234176544,101911.765625,658,0.0,0.0
2024-08-16 00:00:00+09:00,102343.22405437971,102947.2734375,101652.88190224224,102947.2734375,1046,0.0,0.0
2024-08-19 00:00:00+09:00,102688.39392902276,102860.97946503792,101652.88071293177,102429.515625,809,0.0,0.0
2024-08-20 00:00:00+09:00,102860.98026868179,103119.85857472713,102256.93088790932,102774.6875,605,0.0,0.0
2024-08-21 00:00:00+09:00,102515.81504022014,102602.10781382302,101911.765625,101911.765625,455,0.0,0.0
2024-08-22 00:00:00+09:00,102084.34706038136,102256.9326006356,101739.17597987289,101825.46875,533,0.0,0.0
2024-08-23 00:00:00+09:00,102429.51522283755,102429.51522283755,101739.17308148734,102256.9296875,327,0.0,0.0
2024-08-26 00:00:00+09:00,102256.93168148535,103119.859375,102256.93168148535,103119.859375,595,0.0,0.0
2024-08-27 00:00:00+09:00,103119.85647786458,104069.07691406249,102688.39264322916,103551.3203125,1251,0.0,0.0
2024-08-28 00:00:00+09:00,104327.9638704319,104414.25664451827,103551.32890365449,103896.5,1147,0.0,0.0
2024-08-29 00:00:00+09:00,103655.10098627787,104276.32162575042,103211.3719580832,103477.609375,2507,3328.0,0.0
2024-08-30 00:00:00+09:00,103566.36130118534,103566.36130118534,102235.17413793104,102945.140625,2057,0.0,0.0
2024-09-02 00:00:00+09:00,103122.61903409091,103655.09383116882,102323.90683847402,102501.3984375,919,0.0,0.0
2024-09-03 00:00:00+09:00,103211.37080464716,103832.59143717728,102590.15017211704,103122.625,1915,0.0,0.0
2024-09-04 00:00:00+09:00,102767.64134699215,103033.8787598082,101613.94589145598,101791.4375,1322,0.0,0.0
2024-09-05 00:00:00+09:00,102057.67680921053,102678.8974506579,101170.21875,101170.21875,1087,0.0,0.0
2024-09-06 00:00:00+09:00,101170.22294040315,102057.6810363716,101170.22294040315,101258.96875,683,0.0,0.0
2024-09-09 00:00:00+09:00,101258.96281828704,101525.20023148149,100548.99638310185,100637.7421875,1310,0.0,0.0
2024-09-10 00:00:00+09:00,101436.45789021597,102501.40757935209,101436.45789021597,101702.6953125,842,0.0,0.0
2024-09-11 00:00:00+09:00,102057.67139317181,102057.67139317181,100460.24697136565,100726.484375,1033,0.0,0.0
2024-09-12 00:00:00+09:00,101436.45428291195,101968.92910854403,101258.96267436791,101791.4375,770,0.0,0.0
2024-09-13 00:00:00+09:00,102501.40451615535,102501.40451615535,101525.20066362053,101968.9296875,922,0.0,0.0
2024-09-17 00:00:00+09:00,102057.67606972199,102235.16768027803,101347.70962749784,102146.421875,443,0.0,0.0
2024-09-18 00:00:00+09:00,102856.39367971453,102856.39367971453,101613.95234104671,102590.15625,610,0.0,0.0
2024-09-19 00:00:00+09:00,102590.15453804347,103300.12100543478,102057.6796875,102057.6796875,680,0.0,0.0
2024-09-20 00:00:00+09:00,102678.8935371144,103655.09736503856,102678.8935371144,103566.3515625,553,0.0,0.0
2024-09-24 00:00:00+09:00,103743.84679191682,104098.83001447255,103300.11776372213,103477.609375,673,0.0,0.0
2024-09-25 00:00:00+09:00,104010.08174103331,104010.08174103331,103300.11531276687,103921.3359375,1016,0.0,0.0
2024-09-26 00:00:00+09:00,103832.58769132654,104542.55410289115,103655.09608843537,104365.0625,862,0.0,0.0
2024-09-27 00:00:00+09:00,104365.06841715977,104986.2890625,104098.83099772823,104986.2890625,673,0.0,0.0
2024-09-30 00:00:00+09:00,103388.87081185567,104453.82055412371,102945.14175257731,103300.125,750,0.0,0.0
2024-10-01 00:00:00+09:00,104010.07702922077,104010.07702922077,102412.652637987,102501.3984375,1045,0.0,0.0
2024-10-02 00:00:00+09:00,102856.39005104797,102856.39005104797,102146.4235968561,102678.8984375,622,0.0,0.0
2024-10-03 00:00:00+09:00,102767.64900323276,103477.61549030173,102501.4115705819,102945.140625,690,0.0,0.0
2024-10-04 00:00:00+09:00,102945.14005829016,103122.63167908031,102501.41100631477,102767.6484375,586,0.0,0.0
2024-10-07 00:00:00+09:00,102678.89803387696,102678.89803387696,101258.96513107486,101347.7109375,875,0.0,0.0
2024-10-08 00:00:00+09:00,101347.7086226852,101613.94603587964,100637.7421875,100637.7421875,669,0.0,0.0
2024-10-09 00:00:00+09:00,100992.73267723057,101170.22429880741,100371.51200171157,100460.2578125,609,0.0,0.0
2024-10-10 00:00:00+09:00,100637.74523375332,100637.74523375332,100105.2703912467,100371.5078125,716,0.0,0.0
2024-10-11 00:00:00+09:00,100371.50303357713,100371.50303357713,99927.77401928192,100105.265625,502,0.0,0.0
2024-10-15 00:00:00+09:00,100460.24707553476,100548.99287683824,99572.7890625,99572.7890625,803,0.0,0.0
2024-10-16 00:00:00+09:00,99661.5415362254,99839.03315071556,98774.0834637746,99217.8125,1327,0.0,0.0
2024-10-17 00:00:00+09:00,98951.57393121634,99750.28618716336,98862.828125,98862.828125,883,0.0,0.0
2024-10-18 00:00:00+09:00,99839.03199337971,99839.03199337971,98330.35328770198,98862.828125,1238,0.0,0.0
2024-10-21 00:00:00+09:00,98862.82984095982,99750.28791852678,98507.84660993304,99395.3046875,821,0.0,0.0
2024-10-22 00:00:00+09:00,99040.32164634146,99040.32164634146,97886.62614329268,98241.609375,1173,0.0,0.0
2024-10-23 00:00:00+09:00,97975.37308730873,98774.08536791179,97620.38985148515,98596.59375,930,0.0,0.0
2024-10-24 00:00:00+09:00,98507.84200917119,98596.58781278305,97797.87558027626,97975.3671875,543,0.0,0.0
2024-10-25 00:00:00+09:00,97265.40205479451,97886.62268835616,96821.67303082191,97176.65625,790,0.0,0.0
2024-10-28 00:00:00+09:00,96999.166931097,98419.0998413418,96821.6753173164,97886.625,815,0.0,0.0
2024-10-29 00:00:00+09:00,97531.63573602344,98507.83955139766,97442.88993462578,98419.09375,1023,0.0,0.0
2024-10-30 00:00:00+09:00,98419.09375,99129.06016118125,98419.09375,98419.09375,542,0.0,0.0
2024-10-31 00:00:00+09:00,98862.82869903675,99572.79515288978,98685.33708557348,99040.3203125,663,0.0,0.0
2024-11-01 00:00:00+09:00,98419.09375,99395.2975653742,98419.09375,98419.09375,298,0.0,0.0
2024-11-05 00:00:00+09:00,98419.10291193183,98507.84872159091,97442.89900568183,97620.390625,675,0.0,0.0
2024-11-06 00:00:00+09:00,97442.8923658288,98774.07942000679,97442.8923658288,97975.3671875,687,0.0,0.0
2024-11-07 00:00:00+09:00,98064.12104004354,98152.8668509395,96821.6796875,96821.6796875,712,0.0,0.0
2024-11-08 00:00:00+09:00,96821.6749195772,97531.64137178309,96555.4375,96555.4375,1090,0.0,0.0
2024-11-11 00:00:00+09:00,96999.16710865825,97531.64195097476,96555.43807339449,96732.9296875,840,0.0,0.0
2024-11-12 00:00:00+09:00,97176.65814568015,97620.38717830883,96555.4375,96555.4375,1155,0.0,0.0
2024-11-13 00:00:00+09:00,96910.4213016055,96910.4213016055,96377.94645928899,96732.9296875,956,0.0,0.0
2024-11-14 00:00:00+09:00,96910.42436177553,96910.42436177553,96289.20369278979,96466.6953125,764,0.0,0.0
2024-11-15 00:00:00+09:00,96466.6892369053,97531.63888809469,96466.6892369053,96999.1640625,632,0.0,0.0
2024-11-18 00:00:00+09:00,97442.89922090617,97975.3740800368,96466.6953125,96466.6953125,1018,0.0,0.0
2024-11-19 00:00:00+09:00,96644.18615522541,97797.88167406649,96644.18615522541,97442.8984375,719,0.0,0.0
2024-11-20 00:00:00+09:00,97709.13566044104,98862.83117686768,97709.13566044104,98596.59375,1285,0.0,0.0
2024-11-21 00:00:00+09:00,98507.83955139766,98685.33115419296,97975.36474301173,98419.09375,203,0.0,0.0
2024-11-22 00:00:00+09:00,98330.36049910072,98774.08956272481,97886.63143547661,98685.34375,712,0.0,0.0
2024-11-25 00:00:00+09:00,99040.32336590296,100105.27307951482,98774.0859375,98774.0859375,1234,0.0,0.0
2024-11-26 00:00:00+09:00,99395.29991047448,99661.53732094898,98774.07928603403,99129.0625,682,0.0,0.0
2024-11-27 00:00:00+09:00,98774.07928603403,99217.8083034915,98596.58767905104,99129.0625,404,0.0,0.0
2024-11-28 00:00:00+09:00,99217.80817201328,100282.7578125,99217.80817201328,100282.7578125,534,0.0,0.0
2024-11-29 00:00:00+09:00,100194.01695731026,100194.01695731026,99217.8130719866,99395.3046875,567,0.0,0.0
2024-12-02 00:00:00+09:00,99661.54038094703,99661.54038094703,98419.09909391831,98862.828125,761,0.0,0.0
2024-12-03 00:00:00+09:00,98862.82508952552,99129.0625,98152.85866159356,99129.0625,869,0.0,0.0
2024-12-04 00:00:00+09:00,99040.32506702414,99306.5625,98596.59601206434,99306.5625,524,0.0,0.0
2024-12-05 00:00:00+09:00,98862.83174696765,99306.56079430593,98774.0859375,98774.0859375,530,0.0,0.0
2024-12-06 00:00:00+09:00,98507.84622454751,99040.32106900452,97797.8797652715,98064.1171875,789,0.0,0.0
2024-12-09 00:00:00+09:00,97886.62210515782,98152.85951795516,96910.41825823422,96999.1640625,1666,0.0,0.0
2024-12-10 00:00:00+09:00,97886.62691035584,97975.3727189781,96821.6772068887,97265.40625,1101,0.0,0.0
2024-12-11 00:00:00+09:00,97087.91216791554,97709.1328125,96999.16636154632,97709.1328125,747,0.0,0.0
2024-12-12 00:00:00+09:00,97709.13223669244,98241.60707176979,97531.640625,97531.640625,842,0.0,0.0
2024-12-13 00:00:00+09:00,97797.88167406649,97886.62748320811,97087.91520093352,97442.8984375,1481,0.0,0.0
2024-12-16 00:00:00+09:00,97265.40738636364,97620.390625,97087.91576704546,97620.390625,972,0.0,0.0
2024-12-17 00:00:00+09:00,97709.13223669244,97975.36965423111,97176.6574016151,97531.640625,1106,0.0,0.0
2024-12-18 00:00:00+09:00,97709.13223669244,98419.09868346223,97531.640625,97531.640625,814,0.0,0.0
2024-12-19 00:00:00+09:00,97620.38397305254,98241.60459833559,97531.63816944066,97975.3671875,1042,0.0,0.0
2024-12-20 00:00:00+09:00,98152.86242067089,98507.84564823209,97886.625,97886.625,712,0.0,0.0
2024-12-23 00:00:00+09:00,97620.38757932911,98064.1166137806,97442.89596554851,97886.625,637,0.0,0.0
2024-12-24 00:00:00+09:00,97531.63932056633,98862.82639045577,97531.63932056633,98330.3515625,792,0.0,0.0
2024-12-25 00:00:00+09:00,97975.37724820143,98685.34375,97975.37724820143,98685.34375,535,0.0,0.0
2024-12-26 00:00:00+09:00,98685.34159673145,100460.2578125,98685.34159673145,100460.2578125,1171,0.0,0.0
2024-12-27 00:00:00+09:00,100548.99638310185,100726.48799189816,100105.26736111112,100637.7421875,1049,0.0,0.0
2024-12-30 00:00:00+09:00,100815.23204787234,101347.7068650266,100016.51982214097,100105.265625,1053,0.0,0.0
2025-01-06 00:00:00+09:00,100194.01488486842,101525.20197368422,100194.01488486842,101170.21875,1202,0.0,0.0
2025-01-07 00:00:00+09:00,102590.15589395267,102590.15589395267,101081.4771308063,101258.96875,1306,0.0,0.0
2025-01-08 00:00:00+09:00,101613.94950507199,101968.93273478403,101170.22046793194,101702.6953125,1488,0.0,0.0
2025-01-09 00:00:00+09:00,101702.70368303571,101880.1953125,101081.48297991071,101880.1953125,726,0.0,0.0
2025-01-10 00:00:00+09:00,101880.18214129483,101880.18214129483,100815.23250218722,101436.453125,826,0.0,0.0
2025-01-14 00:00:00+09:00,101436.4513728562,101436.4513728562,100460.24755386983,100903.9765625,1197,0.0,0.0
2025-01-15 00:00:00+09:00,100903.99024120411,101702.70256501311,100460.26117242133,101525.2109375,794,0.0,0.0
2025-01-16 00:00:00+09:00,101525.20255035027,101702.69416320052,100726.49029252407,101347.7109375,545,0.0,0.0
2025-01-17 00:00:00+09:00,101081.4771308063,101436.4603691937,100903.98551161261,101258.96875,709,0.0,0.0
2025-01-20 00:00:00+09:00,101613.953125,101613.953125,100903.98664028384,101613.953125,466,0.0,0.0
2025-01-21 00:00:00+09:00,101791.43807794822,102146.42129705178,101436.45485884465,101968.9296875,539,0.0,0.0
2025-01-22 00:00:00+09:00,101880.18330427201,102057.67491281604,101436.45428291195,101791.4375,547,0.0,0.0
2025-01-23 00:00:00+09:00,101525.19892825896,101702.6905347769,101081.46991196413,101436.453125,643,0.0,0.0
2025-01-24 00:00:00+09:00,101525.20483695652,102501.40872961956,101170.22160326087,102057.6796875,1587,0.0,0.0
2025-01-27 00:00:00+09:00,102235.17357512953,103122.63167908031,102235.17357512953,102767.6484375,1647,0.0,0.0
2025-01-28 00:00:00+09:00,103300.11660929432,104720.04948364888,103122.625,103122.625,1398,0.0,0.0
2025-01-29 00:00:00+09:00,103743.84490888746,104808.79455722506,103743.84490888746,104098.828125,1078,0.0,0.0
2025-01-30 00:00:00+09:00,103921.3359375,104098.82754456661,103211.36950923355,103921.3359375,952,0.0,0.0
2025-01-31 00:00:00+09:00,103566.3503936479,103832.58779825881,103033.87558442606,103211.3671875,1165,0.0,0.0
2025-02-03 00:00:00+09:00,103477.61127588438,103743.84869769198,102501.4073959232,102856.390625,1152,0.0,0.0
2025-02-04 00:00:00+09:00,103300.1190849179,103300.1190849179,102146.4235968561,102678.8984375,1193,0.0,0.0
2025-02-05 00:00:00+09:00,102412.65871137945,102767.64193048303,101968.9296875,101968.9296875,788,0.0,0.0
2025-02-06 00:00:00+09:00,102678.89728561361,103122.62631450564,102057.67664516479,102323.9140625,501,0.0,0.0
2025-02-07 00:00:00+09:00,102501.40757935209,102501.40757935209,101613.94950507199,101702.6953125,676,0.0,0.0
2025-02-10 00:00:00+09:00,101702.6924240757,101702.6924240757,100726.48857009244,100815.234375,1205,0.0,0.0
2025-02-12 00:00:00+09:00,101081.4771308063,101436.4603691937,101081.4771308063,101258.96875,398,0.0,0.0
2025-02-13 00:00:00+09:00,101702.69758719672,102412.6640625,101347.71434954506,102412.6640625,393,0.0,0.0
2025-02-14 00:00:00+09:00,102678.89728561361,103211.37212028404,102323.9140625,102323.9140625,1148,0.0,0.0
2025-02-17 00:00:00+09:00,103033.87558442606,103211.3671875,102235.16337059329,103211.3671875,1131,0.0,0.0
2025-02-18 00:00:00+09:00,102945.13814377681,103388.8671875,102678.90071754291,103388.8671875,564,0.0,0.0
2025-02-19 00:00:00+09:00,103477.60821858863,103832.59143717728,102856.38758605851,103122.625,872,0.0,0.0
2025-02-20 00:00:00+09:00,103300.12023578811,103300.12023578811,102590.15377368647,103033.8828125,588,0.0,0.0
2025-02-21 00:00:00+09:00,102767.64538921189,103300.12023578811,102590.15377368647,103033.8828125,542,0.0,0.0
2025-02-25 00:00:00+09:00,103211.3671875,103477.60459211092,102767.63817981513,103211.3671875,1680,0.0,0.0
2025-02-26 00:00:00+09:00,103388.86471688034,103832.59375,102501.40665064103,103832.59375,1586,0.0,0.0
2025-02-27 00:00:00+09:00,103033.26280120482,106516.59375,103033.26280120482,106516.59375,2861,3728.0,0.0
2025-02-28 00:00:00+09:00,105233.26252741227,106333.2617872807,104499.9296875,104499.9296875,965,0.0,0.0
2025-03-03 00:00:00+09:00,104316.59847898231,104958.26472621682,103583.265625,103583.265625,1414,0.0,0.0
2025-03-04 00:00:00+09:00,103491.59572581547,103858.26214114165,102574.9296875,102574.9296875,941,0.0,0.0
2025-03-05 00:00:00+09:00,102483.26232215446,102941.5953379065,101474.9296875,101474.9296875,1000,0.0,0.0
2025-03-06 00:00:00+09:00,101566.59901938683,101841.59883622633,101383.2658081605,101658.265625,641,0.0,0.0
2025-03-07 00:00:00+09:00,101291.59571204337,101566.59551940639,100374.9296875,100374.9296875,1329,0.0,0.0
2025-03-10 00:00:00+09:00,100374.9267488532,100741.59314793578,99824.92715022936,99916.59375,1143,0.0,0.0
2025-03-11 00:00:00+09:00,100008.26269711096,100466.59570672191,98908.26347404465,99549.9296875,1853,0.0,0.0
2025-03-12 00:00:00+09:00,100374.9267488532,100833.25974770641,99549.92735091742,99916.59375,733,0.0,0.0
2025-03-13 00:00:00+09:00,100924.93698489011,101199.93681318681,100099.9375,100099.9375,864,0.0,0.0
2025-03-14 00:00:00+09:00,101108.25739944166,101108.25739944166,100374.92461685278,100558.2578125,844,0.0,0.0
2025-03-17 00:00:00+09:00,100741.60191600678,101291.6015625,100741.60191600678,101291.6015625,603,0.0,0.0
2025-03-18 00:00:00+09:00,101566.60173829884,101841.6015625,101291.60191409766,101841.6015625,591,0.0,0.0
2025-03-19 00:00:00+09:00,101841.59414167413,102391.59375,101841.59414167413,102391.59375,497,0.0,0.0
2025-03-21 00:00:00+09:00,102024.93259447675,102758.26544331395,102024.93259447675,102483.265625,604,0.0,0.0
2025-03-24 00:00:00+09:00,102574.9327722937,103308.265625,102574.9327722937,103308.265625,996,0.0,0.0
2025-03-25 00:00:00+09:00,102758.26886180433,104041.60138996245,102758.26886180433,103766.6015625,702,0.0,0.0
2025-03-26 00:00:00+09:00,104041.59901793575,104133.265625,103033.26634022887,104133.265625,803,0.0,0.0
2025-03-27 00:00:00+09:00,104591.59919486899,104958.265625,103674.93311954149,104958.265625,1531,0.0,0.0
2025-03-28 00:00:00+09:00,104958.26271244517,104958.26271244517,103674.93024259868,104499.9296875,543,0.0,0.0
2025-03-31 00:00:00+09:00,103674.93168766725,103858.26490020071,102758.265625,102758.265625,1159,0.0,0.0
2025-04-01 00:00:00+09:00,103124.92734167405,103491.59375,102758.2609333481,103491.59375,501,0.0,0.0
2025-04-02 00:00:00+09:00,103399.9316860465,103399.9316860465,101749.9327761628,102483.265625,510,0.0,0.0
2025-04-03 00:00:00+09:00,100924.9271495009,101291.59355149727,100374.92754650634,101016.59375,750,0.0,0.0
2025-04-04 00:00:00+09:00,99916.59609518877,100283.26250287754,98999.93007596685,99549.9296875,1546,0.0,0.0
2025-04-07 00:00:00+09:00,97899.93678977272,98816.60286458333,95149.93856534091,96799.9375,2158,0.0,0.0
2025-04-08 00:00:00+09:00,97716.59995956562,100374.93147816542,97716.59995956562,99183.265625,1339,0.0,0.0
2025-04-09 00:00:00+09:00,97624.92988500702,100283.2613091058,97258.26348168305,97899.9296875,735,0.0,0.0
2025-04-10 00:00:00+09:00,100649.92910640496,101016.59551480717,99366.59667699724,99824.9296875,954,0.0,0.0
2025-04-11 00:00:00+09:00,99183.26852863385,100099.93459636615,99183.26852863385,99641.6015625,724,0.0,0.0
2025-04-14 00:00:00+09:00,100558.26635764202,101749.93223061317,100466.59975202885,101658.265625,598,0.0,0.0
2025-04-15 00:00:00+09:00,101658.26507102273,101658.26507102273,100466.59920454546,100833.265625,327,0.0,0.0
2025-04-16 00:00:00+09:00,101108.26035049908,101108.26035049908,100649.92734800362,101016.59375,362,0.0,0.0
2025-04-17 00:00:00+09:00,101016.59883522728,101566.59846590909,100649.93241477273,100833.265625,402,0.0,0.0
2025-04-18 00:00:00+09:00,100741.60410974499,101016.60393897996,100649.9375,100649.9375,294,0.0,0.0
2025-04-21 00:00:00+09:00,100833.26799156022,101108.26781335539,99824.93531164461,100466.6015625,771,0.0,0.0
2025-04-22 00:00:00+09:00,100008.25822555834,100741.59100814721,100008.25822555834,100558.2578125,592,0.0,0.0
2025-04-23 00:00:00+09:00,100833.265625,101291.59865056818,100649.93241477273,100833.265625,448,0.0,0.0
2025-04-24 00:00:00+09:00,100833.26487821691,100833.26487821691,99641.59902056526,99733.265625,403,0.0,0.0
2025-04-25 00:00:00+09:00,99641.60191988792,100283.26816960202,99458.26870568389,100191.6015625,682,0.0,0.0
2025-04-28 00:00:00+09:00,100191.6015625,100283.26816960202,99824.93513409195,100191.6015625,272,0.0,0.0
2025-04-30 00:00:00+09:00,99549.9252364403,101291.59059508887,99549.9252364403,100558.2578125,1487,0.0,0.0
2025-05-01 00:00:00+09:00,100558.25903167042,102208.2578125,100558.25903167042,102208.2578125,687,0.0,0.0
2025-05-02 00:00:00+09:00,102299.92753784505,102941.59375,102208.26093610864,102941.59375,647,0.0,0.0
2025-05-07 00:00:00+09:00,103124.93131481063,107066.59535617672,101566.59901938683,101658.265625,1499,0.0,0.0
2025-05-08 00:00:00+09:00,101658.26763677206,101658.26763677206,100741.6015625,100741.6015625,661,0.0,0.0
2025-05-09 00:00:00+09:00,101291.59920254734,101658.265625,100466.59975202885,101658.265625,755,0.0,0.0
2025-05-12 00:00:00+09:00,101199.93313953489,102483.265625,101199.93313953489,102483.265625,267,0.0,0.0
2025-05-13 00:00:00+09:00,102483.26470421576,102483.26470421576,101016.59901971894,101108.265625,558,0.0,0.0
2025-05-14 00:00:00+09:00,101658.265625,101841.59883622633,100924.93278009468,101658.265625,384,0.0,0.0
2025-05-15 00:00:00+09:00,102024.93477863412,102024.93477863412,101108.26869796355,101841.6015625,440,0.0,0.0
2025-05-16 00:00:00+09:00,101566.60698628597,101933.2734375,101474.94037348247,101933.2734375,333,0.0,0.0
2025-05-19 00:00:00+09:00,101749.9269517148,101933.26015342961,101291.5939474278,101566.59375,419,0.0,0.0
2025-05-20 00:00:00+09:00,101749.92655399273,101749.92655399273,101016.59375,101016.59375,346,0.0,0.0
2025-05-21 00:00:00+09:00,101016.59648154439,101749.92930536685,101016.59648154439,101199.9296875,354,0.0,0.0
2025-05-22 00:00:00+09:00,101749.93204679023,101933.26525768536,101016.59920320976,101383.265625,352,0.0,0.0
2025-05-23 00:00:00+09:00,101383.26852216473,101841.6015625,101199.9353060306,101841.6015625,418,0.0,0.0
2025-05-26 00:00:00+09:00,101383.26852216473,102666.60103510352,101383.26852216473,101841.6015625,413,0.0,0.0
2025-05-27 00:00:00+09:00,101841.59452916296,102941.59375,101841.59452916296,102941.59375,437,0.0,0.0
2025-05-28 00:00:00+09:00,102666.59937888199,103308.265625,102483.26616570541,103308.265625,305,0.0,0.0
2025-05-29 00:00:00+09:00,102941.5993777655,104041.59865873895,102758.26616426992,103583.265625,510,0.0,0.0
2025-05-30 00:00:00+09:00,104133.26544571933,104683.26508715798,99183.2686727714,103858.265625,1481,0.0,0.0
2025-06-02 00:00:00+09:00,103583.26015763766,103583.26015763766,102483.26093472469,103216.59375,521,0.0,0.0
2025-06-03 00:00:00+09:00,103216.5984738372,103308.26507994186,102299.9324127907,102483.265625,546,0.0,0.0
2025-06-04 00:00:00+09:00,103308.25976387646,103308.25976387646,102116.59394583706,102391.59375,289,0.0,0.0
2025-06-05 00:00:00+09:00,102299.92655685921,102483.25975857401,101566.59375,101566.59375,1384,0.0,0.0
2025-06-06 00:00:00+09:00,101566.59375,102024.92675428701,101566.59375,101566.59375,346,0.0,0.0
2025-06-09 00:00:00+09:00,101566.59865140525,101841.5984672484,101108.265625,101108.265625,433,0.0,0.0
2025-06-10 00:00:00+09:00,101199.92695099818,101566.59335299455,101016.59375,101016.59375,529,0.0,0.0
2025-06-11 00:00:00+09:00,101016.60730946493,102024.94005030351,101016.60730946493,101933.2734375,810,0.0,0.0
2025-06-12 00:00:00+09:00,101841.6068246965,102483.27311432104,101841.6068246965,101933.2734375,909,0.0,0.0
2025-06-13 00:00:00+09:00,101933.26634786477,103124.93223142794,101933.26634786477,103033.265625,1113,0.0,0.0
2025-06-16 00:00:00+09:00,102758.2609333481,103949.92676040744,102758.2609333481,103491.59375,743,0.0,0.0
2025-06-17 00:00:00+09:00,103216.59394375554,103674.92695416298,102666.5943312666,103491.59375,319,0.0,0.0
2025-06-18 00:00:00+09:00,103124.93024553571,104133.2628968254,103124.93024553571,103949.9296875,346,0.0,0.0
2025-06-19 00:00:00+09:00,103858.2686856376,104591.6015625,103674.935466422,104591.6015625,433,0.0,0.0
2025-06-20 00:00:00+09:00,104499.92912798408,104499.92912798408,103216.59666500884,103674.9296875,506,0.0,0.0
2025-06-23 00:00:00+09:00,103858.26308283731,103949.9296875,103124.93024553571,103949.9296875,657,0.0,0.0
2025-06-24 00:00:00+09:00,103766.5964781746,104133.2628968254,103674.92987351191,103949.9296875,260,0.0,0.0
2025-06-25 00:00:00+09:00,104316.6015625,104316.6015625,103858.2685152131,104316.6015625,251,0.0,0.0
2025-06-26 00:00:00+09:00,104316.59937227074,104958.265625,103949.93294213973,104958.265625,493,0.0,0.0
2025-06-27 00:00:00+09:00,105141.59375,105141.59375,104316.59432214472,105141.59375,347,0.0,0.0
2025-06-30 00:00:00+09:00,104866.59848151408,105141.59830270687,104041.59901793575,104133.265625,563,0.0,0.0
2025-07-01 00:00:00+09:00,104133.27022222221,104316.60344444444,103124.9375,103124.9375,596,0.0,0.0
2025-07-02 00:00:00+09:00,103583.26015763766,103583.26015763766,102849.92734236235,103216.59375,464,0.0,0.0
2025-07-03 00:00:00+09:00,103216.59883785588,103308.26544428381,102849.93241214413,103033.265625,317,0.0,0.0
2025-07-04 00:00:00+09:00,103033.26289549911,103399.92931149733,102849.9296875,102849.9296875,431,0.0,0.0
2025-07-07 00:00:00+09:00,103583.26544476487,103858.26526452973,103216.59901841171,103308.265625,627,0.0,0.0
2025-07-08 00:00:00+09:00,103216.59610349822,103583.26251949643,102849.9296875,102849.9296875,784,0.0,0.0
2025-07-09 00:00:00+09:00,102941.59394427176,103308.26035190941,102758.26074045294,103216.59375,426,0.0,0.0
2025-07-10 00:00:00+09:00,103858.26015832595,103858.26015832595,102941.59413751107,103491.59375,470,0.0,0.0
2025-07-11 00:00:00+09:00,103308.26093061673,104041.59375,103308.26093061673,104041.59375,672,0.0,0.0
2025-07-14 00:00:00+09:00,104041.59451285964,105141.59375,103858.26130666958,105141.59375,529,0.0,0.0
2025-07-15 00:00:00+09:00,104591.59394121505,105049.92695585664,104316.59413243008,104866.59375,695,0.0,0.0
2025-07-16 00:00:00+09:00,104866.59666013926,105324.9296875,104316.59702730636,105324.9296875,520,0.0,0.0
2025-07-17 00:00:00+09:00,104774.9300546671,105416.59629297216,104591.5968437228,105324.9296875,408,0.0,0.0
2025-07-18 00:00:00+09:00,105416.599017159,105691.59884068201,105049.93258579496,105508.265625,731,0.0,0.0
2025-07-22 00:00:00+09:00,105691.598485262,105691.598485262,104591.59919486899,104958.265625,769,0.0,0.0
2025-07-23 00:00:00+09:00,105508.26054314831,106149.92676712922,105324.92733629662,105691.59375,984,0.0,0.0
2025-07-24 00:00:00+09:00,105874.93205636404,106058.26527204605,105508.265625,105508.265625,847,0.0,0.0
2025-07-25 00:00:00+09:00,105324.92714673912,105783.26016304348,105324.92714673912,105416.59375,1929,0.0,0.0
2025-07-28 00:00:00+09:00,105783.265625,106149.93205697574,105508.2658010182,105783.265625,930,0.0,0.0
2025-07-29 00:00:00+09:00,105783.2685100302,106241.6015625,105599.93528904227,106241.6015625,1421,0.0,0.0
2025-07-30 00:00:00+09:00,106333.2654494382,107341.59813904495,106058.265625,106058.265625,4656,0.0,0.0
2025-07-31 00:00:00+09:00,106974.92714576198,107066.59375,106149.92770761986,107066.59375,1056,0.0,0.0
2025-08-01 00:00:00+09:00,106974.93258052475,107433.265625,106516.59953604949,107433.265625,1395,0.0,0.0
2025-08-04 00:00:00+09:00,106883.26035407725,107249.92677038627,106608.26054184549,106791.59375,1313,0.0,0.0
2025-08-05 00:00:00+09:00,107158.26290033205,107249.92950674807,106883.26308108398,106974.9296875,768,0.0,0.0
2025-08-06 00:00:00+09:00,107066.5973628692,108624.9296875,107066.5973628692,108624.9296875,1075,0.0,0.0
2025-08-07 00:00:00+09:00,108808.26290216245,109083.26272415611,108441.59647283755,108624.9296875,835,0.0,0.0
2025-08-08 00:00:00+09:00,108624.9216767132,108991.58807899746,108258.25527442894,108349.921875,1205,0.0,0.0
2025-08-12 00:00:00+09:00,108349.91974611019,109083.25253626998,108166.58654857024,108991.5859375,1172,0.0,0.0
2025-08-13 00:00:00+09:00,109174.92422467354,109358.25743076032,108808.2578125,108808.2578125,800,0.0,0.0
2025-08-14 00:00:00+09:00,108624.93004171914,109449.92951039043,108349.93021882871,109174.9296875,613,0.0,0.0
2025-08-15 00:00:00+09:00,109449.92460545569,109816.59101954431,109174.92479488922,109633.2578125,901,0.0,0.0
2025-08-18 00:00:00+09:00,109908.25507779866,109999.92167919799,109541.58867220134,109724.921875,552,0.0,0.0
2025-08-19 00:00:00+09:00,109999.91993801652,110916.5859375,109816.58673811983,110916.5859375,728,0.0,0.0
2025-08-20 00:00:00+09:00,110824.91933755165,111466.58553719008,110458.25293775827,110916.5859375,1258,0.0,0.0
2025-08-21 00:00:00+09:00,111283.25409878863,111374.92070018797,109724.921875,109724.921875,1934,0.0,0.0
2025-08-22 00:00:00+09:00,109724.92441602216,110549.92384772157,109633.2578125,109633.2578125,1109,0.0,0.0
2025-08-25 00:00:00+09:00,110183.25313791323,110916.5859375,109908.25333806819,110916.5859375,760,0.0,0.0
2025-08-26 00:00:00+09:00,110916.59064319884,111374.92366238561,110183.2578125,110183.2578125,1072,0.0,0.0
2025-08-27 00:00:00+09:00,110366.5867341694,111741.58573833264,110366.5867341694,111466.5859375,1729,0.0,0.0
2025-08-28 00:00:00+09:00,111773.5703125,112056.06459298651,111020.25223120261,111773.5703125,2882,3226.0,0.0
2025-08-29 00:00:00+09:00,111773.56683882131,112244.390625,111396.90780987835,112244.390625,1307,0.0,0.0
2025-09-01 00:00:00+09:00,111679.4077667364,112526.890625,111679.4077667364,112526.890625,658,0.0,0.0
2025-09-02 00:00:00+09:00,112526.88714192707,112997.7109375,112338.55762369791,112997.7109375,713,0.0,0.0
2025-09-03 00:00:00+09:00,112526.88980089664,112526.88980089664,111302.74790348101,111585.2421875,944,0.0,0.0
2025-09-04 00:00:00+09:00,111867.73507266217,111867.73507266217,111020.25223120261,111773.5703125,700,0.0,0.0
2025-09-05 00:00:00+09:00,111961.89408915752,112056.05884448902,111208.57604650549,111491.0703125,677,0.0,0.0
2025-09-08 00:00:00+09:00,111867.73159605704,112715.21441117869,111679.40208158556,112244.390625,572,0.0,0.0
2025-09-09 00:00:00+09:00,111961.8999700021,112903.54757277755,111961.8999700021,112809.3828125,617,0.0,0.0
2025-09-10 00:00:00+09:00,111961.90135738922,112621.0546875,111867.73659594482,112621.0546875,429,0.0,0.0
2025-09-11 00:00:00+09:00,112621.04895746018,113091.87274072715,112150.22517419321,112338.5546875,339,0.0,0.0
2025-09-12 00:00:00+09:00,113280.20451706911,113280.20451706911,112526.88644879268,113091.875,1251,0.0,0.0
2025-09-16 00:00:00+09:00,112526.88368775934,113468.53125,112526.88368775934,113468.53125,426,0.0,0.0
2025-09-17 00:00:00+09:00,112903.54478863353,113374.36857841098,112715.21527272255,113186.0390625,374,0.0,0.0
2025-09-18 00:00:00+09:00,113468.53613444282,113468.53613444282,112621.0532919449,112809.3828125,455,0.0,0.0
2025-09-19 00:00:00+09:00,113280.2043592437,113280.2043592437,111961.89774159664,112056.0625,736,0.0,0.0
2025-09-22 00:00:00+09:00,112338.55538223573,113091.87344012164,112244.390625,112244.390625,633,0.0,0.0
2025-09-24 00:00:00+09:00,112997.70728643217,112997.70728643217,111773.56545749582,112432.71875,494,0.0,0.0
2025-09-25 00:00:00+09:00,112526.88922827903,112997.71303258145,112056.0654239766,112715.21875,548,0.0,0.0
2025-09-26 00:00:00+09:00,112997.71246898263,113845.1953125,112715.21818781017,113845.1953125,939,0.0,0.0
2025-09-29 00:00:00+09:00,113845.1944719558,113845.1944719558,112903.546875,112903.546875,569,0.0,0.0
2025-09-30 00:00:00+09:00,112621.05689368771,113751.03405315615,112432.72736710963,113374.375,489,0.0,0.0
2025-10-01 00:00:00+09:00,113374.37277905518,113845.19658627718,111867.73659594482,112621.0546875,547,0.0,0.0
2025-10-02 00:00:00+09:00,112715.21791412173,112715.21791412173,111679.40555233782,111773.5703125,565,0.0,0.0
2025-10-03 00:00:00+09:00,111396.91057712543,112244.39341329967,111396.91057712543,111867.734375,531,0.0,0.0
2025-10-06 00:00:00+09:00,112903.55118355482,113374.375,112621.05689368771,113374.375,740,0.0,0.0
2025-10-07 00:00:00+09:00,113845.19166926434,113845.19166926434,112997.70885286783,113280.203125,544,0.0,0.0
2025-10-08 00:00:00+09:00,113091.875,113562.69879267277,112715.21596586177,113091.875,860,0.0,0.0
2025-10-09 00:00:00+09:00,112997.7109375,113091.87569661457,112432.7223828125,112997.7109375,240,0.0,0.0
2025-10-10 00:00:00+09:00,112997.71148989898,112997.71148989898,111867.734375,111867.734375,267,0.0,0.0
2025-10-14 00:00:00+09:00,111867.73367851136,111961.8984375,110737.7565706476,111961.8984375,593,0.0,0.0
2025-10-15 00:00:00+09:00,111302.74443277312,112338.55677521009,111302.74443277312,112056.0625,270,0.0,0.0
2025-10-16 00:00:00+09:00,111679.40293521214,113186.0390625,111679.40293521214,113186.0390625,360,0.0,0.0
2025-10-17 00:00:00+09:00,113186.04255430242,113186.04255430242,112244.39494569757,112715.21875,269,0.0,0.0
2025-10-20 00:00:00+09:00,112715.21441117869,112809.37916841442,112150.22586776425,112244.390625,515,0.0,0.0
2025-10-21 00:00:00+09:00,112715.21510941436,112809.37986723342,112150.2265625,112150.2265625,294,0.0,0.0
2025-10-22 00:00:00+09:00,112150.23018483708,112715.21875,112150.23018483708,112715.21875,644,0.0,0.0
2025-10-23 00:00:00+09:00,112715.22014905859,112809.38491108787,112338.56110094143,112526.890625,518,0.0,0.0
2025-10-24 00:00:00+09:00,112715.21805222245,112997.7123330551,112526.88853166737,112809.3828125,811,0.0,0.0
2025-10-27 00:00:00+09:00,112809.38351086048,112997.71303258145,112338.55970655807,112715.21875,959,0.0,0.0
2025-10-28 00:00:00+09:00,112715.22014905859,112715.22014905859,112244.39633891213,112526.890625,638,0.0,0.0
2025-10-29 00:00:00+09:00,112621.05175042052,112715.21650940918,111679.40416053406,111961.8984375,901,0.0,0.0
2025-10-30 00:00:00+09:00,111679.39982316301,111773.56457849451,111302.74080183699,111491.0703125,652,0.0,0.0
2025-10-31 00:00:00+09:00,111585.23995061597,111679.40471006797,110831.921875,110831.921875,778,0.0,0.0
2025-11-04 00:00:00+09:00,110643.59725560897,110737.76201923077,109984.4439102564,110172.7734375,574,0.0,0.0
2025-11-05 00:00:00+09:00,110455.2578125,110549.42256766837,109136.9512401428,110455.2578125,844,0.0,0.0
2025-11-06 00:00:00+09:00,110737.75920996592,110831.92397119889,110266.93540380111,110549.4296875,397,0.0,0.0
2025-11-07 00:00:00+09:00,110643.5859375,110926.0801994681,110549.42118351064,110643.5859375,485,0.0,0.0
2025-11-10 00:00:00+09:00,110831.92397119889,111396.91253859668,110549.4296875,110549.4296875,369,0.0,0.0
2025-11-11 00:00:00+09:00,110831.91544547872,111020.24495345746,110455.25642952128,110643.5859375,616,0.0,0.0
2025-11-12 00:00:00+09:00,110737.75641977928,111302.74497294142,110455.26214319821,110926.0859375,562,0.0,0.0
2025-11-13 00:00:00+09:00,111396.9067637169,111396.9067637169,109984.43541844578,110266.9296875,549,0.0,0.0
2025-11-14 00:00:00+09:00,110361.09444385141,110549.42395655422,109890.27066209436,110266.9296875,661,0.0,0.0
2025-11-17 00:00:00+09:00,110172.77484214469,110172.77484214469,109513.62148838828,109984.4453125,520,0.0,0.0
2025-11-18 00:00:00+09:00,109984.44380931839,110078.60857285376,109042.79617396463,109136.9609375,820,0.0,0.0
2025-11-19 00:00:00+09:00,109042.79617396463,109607.78475517688,108948.63141042925,109136.9609375,409,0.0,0.0
2025-11-20 00:00:00+09:00,109136.96103766025,110172.7734375,108948.63151041666,110172.7734375,611,0.0,0.0
2025-11-21 00:00:00+09:00,110172.7734375,110266.93820112178,109607.78485576922,110172.7734375,535,0.0,0.0
2025-11-25 00:00:00+09:00,110172.77203764932,110549.43108735068,109890.2777503733,110361.1015625,410,0.0,0.0
2025-11-26 00:00:00+09:00,110455.26214319821,110926.0859375,110455.26214319821,110926.0859375,457,0.0,0.0
2025-11-27 00:00:00+09:00,111020.25361946203,111585.2421875,110926.08885812237,111585.2421875,643,0.0,0.0
2025-11-28 00:00:00+09:00,111585.24065290179,111585.24065290179,110737.7578125,110737.7578125,522,0.0,0.0
2025-12-01 00:00:00+09:00,111020.24913788494,111020.24913788494,109984.4368049615,110078.6015625,1037,0.0,0.0
2025-12-02 00:00:00+09:00,109984.4453125,110361.10437178939,109607.78625321062,109984.4453125,443,0.0,0.0
2025-12-03 00:00:00+09:00,109419.4453125,109607.7748225043,108948.62153748925,109419.4453125,604,0.0,0.0
2025-12-04 00:00:00+09:00,110455.25901804958,110455.25901804958,109042.78767510776,109231.1171875,533,0.0,0.0
2025-12-05 00:00:00+09:00,109042.79185171144,109231.12137131716,108666.1328125,108666.1328125,360,0.0,0.0
2025-12-08 00:00:00+09:00,108760.29827081527,108854.4630312229,108101.14494796185,108571.96875,653,0.0,0.0
2025-12-09 00:00:00+09:00,108101.14131974717,108289.4708342415,107818.64704800566,108006.9765625,1388,0.0,0.0
2025-12-10 00:00:00+09:00,108006.97811013192,108854.4609375,108006.97811013192,108854.4609375,360,0.0,0.0
2025-12-11 00:00:00+09:00,108666.13196569057,108948.62624289774,107724.484375,107724.484375,452,0.0,0.0
2025-12-12 00:00:00+09:00,108195.30762732483,108948.62569609645,108101.14286872838,108854.4609375,801,0.0,0.0
2025-12-15 00:00:00+09:00,108666.12707699827,108760.29183183101,107912.80903833623,108383.6328125,755,0.0,0.0
2025-12-16 00:00:00+09:00,108477.80104712042,108760.29532068063,107912.8125,107912.8125,357,0.0,0.0
2025-12-17 00:00:00+09:00,108006.97379316899,108383.6328125,107818.64428350347,108383.6328125,430,0.0,0.0
2025-12-18 00:00:00+09:00,108101.14356060605,109231.12067099566,108101.14356060605,108760.296875,448,0.0,0.0
2025-12-19 00:00:00+09:00,108760.29633274421,109890.2734375,108760.29633274421,109890.2734375,515,0.0,0.0
2025-12-22 00:00:00+09:00,110172.76755785035,110172.76755785035,108854.4609375,108854.4609375,2089,0.0,0.0
2025-12-23 00:00:00+09:00,108948.62291891164,109231.1171875,108666.12865032328,109231.1171875,509,0.0,0.0
2025-12-24 00:00:00+09:00,109231.12570103539,109231.12570103539,108666.13711982314,109136.9609375,832,0.0,0.0
2025-12-25 00:00:00+09:00,108948.6328125,109513.62140098315,108006.98516502809,108948.6328125,1929,0.0,0.0
2025-12-26 00:00:00+09:00,109042.79766427654,109984.4453125,108948.6328994542,109984.4453125,841,0.0,0.0
2025-12-29 00:00:00+09:00,110172.77051536973,110361.10003761822,109231.12290412725,109513.6171875,1434,0.0,0.0
2025-12-30 00:00:00+09:00,109513.61006750216,110078.59859751507,109136.95104749355,109419.4453125,910,0.0,0.0
2026-01-05 00:00:00+09:00,109513.61565072574,109796.10993013432,108666.1328125,108666.1328125,1096,0.0,0.0
2026-01-06 00:00:00+09:00,109136.95398711505,110172.76632003848,108760.29495696108,110078.6015625,1476,0.0,0.0
2026-01-07 00:00:00+09:00,110361.09753469302,112056.06319648866,109984.43849873844,111961.8984375,1313,0.0,0.0
2026-01-08 00:00:00+09:00,111961.89913457491,112338.55817287457,111679.40485585017,111867.734375,713,0.0,0.0
2026-01-09 00:00:00+09:00,112056.0625,112809.3805672269,112056.0625,112056.0625,1083,0.0,0.0
2026-01-13 00:00:00+09:00,112715.21510941436,112715.21510941436,111302.74374212847,112150.2265625,1049,0.0,0.0
2026-01-14 00:00:00+09:00,112432.72013947146,112809.37916841442,112150.22586776425,112244.390625,397,0.0,0.0
2026-01-15 00:00:00+09:00,112244.39217318902,113374.36927560366,112244.39217318902,113091.875,697,0.0,0.0
2026-01-16 00:00:00+09:00,113374.3715105459,113845.1953125,113186.04198976427,113845.1953125,529,0.0,0.0
2026-01-19 00:00:00+09:00,113751.02691188695,114033.52118401912,113280.203125,113280.203125,552,0.0,0.0
2026-01-20 00:00:00+09:00,113468.53317196685,113562.6979297859,112150.2265625,112150.2265625,735,0.0,0.0
2026-01-21 00:00:00+09:00,112150.23075553798,112244.39551687764,111114.4183808017,111585.2421875,1317,0.0,0.0
2026-01-22 00:00:00+09:00,112338.55957525295,112338.55957525295,111585.24148924957,111679.40625,652,0.0,0.0
2026-01-23 00:00:00+09:00,112150.23216266907,112244.3969251902,111020.25501241547,111396.9140625,514,0.0,0.0
2026-01-26 00:00:00+09:00,111396.9111328125,111396.9111328125,110266.93401227679,110737.7578125,935,0.0,0.0
2026-01-27 00:00:00+09:00,111020.24913788494,111114.41389542344,109984.4368049615,110078.6015625,1221,0.0,0.0
2026-01-28 00:00:00+09:00,109701.94114939154,110549.42395655422,109607.77639304014,110266.9296875,903,0.0,0.0
2026-01-29 00:00:00+09:00,110266.92830216326,110455.2578125,109231.11599531116,110455.2578125,1262,0.0,0.0
2026-01-30 00:00:00+09:00,110737.76191760138,110737.76191760138,109136.9609375,109136.9609375,1688,0.0,0.0
2026-02-02 00:00:00+09:00,109325.28683326105,109419.4515936687,108571.96875,108571.96875,1547,0.0,0.0
2026-02-03 00:00:00+09:00,108666.12589937715,109984.43245274914,108666.12589937715,109607.7734375,805,0.0,0.0
2026-02-04 00:00:00+09:00,109796.11438301281,110549.43249198717,109513.62009214744,110172.7734375,691,0.0,0.0
2026-02-05 00:00:00+09:00,110549.42395655422,110643.58871290564,110172.76493114859,110266.9296875,790,0.0,0.0
2026-02-06 00:00:00+09:00,110549.43390143408,110549.43390143408,109701.95101803297,109984.4453125,1362,0.0,0.0
2026-02-09 00:00:00+09:00,110455.26269028732,110549.42744961407,109796.109375,109796.109375,747,0.0,0.0
2026-02-10 00:00:00+09:00,109890.28054767766,110455.26913661174,109890.28054767766,109984.4453125,677,0.0,0.0
2026-02-12 00:00:00+09:00,110266.93680007466,110737.76061220137,110078.60727522397,110361.1015625,640,0.0,0.0
2026-02-13 00:00:00+09:00,110643.58572943513,110643.58572943513,109607.7734375,109607.7734375,1308,0.0,0.0
2026-02-16 00:00:00+09:00,109513.61524267205,110831.921875,109419.45048322006,110831.921875,1678,0.0,0.0
2026-02-17 00:00:00+09:00,110643.59291174893,110643.59291174893,109607.7805525751,109701.9453125,2133,0.0,0.0
2026-02-18 00:00:00+09:00,110078.59720656142,110078.59720656142,109513.60868368771,109607.7734375,2043,0.0,0.0
2026-02-19 00:00:00+09:00,109796.11287413866,109796.11287413866,109231.12430017226,109325.2890625,1184,0.0,0.0
2026-02-20 00:00:00+09:00,109513.61284947107,109607.77760686529,109042.7890625,109042.7890625,1343,0.0,0.0
2026-02-24 00:00:00+09:00,109231.12290412725,109984.44099312123,109231.12290412725,109513.6171875,1721,0.0,0.0
2026-02-25 00:00:00+09:00,109701.94822552262,110361.1015625,109701.94822552262,110361.1015625,2422,0.0,0.0
2026-02-26 00:00:00+09:00,110785.26298203331,110978.94351172217,110107.38112812226,110494.7421875,3802,3238.0,0.0
2026-02-27 00:00:00+09:00,110785.25864711033,110882.0989081655,110010.536558669,110591.578125,1624,0.0,0.0
2026-03-02 00:00:00+09:00,110785.25765418503,110785.25765418503,109623.17453193832,109913.6953125,1390,0.0,0.0
2026-03-03 00:00:00+09:00,109913.69768415179,109913.69768415179,108461.09375,108461.09375,2291,0.0,0.0
2026-03-04 00:00:00+09:00,108267.41733367393,108267.41733367393,106621.1328125,106621.1328125,2701,0.0,0.0
2026-03-05 00:00:00+09:00,107686.37014563107,109720.015625,107686.37014563107,109720.015625,2122,0.0,0.0
2026-03-06 00:00:00+09:00,109332.65780409946,109332.65780409946,107976.89411122311,108073.734375,1141,0.0,0.0
2026-03-09 00:00:00+09:00,107202.17440820845,107202.17440820845,105943.25095084014,106621.1328125,2540,0.0,0.0
2026-03-10 00:00:00+09:00,107492.69362937612,107880.0546875,107105.33257125225,107880.0546875,1029,0.0,0.0
2026-03-11 00:00:00+09:00,107880.0548057658,109429.49903995992,107783.21454112868,108751.6171875,1092,0.0,0.0
2026-03-12 00:00:00+09:00,108654.7716120188,108654.7716120188,107783.20927288497,108170.5703125,791,0.0,0.0
2026-03-13 00:00:00+09:00,107589.52859177573,108557.93118936146,107299.0078125,107299.0078125,1697,0.0,0.0
2026-03-16 00:00:00+09:00,106911.65287769785,108170.57632643885,106717.97234712231,107686.375,880,0.0,0.0
2026-03-17 00:00:00+09:00,107686.3708221925,108654.7734375,107686.3708221925,108654.7734375,651,0.0,0.0
2026-03-18 00:00:00+09:00,108654.77798507463,110301.0625,108654.77798507463,110301.0625,1509,0.0,0.0
2026-03-19 00:00:00+09:00,110010.53893078971,110301.05972021961,109138.9765625,109138.9765625,774,0.0,0.0
2026-03-23 00:00:00+09:00,109138.9781264026,109138.9781264026,107105.33257125225,107880.0546875,1554,0.0,0.0
2026-03-24 00:00:00+09:00,108170.56948168008,109720.01362823951,108170.56948168008,108364.25,1669,0.0,0.0
2026-03-25 00:00:00+09:00,109042.13809905035,109623.1796875,108848.45756956714,109623.1796875,902,0.0,0.0
2026-03-26 00:00:00+09:00,109623.17605280748,109623.17605280748,108364.25265290776,108654.7734375,630,0.0,0.0
2026-03-27 00:00:00+09:00,108461.0929144385,109138.97474515374,107976.89160678476,108654.7734375,1230,0.0,0.0
2026-03-30 00:00:00+09:00,107492.68985445205,107492.68985445205,105943.24567636986,106040.0859375,2956,0.0,0.0
2026-03-31 00:00:00+09:00,105749.56863024634,106911.6518020073,105749.56863024634,106136.9296875,2523,0.0,0.0
2026-04-01 00:00:00+09:00,106524.28753930816,107783.2109375,106330.60701650943,107783.2109375,1372,0.0,0.0
2026-04-02 00:00:00+09:00,107976.89300426136,108654.77484375001,106524.2890625,106524.2890625,1279,0.0,0.0
2026-04-03 00:00:00+09:00,106911.6494149415,107589.53125,106717.96889063907,107589.53125,863,0.0,0.0
2026-04-06 00:00:00+09:00,107589.53305611559,108364.25516633064,107395.85252856182,108073.734375,453,0.0,0.0
2026-04-07 00:00:00+09:00,108364.25432552549,108654.77511460196,108170.5737994745,108267.4140625,467,0.0,0.0
2026-04-08 00:00:00+09:00,108751.61203236014,109042.1328125,108170.57047208038,109042.1328125,844,0.0,0.0
2026-04-09 00:00:00+09:00,109042.13181411976,109332.65259159965,108170.56948168008,108364.25,538,0.0,0.0
2026-04-10 00:00:00+09:00,109138.97474515374,109138.97474515374,107976.89160678476,108654.7734375,528,0.0,0.0
2026-04-13 00:00:00+09:00,107976.88979269248,108654.7716120188,107783.20927288497,108170.5703125,523,0.0,0.0
2026-04-14 00:00:00+09:00,108751.61453683036,109138.9755859375,108364.25348772321,108461.09375,556,0.0,0.0
2026-04-15 00:00:00+09:00,108945.296875,109138.97740277777,108654.77608333333,108945.296875,455,0.0,0.0
2026-04-16 00:00:00+09:00,108557.93317596924,108848.4539605615,108073.7318683155,108654.7734375,629,0.0,0.0
2026-04-17 00:00:00+09:00,108461.09543010753,108654.77595766129,108073.734375,108073.734375,291,0.0,0.0
2026-04-20 00:00:00+09:00,108654.7776528777,108751.61791816547,107686.375,107686.375,995,0.0,0.0
2026-04-21 00:00:00+09:00,107880.05359175774,107880.05359175774,106233.76911145264,106330.609375,2093,0.0,0.0
2026-04-22 00:00:00+09:00,106330.60672089041,106524.28724315068,105943.24567636986,106040.0859375,945,0.0,0.0
2026-04-23 00:00:00+09:00,106330.61021612682,106621.13100906706,105846.40889455976,106136.9296875,888,0.0,0.0
2026-04-24 00:00:00+09:00,106136.92619863013,106330.60672089041,105943.24567636986,106040.0859375,499,0.0,0.0
2026-04-27 00:00:00+09:00,106040.08858435792,106524.28990209471,106040.08858435792,106330.609375,873,0.0,0.0
2026-04-28 00:00:00+09:00,106136.93137591575,106427.45217347756,105265.3689832303,105749.5703125,1531,0.0,0.0
2026-04-30 00:00:00+09:00,105749.56766528926,105846.40792871901,105265.3663481405,105459.046875,1360,0.0,0.0
2026-05-01 00:00:00+09:00,105459.04338522519,106040.08494657629,104781.1615636489,105362.203125,1134,0.0,0.0
2026-05-07 00:00:00+09:00,105846.41057835393,106136.93137591575,105265.3689832303,105749.5703125,675,0.0,0.0
2026-05-08 00:00:00+09:00,105749.5693548387,105749.5693548387,104974.84723502304,105071.6875,1244,0.0,0.0
2026-05-11 00:00:00+09:00,105071.68834400969,105265.36887551939,104781.16754674516,104878.0078125,1118,0.0,0.0
2026-05-12 00:00:00+09:00,104974.84109042553,105168.52160904255,104393.79953457447,104684.3203125,1213,0.0,0.0
2026-05-13 00:00:00+09:00,104587.48172005572,104587.48172005572,104200.1206766481,104296.9609375,1067,0.0,0.0
2026-05-14 00:00:00+09:00,104490.6414592038,104490.6414592038,103812.75963324048,104296.9609375,1694,0.0,0.0
2026-05-15 00:00:00+09:00,104296.96610946229,104490.64664077049,104006.4453125,104006.4453125,987,0.0,0.0
2026-05-18 00:00:00+09:00,104393.79936742071,104393.79936742071,103231.71625757929,103812.7578125,1806,0.0,0.0
2026-05-19 00:00:00+09:00,103715.91854436978,104490.640625,103522.23802421223,104490.640625,811,0.0,0.0
2026-05-20 00:00:00+09:00,104393.80020443926,104490.64046436916,103328.55734521028,103619.078125,1170,0.0,0.0
2026-05-21 00:00:00+09:00,103812.76226851852,104587.484375,103522.24147858797,104587.484375,1453,0.0,0.0
2026-05-22 00:00:00+09:00,104587.48424369747,104587.48424369747,103522.24134862279,103715.921875,656,0.0,0.0
2026-05-25 00:00:00+09:00,103619.08329428303,103715.92355904405,103134.88197047797,103328.5625,910,0.0,0.0
2026-05-26 00:00:00+09:00,103328.56334360328,103522.24387470658,103134.8828125,103134.8828125,1218,0.0,0.0
2026-05-27 00:00:00+09:00,103231.71625757929,103812.7578125,102844.35522096549,103812.7578125,1256,0.0,0.0
2026-05-28 00:00:00+09:00,103134.8828125,103231.72307805164,102553.84121919014,103134.8828125,1708,0.0,0.0
2026-05-29 00:00:00+09:00,103134.87583049152,103715.91738446613,102747.51479450846,102941.1953125,839,0.0,0.0
2026-06-01 00:00:00+09:00,102844.36008860609,103231.72114355376,101488.59639628924,101779.1171875,2337,0.0,0.0
2026-06-02 00:00:00+09:00,101682.27244127516,101779.11270074305,100907.55036553211,101004.390625,2319,0.0,0.0
2026-06-03 00:00:00+09:00,101004.39759270335,101488.59892344498,101004.39759270335,101198.078125,1206,0.0,0.0
2026-06-04 00:00:00+09:00,100810.71345108695,100810.71345108695,100132.83161231884,100229.671875,2320,0.0,0.0
2026-06-05 00:00:00+09:00,100229.67546351675,101391.75865729665,100229.67546351675,101198.078125,1258,0.0,0.0
2026-06-08 00:00:00+09:00,100520.18932766058,101004.390625,100423.3490681927,101004.390625,764,0.0,0.0
2026-06-09 00:00:00+09:00,100423.35504726638,100713.87584296725,100132.83425156551,100520.1953125,1109,0.0,0.0
2026-06-10 00:00:00+09:00,100229.67118038957,101294.9140625,100229.67118038957,101294.9140625,926,0.0,0.0
2026-06-11 00:00:00+09:00,100907.55732655502,101585.43918959331,100713.87679425838,101198.078125,847,0.0,0.0
2026-06-12 00:00:00+09:00,101488.5920865019,101875.953125,101198.07130762833,101875.953125,1533,0.0,0.0
2026-06-15 00:00:00+09:00,101875.95829361296,101972.79855815062,101391.75697092469,101585.4375,1008,0.0,0.0
2026-06-16 00:00:00+09:00,101488.59711538462,101488.59711538462,100326.51394230769,100713.875,1645,0.0,0.0
2026-06-17 00:00:00+09:00,100520.19363303743,101101.23521473129,100423.35336942179,100907.5546875,644,0.0,0.0
2026-06-18 00:00:00+09:00,100907.55203320501,101101.23255534167,100423.35072786333,100617.03125,993,0.0,0.0
2026-06-19 00:00:00+09:00,100617.02958712848,101004.390625,100520.18932766058,101004.390625,522,0.0,0.0
2026-06-22 00:00:00+09:00,100713.87318840579,100713.87318840579,100229.671875,100229.671875,799,0.0,0.0
2026-06-23 00:00:00+09:00,100229.67020572667,100617.03125,100132.82994465833,100617.03125,1110,0.0,0.0
2026-06-24 00:00:00+09:00,100520.19447115385,100907.55552884616,100520.19447115385,100713.875,964,0.0,0.0
2026-06-25 00:00:00+09:00,100617.03389665307,101101.23521473129,100520.19363303743,100907.5546875,548,0.0,0.0
2026-06-26 00:00:00+09:00,100810.7127524498,101294.9140625,100617.03222842973,101294.9140625,857,0.0,0.0
2026-06-29 00:00:00+09:00,101488.5919223394,101682.27244127516,101004.390625,101004.390625,796,0.0,0.0
2026-06-30 00:00:00+09:00,101101.234375,101391.7551634339,101004.39411218869,101101.234375,400,0.0,0.0
2026-07-01 00:00:00+09:00,101198.07547834693,101391.75600557822,100810.71442388436,100907.5546875,693,0.0,0.0
2026-07-02 00:00:00+09:00,101101.234375,101682.2759518678,100810.7135865661,101101.234375,880,0.0,0.0
2026-07-03 00:00:00+09:00,101585.43666002617,102166.47824244767,101585.43666002617,101779.1171875,1072,0.0,0.0
2026-07-06 00:00:00+09:00,102166.4730713354,102553.83410667695,101972.7925536646,102069.6328125,1581,0.0,0.0
2026-07-07 00:00:00+09:00,102456.99384784156,102553.83410667695,102069.6328125,102069.6328125,511,0.0,0.0
2026-07-08 00:00:00+09:00,102166.47390387357,102263.3141634981,101875.953125,101875.953125,579,0.0,0.0
2026-07-09 00:00:00+09:00,101875.95661206078,102263.31766381767,101779.11634912156,101972.796875,583,0.0,0.0
2026-07-10 00:00:00+09:00,102069.63713793922,102166.47740087844,101875.95661206078,101972.796875,505,0.0,0.0
2026-07-13 00:00:00+09:00,102166.47390387357,102456.99468274714,101682.27260575096,101875.953125,925,0.0,0.0
2026-07-14 00:00:00+09:00,102166.4775335452,102844.359375,102166.4775335452,102844.359375,758,0.0,0.0
2026-07-15 00:00:00+09:00,102844.36021521228,102844.36021521228,102456.99915978774,102650.6796875,667,0.0,0.0
2026-07-16 00:00:00+09:00,102747.52163973721,102844.36190518466,102263.3203125,102263.3203125,583,0.0,0.0
2026-07-17 00:00:00+09:00,102263.31515580737,102747.51645862842,101972.79437411473,102553.8359375,935,0.0,0.0
2026-07-21 00:00:00+09:00,102360.15973534972,102941.20132325143,102069.63894139887,102457.0,906,0.0,0.0
2026-07-22 00:00:00+09:00,102650.67703405865,102650.67703405865,101972.79520458846,102360.15625,804,0.0,0.0
2026-07-23 00:00:00+09:00,102263.315,102360.15526041666,101682.2734375,101682.2734375,859,0.0,0.0
2026-07-24 00:00:00+09:00,101682.27860852436,101779.11887386581,101391.7578125,101391.7578125,651,0.0,0.0
2026-07-27 00:00:00+09:00,101585.43666002617,102069.63797871074,101585.43666002617,101779.1171875,705,0.0,0.0
2026-07-28 00:00:00+09:00,102069.6328125,102263.31333017077,101682.27177715844,102069.6328125,726,0.0,0.0
2026-07-29 00:00:00+09:00,101972.79617745536,103038.0390625,101779.11565290179,103038.0390625,1411,0.0,0.0
2026-07-30 00:00:00+09:00,102553.83427651692,103134.87583049152,101972.79272254233,102941.1953125,3864,0.0,0.0
2026-07-31 00:00:00+09:00,103134.88003027067,103134.88003027067,101972.796875,101972.796875,1053,0.0,0.0
2026-08-03 00:00:00+09:00,102069.63955623795,102069.63955623795,100520.1953125,100520.1953125,2322,0.0,0.0
2026-08-04 00:00:00+09:00,100520.18999818314,100617.030258297,99939.1484375,99939.1484375,1998,0.0,0.0
2026-08-05 00:00:00+09:00,100229.6717379386,100229.6717379386,99261.26911245126,99358.109375,2554,0.0,0.0
2026-08-06 00:00:00+09:00,99358.10588414635,99648.62666158537,99164.42536585366,99261.265625,1974,0.0,0.0
2026-08-07 00:00:00+09:00,99648.62666158537,100132.82795731707,99261.265625,99261.265625,1549,0.0,0.0
2026-08-10 00:00:00+09:00,99454.94963754874,99745.47042519493,99067.5885873538,99358.109375,1064,0.0,0.0
2026-08-12 00:00:00+09:00,99648.6328125,99745.47307762392,99551.7925473761,99648.6328125,457,0.0,0.0
2026-08-13 00:00:00+09:00,99842.30984770185,99939.1501094358,99551.7890625,99551.7890625,821,0.0,0.0
2026-08-14 00:00:00+09:00,99745.47139702323,100326.51297797676,99648.63113353097,100035.9921875,1061,0.0,0.0
2026-08-17 00:00:00+09:00,100229.67103875361,100713.87234811958,100132.83077688042,100423.3515625,1265,0.0,0.0
2026-08-18 00:00:00+09:00,100326.51213768116,100326.51213768116,99745.4705615942,100229.671875,1340,0.0,0.0
2026-08-19 00:00:00+09:00,100229.67005461165,100326.51031553399,99745.46875,99745.46875,1100,0.0,0.0
2026-08-20 00:00:00+09:00,100326.515625,100520.1961570946,99842.3142947635,100326.515625,1149,0.0,0.0
2026-08-21 00:00:00+09:00,100326.51297797676,100520.19350496128,99939.15192400775,100035.9921875,999,0.0,0.0
2026-08-24 00:00:00+09:00,100132.83436306113,101779.11887386581,100132.83436306113,101391.7578125,2192,0.0,0.0
2026-08-25 00:00:00+09:00,101294.91420319905,102456.99734893364,101294.91420319905,102166.4765625,1043,0.0,0.0
2026-08-26 00:00:00+09:00,102263.31598864711,103038.0380794702,101972.79520458846,102360.15625,1045,0.0,0.0
2026-08-27 00:00:00+09:00,102941.20132325143,102941.20132325143,102069.63894139887,102457.0,2052,0.0,0.0
2026-08-28 00:00:00+09:00,102500.0,104100.0,102300.0,102600.0,4930,3343.0,0.0
2026-08-31 00:00:00+09:00,102600.0,103200.0,102600.0,102800.0,1570,0.0,0.0
2026-09-01 00:00:00+09:00,102900.0,103100.0,102200.0,102700.0,1654,0.0,0.0
2026-09-02 00:00:00+09:00,102600.0,102900.0,102400.0,102500.0,1223,0.0,0.0
2026-09-03 00:00:00+09:00,102500.0,103100.0,102300.0,102500.0,1195,0.0,0.0
2026-09-04 00:00:00+09:00,102500.0,103000.0,102400.0,102700.0,1217,0.0,0.0
2026-09-07 00:00:00+09:00,102500.0,102900.0,102400.0,102600.0,842,0.0,0.0
2026-09-08 00:00:00+09:00,102600.0,103300.0,102300.0,102800.0,1438,0.0,0.0
2026-09-09 00:00:00+09:00,102800.0,103300.0,102800.0,102800.0,892,0.0,0.0
2026-09-10 00:00:00+09:00,102700.0,103300.0,102700.0,102900.0,909,0.0,0.0
2026-09-11 00:00:00+09:00,103500.0,103500.0,102500.0,103200.0,1983,0.0,0.0
2026-09-14 00:00:00+09:00,102500.0,104500.0,102500.0,104200.0,1288,0.0,0.0
2026-09-15 00:00:00+09:00,104200.0,105300.0,104200.0,105300.0,575,0.0,0.0
2026-09-16 00:00:00+09:00,105300.0,105900.0,105300.0,105300.0,1056,0.0,0.0
2026-09-17 00:00:00+09:00,105400.0,105900.0,105300.0,105500.0,878,0.0,0.0
2026-09-18 00:00:00+09:00,105500.0,105900.0,105100.0,105100.0,781,0.0,0.0
2026-09-24 00:00:00+09:00,105100.0,105400.0,104800.0,105200.0,722,0.0,0.0
2026-09-25 00:00:00+09:00,105700.0,105800.0,104900.0,105200.0,3731,0.0,0.0
2026-09-28 00:00:00+09:00,105100.0,105900.0,105000.0,105600.0,734,0.0,0.0
2026-09-29 00:00:00+09:00,105400.0,105500.0,104900.0,105000.0,612,0.0,0.0
