Date,Open,High,Low,Close,Volume,Dividends,Stock Splits
2021-10-07 00:00:00+09:00,80751.45968089384,81497.08719410615,80453.20867560891,81124.2734375,2807,0.0,0.0
2021-10-08 00:00:00+09:00,81422.5259646488,81646.21422279344,80676.8984375,80676.8984375,2631,0.0,0.0
2021-10-11 00:00:00+09:00,80602.3401541096,81646.21875,80304.08912671234,81646.21875,2228,0.0,0.0
2021-10-12 00:00:00+09:00,81571.64768972197,82019.02418527803,81124.2711941659,81795.3359375,2025,0.0,0.0
2021-10-13 00:00:00+09:00,81869.90396341463,82540.96875,81422.52743902439,82540.96875,2499,0.0,0.0
2021-10-14 00:00:00+09:00,82540.97105532787,83435.72412909837,81497.0924692623,81869.90625,4149,0.0,0.0
2021-10-15 00:00:00+09:00,82019.02997737557,82615.53201357466,81795.34171380091,82391.84375,2482,0.0,0.0
2021-10-18 00:00:00+09:00,82540.97053977272,82615.53329545454,81273.40369318181,82019.03125,2995,0.0,0.0
2021-10-19 00:00:00+09:00,82168.1549796748,82615.53150406503,81869.90396341463,82540.96875,2582,0.0,0.0
2021-10-20 00:00:00+09:00,82168.15830667276,82242.72106375686,81571.65625,81571.65625,1871,0.0,0.0
2021-10-21 00:00:00+09:00,82168.16380043064,82839.22865905485,81944.47551422258,82242.7265625,3369,0.0,0.0
2021-10-22 00:00:00+09:00,82019.02544070513,82093.58819110577,80975.14693509614,81422.5234375,2677,0.0,0.0
2021-10-25 00:00:00+09:00,81422.53932745189,81869.91591716316,81198.85103259624,81347.9765625,1522,0.0,0.0
2021-10-26 00:00:00+09:00,81571.64893830128,81869.89993990384,81422.5234375,81422.5234375,786,0.0,0.0
2021-10-27 00:00:00+09:00,81497.09196022728,82019.03125,81422.52920454546,82019.03125,1551,0.0,0.0
2021-10-28 00:00:00+09:00,81869.90472146739,82690.09502377718,81720.77921195651,82317.28125,1611,0.0,0.0
2021-10-29 00:00:00+09:00,82391.85026041666,83137.47786458333,82317.28749999999,82764.6640625,2069,0.0,0.0
2021-11-01 00:00:00+09:00,82764.66589698549,82764.66589698549,81944.47551422258,82242.7265625,1622,0.0,0.0
2021-11-02 00:00:00+09:00,82317.28074141049,82764.65726717902,82168.15523282097,82466.40625,1645,0.0,0.0
2021-11-04 00:00:00+09:00,82764.66250840054,83361.16458053315,82764.66250840054,83212.0390625,1763,0.0,0.0
2021-11-05 00:00:00+09:00,83286.60312359361,83361.16588377587,82317.28724122413,82839.2265625,1541,0.0,0.0
2021-11-08 00:00:00+09:00,82913.78674174844,83584.8515625,82540.97295244201,83584.8515625,2320,0.0,0.0
2021-11-09 00:00:00+09:00,83510.29192966636,83510.29192966636,82690.1015625,82690.1015625,3357,0.0,0.0
2021-11-10 00:00:00+09:00,82690.09476809955,82764.65752262443,81944.46722285068,82391.84375,1868,0.0,0.0
2021-11-11 00:00:00+09:00,82168.14597852968,83062.89892929407,82168.14597852968,82913.7734375,1091,0.0,0.0
2021-11-12 00:00:00+09:00,83137.4710386528,83510.28481012658,82466.40625,82466.40625,2012,0.0,0.0
2021-11-15 00:00:00+09:00,82764.66122602587,83659.41432036129,82764.66122602587,83584.8515625,2740,0.0,0.0
2021-11-16 00:00:00+09:00,83659.42293716458,83883.11123378802,82839.23251621198,83361.171875,2006,0.0,0.0
2021-11-17 00:00:00+09:00,83510.29740608229,83584.86017162344,83286.60910945886,83361.171875,1009,0.0,0.0
2021-11-18 00:00:00+09:00,83733.98463959448,83957.6729333779,83286.60805202763,83659.421875,2875,0.0,0.0
2021-11-19 00:00:00+09:00,83435.72759949553,83733.97863649104,83062.91380325113,83137.4765625,2709,0.0,0.0
2021-11-22 00:00:00+09:00,83584.8412632626,84777.84524204244,83510.27851458886,84330.46875,5523,0.0,0.0
2021-11-24 00:00:00+09:00,83957.66380601154,84479.6031014308,83361.16175410381,84032.2265625,2319,0.0,0.0
2021-11-25 00:00:00+09:00,83883.11397180079,84777.8671875,83883.11397180079,84777.8671875,2924,0.0,0.0
2021-11-26 00:00:00+09:00,84554.17888357521,84777.8671875,83510.30013192612,84777.8671875,4955,0.0,0.0
2021-11-29 00:00:00+09:00,83659.42134675267,84926.98833685498,82690.10541314502,83808.546875,7629,0.0,0.0
2021-11-30 00:00:00+09:00,83510.29874213836,85150.67961028751,82988.359375,82988.359375,10783,0.0,0.0
2021-12-01 00:00:00+09:00,83062.91072814996,84703.29137089619,82988.3479716615,84032.2265625,5760,0.0,0.0
2021-12-02 00:00:00+09:00,84106.79661204606,85374.36358226306,84106.79661204606,84181.359375,5013,0.0,0.0
2021-12-03 00:00:00+09:00,84181.35651041666,85225.23515625,84181.35651041666,85001.546875,3901,0.0,0.0
2021-12-06 00:00:00+09:00,85150.67529340125,85747.17739703278,84032.23384909211,84181.359375,3429,0.0,0.0
2021-12-07 00:00:00+09:00,84255.91927083333,85001.546875,84181.35651041666,85001.546875,1686,0.0,0.0
2021-12-08 00:00:00+09:00,85374.35757107205,86045.42239040798,85076.10654025608,85896.296875,3903,0.0,0.0
2021-12-09 00:00:00+09:00,85747.1716170721,86418.2364384231,85150.669553649,85821.734375,3311,0.0,0.0
2021-12-10 00:00:00+09:00,85821.7303793464,85821.7303793464,84255.91253576145,84703.2890625,4979,0.0,0.0
2021-12-13 00:00:00+09:00,85001.5400803257,85150.66558923856,84405.03804467431,84703.2890625,2025,0.0,0.0
2021-12-14 00:00:00+09:00,84479.59424734749,84628.71974469496,84032.21775530504,84330.46875,2479,0.0,0.0
2021-12-15 00:00:00+09:00,84032.23411181294,84181.35963818706,83733.98305906472,84106.796875,1414,0.0,0.0
2021-12-16 00:00:00+09:00,84032.23569797237,84255.92399175579,83659.421875,83659.421875,1954,0.0,0.0
2021-12-17 00:00:00+09:00,83584.8492602323,85225.22988799778,83361.16099280973,84255.9140625,7228,0.0,0.0
2021-12-20 00:00:00+09:00,84926.98568397266,85598.05054012345,84405.04635141093,84554.171875,3915,0.0,0.0
2021-12-21 00:00:00+09:00,84554.16723632812,85896.296875,84405.04172092014,85896.296875,3362,0.0,0.0
2021-12-22 00:00:00+09:00,85896.2955920484,86641.92315795159,85598.04456568712,86269.109375,5290,0.0,0.0
2021-12-23 00:00:00+09:00,86567.36841273187,88729.6885539629,86567.36841273187,88431.4375,5955,0.0,0.0
2021-12-24 00:00:00+09:00,88431.43280185264,88729.6838399702,87536.6796875,87536.6796875,2611,0.0,0.0
2021-12-27 00:00:00+09:00,87536.67675865801,87685.80227272728,86119.984375,86119.984375,1539,0.0,0.0
2021-12-28 00:00:00+09:00,86343.67213159031,86641.92315795159,85374.35629591616,86269.109375,2269,0.0,0.0
2021-12-29 00:00:00+09:00,86119.9965218322,87089.3125,85821.74545162672,87089.3125,1808,0.0,0.0
2021-12-30 00:00:00+09:00,86940.16530738588,87387.54180124892,86567.3515625,86567.3515625,2269,0.0,0.0
2022-01-04 00:00:00+09:00,87089.30133361559,88356.86821946444,86567.36202767781,88058.6171875,3121,0.0,0.0
2022-01-05 00:00:00+09:00,88058.61978944279,88431.43359041418,87312.9921875,87312.9921875,3134,0.0,0.0
2022-01-06 00:00:00+09:00,86865.62207695578,88133.18909438775,86641.9337797619,87685.8125,2563,0.0,0.0
2022-01-07 00:00:00+09:00,88058.61038392098,88580.54964953271,87611.23387053951,87760.359375,2311,0.0,0.0
2022-01-11 00:00:00+09:00,87685.8117048346,88580.56488549618,87685.8117048346,87909.5,1949,0.0,0.0
2022-01-12 00:00:00+09:00,87909.49402038268,89624.4375,87909.49402038268,89624.4375,3549,0.0,0.0
2022-01-13 00:00:00+09:00,89997.25077865449,90370.06457641195,89624.43698089701,89773.5625,2403,0.0,0.0
2022-01-14 00:00:00+09:00,90295.49294417426,90519.18120084851,89549.86542192675,90071.8046875,2537,0.0,0.0
2022-01-17 00:00:00+09:00,90071.82004755997,90668.32216708023,89624.44345791977,90146.3828125,2044,0.0,0.0
2022-01-18 00:00:00+09:00,90519.19380252101,90593.75656512605,88729.6875,88729.6875,2930,0.0,0.0
2022-01-19 00:00:00+09:00,88506.00226419713,88729.69055972584,85598.05442232377,85672.6171875,4860,0.0,0.0
2022-01-20 00:00:00+09:00,85747.17154047725,86567.36187695139,83584.8515625,83584.8515625,6117,0.0,0.0
2022-01-21 00:00:00+09:00,82093.5862897878,84777.84524204244,80602.331316313,84330.46875,6017,0.0,0.0
2022-01-24 00:00:00+09:00,84255.91747493461,85821.7354103095,83733.97816314298,85523.484375,4136,0.0,0.0
2022-01-25 00:00:00+09:00,85001.53957051846,85448.91609457381,83659.40999835238,84852.4140625,3952,0.0,0.0
2022-01-26 00:00:00+09:00,84554.16749022588,86194.54816463945,84106.79094265855,85821.734375,2926,0.0,0.0
2022-01-27 00:00:00+09:00,85821.74086964749,86194.5546875,83808.54625324394,86194.5546875,4151,0.0,0.0
2022-01-28 00:00:00+09:00,85970.8495706826,86791.03980943153,85076.09658295651,86567.3515625,2423,0.0,0.0
2022-01-31 00:00:00+09:00,86567.36745016163,87462.12060210129,86343.67916217672,86492.8046875,2263,0.0,0.0
2022-02-01 00:00:00+09:00,88729.67205041018,88729.67205041018,86194.53856325561,86343.6640625,3263,0.0,0.0
2022-02-02 00:00:00+09:00,86492.79509425879,87685.79916452443,86119.98132230078,87014.734375,2062,0.0,0.0
2022-02-03 00:00:00+09:00,87089.29460492778,88580.54964953271,86865.60634823704,87760.359375,2736,0.0,0.0
2022-02-04 00:00:00+09:00,88133.18176373509,88505.99556138203,87462.11692797061,87536.6796875,1715,0.0,0.0
2022-02-07 00:00:00+09:00,87984.0570292485,87984.0570292485,86940.17838652861,87312.9921875,3290,0.0,0.0
2022-02-08 00:00:00+09:00,87089.3012597741,87312.98953355777,85299.79506950478,85821.734375,3112,0.0,0.0
2022-02-09 00:00:00+09:00,85896.29056924384,87984.04763169074,85896.29056924384,87760.359375,4193,0.0,0.0
2022-02-10 00:00:00+09:00,88133.16913767812,88953.359375,87685.79264459346,88953.359375,3848,0.0,0.0
2022-02-14 00:00:00+09:00,88133.18386846055,88580.56043632075,86641.92864225987,86940.1796875,3501,0.0,0.0
2022-02-15 00:00:00+09:00,86641.92015872145,86865.60842074912,84777.85130849078,84852.4140625,3677,0.0,0.0
2022-02-16 00:00:00+09:00,85747.17007886776,86641.92315795159,85598.04456568712,86269.109375,2136,0.0,0.0
2022-02-17 00:00:00+09:00,86716.48059475806,87909.48462701612,86492.79233870968,87834.921875,2627,0.0,0.0
2022-02-18 00:00:00+09:00,87760.35453996781,87760.35453996781,86343.66232564379,86865.6015625,3546,0.0,0.0
2022-02-21 00:00:00+09:00,87536.68256932501,87536.68256932501,86418.24113956363,86716.4921875,4603,0.0,0.0
2022-02-22 00:00:00+09:00,86492.79439201053,86716.48265336918,84255.91177842405,84926.9765625,5631,0.0,0.0
2022-02-24 00:00:00+09:00,85448.91686398679,86194.54441079295,83659.41075165199,84628.7265625,15653,0.0,0.0
2022-02-25 00:00:00+09:00,84797.41686320755,85334.109375,84030.71327493261,85334.109375,5290,3120.0,0.0
2022-02-28 00:00:00+09:00,85334.10337745633,87787.5546875,85104.09231713973,87787.5546875,4751,0.0,0.0
2022-03-01 00:00:00+09:00,87634.19212205497,88170.88446226003,87327.51078479494,87864.203125,3488,0.0,0.0
2022-03-02 00:00:00+09:00,87634.20868518717,89550.96740533563,87634.20868518717,89090.9453125,3879,0.0,0.0
2022-03-03 00:00:00+09:00,89167.61548039845,90010.9893155527,88784.26373714652,89474.296875,4553,0.0,0.0
2022-03-04 00:00:00+09:00,89627.63657281712,89934.31796399869,87327.52613895526,88247.5703125,5063,0.0,0.0
2022-03-07 00:00:00+09:00,88707.60330388117,89397.63651886383,88017.57008889853,88400.921875,4587,0.0,0.0
2022-03-08 00:00:00+09:00,88400.90827343063,89167.61172766681,87250.85309207637,87327.5234375,3426,0.0,0.0
2022-03-09 00:00:00+09:00,87327.5251376652,88477.58034140969,86867.5030561674,87020.84375,4810,0.0,0.0
2022-03-10 00:00:00+09:00,87020.8464336312,88707.59411780733,87020.8464336312,87940.890625,7000,0.0,0.0
2022-03-11 00:00:00+09:00,89627.6433799342,89934.32479440789,87404.203125,87404.203125,4972,0.0,0.0
2022-03-14 00:00:00+09:00,87864.21791666668,88170.89930555556,86254.140625,86254.140625,2973,0.0,0.0
2022-03-15 00:00:00+09:00,87710.88848039215,87710.88848039215,85947.47026793672,86024.140625,3278,0.0,0.0
2022-03-16 00:00:00+09:00,86714.16973935589,88017.5657478166,85870.79585152838,87787.5546875,4062,0.0,0.0
2022-03-17 00:00:00+09:00,87940.8892761284,88324.24101665206,87250.8561431858,87480.8671875,4122,0.0,0.0
2022-03-18 00:00:00+09:00,88094.24402104592,90164.34375,87787.56257971938,90164.34375,26840,0.0,0.0
2022-03-22 00:00:00+09:00,89550.96582435792,92541.109375,89014.27339219139,92541.109375,5030,0.0,0.0
2022-03-23 00:00:00+09:00,92387.76903195489,92617.78007518797,90931.03242481203,91774.40625,3362,0.0,0.0
2022-03-24 00:00:00+09:00,91391.06809701493,92464.453125,90854.37558302238,92464.453125,4124,0.0,0.0
2022-03-25 00:00:00+09:00,91851.0767748532,91851.0767748532,90931.03260014682,91391.0546875,2356,0.0,0.0
2022-03-28 00:00:00+09:00,91467.7294140625,92234.43292968751,91161.04800781251,92004.421875,4127,0.0,0.0
2022-03-29 00:00:00+09:00,92387.77378514361,94764.5546875,92157.76273007687,94764.5546875,6519,0.0,0.0
2022-03-30 00:00:00+09:00,94764.55046504497,94994.56150986304,92464.44001686426,93767.8359375,3038,0.0,0.0
2022-03-31 00:00:00+09:00,94151.18427599513,94534.53600350325,93077.79943897238,94381.1953125,2219,0.0,0.0
2022-04-01 00:00:00+09:00,94227.85580842392,95301.24065896739,92694.44887907608,95224.5703125,3583,0.0,0.0
2022-04-04 00:00:00+09:00,94151.18546195653,95454.58135190218,93921.17442255435,95224.5703125,2748,0.0,0.0
2022-04-05 00:00:00+09:00,95377.91100543478,95377.91100543478,94457.86684782608,95224.5703125,2139,0.0,0.0
2022-04-06 00:00:00+09:00,94764.55508258565,95071.23649061989,93921.18121049143,93997.8515625,1650,0.0,0.0
2022-04-07 00:00:00+09:00,93537.82489268192,94227.85802713614,93231.14349959117,93767.8359375,2030,0.0,0.0
2022-04-08 00:00:00+09:00,93921.1881779442,94611.22139721074,92771.1328125,92771.1328125,2471,0.0,0.0
2022-04-11 00:00:00+09:00,92771.12158764369,93997.84716235632,92771.12158764369,93384.484375,1560,0.0,0.0
2022-04-12 00:00:00+09:00,93231.15495867768,93844.51782024793,92771.1328125,92771.1328125,1209,0.0,0.0
2022-04-13 00:00:00+09:00,92847.79041700905,93844.50493015612,92847.79041700905,93307.8125,1274,0.0,0.0
2022-04-14 00:00:00+09:00,90317.68075851556,91391.06575904122,89167.62540080951,91161.0546875,4676,0.0,0.0
2022-04-15 00:00:00+09:00,89780.97738176385,91621.0657311766,89780.97738176385,91391.0546875,2458,0.0,0.0
2022-04-18 00:00:00+09:00,91467.72771101537,92464.44226276994,91314.38701074544,92311.1015625,3073,0.0,0.0
2022-04-19 00:00:00+09:00,91697.74046875001,92157.76257812501,91084.37765625001,92004.421875,3415,0.0,0.0
2022-04-20 00:00:00+09:00,92234.43292968751,92311.10328125,91621.07011718751,92004.421875,4131,0.0,0.0
2022-04-21 00:00:00+09:00,91697.74350041596,92694.45810368136,91697.74350041596,92157.765625,2121,0.0,0.0
2022-04-22 00:00:00+09:00,91927.75345035685,91927.75345035685,90624.35744647356,91314.390625,1606,0.0,0.0
2022-04-25 00:00:00+09:00,90854.36699054622,91544.40015756302,89780.98206407564,91237.71875,1690,0.0,0.0
2022-04-26 00:00:00+09:00,91927.74080574182,92541.10354673093,91391.04840737637,91467.71875,3555,0.0,0.0
2022-04-27 00:00:00+09:00,91237.71229619565,92157.75645380435,91237.71229619565,91697.734375,1205,0.0,0.0
2022-04-28 00:00:00+09:00,92157.75138400248,93231.13617549668,92157.75138400248,92617.7734375,2643,0.0,0.0
2022-05-02 00:00:00+09:00,92617.79036243822,93461.16428130148,91851.08679983525,93077.8125,2087,0.0,0.0
2022-05-06 00:00:00+09:00,92617.77466160788,93767.82981055169,92464.43397508204,93461.1484375,1756,0.0,0.0
2022-05-09 00:00:00+09:00,92924.46722749794,93614.50039997936,92617.7858175062,92847.796875,1841,0.0,0.0
2022-05-10 00:00:00+09:00,92541.11414030084,92847.7955459025,92004.42168049792,92387.7734375,2423,0.0,0.0
2022-05-11 00:00:00+09:00,91851.07659774435,92311.09868421052,91697.73590225563,91774.40625,4036,0.0,0.0
2022-05-12 00:00:00+09:00,91621.07314631864,92771.1284577787,91237.72137583194,92157.765625,1972,0.0,0.0
2022-05-13 00:00:00+09:00,92617.78621981681,93001.13798397168,92081.09375,92081.09375,3400,0.0,0.0
2022-05-16 00:00:00+09:00,92234.4223287563,92847.78507075968,90471.00444549663,91084.3671875,1839,0.0,0.0
2022-05-17 00:00:00+09:00,91161.04194972826,92004.41576086957,90777.6902173913,91697.734375,1045,0.0,0.0
2022-05-18 00:00:00+09:00,92157.75123660346,93154.46568425391,91697.72918384171,93001.125,1461,0.0,0.0
2022-05-19 00:00:00+09:00,93001.125,93461.14705276175,92464.4326051113,93001.125,1216,0.0,0.0
2022-05-20 00:00:00+09:00,92924.46722749794,93691.1707524773,92847.796875,92847.796875,1750,0.0,0.0
2022-05-23 00:00:00+09:00,92771.11397361913,93384.47671063479,92771.11397361913,93001.125,1382,0.0,0.0
2022-05-24 00:00:00+09:00,92847.79266224959,92924.46301126879,91774.40777598081,91851.078125,1611,0.0,0.0
2022-05-25 00:00:00+09:00,92157.77168843284,92541.12348414179,91774.41989272388,92464.453125,1558,0.0,0.0
2022-05-26 00:00:00+09:00,92004.42339716903,92617.78621981681,91851.08269150708,92081.09375,1610,0.0,0.0
2022-05-27 00:00:00+09:00,92387.76957090736,92387.76957090736,89780.97773239213,90624.3515625,5569,0.0,0.0
2022-05-30 00:00:00+09:00,90471.01390941722,91161.04706635347,90087.66215556377,90777.6953125,2658,0.0,0.0
2022-05-31 00:00:00+09:00,90701.02103614334,92541.109375,89320.95478200083,92541.109375,9201,0.0,0.0
2022-06-01 00:00:00+09:00,91467.72693232249,91467.72693232249,90471.01238905326,90701.0234375,4003,0.0,0.0
2022-06-02 00:00:00+09:00,90701.01547374789,91467.7189012521,90471.00444549663,91084.3671875,1721,0.0,0.0
2022-06-03 00:00:00+09:00,91391.04731308411,91391.04731308411,90164.3218457944,90240.9921875,1281,0.0,0.0
2022-06-06 00:00:00+09:00,90240.9996445872,91237.71416912384,89934.31825242206,91007.703125,2109,0.0,0.0
2022-06-07 00:00:00+09:00,90854.36225225462,91544.3953832844,90854.36225225462,91391.0546875,1066,0.0,0.0
2022-06-08 00:00:00+09:00,91391.06057452122,92157.76410283097,91314.39022169025,92081.09375,1551,0.0,0.0
2022-06-09 00:00:00+09:00,91544.3953832844,91697.7360790688,91084.3732959312,91391.0546875,1146,0.0,0.0
2022-06-10 00:00:00+09:00,91391.05965189873,91467.73000395569,90854.3671875,90854.3671875,1409,0.0,0.0
2022-06-13 00:00:00+09:00,90777.68457943926,90854.35492114487,90164.3218457944,90240.9921875,1285,0.0,0.0
2022-06-14 00:00:00+09:00,90087.65865958949,90240.99935518028,88017.55926911382,88247.5703125,2386,0.0,0.0
2022-06-15 00:00:00+09:00,88247.56965277778,89320.9545138889,86024.12958333333,86254.140625,2907,0.0,0.0
2022-06-16 00:00:00+09:00,86867.50591752407,88630.92395468477,86867.50591752407,87557.5390625,2679,0.0,0.0
2022-06-17 00:00:00+09:00,86484.15888157894,87864.22524671053,86100.80711348684,87404.203125,2188,0.0,0.0
2022-06-20 00:00:00+09:00,87404.20180224869,87557.54250716491,86024.13545800265,86944.1796875,1489,0.0,0.0
2022-06-21 00:00:00+09:00,87250.85766473292,88094.23150859238,87097.51696584938,87557.5390625,1293,0.0,0.0
2022-06-22 00:00:00+09:00,88170.90105095897,88247.57139969894,85947.4609375,85947.4609375,2459,0.0,0.0
2022-06-23 00:00:00+09:00,86100.81204490291,87634.21920509709,85947.47132888349,86867.515625,2450,0.0,0.0
2022-06-24 00:00:00+09:00,86867.50742973536,87710.88128827648,86867.50742973536,87634.2109375,1310,0.0,0.0
2022-06-27 00:00:00+09:00,87864.22614349048,89014.28145950475,87864.22614349048,88630.9296875,1248,0.0,0.0
2022-06-28 00:00:00+09:00,88707.59791666667,90010.99391025641,88707.59791666667,89704.3125,1420,0.0,0.0
2022-06-29 00:00:00+09:00,89397.63049841771,90854.3671875,89320.96014636075,90854.3671875,1382,0.0,0.0
2022-06-30 00:00:00+09:00,90471.00490196078,90931.02696078432,89397.62009803922,89934.3125,2282,0.0,0.0
2022-07-01 00:00:00+09:00,89934.32242234686,90010.99277394306,88170.90433563417,88860.9375,1373,0.0,0.0
2022-07-04 00:00:00+09:00,88937.59528423773,89550.95801033592,88477.57323966408,89014.265625,965,0.0,0.0
2022-07-05 00:00:00+09:00,89014.28428632846,89244.29535683576,88707.60285898538,89167.625,923,0.0,0.0
2022-07-06 00:00:00+09:00,88707.59275717572,88860.93345338518,87480.8671875,87480.8671875,1337,0.0,0.0
2022-07-07 00:00:00+09:00,87480.87023594708,87940.89234060586,87250.85918361768,87634.2109375,1089,0.0,0.0
2022-07-08 00:00:00+09:00,87480.8658314978,87940.88791299559,86867.5030561674,87020.84375,1728,0.0,0.0
2022-07-11 00:00:00+09:00,87097.51544697634,87787.54857991893,87097.51544697634,87480.8671875,1459,0.0,0.0
2022-07-12 00:00:00+09:00,87710.88128827648,87940.89234060586,87097.51848206474,87634.2109375,1349,0.0,0.0
2022-07-13 00:00:00+09:00,87864.22504093887,88477.58786844977,87480.87327374454,87787.5546875,1292,0.0,0.0
2022-07-14 00:00:00+09:00,87634.19212205497,87864.203125,87250.84045047993,87864.203125,715,0.0,0.0
2022-07-15 00:00:00+09:00,87710.8895631068,87940.90063713593,86790.84526699029,86867.515625,1777,0.0,0.0
2022-07-19 00:00:00+09:00,87404.19225065905,87557.53293881811,86867.49984210238,87250.8515625,1719,0.0,0.0
2022-07-20 00:00:00+09:00,87097.51544697634,87787.54857991893,86944.17475076686,87480.8671875,1685,0.0,0.0
2022-07-21 00:00:00+09:00,87710.88433406113,87940.89539437773,87250.86221342794,87787.5546875,1321,0.0,0.0
2022-07-22 00:00:00+09:00,87480.87327374454,87787.5546875,87174.19185998908,87787.5546875,1457,0.0,0.0
2022-07-25 00:00:00+09:00,87864.22046026707,88170.90185803415,87404.19836361647,87557.5390625,1223,0.0,0.0
2022-07-26 00:00:00+09:00,87787.5546875,87940.89539437773,87327.53256686681,87787.5546875,1294,0.0,0.0
2022-07-27 00:00:00+09:00,87864.203125,88170.88446226003,87557.52178773997,87864.203125,1156,0.0,0.0
2022-07-28 00:00:00+09:00,88017.5657478166,88170.90645469431,87557.5436271834,87787.5546875,1575,0.0,0.0
2022-07-29 00:00:00+09:00,88017.56514008621,88937.609375,87250.86161099139,88937.609375,3784,0.0,0.0
2022-08-01 00:00:00+09:00,88937.60173160172,88937.60173160172,87404.1948051948,88554.25,2734,0.0,0.0
2022-08-02 00:00:00+09:00,88554.253605243,88554.253605243,87174.18731529116,87557.5390625,3102,0.0,0.0
2022-08-03 00:00:00+09:00,87787.55011082531,87864.22046026707,86944.17626696585,87557.5390625,2766,0.0,0.0
2022-08-04 00:00:00+09:00,88017.56097428073,88247.57202212293,87557.53887859633,87940.890625,1808,0.0,0.0
2022-08-05 00:00:00+09:00,87940.89649789143,88630.9296875,87634.21508028763,88630.9296875,1771,0.0,0.0
2022-08-08 00:00:00+09:00,88324.24200518584,88707.59375,87940.89026037166,88707.59375,1162,0.0,0.0
2022-08-09 00:00:00+09:00,88937.60380148992,89014.27414959465,87480.8671875,87480.8671875,2383,0.0,0.0
2022-08-10 00:00:00+09:00,87480.8767384015,87710.88780782762,87174.1953125,87174.1953125,1799,0.0,0.0
2022-08-12 00:00:00+09:00,87250.84045047993,87940.87345931501,87097.49978184991,87864.203125,2165,0.0,0.0
2022-08-15 00:00:00+09:00,87864.22937445794,88400.921875,87557.54794557675,88400.921875,1938,0.0,0.0
2022-08-16 00:00:00+09:00,86637.4921875,86867.50322870574,86330.81079922566,86637.4921875,11966,0.0,0.0
2022-08-17 00:00:00+09:00,86637.48011746853,86714.15045385568,85257.4140625,85257.4140625,8287,0.0,0.0
2022-08-18 00:00:00+09:00,85257.4325290438,86100.80641197498,85257.4325290438,85794.125,2986,0.0,0.0
2022-08-19 00:00:00+09:00,85794.125,86254.14711796246,85640.78429401251,85794.125,3393,0.0,0.0
2022-08-22 00:00:00+09:00,85870.79991087344,86254.15169618985,85794.12955381017,86024.140625,2393,0.0,0.0
2022-08-23 00:00:00+09:00,85870.79442429738,85870.79442429738,84414.05773317089,84567.3984375,11478,0.0,0.0
2022-08-24 00:00:00+09:00,84107.36595735498,84107.36595735498,83263.9921875,83263.9921875,22580,0.0,0.0
2022-08-25 00:00:00+09:00,83340.66253021409,83800.68458649862,83263.9921875,83263.9921875,7117,0.0,0.0
2022-08-26 00:00:00+09:00,83724.02020547945,83954.03125,83417.33881278538,83954.03125,4074,0.0,0.0
2022-08-29 00:00:00+09:00,83187.33572247706,83877.36892201834,83110.66536697248,83570.6875,9114,0.0,0.0
2022-08-30 00:00:00+09:00,83498.14228816527,84523.14309056956,83498.14228816527,84444.296875,9381,3008.0,0.0
2022-08-31 00:00:00+09:00,83971.21958158264,84444.296875,83261.60364145659,84444.296875,11875,0.0,0.0
2022-09-01 00:00:00+09:00,83655.84167400235,84207.76522887324,83261.61056338028,83971.2265625,19195,0.0,0.0
2022-09-02 00:00:00+09:00,83419.30101190475,83971.22455357142,82788.53125,82788.53125,29498,0.0,0.0
2022-09-05 00:00:00+09:00,82630.82654028435,83498.13483412322,82630.82654028435,83182.75,6278,0.0,0.0
2022-09-06 00:00:00+09:00,83419.29810508434,84128.9140625,83103.91323512183,84128.9140625,4404,0.0,0.0
2022-09-07 00:00:00+09:00,84050.06946536145,85075.0703125,83813.53080832947,85075.0703125,6745,0.0,0.0
2022-09-08 00:00:00+09:00,84680.82856023677,85075.05960567549,84286.59751479805,84917.3671875,3316,0.0,0.0
2022-09-09 00:00:00+09:00,84523.14270929163,85705.8359375,84523.14270929163,85705.8359375,4718,0.0,0.0
2022-09-12 00:00:00+09:00,85705.83262332487,85705.83262332487,85153.90913817006,85311.6015625,2481,0.0,0.0
2022-09-13 00:00:00+09:00,85311.61184666975,85469.30429000924,84996.22695999074,85232.765625,2876,0.0,0.0
2022-09-14 00:00:00+09:00,84917.38451372663,84917.38451372663,83971.22981162382,84365.4609375,3855,0.0,0.0
2022-09-15 00:00:00+09:00,84759.68173727825,84759.68173727825,84286.60444386088,84444.296875,2457,0.0,0.0
2022-09-16 00:00:00+09:00,84365.45514112903,85548.1484375,84365.45514112903,85548.1484375,5371,0.0,0.0
2022-09-20 00:00:00+09:00,85153.91656839622,85153.91656839622,83576.9921875,83576.9921875,3646,0.0,0.0
2022-09-21 00:00:00+09:00,83419.30261299435,84050.07238700565,83340.45639124293,83734.6875,2811,0.0,0.0
2022-09-22 00:00:00+09:00,83576.98033707865,84365.44241573033,83498.13412921347,84207.75,2320,0.0,0.0
2022-09-26 00:00:00+09:00,83498.13643547233,83971.21369572997,82473.13570491412,82630.828125,3105,0.0,0.0
2022-09-27 00:00:00+09:00,82630.8392770793,83025.07038050049,81448.14596681576,81526.9921875,4996,0.0,0.0
2022-09-28 00:00:00+09:00,80580.83388157895,80975.06496710527,78688.52467105264,79398.140625,8250,0.0,0.0
2022-09-29 00:00:00+09:00,80738.5214007782,81763.52216074902,80501.98276386187,81053.90625,3158,0.0,0.0
2022-09-30 00:00:00+09:00,80028.90263310185,81290.4419849537,78846.20949074074,80896.2109375,4929,0.0,0.0
2022-10-03 00:00:00+09:00,80738.5267249757,81369.29646501457,79555.83346240282,81132.7578125,2821,0.0,0.0
2022-10-04 00:00:00+09:00,82473.14922469106,83419.30390030894,82157.76433281845,82946.2265625,5082,0.0,0.0
2022-10-05 00:00:00+09:00,83340.4510631598,83498.14349658109,82157.7578125,82157.7578125,2660,0.0,0.0
2022-10-06 00:00:00+09:00,82788.52548398661,82788.52548398661,81842.37090702677,82473.140625,1650,0.0,0.0
2022-10-07 00:00:00+09:00,81605.83305602614,82078.91034910455,81053.90954743465,81448.140625,2089,0.0,0.0
2022-10-11 00:00:00+09:00,81053.90625,81842.36837305447,80580.82897616732,81053.90625,1924,0.0,0.0
2022-10-12 00:00:00+09:00,81211.60236910029,81211.60236910029,80028.90913071534,80186.6015625,2762,0.0,0.0
2022-10-13 00:00:00+09:00,79950.07334503511,80107.76579739217,78530.84127382147,78609.6875,3786,0.0,0.0
2022-10-14 00:00:00+09:00,79319.29814570783,79555.83680817018,78530.8359375,78530.8359375,3381,0.0,0.0
2022-10-17 00:00:00+09:00,78530.84511282961,78767.3838029285,77269.30543230224,77742.3828125,4127,0.0,0.0
2022-10-18 00:00:00+09:00,78057.76773263185,78451.99888279666,77505.84412240112,77742.3828125,3567,0.0,0.0
2022-10-19 00:00:00+09:00,77348.15016202515,77821.22753304671,76796.2265625,76796.2265625,3742,0.0,0.0
2022-10-20 00:00:00+09:00,76638.52678105429,76953.91166492693,75534.6796875,75534.6796875,4206,0.0,0.0
2022-10-21 00:00:00+09:00,75850.06457137266,75928.91079234082,75140.44858265918,75534.6796875,5090,0.0,0.0
2022-10-24 00:00:00+09:00,75613.52428812104,75692.37050739958,74588.5234375,74588.5234375,2956,0.0,0.0
2022-10-25 00:00:00+09:00,74746.22237839959,75455.83841363755,74115.45256929916,75376.9921875,8116,0.0,0.0
2022-10-26 00:00:00+09:00,75534.67838145897,77900.06496960486,75298.13972264438,77821.21875,5814,0.0,0.0
2022-10-27 00:00:00+09:00,77584.67682317682,78925.0625,77348.13817432568,78925.0625,5311,0.0,0.0
2022-10-28 00:00:00+09:00,78609.68826333499,79161.61185194417,78294.30335555832,79082.765625,3490,0.0,0.0
2022-10-31 00:00:00+09:00,78925.06169871795,80186.60114644971,78294.29197485208,79950.0625,4537,0.0,0.0
2022-11-01 00:00:00+09:00,79634.67967990767,81132.7578125,79319.29480988823,81132.7578125,4338,0.0,0.0
2022-11-02 00:00:00+09:00,80659.68051516089,80659.68051516089,79398.14103496287,79634.6796875,4787,0.0,0.0
2022-11-04 00:00:00+09:00,79240.45145750987,80344.29854249011,79240.45145750987,79792.375,2300,0.0,0.0
2022-11-07 00:00:00+09:00,80028.91077506189,80186.60321008663,79398.14103496287,79634.6796875,1642,0.0,0.0
2022-11-08 00:00:00+09:00,80107.75534660766,80501.98642606933,79871.21669893069,80186.6015625,1463,0.0,0.0
2022-11-09 00:00:00+09:00,80028.91366106718,80186.60610177866,79555.8363389328,79792.375,1322,0.0,0.0
2022-11-10 00:00:00+09:00,79634.67927631579,79871.21792763159,79240.44819078948,79398.140625,1628,0.0,0.0
2022-11-11 00:00:00+09:00,79871.21875,80423.14227541955,79476.98766041461,79871.21875,6250,0.0,0.0
2022-11-14 00:00:00+09:00,79713.52924981175,80028.91413309488,78373.14349585843,78530.8359375,2907,0.0,0.0
2022-11-15 00:00:00+09:00,78530.8433723565,79240.45942692598,78294.3046875,78294.3046875,3302,0.0,0.0
2022-11-16 00:00:00+09:00,78451.9868429326,78688.52549673038,78215.44818913481,78373.140625,2041,0.0,0.0
2022-11-17 00:00:00+09:00,78530.8433723565,78609.689600642,77978.919774358,78294.3046875,2197,0.0,0.0
2022-11-18 00:00:00+09:00,78373.1480512109,78688.53295282544,77821.22447338547,78136.609375,4578,0.0,0.0
2022-11-21 00:00:00+09:00,78609.68580366035,79634.68672186254,78373.14713022909,79161.609375,4128,0.0,0.0
2022-11-22 00:00:00+09:00,79476.99887387388,79555.84510291541,78767.3828125,78767.3828125,2566,0.0,0.0
2022-11-24 00:00:00+09:00,79161.60075589971,80186.6015625,79082.75454000737,80186.6015625,3683,0.0,0.0
2022-11-25 00:00:00+09:00,80186.6015625,80186.6015625,79634.6780512537,80186.6015625,2354,0.0,0.0
2022-11-28 00:00:00+09:00,80265.45065628068,80975.06662475466,80107.758218842,80344.296875,5765,0.0,0.0
2022-11-29 00:00:00+09:00,80501.99131860494,81605.83840818424,80344.29887723646,81526.9921875,2830,0.0,0.0
2022-11-30 00:00:00+09:00,81842.3671875,81921.2133986633,80817.36644237717,81842.3671875,9067,0.0,0.0
2022-12-01 00:00:00+09:00,81526.99356343283,81763.53222947761,79240.453125,79240.453125,3908,0.0,0.0
2022-12-02 00:00:00+09:00,79634.68302899096,79634.68302899096,78373.14349585843,78530.8359375,4888,0.0,0.0
2022-12-05 00:00:00+09:00,78451.99051116518,79161.60650573853,78136.60562468813,79003.9140625,3255,0.0,0.0
2022-12-06 00:00:00+09:00,78767.37169916091,79871.21875,78609.67926332675,79871.21875,2746,0.0,0.0
2022-12-07 00:00:00+09:00,79713.52139778326,80344.29110221675,79398.1365455665,80028.90625,3096,0.0,0.0
2022-12-08 00:00:00+09:00,79713.52549342105,79792.37171052632,78925.06332236843,79398.140625,2950,0.0,0.0
2022-12-09 00:00:00+09:00,79476.996375,79792.38128125,78609.6878828125,78846.2265625,3488,0.0,0.0
2022-12-12 00:00:00+09:00,78846.22617853561,78925.07240471414,78136.61014292878,78609.6875,2993,0.0,0.0
2022-12-13 00:00:00+09:00,78609.68135258839,78767.37379261364,77978.91159248738,78057.7578125,3223,0.0,0.0
2022-12-14 00:00:00+09:00,78451.99335470617,79476.99427290837,77821.22355888944,79161.609375,3653,0.0,0.0
2022-12-15 00:00:00+09:00,79082.75861775273,79555.8359375,78688.52751796333,79555.8359375,4164,0.0,0.0
2022-12-16 00:00:00+09:00,79240.44981292935,80738.52796859667,79082.75737549068,80344.296875,6953,0.0,0.0
2022-12-19 00:00:00+09:00,79871.22250031188,79871.22250031188,78530.83673278443,79003.9140625,2737,0.0,0.0
2022-12-20 00:00:00+09:00,78846.22693607069,78925.07316300676,75298.1467239475,75850.0703125,8794,0.0,0.0
2022-12-21 00:00:00+09:00,76401.99257330247,77900.07085905349,76244.30012217078,76638.53125,6022,0.0,0.0
2022-12-22 00:00:00+09:00,76638.52302631579,77900.0625,76401.984375,77900.0625,2965,0.0,0.0
2022-12-23 00:00:00+09:00,77821.23182744565,77821.23182744565,76007.76847179089,76165.4609375,2994,0.0,0.0
2022-12-26 00:00:00+09:00,76165.45104703608,76638.52838273195,75534.68126610824,76480.8359375,4263,0.0,0.0
2022-12-27 00:00:00+09:00,76480.83181556748,77190.44778086655,76165.44694210122,77111.6015625,2822,0.0,0.0
2022-12-28 00:00:00+09:00,76875.06371474848,77742.37212588923,76875.06371474848,77584.6796875,2858,0.0,0.0
2022-12-29 00:00:00+09:00,77348.13857074874,77978.90830425126,77348.13857074874,77663.5234375,1908,0.0,0.0
2022-12-30 00:00:00+09:00,77584.67844567404,78688.52549673038,77584.67844567404,78373.140625,1771,0.0,0.0
2023-01-04 00:00:00+09:00,78294.3046875,78451.99714407099,77900.07354607251,78294.3046875,1421,0.0,0.0
2023-01-05 00:00:00+09:00,78373.14397321428,78609.68263711734,76717.37332589286,77269.296875,2851,0.0,0.0
2023-01-06 00:00:00+09:00,76875.0637548575,76953.90997409326,76086.6015625,76086.6015625,4208,0.0,0.0
2023-01-10 00:00:00+09:00,76165.46028513239,77584.69246435845,76086.61405295315,77427.0,2969,0.0,0.0
2023-01-11 00:00:00+09:00,77348.140625,77584.67928134557,77111.60196865443,77348.140625,1224,0.0,0.0
2023-01-12 00:00:00+09:00,77111.61147651437,77190.45770501797,76480.84164848563,76796.2265625,2973,0.0,0.0
2023-01-13 00:00:00+09:00,76717.37420824716,77032.7590970786,76165.45065279215,76244.296875,3531,0.0,0.0
2023-01-16 00:00:00+09:00,76244.29567621347,76323.14189718163,75455.83346653184,75534.6796875,3305,0.0,0.0
2023-01-17 00:00:00+09:00,75534.68540475571,75928.91653943608,75298.1467239475,75850.0703125,2376,0.0,0.0
2023-01-18 00:00:00+09:00,75850.07636738906,77505.84726522188,75534.69143446852,76402.0,3476,0.0,0.0
2023-01-19 00:00:00+09:00,75376.98396511018,75771.2150527938,74903.90665988982,75140.4453125,5870,0.0,0.0
2023-01-20 00:00:00+09:00,75298.14349039969,75928.91327880093,75061.6048197492,75455.8359375,4474,0.0,0.0
2023-01-23 00:00:00+09:00,76086.59910374366,77821.21587087563,76086.59910374366,77663.5234375,3811,0.0,0.0
2023-01-24 00:00:00+09:00,77742.37171890927,77821.21793769114,77111.60196865443,77348.140625,1431,0.0,0.0
2023-01-25 00:00:00+09:00,77426.98971579349,77978.91326773906,77111.60482896744,77505.8359375,1616,0.0,0.0
2023-01-26 00:00:00+09:00,77663.53218235596,77663.53218235596,76638.53125,76638.53125,3907,0.0,0.0
2023-01-27 00:00:00+09:00,76796.21954719388,77663.5279815051,76796.21954719388,77269.296875,2520,0.0,0.0
2023-01-30 00:00:00+09:00,77426.988052399,78057.7578125,77348.14183238636,78057.7578125,1496,0.0,0.0
2023-01-31 00:00:00+09:00,78215.45867556469,78215.45867556469,76717.3803339964,76796.2265625,3353,0.0,0.0
2023-02-01 00:00:00+09:00,77190.44778086655,77584.67887269938,76953.90912576686,77111.6015625,1136,0.0,0.0
2023-02-02 00:00:00+09:00,77269.29399923312,77348.14021759969,76638.52425230062,77111.6015625,1750,0.0,0.0
2023-02-03 00:00:00+09:00,77032.76524801078,77269.30393352156,76559.68787698922,76796.2265625,2106,0.0,0.0
2023-02-06 00:00:00+09:00,76875.0727910036,77111.61147651437,76559.68787698922,76796.2265625,1901,0.0,0.0
2023-02-07 00:00:00+09:00,76796.22082796392,76796.22082796392,76480.8359375,76480.8359375,1835,0.0,0.0
2023-02-08 00:00:00+09:00,76559.68216011598,76638.52838273195,75928.91237918814,76480.8359375,2100,0.0,0.0
2023-02-09 00:00:00+09:00,76244.30717035456,76480.84586891822,75928.92223893634,76165.4609375,2091,0.0,0.0
2023-02-10 00:00:00+09:00,76165.44818569215,76401.98684465392,75850.06330707645,76323.140625,1913,0.0,0.0
2023-02-13 00:00:00+09:00,76717.38493292053,76717.38493292053,76165.46130030959,76402.0,1376,0.0,0.0
2023-02-14 00:00:00+09:00,76638.5386996904,76638.5386996904,76165.46130030959,76402.0,1395,0.0,0.0
2023-02-15 00:00:00+09:00,74509.68190753796,74588.52813177874,72223.14140455532,72696.21875,29000,0.0,0.0
2023-02-16 00:00:00+09:00,73090.4440870098,73090.4440870098,72144.28947099674,72380.828125,8705,0.0,0.0
2023-02-17 00:00:00+09:00,72223.14140455532,72696.21875,72144.29518031454,72696.21875,4109,0.0,0.0
2023-02-20 00:00:00+09:00,72696.21913851352,73642.37383445946,72696.21913851352,72932.7578125,5310,0.0,0.0
2023-02-21 00:00:00+09:00,73248.13609977248,73642.3671875,73011.59744713598,73642.3671875,9964,0.0,0.0
2023-02-22 00:00:00+09:00,72775.06003111471,73011.59868777056,72380.82893668831,72853.90625,21040,0.0,0.0
2023-02-24 00:00:00+09:00,73090.44571572581,73326.984375,72853.90705645162,73326.984375,13031,0.0,0.0
2023-02-27 00:00:00+09:00,73010.24944073513,73984.80226975496,72847.82396923183,73741.1640625,13532,2710.0,0.0
2023-02-28 00:00:00+09:00,73497.52523506636,73903.58891039823,72929.03608960177,73416.3125,11893,0.0,0.0
2023-03-01 00:00:00+09:00,73253.88820912124,73497.52641824249,72766.61179087876,73010.25,18901,0.0,0.0
2023-03-02 00:00:00+09:00,72522.97954861111,73091.46875,72279.34131944444,73091.46875,29019,0.0,0.0
2023-03-03 00:00:00+09:00,73091.47600446428,73172.68875558036,72766.625,72766.625,4990,0.0,0.0
2023-03-06 00:00:00+09:00,72847.8245272525,73253.88820912124,72766.61179087876,73010.25,5012,0.0,0.0
2023-03-07 00:00:00+09:00,73253.88943632855,73822.37860046858,73172.67669859427,73659.953125,5451,0.0,0.0
2023-03-08 00:00:00+09:00,73497.52943903975,73659.95491846305,72522.9765625,72522.9765625,7429,0.0,0.0
2023-03-09 00:00:00+09:00,72766.62138084634,72929.046875,72604.19588669266,72929.046875,2924,0.0,0.0
2023-03-10 00:00:00+09:00,72685.39788440266,73822.37617533185,72685.39788440266,73416.3125,4595,0.0,0.0
2023-03-13 00:00:00+09:00,73010.2523903262,73172.67786839145,71792.0613048369,72198.125,6110,0.0,0.0
2023-03-14 00:00:00+09:00,72198.1286111894,72766.61781285232,71629.6394095265,72035.703125,5853,0.0,0.0
2023-03-15 00:00:00+09:00,72522.98140342833,72929.04512909142,71792.06669723477,71954.4921875,6203,0.0,0.0
2023-03-16 00:00:00+09:00,71467.20852337514,71873.27220816705,70655.08115379134,71223.5703125,6921,0.0,0.0
2023-03-17 00:00:00+09:00,71223.57453449769,71629.63824336027,70086.59614968245,70330.234375,14449,0.0,0.0
2023-03-20 00:00:00+09:00,70411.45747846087,70979.94675452687,69274.47892632885,69518.1171875,8865,0.0,0.0
2023-03-22 00:00:00+09:00,69680.52594036041,71142.35515589245,69680.52594036041,70979.9296875,9296,0.0,0.0
2023-03-23 00:00:00+09:00,70898.7259247449,71629.640625,70330.23671343537,71629.640625,5033,0.0,0.0
2023-03-24 00:00:00+09:00,71710.84673425028,71792.05947120867,70979.93210162486,71223.5703125,5714,0.0,0.0
2023-03-27 00:00:00+09:00,71548.4171241554,72279.33171452703,71304.77892736487,72116.90625,2794,0.0,0.0
2023-03-28 00:00:00+09:00,72116.92299107142,72766.625,71792.07198660714,72766.625,4019,0.0,0.0
2023-03-29 00:00:00+09:00,72766.61478163494,72766.61478163494,72116.91286394176,72522.9765625,4279,0.0,0.0
2023-03-30 00:00:00+09:00,72522.9735817575,73253.88820912124,72360.54810901001,73010.25,5305,0.0,0.0
2023-03-31 00:00:00+09:00,73091.47600446428,73253.90150669642,72360.56124441964,72766.625,5618,0.0,0.0
2023-04-03 00:00:00+09:00,73091.46929525628,74715.72416848419,72847.83106427209,74472.0859375,5938,0.0,0.0
2023-04-04 00:00:00+09:00,74390.87260405258,74553.29809008763,73578.74517387732,74147.234375,4004,0.0,0.0
2023-04-05 00:00:00+09:00,73984.80283648497,74390.86651835372,72766.61179087876,73010.25,3527,0.0,0.0
2023-04-06 00:00:00+09:00,73010.25300076987,73335.10395961646,72279.33834336506,72522.9765625,3564,0.0,0.0
2023-04-07 00:00:00+09:00,72441.7578125,72604.18327844731,71954.48141465808,72441.7578125,3605,0.0,0.0
2023-04-10 00:00:00+09:00,72441.76743125702,72522.98017501403,72035.70371247195,72360.5546875,1471,0.0,0.0
2023-04-11 00:00:00+09:00,72360.5559131631,72766.61963882619,71954.4921875,71954.4921875,2683,0.0,0.0
2023-04-12 00:00:00+09:00,72198.12620192308,72360.55168269231,71629.63701923078,71792.0625,2388,0.0,0.0
2023-04-13 00:00:00+09:00,71954.49391007796,73172.68511623051,71792.06841592428,72929.046875,3618,0.0,0.0
2023-04-14 00:00:00+09:00,73172.6796875,73172.6796875,72522.97775908712,73172.6796875,3348,0.0,0.0
2023-04-17 00:00:00+09:00,73253.89786330736,73335.11061038419,72685.40863376949,72929.046875,3849,0.0,0.0
2023-04-18 00:00:00+09:00,72929.03664455307,73172.67485160615,72522.97296613129,72685.3984375,2196,0.0,0.0
2023-04-19 00:00:00+09:00,72685.40863376949,73010.25962207685,72360.55764546215,72929.046875,2731,0.0,0.0
2023-04-20 00:00:00+09:00,73010.25240784368,73253.890625,72847.82692973947,73253.890625,1736,0.0,0.0
2023-04-21 00:00:00+09:00,73253.88820912124,73253.88820912124,72604.18631813125,73010.25,3610,0.0,0.0
2023-04-24 00:00:00+09:00,73335.11231971154,74309.6653073489,73253.89957074176,73903.6015625,3010,0.0,0.0
2023-04-25 00:00:00+09:00,74147.23378197195,74147.23378197195,73578.74458539604,73822.3828125,2092,0.0,0.0
2023-04-26 00:00:00+09:00,73822.3792106888,74147.23016431119,73578.740995472,73984.8046875,2141,0.0,0.0
2023-04-27 00:00:00+09:00,73984.80588610651,73984.80588610651,73253.8912286148,73578.7421875,2140,0.0,0.0
2023-04-28 00:00:00+09:00,73903.59255464481,74309.65625,73497.52885928962,74309.65625,2566,0.0,0.0
2023-05-01 00:00:00+09:00,74472.08353562637,74553.2962766685,73903.5943483315,74228.4453125,2396,0.0,0.0
2023-05-02 00:00:00+09:00,74390.86898907104,74553.29446721311,73741.16707650274,74309.65625,3063,0.0,0.0
2023-05-08 00:00:00+09:00,74309.66045017721,74715.72416848419,74147.23496285442,74472.0859375,2696,0.0,0.0
2023-05-09 00:00:00+09:00,74634.51142482279,75040.57514312977,74228.44770651581,74472.0859375,4456,0.0,0.0
2023-05-10 00:00:00+09:00,74715.7102893013,74796.92301787663,74147.22118927402,74390.859375,2027,0.0,0.0
2023-05-11 00:00:00+09:00,74472.07210357532,74472.07210357532,74066.0084606987,74390.859375,1601,0.0,0.0
2023-05-12 00:00:00+09:00,74309.66167249177,74309.66167249177,73578.74696751645,74066.0234375,4139,0.0,0.0
2023-05-15 00:00:00+09:00,74147.2343412527,75284.21274298057,74066.02159827214,75203.0,3327,0.0,0.0
2023-05-16 00:00:00+09:00,75284.20973880097,75771.48617723981,75121.78425932136,75690.2734375,5016,0.0,0.0
2023-05-17 00:00:00+09:00,75609.05704567047,75690.26978148751,74796.9296875,74796.9296875,3470,0.0,0.0
2023-05-18 00:00:00+09:00,74959.359375,75446.6358173077,74959.359375,74959.359375,2235,0.0,0.0
2023-05-19 00:00:00+09:00,75203.0,75527.85097192225,74796.9362850972,75203.0,2835,0.0,0.0
2023-05-22 00:00:00+09:00,75365.4236785329,75446.63641956581,74796.93449130259,75284.2109375,3308,0.0,0.0
2023-05-23 00:00:00+09:00,75284.21033653847,75284.21033653847,74472.08293269231,74959.359375,3151,0.0,0.0
2023-05-24 00:00:00+09:00,74959.34847502729,75121.77393217795,74390.859375,74390.859375,2957,0.0,0.0
2023-05-25 00:00:00+09:00,74715.71875,75040.56970108696,74472.08053668478,74715.71875,2421,0.0,0.0
2023-05-26 00:00:00+09:00,75040.57451403888,75365.42548596112,74878.14902807775,75203.0,3510,0.0,0.0
2023-05-29 00:00:00+09:00,75446.62628401814,76096.328125,75202.98809364995,76096.328125,3392,0.0,0.0
2023-05-30 00:00:00+09:00,76096.3383394282,76583.61478557182,76015.12559840427,76339.9765625,2247,0.0,0.0
2023-05-31 00:00:00+09:00,76746.03285845589,76827.24559163944,74553.2890625,74553.2890625,9872,0.0,0.0
2023-06-01 00:00:00+09:00,75609.0673532197,75771.49284699676,74634.51439055736,75040.578125,2866,0.0,0.0
2023-06-02 00:00:00+09:00,75933.9068740016,76258.7578125,75771.4814047524,76258.7578125,3514,0.0,0.0
2023-06-05 00:00:00+09:00,76583.60812165776,76746.0335895722,75771.48078208556,75933.90625,2510,0.0,0.0
2023-06-06 00:00:00+09:00,76177.55405227032,76908.46875,76096.34130807815,76908.46875,2944,0.0,0.0
2023-06-07 00:00:00+09:00,76908.46939132463,76908.46939132463,75933.91645289179,76177.5546875,3471,0.0,0.0
2023-06-08 00:00:00+09:00,76339.97717508057,76339.97717508057,75284.21153329754,75609.0625,4109,0.0,0.0
2023-06-09 00:00:00+09:00,76258.75899190312,76339.97172778373,75446.6316330969,75852.6953125,3832,0.0,0.0
2023-06-12 00:00:00+09:00,75933.90266475454,76339.96631536819,75933.90266475454,76096.328125,1940,0.0,0.0
2023-06-13 00:00:00+09:00,76096.33352014187,76339.97172778373,75771.48257661938,75852.6953125,2342,0.0,0.0
2023-06-14 00:00:00+09:00,76258.75899190312,76421.18446366435,75852.6953125,75852.6953125,1955,0.0,0.0
2023-06-15 00:00:00+09:00,75933.91285738032,76502.40204454788,75933.91285738032,76339.9765625,2461,0.0,0.0
2023-06-16 00:00:00+09:00,76339.97895678684,76908.4681617842,76258.7662132158,76583.6171875,5560,0.0,0.0
2023-06-19 00:00:00+09:00,76989.68213619402,76989.68213619402,76015.1291977612,76177.5546875,2062,0.0,0.0
2023-06-20 00:00:00+09:00,76421.1832817492,76421.1832817492,75933.9068740016,76258.7578125,1760,0.0,0.0
2023-06-21 00:00:00+09:00,76258.76743236941,76339.9801772388,75852.7037080224,76177.5546875,1316,0.0,0.0
2023-06-22 00:00:00+09:00,76258.76080184887,76339.97353965702,75690.27163719185,75771.484375,2500,0.0,0.0
2023-06-23 00:00:00+09:00,75852.69832624866,76502.40023910733,75852.69832624866,76421.1875,2919,0.0,0.0
2023-06-26 00:00:00+09:00,76339.97476089267,76664.82571732199,75933.911065356,76421.1875,2217,0.0,0.0
2023-06-27 00:00:00+09:00,76421.19049149525,76989.6796875,76258.76500692246,76989.6796875,2932,0.0,0.0
2023-06-28 00:00:00+09:00,76989.67429022082,77233.3125,76827.2488170347,77233.3125,4617,0.0,0.0
2023-06-29 00:00:00+09:00,77395.74399290967,77558.169478729,76827.25479254202,77314.53125,2952,0.0,0.0
2023-06-30 00:00:00+09:00,77558.17538496376,78451.515625,77152.11163949275,78451.515625,3558,0.0,0.0
2023-07-03 00:00:00+09:00,78532.70849811981,78695.1339551997,77964.21939834025,78289.0703125,3536,0.0,0.0
2023-07-04 00:00:00+09:00,78370.29628154266,78695.14725058533,77395.74337441467,78045.4453125,5414,0.0,0.0
2023-07-05 00:00:00+09:00,78126.65085816063,78370.2890625,77720.58718426166,78370.2890625,1427,0.0,0.0
2023-07-06 00:00:00+09:00,78370.29750424948,78370.29750424948,77476.95732544456,77639.3828125,2262,0.0,0.0
2023-07-07 00:00:00+09:00,77639.38462041884,77883.0228566754,77233.3208933246,77558.171875,1611,0.0,0.0
2023-07-10 00:00:00+09:00,77639.37980769231,78207.86899038462,77476.95432692308,78126.65625,2059,0.0,0.0
2023-07-11 00:00:00+09:00,78207.87737771739,78695.15387228261,78126.66462862318,78451.515625,2077,0.0,0.0
2023-07-12 00:00:00+09:00,78695.14242478048,78938.7806366219,78370.29147565858,78613.9296875,2465,0.0,0.0
2023-07-13 00:00:00+09:00,78776.35516206095,78776.35516206095,78126.65326381715,78613.9296875,1842,0.0,0.0
2023-07-14 00:00:00+09:00,78695.1484375,78776.36118098555,78045.44648961558,78695.1484375,2328,0.0,0.0
2023-07-18 00:00:00+09:00,79101.21521287643,79101.21521287643,77801.81126687436,78207.875,3954,0.0,0.0
2023-07-19 00:00:00+09:00,78370.29147565858,78613.9296875,77964.2277892562,78613.9296875,2108,0.0,0.0
2023-07-20 00:00:00+09:00,78613.93569401445,79101.21215492777,78451.51020704335,78695.1484375,2694,0.0,0.0
2023-07-21 00:00:00+09:00,78695.14000161918,78695.14000161918,78289.0763277202,78370.2890625,1574,0.0,0.0
2023-07-24 00:00:00+09:00,78695.14303626544,79019.99398791153,78532.71756044238,78938.78125,2097,0.0,0.0
2023-07-25 00:00:00+09:00,78938.78365384616,79101.20913461539,78126.65625,78126.65625,1776,0.0,0.0
2023-07-26 00:00:00+09:00,78532.70800680884,79019.984375,78451.49527877697,79019.984375,2505,0.0,0.0
2023-07-27 00:00:00+09:00,78776.359375,78938.78485824743,78613.93389175257,78776.359375,2232,0.0,0.0
2023-07-28 00:00:00+09:00,78776.35280866564,79426.0546875,78126.65092983129,79426.0546875,5866,0.0,0.0
2023-07-31 00:00:00+09:00,79426.0619064425,79588.48739091375,78776.35996855749,79101.2109375,3790,0.0,0.0
2023-08-01 00:00:00+09:00,78938.78666795667,79019.99941144222,78532.7229505289,78695.1484375,3247,0.0,0.0
2023-08-02 00:00:00+09:00,78695.14663337628,79182.42308311856,78451.50840850515,78776.359375,2624,0.0,0.0
2023-08-03 00:00:00+09:00,78695.14242478048,78938.7806366219,78532.71695021953,78613.9296875,1959,0.0,0.0
2023-08-04 00:00:00+09:00,78613.93448408623,79101.2109375,78613.93448408623,79101.2109375,1854,0.0,0.0
2023-08-07 00:00:00+09:00,79344.8503452775,79750.9140625,79344.8503452775,79750.9140625,2275,0.0,0.0
2023-08-08 00:00:00+09:00,79750.90138319672,79750.90138319672,79101.19953893442,79263.625,1681,0.0,0.0
2023-08-09 00:00:00+09:00,79263.63220164609,79507.27041538066,78695.14303626544,78938.78125,3507,0.0,0.0
2023-08-10 00:00:00+09:00,78857.57509435773,79344.8515625,78695.14960497698,79344.8515625,2156,0.0,0.0
2023-08-14 00:00:00+09:00,79750.89598761492,79750.89598761492,79263.61963738508,79507.2578125,3344,0.0,0.0
2023-08-15 00:00:00+09:00,79750.90800942665,79750.90800942665,78532.71695021953,78613.9296875,4697,0.0,0.0
2023-08-16 00:00:00+09:00,78613.93873312566,78695.15147975078,78126.66225337487,78207.875,3161,0.0,0.0
2023-08-17 00:00:00+09:00,78289.08112604383,78289.08112604383,77395.74098871346,77801.8046875,3255,0.0,0.0
2023-08-18 00:00:00+09:00,77558.16826671892,77964.23197492163,77476.95552507837,77720.59375,2685,0.0,0.0
2023-08-21 00:00:00+09:00,77639.38162579114,77801.80711036392,76989.6796875,76989.6796875,3721,0.0,0.0
2023-08-22 00:00:00+09:00,77152.10814790576,77639.38462041884,76908.46991164921,77558.171875,1911,0.0,0.0
2023-08-23 00:00:00+09:00,77558.164673488,77883.015625,77476.95193561,77883.015625,2371,0.0,0.0
2023-08-24 00:00:00+09:00,77964.23374613003,78695.1484375,77883.02100264448,78695.1484375,2354,0.0,0.0
2023-08-25 00:00:00+09:00,78613.93389175257,78776.359375,78126.65744201031,78776.359375,1813,0.0,0.0
2023-08-28 00:00:00+09:00,78938.78125,78938.78125,78532.71756044238,78938.78125,3243,0.0,0.0
2023-08-29 00:00:00+09:00,79182.42067920919,79588.484375,78938.78246173469,79588.484375,9168,0.0,0.0
2023-08-30 00:00:00+09:00,79519.22820246572,79602.66915545886,78684.81867253428,79102.0234375,10291,2617.0,0.0
2023-08-31 00:00:00+09:00,79185.46294341216,80353.63626396829,79185.46294341216,80270.1953125,10537,0.0,0.0
2023-09-01 00:00:00+09:00,79769.55913561078,80687.40971143893,79686.11817417185,80603.96875,3212,0.0,0.0
2023-09-04 00:00:00+09:00,80520.51835253605,81188.04596582132,80520.51835253605,81021.1640625,5228,0.0,0.0
2023-09-05 00:00:00+09:00,81021.1642458546,81772.1328125,80854.28234215561,81772.1328125,3813,0.0,0.0
2023-09-06 00:00:00+09:00,81438.359375,81605.24125896516,81188.03654905225,81438.359375,2305,0.0,0.0
2023-09-07 00:00:00+09:00,81688.69095092024,81688.69095092024,81354.92714723926,81605.25,2191,0.0,0.0
2023-09-08 00:00:00+09:00,81605.23874808478,82272.76626340655,81188.03405100868,81688.6796875,4031,0.0,0.0
2023-09-11 00:00:00+09:00,81605.24837868768,82022.453125,81188.04363237538,82022.453125,2868,0.0,0.0
2023-09-12 00:00:00+09:00,81855.5640849129,81939.00502689548,81021.15466508709,81438.359375,1781,0.0,0.0
2023-09-13 00:00:00+09:00,81188.04251060956,81855.57009548611,80770.83777006173,81104.6015625,2342,0.0,0.0
2023-09-14 00:00:00+09:00,80854.27029334781,81855.56156633045,80770.82935393258,81688.6796875,1749,0.0,0.0
2023-09-15 00:00:00+09:00,81605.24928616751,82189.3359375,81188.04453521574,82189.3359375,3815,0.0,0.0
2023-09-19 00:00:00+09:00,81939.01308692894,82189.3359375,81438.36738578681,82189.3359375,2355,0.0,0.0
2023-09-20 00:00:00+09:00,82189.3343197601,82856.86190814394,82022.45242266414,82606.5390625,4159,0.0,0.0
2023-09-21 00:00:00+09:00,82856.86120862588,83190.625,82689.97931293881,83190.625,1855,0.0,0.0
2023-09-22 00:00:00+09:00,82940.29407578442,82940.29407578442,82356.20749778593,82439.6484375,2594,0.0,0.0
2023-09-25 00:00:00+09:00,82773.42623363544,83023.7490952291,82356.22146431268,82856.8671875,2103,0.0,0.0
2023-09-26 00:00:00+09:00,83023.75513460566,83023.75513460566,82439.66841506572,82523.109375,1103,0.0,0.0
2023-09-27 00:00:00+09:00,82439.65646940822,83190.625,82272.77457372117,83190.625,3237,0.0,0.0
2023-09-28 00:00:00+09:00,83190.61689492663,83190.61689492663,82272.76655807186,82439.6484375,2095,0.0,0.0
2023-09-29 00:00:00+09:00,82356.21928907055,82439.6602407312,80937.72311083935,81021.1640625,3452,0.0,0.0
2023-10-02 00:00:00+09:00,81354.92440682871,81772.12914737655,81104.6015625,81104.6015625,1468,0.0,0.0
2023-10-03 00:00:00+09:00,81104.6110392968,81438.37487073423,80520.52433428129,80687.40625,2216,0.0,0.0
2023-10-04 00:00:00+09:00,80186.75856590671,80603.96334512578,79102.02613993711,79602.671875,3897,0.0,0.0
2023-10-05 00:00:00+09:00,80353.64586568324,80603.96875,80019.88201992754,80603.96875,3488,0.0,0.0
2023-10-06 00:00:00+09:00,80603.96875,80770.85067287784,80186.76394280538,80603.96875,1283,0.0,0.0
2023-10-10 00:00:00+09:00,80937.72491987179,81605.25254807693,80770.84301282051,81354.9296875,1358,0.0,0.0
2023-10-11 00:00:00+09:00,81605.23874808478,82022.44344516088,81354.91592983913,81688.6796875,1015,0.0,0.0
2023-10-12 00:00:00+09:00,81688.6918606505,82189.33757174746,81605.25090880103,81772.1328125,920,0.0,0.0
2023-10-13 00:00:00+09:00,81605.2552561162,82272.78290647299,81438.37334352701,81855.578125,3542,0.0,0.0
2023-10-16 00:00:00+09:00,82022.4554824279,82105.89643408857,80687.40025585736,81021.1640625,1438,0.0,0.0
2023-10-17 00:00:00+09:00,81688.6796875,82022.44344516088,81188.03405100868,81688.6796875,1401,0.0,0.0
2023-10-18 00:00:00+09:00,82022.46361539434,82689.99129486855,81939.02265546007,82523.109375,2481,0.0,0.0
2023-10-19 00:00:00+09:00,82105.89934077079,82689.98602307303,82022.4583861562,82272.78125,1340,0.0,0.0
2023-10-20 00:00:00+09:00,82189.33665644171,82356.2185582822,81605.25,81605.25,1865,0.0,0.0
2023-10-23 00:00:00+09:00,81772.13792992814,81939.01984407085,81104.61027335729,81271.4921875,1928,0.0,0.0
2023-10-24 00:00:00+09:00,81188.05123042865,81855.57888699949,81104.61027335729,81271.4921875,2045,0.0,0.0
2023-10-25 00:00:00+09:00,81688.69276667516,81939.015625,81188.04705002546,81939.015625,2012,0.0,0.0
2023-10-26 00:00:00+09:00,81605.25254807693,82022.45731570513,81104.60682692307,81354.9296875,1666,0.0,0.0
2023-10-27 00:00:00+09:00,81939.01147411617,82856.86190814394,81772.1295770202,82606.5390625,3926,0.0,0.0
2023-10-30 00:00:00+09:00,82606.54068845179,82856.86353902284,82105.89498730964,82189.3359375,1928,0.0,0.0
2023-10-31 00:00:00+09:00,82189.3343197601,82856.86190814394,82022.45242266414,82606.5390625,2456,0.0,0.0
2023-11-01 00:00:00+09:00,82856.85313607035,83023.73501549849,82439.6484375,82439.6484375,3234,0.0,0.0
2023-11-02 00:00:00+09:00,82773.42713567839,83023.75,82356.22236180905,83023.75,2058,0.0,0.0
2023-11-06 00:00:00+09:00,83107.18711656441,83107.18711656441,81605.25,81605.25,3768,0.0,0.0
2023-11-07 00:00:00+09:00,81605.24837868768,82022.453125,81271.48458163784,82022.453125,2913,0.0,0.0
2023-11-08 00:00:00+09:00,81772.13520144628,81855.57615573348,80770.84375,80770.84375,3031,0.0,0.0
2023-11-09 00:00:00+09:00,80854.29163431677,81104.61451863355,80353.64586568324,80603.96875,2217,0.0,0.0
2023-11-10 00:00:00+09:00,80603.96110576924,81438.37064102564,80603.96110576924,81354.9296875,1744,0.0,0.0
2023-11-13 00:00:00+09:00,81188.04596582132,81772.13262744593,81021.1640625,81021.1640625,1147,0.0,0.0
2023-11-14 00:00:00+09:00,80937.7265625,81521.81324903351,80687.40369684278,80937.7265625,2059,0.0,0.0
2023-11-15 00:00:00+09:00,81354.92805325256,82022.45566804847,81188.04614955357,81772.1328125,2093,0.0,0.0
2023-11-16 00:00:00+09:00,81521.8125,81939.01727226203,81438.37154554759,81521.8125,1782,0.0,0.0
2023-11-17 00:00:00+09:00,81688.69023635787,82189.3359375,81438.36738578681,82189.3359375,2329,0.0,0.0
2023-11-20 00:00:00+09:00,81939.01727226203,82272.78109007164,81438.37154554759,81521.8125,2380,0.0,0.0
2023-11-21 00:00:00+09:00,82272.77478876739,84025.03469806163,81772.12910039761,83941.59375,7563,0.0,0.0
2023-11-22 00:00:00+09:00,83524.39514558605,84442.24564169139,83440.95419139466,84358.8046875,3510,0.0,0.0
2023-11-24 00:00:00+09:00,84108.4869402985,84609.13269589552,83858.1640625,83858.1640625,1851,0.0,0.0
2023-11-27 00:00:00+09:00,83691.27272586634,84358.80032487624,83691.27272586634,84275.359375,1193,0.0,0.0
2023-11-28 00:00:00+09:00,84275.36282829534,84275.36282829534,83774.7171085233,84191.921875,2330,0.0,0.0
2023-11-29 00:00:00+09:00,84025.03400326999,84609.12063487168,83941.59305589832,84525.6796875,2442,0.0,0.0
2023-11-30 00:00:00+09:00,84275.36553263546,84692.5703125,83357.5150169335,84692.5703125,5952,0.0,0.0
2023-12-01 00:00:00+09:00,84442.23384054325,84442.23384054325,82940.296875,82940.296875,2870,0.0,0.0
2023-12-04 00:00:00+09:00,82940.3133942018,83357.51818994728,82689.99051675452,83107.1953125,2034,0.0,0.0
2023-12-05 00:00:00+09:00,83023.7438052399,83023.7438052399,82439.65716540405,82606.5390625,1589,0.0,0.0
2023-12-06 00:00:00+09:00,82856.86988551052,83357.515625,82523.10605918418,83357.515625,1328,0.0,0.0
2023-12-07 00:00:00+09:00,82940.30377394153,83023.7447234123,82439.65807711692,82773.421875,1853,0.0,0.0
2023-12-08 00:00:00+09:00,82606.54955760542,83274.0772307982,82523.10859845633,83107.1953125,2515,0.0,0.0
2023-12-11 00:00:00+09:00,83440.953125,83524.394078125,82940.30740625,83440.953125,1433,0.0,0.0
2023-12-12 00:00:00+09:00,83274.06594784353,83357.50689568705,82773.42026078234,83190.625,1395,0.0,0.0
2023-12-13 00:00:00+09:00,83274.0772307982,83440.95914909638,82940.3133942018,83107.1953125,1063,0.0,0.0
2023-12-14 00:00:00+09:00,83274.06064512073,83274.06064512073,82689.97404740946,82940.296875,1810,0.0,0.0
2023-12-15 00:00:00+09:00,83190.61689492663,83190.61689492663,82272.76655807186,82439.6484375,3044,0.0,0.0
2023-12-18 00:00:00+09:00,82439.66331658291,83023.75,82272.78140703517,83023.75,1916,0.0,0.0
2023-12-19 00:00:00+09:00,82689.9807190997,82773.42166836215,81605.24837868768,82022.453125,2955,0.0,0.0
2023-12-20 00:00:00+09:00,82022.4583861562,82523.10411384382,81688.69456769778,82272.78125,2623,0.0,0.0
2023-12-21 00:00:00+09:00,81855.57615573348,82022.45806430785,80770.84375,80770.84375,3223,0.0,0.0
2023-12-22 00:00:00+09:00,80770.84049079753,81605.25,80770.84049079753,81605.25,2268,0.0,0.0
2023-12-25 00:00:00+09:00,81605.25678645296,81688.6977443123,80687.40625,80687.40625,2756,0.0,0.0
2023-12-26 00:00:00+09:00,80603.96529214064,80770.84720785936,80019.87858712513,80687.40625,3205,0.0,0.0
2023-12-27 00:00:00+09:00,80770.82935393258,81688.6796875,80687.38841451737,81688.6796875,2852,0.0,0.0
2023-12-28 00:00:00+09:00,82105.897875,83440.953125,82105.897875,83440.953125,2357,0.0,0.0
2023-12-29 00:00:00+09:00,83440.95672123016,84108.484375,83440.95672123016,84108.484375,2835,0.0,0.0
2024-01-04 00:00:00+09:00,83941.60065986056,83941.60065986056,83440.9549302789,83774.71875,1389,0.0,0.0
2024-01-05 00:00:00+09:00,83774.7172765226,84942.890625,83691.27632305992,84942.890625,3829,0.0,0.0
2024-01-09 00:00:00+09:00,85109.76402439024,85610.40969512194,84859.44118902438,85526.96875,7028,0.0,0.0
2024-01-10 00:00:00+09:00,85526.97820925245,86027.62393535538,85109.7734375,85109.7734375,4264,0.0,0.0
2024-01-11 00:00:00+09:00,85109.7734375,85526.97820925245,85026.33248314951,85109.7734375,1870,0.0,0.0
2024-01-12 00:00:00+09:00,85193.21709003412,85693.86283199317,85109.77613304093,85610.421875,2320,0.0,0.0
2024-01-15 00:00:00+09:00,85610.40744033268,86695.1396983486,85610.40744033268,86528.2578125,749,0.0,0.0
2024-01-16 00:00:00+09:00,85610.40744033268,87362.66724174301,85610.40744033268,86528.2578125,2162,0.0,0.0
2024-01-17 00:00:00+09:00,86528.27240192494,86611.71335891812,85526.98091800683,85610.421875,2734,0.0,0.0
2024-01-18 00:00:00+09:00,85860.73946114369,86111.06231671554,85360.09375,85360.09375,2149,0.0,0.0
2024-01-19 00:00:00+09:00,85777.30912813102,86778.6006743738,85693.86816594412,86611.71875,1410,0.0,0.0
2024-01-22 00:00:00+09:00,86695.15648651845,88197.09375,86695.15648651845,88197.09375,2779,0.0,0.0
2024-01-23 00:00:00+09:00,88197.0813484957,88280.52229584528,87362.671875,87362.671875,2252,0.0,0.0
2024-01-24 00:00:00+09:00,87779.87661174785,87946.75850644699,87112.3490329513,87362.671875,1508,0.0,0.0
2024-01-25 00:00:00+09:00,87279.24038807582,87279.24038807582,86444.83082413628,86945.4765625,2162,0.0,0.0
2024-01-26 00:00:00+09:00,86695.14179315476,87612.9921875,86695.14179315476,87612.9921875,1321,0.0,0.0
2024-01-29 00:00:00+09:00,87362.671875,87779.87661174785,87028.90808560172,87362.671875,1700,0.0,0.0
2024-01-30 00:00:00+09:00,87362.67461271367,87946.7612624644,87195.79271278491,87863.3203125,1703,0.0,0.0
2024-01-31 00:00:00+09:00,87529.5546875,87863.318480398,87279.2318428265,87529.5546875,4458,0.0,0.0
2024-02-01 00:00:00+09:00,87529.5542479995,87529.5542479995,86027.6171875,86027.6171875,4279,0.0,0.0
2024-02-02 00:00:00+09:00,86361.38733552632,87279.23782894737,86361.38733552632,87195.796875,1468,0.0,0.0
2024-02-05 00:00:00+09:00,87195.79067758413,87612.99541766827,86778.5859375,86778.5859375,1569,0.0,0.0
2024-02-06 00:00:00+09:00,86862.02871318247,87279.23346204501,86611.70586386495,87112.3515625,1300,0.0,0.0
2024-02-07 00:00:00+09:00,87195.80548530829,87446.12837186898,86611.71875,86611.71875,1702,0.0,0.0
2024-02-08 00:00:00+09:00,87112.35592105263,87529.56069078948,87028.91496710527,87195.796875,1611,0.0,0.0
2024-02-09 00:00:00+09:00,87279.23092765044,87863.31755909743,87112.3490329513,87362.671875,2396,0.0,0.0
2024-02-13 00:00:00+09:00,87195.79342435469,87612.99817758126,86945.47057241874,87279.234375,3018,0.0,0.0
2024-02-14 00:00:00+09:00,87279.23325785024,87362.67420742754,86277.9418629227,86361.3828125,3620,0.0,0.0
2024-02-15 00:00:00+09:00,83858.1613644895,84859.45284346848,83023.75179867368,83357.515625,20294,0.0,0.0
2024-02-16 00:00:00+09:00,83357.50689568705,83941.59353059177,82689.97931293881,83190.625,9419,0.0,0.0
2024-02-19 00:00:00+09:00,83357.50689568705,83607.82973921765,83023.74310431293,83190.625,5337,0.0,0.0
2024-02-20 00:00:00+09:00,83607.83684013944,84275.36447958168,83440.9549302789,83774.71875,5952,0.0,0.0
2024-02-21 00:00:00+09:00,83941.59756058674,83941.59756058674,81688.6918606505,81772.1328125,20546,0.0,0.0
2024-02-22 00:00:00+09:00,80687.39314542273,81188.03881126815,80270.18842388486,80437.0703125,31482,0.0,0.0
2024-02-26 00:00:00+09:00,80937.72491987179,81438.37064102564,80687.40205929487,81354.9296875,8568,0.0,0.0
2024-02-27 00:00:00+09:00,81605.24725115742,81605.24725115742,80687.39682195216,81104.6015625,10003,0.0,0.0
2024-02-28 00:00:00+09:00,80823.1821371822,81423.77903204449,80565.78346795551,80994.78125,13412,2672.0,0.0
2024-02-29 00:00:00+09:00,81080.58254253927,82110.17724149214,80479.98563481675,81938.578125,22284,0.0,0.0
2024-03-01 00:00:00+09:00,81509.5734192736,81681.17252120891,80737.37746056469,80908.9765625,23350,0.0,0.0
2024-03-04 00:00:00+09:00,80823.17991214058,81681.17545260915,80565.78125,80565.78125,37418,0.0,0.0
2024-03-05 00:00:00+09:00,80994.78804916318,82110.1823761114,80823.18892194038,82024.3828125,9297,0.0,0.0
2024-03-06 00:00:00+09:00,82281.77275955578,83311.3674134814,82024.37409607439,83053.96875,7064,0.0,0.0
2024-03-07 00:00:00+09:00,83139.77295673077,83826.16943108974,82882.37427884615,83654.5703125,6674,0.0,0.0
2024-03-08 00:00:00+09:00,83053.96875,83654.56563145661,82539.17142303719,83053.96875,5169,0.0,0.0
2024-03-11 00:00:00+09:00,83225.5678589876,83740.36518595042,82453.37186854339,83053.96875,5325,0.0,0.0
2024-03-12 00:00:00+09:00,82710.7763671875,82796.57592773438,81423.78295898438,82367.578125,6183,0.0,0.0
2024-03-13 00:00:00+09:00,82539.18044989507,82539.18044989507,81166.38742785939,81766.984375,4656,0.0,0.0
2024-03-14 00:00:00+09:00,81852.77740012886,83225.5703125,81681.17828608248,83225.5703125,3653,0.0,0.0
2024-03-15 00:00:00+09:00,83397.16919321686,84426.7638746146,83311.36963643371,83482.96875,7125,0.0,0.0
2024-03-18 00:00:00+09:00,83997.76048856083,84169.3595906825,83311.36408007413,83911.9609375,3604,0.0,0.0
2024-03-19 00:00:00+09:00,84083.5743957704,85799.5657099698,83997.77483006043,85198.96875,6159,0.0,0.0
2024-03-21 00:00:00+09:00,85799.55690298507,86228.5546875,84941.56133395522,86228.5546875,4477,0.0,0.0
2024-03-22 00:00:00+09:00,86485.95266272189,87000.75,85885.35576923077,87000.75,4726,0.0,0.0
2024-03-25 00:00:00+09:00,87000.75,87343.94822485207,86657.55177514792,87000.75,3048,0.0,0.0
2024-03-26 00:00:00+09:00,87086.5571226647,87515.55494100295,86571.7597406588,87258.15625,2728,0.0,0.0
2024-03-27 00:00:00+09:00,87601.34689349112,87772.94600591715,86743.35133136094,87000.75,4225,0.0,0.0
2024-03-28 00:00:00+09:00,87515.54195374016,87515.54195374016,86657.54644438977,87172.34375,2871,0.0,0.0
2024-03-29 00:00:00+09:00,87429.74778106509,87429.74778106509,86228.55399408283,87000.75,2927,0.0,0.0
2024-04-01 00:00:00+09:00,87258.15599724265,88116.15163143382,86914.95774356618,87515.5546875,2578,0.0,0.0
2024-04-02 00:00:00+09:00,87944.5522513441,88287.75050403226,87258.15574596774,87772.953125,3779,0.0,0.0
2024-04-03 00:00:00+09:00,87772.95167709366,87772.95167709366,86056.96044195986,86571.7578125,3783,0.0,0.0
2024-04-04 00:00:00+09:00,86914.95067538328,87086.54978826657,86314.35378029179,86743.3515625,2000,0.0,0.0
2024-04-05 00:00:00+09:00,86314.34888592354,86657.5470922294,85971.15067961768,86400.1484375,3026,0.0,0.0
2024-04-08 00:00:00+09:00,86400.15310650888,87258.14866863904,86142.75443786982,87000.75,2404,0.0,0.0
2024-04-09 00:00:00+09:00,87086.5571226647,87772.9536320059,86829.15843166175,87258.15625,2942,0.0,0.0
2024-04-10 00:00:00+09:00,87687.14715485074,87944.5458255597,86228.5546875,86228.5546875,3096,0.0,0.0
2024-04-11 00:00:00+09:00,86400.15310650888,87000.75,85885.35576923077,87000.75,2953,0.0,0.0
2024-04-12 00:00:00+09:00,86743.34664380587,86743.34664380587,85885.35112804122,86400.1484375,2239,0.0,0.0
2024-04-15 00:00:00+09:00,86657.55177514792,87343.94822485207,86571.75221893491,87000.75,2537,0.0,0.0
2024-04-16 00:00:00+09:00,87000.75268385983,88030.34739017769,86657.55444842053,86914.953125,3332,0.0,0.0
2024-04-17 00:00:00+09:00,87343.95337130541,87858.75073891625,86914.95556496305,87086.5546875,2802,0.0,0.0
2024-04-18 00:00:00+09:00,87086.54709887599,87429.74531404398,86571.74977612402,86829.1484375,1376,0.0,0.0
2024-04-19 00:00:00+09:00,86914.9457469588,87258.14395326465,85885.35112804122,86400.1484375,2830,0.0,0.0
2024-04-22 00:00:00+09:00,86743.34272203947,88116.13548519736,86657.5431743421,88030.3359375,3936,0.0,0.0
2024-04-23 00:00:00+09:00,88116.15163143382,88373.55032169119,87343.95556066177,87515.5546875,2406,0.0,0.0
2024-04-24 00:00:00+09:00,88030.34219058795,88030.34219058795,86485.95022233202,86829.1484375,2760,0.0,0.0
2024-04-25 00:00:00+09:00,86829.15649777006,87172.35474479683,86485.95825074331,86571.7578125,2239,0.0,0.0
2024-04-26 00:00:00+09:00,86571.7597406588,87258.15625,86056.96235865289,87258.15625,3056,0.0,0.0
2024-04-30 00:00:00+09:00,87515.55443548388,87944.5522513441,87172.3561827957,87772.953125,1616,0.0,0.0
2024-05-01 00:00:00+09:00,87601.34309010922,88373.5390625,87429.7439851335,88373.5390625,2411,0.0,0.0
2024-05-02 00:00:00+09:00,88373.54349459134,89317.33861929087,88116.14482421875,89231.5390625,3697,0.0,0.0
2024-05-07 00:00:00+09:00,89231.54394157088,89832.14087194685,88974.14525712405,89574.7421875,2554,0.0,0.0
2024-05-08 00:00:00+09:00,89660.52963597236,89660.52963597236,88459.3359375,88459.3359375,1444,0.0,0.0
2024-05-09 00:00:00+09:00,88802.53413706353,89059.93278673619,88287.73683771824,88459.3359375,1604,0.0,0.0
2024-05-10 00:00:00+09:00,88802.54712481832,88888.34668725776,87343.95456334787,88545.1484375,3862,0.0,0.0
2024-05-13 00:00:00+09:00,88459.3359375,88630.93503728177,87944.53863815471,88459.3359375,1176,0.0,0.0
2024-05-14 00:00:00+09:00,88545.14085276968,88802.53951803935,88030.34352223032,88287.7421875,1533,0.0,0.0
2024-05-15 00:00:00+09:00,88287.74534460616,88373.54490276419,87601.34887934197,87687.1484375,1499,0.0,0.0
2024-05-16 00:00:00+09:00,87944.55250459559,88030.3520680147,87086.55687040441,87515.5546875,2968,0.0,0.0
2024-05-17 00:00:00+09:00,87000.75488089392,87601.35180807958,86914.9553198674,87343.953125,2032,0.0,0.0
2024-05-20 00:00:00+09:00,87343.94285187007,87343.94285187007,86485.94734251969,87172.34375,2382,0.0,0.0
2024-05-21 00:00:00+09:00,87172.34440168818,87343.94350484111,86228.54933434707,86400.1484375,1803,0.0,0.0
2024-05-22 00:00:00+09:00,86228.55883165522,87601.35180807958,86228.55883165522,87343.953125,2790,0.0,0.0
2024-05-23 00:00:00+09:00,87343.9538683102,87429.75343006689,86228.55956547325,86571.7578125,2507,0.0,0.0
2024-05-24 00:00:00+09:00,86228.55156095604,87258.14620645999,86056.95245337204,86829.1484375,1825,0.0,0.0
2024-05-27 00:00:00+09:00,86829.14888792246,86829.14888792246,85713.75468284046,86314.3515625,3345,0.0,0.0
2024-05-28 00:00:00+09:00,86400.15333673342,87000.75023182492,86400.15333673342,86743.3515625,2333,0.0,0.0
2024-05-29 00:00:00+09:00,86829.1520583083,86914.95161567818,85627.95825513013,85713.7578125,4339,0.0,0.0
2024-05-30 00:00:00+09:00,85799.5657099698,85799.5657099698,84684.17135574018,85198.96875,4857,0.0,0.0
2024-05-31 00:00:00+09:00,85198.965811497,85627.96362525075,84769.96799774322,85542.1640625,5144,0.0,0.0
2024-06-03 00:00:00+09:00,85885.36527567977,85885.36527567977,85198.96875,85198.96875,1958,0.0,0.0
2024-06-04 00:00:00+09:00,85713.75063920455,85713.75063920455,84941.5546875,84941.5546875,2362,0.0,0.0
2024-06-05 00:00:00+09:00,84684.15399058044,85113.15173116089,84255.15625,84255.15625,3298,0.0,0.0
2024-06-06 00:00:00+09:00,84340.97602534125,84941.57300619312,83911.97818187563,84855.7734375,2466,0.0,0.0
2024-06-07 00:00:00+09:00,84855.75535081053,84941.5549012158,84340.95804837892,84684.15625,2182,0.0,0.0
2024-06-10 00:00:00+09:00,84769.96799774322,85713.76318800151,84255.17062123872,85542.1640625,2456,0.0,0.0
2024-06-11 00:00:00+09:00,85799.56275075226,86056.96143900452,85542.1640625,85542.1640625,1495,0.0,0.0
2024-06-12 00:00:00+09:00,85713.75063920455,85713.75063920455,84941.5546875,84941.5546875,1799,0.0,0.0
2024-06-13 00:00:00+09:00,85542.15445930527,85542.15445930527,84426.76026876268,84598.359375,2556,0.0,0.0
2024-06-14 00:00:00+09:00,84684.16944003808,85370.56595019036,84426.77074873097,84512.5703125,2428,0.0,0.0
2024-06-17 00:00:00+09:00,84598.359375,84941.55758747464,84340.96071564402,84598.359375,1460,0.0,0.0
2024-06-18 00:00:00+09:00,84083.57080980492,84512.56862005903,83482.97387544918,83568.7734375,3020,0.0,0.0
2024-06-19 00:00:00+09:00,83654.56429069472,84684.15892811866,83568.76473757606,84598.359375,1724,0.0,0.0
2024-06-20 00:00:00+09:00,84769.96900380711,85370.56595019036,84340.97118496193,84512.5703125,1775,0.0,0.0
2024-06-21 00:00:00+09:00,84769.96977459016,85198.96759733607,83740.375,83740.375,8124,0.0,0.0
2024-06-24 00:00:00+09:00,84083.56205628804,84598.359375,83911.9629500507,84598.359375,2265,0.0,0.0
2024-06-25 00:00:00+09:00,84684.17135574018,85198.96875,84512.57222432025,85198.96875,1044,0.0,0.0
2024-06-26 00:00:00+09:00,85456.359375,85456.359375,85027.36158697288,85456.359375,2018,0.0,0.0
2024-06-27 00:00:00+09:00,85542.15647793008,85627.95603307344,84684.16092649648,85284.7578125,3309,0.0,0.0
2024-06-28 00:00:00+09:00,85284.76025978915,85713.75804781626,84512.56424134035,85456.359375,3378,0.0,0.0
2024-07-01 00:00:00+09:00,85627.96515896323,85627.96515896323,83997.7734375,83997.7734375,3605,0.0,0.0
2024-07-02 00:00:00+09:00,84083.55939716312,84855.75535081053,83740.36119554205,84684.15625,3180,0.0,0.0
2024-07-03 00:00:00+09:00,84855.75803435598,84855.75803435598,84255.16116252536,84598.359375,1958,0.0,0.0
2024-07-04 00:00:00+09:00,84769.96557788945,85370.5625,84598.36645728644,85370.5625,1454,0.0,0.0
2024-07-05 00:00:00+09:00,85284.75310283688,85284.75310283688,84598.35669959473,84684.15625,1692,0.0,0.0
2024-07-08 00:00:00+09:00,84855.75803435598,85113.15669371196,84426.76026876268,84598.359375,3079,0.0,0.0
2024-07-09 00:00:00+09:00,83997.77292988579,84769.96900380711,83826.17380234772,84512.5703125,3491,0.0,0.0
2024-07-10 00:00:00+09:00,84426.75534623218,84512.55489434826,84083.55715376782,84255.15625,1360,0.0,0.0
2024-07-11 00:00:00+09:00,84169.3618308113,84684.15915087741,84169.3618308113,84340.9609375,2237,0.0,0.0
2024-07-12 00:00:00+09:00,84426.76468373493,85542.15893260542,84426.76468373493,85456.359375,2329,0.0,0.0
2024-07-16 00:00:00+09:00,85713.75734608209,86400.15380130598,85542.15823227612,86228.5546875,2316,0.0,0.0
2024-07-17 00:00:00+09:00,86142.75536427146,86314.35447854291,85627.95802145709,85971.15625,1591,0.0,0.0
2024-07-18 00:00:00+09:00,86056.95557369402,86657.55247201493,85971.15601679105,86228.5546875,2170,0.0,0.0
2024-07-19 00:00:00+09:00,85971.15672063253,86228.5553934488,85284.76025978915,85456.359375,1200,0.0,0.0
2024-07-22 00:00:00+09:00,85456.35738233806,85456.35738233806,84512.56227068572,84769.9609375,2628,0.0,0.0
2024-07-23 00:00:00+09:00,85284.76318359375,85456.3623046875,84684.16625976562,85113.1640625,1662,0.0,0.0
2024-07-24 00:00:00+09:00,84941.5549012158,85284.75310283688,84598.35669959473,84684.15625,2102,0.0,0.0
2024-07-25 00:00:00+09:00,84598.35444246435,84598.35444246435,84169.35670188391,84255.15625,1623,0.0,0.0
2024-07-26 00:00:00+09:00,84255.15849797365,84855.75535081053,84255.15849797365,84684.15625,1440,0.0,0.0
2024-07-29 00:00:00+09:00,84769.96557788945,85456.36206030152,84426.76733668342,85370.5625,2434,0.0,0.0
2024-07-30 00:00:00+09:00,85456.3591403904,85971.15648460962,85027.36135354104,85713.7578125,8978,0.0,0.0
2024-07-31 00:00:00+09:00,85456.3591403904,85799.55736986987,85198.96046828078,85713.7578125,3440,0.0,0.0
2024-08-01 00:00:00+09:00,85456.35198863636,85542.15153882575,84512.55693655302,84941.5546875,2849,0.0,0.0
2024-08-02 00:00:00+09:00,84255.1647610483,84598.36298818089,83139.77052286742,83482.96875,8169,0.0,0.0
2024-08-05 00:00:00+09:00,82195.96883491849,82281.76838485055,78592.38773777174,78935.5859375,9388,0.0,0.0
2024-08-06 00:00:00+09:00,80222.58696007852,83397.17061518325,80136.78740183245,81938.578125,5579,0.0,0.0
2024-08-07 00:00:00+09:00,80565.79023110618,83482.97539389382,80050.99284943777,82024.3828125,5209,0.0,0.0
2024-08-08 00:00:00+09:00,81766.97924599527,82882.37350643383,81595.38012900473,81681.1796875,2804,0.0,0.0
2024-08-09 00:00:00+09:00,81852.78199404762,82539.17848875662,81080.5859375,81080.5859375,3959,0.0,0.0
2024-08-13 00:00:00+09:00,81166.38500591482,82024.38061908518,81166.38500591482,81595.3828125,3349,0.0,0.0
2024-08-14 00:00:00+09:00,81852.78879310345,82110.1875,81423.79094827586,82110.1875,3990,0.0,0.0
2024-08-15 00:00:00+09:00,82024.37477189781,82367.57299270073,81595.37699589416,82281.7734375,3561,0.0,0.0
2024-08-16 00:00:00+09:00,82539.17385631443,83225.5703125,82195.97562822164,83225.5703125,2563,0.0,0.0
2024-08-19 00:00:00+09:00,82968.171875,83225.5705467942,82453.37453141158,82968.171875,3190,0.0,0.0
2024-08-20 00:00:00+09:00,83053.96875,83397.16696797521,82796.5700865186,83053.96875,2966,0.0,0.0
2024-08-21 00:00:00+09:00,82796.56763554607,83225.56539531573,82624.9685316382,82882.3671875,3148,0.0,0.0
2024-08-22 00:00:00+09:00,83225.5703125,83225.5703125,82539.17385631443,83225.5703125,1949,0.0,0.0
2024-08-23 00:00:00+09:00,83311.37475134754,83826.17212365246,83053.97606519506,83568.7734375,2681,0.0,0.0
2024-08-26 00:00:00+09:00,83826.16871506606,84598.36474212399,83397.1709222561,84426.765625,5244,0.0,0.0
2024-08-27 00:00:00+09:00,84684.17135574018,85370.56788141995,84340.97309290031,85198.96875,4109,0.0,0.0
2024-08-28 00:00:00+09:00,84941.55981962664,85284.75804112008,84769.96070887991,85027.359375,9362,0.0,0.0
2024-08-29 00:00:00+09:00,84939.16313573101,85380.17644380854,84586.35248926899,84762.7578125,7929,2700.0,0.0
2024-08-30 00:00:00+09:00,82469.48716458555,83351.51376527631,82381.28450451647,82998.703125,12600,0.0,0.0
2024-09-02 00:00:00+09:00,83175.10977110302,83527.92041700377,81763.8671875,81763.8671875,7966,0.0,0.0
2024-09-03 00:00:00+09:00,81940.2670332618,82557.68562231759,81852.0643776824,82204.875,4340,0.0,0.0
2024-09-04 00:00:00+09:00,82028.4699952238,82381.28061885918,80793.6328125,80793.6328125,10042,0.0,0.0
2024-09-05 00:00:00+09:00,80352.62446633539,80970.0430956047,78764.9765625,78764.9765625,31813,0.0,0.0
2024-09-06 00:00:00+09:00,78941.37766013858,79382.3909431561,77882.9457808965,77971.1484375,41380,0.0,0.0
2024-09-09 00:00:00+09:00,77089.11907388952,77882.9429545131,77089.11907388952,77441.9296875,13508,0.0,0.0
2024-09-10 00:00:00+09:00,77441.93342621332,78941.37860644751,77441.93342621332,78147.5546875,15608,0.0,0.0
2024-09-11 00:00:00+09:00,78500.36803571429,78500.36803571429,76824.51748214287,77177.328125,41565,0.0,0.0
2024-09-12 00:00:00+09:00,77177.32266512784,78235.75451882102,77177.32266512784,77618.3359375,68928,0.0,0.0
2024-09-13 00:00:00+09:00,78059.34920987216,78676.76779119318,77441.93062855114,77618.3359375,13089,0.0,0.0
2024-09-17 00:00:00+09:00,77706.53478891915,78147.54803970756,76471.69768671157,76912.7109375,10857,0.0,0.0
2024-09-18 00:00:00+09:00,77177.32579022988,77177.32579022988,76383.50186781608,76736.3125,7523,0.0,0.0
2024-09-19 00:00:00+09:00,76912.72606981982,78323.96875,76912.72606981982,78323.96875,9685,0.0,0.0
2024-09-20 00:00:00+09:00,78412.1571969697,79117.77840909091,78323.95454545454,78588.5625,7232,0.0,0.0
2024-09-24 00:00:00+09:00,78588.56750529661,78588.56750529661,77971.14890536723,78059.3515625,4705,0.0,0.0
2024-09-25 00:00:00+09:00,78059.35342554837,78941.38001792745,77882.94810707256,78412.1640625,5935,0.0,0.0
2024-09-26 00:00:00+09:00,78412.15860947985,78853.171875,78235.7533032718,78853.171875,6172,0.0,0.0
2024-09-27 00:00:00+09:00,78853.18335989468,79558.8046875,78764.98069394402,79558.8046875,6710,0.0,0.0
2024-09-30 00:00:00+09:00,78588.56608737246,78941.37670953799,77530.13422087586,77794.7421875,10619,0.0,0.0
2024-10-01 00:00:00+09:00,78412.16172051754,78500.36437712105,77706.54046768948,77971.1484375,3484,0.0,0.0
2024-10-02 00:00:00+09:00,77971.15207142857,78323.96271428572,77177.328125,77177.328125,7431,0.0,0.0
2024-10-03 00:00:00+09:00,77530.13328302557,77882.9439009233,77441.93062855114,77618.3359375,2964,0.0,0.0
2024-10-04 00:00:00+09:00,77618.34236031928,77971.15300741163,77265.53171322691,77353.734375,5028,0.0,0.0
2024-10-07 00:00:00+09:00,77441.93139450868,77618.33670520231,76295.296875,76295.296875,10153,0.0,0.0
2024-10-08 00:00:00+09:00,76383.50126540492,76383.50126540492,75148.6640625,75148.6640625,11987,0.0,0.0
2024-10-09 00:00:00+09:00,75413.26845601045,75942.484375,75325.06580284552,75942.484375,4849,0.0,0.0
2024-10-10 00:00:00+09:00,75677.8809462822,75942.48892161886,75325.0703125,75325.0703125,4472,0.0,0.0
2024-10-11 00:00:00+09:00,75413.27297094555,75589.67828783665,75148.6649956089,75325.0703125,4594,0.0,0.0
2024-10-15 00:00:00+09:00,75589.67563222544,76648.10749638728,75501.47297687862,76295.296875,5107,0.0,0.0
2024-10-16 00:00:00+09:00,76295.29955540106,76471.70487229216,75236.86765405445,75325.0703125,3495,0.0,0.0
2024-10-17 00:00:00+09:00,75325.07766705744,75766.09100234466,75148.67233294256,75236.875,3325,0.0,0.0
2024-10-18 00:00:00+09:00,75501.4756293911,75942.48892161886,75148.6649956089,75325.0703125,2887,0.0,0.0
2024-10-21 00:00:00+09:00,75413.2849900266,75501.48766252954,74531.25826499704,74619.4609375,6304,0.0,0.0
2024-10-22 00:00:00+09:00,74795.85705812574,74795.85705812574,73913.83044187426,74354.84375,7956,0.0,0.0
2024-10-23 00:00:00+09:00,74090.23622630333,74619.45219934835,73649.22291543247,74443.046875,6184,0.0,0.0
2024-10-24 00:00:00+09:00,74795.86628250591,74884.06895500886,74443.05559249409,74619.4609375,2966,0.0,0.0
2024-10-25 00:00:00+09:00,74531.2536913128,74707.65902549343,73472.82168622907,73737.4296875,6345,0.0,0.0
2024-10-28 00:00:00+09:00,73472.8203125,75236.87362132354,73472.8203125,74972.265625,5872,0.0,0.0
2024-10-29 00:00:00+09:00,75236.87636901285,75677.88971232476,74619.45768837616,75501.484375,3251,0.0,0.0
2024-10-30 00:00:00+09:00,76207.09830805134,76207.09830805134,75501.47702742124,75589.6796875,4076,0.0,0.0
2024-10-31 00:00:00+09:00,75236.87315959952,75677.88648409894,74884.0625,74884.0625,5216,0.0,0.0
2024-11-01 00:00:00+09:00,74972.26284804502,75060.4655102192,74443.046875,74443.046875,2271,0.0,0.0
2024-11-05 00:00:00+09:00,74884.0625,75148.67049469965,74707.65717020023,74884.0625,3929,0.0,0.0
2024-11-06 00:00:00+09:00,74972.2596787178,76118.89423850995,74972.2596787178,75325.0703125,3123,0.0,0.0
2024-11-07 00:00:00+09:00,75942.49447879859,75942.49447879859,74619.45450530035,74884.0625,3017,0.0,0.0
2024-11-08 00:00:00+09:00,74795.86628250591,75236.87964502069,74531.25826499704,74619.4609375,3125,0.0,0.0
2024-11-11 00:00:00+09:00,74884.06018587085,74884.06018587085,74002.03356412915,74443.046875,3217,0.0,0.0
2024-11-12 00:00:00+09:00,74531.24776655485,75677.88234757876,74531.24776655485,75589.6796875,4120,0.0,0.0
2024-11-13 00:00:00+09:00,75236.86483822229,75413.2701485112,74707.64890735554,74795.8515625,6333,0.0,0.0
2024-11-14 00:00:00+09:00,74884.05971975089,74972.26238137604,74178.43842674971,74354.84375,2731,0.0,0.0
2024-11-15 00:00:00+09:00,74619.45219934835,74972.26284804502,74266.64155065166,74443.046875,5213,0.0,0.0
2024-11-18 00:00:00+09:00,74619.44625221108,74884.05421764446,74354.83828677771,74795.8515625,4742,0.0,0.0
2024-11-19 00:00:00+09:00,74795.86628250591,75325.08231752364,74619.4609375,74619.4609375,3359,0.0,0.0
2024-11-20 00:00:00+09:00,74619.44950657894,75413.2734375,74619.44950657894,75413.2734375,4390,0.0,0.0
2024-11-21 00:00:00+09:00,75148.66546052632,75501.47609649123,74972.26014254386,75413.2734375,3277,0.0,0.0
2024-11-22 00:00:00+09:00,75060.45690846915,75766.078125,74972.2542564028,75766.078125,3303,0.0,0.0
2024-11-25 00:00:00+09:00,75942.49357096353,76559.91221788194,75854.29090711805,76207.1015625,5503,0.0,0.0
2024-11-26 00:00:00+09:00,76118.890625,76295.2959335168,75766.08000796639,76118.890625,3730,0.0,0.0
2024-11-27 00:00:00+09:00,75854.28673245614,76118.89470942982,75236.86811951754,75413.2734375,5188,0.0,0.0
2024-11-28 00:00:00+09:00,75501.47749125875,75766.08547312063,75325.07217001748,75677.8828125,2957,0.0,0.0
2024-11-29 00:00:00+09:00,75325.07766705744,75677.88833528722,75236.875,75236.875,3113,0.0,0.0
2024-12-02 00:00:00+09:00,75236.87362132354,75589.68428308824,74884.06295955883,74972.265625,3371,0.0,0.0
2024-12-03 00:00:00+09:00,75236.87223288076,75413.27756050767,74354.84559474616,74707.65625,4693,0.0,0.0
2024-12-04 00:00:00+09:00,74707.65205474343,75060.46269018497,73825.62546613962,73913.828125,6418,0.0,0.0
2024-12-05 00:00:00+09:00,74090.23344272077,74266.63876044154,73737.42280727925,73913.828125,3313,0.0,0.0
2024-12-06 00:00:00+09:00,74002.03078386039,74266.63876044154,73825.62546613962,73913.828125,3629,0.0,0.0
2024-12-09 00:00:00+09:00,73913.83271284598,74002.0353771811,73031.80606949459,73296.4140625,10827,0.0,0.0
2024-12-10 00:00:00+09:00,73208.21368495813,73737.4296875,73120.01101786783,73737.4296875,8641,0.0,0.0
2024-12-11 00:00:00+09:00,73649.234375,73825.6397267964,73384.6263473054,73649.234375,2926,0.0,0.0
2024-12-12 00:00:00+09:00,73649.22061233611,74002.03125,73472.81529350417,74002.03125,5604,0.0,0.0
2024-12-13 00:00:00+09:00,74002.0331034994,74619.45173487545,73825.62778024911,74354.84375,6288,0.0,0.0
2024-12-16 00:00:00+09:00,74178.44302295156,74266.64569004187,73737.4296875,73737.4296875,4939,0.0,0.0
2024-12-17 00:00:00+09:00,73737.4296875,74090.24035586124,73561.02435331937,73737.4296875,4873,0.0,0.0
2024-12-18 00:00:00+09:00,73649.22471984055,74002.0353771811,73296.4140625,73296.4140625,4374,0.0,0.0
2024-12-19 00:00:00+09:00,73208.21139816487,73561.02205550543,73120.00873382973,73296.4140625,4559,0.0,0.0
2024-12-20 00:00:00+09:00,74090.23850661058,74619.4544959435,73384.6171875,73384.6171875,12872,0.0,0.0
2024-12-23 00:00:00+09:00,74090.23668639053,74531.25,73737.42603550295,74531.25,6555,0.0,0.0
2024-12-24 00:00:00+09:00,74443.04917550058,75236.87315959952,74354.8465106007,74884.0625,4453,0.0,0.0
2024-12-25 00:00:00+09:00,74884.06433177022,75236.875,74707.65899765534,75236.875,2666,0.0,0.0
2024-12-26 00:00:00+09:00,75325.06812933026,76383.5,75236.86547344111,76383.5,4341,0.0,0.0
2024-12-27 00:00:00+09:00,76824.51111368167,77441.9296875,76471.70050007118,77441.9296875,6513,0.0,0.0
2024-12-30 00:00:00+09:00,77530.1354766705,77530.1354766705,76559.90625,76559.90625,6013,0.0,0.0
2025-01-06 00:00:00+09:00,76824.51748214287,77971.15207142857,76824.51748214287,77177.328125,5475,0.0,0.0
2025-01-07 00:00:00+09:00,77177.32766018307,77265.53032036613,76559.9090389016,77089.125,4556,0.0,0.0
2025-01-08 00:00:00+09:00,77089.12219182028,77618.33813364054,76559.90625,76559.90625,4351,0.0,0.0
2025-01-09 00:00:00+09:00,76559.90531177829,76559.90531177829,76030.68937644342,76383.5,3887,0.0,0.0
2025-01-10 00:00:00+09:00,76118.89704760174,76207.09970930233,75589.68107739826,75854.2890625,2395,0.0,0.0
2025-01-14 00:00:00+09:00,75677.88234757876,76207.09830805134,75589.6796875,75589.6796875,5298,0.0,0.0
2025-01-15 00:00:00+09:00,75942.4848462877,76207.09280742459,75589.67423143852,76030.6875,2403,0.0,0.0
2025-01-16 00:00:00+09:00,76118.8901537123,76207.09280742459,75677.8768851508,76030.6875,1822,0.0,0.0
2025-01-17 00:00:00+09:00,76030.6879707416,76207.0932792584,75589.67469944959,76118.890625,2603,0.0,0.0
2025-01-20 00:00:00+09:00,76295.29734411086,76648.10796766744,76118.89203233256,76383.5,2621,0.0,0.0
2025-01-21 00:00:00+09:00,76383.4985877752,76648.10655055041,76118.890625,76118.890625,2261,0.0,0.0
2025-01-22 00:00:00+09:00,76559.91221788194,76648.11488172742,76118.89889865452,76207.1015625,1582,0.0,0.0
2025-01-23 00:00:00+09:00,76207.0932792584,76383.4985877752,75854.2826622248,76118.890625,2118,0.0,0.0
2025-01-24 00:00:00+09:00,76118.88708608084,77353.72418828841,76118.88708608084,76912.7109375,2239,0.0,0.0
2025-01-27 00:00:00+09:00,77265.5262542517,77882.94484304139,77265.5262542517,77794.7421875,3082,0.0,0.0
2025-01-28 00:00:00+09:00,77971.14937217833,78588.56797580418,77882.9467145175,78147.5546875,4053,0.0,0.0
2025-01-29 00:00:00+09:00,78412.1640625,78676.77204021372,78235.75874402419,78412.1640625,2760,0.0,0.0
2025-01-30 00:00:00+09:00,78500.35984848485,78588.5625,78059.34659090909,78588.5625,4257,0.0,0.0
2025-01-31 00:00:00+09:00,78500.36531814335,78588.56797580418,77971.14937217833,78147.5546875,3652,0.0,0.0
2025-02-03 00:00:00+09:00,78500.36897805017,78500.36897805017,77353.734375,77353.734375,4498,0.0,0.0
2025-02-04 00:00:00+09:00,77794.73935145549,77794.73935145549,77089.11813284818,77265.5234375,3002,0.0,0.0
2025-02-05 00:00:00+09:00,77353.73110632184,77441.93376436782,76736.3125,76736.3125,2869,0.0,0.0
2025-02-06 00:00:00+09:00,77265.53171322691,77441.93703677309,77000.92372790765,77353.734375,2790,0.0,0.0
2025-02-07 00:00:00+09:00,77265.52844827586,77265.52844827586,76736.3125,76736.3125,2589,0.0,0.0
2025-02-10 00:00:00+09:00,76912.71546242775,76912.71546242775,76207.09421965318,76295.296875,4109,0.0,0.0
2025-02-12 00:00:00+09:00,76559.90764925373,76912.71828358209,76471.70499067164,76824.515625,1514,0.0,0.0
2025-02-13 00:00:00+09:00,77000.92280357143,77441.93610714286,76824.51748214287,77177.328125,2826,0.0,0.0
2025-02-14 00:00:00+09:00,77177.32905145382,77706.54502209237,77177.32905145382,77353.734375,3194,0.0,0.0
2025-02-17 00:00:00+09:00,77971.1484375,77971.1484375,77618.33781108598,77971.1484375,2361,0.0,0.0
2025-02-18 00:00:00+09:00,77706.54046768948,78059.3510941035,77706.54046768948,77971.1484375,3248,0.0,0.0
2025-02-19 00:00:00+09:00,77794.74030111048,78235.75356812357,77353.72703409738,77441.9296875,4137,0.0,0.0
2025-02-20 00:00:00+09:00,77530.13139447774,77530.13139447774,77000.91548052226,77265.5234375,2561,0.0,0.0
2025-02-21 00:00:00+09:00,77177.31888797304,77353.72418828841,76824.50828734231,76912.7109375,4377,0.0,0.0
2025-02-25 00:00:00+09:00,77089.12546428572,77441.93610714286,77000.92280357143,77177.328125,4677,0.0,0.0
2025-02-26 00:00:00+09:00,77089.11623781537,77089.11623781537,76559.90033686926,76912.7109375,14948,0.0,0.0
2025-02-27 00:00:00+09:00,77003.84546096466,78826.42168489282,77003.84546096466,78644.1640625,8689,2800.0,0.0
2025-02-28 00:00:00+09:00,78097.39808946365,79282.07273959555,77732.8828125,77732.8828125,9196,0.0,0.0
2025-03-03 00:00:00+09:00,78097.39480377907,78553.03888081395,77915.13717296511,78370.78125,2638,0.0,0.0
2025-03-04 00:00:00+09:00,78006.26909518214,78370.78437132786,77368.36736192714,77550.625,4002,0.0,0.0
2025-03-05 00:00:00+09:00,77550.6281546912,77732.88580017815,76730.46875,76730.46875,4947,0.0,0.0
2025-03-06 00:00:00+09:00,76912.72274408284,77277.23801775147,76639.33628883136,77003.8515625,2569,0.0,0.0
2025-03-07 00:00:00+09:00,76730.46824536483,77003.85471179725,76183.6953125,76183.6953125,3877,0.0,0.0
2025-03-10 00:00:00+09:00,76730.46018809952,76821.58900067446,76001.4296875,76001.4296875,4514,0.0,0.0
2025-03-11 00:00:00+09:00,75910.30884606758,76365.95295678827,75636.92237963517,76183.6953125,2930,0.0,0.0
2025-03-12 00:00:00+09:00,76274.81649947792,76821.58937761038,76274.81649947792,76365.9453125,2571,0.0,0.0
2025-03-13 00:00:00+09:00,76821.5979055851,77277.2420212766,76730.46908244681,77094.984375,2806,0.0,0.0
2025-03-14 00:00:00+09:00,77732.88647058823,77732.88647058823,77094.98470588235,77459.5,2974,0.0,0.0
2025-03-17 00:00:00+09:00,77550.62118544601,77824.00762910797,77368.36355633802,77641.75,2103,0.0,0.0
2025-03-18 00:00:00+09:00,78006.25841067286,78553.03125,77824.00079756381,78553.03125,2935,0.0,0.0
2025-03-19 00:00:00+09:00,78370.77743902439,78553.03506097561,78188.51981707317,78461.90625,1730,0.0,0.0
2025-03-21 00:00:00+09:00,78097.39081599243,78644.16368051514,78006.26200523865,78279.6484375,3641,0.0,0.0
2025-03-24 00:00:00+09:00,78461.90681769031,79190.93731076989,78461.90681769031,79008.6796875,2716,0.0,0.0
2025-03-25 00:00:00+09:00,78917.5510644419,79646.58155926352,78917.5510644419,79190.9375,2910,0.0,0.0
2025-03-26 00:00:00+09:00,79190.93447465832,80011.09375,78917.54804954442,80011.09375,2966,0.0,0.0
2025-03-27 00:00:00+09:00,80102.22711864406,80649.0,79919.96949152542,80649.0,3379,0.0,0.0
2025-03-28 00:00:00+09:00,80102.22294855442,80375.609375,80011.09413973923,80375.609375,2271,0.0,0.0
2025-03-31 00:00:00+09:00,79828.84229651163,79828.84229651163,78370.78125,78370.78125,3464,0.0,0.0
2025-04-01 00:00:00+09:00,79190.93329604504,79282.06210306005,78461.90283992494,78917.546875,2343,0.0,0.0
2025-04-02 00:00:00+09:00,78917.55781432323,78917.55781432323,77732.8831589119,78097.3984375,3074,0.0,0.0
2025-04-03 00:00:00+09:00,77277.23474178404,77732.87881455399,77003.84829812207,77641.75,3655,0.0,0.0
2025-04-04 00:00:00+09:00,76730.46908244681,77368.3708444149,76274.82496675532,77094.984375,5742,0.0,0.0
2025-04-07 00:00:00+09:00,75090.14739839901,75819.17795566503,73176.44218557574,73996.6015625,11554,0.0,0.0
2025-04-08 00:00:00+09:00,76365.95345902613,77459.49933194774,76001.43816805225,76730.46875,4808,0.0,0.0
2025-04-09 00:00:00+09:00,76274.81574736445,76365.94455948795,74907.88356551205,75636.9140625,4906,0.0,0.0
2025-04-10 00:00:00+09:00,77003.85191217609,78097.39773814782,76639.33663685218,77368.3671875,4408,0.0,0.0
2025-04-11 00:00:00+09:00,76365.95000737898,77459.49583087367,76274.82118875443,77186.109375,4209,0.0,0.0
2025-04-14 00:00:00+09:00,77732.8869651723,78553.04638215537,77641.75814106308,78006.2734375,2271,0.0,0.0
2025-04-15 00:00:00+09:00,78370.7768640351,78370.7768640351,77641.74638157895,77915.1328125,2093,0.0,0.0
2025-04-16 00:00:00+09:00,77915.13699191433,78279.65225269522,77732.8793615239,78188.5234375,2330,0.0,0.0
2025-04-17 00:00:00+09:00,78461.91006540698,78735.29651162791,78006.26598837209,78370.78125,2518,0.0,0.0
2025-04-18 00:00:00+09:00,78006.26961785297,78735.30017502917,78006.26961785297,78097.3984375,1833,0.0,0.0
2025-04-21 00:00:00+09:00,78370.78106789045,78370.78106789045,77732.8793615239,78188.5234375,1810,0.0,0.0
2025-04-22 00:00:00+09:00,78188.53108571845,78553.04638215537,77641.75814106308,78006.2734375,1778,0.0,0.0
2025-04-23 00:00:00+09:00,78553.03448464912,79008.67853618422,77915.1328125,77915.1328125,2986,0.0,0.0
2025-04-24 00:00:00+09:00,78188.526733255,78188.526733255,77277.23854289071,77550.625,1996,0.0,0.0
2025-04-25 00:00:00+09:00,77277.234375,77459.49200324292,76821.5903043927,77277.234375,2556,0.0,0.0
2025-04-28 00:00:00+09:00,77277.23114035088,78006.26162280703,77277.23114035088,77915.1328125,2346,0.0,0.0
2025-04-30 00:00:00+09:00,78097.39791421857,78097.39791421857,77186.10972385429,77550.625,3159,0.0,0.0
2025-05-01 00:00:00+09:00,77459.4893292683,78461.90625,77459.4893292683,78461.90625,2234,0.0,0.0
2025-05-02 00:00:00+09:00,78553.03562932526,79190.93731076989,78553.03562932526,79008.6796875,2425,0.0,0.0
2025-05-07 00:00:00+09:00,79282.06976996528,79282.06976996528,78279.65279586226,78735.296875,3936,0.0,0.0
2025-05-08 00:00:00+09:00,78735.30403037382,78735.30403037382,77732.8869651723,78006.2734375,1982,0.0,0.0
2025-05-09 00:00:00+09:00,78006.26598837209,78370.78125,77824.00835755814,78370.78125,2648,0.0,0.0
2025-05-12 00:00:00+09:00,78461.90303679435,79099.8046875,78370.77422955069,79099.8046875,2332,0.0,0.0
2025-05-13 00:00:00+09:00,79190.93692967844,79190.93692967844,78370.77762891077,78644.1640625,2372,0.0,0.0
2025-05-14 00:00:00+09:00,78735.29344073648,79190.9375,78370.77819332566,79190.9375,1743,0.0,0.0
2025-05-15 00:00:00+09:00,79190.93768836108,79464.32412456945,78917.5512521527,79373.1953125,1937,0.0,0.0
2025-05-16 00:00:00+09:00,79373.19493403978,79555.45255730969,79008.6796875,79008.6796875,2036,0.0,0.0
2025-05-19 00:00:00+09:00,79099.80849913495,79282.06612240484,78461.90681769031,79008.6796875,2299,0.0,0.0
2025-05-20 00:00:00+09:00,78735.29268292683,79008.67911585365,78461.90625,78461.90625,1986,0.0,0.0
2025-05-21 00:00:00+09:00,79008.67930728562,79099.80811848203,78644.1640625,78644.1640625,1519,0.0,0.0
2025-05-22 00:00:00+09:00,78644.16859734195,79282.0703125,78461.91096443967,79282.0703125,1661,0.0,0.0
2025-05-23 00:00:00+09:00,79190.93349474366,79555.44872371832,79099.8046875,79099.8046875,1735,0.0,0.0
2025-05-26 00:00:00+09:00,79373.19587371722,79919.96875,79373.19587371722,79919.96875,1659,0.0,0.0
2025-05-27 00:00:00+09:00,80011.0939453125,80284.48037109376,79919.96513671875,80193.3515625,1455,0.0,0.0
2025-05-28 00:00:00+09:00,80011.0939453125,80375.6091796875,79919.96513671875,80193.3515625,1784,0.0,0.0
2025-05-29 00:00:00+09:00,80193.35883867276,80466.74528925915,79464.32830377575,79646.5859375,2959,0.0,0.0
2025-05-30 00:00:00+09:00,79555.45293663892,79828.8393728473,79282.06650043053,79373.1953125,3028,0.0,0.0
2025-06-02 00:00:00+09:00,79373.19948691361,79737.71475436212,79282.07067005149,79646.5859375,1642,0.0,0.0
2025-06-03 00:00:00+09:00,79919.96513671875,80375.6091796875,79373.19228515626,80193.3515625,1817,0.0,0.0
2025-06-04 00:00:00+09:00,80011.09699698622,80193.35462112514,79373.1953125,79373.1953125,1895,0.0,0.0
2025-06-05 00:00:00+09:00,79373.19209140091,80011.09375,79190.93447465832,80011.09375,2116,0.0,0.0
2025-06-06 00:00:00+09:00,80011.0943332862,80557.8671875,79919.96552425057,80557.8671875,1502,0.0,0.0
2025-06-09 00:00:00+09:00,80648.99540859909,80740.12421697039,80011.09375,80011.09375,1882,0.0,0.0
2025-06-10 00:00:00+09:00,80102.2265625,80648.99944005972,80011.09774957338,80102.2265625,1568,0.0,0.0
2025-06-11 00:00:00+09:00,80375.61392716535,81013.515625,80193.3562992126,81013.515625,2002,0.0,0.0
2025-06-12 00:00:00+09:00,81013.51181530899,81378.02705407303,80193.35252808989,81104.640625,7886,0.0,0.0
2025-06-13 00:00:00+09:00,81378.02801215278,82015.9296875,80922.38395833333,82015.9296875,4622,0.0,0.0
2025-06-16 00:00:00+09:00,81742.54325520834,82562.70255208334,81651.41444444444,82015.9296875,3126,0.0,0.0
2025-06-17 00:00:00+09:00,82107.06268168605,82562.70675872093,81651.41860465116,82289.3203125,2207,0.0,0.0
2025-06-18 00:00:00+09:00,82471.5703125,82836.08554040056,82289.31269854972,82471.5703125,4262,0.0,0.0
2025-06-19 00:00:00+09:00,82744.96131441886,83109.4765625,82471.574878358,83109.4765625,2511,0.0,0.0
2025-06-20 00:00:00+09:00,82836.08955918874,82927.21837058499,81833.67263383002,82562.703125,3926,0.0,0.0
2025-06-23 00:00:00+09:00,82380.449669967,83018.35138201319,82015.93440594058,82836.09375,1553,0.0,0.0
2025-06-24 00:00:00+09:00,82927.21434737569,83018.34315435083,82471.5703125,82471.5703125,1717,0.0,0.0
2025-06-25 00:00:00+09:00,82471.57469093407,82927.21875,82471.57469093407,82927.21875,1762,0.0,0.0
2025-06-26 00:00:00+09:00,82927.21494237102,83018.34375,82471.57090422613,83018.34375,3302,0.0,0.0
2025-06-27 00:00:00+09:00,83018.34375,83109.47255762898,82471.57090422613,83018.34375,4797,0.0,0.0
2025-06-30 00:00:00+09:00,83018.35083575582,83200.60846656977,82289.3203125,82289.3203125,4519,0.0,0.0
2025-07-01 00:00:00+09:00,82289.31189903845,82289.31189903845,81651.41025641025,81742.5390625,3185,0.0,0.0
2025-07-02 00:00:00+09:00,81833.67244538164,82562.7029348728,81742.54363419524,82380.4453125,1907,0.0,0.0
2025-07-03 00:00:00+09:00,82562.703125,82836.08955918874,82289.31669081126,82562.703125,1903,0.0,0.0
2025-07-04 00:00:00+09:00,82744.9649339934,83109.4801980198,82653.8361179868,82836.09375,1249,0.0,0.0
2025-07-07 00:00:00+09:00,82927.21572361262,83747.375,82927.21572361262,83747.375,2206,0.0,0.0
2025-07-08 00:00:00+09:00,83473.99199945296,83747.37843613239,83291.734375,83291.734375,2422,0.0,0.0
2025-07-09 00:00:00+09:00,83382.85898051591,83838.50301866082,83018.34375,83018.34375,2728,0.0,0.0
2025-07-10 00:00:00+09:00,83382.86261873622,83382.86261873622,82744.9609375,82744.9609375,1352,0.0,0.0
2025-07-11 00:00:00+09:00,83018.35209923664,83565.125,82927.22328244275,83565.125,1465,0.0,0.0
2025-07-14 00:00:00+09:00,83747.37519510044,84020.76162119978,83291.73115160152,83929.6328125,2253,0.0,0.0
2025-07-15 00:00:00+09:00,84020.76543817934,84203.0230638587,83656.25018682065,83838.5078125,2115,0.0,0.0
2025-07-16 00:00:00+09:00,83747.37538935537,84111.890625,83565.11777153304,84111.890625,1923,0.0,0.0
2025-07-17 00:00:00+09:00,84111.890625,84476.40586064463,83929.63300717768,84111.890625,2085,0.0,0.0
2025-07-18 00:00:00+09:00,84385.27685599892,84476.4056646987,83929.6328125,83929.6328125,1486,0.0,0.0
2025-07-22 00:00:00+09:00,84203.0230638587,84294.15187669836,83565.12137398098,83838.5078125,2283,0.0,0.0
2025-07-23 00:00:00+09:00,83747.37862479531,84111.89387452239,83473.9921875,83473.9921875,2523,0.0,0.0
2025-07-24 00:00:00+09:00,83565.12099993177,83929.63624965884,83382.86337506823,83473.9921875,1956,0.0,0.0
2025-07-25 00:00:00+09:00,83382.86374830164,83838.5078125,83291.73493546195,83838.5078125,2407,0.0,0.0
2025-07-28 00:00:00+09:00,83929.63300717768,84749.79228737812,83838.50419826653,84111.890625,3835,0.0,0.0
2025-07-29 00:00:00+09:00,84294.14503528226,84749.7890625,84294.14503528226,84749.7890625,2484,0.0,0.0
2025-07-30 00:00:00+09:00,84840.93055924549,86116.73402630181,84840.93055924549,85752.21875,5738,0.0,0.0
2025-07-31 00:00:00+09:00,86116.72255693856,86572.36659163136,85843.33613612289,86025.59375,4311,0.0,0.0
2025-08-01 00:00:00+09:00,86298.98837190137,86481.24600309863,86025.60192510548,86390.1171875,3607,0.0,0.0
2025-08-04 00:00:00+09:00,86298.98837190137,86572.37481869725,85934.47310950686,86390.1171875,4503,0.0,0.0
2025-08-05 00:00:00+09:00,86936.88700039186,87210.2734375,86481.24293854494,87210.2734375,3766,0.0,0.0
2025-08-06 00:00:00+09:00,87210.27814440994,88030.4375,87119.14932712216,88030.4375,4628,0.0,0.0
2025-08-07 00:00:00+09:00,88030.428904619,88121.55771300888,87301.3984375,87301.3984375,6236,0.0,0.0
2025-08-08 00:00:00+09:00,87483.66370292887,87665.9213356433,86936.89080478557,87119.1484375,5349,0.0,0.0
2025-08-12 00:00:00+09:00,87392.53488657165,87392.53488657165,86754.63317207113,87119.1484375,4518,0.0,0.0
2025-08-13 00:00:00+09:00,87119.14405888537,87483.65930599369,86663.5,86663.5,7196,0.0,0.0
2025-08-14 00:00:00+09:00,86572.37175091432,87210.2734375,86481.24293854494,87210.2734375,4224,0.0,0.0
2025-08-15 00:00:00+09:00,87210.27725385722,87301.40607021443,86845.76198842835,87119.1484375,3084,0.0,0.0
2025-08-18 00:00:00+09:00,87301.40224986938,87392.53106223878,87028.01581276124,87210.2734375,4619,0.0,0.0
2025-08-19 00:00:00+09:00,87483.65663900414,87848.171875,87301.39902100622,87848.171875,4199,0.0,0.0
2025-08-20 00:00:00+09:00,87848.171875,88030.42949299792,87665.91425700208,87848.171875,5635,0.0,0.0
2025-08-21 00:00:00+09:00,87848.17896835774,87848.17896835774,87119.1484375,87119.1484375,6647,0.0,0.0
2025-08-22 00:00:00+09:00,87210.27671052632,87210.27671052632,86298.98855263158,86572.375,8345,0.0,0.0
2025-08-25 00:00:00+09:00,86845.76198842835,87119.1484375,86572.37553935668,87119.1484375,4409,0.0,0.0
2025-08-26 00:00:00+09:00,87028.01486602428,87210.27248878036,86298.984375,86298.984375,6057,0.0,0.0
2025-08-27 00:00:00+09:00,86390.11093101659,87848.171875,86298.98212201764,87848.171875,15276,0.0,0.0
2025-08-28 00:00:00+09:00,88017.078125,88767.75682969083,87641.73877265459,88017.078125,16989,2780.0,0.0
2025-08-29 00:00:00+09:00,88298.5814271054,88673.9207742982,87829.4072431144,88580.0859375,9721,0.0,0.0
2025-09-01 00:00:00+09:00,88204.74768518518,88861.59155092592,87923.24317129629,88673.921875,6921,0.0,0.0
2025-09-02 00:00:00+09:00,88673.92640326433,88673.92640326433,87923.24766122611,88392.421875,4732,0.0,0.0
2025-09-03 00:00:00+09:00,88110.91891777386,88204.75376220174,86140.3871847885,86515.7265625,8692,0.0,0.0
2025-09-04 00:00:00+09:00,86703.39295429815,86703.39295429815,85389.70518226332,86234.21875,8554,0.0,0.0
2025-09-05 00:00:00+09:00,86234.21204144022,86515.71654211957,85952.70754076086,86328.046875,3962,0.0,0.0
2025-09-08 00:00:00+09:00,86515.71764725841,87078.7266558089,86421.8828125,86421.8828125,5491,0.0,0.0
2025-09-09 00:00:00+09:00,86328.05017605635,86703.3895246479,85952.71082746479,86609.5546875,6105,0.0,0.0
2025-09-10 00:00:00+09:00,86328.05127164502,86703.390625,85952.71191829004,86703.390625,5056,0.0,0.0
2025-09-11 00:00:00+09:00,86797.22414454375,88017.07702441303,86797.22414454375,87923.2421875,5432,0.0,0.0
2025-09-12 00:00:00+09:00,88110.91284722222,88673.921875,87829.40833333333,88673.921875,9145,0.0,0.0
2025-09-16 00:00:00+09:00,88298.58361687367,88767.7578125,88204.7487777484,88767.7578125,4476,0.0,0.0
2025-09-17 00:00:00+09:00,88767.7612460191,88861.59608877389,87923.24766122611,88392.421875,3173,0.0,0.0
2025-09-18 00:00:00+09:00,88392.41516436904,88673.91967126193,88204.74549310711,88486.25,2711,0.0,0.0
2025-09-19 00:00:00+09:00,88298.5859375,88861.59498704836,88017.08141272582,88298.5859375,6531,0.0,0.0
2025-09-22 00:00:00+09:00,88017.07800925926,88861.59155092592,88017.07800925926,88673.921875,4221,0.0,0.0
2025-09-24 00:00:00+09:00,88673.92297337473,88767.7578125,88204.7487777484,88767.7578125,3027,0.0,0.0
2025-09-25 00:00:00+09:00,88767.75659795168,89330.765625,88673.92176011029,89330.765625,5020,0.0,0.0
2025-09-26 00:00:00+09:00,89330.77124999999,89330.77124999999,88580.0925,89143.1015625,3642,0.0,0.0
2025-09-29 00:00:00+09:00,89143.0974215397,89143.0974215397,87454.0703125,87454.0703125,3615,0.0,0.0
2025-09-30 00:00:00+09:00,87547.90720476887,88580.09046227418,87454.07236317747,88298.5859375,3169,0.0,0.0
2025-10-01 00:00:00+09:00,88392.4163720651,88580.08604589115,87266.39832910887,87923.2421875,3277,0.0,0.0
2025-10-02 00:00:00+09:00,88204.74549310711,88861.58934252386,87735.57131495228,88486.25,2869,0.0,0.0
2025-10-03 00:00:00+09:00,87923.23998161765,88392.41415441177,87735.5703125,87735.5703125,1883,0.0,0.0
2025-10-06 00:00:00+09:00,87923.24643163239,88955.4296875,87829.41159018988,88955.4296875,3241,0.0,0.0
2025-10-07 00:00:00+09:00,88861.58934252386,88955.42417815483,88298.58032873807,88486.25,2471,0.0,0.0
2025-10-08 00:00:00+09:00,88486.25120897812,88767.75571971718,87923.2421875,87923.2421875,1484,0.0,0.0
2025-10-09 00:00:00+09:00,87923.23998161765,88110.9096507353,87547.90064338235,87735.5703125,2273,0.0,0.0
2025-10-10 00:00:00+09:00,88017.07702441303,88204.74669823906,87547.90283984793,87923.2421875,2271,0.0,0.0
2025-10-14 00:00:00+09:00,87266.39713679746,88486.25,87266.39713679746,88486.25,5225,0.0,0.0
2025-10-15 00:00:00+09:00,88673.92734375,89236.93640625,88486.25765625,89143.1015625,2959,0.0,0.0
2025-10-16 00:00:00+09:00,89330.77000523014,89706.109375,89236.93516278766,89706.109375,3395,0.0,0.0
2025-10-17 00:00:00+09:00,89706.1026645768,89799.9375,89236.92848746081,89799.9375,1857,0.0,0.0
2025-10-20 00:00:00+09:00,89799.94188995838,90175.28125,89424.60252991675,90175.28125,3825,0.0,0.0
2025-10-21 00:00:00+09:00,90081.44190871369,90456.78125,89799.93740274895,90456.78125,3307,0.0,0.0
2025-10-22 00:00:00+09:00,90550.625,90832.12953367876,90175.28562176166,90550.625,3342,0.0,0.0
2025-10-23 00:00:00+09:00,89424.60375490838,89612.2734375,88673.9250245419,89612.2734375,3866,0.0,0.0
2025-10-24 00:00:00+09:00,89799.9387076104,89987.60838098054,89143.09485081493,89236.9296875,2541,0.0,0.0
2025-10-27 00:00:00+09:00,89706.10376435283,90175.27794722078,89424.59925463205,89893.7734375,2316,0.0,0.0
2025-10-28 00:00:00+09:00,89518.43640149527,89799.94091848111,89143.09704551417,89424.6015625,2506,0.0,0.0
2025-10-29 00:00:00+09:00,89330.7635206787,89424.59835630965,88298.58032873807,88486.25,2739,0.0,0.0
2025-10-30 00:00:00+09:00,88486.25120897812,88486.25120897812,87735.57251367396,87923.2421875,3280,0.0,0.0
2025-10-31 00:00:00+09:00,87923.24229670699,88298.58164482527,87078.72876344086,87266.3984375,4705,0.0,0.0
2025-11-04 00:00:00+09:00,87266.39733584499,87360.23217168999,86609.55348493003,87172.5625,2726,0.0,0.0
2025-11-05 00:00:00+09:00,87266.4049979968,87829.4140625,86891.06562166133,87829.4140625,3855,0.0,0.0
2025-11-06 00:00:00+09:00,87923.23769115692,88204.7421875,87547.89836269946,88204.7421875,2670,0.0,0.0
2025-11-07 00:00:00+09:00,88204.75218949045,88486.25671775478,88017.0825039809,88392.421875,2245,0.0,0.0
2025-11-10 00:00:00+09:00,88486.25,88861.58934252386,88298.58032873807,88486.25,2705,0.0,0.0
2025-11-11 00:00:00+09:00,88673.92285053777,89424.6015625,88392.41833355195,89424.6015625,2902,0.0,0.0
2025-11-12 00:00:00+09:00,89424.6015625,89799.94091848111,89236.93188450944,89424.6015625,3073,0.0,0.0
2025-11-13 00:00:00+09:00,89612.26802757158,89612.26802757158,88204.74549310711,88486.25,2643,0.0,0.0
2025-11-14 00:00:00+09:00,88673.92530386557,88861.59498704836,88204.7510959086,88298.5859375,2334,0.0,0.0
2025-11-17 00:00:00+09:00,88110.91296308636,88204.7478011727,87454.06909648188,88017.078125,2573,0.0,0.0
2025-11-18 00:00:00+09:00,88017.07481617648,88298.57931985294,87641.73547794118,87735.5703125,2220,0.0,0.0
2025-11-19 00:00:00+09:00,87641.7388896348,87735.5737278464,87266.39953678839,87360.234375,2137,0.0,0.0
2025-11-20 00:00:00+09:00,87641.73986621406,88298.58374101437,87547.90502695687,88110.9140625,2588,0.0,0.0
2025-11-21 00:00:00+09:00,88110.91502771911,88955.42859028511,87735.57566657868,88861.59375,4888,0.0,0.0
2025-11-25 00:00:00+09:00,88673.92734375,89330.77124999999,88486.25765625,89143.1015625,1730,0.0,0.0
2025-11-26 00:00:00+09:00,89236.9307871586,89424.60046284138,88861.59143579306,89330.765625,2008,0.0,0.0
2025-11-27 00:00:00+09:00,89330.76672350473,89518.43640149527,88955.4273675236,89424.6015625,2164,0.0,0.0
2025-11-28 00:00:00+09:00,89518.43652550211,89518.43652550211,88767.7578125,88767.7578125,3978,0.0,0.0
2025-12-01 00:00:00+09:00,88767.75793730031,89049.26245507188,88110.9140625,88110.9140625,2254,0.0,0.0
2025-12-02 00:00:00+09:00,88110.90735538563,88298.57701961436,87641.73319481383,88204.7421875,2884,0.0,0.0
2025-12-03 00:00:00+09:00,87829.40735058699,88110.91186132605,87360.23316602188,87923.2421875,3892,0.0,0.0
2025-12-04 00:00:00+09:00,87829.40635091496,87923.24118675996,87078.727664155,87172.5625,5117,0.0,0.0
2025-12-05 00:00:00+09:00,87172.56481669372,87266.39965503247,86515.7209483225,86703.390625,2945,0.0,0.0
2025-12-08 00:00:00+09:00,86703.3939118123,86984.8984375,86421.88938612459,86984.8984375,2704,0.0,0.0
2025-12-09 00:00:00+09:00,86609.5546875,86984.89403609156,86328.05017605635,86609.5546875,2844,0.0,0.0
2025-12-10 00:00:00+09:00,86609.55457829301,87641.73778561829,86609.55457829301,87266.3984375,2696,0.0,0.0
2025-12-11 00:00:00+09:00,87641.74122570195,87735.5760664147,86703.39281857452,86891.0625,2968,0.0,0.0
2025-12-12 00:00:00+09:00,87078.72647058824,88017.07481617648,87078.72647058824,87735.5703125,4128,0.0,0.0
2025-12-15 00:00:00+09:00,87360.23984208066,87829.4140625,87360.23984208066,87829.4140625,3203,0.0,0.0
2025-12-16 00:00:00+09:00,87454.06811155914,87829.40745967742,87266.3984375,87266.3984375,2400,0.0,0.0
2025-12-17 00:00:00+09:00,87266.39623181574,87266.39623181574,86703.38722386854,87078.7265625,2048,0.0,0.0
2025-12-18 00:00:00+09:00,87078.73204715969,87923.24561227224,86891.06236602357,87547.90625,3127,0.0,0.0
2025-12-19 00:00:00+09:00,87923.23887513383,88392.41304202356,87641.734375,87641.734375,3712,0.0,0.0
2025-12-22 00:00:00+09:00,87641.7355704472,87829.40523976294,86891.05689318427,87078.7265625,2533,0.0,0.0
2025-12-23 00:00:00+09:00,86984.89502215359,87454.0692132116,86891.060183942,87360.234375,2105,0.0,0.0
2025-12-24 00:00:00+09:00,87172.57015391292,87829.4140625,86984.90046574519,87829.4140625,3251,0.0,0.0
2025-12-25 00:00:00+09:00,88110.9096507353,88204.74448529413,86797.22196691176,87735.5703125,4342,0.0,0.0
2025-12-26 00:00:00+09:00,87829.40954472843,88110.9140625,87078.73083067093,88110.9140625,3939,0.0,0.0
2025-12-29 00:00:00+09:00,88204.7421875,88392.41185172873,87923.23769115692,88204.7421875,2400,0.0,0.0
2025-12-30 00:00:00+09:00,88392.41415441177,88767.75349264705,87735.5703125,87735.5703125,2295,0.0,0.0
2026-01-05 00:00:00+09:00,88204.74669823906,88298.58153515209,86984.8938183698,87923.2421875,4300,0.0,0.0
2026-01-06 00:00:00+09:00,88017.08141272582,88392.4207790914,87829.41172954305,88298.5859375,2216,0.0,0.0
2026-01-07 00:00:00+09:00,88392.41615733439,89424.59936087014,88204.74648396425,89236.9296875,2861,0.0,0.0
2026-01-08 00:00:00+09:00,89424.60034867049,89987.609375,89049.26099778415,89987.609375,2797,0.0,0.0
2026-01-09 00:00:00+09:00,89799.94091848111,90081.44543546694,89424.6015625,89424.6015625,3124,0.0,0.0
2026-01-13 00:00:00+09:00,89330.76672350473,89518.43640149527,88767.75768953306,89424.6015625,3551,0.0,0.0
2026-01-14 00:00:00+09:00,89518.4409375,89893.78031249999,89143.1015625,89143.1015625,2742,0.0,0.0
2026-01-15 00:00:00+09:00,89424.59925463205,89987.6082740736,89143.09474491127,89893.7734375,4639,0.0,0.0
2026-01-16 00:00:00+09:00,90175.28562176166,90644.45984455959,90175.28562176166,90550.625,3130,0.0,0.0
2026-01-19 00:00:00+09:00,90550.61840132951,90832.12291449426,89799.93969955682,89987.609375,3200,0.0,0.0
2026-01-20 00:00:00+09:00,90269.10834316038,90269.10834316038,89518.4296875,89518.4296875,2008,0.0,0.0
2026-01-21 00:00:00+09:00,89236.93090277778,89330.76574074074,88392.4173611111,88673.921875,5083,0.0,0.0
2026-01-22 00:00:00+09:00,88955.431875,89612.27578124999,88673.92734375,89143.1015625,2257,0.0,0.0
2026-01-23 00:00:00+09:00,89518.43430548199,89612.26914228019,88204.7465903072,88580.0859375,2899,0.0,0.0
2026-01-26 00:00:00+09:00,88767.75682969083,88767.75682969083,87923.24328691364,88017.078125,2933,0.0,0.0
2026-01-27 00:00:00+09:00,88110.9140625,88110.9140625,87454.07018769968,88110.9140625,2777,0.0,0.0
2026-01-28 00:00:00+09:00,87829.40954472843,88204.7489017572,87641.73986621406,88110.9140625,2928,0.0,0.0
2026-01-29 00:00:00+09:00,88298.57913757903,89049.2578125,87547.90046265806,89049.2578125,4896,0.0,0.0
2026-01-30 00:00:00+09:00,88673.91865808824,88767.75349264705,87735.5703125,87735.5703125,6369,0.0,0.0
2026-02-02 00:00:00+09:00,87829.40735058699,88392.4163720651,87735.57251367396,87923.2421875,3670,0.0,0.0
2026-02-03 00:00:00+09:00,88017.0825039809,88861.59608877389,88017.0825039809,88392.421875,2544,0.0,0.0
2026-02-04 00:00:00+09:00,88673.9184750395,89143.09264686512,88204.74430321391,89049.2578125,2556,0.0,0.0
2026-02-05 00:00:00+09:00,89143.1015625,89612.27578124999,88955.431875,89143.1015625,3186,0.0,0.0
2026-02-06 00:00:00+09:00,89049.260121491,89330.76463188558,88580.0859375,88580.0859375,3726,0.0,0.0
2026-02-09 00:00:00+09:00,88955.43093152867,89049.26577428344,88298.58703224522,88392.421875,2798,0.0,0.0
2026-02-10 00:00:00+09:00,88767.75890971489,89143.09827085533,88580.08922914467,88861.59375,2959,0.0,0.0
2026-02-12 00:00:00+09:00,89049.26343057022,89424.60279171067,88861.59375,88861.59375,3108,0.0,0.0
2026-02-13 00:00:00+09:00,89236.93090277778,89236.93090277778,88298.58252314814,88673.921875,3378,0.0,0.0
2026-02-16 00:00:00+09:00,87923.24890658386,87923.24890658386,86984.90046574519,87829.4140625,12659,0.0,0.0
2026-02-17 00:00:00+09:00,87829.40635091496,87829.40635091496,87172.5625,87172.5625,4633,0.0,0.0
2026-02-18 00:00:00+09:00,87360.2309742647,88017.07481617648,87172.56130514706,87735.5703125,4870,0.0,0.0
2026-02-19 00:00:00+09:00,87735.57040510507,87735.57040510507,87078.7265625,87078.7265625,5080,0.0,0.0
2026-02-20 00:00:00+09:00,87172.56139715787,87360.2310664736,87078.7265625,87078.7265625,4851,0.0,0.0
2026-02-24 00:00:00+09:00,87172.56139715787,87735.57040510507,86891.05689318427,87078.7265625,12049,0.0,0.0
2026-02-25 00:00:00+09:00,86609.55348493003,87360.23217168999,86515.71864908503,87172.5625,23808,0.0,0.0
2026-02-26 00:00:00+09:00,87172.56488595645,88043.32302577178,87172.56488595645,87753.0703125,20512,2800.0,0.0
2026-02-27 00:00:00+09:00,87559.56550076988,87559.56550076988,86398.5546875,86398.5546875,18284,0.0,0.0
2026-03-02 00:00:00+09:00,86108.30347222222,87366.06520833334,85624.54895833334,87075.8125,33821,0.0,0.0
2026-03-03 00:00:00+09:00,86301.80408653845,86785.55859375,85527.796875,85527.796875,41198,0.0,0.0
2026-03-04 00:00:00+09:00,85044.04539671731,85237.54720649369,84173.28725272362,84366.7890625,17020,0.0,0.0
2026-03-05 00:00:00+09:00,85818.04928086506,86979.06009413494,85721.29837975925,86398.5546875,9649,0.0,0.0
2026-03-06 00:00:00+09:00,86108.30649985923,86495.31012457769,85624.55196896114,85914.8046875,5897,0.0,0.0
2026-03-09 00:00:00+09:00,85140.79475308642,86205.0546875,84366.78752805835,86205.0546875,9187,0.0,0.0
2026-03-10 00:00:00+09:00,86495.30888084632,86882.3125,86108.30526169266,86882.3125,4303,0.0,0.0
2026-03-11 00:00:00+09:00,86979.06218164922,87946.57121592786,86688.80947136563,87849.8203125,5380,0.0,0.0
2026-03-12 00:00:00+09:00,87366.06340077605,87462.8143015521,86882.30889689579,87269.3125,2333,0.0,0.0
2026-03-13 00:00:00+09:00,87366.06552504208,87559.5673312991,86205.0546875,86205.0546875,5961,0.0,0.0
2026-03-16 00:00:00+09:00,86108.3010871085,86688.80648769575,85721.29748671701,86495.3046875,3808,0.0,0.0
2026-03-17 00:00:00+09:00,86398.55288931564,86979.05828386871,86301.80199022347,86592.0546875,2175,0.0,0.0
2026-03-18 00:00:00+09:00,86979.0639745447,87656.3203125,86785.56216370034,87656.3203125,3541,0.0,0.0
2026-03-19 00:00:00+09:00,87269.31553721911,87462.81734550562,86108.3046875,86108.3046875,2689,0.0,0.0
2026-03-23 00:00:00+09:00,85624.5453534311,85624.5453534311,84463.53456897779,84947.2890625,4387,0.0,0.0
2026-03-24 00:00:00+09:00,85237.54356628138,86011.55077233161,84753.7890625,84753.7890625,5202,0.0,0.0
2026-03-25 00:00:00+09:00,85237.54834424268,86205.05740603885,85140.79743806306,85914.8046875,4838,0.0,0.0
2026-03-26 00:00:00+09:00,85914.80138731597,86011.55228977915,84947.29236268403,85431.046875,4921,0.0,0.0
2026-03-27 00:00:00+09:00,85140.79326923077,85818.04957932692,85044.04236778845,85527.796875,5715,0.0,0.0
2026-03-30 00:00:00+09:00,84560.28602834302,84560.28602834302,83205.7734375,83205.7734375,8913,0.0,0.0
2026-03-31 00:00:00+09:00,83592.78034682081,84560.28937861271,83496.02944364162,83689.53125,8669,0.0,0.0
2026-04-01 00:00:00+09:00,84850.53996325628,85044.04176476883,84366.78545947488,84753.7890625,2823,0.0,0.0
2026-04-02 00:00:00+09:00,84753.78754315306,85914.79833141543,83979.78035097814,84076.53125,3539,0.0,0.0
2026-04-03 00:00:00+09:00,84366.78367027335,85044.03996120444,84173.28187286446,84947.2890625,1957,0.0,0.0
2026-04-06 00:00:00+09:00,84850.54235756803,85624.54958545919,84753.79145408163,85334.296875,1881,0.0,0.0
2026-04-07 00:00:00+09:00,85624.55049304767,86205.05592011918,85140.79597048809,85237.546875,2429,0.0,0.0
2026-04-08 00:00:00+09:00,85721.29837975925,86398.5546875,85431.04567644178,86398.5546875,3187,0.0,0.0
2026-04-09 00:00:00+09:00,86301.8068246311,86592.05953816685,85140.79597048809,85237.546875,3484,0.0,0.0
2026-04-10 00:00:00+09:00,85914.80048076923,85914.80048076923,84947.29146634616,85527.796875,3103,0.0,0.0
2026-04-13 00:00:00+09:00,85044.046875,85527.80140784982,84657.04324872013,85044.046875,3242,0.0,0.0
2026-04-14 00:00:00+09:00,85527.7950761851,86011.54957322235,85527.7950761851,85721.296875,2255,0.0,0.0
2026-04-15 00:00:00+09:00,85914.80197811448,86205.0546875,85818.05107498597,86205.0546875,2967,0.0,0.0
2026-04-16 00:00:00+09:00,86301.80378639419,86398.5546875,85914.80018197089,86398.5546875,2741,0.0,0.0
2026-04-17 00:00:00+09:00,86205.05409470554,86398.55589963193,85334.2959725368,85431.046875,2914,0.0,0.0
2026-04-20 00:00:00+09:00,85721.30378029875,86011.55650190248,85527.80196589627,85818.0546875,2101,0.0,0.0
2026-04-21 00:00:00+09:00,85818.05048485278,85818.05048485278,85044.04326514722,85431.046875,3050,0.0,0.0
2026-04-22 00:00:00+09:00,85140.7950680272,85624.54958545919,85044.04416454081,85334.296875,2974,0.0,0.0
2026-04-23 00:00:00+09:00,85431.05105869504,85914.80559470123,85140.79833709131,85818.0546875,3076,0.0,0.0
2026-04-24 00:00:00+09:00,85818.05378132038,86108.30649985923,85431.05015660191,85914.8046875,3136,0.0,0.0
2026-04-27 00:00:00+09:00,86108.30649985923,86108.30649985923,85334.2992504223,85914.8046875,2657,0.0,0.0
2026-04-28 00:00:00+09:00,85914.80411931819,85914.80411931819,84753.7932528409,85140.796875,3672,0.0,0.0
2026-04-30 00:00:00+09:00,84850.53816379556,85044.03996120444,84560.28546768223,84947.2890625,3370,0.0,0.0
2026-05-01 00:00:00+09:00,84947.29540398966,84947.29540398966,84173.2881565729,84270.0390625,3746,0.0,0.0
2026-05-07 00:00:00+09:00,84366.78394706559,84560.28574510932,83689.52765391255,84076.53125,3461,0.0,0.0
2026-05-08 00:00:00+09:00,84270.03333030523,84270.03333030523,83109.02253815407,83205.7734375,5717,0.0,0.0
2026-05-11 00:00:00+09:00,83205.7734375,83399.27523619185,82722.01894077034,83205.7734375,4564,0.0,0.0
2026-05-12 00:00:00+09:00,83205.7743378929,83302.5252382858,82818.7707363213,83109.0234375,3585,0.0,0.0
2026-05-13 00:00:00+09:00,83012.2734375,83205.77524038461,82722.02073317308,83012.2734375,2536,0.0,0.0
2026-05-14 00:00:00+09:00,83592.77884615384,83592.77884615384,82528.51893028845,83012.2734375,4686,0.0,0.0
2026-05-15 00:00:00+09:00,83012.27762470998,83592.78306264502,82722.02490574247,83399.28125,3207,0.0,0.0
2026-05-18 00:00:00+09:00,83302.5246217685,83302.5246217685,82335.015625,82335.015625,5306,0.0,0.0
2026-05-19 00:00:00+09:00,82335.01981907894,83109.02705592105,82238.26891447368,82722.0234375,3650,0.0,0.0
2026-05-20 00:00:00+09:00,82722.02042769025,82818.77132877527,80883.7533070749,81367.5078125,9240,0.0,0.0
2026-05-21 00:00:00+09:00,81367.51110002956,81851.265625,81077.25838504729,81851.265625,8128,0.0,0.0
2026-05-22 00:00:00+09:00,81367.5078125,81367.5078125,80787.0024059899,81367.5078125,8006,0.0,0.0
2026-05-25 00:00:00+09:00,80980.50269784173,81270.75539568346,80496.74820143885,80690.25,6906,0.0,0.0
2026-05-26 00:00:00+09:00,80690.25634824668,80883.75816203144,80013.0,80013.0,7486,0.0,0.0
2026-05-27 00:00:00+09:00,80496.75271411339,80883.75633293125,80012.99819059108,80206.5,15086,0.0,0.0
2026-05-28 00:00:00+09:00,80012.99761152558,80012.99761152558,79238.99037949147,79432.4921875,23821,0.0,0.0
2026-05-29 00:00:00+09:00,79819.4972826087,80593.5045289855,79625.9954710145,80109.75,19265,0.0,0.0
2026-06-01 00:00:00+09:00,80012.99943719475,80012.99943719475,79142.24128128815,79238.9921875,7630,0.0,0.0
2026-06-02 00:00:00+09:00,79045.49128018031,79142.2421875,78271.48402162286,79142.2421875,8589,0.0,0.0
2026-06-03 00:00:00+09:00,79238.98768393508,80593.50029391686,79142.23678322208,79722.7421875,5978,0.0,0.0
2026-06-04 00:00:00+09:00,79819.49613223522,79819.49613223522,78561.734375,78561.734375,5886,0.0,0.0
2026-06-05 00:00:00+09:00,78561.73077512255,79432.48887484682,78561.73077512255,78948.734375,4867,0.0,0.0
2026-06-08 00:00:00+09:00,78561.73077512255,79238.98707490809,78368.22897518383,78948.734375,5030,0.0,0.0
2026-06-09 00:00:00+09:00,79335.740381691,79529.2421875,78368.23135264598,79529.2421875,7747,0.0,0.0
2026-06-10 00:00:00+09:00,79529.24490613553,79529.24490613553,79045.49037507632,79238.9921875,3386,0.0,0.0
2026-06-11 00:00:00+09:00,79529.24581677873,79916.24944605747,79045.49128018031,79142.2421875,6733,0.0,0.0
2026-06-12 00:00:00+09:00,79819.49279711884,80883.75270108043,79432.48919567827,80593.5,6662,0.0,0.0
2026-06-15 00:00:00+09:00,81077.25540865384,81174.00631009616,80012.99549278845,80496.75,4979,0.0,0.0
2026-06-16 00:00:00+09:00,80593.5039538872,80593.5039538872,78851.98766196647,79335.7421875,4206,0.0,0.0
2026-06-17 00:00:00+09:00,79238.9921875,79819.49762477106,78851.98856265262,79238.9921875,3458,0.0,0.0
2026-06-18 00:00:00+09:00,79335.73948207776,79625.9921875,78851.9849730407,79625.9921875,3747,0.0,0.0
2026-06-19 00:00:00+09:00,79819.4948962135,80303.24941073601,79529.2421875,79529.2421875,8583,0.0,0.0
2026-06-22 00:00:00+09:00,79529.24581677873,79625.99672409841,78851.98946554096,79142.2421875,3848,0.0,0.0
2026-06-23 00:00:00+09:00,79045.49037507632,79529.24490613553,78658.48675022894,79238.9921875,4562,0.0,0.0
2026-06-24 00:00:00+09:00,78851.98766196647,79625.99490282012,78851.98766196647,79335.7421875,4332,0.0,0.0
2026-06-25 00:00:00+09:00,79625.99128678702,80012.99488963895,79238.98768393508,79722.7421875,4332,0.0,0.0
2026-06-26 00:00:00+09:00,79722.74368231047,80400.0,79625.9927797834,80400.0,3839,0.0,0.0
2026-06-29 00:00:00+09:00,80399.9966801604,80690.24937575666,79916.2421875,79916.2421875,4383,0.0,0.0
2026-06-30 00:00:00+09:00,80303.25272067715,80496.75453446191,79916.24909310762,80013.0,2714,0.0,0.0
2026-07-01 00:00:00+09:00,80399.9994019593,80399.9994019593,79432.49038388518,79625.9921875,3664,0.0,0.0
2026-07-02 00:00:00+09:00,79722.74128787879,80206.49578598485,79722.74128787879,79819.4921875,3007,0.0,0.0
2026-07-03 00:00:00+09:00,80109.74609839477,81464.25871358502,80109.74609839477,81367.5078125,3727,0.0,0.0
2026-07-06 00:00:00+09:00,81367.50601460558,82528.51680197213,81270.75511565836,81561.0078125,3676,0.0,0.0
2026-07-07 00:00:00+09:00,81754.51414267601,81948.01595129773,81077.2578125,81077.2578125,3426,0.0,0.0
2026-07-08 00:00:00+09:00,81174.0072202166,81270.75812274367,80400.0,80400.0,3230,0.0,0.0
2026-07-09 00:00:00+09:00,80399.99909855769,80883.75360576923,80012.99549278845,80496.75,2619,0.0,0.0
2026-07-10 00:00:00+09:00,80787.00451807228,80787.00451807228,80206.49909638554,80303.25,3130,0.0,0.0
2026-07-13 00:00:00+09:00,80400.00271739131,80980.50815217392,80012.9990942029,80109.75,3842,0.0,0.0
2026-07-14 00:00:00+09:00,80303.25237365431,80980.50871897428,80303.25237365431,80883.7578125,3969,0.0,0.0
2026-07-15 00:00:00+09:00,81077.25510924494,81657.76051575506,80883.7533070749,81367.5078125,3665,0.0,0.0
2026-07-16 00:00:00+09:00,81561.01174698795,81561.01174698795,80206.49909638554,80303.25,4567,0.0,0.0
2026-07-17 00:00:00+09:00,80303.24759177791,80883.75299605582,79722.7421875,79722.7421875,5253,0.0,0.0
2026-07-21 00:00:00+09:00,79529.24366706876,80787.00542822678,79529.24366706876,80206.5,7024,0.0,0.0
2026-07-22 00:00:00+09:00,80496.7536231884,80496.7536231884,79916.24818840579,80109.75,4581,0.0,0.0
2026-07-23 00:00:00+09:00,80303.24850015188,80399.9994019593,79625.9921875,79625.9921875,5694,0.0,0.0
2026-07-24 00:00:00+09:00,79625.99581234738,79819.49762477106,79238.9921875,79238.9921875,4889,0.0,0.0
2026-07-27 00:00:00+09:00,79722.7418967587,80883.75270108043,79625.99099639856,80593.5,4686,0.0,0.0
2026-07-28 00:00:00+09:00,80593.50599738024,80980.50962761976,80206.50236714073,80787.0078125,4871,0.0,0.0
2026-07-29 00:00:00+09:00,80593.50564647513,81657.765625,80496.7547393365,81657.765625,6560,0.0,0.0
2026-07-30 00:00:00+09:00,81561.01142543207,81657.76232866508,80303.24968340286,81174.0078125,6211,0.0,0.0
2026-07-31 00:00:00+09:00,80883.75117282082,81174.00386841707,79916.2421875,79916.2421875,6627,0.0,0.0
2026-08-03 00:00:00+09:00,80303.2478911043,80496.74969325154,78851.984375,78851.984375,9164,0.0,0.0
2026-08-04 00:00:00+09:00,78948.7346654275,79045.4855657528,77981.22566217472,78077.9765625,10182,0.0,0.0
2026-08-05 00:00:00+09:00,78271.48017274844,78271.48017274844,77400.72204968943,77884.4765625,10280,0.0,0.0
2026-08-06 00:00:00+09:00,77981.23165173053,78368.23528275649,77594.22802070457,78271.484375,6451,0.0,0.0
2026-08-07 00:00:00+09:00,78271.48290406795,78464.9847159445,77594.2265625,77594.2265625,7398,0.0,0.0
2026-08-10 00:00:00+09:00,77787.72565993789,78174.72927018633,77497.47295225156,77884.4765625,5295,0.0,0.0
2026-08-12 00:00:00+09:00,78077.9765625,78174.72746282528,77690.97296119889,78077.9765625,5945,0.0,0.0
2026-08-13 00:00:00+09:00,77981.22836986941,78368.23198460821,77787.7265625,77787.7265625,7524,0.0,0.0
2026-08-14 00:00:00+09:00,78077.98131295787,79238.9921875,77884.47950053419,79238.9921875,6614,0.0,0.0
2026-08-17 00:00:00+09:00,79335.740381691,79625.9930904045,79142.23857588199,79529.2421875,5793,0.0,0.0
2026-08-18 00:00:00+09:00,79625.99158358896,79625.99158358896,78561.73167177914,78851.984375,7578,0.0,0.0
2026-08-19 00:00:00+09:00,78561.73379197762,78851.98650303172,77787.7265625,77787.7265625,7111,0.0,0.0
2026-08-20 00:00:00+09:00,77981.22894858374,78561.734375,77884.47804418103,78561.734375,4079,0.0,0.0
2026-08-21 00:00:00+09:00,78368.23528275649,78464.98619051298,77981.23165173053,78271.484375,5005,0.0,0.0
2026-08-24 00:00:00+09:00,78464.98314745737,79432.4921875,78464.98314745737,79432.4921875,4776,0.0,0.0
2026-08-25 00:00:00+09:00,79529.24309150426,79819.49580351706,79335.74128349574,79432.4921875,4605,0.0,0.0
2026-08-26 00:00:00+09:00,79722.7430893074,80012.99579472965,79529.24128569258,79625.9921875,4283,0.0,0.0
2026-08-27 00:00:00+09:00,79625.9927797834,80400.0,79529.24187725631,80400.0,17521,0.0,0.0
2026-08-28 00:00:00+09:00,79500.0,80000.0,78900.0,79000.0,26346,2700.0,0.0
2026-08-31 00:00:00+09:00,79100.0,79600.0,78700.0,79000.0,48094,0.0,0.0
2026-09-01 00:00:00+09:00,79300.0,79700.0,78400.0,78600.0,12828,0.0,0.0
2026-09-02 00:00:00+09:00,78500.0,79300.0,78100.0,78900.0,9623,0.0,0.0
2026-09-03 00:00:00+09:00,79000.0,79200.0,78300.0,78700.0,7914,0.0,0.0
2026-09-04 00:00:00+09:00,78400.0,79400.0,78000.0,78900.0,9478,0.0,0.0
2026-09-07 00:00:00+09:00,79300.0,79600.0,78800.0,79500.0,7581,0.0,0.0
2026-09-08 00:00:00+09:00,79500.0,79500.0,78500.0,78500.0,5572,0.0,0.0
2026-09-09 00:00:00+09:00,79000.0,79000.0,78400.0,78400.0,6871,0.0,0.0
2026-09-10 00:00:00+09:00,78400.0,79000.0,77900.0,78900.0,7948,0.0,0.0
2026-09-11 00:00:00+09:00,78600.0,78600.0,77900.0,78400.0,9250,0.0,0.0
2026-09-14 00:00:00+09:00,78100.0,79100.0,78100.0,79100.0,7385,0.0,0.0
2026-09-15 00:00:00+09:00,78800.0,79300.0,78500.0,79300.0,6071,0.0,0.0
2026-09-16 00:00:00+09:00,79100.0,79400.0,78700.0,79200.0,4129,0.0,0.0
2026-09-17 00:00:00+09:00,79000.0,79600.0,78900.0,79600.0,4997,0.0,0.0
2026-09-18 00:00:00+09:00,79800.0,79900.0,79100.0,79900.0,13504,0.0,0.0
2026-09-24 00:00:00+09:00,79200.0,79500.0,78600.0,78600.0,7472,0.0,0.0
2026-09-25 00:00:00+09:00,79000.0,79100.0,78500.0,78900.0,6486,0.0,0.0
2026-09-28 00:00:00+09:00,78900.0,79300.0,78600.0,79100.0,4572,0.0,0.0
2026-09-29 00:00:00+09:00,79000.0,79000.0,78100.0,78300.0,8484,0.0,0.0
2026-09-30 00:00:00+09:00,78400.0,78500.0,77800.0,78500.0,8056,0.0,0.0
2026-10-01 00:00:00+09:00,78100.0,78400.0,77700.0,77900.0,8140,0.0,0.0
2026-10-02 00:00:00+09:00,77800.0,77800.0,76600.0,76800.0,10774,0.0,0.0
2026-10-05 00:00:00+09:00,76900.0,77000.0,75900.0,76000.0,10788,0.0,0.0
2026-10-06 00:00:00+09:00,75800.0,76600.0,75600.0,76400.0,5895,0.0,0.0
2026-10-07 00:00:00+09:00,76700.0,76800.0,76100.0,76400.0,2496,0.0,0.0
