Date,Open,High,Low,Close,Volume,Dividends,Stock Splits
2021-09-28 00:00:00+09:00,120094.16183492496,121413.87789904502,119104.37478683492,120918.984375,18910,0.0,0.0
2021-09-29 00:00:00+09:00,120259.125,121083.9475308642,119434.3024691358,120259.125,18700,0.0,0.0
2021-09-30 00:00:00+09:00,122733.58318965517,122898.54768318965,119434.29331896552,119599.2578125,21645,0.0,0.0
2021-10-01 00:00:00+09:00,120424.0693608357,120918.96279656516,116464.921875,116464.921875,30565,0.0,0.0
2021-10-04 00:00:00+09:00,117949.60445841978,120094.14272130014,117784.63997665976,119269.3203125,27860,0.0,0.0
2021-10-05 00:00:00+09:00,118444.50071614583,119434.28763020833,114815.28203125,118774.4296875,32695,0.0,0.0
2021-10-06 00:00:00+09:00,118774.4232117812,119269.31664183029,115310.16920143759,117619.671875,39880,0.0,0.0
2021-10-07 00:00:00+09:00,117949.61008324617,118609.46804175385,116629.89416623084,118279.5390625,20210,0.0,0.0
2021-10-08 00:00:00+09:00,118279.52904140294,119104.35141965542,117289.7421875,117289.7421875,19985,0.0,0.0
2021-10-11 00:00:00+09:00,115640.10305734986,118114.5703125,115640.10305734986,118114.5703125,28195,0.0,0.0
2021-10-12 00:00:00+09:00,118114.56456575246,119104.35141965542,117124.7777118495,117289.7421875,20435,0.0,0.0
2021-10-13 00:00:00+09:00,117454.70739831697,118114.56530504908,116629.88501490183,117619.671875,31550,0.0,0.0
2021-10-14 00:00:00+09:00,117454.72656249999,118939.40709489114,116959.83305170294,117454.7265625,21380,0.0,0.0
2021-10-15 00:00:00+09:00,118444.50071614583,118939.39417317708,117289.74931640625,118774.4296875,26910,0.0,0.0
2021-10-18 00:00:00+09:00,119104.35590514305,121083.9296875,118279.53349582765,121083.9296875,38200,0.0,0.0
2021-10-19 00:00:00+09:00,121578.82385784647,121743.78834069293,119764.21454653532,121413.859375,25205,0.0,0.0
2021-10-20 00:00:00+09:00,121413.87990527741,122403.6669697226,119764.23479786875,121908.7734375,23900,0.0,0.0
2021-10-21 00:00:00+09:00,121743.79757179054,123228.4780299831,121413.86858108107,122073.7265625,19570,0.0,0.0
2021-10-22 00:00:00+09:00,121578.83307643581,122568.62004856419,120589.04610430743,122073.7265625,22395,0.0,0.0
2021-10-25 00:00:00+09:00,121578.84441601827,123063.52501268606,121413.87990527741,121908.7734375,15600,0.0,0.0
2021-10-26 00:00:00+09:00,122733.57954545454,122733.57954545454,119599.25426136363,119764.21875,12665,0.0,0.0
2021-10-27 00:00:00+09:00,120259.12634293997,121248.91339103002,120094.16183492496,120918.984375,13545,0.0,0.0
2021-10-28 00:00:00+09:00,120918.984375,121413.87789904502,120094.16183492496,120918.984375,14130,0.0,0.0
2021-10-29 00:00:00+09:00,121248.90408572635,122568.62004856419,120589.04610430743,122073.7265625,19425,0.0,0.0
2021-11-01 00:00:00+09:00,122403.64196428572,122403.64196428572,121083.9261479592,121248.890625,9830,0.0,0.0
2021-11-02 00:00:00+09:00,121248.87226880081,122733.55233739837,121248.87226880081,121743.765625,16305,0.0,0.0
2021-11-04 00:00:00+09:00,121413.86577868853,122073.72374487705,120589.04332095287,120754.0078125,17435,0.0,0.0
2021-11-05 00:00:00+09:00,121908.75072747975,122403.64416751012,121413.85728744938,122238.6796875,16860,0.0,0.0
2021-11-08 00:00:00+09:00,122073.73794824087,122238.70245898174,120424.0928408322,121908.7734375,17485,0.0,0.0
2021-11-09 00:00:00+09:00,121413.86291436464,121578.82740202002,119434.2890625,119434.2890625,16895,0.0,0.0
2021-11-10 00:00:00+09:00,119269.33610208918,119599.26510928721,117289.76205890097,117454.7265625,17960,0.0,0.0
2021-11-11 00:00:00+09:00,117784.63635168303,118774.4232117812,116629.88501490183,117619.671875,17195,0.0,0.0
2021-11-12 00:00:00+09:00,117619.69106609901,118444.5135840941,117289.76205890097,117454.7265625,9010,0.0,0.0
2021-11-15 00:00:00+09:00,117454.70812937063,118609.45947333916,117289.74365166084,117949.6015625,11720,0.0,0.0
2021-11-16 00:00:00+09:00,117949.58824549237,119599.23283633841,117949.58824549237,118939.375,14030,0.0,0.0
2021-11-17 00:00:00+09:00,118114.57457287308,119269.32600026151,117784.64559361925,118279.5390625,17025,0.0,0.0
2021-11-18 00:00:00+09:00,119269.31823059752,120094.140625,118444.49583619506,120094.140625,15630,0.0,0.0
2021-11-19 00:00:00+09:00,120094.16116621067,120754.01919459645,119764.2321520178,120589.0546875,16350,0.0,0.0
2021-11-22 00:00:00+09:00,119929.17823954011,120259.10720306016,119269.3203125,119269.3203125,9975,0.0,0.0
2021-11-24 00:00:00+09:00,119929.17687285959,120753.99927226028,119269.31895333904,120424.0703125,21445,0.0,0.0
2021-11-25 00:00:00+09:00,120589.03616658023,121578.8230571404,119104.35583073998,119269.3203125,12470,0.0,0.0
2021-11-26 00:00:00+09:00,119599.25569367176,119929.18467489569,117289.75282510431,118609.46875,22245,0.0,0.0
2021-11-29 00:00:00+09:00,116959.81814544808,118279.53400604552,115640.10228485064,115970.03125,34360,0.0,0.0
2021-11-30 00:00:00+09:00,117124.78549107142,119434.28830357142,115475.14062499999,115475.140625,68155,0.0,0.0
2021-12-01 00:00:00+09:00,115805.05239762932,117124.7680944684,114650.30116289512,114815.265625,44390,0.0,0.0
2021-12-02 00:00:00+09:00,114650.30039850505,116464.90946956052,114320.37147649495,114485.3359375,32345,0.0,0.0
2021-12-03 00:00:00+09:00,115310.18531383168,116794.86581143466,115145.22081409802,116135.0078125,25055,0.0,0.0
2021-12-06 00:00:00+09:00,116629.89203125,116794.85651785713,115310.17613839285,115475.140625,18070,0.0,0.0
2021-12-07 00:00:00+09:00,115805.05970744681,117289.73996010638,115805.05970744681,116299.953125,14790,0.0,0.0
2021-12-08 00:00:00+09:00,118279.54908049508,118444.5135840941,116135.01053370786,117454.7265625,23330,0.0,0.0
2021-12-09 00:00:00+09:00,117784.63635168303,117949.60082836605,116629.88501490183,117619.671875,29525,0.0,0.0
2021-12-10 00:00:00+09:00,117784.640625,117784.640625,116134.99579831933,117784.640625,31830,0.0,0.0
2021-12-13 00:00:00+09:00,117289.74856347241,117619.67753270862,116629.890625,116629.890625,15035,0.0,0.0
2021-12-14 00:00:00+09:00,116629.89203125,117289.74997767857,115310.17613839285,115475.140625,23270,0.0,0.0
2021-12-15 00:00:00+09:00,114980.2300871049,115475.12347341955,114815.265625,114815.265625,17200,0.0,0.0
2021-12-16 00:00:00+09:00,115805.06596467392,115805.06596467392,113825.4921875,113825.4921875,21540,0.0,0.0
2021-12-17 00:00:00+09:00,113825.47809347983,114485.3359375,112505.76240543948,114485.3359375,56305,0.0,0.0
2021-12-20 00:00:00+09:00,113330.61017007743,114155.43266039823,111845.9296875,111845.9296875,27290,0.0,0.0
2021-12-21 00:00:00+09:00,112670.74573863637,113165.63920454546,111680.95880681818,112505.78125,21730,0.0,0.0
2021-12-22 00:00:00+09:00,112835.71667588496,113495.57466814159,111516.00069137168,111845.9296875,16960,0.0,0.0
2021-12-23 00:00:00+09:00,112175.85227272728,113000.67471590909,112175.85227272728,112505.78125,13165,0.0,0.0
2021-12-24 00:00:00+09:00,113330.60440652413,113330.60440652413,112505.78195815059,112835.7109375,10020,0.0,0.0
2021-12-27 00:00:00+09:00,113495.55598384728,113495.55598384728,112175.84021659323,112340.8046875,8280,0.0,0.0
2021-12-28 00:00:00+09:00,113165.6328125,113495.56177113703,112505.77489522596,113165.6328125,9840,0.0,0.0
2021-12-29 00:00:00+09:00,113475.8628600443,114315.18137232274,113140.13545513294,113643.7265625,14540,2369.6,0.0
2021-12-30 00:00:00+09:00,113643.7177005597,113643.7177005597,112468.671875,112468.671875,16600,0.0,0.0
2022-01-04 00:00:00+09:00,113140.1214942422,113475.8488577266,111461.4846768202,112972.2578125,19730,0.0,0.0
2022-01-05 00:00:00+09:00,113643.72460642911,113643.72460642911,111293.6328125,111293.6328125,29955,0.0,0.0
2022-01-06 00:00:00+09:00,111461.5,111965.09111445783,110622.1814759036,111461.5,19585,0.0,0.0
2022-01-07 00:00:00+09:00,109111.39205611862,112804.39301801802,108943.5283760323,111797.2109375,40045,0.0,0.0
2022-01-11 00:00:00+09:00,111797.2239111991,112468.67870946456,110957.90541336726,111293.6328125,18725,0.0,0.0
2022-01-12 00:00:00+09:00,111125.75810357675,113140.12229880775,111125.75810357675,112636.53125,21560,0.0,0.0
2022-01-13 00:00:00+09:00,113307.98517598439,113643.71253946879,111629.3483585624,112972.2578125,43335,0.0,0.0
2022-01-14 00:00:00+09:00,111965.07461758635,112972.25669810436,111629.34725741367,111797.2109375,62080,0.0,0.0
2022-01-17 00:00:00+09:00,111461.48357732734,112468.66565784535,111461.48357732734,111797.2109375,26285,0.0,0.0
2022-01-18 00:00:00+09:00,111125.75670324427,111629.34774570611,109950.7109375,109950.7109375,28160,0.0,0.0
2022-01-19 00:00:00+09:00,110790.03616898147,110957.8998601466,107264.89865451389,108775.671875,95380,0.0,0.0
2022-01-20 00:00:00+09:00,108775.66866028709,108943.53234649124,105250.53125,105250.53125,128280,0.0,0.0
2022-01-21 00:00:00+09:00,104411.20886479592,107936.34614158163,102396.84470663265,106929.1640625,87340,0.0,0.0
2022-01-24 00:00:00+09:00,106929.17046875,109950.71688701923,106089.85201923076,109111.3984375,44350,0.0,0.0
2022-01-25 00:00:00+09:00,108272.07893905521,109111.39738044325,106929.16943283437,107936.3515625,36220,0.0,0.0
2022-01-26 00:00:00+09:00,108775.6570239938,108943.52069224071,107264.88400977167,108439.9296875,26525,0.0,0.0
2022-01-27 00:00:00+09:00,109447.13129699249,111629.359375,108104.22171052631,111629.359375,65215,0.0,0.0
2022-01-28 00:00:00+09:00,111125.76911293363,111965.08761076545,109782.8595164027,111293.6328125,35805,0.0,0.0
2022-01-31 00:00:00+09:00,111629.36370481928,112972.2733433735,111293.63629518072,111461.5,36365,0.0,0.0
2022-02-01 00:00:00+09:00,111965.08560044298,112300.81299354776,108104.22057973806,108943.5390625,36310,0.0,0.0
2022-02-02 00:00:00+09:00,108775.67352484472,109614.99199340062,108104.21875,108104.21875,23910,0.0,0.0
2022-02-03 00:00:00+09:00,108104.22041015625,109111.40258789062,107264.90192871094,107432.765625,25375,0.0,0.0
2022-02-04 00:00:00+09:00,108439.9339874031,109614.9797117248,108272.0703125,108272.0703125,27150,0.0,0.0
2022-02-07 00:00:00+09:00,107936.33441605486,109111.38004733383,107432.74343122101,108607.7890625,19055,0.0,0.0
2022-02-08 00:00:00+09:00,108943.52625593354,109614.98096321202,106089.84375,106089.84375,21860,0.0,0.0
2022-02-09 00:00:00+09:00,106761.30758101851,109279.26294849536,106425.58019868827,108775.671875,27330,0.0,0.0
2022-02-10 00:00:00+09:00,109279.2718373494,111461.5,109111.40813253012,111461.5,42960,0.0,0.0
2022-02-14 00:00:00+09:00,109950.69835539025,110454.2893402241,108439.92540088871,108607.7890625,22095,0.0,0.0
2022-02-15 00:00:00+09:00,109279.27068661973,110118.58920187794,107264.90625,107264.90625,34775,0.0,0.0
2022-02-16 00:00:00+09:00,107600.62785939893,109782.85588150843,107097.03677737367,109614.9921875,18280,0.0,0.0
2022-02-17 00:00:00+09:00,109950.71254560292,109950.71254560292,108272.07571284562,109279.2578125,19420,0.0,0.0
2022-02-18 00:00:00+09:00,108775.66676267282,109782.84886232718,108439.93939612135,109279.2578125,14810,0.0,0.0
2022-02-21 00:00:00+09:00,109279.26212740384,109782.85319711539,108607.80736778845,109111.3984375,10000,0.0,0.0
2022-02-22 00:00:00+09:00,108272.06173927743,109111.38004733383,107432.74343122101,108607.7890625,24885,0.0,0.0
2022-02-24 00:00:00+09:00,110286.42567861282,111125.74398666923,107432.74343122101,108607.7890625,47950,0.0,0.0
2022-02-25 00:00:00+09:00,107936.35100105123,109950.71524990443,107936.35100105123,109782.8515625,24745,0.0,0.0
2022-02-28 00:00:00+09:00,109782.85771276595,110957.90359042553,109111.4029255319,110454.3125,23115,0.0,0.0
2022-03-01 00:00:00+09:00,109614.9921875,111293.62912758422,109447.12849349157,109614.9921875,16180,0.0,0.0
2022-03-02 00:00:00+09:00,109279.26662234042,110622.1761968085,108775.6755319149,110454.3125,12810,0.0,0.0
2022-03-03 00:00:00+09:00,110454.31233147149,110454.31233147149,108943.5390625,108943.5390625,14645,0.0,0.0
2022-03-04 00:00:00+09:00,109614.98706650153,110286.44181116617,108272.07757717225,110118.578125,26865,0.0,0.0
2022-03-07 00:00:00+09:00,109950.71524990443,110622.16999952217,108775.6694380734,109782.8515625,21655,0.0,0.0
2022-03-08 00:00:00+09:00,109782.8556871118,110286.44676824534,108104.21875,108104.21875,18750,0.0,0.0
2022-03-09 00:00:00+09:00,108439.93522547468,109111.38993275315,106089.84375,106089.84375,31630,0.0,0.0
2022-03-10 00:00:00+09:00,107432.762345679,109614.99033082562,107432.762345679,108775.671875,18440,0.0,0.0
2022-03-11 00:00:00+09:00,109111.39028373634,110286.43602525351,107600.6171875,107600.6171875,27305,0.0,0.0
2022-03-14 00:00:00+09:00,107768.4808648596,108775.66292901715,107600.6171875,107600.6171875,11175,0.0,0.0
2022-03-15 00:00:00+09:00,108104.22124804075,108439.948643221,106425.58427213949,107097.0390625,22765,0.0,0.0
2022-03-16 00:00:00+09:00,107097.02571414878,109950.70821750384,107097.02571414878,109447.1171875,26980,0.0,0.0
2022-03-17 00:00:00+09:00,109782.85075266768,110622.16918349848,109447.12338033537,110118.578125,15390,0.0,0.0
2022-03-18 00:00:00+09:00,110454.31167140152,111461.49384469698,110118.58428030304,110790.0390625,39885,0.0,0.0
2022-03-22 00:00:00+09:00,109614.99353567477,113811.5859375,109111.40244745575,113811.5859375,33560,0.0,0.0
2022-03-23 00:00:00+09:00,113979.43990295319,114147.30358469539,111797.2120403046,112972.2578125,15125,0.0,0.0
2022-03-24 00:00:00+09:00,112804.40376106194,113811.5859375,110957.90310425885,113811.5859375,31930,0.0,0.0
2022-03-25 00:00:00+09:00,113811.58576233184,113811.58576233184,112300.8125,112300.8125,18165,0.0,0.0
2022-03-28 00:00:00+09:00,113643.72059429986,114650.90275614003,113140.12951337977,114483.0390625,18405,0.0,0.0
2022-03-29 00:00:00+09:00,115154.48312321174,117336.7109375,114986.61944518956,117336.7109375,35440,0.0,0.0
2022-03-30 00:00:00+09:00,119015.34818995275,119015.34818995275,113811.57415061773,115490.2109375,27995,0.0,0.0
2022-03-31 00:00:00+09:00,116329.53556268064,117168.85400108382,115490.21712427746,116161.671875,25305,0.0,0.0
2022-04-01 00:00:00+09:00,117168.83670079023,117336.70036368535,114483.0180944684,116833.109375,30475,0.0,0.0
2022-04-04 00:00:00+09:00,118008.18564042091,118008.18564042091,113475.86556603774,115658.09375,25025,0.0,0.0
2022-04-05 00:00:00+09:00,115658.06402828467,115658.06402828467,113811.56373175183,114986.609375,18225,0.0,0.0
2022-04-06 00:00:00+09:00,114483.026590319,114818.75394102375,112804.38983679526,113140.1171875,22055,0.0,0.0
2022-04-07 00:00:00+09:00,113475.85854535397,113811.5859375,112804.40376106194,113811.5859375,20450,0.0,0.0
2022-04-08 00:00:00+09:00,113811.58830599546,113979.45200556183,111293.6328125,111293.6328125,22665,0.0,0.0
2022-04-11 00:00:00+09:00,111293.62524414062,113307.98950195312,111293.62524414062,112804.3984375,12890,0.0,0.0
2022-04-12 00:00:00+09:00,112804.39301801802,113643.7114184497,111461.48357732734,111797.2109375,14985,0.0,0.0
2022-04-13 00:00:00+09:00,112804.40358744394,112972.2672832586,111629.3577167414,112300.8125,17525,0.0,0.0
2022-04-14 00:00:00+09:00,112300.80229166667,113307.984375,112132.93861111111,113307.984375,19685,0.0,0.0
2022-04-15 00:00:00+09:00,112636.54351527983,113979.453125,112636.54351527983,113979.453125,11095,0.0,0.0
2022-04-18 00:00:00+09:00,113643.72141544118,114315.17619485293,113140.13033088236,114147.3125,8875,0.0,0.0
2022-04-19 00:00:00+09:00,113307.98086285238,114147.29923961425,112804.38983679526,113140.1171875,29690,0.0,0.0
2022-04-20 00:00:00+09:00,112972.2570138889,113307.984375,112132.93861111111,113307.984375,21120,0.0,0.0
2022-04-21 00:00:00+09:00,113140.13033088236,114986.6309742647,113140.13033088236,114147.3125,16325,0.0,0.0
2022-04-22 00:00:00+09:00,114147.31085526316,114986.62931743421,113307.9923930921,114818.765625,13520,0.0,0.0
2022-04-25 00:00:00+09:00,113811.58511029411,114986.6309742647,113140.13033088236,114147.3125,12005,0.0,0.0
2022-04-26 00:00:00+09:00,114315.15625,115993.79290565346,113979.42891886932,114315.15625,32985,0.0,0.0
2022-04-27 00:00:00+09:00,114147.29455174928,115490.20389941691,113643.70354637392,115154.4765625,14675,0.0,0.0
2022-04-28 00:00:00+09:00,114986.61761637613,115322.34496708086,113140.1171875,113140.1171875,28565,0.0,0.0
2022-05-02 00:00:00+09:00,112132.9489767699,114818.76811393804,112132.9489767699,113811.5859375,21440,0.0,0.0
2022-05-06 00:00:00+09:00,114147.2980349345,115322.34375,113643.70701419214,115322.34375,26455,0.0,0.0
2022-05-09 00:00:00+09:00,114147.29844674557,114986.61681767752,113475.84375000001,113475.84375,23085,0.0,0.0
2022-05-10 00:00:00+09:00,113811.5859375,114147.31332964601,112636.54006498893,113811.5859375,31520,0.0,0.0
2022-05-11 00:00:00+09:00,113811.5786637931,114818.76077586207,110957.89601293103,111965.078125,40905,0.0,0.0
2022-05-12 00:00:00+09:00,111965.07146003339,114986.61761637613,111797.20778468101,113140.1171875,30800,0.0,0.0
2022-05-13 00:00:00+09:00,113475.85772058823,115154.49466911764,112972.26663602941,114147.3125,24710,0.0,0.0
2022-05-16 00:00:00+09:00,114986.61289404155,116161.65857325074,114147.29455174928,115154.4765625,23820,0.0,0.0
2022-05-17 00:00:00+09:00,115154.4765625,115490.20389941691,114315.15822020773,115154.4765625,8405,0.0,0.0
2022-05-18 00:00:00+09:00,115490.20900439238,115993.80003202782,114650.890625,114650.890625,20320,0.0,0.0
2022-05-19 00:00:00+09:00,113979.45668541365,115993.82116291727,113979.45668541365,115658.09375,15485,0.0,0.0
2022-05-20 00:00:00+09:00,116161.66171203439,117168.84375,115825.93436604584,117168.84375,28550,0.0,0.0
2022-05-23 00:00:00+09:00,117168.86549590457,117840.3203125,117001.0017917557,117840.3203125,19025,0.0,0.0
2022-05-24 00:00:00+09:00,118008.17598980879,118008.17598980879,115658.08429157647,116329.5390625,18455,0.0,0.0
2022-05-25 00:00:00+09:00,117001.00095436789,118176.046875,116833.13725142044,118176.046875,21680,0.0,0.0
2022-05-26 00:00:00+09:00,117504.57267651298,117840.30002701729,115658.0722487392,116497.390625,23475,0.0,0.0
2022-05-27 00:00:00+09:00,115825.93941097123,117504.57621402878,115490.21205035971,116665.2578125,33220,0.0,0.0
2022-05-30 00:00:00+09:00,118008.1656495887,118176.02932761089,117168.84725947783,117336.7109375,19530,0.0,0.0
2022-05-31 00:00:00+09:00,117672.44180803571,118008.16917410714,116833.12339285715,117504.578125,70315,0.0,0.0
2022-06-01 00:00:00+09:00,118511.75971343178,119351.078125,117336.71393723629,119351.078125,23725,0.0,0.0
2022-06-02 00:00:00+09:00,118679.62180944056,120022.53125,118008.16708916084,120022.53125,24860,0.0,0.0
2022-06-03 00:00:00+09:00,120693.98403389084,120693.98403389084,118847.48358274647,119183.2109375,21405,0.0,0.0
2022-06-06 00:00:00+09:00,119351.08081670168,120190.39924719887,119183.21713060225,119854.671875,19120,0.0,0.0
2022-06-07 00:00:00+09:00,120358.265625,120861.85669456067,119183.2197960251,120358.265625,16275,0.0,0.0
2022-06-08 00:00:00+09:00,119854.67721354167,121365.45045572917,119518.94982638888,120861.859375,16570,0.0,0.0
2022-06-09 00:00:00+09:00,121029.71793957468,121365.4453125,120526.12688018671,121365.4453125,13345,0.0,0.0
2022-06-10 00:00:00+09:00,121197.57187935237,121701.16289824164,120526.1171875,120526.1171875,21235,0.0,0.0
2022-06-13 00:00:00+09:00,119854.68052141854,120022.54421962782,118679.63463395365,119518.953125,19920,0.0,0.0
2022-06-14 00:00:00+09:00,118679.62197616907,118847.48565647482,115825.93941097123,116665.2578125,47905,0.0,0.0
2022-06-15 00:00:00+09:00,116665.25881082838,117672.44090128157,112972.2578125,112972.2578125,57590,0.0,0.0
2022-06-16 00:00:00+09:00,113811.5718889095,115658.07231778561,113140.1171875,113140.1171875,34825,0.0,0.0
2022-06-17 00:00:00+09:00,111629.3491523845,113643.7133476155,110957.89442064083,112636.53125,51915,0.0,0.0
2022-06-20 00:00:00+09:00,112468.67269367515,112804.40007485029,110957.89947838697,112132.9453125,35450,0.0,0.0
2022-06-21 00:00:00+09:00,112972.24692547724,114650.88358113069,112972.24692547724,114315.15625,21615,0.0,0.0
2022-06-22 00:00:00+09:00,114986.62281110283,115322.35017697467,112636.53125,112636.53125,29135,0.0,0.0
2022-06-23 00:00:00+09:00,113140.12069444444,114483.03013888889,112804.39333333334,113307.984375,27415,0.0,0.0
2022-06-24 00:00:00+09:00,113811.58942378499,114483.04422864507,113140.1346189249,113979.453125,21245,0.0,0.0
2022-06-27 00:00:00+09:00,114986.63014342009,115154.49383706012,113979.44798157991,114483.0390625,22780,0.0,0.0
2022-06-28 00:00:00+09:00,113979.43396310888,117336.70742299427,113979.43396310888,117168.84375,34125,0.0,0.0
2022-06-29 00:00:00+09:00,116223.32301594575,116736.828125,115538.64953720674,116736.828125,25305,2695.2,0.0
2022-06-30 00:00:00+09:00,117421.48818879438,117592.65653892382,115709.8046875,115709.8046875,18050,0.0,0.0
2022-07-01 00:00:00+09:00,116394.47808801776,116394.47808801776,114511.62623659393,115709.8046875,20765,0.0,0.0
2022-07-04 00:00:00+09:00,117079.15547558309,117421.4921875,115709.80862791545,117421.4921875,17660,0.0,0.0
2022-07-05 00:00:00+09:00,117250.32383154155,117421.4921875,116565.65040770773,117421.4921875,16385,0.0,0.0
2022-07-06 00:00:00+09:00,117763.83560382915,117935.0039695324,116223.3203125,116223.3203125,18100,0.0,0.0
2022-07-07 00:00:00+09:00,117421.48866332117,118448.49876824817,116736.8152600365,117250.3203125,27875,0.0,0.0
2022-07-08 00:00:00+09:00,117250.33485435104,117250.33485435104,116052.15625,116052.15625,18430,0.0,0.0
2022-07-11 00:00:00+09:00,116736.82574037064,117763.8359375,116736.82574037064,117763.8359375,10505,0.0,0.0
2022-07-12 00:00:00+09:00,117592.67106993831,118106.17618378083,116907.99758481495,117935.0078125,16600,0.0,0.0
2022-07-13 00:00:00+09:00,118106.16914574236,118277.33750682315,117592.6640625,117592.6640625,14515,0.0,0.0
2022-07-14 00:00:00+09:00,117079.15897925764,117592.6640625,116736.82225709608,117592.6640625,8380,0.0,0.0
2022-07-15 00:00:00+09:00,117079.16648230089,117592.67159845133,115880.98787794985,116052.15625,14565,0.0,0.0
2022-07-19 00:00:00+09:00,116736.82574037064,118106.17266987645,116565.65737418241,117763.8359375,20420,0.0,0.0
2022-07-20 00:00:00+09:00,118106.16561133382,118448.50232325072,115880.9769838739,117421.4921875,23220,0.0,0.0
2022-07-21 00:00:00+09:00,117250.33432737662,118106.17618378083,116736.8292135341,117935.0078125,18635,0.0,0.0
2022-07-22 00:00:00+09:00,118106.15402747845,119133.1640625,117763.81734913793,119133.1640625,15845,0.0,0.0
2022-07-25 00:00:00+09:00,119133.18430397728,120502.53125,118962.01593572444,120502.53125,20595,0.0,0.0
2022-07-26 00:00:00+09:00,121016.03086944841,121016.03086944841,118448.50546203437,119475.515625,12870,0.0,0.0
2022-07-27 00:00:00+09:00,119475.515625,120331.35742747135,119304.34726450572,119475.515625,17500,0.0,0.0
2022-07-28 00:00:00+09:00,119475.52104048296,120502.53125,119304.35267223012,120502.53125,12715,0.0,0.0
2022-07-29 00:00:00+09:00,120844.8671875,121187.20392174221,119989.02535189448,120844.8671875,20855,0.0,0.0
2022-08-01 00:00:00+09:00,120844.86639300847,121187.203125,120160.19292902542,121187.203125,14500,0.0,0.0
2022-08-02 00:00:00+09:00,121358.36167540896,121358.36167540896,119646.67815389403,120331.3515625,15100,0.0,0.0
2022-08-03 00:00:00+09:00,119817.84650604552,120502.5199146515,119133.17309743955,120331.3515625,21135,0.0,0.0
2022-08-04 00:00:00+09:00,120160.18244680851,120844.85585106384,119817.84574468086,120673.6875,11155,0.0,0.0
2022-08-05 00:00:00+09:00,120502.51914893618,120844.85585106384,119989.01409574469,120673.6875,12175,0.0,0.0
2022-08-08 00:00:00+09:00,121016.0355546211,121016.0355546211,119817.85698477337,120844.8671875,10975,0.0,0.0
2022-08-09 00:00:00+09:00,120844.85585106384,120844.85585106384,119817.84574468086,120673.6875,18170,0.0,0.0
2022-08-10 00:00:00+09:00,120844.85661895448,121187.19332325747,119817.84650604552,120331.3515625,16635,0.0,0.0
2022-08-12 00:00:00+09:00,120844.88450409543,120844.88450409543,119989.04254585113,120160.2109375,15565,0.0,0.0
2022-08-15 00:00:00+09:00,120160.19720208627,121016.0390625,119989.02883000353,121016.0390625,10955,0.0,0.0
2022-08-16 00:00:00+09:00,119989.02826787009,119989.02826787009,117250.33432737662,117935.0078125,30120,0.0,0.0
2022-08-17 00:00:00+09:00,118106.17108471821,118448.5078125,117250.32926526373,118448.5078125,15950,0.0,0.0
2022-08-18 00:00:00+09:00,118790.85424139167,119475.52775286944,118106.18072991392,119304.359375,13405,0.0,0.0
2022-08-19 00:00:00+09:00,119475.51484374999,119817.8515625,118962.009765625,119817.8515625,12415,0.0,0.0
2022-08-22 00:00:00+09:00,119133.17890401145,119817.85234598853,118790.84218302292,119475.515625,10510,0.0,0.0
2022-08-23 00:00:00+09:00,119133.17931222708,119133.17931222708,117592.6640625,117592.6640625,16620,0.0,0.0
2022-08-24 00:00:00+09:00,117250.32383154155,118448.50232325072,117250.32383154155,117421.4921875,17110,0.0,0.0
2022-08-25 00:00:00+09:00,117935.0078125,118448.51292634252,117592.67106993831,117935.0078125,12645,0.0,0.0
2022-08-26 00:00:00+09:00,117763.83086107092,118277.3359375,117592.66250226121,118277.3359375,10655,0.0,0.0
2022-08-29 00:00:00+09:00,117250.33083893532,118277.34103606468,116907.99410655886,117763.8359375,20560,0.0,0.0
2022-08-30 00:00:00+09:00,118277.3371015401,119475.515625,118106.16874104584,119475.515625,16215,0.0,0.0
2022-08-31 00:00:00+09:00,119475.50934347983,119646.67769497479,117934.99418002521,118790.8359375,24200,0.0,0.0
2022-09-01 00:00:00+09:00,118962.01450081759,118962.01450081759,117421.49920512355,117763.8359375,18240,0.0,0.0
2022-09-02 00:00:00+09:00,118448.49876824817,118448.49876824817,117250.3203125,117250.3203125,10960,0.0,0.0
2022-09-05 00:00:00+09:00,117421.4921875,118106.16561133382,117421.4921875,117421.4921875,8825,0.0,0.0
2022-09-06 00:00:00+09:00,118106.1745806277,118790.84805645743,117592.6694737554,118619.6796875,9290,0.0,0.0
2022-09-07 00:00:00+09:00,118448.5078125,118962.01290417269,118277.33944860911,118448.5078125,14260,0.0,0.0
2022-09-08 00:00:00+09:00,118619.67067920919,118619.67067920919,117079.15547558309,117421.4921875,13645,0.0,0.0
2022-09-09 00:00:00+09:00,116394.48008443466,117250.32184976139,116223.31173136931,116565.6484375,33415,0.0,0.0
2022-09-12 00:00:00+09:00,116736.83676470589,117079.17352941177,116052.16323529412,116394.5,18960,0.0,0.0
2022-09-13 00:00:00+09:00,116394.47808801776,116736.81478827664,115367.46798724112,115709.8046875,23165,0.0,0.0
2022-09-14 00:00:00+09:00,115196.31330337183,115880.9867851155,114682.80819206408,114853.9765625,20315,0.0,0.0
2022-09-15 00:00:00+09:00,115025.1484375,115538.65356445312,114511.64331054688,115025.1484375,22010,0.0,0.0
2022-09-16 00:00:00+09:00,114853.96293685281,115880.97303762945,114682.79458672338,115709.8046875,32565,0.0,0.0
2022-09-20 00:00:00+09:00,115709.82276119402,116052.15951492537,114511.64412313432,114682.8125,24725,0.0,0.0
2022-09-21 00:00:00+09:00,114511.63871893825,114511.63871893825,113484.62850621235,113655.796875,27160,0.0,0.0
2022-09-22 00:00:00+09:00,113998.12193991098,115709.80545252225,113313.44853486646,115367.46875,23965,0.0,0.0
2022-09-26 00:00:00+09:00,114340.47633725342,114511.6447150038,112799.9609375,112799.9609375,26595,0.0,0.0
2022-09-27 00:00:00+09:00,111772.93947149295,112628.7812744906,109205.4140625,109205.4140625,59675,0.0,0.0
2022-09-28 00:00:00+09:00,109890.08909207414,110574.7625443612,106809.05855678234,108520.7421875,55815,0.0,0.0
2022-09-29 00:00:00+09:00,110232.42857142857,110574.76530612244,108520.74489795917,109034.25,31335,0.0,0.0
2022-09-30 00:00:00+09:00,107836.06795400943,109547.75157232705,107151.3945066824,108863.078125,38660,0.0,0.0
2022-10-03 00:00:00+09:00,110403.5859375,110745.92263808139,108691.90243459302,110403.5859375,23990,0.0,0.0
2022-10-04 00:00:00+09:00,111430.6015625,111772.93828004992,110745.92812740016,111430.6015625,28305,0.0,0.0
2022-10-05 00:00:00+09:00,111430.59727281441,112286.43903374232,110917.09221625766,111601.765625,20985,0.0,0.0
2022-10-06 00:00:00+09:00,111601.77423076924,111944.11096153846,110574.76403846155,111259.4375,22770,0.0,0.0
2022-10-07 00:00:00+09:00,109890.08474409448,110232.4214566929,108691.90625,108691.90625,22695,0.0,0.0
2022-10-11 00:00:00+09:00,107493.72852488152,108863.07538507109,106980.22345231043,108349.5703125,26830,0.0,0.0
2022-10-12 00:00:00+09:00,108691.9070275474,109547.74881516588,108349.5703125,108349.5703125,24000,0.0,0.0
2022-10-13 00:00:00+09:00,106637.886330629,107664.89647185497,106466.71797375802,106809.0546875,26755,0.0,0.0
2022-10-14 00:00:00+09:00,107664.9000125,108178.4051,106980.2265625,106980.2265625,23910,0.0,0.0
2022-10-17 00:00:00+09:00,106466.721475,107493.73165,106295.5531125,106980.2265625,23325,0.0,0.0
2022-10-18 00:00:00+09:00,108520.74811208267,108691.9164844992,106466.72764308426,107664.90625,21405,0.0,0.0
2022-10-19 00:00:00+09:00,107322.5569897343,107493.72534219001,106295.546875,106295.546875,19625,0.0,0.0
2022-10-20 00:00:00+09:00,105782.0625,106466.73604368932,105097.38895631068,105782.0625,25100,0.0,0.0
2022-10-21 00:00:00+09:00,105268.54495389345,105782.05005122951,103728.02966188524,104412.703125,36265,0.0,0.0
2022-10-24 00:00:00+09:00,105097.38011456629,105782.05360065466,104412.7066284779,104583.875,21340,0.0,0.0
2022-10-25 00:00:00+09:00,104412.69693490416,107151.390625,104241.52857927316,107151.390625,25420,0.0,0.0
2022-10-26 00:00:00+09:00,107493.73607388974,112457.61879067765,107493.73607388974,111772.9453125,62130,0.0,0.0
2022-10-27 00:00:00+09:00,112457.61988636364,113142.29337121212,111430.6096590909,112971.125,45170,0.0,0.0
2022-10-28 00:00:00+09:00,111944.10858898629,112799.95039777059,111088.26678020199,112286.4453125,33670,0.0,0.0
2022-10-31 00:00:00+09:00,112457.62336894855,113826.97038105143,111772.94986289712,113142.296875,31545,0.0,0.0
2022-11-01 00:00:00+09:00,113826.97142823727,114511.64494058758,111772.95089118638,114340.4765625,32655,0.0,0.0
2022-11-02 00:00:00+09:00,113826.96136754588,113998.12973050459,110745.930834289,111944.109375,23970,0.0,0.0
2022-11-04 00:00:00+09:00,110232.4175872093,111601.76438953489,110232.4175872093,110403.5859375,27660,0.0,0.0
2022-11-07 00:00:00+09:00,110745.93479473991,111259.43990197981,109890.09294934006,110232.4296875,13920,0.0,0.0
2022-11-08 00:00:00+09:00,110574.765625,111772.94419988389,110574.765625,110574.765625,15345,0.0,0.0
2022-11-09 00:00:00+09:00,111430.60666232639,111601.7750289352,110745.93319589121,110917.1015625,12640,0.0,0.0
2022-11-10 00:00:00+09:00,111088.25654692369,111430.59323890187,109547.74143302182,109890.078125,16660,0.0,0.0
2022-11-11 00:00:00+09:00,112971.12580737083,113826.96766954788,112286.45231762918,112628.7890625,26475,0.0,0.0
2022-11-14 00:00:00+09:00,112628.77371522412,112628.77371522412,110574.75352588872,110745.921875,21755,0.0,0.0
2022-11-15 00:00:00+09:00,110574.76804199218,111259.44152832031,109547.7578125,109547.7578125,24475,0.0,0.0
2022-11-16 00:00:00+09:00,110061.26020408163,110574.76530612244,108863.08163265306,109034.25,18975,0.0,0.0
2022-11-17 00:00:00+09:00,109376.5859375,109890.09103579812,108863.08083920188,109376.5859375,14655,0.0,0.0
2022-11-18 00:00:00+09:00,109547.74803149606,109718.91638779527,108691.90625,108691.90625,14505,0.0,0.0
2022-11-21 00:00:00+09:00,108863.07891364353,109718.92072900238,108520.7421875,108520.7421875,20975,0.0,0.0
2022-11-22 00:00:00+09:00,109034.24296259842,109376.57967519684,108520.73789370077,108691.90625,16465,0.0,0.0
2022-11-24 00:00:00+09:00,109034.24648683176,109547.75157232705,108520.74140133648,108863.078125,17985,0.0,0.0
2022-11-25 00:00:00+09:00,108863.07891364353,109205.41563978707,108349.57382442824,108520.7421875,20405,0.0,0.0
2022-11-28 00:00:00+09:00,108691.9070275474,109376.58045764218,108178.4019549763,108349.5703125,27950,0.0,0.0
2022-11-29 00:00:00+09:00,109034.24648683176,109547.75157232705,108691.90976316824,108863.078125,23690,0.0,0.0
2022-11-30 00:00:00+09:00,109376.58944091796,110403.59967041016,108863.08432617187,109547.7578125,44050,0.0,0.0
2022-12-01 00:00:00+09:00,109718.93111813297,110403.6046352508,107322.57380822055,107493.7421875,33065,0.0,0.0
2022-12-02 00:00:00+09:00,108007.24271673388,108007.24271673388,105953.2222530242,106124.390625,29350,0.0,0.0
2022-12-05 00:00:00+09:00,106466.71522745572,106637.88357991143,105782.04181763284,106295.546875,24055,0.0,0.0
2022-12-06 00:00:00+09:00,106637.8898375,106980.2265625,106124.38475,106980.2265625,18060,0.0,0.0
2022-12-07 00:00:00+09:00,107151.39455661527,107151.39455661527,105439.7109375,105439.7109375,31380,0.0,0.0
2022-12-08 00:00:00+09:00,105439.71444489465,106124.38791531604,104755.04097447326,105610.8828125,23915,0.0,0.0
2022-12-09 00:00:00+09:00,105439.71524390244,105953.22035060976,105097.37850609756,105268.546875,22650,0.0,0.0
2022-12-12 00:00:00+09:00,105268.546875,105610.88361280489,104755.04176829268,105268.546875,16725,0.0,0.0
2022-12-13 00:00:00+09:00,105610.88522913256,105782.05360065466,104583.875,104583.875,16150,0.0,0.0
2022-12-14 00:00:00+09:00,104926.20585176542,105439.7109375,104412.70076603084,105439.7109375,24235,0.0,0.0
2022-12-15 00:00:00+09:00,105439.72142568658,105953.2265625,105097.38466781098,105953.2265625,17910,0.0,0.0
2022-12-16 00:00:00+09:00,105953.22252583466,107836.07462241653,105439.71740858506,107664.90625,39320,0.0,0.0
2022-12-19 00:00:00+09:00,107151.40085685485,107151.40085685485,105782.05388104838,106124.390625,24115,0.0,0.0
2022-12-20 00:00:00+09:00,106124.3828125,106466.71953125,98935.31171874999,99277.6484375,66025,0.0,0.0
2022-12-21 00:00:00+09:00,100304.66675509338,101845.18211481324,99962.33000848896,100818.171875,45040,0.0,0.0
2022-12-22 00:00:00+09:00,100989.33470667497,103385.69180140963,100989.33470667497,103214.5234375,29355,0.0,0.0
2022-12-23 00:00:00+09:00,103043.34958647404,103043.34958647404,101331.66603852596,102187.5078125,19540,0.0,0.0
2022-12-26 00:00:00+09:00,102529.84998186152,103385.69180140963,101845.17652622306,103214.5234375,20210,0.0,0.0
2022-12-27 00:00:00+09:00,103043.35507359038,103214.5234375,102358.68161795191,103214.5234375,12945,0.0,0.0
2022-12-28 00:00:00+09:00,102872.19715604374,103728.0390625,102872.19715604374,103728.0390625,19815,0.0,0.0
2022-12-29 00:00:00+09:00,104164.23320048564,104164.23320048564,102768.39757970862,103291.8359375,14025,2300.0,0.0
2022-12-30 00:00:00+09:00,104164.22907366071,104338.70851934524,102593.9140625,102593.9140625,14275,0.0,0.0
2023-01-04 00:00:00+09:00,102593.9140625,103291.83184523809,101895.99627976191,102593.9140625,12060,0.0,0.0
2023-01-05 00:00:00+09:00,102942.87963657804,103291.83855060034,100674.6466954331,101721.5234375,27240,0.0,0.0
2023-01-06 00:00:00+09:00,101372.5625,102070.48031411359,100674.64468588641,101372.5625,22480,0.0,0.0
2023-01-10 00:00:00+09:00,101198.08506646655,102070.4823515223,101023.6056094554,101721.5234375,14875,0.0,0.0
2023-01-11 00:00:00+09:00,102244.96561960276,102419.44508311745,100849.12991148532,101023.609375,22740,0.0,0.0
2023-01-12 00:00:00+09:00,101023.59829818619,101198.07774256993,99802.2421875,99802.2421875,24395,0.0,0.0
2023-01-13 00:00:00+09:00,99976.71540967314,100325.67427672261,98755.359375,98755.359375,28475,0.0,0.0
2023-01-16 00:00:00+09:00,98580.88653074867,99802.24264705883,97708.48930481284,97882.96875,26275,0.0,0.0
2023-01-17 00:00:00+09:00,97708.49014336917,98231.92848342293,97185.05180331541,97359.53125,31055,0.0,0.0
2023-01-18 00:00:00+09:00,98057.45826948337,101372.5680686296,97882.9788063704,99627.7734375,32120,0.0,0.0
2023-01-19 00:00:00+09:00,98929.8551097973,98929.8551097973,96661.62210022523,96836.1015625,32505,0.0,0.0
2023-01-20 00:00:00+09:00,96487.13401657707,97708.49014336917,96487.13401657707,97359.53125,30215,0.0,0.0
2023-01-23 00:00:00+09:00,98231.92764037434,98406.4070855615,97010.57152406417,97882.96875,14835,0.0,0.0
2023-01-24 00:00:00+09:00,98755.3703915794,99976.7265625,98231.93203261343,99976.7265625,12155,0.0,0.0
2023-01-25 00:00:00+09:00,99976.71540967314,100325.67427672261,98755.359375,98755.359375,12095,0.0,0.0
2023-01-26 00:00:00+09:00,98580.89466168717,99627.77141915642,98580.89466168717,99278.8125,10415,0.0,0.0
2023-01-27 00:00:00+09:00,99802.2405384948,100849.1171875,99802.2405384948,100849.1171875,16115,0.0,0.0
2023-01-30 00:00:00+09:00,100849.1241394148,101721.5214070568,100674.64468588641,101372.5625,13935,0.0,0.0
2023-01-31 00:00:00+09:00,101198.08449074073,101372.56394675926,98929.8515625,98929.8515625,20560,0.0,0.0
2023-02-01 00:00:00+09:00,99976.72742598684,100151.20688048245,99278.80960800439,99453.2890625,10420,0.0,0.0
2023-02-02 00:00:00+09:00,99976.71540967314,100151.19484319788,98755.359375,98755.359375,14560,0.0,0.0
2023-02-03 00:00:00+09:00,99104.33504816113,99802.25290061296,98755.3761219352,99627.7734375,13435,0.0,0.0
2023-02-06 00:00:00+09:00,100849.12991148532,101198.08883851468,100325.69152094128,101023.609375,19765,0.0,0.0
2023-02-07 00:00:00+09:00,100674.6394094187,101023.59829818619,99453.28329873251,99802.2421875,14875,0.0,0.0
2023-02-08 00:00:00+09:00,99453.28329873251,99976.72163188375,98755.36552119756,99802.2421875,12020,0.0,0.0
2023-02-09 00:00:00+09:00,99278.81451127407,99976.73236372593,99104.33504816113,99627.7734375,16285,0.0,0.0
2023-02-10 00:00:00+09:00,99627.76851699561,99976.72742598684,99104.33015350878,99453.2890625,18950,0.0,0.0
2023-02-13 00:00:00+09:00,99453.28702684859,99802.24592869719,98580.8897722271,99104.328125,11795,0.0,0.0
2023-02-14 00:00:00+09:00,98755.3761219352,99802.25290061296,98755.3761219352,99627.7734375,8725,0.0,0.0
2023-02-15 00:00:00+09:00,99278.79558676861,99627.75444647606,98057.43957779255,98406.3984375,17685,0.0,0.0
2023-02-16 00:00:00+09:00,98755.3680339698,98929.84748279308,97708.4913410302,98231.9296875,18550,0.0,0.0
2023-02-17 00:00:00+09:00,97882.97078985345,98231.9296875,97708.4913410302,98231.9296875,18530,0.0,0.0
2023-02-20 00:00:00+09:00,98057.45023867673,98580.88858514653,97882.97078985345,98231.9296875,12330,0.0,0.0
2023-02-21 00:00:00+09:00,98057.43957779255,98755.35729720745,97882.96014793882,98406.3984375,19840,0.0,0.0
2023-02-22 00:00:00+09:00,98231.93373842593,99104.33101851851,98231.93373842593,98929.8515625,23525,0.0,0.0
2023-02-24 00:00:00+09:00,98929.8538371967,100849.12789753033,98406.41545710572,100674.6484375,36345,0.0,0.0
2023-02-27 00:00:00+09:00,101023.60824531794,101023.60824531794,99627.77255280923,100151.2109375,21260,0.0,0.0
2023-02-28 00:00:00+09:00,100151.20024456522,100500.15913043478,99453.28247282609,100325.6796875,28720,0.0,0.0
2023-03-01 00:00:00+09:00,100500.1574733096,100500.1574733096,97882.96587244218,98057.4453125,35875,0.0,0.0
2023-03-02 00:00:00+09:00,98231.9239352876,99104.32112831858,98057.4444966814,98580.8828125,17985,0.0,0.0
2023-03-03 00:00:00+09:00,99278.80960800439,99802.24797149123,98755.37124451755,99453.2890625,17545,0.0,0.0
2023-03-06 00:00:00+09:00,99802.2421875,99976.72163188375,99453.28329873251,99802.2421875,10160,0.0,0.0
2023-03-07 00:00:00+09:00,99802.24884259258,99802.24884259258,98580.89265046296,98929.8515625,13420,0.0,0.0
2023-03-08 00:00:00+09:00,99104.32112831858,99453.28000553096,97882.96505807522,98580.8828125,18785,0.0,0.0
2023-03-09 00:00:00+09:00,98580.8897722271,99627.7664777729,98580.8897722271,99104.328125,14025,0.0,0.0
2023-03-10 00:00:00+09:00,97359.52550223215,98057.44324776786,96661.60775669644,97708.484375,45615,0.0,0.0
2023-03-13 00:00:00+09:00,97359.52185837766,98406.3984375,97010.56299867021,98406.3984375,18055,0.0,0.0
2023-03-14 00:00:00+09:00,97882.97196852994,99802.24592869719,97359.53361575704,99104.328125,27500,0.0,0.0
2023-03-15 00:00:00+09:00,99278.79930245536,99627.75817522322,97708.484375,97708.484375,38370,0.0,0.0
2023-03-16 00:00:00+09:00,97359.53994932433,98057.45779842342,96312.66317567568,96836.1015625,34775,0.0,0.0
2023-03-17 00:00:00+09:00,96836.1015625,98057.45779842342,96312.66317567568,96836.1015625,37515,0.0,0.0
2023-03-20 00:00:00+09:00,96487.1237026688,97534.00027087136,95440.24713446625,95614.7265625,29250,0.0,0.0
2023-03-22 00:00:00+09:00,95614.73355263157,96487.13075657895,95440.2541118421,96138.171875,28525,0.0,0.0
2023-03-23 00:00:00+09:00,95963.68541856752,96312.64427463504,95440.24713446625,95614.7265625,21205,0.0,0.0
2023-03-24 00:00:00+09:00,96138.171875,96487.13075657895,95440.2541118421,96138.171875,17385,0.0,0.0
2023-03-27 00:00:00+09:00,96836.08546617915,97010.56489945155,95265.7705667276,95440.25,19340,0.0,0.0
2023-03-28 00:00:00+09:00,95614.73845108695,96487.13569972826,95091.30010190218,96312.65625,17315,0.0,0.0
2023-03-29 00:00:00+09:00,96138.17105708484,96836.08881430505,95789.21217847473,96661.609375,14190,0.0,0.0
2023-03-30 00:00:00+09:00,97010.56825361011,97359.52713222022,96138.17105708484,96661.609375,19400,0.0,0.0
2023-03-31 00:00:00+09:00,97359.52796052632,97359.52796052632,95440.2541118421,96138.171875,23750,0.0,0.0
2023-04-03 00:00:00+09:00,96661.61464809059,98929.84748279308,96138.17630162078,98231.9296875,42835,0.0,0.0
2023-04-04 00:00:00+09:00,98929.85069901316,99802.24797149123,97534.01506304825,99453.2890625,34840,0.0,0.0
2023-04-05 00:00:00+09:00,99453.27873883929,99627.75817522322,97534.00493861607,97708.484375,23725,0.0,0.0
2023-04-06 00:00:00+09:00,98057.44613707514,98057.44613707514,97359.52837097496,97534.0078125,13465,0.0,0.0
2023-04-07 00:00:00+09:00,98057.45779842342,98057.45779842342,96487.14263795046,96836.1015625,15215,0.0,0.0
2023-04-10 00:00:00+09:00,97185.046875,97534.00575067326,96487.1291236535,97185.046875,14935,0.0,0.0
2023-04-11 00:00:00+09:00,97010.56825361011,97534.00657152527,96312.65049638989,96661.609375,17215,0.0,0.0
2023-04-12 00:00:00+09:00,96836.08255873632,96836.08255873632,95265.76770643248,95614.7265625,23580,0.0,0.0
2023-04-13 00:00:00+09:00,95440.25,95963.68829981718,95265.7705667276,95440.25,21890,0.0,0.0
2023-04-14 00:00:00+09:00,96312.65625,96661.61514945651,95265.77955163043,96312.65625,20545,0.0,0.0
2023-04-17 00:00:00+09:00,96312.66317567568,96836.1015625,95963.70425112612,96836.1015625,16025,0.0,0.0
2023-04-18 00:00:00+09:00,97185.04769291516,97534.00657152527,96487.12993569495,96661.609375,13785,0.0,0.0
2023-04-19 00:00:00+09:00,96661.60775669644,97882.96381138393,96312.64888392857,97708.484375,13945,0.0,0.0
2023-04-20 00:00:00+09:00,97534.0007868705,97534.0007868705,96312.64478417266,97010.5625,14880,0.0,0.0
2023-04-21 00:00:00+09:00,96836.08307104316,97185.04192895684,96312.64478417266,97010.5625,14405,0.0,0.0
2023-04-24 00:00:00+09:00,96487.13075657895,97010.56907894737,96138.171875,96138.171875,15045,0.0,0.0
2023-04-25 00:00:00+09:00,96312.65172182469,97534.0078125,96312.65172182469,97534.0078125,11005,0.0,0.0
2023-04-26 00:00:00+09:00,97534.0007868705,97534.0007868705,96836.08307104316,97010.5625,19255,0.0,0.0
2023-04-27 00:00:00+09:00,97185.04192895684,97359.52135791366,96487.12421312949,97010.5625,16285,0.0,0.0
2023-04-28 00:00:00+09:00,97359.53560855263,99627.76851699561,97185.05615405702,99453.2890625,31055,0.0,0.0
2023-05-01 00:00:00+09:00,99453.27710909894,99453.27710909894,98406.40050795053,98755.359375,15465,0.0,0.0
2023-05-02 00:00:00+09:00,97534.00493861607,98406.40212053571,96661.60775669644,97708.484375,22360,0.0,0.0
2023-05-08 00:00:00+09:00,98406.40050795053,98755.359375,97882.96220737633,98755.359375,22695,0.0,0.0
2023-05-09 00:00:00+09:00,98580.88446165028,98580.88446165028,97359.52837097496,97534.0078125,26135,0.0,0.0
2023-05-10 00:00:00+09:00,97882.95912693888,97882.95912693888,95265.76770643248,95614.7265625,33665,0.0,0.0
2023-05-11 00:00:00+09:00,95963.68829981718,96138.16773308958,95265.7705667276,95440.25,19885,0.0,0.0
2023-05-12 00:00:00+09:00,95440.25,95789.2088665448,94742.33226691042,95440.25,19630,0.0,0.0
2023-05-15 00:00:00+09:00,95091.2903409091,96312.64636363636,95091.2903409091,95963.6875,22035,0.0,0.0
2023-05-16 00:00:00+09:00,95789.20599053377,95963.68541856752,95265.76770643248,95614.7265625,25030,0.0,0.0
2023-05-17 00:00:00+09:00,95789.20806818182,96312.64636363636,95440.24920454546,95963.6875,18295,0.0,0.0
2023-05-18 00:00:00+09:00,95963.69409403669,96138.17353784404,95091.296875,95091.296875,22575,0.0,0.0
2023-05-19 00:00:00+09:00,95265.78039617486,96138.17765255009,95091.30094489982,95789.21875,17965,0.0,0.0
2023-05-22 00:00:00+09:00,95614.72863636364,95963.6875,95091.2903409091,95963.6875,22465,0.0,0.0
2023-05-23 00:00:00+09:00,96138.171875,96312.65131578947,95265.77467105263,96138.171875,17900,0.0,0.0
2023-05-24 00:00:00+09:00,95614.7294332724,95963.68829981718,94916.81170018282,95440.25,26620,0.0,0.0
2023-05-25 00:00:00+09:00,95440.25951652034,95614.7389671904,94393.3828125,94393.3828125,25375,0.0,0.0
2023-05-26 00:00:00+09:00,94567.85732060185,94742.33676215277,94044.41899594908,94218.8984375,22645,0.0,0.0
2023-05-29 00:00:00+09:00,95091.296875,95265.77631880733,94393.37909977064,95091.296875,16265,0.0,0.0
2023-05-30 00:00:00+09:00,95265.78039617486,95789.21875,94916.82149362477,95789.21875,14835,0.0,0.0
2023-05-31 00:00:00+09:00,95614.73678315412,97359.53125,95091.29844310036,97359.53125,57780,0.0,0.0
2023-06-01 00:00:00+09:00,96661.60313070256,97359.52084283759,95614.7265625,95614.7265625,29705,0.0,0.0
2023-06-02 00:00:00+09:00,96138.1837134009,97010.58102477477,95614.74532657658,96836.1015625,18165,0.0,0.0
2023-06-05 00:00:00+09:00,97185.05180331541,97534.01069668459,97010.57235663083,97359.53125,18800,0.0,0.0
2023-06-06 00:00:00+09:00,97359.52550223215,97708.484375,97010.56662946429,97708.484375,17425,0.0,0.0
2023-06-07 00:00:00+09:00,97534.00575067326,98057.44406418313,97185.046875,97185.046875,32145,0.0,0.0
2023-06-08 00:00:00+09:00,97534.00575067326,97534.00575067326,96312.64968581688,97185.046875,28975,0.0,0.0
2023-06-09 00:00:00+09:00,96836.08560622792,98929.83880852474,96836.08560622792,98755.359375,32135,0.0,0.0
2023-06-12 00:00:00+09:00,98406.40419261566,98580.88363267349,97708.48643238434,98057.4453125,13470,0.0,0.0
2023-06-13 00:00:00+09:00,98580.88446165028,98755.36390317531,97359.52837097496,97534.0078125,20810,0.0,0.0
2023-06-14 00:00:00+09:00,97882.9666955501,98231.92557860019,97185.04892944991,97534.0078125,17010,0.0,0.0
2023-06-15 00:00:00+09:00,98231.91900764627,98580.87786735372,97882.96014793882,98406.3984375,24675,0.0,0.0
2023-06-16 00:00:00+09:00,98231.91900764627,98406.3984375,97185.04242852393,98406.3984375,39195,0.0,0.0
2023-06-19 00:00:00+09:00,98057.44819518717,98057.44819518717,97185.05096925134,97882.96875,17270,0.0,0.0
2023-06-20 00:00:00+09:00,97359.52550223215,97708.484375,96661.60775669644,97708.484375,19850,0.0,0.0
2023-06-21 00:00:00+09:00,97534.00618086282,98580.8828125,97010.56786504424,98580.8828125,20525,0.0,0.0
2023-06-22 00:00:00+09:00,98231.9239352876,98929.84168971238,97882.96505807522,98580.8828125,22380,0.0,0.0
2023-06-23 00:00:00+09:00,98580.87786735372,99278.79558676861,98406.3984375,98406.3984375,20405,0.0,0.0
2023-06-26 00:00:00+09:00,98755.3703915794,99976.7265625,98406.41148560209,99976.7265625,18170,0.0,0.0
2023-06-27 00:00:00+09:00,100500.17120954003,102419.4453125,99976.73281782368,102419.4453125,44695,0.0,0.0
2023-06-28 00:00:00+09:00,102942.87789155348,103640.7957077674,101896.00116723259,102768.3984375,52330,0.0,0.0
2023-06-29 00:00:00+09:00,102323.51238665803,103925.09779792746,102145.55845207254,103035.328125,38200,2300.0,0.0
2023-06-30 00:00:00+09:00,102145.56120251767,102323.51514189487,100366.02180874557,100721.9296875,41565,0.0,0.0
2023-07-03 00:00:00+09:00,102323.51449178754,104458.96175074659,101611.69873880119,104281.0078125,29870,0.0,0.0
2023-07-04 00:00:00+09:00,104281.00322164949,104814.8650128866,102857.37177835051,103569.1875,26155,0.0,0.0
2023-07-05 00:00:00+09:00,103925.09671610169,104992.8203125,103391.23491790255,104992.8203125,28375,0.0,0.0
2023-07-06 00:00:00+09:00,104103.0625,105170.78621794873,104103.0625,104103.0625,21645,0.0,0.0
2023-07-07 00:00:00+09:00,104103.05091594828,104103.05091594828,102857.3733836207,103213.28125,18480,0.0,0.0
2023-07-10 00:00:00+09:00,101967.60661529437,104458.96175074659,101967.60661529437,104281.0078125,22815,0.0,0.0
2023-07-11 00:00:00+09:00,104992.82567453625,106060.54932546374,104636.91779089376,105526.6875,18775,0.0,0.0
2023-07-12 00:00:00+09:00,105526.68425460636,106950.31574539363,104992.82244556113,106238.5,35225,0.0,0.0
2023-07-13 00:00:00+09:00,105348.73193277311,106238.50162815127,104992.82405462186,105882.59375,23730,0.0,0.0
2023-07-14 00:00:00+09:00,106594.39923442726,106950.30707828177,106060.53746864547,106416.4453125,25850,0.0,0.0
2023-07-18 00:00:00+09:00,106416.45556722689,106950.31738445378,105882.59375,105882.59375,26540,0.0,0.0
2023-07-19 00:00:00+09:00,106238.49359504132,107662.125,105526.67789256199,107662.125,29345,0.0,0.0
2023-07-20 00:00:00+09:00,108018.02650897227,109975.51957585644,108018.02650897227,109085.75,35860,0.0,0.0
2023-07-21 00:00:00+09:00,109441.6648641083,109619.6187907166,107840.07952463355,109263.7109375,26850,0.0,0.0
2023-07-24 00:00:00+09:00,109797.57975101627,110153.48762703252,108729.85612296748,109441.671875,19770,0.0,0.0
2023-07-25 00:00:00+09:00,109441.66246707861,110331.43208063209,109263.70854436791,109797.5703125,16205,0.0,0.0
2023-07-26 00:00:00+09:00,109797.5794375,111577.11881249999,109441.67156249999,111221.2109375,30125,0.0,0.0
2023-07-27 00:00:00+09:00,111755.07193490415,112466.88767971245,111399.1640625,111399.1640625,34515,0.0,0.0
2023-07-28 00:00:00+09:00,110865.29929435485,111221.20715725808,108195.99032258065,110331.4375,55605,0.0,0.0
2023-07-31 00:00:00+09:00,109975.53350461408,110509.39531774328,106060.546875,106060.546875,40285,0.0,0.0
2023-08-01 00:00:00+09:00,105704.636581803,106950.3141172788,105704.636581803,106594.40625,20395,0.0,0.0
2023-08-02 00:00:00+09:00,106238.50210834022,108373.94938689983,106060.54816846026,107484.1796875,16760,0.0,0.0
2023-08-03 00:00:00+09:00,107484.17107438017,108551.89462809918,106772.35537190083,107662.125,13975,0.0,0.0
2023-08-04 00:00:00+09:00,107484.17107438017,108195.98677685951,106772.35537190083,107662.125,19005,0.0,0.0
2023-08-07 00:00:00+09:00,108195.9905737705,109797.57596055328,108018.03664190574,108551.8984375,21060,0.0,0.0
2023-08-08 00:00:00+09:00,109085.75942358837,109085.75942358837,108018.03584032324,108729.8515625,10615,0.0,0.0
2023-08-09 00:00:00+09:00,108018.03825298109,108729.85399105675,107484.17644942434,108195.9921875,19080,0.0,0.0
2023-08-10 00:00:00+09:00,108195.99430894309,109441.671875,107662.1324949187,109441.671875,21330,0.0,0.0
2023-08-14 00:00:00+09:00,109441.66647518383,110153.48219209559,108907.8046875,108907.8046875,14680,0.0,0.0
2023-08-15 00:00:00+09:00,108018.03584032324,109263.71335413256,107840.08190977904,108729.8515625,20465,0.0,0.0
2023-08-16 00:00:00+09:00,108195.99083333333,108373.944765625,105348.72791666667,106772.359375,32545,0.0,0.0
2023-08-17 00:00:00+09:00,105882.58354671822,106950.30707828177,105704.62962479096,106416.4453125,21895,0.0,0.0
2023-08-18 00:00:00+09:00,105526.67116598887,105882.57899454195,103925.0859375,103925.0859375,23920,0.0,0.0
2023-08-21 00:00:00+09:00,103213.27028039384,104814.85550888271,103213.27028039384,103925.0859375,21475,0.0,0.0
2023-08-22 00:00:00+09:00,103569.1912531942,104992.82274808348,103569.1912531942,104458.9609375,16425,0.0,0.0
2023-08-23 00:00:00+09:00,104636.90924873737,105704.6328125,104103.04746685606,105704.6328125,17270,0.0,0.0
2023-08-24 00:00:00+09:00,105704.63981092437,106238.50162815127,105170.77799369748,105882.59375,10365,0.0,0.0
2023-08-25 00:00:00+09:00,104992.81710332491,106238.4945943813,104636.90924873737,105704.6328125,12310,0.0,0.0
2023-08-28 00:00:00+09:00,106060.5444490818,106772.3601836394,105526.68264816361,106594.40625,11635,0.0,0.0
2023-08-29 00:00:00+09:00,106238.50210834022,107840.08756725994,106238.50210834022,107484.1796875,15635,0.0,0.0
2023-08-30 00:00:00+09:00,107484.17404869066,108729.8515625,107128.26618760229,108729.8515625,18450,0.0,0.0
2023-08-31 00:00:00+09:00,109263.71793699187,109975.53368902439,108907.81006097561,109441.671875,30615,0.0,0.0
2023-09-01 00:00:00+09:00,109085.75147192029,110509.3828125,108373.93580163043,110509.3828125,19670,0.0,0.0
2023-09-04 00:00:00+09:00,111221.20797152666,111221.20797152666,109797.57650949112,110153.484375,13975,0.0,0.0
2023-09-05 00:00:00+09:00,109975.53018183625,111933.0234375,109441.66838483704,111933.0234375,15095,0.0,0.0
2023-09-06 00:00:00+09:00,112110.97114234451,112466.87898724084,111399.15545255184,111577.109375,17690,0.0,0.0
2023-09-07 00:00:00+09:00,111577.11799870207,111755.07193490415,110865.30225389377,111399.1640625,12505,0.0,0.0
2023-09-08 00:00:00+09:00,110865.29064764493,111221.19848278986,110153.47497735507,110509.3828125,26335,0.0,0.0
2023-09-11 00:00:00+09:00,110331.43940172698,110509.39333624589,107662.13038394327,108195.9921875,20885,0.0,0.0
2023-09-12 00:00:00+09:00,108018.03664190574,108551.8984375,107484.17484631148,108551.8984375,10280,0.0,0.0
2023-09-13 00:00:00+09:00,108018.04397618552,109085.76763987105,106772.36636855241,106950.3203125,12925,0.0,0.0
2023-09-14 00:00:00+09:00,107662.13038394327,108907.80792557566,107306.22251490543,108195.9921875,16530,0.0,0.0
2023-09-15 00:00:00+09:00,108195.9905737705,109085.76023309426,107306.22091444672,108551.8984375,30670,0.0,0.0
2023-09-19 00:00:00+09:00,108195.99350649351,109797.57893668831,107662.13169642858,109619.625,18195,0.0,0.0
2023-09-20 00:00:00+09:00,109263.7109375,110153.48057054152,109263.7109375,109263.7109375,13605,0.0,0.0
2023-09-21 00:00:00+09:00,109441.66972913241,109441.66972913241,108018.03825298109,108195.9921875,11030,0.0,0.0
2023-09-22 00:00:00+09:00,108018.03125,108907.80086490938,107484.16948105437,108018.03125,13550,0.0,0.0
2023-09-25 00:00:00+09:00,108373.93989789604,109263.70951938943,107840.078125,107840.078125,14165,0.0,0.0
2023-09-26 00:00:00+09:00,107840.07732701812,108551.89301894563,107662.12340403625,108018.03125,11100,0.0,0.0
2023-09-27 00:00:00+09:00,107840.078125,108551.89382219472,107306.21635210396,107840.078125,14285,0.0,0.0
2023-09-28 00:00:00+09:00,107306.221171875,108195.99083333333,106594.40544270833,106772.359375,27105,0.0,0.0
2023-09-29 00:00:00+09:00,107484.17027640264,108195.98597359736,107128.26242780528,107840.078125,25910,0.0,0.0
2023-10-02 00:00:00+09:00,107840.07994002526,108018.03386731903,105704.6328125,105704.6328125,15760,0.0,0.0
2023-10-03 00:00:00+09:00,106238.49621252112,106238.49621252112,104814.86477248733,105348.7265625,17055,0.0,0.0
2023-10-04 00:00:00+09:00,104636.92435897437,105704.64807692308,103747.1545940171,104103.0625,24925,0.0,0.0
2023-10-05 00:00:00+09:00,104281.00378066837,105704.635231599,104281.00378066837,105170.7734375,26895,0.0,0.0
2023-10-06 00:00:00+09:00,104281.01645299146,104814.87831196582,103925.10854700855,104103.0625,14585,0.0,0.0
2023-10-10 00:00:00+09:00,104636.90545415958,105526.67505836162,103925.08977079796,104814.859375,13675,0.0,0.0
2023-10-11 00:00:00+09:00,104814.86317603114,106060.54066708754,104636.90924873737,105704.6328125,10615,0.0,0.0
2023-10-12 00:00:00+09:00,105882.59538364249,106238.50326728499,105348.73355817875,105526.6875,15085,0.0,0.0
2023-10-13 00:00:00+09:00,105348.73355817875,105882.59538364249,104814.87173271501,105526.6875,21940,0.0,0.0
2023-10-16 00:00:00+09:00,105704.63384433962,105882.5877733705,103213.27883790738,103747.140625,19860,0.0,0.0
2023-10-17 00:00:00+09:00,103925.09912691652,105170.77668494463,103569.1912531942,104458.9609375,19155,0.0,0.0
2023-10-18 00:00:00+09:00,104458.9638490725,106060.54932546374,104458.9638490725,105526.6875,15995,0.0,0.0
2023-10-19 00:00:00+09:00,105348.73112416107,107128.27050125839,104814.86931103187,106060.546875,21550,0.0,0.0
2023-10-20 00:00:00+09:00,105526.68455866695,105704.63849552811,104103.05306377768,104458.9609375,16430,0.0,0.0
2023-10-23 00:00:00+09:00,105170.77424523306,106060.54390889831,104458.95851430084,104992.8203125,23640,0.0,0.0
2023-10-24 00:00:00+09:00,105704.6328125,106416.44852167508,104458.9553214436,105704.6328125,25790,0.0,0.0
2023-10-25 00:00:00+09:00,105704.62569962686,107840.0726834577,105170.76395366916,107306.2109375,25850,0.0,0.0
2023-10-26 00:00:00+09:00,106950.30310686152,107662.11876813848,105882.5796149461,107306.2109375,20565,0.0,0.0
2023-10-27 00:00:00+09:00,108373.9458434466,110331.43911812297,108195.9919093851,109975.53125,38125,0.0,0.0
2023-10-30 00:00:00+09:00,108907.79617537314,109085.75009069237,106594.39527622305,107306.2109375,20645,0.0,0.0
2023-10-31 00:00:00+09:00,107306.2155580725,108373.93909596375,106594.39986614497,108018.03125,33095,0.0,0.0
2023-11-01 00:00:00+09:00,108729.84855371901,109619.61818181818,107306.21714876033,107662.125,42125,0.0,0.0
2023-11-02 00:00:00+09:00,108373.94612201891,108907.80792557566,107484.17644942434,108195.9921875,20675,0.0,0.0
2023-11-06 00:00:00+09:00,108907.8046875,109797.5743336397,108373.94289981617,108907.8046875,19160,0.0,0.0
2023-11-07 00:00:00+09:00,108551.89285352512,109975.5242352107,107662.12323997164,109797.5703125,30970,0.0,0.0
2023-11-08 00:00:00+09:00,109797.5743336397,109797.5743336397,108551.89682904411,108907.8046875,17890,0.0,0.0
2023-11-09 00:00:00+09:00,108373.94938689983,108729.85726665976,106772.36392798013,107484.1796875,20180,0.0,0.0
2023-11-10 00:00:00+09:00,108018.03825298109,108551.90005653784,107662.13038394327,108195.9921875,17955,0.0,0.0
2023-11-13 00:00:00+09:00,108551.89382219472,109441.66344368811,107306.21635210396,107840.078125,17345,0.0,0.0
2023-11-14 00:00:00+09:00,108551.8997775081,110153.48518406149,107840.08404126213,109975.53125,25555,0.0,0.0
2023-11-15 00:00:00+09:00,110331.4375,111043.25322580646,109975.52963709678,110331.4375,22880,0.0,0.0
2023-11-16 00:00:00+09:00,111043.2564935065,111043.2564935065,108907.80925324676,109619.625,13530,0.0,0.0
2023-11-17 00:00:00+09:00,109619.61174551386,109975.51957585644,108729.84216965742,109085.75,14285,0.0,0.0
2023-11-20 00:00:00+09:00,109619.6163897893,110153.47815792139,108907.80069894652,109797.5703125,15315,0.0,0.0
2023-11-21 00:00:00+09:00,109797.57514576513,109797.57514576513,108195.98977086743,108729.8515625,23100,0.0,0.0
2023-11-22 00:00:00+09:00,108907.80792557566,109085.76186009457,107840.08431846218,108195.9921875,15295,0.0,0.0
2023-11-24 00:00:00+09:00,107840.08351293104,108907.80711206897,107662.12957974138,108373.9453125,11530,0.0,0.0
2023-11-27 00:00:00+09:00,108195.98897058824,109263.71254595589,108195.98897058824,108907.8046875,11090,0.0,0.0
2023-11-28 00:00:00+09:00,108907.8063012295,109085.76023309426,108195.9905737705,108551.8984375,14105,0.0,0.0
2023-11-29 00:00:00+09:00,108195.9921875,108907.80792557566,107840.08431846218,108195.9921875,17490,0.0,0.0
2023-11-30 00:00:00+09:00,108373.93580163043,110865.29064764493,107840.07404891304,110509.3828125,44995,0.0,0.0
2023-12-01 00:00:00+09:00,110153.47832578253,110509.38617174629,107662.12340403625,108018.03125,26205,0.0,0.0
2023-12-04 00:00:00+09:00,107662.13038394327,108195.9921875,107128.26858038652,108195.9921875,21065,0.0,0.0
2023-12-05 00:00:00+09:00,108551.89523106677,109263.7109375,108195.98737785015,109263.7109375,12030,0.0,0.0
2023-12-06 00:00:00+09:00,109263.71391129032,110331.4375,108729.8521169355,110331.4375,13385,0.0,0.0
2023-12-07 00:00:00+09:00,109619.62040441176,109797.5743336397,108729.85075827206,108907.8046875,15440,0.0,0.0
2023-12-08 00:00:00+09:00,108195.98977086743,109263.71335413256,108195.98977086743,108729.8515625,22950,0.0,0.0
2023-12-11 00:00:00+09:00,109263.71471122779,110509.39224050888,109085.76077847334,110153.484375,11740,0.0,0.0
2023-12-12 00:00:00+09:00,110153.48811848958,111221.21175130208,110153.48811848958,111043.2578125,13265,0.0,0.0
2023-12-13 00:00:00+09:00,111043.25403877221,111043.25403877221,109797.57650949112,110153.484375,13970,0.0,0.0
2023-12-14 00:00:00+09:00,110153.47815792139,110687.33992605348,109263.70854436791,109797.5703125,12510,0.0,0.0
2023-12-15 00:00:00+09:00,109441.66864398222,110687.34617326333,109441.66864398222,110153.484375,26010,0.0,0.0
2023-12-18 00:00:00+09:00,109975.51957585644,110153.47349102773,108373.93433931484,109085.75,18735,0.0,0.0
2023-12-19 00:00:00+09:00,109441.65783034258,109441.65783034258,107662.11867862969,109085.75,19470,0.0,0.0
2023-12-20 00:00:00+09:00,107662.12877817624,109263.71416495902,107662.12877817624,108551.8984375,17980,0.0,0.0
2023-12-21 00:00:00+09:00,108195.98897058824,109085.75861672794,108018.0350413603,108907.8046875,10455,0.0,0.0
2023-12-22 00:00:00+09:00,109085.76157969255,109975.53125,108373.9458434466,109975.53125,14175,0.0,0.0
2023-12-25 00:00:00+09:00,109441.66647518383,109619.62040441176,108729.85075827206,108907.8046875,10495,0.0,0.0
2023-12-26 00:00:00+09:00,108907.80308428338,109619.6187907166,108551.89523106677,109263.7109375,11510,0.0,0.0
2023-12-27 00:00:00+09:00,110153.48681006495,110509.39468344157,109441.67106331169,109619.625,24620,0.0,0.0
2023-12-28 00:00:00+09:00,110616.9877616995,111161.00573429803,109891.63046490148,110435.6484375,18580,2300.0,0.0
2023-12-29 00:00:00+09:00,110979.67527618658,111161.01461487316,109891.6392440671,110798.3359375,14555,0.0,0.0
2024-01-04 00:00:00+09:00,111161.00468492587,111161.00468492587,109347.61146004942,110072.96875,13105,0.0,0.0
2024-01-05 00:00:00+09:00,111161.01087944265,112430.38620759289,110435.65354907108,112249.046875,19175,0.0,0.0
2024-01-09 00:00:00+09:00,110435.65387561274,111886.36854064543,110435.65387561274,110979.671875,13805,0.0,0.0
2024-01-10 00:00:00+09:00,110979.67085040984,111342.34951331967,110254.31352459016,110616.9921875,14855,0.0,0.0
2024-01-11 00:00:00+09:00,111161.01087944265,112249.046875,110979.67154684976,112249.046875,11190,0.0,0.0
2024-01-12 00:00:00+09:00,112611.72185257176,113881.0971391547,112430.38252591706,113699.7578125,19985,0.0,0.0
2024-01-15 00:00:00+09:00,112974.4072625,113518.425275,112974.4072625,113337.0859375,6045,0.0,0.0
2024-01-16 00:00:00+09:00,112974.40317311589,113518.42116592384,111523.68852562804,111886.3671875,11095,0.0,0.0
2024-01-17 00:00:00+09:00,111523.68987438726,111886.36854064543,110798.33254187091,110979.671875,12090,0.0,0.0
2024-01-18 00:00:00+09:00,111342.34400741351,111342.34400741351,109891.62942751235,110072.96875,18850,0.0,0.0
2024-01-19 00:00:00+09:00,111161.00573429803,111161.00573429803,110254.3091133005,110435.6484375,9805,0.0,0.0
2024-01-22 00:00:00+09:00,111161.00105436992,111523.6796875,110254.30447154472,111523.6796875,19650,0.0,0.0
2024-01-23 00:00:00+09:00,111523.68332990115,111523.68332990115,110072.96875,110072.96875,15975,0.0,0.0
2024-01-24 00:00:00+09:00,109710.29378391069,110072.97244104758,108440.91848393156,108622.2578125,21555,0.0,0.0
2024-01-25 00:00:00+09:00,107171.546875,107171.546875,107171.546875,107171.546875,24120,0.0,0.0
2024-01-26 00:00:00+09:00,106990.20517676767,108259.58049242424,106990.20517676767,107715.5625,12210,0.0,0.0
2024-01-29 00:00:00+09:00,107534.21875,108259.57604342328,107171.54010328837,107534.21875,16950,0.0,0.0
2024-01-30 00:00:00+09:00,107715.56352244127,108440.92085255872,107352.88485738254,108078.2421875,14270,0.0,0.0
2024-01-31 00:00:00+09:00,107171.54216394472,108984.93543237018,107171.54216394472,108259.578125,21015,0.0,0.0
2024-02-01 00:00:00+09:00,107534.22316919192,108622.2591540404,106627.5265151515,107715.5625,33630,0.0,0.0
2024-02-02 00:00:00+09:00,108984.93202602424,108984.93202602424,107715.556777801,108440.9140625,17155,0.0,0.0
2024-02-05 00:00:00+09:00,108984.9388501468,109710.29618026425,107896.90285497063,108078.2421875,19875,0.0,0.0
2024-02-06 00:00:00+09:00,107715.56352244127,108440.92085255872,107171.54552485318,108078.2421875,18885,0.0,0.0
2024-02-07 00:00:00+09:00,108259.56943558673,108440.90874787414,106627.515625,106627.515625,17985,0.0,0.0
2024-02-08 00:00:00+09:00,106808.85493728741,107534.21218643707,106627.515625,106627.515625,14165,0.0,0.0
2024-02-09 00:00:00+09:00,107171.54722281678,107534.22589362158,105902.171875,105902.171875,23725,0.0,0.0
2024-02-13 00:00:00+09:00,106446.19431089744,106808.87299679486,105539.49759615384,106083.515625,18470,0.0,0.0
2024-02-14 00:00:00+09:00,105720.82946312717,105902.1687932526,104632.79348237457,104814.1328125,22115,0.0,0.0
2024-02-15 00:00:00+09:00,104995.47214262544,105720.82946312717,104270.11482212371,104814.1328125,22720,0.0,0.0
2024-02-16 00:00:00+09:00,104451.44318181819,105539.47904829546,103000.72869318182,103726.0859375,39535,0.0,0.0
2024-02-19 00:00:00+09:00,103544.75415587219,104995.46875,103182.07550734024,104995.46875,25730,0.0,0.0
2024-02-20 00:00:00+09:00,105539.48461956522,105720.8239402174,103726.09141304347,104270.109375,23300,0.0,0.0
2024-02-21 00:00:00+09:00,105720.82604706389,105720.82604706389,103544.75415587219,104995.46875,24795,0.0,0.0
2024-02-22 00:00:00+09:00,103182.07884137111,105539.49013300173,102275.38219074394,104814.1328125,36055,0.0,0.0
2024-02-26 00:00:00+09:00,105539.48645477816,106446.18307380547,105176.80780716724,106264.84375,26725,0.0,0.0
2024-02-27 00:00:00+09:00,106264.84375,106990.20104522185,105358.1471309727,106264.84375,31700,0.0,0.0
2024-02-28 00:00:00+09:00,106990.19424957482,106990.19424957482,105902.15837585034,106627.515625,33205,0.0,0.0
2024-02-29 00:00:00+09:00,106808.86093208405,106808.86093208405,104451.44974003466,104632.7890625,53035,0.0,0.0
2024-03-01 00:00:00+09:00,105539.47993760757,106446.17650064544,104995.46199978485,105358.140625,21650,0.0,0.0
2024-03-04 00:00:00+09:00,105902.16173339011,107352.87627768313,105902.16173339011,106446.1796875,22695,0.0,0.0
2024-03-05 00:00:00+09:00,107352.87627768313,107352.87627768313,105176.8044612436,106446.1796875,25800,0.0,0.0
2024-03-06 00:00:00+09:00,107715.5564673913,107715.5564673913,104270.109375,104270.109375,22060,0.0,0.0
2024-03-07 00:00:00+09:00,104088.77476933216,104995.47141366432,102638.0601384007,103182.078125,27230,0.0,0.0
2024-03-08 00:00:00+09:00,102638.05984157986,104632.79245334202,102456.72051323784,104451.453125,30185,0.0,0.0
2024-03-11 00:00:00+09:00,104451.453125,104632.79245334202,103544.75648328994,104451.453125,15210,0.0,0.0
2024-03-12 00:00:00+09:00,104451.45993031359,104814.13861062718,103363.42388937282,104088.78125,13170,0.0,0.0
2024-03-13 00:00:00+09:00,104270.10387073865,104270.10387073865,102275.37144886365,103726.0859375,24270,0.0,0.0
2024-03-14 00:00:00+09:00,104088.78186642367,105720.8359375,103544.76384273155,105720.8359375,29345,0.0,0.0
2024-03-15 00:00:00+09:00,106083.5112104024,107352.88655821918,104995.47519798801,105902.171875,49970,0.0,0.0
2024-03-18 00:00:00+09:00,106808.85512586059,106808.85512586059,104632.7833745697,105358.140625,26040,0.0,0.0
2024-03-19 00:00:00+09:00,106627.52162273476,110616.98671746293,106083.50365527182,110072.96875,39495,0.0,0.0
2024-03-21 00:00:00+09:00,110435.65387561274,110979.671875,109347.61787683824,110979.671875,27045,0.0,0.0
2024-03-22 00:00:00+09:00,111705.03125,112249.04925933442,110979.67390422078,111705.03125,21290,0.0,0.0
2024-03-25 00:00:00+09:00,111886.36303109606,111886.36303109606,110254.3091133005,110435.6484375,16750,0.0,0.0
2024-03-26 00:00:00+09:00,110072.96901041667,110254.30833333333,108622.25442708333,108803.59375,21695,0.0,0.0
2024-03-27 00:00:00+09:00,109347.61616056573,109891.6341514143,108984.9375,108984.9375,24820,0.0,0.0
2024-03-28 00:00:00+09:00,110435.65420971074,110435.65420971074,108984.93954028926,109710.296875,32720,0.0,0.0
2024-03-29 00:00:00+09:00,110254.30938538206,110254.30938538206,108803.59478820598,109166.2734375,8280,0.0,0.0
2024-04-01 00:00:00+09:00,108803.59714106844,109891.63311247913,107896.90049822621,108622.2578125,14745,0.0,0.0
2024-04-02 00:00:00+09:00,108803.59610552763,108984.93543237018,107715.56014447236,108259.578125,17650,0.0,0.0
2024-04-03 00:00:00+09:00,107534.21745662625,108984.93202602424,107171.53881427675,108440.9140625,25785,0.0,0.0
2024-04-04 00:00:00+09:00,107896.8994713149,108984.93543237018,107896.8994713149,108259.578125,14460,0.0,0.0
2024-04-05 00:00:00+09:00,108803.59270484949,108803.59270484949,107352.8781354515,108440.9140625,24815,0.0,0.0
2024-04-08 00:00:00+09:00,108440.9215392562,109710.296875,108078.24287190083,109710.296875,16305,0.0,0.0
2024-04-09 00:00:00+09:00,110254.31146864686,110435.65079672029,109528.95415635314,109891.6328125,21060,0.0,0.0
2024-04-10 00:00:00+09:00,109710.29141144104,110798.32735932308,108803.59478820598,109166.2734375,18790,0.0,0.0
2024-04-11 00:00:00+09:00,108440.91716680465,110254.31043046358,108078.23851407286,109528.953125,32045,0.0,0.0
2024-04-12 00:00:00+09:00,109891.63551279363,109891.63551279363,107352.88485738254,108078.2421875,23455,0.0,0.0
2024-04-15 00:00:00+09:00,107896.89766424915,107896.89766424915,106264.84375,106264.84375,20080,0.0,0.0
2024-04-16 00:00:00+09:00,106627.52187499999,109347.61171874999,106083.50390625,108803.59375,28960,0.0,0.0
2024-04-17 00:00:00+09:00,108984.93411285299,109891.63073608805,108440.91613891197,109166.2734375,21155,0.0,0.0
2024-04-18 00:00:00+09:00,109891.6296875,110798.32630208333,108803.59375,108803.59375,21845,0.0,0.0
2024-04-19 00:00:00+09:00,108622.25573792018,109528.95236344538,107534.21978728993,107896.8984375,19825,0.0,0.0
2024-04-22 00:00:00+09:00,108440.9140625,109528.94998954849,108440.9140625,108440.9140625,18570,0.0,0.0
2024-04-23 00:00:00+09:00,109710.29348442657,111161.00810901403,108984.93617213283,109891.6328125,24075,0.0,0.0
2024-04-24 00:00:00+09:00,109528.95549084857,109891.6341514143,108440.91950915141,108984.9375,14280,0.0,0.0
2024-04-25 00:00:00+09:00,108984.93333684654,109347.61198355818,107352.87942664418,107534.21875,20190,0.0,0.0
2024-04-26 00:00:00+09:00,107715.55781249999,108803.59375,107171.53984375,108803.59375,14640,0.0,0.0
2024-04-30 00:00:00+09:00,109710.2880130597,109710.2880130597,107534.2161847015,109347.609375,28405,0.0,0.0
2024-05-01 00:00:00+09:00,108984.9375,109347.61616056573,108440.91950915141,108984.9375,14660,0.0,0.0
2024-05-02 00:00:00+09:00,109166.26422536645,111342.3359375,109166.26422536645,111342.3359375,32385,0.0,0.0
2024-05-07 00:00:00+09:00,110616.9877616995,111161.00573429803,109710.29114070197,110435.6484375,17250,0.0,0.0
2024-05-08 00:00:00+09:00,110435.65109818448,110435.65109818448,108259.5791553631,108622.2578125,23645,0.0,0.0
2024-05-09 00:00:00+09:00,108803.59375,109166.27239583332,108440.91510416666,108803.59375,13480,0.0,0.0
2024-05-10 00:00:00+09:00,108803.59506302522,108984.93438813026,106808.86248686975,107896.8984375,34200,0.0,0.0
2024-05-13 00:00:00+09:00,107715.55781249999,108803.59375,107534.21848958333,108803.59375,13690,0.0,0.0
2024-05-14 00:00:00+09:00,108622.25442708333,109166.27239583332,108259.57578125,108803.59375,17410,0.0,0.0
2024-05-15 00:00:00+09:00,108440.91745184254,108622.25677868509,107715.56014447236,108259.578125,16725,0.0,0.0
2024-05-16 00:00:00+09:00,108440.9140625,108984.93202602424,107896.89609897575,108440.9140625,22260,0.0,0.0
2024-05-17 00:00:00+09:00,107896.89529393039,108803.59189303905,106264.8414155348,106808.859375,29005,0.0,0.0
2024-05-20 00:00:00+09:00,106990.21132611492,106990.21132611492,105176.81791380788,105720.8359375,28345,0.0,0.0
2024-05-21 00:00:00+09:00,106083.49787543029,106264.83718803787,104814.12268717728,105358.140625,21480,0.0,0.0
2024-05-22 00:00:00+09:00,105902.1752787307,106446.1933024228,104451.46054888508,105720.8359375,24230,0.0,0.0
2024-05-23 00:00:00+09:00,105720.83531141115,106264.85333188153,103182.08454921603,104088.78125,33185,0.0,0.0
2024-05-24 00:00:00+09:00,103182.08152233715,103544.76019201144,102638.0635178257,103000.7421875,20640,0.0,0.0
2024-05-27 00:00:00+09:00,103182.07915116026,103544.7578125,101912.7038364711,103544.7578125,19500,0.0,0.0
2024-05-28 00:00:00+09:00,103363.41715494792,104451.453125,103000.73849826389,104451.453125,19550,0.0,0.0
2024-05-29 00:00:00+09:00,103907.43544046574,104451.45342706503,103000.73879613356,103182.078125,21755,0.0,0.0
2024-05-30 00:00:00+09:00,103726.0961115993,103726.0961115993,102275.38148066784,103182.078125,32585,0.0,0.0
2024-05-31 00:00:00+09:00,103726.08991695059,106446.1796875,102819.39332676746,106446.1796875,176395,0.0,0.0
2024-06-03 00:00:00+09:00,105902.16326086957,106627.52054347825,104270.109375,104270.109375,33345,0.0,0.0
2024-06-04 00:00:00+09:00,104814.12268717728,106083.49787543029,103544.74749892426,105358.140625,32200,0.0,0.0
2024-06-05 00:00:00+09:00,105902.1687932526,106446.1867836289,104814.1328125,104814.1328125,19845,0.0,0.0
2024-06-06 00:00:00+09:00,104814.12582517035,106446.1796875,104632.78650713373,106446.1796875,22735,0.0,0.0
2024-06-07 00:00:00+09:00,105902.17085481099,105902.17085481099,104632.7955192225,105539.4921875,15215,0.0,0.0
2024-06-10 00:00:00+09:00,104632.7869628054,104995.4656004581,103544.7510498473,103907.4296875,15080,0.0,0.0
2024-06-11 00:00:00+09:00,104270.10387073865,104451.44318181819,103544.74662642046,103726.0859375,12895,0.0,0.0
2024-06-12 00:00:00+09:00,104088.77135416666,104451.45,103363.4140625,103363.4140625,16340,0.0,0.0
2024-06-13 00:00:00+09:00,104270.11067708333,104270.11067708333,103363.4140625,103363.4140625,23225,0.0,0.0
2024-06-14 00:00:00+09:00,104088.76877693964,105539.48332435344,103544.75082165947,105176.8046875,22845,0.0,0.0
2024-06-17 00:00:00+09:00,104814.12942573402,105539.48672279793,104451.45077720207,104995.46875,17730,0.0,0.0
2024-06-18 00:00:00+09:00,105176.80597826086,105539.48461956522,103544.7520923913,104270.109375,18985,0.0,0.0
2024-06-19 00:00:00+09:00,104270.12120765437,106083.51461996141,103907.44252519296,105720.8359375,18675,0.0,0.0
2024-06-20 00:00:00+09:00,105720.8359375,106808.87198488422,105176.81791380788,105720.8359375,16260,0.0,0.0
2024-06-21 00:00:00+09:00,105720.8359375,106627.53264365351,105539.4965962693,105720.8359375,22610,0.0,0.0
2024-06-24 00:00:00+09:00,106083.50442619454,106808.86172141638,105902.16510238909,106264.84375,13240,0.0,0.0
2024-06-25 00:00:00+09:00,106264.84451155463,108078.23776260504,106083.50518644959,107896.8984375,17280,0.0,0.0
2024-06-26 00:00:00+09:00,108259.57841631357,108259.57841631357,106446.18514300848,106990.203125,38380,0.0,0.0
2024-06-27 00:00:00+09:00,107190.84940159574,107190.84940159574,104409.07995345745,104594.53125,39975,2616.4,0.0
2024-06-28 00:00:00+09:00,105336.35035523979,105336.35035523979,103481.83714476021,104409.09375,40940,0.0,0.0
2024-07-01 00:00:00+09:00,104594.54748883928,105707.25544084821,103481.83953683036,103852.7421875,29660,0.0,0.0
2024-07-02 00:00:00+09:00,104594.53542037366,104594.53542037366,103481.82759675267,104223.6328125,23470,0.0,0.0
2024-07-03 00:00:00+09:00,103852.72606382979,104965.4338430851,103852.72606382979,104594.53125,23425,0.0,0.0
2024-07-04 00:00:00+09:00,104223.64242895204,104594.54507104795,103667.28846580816,104409.09375,15525,0.0,0.0
2024-07-05 00:00:00+09:00,104038.18989415323,104779.99516969085,103296.38461861559,103481.8359375,26465,0.0,0.0
2024-07-08 00:00:00+09:00,103481.84195466786,104223.64727333932,103110.93929533214,103296.390625,18470,0.0,0.0
2024-07-09 00:00:00+09:00,103110.935684419,105521.80288567342,102740.03303807217,105336.3515625,18020,0.0,0.0
2024-07-10 00:00:00+09:00,104965.4453125,105707.25057972615,104409.09136208039,104965.4453125,16205,0.0,0.0
2024-07-11 00:00:00+09:00,105336.35398230088,105336.35398230088,104409.09734513274,104780.0,19845,0.0,0.0
2024-07-12 00:00:00+09:00,104779.98695652174,108674.46434782608,104594.53565217392,106634.5,38155,0.0,0.0
2024-07-16 00:00:00+09:00,107190.8635796441,107190.8635796441,105892.70433213975,106819.9609375,17315,0.0,0.0
2024-07-17 00:00:00+09:00,106819.94896193771,107561.75416306229,106449.04636137544,107190.8515625,17390,0.0,0.0
2024-07-18 00:00:00+09:00,106634.5030792814,108303.56486660929,106078.14915017212,107747.2109375,18215,0.0,0.0
2024-07-19 00:00:00+09:00,107932.66280329289,108118.11411395147,106634.50362868284,107005.40625,12015,0.0,0.0
2024-07-22 00:00:00+09:00,107190.8515625,107190.8515625,106078.14376081315,107190.8515625,14570,0.0,0.0
2024-07-23 00:00:00+09:00,106819.95367132868,107005.40497978585,105892.69712904283,106078.1484375,20740,0.0,0.0
2024-07-24 00:00:00+09:00,106449.0570818739,106819.95971978984,104779.99521125219,105892.703125,18570,0.0,0.0
2024-07-25 00:00:00+09:00,105707.24347826086,108118.1104347826,105150.8895652174,106634.5,35920,0.0,0.0
2024-07-26 00:00:00+09:00,106634.49766165658,107561.75416306229,106263.5950610943,107190.8515625,14595,0.0,0.0
2024-07-29 00:00:00+09:00,107190.86657001718,107932.671875,106449.06126503437,107932.671875,19400,0.0,0.0
2024-07-30 00:00:00+09:00,108118.11411395147,108118.11411395147,106634.50362868284,107005.40625,23030,0.0,0.0
2024-07-31 00:00:00+09:00,106819.95854922279,108303.56908462867,106634.50723229707,107376.3125,31185,0.0,0.0
2024-08-01 00:00:00+09:00,107932.66886393228,107932.66886393228,104965.44772677952,106819.9609375,32100,0.0,0.0
2024-08-02 00:00:00+09:00,106819.95130434782,107005.40260869564,105150.8895652174,106634.5,43600,0.0,0.0
2024-08-05 00:00:00+09:00,105150.90023932658,107376.31611740756,104409.09494663292,105336.3515625,55135,0.0,0.0
2024-08-06 00:00:00+09:00,109045.3682650862,110899.88133081897,107561.7578125,107561.7578125,62580,0.0,0.0
2024-08-07 00:00:00+09:00,107190.86418269231,111270.79326923077,107190.86418269231,108489.0234375,51015,0.0,0.0
2024-08-08 00:00:00+09:00,108859.92430904522,111085.34013819095,108859.92430904522,110714.4375,31475,0.0,0.0
2024-08-09 00:00:00+09:00,111270.78669154228,113681.6537365257,111270.78669154228,111827.140625,55580,0.0,0.0
2024-08-13 00:00:00+09:00,112754.39426229509,114052.5534067623,112012.58903688524,113125.296875,39550,0.0,0.0
2024-08-14 00:00:00+09:00,114052.5588805057,114238.01019575856,112198.04572797717,113681.65625,28305,0.0,0.0
2024-08-15 00:00:00+09:00,112754.40384615384,113496.20913461539,111827.14723557692,113310.7578125,24560,0.0,0.0
2024-08-16 00:00:00+09:00,112383.49592391304,115721.61956521739,112383.49592391304,115165.265625,31010,0.0,0.0
2024-08-19 00:00:00+09:00,114979.8155451278,116834.32869908147,114423.46159894169,116092.5234375,31575,0.0,0.0
2024-08-20 00:00:00+09:00,116648.87082755547,117205.22474247227,115907.0656076664,117019.7734375,22490,0.0,0.0
2024-08-21 00:00:00+09:00,117019.78546055246,117947.04208068363,116648.8828125,116648.8828125,32250,0.0,0.0
2024-08-22 00:00:00+09:00,116648.87924804688,118688.84375,116092.52529296876,118688.84375,22330,0.0,0.0
2024-08-23 00:00:00+09:00,118688.84375,119430.64902343751,117576.13583984376,118688.84375,21225,0.0,0.0
2024-08-26 00:00:00+09:00,118688.83667180277,120914.25235939908,118688.83667180277,120357.8984375,16515,0.0,0.0
2024-08-27 00:00:00+09:00,120357.89862632175,123510.57085536253,119616.09339595921,122768.765625,32265,0.0,0.0
2024-08-28 00:00:00+09:00,122768.77584408195,123881.48378224582,122212.421875,122212.421875,36970,0.0,0.0
2024-08-29 00:00:00+09:00,122954.2145794173,123881.47109962406,122397.86066729324,123325.1171875,24510,0.0,0.0
2024-08-30 00:00:00+09:00,121470.61118521342,121656.0625,120172.45198170732,121656.0625,56225,0.0,0.0
2024-09-02 00:00:00+09:00,121656.05886850152,122212.41279625382,121285.15625,121285.15625,21735,0.0,0.0
2024-09-03 00:00:00+09:00,121656.06193181819,122397.8671875,121285.15930397727,122397.8671875,17650,0.0,0.0
2024-09-04 00:00:00+09:00,122026.96331106871,122397.8659351145,121099.70675095421,121470.609375,21705,0.0,0.0
2024-09-05 00:00:00+09:00,121470.61175949003,122768.77096913345,120914.2578125,120914.2578125,20885,0.0,0.0
2024-09-06 00:00:00+09:00,121285.17173444528,124066.94172835456,121285.17173444528,123696.0390625,26725,0.0,0.0
2024-09-09 00:00:00+09:00,124252.38043276375,125550.53963131501,122954.22123421248,124808.734375,26450,0.0,0.0
2024-09-10 00:00:00+09:00,125550.54447380514,126477.80107996323,125179.64183134191,126106.8984375,31990,0.0,0.0
2024-09-11 00:00:00+09:00,126663.2548236706,126848.70614844904,125365.09555022157,125550.546875,32920,0.0,0.0
2024-09-12 00:00:00+09:00,125921.44590277778,126477.79986111111,124808.73798611111,125179.640625,17035,0.0,0.0
2024-09-13 00:00:00+09:00,126106.88463656387,127034.14114124449,125365.07943281937,126292.3359375,39180,0.0,0.0
2024-09-17 00:00:00+09:00,126477.80168269231,127034.15564903847,124623.28846153847,125365.09375,23240,0.0,0.0
2024-09-18 00:00:00+09:00,124623.27943368108,124808.73074236214,123139.6689642325,124437.828125,22665,0.0,0.0
2024-09-19 00:00:00+09:00,124437.8317468425,125365.08831723625,124066.92911868499,124808.734375,16375,0.0,0.0
2024-09-20 00:00:00+09:00,124437.832317358,125735.991521861,123139.67311285502,124066.9296875,37990,0.0,0.0
2024-09-24 00:00:00+09:00,124437.84195429104,125179.64727145522,123696.03663712686,124252.390625,19635,0.0,0.0
2024-09-25 00:00:00+09:00,123881.48138888889,125921.44590277778,123325.12743055556,125179.640625,20320,0.0,0.0
2024-09-26 00:00:00+09:00,124808.73256138392,125365.08649553571,124066.92731584821,124623.28125,13720,0.0,0.0
2024-09-27 00:00:00+09:00,125735.99639423077,126106.89903846155,123603.30618990384,125365.09375,11606,0.0,5.0
2024-09-30 00:00:00+09:00,124066.93510527314,124808.7403973824,121285.16525986342,122212.421875,37495,0.0,0.0
2024-10-01 00:00:00+09:00,122583.31486274696,122676.04051695479,120821.52743279825,122026.9609375,19292,0.0,0.0
2024-10-02 00:00:00+09:00,122026.96546177138,122861.49638058289,119987.00099356548,122490.59375,20100,0.0,0.0
2024-10-03 00:00:00+09:00,122768.76981534091,123510.57507102273,121841.51324573864,122397.8671875,20725,0.0,0.0
2024-10-04 00:00:00+09:00,123046.94440516592,123696.02399132731,122026.96219834089,122954.21875,17764,0.0,0.0
2024-10-07 00:00:00+09:00,122583.31689565719,122954.21951863951,119801.54722328979,120636.078125,15307,0.0,0.0
2024-10-08 00:00:00+09:00,120821.53665727655,121934.24459272345,120543.35967341482,121377.890625,20325,0.0,0.0
2024-10-09 00:00:00+09:00,121934.24489045903,122676.05018256829,121748.79356743171,122212.421875,14913,0.0,0.0
2024-10-10 00:00:00+09:00,122954.22203822862,123046.94769587433,121748.78848883421,122490.59375,15418,0.0,0.0
2024-10-11 00:00:00+09:00,122676.04051695479,122954.21747957826,121470.60701225304,122026.9609375,17149,0.0,0.0
2024-10-15 00:00:00+09:00,122397.86742133538,122861.49570702224,120728.80559286261,120821.53125,19364,0.0,0.0
2024-10-16 00:00:00+09:00,121377.88791515122,121841.51621123661,120357.9056637634,121099.7109375,14521,0.0,0.0
2024-10-17 00:00:00+09:00,121934.23947217988,122768.77038871951,121006.98289824695,121656.0625,18149,0.0,0.0
2024-10-18 00:00:00+09:00,121377.8894161374,121748.79205759238,119894.27885031755,120450.6328125,12861,0.0,0.0
2024-10-21 00:00:00+09:00,120543.3548503861,120914.25748069499,119801.54958976834,120079.7265625,21383,0.0,0.0
2024-10-22 00:00:00+09:00,120172.44984627211,121006.98074798232,119616.09591179862,120636.078125,15703,0.0,0.0
2024-10-23 00:00:00+09:00,120172.45702826585,122119.69591529794,119616.1030605424,121377.890625,18129,0.0,0.0
2024-10-24 00:00:00+09:00,121470.61325414418,121656.06457208944,120265.1796875,120265.1796875,16780,0.0,0.0
2024-10-25 00:00:00+09:00,119523.36755465138,120636.07539844954,119430.64190100154,120357.8984375,14446,0.0,0.0
2024-10-28 00:00:00+09:00,120543.35010998469,121748.78361108454,119708.81922460788,121192.4296875,11649,0.0,0.0
2024-10-29 00:00:00+09:00,120728.80861454373,122490.59614424905,120357.90597671103,121934.2421875,15004,0.0,0.0
2024-10-30 00:00:00+09:00,121934.23346532533,122954.2156464041,121841.5078125,121841.5078125,15998,0.0,0.0
2024-10-31 00:00:00+09:00,121841.50743534483,122212.41004549808,121006.9765625,121006.9765625,24293,0.0,0.0
2024-11-01 00:00:00+09:00,120821.53068387682,122305.14119112318,120728.80502717392,121563.3359375,16021,0.0,0.0
2024-11-05 00:00:00+09:00,120821.52868118402,122954.21875,120357.90040535446,122954.21875,17562,0.0,0.0
2024-11-06 00:00:00+09:00,122026.96445131375,122397.86707882535,119987.0,119987.0,15785,0.0,0.0
2024-11-07 00:00:00+09:00,120543.35816375968,120728.80948401162,119245.19892199613,119616.1015625,16290,0.0,0.0
2024-11-08 00:00:00+09:00,119152.464940052,121563.331934948,119152.464940052,120357.8984375,18876,0.0,0.0
2024-11-11 00:00:00+09:00,120450.6328125,121099.71243504618,119523.37620886258,120450.6328125,14695,0.0,0.0
2024-11-12 00:00:00+09:00,120357.90534647263,121192.4362772263,119894.27705160949,120265.1796875,17166,0.0,0.0
2024-11-13 00:00:00+09:00,119152.46784340926,120357.90137022975,118967.01653159074,119059.7421875,18548,0.0,0.0
2024-11-14 00:00:00+09:00,118967.01924290987,119616.0988490676,118410.66529477466,119337.921875,24359,0.0,0.0
2024-11-15 00:00:00+09:00,119523.37137645914,120357.90228599221,118967.01743677043,119152.46875,20332,0.0,0.0
2024-11-18 00:00:00+09:00,119523.37115375385,121192.43296971006,119337.91984086983,120728.8046875,18815,0.0,0.0
2024-11-19 00:00:00+09:00,121006.98256427475,121285.15953568686,120357.90296431312,120821.53125,16812,0.0,0.0
2024-11-20 00:00:00+09:00,120728.80378074558,122397.86558416604,119708.8215675442,120636.078125,24968,0.0,0.0
2024-11-21 00:00:00+09:00,120172.45062695925,120450.62759600313,118317.9375,118317.9375,24261,0.0,0.0
2024-11-22 00:00:00+09:00,118596.11209901521,119337.91733497466,118132.48382654057,118874.2890625,19480,0.0,0.0
2024-11-25 00:00:00+09:00,119245.19264112902,120079.72353830644,114979.8125,114979.8125,123593,0.0,0.0
2024-11-26 00:00:00+09:00,116927.05501353346,117947.03725393701,114701.63921628938,117761.5859375,37733,0.0,0.0
2024-11-27 00:00:00+09:00,117761.58048605618,118132.48310176028,116648.87263894384,117205.2265625,19158,0.0,0.0
2024-11-28 00:00:00+09:00,117112.50181571145,117761.58139822134,116463.42223320158,117297.953125,14702,0.0,0.0
2024-11-29 00:00:00+09:00,116927.05708416336,117761.58802290837,116370.703125,116370.703125,17985,0.0,0.0
2024-12-02 00:00:00+09:00,115999.79958507775,116927.05617648525,115536.171289374,116277.9765625,19300,0.0,0.0
2024-12-03 00:00:00+09:00,115443.44112790232,116185.24637209768,115257.98981685349,115814.34375,22671,0.0,0.0
2024-12-04 00:00:00+09:00,115999.80107883921,116463.42938051323,115257.99579616079,115628.8984375,17001,0.0,0.0
2024-12-05 00:00:00+09:00,114979.81285028023,116463.42333867094,114887.0871947558,115814.34375,21508,0.0,0.0
2024-12-06 00:00:00+09:00,115072.5441677605,115907.075108542,114701.64152741317,114794.3671875,16446,0.0,0.0
2024-12-09 00:00:00+09:00,114887.08684475806,115257.9894657258,114423.45856854838,114979.8125,17436,0.0,0.0
2024-12-10 00:00:00+09:00,114794.36414151713,114887.08979914355,113218.02796186786,113681.65625,14971,0.0,0.0
2024-12-11 00:00:00+09:00,113959.82994008936,114794.36083468725,113496.20166531275,114145.28125,15011,0.0,0.0
2024-12-12 00:00:00+09:00,114330.73708662015,115072.5423556331,114052.56011074029,114608.9140625,13399,0.0,0.0
2024-12-13 00:00:00+09:00,114516.18602807971,115721.61956521739,114516.18602807971,115165.265625,27759,0.0,0.0
2024-12-16 00:00:00+09:00,115443.43986455811,115628.89117357747,114516.18331946126,114887.0859375,12209,0.0,0.0
2024-12-17 00:00:00+09:00,114794.36083468725,115350.71476441917,114052.55559504469,114145.28125,15084,0.0,0.0
2024-12-18 00:00:00+09:00,114330.72982619096,114979.8093953583,113867.1015625,113867.1015625,13113,0.0,0.0
2024-12-19 00:00:00+09:00,113588.92460428542,114330.72982619096,113218.02199333264,113867.1015625,13451,0.0,0.0
2024-12-20 00:00:00+09:00,115072.5399682971,115443.4425951087,114423.46037137682,115165.265625,29857,0.0,0.0
2024-12-23 00:00:00+09:00,115165.265625,115628.8939085145,114979.81431159421,115165.265625,9535,0.0,0.0
2024-12-24 00:00:00+09:00,115257.99161920464,116463.4251598721,115165.26596223022,115999.796875,10957,0.0,0.0
2024-12-25 00:00:00+09:00,115999.80349768332,116277.98048448832,114887.09555046333,115072.546875,9819,0.0,0.0
2024-12-26 00:00:00+09:00,115072.53974508538,117019.7785320691,114979.81408856234,116741.6015625,17911,0.0,0.0
2024-12-27 00:00:00+09:00,117556.83859666937,117651.41368805848,115854.48695166531,116421.9375,13337,2462.0,0.0
2024-12-30 00:00:00+09:00,116327.36462162991,116800.24008757148,115665.33896931168,115759.9140625,21505,0.0,0.0
2025-01-06 00:00:00+09:00,116516.51596385542,118786.31822289157,116516.51596385542,117745.9921875,24830,0.0,0.0
2025-01-07 00:00:00+09:00,117840.56256361971,118218.86292497964,115854.48566648005,116138.2109375,14464,0.0,0.0
2025-01-08 00:00:00+09:00,116138.21585504549,116232.79094939,114152.138873811,114341.2890625,18339,0.0,0.0
2025-01-09 00:00:00+09:00,113868.41312294069,115476.18972019153,113490.11274711697,114814.1640625,15040,0.0,0.0
2025-01-10 00:00:00+09:00,114814.15883709016,115759.90973360656,114719.58374743852,115381.609375,12787,0.0,0.0
2025-01-14 00:00:00+09:00,116138.21361019737,117083.96453536184,114908.73740748355,115003.3125,20208,0.0,0.0
2025-01-15 00:00:00+09:00,115003.31213632585,116516.51361180382,113206.38538419576,113773.8359375,23068,0.0,0.0
2025-01-16 00:00:00+09:00,113962.98612193475,114246.71139858686,113300.96047641314,113773.8359375,15081,0.0,0.0
2025-01-17 00:00:00+09:00,113395.54257975942,114152.14336427825,112544.36669717573,113017.2421875,21422,0.0,0.0
2025-01-20 00:00:00+09:00,112828.09072200084,113111.81601300335,112071.48994599412,112733.515625,17961,0.0,0.0
2025-01-21 00:00:00+09:00,112355.2109375,112922.66149779041,111882.33547059134,112355.2109375,21684,0.0,0.0
2025-01-22 00:00:00+09:00,112544.35548528789,112638.930573931,111693.1796875,111693.1796875,19581,0.0,0.0
2025-01-23 00:00:00+09:00,111220.30681339512,112638.93317581087,111220.30681339512,112260.6328125,22049,0.0,0.0
2025-01-24 00:00:00+09:00,112260.63606824241,115665.33943678219,112260.63606824241,115287.0390625,22726,0.0,0.0
2025-01-27 00:00:00+09:00,115854.4929795215,117178.54432785888,115570.76769059205,116611.09375,18965,0.0,0.0
2025-01-28 00:00:00+09:00,116800.2399733293,118691.74183524557,116516.51469404186,117462.265625,29787,0.0,0.0
2025-01-29 00:00:00+09:00,117178.53513746995,118880.88673753005,117083.96004857772,118029.7109375,20643,0.0,0.0
2025-01-30 00:00:00+09:00,118029.71712662336,118218.86731432629,116516.515625,116516.515625,16971,0.0,0.0
2025-01-31 00:00:00+09:00,116894.81728238867,117367.69275683198,116232.79161816802,116800.2421875,21495,0.0,0.0
2025-02-03 00:00:00+09:00,116421.94147657527,116894.81694967266,115381.61543576104,115570.765625,15532,0.0,0.0
2025-02-04 00:00:00+09:00,115854.484375,116611.08508928571,115097.88366071429,115854.484375,17109,0.0,0.0
2025-02-05 00:00:00+09:00,115381.61194942903,116232.78777528548,115003.31158238174,115949.0625,13954,0.0,0.0
2025-02-06 00:00:00+09:00,115949.06459680678,117083.9657184721,115854.48950333467,116989.390625,17423,0.0,0.0
2025-02-07 00:00:00+09:00,116989.3974476243,118124.29863547515,116516.52195268645,117935.1484375,31229,0.0,0.0
2025-02-10 00:00:00+09:00,117273.11461709886,117840.56517169773,116611.08897006686,116705.6640625,29208,0.0,0.0
2025-02-12 00:00:00+09:00,116800.24090655438,117462.26656351461,115097.88921722808,116516.515625,20884,0.0,0.0
2025-02-13 00:00:00+09:00,116705.6648802335,117651.41581119162,116516.51469404186,117462.265625,18170,0.0,0.0
2025-02-14 00:00:00+09:00,117840.57000202758,118029.7201946472,116421.94355738038,116611.09375,18274,0.0,0.0
2025-02-17 00:00:00+09:00,117083.96433206869,118408.015625,116421.93868560303,118408.015625,19177,0.0,0.0
2025-02-18 00:00:00+09:00,118408.01690737052,119164.61765438247,117462.26597360558,118691.7421875,18944,0.0,0.0
2025-02-19 00:00:00+09:00,118691.74489641996,119164.62037409493,116989.39317679002,117556.84375,20829,0.0,0.0
2025-02-20 00:00:00+09:00,117462.26913368337,117556.8442296042,116705.66836631665,117083.96875,20082,0.0,0.0
2025-02-21 00:00:00+09:00,116611.08422991988,116894.8094956861,115097.8828125,115097.8828125,26341,0.0,0.0
2025-02-25 00:00:00+09:00,114625.00821428571,116138.20964285714,114625.00821428571,115854.484375,25661,0.0,0.0
2025-02-26 00:00:00+09:00,116989.3961892082,118502.59775673231,116138.22030747589,117651.421875,31939,0.0,0.0
2025-02-27 00:00:00+09:00,117745.99331679502,119732.0703125,117745.99331679502,119732.0703125,24054,0.0,0.0
2025-02-28 00:00:00+09:00,119732.07403034567,120015.79932425644,117651.421875,117651.421875,41766,0.0,0.0
2025-03-03 00:00:00+09:00,117462.268654465,117935.14413213999,116232.79241251005,117556.84375,15687,0.0,0.0
2025-03-04 00:00:00+09:00,118124.2935159413,118124.2935159413,116421.94180794535,116800.2421875,15850,0.0,0.0
2025-03-05 00:00:00+09:00,117367.69146966314,117462.26656351461,116138.21524959416,116516.515625,15270,0.0,0.0
2025-03-06 00:00:00+09:00,116611.09579732717,118313.4475607918,116611.09579732717,117651.421875,20697,0.0,0.0
2025-03-07 00:00:00+09:00,117556.83821454228,117840.56348778735,115097.88584641831,115192.4609375,19638,0.0,0.0
2025-03-10 00:00:00+09:00,115287.03512444015,117083.96184089984,115287.03512444015,116138.2109375,15381,0.0,0.0
2025-03-11 00:00:00+09:00,116327.36624243952,117840.56775453629,115759.91567540323,117273.1171875,21255,0.0,0.0
2025-03-12 00:00:00+09:00,117462.2673765121,118313.44322706653,116989.39190398186,117273.1171875,19857,0.0,0.0
2025-03-13 00:00:00+09:00,117462.265625,118029.71618357487,116989.39015952093,117462.265625,16144,0.0,0.0
2025-03-14 00:00:00+09:00,117462.26992626405,118313.44579529495,117367.69482970507,117840.5703125,26112,0.0,0.0
2025-03-17 00:00:00+09:00,118408.01297962817,119637.48915273933,118029.71261867089,119542.9140625,15432,0.0,0.0
2025-03-18 00:00:00+09:00,119542.91837539432,120204.94403095427,118691.74253253156,119921.21875,16355,0.0,0.0
2025-03-19 00:00:00+09:00,118975.47112665756,121812.72401521061,118786.32093408736,121245.2734375,17515,0.0,0.0
2025-03-21 00:00:00+09:00,120772.39319466095,122380.1697681216,120583.24300954794,121339.84375,44575,0.0,0.0
2025-03-24 00:00:00+09:00,122569.3230140187,122569.3230140187,120488.67092581776,121434.421875,12747,0.0,0.0
2025-03-25 00:00:00+09:00,120394.09883268483,122001.87548638132,120394.09883268483,121529.0,15399,0.0,0.0
2025-03-26 00:00:00+09:00,121339.84155159885,122001.8671875,120204.94046148256,122001.8671875,16852,0.0,0.0
2025-03-27 00:00:00+09:00,121812.72243346008,124366.25,121623.572243346,124366.25,18008,0.0,0.0
2025-03-28 00:00:00+09:00,123515.07287299924,124082.5234375,122947.62230849848,124082.5234375,24692,0.0,0.0
2025-03-31 00:00:00+09:00,122474.74888392858,122758.47417091837,120015.79639668367,120488.671875,29176,0.0,0.0
2025-04-01 00:00:00+09:00,121056.12197028928,122001.87292318216,120110.37101739639,120961.546875,21177,0.0,0.0
2025-04-02 00:00:00+09:00,120961.55039215686,121056.12549019608,119826.64921568628,120583.25,18515,0.0,0.0
2025-04-03 00:00:00+09:00,120204.9374696955,121907.2890625,119542.91185027153,121907.2890625,22077,0.0,0.0
2025-04-04 00:00:00+09:00,122947.62162227838,123136.77180938958,121434.4201253888,121623.5703125,28534,0.0,0.0
2025-04-07 00:00:00+09:00,118502.59246875001,120677.819625,117462.2664375,118218.8671875,31127,0.0,0.0
2025-04-08 00:00:00+09:00,117462.26788843458,122758.47320385514,117462.26788843458,121434.421875,33969,0.0,0.0
2025-04-09 00:00:00+09:00,119164.61867272024,122758.47225173879,119164.61867272024,122380.171875,27948,0.0,0.0
2025-04-10 00:00:00+09:00,124366.2525430545,126257.75448287283,122474.75060323619,124933.703125,31567,0.0,0.0
2025-04-11 00:00:00+09:00,122947.61921557561,127298.07343397291,122758.46903216704,125690.296875,26377,0.0,0.0
2025-04-14 00:00:00+09:00,126730.6302708021,127487.23104853823,126163.1796875,126163.1796875,17570,0.0,0.0
2025-04-15 00:00:00+09:00,126446.89890085398,127203.49964222034,125122.84760346283,125974.0234375,16522,0.0,0.0
2025-04-16 00:00:00+09:00,126636.05245867385,127487.2283153789,125974.0267923477,127298.078125,18751,0.0,0.0
2025-04-17 00:00:00+09:00,127014.35074906368,127108.92584269664,125217.42397003746,126257.75,19657,0.0,0.0
2025-04-18 00:00:00+09:00,126541.46919542385,126541.46919542385,125311.99303732182,126068.59375,17251,0.0,0.0
2025-04-21 00:00:00+09:00,125690.29513171488,125974.02040289257,125311.99477014464,125879.4453125,12664,0.0,0.0
2025-04-22 00:00:00+09:00,125595.71830457615,126352.31901725431,125406.5681264066,126068.59375,17010,0.0,0.0
2025-04-23 00:00:00+09:00,126541.47352982423,126636.04862214846,124366.24640636686,126446.8984375,26766,0.0,0.0
2025-04-24 00:00:00+09:00,125595.72224320241,126068.59770345544,124082.52077039274,125217.421875,14771,0.0,0.0
2025-04-25 00:00:00+09:00,125879.44401826055,126636.044733622,125122.8433028991,125595.71875,20178,0.0,0.0
2025-04-28 00:00:00+09:00,125784.86718749999,126541.46789238721,125690.29209938909,125784.8671875,12398,0.0,0.0
2025-04-30 00:00:00+09:00,125406.5703125,126163.17103836728,124366.24431443251,125406.5703125,28970,0.0,0.0
2025-05-01 00:00:00+09:00,125690.2972417567,127203.49871344077,125122.8466898752,126919.7734375,13761,0.0,0.0
2025-05-02 00:00:00+09:00,126919.7777442422,127960.10379132615,126446.90226829494,127298.078125,17569,0.0,0.0
2025-05-07 00:00:00+09:00,128243.82125376507,128432.97143260542,125311.99348173945,125595.71875,25017,0.0,0.0
2025-05-08 00:00:00+09:00,126541.47049260853,127203.49612298839,125879.44486222866,126352.3203125,18125,0.0,0.0
2025-05-09 00:00:00+09:00,126352.31857249627,126636.04383875187,125028.26732997011,126541.46875,25828,0.0,0.0
2025-05-12 00:00:00+09:00,126636.04898148148,127960.10027777778,126352.3237037037,127676.375,12797,0.0,0.0
2025-05-13 00:00:00+09:00,127581.80893059757,127770.95912916036,124366.25555503025,125028.28125,24308,0.0,0.0
2025-05-14 00:00:00+09:00,124366.24604654456,125690.29733525301,124082.52077039274,125217.421875,13508,0.0,0.0
2025-05-15 00:00:00+09:00,125406.56553786738,125879.44097353052,124839.1150150716,125501.140625,16934,0.0,0.0
2025-05-16 00:00:00+09:00,125501.15018867925,125879.45056603775,124460.8241509434,125312.0,13984,0.0,0.0
2025-05-19 00:00:00+09:00,125312.00351296367,125406.57860995458,124082.52725208175,124933.703125,16881,0.0,0.0
2025-05-20 00:00:00+09:00,125217.42066385265,125406.57084612433,122380.16792977744,123231.34375,22394,0.0,0.0
2025-05-21 00:00:00+09:00,123042.19273045367,123325.9180019305,122001.86673503861,122474.7421875,20048,0.0,0.0
2025-05-22 00:00:00+09:00,122947.62068383487,123231.34596233602,121907.29466266396,122569.3203125,14731,0.0,0.0
2025-05-23 00:00:00+09:00,122758.47131422546,123515.07206192485,122663.89622076304,123325.921875,11388,0.0,0.0
2025-05-26 00:00:00+09:00,124271.671875,125122.84770976027,123609.646225742,124271.671875,9275,0.0,0.0
2025-05-27 00:00:00+09:00,124460.82509505704,124744.55038022813,123515.07414448669,124366.25,10396,0.0,0.0
2025-05-28 00:00:00+09:00,125028.26821347892,125595.71875,124460.81767695783,125595.71875,21974,0.0,0.0
2025-05-29 00:00:00+09:00,125122.85204263087,125406.5773307094,123798.80069826441,124649.9765625,18788,0.0,0.0
2025-05-30 00:00:00+09:00,124839.12851443769,125122.85380651595,124082.52773556231,124460.828125,32241,0.0,0.0
2025-06-02 00:00:00+09:00,125312.0,125879.45056603775,124555.39924528303,125312.0,15386,0.0,0.0
2025-06-03 00:00:00+09:00,125312.0,125595.72528301887,123987.94867924528,125312.0,10488,0.0,0.0
2025-06-04 00:00:00+09:00,125217.42141647855,125784.87196670429,124744.5459579571,125690.296875,13022,0.0,0.0
2025-06-05 00:00:00+09:00,125784.86718749999,126352.3177161654,125311.99174694548,125784.8671875,14353,0.0,0.0
2025-06-06 00:00:00+09:00,125784.87233373696,126919.7734375,125784.87233373696,126919.7734375,10488,0.0,0.0
2025-06-09 00:00:00+09:00,126541.48155562927,127014.35704724223,124744.5546875,124744.5546875,12760,0.0,0.0
2025-06-10 00:00:00+09:00,124839.12675455234,125406.5773307094,124649.9765625,124649.9765625,15219,0.0,0.0
2025-06-11 00:00:00+09:00,124933.7061507186,125784.88204425114,124649.98085287443,125028.28125,15866,0.0,0.0
2025-06-12 00:00:00+09:00,124744.54294521837,126352.31946536145,124649.9678557982,125595.71875,25308,0.0,0.0
2025-06-13 00:00:00+09:00,125217.42397003746,126257.75,125028.27378277155,126257.75,33043,0.0,0.0
2025-06-16 00:00:00+09:00,126541.46919542385,127203.49481901726,125501.14321549136,126068.59375,16096,0.0,0.0
2025-06-17 00:00:00+09:00,126163.1675399436,126352.3177161654,125028.26648261277,125784.8671875,14377,0.0,0.0
2025-06-18 00:00:00+09:00,125122.85508079038,125879.45586737111,124366.25429420963,124744.5546875,23885,0.0,0.0
2025-06-19 00:00:00+09:00,125217.41536360212,125974.01606066315,124555.3897536737,125501.140625,14063,0.0,0.0
2025-06-20 00:00:00+09:00,124366.24431443251,125974.02085690046,124366.24431443251,125406.5703125,46053,0.0,0.0
2025-06-23 00:00:00+09:00,125595.71959206587,126636.0455826628,125311.99432190307,126352.3203125,15543,0.0,0.0
2025-06-24 00:00:00+09:00,126163.1796875,126730.6302708021,125784.87929863193,126163.1796875,15597,0.0,0.0
2025-06-25 00:00:00+09:00,126163.1796875,126730.6302708021,125501.15400698088,126163.1796875,20840,0.0,0.0
2025-06-26 00:00:00+09:00,125784.8732521584,126541.47399352476,124744.54723277965,125974.0234375,51519,0.0,0.0
2025-06-27 00:00:00+09:00,126547.49029051626,127511.29448160931,126161.96861407904,127414.9140625,29359,2495.0,0.0
2025-06-30 00:00:00+09:00,127029.39350545523,129535.28442437924,126933.01308549661,128089.578125,42161,0.0,0.0
2025-07-01 00:00:00+09:00,128089.57147034057,129824.41893946481,127800.43022548653,128764.234375,56809,0.0,0.0
2025-07-02 00:00:00+09:00,127993.19167291824,129053.37624249813,127222.1483495874,128475.09375,50033,0.0,0.0
2025-07-03 00:00:00+09:00,128956.99771053625,129246.1389610083,127414.91104135195,127607.671875,22648,0.0,0.0
2025-07-04 00:00:00+09:00,128089.57763338703,128089.57763338703,127125.7734375,127125.7734375,13368,0.0,0.0
2025-07-07 00:00:00+09:00,127511.29434691012,128764.23979400749,127318.53350889513,128667.859375,12577,0.0,0.0
2025-07-08 00:00:00+09:00,128764.23826628353,128764.23826628353,125776.4453125,125776.4453125,34141,0.0,0.0
2025-07-09 00:00:00+09:00,125487.29934593022,126065.58183139534,124330.734375,124330.734375,28055,0.0,0.0
2025-07-10 00:00:00+09:00,125294.5444813318,126065.58783198615,124716.26196834103,125198.1640625,19678,0.0,0.0
2025-07-11 00:00:00+09:00,124909.0263006886,126451.11304514154,124909.0263006886,125969.2109375,18758,0.0,0.0
2025-07-14 00:00:00+09:00,126451.10987140695,127414.9140625,126354.72945229766,127414.9140625,17400,0.0,0.0
2025-07-15 00:00:00+09:00,127414.91533292174,127704.0565931326,126740.25239242971,126836.6328125,20934,0.0,0.0
2025-07-16 00:00:00+09:00,127125.76378953313,128667.85038591867,126933.00296498493,127993.1875,24593,0.0,0.0
2025-07-17 00:00:00+09:00,128089.5809818097,130113.56984608209,127800.43971548507,129149.765625,18643,0.0,0.0
2025-07-18 00:00:00+09:00,129149.76147003745,129824.42440308988,128667.859375,128667.859375,19468,0.0,0.0
2025-07-22 00:00:00+09:00,129149.75833333333,130499.08416666667,128860.61708333333,130113.5625,25417,0.0,0.0
2025-07-23 00:00:00+09:00,130017.18372805414,132908.59626463059,129824.42289228238,131752.03125,31123,0.0,0.0
2025-07-24 00:00:00+09:00,132812.21333393763,133486.8762463742,132041.1700054387,132908.59375,20673,0.0,0.0
2025-07-25 00:00:00+09:00,132908.5883378623,133776.01204710145,132523.06668931158,133004.96875,15509,0.0,0.0
2025-07-28 00:00:00+09:00,133004.96875,133968.7728713768,132233.92545289855,133004.96875,18784,0.0,0.0
2025-07-29 00:00:00+09:00,132619.46203904555,133390.5054229935,132330.32077006507,133294.125,18793,0.0,0.0
2025-07-30 00:00:00+09:00,133390.50413966883,134450.68878239742,133004.9824514039,133872.40625,31099,0.0,0.0
2025-07-31 00:00:00+09:00,133968.78188085798,134257.92313671595,133486.87978776137,133679.640625,20847,0.0,0.0
2025-08-01 00:00:00+09:00,133583.2643453664,134643.448983028,133583.2643453664,134161.546875,17049,0.0,0.0
2025-08-04 00:00:00+09:00,134065.1664533944,134450.6881398168,133101.36223733836,134161.546875,21699,0.0,0.0
2025-08-05 00:00:00+09:00,134065.162933526,135028.96712427746,133390.5,133390.5,21260,0.0,0.0
2025-08-06 00:00:00+09:00,133486.87728958184,135125.34437544676,133294.1164559507,134836.203125,23518,0.0,0.0
2025-08-07 00:00:00+09:00,134836.20601728724,135896.390625,134643.44517952128,135896.390625,21359,0.0,0.0
2025-08-08 00:00:00+09:00,135896.3822544643,136474.66473214285,134161.53482142856,134932.578125,33049,0.0,0.0
2025-08-12 00:00:00+09:00,135028.97224316892,135992.7764704578,134739.83097498227,135800.015625,24888,0.0,0.0
2025-08-13 00:00:00+09:00,136378.30076726913,136378.30076726913,134065.17057757694,134643.453125,22952,0.0,0.0
2025-08-14 00:00:00+09:00,134643.43998194946,134836.20081227436,132908.59250902527,133486.875,29546,0.0,0.0
2025-08-15 00:00:00+09:00,133679.6375044579,135125.34375,133294.11583898,135125.34375,20860,0.0,0.0
2025-08-18 00:00:00+09:00,133872.39527831686,137631.2314308398,133872.39527831686,136571.046875,18008,0.0,0.0
2025-08-19 00:00:00+09:00,136571.050824413,139655.22416695443,136571.050824413,139558.84375,23140,0.0,0.0
2025-08-20 00:00:00+09:00,140426.27264723353,144570.6307281059,139944.37054480653,141968.359375,38932,0.0,0.0
2025-08-21 00:00:00+09:00,141968.35290577717,142450.25498624484,140137.125,140137.125,19140,0.0,0.0
2025-08-22 00:00:00+09:00,140040.74164067913,140811.78495322246,139076.9375,139076.9375,14437,0.0,0.0
2025-08-25 00:00:00+09:00,140137.1275138696,140233.5079316921,138691.42124653258,138980.5625,11290,0.0,0.0
2025-08-26 00:00:00+09:00,139269.69412812934,139751.59618393602,138595.03125,138595.03125,32521,0.0,0.0
2025-08-27 00:00:00+09:00,139366.07211206897,139751.59375,138691.40924568966,139751.59375,19528,0.0,0.0
2025-08-28 00:00:00+09:00,139847.98626040222,139847.98626040222,138209.51915742023,138980.5625,13605,0.0,0.0
2025-08-29 00:00:00+09:00,138884.1810500176,138884.1810500176,137052.953125,137052.953125,19928,0.0,0.0
2025-09-01 00:00:00+09:00,137342.09004677754,139751.6003984754,137245.70963270962,139076.9375,15039,0.0,0.0
2025-09-02 00:00:00+09:00,138787.8041958042,138980.56503496505,137631.23916083918,137824.0,12843,0.0,0.0
2025-09-03 00:00:00+09:00,137534.8600114115,137727.62085235253,135992.77328388343,137245.71875,23222,0.0,0.0
2025-09-04 00:00:00+09:00,136667.43397606382,136860.1948138298,135221.72769281914,135896.390625,23899,0.0,0.0
2025-09-05 00:00:00+09:00,135896.3918936966,135896.3918936966,134257.9247573896,135318.109375,23483,0.0,0.0
2025-09-08 00:00:00+09:00,135703.63392226148,137342.10109319788,135414.49265680212,136378.296875,18429,0.0,0.0
2025-09-09 00:00:00+09:00,136378.28543133804,137342.08956866196,136185.52460387323,136860.1875,20215,0.0,0.0
2025-09-10 00:00:00+09:00,135703.63392226148,136571.05771863958,135510.87307862192,136378.296875,18311,0.0,0.0
2025-09-11 00:00:00+09:00,136089.14957716703,137534.85584038054,135896.38874207187,136763.8125,15845,0.0,0.0
2025-09-12 00:00:00+09:00,135896.39098482206,138209.52104413818,135896.39098482206,138113.140625,33075,0.0,0.0
2025-09-16 00:00:00+09:00,137920.37852892632,138980.5631297776,137534.8568558895,138691.421875,23218,0.0,0.0
2025-09-17 00:00:00+09:00,137824.00063507358,138691.4244152943,136956.57685485284,137534.859375,18401,0.0,0.0
2025-09-18 00:00:00+09:00,137534.85101667256,138016.75308750884,136571.046875,136571.046875,13759,0.0,0.0
2025-09-19 00:00:00+09:00,136860.20442892503,138016.7695367751,134643.45463887908,136281.921875,69336,0.0,0.0
2025-09-22 00:00:00+09:00,136474.67250530786,137342.09627123142,135896.38999469214,136185.53125,18193,0.0,0.0
2025-09-24 00:00:00+09:00,136860.18811750176,136956.56853166904,135992.76438999648,136571.046875,16719,0.0,0.0
2025-09-25 00:00:00+09:00,136474.671875,137149.33480093573,135800.00894906427,136474.671875,21468,0.0,0.0
2025-09-26 00:00:00+09:00,136956.57685485284,137534.859375,136474.6747547302,137534.859375,17279,0.0,0.0
2025-09-29 00:00:00+09:00,137149.3337661175,137149.3337661175,134547.0625,134547.0625,21259,0.0,0.0
2025-09-30 00:00:00+09:00,135896.37802419355,135896.37802419355,134065.15023521506,134450.671875,21230,0.0,0.0
2025-10-01 00:00:00+09:00,135028.96712427746,135221.72796242774,132812.21748554913,133390.5,20934,0.0,0.0
2025-10-02 00:00:00+09:00,134161.54083094557,135992.76875895416,132619.4541547278,134547.0625,20923,0.0,0.0
2025-10-03 00:00:00+09:00,133968.78731511545,134932.59154040404,133294.1243574134,133583.265625,11114,0.0,0.0
2025-10-06 00:00:00+09:00,134739.82146352314,136185.52770240215,134547.0606316726,135414.484375,14495,0.0,0.0
2025-10-07 00:00:00+09:00,134547.06187455324,135896.3877099714,134354.3010409221,134836.203125,13342,0.0,0.0
2025-10-08 00:00:00+09:00,134932.57935796268,135800.00308240674,134354.296875,134354.296875,14279,0.0,0.0
2025-10-09 00:00:00+09:00,133968.77769989145,134450.67977794862,132523.07146571996,133197.734375,18261,0.0,0.0
2025-10-10 00:00:00+09:00,133486.87081068842,133486.87081068842,132330.30586503624,133004.96875,10146,0.0,0.0
2025-10-14 00:00:00+09:00,133004.97895546706,133197.73979453294,131752.03350153874,133101.359375,15385,0.0,0.0
2025-10-15 00:00:00+09:00,133004.9783236994,134065.162933526,132812.21748554913,133390.5,15069,0.0,0.0
2025-10-16 00:00:00+09:00,134161.53604734575,134643.43811648135,133486.87315055594,134354.296875,10975,0.0,0.0
2025-10-17 00:00:00+09:00,134065.15979047533,135028.96395863115,134065.15979047533,134836.203125,12054,0.0,0.0
2025-10-20 00:00:00+09:00,135125.34437544676,135510.86604270907,133679.63812321302,134836.203125,19222,0.0,0.0
2025-10-21 00:00:00+09:00,135318.0997767857,135510.8606026786,134547.0564732143,134932.578125,12440,0.0,0.0
2025-10-22 00:00:00+09:00,135510.87435681335,136089.15689318668,135028.97224316892,135800.015625,12402,0.0,0.0
2025-10-23 00:00:00+09:00,135318.10685911018,136763.81312897246,134739.82435116527,136474.671875,17709,0.0,0.0
2025-10-24 00:00:00+09:00,136474.6580490405,136956.56009017414,135607.234375,135607.234375,22795,0.0,0.0
2025-10-27 00:00:00+09:00,135992.76316540758,137149.328125,135607.2415122101,137149.328125,17263,0.0,0.0
2025-10-28 00:00:00+09:00,136763.80350345254,137438.4663819051,135896.37980258497,136089.140625,15930,0.0,0.0
2025-10-29 00:00:00+09:00,136763.82400327086,136956.5848545792,135510.8784697666,136281.921875,17332,0.0,0.0
2025-10-30 00:00:00+09:00,135896.3821441094,137727.6099886045,135510.86049263674,137438.46875,18735,0.0,0.0
2025-10-31 00:00:00+09:00,136860.1922907876,138691.4202158052,136860.1922907876,137052.953125,24356,0.0,0.0
2025-11-04 00:00:00+09:00,137823.9993675855,138209.52104413818,136956.57559534194,138113.140625,20263,0.0,0.0
2025-11-05 00:00:00+09:00,137149.33394247404,139269.703125,136667.43185553633,139269.703125,35739,0.0,0.0
2025-11-06 00:00:00+09:00,138884.19292534722,139269.7146267361,137920.388671875,138787.8125,20004,0.0,0.0
2025-11-07 00:00:00+09:00,138305.90908108576,140426.27841891424,138305.90908108576,139366.09375,16312,0.0,0.0
2025-11-10 00:00:00+09:00,139847.99171582234,140137.13298056903,138884.1875,138884.1875,17314,0.0,0.0
2025-11-11 00:00:00+09:00,139269.70885523176,141390.078125,138884.18716981934,141390.078125,16300,0.0,0.0
2025-11-12 00:00:00+09:00,141293.69898613964,141968.36194173511,140811.796875,140811.796875,16549,0.0,0.0
2025-11-13 00:00:00+09:00,140329.888113079,141486.453125,140137.12727775885,141486.453125,14944,0.0,0.0
2025-11-14 00:00:00+09:00,141679.21459044368,142546.6383532423,140619.02999146757,141197.3125,14174,0.0,0.0
2025-11-17 00:00:00+09:00,141582.8256773295,142739.390625,141100.92361580013,142739.390625,16562,0.0,0.0
2025-11-18 00:00:00+09:00,142739.40597136487,143124.92766203705,140522.65625,140522.65625,25810,0.0,0.0
2025-11-19 00:00:00+09:00,140715.40687199726,141390.0697816575,140329.88520933423,140426.265625,21787,0.0,0.0
2025-11-20 00:00:00+09:00,141100.9381416838,142353.88363064683,140522.6556083162,140811.796875,23525,0.0,0.0
2025-11-21 00:00:00+09:00,141100.93245967742,143414.0625,141004.55204133064,143414.0625,29552,0.0,0.0
2025-11-25 00:00:00+09:00,144474.24583751673,144570.62625502006,142450.25706994644,143992.34375,19194,0.0,0.0
2025-11-26 00:00:00+09:00,144088.72354083165,144281.484375,142835.77811873748,144281.484375,16079,0.0,0.0
2025-11-27 00:00:00+09:00,144281.48005187747,146305.46875,144185.09963768115,146305.46875,14873,0.0,0.0
2025-11-28 00:00:00+09:00,145727.18092766244,145919.9417489953,142739.38819700267,143895.953125,24466,0.0,0.0
2025-12-01 00:00:00+09:00,143124.9136257764,143992.3373447205,139655.21875,139655.21875,27419,0.0,0.0
2025-12-02 00:00:00+09:00,140329.88583218705,141004.5487448418,139173.32083906463,140137.125,21809,0.0,0.0
2025-12-03 00:00:00+09:00,140137.13169488596,140137.13169488596,138498.66454302004,139462.46875,15218,0.0,0.0
2025-12-04 00:00:00+09:00,139655.22248427672,139655.22248427672,137920.375,137920.375,14036,0.0,0.0
2025-12-05 00:00:00+09:00,137631.23080985915,137823.99163732395,136763.8070862676,136860.1875,11553,0.0,0.0
2025-12-08 00:00:00+09:00,137245.7206713781,137534.86193683746,135703.63392226148,136378.296875,14704,0.0,0.0
2025-12-09 00:00:00+09:00,135125.35676714993,137149.34570588756,134836.2154901874,136281.921875,19194,0.0,0.0
2025-12-10 00:00:00+09:00,136089.15370435393,137727.62085235253,135800.01244294242,137245.71875,19556,0.0,0.0
2025-12-11 00:00:00+09:00,136956.57270789382,137342.09437631856,135510.86645130097,137052.953125,13058,0.0,0.0
2025-12-12 00:00:00+09:00,136281.92144097222,138980.57335069444,136281.92144097222,138787.8125,34302,0.0,0.0
2025-12-15 00:00:00+09:00,138787.8022932592,139462.46522107365,138402.28062022236,138691.421875,11963,0.0,0.0
2025-12-16 00:00:00+09:00,138595.03728643653,139076.9393632322,137534.85271748606,138209.515625,17753,0.0,0.0
2025-12-17 00:00:00+09:00,138113.14540505226,139076.94962979094,137824.00413763066,138305.90625,18734,0.0,0.0
2025-12-18 00:00:00+09:00,138884.172483484,140040.73741742002,138113.12919419332,138595.03125,16039,0.0,0.0
2025-12-19 00:00:00+09:00,138787.79085872576,139462.4537309557,138691.4104484072,139173.3125,27612,0.0,0.0
2025-12-22 00:00:00+09:00,139366.0825,139751.60416666666,137342.09375,137342.09375,16428,0.0,0.0
2025-12-23 00:00:00+09:00,138305.89728860295,138305.89728860295,136281.90854779413,137631.234375,15681,0.0,0.0
2025-12-24 00:00:00+09:00,137631.23375262055,138305.8966631726,137149.3316736548,137920.375,9300,0.0,0.0
2025-12-25 00:00:00+09:00,138691.42665683554,139173.3287647467,138305.90497050658,138884.1875,6872,0.0,0.0
2025-12-26 00:00:00+09:00,139173.3179140679,139269.69832813583,137920.37253118504,139076.9375,18312,0.0,0.0
2025-12-29 00:00:00+09:00,139129.88028397303,141777.171875,138639.64110044952,141777.171875,26217,2454.0,0.0
2025-12-30 00:00:00+09:00,141679.12477038137,142169.36395643806,140012.31153778866,140110.359375,25643,0.0,0.0
2026-01-05 00:00:00+09:00,142855.70571817862,142855.70571817862,139424.03125,139424.03125,22339,0.0,0.0
2026-01-06 00:00:00+09:00,139914.27446173292,140698.65721975244,139325.98739321827,140600.609375,14915,0.0,0.0
2026-01-07 00:00:00+09:00,139718.17780923346,141384.99115853658,139227.93858885017,140698.65625,17458,0.0,0.0
2026-01-08 00:00:00+09:00,140208.40625,141188.88461538462,139522.07139423076,140208.40625,31072,0.0,0.0
2026-01-09 00:00:00+09:00,140796.69230433262,141188.88364779874,140012.3096174004,140306.453125,16899,0.0,0.0
2026-01-13 00:00:00+09:00,140698.65045975018,141384.98534004163,139914.26773941706,141286.9375,34116,0.0,0.0
2026-01-14 00:00:00+09:00,141286.94055192574,142757.65818431912,141286.94055192574,142561.5625,32257,0.0,0.0
2026-01-15 00:00:00+09:00,142561.56169272604,144620.5663664174,142365.46600951735,144228.375,41961,0.0,0.0
2026-01-16 00:00:00+09:00,146385.421875,149326.8570097957,145601.0391723878,146385.421875,43546,0.0,0.0
2026-01-19 00:00:00+09:00,146189.33005582605,146483.47357706513,145110.80381128273,145993.234375,27547,0.0,0.0
2026-01-20 00:00:00+09:00,145895.18943472407,146777.6200159825,145012.75885346567,145699.09375,57777,0.0,0.0
2026-01-21 00:00:00+09:00,143051.8005776581,144326.42251563587,141090.84375,141090.84375,57198,0.0,0.0
2026-01-22 00:00:00+09:00,142463.51842529638,142855.70980430613,140600.609375,140600.609375,30336,0.0,0.0
2026-01-23 00:00:00+09:00,141384.99213301952,141384.99213301952,139620.1309274756,140600.609375,23006,0.0,0.0
2026-01-26 00:00:00+09:00,139718.17091076437,139816.21875,138737.69251840815,139816.21875,20694,0.0,0.0
2026-01-27 00:00:00+09:00,138835.7420987216,139718.1726629084,137757.2158536044,138051.359375,26221,0.0,0.0
2026-01-28 00:00:00+09:00,138051.35265017668,138737.6875,137561.11347173146,138737.6875,28064,0.0,0.0
2026-01-29 00:00:00+09:00,138443.55595279118,142267.421875,137365.02966703995,142267.421875,35626,0.0,0.0
2026-01-30 00:00:00+09:00,141875.23037891986,142071.32606707318,140502.56056184668,140698.65625,42936,0.0,0.0
2026-02-02 00:00:00+09:00,142071.3231376043,142659.61018993394,140796.70119089013,140992.796875,21627,0.0,0.0
2026-02-03 00:00:00+09:00,141581.08216002746,143051.79977249313,141286.93863753433,142757.65625,21287,0.0,0.0
2026-02-04 00:00:00+09:00,142169.3760665529,144326.42866894198,140992.80191979522,143640.09375,28463,0.0,0.0
2026-02-05 00:00:00+09:00,144522.52338420873,145110.8104536153,143051.80571069237,143738.140625,23623,0.0,0.0
2026-02-06 00:00:00+09:00,144228.36803180573,144228.36803180573,142365.45913132693,143345.9375,19569,0.0,0.0
2026-02-09 00:00:00+09:00,143836.17958576078,143934.2274246059,142365.4620030843,143051.796875,26366,0.0,0.0
2026-02-10 00:00:00+09:00,144130.33103271984,144130.33103271984,142267.42199216087,143836.1875,19688,0.0,0.0
2026-02-12 00:00:00+09:00,142365.46778217482,143443.9940532519,141286.94151109774,142463.515625,33596,0.0,0.0
2026-02-13 00:00:00+09:00,142071.3270462866,142757.6619595537,140404.51368549513,140600.609375,20139,0.0,0.0
2026-02-16 00:00:00+09:00,141581.0792923235,143051.796875,140796.69658156272,143051.796875,21939,0.0,0.0
2026-02-17 00:00:00+09:00,141875.21947115386,142463.5064903846,139325.97572115384,140208.40625,23149,0.0,0.0
2026-02-18 00:00:00+09:00,140404.50216113415,142953.74591545644,139718.16730420126,141777.171875,26886,0.0,0.0
2026-02-19 00:00:00+09:00,141286.934392507,141483.03006827732,139914.26466211485,140012.3125,20340,0.0,0.0
2026-02-20 00:00:00+09:00,140796.6973387656,141483.0322143724,140404.50598127602,141384.984375,22957,0.0,0.0
2026-02-24 00:00:00+09:00,142855.70099185724,142855.70099185724,140698.64854036729,141483.03125,31065,0.0,0.0
2026-02-25 00:00:00+09:00,142365.4631529851,144522.515625,141679.12827552579,144522.515625,32350,0.0,0.0
2026-02-26 00:00:00+09:00,144522.51200635877,146679.56442436413,143738.12930890228,146483.46875,36940,0.0,0.0
2026-02-27 00:00:00+09:00,146189.3336523572,146287.3814951824,142463.515625,142463.515625,46078,0.0,0.0
2026-03-02 00:00:00+09:00,142169.3615522541,143836.17475665984,141286.9310322746,143542.03125,21937,0.0,0.0
2026-03-03 00:00:00+09:00,141384.9863064236,141973.27335069445,140502.55574001736,141188.890625,24154,0.0,0.0
2026-03-04 00:00:00+09:00,140992.79574402672,141188.8914265636,138737.69539485243,139522.078125,31826,0.0,0.0
2026-03-05 00:00:00+09:00,141679.12307791982,144032.27114288183,141483.02740583968,141875.21875,33450,0.0,0.0
2026-03-06 00:00:00+09:00,141188.89449860723,141875.2294024199,139914.2725343837,140796.703125,26076,0.0,0.0
2026-03-09 00:00:00+09:00,138247.45141806724,140698.64736519608,137561.11655287116,140012.3125,30440,0.0,0.0
2026-03-10 00:00:00+09:00,140698.6494993932,141581.0800537448,140110.36246315882,141384.984375,24603,0.0,0.0
2026-03-11 00:00:00+09:00,141581.0850395733,143051.80268195114,140404.51092567103,142463.515625,14686,0.0,0.0
2026-03-12 00:00:00+09:00,141188.8838977194,142071.31442208015,140502.54904543882,141875.21875,16666,0.0,0.0
2026-03-13 00:00:00+09:00,141090.84375,142953.7527362752,140600.60454308547,141090.84375,28499,0.0,0.0
2026-03-16 00:00:00+09:00,140698.64567124826,142561.55456863763,140208.40648772477,141777.171875,18232,0.0,0.0
2026-03-17 00:00:00+09:00,142561.5644369835,143247.89934142563,141875.22953254133,142365.46875,16299,0.0,0.0
2026-03-18 00:00:00+09:00,142267.4160839911,143247.89448567262,141777.1768831503,142855.703125,18718,0.0,0.0
2026-03-19 00:00:00+09:00,142071.32396859606,142561.56318173822,139325.984375,139325.984375,40336,0.0,0.0
2026-03-23 00:00:00+09:00,136384.54377948114,138933.7875884434,134521.63484216254,135109.921875,33932,0.0,0.0
2026-03-24 00:00:00+09:00,135306.02629656685,136776.74397370344,134227.5,134227.5,34159,0.0,0.0
2026-03-25 00:00:00+09:00,135109.92865609046,135404.07218727208,134031.4023750912,134423.59375,28683,0.0,0.0
2026-03-26 00:00:00+09:00,134815.78010110295,134815.78010110295,132854.82329963235,133345.0625,32357,0.0,0.0
2026-03-27 00:00:00+09:00,133541.16604989034,134227.5009708516,132854.8311289291,134129.453125,43995,0.0,0.0
2026-03-30 00:00:00+09:00,132364.5837255271,133050.9186041039,130207.53125,130207.53125,49733,0.0,0.0
2026-03-31 00:00:00+09:00,130403.62886500754,130697.7723887632,128932.91124622927,130011.4375,46184,0.0,0.0
2026-04-01 00:00:00+09:00,131089.96407860823,133247.01659149484,131089.96407860823,133148.96875,26360,0.0,0.0
2026-04-02 00:00:00+09:00,134815.77303849,135698.20355292378,131776.29015544042,132462.625,25221,0.0,0.0
2026-04-03 00:00:00+09:00,132560.67882072006,133737.2528930933,131972.39178453342,133443.109375,13011,0.0,0.0
2026-04-06 00:00:00+09:00,133541.15625,134129.44328193832,133247.01273403084,133541.15625,8234,0.0,0.0
2026-04-07 00:00:00+09:00,133835.3036404639,134913.8298969072,133148.96875,133148.96875,13923,0.0,0.0
2026-04-08 00:00:00+09:00,136090.4091606498,136090.4091606498,133541.16518501806,135796.265625,25893,0.0,0.0
2026-04-09 00:00:00+09:00,135600.15890762463,135992.35025659823,132756.771627566,133737.25,21546,0.0,0.0
2026-04-10 00:00:00+09:00,133933.3554972628,134325.546875,133148.97274178834,134325.546875,21521,0.0,0.0
2026-04-13 00:00:00+09:00,134423.5947194343,134815.78609717154,133148.97274178834,134325.546875,28101,0.0,0.0
2026-04-14 00:00:00+09:00,135306.02446827685,135992.359375,134521.6417177361,135992.359375,23168,0.0,0.0
2026-04-15 00:00:00+09:00,137070.87548076923,137168.9233173077,133835.296875,133835.296875,24413,0.0,0.0
2026-04-16 00:00:00+09:00,134423.5957919675,135796.265625,132952.8781137184,135796.265625,27546,0.0,0.0
2026-04-17 00:00:00+09:00,135207.97933616865,135894.3142566568,132560.6875,132560.6875,27967,0.0,0.0
2026-04-20 00:00:00+09:00,133247.00889915813,133933.34375,132952.86539165446,133933.34375,23482,0.0,0.0
2026-04-21 00:00:00+09:00,133541.159147351,133933.35051048564,132168.4893763797,133247.015625,22344,0.0,0.0
2026-04-22 00:00:00+09:00,133345.06221931137,133345.06221931137,130991.9140625,130991.9140625,28948,0.0,0.0
2026-04-23 00:00:00+09:00,130893.86505843111,131482.15209240158,128736.81260053936,129521.1953125,30456,0.0,0.0
2026-04-24 00:00:00+09:00,130207.5361570248,130795.82321797521,129423.15340909091,130501.6796875,20497,0.0,0.0
2026-04-27 00:00:00+09:00,130893.86419172931,130893.86419172931,129913.38580827067,130403.625,20498,0.0,0.0
2026-04-28 00:00:00+09:00,130697.76927837015,130893.86495620717,128442.66898324448,128736.8125,34707,0.0,0.0
2026-04-30 00:00:00+09:00,129129.0057923341,129129.0057923341,127854.38386727689,128540.71875,39900,0.0,0.0
2026-05-01 00:00:00+09:00,128344.62403387405,129619.24596851144,127756.33698711831,128442.671875,30849,0.0,0.0
2026-05-07 00:00:00+09:00,128442.66780624038,129227.05051040062,126775.85455989985,127266.09375,54052,0.0,0.0
2026-05-08 00:00:00+09:00,128050.4782972632,128344.62181555707,125599.28231148097,126285.6171875,36292,0.0,0.0
2026-05-11 00:00:00+09:00,127069.9989332816,127854.38164274632,125697.32919171838,126383.6640625,24111,0.0,0.0
2026-05-12 00:00:00+09:00,126971.95088496662,126971.95088496662,124226.61140637274,124814.8984375,27965,0.0,0.0
2026-05-13 00:00:00+09:00,124520.75666085658,124814.9001805279,122755.89554282869,123050.0390625,37284,0.0,0.0
2026-05-14 00:00:00+09:00,122951.9890839041,123736.37178938356,121677.3671875,121677.3671875,38066,0.0,0.0
2026-05-15 00:00:00+09:00,121971.51577380953,123834.42477678572,121677.37224702381,123540.28125,36507,0.0,0.0
2026-05-18 00:00:00+09:00,122951.98985140932,123442.2290453942,119520.31549351511,120010.5546875,39610,0.0,0.0
2026-05-19 00:00:00+09:00,120500.79608497191,122167.609375,120206.65256320224,122167.609375,31345,0.0,0.0
2026-05-20 00:00:00+09:00,122069.56323642418,122363.70676229507,119520.31934554303,119618.3671875,42187,0.0,0.0
2026-05-21 00:00:00+09:00,120598.84576001213,121383.22849666262,119422.2716550364,121187.1328125,35014,0.0,0.0
2026-05-22 00:00:00+09:00,120500.7997164922,120696.89540358169,119324.22559395526,119422.2734375,36906,0.0,0.0
2026-05-25 00:00:00+09:00,119128.12693219291,120696.89238973618,118833.98340890354,118932.03125,29746,0.0,0.0
2026-05-26 00:00:00+09:00,118932.03221689357,119716.41495204208,118147.64948174506,118833.984375,39809,0.0,0.0
2026-05-27 00:00:00+09:00,120206.65152088378,121481.2734375,118833.98176452784,121481.2734375,45512,0.0,0.0
2026-05-28 00:00:00+09:00,120304.69745291096,121677.3671875,119912.50610017123,121677.3671875,33469,0.0,0.0
2026-05-29 00:00:00+09:00,122559.79720614207,125501.23233908949,121285.1753151982,124912.9453125,94044,0.0,0.0
2026-06-01 00:00:00+09:00,125501.23595505617,125501.23595505617,122167.609375,122167.609375,33005,0.0,0.0
2026-06-02 00:00:00+09:00,122167.6071410335,122363.70281862745,119912.50684870302,120010.5546875,44001,0.0,0.0
2026-06-03 00:00:00+09:00,120598.84756003694,121383.23030839491,119324.22559395526,119422.2734375,43687,0.0,0.0
2026-06-04 00:00:00+09:00,119128.12676221805,119324.22244413117,117363.265625,117363.265625,39523,0.0,0.0
2026-06-05 00:00:00+09:00,118343.7469639866,118833.98618090453,116873.02931323282,117069.125,42083,0.0,0.0
2026-06-08 00:00:00+09:00,117069.1251924261,119422.2734375,116676.93381824713,119422.2734375,34385,0.0,0.0
2026-06-09 00:00:00+09:00,119128.12587453358,119128.12587453358,117363.26475046642,118245.6953125,26535,0.0,0.0
2026-06-10 00:00:00+09:00,119128.12717891067,121285.1796875,118343.74444851455,121285.1796875,32390,0.0,0.0
2026-06-11 00:00:00+09:00,121285.1825295677,121873.46959115007,120108.60840640294,120206.65625,30741,0.0,0.0
2026-06-12 00:00:00+09:00,121285.1806545813,122363.70691747572,119912.51086544296,121187.1328125,45174,0.0,0.0
2026-06-15 00:00:00+09:00,121971.51070205479,123736.37178938356,121285.17583476027,121677.3671875,34364,0.0,0.0
2026-06-16 00:00:00+09:00,121285.17648797286,121285.17648797286,118932.02835886102,119226.171875,33359,0.0,0.0
2026-06-17 00:00:00+09:00,119226.17477328936,119520.31829657873,117853.50499793899,118932.03125,38059,0.0,0.0
2026-06-18 00:00:00+09:00,119520.31442584223,119520.31442584223,117951.54901910435,119324.21875,30586,0.0,0.0
2026-06-19 00:00:00+09:00,119422.26765471815,120010.5546875,118441.78926674837,120010.5546875,39977,0.0,0.0
2026-06-22 00:00:00+09:00,119128.124036287,119618.36322985197,118441.78916529605,119226.171875,28532,0.0,0.0
2026-06-23 00:00:00+09:00,120304.69712921117,120304.69712921117,119226.17091207887,119324.21875,55885,0.0,0.0
2026-06-24 00:00:00+09:00,119618.36829453442,121383.22946609312,119618.36829453442,121089.0859375,46195,0.0,0.0
2026-06-25 00:00:00+09:00,121971.51282370518,123932.46962151394,120696.89090512949,123050.0390625,53450,0.0,0.0
2026-06-26 00:00:00+09:00,123246.1388235294,126089.5262745098,122755.89960784314,125011.0,74782,0.0,0.0
2026-06-29 00:00:00+09:00,125700.0,127200.0,124800.0,126400.0,49636,2489.0,0.0
2026-06-30 00:00:00+09:00,127300.0,128000.0,125900.0,125900.0,51002,0.0,0.0
2026-07-01 00:00:00+09:00,126000.0,126000.0,123300.0,123900.0,31094,0.0,0.0
2026-07-02 00:00:00+09:00,125200.0,127900.0,124800.0,126900.0,46712,0.0,0.0
2026-07-03 00:00:00+09:00,127500.0,130000.0,126900.0,128300.0,35115,0.0,0.0
2026-07-06 00:00:00+09:00,128300.0,131600.0,127800.0,130500.0,29490,0.0,0.0
2026-07-07 00:00:00+09:00,131100.0,131400.0,129300.0,130200.0,37994,0.0,0.0
2026-07-08 00:00:00+09:00,129400.0,130100.0,127700.0,129100.0,34439,0.0,0.0
2026-07-09 00:00:00+09:00,129500.0,130400.0,129000.0,130100.0,28787,0.0,0.0
2026-07-10 00:00:00+09:00,130300.0,130300.0,128700.0,129800.0,27157,0.0,0.0
2026-07-13 00:00:00+09:00,129900.0,132700.0,129400.0,131700.0,29714,0.0,0.0
2026-07-14 00:00:00+09:00,131300.0,134200.0,131300.0,133800.0,39753,0.0,0.0
2026-07-15 00:00:00+09:00,133700.0,134800.0,132600.0,132700.0,41151,0.0,0.0
2026-07-16 00:00:00+09:00,132800.0,133500.0,129600.0,131000.0,35272,0.0,0.0
2026-07-17 00:00:00+09:00,131700.0,135300.0,131000.0,133400.0,46929,0.0,0.0
2026-07-21 00:00:00+09:00,135000.0,136300.0,133800.0,135100.0,42220,0.0,0.0
2026-07-22 00:00:00+09:00,134500.0,135100.0,134000.0,135100.0,36259,0.0,0.0
2026-07-23 00:00:00+09:00,135000.0,135500.0,132500.0,132500.0,31760,0.0,0.0
2026-07-24 00:00:00+09:00,132500.0,134900.0,131800.0,134600.0,20492,0.0,0.0
2026-07-27 00:00:00+09:00,135500.0,136900.0,134800.0,136600.0,23331,0.0,0.0
2026-07-28 00:00:00+09:00,136600.0,137500.0,134700.0,135400.0,28326,0.0,0.0
2026-07-29 00:00:00+09:00,135900.0,140000.0,135700.0,140000.0,48668,0.0,0.0
2026-07-30 00:00:00+09:00,138400.0,139800.0,136600.0,138000.0,37076,0.0,0.0
2026-07-31 00:00:00+09:00,136500.0,136900.0,134400.0,134700.0,32730,0.0,0.0
2026-08-03 00:00:00+09:00,134100.0,134500.0,129800.0,130100.0,39708,0.0,0.0
2026-08-04 00:00:00+09:00,130600.0,131100.0,128300.0,129000.0,24201,0.0,0.0
2026-08-05 00:00:00+09:00,129800.0,129800.0,127500.0,129100.0,30751,0.0,0.0
2026-08-06 00:00:00+09:00,128500.0,130300.0,128300.0,130300.0,22338,0.0,0.0
2026-08-07 00:00:00+09:00,129600.0,131400.0,129100.0,129800.0,19813,0.0,0.0
2026-08-10 00:00:00+09:00,130500.0,130500.0,128500.0,129900.0,17884,0.0,0.0
2026-08-12 00:00:00+09:00,129700.0,130200.0,128800.0,129900.0,15621,0.0,0.0
2026-08-13 00:00:00+09:00,130500.0,130900.0,129300.0,129400.0,16102,0.0,0.0
2026-08-14 00:00:00+09:00,130100.0,130100.0,128100.0,128400.0,23880,0.0,0.0
2026-08-17 00:00:00+09:00,129800.0,130200.0,127900.0,129100.0,23485,0.0,0.0
2026-08-18 00:00:00+09:00,129100.0,129500.0,126000.0,127400.0,32502,0.0,0.0
2026-08-19 00:00:00+09:00,126900.0,128200.0,126300.0,128000.0,29285,0.0,0.0
2026-08-20 00:00:00+09:00,129800.0,130600.0,128300.0,129600.0,30478,0.0,0.0
2026-08-21 00:00:00+09:00,129700.0,129700.0,127900.0,128400.0,22363,0.0,0.0
2026-08-24 00:00:00+09:00,129200.0,130700.0,128500.0,130200.0,24175,0.0,0.0
2026-08-25 00:00:00+09:00,129700.0,130300.0,128500.0,128500.0,23600,0.0,0.0
2026-08-26 00:00:00+09:00,128800.0,130200.0,128600.0,130000.0,34120,0.0,0.0
2026-08-27 00:00:00+09:00,129500.0,130200.0,128500.0,129600.0,39442,0.0,0.0
2026-08-28 00:00:00+09:00,128900.0,129300.0,127400.0,127700.0,33136,0.0,0.0
2026-08-31 00:00:00+09:00,128300.0,128700.0,126300.0,126300.0,46550,0.0,0.0
2026-09-01 00:00:00+09:00,126300.0,127500.0,126000.0,127000.0,23366,0.0,0.0
2026-09-02 00:00:00+09:00,125800.0,126300.0,125100.0,125400.0,38868,0.0,0.0
2026-09-03 00:00:00+09:00,125700.0,126500.0,124000.0,124000.0,46525,0.0,0.0
2026-09-04 00:00:00+09:00,124200.0,125100.0,123400.0,124200.0,46628,0.0,0.0
2026-09-07 00:00:00+09:00,123600.0,124100.0,121800.0,122500.0,26300,0.0,0.0
2026-09-08 00:00:00+09:00,121600.0,122400.0,120800.0,121600.0,32224,0.0,0.0
2026-09-09 00:00:00+09:00,121600.0,122900.0,120900.0,122100.0,35853,0.0,0.0
2026-09-10 00:00:00+09:00,122000.0,123500.0,121500.0,123000.0,27147,0.0,0.0
2026-09-11 00:00:00+09:00,123700.0,124500.0,120700.0,121900.0,51856,0.0,0.0
2026-09-14 00:00:00+09:00,121800.0,123200.0,121600.0,122300.0,21975,0.0,0.0
2026-09-15 00:00:00+09:00,122200.0,122600.0,121000.0,121700.0,23219,0.0,0.0
2026-09-16 00:00:00+09:00,121500.0,122400.0,121300.0,122000.0,17167,0.0,0.0
2026-09-17 00:00:00+09:00,121500.0,122600.0,121200.0,122600.0,28653,0.0,0.0
2026-09-18 00:00:00+09:00,122600.0,122700.0,121800.0,121800.0,35194,0.0,0.0
2026-09-24 00:00:00+09:00,121800.0,121800.0,119500.0,119500.0,55889,0.0,0.0
2026-09-25 00:00:00+09:00,119900.0,120500.0,119100.0,119200.0,40685,0.0,0.0
2026-09-28 00:00:00+09:00,119200.0,119900.0,119100.0,119500.0,9573,0.0,0.0
