Date,Open,High,Low,Close,Volume,Dividends,Stock Splits
2021-10-11 00:00:00+09:00,107449.83141691395,109397.5625,107125.20956973294,109397.5625,17330,0.0,0.0
2021-10-12 00:00:00+09:00,110209.11084490741,110371.42175925926,109072.93444444444,109559.8671875,17860,0.0,0.0
2021-10-13 00:00:00+09:00,110209.10034747455,111669.89843749999,110046.78944858284,111669.8984375,23955,0.0,0.0
2021-10-14 00:00:00+09:00,111507.59997950072,112806.08731550656,110858.35631149782,111345.2890625,21965,0.0,0.0
2021-10-15 00:00:00+09:00,111669.90337643679,113130.7015310704,111182.97065822557,112968.390625,23730,0.0,0.0
2021-10-18 00:00:00+09:00,112481.46133474576,114916.125,112156.83951271186,114916.125,26850,0.0,0.0
2021-10-19 00:00:00+09:00,114916.12805851063,115078.43897384751,112968.39707446808,114429.1953125,22935,0.0,0.0
2021-10-20 00:00:00+09:00,113617.63613861386,114753.8125,111994.52705091938,114753.8125,23860,0.0,0.0
2021-10-21 00:00:00+09:00,114591.50930377493,114916.13114316239,113617.64378561254,113942.265625,12090,0.0,0.0
2021-10-22 00:00:00+09:00,113293.015625,114104.57017818769,112481.46107181233,113293.015625,16705,0.0,0.0
2021-10-25 00:00:00+09:00,112806.0813082855,113942.25766678622,112806.0813082855,113130.703125,12665,0.0,0.0
2021-10-26 00:00:00+09:00,113779.9401230923,113779.9401230923,111669.89843749999,111669.8984375,13835,0.0,0.0
2021-10-27 00:00:00+09:00,111345.28456439394,112481.4609375,111345.28456439394,112481.4609375,13870,0.0,0.0
2021-10-28 00:00:00+09:00,112481.45614809782,112643.76705163044,111345.27982336956,111994.5234375,12035,0.0,0.0
2021-10-29 00:00:00+09:00,112806.0828930874,113455.32653563753,111832.21742926218,113293.015625,14615,0.0,0.0
2021-11-01 00:00:00+09:00,113455.32318424384,113617.63409008682,111832.21412581403,112156.8359375,8305,0.0,0.0
2021-11-02 00:00:00+09:00,112156.8343410326,112968.38885869565,111832.21253396738,111994.5234375,8785,0.0,0.0
2021-11-04 00:00:00+09:00,112156.836094648,112968.390625,112156.836094648,112968.390625,9270,0.0,0.0
2021-11-05 00:00:00+09:00,114916.13114316239,115078.44206285612,112968.40010683761,113942.265625,12115,0.0,0.0
2021-11-08 00:00:00+09:00,114104.57177664521,114266.88268955651,112481.46264753219,113455.328125,12710,0.0,0.0
2021-11-09 00:00:00+09:00,113130.69976222825,113455.32156929348,111994.5234375,111994.5234375,11930,0.0,0.0
2021-11-10 00:00:00+09:00,111182.96232562409,111669.89500734214,110046.78606828194,110533.71875,12750,0.0,0.0
2021-11-11 00:00:00+09:00,109884.46875,110533.71228766617,109072.91432791729,109884.46875,11635,0.0,0.0
2021-11-12 00:00:00+09:00,109884.49527077151,110858.36081231454,109397.5625,109397.5625,9450,0.0,0.0
2021-11-15 00:00:00+09:00,109397.55309713967,110371.4185549777,109235.2421875,109235.2421875,8365,0.0,0.0
2021-11-16 00:00:00+09:00,109559.86428211932,110858.3515625,108585.99882183381,110858.3515625,11630,0.0,0.0
2021-11-17 00:00:00+09:00,109722.17810185185,110371.42175925926,109072.93444444444,109559.8671875,13310,0.0,0.0
2021-11-18 00:00:00+09:00,109559.86270848606,110858.34997021627,109235.24089305352,110696.0390625,17845,0.0,0.0
2021-11-19 00:00:00+09:00,110696.04370404412,110696.04370404412,109722.17821691177,110371.421875,8490,0.0,0.0
2021-11-22 00:00:00+09:00,110209.11084490741,110371.42175925926,109397.55627314815,109559.8671875,6530,0.0,0.0
2021-11-24 00:00:00+09:00,109235.24089305352,111020.66087793255,109235.24089305352,110696.0390625,16625,0.0,0.0
2021-11-25 00:00:00+09:00,111020.66541666667,111507.59815972223,109235.2453587963,109559.8671875,8510,0.0,0.0
2021-11-26 00:00:00+09:00,109722.18434718101,109884.49527077151,108099.07511127596,109397.5625,17475,0.0,0.0
2021-11-29 00:00:00+09:00,107936.75303294939,109235.24028748111,106800.57668523413,107449.8203125,25895,0.0,0.0
2021-11-30 00:00:00+09:00,107449.80904103053,110371.4050572519,106313.6328125,106313.6328125,48305,0.0,0.0
2021-12-01 00:00:00+09:00,106475.95946969697,108748.31226325757,106475.95946969697,107125.203125,33905,0.0,0.0
2021-12-02 00:00:00+09:00,105989.01864182691,107774.43855769231,105177.46413461538,105502.0859375,30695,0.0,0.0
2021-12-03 00:00:00+09:00,105826.71581439395,107774.44678030303,105826.71581439395,107125.203125,22010,0.0,0.0
2021-12-06 00:00:00+09:00,106962.88743816591,108099.06378424658,105989.02199866819,106638.265625,16100,0.0,0.0
2021-12-07 00:00:00+09:00,106800.57368421053,108099.06090225563,106800.57368421053,107936.75,10515,0.0,0.0
2021-12-08 00:00:00+09:00,109072.92809239941,109397.54990219821,107612.12994830476,108910.6171875,20485,0.0,0.0
2021-12-09 00:00:00+09:00,108910.62036822065,109397.55309713967,107774.44400074294,109235.2421875,24050,0.0,0.0
2021-12-10 00:00:00+09:00,110046.79993055556,110046.79993055556,108423.69078703703,109559.8671875,27220,0.0,0.0
2021-12-13 00:00:00+09:00,108910.62169380648,109397.55442865212,107774.4453125,107774.4453125,9395,0.0,0.0
2021-12-14 00:00:00+09:00,108423.68270676691,108910.61541353383,107125.1954887218,107936.75,13165,0.0,0.0
2021-12-15 00:00:00+09:00,107287.51257765437,107774.4453125,106962.89075442395,107774.4453125,11235,0.0,0.0
2021-12-16 00:00:00+09:00,107612.13586647727,107936.75769412878,106800.58129734849,107125.203125,12215,0.0,0.0
2021-12-17 00:00:00+09:00,106313.636443497,108261.3671875,105502.08196682908,108261.3671875,40110,0.0,0.0
2021-12-20 00:00:00+09:00,107287.50730456656,107449.81820820433,104852.84375,104852.84375,18055,0.0,0.0
2021-12-21 00:00:00+09:00,104852.84851694915,106151.33580508475,104690.5376059322,105339.78125,12170,0.0,0.0
2021-12-22 00:00:00+09:00,105177.46555727554,105502.08736455109,104690.53284636223,104852.84375,10605,0.0,0.0
2021-12-23 00:00:00+09:00,105015.15323317307,105989.01864182691,105015.15323317307,105502.0859375,5290,0.0,0.0
2021-12-24 00:00:00+09:00,106313.65150498466,106313.65150498466,105664.40783167178,105826.71875,5790,0.0,0.0
2021-12-27 00:00:00+09:00,105989.0216866306,106151.33259273571,105015.15625,105015.15625,5635,0.0,0.0
2021-12-28 00:00:00+09:00,105989.02502628058,106475.95775993884,105826.71411506116,106151.3359375,8495,0.0,0.0
2021-12-29 00:00:00+09:00,106313.64684871942,107125.20140481651,106151.3359375,106151.3359375,10020,0.0,0.0
2021-12-30 00:00:00+09:00,106313.64525507274,107125.1997990046,105989.0234375,105989.0234375,10225,0.0,0.0
2022-01-04 00:00:00+09:00,107125.19210676292,107449.81390102583,105339.77223831687,106800.5703125,14805,0.0,0.0
2022-01-05 00:00:00+09:00,107774.42866847826,107774.42866847826,104528.2109375,104528.2109375,21010,0.0,0.0
2022-01-06 00:00:00+09:00,104365.90625,104690.52804237948,103716.66266524106,104365.90625,16890,0.0,0.0
2022-01-07 00:00:00+09:00,104041.28764534884,105015.15305232558,103554.35494186047,104690.53125,18990,0.0,0.0
2022-01-11 00:00:00+09:00,105502.08575581395,105664.39665697675,103878.97674418605,104690.53125,17400,0.0,0.0
2022-01-12 00:00:00+09:00,104365.9157838983,105339.78125,104365.9157838983,105339.78125,16850,0.0,0.0
2022-01-13 00:00:00+09:00,105502.08252332815,105664.39341951789,104203.59535381026,104365.90625,16615,0.0,0.0
2022-01-14 00:00:00+09:00,104365.90604182993,105015.14962529388,103554.3515625,103554.3515625,22860,0.0,0.0
2022-01-17 00:00:00+09:00,103554.36096439749,104528.22642801252,103554.36096439749,103716.671875,14995,0.0,0.0
2022-01-18 00:00:00+09:00,103392.04816878981,103878.98089171975,101931.25,101931.25,16995,0.0,0.0
2022-01-19 00:00:00+09:00,102093.56509127475,102418.18691986387,97873.48131961634,98360.4140625,41600,0.0,0.0
2022-01-20 00:00:00+09:00,98198.08514300847,99171.95045021187,95763.421875,95763.421875,47745,0.0,0.0
2022-01-21 00:00:00+09:00,94140.32109375,98035.78265625,92841.83390625,97386.5390625,48525,0.0,0.0
2022-01-24 00:00:00+09:00,97873.46442110655,99496.57328381146,96574.97733094262,99009.640625,25775,0.0,0.0
2022-01-25 00:00:00+09:00,99821.19505635246,99821.19505635246,97711.15353483606,99009.640625,24100,0.0,0.0
2022-01-26 00:00:00+09:00,99496.5859375,100145.82956515091,98360.40958911093,99496.5859375,16410,0.0,0.0
2022-01-27 00:00:00+09:00,100470.44746555117,103067.421875,98847.33845964566,103067.421875,30630,0.0,0.0
2022-01-28 00:00:00+09:00,101931.24856606012,103392.04671429984,101282.00494462025,102580.4921875,17910,0.0,0.0
2022-01-31 00:00:00+09:00,102742.79203869047,104041.27914186507,102255.859375,102255.859375,18880,0.0,0.0
2022-02-01 00:00:00+09:00,103229.73710874798,103716.66983095906,100308.14077548153,101119.6953125,24965,0.0,0.0
2022-02-02 00:00:00+09:00,100632.7578125,101282.00141129032,100308.13601310483,100632.7578125,12265,0.0,0.0
2022-02-03 00:00:00+09:00,100145.81894122383,101606.61694847021,99983.50805152979,100795.0625,16615,0.0,0.0
2022-02-04 00:00:00+09:00,100632.76549796747,101282.00914634146,99821.2109375,99821.2109375,15520,0.0,0.0
2022-02-07 00:00:00+09:00,98685.02069805196,100308.12959111201,97873.46625152192,99983.5078125,20410,0.0,0.0
2022-02-08 00:00:00+09:00,99171.96851601497,99983.52308652246,97224.237546797,97548.859375,17200,0.0,0.0
2022-02-09 00:00:00+09:00,97224.23479489006,100470.45298503664,96574.99115686075,99658.8984375,21635,0.0,0.0
2022-02-10 00:00:00+09:00,98847.34275477707,101931.25,98847.34275477707,101931.25,27640,0.0,0.0
2022-02-14 00:00:00+09:00,100470.44993415721,101119.69355247164,99009.65179294975,100145.828125,15105,0.0,0.0
2022-02-15 00:00:00+09:00,100145.81656766529,100470.4383393595,97711.15327995869,98198.0859375,23190,0.0,0.0
2022-02-16 00:00:00+09:00,98360.41116144136,99821.20934700733,98198.10025193404,99658.8984375,13035,0.0,0.0
2022-02-17 00:00:00+09:00,99821.20934700733,99821.20934700733,98360.41116144136,99658.8984375,14165,0.0,0.0
2022-02-18 00:00:00+09:00,99334.26239754098,99496.57328381146,98360.39707991802,99009.640625,10620,0.0,0.0
2022-02-21 00:00:00+09:00,99009.6390086207,99171.94989224138,98198.08459051725,98847.328125,6810,0.0,0.0
2022-02-22 00:00:00+09:00,97711.171875,98360.41554194353,96574.99545784884,97711.171875,19745,0.0,0.0
2022-02-24 00:00:00+09:00,99171.9575227649,99983.51200331126,96737.29408112583,98035.78125,32925,0.0,0.0
2022-02-25 00:00:00+09:00,96899.59752155172,98847.328125,96899.59752155172,98847.328125,20360,0.0,0.0
2022-02-28 00:00:00+09:00,98847.3423098491,100145.82956515091,98522.72049602366,99496.5859375,18235,0.0,0.0
2022-03-01 00:00:00+09:00,99496.57328381146,100470.43860143442,99009.640625,99009.640625,13365,0.0,0.0
2022-03-02 00:00:00+09:00,99171.96412367455,100145.82956515091,98522.72049602366,99496.5859375,10370,0.0,0.0
2022-03-03 00:00:00+09:00,100145.81984915568,100145.81984915568,98522.7109375,98522.7109375,12115,0.0,0.0
2022-03-04 00:00:00+09:00,99334.27661848534,100145.83116602198,98198.10025193404,99658.8984375,22130,0.0,0.0
2022-03-07 00:00:00+09:00,98847.34849877452,99983.52491830065,98035.7939133987,99334.28125,16310,0.0,0.0
2022-03-08 00:00:00+09:00,99334.26213842975,99821.19479597108,98198.0859375,98198.0859375,19535,0.0,0.0
2022-03-09 00:00:00+09:00,98198.09172453704,98847.33530618687,96412.671875,96412.671875,25315,0.0,0.0
2022-03-10 00:00:00+09:00,97711.17040532178,99171.96863397278,97548.85949102724,98360.4140625,16185,0.0,0.0
2022-03-11 00:00:00+09:00,98685.02625,99983.51343749999,97386.5390625,97386.5390625,24355,0.0,0.0
2022-03-14 00:00:00+09:00,97061.9266326955,98360.41394550748,97061.9266326955,97548.859375,10105,0.0,0.0
2022-03-15 00:00:00+09:00,97711.17028910149,98522.72485960898,96899.61571859401,97548.859375,17255,0.0,0.0
2022-03-16 00:00:00+09:00,97873.46939472087,100632.7546015372,97873.46939472087,100308.1328125,16765,0.0,0.0
2022-03-17 00:00:00+09:00,100957.37800383683,101281.99979806138,100308.13441538771,100470.4453125,16010,0.0,0.0
2022-03-18 00:00:00+09:00,101119.70164224482,102093.56714762759,100957.39072468103,101768.9453125,21605,0.0,0.0
2022-03-22 00:00:00+09:00,100957.38189840093,104203.59996587363,100632.76009165366,104041.2890625,20010,0.0,0.0
2022-03-23 00:00:00+09:00,103716.66245836599,104041.28425009796,102418.17529143809,103554.3515625,14005,0.0,0.0
2022-03-24 00:00:00+09:00,103554.35176905133,104365.90625,102093.5537033437,104365.90625,23160,0.0,0.0
2022-03-25 00:00:00+09:00,104528.22142432646,104528.22142432646,102418.1796875,102418.1796875,13980,0.0,0.0
2022-03-28 00:00:00+09:00,103067.41887490204,104041.28425009796,102742.79708317007,103554.3515625,11890,0.0,0.0
2022-03-29 00:00:00+09:00,104041.29864838958,106151.34058665644,104041.29864838958,105826.71875,18450,0.0,0.0
2022-03-30 00:00:00+09:00,106883.98250840585,106883.98250840585,102919.19799495648,104405.9921875,18405,2280.0,0.0
2022-03-31 00:00:00+09:00,105562.390625,106057.98870305164,104571.1944688967,105562.390625,20860,0.0,0.0
2022-04-01 00:00:00+09:00,105231.9919062989,105562.390625,103084.40023474178,105562.390625,32490,0.0,0.0
2022-04-04 00:00:00+09:00,107214.38121785996,107214.38121785996,102423.59993077531,104405.9921875,27680,0.0,0.0
2022-04-05 00:00:00+09:00,103910.39439484128,104405.99246031746,103084.39761904762,104075.59375,15695,0.0,0.0
2022-04-06 00:00:00+09:00,103414.79770665323,103579.9970640121,102093.20284778226,102423.6015625,20985,0.0,0.0
2022-04-07 00:00:00+09:00,102754.00055622977,102754.00055622977,101762.80440938512,102093.203125,15740,0.0,0.0
2022-04-08 00:00:00+09:00,102754.00997121709,102754.00997121709,100276.01937705591,100441.21875,22115,0.0,0.0
2022-04-11 00:00:00+09:00,100936.8076203479,102754.00055622977,100771.60826254045,102093.203125,17665,0.0,0.0
2022-04-12 00:00:00+09:00,102093.19935170178,103084.39546191247,101762.80064829822,101928.0,15905,0.0,0.0
2022-04-13 00:00:00+09:00,102919.20370557351,103084.40306946689,102093.20688610662,102258.40625,13760,0.0,0.0
2022-04-14 00:00:00+09:00,102919.19963457661,103084.39899193548,102093.20284778226,102423.6015625,14015,0.0,0.0
2022-04-15 00:00:00+09:00,101928.00349042339,102588.80091985887,101928.00349042339,102423.6015625,10820,0.0,0.0
2022-04-18 00:00:00+09:00,102093.20257234726,103249.59807073955,101928.00321543409,102754.0,13420,0.0,0.0
2022-04-19 00:00:00+09:00,102588.79360288149,103414.79033076299,101597.5975294237,101762.796875,32875,0.0,0.0
2022-04-20 00:00:00+09:00,101762.80815831987,102258.40625,100936.81133885299,102258.40625,22260,0.0,0.0
2022-04-21 00:00:00+09:00,102093.20257234726,103745.1961414791,102093.20257234726,102754.0,16810,0.0,0.0
2022-04-22 00:00:00+09:00,103249.60127591707,103580.0,102423.60446570972,103580.0,19045,0.0,0.0
2022-04-25 00:00:00+09:00,103249.60875397455,104240.80499801271,102423.61188394277,103910.40625,13345,0.0,0.0
2022-04-26 00:00:00+09:00,104075.59723045024,105727.59083728277,103745.19850908373,104571.1953125,33220,0.0,0.0
2022-04-27 00:00:00+09:00,104405.99538854003,105397.191547292,104240.79602874804,105231.9921875,11910,0.0,0.0
2022-04-28 00:00:00+09:00,105397.20061605722,105562.39999006358,103910.40625,103910.40625,26390,0.0,0.0
2022-05-02 00:00:00+09:00,102258.40057604825,105397.18831586234,102258.40057604825,104405.9921875,20500,0.0,0.0
2022-05-06 00:00:00+09:00,104901.58970862813,105892.78583185928,104571.19100088443,105066.7890625,21165,0.0,0.0
2022-05-09 00:00:00+09:00,105231.99304179873,105397.19240293186,104075.59751386689,104240.796875,19740,0.0,0.0
2022-05-10 00:00:00+09:00,104075.60625,104406.00499999999,103084.40999999999,103249.609375,23665,0.0,0.0
2022-05-11 00:00:00+09:00,103580.008125,104736.40375,102258.41312499999,103249.609375,35560,0.0,0.0
2022-05-12 00:00:00+09:00,102919.21000596184,104736.40312003178,102919.21000596184,103910.40625,18540,0.0,0.0
2022-05-13 00:00:00+09:00,104901.58970862813,105892.78583185928,104240.79229314072,105066.7890625,20595,0.0,0.0
2022-05-16 00:00:00+09:00,105066.792827708,105892.78962666797,104240.79602874804,105231.9921875,21670,0.0,0.0
2022-05-17 00:00:00+09:00,104901.58215447556,105066.7814964511,103745.1867606467,104736.3828125,14430,0.0,0.0
2022-05-18 00:00:00+09:00,105397.20061605722,105397.20061605722,103910.40625,103910.40625,23545,0.0,0.0
2022-05-19 00:00:00+09:00,103910.3933189655,105727.58620689655,103414.79525862068,105397.1875,24600,0.0,0.0
2022-05-20 00:00:00+09:00,106057.99248046875,106718.78994140624,105397.19501953125,105727.59375,37285,0.0,0.0
2022-05-23 00:00:00+09:00,106057.98331730769,107379.578125,105892.78396634615,107379.578125,22460,0.0,0.0
2022-05-24 00:00:00+09:00,107214.38365085536,107379.58300933125,105727.58942457232,106223.1875,25385,0.0,0.0
2022-05-25 00:00:00+09:00,107214.39002679939,107875.1875,106883.99129019908,107875.1875,24770,0.0,0.0
2022-05-26 00:00:00+09:00,107544.77471723869,107709.97406396255,105562.38255655226,105892.78125,17465,0.0,0.0
2022-05-27 00:00:00+09:00,105562.3863171729,106553.5824328271,104571.1902015187,106057.984375,34185,0.0,0.0
2022-05-30 00:00:00+09:00,107544.7785484813,107709.97790109034,105892.78502239096,106057.984375,19855,0.0,0.0
2022-05-31 00:00:00+09:00,106057.98870305164,106718.78614045383,105562.390625,105562.390625,80850,0.0,0.0
2022-06-01 00:00:00+09:00,106718.78125,106718.78125,105397.18643575851,106718.78125,21365,0.0,0.0
2022-06-02 00:00:00+09:00,106388.39407843896,106883.9921875,105562.39723000387,106883.9921875,17960,0.0,0.0
2022-06-03 00:00:00+09:00,106883.98493390357,107379.58300933125,106057.98814152411,106223.1875,18230,0.0,0.0
2022-06-06 00:00:00+09:00,106223.1875,106718.78557542768,105727.58942457232,106223.1875,14485,0.0,0.0
2022-06-07 00:00:00+09:00,106223.18319465945,106718.78125,105892.78449109908,106718.78125,18980,0.0,0.0
2022-06-08 00:00:00+09:00,106553.59314811247,107379.58999422188,106057.99504044684,107214.390625,12260,0.0,0.0
2022-06-09 00:00:00+09:00,107379.578125,107544.77747596154,106553.5813701923,107379.578125,14230,0.0,0.0
2022-06-10 00:00:00+09:00,107544.78966624808,107875.1884056221,106718.79281781298,106883.9921875,22690,0.0,0.0
2022-06-13 00:00:00+09:00,106718.78994140624,106718.78994140624,105562.39438476562,105727.59375,19975,0.0,0.0
2022-06-14 00:00:00+09:00,105066.7948434992,105397.19356942215,102423.60503611556,102919.203125,31295,0.0,0.0
2022-06-15 00:00:00+09:00,102588.79932369402,103414.7960976368,99284.81222792288,99615.2109375,44040,0.0,0.0
2022-06-16 00:00:00+09:00,100110.80900186567,101597.60319496268,99615.2109375,99615.2109375,26380,0.0,0.0
2022-06-17 00:00:00+09:00,98624.01081332783,100936.80168667219,97963.21342094372,99780.40625,35655,0.0,0.0
2022-06-20 00:00:00+09:00,98293.62066262541,99450.01619983277,97467.62385033445,98789.21875,20695,0.0,0.0
2022-06-21 00:00:00+09:00,98624.01480876865,99945.60964707712,98624.01480876865,99615.2109375,14995,0.0,0.0
2022-06-22 00:00:00+09:00,99945.61839143635,100110.81776067839,98293.62469901591,98624.0234375,21090,0.0,0.0
2022-06-23 00:00:00+09:00,98293.62469901591,99945.61839143635,98293.62469901591,98624.0234375,23160,0.0,0.0
2022-06-24 00:00:00+09:00,98954.40551394627,100110.80090392561,98458.80748966942,99945.6015625,18165,0.0,0.0
2022-06-27 00:00:00+09:00,100771.5982696281,100771.5982696281,99945.6015625,99945.6015625,12685,0.0,0.0
2022-06-28 00:00:00+09:00,99780.40791062801,102919.19557669082,99780.40791062801,102588.796875,23345,0.0,0.0
2022-06-29 00:00:00+09:00,102258.40138278753,103579.99623103035,102093.20202675718,103414.796875,17775,0.0,0.0
2022-06-30 00:00:00+09:00,103414.80498798077,103910.40309495192,102754.00751201923,103084.40625,16085,0.0,0.0
2022-07-01 00:00:00+09:00,103910.406875,104075.60625,102423.61249999999,103249.609375,13485,0.0,0.0
2022-07-04 00:00:00+09:00,104405.99595181675,104736.39467318325,103084.4010663507,104571.1953125,12625,0.0,0.0
2022-07-05 00:00:00+09:00,103910.40625,104240.80499801271,103249.60875397455,103910.40625,13345,0.0,0.0
2022-07-06 00:00:00+09:00,104240.80183293269,104406.00120192308,102919.20688100961,103084.40625,14730,0.0,0.0
2022-07-07 00:00:00+09:00,104075.59402368631,104571.19209046576,103414.79660131369,103745.1953125,19840,0.0,0.0
2022-07-08 00:00:00+09:00,104075.6024639423,104075.6024639423,102754.00751201923,103084.40625,12215,0.0,0.0
2022-07-11 00:00:00+09:00,104075.59751386689,104571.19559726625,103745.19879160063,104240.796875,11475,0.0,0.0
2022-07-12 00:00:00+09:00,104406.00437201907,104406.00437201907,103414.80812798091,103910.40625,10115,0.0,0.0
2022-07-13 00:00:00+09:00,104406.00437201907,104571.20374602544,103580.00750198727,103910.40625,11905,0.0,0.0
2022-07-14 00:00:00+09:00,103249.59697420636,104075.59375,102919.19826388889,104075.59375,7140,0.0,0.0
2022-07-15 00:00:00+09:00,104075.59485530546,104075.59485530546,102754.0,102754.0,11890,0.0,0.0
2022-07-19 00:00:00+09:00,103579.99568452382,104736.39117063493,103414.79632936508,104075.59375,18340,0.0,0.0
2022-07-20 00:00:00+09:00,104240.80499801271,104406.00437201907,102423.61188394277,103910.40625,19705,0.0,0.0
2022-07-21 00:00:00+09:00,103579.99541386472,104405.9921875,103249.5967044106,104405.9921875,22005,0.0,0.0
2022-07-22 00:00:00+09:00,104736.39410812402,105397.191547292,104240.79602874804,105231.9921875,13650,0.0,0.0
2022-07-25 00:00:00+09:00,105231.99565429687,106057.99248046875,105066.79628906249,105727.59375,16990,0.0,0.0
2022-07-26 00:00:00+09:00,106057.9849137931,106057.9849137931,104405.99137931033,105397.1875,10115,0.0,0.0
2022-07-27 00:00:00+09:00,105397.191547292,105727.59026687598,104736.39410812402,105231.9921875,14495,0.0,0.0
2022-07-28 00:00:00+09:00,105066.78451638066,105892.78125,104901.58516965678,105892.78125,11795,0.0,0.0
2022-07-29 00:00:00+09:00,105892.7887830482,106883.98493390357,105562.39006609641,106223.1875,22305,0.0,0.0
2022-08-01 00:00:00+09:00,106883.99531489647,107709.9921875,106223.19781681366,107709.9921875,16470,0.0,0.0
2022-08-02 00:00:00+09:00,107875.18431712962,107875.18431712962,106553.58940972222,107049.1875,12800,0.0,0.0
2022-08-03 00:00:00+09:00,107379.57892565994,107709.97763004659,105562.38605153338,106388.3828125,16555,0.0,0.0
2022-08-04 00:00:00+09:00,106223.18722141473,106883.98465358527,106057.9878633721,106553.5859375,8315,0.0,0.0
2022-08-05 00:00:00+09:00,106718.79251733435,107214.390625,106057.99504044684,107214.390625,11085,0.0,0.0
2022-08-08 00:00:00+09:00,107214.37984326323,107214.37984326323,105397.18696456387,106057.984375,9835,0.0,0.0
2022-08-09 00:00:00+09:00,105892.78502239096,106388.38308021807,105397.18696456387,106057.984375,14485,0.0,0.0
2022-08-10 00:00:00+09:00,106388.37929017161,106553.57863689547,105397.18320982839,105892.78125,13755,0.0,0.0
2022-08-12 00:00:00+09:00,106223.18834625196,106388.38770604396,105066.792827708,105231.9921875,14995,0.0,0.0
2022-08-15 00:00:00+09:00,105397.18643575851,106883.98060178019,105397.18643575851,106718.78125,8965,0.0,0.0
2022-08-16 00:00:00+09:00,106388.37929017161,106388.37929017161,105231.98386310453,105892.78125,15830,0.0,0.0
2022-08-17 00:00:00+09:00,105892.78583185928,105892.78583185928,104571.19100088443,105066.7890625,16855,0.0,0.0
2022-08-18 00:00:00+09:00,105066.79254694836,106057.98870305164,104405.99510954616,105562.390625,12655,0.0,0.0
2022-08-19 00:00:00+09:00,105562.39723000387,107049.19155718702,105397.19786031685,106883.9921875,14080,0.0,0.0
2022-08-22 00:00:00+09:00,107214.38365085536,107214.38365085536,105892.7887830482,106223.1875,13705,0.0,0.0
2022-08-23 00:00:00+09:00,106223.18426724138,106223.18426724138,105066.78879310345,105397.1875,18510,0.0,0.0
2022-08-24 00:00:00+09:00,105562.38712411556,106223.18453960298,104901.58970862813,105066.7890625,16965,0.0,0.0
2022-08-25 00:00:00+09:00,105397.1875,106057.9849137931,105397.1875,105397.1875,10795,0.0,0.0
2022-08-26 00:00:00+09:00,105562.39006609641,106553.5862169518,105231.99134914464,106223.1875,10835,0.0,0.0
2022-08-29 00:00:00+09:00,105562.39006609641,106718.78557542768,105066.79199066873,106223.1875,18205,0.0,0.0
2022-08-30 00:00:00+09:00,106553.59625860091,108205.58999904434,106223.19751051223,108040.390625,18520,0.0,0.0
2022-08-31 00:00:00+09:00,108040.38015988372,108205.57951792635,106388.38657945736,106553.5859375,34540,0.0,0.0
2022-09-01 00:00:00+09:00,106553.5862169518,106553.5862169518,105562.39006609641,106223.1875,16615,0.0,0.0
2022-09-02 00:00:00+09:00,107049.18429237948,107049.18429237948,106057.98814152411,106223.1875,9740,0.0,0.0
2022-09-05 00:00:00+09:00,106553.58189821983,107214.37930534057,106388.38254643964,106718.78125,10560,0.0,0.0
2022-09-06 00:00:00+09:00,107049.17540322582,107709.97278225808,106718.77671370968,107544.7734375,9455,0.0,0.0
2022-09-07 00:00:00+09:00,107214.37957346662,107875.17698223991,106388.3828125,106388.3828125,17880,0.0,0.0
2022-09-08 00:00:00+09:00,106718.78529554264,107049.1840116279,106223.18722141473,106553.5859375,19975,0.0,0.0
2022-09-09 00:00:00+09:00,105727.59259259258,107379.58622685184,105727.59259259258,107049.1875,21820,0.0,0.0
2022-09-12 00:00:00+09:00,107379.58622685184,107544.78559027777,106718.78877314815,107049.1875,7545,0.0,0.0
2022-09-13 00:00:00+09:00,107875.18810188751,107875.18810188751,106388.3937788906,107214.390625,17560,0.0,0.0
2022-09-14 00:00:00+09:00,106883.97733034322,106883.97733034322,105892.78125,105892.78125,15895,0.0,0.0
2022-09-15 00:00:00+09:00,106057.98410811335,106553.58216469332,105727.58540372671,106388.3828125,14120,0.0,0.0
2022-09-16 00:00:00+09:00,106057.98384287926,107049.17995356038,106057.98384287926,106718.78125,28560,0.0,0.0
2022-09-20 00:00:00+09:00,106718.78557542768,107049.18429237948,106223.1875,106223.1875,16430,0.0,0.0
2022-09-21 00:00:00+09:00,106388.37929017161,106883.97733034322,105727.58190327614,105892.78125,18420,0.0,0.0
2022-09-22 00:00:00+09:00,105892.78475592003,106553.58216469332,105231.98734714674,106388.3828125,17540,0.0,0.0
2022-09-26 00:00:00+09:00,105727.59229534511,105727.59229534511,102919.203125,102919.203125,30235,0.0,0.0
2022-09-27 00:00:00+09:00,103745.18565875613,104405.98301963994,100936.796875,100936.796875,37150,0.0,0.0
2022-09-28 00:00:00+09:00,101597.61946235441,102093.21760607322,98954.42936252081,99284.828125,33910,0.0,0.0
2022-09-29 00:00:00+09:00,101053.24357082631,101221.66564344436,99874.2890625,99874.2890625,27180,2300.0,0.0
2022-09-30 00:00:00+09:00,99874.29603747907,100716.40645938025,98358.49727805695,100547.984375,34055,0.0,0.0
2022-10-03 00:00:00+09:00,101895.35175651904,102232.19589455712,100547.97520436672,101726.9296875,17050,0.0,0.0
2022-10-04 00:00:00+09:00,103242.72694609247,103411.14901288871,102063.77247851882,102905.8828125,14650,0.0,0.0
2022-10-05 00:00:00+09:00,102737.4533045977,103411.1415229885,102400.6091954023,102569.03125,14820,0.0,0.0
2022-10-06 00:00:00+09:00,102063.774609375,102569.0408203125,100547.9759765625,101053.2421875,21490,0.0,0.0
2022-10-07 00:00:00+09:00,100211.13320773609,101053.24357082631,99537.44491726391,99874.2890625,19560,0.0,0.0
2022-10-11 00:00:00+09:00,99200.59356461866,99874.28180614408,98863.74944385594,99369.015625,22520,0.0,0.0
2022-10-12 00:00:00+09:00,99369.02403641396,100042.71233496592,98863.7578125,98863.7578125,18530,0.0,0.0
2022-10-13 00:00:00+09:00,98190.06306573276,98526.90719288793,97516.37481142241,97684.796875,23145,0.0,0.0
2022-10-14 00:00:00+09:00,98358.49238850772,99032.18069253859,98021.64823649228,98190.0703125,23480,0.0,0.0
2022-10-17 00:00:00+09:00,98021.64823649228,98526.91446451544,97347.95993246141,98190.0703125,19205,0.0,0.0
2022-10-18 00:00:00+09:00,98190.07051385309,98526.91466655929,97516.38220844073,98021.6484375,19060,0.0,0.0
2022-10-19 00:00:00+09:00,98695.34526122626,98695.34526122626,97516.390625,97516.390625,19105,0.0,0.0
2022-10-20 00:00:00+09:00,97347.95274784483,98190.06306573276,96842.68655711207,97684.796875,23040,0.0,0.0
2022-10-21 00:00:00+09:00,97179.53239929947,97347.95446584938,95663.73380035027,96169.0,26835,0.0,0.0
2022-10-24 00:00:00+09:00,96505.85075010831,97347.96114059791,95832.16243771663,97179.5390625,17810,0.0,0.0
2022-10-25 00:00:00+09:00,97011.11479591836,99200.60176179846,96842.6927216199,99032.1796875,24115,0.0,0.0
2022-10-26 00:00:00+09:00,99200.60409044716,103579.578125,99200.60409044716,103579.578125,41860,0.0,0.0
2022-10-27 00:00:00+09:00,103916.41312047829,105095.36756430868,103242.72486686092,104758.5234375,39700,0.0,0.0
2022-10-28 00:00:00+09:00,103747.99143145162,104421.6796875,103074.30317540323,104421.6796875,28315,0.0,0.0
2022-10-31 00:00:00+09:00,104758.53104935795,105937.48557885233,104253.26482243178,104926.953125,31645,0.0,0.0
2022-11-01 00:00:00+09:00,105769.06190570524,106274.328125,104084.84117472266,106274.328125,32205,0.0,0.0
2022-11-02 00:00:00+09:00,106105.90208162848,106105.90208162848,102905.8828125,102905.8828125,26810,0.0,0.0
2022-11-04 00:00:00+09:00,102063.78228993344,103242.73687084026,101221.671875,101221.671875,30965,0.0,0.0
2022-11-07 00:00:00+09:00,102232.20437292014,102569.04853889352,101053.24979201332,101221.671875,12635,0.0,0.0
2022-11-08 00:00:00+09:00,101726.93688220758,102737.46936779242,101390.09272034596,102232.203125,13995,0.0,0.0
2022-11-09 00:00:00+09:00,102737.45402892563,102737.45402892563,101558.49963842976,101895.34375,12005,0.0,0.0
2022-11-10 00:00:00+09:00,101895.36784935632,102232.21204059386,101221.67946688124,101390.1015625,13300,0.0,0.0
2022-11-11 00:00:00+09:00,104253.25838321834,104758.52457893669,103074.30392654221,103747.9921875,23585,0.0,0.0
2022-11-14 00:00:00+09:00,103411.15057524876,103411.15057524876,101558.5078125,101558.5078125,16895,0.0,0.0
2022-11-15 00:00:00+09:00,101558.51688128141,102232.20521880235,100042.7181218593,100547.984375,18060,0.0,0.0
2022-11-16 00:00:00+09:00,101558.51480127676,102569.0472868616,101390.09272034596,102232.203125,19825,0.0,0.0
2022-11-17 00:00:00+09:00,102400.62541254125,102737.4695750825,101558.51500618811,102063.78125,12460,0.0,0.0
2022-11-18 00:00:00+09:00,102232.19608986318,102400.61815920398,101053.24160447762,101558.5078125,10965,0.0,0.0
2022-11-21 00:00:00+09:00,101895.35875822368,102905.89124177632,101726.93667763157,102400.625,14220,0.0,0.0
2022-11-22 00:00:00+09:00,102737.47832745017,102737.47832745017,101390.1015625,101390.1015625,12775,0.0,0.0
2022-11-24 00:00:00+09:00,102400.6091954023,102905.8753591954,101726.9209770115,102569.03125,14385,0.0,0.0
2022-11-25 00:00:00+09:00,102569.0319731405,102737.45402892563,101390.07758264463,101895.34375,15885,0.0,0.0
2022-11-28 00:00:00+09:00,102232.18786157024,102905.87608471075,101726.92169421488,101895.34375,19745,0.0,0.0
2022-11-29 00:00:00+09:00,102569.04585708468,103411.15625,102400.62377850163,103411.15625,15185,0.0,0.0
2022-11-30 00:00:00+09:00,103411.1415229885,103579.5635775862,102063.7650862069,102569.03125,22765,0.0,0.0
2022-12-01 00:00:00+09:00,102737.4695750825,103242.73581889439,101726.93708745875,102063.78125,20035,0.0,0.0
2022-12-02 00:00:00+09:00,102905.88436722638,102905.88436722638,101053.24160447762,101558.5078125,18925,0.0,0.0
2022-12-05 00:00:00+09:00,101221.6642578125,101558.50839843751,100211.1318359375,101053.2421875,11945,0.0,0.0
2022-12-06 00:00:00+09:00,101221.67946688124,101390.1015625,100716.41318002492,101390.1015625,10505,0.0,0.0
2022-12-07 00:00:00+09:00,101895.36105004189,102063.78313442212,100547.984375,100547.984375,23575,0.0,0.0
2022-12-08 00:00:00+09:00,100211.13222460284,101221.66465039716,99537.44394073996,100716.3984375,16325,0.0,0.0
2022-12-09 00:00:00+09:00,101390.0877160624,101390.0877160624,99874.2890625,99874.2890625,17540,0.0,0.0
2022-12-12 00:00:00+09:00,100379.56229061977,100716.40645938025,100042.7181218593,100547.984375,11135,0.0,0.0
2022-12-13 00:00:00+09:00,100716.40773054145,100884.82981704737,99537.453125,99537.453125,11045,0.0,0.0
2022-12-14 00:00:00+09:00,99874.29624580537,100884.82875419463,99874.29624580537,100379.5625,15750,0.0,0.0
2022-12-15 00:00:00+09:00,100379.55390625,101053.2421875,100042.709765625,101053.2421875,12605,0.0,0.0
2022-12-16 00:00:00+09:00,101390.09150693312,103411.15645391517,101053.24734910278,103242.734375,36785,0.0,0.0
2022-12-19 00:00:00+09:00,102400.62645590682,102400.62645590682,100884.82770902662,101221.671875,13075,0.0,0.0
2022-12-20 00:00:00+09:00,101053.23304521276,101221.65510028812,93811.08467697252,94990.0390625,47640,0.0,0.0
2022-12-21 00:00:00+09:00,95663.72710176991,96842.68148506636,94653.19477323009,95158.4609375,35230,0.0,0.0
2022-12-22 00:00:00+09:00,95663.7401600346,97347.9609375,95495.31808228805,97347.9609375,19385,0.0,0.0
2022-12-23 00:00:00+09:00,97347.95407940663,97684.79821116928,95495.31135471204,96505.84375,12855,0.0,0.0
2022-12-26 00:00:00+09:00,97347.9609375,97516.38301524654,96169.00639327422,97347.9609375,10040,0.0,0.0
2022-12-27 00:00:00+09:00,97347.96154891305,97347.96154891305,96169.00699728262,96842.6953125,8125,0.0,0.0
2022-12-28 00:00:00+09:00,96842.69390302835,98021.6484375,96505.84975032217,98021.6484375,9735,0.0,0.0
2022-12-29 00:00:00+09:00,98526.9231703368,98526.9231703368,97011.12435233161,97516.390625,9790,0.0,0.0
2022-12-30 00:00:00+09:00,97853.22737489168,98358.49360918543,97011.11698440208,97179.5390625,9875,0.0,0.0
2023-01-04 00:00:00+09:00,97853.22027705061,98021.64234293194,96505.84375,96505.84375,10855,0.0,0.0
2023-01-05 00:00:00+09:00,97011.12543554006,97516.39171385017,95158.48241506968,96674.28125,25450,0.0,0.0
2023-01-06 00:00:00+09:00,96169.00077160494,96505.84490740742,95158.46836419753,95495.3125,14060,0.0,0.0
2023-01-10 00:00:00+09:00,95832.17078614983,96842.70334277004,95832.17078614983,96674.28125,10120,0.0,0.0
2023-01-11 00:00:00+09:00,97347.96853411054,97516.390625,96505.85807966322,97516.390625,17455,0.0,0.0
2023-01-12 00:00:00+09:00,97011.10372340426,97011.10372340426,94990.0390625,94990.0390625,21300,0.0,0.0
2023-01-13 00:00:00+09:00,94147.94615709459,94821.63450168919,93474.2578125,93474.2578125,24320,0.0,0.0
2023-01-16 00:00:00+09:00,92800.57835227273,94653.22147727273,92632.15625,92632.15625,16370,0.0,0.0
2023-01-17 00:00:00+09:00,92463.71914990859,92800.56329981718,91453.1867001828,92126.875,26505,0.0,0.0
2023-01-18 00:00:00+09:00,93137.41239137702,96169.00990140376,92632.14613970589,94484.7890625,25815,0.0,0.0
2023-01-19 00:00:00+09:00,94147.93172616333,94147.93172616333,91958.44494183395,92295.2890625,20430,0.0,0.0
2023-01-20 00:00:00+09:00,91790.03045309654,93137.40704690346,91790.03045309654,92463.71875,18190,0.0,0.0
2023-01-23 00:00:00+09:00,93642.67989864864,94316.36824324324,92968.99155405405,93474.2578125,12640,0.0,0.0
2023-01-24 00:00:00+09:00,94316.35066371682,95158.4609375,93979.50655420353,95158.4609375,10730,0.0,0.0
2023-01-25 00:00:00+09:00,95158.47760881696,95663.74386160713,93979.52301897321,94316.3671875,12055,0.0,0.0
2023-01-26 00:00:00+09:00,93979.52301897321,94316.3671875,93642.67885044642,94316.3671875,7715,0.0,0.0
2023-01-27 00:00:00+09:00,95158.47594355194,96169.00843144806,94653.20969960387,95663.7421875,12445,0.0,0.0
2023-01-30 00:00:00+09:00,96169.01497168989,97011.12543554006,95663.74869337979,96674.28125,10005,0.0,0.0
2023-01-31 00:00:00+09:00,96674.27701413824,96842.69909952872,93811.1015625,93811.1015625,18390,0.0,0.0
2023-02-01 00:00:00+09:00,94484.78885398131,94990.05510453736,94316.36677046263,94653.2109375,8180,0.0,0.0
2023-02-02 00:00:00+09:00,95326.89927157473,95663.74343861209,93979.52260342526,94653.2109375,10130,0.0,0.0
2023-02-03 00:00:00+09:00,94147.9451032366,94653.21135602678,93305.83468191963,94316.3671875,10700,0.0,0.0
2023-02-06 00:00:00+09:00,95158.4679811072,96000.57831722319,95158.4679811072,95832.15625,11665,0.0,0.0
2023-02-07 00:00:00+09:00,95158.4773980615,95663.74364973263,94484.7890625,94484.7890625,11475,0.0,0.0
2023-02-08 00:00:00+09:00,94316.35066371682,95326.88299225664,94147.92860896018,95158.4609375,13140,0.0,0.0
2023-02-09 00:00:00+09:00,95158.47697879664,95495.32114509326,94147.94447990676,94821.6328125,15800,0.0,0.0
2023-02-10 00:00:00+09:00,94653.21135602678,94821.63344029017,93811.10093470982,94316.3671875,16225,0.0,0.0
2023-02-13 00:00:00+09:00,94316.36781867145,94484.78990406194,93642.67947710952,93811.1015625,10400,0.0,0.0
2023-02-14 00:00:00+09:00,94147.92860896018,95495.30504701327,93811.0844994469,95158.4609375,10725,0.0,0.0
2023-02-15 00:00:00+09:00,94821.6340748429,94821.6340748429,93305.83530632855,93811.1015625,14385,0.0,0.0
2023-02-16 00:00:00+09:00,94484.78927176338,94653.21135602678,93305.83468191963,94316.3671875,16510,0.0,0.0
2023-02-17 00:00:00+09:00,93811.1007269385,94653.21114639039,93474.25655915776,94484.7890625,11810,0.0,0.0
2023-02-20 00:00:00+09:00,94316.35084219859,95158.46111757535,94147.92878712322,94990.0390625,11960,0.0,0.0
2023-02-21 00:00:00+09:00,94484.78927176338,94653.21135602678,94316.3671875,94316.3671875,16790,0.0,0.0
2023-02-22 00:00:00+09:00,94484.78885398131,94653.2109375,94147.94468694394,94653.2109375,19000,0.0,0.0
2023-02-24 00:00:00+09:00,95495.31928813375,96505.85176737326,94653.20888876749,96337.4296875,29955,0.0,0.0
2023-02-27 00:00:00+09:00,96842.68826619965,96842.68826619965,95663.73380035027,96169.0,18985,0.0,0.0
2023-02-28 00:00:00+09:00,96168.99344802748,96337.41550310283,94821.61700742465,94990.0390625,35935,0.0,0.0
2023-03-01 00:00:00+09:00,95158.47092170577,95326.89299413357,93305.828125,93305.828125,32375,0.0,0.0
2023-03-02 00:00:00+09:00,93811.08557412791,94316.35174418605,93474.24146075582,94147.9296875,14880,0.0,0.0
2023-03-03 00:00:00+09:00,95158.46111757535,95495.30522772607,94316.35084219859,94990.0390625,21305,0.0,0.0
2023-03-06 00:00:00+09:00,95495.30522772607,95495.30522772607,94653.1949523493,94990.0390625,10810,0.0,0.0
2023-03-07 00:00:00+09:00,95158.47718805604,95326.89927157473,94316.36677046263,94653.2109375,12765,0.0,0.0
2023-03-08 00:00:00+09:00,94316.3671875,94821.63344029017,93642.67885044642,94316.3671875,19165,0.0,0.0
2023-03-09 00:00:00+09:00,94821.63302101867,94990.05510453736,94147.94468694394,94653.2109375,12725,0.0,0.0
2023-03-10 00:00:00+09:00,93305.82049615732,94653.19696541592,92800.55432018536,93137.3984375,30395,0.0,0.0
2023-03-13 00:00:00+09:00,92800.5694679054,93642.67989864864,92295.30320945945,93474.2578125,22475,0.0,0.0
2023-03-14 00:00:00+09:00,93137.40526993728,94821.62598006273,92800.56112791218,93979.515625,19665,0.0,0.0
2023-03-15 00:00:00+09:00,94484.78364071039,94484.78364071039,92295.29667577414,92463.71875,33385,0.0,0.0
2023-03-16 00:00:00+09:00,92126.875,92800.56329981718,91116.34255027422,92126.875,30345,0.0,0.0
2023-03-17 00:00:00+09:00,91790.03165285452,92968.98618784531,91116.34334714549,91453.1875,35445,0.0,0.0
2023-03-20 00:00:00+09:00,91116.3361255787,91958.44644097223,90442.6478732639,90947.9140625,21845,0.0,0.0
2023-03-22 00:00:00+09:00,90779.49919429098,91958.45372928177,90611.07711786372,91453.1875,20790,0.0,0.0
2023-03-23 00:00:00+09:00,91116.33631435529,91453.18044121057,90611.07012407236,90779.4921875,15475,0.0,0.0
2023-03-24 00:00:00+09:00,91284.7581886574,91453.18025173612,90611.0699363426,90947.9140625,11405,0.0,0.0
2023-03-27 00:00:00+09:00,91284.75837778293,91790.02456806587,90442.64806064471,90779.4921875,11935,0.0,0.0
2023-03-28 00:00:00+09:00,90947.92861238532,91790.0390625,90611.08443233944,91790.0390625,12370,0.0,0.0
2023-03-29 00:00:00+09:00,90105.80393378943,91284.75837778293,90105.80393378943,90779.4921875,25280,0.0,0.0
2023-03-30 00:00:00+09:00,91755.06208648393,92099.3587547259,91066.46875,91066.46875,22290,2333.4,0.0
2023-03-31 00:00:00+09:00,91410.76531427557,91410.76531427557,90550.02364464963,90894.3203125,20280,0.0,0.0
2023-04-03 00:00:00+09:00,91066.47793864679,94165.14826548165,90894.32958715595,93820.8515625,42045,0.0,0.0
2023-04-04 00:00:00+09:00,93132.24989872686,93648.69490740741,92615.8048900463,92960.1015625,68435,0.0,0.0
2023-04-05 00:00:00+09:00,93132.25728679907,93304.40563668225,91582.92213785047,92099.3671875,30940,0.0,0.0
2023-04-06 00:00:00+09:00,92099.35121005638,92099.35121005638,91410.7579299812,91582.90625,31470,0.0,0.0
2023-04-07 00:00:00+09:00,91238.62526383677,91755.0703125,90894.32856472796,91755.0703125,63075,0.0,0.0
2023-04-10 00:00:00+09:00,91238.60901921253,91582.90565702088,90205.71910578747,90722.1640625,63670,0.0,0.0
2023-04-11 00:00:00+09:00,90550.03116071428,90894.32785714285,90033.58611607143,90377.8828125,20365,0.0,0.0
2023-04-12 00:00:00+09:00,90722.16285360251,90722.16285360251,89000.6796875,89000.6796875,36040,0.0,0.0
2023-04-13 00:00:00+09:00,89689.28145913001,90377.87479086997,89344.98479326004,90033.578125,23925,0.0,0.0
2023-04-14 00:00:00+09:00,90205.71910578747,90722.1640625,89689.27414907495,90722.1640625,30355,0.0,0.0
2023-04-17 00:00:00+09:00,91066.47620535713,91066.47620535713,90033.58611607143,90377.8828125,21365,0.0,0.0
2023-04-18 00:00:00+09:00,90894.32785714285,90894.32785714285,90205.7344642857,90377.8828125,16665,0.0,0.0
2023-04-19 00:00:00+09:00,90894.32856472796,91755.0703125,90550.03186561914,91755.0703125,29740,0.0,0.0
2023-04-20 00:00:00+09:00,91755.07004716981,91755.07004716981,90722.17995283018,91238.625,14840,0.0,0.0
2023-04-21 00:00:00+09:00,91238.625,91582.9216981132,90722.17995283018,91238.625,13310,0.0,0.0
2023-04-24 00:00:00+09:00,90894.3283018868,91582.9216981132,90894.3283018868,91238.625,13355,0.0,0.0
2023-04-25 00:00:00+09:00,91066.46956471135,92443.65625,90894.32122905029,92443.65625,18615,0.0,0.0
2023-04-26 00:00:00+09:00,92271.50760767791,92443.65594276685,91582.91426732209,91927.2109375,20780,0.0,0.0
2023-04-27 00:00:00+09:00,91755.07004716981,91755.07004716981,91066.4766509434,91238.625,12250,0.0,0.0
2023-04-28 00:00:00+09:00,91755.06310876623,92787.953125,91410.76643668831,92787.953125,24675,0.0,0.0
2023-05-01 00:00:00+09:00,92615.80499075785,93132.25,92099.3599815157,93132.25,15425,0.0,0.0
2023-05-02 00:00:00+09:00,92443.65635164962,92960.10135920074,91927.21134409851,92615.8046875,15195,0.0,0.0
2023-05-08 00:00:00+09:00,93132.24989872686,93476.54657118056,92271.50821759259,92960.1015625,23165,0.0,0.0
2023-05-09 00:00:00+09:00,93476.54646915584,93476.54646915584,92787.953125,92787.953125,17705,0.0,0.0
2023-05-10 00:00:00+09:00,92443.66371071764,92615.81206027204,91410.77361339118,91755.0703125,24350,0.0,0.0
2023-05-11 00:00:00+09:00,91582.91375236295,91582.91375236295,90722.17208175804,91066.46875,13040,0.0,0.0
2023-05-12 00:00:00+09:00,90722.17208175804,91238.61708412098,90377.87541351607,91066.46875,18495,0.0,0.0
2023-05-15 00:00:00+09:00,91066.47708820093,92099.3671875,91066.47708820093,92099.3671875,15120,0.0,0.0
2023-05-16 00:00:00+09:00,91066.46946420243,92615.80448344216,91066.46946420243,92271.5078125,19635,0.0,0.0
2023-05-17 00:00:00+09:00,92787.95261294476,92960.10094803371,91582.91426732209,91927.2109375,15410,0.0,0.0
2023-05-18 00:00:00+09:00,91755.07013594633,92443.66353283898,91410.7734375,91410.7734375,14580,0.0,0.0
2023-05-19 00:00:00+09:00,91066.4612899436,91927.20289003759,91066.4612899436,91582.90625,16610,0.0,0.0
2023-05-22 00:00:00+09:00,92099.35947702892,92615.80448344216,91238.6177996735,92271.5078125,21505,0.0,0.0
2023-05-23 00:00:00+09:00,91927.21883761682,92271.51553738318,91410.7737879673,92099.3671875,19070,0.0,0.0
2023-05-24 00:00:00+09:00,91755.07004716981,92099.36674528301,91238.625,91238.625,14555,0.0,0.0
2023-05-25 00:00:00+09:00,90722.17950892857,91582.92125,90033.58611607143,90377.8828125,20595,0.0,0.0
2023-05-26 00:00:00+09:00,90722.17950892857,90722.17950892857,89861.43776785713,90377.8828125,18885,0.0,0.0
2023-05-29 00:00:00+09:00,90722.17197857481,90894.3203125,90033.57864287405,90894.3203125,14930,0.0,0.0
2023-05-30 00:00:00+09:00,90550.02374763705,91582.91375236295,90205.72707939509,91066.46875,14955,0.0,0.0
2023-05-31 00:00:00+09:00,90550.03160377358,91410.7733490566,90205.73490566037,91238.625,81960,0.0,0.0
2023-06-01 00:00:00+09:00,91927.20989384541,92099.35822697997,90205.7265625,90205.7265625,30800,0.0,0.0
2023-06-02 00:00:00+09:00,90205.72697679924,91066.46864642519,90205.72697679924,90894.3203125,16675,0.0,0.0
2023-06-05 00:00:00+09:00,91410.7733490566,91582.9216981132,90894.3283018868,91238.625,13730,0.0,0.0
2023-06-06 00:00:00+09:00,90894.32838983051,91410.7734375,90550.03169138418,91410.7734375,14800,0.0,0.0
2023-06-07 00:00:00+09:00,91410.7734375,91755.07013594633,90722.18004060735,91410.7734375,28695,0.0,0.0
2023-06-08 00:00:00+09:00,91582.90625,91755.0545700188,90722.16464990602,91582.90625,31455,0.0,0.0
2023-06-09 00:00:00+09:00,91582.91457169461,92443.65625,91410.76623603352,92443.65625,22240,0.0,0.0
2023-06-12 00:00:00+09:00,92615.81223714954,92615.81223714954,91582.92213785047,92099.3671875,9500,0.0,0.0
2023-06-13 00:00:00+09:00,92615.81179245282,92615.81179245282,90894.3283018868,91238.625,17970,0.0,0.0
2023-06-14 00:00:00+09:00,91927.20289003759,92271.49953007519,91410.7579299812,91582.90625,16205,0.0,0.0
2023-06-15 00:00:00+09:00,92271.50831792975,93132.25,92099.3599815157,93132.25,23105,0.0,0.0
2023-06-16 00:00:00+09:00,92960.10146103897,93476.54646915584,92443.65645292208,92787.953125,45020,0.0,0.0
2023-06-19 00:00:00+09:00,92960.10125698324,93132.24959264432,91927.21124301676,92443.65625,14460,0.0,0.0
2023-06-20 00:00:00+09:00,92099.35957867785,92443.65625,91410.76623603352,92443.65625,16385,0.0,0.0
2023-06-21 00:00:00+09:00,92443.6644949262,93304.40625,91755.07109086715,93304.40625,18850,0.0,0.0
2023-06-22 00:00:00+09:00,93132.25,93304.39833641404,92615.80499075785,93132.25,12985,0.0,0.0
2023-06-23 00:00:00+09:00,93132.24979707792,93648.69480519481,92615.80478896105,92787.953125,19720,0.0,0.0
2023-06-26 00:00:00+09:00,92787.94633895985,94509.42957344891,92615.79801551095,94337.28125,24235,0.0,0.0
2023-06-27 00:00:00+09:00,95025.88359375,96747.3669921875,94337.290234375,96403.0703125,42595,0.0,0.0
2023-06-28 00:00:00+09:00,96058.76628989363,97780.24955673759,96058.76628989363,97091.65625,37040,0.0,0.0
2023-06-29 00:00:00+09:00,96575.21071388641,97263.80401665921,95370.17243403399,96230.9140625,45585,0.0,0.0
2023-06-30 00:00:00+09:00,96230.91280793796,96403.06113138687,93992.98460310219,94337.28125,27275,0.0,0.0
2023-07-03 00:00:00+09:00,95370.18036987522,96575.21875,94681.58700980392,96575.21875,21300,0.0,0.0
2023-07-04 00:00:00+09:00,96058.78099662163,96575.22605574325,95025.89087837838,95542.3359375,18095,0.0,0.0
2023-07-05 00:00:00+09:00,95714.47704991087,96747.36709001783,95370.18036987522,96575.21875,15715,0.0,0.0
2023-07-06 00:00:00+09:00,95714.4765625,96575.21825820593,95370.17988421764,95714.4765625,15905,0.0,0.0
2023-07-07 00:00:00+09:00,95370.17918943534,95542.32752732241,94509.4375,94509.4375,17430,0.0,0.0
2023-07-10 00:00:00+09:00,94337.2896547834,95714.4763650722,93992.99297721118,95370.1796875,19565,0.0,0.0
2023-07-11 00:00:00+09:00,95714.47675851255,96230.92177699374,95542.32841901883,96058.7734375,17395,0.0,0.0
2023-07-12 00:00:00+09:00,96230.92226354351,96919.515625,95198.0322213588,96919.515625,27925,0.0,0.0
2023-07-13 00:00:00+09:00,96230.9295191876,96403.07787253142,95542.33610581238,95886.6328125,16890,0.0,0.0
2023-07-14 00:00:00+09:00,96058.7657368068,96575.21071388641,95886.6174111136,96230.9140625,15710,0.0,0.0
2023-07-18 00:00:00+09:00,96230.92934966217,96230.92934966217,95542.3359375,95542.3359375,16025,0.0,0.0
2023-07-19 00:00:00+09:00,95886.62586958922,97435.9609375,95542.32918783127,97435.9609375,20270,0.0,0.0
2023-07-20 00:00:00+09:00,97435.9615111451,98813.14824628497,97091.66482736013,98468.8515625,28760,0.0,0.0
2023-07-21 00:00:00+09:00,98124.54720222513,98640.9921875,97435.95388852531,98640.9921875,17460,0.0,0.0
2023-07-24 00:00:00+09:00,98468.84342047451,98985.28840344903,97608.10178218366,97952.3984375,18810,0.0,0.0
2023-07-25 00:00:00+09:00,97780.25054537522,98813.14051592496,97780.25054537522,98640.9921875,16635,0.0,0.0
2023-07-26 00:00:00+09:00,98813.14946581196,100878.9295940171,98468.85277777778,100706.78125,25330,0.0,0.0
2023-07-27 00:00:00+09:00,101567.53101043441,102428.27279865844,101051.0859375,101051.0859375,26720,0.0,0.0
2023-07-28 00:00:00+09:00,99501.742656518,100534.63271869639,98296.70425064322,100362.484375,45150,0.0,0.0
2023-07-31 00:00:00+09:00,100190.33498142482,100706.78000710226,98468.8515625,98468.8515625,24890,0.0,0.0
2023-08-01 00:00:00+09:00,98985.28884434991,98985.28884434991,97952.39887380018,98640.9921875,13500,0.0,0.0
2023-08-02 00:00:00+09:00,98641.00047307526,99846.03887326989,98124.55544442042,99501.7421875,15745,0.0,0.0
2023-08-03 00:00:00+09:00,99157.44540727902,99501.74209272096,98468.85203639514,99329.59375,11565,0.0,0.0
2023-08-04 00:00:00+09:00,98813.14815017513,98985.29649190018,97608.10975809983,98296.703125,20605,0.0,0.0
2023-08-07 00:00:00+09:00,98641.00056670984,99673.890625,98641.00056670984,99673.890625,11770,0.0,0.0
2023-08-08 00:00:00+09:00,99846.03887326989,100018.18721615484,99157.4455017301,99501.7421875,8415,0.0,0.0
2023-08-09 00:00:00+09:00,98641.00047307526,99673.89053038495,98296.70378730536,99501.7421875,16350,0.0,0.0
2023-08-10 00:00:00+09:00,99329.59449786325,100706.78125,99157.44615384616,100706.78125,13285,0.0,0.0
2023-08-14 00:00:00+09:00,100706.78087349398,100878.92921686747,99846.03915662652,100018.1875,11070,0.0,0.0
2023-08-15 00:00:00+09:00,99501.742656518,100534.63271869639,99501.742656518,100362.484375,13190,0.0,0.0
2023-08-16 00:00:00+09:00,99157.44587628866,100534.63262457045,99157.44587628866,100190.3359375,19790,0.0,0.0
2023-08-17 00:00:00+09:00,100362.484375,100706.7810623928,100018.1876876072,100362.484375,17480,0.0,0.0
2023-08-18 00:00:00+09:00,99329.59384461505,100534.63224480969,99329.59384461505,99501.7421875,15685,0.0,0.0
2023-08-21 00:00:00+09:00,98813.1484375,99673.89014862805,98813.1484375,98813.1484375,22880,0.0,0.0
2023-08-22 00:00:00+09:00,98813.1488159602,99846.03887326989,98641.00047307526,99501.7421875,15215,0.0,0.0
2023-08-23 00:00:00+09:00,99501.7421875,100018.18721615484,99157.4455017301,99501.7421875,16335,0.0,0.0
2023-08-24 00:00:00+09:00,100018.18759396477,100362.48428103523,99846.03925042956,100190.3359375,9375,0.0,0.0
2023-08-25 00:00:00+09:00,100190.33658743632,101395.375,100190.33658743632,101395.375,12615,0.0,0.0
2023-08-28 00:00:00+09:00,100878.92250844595,101911.8125,100706.77417652027,101911.8125,10295,0.0,0.0
2023-08-29 00:00:00+09:00,101911.82077051926,103116.85919179229,101567.52407872697,102772.5625,16590,0.0,0.0
2023-08-30 00:00:00+09:00,102944.70343698004,103977.59343801996,102428.25843646006,103461.1484375,26415,0.0,0.0
2023-08-31 00:00:00+09:00,103977.59385330578,104666.18719008264,103461.14885072314,104149.7421875,41860,0.0,0.0
2023-09-01 00:00:00+09:00,103633.29749177632,104838.33583470395,102944.70415296053,104666.1875,17520,0.0,0.0
2023-09-04 00:00:00+09:00,105010.4841694079,105010.4841694079,103977.59416118421,104666.1875,11215,0.0,0.0
2023-09-05 00:00:00+09:00,104321.89143933225,105699.078125,103977.59476791532,105699.078125,14215,0.0,0.0
2023-09-06 00:00:00+09:00,105871.22646070847,106559.81980354234,105354.78145358307,105699.078125,18135,0.0,0.0
2023-09-07 00:00:00+09:00,105699.09359681372,106043.39031862745,105010.50015318627,105354.796875,13390,0.0,0.0
2023-09-08 00:00:00+09:00,105182.63250411184,105354.78083881579,104321.8908305921,104666.1875,24925,0.0,0.0
2023-09-11 00:00:00+09:00,104666.19392917369,104838.34227445193,101739.6720594435,102083.96875,18930,0.0,0.0
2023-09-12 00:00:00+09:00,102428.2654405565,102428.2654405565,101395.37536888702,102083.96875,15010,0.0,0.0
2023-09-13 00:00:00+09:00,101567.52306420649,102600.41312926622,100362.48465497015,100878.9296875,19810,0.0,0.0
2023-09-14 00:00:00+09:00,101051.07886029412,102772.56231617647,101051.07886029412,102428.265625,18085,0.0,0.0
2023-09-15 00:00:00+09:00,102428.25791736577,103116.85124790268,101567.51625419463,102600.40625,34105,0.0,0.0
2023-09-19 00:00:00+09:00,102256.117734375,103461.15615885417,101911.82104166667,103289.0078125,13485,0.0,0.0
2023-09-20 00:00:00+09:00,102772.5625,103461.1558835846,102772.5625,102772.5625,13830,0.0,0.0
2023-09-21 00:00:00+09:00,102600.40625,103116.85124790268,102083.96125209732,102600.40625,12520,0.0,0.0
2023-09-22 00:00:00+09:00,102256.11746231155,103289.00753768845,101911.82077051926,102772.5625,18990,0.0,0.0
2023-09-25 00:00:00+09:00,102944.703125,103805.44478992475,102772.55479201504,102944.703125,21165,0.0,0.0
2023-09-26 00:00:00+09:00,102772.55479201504,103288.9997909699,102600.4064590301,102944.703125,15110,0.0,0.0
2023-09-27 00:00:00+09:00,102772.5625,103116.85919179229,102256.11746231155,102772.5625,24640,0.0,0.0
2023-09-28 00:00:00+09:00,102245.51497395833,102596.87413194444,101015.75792100694,101191.4375,25130,2400.0,0.0
2023-09-29 00:00:00+09:00,101894.1643439108,102948.2419060892,101718.48475021441,102421.203125,23580,0.0,0.0
2023-10-02 00:00:00+09:00,102772.55393057958,102948.2335099481,101367.11729563148,101542.796875,13365,0.0,0.0
2023-10-03 00:00:00+09:00,101542.79599780703,101718.4755756579,99786.00021929825,100137.359375,19445,0.0,0.0
2023-10-04 00:00:00+09:00,99610.3196440508,100664.3971006016,98029.2034592246,98556.2421875,32010,0.0,0.0
2023-10-05 00:00:00+09:00,98556.2431743421,100488.71853070176,98556.2431743421,100137.359375,23455,0.0,0.0
2023-10-06 00:00:00+09:00,99961.671875,100488.71056678383,99610.31274714411,99961.671875,12770,0.0,0.0
2023-10-10 00:00:00+09:00,99961.68012380016,101191.43717277487,99786.00054537521,100664.3984375,17945,0.0,0.0
2023-10-11 00:00:00+09:00,100313.04716082317,101894.16349085367,100137.36756859756,100840.0859375,13705,0.0,0.0
2023-10-12 00:00:00+09:00,101015.765625,101718.48399456522,100840.0860326087,101015.765625,20605,0.0,0.0
2023-10-13 00:00:00+09:00,100664.40615439249,101015.76533817744,99961.68778682256,100488.7265625,22570,0.0,0.0
2023-10-16 00:00:00+09:00,100137.36591113106,100313.04550044883,97677.85166068222,97853.53125,25485,0.0,0.0
2023-10-17 00:00:00+09:00,97677.85175851254,98556.24970598119,97502.17216901881,98029.2109375,28890,0.0,0.0
2023-10-18 00:00:00+09:00,98380.57145979021,100664.40615439249,98380.57145979021,100488.7265625,18445,0.0,0.0
2023-10-19 00:00:00+09:00,100313.04003232758,103123.91330818966,100137.3604525862,101894.15625,31975,0.0,0.0
2023-10-20 00:00:00+09:00,101191.43617021276,101191.43617021276,99083.28125,99083.28125,26380,0.0,0.0
2023-10-23 00:00:00+09:00,99083.28925574206,100313.04639189488,98204.89130134718,99434.6484375,23100,0.0,0.0
2023-10-24 00:00:00+09:00,99785.99206349206,100137.35119047618,98380.55555555555,99610.3125,23990,0.0,0.0
2023-10-25 00:00:00+09:00,99610.32075032836,100313.0390625,98731.92286011383,100313.0390625,19390,0.0,0.0
2023-10-26 00:00:00+09:00,99785.99955673759,100137.35871010637,98556.2425199468,99083.28125,21040,0.0,0.0
2023-10-27 00:00:00+09:00,99961.68044704861,101542.79665798611,99786.00086805555,101191.4375,26475,0.0,0.0
2023-10-30 00:00:00+09:00,99610.32724294355,100313.04560091846,97853.53134800628,98029.2109375,21355,0.0,0.0
2023-10-31 00:00:00+09:00,98029.2034592246,99258.9604918672,97677.844307041,98556.2421875,27410,0.0,0.0
2023-11-01 00:00:00+09:00,99610.31941804562,99961.67856943201,98029.20323680679,98204.8828125,27060,0.0,0.0
2023-11-02 00:00:00+09:00,98907.60178373894,99961.67924502213,98556.24262997787,99258.9609375,24155,0.0,0.0
2023-11-06 00:00:00+09:00,100313.03100285589,101015.74925856767,99785.99231107206,99961.671875,18970,0.0,0.0
2023-11-07 00:00:00+09:00,99961.671875,100313.03100285589,98731.9149275044,99961.671875,30730,0.0,0.0
2023-11-08 00:00:00+09:00,100313.03839878319,100488.71797566372,99083.28136061947,99258.9609375,16420,0.0,0.0
2023-11-09 00:00:00+09:00,98907.60888496863,99083.28847446236,97677.85175851254,98029.2109375,22260,0.0,0.0
2023-11-10 00:00:00+09:00,98380.5628330373,99258.96071547513,98204.88325654973,98907.6015625,20880,0.0,0.0
2023-11-13 00:00:00+09:00,99083.29620053957,99434.65540692446,97677.859375,97677.859375,18375,0.0,0.0
2023-11-14 00:00:00+09:00,97853.51686507936,100488.71031746031,97853.51686507936,99610.3125,23215,0.0,0.0
2023-11-15 00:00:00+09:00,100664.39897815743,101542.796875,100313.03981942042,101542.796875,17000,0.0,0.0
2023-11-16 00:00:00+09:00,101542.78782460387,101542.78782460387,99083.27393265846,99785.9921875,29125,0.0,0.0
2023-11-17 00:00:00+09:00,99786.00819493008,100664.40615439249,99786.00819493008,100488.7265625,13015,0.0,0.0
2023-11-20 00:00:00+09:00,101015.76552972561,101894.16349085367,100313.04716082317,100840.0859375,20050,0.0,0.0
2023-11-21 00:00:00+09:00,100664.39013071178,101015.74925856767,99785.99231107206,99961.671875,21315,0.0,0.0
2023-11-22 00:00:00+09:00,100137.35131492077,100488.71044234156,99258.95349636885,99785.9921875,15225,0.0,0.0
2023-11-24 00:00:00+09:00,99961.68807065218,101015.765625,99610.32888586957,101015.765625,11175,0.0,0.0
2023-11-27 00:00:00+09:00,100313.03928065009,100664.3984375,100137.35970222512,100664.3984375,12720,0.0,0.0
2023-11-28 00:00:00+09:00,100664.39013071178,100664.39013071178,99610.31274714411,99961.671875,16485,0.0,0.0
2023-11-29 00:00:00+09:00,99961.67162698413,100488.71031746031,99258.95337301587,99610.3125,15570,0.0,0.0
2023-11-30 00:00:00+09:00,99961.68807065218,101191.4452173913,99258.96970108696,101015.765625,51395,0.0,0.0
2023-12-01 00:00:00+09:00,100840.08476979537,100840.08476979537,98731.9296875,98731.9296875,23490,0.0,0.0
2023-12-04 00:00:00+09:00,99258.95337301587,99610.3125,98731.91468253967,99610.3125,16950,0.0,0.0
2023-12-05 00:00:00+09:00,99786.00838414635,100840.0859375,99786.00838414635,100840.0859375,12260,0.0,0.0
2023-12-06 00:00:00+09:00,100840.07834201389,101542.79665798611,100664.39876302083,101191.4375,13920,0.0,0.0
2023-12-07 00:00:00+09:00,100840.06969463972,101367.10838642356,99610.31274714411,99961.671875,11590,0.0,0.0
2023-12-08 00:00:00+09:00,99434.63293650793,100313.03075396825,99083.2738095238,99610.3125,19400,0.0,0.0
2023-12-11 00:00:00+09:00,100137.36756859756,101191.44512195123,99961.68797637195,100840.0859375,14195,0.0,0.0
2023-12-12 00:00:00+09:00,101894.16425042956,102245.5234375,101542.80506335912,102245.5234375,15480,0.0,0.0
2023-12-13 00:00:00+09:00,102245.51519247405,102245.51519247405,101015.75813689447,101542.796875,14230,0.0,0.0
2023-12-14 00:00:00+09:00,102069.83582974138,102245.51540948276,101542.79709051724,101894.15625,13750,0.0,0.0
2023-12-15 00:00:00+09:00,101894.16425042956,102245.5234375,101367.12546982389,102245.5234375,26555,0.0,0.0
2023-12-18 00:00:00+09:00,102069.84308307926,102069.84308307926,100313.04716082317,100840.0859375,20875,0.0,0.0
2023-12-19 00:00:00+09:00,100840.07768640351,101015.7572642544,99434.6410635965,100137.359375,19840,0.0,0.0
2023-12-20 00:00:00+09:00,100137.36002604167,101718.47623697917,100137.36002604167,101191.4375,16725,0.0,0.0
2023-12-21 00:00:00+09:00,100488.71853070176,101191.43684210526,99961.67979714913,100137.359375,12355,0.0,0.0
2023-12-22 00:00:00+09:00,100313.03960503472,101191.4375,100137.36002604167,101191.4375,12285,0.0,0.0
2023-12-25 00:00:00+09:00,100840.06969463972,100840.06969463972,99785.99231107206,99961.671875,9120,0.0,0.0
2023-12-26 00:00:00+09:00,99786.00021929825,100664.39810855263,99610.32064144737,100137.359375,10885,0.0,0.0
2023-12-27 00:00:00+09:00,101015.765625,101542.80440217392,100664.4064402174,101015.765625,13400,0.0,0.0
2023-12-28 00:00:00+09:00,101542.796875,102245.51519247405,101015.75813689447,101542.796875,12200,0.0,0.0
2023-12-29 00:00:00+09:00,101718.47709760274,102596.875,101542.79751712328,102596.875,11120,0.0,0.0
2024-01-04 00:00:00+09:00,102069.84317934782,102069.84317934782,101015.765625,101015.765625,14635,0.0,0.0
2024-01-05 00:00:00+09:00,102069.83636485042,103299.59342948717,101542.79762286325,102772.5546875,18590,0.0,0.0
2024-01-09 00:00:00+09:00,102948.234375,103475.27311753413,102245.51605162116,102948.234375,13660,0.0,0.0
2024-01-10 00:00:00+09:00,102772.5623123928,103475.28068717838,102421.203125,102421.203125,13025,0.0,0.0
2024-01-11 00:00:00+09:00,102772.56287139219,103475.28125,102596.88327674023,103475.28125,11210,0.0,0.0
2024-01-12 00:00:00+09:00,103650.953125,104177.9918697034,103299.5939618644,103650.953125,16995,0.0,0.0
2024-01-15 00:00:00+09:00,103650.953125,104002.3122881356,103299.5939618644,103650.953125,2810,0.0,0.0
2024-01-16 00:00:00+09:00,103123.92140517612,103650.96018578179,101894.16425042956,102245.5234375,16510,0.0,0.0
2024-01-17 00:00:00+09:00,102069.83539496528,102421.19455295139,100840.07834201389,101191.4375,20175,0.0,0.0
2024-01-18 00:00:00+09:00,101367.11641995615,101367.11641995615,99961.67979714913,100137.359375,20505,0.0,0.0
2024-01-19 00:00:00+09:00,100840.08574628497,101191.44493006993,100488.7265625,100488.7265625,14350,0.0,0.0
2024-01-22 00:00:00+09:00,100840.07877155172,102069.83582974138,100488.71961206896,101894.15625,16730,0.0,0.0
2024-01-23 00:00:00+09:00,102245.52267530488,102245.52267530488,100840.0859375,100840.0859375,14920,0.0,0.0
2024-01-24 00:00:00+09:00,100488.71031746031,100840.06944444444,99434.63293650793,99610.3125,19485,0.0,0.0
2024-01-25 00:00:00+09:00,99258.96845807384,99258.96845807384,98380.57050711745,98731.9296875,20840,0.0,0.0
2024-01-26 00:00:00+09:00,99258.96884662102,99610.32802837898,99083.28925574206,99434.6484375,11570,0.0,0.0
2024-01-29 00:00:00+09:00,99083.28125,99610.31998005319,98731.9220966312,99083.28125,18040,0.0,0.0
2024-01-30 00:00:00+09:00,99258.96082668439,99785.99955673759,98907.6016733156,99083.28125,17795,0.0,0.0
2024-01-31 00:00:00+09:00,98731.9300739841,100137.3668010159,98731.9300739841,99434.6484375,22445,0.0,0.0
2024-02-01 00:00:00+09:00,98731.9296875,99786.0072286477,98731.9296875,98731.9296875,22700,0.0,0.0
2024-02-02 00:00:00+09:00,99961.671875,100313.03100285589,99434.63318321618,99961.671875,14060,0.0,0.0
2024-02-05 00:00:00+09:00,99961.68681883896,100664.4051796041,98731.9296875,98731.9296875,24900,0.0,0.0
2024-02-06 00:00:00+09:00,98731.9296875,99258.96845807384,98204.89091692616,98731.9296875,15755,0.0,0.0
2024-02-07 00:00:00+09:00,98907.61659734712,99083.29620053957,97677.859375,97677.859375,16405,0.0,0.0
2024-02-08 00:00:00+09:00,98204.89042863555,98380.57001795332,97677.85166068222,97853.53125,13500,0.0,0.0
2024-02-09 00:00:00+09:00,98204.88213438065,98204.88213438065,97150.8046875,97150.8046875,21980,0.0,0.0
2024-02-13 00:00:00+09:00,97326.49128440367,97677.85045871559,95745.375,95745.375,30300,0.0,0.0
2024-02-14 00:00:00+09:00,95921.05458715596,96272.41376146789,95394.01582568807,95745.375,23030,0.0,0.0
2024-02-15 00:00:00+09:00,95569.68692022262,95921.04606331169,94339.92991941093,94691.2890625,27820,0.0,0.0
2024-02-16 00:00:00+09:00,95218.33511821162,95218.33511821162,93285.85968223315,93812.8984375,33375,0.0,0.0
2024-02-19 00:00:00+09:00,93461.5392673221,94164.25760767791,92758.82092696629,93812.8984375,32010,0.0,0.0
2024-02-20 00:00:00+09:00,93812.89039003759,94339.92910009398,93110.17210996241,93461.53125,22930,0.0,0.0
2024-02-21 00:00:00+09:00,93988.578125,94164.25771028038,93110.18019859813,93988.578125,23705,0.0,0.0
2024-02-22 00:00:00+09:00,93110.17210996241,93988.5699600564,91880.41511983082,93461.53125,32780,0.0,0.0
2024-02-26 00:00:00+09:00,93988.57883129612,95569.6951107011,93812.89924469557,95218.3359375,27145,0.0,0.0
2024-02-27 00:00:00+09:00,95394.0078125,96096.72610209484,94866.96909530387,95394.0078125,23465,0.0,0.0
2024-02-28 00:00:00+09:00,95745.36695729742,95745.36695729742,95042.64866770257,95394.0078125,21650,0.0,0.0
2024-02-29 00:00:00+09:00,95394.00746527777,95921.04618055555,93988.57089120371,94866.96875,43565,0.0,0.0
2024-03-01 00:00:00+09:00,95218.32789351852,95745.36660879629,94515.60960648148,94866.96875,18985,0.0,0.0
2024-03-04 00:00:00+09:00,95218.32835477941,96272.40579044117,95218.32835477941,95569.6875,20500,0.0,0.0
2024-03-05 00:00:00+09:00,96096.73417431193,96096.73417431193,95218.33623853211,95745.375,16110,0.0,0.0
2024-03-06 00:00:00+09:00,96272.41262874533,96272.41262874533,93285.85968223315,93812.8984375,35245,0.0,0.0
2024-03-07 00:00:00+09:00,94164.25677281368,94339.93635634505,92231.78135396863,92407.4609375,26345,0.0,0.0
2024-03-08 00:00:00+09:00,91704.74291115312,93461.53875236295,91704.74291115312,92934.5,24220,0.0,0.0
2024-03-11 00:00:00+09:00,93637.21875,93812.8983348968,92758.82082551594,93637.21875,15365,0.0,0.0
2024-03-12 00:00:00+09:00,93461.53875236295,93637.21833648393,92583.14083175804,92934.5,18400,0.0,0.0
2024-03-13 00:00:00+09:00,93110.17916666667,93285.85875,91529.06291666666,92231.78125,30525,0.0,0.0
2024-03-14 00:00:00+09:00,92407.46185747664,93988.578125,91880.42310163552,93988.578125,28650,0.0,0.0
2024-03-15 00:00:00+09:00,94164.25750469042,95569.6941838649,92934.50041041276,93637.21875,54665,0.0,0.0
2024-03-18 00:00:00+09:00,94164.2578125,94339.93739797108,93461.53947061567,94164.2578125,27795,0.0,0.0
2024-03-19 00:00:00+09:00,95218.33692821558,98029.21034307065,94866.97775135869,96975.1328125,36965,0.0,0.0
2024-03-21 00:00:00+09:00,97502.17157778532,97502.17157778532,96096.73487035779,96975.1328125,32255,0.0,0.0
2024-03-22 00:00:00+09:00,97326.50016861511,98204.89818457734,96623.78175584532,97677.859375,26265,0.0,0.0
2024-03-25 00:00:00+09:00,97853.53105292792,98731.92899774775,97502.171875,97502.171875,21340,0.0,0.0
2024-03-26 00:00:00+09:00,97677.85886363637,97677.85886363637,96623.78125,96623.78125,21415,0.0,0.0
2024-03-27 00:00:00+09:00,96799.45322407155,97677.85116621376,96799.45322407155,96975.1328125,35575,0.0,0.0
2024-03-28 00:00:00+09:00,97373.24756493507,97732.55844155845,96295.31493506493,96834.28125,36015,2443.2,0.0
2024-03-29 00:00:00+09:00,97373.2388766264,97373.2388766264,96295.3063429368,96654.6171875,9435,0.0,0.0
2024-04-01 00:00:00+09:00,97013.93423507463,97193.58966884328,95576.69076492537,96295.3125,17450,0.0,0.0
2024-04-02 00:00:00+09:00,96295.30921052632,96295.30921052632,94858.0657894737,95576.6875,26680,0.0,0.0
2024-04-03 00:00:00+09:00,95037.71708965844,95217.37250948767,94319.09541034156,94678.40625,25770,0.0,0.0
2024-04-04 00:00:00+09:00,94678.4070785985,95037.71792140152,94319.09623579546,94858.0625,18955,0.0,0.0
2024-04-05 00:00:00+09:00,95037.71708965844,95037.71708965844,93959.78457068311,94678.40625,25440,0.0,0.0
2024-04-08 00:00:00+09:00,94678.40754240242,96654.6171875,94498.75212012081,96654.6171875,21345,0.0,0.0
2024-04-09 00:00:00+09:00,96654.61883680556,97732.5513888889,96295.30798611112,97013.9296875,19070,0.0,0.0
2024-04-10 00:00:00+09:00,96834.27880130596,98091.86683768657,95936.00163246269,96295.3125,16615,0.0,0.0
2024-04-11 00:00:00+09:00,95217.38070297951,96654.62418528863,94858.06983240222,96474.96875,25780,0.0,0.0
2024-04-12 00:00:00+09:00,96834.27128795067,96834.27128795067,94319.09541034156,94678.40625,33345,0.0,0.0
2024-04-15 00:00:00+09:00,94498.76401479008,94858.07490458015,93959.79768010497,94139.453125,26150,0.0,0.0
2024-04-16 00:00:00+09:00,94139.45097693033,95756.34994409134,93959.79553613465,95397.0390625,36025,0.0,0.0
2024-04-17 00:00:00+09:00,95217.38603113296,96115.66325784176,94319.10880442416,95936.0078125,24695,0.0,0.0
2024-04-18 00:00:00+09:00,96115.65706623135,97373.24510261194,95756.34619869402,96295.3125,20620,0.0,0.0
2024-04-19 00:00:00+09:00,95936.0078125,96654.62959386704,95217.38603113296,95936.0078125,22410,0.0,0.0
2024-04-22 00:00:00+09:00,96654.62336753731,97732.55597014925,96295.3125,96295.3125,22460,0.0,0.0
2024-04-23 00:00:00+09:00,97013.93214779005,98810.4864468232,96834.27671788674,97552.8984375,31590,0.0,0.0
2024-04-24 00:00:00+09:00,97552.89596354167,97552.89596354167,96474.96341145833,97013.9296875,18480,0.0,0.0
2024-04-25 00:00:00+09:00,97552.90300324676,97912.21387987013,96474.97037337662,96834.28125,25945,0.0,0.0
2024-04-26 00:00:00+09:00,97193.59049115455,97193.59049115455,96474.96875,96474.96875,22370,0.0,0.0
2024-04-30 00:00:00+09:00,97373.24510261194,97373.24510261194,96295.3125,96295.3125,25995,0.0,0.0
2024-05-01 00:00:00+09:00,96654.62581168831,97193.59212662338,96115.65949675324,96834.28125,17860,0.0,0.0
2024-05-02 00:00:00+09:00,97013.92520680146,98091.85770909926,96834.26978975184,97732.546875,16970,0.0,0.0
2024-05-07 00:00:00+09:00,97912.2056056113,98810.48272125912,97912.2056056113,98451.171875,23465,0.0,0.0
2024-05-08 00:00:00+09:00,98630.838099631,98990.14898523985,97373.25,97373.25,16915,0.0,0.0
2024-05-09 00:00:00+09:00,97552.894298908,98091.8605657528,96654.6171875,96654.6171875,22570,0.0,0.0
2024-05-10 00:00:00+09:00,96474.97088738208,96834.28176591982,94858.07193396227,95217.3828125,38320,0.0,0.0
2024-05-13 00:00:00+09:00,95397.03452102804,96474.96711448597,95217.37908878505,96115.65625,15825,0.0,0.0
2024-05-14 00:00:00+09:00,96295.30798611112,97013.9296875,96115.65256076389,97013.9296875,17730,0.0,0.0
2024-05-15 00:00:00+09:00,96834.27880130596,97013.93423507463,95756.34619869402,96295.3125,18670,0.0,0.0
2024-05-16 00:00:00+09:00,96834.28286737522,97732.56007393714,96654.62742606284,97193.59375,29395,0.0,0.0
2024-05-17 00:00:00+09:00,97552.89145795036,98451.16854319852,96834.26978975184,97732.546875,32480,0.0,0.0
2024-05-20 00:00:00+09:00,97552.89720394737,97552.89720394737,95576.6875,95576.6875,33925,0.0,0.0
2024-05-21 00:00:00+09:00,95576.6975,96115.66383928571,94319.109375,94319.109375,26045,0.0,0.0
2024-05-22 00:00:00+09:00,94319.10531850962,94858.0716346154,93420.828125,93420.828125,33095,0.0,0.0
2024-05-23 00:00:00+09:00,93420.82153320312,93780.1323852539,91624.26727294922,91983.578125,37740,0.0,0.0
2024-05-24 00:00:00+09:00,91803.93670343138,92522.55851715687,91444.62579656862,91624.28125,24140,0.0,0.0
2024-05-27 00:00:00+09:00,92163.24056690313,92342.8960066047,91444.61880809687,91803.9296875,22820,0.0,0.0
2024-05-28 00:00:00+09:00,91983.58058252427,92881.85773665048,91983.58058252427,92522.546875,22575,0.0,0.0
2024-05-29 00:00:00+09:00,92342.90306372549,92881.8694240196,91444.62579656862,91624.28125,27525,0.0,0.0
2024-05-30 00:00:00+09:00,91444.6171875,91983.58349705304,90905.65087794694,91444.6171875,33295,0.0,0.0
2024-05-31 00:00:00+09:00,91983.58301158302,93061.515625,91085.30583373553,93061.515625,112275,0.0,0.0
2024-06-03 00:00:00+09:00,93420.8232003891,93780.13405885214,92342.890625,92342.890625,28675,0.0,0.0
2024-06-04 00:00:00+09:00,92342.89549278846,93959.79444110577,91803.9291766827,93420.828125,38920,0.0,0.0
2024-06-05 00:00:00+09:00,94139.44366618774,94498.75451987548,91983.5785440613,93780.1328125,28170,0.0,0.0
2024-06-06 00:00:00+09:00,93780.13981525911,94139.45069577736,93061.51805422264,93600.484375,20885,0.0,0.0
2024-06-07 00:00:00+09:00,93061.50864041426,93420.81948458574,92522.54237415703,93241.1640625,21780,0.0,0.0
2024-06-10 00:00:00+09:00,92881.85525512695,92881.85525512695,91624.26727294922,91983.578125,23310,0.0,0.0
2024-06-11 00:00:00+09:00,92522.54980660608,92522.54980660608,91444.6171875,91444.6171875,24965,0.0,0.0
2024-06-12 00:00:00+09:00,91803.92476794554,92522.54648824257,90725.9921875,90725.9921875,26395,0.0,0.0
2024-06-13 00:00:00+09:00,91085.30845368525,91085.30845368525,90187.03125,90187.03125,35495,0.0,0.0
2024-06-14 00:00:00+09:00,90366.6930759804,91983.59215686274,90366.6930759804,91624.28125,31935,0.0,0.0
2024-06-17 00:00:00+09:00,91264.96012080868,91444.61555411736,90187.0275209566,91085.3046875,28165,0.0,0.0
2024-06-18 00:00:00+09:00,91085.29889062501,91264.9543125,89827.7109375,89827.7109375,37755,0.0,0.0
2024-06-19 00:00:00+09:00,90007.37369535855,91444.6171875,89827.71825884086,91444.6171875,25820,0.0,0.0
2024-06-20 00:00:00+09:00,90905.65784940944,92163.24600147638,90726.00239911416,91264.96875,17930,0.0,0.0
2024-06-21 00:00:00+09:00,91085.3046875,91983.5818540434,91085.3046875,91085.3046875,24660,0.0,0.0
2024-06-24 00:00:00+09:00,91624.27965059054,91624.27965059054,90726.00239911416,91264.96875,17470,0.0,0.0
2024-06-25 00:00:00+09:00,91264.9588592233,92702.20230582524,91085.30342839805,92522.546875,17835,0.0,0.0
2024-06-26 00:00:00+09:00,93061.51316747573,93061.51316747573,91983.58058252427,92522.546875,28705,0.0,0.0
2024-06-27 00:00:00+09:00,92163.23893357073,92163.23893357073,90905.65087794694,91444.6171875,32495,0.0,0.0
2024-06-28 00:00:00+09:00,92163.24600147638,92163.24600147638,90905.65784940944,91264.96875,33685,0.0,0.0
2024-07-01 00:00:00+09:00,91803.92476794554,91983.5801980198,90187.02589727723,90725.9921875,33965,0.0,0.0
2024-07-02 00:00:00+09:00,90905.65784940944,91264.96875,90187.03604822834,91264.96875,29885,0.0,0.0
2024-07-03 00:00:00+09:00,91085.30304764851,91444.61390779703,90546.33675742574,90725.9921875,21790,0.0,0.0
2024-07-04 00:00:00+09:00,91085.3046875,91264.96012080868,90187.0275209566,91085.3046875,20375,0.0,0.0
2024-07-05 00:00:00+09:00,91264.96714426877,91624.27803853755,90905.65625,90905.65625,19500,0.0,0.0
2024-07-08 00:00:00+09:00,91444.6171875,92342.89437008841,91085.30631446463,91444.6171875,24070,0.0,0.0
2024-07-09 00:00:00+09:00,91085.29408808479,92163.2265625,90905.63867568226,92163.2265625,17505,0.0,0.0
2024-07-10 00:00:00+09:00,91803.92642073472,91983.5818540434,90725.99382088265,91085.3046875,21085,0.0,0.0
2024-07-11 00:00:00+09:00,91264.96175098231,91983.58349705304,90905.65087794694,91444.6171875,14520,0.0,0.0
2024-07-12 00:00:00+09:00,91444.62280462694,93780.14362281977,91444.62280462694,92702.2109375,31525,0.0,0.0
2024-07-16 00:00:00+09:00,93241.1640625,93600.47490667149,92522.54237415703,93241.1640625,17390,0.0,0.0
2024-07-17 00:00:00+09:00,93600.47373102467,94678.40625,93061.507471537,94678.40625,30900,0.0,0.0
2024-07-18 00:00:00+09:00,94139.45256801126,96295.31789399625,93959.79712417918,95756.3515625,39955,0.0,0.0
2024-07-19 00:00:00+09:00,95756.35212905535,95936.00757395038,93600.48679031488,94139.453125,30490,0.0,0.0
2024-07-22 00:00:00+09:00,94498.76157629558,94498.76157629558,93241.17349448177,93600.484375,27475,0.0,0.0
2024-07-23 00:00:00+09:00,93959.78575084297,93959.78575084297,92702.19779624278,93241.1640625,19615,0.0,0.0
2024-07-24 00:00:00+09:00,93061.52183260658,93420.83272771318,91803.93369973352,92702.2109375,27755,0.0,0.0
2024-07-25 00:00:00+09:00,92881.86638505329,93780.14362281977,91983.58914728682,92702.2109375,33870,0.0,0.0
2024-07-26 00:00:00+09:00,93061.515625,93420.826496139,92522.54931829151,93061.515625,19685,0.0,0.0
2024-07-29 00:00:00+09:00,93241.16653196838,93780.1328125,92702.20025143678,93780.1328125,20380,0.0,0.0
2024-07-30 00:00:00+09:00,93420.83272771318,93959.79907037306,92522.5554899467,92702.2109375,25915,0.0,0.0
2024-07-31 00:00:00+09:00,92702.20637019232,93959.79444110577,92342.89549278846,93420.828125,30310,0.0,0.0
2024-08-01 00:00:00+09:00,93959.79032160193,93959.79032160193,91444.61429004854,92522.546875,32515,0.0,0.0
2024-08-02 00:00:00+09:00,91983.578125,92522.54440307617,91264.95642089844,91983.578125,40555,0.0,0.0
2024-08-05 00:00:00+09:00,90905.65301294821,92522.55197958168,89648.06492778884,90187.03125,64320,0.0,0.0
2024-08-06 00:00:00+09:00,91444.61429004854,94858.06747572815,90905.64799757281,92522.546875,53955,0.0,0.0
2024-08-07 00:00:00+09:00,92342.89549278846,95397.03795072116,91983.58461538462,93420.828125,47230,0.0,0.0
2024-08-08 00:00:00+09:00,93241.16289136623,95217.37250948767,93241.16289136623,94678.40625,32265,0.0,0.0
2024-08-09 00:00:00+09:00,94678.41729931733,96115.66082568267,94498.76185852166,95397.0390625,38510,0.0,0.0
2024-08-13 00:00:00+09:00,98091.87177121772,98451.18265682657,96474.97278597786,97373.25,43230,0.0,0.0
2024-08-14 00:00:00+09:00,97552.90330430327,98630.8359375,97013.93698770492,98630.8359375,39740,0.0,0.0
2024-08-15 00:00:00+09:00,97732.55018248175,98451.171875,96474.96222057482,98451.171875,26080,0.0,0.0
2024-08-16 00:00:00+09:00,98451.16823010851,99529.1007289783,97912.2019806736,99349.4453125,22840,0.0,0.0
2024-08-19 00:00:00+09:00,98810.4938009511,100247.73734714674,98451.18291440218,99169.8046875,19250,0.0,0.0
2024-08-20 00:00:00+09:00,99708.77423842176,100068.08513657823,98990.15244210881,99888.4296875,20255,0.0,0.0
2024-08-21 00:00:00+09:00,99529.11557404892,100068.08190387228,98810.4938009511,99169.8046875,25505,0.0,0.0
2024-08-22 00:00:00+09:00,98990.1463093638,100247.734375,98271.52455757168,100247.734375,18260,0.0,0.0
2024-08-23 00:00:00+09:00,100427.38981294802,100966.35612679212,99708.76806115592,100247.734375,16065,0.0,0.0
2024-08-26 00:00:00+09:00,100607.04873251749,103301.88039499563,100607.04873251749,102762.9140625,30500,0.0,0.0
2024-08-27 00:00:00+09:00,103122.21705795263,106535.67023582911,102942.56162753807,106176.359375,35700,0.0,0.0
2024-08-28 00:00:00+09:00,106176.359375,107613.60281831642,105278.08222292725,106176.359375,39715,0.0,0.0
2024-08-29 00:00:00+09:00,106715.32975041946,107793.26237416107,106356.01887583893,107074.640625,25420,0.0,0.0
2024-08-30 00:00:00+09:00,105457.75,105817.06090289609,104200.16183986372,105457.75,40850,0.0,0.0
2024-09-02 00:00:00+09:00,105278.0810075431,105278.0810075431,104020.49300915949,104200.1484375,19105,0.0,0.0
2024-09-03 00:00:00+09:00,104200.15088979417,104918.7726200686,103481.52915951972,104739.1171875,15360,0.0,0.0
2024-09-04 00:00:00+09:00,104739.11472252155,105278.0810075431,104020.49300915949,104200.1484375,25185,0.0,0.0
2024-09-05 00:00:00+09:00,104200.15705679862,105457.74515920827,103840.84617039587,104379.8125,23240,0.0,0.0
2024-09-06 00:00:00+09:00,104739.11962723976,105996.70768451366,104200.15331697953,105278.0859375,27395,0.0,0.0
2024-09-09 00:00:00+09:00,105457.7376533418,106894.9810966582,104739.11593168358,106176.359375,24915,0.0,0.0
2024-09-10 00:00:00+09:00,106894.97984922788,108152.56784745409,106715.32442090985,107613.6015625,27110,0.0,0.0
2024-09-11 00:00:00+09:00,107793.25824873097,107793.25824873097,105817.04851417089,106176.359375,25845,0.0,0.0
2024-09-12 00:00:00+09:00,106356.0272572402,106715.33816013629,105457.75,105457.75,20340,0.0,0.0
2024-09-13 00:00:00+09:00,106176.36343854865,107074.640625,105817.05256396811,107074.640625,27175,0.0,0.0
2024-09-17 00:00:00+09:00,106356.0078125,106894.97406830658,105637.38613809121,106356.0078125,19365,0.0,0.0
2024-09-18 00:00:00+09:00,105996.70686431623,106356.01773504274,104559.46338141026,105098.4296875,22345,0.0,0.0
2024-09-19 00:00:00+09:00,105098.42679251269,106535.67023582911,105098.42679251269,106176.359375,14645,0.0,0.0
2024-09-20 00:00:00+09:00,105637.39924660441,106715.33189197793,105278.08836481324,105817.0546875,29710,0.0,0.0
2024-09-24 00:00:00+09:00,105996.69814854453,106176.35356913527,104739.11020440925,104918.765625,18380,0.0,0.0
2024-09-25 00:00:00+09:00,104918.77748302207,106715.33189197793,104020.50027854415,105817.0546875,20000,0.0,0.0
2024-09-26 00:00:00+09:00,105817.05224776025,105996.70768451366,105098.43050074659,105278.0859375,16150,0.0,0.0
2024-09-27 00:00:00+09:00,106259.75055226294,106993.8420932112,105709.18189655173,106443.2734375,21370,2469.8,0.0
2024-09-30 00:00:00+09:00,105158.6082530648,106259.7455122592,103873.948117338,104791.5625,31050,0.0,0.0
2024-10-01 00:00:00+09:00,106076.23328993056,106076.23328993056,104791.57302517361,105709.1875,18615,0.0,0.0
2024-10-02 00:00:00+09:00,105709.18079584774,106626.79521247838,105342.1350291955,106076.2265625,17105,0.0,0.0
2024-10-03 00:00:00+09:00,105709.17857142857,106810.31584821429,105342.1328125,105342.1328125,18325,0.0,0.0
2024-10-04 00:00:00+09:00,106076.2265625,106810.3180958045,105525.65791252162,106076.2265625,15600,0.0,0.0
2024-10-07 00:00:00+09:00,106076.22887323944,106076.22887323944,104057.47711267606,104241.0,12555,0.0,0.0
2024-10-08 00:00:00+09:00,104240.99162257495,105158.60598544973,104057.46875,104057.46875,15035,0.0,0.0
2024-10-09 00:00:00+09:00,104424.5167469352,105158.6082530648,104424.5167469352,104791.5625,11215,0.0,0.0
2024-10-10 00:00:00+09:00,104975.0853765324,105709.176882662,104791.5625,104791.5625,15670,0.0,0.0
2024-10-11 00:00:00+09:00,104241.00054920914,104791.56921408173,104057.47766091827,104424.5234375,10790,0.0,0.0
2024-10-15 00:00:00+09:00,104057.48166425712,104608.05035031139,102956.34429214858,103139.8671875,20645,0.0,0.0
2024-10-16 00:00:00+09:00,103323.39008285143,103873.9587689057,102222.25271074289,103139.8671875,14825,0.0,0.0
2024-10-17 00:00:00+09:00,103323.3839186947,104424.52122511063,103323.3839186947,103690.4296875,12440,0.0,0.0
2024-10-18 00:00:00+09:00,104424.52800288632,104424.52800288632,103323.390625,103323.390625,11625,0.0,0.0
2024-10-21 00:00:00+09:00,103506.91243315508,104057.48111631015,102772.82085561498,102956.34375,12700,0.0,0.0
2024-10-22 00:00:00+09:00,102589.29796122994,103323.38953877005,102405.77506684492,102956.34375,15485,0.0,0.0
2024-10-23 00:00:00+09:00,102956.34211189517,103139.86500336022,102222.25054603495,102405.7734375,26125,0.0,0.0
2024-10-24 00:00:00+09:00,101671.67130990054,102405.76279950271,101488.1484375,101488.1484375,26260,0.0,0.0
2024-10-25 00:00:00+09:00,101488.1578939973,102589.2952310027,101488.1578939973,102038.7265625,14935,0.0,0.0
2024-10-28 00:00:00+09:00,101855.19754863596,103139.85769789804,101488.15179170395,102589.2890625,14565,0.0,0.0
2024-10-29 00:00:00+09:00,102222.25271074289,103323.39008285143,102038.72981539146,103139.8671875,15125,0.0,0.0
2024-10-30 00:00:00+09:00,102772.82085561498,104057.48111631015,102772.82085561498,102956.34375,17460,0.0,0.0
2024-10-31 00:00:00+09:00,102772.81701263538,103323.38567520307,101671.6796875,101671.6796875,30270,0.0,0.0
2024-11-01 00:00:00+09:00,102222.24330556799,103506.90345483006,101488.15179170395,102589.2890625,18130,0.0,0.0
2024-11-05 00:00:00+09:00,102956.33759973405,103873.95201684398,102772.81471631206,103506.90625,18915,0.0,0.0
2024-11-06 00:00:00+09:00,103506.91222826087,105525.6640625,103139.86644021739,105525.6640625,31630,0.0,0.0
2024-11-07 00:00:00+09:00,104608.05089920071,104608.05089920071,103139.86772868561,103323.390625,35650,0.0,0.0
2024-11-08 00:00:00+09:00,103873.95201684398,104975.08931737588,103506.90625,103506.90625,27010,0.0,0.0
2024-11-11 00:00:00+09:00,103873.95201684398,104240.99778368794,103139.86048315602,103506.90625,17170,0.0,0.0
2024-11-12 00:00:00+09:00,103323.38446886043,104240.99889575972,103323.38446886043,103873.953125,20860,0.0,0.0
2024-11-13 00:00:00+09:00,102956.34156193897,103323.38734290845,102038.72710951527,102222.25,20760,0.0,0.0
2024-11-14 00:00:00+09:00,102405.76222826088,102589.28509963768,100754.05638586957,101304.625,25865,0.0,0.0
2024-11-15 00:00:00+09:00,101855.19923300638,102038.7221145073,100570.5390625,100570.5390625,26140,0.0,0.0
2024-11-18 00:00:00+09:00,101121.1027888007,104608.03736772486,101121.1027888007,104057.46875,27130,0.0,0.0
2024-11-19 00:00:00+09:00,104240.99834070797,104608.04410951328,103323.3839186947,103690.4296875,21280,0.0,0.0
2024-11-20 00:00:00+09:00,104424.52745495997,104608.05035031139,102589.29850144574,103139.8671875,27205,0.0,0.0
2024-11-21 00:00:00+09:00,103323.38734290845,103506.91023339318,102038.72710951527,102222.25,24825,0.0,0.0
2024-11-22 00:00:00+09:00,101855.20692004004,103323.39008285143,100937.59244328292,103139.8671875,25205,0.0,0.0
2024-11-25 00:00:00+09:00,103139.86772868561,104241.00510657193,102772.82193605683,103323.390625,51160,0.0,0.0
2024-11-26 00:00:00+09:00,103139.8671875,103506.91297820285,102222.25271074289,103139.8671875,26850,0.0,0.0
2024-11-27 00:00:00+09:00,102772.8192204301,103323.38789482527,102405.7734375,102405.7734375,16830,0.0,0.0
2024-11-28 00:00:00+09:00,102589.29578096948,103139.8644524237,101855.20421903052,102222.25,19270,0.0,0.0
2024-11-29 00:00:00+09:00,102038.72546254513,103323.38567520307,101671.6796875,101671.6796875,26675,0.0,0.0
2024-12-02 00:00:00+09:00,102038.72546254513,102222.24835006769,101121.11102493231,101671.6796875,18125,0.0,0.0
2024-12-03 00:00:00+09:00,101121.109375,101671.6780285844,100754.06360594374,101121.109375,21705,0.0,0.0
2024-12-04 00:00:00+09:00,101671.67130990054,102038.71705470163,100937.57982029837,101488.1484375,18765,0.0,0.0
2024-12-05 00:00:00+09:00,101671.6807834982,102222.24945200089,101304.6350044964,102038.7265625,17090,0.0,0.0
2024-12-06 00:00:00+09:00,101488.16025641025,102038.72893772894,100203.5,100203.5,20705,0.0,0.0
2024-12-09 00:00:00+09:00,99836.45582877961,100937.59320924408,99652.93293203552,100754.0703125,27260,0.0,0.0
2024-12-10 00:00:00+09:00,100203.5,100570.54578754578,99836.4542124542,100203.5,17430,0.0,0.0
2024-12-11 00:00:00+09:00,99836.4542124542,100754.06868131868,99652.93131868132,100203.5,18340,0.0,0.0
2024-12-12 00:00:00+09:00,100203.50162226777,101121.11610598817,100019.97872552369,100754.0703125,21340,0.0,0.0
2024-12-13 00:00:00+09:00,100937.59320924408,101671.6847962204,100203.50162226777,100754.0703125,33875,0.0,0.0
2024-12-16 00:00:00+09:00,100937.58314220184,101304.62889908257,99285.87723623854,100019.96875,19905,0.0,0.0
2024-12-17 00:00:00+09:00,100019.96649722735,100203.48937153419,99102.35212569316,99285.875,14005,0.0,0.0
2024-12-18 00:00:00+09:00,99652.92748434602,100019.97325776902,98918.8359375,98918.8359375,18635,0.0,0.0
2024-12-19 00:00:00+09:00,97450.65120685635,98735.31139225747,97267.12832322762,98368.265625,28005,0.0,0.0
2024-12-20 00:00:00+09:00,98735.31469095942,99836.4520295203,98368.26891143913,99469.40625,33140,0.0,0.0
2024-12-23 00:00:00+09:00,99102.36155790441,99836.453125,98918.83866613053,99836.453125,13615,0.0,0.0
2024-12-24 00:00:00+09:00,99836.453125,100203.4989085478,99652.93023322611,99836.453125,13525,0.0,0.0
2024-12-25 00:00:00+09:00,99836.45257826887,100019.97546903774,99102.36101519337,99652.9296875,9380,0.0,0.0
2024-12-26 00:00:00+09:00,99285.87998579546,100937.5859375,99102.35710227273,100937.5859375,22525,0.0,0.0
2024-12-27 00:00:00+09:00,100937.58791742909,101304.63369167429,99652.9277075709,100295.2578125,13821,0.0,5.0
2024-12-30 00:00:00+09:00,100295.26182373725,100570.54616543095,99010.6015625,99010.6015625,26085,0.0,0.0
2025-01-06 00:00:00+09:00,99928.21347440037,100662.30503344096,98551.79180119927,99469.40625,33181,0.0,0.0
2025-01-07 00:00:00+09:00,99652.92581040112,100019.97157765858,98184.74274137127,98368.265625,21950,0.0,0.0
2025-01-08 00:00:00+09:00,98001.22183098592,98368.26760563381,97450.65316901408,97725.9375,26386,0.0,0.0
2025-01-09 00:00:00+09:00,97542.40705204372,97542.40705204372,96533.03125,96533.03125,21084,0.0,0.0
2025-01-10 00:00:00+09:00,96716.56304746686,97450.65460759944,96533.04015743372,96900.0859375,18119,0.0,0.0
2025-01-14 00:00:00+09:00,97450.65662237846,98092.98675077455,96257.7578125,96257.7578125,23982,0.0,0.0
2025-01-15 00:00:00+09:00,96349.51396372126,97083.60549868294,95431.89954501916,95798.9453125,24594,0.0,0.0
2025-01-16 00:00:00+09:00,96074.23382924641,96624.80250448565,95615.42659988037,95890.7109375,17050,0.0,0.0
2025-01-17 00:00:00+09:00,95523.66296257233,95982.47018141273,94514.28708112343,95156.6171875,31677,0.0,0.0
2025-01-20 00:00:00+09:00,94881.33539244186,95064.85828488372,94239.00526889534,94697.8125,26951,0.0,0.0
2025-01-21 00:00:00+09:00,94697.81195388349,95340.14207372573,94330.7661711165,94514.2890625,17550,0.0,0.0
2025-01-22 00:00:00+09:00,94514.27705903791,94881.32279518951,93963.7084548105,94422.515625,18014,0.0,0.0
2025-01-23 00:00:00+09:00,93871.95423563778,94697.80720545277,93871.95423563778,94239.0,18842,0.0,0.0
2025-01-24 00:00:00+09:00,94881.33770734597,97725.94260959716,94422.5304650474,96808.328125,25826,0.0,0.0
2025-01-27 00:00:00+09:00,97634.17433302668,100111.73326816928,97267.12856485741,99744.6875,33445,0.0,0.0
2025-01-28 00:00:00+09:00,99836.44863636364,102314.00756392046,99836.44863636364,100937.5859375,37386,0.0,0.0
2025-01-29 00:00:00+09:00,101396.39590371621,102956.34045608107,101396.39590371621,101855.203125,31143,0.0,0.0
2025-01-30 00:00:00+09:00,101855.19923300638,102038.7221145073,100570.5390625,100570.5390625,21902,0.0,0.0
2025-01-31 00:00:00+09:00,101396.399358718,101396.399358718,100203.50054273309,100387.0234375,27990,0.0,0.0
2025-02-03 00:00:00+09:00,100111.73159256476,100478.77735459067,99010.59430648705,99194.1171875,18725,0.0,0.0
2025-02-04 00:00:00+09:00,99928.21402365332,100478.78269595993,99194.1224605778,99652.9296875,38636,0.0,0.0
2025-02-05 00:00:00+09:00,99836.45257826887,100387.0212505755,99194.1224605778,99652.9296875,22454,0.0,0.0
2025-02-06 00:00:00+09:00,100203.50054273309,100570.54633226691,99469.40896366544,100387.0234375,20314,0.0,0.0
2025-02-07 00:00:00+09:00,100387.01450688073,100570.53738532109,99836.44587155963,100019.96875,24483,0.0,0.0
2025-02-10 00:00:00+09:00,99928.2175233645,100019.97897196263,97542.41985981309,98184.75,44551,0.0,0.0
2025-02-12 00:00:00+09:00,98276.5070564516,98735.31427893738,96716.5625,96716.5625,67702,0.0,0.0
2025-02-13 00:00:00+09:00,97634.17931754875,99194.12391190809,97175.37208391365,98827.078125,37916,0.0,0.0
2025-02-14 00:00:00+09:00,98551.78350277264,99561.15931146026,97542.40769408502,99285.875,32712,0.0,0.0
2025-02-17 00:00:00+09:00,99010.60011201746,99836.453125,98460.03143669578,99836.453125,27403,0.0,0.0
2025-02-18 00:00:00+09:00,99744.69276556776,100662.30723443223,99652.93131868132,100203.5,24043,0.0,0.0
2025-02-19 00:00:00+09:00,99652.92913976015,100754.06647832104,99102.3604704797,99469.40625,39630,0.0,0.0
2025-02-20 00:00:00+09:00,99744.68805239898,100019.9723800505,99285.88083964646,99928.2109375,30114,0.0,0.0
2025-02-21 00:00:00+09:00,99469.40372474746,100111.733822601,98276.5049715909,99928.2109375,39954,0.0,0.0
2025-02-25 00:00:00+09:00,99652.93185843236,100937.59212180073,99561.1704110489,100387.0234375,52637,0.0,0.0
2025-02-26 00:00:00+09:00,100387.01200057079,100845.8191852169,99469.39763127854,100478.7734375,60809,0.0,0.0
2025-02-27 00:00:00+09:00,100570.54344649281,102038.7265625,99561.16755423787,102038.7265625,58195,0.0,0.0
2025-02-28 00:00:00+09:00,100937.58825231482,101488.15691550926,99102.359375,99102.359375,561108,0.0,0.0
2025-03-03 00:00:00+09:00,99928.21438140728,100937.59028424977,97358.89390144455,98460.03125,47552,0.0,0.0
2025-03-04 00:00:00+09:00,97817.6969741138,99377.64148495802,97542.41264867071,98368.265625,35615,0.0,0.0
2025-03-05 00:00:00+09:00,98368.2659348442,98368.2659348442,97083.6057453966,97175.3671875,28417,0.0,0.0
2025-03-06 00:00:00+09:00,97175.36356132076,98092.97794811321,96991.84068396228,97267.125,24390,0.0,0.0
2025-03-07 00:00:00+09:00,97083.61083472356,97450.65662237846,96165.99636558628,96257.7578125,26451,0.0,0.0
2025-03-10 00:00:00+09:00,96533.04105861243,97450.6555173445,95890.7109375,95890.7109375,23608,0.0,0.0
2025-03-11 00:00:00+09:00,95431.90370813396,96808.32539623206,94881.33503289473,95890.7109375,39416,0.0,0.0
2025-03-12 00:00:00+09:00,94973.08818462367,96165.98687679769,94973.08818462367,95707.1796875,33218,0.0,0.0
2025-03-13 00:00:00+09:00,95340.13810314894,96533.03684746168,95248.37666127873,95798.9453125,30803,0.0,0.0
2025-03-14 00:00:00+09:00,95064.84826520912,96900.07699619772,94973.0868286597,96533.03125,36820,0.0,0.0
2025-03-17 00:00:00+09:00,97083.60212264152,98001.21650943397,96716.55636792454,97267.125,26504,0.0,0.0
2025-03-18 00:00:00+09:00,97634.1798540315,99102.36300973123,97358.89551233781,99010.6015625,24344,0.0,0.0
2025-03-19 00:00:00+09:00,99010.59068853974,99652.92074861367,98551.78350277264,99285.875,20067,0.0,0.0
2025-03-21 00:00:00+09:00,99285.88226273148,99928.21236979167,98735.31359953704,99102.359375,50002,0.0,0.0
2025-03-24 00:00:00+09:00,99744.68860277269,100478.78014722731,99469.4042736022,100111.734375,17610,0.0,0.0
2025-03-25 00:00:00+09:00,100203.50162226777,101763.44624459244,99652.93293203552,100754.0703125,28127,0.0,0.0
2025-03-26 00:00:00+09:00,100845.82090760628,103598.6640625,99744.6836456488,103598.6640625,48255,0.0,0.0
2025-03-27 00:00:00+09:00,101855.20224687779,103048.10101193131,101671.67935994647,102864.578125,35833,0.0,0.0
2025-03-28 00:00:00+09:00,101538.57200149493,102477.00612350505,101444.72858929393,102007.7890625,29353,2487.0,0.0
2025-03-31 00:00:00+09:00,101913.9408638164,101913.9408638164,100318.60293132573,100693.9765625,35314,0.0,0.0
2025-04-01 00:00:00+09:00,101350.88517709292,102289.31929910304,101163.19835269089,102007.7890625,25898,0.0,0.0
2025-04-02 00:00:00+09:00,102195.47799357476,102195.47799357476,99943.23605432242,100412.453125,26969,0.0,0.0
2025-04-03 00:00:00+09:00,99004.79890728087,99567.859375,98160.20820570216,99567.859375,34372,0.0,0.0
2025-04-04 00:00:00+09:00,99567.86405523255,101069.35870639535,99380.1772238372,100881.671875,30307,0.0,0.0
2025-04-07 00:00:00+09:00,98347.89096758817,100881.66296770734,96095.64918970448,98441.734375,38450,0.0,0.0
2025-04-08 00:00:00+09:00,99098.64265536724,101257.04112229284,98723.26900894538,99661.703125,33381,0.0,0.0
2025-04-09 00:00:00+09:00,99192.48807642791,100600.13927902622,99004.8012494148,100224.765625,26452,0.0,0.0
2025-04-10 00:00:00+09:00,101820.10291121442,103696.97116764233,100506.29513171488,102195.4765625,33530,0.0,0.0
2025-04-11 00:00:00+09:00,101257.04106498195,104447.71705776174,101257.04106498195,103978.5,24729,0.0,0.0
2025-04-14 00:00:00+09:00,104635.40251358695,106887.64436141304,104353.87228260869,105761.5234375,24309,0.0,0.0
2025-04-15 00:00:00+09:00,106324.58252866207,106699.95616512689,104823.08798280275,105386.1484375,22057,0.0,0.0
2025-04-16 00:00:00+09:00,106043.056709397,106699.96060051717,105479.996231294,106606.1171875,17288,0.0,0.0
2025-04-17 00:00:00+09:00,106887.6474265515,107169.17766560298,106230.74353543133,106606.1171875,12136,0.0,0.0
2025-04-18 00:00:00+09:00,106606.11515486725,106981.48879977876,105949.21127627212,106043.0546875,12114,0.0,0.0
2025-04-21 00:00:00+09:00,105855.36887687555,106512.27276174977,105667.68205262577,106324.5859375,5964,0.0,0.0
2025-04-22 00:00:00+09:00,106230.7425253751,106699.95958599956,105949.21228900044,106324.5859375,7944,0.0,0.0
2025-04-23 00:00:00+09:00,106981.49083956865,107169.17766560298,106043.056709397,106606.1171875,12422,0.0,0.0
2025-04-24 00:00:00+09:00,106606.11481399469,106606.11481399469,105667.68070471656,105949.2109375,13004,0.0,0.0
2025-04-25 00:00:00+09:00,106136.89911325021,106887.64641024933,105479.99522837599,106324.5859375,25974,0.0,0.0
2025-04-28 00:00:00+09:00,106230.74286265433,106793.80333719136,105855.36921296296,106418.4296875,15844,0.0,0.0
2025-04-30 00:00:00+09:00,106512.27276174977,106606.11617387466,105386.1518162511,106324.5859375,28281,0.0,0.0
2025-05-01 00:00:00+09:00,106043.05366847826,108201.45210597826,105949.21025815216,107919.921875,20818,0.0,0.0
2025-05-02 00:00:00+09:00,107919.93101440642,108670.67836059359,107356.87050476603,108295.3046875,16240,0.0,0.0
2025-05-07 00:00:00+09:00,109702.95119928729,109702.95119928729,106043.05804550438,106981.4921875,23929,0.0,0.0
2025-05-08 00:00:00+09:00,106981.49252300613,107638.3964244632,106230.74520705521,107075.3359375,14181,0.0,0.0
2025-05-09 00:00:00+09:00,106981.49319225721,107263.0234375,106324.58928669072,107263.0234375,23904,0.0,0.0
2025-05-12 00:00:00+09:00,107263.01766481723,108107.60835509139,107075.33084475632,107826.078125,12875,0.0,0.0
2025-05-13 00:00:00+09:00,107544.55029512355,107732.23711937334,105573.83864050088,106324.5859375,19376,0.0,0.0
2025-05-14 00:00:00+09:00,105855.3631474978,106981.48403204566,105855.3631474978,106887.640625,13673,0.0,0.0
2025-05-15 00:00:00+09:00,106793.80333719136,106887.6467496142,106043.05603780865,106418.4296875,20977,0.0,0.0
2025-05-16 00:00:00+09:00,106136.90145970395,107169.17901589912,105855.37121710526,106981.4921875,17234,0.0,0.0
2025-05-19 00:00:00+09:00,106324.58661205947,106699.96026294053,105479.9958975771,106512.2734375,18099,0.0,0.0
2025-05-20 00:00:00+09:00,106793.8046875,106793.8046875,105949.21396501538,106793.8046875,23628,0.0,0.0
2025-05-21 00:00:00+09:00,107075.32948962883,108013.76357805677,106887.64267194323,107450.703125,22483,0.0,0.0
2025-05-22 00:00:00+09:00,107450.70278354458,108107.60664335664,106887.6423322771,107356.859375,15366,0.0,0.0
2025-05-23 00:00:00+09:00,107356.8610748477,108107.60835509139,107075.33084475632,107826.078125,16450,0.0,0.0
2025-05-26 00:00:00+09:00,108482.9860572782,109515.26360626615,108389.14264373385,108952.203125,11925,0.0,0.0
2025-05-27 00:00:00+09:00,109515.26186784351,110641.3828125,109515.26186784351,110641.3828125,14484,0.0,0.0
2025-05-28 00:00:00+09:00,110547.54621067178,110641.38962850766,109984.48570365646,110359.859375,20163,0.0,0.0
2025-05-29 00:00:00+09:00,110641.38795634074,110641.38795634074,109233.73671007686,109890.640625,20676,0.0,0.0
2025-05-30 00:00:00+09:00,109796.7890625,111016.75338541667,109233.72860576923,109796.7890625,25141,0.0,0.0
2025-06-02 00:00:00+09:00,110266.00308804898,111485.96737753379,110078.3162742821,111110.59375,16389,0.0,0.0
2025-06-03 00:00:00+09:00,111298.28872626582,111485.97555379747,110266.01117484177,111204.4453125,13197,0.0,0.0
2025-06-04 00:00:00+09:00,111016.76015625,111673.6640625,110547.54308035715,111673.6640625,12043,0.0,0.0
2025-06-05 00:00:00+09:00,111485.9704526404,112142.87431894384,111298.28363369656,111955.1875,12072,0.0,0.0
2025-06-06 00:00:00+09:00,112236.7258951005,112518.25614400127,111579.82198099875,112049.0390625,10894,0.0,0.0
2025-06-09 00:00:00+09:00,112049.03433527543,112049.03433527543,110735.2265625,110735.2265625,12444,0.0,0.0
2025-06-10 00:00:00+09:00,110735.22824367088,111485.97555379747,110453.6980023734,111204.4453125,11479,0.0,0.0
2025-06-11 00:00:00+09:00,111392.1267040688,112330.5607959312,111298.28329488255,111861.34375,13787,0.0,0.0
2025-06-12 00:00:00+09:00,112142.87431894384,112236.71772841575,111298.28363369656,111955.1875,23956,0.0,0.0
2025-06-13 00:00:00+09:00,111861.34746467165,112893.625,111204.44357855362,112893.625,36730,0.0,0.0
2025-06-16 00:00:00+09:00,112893.62533741693,114113.58970099667,112330.5648619186,112987.46875,19705,0.0,0.0
2025-06-17 00:00:00+09:00,112424.40760191347,112987.46807404325,111485.97348169716,112799.78125,14014,0.0,0.0
2025-06-18 00:00:00+09:00,112987.46569037657,112987.46569037657,111673.6579497908,112142.875,12578,0.0,0.0
2025-06-19 00:00:00+09:00,112142.87601732052,112424.40625,111579.8155519616,112424.40625,10650,0.0,0.0
2025-06-20 00:00:00+09:00,112518.24864016737,112612.0920502092,111204.44089958159,112142.875,35271,0.0,0.0
2025-06-23 00:00:00+09:00,111861.34578464106,112612.09307178631,111579.8155519616,112424.40625,14844,0.0,0.0
2025-06-24 00:00:00+09:00,112424.40386230058,112893.620906801,111392.12636439966,111767.5,18287,0.0,0.0
2025-06-25 00:00:00+09:00,111767.5068063447,112236.7238794192,111392.1331478851,111485.9765625,22421,0.0,0.0
2025-06-26 00:00:00+09:00,111392.1294273046,111579.8162502655,109046.04414029312,110453.6953125,26354,0.0,0.0
2025-06-27 00:00:00+09:00,110641.3828125,111110.59987277353,110078.32234017176,110641.3828125,20616,0.0,0.0
2025-06-30 00:00:00+09:00,110547.53940044528,111392.13010893765,110266.00916428116,110641.3828125,19768,0.0,0.0
2025-07-01 00:00:00+09:00,110266.00950079449,110735.2265625,109609.10561440678,110735.2265625,13897,0.0,0.0
2025-07-02 00:00:00+09:00,110735.2262245547,111110.59987277353,109702.94869195292,110641.3828125,21143,0.0,0.0
2025-07-03 00:00:00+09:00,110359.85054347826,110829.06759510869,109702.94667119565,110078.3203125,15093,0.0,0.0
2025-07-04 00:00:00+09:00,110266.00950079449,110922.9133871822,110078.3226761123,110735.2265625,9050,0.0,0.0
2025-07-07 00:00:00+09:00,110829.07332589287,111673.6640625,110735.22991071429,111673.6640625,11850,0.0,0.0
2025-07-08 00:00:00+09:00,111392.12805706522,111767.50169836955,109890.63349184782,110078.3203125,18626,0.0,0.0
2025-07-09 00:00:00+09:00,109984.48067398794,110359.85432816537,108952.203125,108952.203125,14713,0.0,0.0
2025-07-10 00:00:00+09:00,109139.89229719606,109702.95279056078,108764.51863495291,109609.109375,15532,0.0,0.0
2025-07-11 00:00:00+09:00,109796.79042003833,110266.00747311542,109233.72995634582,110172.1640625,13864,0.0,0.0
2025-07-14 00:00:00+09:00,110453.70477739003,111016.765294522,110172.17451882403,110922.921875,11619,0.0,0.0
2025-07-15 00:00:00+09:00,111110.59953310696,111298.28635664261,109702.94835658955,110547.5390625,18538,0.0,0.0
2025-07-16 00:00:00+09:00,110547.5427486333,111767.50714229394,110453.69933373632,111579.8203125,17009,0.0,0.0
2025-07-17 00:00:00+09:00,111579.81318219982,112424.40386230058,111110.59613769941,111767.5,12179,0.0,0.0
2025-07-18 00:00:00+09:00,111673.65487984823,111955.1851022344,111016.75102761383,111298.28125,15956,0.0,0.0
2025-07-22 00:00:00+09:00,111298.29040178572,111673.6640625,110266.01283482143,111673.6640625,12855,0.0,0.0
2025-07-23 00:00:00+09:00,111767.50068105616,112705.93477577536,111579.81386211232,111955.1875,13673,0.0,0.0
2025-07-24 00:00:00+09:00,112049.0329441201,113081.31046705588,112049.0329441201,112518.25,14776,0.0,0.0
2025-07-25 00:00:00+09:00,112987.46807404325,113081.3114860649,112236.72077787021,112799.78125,11038,0.0,0.0
2025-07-28 00:00:00+09:00,113081.31350889901,114488.96471440398,112612.09644039735,113362.84375,13276,0.0,0.0
2025-07-29 00:00:00+09:00,113269.00167594884,113738.21875,112987.47143151815,113738.21875,10111,0.0,0.0
2025-07-30 00:00:00+09:00,114019.75166495901,115802.77658811475,113738.22141393441,114488.96875,27000,0.0,0.0
2025-07-31 00:00:00+09:00,114676.65079587064,115521.24151367982,114676.65079587064,115333.5546875,14468,0.0,0.0
2025-08-01 00:00:00+09:00,115708.921875,115802.76528284673,114958.17461222628,115708.921875,11503,0.0,0.0
2025-08-04 00:00:00+09:00,115427.39708656199,115802.77073562397,114864.336612969,115052.0234375,15295,0.0,0.0
2025-08-05 00:00:00+09:00,115145.8614279197,115802.76528284673,114958.17461222628,115708.921875,12096,0.0,0.0
2025-08-06 00:00:00+09:00,115802.7723534689,118242.70110645932,115802.7723534689,117679.640625,19327,0.0,0.0
2025-08-07 00:00:00+09:00,118242.69734893365,119181.13145487757,117773.4802959617,118805.7578125,19759,0.0,0.0
2025-08-08 00:00:00+09:00,118805.75882830968,120307.253410658,118430.38518272262,119087.2890625,26147,0.0,0.0
2025-08-12 00:00:00+09:00,119650.35457432827,121245.69263531931,119556.51115897586,120494.9453125,26071,0.0,0.0
2025-08-13 00:00:00+09:00,121058.00241611067,121151.84582883633,119462.66439977432,119556.5078125,21619,0.0,0.0
2025-08-14 00:00:00+09:00,119556.5116135103,119838.04186063788,118242.70379358162,118430.390625,17389,0.0,0.0
2025-08-15 00:00:00+09:00,118430.39129252374,119087.29520619067,117679.64396261868,118618.078125,12505,0.0,0.0
2025-08-18 00:00:00+09:00,118711.92254094318,119087.29620905683,118430.39228985793,118899.609375,11043,0.0,0.0
2025-08-19 00:00:00+09:00,118805.76808259446,121808.75748120663,118430.39440776793,121714.9140625,17889,0.0,0.0
2025-08-20 00:00:00+09:00,121714.89980663912,122371.80366064566,120213.40528319562,122090.2734375,22224,0.0,0.0
2025-08-21 00:00:00+09:00,122653.34139423077,122747.1848076923,121808.75067307692,121996.4375,17182,0.0,0.0
2025-08-22 00:00:00+09:00,121714.90319293477,122184.12024456522,120682.62567934782,120870.3125,11967,0.0,0.0
2025-08-25 00:00:00+09:00,121245.68885030865,121621.0625,120776.47178819445,121621.0625,11188,0.0,0.0
2025-08-26 00:00:00+09:00,121714.8974050908,122277.95784027241,120870.3067523184,121433.3671875,16074,0.0,0.0
2025-08-27 00:00:00+09:00,121808.74321435434,122090.2734375,121245.68276806302,122090.2734375,18415,0.0,0.0
2025-08-28 00:00:00+09:00,121902.59137964396,121996.43479102166,120588.78362035603,121245.6875,21323,0.0,0.0
2025-08-29 00:00:00+09:00,121058.00411698592,121339.53435911845,119368.82266419077,120025.7265625,41041,0.0,0.0
2025-09-01 00:00:00+09:00,120307.25539291216,122090.28023882897,120119.56856702619,121808.75,15524,0.0,0.0
2025-09-02 00:00:00+09:00,121902.58421681801,122090.2710285452,121339.5237816364,121433.3671875,8592,0.0,0.0
2025-09-03 00:00:00+09:00,121057.99898018647,121433.37262043511,120401.09510975136,120776.46875,20993,0.0,0.0
2025-09-04 00:00:00+09:00,120588.78939662715,121245.69330773718,119556.51182202567,120682.6328125,22350,0.0,0.0
2025-09-05 00:00:00+09:00,120213.41339058835,120682.63046080922,119556.50949227912,120025.7265625,19446,0.0,0.0
2025-09-08 00:00:00+09:00,120119.5652173913,121433.37296195651,120025.72180706522,120870.3125,13905,0.0,0.0
2025-09-09 00:00:00+09:00,120776.4690896739,121621.05978260869,120776.4690896739,120870.3125,15569,0.0,0.0
2025-09-10 00:00:00+09:00,120776.4694288208,121057.99966058962,120401.09578646238,120964.15625,10319,0.0,0.0
2025-09-11 00:00:00+09:00,120870.32329414033,121996.44431861989,120588.79303802043,121714.9140625,9110,0.0,0.0
2025-09-12 00:00:00+09:00,121621.0668449198,122841.03125,121433.380013369,122841.03125,24933,0.0,0.0
2025-09-16 00:00:00+09:00,122465.643385853,123216.390625,121996.42636138614,123216.390625,18288,0.0,0.0
2025-09-17 00:00:00+09:00,123028.71640145706,123028.71640145706,121433.37835506134,122371.8125,16561,0.0,0.0
2025-09-18 00:00:00+09:00,122371.81115384615,122559.49798076923,121339.53360576923,121996.4375,10442,0.0,0.0
2025-09-19 00:00:00+09:00,121902.58829403741,121902.58829403741,119462.65965997662,120401.09375,35177,0.0,0.0
2025-09-22 00:00:00+09:00,120494.94159956794,120494.94159956794,119274.97723757855,119462.6640625,15608,0.0,0.0
2025-09-24 00:00:00+09:00,119556.5081495098,119744.19497549019,118805.76084558823,119650.3515625,14737,0.0,0.0
2025-09-25 00:00:00+09:00,119556.51016051912,120776.47454991218,119274.97991681303,120213.4140625,14407,0.0,0.0
2025-09-26 00:00:00+09:00,120588.78226902173,120870.3125,120119.5652173913,120870.3125,18826,0.0,0.0
2025-09-29 00:00:00+09:00,120785.13583669356,120785.13583669356,118679.53125,118679.53125,18459,2511.0,0.0
2025-09-30 00:00:00+09:00,119540.91532379518,119636.62462349398,117913.85722891566,119158.078125,19591,0.0,0.0
2025-10-01 00:00:00+09:00,119062.37008964544,119158.0793903606,117722.43987963336,118775.2421875,18243,0.0,0.0
2025-10-02 00:00:00+09:00,118870.94859073554,120115.16946970459,117818.14630853095,119062.3671875,17159,0.0,0.0
2025-10-03 00:00:00+09:00,118583.82069558883,119158.07648588224,118296.69280044212,119062.3671875,10312,0.0,0.0
2025-10-06 00:00:00+09:00,119445.20427553444,120880.84375,119445.20427553444,120880.84375,11936,0.0,0.0
2025-10-07 00:00:00+09:00,120880.8459,120880.8459,118966.6599,119636.625,12647,0.0,0.0
2025-10-08 00:00:00+09:00,119540.91532379518,119923.75252259037,118966.65952560242,119158.078125,11728,0.0,0.0
2025-10-09 00:00:00+09:00,118966.65788911778,119158.07648588224,117626.72771176648,119062.3671875,17443,0.0,0.0
2025-10-10 00:00:00+09:00,118870.95148821514,118870.95148821514,118009.56778177881,118775.2421875,10159,0.0,0.0
2025-10-14 00:00:00+09:00,117722.43415447073,119540.91077962109,117052.46908204691,119349.4921875,19947,0.0,0.0
2025-10-15 00:00:00+09:00,119253.78779999999,119732.3343,118679.53199999999,119636.625,16222,0.0,0.0
2025-10-16 00:00:00+09:00,120019.46257470119,120115.171875,118679.53237051792,120115.171875,17150,0.0,0.0
2025-10-17 00:00:00+09:00,120115.17261610672,121072.265625,119732.33541254941,121072.265625,13151,0.0,0.0
2025-10-20 00:00:00+09:00,121263.6875,121455.10610694555,120115.17585832675,121263.6875,17998,0.0,0.0
2025-10-21 00:00:00+09:00,121359.39100549882,121837.9375,120976.55380989787,121837.9375,14122,0.0,0.0
2025-10-22 00:00:00+09:00,121742.23020914778,122412.1953125,121263.68370675332,122412.1953125,15072,0.0,0.0
2025-10-23 00:00:00+09:00,122316.48475253313,122795.03125,121550.81035658612,122795.03125,15940,0.0,0.0
2025-10-24 00:00:00+09:00,122795.03213917778,122986.45073955062,121933.6484375,121933.6484375,18187,0.0,0.0
2025-10-27 00:00:00+09:00,122316.48512713509,123273.578125,121933.64792798914,123273.578125,15006,0.0,0.0
2025-10-28 00:00:00+09:00,123177.86971633112,123177.86971633112,122029.35811058444,122412.1953125,19739,0.0,0.0
2025-10-29 00:00:00+09:00,122412.1916457842,122507.90094339622,121455.09866966392,121742.2265625,14847,0.0,0.0
2025-10-30 00:00:00+09:00,121646.51477661134,122699.3170288086,121072.25900268555,122507.8984375,14305,0.0,0.0
2025-10-31 00:00:00+09:00,122603.6164621853,122986.4536720594,121646.5234375,121646.5234375,18168,0.0,0.0
2025-11-04 00:00:00+09:00,121742.22983712716,122412.1949384321,121072.26473582222,121933.6484375,14560,0.0,0.0
2025-11-05 00:00:00+09:00,121359.39263638147,121933.6484375,119923.75313358517,121933.6484375,28762,0.0,0.0
2025-11-06 00:00:00+09:00,122029.3564774061,122603.61227259389,121359.39138302034,122316.484375,14034,0.0,0.0
2025-11-07 00:00:00+09:00,122507.90535298681,123464.99836355702,122316.48675087276,123369.2890625,14308,0.0,0.0
2025-11-10 00:00:00+09:00,123560.70023908424,124326.37460152627,123369.28164847373,123847.828125,14348,0.0,0.0
2025-11-11 00:00:00+09:00,124039.24952290076,125379.1796875,123752.12163048664,125379.1796875,11003,0.0,0.0
2025-11-12 00:00:00+09:00,125379.18055822444,125857.7270489047,124517.796875,124517.796875,10375,0.0,0.0
2025-11-13 00:00:00+09:00,124422.09375,124517.80305288461,123752.1286298077,124422.09375,8043,0.0,0.0
2025-11-14 00:00:00+09:00,124804.92107805256,125666.30473579984,123847.828125,123847.828125,11857,0.0,0.0
2025-11-17 00:00:00+09:00,124230.67495498483,126240.5703125,124039.2563495072,126240.5703125,17737,0.0,0.0
2025-11-18 00:00:00+09:00,126910.52922585227,128633.29659090909,124804.9246685606,126336.2734375,29541,0.0,0.0
2025-11-19 00:00:00+09:00,126623.40461303896,127293.36971681166,125570.60230711044,126527.6953125,23347,0.0,0.0
2025-11-20 00:00:00+09:00,127389.08430451127,128154.7587406015,125953.4447368421,127293.375,18067,0.0,0.0
2025-11-21 00:00:00+09:00,127197.65989895209,128537.5901010479,126719.11339820358,127867.625,20888,0.0,0.0
2025-11-25 00:00:00+09:00,128441.88933645988,129398.98240156018,127389.08696484954,128824.7265625,11246,0.0,0.0
2025-11-26 00:00:00+09:00,128824.71585433654,129398.97164566345,127676.20427168273,129111.84375,12389,0.0,0.0
2025-11-27 00:00:00+09:00,129303.26510416667,130643.1953125,128824.71860119049,130643.1953125,14173,0.0,0.0
2025-11-28 00:00:00+09:00,130260.35917048428,130356.06847185863,127484.78943062827,127963.3359375,16010,0.0,0.0
2025-12-01 00:00:00+09:00,127963.33367803175,127963.33367803175,125092.0546875,125092.0546875,15032,0.0,0.0
2025-12-02 00:00:00+09:00,125379.18913281846,126049.15426558924,124613.51469536613,125474.8984375,10691,0.0,0.0
2025-12-03 00:00:00+09:00,124900.63697756163,125474.89277975733,124134.96257463406,124230.671875,12604,0.0,0.0
2025-12-04 00:00:00+09:00,124422.08475194553,124613.5033438716,122986.4453125,122986.4453125,12284,0.0,0.0
2025-12-05 00:00:00+09:00,122603.61024100825,122890.73813384434,121742.2265625,121742.2265625,10495,0.0,0.0
2025-12-08 00:00:00+09:00,122220.77392616785,122316.48322446556,120498.00655680918,120880.84375,13886,0.0,0.0
2025-12-09 00:00:00+09:00,120115.16974319796,121646.51852080048,120019.4604445978,121359.390625,14487,0.0,0.0
2025-12-10 00:00:00+09:00,121550.81286764707,122699.32448529411,121072.26636029412,122029.359375,15354,0.0,0.0
2025-12-11 00:00:00+09:00,122412.18959814376,122986.44537421012,120115.16649387837,121167.96875,8420,0.0,0.0
2025-12-12 00:00:00+09:00,121263.68407442562,123177.87008980724,121167.97477365655,122890.7421875,26967,0.0,0.0
2025-12-15 00:00:00+09:00,123656.41569992265,124326.38080046403,123273.5784996133,123752.125,12234,0.0,0.0
2025-12-16 00:00:00+09:00,123464.99421296296,124804.92438271604,123369.28491512345,124039.25,13138,0.0,0.0
2025-12-17 00:00:00+09:00,123752.12210648147,124517.79648919753,123656.41280864197,124039.25,8890,0.0,0.0
2025-12-18 00:00:00+09:00,124230.67423844538,125953.4416778075,124039.25563407181,125283.4765625,12408,0.0,0.0
2025-12-19 00:00:00+09:00,125570.60118592196,126049.14768434392,124709.21748876243,125092.0546875,19683,0.0,0.0
2025-12-22 00:00:00+09:00,125283.47674418605,125666.31395348837,123465.0,123465.0,10508,0.0,0.0
2025-12-23 00:00:00+09:00,123847.83140432098,124039.25,123082.15702160493,124039.25,10614,0.0,0.0
2025-12-24 00:00:00+09:00,123752.12210648147,124326.37789351851,123273.57561728395,124039.25,10868,0.0,0.0
2025-12-25 00:00:00+09:00,124230.66936255743,125379.18094372128,124134.9600641271,124996.34375,6837,0.0,0.0
2025-12-26 00:00:00+09:00,124996.3453878156,125474.89188623757,123943.5430912873,125092.0546875,12136,0.0,0.0
2025-12-29 00:00:00+09:00,125379.18622764459,125762.0234375,124613.51180793378,125762.0234375,9700,0.0,0.0
2025-12-30 00:00:00+09:00,126431.98818874141,126910.53469967532,125187.76726031322,125283.4765625,12214,0.0,0.0
2026-01-05 00:00:00+09:00,126814.82502755943,126814.82502755943,123752.12736651649,124804.9296875,17557,0.0,0.0
2026-01-06 00:00:00+09:00,125283.47000119732,125283.47000119732,123943.5398407567,124900.6328125,11082,0.0,0.0
2026-01-07 00:00:00+09:00,123752.1291857018,124134.96639895996,122603.61754592729,123082.1640625,30900,0.0,0.0
2026-01-08 00:00:00+09:00,123177.8671875,123464.99508304197,122412.19279938811,123177.8671875,23458,0.0,0.0
2026-01-09 00:00:00+09:00,123560.70023908424,123847.828125,122795.0258766422,123847.828125,12643,0.0,0.0
2026-01-13 00:00:00+09:00,123847.8355677851,124039.25416989914,122507.90535298681,123369.2890625,18205,0.0,0.0
2026-01-14 00:00:00+09:00,123464.99421296296,124230.668595679,122890.73842592593,124039.25,17982,0.0,0.0
2026-01-15 00:00:00+09:00,124039.25944487278,124134.96875,122890.74778334617,124134.96875,20174,0.0,0.0
2026-01-16 00:00:00+09:00,124422.09121750764,125953.44003249235,124230.67261563455,125187.765625,24133,0.0,0.0
2026-01-19 00:00:00+09:00,126431.99207305319,126623.41068330762,123847.84083461834,124134.96875,12156,0.0,0.0
2026-01-20 00:00:00+09:00,124613.50705059984,125379.18144107972,123656.4140625,123656.4140625,21384,0.0,0.0
2026-01-21 00:00:00+09:00,123369.28922244094,123560.70782480315,120880.84739173228,121550.8125,28455,0.0,0.0
2026-01-22 00:00:00+09:00,121837.94332083662,122316.48983820048,120880.85028610892,121263.6875,25134,0.0,0.0
2026-01-23 00:00:00+09:00,122029.35863389328,122125.06793478261,120785.13772233202,121072.265625,17302,0.0,0.0
2026-01-26 00:00:00+09:00,120402.29775070056,120498.00704938952,119158.0768677442,119540.9140625,21235,0.0,0.0
2026-01-27 00:00:00+09:00,119349.50127589502,119445.21057924377,118392.40824240749,118966.6640625,19188,0.0,0.0
2026-01-28 00:00:00+09:00,118679.52961057305,119445.2039951574,118009.56452406175,118583.8203125,22139,0.0,0.0
2026-01-29 00:00:00+09:00,117818.1470606559,120019.4609375,117243.89126669658,120019.4609375,30024,0.0,0.0
2026-01-30 00:00:00+09:00,120498.013277494,120498.013277494,118870.9551156851,119445.2109375,42944,0.0,0.0
2026-02-02 00:00:00+09:00,120306.59467022236,120880.85049203727,119349.50163386419,119445.2109375,17014,0.0,0.0
2026-02-03 00:00:00+09:00,119636.62001382306,121646.51523005529,119349.4921257899,121167.96875,19771,0.0,0.0
2026-02-04 00:00:00+09:00,120498.01216570336,122412.19822075822,120019.46565193965,122125.0703125,19397,0.0,0.0
2026-02-05 00:00:00+09:00,122699.32684924184,123847.83848901633,122220.78033266914,123082.1640625,22824,0.0,0.0
2026-02-06 00:00:00+09:00,122890.74106087472,123177.86896054965,120976.55506304177,121455.1015625,16011,0.0,0.0
2026-02-09 00:00:00+09:00,122507.90386130812,123082.159660658,121263.68296271672,121455.1015625,16907,0.0,0.0
2026-02-10 00:00:00+09:00,121646.52053694073,121933.6484375,120880.84613544936,121933.6484375,11630,0.0,0.0
2026-02-12 00:00:00+09:00,120593.71786347518,121837.9387620666,120019.4620641253,121455.1015625,14915,0.0,0.0
2026-02-13 00:00:00+09:00,121263.68806738827,121646.52528307063,119828.0485085794,119923.7578125,13525,0.0,0.0
2026-02-16 00:00:00+09:00,120785.1352120974,121837.9375,119828.04222309505,121837.9375,14668,0.0,0.0
2026-02-17 00:00:00+09:00,121455.10902887658,121455.10902887658,120210.88805379746,120976.5625,10153,0.0,0.0
2026-02-18 00:00:00+09:00,121072.26473582222,122890.74143936421,120880.84613544936,121933.6484375,13391,0.0,0.0
2026-02-19 00:00:00+09:00,122125.06590051629,122125.06590051629,120306.58921390984,120498.0078125,14764,0.0,0.0
2026-02-20 00:00:00+09:00,120880.84086196683,121742.22452606635,120689.42226994471,121167.96875,14854,0.0,0.0
2026-02-24 00:00:00+09:00,122220.7734375,122699.31992707518,121455.09905417972,122220.7734375,16372,0.0,0.0
2026-02-25 00:00:00+09:00,123082.15616618773,124996.34210967433,122125.06319444445,124900.6328125,32145,0.0,0.0
2026-02-26 00:00:00+09:00,125666.31323223734,126814.82485355253,124900.63881802722,126623.40625,35425,0.0,0.0
2026-02-27 00:00:00+09:00,127006.23862653728,127197.65722280937,124517.796875,124517.796875,30867,0.0,0.0
2026-03-02 00:00:00+09:00,124804.92103008377,125857.72327803694,123560.70019159367,125666.3046875,21927,0.0,0.0
2026-03-03 00:00:00+09:00,124422.08435058594,124517.79364624024,122029.35195922852,122507.8984375,26974,0.0,0.0
2026-03-04 00:00:00+09:00,122507.90094339622,122890.73813384434,121550.80796727593,121742.2265625,30974,0.0,0.0
2026-03-05 00:00:00+09:00,122795.03524372587,125187.76780888031,122699.32594111969,123943.546875,19963,0.0,0.0
2026-03-06 00:00:00+09:00,123464.99139404297,123847.82857666016,122316.4798461914,122507.8984375,14715,0.0,0.0
2026-03-09 00:00:00+09:00,121550.8125,122890.74271653543,120880.84739173228,121550.8125,22419,0.0,0.0
2026-03-10 00:00:00+09:00,122890.7401701878,123082.15876858373,121550.80998141627,122316.484375,19779,0.0,0.0
2026-03-11 00:00:00+09:00,122316.48963598367,123943.54779233088,121742.23381609643,123082.1640625,8047,0.0,0.0
2026-03-12 00:00:00+09:00,122412.19822075822,122890.74473452194,121742.23310148902,122125.0703125,10974,0.0,0.0
2026-03-13 00:00:00+09:00,121933.64515772405,123273.57532429245,121550.80796727593,121742.2265625,20680,0.0,0.0
2026-03-16 00:00:00+09:00,121933.64755455962,123273.57774746687,121359.39175759937,122795.03125,18692,0.0,0.0
2026-03-17 00:00:00+09:00,123177.86390442608,123560.70108827822,122412.1895367218,122986.4453125,13379,0.0,0.0
2026-03-18 00:00:00+09:00,122986.44897083011,124134.96055654992,122507.90247678019,123656.4140625,13536,0.0,0.0
2026-03-19 00:00:00+09:00,123464.99724048273,123752.125141042,121933.6484375,121933.6484375,19447,0.0,0.0
2026-03-23 00:00:00+09:00,119540.91211575776,120498.00508706087,116956.76109323937,117148.1796875,37114,0.0,0.0
2026-03-24 00:00:00+09:00,117531.02564300412,118583.82798996914,116286.8046875,116286.8046875,20815,0.0,0.0
2026-03-25 00:00:00+09:00,116956.7661553187,117913.85916804636,115616.8359375,115616.8359375,33332,0.0,0.0
2026-03-26 00:00:00+09:00,115138.29303626543,116286.8046875,114946.87442772633,116286.8046875,48322,0.0,0.0
2026-03-27 00:00:00+09:00,116286.80051912848,117339.60282835516,116095.3819174509,116956.765625,35650,0.0,0.0
2026-03-30 00:00:00+09:00,115721.36272416737,116014.57563647523,114353.03580006404,114450.7734375,36758,2536.0,0.0
2026-03-31 00:00:00+09:00,114450.76955472103,114841.72009120173,113473.39321351932,113864.34375,39943,0.0,0.0
2026-04-01 00:00:00+09:00,114743.9809590081,120705.9765625,114548.50569331984,120705.9765625,64160,0.0,0.0
2026-04-02 00:00:00+09:00,117773.85311032236,118360.27893493808,114450.7734375,114450.7734375,89519,0.0,0.0
2026-04-03 00:00:00+09:00,116014.5715614592,117676.11133950875,115037.19522143007,117382.8984375,25620,0.0,0.0
2026-04-06 00:00:00+09:00,117480.6399388981,118653.49158554267,117187.42702723696,117969.328125,14851,0.0,0.0
2026-04-07 00:00:00+09:00,117969.32227211379,119337.64912531147,117382.89647788621,117676.109375,14261,0.0,0.0
2026-04-08 00:00:00+09:00,120119.550132329,120217.28776465799,118067.0598534202,120021.8125,25971,0.0,0.0
2026-04-09 00:00:00+09:00,120119.5534529321,120608.24162808643,118262.53838734569,118751.2265625,19732,0.0,0.0
2026-04-10 00:00:00+09:00,119142.17575892857,119728.6015625,118555.74995535715,119728.6015625,17521,0.0,0.0
2026-04-13 00:00:00+09:00,119239.91603327855,119826.34184983566,118164.8020362572,118946.703125,16940,0.0,0.0
2026-04-14 00:00:00+09:00,119728.60414335842,120412.76759560617,119435.39123525223,120119.5546875,11069,0.0,0.0
2026-04-15 00:00:00+09:00,120999.18752574136,121096.92515702224,118653.484375,118653.484375,15660,0.0,0.0
2026-04-16 00:00:00+09:00,119239.91596318144,120217.2923235354,117773.85142265052,120119.5546875,20298,0.0,0.0
2026-04-17 00:00:00+09:00,119924.07886751032,120021.81650309918,118262.5390625,118262.5390625,12719,0.0,0.0
2026-04-20 00:00:00+09:00,118653.48567280016,118946.6985698499,118262.53514340048,118848.9609375,9392,0.0,0.0
2026-04-21 00:00:00+09:00,119044.43490012357,119435.38542524712,118067.05858731466,118653.484375,11500,0.0,0.0
2026-04-22 00:00:00+09:00,119044.4415234375,119044.4415234375,117285.1640625,117285.1640625,16871,0.0,0.0
2026-04-23 00:00:00+09:00,117285.1640625,117773.85224609375,115916.8371484375,117285.1640625,14085,0.0,0.0
2026-04-24 00:00:00+09:00,117382.90230167772,118067.06576222039,117187.42702723696,117969.328125,10062,0.0,0.0
2026-04-27 00:00:00+09:00,118164.8021071058,118262.53974325725,117382.90101789418,117773.8515625,12013,0.0,0.0
2026-04-28 00:00:00+09:00,117089.68886784512,117773.8523253367,116014.57486321549,116112.3125,25601,0.0,0.0
2026-04-30 00:00:00+09:00,116014.57222643185,117089.68620662625,115623.62168817934,116894.2109375,25110,0.0,0.0
2026-05-01 00:00:00+09:00,116796.47137610574,116894.20900905645,115623.61978069713,116014.5703125,16446,0.0,0.0
2026-05-07 00:00:00+09:00,117382.89848349453,117578.37375157695,115232.67053458789,116210.046875,40156,0.0,0.0
2026-05-08 00:00:00+09:00,116405.52557184278,116503.26320876289,113571.13410115978,113766.609375,26163,0.0,0.0
2026-05-11 00:00:00+09:00,114157.55923866553,114841.72269300684,113668.87105699316,114255.296875,17641,0.0,0.0
2026-05-12 00:00:00+09:00,114450.76628162521,114450.76628162521,112398.27602379932,113962.078125,21301,0.0,0.0
2026-05-13 00:00:00+09:00,113473.39524456522,113571.13288043479,112007.33070652174,112398.28125,16632,0.0,0.0
2026-05-14 00:00:00+09:00,112984.70442033678,113473.39258824482,112398.27861884715,113180.1796875,14889,0.0,0.0
2026-05-15 00:00:00+09:00,113082.44009743756,114059.81641634367,112789.22720176572,113473.390625,14888,0.0,0.0
2026-05-18 00:00:00+09:00,113375.65371024735,113375.65371024735,109759.3613074205,110639.0,21940,0.0,0.0
2026-05-19 00:00:00+09:00,110638.99994593425,113082.44075746107,110443.52468101212,112984.703125,22187,0.0,0.0
2026-05-20 00:00:00+09:00,113375.65503747795,113473.39267113095,109857.10022597002,110834.4765625,26927,0.0,0.0
2026-05-21 00:00:00+09:00,111225.43037014564,111323.16800667476,109759.36582220874,110736.7421875,29516,0.0,0.0
2026-05-22 00:00:00+09:00,111127.69342170877,111225.43105884308,109759.36650182845,110248.0546875,16197,0.0,0.0
2026-05-25 00:00:00+09:00,110052.57291205753,111420.89975110619,109954.8352806969,110443.5234375,10398,0.0,0.0
2026-05-26 00:00:00+09:00,110834.47921292185,111225.42975688278,109759.3652170293,110052.578125,17433,0.0,0.0
2026-05-27 00:00:00+09:00,111225.42839458627,111225.42839458627,109954.83914227552,111029.953125,22606,0.0,0.0
2026-05-28 00:00:00+09:00,110052.574204947,110736.73763250884,109759.3613074205,110639.0,19372,0.0,0.0
2026-05-29 00:00:00+09:00,111029.95374015748,113180.18171751968,110345.79029281496,111714.1171875,36135,0.0,0.0
2026-06-01 00:00:00+09:00,112496.017646897,112496.017646897,110541.26495103433,111029.953125,20876,0.0,0.0
2026-06-02 00:00:00+09:00,110834.47529296875,111029.95055803572,108977.46027483259,109466.1484375,24135,0.0,0.0
2026-06-03 00:00:00+09:00,110052.574204947,110932.21289752651,109563.88604240284,110639.0,20368,0.0,0.0
2026-06-04 00:00:00+09:00,109857.1009400179,110736.73964861235,108879.72459713518,109172.9375,14339,0.0,0.0
2026-06-05 00:00:00+09:00,109661.62175123762,110150.30990520927,108097.81965852836,108586.5078125,16323,0.0,0.0
2026-06-08 00:00:00+09:00,108195.55728239092,109759.359375,107804.60675923864,109759.359375,13803,0.0,0.0
2026-06-09 00:00:00+09:00,109759.36460427837,109759.36460427837,108293.30007260948,109368.4140625,18445,0.0,0.0
2026-06-10 00:00:00+09:00,109563.89047489082,111909.59375,108977.46465611353,111909.59375,23047,0.0,0.0
2026-06-11 00:00:00+09:00,111323.1640625,112593.75329236171,111029.95116330114,111323.1640625,18259,0.0,0.0
2026-06-12 00:00:00+09:00,111420.90232329842,113082.44209478621,110248.05071989528,112007.328125,35599,0.0,0.0
2026-06-15 00:00:00+09:00,112984.70246554694,114646.24220768733,112300.53904231267,113473.390625,20807,0.0,0.0
2026-06-16 00:00:00+09:00,112691.49553179824,112886.97080592105,110541.26751644736,111420.90625,20531,0.0,0.0
2026-06-17 00:00:00+09:00,111127.69333881578,111909.59443530701,110248.05460526315,111420.90625,31790,0.0,0.0
2026-06-18 00:00:00+09:00,111616.3789337588,111714.11656855194,110052.57677706865,111029.953125,14589,0.0,0.0
2026-06-19 00:00:00+09:00,110932.21616655614,111714.11724966843,110541.265625,110541.265625,60398,0.0,0.0
2026-06-22 00:00:00+09:00,110639.00387192443,111225.4296875,110443.52860006591,111225.4296875,15793,0.0,0.0
2026-06-23 00:00:00+09:00,111420.90625,112398.28262061403,110736.74279057018,111420.90625,22967,0.0,0.0
2026-06-24 00:00:00+09:00,111323.16597479311,112202.8046875,111029.95307055749,112202.8046875,15438,0.0,0.0
2026-06-25 00:00:00+09:00,112691.49280711207,113668.86915409483,111420.9035560345,113375.65625,27026,0.0,0.0
2026-06-26 00:00:00+09:00,113962.07939618644,115525.88151483051,112984.7030720339,115330.40625,25088,0.0,0.0
2026-06-29 00:00:00+09:00,114841.72330064839,115623.62439546132,114157.55984268709,114939.4609375,18204,0.0,0.0
2026-06-30 00:00:00+09:00,114646.24419122409,115525.88289345855,113180.1796875,113180.1796875,22567,0.0,0.0
2026-07-01 00:00:00+09:00,113473.39524456522,113571.13288043479,112007.33070652174,112398.28125,19600,0.0,0.0
2026-07-02 00:00:00+09:00,114353.03383198468,115916.836004046,112496.01875266184,114743.984375,24881,0.0,0.0
2026-07-03 00:00:00+09:00,115428.1438561766,116894.20834207215,114841.71806181836,116503.2578125,21693,0.0,0.0
2026-07-06 00:00:00+09:00,116307.78252180234,118848.96096345516,116210.04488943107,117676.109375,21227,0.0,0.0
2026-07-07 00:00:00+09:00,118067.05861344538,118555.74676995799,116307.78125,116307.78125,16203,0.0,0.0
2026-07-08 00:00:00+09:00,116405.5241159886,116405.5241159886,114450.77140203414,115916.8359375,14287,0.0,0.0
2026-07-09 00:00:00+09:00,116112.31114357262,117089.6875,115623.62296535893,117089.6875,13157,0.0,0.0
2026-07-10 00:00:00+09:00,116796.47006856541,116991.94533227848,115525.88085443038,115819.09375,12003,0.0,0.0
2026-07-13 00:00:00+09:00,116307.78513012124,117382.89911031563,115819.09695730559,116894.2109375,9520,0.0,0.0
2026-07-14 00:00:00+09:00,117285.16398514851,118751.22853496287,116698.73816522276,118458.015625,13958,0.0,0.0
2026-07-15 00:00:00+09:00,118555.75129243828,119142.17710262346,118164.80075231481,118751.2265625,22723,0.0,0.0
2026-07-16 00:00:00+09:00,118751.22335753984,119142.17388711199,116014.56965053482,116503.2578125,19591,0.0,0.0
2026-07-17 00:00:00+09:00,116894.20831602991,119435.38675768273,116503.25778654485,117676.109375,22250,0.0,0.0
2026-07-21 00:00:00+09:00,119239.91078669911,120705.97526358475,119142.17315490673,120510.5,28684,0.0,0.0
2026-07-22 00:00:00+09:00,120315.02606295994,120608.2389615699,118946.69920278004,119533.125,17142,0.0,0.0
2026-07-23 00:00:00+09:00,119533.12962819719,119924.08017481436,118067.06507838283,118458.015625,19033,0.0,0.0
2026-07-24 00:00:00+09:00,118262.53705357143,120021.81446428572,117969.32415178572,119728.6015625,11778,0.0,0.0
2026-07-27 00:00:00+09:00,120608.23889835607,121976.56575781877,120315.02599989976,121878.828125,14078,0.0,0.0
2026-07-28 00:00:00+09:00,121585.61854234197,122367.51962621555,120217.29164556321,120608.2421875,15151,0.0,0.0
2026-07-29 00:00:00+09:00,120705.97777061856,123247.15625,120412.76486915146,123247.15625,28562,0.0,0.0
2026-07-30 00:00:00+09:00,120999.1874875,122172.0390625,120412.7617,122172.0390625,25958,0.0,0.0
2026-07-31 00:00:00+09:00,121976.56449631449,122367.51502354626,119142.1731738841,119337.6484375,21424,0.0,0.0
2026-08-03 00:00:00+09:00,119044.44222018828,119435.39276935146,116210.05073875522,116796.4765625,24901,0.0,0.0
2026-08-04 00:00:00+09:00,116894.21099028716,116894.21099028716,115134.93356735642,115721.359375,16355,0.0,0.0
2026-08-05 00:00:00+09:00,115721.35870479394,116405.52214308242,114646.24473034062,116210.046875,19505,0.0,0.0
2026-08-06 00:00:00+09:00,115916.8333071608,116698.734375,115428.14513976131,116698.734375,12711,0.0,0.0
2026-08-07 00:00:00+09:00,116796.47070967911,117480.63413643037,115819.09438574874,116503.2578125,14394,0.0,0.0
2026-08-10 00:00:00+09:00,116503.26304713804,116503.26304713804,115037.19849537036,116112.3125,12249,0.0,0.0
2026-08-12 00:00:00+09:00,116210.04361869748,116503.25651260505,115232.66730567226,116307.78125,12060,0.0,0.0
2026-08-13 00:00:00+09:00,116600.99480485232,116796.47006856541,115525.88085443038,115819.09375,11052,0.0,0.0
2026-08-14 00:00:00+09:00,116014.56967690679,116210.04494173729,115134.9309851695,115330.40625,14875,0.0,0.0
2026-08-17 00:00:00+09:00,115819.09700960726,116503.2604518581,115525.88410578547,115721.359375,13017,0.0,0.0
2026-08-18 00:00:00+09:00,115819.10027472528,115819.10027472528,114255.29807692308,115623.625,16563,0.0,0.0
2026-08-19 00:00:00+09:00,115037.19464493443,116014.57098006556,114841.7193779082,115525.8828125,19151,0.0,0.0
2026-08-20 00:00:00+09:00,116698.73241697994,117480.63347170007,115916.8313622598,116991.9453125,14702,0.0,0.0
2026-08-21 00:00:00+09:00,117187.42059599156,117187.42059599156,115134.93032700421,115819.09375,12956,0.0,0.0
2026-08-24 00:00:00+09:00,116014.57546417364,116894.21419979079,115721.36255230125,116796.4765625,10537,0.0,0.0
2026-08-25 00:00:00+09:00,116796.47595749158,116991.95123106061,116112.3125,116112.3125,13501,0.0,0.0
2026-08-26 00:00:00+09:00,116307.78254771393,117089.68360685822,116112.30728292785,116503.2578125,11168,0.0,0.0
2026-08-27 00:00:00+09:00,116307.78125,117187.41993172269,116014.56835609244,116307.78125,24372,0.0,0.0
2026-08-28 00:00:00+09:00,115428.14912175808,116112.3125797194,114939.4609375,114939.4609375,18202,0.0,0.0
2026-08-31 00:00:00+09:00,115330.40821474086,115916.8340192226,115037.1953125,115037.1953125,19491,0.0,0.0
2026-09-01 00:00:00+09:00,115232.67248761593,116210.04884459317,114743.9843091273,115916.8359375,19956,0.0,0.0
2026-09-02 00:00:00+09:00,115232.6679787404,115330.4056106138,114450.7669237532,114646.2421875,20995,0.0,0.0
2026-09-03 00:00:00+09:00,114939.45902956298,115330.40957047987,114059.8203125,114059.8203125,16708,0.0,0.0
2026-09-04 00:00:00+09:00,113962.08138412017,114743.98245708155,113668.86848175967,113864.34375,17175,0.0,0.0
2026-09-07 00:00:00+09:00,113962.07813853987,114157.55340121318,112691.48893116335,112789.2265625,14483,0.0,0.0
2026-09-08 00:00:00+09:00,111811.85611353711,112789.23247816594,111029.95502183406,111909.59375,21566,0.0,0.0
2026-09-09 00:00:00+09:00,111811.85739973845,112496.02086284873,111323.16921180252,112105.0703125,27074,0.0,0.0
2026-09-10 00:00:00+09:00,112105.06638253469,113082.44272414353,111909.59111421292,112691.4921875,16802,0.0,0.0
2026-09-11 00:00:00+09:00,115134.9330904908,115134.9330904908,111029.95245398773,111518.640625,38974,0.0,0.0
2026-09-14 00:00:00+09:00,111323.16664616141,112398.28063484252,111323.16664616141,111714.1171875,14309,0.0,0.0
2026-09-15 00:00:00+09:00,111616.38212456407,112300.54558767437,111323.16921180252,112105.0703125,14321,0.0,0.0
2026-09-16 00:00:00+09:00,112202.80339223385,112300.54102585078,111127.68942244764,112007.328125,12702,0.0,0.0
2026-09-17 00:00:00+09:00,111714.11522414921,112007.328125,111225.42705606457,112007.328125,9658,0.0,0.0
2026-09-18 00:00:00+09:00,112202.8001376652,112202.8001376652,110932.2109375,110932.2109375,36027,0.0,0.0
2026-09-24 00:00:00+09:00,110932.21223614775,111323.16276385225,110150.31118073879,111127.6875,16994,0.0,0.0
2026-09-25 00:00:00+09:00,111323.16540494908,111518.64067343889,110345.7890625,110345.7890625,17348,0.0,0.0
2026-09-28 00:00:00+09:00,110443.52473498233,111029.95053003533,110248.04946996467,110639.0,24259,0.0,0.0
2026-09-29 00:00:00+09:00,110100.0,110400.0,108500.0,108800.0,26372,2561.0,0.0
2026-09-30 00:00:00+09:00,108600.0,109900.0,108600.0,108900.0,21586,0.0,0.0
2026-10-01 00:00:00+09:00,108200.0,109400.0,108200.0,109100.0,18728,0.0,0.0
2026-10-02 00:00:00+09:00,108700.0,108800.0,106900.0,107200.0,15883,0.0,0.0
2026-10-05 00:00:00+09:00,106900.0,107300.0,105100.0,105100.0,15910,0.0,0.0
2026-10-06 00:00:00+09:00,105300.0,107200.0,105100.0,106500.0,16979,0.0,0.0
2026-10-07 00:00:00+09:00,106900.0,106900.0,105800.0,105800.0,15128,0.0,0.0
2026-10-08 00:00:00+09:00,105000.0,105500.0,104600.0,105000.0,20882,0.0,0.0
2026-10-09 00:00:00+09:00,105100.0,106300.0,105100.0,106300.0,5024,0.0,0.0
