Date,Open,High,Low,Close,Volume,Dividends,Stock Splits
2021-10-05 00:00:00+09:00,83828.3828125,84219.73847455649,79993.0973243464,83828.3828125,28272,0.0,0.0
2021-10-06 00:00:00+09:00,84219.73562441203,84532.8201434619,81245.43269343837,83202.2109375,28374,0.0,0.0
2021-10-07 00:00:00+09:00,83045.669720578,84298.0078125,81871.60275940111,84298.0078125,17165,0.0,0.0
2021-10-08 00:00:00+09:00,84611.09515408985,85941.70442108295,84376.28175403226,84924.1796875,23348,0.0,0.0
2021-10-11 00:00:00+09:00,83671.83354023972,85706.8828125,83045.6645333904,85706.8828125,20862,0.0,0.0
2021-10-12 00:00:00+09:00,85550.35247276376,85941.7081565367,85002.45451548166,85315.5390625,11636,0.0,0.0
2021-10-13 00:00:00+09:00,85472.07280405406,87037.49538288287,85237.25941722972,86880.953125,20623,0.0,0.0
2021-10-14 00:00:00+09:00,86567.87583448435,86724.41810543278,84532.82631215469,85002.453125,13139,0.0,0.0
2021-10-15 00:00:00+09:00,85706.88654119318,86098.2421875,84845.90411931818,86098.2421875,16225,0.0,0.0
2021-10-18 00:00:00+09:00,85002.45181699272,86019.9765625,83671.84253440629,86019.9765625,22164,0.0,0.0
2021-10-19 00:00:00+09:00,85941.70299491212,86019.97412696577,83828.38242946345,84611.09375,25012,0.0,0.0
2021-10-20 00:00:00+09:00,83906.65902777779,84689.37039930555,83358.76106770834,84532.828125,12661,0.0,0.0
2021-10-21 00:00:00+09:00,84219.74493322399,84611.10062529288,83123.94899543111,83515.3046875,8549,0.0,0.0
2021-10-22 00:00:00+09:00,83123.94236680328,83515.29802766394,81167.1640625,81167.1640625,21432,0.0,0.0
2021-10-25 00:00:00+09:00,82106.4071163958,82419.49160492352,81401.96701720842,81871.59375,8763,0.0,0.0
2021-10-26 00:00:00+09:00,82810.84867559523,82967.39092261904,81793.32406994047,82184.6796875,13416,0.0,0.0
2021-10-27 00:00:00+09:00,82341.24174641148,82497.78403110048,81558.53032296652,81793.34375,18235,0.0,0.0
2021-10-28 00:00:00+09:00,81949.8680630388,82262.95256375718,81167.15681124282,81715.0546875,13914,0.0,0.0
2021-10-29 00:00:00+09:00,81558.53032296652,82576.05517344498,81245.44575358852,81793.34375,16801,0.0,0.0
2021-11-01 00:00:00+09:00,82341.22193452381,82654.30642857142,81558.51069940477,82184.6796875,11093,0.0,0.0
2021-11-02 00:00:00+09:00,82184.68287810114,82810.85189050573,82028.140625,82028.140625,10675,0.0,0.0
2021-11-04 00:00:00+09:00,82419.49481411638,82732.57931483477,81010.61456088362,81715.0546875,12546,0.0,0.0
2021-11-05 00:00:00+09:00,81167.15944293479,81323.70169836956,80071.3636548913,81010.6171875,17185,0.0,0.0
2021-11-08 00:00:00+09:00,80540.99589730416,81088.89382857834,79914.82683299082,80932.3515625,19039,0.0,0.0
2021-11-09 00:00:00+09:00,80306.18329326923,80384.45442708334,79210.3874198718,79366.9296875,17332,0.0,0.0
2021-11-10 00:00:00+09:00,79210.3819273399,79914.8220828202,78897.2974137931,79445.1953125,11047,0.0,0.0
2021-11-11 00:00:00+09:00,79758.29273223877,80306.19071960449,79601.75045013428,80149.6484375,8031,0.0,0.0
2021-11-12 00:00:00+09:00,79914.8220828202,80227.906596367,79132.1107989532,79445.1953125,8980,0.0,0.0
2021-11-15 00:00:00+09:00,79053.8451522436,79914.82762419872,79053.8451522436,79366.9296875,12302,0.0,0.0
2021-11-16 00:00:00+09:00,79836.56387329102,80306.19071960449,79366.93702697754,80149.6484375,8952,0.0,0.0
2021-11-17 00:00:00+09:00,79601.734375,80149.63225172074,79366.92099926253,79601.734375,14979,0.0,0.0
2021-11-18 00:00:00+09:00,79132.1204007681,79758.28950384044,78740.76471134787,78975.578125,10229,0.0,0.0
2021-11-19 00:00:00+09:00,78740.76011668322,79210.38691658391,78584.21785004965,78819.03125,10788,0.0,0.0
2021-11-22 00:00:00+09:00,78271.12412761715,78975.5642447657,78271.12412761715,78505.9375,8696,0.0,0.0
2021-11-24 00:00:00+09:00,78114.590546875,78740.759609375,77723.2348828125,78271.1328125,14293,0.0,0.0
2021-11-25 00:00:00+09:00,78662.49128069197,79445.20263671875,78427.67787388393,78897.3046875,8712,0.0,0.0
2021-11-26 00:00:00+09:00,78740.75087238285,78897.29312063809,77566.6840104686,78505.9375,23007,0.0,0.0
2021-11-29 00:00:00+09:00,77331.88788265306,77958.05701530613,76236.0919005102,76705.71875,30984,0.0,0.0
2021-11-30 00:00:00+09:00,78192.87372986964,79288.66975811606,76470.90854262526,76549.1796875,45230,0.0,0.0
2021-12-01 00:00:00+09:00,76705.70164506481,79993.08885842473,76627.4305209372,78505.9375,39789,0.0,0.0
2021-12-02 00:00:00+09:00,78505.9503454774,79914.83081030152,77879.78125,77879.78125,34697,0.0,0.0
2021-12-03 00:00:00+09:00,78975.57857075825,79601.74767736487,77958.05377252253,78192.8671875,23831,0.0,0.0
2021-12-06 00:00:00+09:00,78427.66699516785,78427.66699516785,76705.70225076297,76940.515625,18174,0.0,0.0
2021-12-07 00:00:00+09:00,77958.0450973054,78897.29865269462,77879.77396768962,78427.671875,16740,0.0,0.0
2021-12-08 00:00:00+09:00,78192.85618287962,79053.83858329171,77723.22941901849,78349.3984375,17359,0.0,0.0
2021-12-09 00:00:00+09:00,78427.675078125,78662.4884765625,77488.421484375,78271.1328125,22482,0.0,0.0
2021-12-10 00:00:00+09:00,79366.9239886022,79366.9239886022,77175.33239917335,78114.5859375,33836,0.0,0.0
2021-12-13 00:00:00+09:00,77331.8748069001,77488.41706359423,76001.265625,76001.265625,20281,0.0,0.0
2021-12-14 00:00:00+09:00,76079.5358701232,77097.06052682239,75766.45136036961,76236.078125,22806,0.0,0.0
2021-12-15 00:00:00+09:00,77331.88329145728,77958.05238693468,77018.7987437186,77879.78125,15330,0.0,0.0
2021-12-16 00:00:00+09:00,77644.96919551936,77958.05374872709,76862.2578125,76862.2578125,10627,0.0,0.0
2021-12-17 00:00:00+09:00,77410.15085029791,78897.30238331678,76705.71065044688,78819.03125,38140,0.0,0.0
2021-12-20 00:00:00+09:00,77566.68258101853,77723.22482638889,75922.98900462964,76079.53125,18016,0.0,0.0
2021-12-21 00:00:00+09:00,76001.26830496361,76157.81056717774,75296.828125,75296.828125,15054,0.0,0.0
2021-12-22 00:00:00+09:00,75688.17768534257,75688.17768534257,74670.65306289226,74827.1953125,13846,0.0,0.0
2021-12-23 00:00:00+09:00,75218.5546875,75609.91033103538,74905.4701726717,75218.5546875,6958,0.0,0.0
2021-12-24 00:00:00+09:00,76392.62126673532,76392.62126673532,75844.72336830587,76001.265625,9469,0.0,0.0
2021-12-27 00:00:00+09:00,76470.89884953464,76470.89884953464,75531.64523009308,75688.1875,7144,0.0,0.0
2021-12-28 00:00:00+09:00,76705.70721153847,76705.70721153847,75844.72478365384,76314.3515625,9735,0.0,0.0
2021-12-29 00:00:00+09:00,76705.69737008073,77644.95080726538,76314.34177125378,77566.6796875,12298,0.0,0.0
2021-12-30 00:00:00+09:00,77488.40856773462,77958.03528632694,77097.05296890766,77566.6796875,14077,0.0,0.0
2022-01-04 00:00:00+09:00,79445.19620028409,79680.00958806818,77958.04474431818,79210.3828125,15195,0.0,0.0
2022-01-05 00:00:00+09:00,79210.39569845617,79993.10711840139,78584.2265625,78584.2265625,27209,0.0,0.0
2022-01-06 00:00:00+09:00,78349.40200802578,78662.48653153438,77175.33504486855,77410.1484375,14305,0.0,0.0
2022-01-07 00:00:00+09:00,77097.07445790817,77488.43016581633,76157.82075892857,76705.71875,18820,0.0,0.0
2022-01-11 00:00:00+09:00,77253.60512019231,77488.41850961538,76079.53817307693,76314.3515625,17357,0.0,0.0
2022-01-12 00:00:00+09:00,75609.9019495413,77253.59547018349,75609.9019495413,76783.96875,19557,0.0,0.0
2022-01-13 00:00:00+09:00,76314.35984438646,77410.15578061354,76314.35984438646,76862.2578125,17164,0.0,0.0
2022-01-14 00:00:00+09:00,76783.98014222136,76862.25127386481,75688.18429921311,75844.7265625,19866,0.0,0.0
2022-01-17 00:00:00+09:00,75766.44993556701,76470.89006926547,75766.44993556701,75922.9921875,11722,0.0,0.0
2022-01-18 00:00:00+09:00,75766.44993556701,76862.24569909794,75766.44993556701,75922.9921875,16053,0.0,0.0
2022-01-19 00:00:00+09:00,76001.26669600159,76627.43573160202,73653.1328125,73653.1328125,34288,0.0,0.0
2022-01-20 00:00:00+09:00,73653.1415064989,74122.76833863385,70757.109375,70757.109375,53702,0.0,0.0
2022-01-21 00:00:00+09:00,70209.21096314279,72087.71827988239,68095.89023181073,71539.8203125,45029,0.0,0.0
2022-01-24 00:00:00+09:00,71304.99735054348,72400.79313858696,70522.28607336957,72009.4375,21455,0.0,0.0
2022-01-25 00:00:00+09:00,71852.89648222161,72244.25212754961,70835.3718043688,70991.9140625,20781,0.0,0.0
2022-01-26 00:00:00+09:00,71461.5464602519,72557.34235339925,71070.19078412784,72244.2578125,18175,0.0,0.0
2022-01-27 00:00:00+09:00,72165.98547350473,74592.390625,71931.17207174712,74592.390625,37872,0.0,0.0
2022-01-28 00:00:00+09:00,74514.0984014675,75140.26729559748,73887.92950733753,74670.640625,27881,0.0,0.0
2022-01-31 00:00:00+09:00,74983.74728541882,76236.08544467426,74514.12047569804,75688.1875,31505,0.0,0.0
2022-02-01 00:00:00+09:00,75766.4482349842,76236.07498024237,73731.39900553215,74279.296875,25224,0.0,0.0
2022-02-02 00:00:00+09:00,74670.6617589192,75609.91536594964,74044.49268756558,74592.390625,18311,0.0,0.0
2022-02-03 00:00:00+09:00,75062.01510799633,75375.09963399422,74435.84605600052,74514.1171875,12757,0.0,0.0
2022-02-04 00:00:00+09:00,75218.55737099527,75609.91302849265,74514.1171875,74514.1171875,15104,0.0,0.0
2022-02-07 00:00:00+09:00,74435.84605600052,74514.1171875,73574.8636095063,74514.1171875,16241,0.0,0.0
2022-02-08 00:00:00+09:00,74122.76497826987,74122.76497826987,70835.37730235927,70913.6484375,37325,0.0,0.0
2022-02-09 00:00:00+09:00,71931.16430455395,73731.40019030448,71461.53755174947,73261.7734375,25613,0.0,0.0
2022-02-10 00:00:00+09:00,73731.40358832807,74435.84375,72948.6922975815,74435.84375,24382,0.0,0.0
2022-02-14 00:00:00+09:00,72948.69300483352,73340.04865400108,72165.9817064984,72870.421875,15784,0.0,0.0
2022-02-15 00:00:00+09:00,72635.62689804772,73653.15184381779,72009.45770065076,72166.0,27683,0.0,0.0
2022-02-16 00:00:00+09:00,73340.0317249738,74748.91173676625,72948.67616614256,74670.640625,15093,0.0,0.0
2022-02-17 00:00:00+09:00,75062.01154856068,75609.90944307572,74435.84252625778,75453.3671875,12061,0.0,0.0
2022-02-18 00:00:00+09:00,75531.63339120371,76079.53125,74435.83767361111,76079.53125,21833,0.0,0.0
2022-02-21 00:00:00+09:00,76001.26275311527,76157.80500389409,75140.28037383177,75375.09375,18883,0.0,0.0
2022-02-22 00:00:00+09:00,74514.1171875,74905.47284499738,73574.8636095063,74514.1171875,28714,0.0,0.0
2022-02-24 00:00:00+09:00,74201.0390625,75766.46182753165,73261.78540348102,74201.0390625,48720,0.0,0.0
2022-02-25 00:00:00+09:00,73867.388937635,74268.40625,73305.96470032398,74268.40625,28037,2284.0,0.0
2022-02-28 00:00:00+09:00,74188.19334888562,75391.2451329216,73706.97263527122,74669.4140625,20478,0.0,0.0
2022-03-01 00:00:00+09:00,74509.00775511542,76514.09407791187,74509.00775511542,76433.890625,27381,0.0,0.0
2022-03-02 00:00:00+09:00,77476.54480044784,77717.15518802687,75551.6616998156,76113.0859375,20092,0.0,0.0
2022-03-03 00:00:00+09:00,76995.32782515991,76995.32782515991,75150.64809601546,75230.8515625,14395,0.0,0.0
2022-03-04 00:00:00+09:00,75712.06754574811,75952.67792989773,73867.38793393434,74509.015625,20465,0.0,0.0
2022-03-07 00:00:00+09:00,73787.1786971831,74428.80633802817,73065.3476012324,74027.7890625,24878,0.0,0.0
2022-03-08 00:00:00+09:00,73065.34891016051,74268.40075829707,73065.34891016051,73706.9765625,19469,0.0,0.0
2022-03-09 00:00:00+09:00,74027.79546633021,74348.60931450498,72503.9296875,72503.9296875,22699,0.0,0.0
2022-03-10 00:00:00+09:00,73546.57876632463,75471.46196195362,73466.37529984009,75230.8515625,22041,0.0,0.0
2022-03-11 00:00:00+09:00,76113.07152551574,76514.08876221497,73706.9681053203,73867.375,26805,0.0,0.0
2022-03-14 00:00:00+09:00,73626.76853898715,75551.65137660773,73626.76853898715,74829.8203125,13740,0.0,0.0
2022-03-15 00:00:00+09:00,74509.00650622991,75631.85482817524,74268.39615152734,74829.8203125,14833,0.0,0.0
2022-03-16 00:00:00+09:00,74348.61537958116,76754.71943717278,74348.61537958116,76594.3125,22327,0.0,0.0
2022-03-17 00:00:00+09:00,76353.68717208815,76995.314795383,75952.66990752886,76433.890625,14546,0.0,0.0
2022-03-18 00:00:00+09:00,76514.11267127715,78037.97864691055,76433.9091988754,77556.7578125,25916,0.0,0.0
2022-03-22 00:00:00+09:00,77075.53413076152,80123.26596943887,76674.51678356713,80043.0625,22497,0.0,0.0
2022-03-23 00:00:00+09:00,80684.69095130522,81246.11524221888,79160.8250188253,79882.65625,21122,0.0,0.0
2022-03-24 00:00:00+09:00,79642.04243290258,80925.29790009941,79160.82163270378,80684.6875,27768,0.0,0.0
2022-03-25 00:00:00+09:00,81005.50483182732,81005.50483182732,79802.45277986948,79882.65625,13966,0.0,0.0
2022-03-28 00:00:00+09:00,80363.86419695846,81647.11951347675,79962.84691054649,81085.6953125,15857,0.0,0.0
2022-03-29 00:00:00+09:00,81807.52791262136,82769.96941747573,81486.7140776699,82609.5625,17921,0.0,0.0
2022-03-30 00:00:00+09:00,83090.79669008875,83812.62793546598,80444.08212370562,81326.3203125,17977,0.0,0.0
2022-03-31 00:00:00+09:00,81406.51061893204,83170.98671116505,81165.90024271845,82609.5625,25841,0.0,0.0
2022-04-01 00:00:00+09:00,82288.74977678571,84534.4466517857,81647.12209821428,84213.6328125,26909,0.0,0.0
2022-04-04 00:00:00+09:00,85015.67564346998,85015.67564346998,82689.77508341278,84133.4375,23423,0.0,0.0
2022-04-05 00:00:00+09:00,83892.8203125,84133.43069580545,82769.97185707458,83892.8203125,18920,0.0,0.0
2022-04-06 00:00:00+09:00,83812.61236124518,83973.0192748552,82529.35705236487,83090.78125,22520,0.0,0.0
2022-04-07 00:00:00+09:00,83491.80741015247,83491.80741015247,81807.53463818974,82850.1796875,19387,0.0,0.0
2022-04-08 00:00:00+09:00,83572.00815021613,84133.43238922911,82850.1769857709,83491.8046875,30636,0.0,0.0
2022-04-11 00:00:00+09:00,83170.98651713709,84534.4453125,82689.76576583253,84534.4453125,25492,0.0,0.0
2022-04-12 00:00:00+09:00,85015.67082331731,85015.67082331731,83411.6015625,83411.6015625,16634,0.0,0.0
2022-04-13 00:00:00+09:00,83010.5859375,83652.2136548913,82529.36514945651,83010.5859375,10736,0.0,0.0
2022-04-14 00:00:00+09:00,83090.78737391932,83812.61853836455,82529.36313490634,83491.8046875,10079,0.0,0.0
2022-04-15 00:00:00+09:00,82368.96025419097,83251.19838739067,82368.96025419097,82529.3671875,10281,0.0,0.0
2022-04-18 00:00:00+09:00,82449.16236084221,83170.99354882623,82288.7554301791,82850.1796875,6330,0.0,0.0
2022-04-19 00:00:00+09:00,82368.95413208008,82769.97143554688,81807.52990722656,82128.34375,23055,0.0,0.0
2022-04-20 00:00:00+09:00,82769.96875,82930.37566618217,81887.73071099806,82769.96875,21470,0.0,0.0
2022-04-21 00:00:00+09:00,83170.99930822907,83812.6270753128,83090.7958373436,83331.40625,15284,0.0,0.0
2022-04-22 00:00:00+09:00,83331.38767294848,84293.82910901717,83170.98076693702,84053.21875,13579,0.0,0.0
2022-04-25 00:00:00+09:00,83090.78737391932,83973.02546379683,82609.56659762248,83491.8046875,9856,0.0,0.0
2022-04-26 00:00:00+09:00,83331.40013751209,84133.43478753627,82609.56895249033,82930.3828125,24187,0.0,0.0
2022-04-27 00:00:00+09:00,82609.56559806035,83973.02444773707,82529.36213631465,83732.4140625,13109,0.0,0.0
2022-04-28 00:00:00+09:00,84133.43513280494,84374.04552879962,82769.97622216844,82850.1796875,23369,0.0,0.0
2022-05-02 00:00:00+09:00,80444.08399005819,83652.2229328322,80444.08399005819,82689.78125,19188,0.0,0.0
2022-05-06 00:00:00+09:00,83491.79457895992,84374.0325620229,82609.55659589694,84053.21875,22316,0.0,0.0
2022-05-09 00:00:00+09:00,83251.20140220517,84614.66038470757,83010.59099352828,83652.21875,15950,0.0,0.0
2022-05-10 00:00:00+09:00,83572.01019021739,83652.2136548913,82208.55129076086,83010.5859375,25258,0.0,0.0
2022-05-11 00:00:00+09:00,81967.92935911534,83251.1846132698,80845.0810117302,82048.1328125,24181,0.0,0.0
2022-05-12 00:00:00+09:00,80845.08427936821,82689.76378177443,80845.08427936821,81246.1015625,14518,0.0,0.0
2022-05-13 00:00:00+09:00,82208.5604085839,83572.01945926285,82048.1534614452,82689.78125,17293,0.0,0.0
2022-05-16 00:00:00+09:00,82850.17287621359,83812.61438106796,82288.74866504854,82609.5625,16381,0.0,0.0
2022-05-17 00:00:00+09:00,82769.98195380173,83331.40625,82609.57501203081,83331.40625,5108,0.0,0.0
2022-05-18 00:00:00+09:00,82689.76839597276,84213.63415690727,82288.75109046367,83892.8203125,12895,0.0,0.0
2022-05-19 00:00:00+09:00,82689.76330684008,83652.20478082853,82689.76330684008,83251.1875,13391,0.0,0.0
2022-05-20 00:00:00+09:00,81406.51865433673,83170.99492073615,81406.51865433673,82529.3671875,22054,0.0,0.0
2022-05-23 00:00:00+09:00,82529.35705236487,83652.20544763513,82449.15359555984,83090.78125,12802,0.0,0.0
2022-05-24 00:00:00+09:00,83411.59980430528,83411.59980430528,81406.51327054793,81967.9375,12667,0.0,0.0
2022-05-25 00:00:00+09:00,82689.7639659749,83170.98470680501,82288.74668194981,83090.78125,14639,0.0,0.0
2022-05-26 00:00:00+09:00,82609.56693209134,83732.41541466347,82529.36346905048,83411.6015625,13312,0.0,0.0
2022-05-27 00:00:00+09:00,81967.9372460564,84454.24454021272,81807.53032385277,83892.8203125,32451,0.0,0.0
2022-05-30 00:00:00+09:00,84534.45415080876,84614.657617745,83812.62294838249,84293.84375,13257,0.0,0.0
2022-05-31 00:00:00+09:00,84213.62775482095,87341.5625,83973.01738980717,87341.5625,55477,0.0,0.0
2022-06-01 00:00:00+09:00,86298.91970609066,86298.91970609066,84775.05402354816,84935.4609375,19413,0.0,0.0
2022-06-02 00:00:00+09:00,85095.87398672462,85817.70515155075,84534.4497474154,85336.484375,14115,0.0,0.0
2022-06-03 00:00:00+09:00,86138.5124557783,86298.91936910378,84374.03640919812,85015.6640625,14002,0.0,0.0
2022-06-06 00:00:00+09:00,85737.50168879228,85737.50168879228,84534.4497474154,85336.484375,14374,0.0,0.0
2022-06-07 00:00:00+09:00,85897.90861430921,85897.90861430921,84935.4670612077,85336.484375,11428,0.0,0.0
2022-06-08 00:00:00+09:00,85015.6708607714,85657.29856538099,84534.4500823142,85256.28125,10675,0.0,0.0
2022-06-09 00:00:00+09:00,85577.08332122093,86379.11784156977,85095.86260901162,86218.7109375,13626,0.0,0.0
2022-06-10 00:00:00+09:00,86058.30933516289,86379.12316306657,84775.05402354816,84935.4609375,16634,0.0,0.0
2022-06-13 00:00:00+09:00,84855.25914670303,85176.07298090607,84053.22456119544,84534.4453125,11554,0.0,0.0
2022-06-14 00:00:00+09:00,84614.64896844659,84694.85242718447,82368.95212378641,82609.5625,29041,0.0,0.0
2022-06-15 00:00:00+09:00,83090.77407178217,84293.82581992574,81005.484375,81005.484375,33691,0.0,0.0
2022-06-16 00:00:00+09:00,80764.88557974559,82769.97211350292,80283.66481164383,81967.9375,25059,0.0,0.0
2022-06-17 00:00:00+09:00,81246.12010102239,83331.41044912366,80524.28882667965,82368.96875,38271,0.0,0.0
2022-06-20 00:00:00+09:00,82850.17762672245,82850.17762672245,80684.68411663386,81486.71875,12787,0.0,0.0
2022-06-21 00:00:00+09:00,81486.71740196078,82449.15894607843,81486.71740196078,81807.53125,14496,0.0,0.0
2022-06-22 00:00:00+09:00,81486.71597152847,82128.34365634366,80203.4606018981,80283.6640625,26942,0.0,0.0
2022-06-23 00:00:00+09:00,80283.66679995079,82048.1429933563,80283.66679995079,81486.71875,23314,0.0,0.0
2022-06-24 00:00:00+09:00,81807.52245234603,82288.74317265395,81326.30173203812,82048.1328125,14656,0.0,0.0
2022-06-27 00:00:00+09:00,83170.99930822907,83411.60972088548,82208.55765760347,83331.40625,9965,0.0,0.0
2022-06-28 00:00:00+09:00,83652.20726844165,85256.27643945682,83652.20726844165,84534.4453125,18930,0.0,0.0
2022-06-29 00:00:00+09:00,84694.85023584905,85015.6640625,84293.83295253538,85015.6640625,14118,0.0,0.0
2022-06-30 00:00:00+09:00,85256.2754331244,85577.08926354068,84614.64777229186,84775.0546875,17256,0.0,0.0
2022-07-01 00:00:00+09:00,84855.26355367435,85095.87394182276,83010.58391120317,83491.8046875,11234,0.0,0.0
2022-07-04 00:00:00+09:00,84775.0560229701,84775.0560229701,83572.00413995727,84454.2421875,10669,0.0,0.0
2022-07-05 00:00:00+09:00,84454.24454021272,84454.24454021272,83411.5995458891,83892.8203125,14673,0.0,0.0
2022-07-06 00:00:00+09:00,84133.42753754844,84374.0379118217,82689.76529190892,82769.96875,18152,0.0,0.0
2022-07-07 00:00:00+09:00,83331.39979619565,83491.80672554347,82529.36514945651,83010.5859375,15460,0.0,0.0
2022-07-08 00:00:00+09:00,83411.58985894942,83571.99676252432,82449.1484375,82449.1484375,11656,0.0,0.0
2022-07-11 00:00:00+09:00,83331.39409309647,84374.0390625,82930.37679717205,84374.0390625,16602,0.0,0.0
2022-07-12 00:00:00+09:00,84374.03588631985,84374.03588631985,83010.5771315029,83251.1875,21595,0.0,0.0
2022-07-13 00:00:00+09:00,83491.80502554086,84053.22926682692,83251.19463641827,83411.6015625,12135,0.0,0.0
2022-07-14 00:00:00+09:00,82689.77412080904,83491.80878735422,82208.55332088193,82529.3671875,12110,0.0,0.0
2022-07-15 00:00:00+09:00,82368.95379573171,83090.7849390244,82208.546875,82208.546875,17141,0.0,0.0
2022-07-19 00:00:00+09:00,82850.18134514747,84534.45415080876,82689.77441127498,84293.84375,24648,0.0,0.0
2022-07-20 00:00:00+09:00,83973.03262823586,84374.04997603068,82529.37017617449,83652.21875,26074,0.0,0.0
2022-07-21 00:00:00+09:00,84053.22456119544,84614.64877105075,83572.00380989088,84534.4453125,18393,0.0,0.0
2022-07-22 00:00:00+09:00,83812.61319625119,84935.46160270814,83812.61319625119,84775.0546875,19643,0.0,0.0
2022-07-25 00:00:00+09:00,85015.66472707939,85577.08892810727,84374.03706876181,84855.2578125,22234,0.0,0.0
2022-07-26 00:00:00+09:00,86298.9242282507,86298.9242282507,84374.04115996258,85737.5,14569,0.0,0.0
2022-07-27 00:00:00+09:00,85737.50474692718,86940.55673121521,85496.89435006958,86459.3359375,25362,0.0,0.0
2022-07-28 00:00:00+09:00,86860.35902905904,86940.5625,86298.93473247232,86940.5625,15775,0.0,0.0
2022-07-29 00:00:00+09:00,87261.37638376384,87822.80068035056,86699.95208717712,86940.5625,23678,0.0,0.0
2022-08-01 00:00:00+09:00,87421.75878277369,87421.75878277369,86379.11395325437,87181.1484375,14295,0.0,0.0
2022-08-02 00:00:00+09:00,86699.94194689505,87662.38348562099,86699.94194689505,87501.9765625,27098,0.0,0.0
2022-08-03 00:00:00+09:00,88063.40353752261,88785.23471405967,87742.5896812839,88705.03125,27010,0.0,0.0
2022-08-04 00:00:00+09:00,88705.02889150943,89266.453125,88464.41850572776,89266.453125,14643,0.0,0.0
2022-08-05 00:00:00+09:00,88464.42018276174,88865.4375,88304.01325586643,88865.4375,15593,0.0,0.0
2022-08-08 00:00:00+09:00,88143.60122869318,88544.61852272728,87742.5839346591,88223.8046875,10452,0.0,0.0
2022-08-09 00:00:00+09:00,87822.79415514506,88544.62533998187,87662.38722518133,88464.421875,12129,0.0,0.0
2022-08-10 00:00:00+09:00,88063.39944349315,88304.0098244863,87582.17868150685,87822.7890625,12108,0.0,0.0
2022-08-12 00:00:00+09:00,88384.21909059945,88544.62602179837,87983.20176260217,88304.015625,13202,0.0,0.0
2022-08-15 00:00:00+09:00,88544.607754734,89025.8284490532,87902.98016230839,88945.625,13516,0.0,0.0
2022-08-16 00:00:00+09:00,88945.64603634633,89667.4772485439,88705.03563228047,89507.0703125,13114,0.0,0.0
2022-08-17 00:00:00+09:00,89587.26180005656,89587.26180005656,88304.00648331447,88624.8203125,11233,0.0,0.0
2022-08-18 00:00:00+09:00,88624.82476177129,89587.26629764574,88223.80745515694,89426.859375,9937,0.0,0.0
2022-08-19 00:00:00+09:00,89587.27173156194,90228.89946106283,89106.05093443627,89988.2890625,12025,0.0,0.0
2022-08-22 00:00:00+09:00,89025.84007024977,90068.48504404549,88705.02623215878,89908.078125,12679,0.0,0.0
2022-08-23 00:00:00+09:00,89426.86345478242,89507.06691976429,88143.60801507253,88464.421875,20250,0.0,0.0
2022-08-24 00:00:00+09:00,88223.80670132542,88945.63784706352,87662.38247686243,87742.5859375,14676,0.0,0.0
2022-08-25 00:00:00+09:00,88544.62602179837,88705.03295299727,88063.40522820163,88304.015625,12157,0.0,0.0
2022-08-26 00:00:00+09:00,88785.23336148649,89106.04721283783,88304.01258445946,89025.84375,13886,0.0,0.0
2022-08-29 00:00:00+09:00,88143.60767663043,89106.04925271739,87742.59035326086,88544.625,30390,0.0,0.0
2022-08-30 00:00:00+09:00,88923.74259417808,89742.56158675799,88432.45119863014,89660.6796875,20672,2263.0,0.0
2022-08-31 00:00:00+09:00,89742.55605786618,90561.375,89087.50090415914,90561.375,31876,0.0,0.0
2022-09-01 00:00:00+09:00,90070.08179047838,90315.72746808878,88268.68015466881,89005.6171875,18804,0.0,0.0
2022-09-02 00:00:00+09:00,89496.91967999075,89496.91967999075,88514.33684727356,88596.21875,11456,0.0,0.0
2022-09-05 00:00:00+09:00,88841.84693287036,88923.72881944444,88350.55561342592,88432.4375,10243,0.0,0.0
2022-09-06 00:00:00+09:00,89251.26470672636,89251.26470672636,88350.56387023645,89169.3828125,8397,0.0,0.0
2022-09-07 00:00:00+09:00,88841.84693287036,89087.49259259259,88350.55561342592,88432.4375,10360,0.0,0.0
2022-09-08 00:00:00+09:00,89251.26239274119,89251.26239274119,87859.27022698284,88268.6796875,16576,0.0,0.0
2022-09-09 00:00:00+09:00,87859.27569332333,88759.9765625,87859.27569332333,88759.9765625,16514,0.0,0.0
2022-09-12 00:00:00+09:00,89251.26702446907,89251.26702446907,88350.56616458911,88678.09375,8353,0.0,0.0
2022-09-13 00:00:00+09:00,89251.27019121005,89824.44348601598,88759.9787956621,89660.6796875,12322,0.0,0.0
2022-09-14 00:00:00+09:00,88432.45494454713,89333.15587453789,88350.5730418207,88596.21875,11819,0.0,0.0
2022-09-15 00:00:00+09:00,89005.61030129825,89415.01973230699,88596.20087028953,89087.4921875,9482,0.0,0.0
2022-09-16 00:00:00+09:00,89415.01672297297,90970.77250844595,89251.25295608108,90888.890625,28402,0.0,0.0
2022-09-20 00:00:00+09:00,90561.37408088235,91052.66544117648,90315.7284007353,90479.4921875,15618,0.0,0.0
2022-09-21 00:00:00+09:00,90233.84604527827,90561.37361713048,89578.7909015739,89742.5546875,12892,0.0,0.0
2022-09-22 00:00:00+09:00,89251.26878686479,90643.261052348,89087.50499092559,90233.8515625,8481,0.0,0.0
2022-09-26 00:00:00+09:00,90233.83900462963,90397.60277777778,88350.55561342592,88432.4375,18337,0.0,0.0
2022-09-27 00:00:00+09:00,88841.85014534884,89251.25959302326,87695.50369186046,88023.03125,29935,0.0,0.0
2022-09-28 00:00:00+09:00,88186.80755379821,88759.98086194732,86385.40572818674,87040.4609375,37619,0.0,0.0
2022-09-29 00:00:00+09:00,88514.33684727356,89496.91967999075,88350.5730418207,88596.21875,20428,0.0,0.0
2022-09-30 00:00:00+09:00,87695.50012207031,89496.90161850874,87367.97257726332,89087.4921875,26340,0.0,0.0
2022-10-03 00:00:00+09:00,89578.79460987996,89578.79460987996,88023.0385791782,88678.09375,18088,0.0,0.0
2022-10-04 00:00:00+09:00,90151.95090193089,90807.00594935636,89660.6596163618,90643.2421875,12622,0.0,0.0
2022-10-05 00:00:00+09:00,90888.90539148351,91543.96056547618,89005.62176625458,89415.03125,15429,0.0,0.0
2022-10-06 00:00:00+09:00,89251.26702446907,89496.91271352724,88023.0385791782,88678.09375,14379,0.0,0.0
2022-10-07 00:00:00+09:00,87367.98297835195,88268.68383379889,87204.21918645252,87941.15625,15769,0.0,0.0
2022-10-11 00:00:00+09:00,87449.87044332079,87695.51614681327,86876.69713517168,87040.4609375,15298,0.0,0.0
2022-10-12 00:00:00+09:00,87286.09559339887,88350.56017380618,87122.33181179775,87449.859375,13694,0.0,0.0
2022-10-13 00:00:00+09:00,86958.56711281631,87777.38601218369,86549.15766313262,87367.9765625,18065,0.0,0.0
2022-10-14 00:00:00+09:00,87859.2688290028,88104.91450140449,86958.56803019662,87449.859375,17726,0.0,0.0
2022-10-17 00:00:00+09:00,87204.21645220589,87777.38970588235,87122.33455882354,87695.5078125,15878,0.0,0.0
2022-10-18 00:00:00+09:00,87859.2678422619,88268.67729166667,85402.81114583334,85975.984375,22743,0.0,0.0
2022-10-19 00:00:00+09:00,86057.86526465601,86057.86526465601,84420.22748607074,84502.109375,20957,0.0,0.0
2022-10-20 00:00:00+09:00,84256.47247939222,84256.47247939222,83110.12591504675,83192.0078125,19409,0.0,0.0
2022-10-21 00:00:00+09:00,83519.53305461982,85075.2890625,83355.76926431665,85075.2890625,19898,0.0,0.0
2022-10-24 00:00:00+09:00,84993.41972979553,85320.94735881207,83765.19112098345,84092.71875,12104,0.0,0.0
2022-10-25 00:00:00+09:00,84092.71997800145,85402.83051319914,83928.95616110174,84911.5390625,19545,0.0,0.0
2022-10-26 00:00:00+09:00,85648.45824628598,88350.56065749767,85484.6944637883,88186.796875,31851,0.0,0.0
2022-10-27 00:00:00+09:00,87695.50871642563,89169.3828125,87122.33545684115,89169.3828125,33767,0.0,0.0
2022-10-28 00:00:00+09:00,88432.4580095978,89578.8046875,88186.81229290448,89578.8046875,26995,0.0,0.0
2022-10-31 00:00:00+09:00,89988.20728453196,90315.73488156393,89005.62449343607,89660.6796875,27587,0.0,0.0
2022-11-01 00:00:00+09:00,89988.20037342767,91216.42876796945,88841.85387185535,91134.546875,26925,0.0,0.0
2022-11-02 00:00:00+09:00,91625.84152297204,91625.84152297204,89005.62085386112,89333.1484375,19452,0.0,0.0
2022-11-04 00:00:00+09:00,88268.67332548254,90479.48425292969,87941.14578067555,89087.4921875,22874,0.0,0.0
2022-11-07 00:00:00+09:00,88596.19981016355,89496.90054760514,87613.6171875,87613.6171875,15214,0.0,0.0
2022-11-08 00:00:00+09:00,87613.61863425926,88596.20127314814,87531.73674768518,88432.4375,12675,0.0,0.0
2022-11-09 00:00:00+09:00,87941.15211908627,88514.3253638103,87859.27022698284,88268.6796875,10524,0.0,0.0
2022-11-10 00:00:00+09:00,88104.91590329313,88678.08914801717,87777.3883348794,88268.6796875,10121,0.0,0.0
2022-11-11 00:00:00+09:00,91707.7267495396,92117.13624395718,88350.56889531537,88923.7421875,16454,0.0,0.0
2022-11-14 00:00:00+09:00,88923.73291430595,89087.49669499528,86385.39431362133,86712.921875,20946,0.0,0.0
2022-11-15 00:00:00+09:00,86467.27849002849,87204.21552261396,85730.34145744302,86221.6328125,17644,0.0,0.0
2022-11-16 00:00:00+09:00,86057.86675224268,87204.21321706798,86057.86675224268,86712.921875,10502,0.0,0.0
2022-11-17 00:00:00+09:00,86794.80970670392,88350.5657297486,86794.80970670392,87941.15625,9516,0.0,0.0
2022-11-18 00:00:00+09:00,88350.56433568455,88759.97380897317,87531.74538910731,88514.328125,8752,0.0,0.0
2022-11-21 00:00:00+09:00,88514.33087090637,89578.79553447878,88268.68517931273,88759.9765625,11911,0.0,0.0
2022-11-22 00:00:00+09:00,88923.7362132353,89251.26378676471,87531.7440257353,87695.5078125,10159,0.0,0.0
2022-11-24 00:00:00+09:00,87367.97840417447,88186.79732080216,87204.21462084893,87531.7421875,19661,0.0,0.0
2022-11-25 00:00:00+09:00,87777.38786248831,88432.44299579046,87449.86029583724,87531.7421875,16122,0.0,0.0
2022-11-28 00:00:00+09:00,87941.14886257035,88432.44019699813,87040.44808278611,87286.09375,31539,0.0,0.0
2022-11-29 00:00:00+09:00,87613.62682219927,89169.3828125,87531.74492797292,89169.3828125,16128,0.0,0.0
2022-11-30 00:00:00+09:00,89578.787707198,90233.84282754315,88759.96880676658,90151.9609375,34233,0.0,0.0
2022-12-01 00:00:00+09:00,90315.72696748351,90397.60885956645,86467.27803958529,86876.6875,23102,0.0,0.0
2022-12-02 00:00:00+09:00,87695.50922277936,87695.50922277936,85730.34375,85730.34375,17720,0.0,0.0
2022-12-05 00:00:00+09:00,85975.9931018078,86303.5206945766,85484.70171265461,86057.875,9634,0.0,0.0
2022-12-06 00:00:00+09:00,85730.34145744302,86549.16038253799,85484.69577991453,86221.6328125,11301,0.0,0.0
2022-12-07 00:00:00+09:00,86385.38187855788,86794.79127134725,85975.9724857685,86303.5,18299,0.0,0.0
2022-12-08 00:00:00+09:00,86221.63004464286,86467.27571428572,85648.4568154762,85975.984375,17835,0.0,0.0
2022-12-09 00:00:00+09:00,86467.276203966,86712.921875,86057.86675224268,86712.921875,16448,0.0,0.0
2022-12-12 00:00:00+09:00,86221.63929919702,86549.16689387584,84993.41081915148,85402.8203125,12163,0.0,0.0
2022-12-13 00:00:00+09:00,85402.81981446242,86221.6387963844,85239.05601807803,86057.875,13335,0.0,0.0
2022-12-14 00:00:00+09:00,85894.1088945719,86876.69164646405,85730.34510258988,86549.1640625,16001,0.0,0.0
2022-12-15 00:00:00+09:00,86385.39614750235,87040.45128416589,86221.63236333648,86876.6875,13095,0.0,0.0
2022-12-16 00:00:00+09:00,86467.27222222222,88596.20127314814,86467.27222222222,88432.4375,25543,0.0,0.0
2022-12-19 00:00:00+09:00,87367.97192796611,87613.61758474576,86794.79872881356,86958.5625,7422,0.0,0.0
2022-12-20 00:00:00+09:00,87286.09834558824,87286.09834558824,81063.07444852941,82127.5390625,31747,0.0,0.0
2022-12-21 00:00:00+09:00,82455.07473123178,85320.94128097668,82209.42902696793,84256.4765625,24717,0.0,0.0
2022-12-22 00:00:00+09:00,84338.3574312201,85730.34973833733,84092.71172996412,85566.5859375,14752,0.0,0.0
2022-12-23 00:00:00+09:00,85648.46888666181,85648.46888666181,83765.1851539723,84256.4765625,12529,0.0,0.0
2022-12-26 00:00:00+09:00,84665.89333715044,85402.83051319914,83847.07425265189,84911.5390625,10504,0.0,0.0
2022-12-27 00:00:00+09:00,85157.18150191939,85648.47293366122,84584.00816488723,85320.9453125,7597,0.0,0.0
2022-12-28 00:00:00+09:00,84911.52524266098,86467.28125,84911.52524266098,86467.28125,12307,0.0,0.0
2022-12-29 00:00:00+09:00,86385.3919668416,86712.91951932252,85484.69119751909,85812.21875,9049,0.0,0.0
2022-12-30 00:00:00+09:00,85975.98943409743,86712.92648638968,85730.34375,85730.34375,8233,0.0,0.0
2023-01-04 00:00:00+09:00,85484.70912308061,86139.76436540307,85157.18150191939,85320.9453125,9420,0.0,0.0
2023-01-05 00:00:00+09:00,85320.93799867021,85648.46559175532,83601.41813497341,84665.8828125,19462,0.0,0.0
2023-01-06 00:00:00+09:00,84010.81435432879,84993.39697835603,83601.40492765077,84174.578125,16056,0.0,0.0
2023-01-10 00:00:00+09:00,84256.48379490116,85157.18478784958,83847.07425265189,84911.5390625,13405,0.0,0.0
2023-01-11 00:00:00+09:00,84911.52758954502,85157.17328170378,84256.47241045498,84584.0,10801,0.0,0.0
2023-01-12 00:00:00+09:00,83847.0625,84338.35388183594,83437.65301513672,83847.0625,10913,0.0,0.0
2023-01-13 00:00:00+09:00,83928.93420687315,84502.10741609082,82946.3515625,82946.3515625,18477,0.0,0.0
2023-01-16 00:00:00+09:00,82864.46634615384,83601.40329982518,81881.88374125875,81963.765625,15969,0.0,0.0
2023-01-17 00:00:00+09:00,81800.02914663461,82291.32061298077,79916.74519230769,80899.328125,20857,0.0,0.0
2023-01-18 00:00:00+09:00,81881.90569196429,84502.12667410714,80653.67710658482,82536.9609375,20975,0.0,0.0
2023-01-19 00:00:00+09:00,81718.13710657625,81800.01900748465,79752.97148477481,79998.6171875,21874,0.0,0.0
2023-01-20 00:00:00+09:00,79097.92608173077,80981.21003605769,79097.92608173077,80899.328125,20043,0.0,0.0
2023-01-23 00:00:00+09:00,81390.60571338385,82127.54278724748,80817.43243371212,81063.078125,12312,0.0,0.0
2023-01-24 00:00:00+09:00,81308.72285039761,82455.06939612326,81308.72285039761,82373.1875,11116,0.0,0.0
2023-01-25 00:00:00+09:00,82782.58446241259,83110.11199737762,81881.88374125875,81963.765625,11530,0.0,0.0
2023-01-26 00:00:00+09:00,82209.41181930693,82864.46689356436,81636.23862933168,82700.703125,11598,0.0,0.0
2023-01-27 00:00:00+09:00,82946.37204844206,84174.60065725414,82618.84441942551,84092.71875,15465,0.0,0.0
2023-01-30 00:00:00+09:00,83847.0542635659,84502.109375,83601.4085967781,84502.109375,10155,0.0,0.0
2023-01-31 00:00:00+09:00,84338.35018382354,84420.23207720589,81308.72012867648,82127.5390625,37016,0.0,0.0
2023-02-01 00:00:00+09:00,82700.703125,83601.40385210396,82536.93935643564,82700.703125,15120,0.0,0.0
2023-02-02 00:00:00+09:00,83601.41687096574,83601.41687096574,81881.89703326713,82455.0703125,10847,0.0,0.0
2023-02-03 00:00:00+09:00,82700.7160035998,82864.47979766632,81636.25134216732,82455.0703125,9879,0.0,0.0
2023-02-06 00:00:00+09:00,83355.7674632353,83683.29503676471,82618.83042279413,83519.53125,9842,0.0,0.0
2023-02-07 00:00:00+09:00,83519.53540231299,83765.18109467273,82864.48022268701,83192.0078125,14121,0.0,0.0
2023-02-08 00:00:00+09:00,82782.59832523376,83519.53540231299,82700.71642778051,83192.0078125,12793,0.0,0.0
2023-02-09 00:00:00+09:00,83028.24492994101,83601.418218412,83028.24492994101,83273.890625,16362,0.0,0.0
2023-02-10 00:00:00+09:00,83273.88556985294,83601.41314338235,82782.59420955883,83519.53125,15092,0.0,0.0
2023-02-13 00:00:00+09:00,83028.24584049606,83683.30103450392,82782.60014274312,83355.7734375,8478,0.0,0.0
2023-02-14 00:00:00+09:00,83601.40492765077,84174.578125,83191.99550097276,84174.578125,9942,0.0,0.0
2023-02-15 00:00:00+09:00,83519.54539922102,84420.24637901655,83355.78158471275,84092.71875,17235,0.0,0.0
2023-02-16 00:00:00+09:00,84338.35846392128,84584.00416818513,83847.06705539359,84256.4765625,7548,0.0,0.0
2023-02-17 00:00:00+09:00,83928.94439697266,84338.35388183594,83110.1254272461,83847.0625,13746,0.0,0.0
2023-02-20 00:00:00+09:00,83519.53352327837,84583.99816622211,83519.53352327837,84420.234375,9240,0.0,0.0
2023-02-21 00:00:00+09:00,84338.35480182926,84665.88239329269,83765.1815167683,83928.9453125,12838,0.0,0.0
2023-02-22 00:00:00+09:00,83928.94986347087,84747.76888652913,83928.94986347087,84338.359375,19153,0.0,0.0
2023-02-24 00:00:00+09:00,83601.41585036057,85402.81756310097,83601.41585036057,85157.171875,34210,0.0,0.0
2023-02-27 00:00:00+09:00,85251.8046875,85670.52671445235,84665.5938497667,85251.8046875,15376,2313.0,0.0
2023-02-28 00:00:00+09:00,84916.81607404692,85838.00441410068,84833.07167949657,85670.515625,24895,0.0,0.0
2023-03-01 00:00:00+09:00,85754.27218934911,85921.76100221893,84581.85049926036,84916.828125,25135,0.0,0.0
2023-03-02 00:00:00+09:00,85419.29349828094,85586.78230906188,85000.57147132859,85251.8046875,11985,0.0,0.0
2023-03-03 00:00:00+09:00,85586.7801991959,86507.96863578216,85419.29139254385,85921.7578125,18540,0.0,0.0
2023-03-06 00:00:00+09:00,85754.26889106967,86172.99090713935,85251.80247178605,85335.546875,12074,0.0,0.0
2023-03-07 00:00:00+09:00,85335.54348727876,85921.75428650442,85084.31028761061,85168.0546875,6697,0.0,0.0
2023-03-08 00:00:00+09:00,84833.07370689655,85335.54008620691,84246.86293103448,85000.5625,12594,0.0,0.0
2023-03-09 00:00:00+09:00,85419.28582317074,85838.0078125,85251.79702743902,85838.0078125,7509,0.0,0.0
2023-03-10 00:00:00+09:00,85000.56705729167,85838.01106770834,85000.56705729167,85419.2890625,12752,0.0,0.0
2023-03-13 00:00:00+09:00,85251.80130413386,85419.29010826771,83828.14646899607,85084.3125,12168,0.0,0.0
2023-03-14 00:00:00+09:00,84833.07825520834,85921.75546875001,84079.37864583333,85419.2890625,13802,0.0,0.0
2023-03-15 00:00:00+09:00,85670.52640734705,85921.75962261786,83409.42746990973,83493.171875,21673,0.0,0.0
2023-03-16 00:00:00+09:00,82488.24226625504,83744.40839213709,81734.5425907258,83074.453125,24277,0.0,0.0
2023-03-17 00:00:00+09:00,83241.9248822556,84498.0907507001,81985.7590138111,82236.9921875,29519,0.0,0.0
2023-03-20 00:00:00+09:00,81650.79088241082,82488.23489146118,79557.1808597849,79808.4140625,23409,0.0,0.0
2023-03-22 00:00:00+09:00,79724.67017074414,82571.97981969928,79724.67017074414,82153.2578125,22654,0.0,0.0
2023-03-23 00:00:00+09:00,81399.5578125,81399.5578125,80227.13619791667,80394.625,14618,0.0,0.0
2023-03-24 00:00:00+09:00,80562.11485028766,81315.81446946914,79975.90403536873,80059.6484375,13458,0.0,0.0
2023-03-27 00:00:00+09:00,80394.62264150943,81483.29982311321,79892.15625,79892.15625,13491,0.0,0.0
2023-03-28 00:00:00+09:00,79892.157562889,80980.8347623833,79892.157562889,80729.6015625,14129,0.0,0.0
2023-03-29 00:00:00+09:00,80980.83254533679,81567.04332901553,80059.64417098445,80813.34375,15677,0.0,0.0
2023-03-30 00:00:00+09:00,80394.63288521199,81399.56579627715,79389.69997414685,80980.84375,21335,0.0,0.0
2023-03-31 00:00:00+09:00,81148.33256851086,81483.31020553257,79975.91083893485,80980.84375,20641,0.0,0.0
2023-04-03 00:00:00+09:00,81399.56713546922,83744.41063319879,80980.84508230322,82990.7109375,28265,0.0,0.0
2023-04-04 00:00:00+09:00,82823.20292610743,82990.6917085667,81567.03705766294,82236.9921875,31209,0.0,0.0
2023-04-05 00:00:00+09:00,81985.767420977,82237.00062042841,79808.41302573145,80143.390625,26250,0.0,0.0
2023-04-06 00:00:00+09:00,80143.39389115022,80645.86031053046,79389.69426207984,79724.671875,19227,0.0,0.0
2023-04-07 00:00:00+09:00,79305.94173940565,79389.68613406183,78049.7758195629,78552.2421875,16448,0.0,0.0
2023-04-10 00:00:00+09:00,78552.24423723118,78635.98863407258,77631.05587197581,77882.2890625,13964,0.0,0.0
2023-04-11 00:00:00+09:00,77212.33827788255,78301.01549872036,77212.33827788255,77714.8046875,23785,0.0,0.0
2023-04-12 00:00:00+09:00,77714.80786026201,77966.0410753275,76709.875,76709.875,23084,0.0,0.0
2023-04-13 00:00:00+09:00,76374.89622124864,76877.36264375685,76207.4074137459,76458.640625,16132,0.0,0.0
2023-04-14 00:00:00+09:00,77212.3438340958,77966.04350275834,76374.89975780409,77798.5546875,18592,0.0,0.0
2023-04-17 00:00:00+09:00,78049.77481422505,79138.45193073248,77798.54163349257,78887.21875,17095,0.0,0.0
2023-04-18 00:00:00+09:00,79305.94648848684,79724.6684868421,78468.50249177631,79557.1796875,17232,0.0,0.0
2023-04-19 00:00:00+09:00,79222.20106132075,79892.15625,78552.2458726415,79892.15625,15875,0.0,0.0
2023-04-20 00:00:00+09:00,79975.89859992203,80729.59816787942,79557.17661772348,80562.109375,16725,0.0,0.0
2023-04-21 00:00:00+09:00,80562.10178018577,81148.3125,79975.89106037152,81148.3125,16976,0.0,0.0
2023-04-24 00:00:00+09:00,80813.34052835051,81483.29568298969,80478.36295103093,81232.0625,12729,0.0,0.0
2023-04-25 00:00:00+09:00,80729.60196700507,82823.21197652284,80562.11316624365,82488.234375,18366,0.0,0.0
2023-04-26 00:00:00+09:00,82404.49335106382,83158.19298537234,82069.5157358156,82655.7265625,19658,0.0,0.0
2023-04-27 00:00:00+09:00,82655.72761953204,82655.72761953204,81902.02797558495,82320.75,12740,0.0,0.0
2023-04-28 00:00:00+09:00,82739.46887562814,83660.65729428391,82069.5136620603,83325.6796875,21088,0.0,0.0
2023-05-01 00:00:00+09:00,83660.667371416,83660.667371416,82823.223253584,83241.9453125,11628,0.0,0.0
2023-05-02 00:00:00+09:00,82320.74894725176,83158.19298537234,81985.77133200354,82655.7265625,13839,0.0,0.0
2023-05-08 00:00:00+09:00,82488.23334017947,83158.18853482053,82237.00014218908,82823.2109375,14885,0.0,0.0
2023-05-09 00:00:00+09:00,83576.921875,84246.87716057115,82655.73335733969,83576.921875,27341,0.0,0.0
2023-05-10 00:00:00+09:00,83744.40615558912,83828.15056174471,82906.96209403324,83158.1953125,20658,0.0,0.0
2023-05-11 00:00:00+09:00,82823.2109375,82990.69973616027,81985.76694419868,82823.2109375,8530,0.0,0.0
2023-05-12 00:00:00+09:00,82823.21642929807,82823.21642929807,81734.53916581892,82320.75,13247,0.0,0.0
2023-05-15 00:00:00+09:00,82404.501194668,83325.68972428319,81902.03472396881,83241.9453125,21761,0.0,0.0
2023-05-16 00:00:00+09:00,82990.71100012526,83576.921875,82571.9889466433,83576.921875,11290,0.0,0.0
2023-05-17 00:00:00+09:00,83493.17746430362,83744.41069639279,82823.22217873247,83576.921875,13341,0.0,0.0
2023-05-18 00:00:00+09:00,83744.39933013145,83744.39933013145,82739.46653816987,82823.2109375,11755,0.0,0.0
2023-05-19 00:00:00+09:00,82655.73551136363,82906.96875,82237.0134469697,82906.96875,13031,0.0,0.0
2023-05-22 00:00:00+09:00,83158.2009007168,83325.68972428319,82739.4788418008,83241.9453125,7271,0.0,0.0
2023-05-23 00:00:00+09:00,83325.68851626015,83325.68851626015,81734.54471544715,82404.5,10188,0.0,0.0
2023-05-24 00:00:00+09:00,82069.50764388489,82404.48522610484,81315.80808389004,81483.296875,14699,0.0,0.0
2023-05-25 00:00:00+09:00,80980.83910340314,81064.5835078534,79808.41744109947,79975.90625,14921,0.0,0.0
2023-05-26 00:00:00+09:00,79892.15639633195,80813.34478245318,79808.41199759365,80478.3671875,15581,0.0,0.0
2023-05-29 00:00:00+09:00,81148.32369979403,81315.8125,80562.11289907312,81315.8125,9112,0.0,0.0
2023-05-30 00:00:00+09:00,80813.34171056013,81650.78566610996,80813.34171056013,81483.296875,7673,0.0,0.0
2023-05-31 00:00:00+09:00,80813.35184774341,82571.984375,80227.14100532455,82571.984375,39909,0.0,0.0
2023-06-01 00:00:00+09:00,81483.30553010471,82069.51636125654,79808.41744109947,79975.90625,23320,0.0,0.0
2023-06-02 00:00:00+09:00,80394.62423312882,81985.76783774284,80143.39103240031,81902.0234375,15071,0.0,0.0
2023-06-05 00:00:00+09:00,82320.74557423858,82571.9787753807,81650.7903711929,82488.234375,8922,0.0,0.0
2023-06-06 00:00:00+09:00,82153.24779627036,82404.48096995926,81232.05949274439,82236.9921875,11875,0.0,0.0
2023-06-07 00:00:00+09:00,82404.48983895704,82571.97863944274,81650.79023677147,81902.0234375,23297,0.0,0.0
2023-06-08 00:00:00+09:00,81902.02211389464,81985.76651278409,80143.38973721591,81064.578125,22283,0.0,0.0
2023-06-09 00:00:00+09:00,81650.79590834178,82739.47318711967,81148.32947198275,82571.984375,19148,0.0,0.0
2023-06-12 00:00:00+09:00,82404.47976251277,82739.45732252298,81650.78025248979,81985.7578125,8515,0.0,0.0
2023-06-13 00:00:00+09:00,81985.76547228653,82236.99866576646,80897.08830054013,81399.5546875,10735,0.0,0.0
2023-06-14 00:00:00+09:00,81734.52321981425,81985.75638544893,80813.33494582043,81148.3125,11960,0.0,0.0
2023-06-15 00:00:00+09:00,81567.046875,81985.76888154518,81232.06926976386,81567.046875,13836,0.0,0.0
2023-06-16 00:00:00+09:00,81148.32134067357,81483.29893134715,80478.36615932643,80813.34375,30504,0.0,0.0
2023-06-19 00:00:00+09:00,80813.33494582043,81148.3125,80059.63544891641,81148.3125,11827,0.0,0.0
2023-06-20 00:00:00+09:00,80729.60377725857,80729.60377725857,80059.64855919003,80645.859375,12720,0.0,0.0
2023-06-21 00:00:00+09:00,80310.87416237114,81232.0625,80143.38537371134,81232.0625,10184,0.0,0.0
2023-06-22 00:00:00+09:00,80980.83489958805,81315.8125,80729.6016992791,81315.8125,12662,0.0,0.0
2023-06-23 00:00:00+09:00,80980.83580729167,81315.81341145834,80143.391796875,80394.625,14984,0.0,0.0
2023-06-26 00:00:00+09:00,80143.39271601685,80310.88152002107,79222.20429399367,79473.4375,22066,0.0,0.0
2023-06-27 00:00:00+09:00,79473.42950504246,79724.66268577495,78133.51920780254,78887.21875,32075,0.0,0.0
2023-06-28 00:00:00+09:00,78468.49779284382,79640.91931803038,78468.49779284382,78552.2421875,35540,0.0,0.0
2023-06-29 00:00:00+09:00,78970.96484375,81232.06351902173,78970.96484375,80897.0859375,25843,0.0,0.0
2023-06-30 00:00:00+09:00,81232.07019080996,81232.07019080996,80059.64855919003,80645.859375,18633,0.0,0.0
2023-07-03 00:00:00+09:00,80478.36600502348,80980.83239007046,79640.9220299452,80227.1328125,20367,0.0,0.0
2023-07-04 00:00:00+09:00,80645.85925241893,80729.60365455021,79557.18202471234,80059.6484375,13569,0.0,0.0
2023-07-05 00:00:00+09:00,79975.90079507024,80562.1115862383,79724.66759885536,80478.3671875,11133,0.0,0.0
2023-07-06 00:00:00+09:00,80729.6016992791,81399.556900103,80394.62409886715,81315.8125,11417,0.0,0.0
2023-07-07 00:00:00+09:00,82153.25636183869,82320.74516176089,80562.1127625778,80729.6015625,16772,0.0,0.0
2023-07-10 00:00:00+09:00,80059.64299636174,80897.08696075882,79640.92101416319,80562.109375,20494,0.0,0.0
2023-07-11 00:00:00+09:00,80813.34726321869,81818.28007892711,80729.60286190965,81567.046875,15223,0.0,0.0
2023-07-12 00:00:00+09:00,81399.56579627715,81567.05461478801,80813.35493148914,80980.84375,15184,0.0,0.0
2023-07-13 00:00:00+09:00,80729.59950488684,81483.29908532664,80729.59950488684,81399.5546875,17235,0.0,0.0
2023-07-14 00:00:00+09:00,81399.56144339139,81985.77227683146,81315.81703861424,81734.5390625,18702,0.0,0.0
2023-07-18 00:00:00+09:00,81567.04092805005,81818.27411366007,79892.15302398331,80310.875,21863,0.0,0.0
2023-07-19 00:00:00+09:00,80310.87618568087,80645.85377143971,79975.89859992203,80562.109375,17456,0.0,0.0
2023-07-20 00:00:00+09:00,80562.11497274143,80980.83698403426,80310.88176596572,80645.859375,16911,0.0,0.0
2023-07-21 00:00:00+09:00,80394.62710084034,80562.11590730042,79557.18306853992,79724.671875,16558,0.0,0.0
2023-07-24 00:00:00+09:00,79724.67095015576,80645.859375,79724.67095015576,80645.859375,15653,0.0,0.0
2023-07-25 00:00:00+09:00,80310.87928453946,80478.36808388158,79389.69088815789,79557.1796875,15386,0.0,0.0
2023-07-26 00:00:00+09:00,79640.9198383733,80562.10818561,79305.94225755996,80310.875,26426,0.0,0.0
2023-07-27 00:00:00+09:00,80645.859375,81567.04779984424,80562.11497274143,80645.859375,32636,0.0,0.0
2023-07-28 00:00:00+09:00,80143.38739280145,80645.85377143971,79222.19903196466,80562.109375,114575,0.0,0.0
2023-07-31 00:00:00+09:00,80980.8338701923,82069.5110576923,80478.36747596154,81650.7890625,28751,0.0,0.0
2023-08-01 00:00:00+09:00,81985.76861979168,82069.51302083334,79808.41419270834,80394.625,30671,0.0,0.0
2023-08-02 00:00:00+09:00,80227.13619791667,80645.85820312501,80059.64739583334,80394.625,16199,0.0,0.0
2023-08-03 00:00:00+09:00,80227.13296632124,81064.57694300517,80227.13296632124,80813.34375,12962,0.0,0.0
2023-08-04 00:00:00+09:00,80394.62396265559,81148.3235623055,80227.1351627334,80729.6015625,19820,0.0,0.0
2023-08-07 00:00:00+09:00,81148.32833163785,82488.23880976603,81148.32833163785,82320.75,19139,0.0,0.0
2023-08-08 00:00:00+09:00,82739.46653816987,83325.6773334808,82404.48894084935,82823.2109375,11638,0.0,0.0
2023-08-09 00:00:00+09:00,82823.22211623359,83241.94416939959,82320.75565243441,82990.7109375,14073,0.0,0.0
2023-08-10 00:00:00+09:00,83074.45214356929,84163.12943980558,82823.21892136091,83995.640625,12268,0.0,0.0
2023-08-14 00:00:00+09:00,83911.90399096385,84498.11489708835,83409.4375,83409.4375,11630,0.0,0.0
2023-08-15 00:00:00+09:00,83911.88918147208,84163.12238261421,82404.48997461928,82488.234375,15866,0.0,0.0
2023-08-16 00:00:00+09:00,82823.21302401886,82990.70182689857,81818.28020674057,82153.2578125,14302,0.0,0.0
2023-08-17 00:00:00+09:00,81902.01342249745,82320.73537251021,81399.54708248212,81985.7578125,11614,0.0,0.0
2023-08-18 00:00:00+09:00,81818.2734375,82320.73980456755,81399.55146494371,81818.2734375,13620,0.0,0.0
2023-08-21 00:00:00+09:00,81818.28100661993,82069.51421339564,80645.859375,80645.859375,13371,0.0,0.0
2023-08-22 00:00:00+09:00,80645.85495466321,81148.32134067357,80562.11055699481,80813.34375,14280,0.0,0.0
2023-08-23 00:00:00+09:00,80478.36849897014,81650.79010041195,80478.36849897014,81315.8125,10895,0.0,0.0
2023-08-24 00:00:00+09:00,81567.0502529457,81902.0278720543,81483.30584816854,81734.5390625,5937,0.0,0.0
2023-08-25 00:00:00+09:00,81567.04494754803,82990.69973616027,81315.81174955763,82823.2109375,13502,0.0,0.0
2023-08-28 00:00:00+09:00,82906.95637690356,82906.95637690356,82404.48997461928,82488.234375,10238,0.0,0.0
2023-08-29 00:00:00+09:00,82488.24006325529,83409.42853096676,82488.24006325529,83158.1953125,32361,0.0,0.0
2023-08-30 00:00:00+09:00,83381.84933035714,83981.71875,83039.06680484694,83981.71875,16029,2261.0,0.0
2023-08-31 00:00:00+09:00,84153.11065311861,84410.19754920756,83553.24122891104,83810.328125,26350,0.0,0.0
2023-09-01 00:00:00+09:00,83553.24804090214,84153.11751401631,83210.4654848369,84067.421875,12723,0.0,0.0
2023-09-04 00:00:00+09:00,84838.69328878012,85438.56283728665,84067.4324407003,85352.8671875,12550,0.0,0.0
2023-09-05 00:00:00+09:00,85181.474546875,85695.6484375,84495.909359375,85695.6484375,11655,0.0,0.0
2023-09-06 00:00:00+09:00,85867.03973437501,86381.213625,85267.1701953125,85695.6484375,14043,0.0,0.0
2023-09-07 00:00:00+09:00,85867.03389084506,86038.42517605633,84924.3818221831,85181.46875,8321,0.0,0.0
2023-09-08 00:00:00+09:00,84838.68849734042,85181.47107712766,84238.81898271276,84581.6015625,22068,0.0,0.0
2023-09-11 00:00:00+09:00,84581.59802521818,84752.98930794405,82953.38083932239,83467.5546875,10241,0.0,0.0
2023-09-12 00:00:00+09:00,83381.85188400206,83553.24315200617,82696.28681198558,83296.15625,7056,0.0,0.0
2023-09-13 00:00:00+09:00,83381.85448003112,84153.11521006224,82439.20247665976,82610.59375,11343,0.0,0.0
2023-09-14 00:00:00+09:00,83039.06934799382,83638.93878600822,82781.98244598765,83296.15625,12463,0.0,0.0
2023-09-15 00:00:00+09:00,83381.85285248968,83467.5484874871,82353.50523252065,83039.0703125,27539,0.0,0.0
2023-09-19 00:00:00+09:00,82781.98469883419,83296.15851683938,82267.81088082901,82696.2890625,13700,0.0,0.0
2023-09-20 00:00:00+09:00,82696.28873900103,83296.1581909938,82696.28873900103,82781.984375,12066,0.0,0.0
2023-09-21 00:00:00+09:00,83124.76594749742,83210.46158249484,82524.89650251548,83039.0703125,11186,0.0,0.0
2023-09-22 00:00:00+09:00,82696.28841617116,83381.85350148656,82353.50587351345,82867.6796875,11498,0.0,0.0
2023-09-25 00:00:00+09:00,83210.45965544872,84238.80725160257,83124.7640224359,83553.2421875,17605,0.0,0.0
2023-09-26 00:00:00+09:00,83810.33626535312,84067.42318641249,83381.85806358751,83724.640625,15508,0.0,0.0
2023-09-27 00:00:00+09:00,83810.33495795107,84324.50879204893,83553.24804090214,84067.421875,13650,0.0,0.0
2023-09-28 00:00:00+09:00,84581.59273097826,84581.59273097826,82696.28873900103,82781.984375,20873,0.0,0.0
2023-09-29 00:00:00+09:00,83039.06218588917,83638.93157216495,82781.9753060567,83124.7578125,22039,0.0,0.0
2023-10-02 00:00:00+09:00,83553.24542584196,83638.94106217616,82696.2890625,82696.2890625,11613,0.0,0.0
2023-10-03 00:00:00+09:00,83210.46750952944,83210.46750952944,81239.46776419558,81496.5546875,12798,0.0,0.0
2023-10-04 00:00:00+09:00,80982.37004206731,81410.84819043803,79868.32685630342,80211.109375,20482,0.0,0.0
2023-10-05 00:00:00+09:00,80982.38149532404,81753.64227146997,80725.29456994205,81325.1640625,19856,0.0,0.0
2023-10-06 00:00:00+09:00,81496.55667162698,81667.94795800264,80725.29588293651,80982.3828125,13646,0.0,0.0
2023-10-10 00:00:00+09:00,81753.63899569865,82524.8997409411,81325.16080389729,82182.1171875,15049,0.0,0.0
2023-10-11 00:00:00+09:00,82182.11492300725,83381.85382699275,82010.72365100932,82781.984375,13348,0.0,0.0
2023-10-12 00:00:00+09:00,82953.37629668051,83467.55011670126,82353.50683998963,82610.59375,13885,0.0,0.0
2023-10-13 00:00:00+09:00,82182.11816814853,82867.6832832113,81496.55305308578,81925.03125,20461,0.0,0.0
2023-10-16 00:00:00+09:00,81925.02862367021,82182.11553357712,80468.20280086435,80553.8984375,17977,0.0,0.0
2023-10-17 00:00:00+09:00,80896.67712710085,82010.72035024948,80639.59022945116,81582.2421875,17949,0.0,0.0
2023-10-18 00:00:00+09:00,81410.85839126442,82439.20607620671,81410.85839126442,81667.9453125,15064,0.0,0.0
2023-10-19 00:00:00+09:00,82267.8105590062,83553.24509899068,81839.3323790114,82781.984375,19295,0.0,0.0
2023-10-20 00:00:00+09:00,83124.77364992446,85609.9472951284,82781.9910781722,85095.7734375,24839,0.0,0.0
2023-10-23 00:00:00+09:00,85438.55077728427,86809.68098032995,84153.11621192894,84410.203125,28696,0.0,0.0
2023-10-24 00:00:00+09:00,84324.5078125,84838.681640625,82096.42122395833,82267.8125,27246,0.0,0.0
2023-10-25 00:00:00+09:00,82781.97991071429,84067.41438137754,82353.50175382652,83981.71875,15134,0.0,0.0
2023-10-26 00:00:00+09:00,83381.85188400206,83638.93878600822,82696.28681198558,83296.15625,13162,0.0,0.0
2023-10-27 00:00:00+09:00,83810.34075797873,85010.07978723405,83553.25382313831,84581.6015625,20011,0.0,0.0
2023-10-30 00:00:00+09:00,83381.85415317357,83638.94106217616,82267.81088082901,82696.2890625,13033,0.0,0.0
2023-10-31 00:00:00+09:00,83210.45965544872,83981.72035256411,82524.89459134615,83553.2421875,16551,0.0,0.0
2023-11-01 00:00:00+09:00,84667.29588168518,85695.6436049445,84410.20895087034,84924.3828125,17927,0.0,0.0
2023-11-02 00:00:00+09:00,85695.6436049445,85695.6436049445,84581.60023808022,84924.3828125,14472,0.0,0.0
2023-11-06 00:00:00+09:00,85781.32930530576,85781.32930530576,83381.8515625,83381.8515625,26889,0.0,0.0
2023-11-07 00:00:00+09:00,83638.94335539715,84324.50846486761,82867.68260724287,84153.1171875,29082,0.0,0.0
2023-11-08 00:00:00+09:00,83638.93782051283,83810.32908653846,82781.98149038461,83553.2421875,12006,0.0,0.0
2023-11-09 00:00:00+09:00,83638.94008264462,83638.94008264462,82610.59245867768,82953.375,13607,0.0,0.0
2023-11-10 00:00:00+09:00,83296.15369897959,84067.41438137754,83039.06680484694,83981.71875,13717,0.0,0.0
2023-11-13 00:00:00+09:00,84153.11065311861,84410.19754920756,83724.63249297034,83810.328125,8786,0.0,0.0
2023-11-14 00:00:00+09:00,83810.3410877282,84838.6888311359,83467.5585065923,84495.90625,12670,0.0,0.0
2023-11-15 00:00:00+09:00,85181.4758879267,85524.2584870733,84838.69328878012,85352.8671875,16859,0.0,0.0
2023-11-16 00:00:00+09:00,85524.24836428215,86552.59604000498,85352.857084995,85952.7265625,16443,0.0,0.0
2023-11-17 00:00:00+09:00,85867.03389084506,86038.42517605633,84752.99053697183,85181.46875,16773,0.0,0.0
2023-11-20 00:00:00+09:00,85352.8603663142,85867.0342239426,84495.90393693354,85095.7734375,18610,0.0,0.0
2023-11-21 00:00:00+09:00,85267.16773056402,85524.25466844512,84238.81997903963,84324.515625,13458,0.0,0.0
2023-11-22 00:00:00+09:00,84238.81184961929,84667.29003807106,83724.63802347716,84410.203125,8605,0.0,0.0
2023-11-24 00:00:00+09:00,84581.59570909786,84838.6826261468,84067.421875,84067.421875,6944,0.0,0.0
2023-11-27 00:00:00+09:00,83896.02375702964,84410.19754920756,83296.15433282209,83810.328125,11163,0.0,0.0
2023-11-28 00:00:00+09:00,83896.02698863637,84153.1138946281,82781.98372933884,82953.375,13975,0.0,0.0
2023-11-29 00:00:00+09:00,82867.67093266752,83553.23594555412,82867.67093266752,83124.7578125,10026,0.0,0.0
2023-11-30 00:00:00+09:00,82696.2903711929,84581.59440038071,82439.20345812183,84410.203125,42405,0.0,0.0
2023-12-01 00:00:00+09:00,84067.41793246905,84324.5048374613,82781.98340750774,83039.0703125,16375,0.0,0.0
2023-12-04 00:00:00+09:00,83896.0253645298,83896.0253645298,82696.28649312693,83381.8515625,12325,0.0,0.0
2023-12-05 00:00:00+09:00,83553.24122891104,84067.41502108895,83296.15433282209,83810.328125,7927,0.0,0.0
2023-12-06 00:00:00+09:00,83810.34075797873,84581.6015625,83381.86253324468,84581.6015625,9303,0.0,0.0
2023-12-07 00:00:00+09:00,84238.81931414807,84752.99318585193,83553.25415187627,84495.90625,11749,0.0,0.0
2023-12-08 00:00:00+09:00,84153.12136518127,85095.7734375,83810.33879342901,85095.7734375,22512,0.0,0.0
2023-12-11 00:00:00+09:00,85267.1701953125,85695.6484375,84838.691953125,85695.6484375,9293,0.0,0.0
2023-12-12 00:00:00+09:00,85695.63737623762,86552.59375,85695.63737623762,86552.59375,15011,0.0,0.0
2023-12-13 00:00:00+09:00,86381.20247524753,86895.37629950495,86038.41992574256,86552.59375,11246,0.0,0.0
2023-12-14 00:00:00+09:00,86981.07128520258,87323.85383213933,86295.50619132906,86723.984375,13672,0.0,0.0
2023-12-15 00:00:00+09:00,86552.59472753228,86552.59472753228,85609.94270574728,86295.5078125,22138,0.0,0.0
2023-12-18 00:00:00+09:00,86124.11816991017,86295.5094498503,85352.85741017964,85867.03125,15067,0.0,0.0
2023-12-19 00:00:00+09:00,85952.7322198276,86124.12351039554,84324.51495943205,84495.90625,16465,0.0,0.0
2023-12-20 00:00:00+09:00,84495.91002317134,86038.43170716433,84495.91002317134,85524.2578125,19504,0.0,0.0
2023-12-21 00:00:00+09:00,85095.77310739437,85781.33824823944,84838.68617957746,85181.46875,10572,0.0,0.0
2023-12-22 00:00:00+09:00,85181.47255529324,86295.5159589339,85181.47255529324,86209.8203125,13155,0.0,0.0
2023-12-25 00:00:00+09:00,85952.73673600653,86038.43238579317,85010.08458835342,85352.8671875,6891,0.0,0.0
2023-12-26 00:00:00+09:00,85352.86685055165,85609.95379889669,85010.08425275827,85438.5625,7487,0.0,0.0
2023-12-27 00:00:00+09:00,85867.03973437501,85952.7353828125,85352.86584375,85695.6484375,10061,0.0,0.0
2023-12-28 00:00:00+09:00,87238.15786957058,87238.15786957058,86038.41895977294,86809.6796875,9733,0.0,0.0
2023-12-29 00:00:00+09:00,86895.3811641315,87666.64194369479,86381.2073110893,87323.859375,11735,0.0,0.0
2024-01-04 00:00:00+09:00,86895.37859857926,86895.37859857926,85695.63964356929,85952.7265625,13277,0.0,0.0
2024-01-05 00:00:00+09:00,86638.29261016846,87752.3359375,85524.24928283691,87752.3359375,22111,0.0,0.0
2024-01-09 00:00:00+09:00,86895.37243150685,87666.63313356164,86295.50299657535,87580.9375,16231,0.0,0.0
2024-01-10 00:00:00+09:00,87152.4596519956,87838.0247230044,87066.76401811949,87495.2421875,11533,0.0,0.0
2024-01-11 00:00:00+09:00,87066.76983933788,88095.11751460565,86809.68292052094,88009.421875,13635,0.0,0.0
2024-01-12 00:00:00+09:00,88180.81381097561,88180.81381097561,87323.85740853658,87838.03125,11523,0.0,0.0
2024-01-15 00:00:00+09:00,87152.48027514578,88266.52377915452,87152.48027514578,88180.828125,2321,0.0,0.0
2024-01-16 00:00:00+09:00,87152.46580317983,88952.07424159357,87152.46580317983,87923.7265625,10968,0.0,0.0
2024-01-17 00:00:00+09:00,87495.24186643836,88009.41566780822,87238.15496575342,87580.9375,12034,0.0,0.0
2024-01-18 00:00:00+09:00,87666.64664179104,87666.64664179104,86038.42935323383,86124.125,11609,0.0,0.0
2024-01-19 00:00:00+09:00,86895.38447720515,86895.38447720515,86209.81931367691,86466.90625,9016,0.0,0.0
2024-01-22 00:00:00+09:00,87066.7734375,87323.86036694144,86723.99086491142,87066.7734375,13146,0.0,0.0
2024-01-23 00:00:00+09:00,87580.94997829861,87666.64562406993,86381.2109375,86381.2109375,14835,0.0,0.0
2024-01-24 00:00:00+09:00,86295.50879295319,86895.3782681773,86038.421875,86038.421875,11488,0.0,0.0
2024-01-25 00:00:00+09:00,85952.72787631382,86381.20608108108,85010.07582582583,85609.9453125,14443,0.0,0.0
2024-01-26 00:00:00+09:00,85609.9446569056,86295.50977928322,85524.2490166084,85781.3359375,8525,0.0,0.0
2024-01-29 00:00:00+09:00,85352.86752512564,85781.34577575377,85267.171875,85267.171875,15177,0.0,0.0
2024-01-30 00:00:00+09:00,85524.2584870733,85781.34543643323,85267.17153771335,85352.8671875,22679,0.0,0.0
2024-01-31 00:00:00+09:00,85267.16177020958,86124.11816991017,85267.16177020958,85867.03125,20255,0.0,0.0
2024-02-01 00:00:00+09:00,85267.17153771335,85952.73673600653,85010.08458835342,85352.8671875,30935,0.0,0.0
2024-02-02 00:00:00+09:00,86124.11784178714,86466.90040036141,85867.03092285643,85952.7265625,13778,0.0,0.0
2024-02-05 00:00:00+09:00,86209.8164612676,86552.59903169014,85181.46875,85181.46875,21984,0.0,0.0
2024-02-06 00:00:00+09:00,85095.77120421363,85267.1624855917,83638.9453125,83638.9453125,22498,0.0,0.0
2024-02-07 00:00:00+09:00,83981.72360751295,84067.41924384715,82696.2890625,82696.2890625,20894,0.0,0.0
2024-02-08 00:00:00+09:00,83296.15754132232,83810.33135330578,82696.28809400827,82953.375,18275,0.0,0.0
2024-02-09 00:00:00+09:00,83124.76724417099,83724.63669851037,82696.2890625,82696.2890625,20823,0.0,0.0
2024-02-13 00:00:00+09:00,83039.07291395681,83381.85546468523,81925.0296240895,82353.5078125,18087,0.0,0.0
2024-02-14 00:00:00+09:00,82439.21060488059,82953.3844755971,82010.7323792835,82524.90625,21154,0.0,0.0
2024-02-15 00:00:00+09:00,82867.68561479189,83039.07689837988,80982.38149532404,81325.1640625,23094,0.0,0.0
2024-02-16 00:00:00+09:00,81496.5540904198,81667.94537136707,79611.25,79611.25,28363,0.0,0.0
2024-02-19 00:00:00+09:00,79782.63473817568,80296.80853885136,79011.37403716217,79268.4609375,21910,0.0,0.0
2024-02-20 00:00:00+09:00,80125.42384284176,80553.9020452099,79611.25,79611.25,20962,0.0,0.0
2024-02-21 00:00:00+09:00,80725.29600977199,80725.29600977199,78668.60057003258,78925.6875,22866,0.0,0.0
2024-02-22 00:00:00+09:00,77983.03973361784,78582.90927003029,77297.47454914647,77811.6484375,25526,0.0,0.0
2024-02-26 00:00:00+09:00,78582.90591809641,79525.55800653595,78325.81898488563,78668.6015625,28200,0.0,0.0
2024-02-27 00:00:00+09:00,78668.60323110624,79097.08146221249,78240.125,78240.125,52786,0.0,0.0
2024-02-28 00:00:00+09:00,78741.04157303371,79004.68345330056,77950.11593223314,78213.7578125,36498,2270.0,0.0
2024-02-29 00:00:00+09:00,78125.87751274066,78565.28064835788,77071.30998725934,77598.59375,49787,0.0,0.0
2024-03-01 00:00:00+09:00,77950.11532103243,78301.63782529863,76983.42843430034,77247.0703125,24936,0.0,0.0
2024-03-04 00:00:00+09:00,77598.59407998002,78828.92286494006,76895.54906000284,76983.4296875,33037,0.0,0.0
2024-03-05 00:00:00+09:00,77774.35374929458,78565.27938064333,77247.06999506208,77862.234375,48875,0.0,0.0
2024-03-06 00:00:00+09:00,78653.16030316649,79531.96656353705,77950.11529487002,79444.0859375,42973,0.0,0.0
2024-03-07 00:00:00+09:00,79707.72527365819,79795.60589689265,77247.06782309321,77774.3515625,48115,0.0,0.0
2024-03-08 00:00:00+09:00,77774.3581081081,78389.52252252251,77510.71621621621,78038.0,42814,0.0,0.0
2024-03-11 00:00:00+09:00,78301.63594273159,79092.56155831473,77686.47157505581,78741.0390625,37485,0.0,0.0
2024-03-12 00:00:00+09:00,78741.04504504504,79092.56756756756,77686.47747747747,78038.0,38660,0.0,0.0
2024-03-13 00:00:00+09:00,78038.00163724374,78301.64353466686,76280.38898775626,77159.1953125,33769,0.0,0.0
2024-03-14 00:00:00+09:00,77334.94907924107,78741.0390625,77334.94907924107,78741.0390625,27437,0.0,0.0
2024-03-15 00:00:00+09:00,79268.32002887789,80674.40996287129,78828.91692450494,79883.484375,47999,0.0,0.0
2024-03-18 00:00:00+09:00,79883.4824500555,79971.36306881242,78653.15378745837,79180.4375,30758,0.0,0.0
2024-03-19 00:00:00+09:00,79795.60841630785,82256.26594456405,79268.32466025295,81641.1015625,38755,0.0,0.0
2024-03-21 00:00:00+09:00,82432.0209712659,83222.94654561706,81289.57291942532,82959.3046875,34923,0.0,0.0
2024-03-22 00:00:00+09:00,83486.59156019494,83750.23342827977,82783.5465786354,83398.7109375,30165,0.0,0.0
2024-03-25 00:00:00+09:00,83222.95218882555,83662.3553154825,82607.78781150583,82871.4296875,28148,0.0,0.0
2024-03-26 00:00:00+09:00,82871.42162006578,84277.51148848684,82256.25730263158,83486.5859375,42812,0.0,0.0
2024-03-27 00:00:00+09:00,84189.63087171053,84716.91457236842,83398.70532072369,83486.5859375,31695,0.0,0.0
2024-03-28 00:00:00+09:00,83486.59406481973,83486.59406481973,82607.78781150583,82871.4296875,31017,0.0,0.0
2024-03-29 00:00:00+09:00,83574.47343254492,83574.47343254492,82432.02532042812,83135.0703125,10759,0.0,0.0
2024-04-01 00:00:00+09:00,83222.94750461499,84189.63432885021,82871.4250230749,83310.828125,16387,0.0,0.0
2024-04-02 00:00:00+09:00,83047.1903081411,83222.95155747049,81201.6971901824,81904.7421875,24650,0.0,0.0
2024-04-03 00:00:00+09:00,81904.74376355748,81904.74376355748,80322.89248915401,81025.9375,34551,0.0,0.0
2024-04-04 00:00:00+09:00,80850.1762472885,81377.460005423,80498.6537418655,81025.9375,22163,0.0,0.0
2024-04-05 00:00:00+09:00,81465.33778331043,81465.33778331043,79444.0834478022,79971.3671875,22196,0.0,0.0
2024-04-08 00:00:00+09:00,79971.36630639098,81992.62061962944,79795.60506176155,81816.859375,27976,0.0,0.0
2024-04-09 00:00:00+09:00,82344.14008280757,83750.22998817035,81904.73698738171,83574.46875,27077,0.0,0.0
2024-04-10 00:00:00+09:00,83574.47374201278,84189.63811235357,82256.2643769968,82519.90625,26616,0.0,0.0
2024-04-11 00:00:00+09:00,81992.62126791402,83398.71123606688,81641.0987758758,82783.546875,37840,0.0,0.0
2024-04-12 00:00:00+09:00,82783.53980048861,82783.53980048861,80410.76318200325,80938.046875,31871,0.0,0.0
2024-04-15 00:00:00+09:00,80850.18114973263,82519.91315173797,80674.41988636364,82168.390625,29121,0.0,0.0
2024-04-16 00:00:00+09:00,82168.3815714952,82607.7846815032,81553.21721748401,82432.0234375,27067,0.0,0.0
2024-04-17 00:00:00+09:00,82607.78372591006,83310.82869379014,81992.61937901498,82080.5,22477,0.0,0.0
2024-04-18 00:00:00+09:00,83047.18838778409,84189.63648200757,80850.1728219697,81201.6953125,32789,0.0,0.0
2024-04-19 00:00:00+09:00,80410.77311550976,81553.2212581345,79795.60873101951,81025.9375,32700,0.0,0.0
2024-04-22 00:00:00+09:00,81992.61401367188,84541.15185546875,81816.85278320312,84365.390625,27385,0.0,0.0
2024-04-23 00:00:00+09:00,84716.91555293501,84892.67678852202,83574.4675216195,83838.109375,28935,0.0,0.0
2024-04-24 00:00:00+09:00,83662.3553154825,84013.87781680806,82695.66843683722,82871.4296875,14698,0.0,0.0
2024-04-25 00:00:00+09:00,82959.3103128314,83750.23594081389,82783.5490621686,82871.4296875,20892,0.0,0.0
2024-04-26 00:00:00+09:00,82607.79216269842,83310.83720238095,82432.03090277777,83047.1953125,19745,0.0,0.0
2024-04-30 00:00:00+09:00,83047.1838148585,83925.9899927935,82695.6613436845,83838.109375,27889,0.0,0.0
2024-05-01 00:00:00+09:00,84277.51220245838,84804.79590758325,83925.98973237514,84453.2734375,18204,0.0,0.0
2024-05-02 00:00:00+09:00,84804.79906670548,85595.7246538561,84365.39596273292,84892.6796875,28866,0.0,0.0
2024-05-07 00:00:00+09:00,84365.39432176657,84892.6780362776,83047.18503548896,83574.46875,31930,0.0,0.0
2024-05-08 00:00:00+09:00,83838.11144153225,84013.87268145161,81728.9765625,81728.9765625,34132,0.0,0.0
2024-05-09 00:00:00+09:00,82344.14469641913,83838.11530457188,81992.6222003832,83135.0703125,27784,0.0,0.0
2024-05-10 00:00:00+09:00,82959.3081210191,83222.94999004777,81816.8600218949,82783.546875,39391,0.0,0.0
2024-05-13 00:00:00+09:00,82256.26095908608,83047.18654523113,82256.26095908608,82695.6640625,21512,0.0,0.0
2024-05-14 00:00:00+09:00,82959.31124604013,83750.23688291975,82783.54999340021,83222.953125,28196,0.0,0.0
2024-05-15 00:00:00+09:00,83310.82716498942,83574.46902310646,82168.37911314884,82959.3046875,43830,0.0,0.0
2024-05-16 00:00:00+09:00,83222.95124467519,83574.47374201278,81904.74187965921,82519.90625,33317,0.0,0.0
2024-05-17 00:00:00+09:00,81992.625,82607.78938906753,81377.46061093248,81992.625,36263,0.0,0.0
2024-05-20 00:00:00+09:00,81641.10000665601,82783.54812300319,81641.10000665601,82519.90625,26266,0.0,0.0
2024-05-21 00:00:00+09:00,82519.9096935032,82695.67094950641,81728.9840414888,82344.1484375,22562,0.0,0.0
2024-05-22 00:00:00+09:00,82519.90876205788,82519.90876205788,81201.69935691319,81992.625,25745,0.0,0.0
2024-05-23 00:00:00+09:00,81377.45626342643,81816.859375,80498.65004027927,81816.859375,36217,0.0,0.0
2024-05-24 00:00:00+09:00,81289.5746949164,81816.85842266721,80850.1715884574,81465.3359375,25089,0.0,0.0
2024-05-27 00:00:00+09:00,81641.1015625,81816.8628145183,80147.13092034445,81641.1015625,31140,0.0,0.0
2024-05-28 00:00:00+09:00,81816.86649305555,83135.07594246032,81377.46334325397,83047.1953125,38064,0.0,0.0
2024-05-29 00:00:00+09:00,82607.77756952019,82783.5387983915,79971.35913645038,80586.5234375,69501,0.0,0.0
2024-05-30 00:00:00+09:00,80850.17246136865,80850.17246136865,78916.79877207505,79619.84375,55694,0.0,0.0
2024-05-31 00:00:00+09:00,78301.64440033784,81816.86973817568,78301.64440033784,81289.5859375,491538,0.0,0.0
2024-06-03 00:00:00+09:00,81992.61995584238,82871.42617187499,80850.171875,80850.171875,30947,0.0,0.0
2024-06-04 00:00:00+09:00,80938.05905505146,81816.86534229416,80322.89465398158,81113.8203125,29251,0.0,0.0
2024-06-05 00:00:00+09:00,80938.04835860318,81377.45144415477,79531.95848483809,80059.2421875,55065,0.0,0.0
2024-06-06 00:00:00+09:00,79971.3605981257,80059.24121416759,78653.15135749725,79707.71875,39427,0.0,0.0
2024-06-07 00:00:00+09:00,80059.25414629889,80059.25414629889,78389.52217178771,78653.1640625,28788,0.0,0.0
2024-06-10 00:00:00+09:00,78301.63779901825,79531.96656353705,77862.23466883296,79444.0859375,27464,0.0,0.0
2024-06-11 00:00:00+09:00,79531.96908929566,79795.6109757795,78828.92405867206,78916.8046875,18430,0.0,0.0
2024-06-12 00:00:00+09:00,78828.91844236651,79004.6796875,78389.5153295328,79004.6796875,23028,0.0,0.0
2024-06-13 00:00:00+09:00,79268.31715091974,79268.31715091974,78477.39159176422,78828.9140625,18738,0.0,0.0
2024-06-14 00:00:00+09:00,79004.6828073147,79883.48906768528,78653.16030316649,79444.0859375,18883,0.0,0.0
2024-06-17 00:00:00+09:00,79619.8497181236,79707.73034695156,78916.8046875,78916.8046875,9440,0.0,0.0
2024-06-18 00:00:00+09:00,79092.56686529933,79531.970014551,78828.92497574833,79268.328125,10118,0.0,0.0
2024-06-19 00:00:00+09:00,79092.56435848019,79971.37062912996,78916.80310435023,79795.609375,10514,0.0,0.0
2024-06-20 00:00:00+09:00,79795.5993660419,80498.64429437707,79268.31566979052,79707.71875,9096,0.0,0.0
2024-06-21 00:00:00+09:00,79795.60470290252,80235.0078125,79444.08221522454,80235.0078125,36274,0.0,0.0
2024-06-24 00:00:00+09:00,79883.49126381216,80059.25252071823,79268.32686464088,79531.96875,10492,0.0,0.0
2024-06-25 00:00:00+09:00,79883.48843443628,80762.29468784042,79883.48843443628,80674.4140625,10392,0.0,0.0
2024-06-26 00:00:00+09:00,80850.16625950055,81113.80810599892,80410.76318200325,80938.046875,11284,0.0,0.0
2024-06-27 00:00:00+09:00,80147.1271905805,80410.76905633899,79531.96283714403,80235.0078125,18857,0.0,0.0
2024-06-28 00:00:00+09:00,81113.8200621547,81113.8200621547,78916.80435082874,79531.96875,16379,0.0,0.0
2024-07-01 00:00:00+09:00,80235.01540677375,80322.89603701117,78389.52217178771,78653.1640625,23302,0.0,0.0
2024-07-02 00:00:00+09:00,79092.56155831473,79092.56155831473,77774.35219900949,78741.0390625,21565,0.0,0.0
2024-07-03 00:00:00+09:00,78389.5153295328,79619.84404546718,78037.99283926585,79004.6796875,17988,0.0,0.0
2024-07-04 00:00:00+09:00,79356.20064975247,79883.484375,79004.67816625412,79883.484375,8996,0.0,0.0
2024-07-05 00:00:00+09:00,79268.32126103752,79883.48561672185,79004.67939431567,79619.84375,11207,0.0,0.0
2024-07-08 00:00:00+09:00,79619.84718957411,80147.13094579645,79180.44405938883,79444.0859375,11939,0.0,0.0
2024-07-09 00:00:00+09:00,79268.31811875693,79531.95997502774,78565.27316870145,79180.4375,8728,0.0,0.0
2024-07-10 00:00:00+09:00,79268.32155520022,80235.00840343436,79004.6796875,79004.6796875,12460,0.0,0.0
2024-07-11 00:00:00+09:00,79444.08938470067,79531.970014551,79004.686235449,79268.328125,12459,0.0,0.0
2024-07-12 00:00:00+09:00,79268.32250138427,80059.2481139258,79092.56125415282,79356.203125,23638,0.0,0.0
2024-07-16 00:00:00+09:00,79356.19725061745,80147.12280461032,79268.31663350713,80059.2421875,11084,0.0,0.0
2024-07-17 00:00:00+09:00,80498.65625,80762.29813728166,79971.37247543668,80498.65625,11634,0.0,0.0
2024-07-18 00:00:00+09:00,80322.88872792495,80586.5305946468,79531.96312775939,79619.84375,18311,0.0,0.0
2024-07-19 00:00:00+09:00,79619.84404546718,79707.72466803392,78565.27657466629,79004.6796875,13291,0.0,0.0
2024-07-22 00:00:00+09:00,79268.31715091974,79268.31715091974,78125.86912102843,78828.9140625,18651,0.0,0.0
2024-07-23 00:00:00+09:00,78916.80031040737,79092.56155831473,78301.63594273159,78741.0390625,13013,0.0,0.0
2024-07-24 00:00:00+09:00,78301.6418918919,78741.04504504504,77598.59684684685,78038.0,20604,0.0,0.0
2024-07-25 00:00:00+09:00,77862.22971029743,78565.27467382155,77774.3490898569,78301.6328125,15885,0.0,0.0
2024-07-26 00:00:00+09:00,78653.1640625,78828.92532297486,78301.64154155029,78653.1640625,15134,0.0,0.0
2024-07-29 00:00:00+09:00,78741.04000000001,79092.5625,77950.114375,79092.5625,19780,0.0,0.0
2024-07-30 00:00:00+09:00,79444.0853077342,81377.45906522332,79180.44343171296,80674.4140625,71424,0.0,0.0
2024-07-31 00:00:00+09:00,81025.93686565172,83135.07188167736,81025.93686565172,82256.265625,30424,0.0,0.0
2024-08-01 00:00:00+09:00,81816.86407431155,82080.50595639848,79619.84839025378,81377.4609375,35418,0.0,0.0
2024-08-02 00:00:00+09:00,81201.69465361447,81289.57527553396,79883.48532482202,80235.0078125,28141,0.0,0.0
2024-08-05 00:00:00+09:00,76280.38808638444,79356.21018664187,76280.38808638444,76807.671875,45179,0.0,0.0
2024-08-06 00:00:00+09:00,78125.87007491676,81465.33358768035,77598.58636237514,79180.4375,43459,0.0,0.0
2024-08-07 00:00:00+09:00,78037.99863537119,81728.9850573144,77862.23737718341,80498.65625,31671,0.0,0.0
2024-08-08 00:00:00+09:00,80322.89499181222,81641.10442822053,80059.25310453057,80498.65625,23926,0.0,0.0
2024-08-09 00:00:00+09:00,80674.40801886792,81201.69173140955,79180.4375,79180.4375,26521,0.0,0.0
2024-08-13 00:00:00+09:00,79619.84655841503,81201.69781454248,79619.84655841503,80674.4140625,22497,0.0,0.0
2024-08-14 00:00:00+09:00,80586.53436822126,81025.9375,79971.36998373101,81025.9375,23693,0.0,0.0
2024-08-15 00:00:00+09:00,80498.65591143012,81113.8203125,79795.61088163598,81113.8203125,18692,0.0,0.0
2024-08-16 00:00:00+09:00,81201.70530405405,81641.10847128378,80850.18277027027,81289.5859375,18234,0.0,0.0
2024-08-19 00:00:00+09:00,80938.05249660325,81113.81373980978,80147.12690217391,80850.171875,16093,0.0,0.0
2024-08-20 00:00:00+09:00,81113.81345233279,81465.3359375,80850.1715884574,81465.3359375,15906,0.0,0.0
2024-08-21 00:00:00+09:00,81465.33969056372,81641.10094124456,80586.53343715958,80674.4140625,13454,0.0,0.0
2024-08-22 00:00:00+09:00,80938.05780068845,81377.4609375,79971.37089970302,81377.4609375,18733,0.0,0.0
2024-08-23 00:00:00+09:00,81465.33718039772,81816.85967092802,80762.29219933711,81201.6953125,12721,0.0,0.0
2024-08-26 00:00:00+09:00,81728.98746657754,82168.390625,81377.46493983957,82168.390625,15333,0.0,0.0
2024-08-27 00:00:00+09:00,82344.14439598635,83838.11499868835,81904.74127754458,83750.234375,15378,0.0,0.0
2024-08-28 00:00:00+09:00,83925.99874412839,84716.92438674321,83750.23749021399,84189.640625,40828,0.0,0.0
2024-08-29 00:00:00+09:00,84285.09243243243,85095.52601351352,82934.3697972973,83294.5625,24363,2306.0,0.0
2024-08-30 00:00:00+09:00,82844.31513798701,83204.5078125,82123.92978896103,83204.5078125,23998,0.0,0.0
2024-09-02 00:00:00+09:00,83114.4623337766,85095.52210771276,83114.4623337766,84645.28125,27127,0.0,0.0
2024-09-03 00:00:00+09:00,84825.37241790254,85185.56508209746,84285.08342161018,85005.46875,13271,0.0,0.0
2024-09-04 00:00:00+09:00,84825.38152002107,86176.1041556902,84735.3333443098,85455.71875,30605,0.0,0.0
2024-09-05 00:00:00+09:00,85815.9102434077,89507.88539553752,85725.8620689655,88787.5,45159,0.0,0.0
2024-09-06 00:00:00+09:00,89147.68754706325,89958.12107021837,88517.35036238705,89687.9765625,33319,0.0,0.0
2024-09-09 00:00:00+09:00,89597.9258746265,90948.648375249,89237.73320779382,90408.359375,43099,0.0,0.0
2024-09-10 00:00:00+09:00,90948.6509318524,91218.79543957078,89597.92839326055,89687.9765625,34130,0.0,0.0
2024-09-11 00:00:00+09:00,89778.0338727111,90138.22658634283,88517.359375,88517.359375,31373,0.0,0.0
2024-09-12 00:00:00+09:00,88877.54689860273,89778.02863009818,88877.54689860273,89417.8359375,18842,0.0,0.0
2024-09-13 00:00:00+09:00,89958.12107021837,90498.41008565512,89237.7357163027,89687.9765625,31260,0.0,0.0
2024-09-17 00:00:00+09:00,89868.074315153,91218.796875,89507.88163252715,91218.796875,20539,0.0,0.0
2024-09-18 00:00:00+09:00,90318.3137471762,90768.5545933735,88877.54303934488,89687.9765625,18598,0.0,0.0
2024-09-19 00:00:00+09:00,89958.1236717178,90408.3645309356,88967.59378143863,89507.8828125,20117,0.0,0.0
2024-09-20 00:00:00+09:00,89778.02220804284,90678.5038751245,89507.87770791833,90408.359375,51456,0.0,0.0
2024-09-24 00:00:00+09:00,90138.21745571357,90588.45830214571,89057.63942427645,90228.265625,25036,0.0,0.0
2024-09-25 00:00:00+09:00,89778.02214585421,90228.26297908317,89057.63681268788,89868.0703125,18794,0.0,0.0
2024-09-26 00:00:00+09:00,87166.6224226804,87977.05589561856,86896.47793170103,87346.71875,38285,0.0,0.0
2024-09-27 00:00:00+09:00,87346.72662614562,88517.35285927953,86446.24490835032,88427.3046875,30790,0.0,0.0
2024-09-30 00:00:00+09:00,87436.7720949793,87977.06110895445,86536.2904050207,86986.53125,45682,0.0,0.0
2024-10-01 00:00:00+09:00,87346.72518574036,87346.72518574036,85996.0026313217,86356.1953125,54681,0.0,0.0
2024-10-02 00:00:00+09:00,86356.18886961877,87166.62234180498,85995.99621531379,86806.4296875,29040,0.0,0.0
2024-10-03 00:00:00+09:00,86446.2369519833,87076.57409642484,86086.0442980167,86266.140625,47339,0.0,0.0
2024-10-04 00:00:00+09:00,86446.246105919,87076.58331710799,85996.005240784,86716.390625,56747,0.0,0.0
2024-10-07 00:00:00+09:00,86716.38144245825,87076.57409642484,85365.65899008351,86266.140625,71062,0.0,0.0
2024-10-08 00:00:00+09:00,86086.05597997892,86356.20050711275,85455.71875,85455.71875,22902,0.0,0.0
2024-10-09 00:00:00+09:00,85365.66148026317,85815.90231085526,85185.56514802632,85545.7578125,20066,0.0,0.0
2024-10-10 00:00:00+09:00,85815.90616697662,85815.90616697662,84735.328125,84735.328125,20544,0.0,0.0
2024-10-11 00:00:00+09:00,84645.28125,84825.37759308511,84195.04039228724,84645.28125,13435,0.0,0.0
2024-10-15 00:00:00+09:00,84465.18490691489,85185.57027925532,84285.08856382979,84645.28125,16251,0.0,0.0
2024-10-16 00:00:00+09:00,85095.52210771276,85095.52210771276,84285.08856382979,84645.28125,11902,0.0,0.0
2024-10-17 00:00:00+09:00,84645.28515208111,85095.52603054963,84195.0442736126,84375.140625,10168,0.0,0.0
2024-10-18 00:00:00+09:00,84915.42446532944,85095.52080565887,84375.13544434113,84735.328125,14401,0.0,0.0
2024-10-21 00:00:00+09:00,85545.76692571127,85545.76692571127,84735.3333443098,85455.71875,15641,0.0,0.0
2024-10-22 00:00:00+09:00,85545.76430224867,85635.81247519841,84825.3789186508,85095.5234375,22172,0.0,0.0
2024-10-23 00:00:00+09:00,85185.56521312761,86266.14320737448,84465.17988362971,86086.046875,22845,0.0,0.0
2024-10-24 00:00:00+09:00,86176.09490863347,86176.09490863347,85005.46875,85005.46875,20820,0.0,0.0
2024-10-25 00:00:00+09:00,85455.71486016281,85905.95571822478,84645.28131565126,85725.859375,12316,0.0,0.0
2024-10-28 00:00:00+09:00,85365.66411163521,86086.04946278826,85095.51960495283,85905.953125,11415,0.0,0.0
2024-10-29 00:00:00+09:00,85905.95437895987,85996.00254916842,84915.42450666579,85275.6171875,12917,0.0,0.0
2024-10-30 00:00:00+09:00,85725.8606230032,85725.8606230032,84555.234375,84555.234375,20672,0.0,0.0
2024-10-31 00:00:00+09:00,84465.18487352785,84735.32938804872,83834.84767297913,84104.9921875,26865,0.0,0.0
2024-11-01 00:00:00+09:00,84014.94791386949,84825.38149503221,83744.80338681524,83834.8515625,14396,0.0,0.0
2024-11-05 00:00:00+09:00,84195.04292629077,84195.04292629077,82844.3203125,82844.3203125,14358,0.0,0.0
2024-11-06 00:00:00+09:00,82844.32421451788,84285.09507042254,82844.32421451788,83114.46875,20750,0.0,0.0
2024-11-07 00:00:00+09:00,83024.4075393594,83564.69652551574,82574.16671756243,82934.359375,14448,0.0,0.0
2024-11-08 00:00:00+09:00,82574.17320532809,83654.75126254067,82574.17320532809,83024.4140625,15646,0.0,0.0
2024-11-11 00:00:00+09:00,82934.37239301192,83384.61328548213,82844.32421451788,83114.46875,13255,0.0,0.0
2024-11-12 00:00:00+09:00,82934.36325571896,83384.60409858388,82574.17058142702,82664.21875,9944,0.0,0.0
2024-11-13 00:00:00+09:00,81853.78383406835,82213.97650220507,81493.59116593163,81673.6875,13352,0.0,0.0
2024-11-14 00:00:00+09:00,81313.50390625,81763.74479166667,81223.45572916667,81583.6484375,12813,0.0,0.0
2024-11-15 00:00:00+09:00,81853.78647262623,82394.07549224753,81583.64196281559,82033.8828125,12133,0.0,0.0
2024-11-18 00:00:00+09:00,82304.02478917303,82844.3137921654,81943.83212051143,82754.265625,11799,0.0,0.0
2024-11-19 00:00:00+09:00,82304.02472960022,82574.16923090088,81853.78389409912,82213.9765625,12999,0.0,0.0
2024-11-20 00:00:00+09:00,82123.9375,82844.32291666667,81313.50390625,81583.6484375,15998,0.0,0.0
2024-11-21 00:00:00+09:00,81583.64451827243,81853.78903654485,81043.35548172757,81313.5,17865,0.0,0.0
2024-11-22 00:00:00+09:00,81043.35033076075,81763.73566703417,80863.2539966924,81673.6875,15233,0.0,0.0
2024-11-25 00:00:00+09:00,81943.83855306346,82664.22394693654,81943.83855306346,82304.03125,27949,0.0,0.0
2024-11-26 00:00:00+09:00,82304.02736504907,83204.5090648855,82123.9310250818,82574.171875,15933,0.0,0.0
2024-11-27 00:00:00+09:00,82484.12496565934,82754.26947973901,81403.54690934066,81943.8359375,18797,0.0,0.0
2024-11-28 00:00:00+09:00,81943.83597161573,82574.17317139739,81853.78780021834,82484.125,12292,0.0,0.0
2024-11-29 00:00:00+09:00,82394.07289670044,82664.2173980011,82123.92839539978,82213.9765625,10399,0.0,0.0
2024-12-02 00:00:00+09:00,82123.93224557523,82394.07675954093,81313.4987036781,81403.546875,14212,0.0,0.0
2024-12-03 00:00:00+09:00,81223.44654329609,81493.59104399441,80593.109375,80593.109375,24505,0.0,0.0
2024-12-04 00:00:00+09:00,81043.35411995515,81853.78766115471,80322.96875,80322.96875,19804,0.0,0.0
2024-12-05 00:00:00+09:00,80413.01304120112,80953.30204259776,80413.01304120112,80593.109375,13571,0.0,0.0
2024-12-06 00:00:00+09:00,80593.11453919491,80953.30722987288,79692.6328125,79692.6328125,21527,0.0,0.0
2024-12-09 00:00:00+09:00,79692.63933771307,79872.7356977983,79152.35025745738,79242.3984375,30461,0.0,0.0
2024-12-10 00:00:00+09:00,79422.48957146925,79872.7304420558,79062.296875,79062.296875,15073,0.0,0.0
2024-12-11 00:00:00+09:00,78972.24740472127,79692.63278583618,78882.19923208191,79152.34375,17191,0.0,0.0
2024-12-12 00:00:00+09:00,79422.48829449152,80052.82550317797,79332.44012182203,79692.6328125,15018,0.0,0.0
2024-12-13 00:00:00+09:00,79062.29557736064,79962.77730375426,78972.24740472127,79152.34375,30411,0.0,0.0
2024-12-16 00:00:00+09:00,79152.34238191244,79512.53506624425,77981.7161578341,78161.8125,29766,0.0,0.0
2024-12-17 00:00:00+09:00,77981.71875,78431.95962038107,77801.62240184758,77981.71875,21076,0.0,0.0
2024-12-18 00:00:00+09:00,77981.72266077636,78702.10808951332,77711.578125,77711.578125,15814,0.0,0.0
2024-12-19 00:00:00+09:00,77441.43099710983,77981.72005057803,77261.33464595376,77891.671875,22219,0.0,0.0
2024-12-20 00:00:00+09:00,78341.91276191159,78702.10546426522,78341.91276191159,78431.9609375,44927,0.0,0.0
2024-12-23 00:00:00+09:00,78702.10547320411,79332.44270239453,78702.10547320411,78972.25,19154,0.0,0.0
2024-12-24 00:00:00+09:00,79242.39194915254,80322.97002118644,79152.34377648305,79692.6328125,11953,0.0,0.0
2024-12-25 00:00:00+09:00,79962.7786516854,80142.875,79692.63412921349,80142.875,8250,0.0,0.0
2024-12-26 00:00:00+09:00,80142.86860086015,81313.49477143452,80052.82043389289,81133.3984375,19520,0.0,0.0
2024-12-27 00:00:00+09:00,81853.7903617153,82394.07940700716,81493.59766485408,81763.7421875,14001,0.0,0.0
2024-12-30 00:00:00+09:00,82304.03121535477,82664.22391213969,81133.40495080377,81223.453125,23406,0.0,0.0
2025-01-06 00:00:00+09:00,82484.125,82844.31768558953,81763.73962882097,82484.125,22753,0.0,0.0
2025-01-07 00:00:00+09:00,82484.1262720022,82844.31896314632,81853.7890625,81853.7890625,16175,0.0,0.0
2025-01-08 00:00:00+09:00,82394.07283627342,82754.26550441014,81673.6875,81673.6875,21362,0.0,0.0
2025-01-09 00:00:00+09:00,81493.59116593163,81853.78383406835,81313.49483186328,81673.6875,13980,0.0,0.0
2025-01-10 00:00:00+09:00,81223.44919702447,81403.54553670745,80953.3046875,80953.3046875,15713,0.0,0.0
2025-01-14 00:00:00+09:00,81223.44654329609,81853.78371159217,80593.109375,80593.109375,26468,0.0,0.0
2025-01-15 00:00:00+09:00,80322.96875,80953.30594871075,80052.82423626681,80322.96875,20421,0.0,0.0
2025-01-16 00:00:00+09:00,80232.92578125,80593.11848958334,79962.78125,79962.78125,20014,0.0,0.0
2025-01-17 00:00:00+09:00,79782.67834846766,80052.82285754824,79062.2929909194,79332.4375,28773,0.0,0.0
2025-01-20 00:00:00+09:00,79422.4921875,79962.78125,79242.39583333334,79962.78125,20488,0.0,0.0
2025-01-21 00:00:00+09:00,80052.82550317797,80322.97002118644,79602.5846398305,79692.6328125,14976,0.0,0.0
2025-01-22 00:00:00+09:00,79962.7799405436,80142.87629176104,79512.5390625,79512.5390625,14494,0.0,0.0
2025-01-23 00:00:00+09:00,79422.49088689128,79602.58723810872,79242.39453567384,79512.5390625,14998,0.0,0.0
2025-01-24 00:00:00+09:00,79782.68359814398,80503.06900309336,79602.58724690664,80052.828125,17798,0.0,0.0
2025-01-27 00:00:00+09:00,80683.16022099447,81493.59375,80593.11205110497,81493.59375,23209,0.0,0.0
2025-01-28 00:00:00+09:00,81493.5925585512,83294.5559300109,81493.5925585512,82664.21875,30433,0.0,0.0
2025-01-29 00:00:00+09:00,83384.6043479694,86356.1939197653,83384.6043479694,85365.6640625,39276,0.0,0.0
2025-01-30 00:00:00+09:00,85365.66668855042,85996.00388983719,84915.42583048844,85725.859375,33418,0.0,0.0
2025-01-31 00:00:00+09:00,85635.81247519841,85635.81247519841,84555.23439980159,85095.5234375,27178,0.0,0.0
2025-02-03 00:00:00+09:00,85185.56901729145,85725.85803854276,85005.47267687434,85275.6171875,21375,0.0,0.0
2025-02-04 00:00:00+09:00,85545.76035031847,85545.76035031847,84825.375,84825.375,25776,0.0,0.0
2025-02-05 00:00:00+09:00,84915.42446532944,85095.52080565887,84375.13544434113,84735.328125,16386,0.0,0.0
2025-02-06 00:00:00+09:00,85005.47526455026,85545.76430224867,84555.23439980159,85095.5234375,15120,0.0,0.0
2025-02-07 00:00:00+09:00,84915.4270666933,85005.47523961661,84195.04168330671,84555.234375,16153,0.0,0.0
2025-02-10 00:00:00+09:00,84825.37886856913,84825.37886856913,83744.80079381028,84014.9453125,16668,0.0,0.0
2025-02-12 00:00:00+09:00,83834.84894147789,84104.99346008629,83384.60807713053,83474.65625,11125,0.0,0.0
2025-02-13 00:00:00+09:00,84104.99215382543,84465.18483970905,83564.703125,83564.703125,18272,0.0,0.0
2025-02-14 00:00:00+09:00,83744.796875,84465.18222446238,83114.45969422044,83744.796875,16643,0.0,0.0
2025-02-17 00:00:00+09:00,84014.94791386949,84285.09244092373,83474.65885976101,83834.8515625,13332,0.0,0.0
2025-02-18 00:00:00+09:00,83834.84252565299,84555.22785347815,83744.79435967484,84465.1796875,14721,0.0,0.0
2025-02-19 00:00:00+09:00,84285.0859375,85005.47128739316,84195.03776876334,84285.0859375,18578,0.0,0.0
2025-02-20 00:00:00+09:00,84645.28252277599,84825.37886856913,84014.9453125,84014.9453125,16477,0.0,0.0
2025-02-21 00:00:00+09:00,84285.08980582524,84555.23432443365,83204.51173139158,83474.65625,20723,0.0,0.0
2025-02-25 00:00:00+09:00,83474.6550199468,84735.32942154256,83474.6550199468,84645.28125,21764,0.0,0.0
2025-02-26 00:00:00+09:00,85095.52603890508,85095.52603890508,84104.99610617709,84915.4296875,42112,0.0,0.0
2025-02-27 00:00:00+09:00,84644.40625,85850.96028645833,84458.78255208333,85758.1484375,26003,2808.0,0.0
2025-02-28 00:00:00+09:00,86222.20768229167,86871.890625,85479.712890625,85758.1484375,36800,0.0,0.0
2025-03-03 00:00:00+09:00,86779.0859375,86964.7096507353,85850.96737132352,86779.0859375,22623,0.0,0.0
2025-03-04 00:00:00+09:00,87057.5229054054,87243.14662162162,85850.96875,85850.96875,20633,0.0,0.0
2025-03-05 00:00:00+09:00,86315.02083895788,86686.26824041577,85850.96158713552,85943.7734375,12920,0.0,0.0
2025-03-06 00:00:00+09:00,85665.34375,86036.59117686891,85479.72003656554,85665.34375,9956,0.0,0.0
2025-03-07 00:00:00+09:00,85108.46614868565,85758.14909638555,84737.21875,84737.21875,22112,0.0,0.0
2025-03-10 00:00:00+09:00,84737.22268639746,85108.47010232911,84180.3515625,84180.3515625,12670,0.0,0.0
2025-03-11 00:00:00+09:00,83809.1015625,84365.97266922757,83437.85415801495,83809.1015625,16491,0.0,0.0
2025-03-12 00:00:00+09:00,83809.10345179739,85758.15236928104,83809.10345179739,85201.28125,23765,0.0,0.0
2025-03-13 00:00:00+09:00,84922.84889626219,85943.77932015168,84830.03703954496,85665.34375,21781,0.0,0.0
2025-03-14 00:00:00+09:00,85294.0904849487,86129.39713822893,85294.0904849487,85943.7734375,24765,0.0,0.0
2025-03-17 00:00:00+09:00,86500.6471438172,86779.08270329301,85943.7760248656,86315.0234375,11627,0.0,0.0
2025-03-18 00:00:00+09:00,86315.02537178456,86593.4609375,85943.77795083066,86593.4609375,13951,0.0,0.0
2025-03-19 00:00:00+09:00,86407.83851102942,86871.89779411764,86222.21479779412,86779.0859375,10418,0.0,0.0
2025-03-21 00:00:00+09:00,87243.13866570074,88913.75195929926,86871.89126712328,88078.4453125,35105,0.0,0.0
2025-03-24 00:00:00+09:00,87707.19988364361,87985.63543882979,86500.64581117021,87243.140625,19066,0.0,0.0
2025-03-25 00:00:00+09:00,87521.578125,88356.88480911983,87428.76627120891,87521.578125,19149,0.0,0.0
2025-03-26 00:00:00+09:00,88171.25910911239,88356.8828125,87335.95244386817,88356.8828125,17318,0.0,0.0
2025-03-27 00:00:00+09:00,88356.87891440501,88913.75,88171.25521920668,88913.75,12767,0.0,0.0
2025-03-28 00:00:00+09:00,88356.8821391485,89377.8125,87985.63473520249,89377.8125,21703,0.0,0.0
2025-03-31 00:00:00+09:00,89192.19273282393,89841.8757183908,88449.69789217606,88820.9453125,31638,0.0,0.0
2025-04-01 00:00:00+09:00,89841.8757183908,90398.74684887669,88635.32160233804,88820.9453125,23217,0.0,0.0
2025-04-02 00:00:00+09:00,88728.12956756046,89006.56512059674,87521.57550440327,88264.0703125,20520,0.0,0.0
2025-04-03 00:00:00+09:00,87243.13672700846,87800.0078125,86779.07748909884,87800.0078125,16724,0.0,0.0
2025-04-04 00:00:00+09:00,87892.81838389121,89284.99607740586,87800.00653765691,88728.125,36668,0.0,0.0
2025-04-07 00:00:00+09:00,86315.02674702059,87614.39274106176,85386.90817984832,85665.34375,37063,0.0,0.0
2025-04-08 00:00:00+09:00,86500.64322916667,87707.197265625,86407.83138020833,86871.890625,37073,0.0,0.0
2025-04-09 00:00:00+09:00,85943.77533873539,87521.57682983528,85943.77533873539,87335.953125,23673,0.0,0.0
2025-04-10 00:00:00+09:00,87335.95698587644,89006.5704032471,86593.46213371173,87892.828125,44301,0.0,0.0
2025-04-11 00:00:00+09:00,87243.13866570074,88449.69271107746,87057.51496641201,88078.4453125,21232,0.0,0.0
2025-04-14 00:00:00+09:00,88820.94659964807,89656.25330748175,88264.07546109229,89006.5703125,14298,0.0,0.0
2025-04-15 00:00:00+09:00,89006.56053870294,89284.99607740586,88264.06576882846,88728.125,10400,0.0,0.0
2025-04-16 00:00:00+09:00,89470.625,89749.06055497925,88449.69463174274,89470.625,13325,0.0,0.0
2025-04-17 00:00:00+09:00,89656.24609375,90305.92903645833,89470.62239583333,90213.1171875,15394,0.0,0.0
2025-04-18 00:00:00+09:00,89656.24544606076,90398.74023236353,89470.62174948506,90120.3046875,11340,0.0,0.0
2025-04-21 00:00:00+09:00,90027.4921875,90584.36327319588,89749.05664465207,90027.4921875,8070,0.0,0.0
2025-04-22 00:00:00+09:00,90027.4921875,90677.17512081185,89749.05664465207,90027.4921875,13410,0.0,0.0
2025-04-23 00:00:00+09:00,90398.73694681677,90491.54879173137,89192.18296292702,89656.2421875,13483,0.0,0.0
2025-04-24 00:00:00+09:00,89099.37762605041,89377.81318113182,88078.4472574186,88356.8828125,16076,0.0,0.0
2025-04-25 00:00:00+09:00,88078.45323339113,88356.88880736392,86871.89907950906,86964.7109375,31060,0.0,0.0
2025-04-28 00:00:00+09:00,87521.57614725578,88542.5065158876,87335.95244386817,88356.8828125,14113,0.0,0.0
2025-04-30 00:00:00+09:00,87614.38735541535,88264.0703125,86964.70439833071,88264.0703125,30865,0.0,0.0
2025-05-01 00:00:00+09:00,88542.5096749226,89934.6875,88264.07410990712,89934.6875,17610,0.0,0.0
2025-05-02 00:00:00+09:00,89563.43873691266,91048.42839472677,89470.62688329928,90862.8046875,18018,0.0,0.0
2025-05-07 00:00:00+09:00,91234.0481837744,91605.29558228418,90305.9296875,90305.9296875,28779,0.0,0.0
2025-05-08 00:00:00+09:00,90491.552734375,90584.36458333333,89749.05794270833,90213.1171875,15488,0.0,0.0
2025-05-09 00:00:00+09:00,89656.2467401079,90305.9296875,89192.1874919707,90305.9296875,18612,0.0,0.0
2025-05-12 00:00:00+09:00,90491.55855791284,91234.05339736238,90213.12299311926,91048.4296875,14895,0.0,0.0
2025-05-13 00:00:00+09:00,90398.74677502581,90491.55863003097,88913.75709494324,89934.6875,20469,0.0,0.0
2025-05-14 00:00:00+09:00,89841.87173076924,90584.36653846155,89470.62432692308,90491.5546875,16465,0.0,0.0
2025-05-15 00:00:00+09:00,90120.31177603106,91141.2421875,90120.31177603106,91141.2421875,18162,0.0,0.0
2025-05-16 00:00:00+09:00,91048.42839472677,91141.24024834014,90305.93356581971,90862.8046875,18933,0.0,0.0
2025-05-19 00:00:00+09:00,90398.74283653847,90677.17838942308,89563.43617788462,90491.5546875,15061,0.0,0.0
2025-05-20 00:00:00+09:00,90955.61659772492,91141.24030506721,89285.00323164427,89749.0625,18353,0.0,0.0
2025-05-21 00:00:00+09:00,89749.06378998968,89934.6875,89377.81636996905,89934.6875,9434,0.0,0.0
2025-05-22 00:00:00+09:00,89749.06378998968,90027.49935500516,89377.81636996905,89934.6875,10525,0.0,0.0
2025-05-23 00:00:00+09:00,89749.05534123193,90120.30272630423,89563.43164869577,89841.8671875,10254,0.0,0.0
2025-05-26 00:00:00+09:00,90120.3046875,90677.17577722708,89749.0572943486,90120.3046875,9977,0.0,0.0
2025-05-27 00:00:00+09:00,90213.11653578785,90398.74023236353,89749.0572943486,90120.3046875,10913,0.0,0.0
2025-05-28 00:00:00+09:00,89934.68358173077,90491.5546875,89749.0598798077,90491.5546875,13367,0.0,0.0
2025-05-29 00:00:00+09:00,91883.74090650304,92904.67136101975,91141.24603049089,91698.1171875,23478,0.0,0.0
2025-05-30 00:00:00+09:00,91976.55147851165,92069.363336714,91234.056612893,91512.4921875,21336,0.0,0.0
2025-06-02 00:00:00+09:00,91698.11260070493,92162.171875,91605.30074584592,92162.171875,14065,0.0,0.0
2025-06-03 00:00:00+09:00,92162.17519491633,92162.17519491633,91326.86847109532,91512.4921875,10831,0.0,0.0
2025-06-04 00:00:00+09:00,91512.48960985233,91790.9251766166,90677.18290955956,91141.2421875,15754,0.0,0.0
2025-06-05 00:00:00+09:00,91048.43417098938,91883.74090650304,91048.43417098938,91698.1171875,10862,0.0,0.0
2025-06-06 00:00:00+09:00,91698.1197391633,92069.3671875,91419.68415291079,92069.3671875,8524,0.0,0.0
2025-06-09 00:00:00+09:00,92069.36462550607,92347.80020401064,91605.30532799849,91698.1171875,13110,0.0,0.0
2025-06-10 00:00:00+09:00,91698.11654635258,92069.36398176292,91419.68096979483,91605.3046875,11739,0.0,0.0
2025-06-11 00:00:00+09:00,91698.12100729377,92533.42777760312,91419.68541719065,92254.9921875,17589,0.0,0.0
2025-06-12 00:00:00+09:00,92440.61193750001,92904.67123437501,91976.552640625,92811.859375,28483,0.0,0.0
2025-06-13 00:00:00+09:00,92533.41922419154,93461.5377720771,92347.79551461442,93275.9140625,38010,0.0,0.0
2025-06-16 00:00:00+09:00,93275.91663311447,93739.97591984637,92626.23363168979,93647.1640625,21921,0.0,0.0
2025-06-17 00:00:00+09:00,93461.53384643917,94018.40495178041,92904.66274109793,93832.78125,12940,0.0,0.0
2025-06-18 00:00:00+09:00,94018.40625,94296.8418065153,93647.15884131294,94018.40625,16881,0.0,0.0
2025-06-19 00:00:00+09:00,94111.22132858547,94668.09246070727,93368.72648575639,94482.46875,15571,0.0,0.0
2025-06-20 00:00:00+09:00,94296.84439528023,94575.27995943952,93739.97326696165,94389.65625,35985,0.0,0.0
2025-06-23 00:00:00+09:00,94296.84632352942,94946.52931985294,94018.41075367646,94668.09375,11572,0.0,0.0
2025-06-24 00:00:00+09:00,94668.09503424658,95132.15432363014,94575.28317636986,94853.71875,10742,0.0,0.0
2025-06-25 00:00:00+09:00,95317.78125,95596.21683300876,95039.34566699123,95317.78125,16080,0.0,0.0
2025-06-26 00:00:00+09:00,95596.20834856237,95689.02020132796,94575.27796814083,95224.9609375,20360,0.0,0.0
2025-06-27 00:00:00+09:00,95224.96938899708,95410.59311100292,94760.91008398247,95317.78125,15573,0.0,0.0
2025-06-30 00:00:00+09:00,95039.3411764706,95503.40045955882,94575.28189338236,94668.09375,16842,0.0,0.0
2025-07-01 00:00:00+09:00,94946.53050199467,96060.27279527321,94668.09492867504,95967.4609375,17534,0.0,0.0
2025-07-02 00:00:00+09:00,95967.45764289144,96617.140625,95317.7746607829,96617.140625,16643,0.0,0.0
2025-07-03 00:00:00+09:00,96895.57161209368,97452.44271331262,96338.70051087477,97081.1953125,16195,0.0,0.0
2025-07-04 00:00:00+09:00,97081.19924879808,97174.01110276443,96524.328125,96524.328125,7934,0.0,0.0
2025-07-07 00:00:00+09:00,96988.38925503554,98102.13152399288,96895.57739928909,97916.5078125,10672,0.0,0.0
2025-07-08 00:00:00+09:00,97916.50196432839,98380.56121534418,96802.75976189054,97081.1953125,26106,0.0,0.0
2025-07-09 00:00:00+09:00,96709.95049107143,97638.06901785714,96617.13863839286,97452.4453125,19105,0.0,0.0
2025-07-10 00:00:00+09:00,96988.39306226437,98566.19467188972,96617.14562470546,98473.3828125,18580,0.0,0.0
2025-07-11 00:00:00+09:00,98659.0025773196,99587.12113402062,98473.37886597938,99030.25,17575,0.0,0.0
2025-07-14 00:00:00+09:00,99030.24283854167,99308.67838541667,98473.37174479167,99123.0546875,13594,0.0,0.0
2025-07-15 00:00:00+09:00,99401.49612676057,99772.74354460095,98287.75387323945,98844.625,20082,0.0,0.0
2025-07-16 00:00:00+09:00,98937.43422355545,100143.98829945247,98751.8105195713,99587.1171875,14979,0.0,0.0
2025-07-17 00:00:00+09:00,99401.49348351585,100143.98829945247,99215.86977953168,99587.1171875,15867,0.0,0.0
2025-07-18 00:00:00+09:00,99679.92578125,99865.54947916667,99030.24283854167,99123.0546875,16147,0.0,0.0
2025-07-22 00:00:00+09:00,99679.93877788103,99958.37436105947,98473.3845841078,99865.5625,12387,0.0,0.0
2025-07-23 00:00:00+09:00,100515.2389624884,100886.48638247912,99772.74412250695,100051.1796875,18506,0.0,0.0
2025-07-24 00:00:00+09:00,100051.18300653595,100515.24229691876,99123.06442577031,99401.5,16144,0.0,0.0
2025-07-25 00:00:00+09:00,99679.92903949208,99865.55274347623,99030.24607554753,99587.1171875,11335,0.0,0.0
2025-07-28 00:00:00+09:00,99587.11848110466,101257.73183866279,99401.49477470931,99772.7421875,18040,0.0,0.0
2025-07-29 00:00:00+09:00,99772.74085541476,100793.67122695853,99772.74085541476,100700.859375,14474,0.0,0.0
2025-07-30 00:00:00+09:00,101072.10738985655,102371.47332507969,100515.23627476093,101907.4140625,31621,0.0,0.0
2025-07-31 00:00:00+09:00,102278.66341678021,102742.72268818121,101907.41599965941,102185.8515625,19025,0.0,0.0
2025-08-01 00:00:00+09:00,102093.03450226245,102557.09375,101257.72785633485,102557.09375,16624,0.0,0.0
2025-08-04 00:00:00+09:00,102093.03450226245,102928.34114819005,101814.59895361992,102557.09375,10746,0.0,0.0
2025-08-05 00:00:00+09:00,102278.65949638664,102835.53060072268,102093.03579494129,102742.71875,12591,0.0,0.0
2025-08-06 00:00:00+09:00,102649.9126904122,103856.46681787635,102278.66526657707,103578.03125,20887,0.0,0.0
2025-08-07 00:00:00+09:00,104227.70703474709,104413.33073382945,103392.40038887646,103670.8359375,16566,0.0,0.0
2025-08-08 00:00:00+09:00,103763.64519444444,104784.57551388889,103299.58595833334,104413.328125,22204,0.0,0.0
2025-08-12 00:00:00+09:00,104784.58007122349,105434.26303003533,104320.52081492933,105063.015625,21774,0.0,0.0
2025-08-13 00:00:00+09:00,105434.26698490231,105805.51440386323,104413.33658275977,104506.1484375,21381,0.0,0.0
2025-08-14 00:00:00+09:00,104877.38604741763,104970.19789347729,103949.267586821,104227.703125,18823,0.0,0.0
2025-08-15 00:00:00+09:00,104042.08980562333,104970.2083587511,103949.27795031056,104598.9609375,16383,0.0,0.0
2025-08-18 00:00:00+09:00,104413.330078125,105248.63671875,104413.330078125,104691.765625,10736,0.0,0.0
2025-08-19 00:00:00+09:00,104970.20828303337,105805.51498024583,104691.77271729587,105712.703125,11976,0.0,0.0
2025-08-20 00:00:00+09:00,105805.51234197908,107197.69013595248,105619.88863611595,106455.1953125,13747,0.0,0.0
2025-08-21 00:00:00+09:00,106455.19271516842,107104.87566983815,106083.9453125,106083.9453125,16266,0.0,0.0
2025-08-22 00:00:00+09:00,105434.26300262238,106733.62891990822,105434.26300262238,106176.7578125,11817,0.0,0.0
2025-08-25 00:00:00+09:00,105991.13151041667,106362.37890625,105434.26041666667,105805.5078125,12731,0.0,0.0
2025-08-26 00:00:00+09:00,105712.7057982427,105991.14137102122,104784.58722231432,104970.2109375,19675,0.0,0.0
2025-08-27 00:00:00+09:00,104598.95888910061,106640.81966599521,104598.95888910061,106548.0078125,27425,0.0,0.0
2025-08-28 00:00:00+09:00,106567.03765597148,107137.93250055704,106376.73937444296,106757.3359375,33785,2820.0,0.0
2025-08-29 00:00:00+09:00,107042.77762650803,107328.22503351206,106281.58454116397,106471.8828125,21825,0.0,0.0
2025-09-01 00:00:00+09:00,107042.77857730263,108565.16476151315,106662.18203125,108470.015625,19652,0.0,0.0
2025-09-02 00:00:00+09:00,107994.27767244242,108184.5759590899,107042.78623920504,107423.3828125,10071,0.0,0.0
2025-09-03 00:00:00+09:00,107518.53054542441,107613.6796875,106662.18826674404,107613.6796875,24380,0.0,0.0
2025-09-04 00:00:00+09:00,107042.78265527604,107423.37921582813,105710.69469334371,106852.484375,28748,0.0,0.0
2025-09-05 00:00:00+09:00,106376.733676832,106947.62849084003,105805.83886282395,106471.8828125,24978,0.0,0.0
2025-09-08 00:00:00+09:00,106757.33523486197,107708.8266362422,106662.18609472395,106852.484375,12819,0.0,0.0
2025-09-09 00:00:00+09:00,106567.03346631204,107423.37569952349,106186.43691821808,107328.2265625,16592,0.0,0.0
2025-09-10 00:00:00+09:00,106662.18399617008,107137.9296875,106471.8857196381,107137.9296875,13796,0.0,0.0
2025-09-11 00:00:00+09:00,107328.23085834068,108089.42398499559,107042.7834358451,107803.9765625,10972,0.0,0.0
2025-09-12 00:00:00+09:00,108565.17403040688,109326.3671875,107994.27916258703,109326.3671875,29465,0.0,0.0
2025-09-16 00:00:00+09:00,109421.51218106775,110943.8984375,108945.76647593267,110943.8984375,18660,0.0,0.0
2025-09-17 00:00:00+09:00,109897.2549066311,110277.8514604203,108565.16696836891,109231.2109375,15862,0.0,0.0
2025-09-18 00:00:00+09:00,109231.21445756781,109231.21445756781,108279.7230424322,108755.46875,8277,0.0,0.0
2025-09-19 00:00:00+09:00,108660.31530096661,109231.21012741652,107803.97306129175,108279.71875,28561,0.0,0.0
2025-09-22 00:00:00+09:00,108660.31389802632,109136.0595805921,108374.86648848685,108470.015625,11671,0.0,0.0
2025-09-24 00:00:00+09:00,108850.6157831588,109040.9140625,108089.42266579406,109040.9140625,9836,0.0,0.0
2025-09-25 00:00:00+09:00,109231.21445756781,109231.21445756781,108184.57390091864,108755.46875,12789,0.0,0.0
2025-09-26 00:00:00+09:00,109231.21382575757,109897.2578125,108660.31897997836,109897.2578125,10870,0.0,0.0
2025-09-29 00:00:00+09:00,109326.36058333333,109611.80799999999,107042.78125,107042.78125,13290,0.0,0.0
2025-09-30 00:00:00+09:00,107994.27983454266,108470.02556068602,107137.93752748461,108184.578125,15370,0.0,0.0
2025-10-01 00:00:00+09:00,108660.31530096661,108660.31530096661,107042.77995935852,108279.71875,10636,0.0,0.0
2025-10-02 00:00:00+09:00,108374.8707010582,108660.31812169313,106376.73875661376,107899.125,18344,0.0,0.0
2025-10-03 00:00:00+09:00,106947.63421902852,107613.67820437835,106471.88851520722,106757.3359375,9325,0.0,0.0
2025-10-06 00:00:00+09:00,107328.23376411815,109516.6640625,107328.23376411815,109516.6640625,11958,0.0,0.0
2025-10-07 00:00:00+09:00,109136.06311261014,109326.36139179516,107803.97515831498,107994.2734375,8096,0.0,0.0
2025-10-08 00:00:00+09:00,108279.72015294895,108850.61498679579,107803.97445807658,108089.421875,9215,0.0,0.0
2025-10-09 00:00:00+09:00,108565.16557744566,109421.5078125,107899.12161684783,109421.5078125,12326,0.0,0.0
2025-10-10 00:00:00+09:00,109040.91546929632,109231.21375109266,108565.1697648055,108850.6171875,7624,0.0,0.0
2025-10-14 00:00:00+09:00,108470.02139298094,109802.109375,107613.67911882582,109802.109375,12821,0.0,0.0
2025-10-15 00:00:00+09:00,109231.21103861087,110753.59725517688,109231.21103861087,110277.8515625,17485,0.0,0.0
2025-10-16 00:00:00+09:00,110277.85445031089,111229.34586058104,109992.40702722984,110943.8984375,9138,0.0,0.0
2025-10-17 00:00:00+09:00,110753.60015544597,111229.34586058104,110468.15273236492,110943.8984375,10198,0.0,0.0
2025-10-20 00:00:00+09:00,111419.64484978541,111609.94313304721,110182.7060085837,110848.75,9080,0.0,0.0
2025-10-21 00:00:00+09:00,110563.30539405685,110753.60368217055,109706.96309754522,110468.15625,13484,0.0,0.0
2025-10-22 00:00:00+09:00,110468.14716647146,111705.0859375,109802.10321284072,111705.0859375,12182,0.0,0.0
2025-10-23 00:00:00+09:00,111705.0874498098,112846.8771000634,111039.04348716188,112561.4296875,13085,0.0,0.0
2025-10-24 00:00:00+09:00,112846.87416294642,113227.470703125,111800.23367745536,111895.3828125,14563,0.0,0.0
2025-10-27 00:00:00+09:00,112466.28624314925,112942.0319548377,111895.3913891231,112846.8828125,9826,0.0,0.0
2025-10-28 00:00:00+09:00,112656.58022861982,113227.47506085945,111800.23798026037,112371.1328125,14308,0.0,0.0
2025-10-29 00:00:00+09:00,112751.73367016231,113037.18109717539,111990.54053146079,112846.8828125,16585,0.0,0.0
2025-10-30 00:00:00+09:00,112846.87930310663,113703.2215575147,111895.3879093199,113322.625,17498,0.0,0.0
2025-10-31 00:00:00+09:00,113322.625,114274.11639378674,113037.17758186399,113322.625,17425,0.0,0.0
2025-11-04 00:00:00+09:00,113227.48295931208,113893.52697671979,112466.2897965604,113417.78125,13799,0.0,0.0
2025-11-05 00:00:00+09:00,113893.52489505598,114940.16547470978,112846.88431540216,114749.8671875,18991,0.0,0.0
2025-11-06 00:00:00+09:00,115035.31039217202,115320.7578125,113988.66985096947,115320.7578125,13466,0.0,0.0
2025-11-07 00:00:00+09:00,115701.35004142502,115891.64831451947,114654.70953940555,114845.0078125,14053,0.0,0.0
2025-11-10 00:00:00+09:00,115320.76204912935,115986.8060543636,114749.8671875,114749.8671875,12322,0.0,0.0
2025-11-11 00:00:00+09:00,115225.60378640279,115986.796875,114845.00724210418,115986.796875,8703,0.0,0.0
2025-11-12 00:00:00+09:00,115606.20452906018,116652.84506389119,115225.60797093982,115415.90625,12629,0.0,0.0
2025-11-13 00:00:00+09:00,115986.80257774142,116367.39914075287,115511.05687397708,116272.25,7080,0.0,0.0
2025-11-14 00:00:00+09:00,116557.70385247975,117509.1953125,116272.25641447368,117509.1953125,14355,0.0,0.0
2025-11-17 00:00:00+09:00,116843.14282463591,117604.3359375,116462.54626820388,117604.3359375,11412,0.0,0.0
2025-11-18 00:00:00+09:00,117128.58851789418,117318.88679330912,114654.7109375,114654.7109375,15646,0.0,0.0
2025-11-19 00:00:00+09:00,114559.56390391015,115130.45874064059,114083.81820663477,114369.265625,13229,0.0,0.0
2025-11-20 00:00:00+09:00,115320.75490145228,115701.35145228215,114178.96524896266,114654.7109375,21340,0.0,0.0
2025-11-21 00:00:00+09:00,114654.71460720131,116367.39914075287,114559.56546644845,116272.25,12699,0.0,0.0
2025-11-25 00:00:00+09:00,117033.4403038336,117414.0368576672,116177.09805770799,116652.84375,12903,0.0,0.0
2025-11-26 00:00:00+09:00,117509.18529059699,117509.18529059699,116177.09736017727,116747.9921875,13841,0.0,0.0
2025-11-27 00:00:00+09:00,116652.85159407843,117699.4921875,116367.4041595089,117699.4921875,13397,0.0,0.0
2025-11-28 00:00:00+09:00,117699.48860174655,117794.63774370431,116557.69889825345,117128.59375,16041,0.0,0.0
2025-12-01 00:00:00+09:00,117318.89406483209,117604.34149564676,114749.8671875,114749.8671875,17899,0.0,0.0
2025-12-02 00:00:00+09:00,115320.7599897541,116177.10226690573,115035.31256403688,116081.953125,10494,0.0,0.0
2025-12-03 00:00:00+09:00,115320.75914824854,115606.20657188282,113988.67117128857,114083.8203125,10919,0.0,0.0
2025-12-04 00:00:00+09:00,114654.71515976856,114749.86430097999,113988.67117128857,114083.8203125,10639,0.0,0.0
2025-12-05 00:00:00+09:00,114178.9658424141,114369.26411881812,113227.47446039398,113512.921875,11573,0.0,0.0
2025-12-08 00:00:00+09:00,113988.67180918281,114178.9700926706,112275.98725779275,112942.03125,12248,0.0,0.0
2025-12-09 00:00:00+09:00,112561.43188497062,113512.92327875736,111800.23876994124,113322.625,10500,0.0,0.0
2025-12-10 00:00:00+09:00,113608.078125,114274.12213410804,113227.48154836684,113608.078125,8829,0.0,0.0
2025-12-11 00:00:00+09:00,114369.26130430242,114559.5595760234,112656.5768588137,113893.515625,6848,0.0,0.0
2025-12-12 00:00:00+09:00,112942.02999845169,115986.8025005161,112942.02999845169,115225.609375,30958,0.0,0.0
2025-12-15 00:00:00+09:00,115796.4986028507,116367.3934192986,115320.75292247743,115986.796875,8560,0.0,0.0
2025-12-16 00:00:00+09:00,116747.99148768322,117318.88631158388,116272.24580109934,116843.140625,9240,0.0,0.0
2025-12-17 00:00:00+09:00,117414.0375637755,117509.18670280611,116272.24789540816,116557.6953125,10385,0.0,0.0
2025-12-18 00:00:00+09:00,116652.84235036645,117604.3337235342,116462.5440757329,116843.140625,8689,0.0,0.0
2025-12-19 00:00:00+09:00,116843.1400453629,117984.9296875,116652.84177167338,117984.9296875,16936,0.0,0.0
2025-12-22 00:00:00+09:00,117604.33725981193,118270.38124105682,116367.3984375,116367.3984375,10701,0.0,0.0
2025-12-23 00:00:00+09:00,116843.15129048582,117509.1953125,116272.25641447368,117509.1953125,8412,0.0,0.0
2025-12-24 00:00:00+09:00,117509.18679839198,118080.08163304004,117223.73938106796,117604.3359375,5638,0.0,0.0
2025-12-25 00:00:00+09:00,118460.6796875,118460.6796875,117414.0391440763,118460.6796875,5592,0.0,0.0
2025-12-26 00:00:00+09:00,118555.83094303543,118650.98008504428,117033.44467089372,118175.234375,14467,0.0,0.0
2025-12-29 00:00:00+09:00,118841.2790781124,118936.42822068896,117889.7876523469,118080.0859375,11042,0.0,0.0
2025-12-30 00:00:00+09:00,118746.12993553586,119221.87564841862,118080.0859375,118080.0859375,13175,0.0,0.0
2026-01-05 00:00:00+09:00,119221.87280998996,119221.87280998996,117699.48656501004,118460.6796875,15005,0.0,0.0
2026-01-06 00:00:00+09:00,118936.42407343005,119697.6171875,118080.08182010136,119697.6171875,8834,0.0,0.0
2026-01-07 00:00:00+09:00,118746.12710843373,119031.57452936747,117318.89000376506,118460.6796875,23269,0.0,0.0
2026-01-08 00:00:00+09:00,118555.82960657371,119602.47015687251,117699.48733814742,119412.171875,22505,0.0,0.0
2026-01-09 00:00:00+09:00,119602.47221872483,119792.77050387792,118080.0859375,118080.0859375,15840,0.0,0.0
2026-01-13 00:00:00+09:00,118746.12570168404,118746.12570168404,117509.1868922915,118650.9765625,26460,0.0,0.0
2026-01-14 00:00:00+09:00,118841.28125,118936.43039431545,118270.38638410729,118841.28125,18106,0.0,0.0
2026-01-15 00:00:00+09:00,119317.0234375,119887.91828648325,118936.42687151117,119317.0234375,16675,0.0,0.0
2026-01-16 00:00:00+09:00,119317.02141660094,120649.109375,118936.42485705836,120649.109375,16111,0.0,0.0
2026-01-19 00:00:00+09:00,121790.90111642744,121790.90111642744,119221.87429600279,119317.0234375,9571,0.0,0.0
2026-01-20 00:00:00+09:00,120078.21365026062,120078.21365026062,118365.52914494787,118650.9765625,14239,0.0,0.0
2026-01-21 00:00:00+09:00,118555.82497945768,118650.97411668036,115225.60517666393,115796.5,26578,0.0,0.0
2026-01-22 00:00:00+09:00,116272.25205660182,116747.99776878105,114940.1640625,114940.1640625,29578,0.0,0.0
2026-01-23 00:00:00+09:00,116557.69883452868,116557.69883452868,115130.46170594262,116081.953125,15964,0.0,0.0
2026-01-26 00:00:00+09:00,114749.85728132755,115320.75209367246,114178.96246898263,115035.3046875,16049,0.0,0.0
2026-01-27 00:00:00+09:00,114369.26844219532,114464.41758399416,113132.32959881051,113988.671875,18029,0.0,0.0
2026-01-28 00:00:00+09:00,113608.07530780467,114274.11930039649,113132.32959881051,113988.671875,17709,0.0,0.0
2026-01-29 00:00:00+09:00,113132.3276714534,116367.3984375,112275.98540985282,116367.3984375,27161,0.0,0.0
2026-01-30 00:00:00+09:00,115986.79827444535,116272.24568611338,114559.56121610517,115796.5,40089,0.0,0.0
2026-02-02 00:00:00+09:00,116367.39693806632,116747.99349387357,115511.0546875,115511.0546875,20398,0.0,0.0
2026-02-03 00:00:00+09:00,115701.35662063363,117509.19031783103,115415.90919476036,117128.59375,16524,0.0,0.0
2026-02-04 00:00:00+09:00,117318.89139807924,118460.68109538415,116652.84740798472,118270.3828125,18479,0.0,0.0
2026-02-05 00:00:00+09:00,118365.53265901771,118650.98008504428,117604.33952294686,118175.234375,16947,0.0,0.0
2026-02-06 00:00:00+09:00,118460.68031478101,118650.97859641118,117318.890625,117318.890625,14045,0.0,0.0
2026-02-09 00:00:00+09:00,118365.52623487903,118650.97364541331,117128.58745589717,117984.9296875,14243,0.0,0.0
2026-02-10 00:00:00+09:00,118175.23933451416,118270.3884805162,117223.74787449393,117509.1953125,11069,0.0,0.0
2026-02-12 00:00:00+09:00,117128.59375,117509.19031783103,116747.99718216897,117128.59375,14544,0.0,0.0
2026-02-13 00:00:00+09:00,117318.8905482815,117604.3379705401,115891.65343698855,116272.25,15027,0.0,0.0
2026-02-16 00:00:00+09:00,117223.74225663717,118270.3828125,115891.65427644811,118270.3828125,13062,0.0,0.0
2026-02-17 00:00:00+09:00,118460.68392478813,118460.68392478813,117128.59591278249,117889.7890625,10224,0.0,0.0
2026-02-18 00:00:00+09:00,117889.78840677458,119031.578125,117414.04269084732,119031.578125,13722,0.0,0.0
2026-02-19 00:00:00+09:00,118936.42822068896,119126.72650584206,117699.4893671938,118080.0859375,11422,0.0,0.0
2026-02-20 00:00:00+09:00,118936.42398005212,119126.72225842021,117889.78344902766,118650.9765625,12041,0.0,0.0
2026-02-24 00:00:00+09:00,119031.57601300838,119792.76914498604,118175.23373953349,119317.0234375,19223,0.0,0.0
2026-02-25 00:00:00+09:00,119317.01864681604,121029.703125,119126.72037146227,121029.703125,39235,0.0,0.0
2026-02-26 00:00:00+09:00,121035.55171761502,121035.55171761502,119866.12609715496,120743.1953125,34513,3006.0,0.0
2026-02-27 00:00:00+09:00,120450.84059161873,120645.7448644207,118501.79786359901,118599.25,30593,0.0,0.0
2026-03-02 00:00:00+09:00,118404.34102707655,119963.57514759772,118111.98462947883,119671.21875,20878,0.0,0.0
2026-03-03 00:00:00+09:00,118306.89339612822,118501.79766860949,116650.20708003746,117040.015625,19518,0.0,0.0
2026-03-04 00:00:00+09:00,115090.97260646772,115480.78115043543,113434.28629460493,114701.1640625,30330,0.0,0.0
2026-03-05 00:00:00+09:00,116845.10726582212,117722.17646131203,115870.5859375,115870.5859375,19415,0.0,0.0
2026-03-06 00:00:00+09:00,115870.58969440314,115968.04183039507,114701.1640625,114701.1640625,18394,0.0,0.0
2026-03-09 00:00:00+09:00,112264.85580204778,114506.25483281782,111680.14301141212,114213.8984375,22608,0.0,0.0
2026-03-10 00:00:00+09:00,114896.06646238377,115870.58780642434,114018.99725274724,115285.875,22764,0.0,0.0
2026-03-11 00:00:00+09:00,115480.7755622385,117040.00966265691,114993.51490585775,116455.296875,10285,0.0,0.0
2026-03-12 00:00:00+09:00,115480.78223809022,116065.4950595489,115188.42582736087,115578.234375,12158,0.0,0.0
2026-03-13 00:00:00+09:00,115578.22953900337,117137.46366431876,114798.61247634568,115870.5859375,29944,0.0,0.0
2026-03-16 00:00:00+09:00,115383.32649253731,117819.62983908581,115285.87435867537,117527.2734375,22807,0.0,0.0
2026-03-17 00:00:00+09:00,117917.0850451931,119183.96281840593,117527.27649958916,118599.25,20081,0.0,0.0
2026-03-18 00:00:00+09:00,118501.7930327869,118891.6015625,117917.08023821721,118891.6015625,12967,0.0,0.0
2026-03-19 00:00:00+09:00,118306.88750779301,118501.79177057356,117040.00979971945,117234.9140625,25687,0.0,0.0
2026-03-23 00:00:00+09:00,115968.04282947794,116455.3035136354,114213.90436651104,114798.6171875,28346,0.0,0.0
2026-03-24 00:00:00+09:00,116260.3923346056,116455.2965966921,114896.0625,114896.0625,20975,0.0,0.0
2026-03-25 00:00:00+09:00,116357.8503743628,116357.8503743628,113531.73843059686,114701.1640625,24271,0.0,0.0
2026-03-26 00:00:00+09:00,115285.87376715266,115285.87376715266,112849.57043310463,113629.1875,19683,0.0,0.0
2026-03-27 00:00:00+09:00,113531.73624218076,113824.09264452114,112069.95423047886,112947.0234375,20812,0.0,0.0
2026-03-30 00:00:00+09:00,110608.17464627896,110997.98319128787,109146.39260249554,109341.296875,26826,0.0,0.0
2026-03-31 00:00:00+09:00,109243.84064611486,109438.74491131757,108074.41505489865,108171.8671875,24921,0.0,0.0
2026-04-01 00:00:00+09:00,109243.84126358696,112069.953125,109243.84126358696,112069.953125,23036,0.0,0.0
2026-04-02 00:00:00+09:00,113044.47245209059,114506.25442345384,111387.78621787892,111875.046875,21624,0.0,0.0
2026-04-03 00:00:00+09:00,112849.57435897437,114019.0,111972.50512820513,114019.0,11401,0.0,0.0
2026-04-06 00:00:00+09:00,113531.73734482021,114506.25869541953,113044.47666952055,113824.09375,7064,0.0,0.0
2026-04-07 00:00:00+09:00,114506.26068376069,115285.87777777777,114019.0,114019.0,12723,0.0,0.0
2026-04-08 00:00:00+09:00,116455.296875,116455.296875,114896.0627745816,116455.296875,19330,0.0,0.0
2026-04-09 00:00:00+09:00,116942.56218112244,117040.01431627337,114603.7109375,114603.7109375,16682,0.0,0.0
2026-04-10 00:00:00+09:00,115773.13467639594,115773.13467639594,114506.25694003807,115188.421875,15099,0.0,0.0
2026-04-13 00:00:00+09:00,114506.25496557204,115188.41988877118,114018.99430614407,114993.515625,14020,0.0,0.0
2026-04-14 00:00:00+09:00,115968.03917988314,116845.10838376461,115383.3263772955,116747.65625,11813,0.0,0.0
2026-04-15 00:00:00+09:00,116845.11224743509,117429.8250693572,116357.8515625,116357.8515625,14031,0.0,0.0
2026-04-16 00:00:00+09:00,116845.10652642234,117332.3671875,115968.03733648256,117332.3671875,15015,0.0,0.0
2026-04-17 00:00:00+09:00,117722.1796875,117917.0839585058,117137.46687448262,117722.1796875,16703,0.0,0.0
2026-04-20 00:00:00+09:00,117722.17958333333,118111.98812499999,116942.5625,116942.5625,11550,0.0,0.0
2026-04-21 00:00:00+09:00,117429.82094701777,117429.82094701777,114993.51760786802,115188.421875,12429,0.0,0.0
2026-04-22 00:00:00+09:00,114798.61235182048,115090.96875,112362.30903365792,115090.96875,20999,0.0,0.0
2026-04-23 00:00:00+09:00,114798.61421542554,114993.51848404255,113434.28433510638,114506.2578125,23456,0.0,0.0
2026-04-24 00:00:00+09:00,115578.23228900935,115968.04082961309,114116.45026174533,114603.7109375,15752,0.0,0.0
2026-04-27 00:00:00+09:00,114798.616999247,114798.616999247,113141.93067582832,113239.3828125,16998,0.0,0.0
2026-04-28 00:00:00+09:00,114018.99981044195,114116.45194703207,112459.765625,112459.765625,24673,0.0,0.0
2026-04-30 00:00:00+09:00,112069.95324643783,112849.5703125,111680.14471340674,112849.5703125,28935,0.0,0.0
2026-05-01 00:00:00+09:00,113531.73424670484,113824.09064390666,112362.30865789759,112752.1171875,17126,0.0,0.0
2026-05-07 00:00:00+09:00,113726.64260318648,113921.546875,111875.05202095807,113921.546875,32871,0.0,0.0
2026-05-08 00:00:00+09:00,112849.57107119422,113336.83174075896,111387.7890625,111387.7890625,26255,0.0,0.0
2026-05-11 00:00:00+09:00,111875.04588055798,112654.6629250218,111485.23735832608,111777.59375,17164,0.0,0.0
2026-05-12 00:00:00+09:00,112264.85826771654,112654.66680336832,111387.7890625,111387.7890625,15784,0.0,0.0
2026-05-13 00:00:00+09:00,111290.33381183745,111485.23807420494,110120.90823763251,110315.8125,20454,0.0,0.0
2026-05-14 00:00:00+09:00,111192.8856734155,111485.24207746479,109828.5557878521,110705.625,19158,0.0,0.0
2026-05-15 00:00:00+09:00,110705.625,111387.78994278169,109828.5557878521,110705.625,21328,0.0,0.0
2026-05-18 00:00:00+09:00,111095.4344275908,111095.4344275908,109146.39171833481,110023.4609375,25079,0.0,0.0
2026-05-19 00:00:00+09:00,110120.91513937664,111095.43651229148,109926.01086479367,110997.984375,13386,0.0,0.0
2026-05-20 00:00:00+09:00,111582.69410045435,111680.1462350399,109243.84287040115,109926.0078125,21022,0.0,0.0
2026-05-21 00:00:00+09:00,110705.62102473498,110803.07315591873,109536.19545053004,110315.8125,17047,0.0,0.0
2026-05-22 00:00:00+09:00,110510.72241079443,110510.72241079443,108366.77541517056,108561.6796875,13419,0.0,0.0
2026-05-25 00:00:00+09:00,108171.8681790054,108854.0331134676,107782.059645027,108269.3203125,14947,0.0,0.0
2026-05-26 00:00:00+09:00,108269.31832591299,108464.22258932597,107392.24914055456,108074.4140625,14562,0.0,0.0
2026-05-27 00:00:00+09:00,108171.86916872751,108659.12984065873,107002.44355609262,108366.7734375,26463,0.0,0.0
2026-05-28 00:00:00+09:00,106904.98933756805,107782.05852994556,106612.6329401089,107392.25,24688,0.0,0.0
2026-05-29 00:00:00+09:00,108561.6749861111,110803.07402083333,107782.05793055556,109633.6484375,28856,0.0,0.0
2026-06-01 00:00:00+09:00,110803.07871835443,110803.07871835443,107587.15822784811,107782.0625,17386,0.0,0.0
2026-06-02 00:00:00+09:00,107197.34958447177,107294.80172045765,105833.0196806694,107002.4453125,27226,0.0,0.0
2026-06-03 00:00:00+09:00,107099.8955785779,108171.86905570653,106612.63490715579,107587.15625,25033,0.0,0.0
2026-06-04 00:00:00+09:00,107392.2497410221,107392.2497410221,105735.56349274862,105833.015625,15552,0.0,0.0
2026-06-05 00:00:00+09:00,106125.37202175414,106515.18055075967,105248.30283149172,105833.015625,24170,0.0,0.0
2026-06-08 00:00:00+09:00,105248.30295932358,106612.6328125,104858.4944298446,106612.6328125,21147,0.0,0.0
2026-06-09 00:00:00+09:00,106807.53694751381,106807.53694751381,104858.49430248619,105833.015625,17003,0.0,0.0
2026-06-10 00:00:00+09:00,106125.37608862705,107002.4453125,105638.11540869763,107002.4453125,17812,0.0,0.0
2026-06-11 00:00:00+09:00,107099.8984375,108464.22835390127,105735.56852109873,107099.8984375,23292,0.0,0.0
2026-06-12 00:00:00+09:00,107002.44172070661,109633.64930400268,106904.98958799195,108951.484375,44252,0.0,0.0
2026-06-15 00:00:00+09:00,109731.10551714602,110803.07901686947,108854.03629009955,110120.9140625,30495,0.0,0.0
2026-06-16 00:00:00+09:00,109438.7437698683,109633.64803303815,107294.796875,107294.796875,16288,0.0,0.0
2026-06-17 00:00:00+09:00,107879.51553258643,107879.51553258643,106515.18561618516,107099.8984375,10360,0.0,0.0
2026-06-18 00:00:00+09:00,106904.98721525869,107099.89147636217,105540.65738753433,106417.7265625,11622,0.0,0.0
2026-06-19 00:00:00+09:00,106515.18473101266,107879.51463607595,106027.92405063291,107782.0625,20484,0.0,0.0
2026-06-22 00:00:00+09:00,107489.70113816984,107489.70113816984,106710.08408549047,107294.796875,12514,0.0,0.0
2026-06-23 00:00:00+09:00,108074.41989893858,108171.87203590786,107002.44639227643,107879.515625,15769,0.0,0.0
2026-06-24 00:00:00+09:00,107879.51571608745,108659.1328125,107294.80289377803,108659.1328125,14374,0.0,0.0
2026-06-25 00:00:00+09:00,109048.93465719528,110413.26449204849,108366.76973976869,109536.1953125,22569,0.0,0.0
2026-06-26 00:00:00+09:00,109633.64771792763,111192.88181880483,109146.38706140351,111095.4296875,22072,0.0,0.0
2026-06-29 00:00:00+09:00,111290.33869851638,111290.33869851638,110023.4609375,110023.4609375,20104,0.0,0.0
2026-06-30 00:00:00+09:00,110315.81723907226,110705.62578055308,109243.84375,109243.84375,17916,0.0,0.0
2026-07-01 00:00:00+09:00,109633.6501814244,109731.10231491899,107976.9639120162,108269.3203125,14882,0.0,0.0
2026-07-02 00:00:00+09:00,109243.83891931718,110120.90809886565,108366.76973976869,109536.1953125,17002,0.0,0.0
2026-07-03 00:00:00+09:00,110413.26870492789,112069.9549961757,110218.36443536932,111485.2421875,13054,0.0,0.0
2026-07-06 00:00:00+09:00,111485.2413119027,113434.28399218072,111192.884909861,112167.40625,14082,0.0,0.0
2026-07-07 00:00:00+09:00,112557.21567007211,112654.6678048514,111485.2421875,111485.2421875,10009,0.0,0.0
2026-07-08 00:00:00+09:00,111387.7890625,111972.50186597768,110315.81558945756,111387.7890625,10956,0.0,0.0
2026-07-09 00:00:00+09:00,111485.2382127193,111680.14247532895,111095.4296875,111095.4296875,8326,0.0,0.0
2026-07-10 00:00:00+09:00,111192.88181880483,111387.78608141448,110413.26476836624,111095.4296875,10341,0.0,0.0
2026-07-13 00:00:00+09:00,111582.6953125,112069.95599072051,111192.88676992357,111582.6953125,11395,0.0,0.0
2026-07-14 00:00:00+09:00,112069.95226069578,113434.28211430424,112069.95226069578,112752.1171875,17429,0.0,0.0
2026-07-15 00:00:00+09:00,112849.5694474249,114018.99503755366,112654.66518240343,113531.734375,19841,0.0,0.0
2026-07-16 00:00:00+09:00,113531.73310921167,113824.08950348431,111192.88195503049,111875.046875,16829,0.0,0.0
2026-07-17 00:00:00+09:00,112264.85652549699,114311.35130590969,111972.50012829517,112752.1171875,19198,0.0,0.0
2026-07-21 00:00:00+09:00,114798.61136122882,115188.41988877118,113824.09004237287,114993.515625,21073,0.0,0.0
2026-07-22 00:00:00+09:00,114993.515625,115285.87202065678,114213.89856991525,114993.515625,15429,0.0,0.0
2026-07-23 00:00:00+09:00,114896.0623598954,115285.87088359309,113921.54105065115,114116.4453125,16698,0.0,0.0
2026-07-24 00:00:00+09:00,114018.99725274724,115285.875,113726.64084953508,115285.875,16212,0.0,0.0
2026-07-27 00:00:00+09:00,115578.23260416667,117137.46677083333,115578.23260416667,116942.5625,18521,0.0,0.0
2026-07-28 00:00:00+09:00,116845.10926348656,117917.0827429681,115870.58791850336,116065.4921875,15446,0.0,0.0
2026-07-29 00:00:00+09:00,116650.20239016089,118111.984375,116162.94172854786,118111.984375,23430,0.0,0.0
2026-07-30 00:00:00+09:00,116455.29996501865,117527.2734375,115383.32649253731,117527.2734375,25433,0.0,0.0
2026-07-31 00:00:00+09:00,117040.00938295166,117040.00938295166,114896.0625,114896.0625,20845,0.0,0.0
2026-08-03 00:00:00+09:00,114993.51610095736,115285.8724978242,111972.5,111972.5,20147,0.0,0.0
2026-08-04 00:00:00+09:00,112362.30839860867,112849.56905948729,111192.8828125,111192.8828125,11340,0.0,0.0
2026-08-05 00:00:00+09:00,112264.85639686685,112264.85639686685,110608.17014795475,111972.5,16466,0.0,0.0
2026-08-06 00:00:00+09:00,111387.78720626632,112557.21279373369,111290.33507397737,111972.5,13522,0.0,0.0
2026-08-07 00:00:00+09:00,112459.76453329694,112947.02521151747,111485.24317685589,111582.6953125,13184,0.0,0.0
2026-08-10 00:00:00+09:00,111777.59672554348,112459.7616576087,111290.33605978261,112069.953125,13778,0.0,0.0
2026-08-12 00:00:00+09:00,113044.47853915663,113239.3828125,111972.50503576807,113239.3828125,12241,0.0,0.0
2026-08-13 00:00:00+09:00,113336.83185816681,113824.09252823632,112167.40625,112167.40625,12002,0.0,0.0
2026-08-14 00:00:00+09:00,113336.8338573287,113336.8338573287,112167.40822853426,112362.3125,13436,0.0,0.0
2026-08-17 00:00:00+09:00,113239.37884553109,113824.09164507771,112362.30964621114,112849.5703125,15852,0.0,0.0
2026-08-18 00:00:00+09:00,112849.5721842448,112849.5721842448,111582.69443088108,112264.859375,13409,0.0,0.0
2026-08-19 00:00:00+09:00,112849.57118809731,112849.57118809731,111875.0498479583,112167.40625,14372,0.0,0.0
2026-08-20 00:00:00+09:00,113239.37698668386,113726.63764497422,112654.6641967354,113434.28125,13493,0.0,0.0
2026-08-21 00:00:00+09:00,113044.47645399306,113239.38072374133,112069.95510525173,112264.859375,12512,0.0,0.0
2026-08-24 00:00:00+09:00,112947.02256646655,113726.63963336192,112459.76189965695,113629.1875,13361,0.0,0.0
2026-08-25 00:00:00+09:00,113824.09264452114,114213.90118097498,112947.0234375,112947.0234375,17515,0.0,0.0
2026-08-26 00:00:00+09:00,113531.734375,114213.89930257511,113239.37797746781,113531.734375,11614,0.0,0.0
2026-08-27 00:00:00+09:00,113531.73931623931,115480.78205128205,113239.3829059829,114019.0,40190,0.0,0.0
2026-08-28 00:00:00+09:00,113600.0,114000.0,112700.0,112900.0,24358,2981.0,0.0
2026-08-31 00:00:00+09:00,113100.0,113400.0,112600.0,112900.0,17677,0.0,0.0
2026-09-01 00:00:00+09:00,113000.0,114200.0,112800.0,114200.0,20591,0.0,0.0
2026-09-02 00:00:00+09:00,113800.0,113800.0,112800.0,112900.0,24894,0.0,0.0
2026-09-03 00:00:00+09:00,114000.0,114000.0,112600.0,112600.0,16025,0.0,0.0
2026-09-04 00:00:00+09:00,112800.0,113000.0,112200.0,112200.0,16641,0.0,0.0
2026-09-07 00:00:00+09:00,112600.0,112600.0,111400.0,111700.0,12886,0.0,0.0
2026-09-08 00:00:00+09:00,111800.0,112600.0,111100.0,111700.0,21923,0.0,0.0
2026-09-09 00:00:00+09:00,111500.0,112900.0,111300.0,112000.0,20007,0.0,0.0
2026-09-10 00:00:00+09:00,112300.0,113100.0,112000.0,112600.0,10740,0.0,0.0
2026-09-11 00:00:00+09:00,115600.0,115600.0,111100.0,111100.0,35943,0.0,0.0
2026-09-14 00:00:00+09:00,110800.0,112000.0,110300.0,111500.0,10832,0.0,0.0
2026-09-15 00:00:00+09:00,110800.0,111500.0,110500.0,111500.0,12689,0.0,0.0
2026-09-16 00:00:00+09:00,111300.0,111700.0,110900.0,111600.0,9836,0.0,0.0
2026-09-17 00:00:00+09:00,111200.0,111500.0,110800.0,111400.0,13499,0.0,0.0
2026-09-18 00:00:00+09:00,111500.0,111500.0,109600.0,109600.0,29281,0.0,0.0
2026-09-24 00:00:00+09:00,109100.0,110300.0,109100.0,109800.0,13867,0.0,0.0
2026-09-25 00:00:00+09:00,109900.0,110400.0,109200.0,109300.0,12270,0.0,0.0
2026-09-28 00:00:00+09:00,109500.0,109500.0,108700.0,108900.0,14704,0.0,0.0
2026-09-29 00:00:00+09:00,108000.0,108800.0,107400.0,107600.0,18883,0.0,0.0
2026-09-30 00:00:00+09:00,107100.0,107900.0,106900.0,107100.0,23694,0.0,0.0
2026-10-01 00:00:00+09:00,106600.0,107300.0,106500.0,107100.0,20161,0.0,0.0
2026-10-02 00:00:00+09:00,107000.0,107000.0,104700.0,104800.0,20706,0.0,0.0
2026-10-05 00:00:00+09:00,104800.0,105100.0,103600.0,103600.0,8063,0.0,0.0
