Date,Open,High,Low,Close,Volume,Dividends,Stock Splits
2021-10-11 00:00:00+09:00,118277.35205696203,118830.78886471518,116379.85443037975,118672.6640625,3364,0.0,0.0
2021-10-12 00:00:00+09:00,118672.6715933745,118988.92121787382,117644.86031375166,118435.484375,3307,0.0,0.0
2021-10-13 00:00:00+09:00,118435.48659247701,120412.04678260513,118277.36177726676,120332.984375,4195,0.0,0.0
2021-10-14 00:00:00+09:00,120332.98529291776,122546.73272274804,119858.61084366842,121123.609375,3948,0.0,0.0
2021-10-15 00:00:00+09:00,121597.984739786,122072.35919260701,120728.29824294748,121914.234375,1895,0.0,0.0
2021-10-18 00:00:00+09:00,122467.66444482452,122783.9140625,120728.29154760946,122783.9140625,3627,0.0,0.0
2021-10-19 00:00:00+09:00,122783.89715992051,123100.14673406069,120728.27492800941,121835.1484375,4350,0.0,0.0
2021-10-20 00:00:00+09:00,120886.40826743061,122467.65625,120807.34586830213,122467.65625,1817,0.0,0.0
2021-10-21 00:00:00+09:00,122546.72751402244,124207.03801582531,122388.60270432691,123337.3515625,3874,0.0,0.0
2021-10-22 00:00:00+09:00,122704.84982073012,123179.22424014016,120886.41454632496,121281.7265625,4417,0.0,0.0
2021-10-25 00:00:00+09:00,120965.49557125797,124523.30426453026,120965.49557125797,124127.9921875,8027,0.0,0.0
2021-10-26 00:00:00+09:00,123574.54495987354,123653.60736867705,121360.7975133755,121914.234375,14460,0.0,0.0
2021-10-27 00:00:00+09:00,122309.56346215523,123653.62459910198,122230.50104233483,123258.3125,10609,0.0,0.0
2021-10-28 00:00:00+09:00,122233.62748697055,123040.45011064693,121265.4403385589,121910.8984375,9000,3130.0,0.0
2021-10-29 00:00:00+09:00,121346.13821003963,122152.9609375,121104.09139180151,122152.9609375,7379,0.0,0.0
2021-11-01 00:00:00+09:00,121830.234375,122314.32802152318,120458.63570985099,121830.234375,23208,0.0,0.0
2021-11-02 00:00:00+09:00,120862.03149883875,122637.04130723292,120619.984706785,121588.171875,24577,0.0,0.0
2021-11-04 00:00:00+09:00,122072.27100123354,123443.8695518092,121749.54193050986,122637.046875,7207,0.0,0.0
2021-11-05 00:00:00+09:00,123121.13033088234,123685.90615808823,122637.03676470587,123443.859375,3160,0.0,0.0
2021-11-08 00:00:00+09:00,123766.57579291044,124734.76282649253,123363.1645289179,124331.3515625,4911,0.0,0.0
2021-11-09 00:00:00+09:00,123766.5775592495,123847.25981319947,122475.66149605003,122556.34375,2707,0.0,0.0
2021-11-10 00:00:00+09:00,122314.31266425755,123121.13530716163,121265.44322848225,122798.40625,3311,0.0,0.0
2021-11-11 00:00:00+09:00,122717.73199195787,123605.23695705422,122556.36745284946,123524.5546875,2750,0.0,0.0
2021-11-12 00:00:00+09:00,122959.77077858082,123685.91115719448,122233.63039996715,122798.40625,3679,0.0,0.0
2021-11-15 00:00:00+09:00,122394.96928139307,123443.83849738391,122072.24029185742,123363.15625,2387,0.0,0.0
2021-11-16 00:00:00+09:00,123363.15919303025,124089.29943680871,123121.1124451041,124008.6171875,1827,0.0,0.0
2021-11-17 00:00:00+09:00,123282.49238103,124169.99723455835,122879.08108397164,123766.5859375,2741,0.0,0.0
2021-11-18 00:00:00+09:00,124089.29943680871,124492.7106833523,123282.47694372153,124008.6171875,2463,0.0,0.0
2021-11-19 00:00:00+09:00,123847.28376571686,123927.96603527108,123121.14333972894,123524.5546875,2325,0.0,0.0
2021-11-22 00:00:00+09:00,123443.86212337133,124815.46059140879,123363.1798605456,123847.2734375,3099,0.0,0.0
2021-11-24 00:00:00+09:00,124169.99781028512,125218.8671875,123766.58651135632,125218.8671875,3525,0.0,0.0
2021-11-25 00:00:00+09:00,125218.87475696694,125460.92155095593,124492.734375,124492.734375,2916,0.0,0.0
2021-11-26 00:00:00+09:00,124896.14828550584,125057.51281817445,122879.09162714818,124412.0546875,3500,0.0,0.0
2021-11-29 00:00:00+09:00,123685.90803052325,123847.27255502492,120619.9820649917,121426.8046875,5812,0.0,0.0
2021-11-30 00:00:00+09:00,122556.36417068909,124815.4676577064,120619.98975324568,121184.765625,8806,0.0,0.0
2021-12-01 00:00:00+09:00,122475.66910731989,123605.2207328156,121265.43522286021,122072.2578125,6378,0.0,0.0
2021-12-02 00:00:00+09:00,121104.08046717808,122879.09030746983,120297.25781250001,120297.2578125,6111,0.0,0.0
2021-12-03 00:00:00+09:00,121426.78858108674,122394.97559967347,119893.82580165775,120458.6015625,6143,0.0,0.0
2021-12-06 00:00:00+09:00,121104.07537286931,121588.16894531249,120216.57049005681,120700.6640625,4074,0.0,0.0
2021-12-07 00:00:00+09:00,121588.16930019064,122152.9451363561,121184.75798864389,121668.8515625,2438,0.0,0.0
2021-12-08 00:00:00+09:00,121668.85695132014,122394.99734426568,121265.44562190595,122233.6328125,3683,0.0,0.0
2021-12-09 00:00:00+09:00,122314.31225116126,122314.31225116126,121023.39602687459,121588.171875,4773,0.0,0.0
2021-12-10 00:00:00+09:00,121830.2106408228,121830.2106408228,120458.61224287975,121104.0703125,6128,0.0,0.0
2021-12-13 00:00:00+09:00,120539.28839557926,120942.69966865685,118764.27879403793,119087.0078125,4154,0.0,0.0
2021-12-14 00:00:00+09:00,118683.60698050575,119651.79412106733,118441.56019536537,119248.3828125,6488,0.0,0.0
2021-12-15 00:00:00+09:00,119006.33079616622,119248.3775706669,118602.91950533175,119167.6953125,2586,0.0,0.0
2021-12-16 00:00:00+09:00,119409.75050066756,121184.76030540721,119409.75050066756,120862.03125,2610,0.0,0.0
2021-12-17 00:00:00+09:00,120700.66007985659,124573.40853161669,120216.56652338657,123766.5859375,10399,0.0,0.0
2021-12-20 00:00:00+09:00,123443.84738079247,123524.52963398253,120055.19274680993,120135.875,4619,0.0,0.0
2021-12-21 00:00:00+09:00,120377.95373854712,123443.88017424737,120377.95373854712,123282.515625,4191,0.0,0.0
2021-12-22 00:00:00+09:00,122959.75737847222,123121.1218894676,121749.52354600694,121991.5703125,2775,0.0,0.0
2021-12-23 00:00:00+09:00,121588.18502827775,122879.10139221433,121588.18502827775,122152.9609375,2031,0.0,0.0
2021-12-24 00:00:00+09:00,122798.40633196723,123363.18218237706,122556.35953893444,123040.453125,2394,0.0,0.0
2021-12-27 00:00:00+09:00,123282.49179584434,123282.49179584434,121991.57565138524,122314.3046875,1093,0.0,0.0
2021-12-28 00:00:00+09:00,122072.25848985495,123766.5859375,122072.25848985495,123766.5859375,2268,0.0,0.0
2021-12-29 00:00:00+09:00,123524.54767576873,125945.01562499999,123524.54767576873,125945.015625,3822,0.0,0.0
2021-12-30 00:00:00+09:00,125864.32526578609,125864.32526578609,124815.4558885712,125218.8671875,2915,0.0,0.0
2022-01-04 00:00:00+09:00,125783.64604286398,126348.421875,124573.41211685824,126348.421875,3451,0.0,0.0
2022-01-05 00:00:00+09:00,126348.44206070025,126429.12433532396,122798.42197725785,123282.515625,4091,0.0,0.0
2022-01-06 00:00:00+09:00,123121.14826755109,123685.92417703527,121830.23190301583,122395.0078125,2897,0.0,0.0
2022-01-07 00:00:00+09:00,122717.73449778977,123847.28629461362,122395.00541298297,123201.828125,2810,0.0,0.0
2022-01-11 00:00:00+09:00,125380.2338256836,125380.2338256836,123282.4950358073,123927.953125,2660,0.0,0.0
2022-01-12 00:00:00+09:00,123847.26819691168,124815.4553098517,123443.85689985333,123766.5859375,2126,0.0,0.0
2022-01-13 00:00:00+09:00,124250.66686893205,124654.078125,123927.93786407767,124654.078125,2201,0.0,0.0
2022-01-14 00:00:00+09:00,124976.80958488805,125057.49183768657,123766.57579291044,124331.3515625,3052,0.0,0.0
2022-01-17 00:00:00+09:00,124089.32305168502,125218.87475696694,124008.64078702203,124492.734375,1690,0.0,0.0
2022-01-18 00:00:00+09:00,124412.04342224605,124654.09019933213,122072.25791041393,122314.3046875,2430,0.0,0.0
2022-01-19 00:00:00+09:00,123766.59996800341,123927.96450511945,117957.47663182594,118199.5234375,8962,0.0,0.0
2022-01-20 00:00:00+09:00,118925.66033653847,119732.48299825175,115214.27609265735,115375.640625,10166,0.0,0.0
2022-01-21 00:00:00+09:00,115214.26874999999,117715.41884191176,112713.11865808823,116585.8671875,8440,0.0,0.0
2022-01-24 00:00:00+09:00,117554.041508947,118038.13502236753,114972.20943737096,117231.3125,4534,0.0,0.0
2022-01-25 00:00:00+09:00,117392.67946105072,117957.45523852657,115375.62311292271,116908.5859375,5745,0.0,0.0
2022-01-26 00:00:00+09:00,116908.60473632812,119409.75501019022,116505.19340183424,118764.296875,4907,0.0,0.0
2022-01-27 00:00:00+09:00,119329.06100772471,122072.2578125,117876.7803463731,122072.2578125,7134,0.0,0.0
2022-01-28 00:00:00+09:00,122072.25848985495,123766.5859375,121104.07137691493,123766.5859375,5741,0.0,0.0
2022-01-31 00:00:00+09:00,124169.9793859294,125622.25984658355,123363.1569077882,124573.390625,4862,0.0,0.0
2022-02-01 00:00:00+09:00,127074.58004002763,127155.26231306893,122959.78411492197,124089.3359375,6986,0.0,0.0
2022-02-02 00:00:00+09:00,125299.56014575335,126509.79414587331,124331.37294565738,126106.3828125,4630,0.0,0.0
2022-02-03 00:00:00+09:00,126187.05211661343,127235.92147563898,125783.64082468052,126267.734375,5382,0.0,0.0
2022-02-04 00:00:00+09:00,127074.54566140777,127074.54566140777,124250.66686893205,124654.078125,3233,0.0,0.0
2022-02-07 00:00:00+09:00,124250.6862458194,124331.36850961538,120216.57305602006,120619.984375,4153,0.0,0.0
2022-02-08 00:00:00+09:00,120862.04067665289,121265.45202737603,116424.51581869835,117150.65625,5233,0.0,0.0
2022-02-09 00:00:00+09:00,117231.32855074931,119329.06739611716,115375.6364952316,118441.5625,6054,0.0,0.0
2022-02-10 00:00:00+09:00,119974.53962899638,122717.73690363382,119490.44599229566,122395.0078125,6440,0.0,0.0
2022-02-14 00:00:00+09:00,120458.60401276023,121668.83781061113,119732.46373404968,120135.875,2895,0.0,0.0
2022-02-15 00:00:00+09:00,121265.44443558675,121265.44443558675,118118.83609693879,118602.9296875,4983,0.0,0.0
2022-02-16 00:00:00+09:00,119248.38867057551,121588.1743752079,119248.38867057551,121265.4453125,2849,0.0,0.0
2022-02-17 00:00:00+09:00,121830.21617513236,121910.8984375,120458.61771488252,121910.8984375,2145,0.0,0.0
2022-02-18 00:00:00+09:00,121588.15815587196,121588.15815587196,119409.73727318547,120055.1953125,2993,0.0,0.0
2022-02-21 00:00:00+09:00,119974.52851404352,120539.30437120445,119087.02359564777,119571.1171875,1486,0.0,0.0
2022-02-22 00:00:00+09:00,118925.6585873463,119167.7053823002,117150.64875768442,118118.8359375,4351,0.0,0.0
2022-02-24 00:00:00+09:00,118683.59653942242,121265.4286871189,117150.63370172764,119087.0078125,8573,0.0,0.0
2022-02-25 00:00:00+09:00,119006.34133033906,119732.4817181174,118280.20094256072,119571.1171875,3480,0.0,0.0
2022-02-28 00:00:00+09:00,119651.78975336603,121668.84622257313,118764.2849069149,121346.1171875,7003,0.0,0.0
2022-03-01 00:00:00+09:00,121184.75798864389,122152.9451363561,120781.34667709714,121668.8515625,2495,0.0,0.0
2022-03-02 00:00:00+09:00,120458.61224287975,121588.1638647152,119651.78965585443,121104.0703125,3162,0.0,0.0
2022-03-03 00:00:00+09:00,121588.1793471431,121588.1793471431,119732.48716069036,120377.9453125,2555,0.0,0.0
2022-03-04 00:00:00+09:00,121346.11139112903,121507.47590095765,118844.96148878528,120055.1953125,3701,0.0,0.0
2022-03-07 00:00:00+09:00,120055.21077935222,120377.93984058703,118764.29453441295,119571.1171875,3489,0.0,0.0
2022-03-08 00:00:00+09:00,120135.8771225017,120297.24163173272,119087.0078125,119087.0078125,4211,0.0,0.0
2022-03-09 00:00:00+09:00,118844.96556812328,120055.19943337912,117473.3671875,117473.3671875,4947,0.0,0.0
2022-03-10 00:00:00+09:00,118441.57327441078,120539.31231060607,118280.20873316498,119813.171875,2672,0.0,0.0
2022-03-11 00:00:00+09:00,120135.89541227922,121507.49394955843,118118.83873980978,118764.296875,4393,0.0,0.0
2022-03-14 00:00:00+09:00,119329.05693711709,120216.56175544589,118522.234375,118522.234375,1921,0.0,0.0
2022-03-15 00:00:00+09:00,118280.18976433722,119248.37685654189,116827.90912603022,117473.3671875,4340,0.0,0.0
2022-03-16 00:00:00+09:00,118522.25051384229,120377.94265939598,117876.7923762584,120216.578125,3861,0.0,0.0
2022-03-17 00:00:00+09:00,120458.61754049003,121749.53373650332,120055.20622923588,121426.8046875,2839,0.0,0.0
2022-03-18 00:00:00+09:00,121104.06856159895,123121.12499999999,121104.06856159895,123121.125,3968,0.0,0.0
2022-03-22 00:00:00+09:00,122879.09724164802,126509.79939258313,121910.91000139866,126187.0703125,5207,0.0,0.0
2022-03-23 00:00:00+09:00,126590.46847956731,126590.46847956731,124250.6828926282,125864.328125,3101,0.0,0.0
2022-03-24 00:00:00+09:00,125541.58204108942,128284.77856383816,124734.75953439862,128123.4140625,6513,0.0,0.0
2022-03-25 00:00:00+09:00,128204.10638961502,128526.83541765684,126993.87253445818,127316.6015625,4011,0.0,0.0
2022-03-28 00:00:00+09:00,128123.43005859375,129656.3930126953,127397.28971191405,129091.6171875,4366,0.0,0.0
2022-03-29 00:00:00+09:00,129656.40652022853,131189.36963403336,129010.94836704756,130624.59375,4735,0.0,0.0
2022-03-30 00:00:00+09:00,131512.10878685696,132076.88471416247,126751.85454242471,128607.546875,3600,0.0,0.0
2022-03-31 00:00:00+09:00,128930.24783713532,131108.66879558505,128284.78977537244,129979.1171875,3862,0.0,0.0
2022-04-01 00:00:00+09:00,129495.04704925651,130382.55204460966,127235.94342472119,130221.1875,5289,0.0,0.0
2022-04-04 00:00:00+09:00,132076.86914547146,132076.86914547146,128446.16718362282,130059.8125,5213,0.0,0.0
2022-04-05 00:00:00+09:00,130705.28113382899,130947.32795074349,129656.41159386617,130221.1875,3314,0.0,0.0
2022-04-06 00:00:00+09:00,130543.89816073647,130947.3094653123,129252.98198609384,129817.7578125,3161,0.0,0.0
2022-04-07 00:00:00+09:00,130221.15566369606,130221.15566369606,128526.82835952158,129010.921875,3379,0.0,0.0
2022-04-08 00:00:00+09:00,129252.99414310674,129575.723217122,126993.89062500001,126993.890625,5220,0.0,0.0
2022-04-11 00:00:00+09:00,127881.36731049276,128607.50756651448,127235.90930514011,128123.4140625,3404,0.0,0.0
2022-04-12 00:00:00+09:00,128284.78875118594,128930.24680779569,127477.96618042377,127558.6484375,3910,0.0,0.0
2022-04-13 00:00:00+09:00,128284.79402062263,128526.84080179362,127074.5601147677,127639.3359375,3498,0.0,0.0
2022-04-14 00:00:00+09:00,128446.14306517632,128607.50756651448,127155.22705447103,128123.4140625,3940,0.0,0.0
2022-04-15 00:00:00+09:00,128204.10957092476,128930.24990203761,128123.42731191222,128688.203125,2403,0.0,0.0
2022-04-18 00:00:00+09:00,128688.18737240891,128849.55187068152,127720.00038277323,128446.140625,1799,0.0,0.0
2022-04-19 00:00:00+09:00,128284.80685073201,128526.85365611076,126751.84375,126751.84375,7253,0.0,0.0
2022-04-20 00:00:00+09:00,126832.49988049713,127397.27564332377,125622.26610301147,126590.453125,4313,0.0,0.0
2022-04-21 00:00:00+09:00,126590.46892857144,127881.38511904763,126590.46892857144,127074.5625,3934,0.0,0.0
2022-04-22 00:00:00+09:00,127800.72372611465,127800.72372611465,125864.34912420383,126671.171875,5383,0.0,0.0
2022-04-25 00:00:00+09:00,126671.14277255941,126832.50728564548,125218.86215478485,125622.2734375,4270,0.0,0.0
2022-04-26 00:00:00+09:00,125460.91118899484,127316.60312297997,124654.0886090013,124815.453125,11944,0.0,0.0
2022-04-27 00:00:00+09:00,124860.18608141447,126102.98819901317,124611.62565789474,125937.28125,4704,4054.0,0.0
2022-04-28 00:00:00+09:00,126600.1221685543,126682.9756516489,123948.81070952698,124363.078125,6138,0.0,0.0
2022-05-02 00:00:00+09:00,123203.1275937915,125523.0250871514,122706.00670235723,124777.34375,5040,0.0,0.0
2022-05-06 00:00:00+09:00,124777.32412524935,124943.03106299868,124031.64290537733,124611.6171875,4539,0.0,0.0
2022-05-09 00:00:00+09:00,123865.95531478862,125854.4388783705,123451.68790570906,124445.9296875,4122,0.0,0.0
2022-05-10 00:00:00+09:00,124280.23569915254,124363.08918961865,122126.04494703391,122208.8984375,6095,0.0,0.0
2022-05-11 00:00:00+09:00,121794.61870495882,122706.0070081932,119723.2816521534,120717.5234375,7201,0.0,0.0
2022-05-12 00:00:00+09:00,119888.98275991587,121960.31971153847,119888.98275991587,120634.6640625,5613,0.0,0.0
2022-05-13 00:00:00+09:00,120634.67251016259,122623.15612296747,120634.67251016259,122291.7421875,7590,0.0,0.0
2022-05-16 00:00:00+09:00,123534.55265561995,124363.08754935315,122540.31078314011,123285.9921875,5419,0.0,0.0
2022-05-17 00:00:00+09:00,123368.82812500001,123451.68160258564,122457.4398715581,123368.828125,2574,0.0,0.0
2022-05-18 00:00:00+09:00,123037.42631923652,124943.0564911843,123037.42631923652,124528.7890625,2499,0.0,0.0
2022-05-19 00:00:00+09:00,123368.81858161814,124445.91370691097,122788.84428338353,123783.0859375,2154,0.0,0.0
2022-05-20 00:00:00+09:00,124445.91510170493,124445.91510170493,122623.138715395,122705.9921875,3397,0.0,0.0
2022-05-23 00:00:00+09:00,122788.87327087525,124445.94308559693,122788.87327087525,123534.5546875,2477,0.0,0.0
2022-05-24 00:00:00+09:00,123948.8024680994,124363.06985602755,123037.4142146575,123368.828125,2466,0.0,0.0
2022-05-25 00:00:00+09:00,123865.94389816812,125191.59948503814,123783.09042398873,124943.0390625,2990,0.0,0.0
2022-05-26 00:00:00+09:00,124445.90776749833,124528.76123472037,123700.2265625,123700.2265625,2762,0.0,0.0
2022-05-27 00:00:00+09:00,123451.70119676393,124363.08959486084,122126.04534498659,123534.5546875,5996,0.0,0.0
2022-05-30 00:00:00+09:00,124114.5160285596,125191.61129449504,124031.66254656458,125108.7578125,1934,0.0,0.0
2022-05-31 00:00:00+09:00,125025.9221369576,126020.1640625,124611.6546679816,126020.1640625,5983,0.0,0.0
2022-06-01 00:00:00+09:00,126020.12615836936,126020.12615836936,123948.78943650266,124611.6171875,3156,0.0,0.0
2022-06-02 00:00:00+09:00,124860.1953125,125025.9022737641,124114.51398681155,124860.1953125,2365,0.0,0.0
2022-06-03 00:00:00+09:00,125025.90997692115,125440.17740560546,124114.5216338157,124528.7890625,4027,0.0,0.0
2022-06-06 00:00:00+09:00,124528.78316931592,124777.34361476365,123534.54138752498,124445.9296875,3440,0.0,0.0
2022-06-07 00:00:00+09:00,124445.91821742375,125108.74601085875,124197.35779488561,124943.0390625,2637,0.0,0.0
2022-06-08 00:00:00+09:00,125025.90637908955,125688.73424591044,124694.4924456791,125357.3203125,2439,0.0,0.0
2022-06-09 00:00:00+09:00,125357.30692845395,125937.28125,124943.03955592106,125937.28125,1924,0.0,0.0
2022-06-10 00:00:00+09:00,125357.31798747503,125523.02495110687,124445.92968750001,124445.9296875,2926,0.0,0.0
2022-06-13 00:00:00+09:00,124363.0741483906,125357.31591373416,123783.09978527352,124197.3671875,2862,0.0,0.0
2022-06-14 00:00:00+09:00,124031.67283818492,124031.67283818492,120800.38677226027,120966.09375,7318,0.0,0.0
2022-06-15 00:00:00+09:00,120966.08698025857,123037.42408608491,118480.48245326694,118563.3359375,8451,0.0,0.0
2022-06-16 00:00:00+09:00,120220.40887360075,123617.40181902985,120137.55538712686,122126.0390625,5255,0.0,0.0
2022-06-17 00:00:00+09:00,120551.81161556604,122954.5625,119309.00943396227,122954.5625,4752,0.0,0.0
2022-06-20 00:00:00+09:00,122208.88074791951,122954.562054178,120634.66465692935,121960.3203125,3438,0.0,0.0
2022-06-21 00:00:00+09:00,122043.1673877656,122208.87433601782,120303.24443111721,120883.21875,3033,0.0,0.0
2022-06-22 00:00:00+09:00,121048.93263828396,121380.34655378919,118480.47479311847,118894.7421875,5350,0.0,0.0
2022-06-23 00:00:00+09:00,118314.77535914506,120220.40549448143,117154.82658111422,118231.921875,5833,0.0,0.0
2022-06-24 00:00:00+09:00,118480.47129108995,119723.2734375,118231.91086180795,119723.2734375,5481,0.0,0.0
2022-06-27 00:00:00+09:00,120137.53748286498,121380.33959475669,119806.12358636053,120883.21875,3248,0.0,0.0
2022-06-28 00:00:00+09:00,121048.93992949695,123203.13051003557,121048.93992949695,122291.7421875,3644,0.0,0.0
2022-06-29 00:00:00+09:00,121877.45936444258,122871.70104518581,121711.75241765202,122623.140625,2995,0.0,0.0
2022-06-30 00:00:00+09:00,122871.70104518581,123203.1149387669,121628.89894425675,122623.140625,4188,0.0,0.0
2022-07-01 00:00:00+09:00,122623.15366187543,122623.15366187543,119806.13526694046,121048.9375,2515,0.0,0.0
2022-07-04 00:00:00+09:00,121877.46269078275,122208.87659340895,120220.39317765179,121463.1953125,4115,0.0,0.0
2022-07-05 00:00:00+09:00,121131.80051222452,121131.80051222452,119723.29120394285,120303.265625,3528,0.0,0.0
2022-07-06 00:00:00+09:00,120303.25521196789,120386.10869351884,118646.18558094905,118729.0390625,5267,0.0,0.0
2022-07-07 00:00:00+09:00,118977.59405297785,120220.3962192694,118977.59405297785,119640.421875,2492,0.0,0.0
2022-07-08 00:00:00+09:00,119723.28665865386,119806.14014423077,118480.484375,118480.484375,2737,0.0,0.0
2022-07-11 00:00:00+09:00,118894.75204276774,119391.87295723228,118397.63112830321,119143.3125,2066,0.0,0.0
2022-07-12 00:00:00+09:00,119309.01107594935,119309.01107594935,117569.08799775843,117817.6484375,3526,0.0,0.0
2022-07-13 00:00:00+09:00,117651.9296875,118480.46440360916,117651.9296875,117651.9296875,3280,0.0,0.0
2022-07-14 00:00:00+09:00,117237.67585016761,117569.08977483239,116740.55496317042,117403.3828125,2877,0.0,0.0
2022-07-15 00:00:00+09:00,117237.66232944543,118231.90398877641,117237.66232944543,117651.9296875,3329,0.0,0.0
2022-07-19 00:00:00+09:00,118563.32827199477,119309.00958188153,117983.35391986063,118894.7421875,3245,0.0,0.0
2022-07-20 00:00:00+09:00,119557.57387800941,119557.57387800941,117486.23683923586,118729.0390625,3953,0.0,0.0
2022-07-21 00:00:00+09:00,118977.59420321132,119971.8359375,118646.18029178177,119971.8359375,2522,0.0,0.0
2022-07-22 00:00:00+09:00,119888.9845203739,120468.9588753446,119806.13104109236,120220.3984375,4428,0.0,0.0
2022-07-25 00:00:00+09:00,120220.41235017123,121711.77514982877,120220.41235017123,120966.09375,3032,0.0,0.0
2022-07-26 00:00:00+09:00,121711.76575759504,122208.88665245248,120966.0844153089,122043.1796875,2736,0.0,0.0
2022-07-27 00:00:00+09:00,122126.0372612407,123534.54651052231,121960.33029073698,122540.3046875,2615,0.0,0.0
2022-07-28 00:00:00+09:00,122540.2990673368,123203.12691895188,121628.91077136608,123120.2734375,2358,0.0,0.0
2022-07-29 00:00:00+09:00,123700.24337602459,126682.96860143443,122954.56206967213,126351.5546875,7094,0.0,0.0
2022-08-01 00:00:00+09:00,126682.97477489407,127180.09567002118,125937.29343220338,127097.2421875,3374,0.0,0.0
2022-08-02 00:00:00+09:00,127180.09096498843,127180.09096498843,124611.63310185185,125274.4609375,4708,0.0,0.0
2022-08-03 00:00:00+09:00,125357.33980497187,125854.46078238748,124114.53736143283,125191.6328125,2643,0.0,0.0
2022-08-04 00:00:00+09:00,125191.5939304868,126020.12863551981,124611.6196369637,125523.0078125,2172,0.0,0.0
2022-08-05 00:00:00+09:00,124611.6385742838,124694.49205737842,123865.95722643238,124363.078125,2186,0.0,0.0
2022-08-08 00:00:00+09:00,124528.7850911892,124943.05250666222,124031.66419262158,124363.078125,2097,0.0,0.0
2022-08-09 00:00:00+09:00,123203.12071026575,123700.24157392519,122208.87898294686,122374.5859375,3623,0.0,0.0
2022-08-10 00:00:00+09:00,122291.73422639267,123285.97596807066,121794.61335555368,121960.3203125,2999,0.0,0.0
2022-08-12 00:00:00+09:00,121960.32620502377,122954.56799473864,121380.35182769009,122043.1796875,5416,0.0,0.0
2022-08-15 00:00:00+09:00,121960.32620502377,122540.30058235743,121794.61924007129,122043.1796875,2630,0.0,0.0
2022-08-16 00:00:00+09:00,122126.03166007738,123203.12691895188,122043.1781786255,123120.2734375,2257,0.0,0.0
2022-08-17 00:00:00+09:00,122954.57005843495,123368.83747776931,122291.7421875,122291.7421875,2248,0.0,0.0
2022-08-18 00:00:00+09:00,122043.18580781882,123285.98810728746,121711.77186129386,122788.8671875,1123,0.0,0.0
2022-08-19 00:00:00+09:00,122871.72474063339,123700.2596343666,122623.16427251343,123285.9921875,2398,0.0,0.0
2022-08-22 00:00:00+09:00,123285.96266014835,123368.81612967802,122291.72102579231,122871.6953125,1835,0.0,0.0
2022-08-23 00:00:00+09:00,123037.4137557126,123368.82766481889,122208.87898294686,122374.5859375,1580,0.0,0.0
2022-08-24 00:00:00+09:00,122706.00754730991,123120.27495969112,121877.47272254752,122043.1796875,2123,0.0,0.0
2022-08-25 00:00:00+09:00,122374.58814858491,123368.82989386794,122208.88119103774,122954.5625,1589,0.0,0.0
2022-08-26 00:00:00+09:00,123120.25437625333,124031.64253112466,122954.547439004,123948.7890625,1603,0.0,0.0
2022-08-29 00:00:00+09:00,123534.5566170302,123783.11709312082,122871.7286807886,123451.703125,2671,0.0,0.0
2022-08-30 00:00:00+09:00,123451.67652727122,125025.89253667938,123451.67652727122,124943.0390625,2887,0.0,0.0
2022-08-31 00:00:00+09:00,124694.484375,124943.0448089701,123865.94959509966,124694.484375,4393,0.0,0.0
2022-09-01 00:00:00+09:00,124943.0448089701,125357.31219892026,124197.3635070598,124694.484375,2952,0.0,0.0
2022-09-02 00:00:00+09:00,125440.15990757626,126185.84117519065,124943.03906250001,124943.0390625,2772,0.0,0.0
2022-09-05 00:00:00+09:00,124943.04879313205,125854.43708008461,124694.48835123591,124860.1953125,2000,0.0,0.0
2022-09-06 00:00:00+09:00,125357.29840737201,125688.71228287068,124611.6171875,124611.6171875,783,0.0,0.0
2022-09-07 00:00:00+09:00,124611.6171875,125191.59146962268,124528.76371862534,124611.6171875,1608,0.0,0.0
2022-09-08 00:00:00+09:00,124694.49603397372,125274.47043413173,124197.37511955255,124528.7890625,2031,0.0,0.0
2022-09-09 00:00:00+09:00,124445.93199562127,125440.1737958526,124363.07851226866,125357.3203125,2691,0.0,0.0
2022-09-12 00:00:00+09:00,125357.31234985917,125605.87278412856,125025.8984375,125025.8984375,1110,0.0,0.0
2022-09-13 00:00:00+09:00,125274.48831737122,125688.7558051932,124943.07432711362,125440.1953125,1377,0.0,0.0
2022-09-14 00:00:00+09:00,125440.17174048015,125771.58566846028,124860.19736651491,125108.7578125,1780,0.0,0.0
2022-09-15 00:00:00+09:00,125357.31441695603,125688.7283347801,124777.34006076389,125274.4609375,1729,0.0,0.0
2022-09-16 00:00:00+09:00,125274.45238481506,127842.91007259897,125191.59891101558,127677.203125,5434,0.0,0.0
2022-09-20 00:00:00+09:00,127511.49952418958,127677.20647613786,126020.1369566552,126517.2578125,2478,0.0,0.0
2022-09-21 00:00:00+09:00,126600.1385190664,126682.9920128616,125854.4570749096,126020.1640625,1568,0.0,0.0
2022-09-22 00:00:00+09:00,125937.28729508197,126931.52903688524,125274.45946721312,126351.5546875,1850,0.0,0.0
2022-09-26 00:00:00+09:00,126102.99959644041,126848.6809343957,125108.75781250001,125108.7578125,3152,0.0,0.0
2022-09-27 00:00:00+09:00,125191.59494749832,126268.69007279116,123285.96511044176,123783.0859375,4634,0.0,0.0
2022-09-28 00:00:00+09:00,124031.67283818492,124197.37981592465,119640.43792808219,120966.09375,4676,0.0,0.0
2022-09-29 00:00:00+09:00,122126.0372612407,124197.37439253718,122126.0372612407,122540.3046875,3109,0.0,0.0
2022-09-30 00:00:00+09:00,122126.02550567027,123037.4137557126,120220.39552830908,122374.5859375,5696,0.0,0.0
2022-10-03 00:00:00+09:00,122788.84899028631,122788.84899028631,119806.1239135992,121546.046875,5159,0.0,0.0
2022-10-04 00:00:00+09:00,121794.6058910473,122788.84757179054,121711.75241765202,122623.140625,2988,0.0,0.0
2022-10-05 00:00:00+09:00,122457.4370203786,123368.82525260063,121380.34183684346,121463.1953125,3261,0.0,0.0
2022-10-06 00:00:00+09:00,121463.18577923182,122126.01353246091,120551.79761854181,121877.453125,1798,0.0,0.0
2022-10-07 00:00:00+09:00,120717.52752798189,121628.91586209844,120386.11358830315,121214.6484375,3739,0.0,0.0
2022-10-11 00:00:00+09:00,120634.66583390765,121546.05410600449,120054.69147893695,120220.3984375,3290,0.0,0.0
2022-10-12 00:00:00+09:00,120468.95137936944,121463.1930688828,120137.53748286498,120883.21875,2485,0.0,0.0
2022-10-13 00:00:00+09:00,120634.67548409406,121214.64988545989,119474.72668136237,119806.140625,3608,0.0,0.0
2022-10-14 00:00:00+09:00,119888.97798444038,120634.65925732217,118563.32238820607,118811.8828125,5100,0.0,0.0
2022-10-17 00:00:00+09:00,118563.32651367187,119723.27520073784,118314.76608072915,119309.0078125,4393,0.0,0.0
2022-10-18 00:00:00+09:00,119557.58016727178,120220.40805454702,118977.60576590594,119806.140625,3241,0.0,0.0
2022-10-19 00:00:00+09:00,120303.25493421053,120303.25493421053,117983.35745614037,118066.2109375,4214,0.0,0.0
2022-10-20 00:00:00+09:00,117983.3515625,118646.17938026685,117734.79113083743,117983.3515625,4845,0.0,0.0
2022-10-21 00:00:00+09:00,117900.50191741384,118397.62279689698,117320.52755801687,117817.6484375,3591,0.0,0.0
2022-10-24 00:00:00+09:00,117817.65201177407,117983.3589766289,116906.26370507259,116989.1171875,3128,0.0,0.0
2022-10-25 00:00:00+09:00,117237.68018977114,118563.3359375,116906.26625283892,118563.3359375,4996,0.0,0.0
2022-10-26 00:00:00+09:00,119143.30032371361,122457.43941477657,118646.17946005416,122374.5859375,8860,0.0,0.0
2022-10-27 00:00:00+09:00,121794.60399434505,122705.9921875,120551.8019127701,122705.9921875,15928,0.0,0.0
2022-10-28 00:00:00+09:00,122779.45688954483,123454.99723006503,121428.37620850446,123370.5546875,7581,2787.0,0.0
2022-10-31 00:00:00+09:00,123370.57214757899,123623.89981112638,122357.26149338944,122948.359375,8675,0.0,0.0
2022-11-01 00:00:00+09:00,123117.2412993533,124046.109375,121681.7179097175,124046.109375,6746,0.0,0.0
2022-11-02 00:00:00+09:00,124046.12001570027,124806.10305187543,122526.15394334997,122695.0390625,5419,0.0,0.0
2022-11-04 00:00:00+09:00,122188.37317600723,123455.01146048553,122188.37317600723,122610.5859375,2624,0.0,0.0
2022-11-07 00:00:00+09:00,122863.91496061288,123117.24262032549,121512.83410881233,121935.046875,2108,0.0,0.0
2022-11-08 00:00:00+09:00,122103.93474264706,122357.26240808824,121428.3943014706,122019.4921875,2510,0.0,0.0
2022-11-09 00:00:00+09:00,122019.50738449203,122863.9330411321,121428.40942484397,121766.1796875,2476,0.0,0.0
2022-11-10 00:00:00+09:00,121766.16313762186,122103.93335436977,121259.5078125,121259.5078125,2515,0.0,0.0
2022-11-11 00:00:00+09:00,122610.58915693683,123370.57214757899,122019.49127532625,122948.359375,3891,0.0,0.0
2022-11-14 00:00:00+09:00,122695.02101986266,122779.46356702017,120837.28498239742,121428.3828125,2418,0.0,0.0
2022-11-15 00:00:00+09:00,121597.27568613652,121766.16079125616,119992.8671875,119992.8671875,3425,0.0,0.0
2022-11-16 00:00:00+09:00,120583.97059469431,120668.41315113317,119655.10247386683,120161.7578125,2009,0.0,0.0
2022-11-17 00:00:00+09:00,120161.74543403994,120921.72836370008,119908.4177908199,120499.515625,1516,0.0,0.0
2022-11-18 00:00:00+09:00,120668.41451531948,121259.51241707403,119655.10382659742,120921.7421875,2000,0.0,0.0
2022-11-21 00:00:00+09:00,120921.73489152893,123455.01146048553,120837.29233923038,122610.5859375,3763,0.0,0.0
2022-11-22 00:00:00+09:00,122863.92704527662,122948.36960681976,120921.74812978428,121343.9609375,2785,0.0,0.0
2022-11-24 00:00:00+09:00,121597.27248953974,121935.04269089957,121090.6171875,121090.6171875,2623,0.0,0.0
2022-11-25 00:00:00+09:00,121090.62730228702,122188.3805484026,120921.7421875,120921.7421875,4079,0.0,0.0
2022-11-28 00:00:00+09:00,121428.37924076313,122526.13232152107,121090.60906206837,122272.8046875,4727,0.0,0.0
2022-11-29 00:00:00+09:00,122526.1299586428,125143.84879304524,122526.1299586428,125059.40625,6091,0.0,0.0
2022-11-30 00:00:00+09:00,124468.33868644068,124806.10894067796,123201.70023305085,124552.78125,4151,0.0,0.0
2022-12-01 00:00:00+09:00,124468.32534529187,124552.76789980022,121343.95082848333,121512.8359375,4455,0.0,0.0
2022-12-02 00:00:00+09:00,124046.11257275018,124046.11257275018,121175.06571946666,121512.8359375,4864,0.0,0.0
2022-12-05 00:00:00+09:00,121597.27941176471,122357.26240808824,121090.62408088236,122019.4921875,2708,0.0,0.0
2022-12-06 00:00:00+09:00,122019.47754242763,122610.57535751206,121597.26481736732,122526.1328125,1856,0.0,0.0
2022-12-07 00:00:00+09:00,122441.69386493754,122610.57895992366,121597.26839000694,121681.7109375,3626,0.0,0.0
2022-12-08 00:00:00+09:00,121681.72104651669,121935.04871004171,119823.98484733322,121512.8359375,4532,0.0,0.0
2022-12-09 00:00:00+09:00,123032.79907965341,123032.79907965341,119908.42463494018,119992.8671875,4170,0.0,0.0
2022-12-12 00:00:00+09:00,119908.40801678445,119992.85055764134,118810.65498564487,119486.1953125,4125,0.0,0.0
2022-12-13 00:00:00+09:00,120246.19574468085,120246.19574468085,118979.55744680851,119064.0,2880,0.0,0.0
2022-12-14 00:00:00+09:00,118979.55929149086,120668.41038150493,118895.11673699015,120077.3125,4474,0.0,0.0
2022-12-15 00:00:00+09:00,120077.30240519663,122019.4809954354,119570.64712078653,120246.1875,2995,0.0,0.0
2022-12-16 00:00:00+09:00,120499.52619485295,122441.7049632353,119992.8708639706,122019.4921875,7166,0.0,0.0
2022-12-19 00:00:00+09:00,121512.8392033357,121512.8392033357,118895.11994322215,118979.5625,3640,0.0,0.0
2022-12-20 00:00:00+09:00,119486.22133480484,119823.99157179368,112646.37403578068,113575.2421875,7321,0.0,0.0
2022-12-21 00:00:00+09:00,114250.7771139706,118050.69209558824,113997.44944852941,116277.3984375,5595,0.0,0.0
2022-12-22 00:00:00+09:00,116192.95089605734,118050.68702956989,116192.95089605734,117797.359375,3791,0.0,0.0
2022-12-23 00:00:00+09:00,117881.80138636364,117881.80138636364,115601.85250568183,116108.5078125,3580,0.0,0.0
2022-12-26 00:00:00+09:00,116361.8354659091,116699.60567045455,115179.63975,116108.5078125,2611,0.0,0.0
2022-12-27 00:00:00+09:00,116192.94711889132,116277.38966766957,114926.30888721735,115770.734375,2306,0.0,0.0
2022-12-28 00:00:00+09:00,115770.72725332495,117628.46321216751,115770.72725332495,117459.578125,2430,0.0,0.0
2022-12-29 00:00:00+09:00,116868.484375,117712.90984013728,116615.15673545882,116868.484375,3790,0.0,0.0
2022-12-30 00:00:00+09:00,117121.83652357974,117797.37703705388,115686.3129324472,115939.640625,5171,0.0,0.0
2023-01-04 00:00:00+09:00,113997.43716779693,116192.94336510265,113997.43716779693,115179.6328125,2731,0.0,0.0
2023-01-05 00:00:00+09:00,115686.296875,116277.39474224452,114588.54369297446,115686.296875,5259,0.0,0.0
2023-01-06 00:00:00+09:00,115432.97660879629,115432.97660879629,113744.12545138889,113997.453125,2971,0.0,0.0
2023-01-10 00:00:00+09:00,114419.65672174153,114757.42692608616,113659.67376196613,114672.984375,1613,0.0,0.0
2023-01-11 00:00:00+09:00,114757.42597771819,115095.19617927144,113490.78772189349,114166.328125,2138,0.0,0.0
2023-01-12 00:00:00+09:00,113744.11442468425,114081.88462342124,112646.361278789,113659.671875,2966,0.0,0.0
2023-01-13 00:00:00+09:00,113913.01101718405,115264.0919484479,113828.56845898005,114250.78125,5273,0.0,0.0
2023-01-16 00:00:00+09:00,113828.56800925927,115264.09149305556,113744.12545138889,113997.453125,3174,0.0,0.0
2023-01-17 00:00:00+09:00,113828.56294508996,114504.1033779985,112393.03952515929,112646.3671875,3905,0.0,0.0
2023-01-18 00:00:00+09:00,112899.68262799815,116277.38442689113,112393.0273581642,114419.6484375,4411,0.0,0.0
2023-01-19 00:00:00+09:00,113828.56058093252,113997.44568565201,110957.51380070129,111379.7265625,4536,0.0,0.0
2023-01-20 00:00:00+09:00,111210.85244827098,112646.37598025321,110873.08220545162,111717.5078125,3799,0.0,0.0
2023-01-23 00:00:00+09:00,112308.59834558824,113828.5643382353,112224.15579044119,113406.3515625,2519,0.0,0.0
2023-01-24 00:00:00+09:00,113659.68652127856,115010.76749032794,113659.68652127856,114588.5546875,2224,0.0,0.0
2023-01-25 00:00:00+09:00,115179.63642448302,116361.83210625924,114335.2109375,114335.2109375,2270,0.0,0.0
2023-01-26 00:00:00+09:00,115179.63545530415,115179.63545530415,113153.01430359793,113828.5546875,1744,0.0,0.0
2023-01-27 00:00:00+09:00,113828.5620640602,115095.20036595999,113659.67695714024,115010.7578125,2086,0.0,0.0
2023-01-30 00:00:00+09:00,114757.43107524671,115601.85661663926,114757.43107524671,115517.4140625,2015,0.0,0.0
2023-01-31 00:00:00+09:00,114926.3227476415,115095.20786556603,111633.0629481132,111886.390625,4108,0.0,0.0
2023-02-01 00:00:00+09:00,112561.92461560365,112730.80972380411,110788.63097949886,111210.84375,2637,0.0,0.0
2023-02-02 00:00:00+09:00,111210.83040042776,111970.81329610266,110450.84750475285,111041.9453125,3368,0.0,0.0
2023-02-03 00:00:00+09:00,110788.63143939394,111801.94209280303,110450.86122159091,111464.171875,1864,0.0,0.0
2023-02-06 00:00:00+09:00,111801.94072383283,112815.25136483433,111548.61306358245,112139.7109375,1760,0.0,0.0
2023-02-07 00:00:00+09:00,112224.15439920274,112308.59695330297,110957.51608769932,111210.84375,1698,0.0,0.0
2023-02-08 00:00:00+09:00,111210.83040042776,111379.7154883555,110028.63478493346,111041.9453125,2255,0.0,0.0
2023-02-09 00:00:00+09:00,110281.97380268198,111041.95677681992,109521.99082854406,110197.53125,4288,0.0,0.0
2023-02-10 00:00:00+09:00,109859.76653356924,110535.30698881025,109775.32397666412,110366.421875,2370,0.0,0.0
2023-02-13 00:00:00+09:00,110197.53766422314,111041.9632401942,110197.53766422314,110873.078125,1405,0.0,0.0
2023-02-14 00:00:00+09:00,110788.61768060837,111126.38785646387,110366.40496078898,111041.9453125,1670,0.0,0.0
2023-02-15 00:00:00+09:00,110704.19025700267,111210.84558998667,110535.305146008,110788.6328125,2439,0.0,0.0
2023-02-16 00:00:00+09:00,111041.960478992,111464.17325647867,110281.977479516,110788.6328125,1638,0.0,0.0
2023-02-17 00:00:00+09:00,110535.30331719818,111295.28630410024,110028.64799259682,111210.84375,1602,0.0,0.0
2023-02-20 00:00:00+09:00,111210.83964312689,111886.38005098187,110788.62688821752,111801.9375,2455,0.0,0.0
2023-02-21 00:00:00+09:00,111801.93196860817,112139.7021558245,111210.83414097957,111633.046875,2465,0.0,0.0
2023-02-22 00:00:00+09:00,111548.60804058502,112561.91863595748,111548.60804058502,112224.1484375,2935,0.0,0.0
2023-02-24 00:00:00+09:00,112646.37175204158,113997.4526726058,112139.71640682999,113744.125,4138,0.0,0.0
2023-02-27 00:00:00+09:00,114081.88879862647,114672.98666804942,113321.90582365413,114504.1015625,3892,0.0,0.0
2023-02-28 00:00:00+09:00,114250.77436879139,114926.31479373621,113490.79139072848,114757.4296875,4141,0.0,0.0
2023-03-01 00:00:00+09:00,114841.87359445277,114841.87359445277,112477.48207927286,112646.3671875,3649,0.0,0.0
2023-03-02 00:00:00+09:00,112646.36308025727,113575.23114163871,112561.9205292226,113237.4609375,1916,0.0,0.0
2023-03-03 00:00:00+09:00,113490.78304705003,113828.55323469006,112815.24267176997,113068.5703125,1804,0.0,0.0
2023-03-06 00:00:00+09:00,113321.90900735295,113659.67922794119,112730.81112132354,113406.3515625,1874,0.0,0.0
2023-03-07 00:00:00+09:00,113406.35572020023,113828.56851141468,112393.04502128555,112815.2578125,1270,0.0,0.0
2023-03-08 00:00:00+09:00,112561.92370458395,112646.36625800075,111295.28540333208,112139.7109375,2530,0.0,0.0
2023-03-09 00:00:00+09:00,112561.92463338643,112984.13740395427,111801.94164636431,112646.3671875,3349,0.0,0.0
2023-03-10 00:00:00+09:00,112393.03401252815,112984.13186233108,112393.03401252815,112477.4765625,2576,0.0,0.0
2023-03-13 00:00:00+09:00,112055.26609492482,112730.80650845866,111210.84057800753,112308.59375,2511,0.0,0.0
2023-03-14 00:00:00+09:00,112224.14891258447,113153.01696227478,111041.95321297861,112477.4765625,2179,0.0,0.0
2023-03-15 00:00:00+09:00,112477.49085884354,113659.68670871126,111464.18013038549,111717.5078125,3169,0.0,0.0
2023-03-16 00:00:00+09:00,110957.51608769932,112139.71184510252,110028.64799259682,111210.84375,4089,0.0,0.0
2023-03-17 00:00:00+09:00,111126.40863531225,112139.71935235157,109015.34464148033,109522.0,6545,0.0,0.0
2023-03-20 00:00:00+09:00,109437.5413446677,110873.06464934311,108677.55841866306,109268.65625,3586,0.0,0.0
2023-03-22 00:00:00+09:00,109184.22015408987,110197.53078197005,109015.33504944317,109944.203125,3860,0.0,0.0
2023-03-23 00:00:00+09:00,109690.875,110113.08775981524,109099.77713625865,109690.875,2827,0.0,0.0
2023-03-24 00:00:00+09:00,110281.97056350885,110366.41311371062,109099.77486068409,109859.7578125,2774,0.0,0.0
2023-03-27 00:00:00+09:00,110450.85749421296,110873.07025221837,109268.66177179785,109437.546875,1751,0.0,0.0
2023-03-28 00:00:00+09:00,109775.31526229823,110197.52801330708,108930.88976028055,109859.7578125,2684,0.0,0.0
2023-03-29 00:00:00+09:00,110281.98428051776,111886.39293390966,109606.44379487906,111717.5078125,3679,0.0,0.0
2023-03-30 00:00:00+09:00,111717.49817041603,112730.80881141755,110704.18752941453,112139.7109375,4272,0.0,0.0
2023-03-31 00:00:00+09:00,112815.24684951815,114672.98295033358,112224.1489992587,113913.0,5278,0.0,0.0
2023-04-03 00:00:00+09:00,113997.46164876183,116952.9513952112,113406.36369947196,115939.640625,5191,0.0,0.0
2023-04-04 00:00:00+09:00,116530.7084478022,116530.7084478022,114166.31726190477,115264.0703125,4614,0.0,0.0
2023-04-05 00:00:00+09:00,115010.76011029413,115010.76011029413,112730.81112132354,113406.3515625,3579,0.0,0.0
2023-04-06 00:00:00+09:00,113153.02804547155,113321.91316195733,112393.04502128555,112815.2578125,2174,0.0,0.0
2023-04-07 00:00:00+09:00,112815.25229572713,112899.6948498407,111633.05653813719,112646.3671875,1583,0.0,0.0
2023-04-10 00:00:00+09:00,112646.3616624437,112815.24676238738,111886.37871269707,112477.4765625,1270,0.0,0.0
2023-04-11 00:00:00+09:00,112308.60573743386,112561.93341954837,111548.62269109032,111717.5078125,3126,0.0,0.0
2023-04-12 00:00:00+09:00,111548.60432819591,111970.81706221633,111379.71923458774,111633.046875,2954,0.0,0.0
2023-04-13 00:00:00+09:00,111379.72932054925,112139.71231060606,111295.28676609849,111464.171875,2184,0.0,0.0
2023-04-14 00:00:00+09:00,112224.15579044119,112308.59834558824,111210.84512867648,111970.828125,2844,0.0,0.0
2023-04-17 00:00:00+09:00,112224.16086084905,112477.48853773584,111379.73527122641,111886.390625,2603,0.0,0.0
2023-04-18 00:00:00+09:00,112224.15579044119,112393.0409007353,111548.61534926471,111970.828125,3077,0.0,0.0
2023-04-19 00:00:00+09:00,111970.81851051841,112561.91634579263,111464.1632231405,112393.03125,2196,0.0,0.0
2023-04-20 00:00:00+09:00,112055.26333827125,112561.91863595748,111548.60804058502,112224.1484375,2333,0.0,0.0
2023-04-21 00:00:00+09:00,111970.828125,112308.59834558824,111379.7302389706,111970.828125,3057,0.0,0.0
2023-04-24 00:00:00+09:00,111970.828125,112224.15579044119,111717.50045955883,111970.828125,2203,0.0,0.0
2023-04-25 00:00:00+09:00,112055.27068014706,112224.15579044119,111548.61534926471,111970.828125,2583,0.0,0.0
2023-04-26 00:00:00+09:00,111633.0629481132,112393.04597877357,111548.62038915094,111886.390625,14908,0.0,0.0
2023-04-27 00:00:00+09:00,112419.50142431149,112419.50142431149,111034.81164541311,111554.0703125,6608,3216.0,0.0
2023-04-28 00:00:00+09:00,111813.69655797101,113544.558733791,111813.69655797101,113458.015625,6359,0.0,0.0
2023-05-01 00:00:00+09:00,113371.46199356759,113371.46199356759,112073.31548219087,112679.1171875,2815,0.0,0.0
2023-05-02 00:00:00+09:00,112506.04142829901,113717.64495137299,112159.86899313501,113458.015625,4111,0.0,0.0
2023-05-08 00:00:00+09:00,113544.55734292202,114583.07463569265,113111.8418042676,114323.4453125,4384,0.0,0.0
2023-05-09 00:00:00+09:00,114236.89627964805,114236.89627964805,113025.29283425785,113111.8359375,2525,0.0,0.0
2023-05-10 00:00:00+09:00,113025.29391599308,113371.46633227484,112332.94908342957,112419.4921875,2321,0.0,0.0
2023-05-11 00:00:00+09:00,112419.4921875,112679.12149971133,111813.69045900693,112419.4921875,1473,0.0,0.0
2023-05-12 00:00:00+09:00,112073.32168044747,112159.86478599222,110688.63199173151,111207.890625,3523,0.0,0.0
2023-05-15 00:00:00+09:00,111294.42384463875,112765.65650821483,111294.42384463875,112592.5703125,2480,0.0,0.0
2023-05-16 00:00:00+09:00,112938.74596214587,113198.37526320826,112592.57356072932,113025.2890625,2832,0.0,0.0
2023-05-17 00:00:00+09:00,112938.74648977535,112938.74648977535,112332.9447844662,112679.1171875,2262,0.0,0.0
2023-05-18 00:00:00+09:00,112765.66624781469,112765.66624781469,111380.9765625,111380.9765625,3036,0.0,0.0
2023-05-19 00:00:00+09:00,111727.14334134616,112506.03125,111727.14334134616,112506.03125,2447,0.0,0.0
2023-05-22 00:00:00+09:00,112506.03796349389,113284.92591862576,112419.49485736812,113198.3828125,2332,0.0,0.0
2023-05-23 00:00:00+09:00,113544.5557898773,113544.5557898773,112419.49540476418,112852.2109375,2504,0.0,0.0
2023-05-24 00:00:00+09:00,112592.57839564088,113284.9232282044,112419.4921875,112419.4921875,2317,0.0,0.0
2023-05-25 00:00:00+09:00,112332.94908342957,113025.29391599308,111986.77666714782,112419.4921875,2610,0.0,0.0
2023-05-26 00:00:00+09:00,112852.20286179172,113458.00456427067,112332.94425966693,113025.2890625,3212,0.0,0.0
2023-05-29 00:00:00+09:00,113977.2608100453,114756.1486971299,113025.28672583081,114583.0625,3080,0.0,0.0
2023-05-30 00:00:00+09:00,114842.69101856204,115102.3203125,113977.2600387688,115102.3203125,1863,0.0,0.0
2023-05-31 00:00:00+09:00,115188.86457929898,115881.20937015879,111727.140625,111727.140625,8301,0.0,0.0
2023-06-01 00:00:00+09:00,113804.18919080966,114669.62028731772,112679.12876534919,112765.671875,4434,0.0,0.0
2023-06-02 00:00:00+09:00,113544.54713740459,113544.54713740459,112852.20233778626,113371.4609375,2349,0.0,0.0
2023-06-05 00:00:00+09:00,113371.4639094533,114063.80872722097,113025.29150056948,113977.265625,1941,0.0,0.0
2023-06-06 00:00:00+09:00,113977.26482780612,114496.5234375,113458.00621811225,114496.5234375,2268,0.0,0.0
2023-06-07 00:00:00+09:00,114409.99247159091,114496.53558238636,113804.19069602274,114236.90625,4452,0.0,0.0
2023-06-08 00:00:00+09:00,113890.72225644428,114236.89466451858,113198.37744029568,114150.3515625,4934,0.0,0.0
2023-06-09 00:00:00+09:00,114150.34597879129,115708.12173892642,114150.34597879129,115275.40625,5074,0.0,0.0
2023-06-12 00:00:00+09:00,115015.78098586589,115621.58269158527,115015.78098586589,115188.8671875,2916,0.0,0.0
2023-06-13 00:00:00+09:00,115275.4006849315,115448.48687214611,113544.53881278538,113717.625,2657,0.0,0.0
2023-06-14 00:00:00+09:00,114063.80626674961,114409.97866816615,113025.2890625,113025.2890625,2502,0.0,0.0
2023-06-15 00:00:00+09:00,113284.92482546544,114150.35587837196,113111.83861488412,113890.7265625,3248,0.0,0.0
2023-06-16 00:00:00+09:00,112938.7534941227,113371.46902475152,112592.58106961964,113198.3828125,4183,0.0,0.0
2023-06-19 00:00:00+09:00,113198.37877196333,113631.09428714667,112765.66325677998,113284.921875,2425,0.0,0.0
2023-06-20 00:00:00+09:00,113111.84403136974,113371.47335967433,112073.32671815135,112938.7578125,2405,0.0,0.0
2023-06-21 00:00:00+09:00,112938.756972254,113458.015625,112332.955210717,113458.015625,2107,0.0,0.0
2023-06-22 00:00:00+09:00,113631.09455695294,113631.09455695294,112592.57731804706,113111.8359375,2130,0.0,0.0
2023-06-23 00:00:00+09:00,112765.66055288463,113458.00536057694,112506.03125,112506.03125,3180,0.0,0.0
2023-06-26 00:00:00+09:00,112506.0342148049,113284.92214398432,112419.49111156275,113111.8359375,2343,0.0,0.0
2023-06-27 00:00:00+09:00,113284.92080723235,113977.265625,112679.11909168566,113977.265625,3623,0.0,0.0
2023-06-28 00:00:00+09:00,113977.27495431973,115535.05092180472,113804.18873571028,115448.5078125,3003,0.0,0.0
2023-06-29 00:00:00+09:00,115102.33079723673,115881.21875,114842.70147964898,115881.21875,5148,0.0,0.0
2023-06-30 00:00:00+09:00,115708.12343634173,117092.81302121941,115102.32174295773,116746.640625,3999,0.0,0.0
2023-07-03 00:00:00+09:00,117006.27317208271,117525.53178083456,116227.38525895494,117179.359375,2867,0.0,0.0
2023-07-04 00:00:00+09:00,117179.3642353378,117438.99355048256,115794.6745545657,116573.5625,2127,0.0,0.0
2023-07-05 00:00:00+09:00,116313.9375,116660.10993303571,115881.22195870536,116313.9375,1729,0.0,0.0
2023-07-06 00:00:00+09:00,116140.84076544944,116313.92696629214,114842.69425912922,115535.0390625,1355,0.0,0.0
2023-07-07 00:00:00+09:00,115535.03580239663,115708.12199835527,114842.69101856204,115102.3203125,1442,0.0,0.0
2023-07-10 00:00:00+09:00,115188.87015368087,116054.30118413677,114583.06843236173,115794.671875,1602,0.0,0.0
2023-07-11 00:00:00+09:00,115967.76185586258,116313.93427931292,115188.87390309932,115881.21875,2080,0.0,0.0
2023-07-12 00:00:00+09:00,115621.59025693923,116140.8488958177,115102.33161806077,115361.9609375,2233,0.0,0.0
2023-07-13 00:00:00+09:00,115102.3267840485,115967.7578125,114929.2405783582,115967.7578125,2007,0.0,0.0
2023-07-14 00:00:00+09:00,116227.38899907749,117352.44935424354,115881.21658210333,117265.90625,2919,0.0,0.0
2023-07-18 00:00:00+09:00,116833.18556882023,116919.72866924158,115361.95286165731,115535.0390625,3817,0.0,0.0
2023-07-19 00:00:00+09:00,116140.8421574963,117265.90247645864,116140.8421574963,117179.359375,3093,0.0,0.0
2023-07-20 00:00:00+09:00,117179.37413832721,118304.43459903494,117092.83102596508,117698.6328125,2096,0.0,0.0
2023-07-21 00:00:00+09:00,117612.08565622705,118044.80120315944,117179.37010929464,117785.171875,1623,0.0,0.0
2023-07-24 00:00:00+09:00,117871.71331026948,119602.57547341588,117871.71331026948,118823.6875,3204,0.0,0.0
2023-07-25 00:00:00+09:00,118823.68212638376,119169.85454335793,117265.90625,117265.90625,1830,0.0,0.0
2023-07-26 00:00:00+09:00,117698.62848495964,118217.88714004034,117352.45604823917,117958.2578125,1786,0.0,0.0
2023-07-27 00:00:00+09:00,118564.05985947832,118737.14607825129,117525.54254684056,117785.171875,2410,0.0,0.0
2023-07-28 00:00:00+09:00,117352.44373629386,118477.5040376005,115708.12483438413,118390.9609375,4913,0.0,0.0
2023-07-31 00:00:00+09:00,118131.33020987768,118217.87330893254,116400.46822878058,116746.640625,4096,0.0,0.0
2023-08-01 00:00:00+09:00,116919.72980618548,117698.61771755162,116660.10050239676,117352.4453125,2498,0.0,0.0
2023-08-02 00:00:00+09:00,117179.359375,118390.96279542097,117179.359375,117179.359375,2125,0.0,0.0
2023-08-03 00:00:00+09:00,116833.19263842283,117265.90816671327,115794.67537052573,116054.3046875,1590,0.0,0.0
2023-08-04 00:00:00+09:00,116054.31221495719,116573.57088258564,115448.51043605735,116227.3984375,2566,0.0,0.0
2023-08-07 00:00:00+09:00,116227.37601230784,118217.8671875,116140.83291773427,118217.8671875,1807,0.0,0.0
2023-08-08 00:00:00+09:00,118477.51675009185,118477.51675009185,117438.99943745408,117785.171875,1615,0.0,0.0
2023-08-09 00:00:00+09:00,117785.16755635997,118044.796875,116400.47785694648,118044.796875,2358,0.0,0.0
2023-08-10 00:00:00+09:00,118131.33163719847,118477.5040376005,117265.90063619334,118390.9609375,2066,0.0,0.0
2023-08-14 00:00:00+09:00,118131.3354010683,118477.5078125,117698.61988677867,118477.5078125,1191,0.0,0.0
2023-08-15 00:00:00+09:00,118304.43459903494,118304.43459903494,116919.74480124081,117698.6328125,1503,0.0,0.0
2023-08-16 00:00:00+09:00,117438.97933633786,118390.95337664714,117006.26386346998,118217.8671875,2148,0.0,0.0
2023-08-17 00:00:00+09:00,117871.71498438649,118044.80120315944,117438.99943745408,117785.171875,914,0.0,0.0
2023-08-18 00:00:00+09:00,118131.32890107617,118304.41509726821,117092.81172392385,117612.0703125,1963,0.0,0.0
2023-08-21 00:00:00+09:00,117352.44989822354,117958.25163073649,116833.1912703553,116919.734375,1564,0.0,0.0
2023-08-22 00:00:00+09:00,117006.28791360295,117785.17592486214,117006.28791360295,117698.6328125,1110,0.0,0.0
2023-08-23 00:00:00+09:00,117525.54254684056,117958.25809377297,116660.11145297576,117785.171875,1513,0.0,0.0
2023-08-24 00:00:00+09:00,118044.78801475947,118737.1328125,117698.61561588921,118737.1328125,822,0.0,0.0
2023-08-25 00:00:00+09:00,118304.41862839574,118477.50482975403,117352.44452092511,117871.703125,1738,0.0,0.0
2023-08-28 00:00:00+09:00,117958.24839772726,118996.765625,117612.07598863635,118996.765625,1401,0.0,0.0
2023-08-29 00:00:00+09:00,118737.13525849603,119948.73867950108,118390.96285249457,119689.109375,3099,0.0,0.0
2023-08-30 00:00:00+09:00,119862.19153608201,120121.82083182804,119169.84674742594,119775.6484375,2022,0.0,0.0
2023-08-31 00:00:00+09:00,120900.7242063492,120900.7242063492,119689.12067099566,119948.75,3741,0.0,0.0
2023-09-01 00:00:00+09:00,119689.10779569893,120900.71120071685,119169.84919354839,120727.625,2416,0.0,0.0
2023-09-04 00:00:00+09:00,120467.99622573688,120727.62552794752,119948.7376213156,120381.453125,1779,0.0,0.0
2023-09-05 00:00:00+09:00,120035.28288595086,121506.515625,119602.56737446581,121506.515625,2060,0.0,0.0
2023-09-06 00:00:00+09:00,121160.33619456366,121679.59477825464,120900.70690271816,120987.25,1790,0.0,0.0
2023-09-07 00:00:00+09:00,121073.78756754962,122285.3908741584,120294.89972758682,122112.3046875,1755,0.0,0.0
2023-09-08 00:00:00+09:00,121160.35045276988,122371.95395729758,120900.7211303711,121852.6953125,3426,0.0,0.0
2023-09-11 00:00:00+09:00,121593.06332089886,122112.32195429772,120121.83052626876,121073.8046875,1894,0.0,0.0
2023-09-12 00:00:00+09:00,121073.81684276505,121160.35995702006,120035.29947170487,120814.1875,1334,0.0,0.0
2023-09-13 00:00:00+09:00,120727.63798701297,121852.6984126984,119689.12067099566,119948.75,1971,0.0,0.0
2023-09-14 00:00:00+09:00,119689.12067099566,120727.63798701297,119689.12067099566,119948.75,1722,0.0,0.0
2023-09-15 00:00:00+09:00,119948.7376213156,120554.53932647376,119083.3066139468,120381.453125,3494,0.0,0.0
2023-09-19 00:00:00+09:00,120294.92243867244,120381.46554834054,119256.40512265511,119948.75,1894,0.0,0.0
2023-09-20 00:00:00+09:00,119429.49508832011,120294.92621214852,119429.49508832011,120035.296875,1363,0.0,0.0
2023-09-21 00:00:00+09:00,119169.84674742594,120121.82083182804,119169.84674742594,119775.6484375,1856,0.0,0.0
2023-09-22 00:00:00+09:00,120035.29424437591,120121.83735486213,119256.40625,119256.40625,2615,0.0,0.0
2023-09-25 00:00:00+09:00,119516.03529778079,120208.38018002716,119256.4059669384,119429.4921875,2118,0.0,0.0
2023-09-26 00:00:00+09:00,119602.5546875,120381.44252555174,119516.01159438315,119602.5546875,2074,0.0,0.0
2023-09-27 00:00:00+09:00,120554.55815723496,120900.73061425502,120035.29947170487,120814.1875,2587,0.0,0.0
2023-09-28 00:00:00+09:00,120814.16232324149,120814.16232324149,118910.21420639957,119342.9296875,4315,0.0,0.0
2023-09-29 00:00:00+09:00,120035.28204765568,120035.28204765568,119083.30792903692,119516.0234375,2377,0.0,0.0
2023-10-02 00:00:00+09:00,119689.10533891799,120554.53632473807,119516.01914175398,119775.6484375,1547,0.0,0.0
2023-10-03 00:00:00+09:00,120381.46640058876,120468.00951086955,119169.86285665761,119429.4921875,2344,0.0,0.0
2023-10-04 00:00:00+09:00,119169.8616251837,119775.66339088905,117438.99943745408,117785.171875,5351,0.0,0.0
2023-10-05 00:00:00+09:00,118910.22440422661,120641.08647706834,118737.13819694244,120294.9140625,2848,0.0,0.0
2023-10-06 00:00:00+09:00,119948.75084918478,119948.75084918478,119169.86285665761,119429.4921875,2666,0.0,0.0
2023-10-10 00:00:00+09:00,119775.67012893983,121333.44618553009,119516.0407861748,120814.1875,2512,0.0,0.0
2023-10-11 00:00:00+09:00,120900.70871906611,120987.25181764812,119775.6484375,119775.6484375,2521,0.0,0.0
2023-10-12 00:00:00+09:00,119775.64516860044,120554.53303458123,118910.21420639957,119342.9296875,3626,0.0,0.0
2023-10-13 00:00:00+09:00,119083.30872727273,120035.28285227272,118650.59321590909,118996.765625,4833,0.0,0.0
2023-10-16 00:00:00+09:00,119169.86035883942,119689.11900964046,115881.22223709947,116140.8515625,5028,0.0,0.0
2023-10-17 00:00:00+09:00,117092.81574466126,117871.70365427098,116313.92783505155,117525.53125,2865,0.0,0.0
2023-10-18 00:00:00+09:00,117871.71470331987,118304.43024922046,117352.45604823917,117958.2578125,1898,0.0,0.0
2023-10-19 00:00:00+09:00,117871.70207572993,119429.47787408759,117438.98657618613,118564.046875,2766,0.0,0.0
2023-10-20 00:00:00+09:00,118477.4990306928,118650.58522357912,116487.0078125,116487.0078125,2881,0.0,0.0
2023-10-23 00:00:00+09:00,117006.27257336343,117006.27257336343,115015.78125,115015.78125,4428,0.0,0.0
2023-10-24 00:00:00+09:00,112765.66487567464,113717.6390227448,111640.60452004627,112246.40625,20453,0.0,0.0
2023-10-25 00:00:00+09:00,113284.92537037919,113631.09779320694,111813.69257336127,113544.5546875,10703,0.0,0.0
2023-10-26 00:00:00+09:00,113284.92104271967,113544.55034992224,110948.25727789658,111294.4296875,15687,0.0,0.0
2023-10-27 00:00:00+09:00,111207.88203185514,112332.94231700232,110602.08033985282,111727.140625,32895,0.0,0.0
2023-10-30 00:00:00+09:00,110696.52808361758,111140.37943920547,110252.6767280297,110607.7578125,10969,3239.0,0.0
2023-10-31 00:00:00+09:00,110075.13933440257,110874.07179731356,109453.74741880514,110696.53125,13668,0.0,0.0
2023-11-01 00:00:00+09:00,111584.22678536053,112560.69973256734,111317.91598157687,112028.078125,29294,0.0,0.0
2023-11-02 00:00:00+09:00,111051.6151245117,113892.26395263671,110962.84484863281,113625.953125,31624,0.0,0.0
2023-11-06 00:00:00+09:00,114424.87712413595,116289.05277937789,113625.94470046084,115578.890625,11220,0.0,0.0
2023-11-07 00:00:00+09:00,116022.73486142748,116999.20776385725,114868.72143128322,116910.4375,8787,0.0,0.0
2023-11-08 00:00:00+09:00,116289.04958925827,116644.13065670639,115135.03612005188,115490.1171875,3717,0.0,0.0
2023-11-09 00:00:00+09:00,115578.89862895256,115667.66890439723,112294.3984375,112294.3984375,6199,0.0,0.0
2023-11-10 00:00:00+09:00,112294.3943940281,113892.2592944965,112294.3943940281,113714.71875,4598,0.0,0.0
2023-11-13 00:00:00+09:00,113714.71070483934,114424.87283258229,113093.31884306426,113270.859375,1850,0.0,0.0
2023-11-14 00:00:00+09:00,112915.78022780373,114158.56397244937,112383.1586229556,113981.0234375,2915,0.0,0.0
2023-11-15 00:00:00+09:00,115223.8105983527,115223.8105983527,114336.10789728681,114513.6484375,2609,0.0,0.0
2023-11-16 00:00:00+09:00,115046.27175174015,115135.04202315352,114336.10958043311,114779.9609375,2306,0.0,0.0
2023-11-17 00:00:00+09:00,114779.95755026225,114779.95755026225,113625.94405594406,114247.3359375,3020,0.0,0.0
2023-11-20 00:00:00+09:00,114247.33401338937,114691.18534988273,113093.32053850664,113537.171875,3809,0.0,0.0
2023-11-21 00:00:00+09:00,113803.48415475724,113892.2544232087,113093.32200714566,113359.6328125,2250,0.0,0.0
2023-11-22 00:00:00+09:00,113093.33146972656,113803.4936767578,113093.33146972656,113625.953125,2279,0.0,0.0
2023-11-24 00:00:00+09:00,113625.94090202177,114424.87329898911,113625.94090202177,114158.5625,2027,0.0,0.0
2023-11-27 00:00:00+09:00,114069.7827053293,114336.09348207327,113892.2421875,113892.2421875,1410,0.0,0.0
2023-11-28 00:00:00+09:00,113714.71240959734,113981.02321149335,112649.4692020133,113537.171875,3505,0.0,0.0
2023-11-29 00:00:00+09:00,113448.39795692034,113714.70875024644,112560.6953125,112560.6953125,2440,0.0,0.0
2023-11-30 00:00:00+09:00,112827.00488357843,113182.0859375,111495.45093137254,113182.0859375,6774,0.0,0.0
2023-12-01 00:00:00+09:00,113625.93799682036,113625.93799682036,111672.9921875,111672.9921875,5572,0.0,0.0
2023-12-04 00:00:00+09:00,112915.78022780373,114513.64504234813,112915.78022780373,113981.0234375,4818,0.0,0.0
2023-12-05 00:00:00+09:00,113892.25464362325,114069.79518086974,113270.86276326053,113803.484375,2624,0.0,0.0
2023-12-06 00:00:00+09:00,113182.08764304577,113537.16870231807,112827.00658377347,113448.3984375,3983,0.0,0.0
2023-12-07 00:00:00+09:00,112827.02009016798,113004.56064105731,111939.31733572134,112294.3984375,2612,0.0,0.0
2023-12-08 00:00:00+09:00,112028.07495291435,112205.61548374307,111495.45336042823,111939.3046875,4173,0.0,0.0
2023-12-11 00:00:00+09:00,112294.3845191739,112560.6953125,112028.07372584779,112560.6953125,1271,0.0,0.0
2023-12-12 00:00:00+09:00,112028.07642474186,112294.38722448371,111229.14402551629,111761.765625,2140,0.0,0.0
2023-12-13 00:00:00+09:00,112205.62519700552,112649.4765625,111761.77383151103,112649.4765625,3245,0.0,0.0
2023-12-14 00:00:00+09:00,112471.9339234176,112471.9339234176,111317.92039460588,111495.4609375,1883,0.0,0.0
2023-12-15 00:00:00+09:00,111406.68897770351,111495.45924780527,110785.29708699122,111229.1484375,5362,0.0,0.0
2023-12-18 00:00:00+09:00,110341.4438378514,111051.60598644578,109986.3627635542,110518.984375,4147,0.0,0.0
2023-12-19 00:00:00+09:00,110785.30023923445,111406.69214762759,109986.36778558613,111317.921875,5496,0.0,0.0
2023-12-20 00:00:00+09:00,110607.74925771971,112116.84375,110607.74925771971,112116.84375,4332,0.0,0.0
2023-12-21 00:00:00+09:00,111584.21996249999,111939.3010125,110696.5173375,110962.828125,3536,0.0,0.0
2023-12-22 00:00:00+09:00,110785.29708699122,111406.68897770351,110430.2160065842,111229.1484375,2945,0.0,0.0
2023-12-25 00:00:00+09:00,110696.52766611044,110785.2979368932,109542.51414593447,109720.0546875,2628,0.0,0.0
2023-12-26 00:00:00+09:00,109897.59138063525,109897.59138063525,108122.18602715163,108299.7265625,4021,0.0,0.0
2023-12-27 00:00:00+09:00,108832.35324705046,109453.74514976608,108566.0424316009,109098.6640625,4994,0.0,0.0
2023-12-28 00:00:00+09:00,109187.43159329564,110163.90455876414,109009.89105411955,109897.59375,3537,0.0,0.0
2023-12-29 00:00:00+09:00,110252.67988171612,111051.61234462711,110075.13933440257,110696.53125,3419,0.0,0.0
2024-01-04 00:00:00+09:00,111850.53024193547,111850.53024193547,109986.35473790322,110075.125,2157,0.0,0.0
2024-01-05 00:00:00+09:00,110075.13971758155,112028.08574482896,109986.36944361575,111584.234375,4242,0.0,0.0
2024-01-09 00:00:00+09:00,111406.69066605295,112028.08256618232,110696.52849447652,111495.4609375,3648,0.0,0.0
2024-01-10 00:00:00+09:00,110962.83253366157,111761.76492790393,110430.2109375,110430.2109375,3616,0.0,0.0
2024-01-11 00:00:00+09:00,110430.20655,111495.4497,110430.20655,110962.828125,2685,0.0,0.0
2024-01-12 00:00:00+09:00,111051.60789729649,111584.22951790702,110874.06735709298,111229.1484375,2426,0.0,0.0
2024-01-15 00:00:00+09:00,111406.68624950475,112116.84839292789,111406.68624950475,112028.078125,409,0.0,0.0
2024-01-16 00:00:00+09:00,111939.30297968005,112560.69482810017,111672.9921875,111672.9921875,2160,0.0,0.0
2024-01-17 00:00:00+09:00,112471.92946463946,112738.24026842313,111850.53758914421,112028.078125,3163,0.0,0.0
2024-01-18 00:00:00+09:00,112028.07767571886,112205.61821086262,111051.60473242812,111140.375,2822,0.0,0.0
2024-01-19 00:00:00+09:00,111850.53758914421,112116.84839292789,111406.68624950475,112028.078125,2039,0.0,0.0
2024-01-22 00:00:00+09:00,112294.38330269608,113182.0859375,111850.53198529412,113182.0859375,3628,0.0,0.0
2024-01-23 00:00:00+09:00,113182.08864040284,113359.62917160348,112294.38598439969,112383.15625,3305,0.0,0.0
2024-01-24 00:00:00+09:00,112116.84545319906,113004.54810920221,112116.84545319906,112383.15625,3098,0.0,0.0
2024-01-25 00:00:00+09:00,112028.07495291435,112294.38574915742,111140.37229877082,111939.3046875,3058,0.0,0.0
2024-01-26 00:00:00+09:00,111939.30322149643,112560.6950712589,111850.53295724465,112116.84375,2306,0.0,0.0
2024-01-29 00:00:00+09:00,112383.15941939621,113004.55129612272,111939.30807887726,112471.9296875,2042,0.0,0.0
2024-01-30 00:00:00+09:00,112471.93898838932,112738.24981472331,112028.087611166,112294.3984375,2494,0.0,0.0
2024-01-31 00:00:00+09:00,112028.07767571886,112560.69928115017,111140.375,111140.375,4496,0.0,0.0
2024-02-01 00:00:00+09:00,110962.82762096774,111051.5978830645,109808.81421370967,110075.125,5283,0.0,0.0
2024-02-02 00:00:00+09:00,110962.84078448963,111406.69214762759,110430.21914872408,111317.921875,3149,0.0,0.0
2024-02-05 00:00:00+09:00,111051.6027996885,111495.45412982315,110430.2109375,110430.2109375,2755,0.0,0.0
2024-02-06 00:00:00+09:00,110430.22042902968,111229.15289194066,110163.90960805934,110696.53125,2734,0.0,0.0
2024-02-07 00:00:00+09:00,111229.15249848423,111317.922771827,109808.828125,109808.828125,2855,0.0,0.0
2024-02-08 00:00:00+09:00,109986.3654998483,110607.75739532767,109631.28441671723,109720.0546875,2859,0.0,0.0
2024-02-09 00:00:00+09:00,109631.2746526364,109897.58544126629,108566.03149811686,109009.8828125,2943,0.0,0.0
2024-02-13 00:00:00+09:00,109098.6640625,109364.97487794956,108388.50188796787,109098.6640625,2944,0.0,0.0
2024-02-14 00:00:00+09:00,108743.57916194353,108832.34943064715,107678.3359375,107678.3359375,3864,0.0,0.0
2024-02-15 00:00:00+09:00,107855.8747740186,108210.95584323347,107234.48290289256,107412.0234375,2672,0.0,0.0
2024-02-16 00:00:00+09:00,107412.0153656639,107678.32614756224,105991.69119553942,106968.1640625,3591,0.0,0.0
2024-02-19 00:00:00+09:00,107412.01683291771,107589.55735660848,105902.92238154613,106790.625,2471,0.0,0.0
2024-02-20 00:00:00+09:00,106790.63745970259,107855.88072613353,106613.09691529743,106701.8671875,3360,0.0,0.0
2024-02-21 00:00:00+09:00,107412.0276662844,107412.0276662844,105814.16279190993,106435.5546875,4874,0.0,0.0
2024-02-22 00:00:00+09:00,106080.46557658083,106346.77636882328,104926.45214353016,105991.6953125,4738,0.0,0.0
2024-02-26 00:00:00+09:00,106080.46290523691,107145.70604738155,106080.46290523691,106790.625,5108,0.0,0.0
2024-02-27 00:00:00+09:00,106790.6389453125,107234.4903125,106169.24703125001,106524.328125,6189,0.0,0.0
2024-02-28 00:00:00+09:00,106346.77369077307,106968.16552369077,106258.00342892768,106790.625,4431,0.0,0.0
2024-02-29 00:00:00+09:00,106524.31813395114,106701.85866417439,105281.53442238837,105370.3046875,7539,0.0,0.0
2024-03-01 00:00:00+09:00,105814.16194868532,105814.16194868532,104482.60789731763,104660.1484375,4468,0.0,0.0
2024-03-04 00:00:00+09:00,105104.00445670627,105547.85582687818,104393.84226443124,104571.3828125,4875,0.0,0.0
2024-03-05 00:00:00+09:00,105103.99317406144,105459.07423208191,103239.81761945393,104038.75,4538,0.0,0.0
2024-03-06 00:00:00+09:00,103949.99108463652,105459.08574598479,103949.99108463652,105015.234375,3026,0.0,0.0
2024-03-07 00:00:00+09:00,105459.08385638299,105636.62440159575,104127.52976728724,104305.0703125,3502,0.0,0.0
2024-03-08 00:00:00+09:00,103683.6716466036,104393.83378116938,102618.42844475494,103239.8203125,5375,0.0,0.0
2024-03-11 00:00:00+09:00,103594.9030807783,104393.83549528303,102618.43012971699,103506.1328125,3432,0.0,0.0
2024-03-12 00:00:00+09:00,103506.1391400899,103683.6796875,102707.20667674443,103683.6796875,2838,0.0,0.0
2024-03-13 00:00:00+09:00,103506.13041702962,103683.67094947735,101020.56296276132,101908.265625,4869,0.0,0.0
2024-03-14 00:00:00+09:00,102529.65550341297,104038.75,102440.88523890785,104038.75,4634,0.0,0.0
2024-03-15 00:00:00+09:00,104305.06735713528,106701.8646495971,104216.2970870441,104660.1484375,9858,0.0,0.0
2024-03-18 00:00:00+09:00,105370.3039675768,105370.3039675768,103328.58788395904,104038.75,4608,0.0,0.0
2024-03-19 00:00:00+09:00,104216.2995658278,107323.25909291806,104216.2995658278,106701.8671875,5740,0.0,0.0
2024-03-21 00:00:00+09:00,107767.10642446634,108388.49830665025,106435.55239121511,108122.1875,5660,0.0,0.0
2024-03-22 00:00:00+09:00,108210.95528104708,109364.96875,107678.33367999188,109364.96875,3517,0.0,0.0
2024-03-25 00:00:00+09:00,109187.42821631493,109808.82008421265,108743.57688210226,109364.96875,2757,0.0,0.0
2024-03-26 00:00:00+09:00,109897.59035105519,110252.67141842532,109364.96875,109364.96875,2566,0.0,0.0
2024-03-27 00:00:00+09:00,110252.6763121966,110430.21685376213,109542.51414593447,109720.0546875,3262,0.0,0.0
2024-03-28 00:00:00+09:00,109720.0608272506,109897.60137875102,109009.89862124898,109453.75,3690,0.0,0.0
2024-03-29 00:00:00+09:00,109808.82156377033,109808.82156377033,108566.03781122967,109187.4296875,1849,0.0,0.0
2024-04-01 00:00:00+09:00,109009.89338084495,109364.97446677605,107855.87985156891,108210.9609375,2657,0.0,0.0
2024-04-02 00:00:00+09:00,108033.42039453446,108388.50148046555,107589.5690371206,108210.9609375,3689,0.0,0.0
2024-04-03 00:00:00+09:00,108299.72759726821,108388.49786579056,107145.71410647765,107234.484375,3948,0.0,0.0
2024-04-04 00:00:00+09:00,107944.64504132232,107944.64504132232,106701.86129907025,107412.0234375,3395,0.0,0.0
2024-04-05 00:00:00+09:00,106524.32961185309,106968.1809852358,105902.93768911727,106346.7890625,4713,0.0,0.0
2024-04-08 00:00:00+09:00,106346.77900318406,108210.95459505956,105814.15740550534,108033.4140625,4384,0.0,0.0
2024-04-09 00:00:00+09:00,108299.73181726094,109808.82644094409,108122.19127329822,109542.515625,2340,0.0,0.0
2024-04-10 00:00:00+09:00,109453.73855615794,110341.44122084697,108477.265625,108477.265625,2533,0.0,0.0
2024-04-11 00:00:00+09:00,108388.50375151576,109808.828125,108033.4226581447,109808.828125,3190,0.0,0.0
2024-04-12 00:00:00+09:00,109720.05084528688,109720.05084528688,107767.10495645492,108299.7265625,4177,0.0,0.0
2024-04-15 00:00:00+09:00,107855.875,108566.0371399177,107500.79393004115,107855.875,2917,0.0,0.0
2024-04-16 00:00:00+09:00,107944.64086814086,109009.88403460279,107944.64086814086,108388.4921875,2807,0.0,0.0
2024-04-17 00:00:00+09:00,108921.11377073095,109453.73535396192,108210.95165975635,108388.4921875,2628,0.0,0.0
2024-04-18 00:00:00+09:00,108477.26245137183,108921.11377073095,108122.18139588452,108388.4921875,1889,0.0,0.0
2024-04-19 00:00:00+09:00,108566.0403281764,108832.35113846629,107323.2565468236,107944.6484375,3111,0.0,0.0
2024-04-22 00:00:00+09:00,108743.56885442135,109897.58223818256,108654.79859413204,108921.109375,3291,0.0,0.0
2024-04-23 00:00:00+09:00,107944.64615384616,110962.83527327936,107855.87588562754,109631.28125,6822,0.0,0.0
2024-04-24 00:00:00+09:00,109986.36867168553,110075.13894502829,109364.97675828617,109808.828125,2675,0.0,0.0
2024-04-25 00:00:00+09:00,109631.28102769308,110341.44317200202,109098.65941946137,109187.4296875,13871,0.0,0.0
2024-04-26 00:00:00+09:00,109049.29610148515,110139.7890625,108685.79844781353,110139.7890625,5249,2848.0,0.0
2024-04-30 00:00:00+09:00,110139.79571280992,110412.41896952479,109594.54919938017,109958.046875,3736,0.0,0.0
2024-05-01 00:00:00+09:00,109867.17104960073,110957.6640625,109503.67337863431,110957.6640625,2462,0.0,0.0
2024-05-02 00:00:00+09:00,110230.66929853724,111593.7855718085,110230.66929853724,111048.5390625,2809,0.0,0.0
2024-05-07 00:00:00+09:00,111321.16464238377,111866.41116308115,110775.91812168638,111412.0390625,3375,0.0,0.0
2024-05-08 00:00:00+09:00,111502.91232000613,111775.53557751226,110957.66580499387,111230.2890625,3558,0.0,0.0
2024-05-09 00:00:00+09:00,111502.91521943653,112139.03617015867,111139.4175333096,111684.6640625,3040,0.0,0.0
2024-05-10 00:00:00+09:00,111866.41202893328,111957.2864497529,109594.55150844317,110321.546875,3819,0.0,0.0
2024-05-13 00:00:00+09:00,110412.41986607143,111321.1640625,110412.41986607143,111321.1640625,1856,0.0,0.0
2024-05-14 00:00:00+09:00,111321.15821116256,111321.15821116256,110139.79081790124,110412.4140625,1988,0.0,0.0
2024-05-15 00:00:00+09:00,110321.5378893358,110503.28671617161,109776.29140882837,110139.7890625,2217,0.0,0.0
2024-05-16 00:00:00+09:00,109776.30207477404,110685.04629724733,109776.30207477404,110594.171875,1948,0.0,0.0
2024-05-17 00:00:00+09:00,110048.9181483477,110866.78789511493,110048.9181483477,110685.0390625,1697,0.0,0.0
2024-05-20 00:00:00+09:00,110685.04222623966,110866.79106404958,109594.54919938017,109958.046875,2078,0.0,0.0
2024-05-21 00:00:00+09:00,109958.0474556152,110412.41955253923,109503.67535869117,110048.921875,1788,0.0,0.0
2024-05-22 00:00:00+09:00,109776.29861684558,110321.54513315442,109321.92651992156,110048.921875,2107,0.0,0.0
2024-05-23 00:00:00+09:00,109685.42563151041,110503.29541666668,108685.80700520833,109049.3046875,1884,0.0,0.0
2024-05-24 00:00:00+09:00,108776.68142578125,109412.80236979167,108231.43490234375,109049.3046875,2486,0.0,0.0
2024-05-27 00:00:00+09:00,109049.3102006689,109049.3102006689,108140.56594899666,108685.8125,1743,0.0,0.0
2024-05-28 00:00:00+09:00,108685.81364774624,109140.18577838063,108140.56709098497,108867.5625,2184,0.0,0.0
2024-05-29 00:00:00+09:00,108776.6817080876,109140.17939132266,107686.18865838247,107867.9375,2356,0.0,0.0
2024-05-30 00:00:00+09:00,107777.06219336604,107867.93661342791,106232.19705231443,106504.8203125,3434,0.0,0.0
2024-05-31 00:00:00+09:00,106595.69473256187,107231.81567299488,105686.95053194326,106504.8203125,5595,0.0,0.0
2024-06-03 00:00:00+09:00,106504.82377440577,107595.31685059423,106413.94935139007,107050.0703125,2819,0.0,0.0
2024-06-04 00:00:00+09:00,107231.81567299488,107504.43893318047,106413.94589243815,106504.8203125,2613,0.0,0.0
2024-06-05 00:00:00+09:00,106777.44357268559,107595.31335324232,106504.8203125,106504.8203125,2786,0.0,0.0
2024-06-06 00:00:00+09:00,106504.81658184902,107140.9375,105777.82124681934,107140.9375,2229,0.0,0.0
2024-06-07 00:00:00+09:00,107140.94212015085,107322.69096174568,105414.328125,105414.328125,2612,0.0,0.0
2024-06-10 00:00:00+09:00,106141.31601362862,106868.31132879046,105232.57186967632,106686.5625,2774,0.0,0.0
2024-06-11 00:00:00+09:00,106686.57060185185,106777.44502314815,105505.203125,105505.203125,1958,0.0,0.0
2024-06-12 00:00:00+09:00,105596.0804298885,106141.32697255575,105050.83388722126,105959.578125,2054,0.0,0.0
2024-06-13 00:00:00+09:00,105959.5740670837,106050.44848738136,105232.57870470233,105323.453125,2677,0.0,0.0
2024-06-14 00:00:00+09:00,105596.07985515022,106504.82408798284,105141.70773873391,105868.703125,2993,0.0,0.0
2024-06-17 00:00:00+09:00,106141.32232297063,106323.07116256477,104596.45718642055,105232.578125,2695,0.0,0.0
2024-06-18 00:00:00+09:00,105232.57781086101,105232.57781086101,103051.59174224213,103960.3359375,4047,0.0,0.0
2024-06-19 00:00:00+09:00,104142.08566113029,105505.20196559535,104051.21124083262,105323.453125,3210,0.0,0.0
2024-06-20 00:00:00+09:00,105141.69823714501,106141.316802926,104869.07499193202,105596.0703125,2235,0.0,0.0
2024-06-21 00:00:00+09:00,105414.32110191639,105777.8187608885,104051.2048807709,104323.828125,3625,0.0,0.0
2024-06-24 00:00:00+09:00,104505.57733164802,105596.0703125,104232.95408643503,105596.0703125,1465,0.0,0.0
2024-06-25 00:00:00+09:00,105323.44823211984,106686.56447326031,105050.82498389175,105777.8203125,2264,0.0,0.0
2024-06-26 00:00:00+09:00,106232.20139633362,106232.20139633362,105232.58273477701,105959.578125,2294,0.0,0.0
2024-06-27 00:00:00+09:00,105414.33016304347,105414.33016304347,103960.33940217391,104505.5859375,5607,0.0,0.0
2024-06-28 00:00:00+09:00,105141.69104686155,105686.9375,104323.82136715391,105686.9375,3385,0.0,0.0
2024-07-01 00:00:00+09:00,105505.20957969432,105505.20957969432,103778.59546943232,104051.21875,3655,0.0,0.0
2024-07-02 00:00:00+09:00,104323.828125,104323.828125,103505.95839231272,104323.828125,1921,0.0,0.0
2024-07-03 00:00:00+09:00,104323.83361560314,104687.33129370629,103596.83825939684,103960.3359375,2869,0.0,0.0
2024-07-04 00:00:00+09:00,104051.21382472826,104505.5859375,103596.84171195651,104505.5859375,1836,0.0,0.0
2024-07-05 00:00:00+09:00,104414.71266682944,104687.3359375,103687.71727837456,104687.3359375,1999,0.0,0.0
2024-07-08 00:00:00+09:00,104505.5859375,105050.83247282608,104142.0882472826,104505.5859375,2138,0.0,0.0
2024-07-09 00:00:00+09:00,104232.95371025697,104505.57695448607,103415.0839775697,104323.828125,1853,0.0,0.0
2024-07-10 00:00:00+09:00,104323.83535854402,105232.5795689843,104051.21209541195,104232.9609375,2023,0.0,0.0
2024-07-11 00:00:00+09:00,104232.95545992616,105141.69962261077,104232.95545992616,104596.453125,1810,0.0,0.0
2024-07-12 00:00:00+09:00,104687.33676092545,106323.07639781492,104414.71348811054,106050.453125,3306,0.0,0.0
2024-07-16 00:00:00+09:00,106323.0703125,106595.69356971154,105777.82379807693,106323.0703125,1433,0.0,0.0
2024-07-17 00:00:00+09:00,106323.07320478724,106868.31973404255,106050.44994015958,106777.4453125,1841,0.0,0.0
2024-07-18 00:00:00+09:00,106959.19241280931,107504.43893318047,106504.8203125,106504.8203125,2135,0.0,0.0
2024-07-19 00:00:00+09:00,106959.1967865566,107050.07121033447,105777.82927744425,105959.578125,1809,0.0,0.0
2024-07-22 00:00:00+09:00,105777.82726827677,105777.82726827677,104323.83651544822,104414.7109375,2442,0.0,0.0
2024-07-23 00:00:00+09:00,104232.95545992616,105141.69962261077,103869.45779485231,104596.453125,3256,0.0,0.0
2024-07-24 00:00:00+09:00,104596.44707945191,105323.44236758015,104414.69825741985,104869.0703125,1962,0.0,0.0
2024-07-25 00:00:00+09:00,104505.5816122405,105505.20021896626,104414.70719344723,105050.828125,1814,0.0,0.0
2024-07-26 00:00:00+09:00,104959.95544380932,105868.69964678603,104869.08102351165,105323.453125,1814,0.0,0.0
2024-07-29 00:00:00+09:00,105141.69104686155,106050.43513542562,104505.57018486672,105686.9375,2158,0.0,0.0
2024-07-30 00:00:00+09:00,106232.20113796658,106232.20113796658,104687.3359375,104687.3359375,2604,0.0,0.0
2024-07-31 00:00:00+09:00,105050.82382207402,106232.191217997,104959.94940700302,105596.0703125,4696,0.0,0.0
2024-08-01 00:00:00+09:00,105505.2005408654,106323.0703125,104687.33076923077,106323.0703125,3754,0.0,0.0
2024-08-02 00:00:00+09:00,105050.83160792952,105050.83160792952,102506.34779735684,103142.46875,4394,0.0,0.0
2024-08-05 00:00:00+09:00,101779.35036663612,102688.09456633823,99143.9921875,99143.9921875,7269,0.0,0.0
2024-08-06 00:00:00+09:00,100961.4788887332,104778.20446328475,99870.98586743274,101324.9765625,5697,0.0,0.0
2024-08-07 00:00:00+09:00,100779.72557732584,104596.45098241842,100597.9767485119,103051.5859375,4270,0.0,0.0
2024-08-08 00:00:00+09:00,102778.97541380646,104596.46392687112,102142.85443423383,102597.2265625,2164,0.0,0.0
2024-08-09 00:00:00+09:00,102688.09460252683,103324.21554254249,101324.97830249328,101597.6015625,4700,0.0,0.0
2024-08-13 00:00:00+09:00,102233.71852345123,104142.08126922233,102142.84410698594,103415.0859375,2510,0.0,0.0
2024-08-14 00:00:00+09:00,103869.45179132366,104869.0703125,103142.45650319541,104869.0703125,2752,0.0,0.0
2024-08-15 00:00:00+09:00,104323.83335133966,105323.45196359119,103415.08915838375,105141.703125,1931,0.0,0.0
2024-08-16 00:00:00+09:00,105323.43986457436,105868.68631771281,104778.19341143593,105686.9375,2160,0.0,0.0
2024-08-19 00:00:00+09:00,105414.32638288678,106232.1961565471,104869.07986711322,105141.703125,1947,0.0,0.0
2024-08-20 00:00:00+09:00,105414.33215509854,106050.453125,105141.70888228364,106050.453125,1613,0.0,0.0
2024-08-21 00:00:00+09:00,105596.08191287878,105777.83076298701,104778.21208739177,104959.9609375,1790,0.0,0.0
2024-08-22 00:00:00+09:00,104959.95544380932,105323.453125,103687.71355964194,105323.453125,1846,0.0,0.0
2024-08-23 00:00:00+09:00,105050.83044181034,105414.328125,104778.2071794181,105414.328125,1656,0.0,0.0
2024-08-26 00:00:00+09:00,105414.33215509854,106413.95082208655,105323.4577308269,106050.453125,1431,0.0,0.0
2024-08-27 00:00:00+09:00,106232.19506133672,107777.06017343486,106050.4462246193,107413.5625,1510,0.0,0.0
2024-08-28 00:00:00+09:00,107686.19038865546,108504.06018907562,107413.56712184874,108140.5625,3146,0.0,0.0
2024-08-29 00:00:00+09:00,107867.9340071973,109321.92469305673,106959.18982853513,107322.6875,2212,0.0,0.0
2024-08-30 00:00:00+09:00,106777.43691439524,107140.93457197615,105777.8183560477,106686.5625,4942,0.0,0.0
2024-09-02 00:00:00+09:00,106686.56915262372,107231.81567299488,106323.07147237628,106504.8203125,2063,0.0,0.0
2024-09-03 00:00:00+09:00,107140.94299867022,107231.81742021277,106595.6964694149,106777.4453125,1738,0.0,0.0
2024-09-04 00:00:00+09:00,105959.57054965307,106595.69147062012,104596.45429043799,104778.203125,3369,0.0,0.0
2024-09-05 00:00:00+09:00,105232.58629912663,105777.832860262,103869.46989628821,104051.21875,2532,0.0,0.0
2024-09-06 00:00:00+09:00,104505.58535955178,104778.20862570714,104142.08767134465,104414.7109375,1861,0.0,0.0
2024-09-09 00:00:00+09:00,104051.20977553587,104596.45628964348,103505.96326142826,103869.4609375,2485,0.0,0.0
2024-09-10 00:00:00+09:00,103960.3262023397,105868.68883367635,103960.3262023397,104869.0703125,2673,0.0,0.0
2024-09-11 00:00:00+09:00,104505.58420063209,104778.20746376416,103687.71441123584,104232.9609375,3406,0.0,0.0
2024-09-12 00:00:00+09:00,104323.83824327258,105050.83363172744,104232.96381971572,104687.3359375,2061,0.0,0.0
2024-09-13 00:00:00+09:00,104959.9548656088,105414.32696459412,104687.33160621762,105232.578125,4429,0.0,0.0
2024-09-17 00:00:00+09:00,104869.07615173969,105777.8203125,104596.4529035116,105777.8203125,1597,0.0,0.0
2024-09-18 00:00:00+09:00,104869.08160021552,105959.57464978448,104869.08160021552,105414.328125,1840,0.0,0.0
2024-09-19 00:00:00+09:00,105686.94964077354,105868.69847936473,104505.58218993085,105141.703125,1862,0.0,0.0
2024-09-20 00:00:00+09:00,104687.33044982699,105959.57231293253,104687.33044982699,105050.828125,3976,0.0,0.0
2024-09-24 00:00:00+09:00,105596.07666612128,105596.07666612128,104142.0859375,104142.0859375,2053,0.0,0.0
2024-09-25 00:00:00+09:00,104142.0725494411,106141.30954428202,103687.70050515907,105686.9375,2956,0.0,0.0
2024-09-26 00:00:00+09:00,105777.82495200512,106504.8203125,105596.07611188141,106504.8203125,1866,0.0,0.0
2024-09-27 00:00:00+09:00,106141.31601362862,107140.93457197615,106050.4415992334,106686.5625,2122,0.0,0.0
2024-09-30 00:00:00+09:00,105414.32841107236,105596.07725316042,104051.21209541195,104232.9609375,4313,0.0,0.0
2024-10-01 00:00:00+09:00,104505.58187062555,104505.58187062555,103596.8376804462,103869.4609375,2804,0.0,0.0
2024-10-02 00:00:00+09:00,103869.4609375,104232.95861357174,103142.46558535652,103869.4609375,2410,0.0,0.0
2024-10-03 00:00:00+09:00,103687.71267892263,104778.20571323208,103687.71267892263,103960.3359375,1838,0.0,0.0
2024-10-04 00:00:00+09:00,104232.96239546654,104323.83681778169,103233.34375,103233.34375,2868,0.0,0.0
2024-10-07 00:00:00+09:00,103687.72428127748,103960.3475703606,102688.1055546394,103324.2265625,3425,0.0,0.0
2024-10-08 00:00:00+09:00,103233.3414310954,103596.8391121908,102597.22048917843,102869.84375,3222,0.0,0.0
2024-10-09 00:00:00+09:00,102597.21152516593,103233.33241150442,102597.21152516593,102688.0859375,1446,0.0,0.0
2024-10-10 00:00:00+09:00,102869.84868566992,102960.72311030391,102415.4765625,102415.4765625,1615,0.0,0.0
2024-10-11 00:00:00+09:00,102506.35213684676,102960.72426511293,102142.85443423383,102597.2265625,2457,0.0,0.0
2024-10-15 00:00:00+09:00,102597.21583073844,103233.33674377223,101688.47166926156,102142.84375,3383,0.0,0.0
2024-10-16 00:00:00+09:00,101961.10303217822,102142.8518789379,100870.60995162016,100961.484375,3475,0.0,0.0
2024-10-17 00:00:00+09:00,101324.97714353718,102051.9724952397,100961.47946768593,101415.8515625,2884,0.0,0.0
2024-10-18 00:00:00+09:00,101415.84725935828,102415.46582553476,101415.84725935828,101961.09375,1816,0.0,0.0
2024-10-21 00:00:00+09:00,101961.09807627687,102142.84691420251,101143.22830561156,101415.8515625,2199,0.0,0.0
2024-10-22 00:00:00+09:00,101324.97187641147,101415.8462906504,100143.60449130533,100597.9765625,3774,0.0,0.0
2024-10-23 00:00:00+09:00,100052.73842226985,101052.35706227437,99689.24073499549,100688.859375,3210,0.0,0.0
2024-10-24 00:00:00+09:00,100416.23321339529,100870.6053093835,99961.86111740708,100234.484375,3051,0.0,0.0
2024-10-25 00:00:00+09:00,100052.73320916743,100688.85412875342,99689.23554083258,99870.984375,3006,0.0,0.0
2024-10-28 00:00:00+09:00,99870.98785350678,100870.60647624434,99598.36459276019,100416.234375,3790,0.0,0.0
2024-10-29 00:00:00+09:00,100416.23237808296,101597.59981782512,100416.23237808296,101324.9765625,13618,0.0,0.0
2024-10-30 00:00:00+09:00,101548.04462659381,102948.06362420309,101548.04462659381,102481.390625,7734,2939.0,0.0
2024-10-31 00:00:00+09:00,102108.05201179029,102294.72121108058,101641.37901356457,101921.3828125,5319,0.0,0.0
2024-11-01 00:00:00+09:00,101734.71627913619,102854.7315042276,101361.37787077238,102108.0546875,3564,0.0,0.0
2024-11-05 00:00:00+09:00,101734.72342289721,101828.05803154207,99681.36203271028,99868.03125,4622,0.0,0.0
2024-11-06 00:00:00+09:00,100988.03702755009,102854.72902436247,100428.02942850637,102481.390625,6164,0.0,0.0
2024-11-07 00:00:00+09:00,101734.71452937095,102294.72213228492,100894.703125,100894.703125,3516,0.0,0.0
2024-11-08 00:00:00+09:00,100334.69968463303,102014.7225630734,100334.69968463303,101734.71875,4762,0.0,0.0
2024-11-11 00:00:00+09:00,101734.72008192026,102014.72389865949,101081.37784286206,101828.0546875,2789,0.0,0.0
2024-11-12 00:00:00+09:00,102108.05222563751,102854.72902436247,101828.04842611567,102481.390625,2131,0.0,0.0
2024-11-13 00:00:00+09:00,101734.71116560219,102668.05713959853,101641.37656820256,102294.71875,2689,0.0,0.0
2024-11-14 00:00:00+09:00,102388.05715347666,102481.39175434584,101828.04954826167,102014.71875,2619,0.0,0.0
2024-11-15 00:00:00+09:00,102201.38415260037,102761.39173699816,101921.38036040145,102294.71875,3324,0.0,0.0
2024-11-18 00:00:00+09:00,102668.05649146451,103974.74084681041,102294.71810422282,103881.40625,3645,0.0,0.0
2024-11-19 00:00:00+09:00,103881.40625,105001.42141172507,103788.07165318957,103881.40625,3575,0.0,0.0
2024-11-20 00:00:00+09:00,105001.43217551293,105374.77060102587,104534.75914362176,104628.09375,3000,0.0,0.0
2024-11-21 00:00:00+09:00,105468.10136788257,105841.43977980428,104534.75533807829,104908.09375,3461,0.0,0.0
2024-11-22 00:00:00+09:00,105468.1015625,105934.77457826328,104628.0901341261,105468.1015625,3380,0.0,0.0
2024-11-25 00:00:00+09:00,106214.77858164613,106961.45540823063,106028.109375,106028.109375,5916,0.0,0.0
2024-11-26 00:00:00+09:00,106961.453125,107241.45692899213,106308.11091568499,106961.453125,4123,0.0,0.0
2024-11-27 00:00:00+09:00,107334.78884396853,107428.12344296329,106401.44285402098,106774.78125,4325,0.0,0.0
2024-11-28 00:00:00+09:00,107054.78504698427,107241.45424497378,106588.11205201049,106774.78125,2905,0.0,0.0
2024-11-29 00:00:00+09:00,107148.12461487677,107148.12461487677,106028.109375,106028.109375,3766,0.0,0.0
2024-12-02 00:00:00+09:00,106868.12080490756,106961.45540823063,105934.77477167694,106028.109375,3218,0.0,0.0
2024-12-03 00:00:00+09:00,106681.45159826144,106681.45159826144,105561.43635838469,106028.109375,3827,0.0,0.0
2024-12-04 00:00:00+09:00,106214.77724394274,106494.78105038547,105654.76963105726,105934.7734375,2407,0.0,0.0
2024-12-05 00:00:00+09:00,105654.76963105726,106681.45025468062,105374.76582461454,105934.7734375,3004,0.0,0.0
2024-12-06 00:00:00+09:00,106401.441292876,106681.44508575198,105841.43370712402,106121.4375,2883,0.0,0.0
2024-12-09 00:00:00+09:00,106121.44745205174,106308.1166648082,103134.74004794826,104628.09375,5212,0.0,0.0
2024-12-10 00:00:00+09:00,104628.08820178894,104628.08820178894,103414.73838321332,103694.7421875,2471,0.0,0.0
2024-12-11 00:00:00+09:00,103881.41026125672,104441.41786374328,103601.40646001344,104161.4140625,3380,0.0,0.0
2024-12-12 00:00:00+09:00,104441.41383086253,104814.75221810421,103788.07165318957,103881.40625,3691,0.0,0.0
2024-12-13 00:00:00+09:00,103508.07185959902,104628.08706457214,103321.40265877017,104161.4140625,5797,0.0,0.0
2024-12-16 00:00:00+09:00,104534.74842767295,104721.41762129379,103321.39866913746,103881.40625,2990,0.0,0.0
2024-12-17 00:00:00+09:00,106494.77830693492,111161.50829409246,106214.77450770547,109014.8125,11081,0.0,0.0
2024-12-18 00:00:00+09:00,109014.8122848537,109668.15448176635,108174.80088882314,108454.8046875,6940,0.0,0.0
2024-12-19 00:00:00+09:00,108174.79999200768,110134.82656649617,107801.46159686701,109481.484375,4389,0.0,0.0
2024-12-20 00:00:00+09:00,110134.82925531916,111254.84446808511,109481.48704787235,109668.15625,8518,0.0,0.0
2024-12-23 00:00:00+09:00,110321.50284926471,111721.52192095589,110228.16824448529,111068.1796875,5902,0.0,0.0
2024-12-24 00:00:00+09:00,111721.51829649707,112748.19891576313,111534.84909299416,111908.1875,4513,0.0,0.0
2024-12-25 00:00:00+09:00,111908.18997777197,112281.52839304393,111161.51314722803,111534.8515625,2708,0.0,0.0
2024-12-26 00:00:00+09:00,111628.1840937242,113028.203125,111534.84949163914,113028.203125,4056,0.0,0.0
2024-12-27 00:00:00+09:00,113028.19507261411,113308.19885892115,112094.84911825726,112468.1875,2968,0.0,0.0
2024-12-30 00:00:00+09:00,112561.5256715092,112748.19486831104,111348.17589229724,111628.1796875,8076,0.0,0.0
2025-01-06 00:00:00+09:00,113308.205383098,113774.87838714701,112188.1901733804,112374.859375,5086,0.0,0.0
2025-01-07 00:00:00+09:00,112748.19486831104,112841.52946671196,111254.84129389632,111628.1796875,4684,0.0,0.0
2025-01-08 00:00:00+09:00,112001.52573529413,112374.86415441177,111068.1796875,111068.1796875,3549,0.0,0.0
2025-01-09 00:00:00+09:00,110881.51010717318,111068.17931610781,109761.49485356537,109948.1640625,4326,0.0,0.0
2025-01-10 00:00:00+09:00,109574.82829713983,110228.1705442267,108921.48605005296,110134.8359375,5051,0.0,0.0
2025-01-14 00:00:00+09:00,110134.82433431954,111161.50490014793,109668.15134985208,110414.828125,6471,0.0,0.0
2025-01-15 00:00:00+09:00,110414.83745404411,111441.51810661764,110321.50284926471,111068.1796875,5420,0.0,0.0
2025-01-16 00:00:00+09:00,111068.17454907719,112001.52055369128,110974.83994861577,111254.84375,4464,0.0,0.0
2025-01-17 00:00:00+09:00,111254.84262740183,112188.18862259816,111068.17342836257,111721.515625,3780,0.0,0.0
2025-01-20 00:00:00+09:00,111721.51747340427,111721.51747340427,109668.15625,109668.15625,5264,0.0,0.0
2025-01-21 00:00:00+09:00,109668.16024909804,110694.84089823853,109668.16024909804,109948.1640625,2685,0.0,0.0
2025-01-22 00:00:00+09:00,110134.82678647159,110788.1689792727,109668.15379161366,110041.4921875,3285,0.0,0.0
2025-01-23 00:00:00+09:00,109761.49751059322,110601.50897113347,109574.82829713983,110134.8359375,4112,0.0,0.0
2025-01-24 00:00:00+09:00,110041.49546497081,112281.52590700584,110041.49546497081,111908.1875,4677,0.0,0.0
2025-01-27 00:00:00+09:00,112561.52828467153,115081.5625,112561.52828467153,115081.5625,9609,0.0,0.0
2025-01-28 00:00:00+09:00,116668.24672284644,126655.0486423221,116668.24672284644,124601.6875,52470,0.0,0.0
2025-01-29 00:00:00+09:00,125068.36338886821,126748.38618065897,125068.36338886821,125348.3671875,13698,0.0,0.0
2025-01-30 00:00:00+09:00,125255.04288414861,125721.71592022965,124601.70063363518,124975.0390625,6966,0.0,0.0
2025-01-31 00:00:00+09:00,124601.68568575075,124788.35487778933,122921.66295740355,123388.3359375,11640,0.0,0.0
2025-02-03 00:00:00+09:00,123388.34395001883,124508.35917498117,123015.00554169805,123948.3515625,9090,0.0,0.0
2025-02-04 00:00:00+09:00,123388.34679079341,124788.36585422905,123015.00837387725,124695.03125,6185,0.0,0.0
2025-02-05 00:00:00+09:00,124695.03125,125535.04268806138,124041.6890203967,124695.03125,6318,0.0,0.0
2025-02-06 00:00:00+09:00,124601.69263995688,126281.71546206865,124415.0234375,124415.0234375,6308,0.0,0.0
2025-02-07 00:00:00+09:00,124415.02724976503,125068.36947838345,123201.67739661653,124135.0234375,5509,0.0,0.0
2025-02-10 00:00:00+09:00,124041.67945719954,124601.6870393991,122921.66429280046,123481.671875,5396,0.0,0.0
2025-02-12 00:00:00+09:00,123295.01429332387,124321.69495738637,122641.67205255682,123201.6796875,5201,0.0,0.0
2025-02-13 00:00:00+09:00,123295.0080185569,124041.68482714769,123201.67341748303,123855.015625,3643,0.0,0.0
2025-02-14 00:00:00+09:00,124135.02305813733,124881.69988856222,122921.67320869688,123015.0078125,4313,0.0,0.0
2025-02-17 00:00:00+09:00,123201.6772092145,124228.35785262461,123015.00800132175,123575.015625,4641,0.0,0.0
2025-02-18 00:00:00+09:00,123481.671875,124041.67945719954,123108.33348686698,123481.671875,3404,0.0,0.0
2025-02-19 00:00:00+09:00,123668.34353084723,124135.01652530326,123015.0013386088,123108.3359375,3551,0.0,0.0
2025-02-20 00:00:00+09:00,123015.01047585228,123575.01811079546,122641.67205255682,123201.6796875,2474,0.0,0.0
2025-02-21 00:00:00+09:00,122921.671875,123388.34488895215,122828.33727220957,122921.671875,3255,0.0,0.0
2025-02-25 00:00:00+09:00,122828.34259084027,123668.35405232779,122828.34259084027,123295.015625,5485,0.0,0.0
2025-02-26 00:00:00+09:00,124601.68708003497,126748.3828125,123295.00272114322,126748.3828125,6189,0.0,0.0
2025-02-27 00:00:00+09:00,125068.36451326607,126468.3835190116,124508.35691096786,124881.6953125,6221,0.0,0.0
2025-02-28 00:00:00+09:00,125535.03708875377,125721.70628888575,123761.6796875,123761.6796875,8106,0.0,0.0
2025-03-03 00:00:00+09:00,123761.6796875,124975.02948835785,123481.67588730204,123761.6796875,2765,0.0,0.0
2025-03-04 00:00:00+09:00,123948.34980988594,124228.35361216731,122081.65779467681,122735.0,9073,0.0,0.0
2025-03-05 00:00:00+09:00,122921.671875,123388.34488895215,122921.671875,122921.671875,2495,0.0,0.0
2025-03-06 00:00:00+09:00,122921.67719767222,123388.35023183195,122921.67719767222,123295.015625,2198,0.0,0.0
2025-03-07 00:00:00+09:00,122921.66272083967,123481.67029587766,122734.99352916033,122828.328125,4537,0.0,0.0
2025-03-10 00:00:00+09:00,122921.671875,123388.34488895215,122828.33727220957,122921.671875,3239,0.0,0.0
2025-03-11 00:00:00+09:00,123108.34108058085,123668.34869732345,122921.671875,122921.671875,4163,0.0,0.0
2025-03-12 00:00:00+09:00,123201.6772092145,124041.68864473187,123108.34260526812,123575.015625,3743,0.0,0.0
2025-03-13 00:00:00+09:00,123575.01409453302,123761.68330011389,122921.671875,122921.671875,2759,0.0,0.0
2025-03-14 00:00:00+09:00,123201.6772092145,123575.015625,122921.67339737537,123575.015625,5702,0.0,0.0
2025-03-17 00:00:00+09:00,123388.33995283018,124135.01674528302,123201.67075471698,123668.34375,1968,0.0,0.0
2025-03-18 00:00:00+09:00,123948.35195895523,125068.3671875,123481.67894706158,125068.3671875,2880,0.0,0.0
2025-03-19 00:00:00+09:00,125068.36048689138,125161.69508426965,124041.67991573033,124601.6875,1829,0.0,0.0
2025-03-21 00:00:00+09:00,124695.03294106746,126561.72505096368,124601.69833557266,125908.3828125,4012,0.0,0.0
2025-03-24 00:00:00+09:00,126001.71474205589,126468.38775961906,121801.65758398737,121894.9921875,7389,0.0,0.0
2025-03-25 00:00:00+09:00,124135.0140542328,125721.7022037982,123481.671875,123481.671875,3541,0.0,0.0
2025-03-26 00:00:00+09:00,124135.02135958396,125628.375,123388.34453937593,125628.375,2571,0.0,0.0
2025-03-27 00:00:00+09:00,125161.70065636617,126095.04667170075,125068.36605483272,125535.0390625,2121,0.0,0.0
2025-03-28 00:00:00+09:00,124881.69397438294,124975.02857376589,123761.67878178757,124788.359375,3452,0.0,0.0
2025-03-31 00:00:00+09:00,124601.69377706137,125721.70900202372,123948.3515625,123948.3515625,3263,0.0,0.0
2025-04-01 00:00:00+09:00,125068.36928814198,126188.38453549848,123108.34260526812,123575.015625,3600,0.0,0.0
2025-04-02 00:00:00+09:00,122735.0,123108.33840304182,121988.32319391635,122735.0,2789,0.0,0.0
2025-04-03 00:00:00+09:00,121334.98343344775,122735.00247306445,121241.64883080663,122361.6640625,3482,0.0,0.0
2025-04-04 00:00:00+09:00,122268.32299209222,122828.33057831554,121614.98080816501,122454.9921875,3121,0.0,0.0
2025-04-07 00:00:00+09:00,120214.96913461538,122828.33802884615,120214.96913461538,121334.984375,8172,0.0,0.0
2025-04-08 00:00:00+09:00,123481.67411224295,124135.01630331302,122174.98973010281,122548.328125,5952,0.0,0.0
2025-04-09 00:00:00+09:00,122548.328125,123668.34330969154,121708.31673648134,122548.328125,3642,0.0,0.0
2025-04-10 00:00:00+09:00,122548.3349702381,129268.42645375457,122361.66576236264,127401.734375,7215,0.0,0.0
2025-04-11 00:00:00+09:00,124695.03557549964,127588.40840696706,124695.03557549964,126095.0546875,5116,0.0,0.0
2025-04-14 00:00:00+09:00,126281.71431824552,127681.73332399104,124881.6953125,124881.6953125,3423,0.0,0.0
2025-04-15 00:00:00+09:00,125068.36947838345,125815.04631109022,123388.34660479323,124135.0234375,3942,0.0,0.0
2025-04-16 00:00:00+09:00,124135.01829954956,124601.69130067568,123295.00689752253,124321.6875,2647,0.0,0.0
2025-04-17 00:00:00+09:00,124135.01317700525,125441.6975262369,123855.00938788419,124508.3515625,3483,0.0,0.0
2025-04-18 00:00:00+09:00,124228.35423504314,124695.02724118531,123761.68122890098,124415.0234375,2894,0.0,0.0
2025-04-21 00:00:00+09:00,124415.0209774682,125348.36697129767,123855.01338117053,124788.359375,1924,0.0,0.0
2025-04-22 00:00:00+09:00,125068.36338886821,125348.3671875,124415.02119206068,125348.3671875,2183,0.0,0.0
2025-04-23 00:00:00+09:00,125068.36493055556,126561.71854166668,124881.69572916668,126001.7109375,3236,0.0,0.0
2025-04-24 00:00:00+09:00,125908.37186329588,126095.04105805243,124508.35290262171,124601.6875,3177,0.0,0.0
2025-04-25 00:00:00+09:00,124415.0234375,125068.36564609903,123761.68122890098,124415.0234375,10621,0.0,0.0
2025-04-28 00:00:00+09:00,124801.07945276935,126330.03601574356,124036.60117128225,125947.796875,5833,3104.0,0.0
2025-04-30 00:00:00+09:00,125852.23969588302,128241.23437500001,124609.96246274219,128241.234375,5660,0.0,0.0
2025-05-01 00:00:00+09:00,127763.43339365257,129961.30846325167,127190.0746798441,128719.03125,6482,0.0,0.0
2025-05-02 00:00:00+09:00,129770.19863782052,131490.2749084249,129292.39967376374,130439.1171875,5575,0.0,0.0
2025-05-07 00:00:00+09:00,130630.2324638621,130630.2324638621,128432.35730170496,128910.15625,3471,0.0,0.0
2025-05-08 00:00:00+09:00,129292.39589799661,129387.9556880173,126807.84135745862,126998.9609375,3957,0.0,0.0
2025-05-09 00:00:00+09:00,127572.31999577704,127572.31999577704,125852.24377111487,127285.640625,4006,0.0,0.0
2025-05-12 00:00:00+09:00,127954.5519723935,128336.79111196748,126616.71498388452,127858.9921875,2214,0.0,0.0
2025-05-13 00:00:00+09:00,127285.63353136883,127381.19331630229,125565.55740256654,125661.1171875,4088,0.0,0.0
2025-05-14 00:00:00+09:00,125947.80229640151,126521.16103219698,125183.32398200758,126138.921875,2033,0.0,0.0
2025-05-15 00:00:00+09:00,125852.23504818593,126807.8328845427,125852.23504818593,126425.59375,2157,0.0,0.0
2025-05-16 00:00:00+09:00,126425.59884999055,127190.07714991491,125661.12055006619,126330.0390625,1556,0.0,0.0
2025-05-19 00:00:00+09:00,126234.4755621189,126425.59513147865,124801.07879192072,125374.4375,2202,0.0,0.0
2025-05-20 00:00:00+09:00,126234.4800466954,126234.4800466954,124418.84407327586,124705.5234375,1958,0.0,0.0
2025-05-21 00:00:00+09:00,124418.83831730769,124705.51766826923,124132.15896634615,124227.71875,2741,0.0,0.0
2025-05-22 00:00:00+09:00,124036.60730046047,124514.40625,123654.36814082885,124514.40625,1697,0.0,0.0
2025-05-23 00:00:00+09:00,124132.16947900654,124801.08802123366,124132.16947900654,124323.2890625,1502,0.0,0.0
2025-05-26 00:00:00+09:00,124609.9575462606,124801.07711304934,123749.91949571125,123941.0390625,1807,0.0,0.0
2025-05-27 00:00:00+09:00,124227.72751145913,125087.765625,124227.72751145913,125087.765625,1139,0.0,0.0
2025-05-28 00:00:00+09:00,124896.64301364943,125087.76258979886,123845.4853448276,124705.5234375,2651,0.0,0.0
2025-05-29 00:00:00+09:00,124514.39982222329,125087.75853207236,123176.56283257545,123463.2421875,7947,0.0,0.0
2025-05-30 00:00:00+09:00,123941.04341203351,125470.0,122985.44554455446,125470.0,4773,0.0,0.0
2025-06-02 00:00:00+09:00,126043.35839098283,126330.0377504771,124801.08116650763,125183.3203125,3416,0.0,0.0
2025-06-03 00:00:00+09:00,124418.84375,124992.20247695853,123749.92523521507,124418.84375,2146,0.0,0.0
2025-06-04 00:00:00+09:00,124323.28298409707,124801.08191947023,123558.8046875,123558.8046875,2257,0.0,0.0
2025-06-05 00:00:00+09:00,123558.80707784664,123749.92665569326,122794.32876646011,123367.6875,2525,0.0,0.0
2025-06-06 00:00:00+09:00,122985.4453125,123749.92360504079,122889.8855259324,122985.4453125,2208,0.0,0.0
2025-06-09 00:00:00+09:00,123367.68685554474,124227.72495136187,122794.328125,122794.328125,3339,0.0,0.0
2025-06-10 00:00:00+09:00,122985.44326262576,124323.2802522736,122985.44326262576,123463.2421875,1964,0.0,0.0
2025-06-11 00:00:00+09:00,123463.24918831169,125470.00478657371,123463.24918831169,125087.765625,2137,0.0,0.0
2025-06-12 00:00:00+09:00,124992.20041124712,125469.99934248278,124227.72212127008,124896.640625,4189,0.0,0.0
2025-06-13 00:00:00+09:00,124514.40277909402,126043.359375,124418.84299184989,126043.359375,6498,0.0,0.0
2025-06-16 00:00:00+09:00,125661.11751944234,127285.63386760243,124323.28052683991,125947.796875,3697,0.0,0.0
2025-06-17 00:00:00+09:00,126043.35805996557,126998.95592243687,122316.52639632746,124896.640625,5801,0.0,0.0
2025-06-18 00:00:00+09:00,124705.5224609375,125470.00075954861,123654.36480034722,123845.484375,2689,0.0,0.0
2025-06-19 00:00:00+09:00,124227.72560030983,124227.72560030983,122794.32876646011,123367.6875,2749,0.0,0.0
2025-06-20 00:00:00+09:00,123176.56553920147,124132.1634099478,122889.88617797758,123558.8046875,9427,0.0,0.0
2025-06-23 00:00:00+09:00,123558.80230453669,124323.28058638996,123367.68273407336,123749.921875,2249,0.0,0.0
2025-06-24 00:00:00+09:00,124418.83831730769,124705.51766826923,123558.80026442307,124227.71875,1487,0.0,0.0
2025-06-25 00:00:00+09:00,124227.72895801233,124418.84854102465,123941.04958349383,124036.609375,2216,0.0,0.0
2025-06-26 00:00:00+09:00,124227.72719659265,125087.76530795367,122985.44992462672,124801.0859375,3667,0.0,0.0
2025-06-27 00:00:00+09:00,124418.8417786215,124609.96135124611,122698.765625,122698.765625,5224,0.0,0.0
2025-06-30 00:00:00+09:00,122794.33020019531,123941.04768066407,122316.53125,122316.53125,4264,0.0,0.0
2025-07-01 00:00:00+09:00,122316.52918287939,123176.5672786965,122220.96939445526,122794.328125,3486,0.0,0.0
2025-07-02 00:00:00+09:00,123463.24936819595,123463.24936819595,122603.21125340201,122889.890625,2700,0.0,0.0
2025-07-03 00:00:00+09:00,122698.76627906977,123272.125,122507.64670542636,123272.125,3080,0.0,0.0
2025-07-04 00:00:00+09:00,122794.32876646011,123367.6875,122603.20918861347,123367.6875,1896,0.0,0.0
2025-07-07 00:00:00+09:00,123272.12661637932,124705.5234375,122889.88746408047,124705.5234375,2152,0.0,0.0
2025-07-08 00:00:00+09:00,124036.60779179657,124132.16758208301,122603.2109375,122603.2109375,4281,0.0,0.0
2025-07-09 00:00:00+09:00,122794.32475058685,123081.00410798122,122125.40625,122125.40625,3400,0.0,0.0
2025-07-10 00:00:00+09:00,122507.64875972763,122794.328125,121456.49108706226,122794.328125,2901,0.0,0.0
2025-07-11 00:00:00+09:00,122889.89030835932,122889.89030835932,122220.97177635426,122603.2109375,2591,0.0,0.0
2025-07-14 00:00:00+09:00,122889.88347765092,123463.2421875,122507.64433775154,123463.2421875,2264,0.0,0.0
2025-07-15 00:00:00+09:00,123558.80436046512,123845.48372093023,122316.52713178295,123272.125,4354,0.0,0.0
2025-07-16 00:00:00+09:00,122889.88650173611,124036.60394965278,122794.32671440972,123845.484375,3233,0.0,0.0
2025-07-17 00:00:00+09:00,124227.72449712644,124705.5234375,123749.92555675287,124705.5234375,2382,0.0,0.0
2025-07-18 00:00:00+09:00,124705.52822948692,124896.6478129804,124323.2890625,124323.2890625,2363,0.0,0.0
2025-07-22 00:00:00+09:00,124609.95960719814,124609.95960719814,123367.68240252516,123463.2421875,2573,0.0,0.0
2025-07-23 00:00:00+09:00,123176.5648856352,124132.16275131119,122985.4453125,122985.4453125,2539,0.0,0.0
2025-07-24 00:00:00+09:00,123367.69114503266,124323.2890625,123176.5715615392,124323.2890625,2443,0.0,0.0
2025-07-25 00:00:00+09:00,124514.40833253082,124609.96812403698,123463.25062596302,124036.609375,1965,0.0,0.0
2025-07-28 00:00:00+09:00,124132.15862928874,124992.19667983809,123749.91949571125,123941.0390625,2757,0.0,0.0
2025-07-29 00:00:00+09:00,124132.16916650617,124418.84854102465,123081.01145993837,124036.609375,2212,0.0,0.0
2025-07-30 00:00:00+09:00,123941.04383579854,125183.32106776876,123558.8046875,123558.8046875,6648,0.0,0.0
2025-07-31 00:00:00+09:00,123558.80565956222,124418.84375,123176.56650825654,124418.84375,3092,0.0,0.0
2025-08-01 00:00:00+09:00,123941.0448108679,124801.0829013057,123558.80565956222,124418.84375,2931,0.0,0.0
2025-08-04 00:00:00+09:00,124132.16709036838,124609.9660399079,123845.48772064467,124514.40625,2290,0.0,0.0
2025-08-05 00:00:00+09:00,124801.07945276935,126998.95451204477,124801.07945276935,125947.796875,4220,0.0,0.0
2025-08-06 00:00:00+09:00,126043.35461545728,127858.99050453513,126043.35461545728,126425.59375,2872,0.0,0.0
2025-08-07 00:00:00+09:00,127381.1932630325,128336.79111196748,127094.51390835202,127858.9921875,3980,0.0,0.0
2025-08-08 00:00:00+09:00,128050.11315467219,128241.23272654483,126234.47722188206,126807.8359375,3423,0.0,0.0
2025-08-12 00:00:00+09:00,127285.63486718161,127381.19465311793,126138.91743594574,126807.8359375,2534,0.0,0.0
2025-08-13 00:00:00+09:00,126330.03700781838,127858.99358279954,126330.03700781838,126807.8359375,3349,0.0,0.0
2025-08-14 00:00:00+09:00,126903.40291445875,127285.64207986374,125756.68541824375,126234.484375,2439,0.0,0.0
2025-08-15 00:00:00+09:00,126425.59744819016,127381.1953125,125947.79851603525,127381.1953125,2218,0.0,0.0
2025-08-18 00:00:00+09:00,127094.51390835202,128241.23132707398,127094.51390835202,127858.9921875,1631,0.0,0.0
2025-08-19 00:00:00+09:00,128050.11577072539,129292.3930132772,127667.87661917099,129101.2734375,1709,0.0,0.0
2025-08-20 00:00:00+09:00,129483.5125890544,129483.5125890544,128814.59407383419,129101.2734375,2024,0.0,0.0
2025-08-21 00:00:00+09:00,129292.3930132772,129865.7517406088,129101.2734375,129101.2734375,1584,0.0,0.0
2025-08-22 00:00:00+09:00,129101.26867504613,129674.62738122694,128910.1491063192,129483.5078125,1237,0.0,0.0
2025-08-25 00:00:00+09:00,129770.18716559041,129770.18716559041,129101.26867504613,129483.5078125,1132,0.0,0.0
2025-08-26 00:00:00+09:00,129579.06932071269,129674.62910634743,128719.03125,128719.03125,3483,0.0,0.0
2025-08-27 00:00:00+09:00,128719.03182912427,131490.265625,128623.47204305959,131490.265625,3162,0.0,0.0
2025-08-28 00:00:00+09:00,131681.38386638561,131872.50343658356,130152.42730480206,130343.546875,3284,0.0,0.0
2025-08-29 00:00:00+09:00,130534.67907858457,131108.03784466913,129770.20072380516,129961.3203125,3567,0.0,0.0
2025-09-01 00:00:00+09:00,129961.31614963504,131394.7130189325,129865.75635834855,130916.9140625,2483,0.0,0.0
2025-09-02 00:00:00+09:00,130725.78193231442,131299.140625,130439.10258597162,131299.140625,1864,0.0,0.0
2025-09-03 00:00:00+09:00,131394.70834682643,131394.70834682643,128719.03428594558,129101.2734375,2849,0.0,0.0
2025-09-04 00:00:00+09:00,128719.03635192236,128910.15593076708,127285.63951058692,128623.4765625,2791,0.0,0.0
2025-09-05 00:00:00+09:00,128527.91613222947,128719.03571012126,126903.39972014925,128050.1171875,3926,0.0,0.0
2025-09-08 00:00:00+09:00,128145.67491287175,129005.71299953532,127954.55533805763,128527.9140625,2402,0.0,0.0
2025-09-09 00:00:00+09:00,128241.23297764227,129579.06998337028,128050.11340539542,129292.390625,2675,0.0,0.0
2025-09-10 00:00:00+09:00,128910.1491063192,129483.5078125,128432.35018450185,129483.5078125,1835,0.0,0.0
2025-09-11 00:00:00+09:00,129196.82845940959,130152.42630304428,129005.70889068265,129483.5078125,1681,0.0,0.0
2025-09-12 00:00:00+09:00,129579.07729424616,131203.59375,129196.83812818644,131203.59375,4520,0.0,0.0
2025-09-16 00:00:00+09:00,130821.34442045455,131585.82269318184,130152.42593181819,131394.703125,3464,0.0,0.0
2025-09-17 00:00:00+09:00,131394.71125498912,131681.390625,130821.35251496734,131681.390625,3472,0.0,0.0
2025-09-18 00:00:00+09:00,131872.5,131872.5,131012.46195652174,131872.5,2357,0.0,0.0
2025-09-19 00:00:00+09:00,131872.50204545454,132350.3009659091,130916.90420454546,131394.703125,7481,0.0,0.0
2025-09-22 00:00:00+09:00,131394.70854892881,131968.06727714234,130725.79003267974,131585.828125,2426,0.0,0.0
2025-09-24 00:00:00+09:00,132063.61853801968,132063.61853801968,130821.34137376914,131012.4609375,1422,0.0,0.0
2025-09-25 00:00:00+09:00,131012.4666946766,131968.0645553234,130725.78733648255,131490.265625,1621,0.0,0.0
2025-09-26 00:00:00+09:00,131872.49796931408,132541.41643727437,131394.69906362816,132350.296875,1922,0.0,0.0
2025-09-29 00:00:00+09:00,132636.98103829162,132636.98103829162,129770.1875,129770.1875,3459,0.0,0.0
2025-09-30 00:00:00+09:00,130821.35846162685,130821.35846162685,129579.0811351103,129961.3203125,2607,0.0,0.0
2025-10-01 00:00:00+09:00,129961.3200073692,130152.43959561533,128527.92309552322,129674.640625,2530,0.0,0.0
2025-10-02 00:00:00+09:00,130152.4293598234,131490.2663723326,129005.71192052981,129865.75,3183,0.0,0.0
2025-10-03 00:00:00+09:00,129579.06759686348,129961.30673431735,129196.82845940959,129483.5078125,2054,0.0,0.0
2025-10-06 00:00:00+09:00,129770.19012301014,132063.625,129674.63033646888,132063.625,2670,0.0,0.0
2025-10-07 00:00:00+09:00,132159.17934782608,132254.73913043478,131299.14130434784,131872.5,1677,0.0,0.0
2025-10-08 00:00:00+09:00,131872.51197536496,132254.75114051095,130916.9140625,130916.9140625,1309,0.0,0.0
2025-10-09 00:00:00+09:00,130916.90115563458,131203.58050123084,130343.54246444201,131012.4609375,1740,0.0,0.0
2025-10-10 00:00:00+09:00,131108.0227626281,131299.14232933748,130534.6640625,130534.6640625,1543,0.0,0.0
2025-10-14 00:00:00+09:00,130343.55739468864,130821.35635874543,129196.8398809524,130439.1171875,3125,0.0,0.0
2025-10-15 00:00:00+09:00,130343.54720647403,131108.02548920995,130056.86785044806,130630.2265625,1855,0.0,0.0
2025-10-16 00:00:00+09:00,131299.140625,131585.8199713428,130630.22215020015,131299.140625,1567,0.0,0.0
2025-10-17 00:00:00+09:00,130916.91499728065,131776.953125,130916.91499728065,131776.953125,2153,0.0,0.0
2025-10-20 00:00:00+09:00,131872.5,132350.2989130435,131299.14130434784,131872.5,2354,0.0,0.0
2025-10-21 00:00:00+09:00,132159.1881411987,132732.546875,131394.70982946365,132732.546875,3496,0.0,0.0
2025-10-22 00:00:00+09:00,132828.1073028674,133497.02582885305,132254.74856630823,133305.90625,2734,0.0,0.0
2025-10-23 00:00:00+09:00,133114.784609375,133783.703125,132159.18672991073,133783.703125,4775,0.0,0.0
2025-10-24 00:00:00+09:00,133783.692245702,134452.6107069305,133305.8933448245,133401.453125,3689,0.0,0.0
2025-10-27 00:00:00+09:00,133879.26895419034,134834.86687677557,133592.58957741476,134548.1875,2794,0.0,0.0
2025-10-28 00:00:00+09:00,134930.42058035714,135121.54015625,133783.703125,133783.703125,3449,0.0,0.0
2025-10-29 00:00:00+09:00,133497.03334904814,134165.95191271554,132732.55499057114,133019.234375,8796,0.0,0.0
2025-10-30 00:00:00+09:00,132765.0332690896,133644.91935113803,130711.96574430984,133156.09375,8354,3140.0,0.0
2025-10-31 00:00:00+09:00,132960.56451612903,135111.39717741936,132667.26915322582,133351.625,4979,0.0,0.0
2025-11-04 00:00:00+09:00,133351.6329710145,134915.875,132471.74682971014,134915.875,3437,0.0,0.0
2025-11-05 00:00:00+09:00,134524.81696750902,135404.703125,132471.74926669674,135404.703125,4392,0.0,0.0
2025-11-06 00:00:00+09:00,135111.40625,135306.93650506512,133742.69446454413,135111.40625,2464,0.0,0.0
2025-11-07 00:00:00+09:00,135306.936006517,135600.23138803404,134622.58011631065,135013.640625,2288,0.0,0.0
2025-11-10 00:00:00+09:00,135111.40275,135600.228375,134427.046875,134427.046875,4196,0.0,0.0
2025-11-11 00:00:00+09:00,135111.39966517856,136871.171875,134818.10429687498,136871.171875,3403,0.0,0.0
2025-11-12 00:00:00+09:00,136773.40322146445,137457.759063173,135991.28225951185,136186.8125,3847,0.0,0.0
2025-11-13 00:00:00+09:00,136186.80996712897,136186.80996712897,135306.92390129683,135697.984375,2383,0.0,0.0
2025-11-14 00:00:00+09:00,135795.7515153556,136480.10735452586,135502.4561557112,136089.046875,2351,0.0,0.0
2025-11-17 00:00:00+09:00,135893.5231316726,137360.0,135306.93238434164,137360.0,2570,0.0,0.0
2025-11-18 00:00:00+09:00,137360.00569720217,138142.12672608302,135404.703125,135404.703125,2711,0.0,0.0
2025-11-19 00:00:00+09:00,135600.23138803404,135795.7616423787,134427.04986196596,135013.640625,1793,0.0,0.0
2025-11-20 00:00:00+09:00,135795.76413690476,137653.3015873016,135111.40823412698,135502.46875,2775,0.0,0.0
2025-11-21 00:00:00+09:00,135795.75050584532,136968.93193570143,134720.3341951439,135893.515625,4175,0.0,0.0
2025-11-25 00:00:00+09:00,136577.87650669643,137653.29285714286,135306.92991071427,136871.171875,3089,0.0,0.0
2025-11-26 00:00:00+09:00,136968.94049840086,137848.8266257996,136968.94049840086,137555.53125,2669,0.0,0.0
2025-11-27 00:00:00+09:00,137751.06597590042,138435.421875,137360.00546212925,138435.421875,2906,0.0,0.0
2025-11-28 00:00:00+09:00,137751.0579799107,138044.35334821427,136871.171875,136871.171875,2963,0.0,0.0
2025-12-01 00:00:00+09:00,137848.8313402527,137848.8313402527,135404.703125,135404.703125,3199,0.0,0.0
2025-12-02 00:00:00+09:00,135209.17237174854,135795.76314125722,134524.81647398844,135306.9375,2491,0.0,0.0
2025-12-03 00:00:00+09:00,134720.34722472922,135600.2333822202,134524.81696750902,135404.703125,2999,0.0,0.0
2025-12-04 00:00:00+09:00,134915.875,135502.46576086956,134329.28423913044,134915.875,1996,0.0,0.0
2025-12-05 00:00:00+09:00,134427.0423453514,135013.63307558565,133547.15625,133547.15625,2304,0.0,0.0
2025-12-08 00:00:00+09:00,133547.15524193548,134133.74596774194,132471.73891129033,133351.625,3121,0.0,0.0
2025-12-09 00:00:00+09:00,132960.56551976575,133644.9213717057,131787.3840592972,133547.15625,2306,0.0,0.0
2025-12-10 00:00:00+09:00,132960.56451612903,134329.27620967742,132960.56451612903,133351.625,2459,0.0,0.0
2025-12-11 00:00:00+09:00,133840.45211914775,134231.5126074433,132667.27065426114,133644.921875,1886,0.0,0.0
2025-12-12 00:00:00+09:00,133449.40006322254,135306.9375,133449.40006322254,135306.9375,5376,0.0,0.0
2025-12-15 00:00:00+09:00,135306.933,135600.228375,134427.046875,134427.046875,1506,0.0,0.0
2025-12-16 00:00:00+09:00,134524.81597975414,135795.76264235357,134524.81597975414,135209.171875,2314,0.0,0.0
2025-12-17 00:00:00+09:00,134818.10837645244,135697.9945079884,134622.578125,134622.578125,2828,0.0,0.0
2025-12-18 00:00:00+09:00,137066.70829561912,137262.2385499638,134720.345243483,135013.640625,3701,0.0,0.0
2025-12-19 00:00:00+09:00,135697.9868987796,136675.6381012204,135306.9264178033,136186.8125,3713,0.0,0.0
2025-12-22 00:00:00+09:00,136284.58928249098,136968.94518276173,135404.703125,135404.703125,2718,0.0,0.0
2025-12-23 00:00:00+09:00,135404.68901972263,135697.984375,134720.33319074207,135697.984375,2515,0.0,0.0
2025-12-24 00:00:00+09:00,135697.99950432588,136284.59028028118,135404.70411634824,135600.234375,2204,0.0,0.0
2025-12-25 00:00:00+09:00,136382.3442536712,137164.4652243016,136186.81401101363,136480.109375,1905,0.0,0.0
2025-12-26 00:00:00+09:00,136480.1118843683,137262.23286937902,135404.69552997858,136968.9375,4115,0.0,0.0
2025-12-29 00:00:00+09:00,137066.70760985118,137946.59375,136675.64710311836,137946.59375,5121,0.0,0.0
2025-12-30 00:00:00+09:00,137848.8251201923,138924.2414863782,137262.234375,137262.234375,2861,0.0,0.0
2026-01-05 00:00:00+09:00,137457.76160139486,138142.11745574034,135404.69403835837,136675.640625,4427,0.0,0.0
2026-01-06 00:00:00+09:00,136577.87900355872,137457.76512455515,136382.3487544484,137360.0,3021,0.0,0.0
2026-01-07 00:00:00+09:00,136968.93099233616,139119.7635989253,136871.16587385483,138728.703125,2919,0.0,0.0
2026-01-08 00:00:00+09:00,139315.29434419013,139608.5897007042,138533.17339348592,138826.46875,3527,0.0,0.0
2026-01-09 00:00:00+09:00,139413.0604781997,140292.9465541491,139022.0,139022.0,3405,0.0,0.0
2026-01-13 00:00:00+09:00,139413.06501135568,139901.890625,137457.76255677847,139901.890625,4340,0.0,0.0
2026-01-14 00:00:00+09:00,140684.01662257113,142737.08427307426,140390.7212439278,140879.546875,6301,0.0,0.0
2026-01-15 00:00:00+09:00,141661.66028225806,142737.0766129032,141075.0695564516,142443.78125,3883,0.0,0.0
2026-01-16 00:00:00+09:00,142443.7872489789,144105.79437542547,142443.7872489789,143616.96875,4327,0.0,0.0
2026-01-19 00:00:00+09:00,144105.7938734673,144301.3241229564,142541.5518775545,143519.203125,3213,0.0,0.0
2026-01-20 00:00:00+09:00,146452.1553327645,146452.1553327645,143030.37600255973,143225.90625,5610,0.0,0.0
2026-01-21 00:00:00+09:00,143910.26782006922,144008.03294766435,141270.609375,141270.609375,4742,0.0,0.0
2026-01-22 00:00:00+09:00,141270.6083788115,143030.38066311504,140879.5478711885,141075.078125,3667,0.0,0.0
2026-01-23 00:00:00+09:00,142052.72989525623,142737.08578601107,141075.0786227493,141172.84375,3760,0.0,0.0
2026-01-26 00:00:00+09:00,141172.8372204752,141466.13258866177,139608.59525681342,139901.890625,4498,0.0,0.0
2026-01-27 00:00:00+09:00,139804.125,140195.1854895105,139022.00402097902,139804.125,2945,0.0,0.0
2026-01-28 00:00:00+09:00,139217.53225806452,139901.8881048387,138728.70665322582,139413.0625,3529,0.0,0.0
2026-01-29 00:00:00+09:00,138728.71409828245,140879.546875,138044.3582147814,140879.546875,5339,0.0,0.0
2026-01-30 00:00:00+09:00,140977.30443548388,141759.42540322582,139413.0625,139413.0625,5677,0.0,0.0
2026-02-02 00:00:00+09:00,140195.18245259832,140781.7731741573,139217.53125,139217.53125,3562,0.0,0.0
2026-02-03 00:00:00+09:00,139706.36088076117,140488.48186539803,139217.53526536314,139999.65625,2998,0.0,0.0
2026-02-04 00:00:00+09:00,140488.47933820952,140488.47933820952,138924.2373970743,139510.828125,5318,0.0,0.0
2026-02-05 00:00:00+09:00,139510.82509016537,140195.18092452496,138924.234375,138924.234375,3745,0.0,0.0
2026-02-06 00:00:00+09:00,138924.24551832507,139217.54089943343,137848.82912092775,138044.359375,3424,0.0,0.0
2026-02-09 00:00:00+09:00,138435.4228667137,139510.83928728843,137848.8320918547,138630.953125,3602,0.0,0.0
2026-02-10 00:00:00+09:00,139315.29586481026,139608.59122452565,138630.94002547435,139119.765625,2708,0.0,0.0
2026-02-12 00:00:00+09:00,139119.7666337719,139315.296875,138533.1759100877,139315.296875,2705,0.0,0.0
2026-02-13 00:00:00+09:00,139315.3085303458,139510.83878793224,137946.59672724066,138533.1875,3883,0.0,0.0
2026-02-16 00:00:00+09:00,138826.47127192983,139315.296875,137555.52470394736,139315.296875,3471,0.0,0.0
2026-02-17 00:00:00+09:00,138826.4813914427,139022.0116469236,137848.8301140382,138239.890625,2434,0.0,0.0
2026-02-18 00:00:00+09:00,137946.58866532822,139999.65625,137946.58866532822,139999.65625,3508,0.0,0.0
2026-02-19 00:00:00+09:00,139804.125,139999.65524475524,138924.2388986014,139804.125,1820,0.0,0.0
2026-02-20 00:00:00+09:00,140781.77773900906,141270.6033561584,139804.12650471038,140097.421875,3875,0.0,0.0
2026-02-24 00:00:00+09:00,140586.24444873113,142541.546875,140292.9490847908,142541.546875,5093,0.0,0.0
2026-02-25 00:00:00+09:00,142541.546875,143225.9027241941,141563.89566186556,142541.546875,5244,0.0,0.0
2026-02-26 00:00:00+09:00,142541.55038395905,143421.43649744027,141759.42939419794,143225.90625,5283,0.0,0.0
2026-02-27 00:00:00+09:00,143225.91393849207,143323.67906746033,141661.671875,141661.671875,4439,0.0,0.0
2026-03-02 00:00:00+09:00,141661.66476594476,143323.671875,140977.30889751023,143323.671875,4277,0.0,0.0
2026-03-03 00:00:00+09:00,142443.77973478334,142834.8402144945,141368.3634155777,142150.484375,3995,0.0,0.0
2026-03-04 00:00:00+09:00,141270.603861576,141563.89923291493,139901.89212866107,140195.1875,6021,0.0,0.0
2026-03-05 00:00:00+09:00,140977.30443548388,142541.54637096776,140879.53931451612,142443.78125,5772,0.0,0.0
2026-03-06 00:00:00+09:00,141368.37250607216,142052.7283895732,140879.546875,140879.546875,3753,0.0,0.0
2026-03-09 00:00:00+09:00,140097.4253689236,141661.6673828125,139510.83461371527,140781.78125,4538,0.0,0.0
2026-03-10 00:00:00+09:00,141466.1396301903,142541.55603373703,140684.01860942907,141270.609375,3607,0.0,0.0
2026-03-11 00:00:00+09:00,141857.19451791808,144008.02723976108,141563.89914675767,143225.90625,3018,0.0,0.0
2026-03-12 00:00:00+09:00,143128.14012303486,143519.2006151743,142541.54938482572,143030.375,2546,0.0,0.0
2026-03-13 00:00:00+09:00,142541.54637096776,143616.9627016129,141759.42540322582,142443.78125,4684,0.0,0.0
2026-03-16 00:00:00+09:00,141759.43137338324,144203.55950051054,141172.8406228727,143616.96875,3205,0.0,0.0
2026-03-17 00:00:00+09:00,143714.7368644068,144692.3881355932,143714.7368644068,144203.5625,2073,0.0,0.0
2026-03-18 00:00:00+09:00,144496.8462786581,144985.671875,144203.55092085298,144985.671875,2169,0.0,0.0
2026-03-19 00:00:00+09:00,144985.67593107876,144985.67593107876,142737.078125,142737.078125,2977,0.0,0.0
2026-03-23 00:00:00+09:00,141563.90375952877,141759.43401334027,139608.60122141373,141075.078125,4198,0.0,0.0
2026-03-24 00:00:00+09:00,141759.42846543295,142248.25408083102,139999.65625,139999.65625,5094,0.0,0.0
2026-03-25 00:00:00+09:00,141563.90475778547,141563.90475778547,140097.42784385814,141270.609375,3338,0.0,0.0
2026-03-26 00:00:00+09:00,141466.13612656467,141466.13612656467,139901.89412378304,140586.25,2763,0.0,0.0
2026-03-27 00:00:00+09:00,140586.2509982639,140879.54637586806,140097.4253689236,140781.78125,4049,0.0,0.0
2026-03-30 00:00:00+09:00,138435.4138392857,139413.06506696428,136871.171875,136871.171875,5716,0.0,0.0
2026-03-31 00:00:00+09:00,136871.17904916848,136968.94417706074,135209.171875,135209.171875,6730,0.0,0.0
2026-04-01 00:00:00+09:00,136284.58462153518,138044.35687633263,135893.52412046908,137555.53125,3857,0.0,0.0
2026-04-02 00:00:00+09:00,139119.7696986607,139413.06506696428,136577.87650669643,136871.171875,5212,0.0,0.0
2026-04-03 00:00:00+09:00,136968.94297760268,138239.88962907225,136382.35221538597,138044.359375,3127,0.0,0.0
2026-04-06 00:00:00+09:00,138044.36235014105,139022.01364157264,137653.3018335684,138630.953125,1379,0.0,0.0
2026-04-07 00:00:00+09:00,138337.65625,139901.89829946996,138337.65625,138337.65625,2409,0.0,0.0
2026-04-08 00:00:00+09:00,139804.13048664122,140879.546875,138728.71409828245,140879.546875,3945,0.0,0.0
2026-04-09 00:00:00+09:00,141075.0680231026,141466.12850272312,138630.94002547435,139119.765625,4138,0.0,0.0
2026-04-10 00:00:00+09:00,139608.59071729958,139608.59071729958,138142.11392405065,139022.0,4087,0.0,0.0
2026-04-13 00:00:00+09:00,138826.46875,139119.76410651408,137653.28732394366,138826.46875,2981,0.0,0.0
2026-04-14 00:00:00+09:00,139413.0625,139901.8881048387,138924.2368951613,139413.0625,2463,0.0,0.0
2026-04-15 00:00:00+09:00,139901.88556694228,139999.6506861365,138924.234375,138924.234375,3341,0.0,0.0
2026-04-16 00:00:00+09:00,139315.29737903227,139510.82762096776,138533.17641129033,139413.0625,2886,0.0,0.0
2026-04-17 00:00:00+09:00,139217.54290254237,139315.30803098518,138142.12648967162,138435.421875,2402,0.0,0.0
2026-04-20 00:00:00+09:00,138728.71325683594,138826.4783824574,137653.296875,137653.296875,1859,0.0,0.0
2026-04-21 00:00:00+09:00,138044.35637446656,138044.35637446656,137066.70512535563,137457.765625,2085,0.0,0.0
2026-04-22 00:00:00+09:00,137555.5272292709,137653.29235167976,136480.1108827734,136773.40625,3042,0.0,0.0
2026-04-23 00:00:00+09:00,136773.40775454708,137751.05898939018,136382.34726060985,137066.703125,3264,0.0,0.0
2026-04-24 00:00:00+09:00,137066.70212053572,137555.527734375,136773.40675223214,136871.171875,2040,0.0,0.0
2026-04-27 00:00:00+09:00,136871.1743772242,138435.41637010677,136675.64412811387,137360.0,8507,0.0,0.0
2026-04-28 00:00:00+09:00,138300.0,139900.0,136500.0,136500.0,6447,3140.0,0.0
2026-04-30 00:00:00+09:00,136500.0,137800.0,136200.0,137200.0,3939,0.0,0.0
2026-05-01 00:00:00+09:00,137400.0,137400.0,136000.0,136000.0,2407,0.0,0.0
2026-05-07 00:00:00+09:00,136800.0,137400.0,136100.0,136700.0,4620,0.0,0.0
2026-05-08 00:00:00+09:00,137500.0,137800.0,136100.0,136100.0,4622,0.0,0.0
2026-05-11 00:00:00+09:00,136600.0,137200.0,135500.0,135900.0,2576,0.0,0.0
2026-05-12 00:00:00+09:00,135700.0,136100.0,134800.0,134800.0,3659,0.0,0.0
2026-05-13 00:00:00+09:00,134800.0,135000.0,132900.0,133300.0,3503,0.0,0.0
2026-05-14 00:00:00+09:00,133600.0,133900.0,132400.0,133100.0,3590,0.0,0.0
2026-05-15 00:00:00+09:00,133000.0,134300.0,132800.0,133900.0,3255,0.0,0.0
2026-05-18 00:00:00+09:00,133900.0,133900.0,131100.0,132400.0,3124,0.0,0.0
2026-05-19 00:00:00+09:00,132400.0,133300.0,132000.0,133100.0,2119,0.0,0.0
2026-05-20 00:00:00+09:00,133000.0,133700.0,131400.0,132200.0,3813,0.0,0.0
2026-05-21 00:00:00+09:00,132900.0,133000.0,131900.0,132800.0,4097,0.0,0.0
2026-05-22 00:00:00+09:00,132900.0,132900.0,131800.0,132000.0,2641,0.0,0.0
2026-05-25 00:00:00+09:00,132100.0,132600.0,131400.0,132000.0,2674,0.0,0.0
2026-05-26 00:00:00+09:00,131400.0,132900.0,131400.0,132200.0,2992,0.0,0.0
2026-05-27 00:00:00+09:00,133000.0,133300.0,132500.0,133300.0,4016,0.0,0.0
2026-05-28 00:00:00+09:00,132600.0,132800.0,130900.0,131700.0,4277,0.0,0.0
2026-05-29 00:00:00+09:00,132000.0,133100.0,131500.0,132300.0,5158,0.0,0.0
2026-06-01 00:00:00+09:00,132400.0,132400.0,130000.0,130600.0,3069,0.0,0.0
2026-06-02 00:00:00+09:00,130000.0,130100.0,128200.0,128700.0,4186,0.0,0.0
2026-06-03 00:00:00+09:00,129500.0,131000.0,129200.0,130800.0,3590,0.0,0.0
2026-06-04 00:00:00+09:00,129900.0,130900.0,128500.0,128800.0,2352,0.0,0.0
2026-06-05 00:00:00+09:00,129100.0,129800.0,127900.0,128500.0,2613,0.0,0.0
2026-06-08 00:00:00+09:00,127700.0,129200.0,127600.0,129100.0,2334,0.0,0.0
2026-06-09 00:00:00+09:00,129500.0,130100.0,128400.0,129300.0,2022,0.0,0.0
2026-06-10 00:00:00+09:00,129700.0,130500.0,129000.0,130400.0,1698,0.0,0.0
2026-06-11 00:00:00+09:00,130000.0,131500.0,129600.0,130500.0,2735,0.0,0.0
2026-06-12 00:00:00+09:00,130700.0,132200.0,130300.0,131700.0,4773,0.0,0.0
2026-06-15 00:00:00+09:00,132700.0,133100.0,131500.0,131900.0,2118,0.0,0.0
2026-06-16 00:00:00+09:00,131900.0,132000.0,129200.0,130100.0,2271,0.0,0.0
2026-06-17 00:00:00+09:00,130300.0,130700.0,128600.0,128600.0,2474,0.0,0.0
2026-06-18 00:00:00+09:00,129100.0,131700.0,128400.0,130000.0,4650,0.0,0.0
2026-06-19 00:00:00+09:00,130400.0,131000.0,129900.0,130900.0,3784,0.0,0.0
2026-06-22 00:00:00+09:00,130900.0,131800.0,129800.0,130200.0,3593,0.0,0.0
2026-06-23 00:00:00+09:00,130700.0,131200.0,129900.0,130400.0,4571,0.0,0.0
2026-06-24 00:00:00+09:00,130400.0,131200.0,129700.0,130600.0,4012,0.0,0.0
2026-06-25 00:00:00+09:00,131300.0,132500.0,130800.0,131900.0,4441,0.0,0.0
2026-06-26 00:00:00+09:00,131900.0,134100.0,131900.0,134100.0,4461,0.0,0.0
2026-06-29 00:00:00+09:00,134100.0,135500.0,133500.0,133500.0,6136,0.0,0.0
2026-06-30 00:00:00+09:00,134500.0,136400.0,134100.0,136200.0,8167,0.0,0.0
2026-07-01 00:00:00+09:00,135500.0,135600.0,132500.0,132500.0,4879,0.0,0.0
2026-07-02 00:00:00+09:00,133800.0,134800.0,132800.0,133200.0,4169,0.0,0.0
2026-07-03 00:00:00+09:00,133200.0,135500.0,133100.0,134500.0,3287,0.0,0.0
2026-07-06 00:00:00+09:00,135000.0,137000.0,134600.0,135700.0,3684,0.0,0.0
2026-07-07 00:00:00+09:00,135800.0,137000.0,135100.0,135100.0,2863,0.0,0.0
2026-07-08 00:00:00+09:00,135700.0,136300.0,135200.0,135400.0,3370,0.0,0.0
2026-07-09 00:00:00+09:00,135700.0,136300.0,135200.0,135900.0,2972,0.0,0.0
2026-07-10 00:00:00+09:00,135900.0,136000.0,134700.0,134800.0,2609,0.0,0.0
2026-07-13 00:00:00+09:00,135100.0,135600.0,133500.0,133700.0,3298,0.0,0.0
2026-07-14 00:00:00+09:00,134400.0,135400.0,133900.0,135000.0,2678,0.0,0.0
2026-07-15 00:00:00+09:00,135100.0,136300.0,135000.0,135600.0,2971,0.0,0.0
2026-07-16 00:00:00+09:00,135500.0,136200.0,134100.0,134600.0,3467,0.0,0.0
2026-07-17 00:00:00+09:00,134600.0,135500.0,133500.0,133700.0,2918,0.0,0.0
2026-07-21 00:00:00+09:00,135000.0,137400.0,134800.0,137000.0,4920,0.0,0.0
2026-07-22 00:00:00+09:00,137100.0,137100.0,135900.0,136700.0,4265,0.0,0.0
2026-07-23 00:00:00+09:00,136700.0,136900.0,135900.0,136000.0,2837,0.0,0.0
2026-07-24 00:00:00+09:00,135900.0,136300.0,135200.0,135900.0,2901,0.0,0.0
2026-07-27 00:00:00+09:00,136200.0,137600.0,135700.0,137300.0,4187,0.0,0.0
2026-07-28 00:00:00+09:00,137100.0,138200.0,136400.0,137700.0,3818,0.0,0.0
2026-07-29 00:00:00+09:00,138100.0,139300.0,137000.0,139300.0,4659,0.0,0.0
2026-07-30 00:00:00+09:00,138300.0,139000.0,137000.0,138900.0,3678,0.0,0.0
2026-07-31 00:00:00+09:00,140200.0,140200.0,137200.0,137300.0,5211,0.0,0.0
2026-08-03 00:00:00+09:00,137300.0,137500.0,134500.0,134500.0,4991,0.0,0.0
2026-08-04 00:00:00+09:00,135000.0,135300.0,132800.0,132800.0,4377,0.0,0.0
2026-08-05 00:00:00+09:00,132900.0,133400.0,131500.0,131900.0,3277,0.0,0.0
2026-08-06 00:00:00+09:00,131800.0,132400.0,131000.0,131600.0,3677,0.0,0.0
2026-08-07 00:00:00+09:00,132000.0,133000.0,131100.0,131600.0,3930,0.0,0.0
2026-08-10 00:00:00+09:00,131800.0,131800.0,130000.0,131400.0,3387,0.0,0.0
2026-08-12 00:00:00+09:00,131400.0,132100.0,130600.0,132000.0,2182,0.0,0.0
2026-08-13 00:00:00+09:00,132300.0,132500.0,131000.0,131000.0,2633,0.0,0.0
2026-08-14 00:00:00+09:00,131100.0,131400.0,130500.0,130700.0,2471,0.0,0.0
2026-08-17 00:00:00+09:00,131600.0,132500.0,130700.0,130700.0,4244,0.0,0.0
2026-08-18 00:00:00+09:00,130900.0,130900.0,129400.0,129700.0,3436,0.0,0.0
2026-08-19 00:00:00+09:00,130000.0,130500.0,129300.0,129900.0,2969,0.0,0.0
2026-08-20 00:00:00+09:00,130500.0,131400.0,130000.0,131000.0,2916,0.0,0.0
2026-08-21 00:00:00+09:00,131000.0,131000.0,129300.0,129700.0,3005,0.0,0.0
2026-08-24 00:00:00+09:00,130300.0,131300.0,129900.0,131300.0,2541,0.0,0.0
2026-08-25 00:00:00+09:00,131200.0,132100.0,131000.0,131400.0,3478,0.0,0.0
2026-08-26 00:00:00+09:00,132100.0,132400.0,131600.0,131900.0,2519,0.0,0.0
2026-08-27 00:00:00+09:00,132000.0,132600.0,131500.0,131700.0,4014,0.0,0.0
2026-08-28 00:00:00+09:00,131500.0,131500.0,129600.0,129900.0,4535,0.0,0.0
2026-08-31 00:00:00+09:00,130900.0,131100.0,130000.0,130100.0,4393,0.0,0.0
2026-09-01 00:00:00+09:00,130100.0,130800.0,129800.0,130600.0,2639,0.0,0.0
2026-09-02 00:00:00+09:00,130500.0,130500.0,129300.0,129300.0,2930,0.0,0.0
2026-09-03 00:00:00+09:00,129600.0,129900.0,128600.0,128600.0,2285,0.0,0.0
2026-09-04 00:00:00+09:00,128500.0,128800.0,127500.0,127500.0,3122,0.0,0.0
2026-09-07 00:00:00+09:00,127400.0,127500.0,126300.0,126300.0,3535,0.0,0.0
2026-09-08 00:00:00+09:00,126100.0,126900.0,125400.0,126100.0,3837,0.0,0.0
2026-09-09 00:00:00+09:00,126000.0,126900.0,125500.0,126700.0,2890,0.0,0.0
2026-09-10 00:00:00+09:00,126300.0,127200.0,126300.0,126900.0,1861,0.0,0.0
2026-09-11 00:00:00+09:00,129900.0,130000.0,125500.0,126300.0,6440,0.0,0.0
2026-09-14 00:00:00+09:00,125600.0,126800.0,125600.0,126500.0,2115,0.0,0.0
2026-09-15 00:00:00+09:00,126200.0,127000.0,125900.0,126900.0,2965,0.0,0.0
2026-09-16 00:00:00+09:00,127000.0,127600.0,126800.0,127600.0,2415,0.0,0.0
2026-09-17 00:00:00+09:00,127400.0,127600.0,127000.0,127100.0,1162,0.0,0.0
2026-09-18 00:00:00+09:00,128400.0,128400.0,126100.0,126100.0,4083,0.0,0.0
2026-09-24 00:00:00+09:00,126100.0,127500.0,126000.0,127400.0,2201,0.0,0.0
2026-09-25 00:00:00+09:00,127600.0,127700.0,126100.0,126100.0,2323,0.0,0.0
2026-09-28 00:00:00+09:00,126400.0,127000.0,126100.0,126500.0,2156,0.0,0.0
2026-09-29 00:00:00+09:00,125900.0,126300.0,125300.0,125300.0,3525,0.0,0.0
2026-09-30 00:00:00+09:00,125300.0,126200.0,124800.0,125500.0,3081,0.0,0.0
2026-10-01 00:00:00+09:00,125400.0,125900.0,124400.0,124400.0,3369,0.0,0.0
2026-10-02 00:00:00+09:00,124400.0,124400.0,122600.0,122700.0,3643,0.0,0.0
2026-10-05 00:00:00+09:00,122700.0,122900.0,121300.0,121600.0,2722,0.0,0.0
2026-10-06 00:00:00+09:00,121200.0,122500.0,120900.0,121900.0,2808,0.0,0.0
2026-10-07 00:00:00+09:00,121900.0,122700.0,121300.0,121300.0,3282,0.0,0.0
2026-10-08 00:00:00+09:00,121200.0,121300.0,120000.0,120800.0,3185,0.0,0.0
2026-10-09 00:00:00+09:00,121000.0,121600.0,120500.0,121200.0,4123,0.0,0.0
