Date,Open,High,Low,Close,Volume,Dividends,Stock Splits
2021-10-07 00:00:00+09:00,87674.0221579831,88820.58739980502,87291.83374404245,88209.0859375,2274,0.0,0.0
2021-10-08 00:00:00+09:00,88820.59836335677,89126.34913224957,86986.09375,86986.09375,3316,0.0,0.0
2021-10-11 00:00:00+09:00,87138.95153394256,87903.32830178416,86068.82405896431,87826.890625,3840,0.0,0.0
2021-10-12 00:00:00+09:00,87826.89169127296,88209.08007983377,87062.51491415135,87368.265625,2777,0.0,0.0
2021-10-13 00:00:00+09:00,88438.3986199719,89126.33776221886,87826.89716019681,88361.9609375,4015,0.0,0.0
2021-10-14 00:00:00+09:00,88897.03276515151,89584.97196969697,87826.90511363636,88285.53125,3487,0.0,0.0
2021-10-15 00:00:00+09:00,89126.33467870844,90043.58683663684,88744.14627957162,89661.3984375,3150,0.0,0.0
2021-10-18 00:00:00+09:00,89814.29548699239,90425.7970732868,89202.79390069796,90349.359375,2676,0.0,0.0
2021-10-19 00:00:00+09:00,90578.65242771927,90655.09010909287,88285.52198651117,88897.0234375,2283,0.0,0.0
2021-10-20 00:00:00+09:00,88897.02307537553,89432.08684281116,88361.9593079399,89049.8984375,1574,0.0,0.0
2021-10-21 00:00:00+09:00,89049.91386819254,89661.41542265222,89049.91386819254,89126.3515625,1075,0.0,0.0
2021-10-22 00:00:00+09:00,89126.3388722826,89202.77655570651,87826.89825407608,87903.3359375,1485,0.0,0.0
2021-10-25 00:00:00+09:00,88438.40662878787,89049.90814393939,88209.09356060605,88285.53125,1642,0.0,0.0
2021-10-26 00:00:00+09:00,88820.5933741409,89508.53256550687,88744.15568621134,88973.46875,1759,0.0,0.0
2021-10-27 00:00:00+09:00,89279.21875,89432.09412457192,88667.71725171233,89279.21875,2215,0.0,0.0
2021-10-28 00:00:00+09:00,89049.8988002472,89279.21184436801,88209.08430513757,88897.0234375,1809,0.0,0.0
2021-10-29 00:00:00+09:00,88973.45931905371,90272.89987611893,88667.70859974425,89661.3984375,3006,0.0,0.0
2021-11-01 00:00:00+09:00,90120.02524192685,90272.90060281222,89049.89771572925,89355.6484375,1708,0.0,0.0
2021-11-02 00:00:00+09:00,89202.78675652036,90655.1029076548,89202.78675652036,90120.0390625,2416,0.0,0.0
2021-11-04 00:00:00+09:00,90578.67128314394,91419.48595328283,90349.35819128787,90807.984375,1887,0.0,0.0
2021-11-05 00:00:00+09:00,90578.66991370292,91419.48457112971,90578.66991370292,91343.046875,2167,0.0,0.0
2021-11-08 00:00:00+09:00,91037.27870850622,92413.15697614108,91037.27870850622,92107.40625,2861,0.0,0.0
2021-11-09 00:00:00+09:00,92107.42482930672,92336.73792016806,90884.42167804622,90960.859375,2682,0.0,0.0
2021-11-10 00:00:00+09:00,90960.85232662309,91113.72770868464,90120.03772528456,90655.1015625,1780,0.0,0.0
2021-11-11 00:00:00+09:00,91113.71783625732,91954.53234649124,90960.84247076024,91495.90625,2213,0.0,0.0
2021-11-12 00:00:00+09:00,91495.91349609375,92413.16576171876,91495.91349609375,91725.2265625,2136,0.0,0.0
2021-11-15 00:00:00+09:00,91725.22487593052,92718.91481208644,91725.22487593052,92413.1640625,2677,0.0,0.0
2021-11-16 00:00:00+09:00,92336.72845367278,92413.16614279007,91419.47618426544,91572.3515625,1711,0.0,0.0
2021-11-17 00:00:00+09:00,93636.1575071839,94935.59806034483,93101.09375,93101.09375,6399,0.0,0.0
2021-11-18 00:00:00+09:00,93101.08715679191,93483.2755277147,91725.20902146985,92566.0234375,3206,0.0,0.0
2021-11-19 00:00:00+09:00,92566.0234375,92795.33646005367,91725.20902146985,92566.0234375,2542,0.0,0.0
2021-11-22 00:00:00+09:00,93177.53197016461,93483.28269032923,92642.46820987655,92871.78125,1690,0.0,0.0
2021-11-24 00:00:00+09:00,92336.70784053834,93712.5859375,92183.83249643148,93712.5859375,3062,0.0,0.0
2021-11-25 00:00:00+09:00,93865.46892828036,94706.28338936431,93406.8428585982,93789.03125,2221,0.0,0.0
2021-11-26 00:00:00+09:00,93712.59410743463,94094.78250102124,92260.27821180555,93559.71875,2848,0.0,0.0
2021-11-29 00:00:00+09:00,92718.91651692709,92948.22958333333,91190.16274088543,91725.2265625,4520,0.0,0.0
2021-11-30 00:00:00+09:00,92183.85422346895,93865.48340499161,91113.7265625,91113.7265625,5739,0.0,0.0
2021-12-01 00:00:00+09:00,92183.85193884966,93101.10419694766,91572.35043345099,92030.9765625,5795,0.0,0.0
2021-12-02 00:00:00+09:00,92030.98753156565,92642.48910984848,90655.10898042929,90807.984375,3799,0.0,0.0
2021-12-03 00:00:00+09:00,91037.29531119682,92260.29843880316,91037.29531119682,91648.796875,3558,0.0,0.0
2021-12-06 00:00:00+09:00,91648.77134728529,93330.40017934558,91648.77134728529,92566.0234375,2953,0.0,0.0
2021-12-07 00:00:00+09:00,92489.5842085041,93636.14930199794,92489.5842085041,93253.9609375,2812,0.0,0.0
2021-12-08 00:00:00+09:00,92871.78611773964,94324.10211464256,92718.9107496446,94094.7890625,3995,0.0,0.0
2021-12-09 00:00:00+09:00,93865.4761941057,94400.53998348578,92718.91093114838,94018.3515625,3635,0.0,0.0
2021-12-10 00:00:00+09:00,92030.96641331143,93865.47072719803,92030.96641331143,93024.65625,7003,0.0,0.0
2021-12-13 00:00:00+09:00,92566.03943729322,93559.72937344912,92107.41331291356,92413.1640625,2180,0.0,0.0
2021-12-14 00:00:00+09:00,92413.17442255435,92642.48751045151,90807.98280727425,91419.484375,2382,0.0,0.0
2021-12-15 00:00:00+09:00,91113.72393242123,92260.28925036277,90425.7847416563,92183.8515625,2432,0.0,0.0
2021-12-16 00:00:00+09:00,92030.97693947588,92642.47844737937,91801.66387401207,91878.1015625,1966,0.0,0.0
2021-12-17 00:00:00+09:00,91725.20902146985,92642.46111168455,90731.5192570706,92566.0234375,5349,0.0,0.0
2021-12-20 00:00:00+09:00,91572.33970104078,91878.09041790568,89814.27307906754,89967.1484375,3234,0.0,0.0
2021-12-21 00:00:00+09:00,90655.08755044604,91113.71362574342,89584.96004141886,89967.1484375,4090,0.0,0.0
2021-12-22 00:00:00+09:00,90502.21237244898,90655.08773118623,89814.27325813138,89890.7109375,2440,0.0,0.0
2021-12-23 00:00:00+09:00,90120.03640376152,91419.47713222967,90120.03640376152,91190.1640625,2098,0.0,0.0
2021-12-24 00:00:00+09:00,91572.3515625,92030.97769720366,91190.16311691361,91572.3515625,1656,0.0,0.0
2021-12-27 00:00:00+09:00,91878.1034631921,91954.54115326132,91113.7265625,91113.7265625,1524,0.0,0.0
2021-12-28 00:00:00+09:00,91266.60024198584,91954.53943978976,91266.60024198584,91801.6640625,1692,0.0,0.0
2021-12-29 00:00:00+09:00,91801.64669565442,92566.0234375,91495.89599891618,92566.0234375,2639,0.0,0.0
2021-12-30 00:00:00+09:00,92642.47806789867,92642.47806789867,92030.9765625,92030.9765625,1944,0.0,0.0
2022-01-04 00:00:00+09:00,92107.41462796381,92413.16538191556,91419.47543157238,91878.1015625,2447,0.0,0.0
2022-01-05 00:00:00+09:00,92489.60653769002,92948.2326858108,90502.2265625,90502.2265625,3168,0.0,0.0
2022-01-06 00:00:00+09:00,90120.03331014555,90349.34637200342,89202.78106271404,89279.21875,2574,0.0,0.0
2022-01-07 00:00:00+09:00,89126.3364816208,89890.71329535684,88897.0234375,88897.0234375,2575,0.0,0.0
2022-01-11 00:00:00+09:00,88591.27145432692,89508.52361778847,88591.27145432692,89432.0859375,2315,0.0,0.0
2022-01-12 00:00:00+09:00,89049.91850412436,90578.6724698604,89049.91850412436,90349.359375,1870,0.0,0.0
2022-01-13 00:00:00+09:00,90960.85232662309,91190.16539971542,90272.91310734612,90655.1015625,2093,0.0,0.0
2022-01-14 00:00:00+09:00,90960.85328905589,90960.85328905589,90196.47637066046,90272.9140625,2229,0.0,0.0
2022-01-17 00:00:00+09:00,90960.85348252118,91419.4796345339,90196.4765625,90196.4765625,2581,0.0,0.0
2022-01-18 00:00:00+09:00,90196.46420503443,90349.33956809381,88667.71057444063,88820.5859375,2853,0.0,0.0
2022-01-19 00:00:00+09:00,88820.59443542972,88897.0321242726,85151.58537097136,85380.8984375,4702,0.0,0.0
2022-01-20 00:00:00+09:00,85380.88305322129,85610.19607843137,81864.75,81864.75,7766,0.0,0.0
2022-01-21 00:00:00+09:00,81788.32385064045,84157.89211173376,80106.6947621226,83546.390625,7050,0.0,0.0
2022-01-24 00:00:00+09:00,83164.20939781022,84387.21247718978,82094.0817033531,83775.7109375,4370,0.0,0.0
2022-01-25 00:00:00+09:00,83775.69080779944,83928.56615598885,82094.06197771587,82323.375,3829,0.0,0.0
2022-01-26 00:00:00+09:00,82476.26066625226,84769.39117597196,82476.26066625226,84540.078125,2770,0.0,0.0
2022-01-27 00:00:00+09:00,84692.95867745535,85610.2109375,82552.70340401786,85610.2109375,3816,0.0,0.0
2022-01-28 00:00:00+09:00,85610.21816562778,86221.7197239537,84616.52813334818,85839.53125,3495,0.0,0.0
2022-01-31 00:00:00+09:00,86756.78221792035,88056.22300884956,86298.15605641593,86374.59375,2948,0.0,0.0
2022-02-01 00:00:00+09:00,87597.59083426339,87674.02852260043,85228.02249581473,85610.2109375,3290,0.0,0.0
2022-02-02 00:00:00+09:00,85992.40528207965,87138.97068584072,85380.90373340707,86374.59375,1761,0.0,0.0
2022-02-03 00:00:00+09:00,86374.5850082599,87521.15029598017,86068.83426486784,86756.7734375,1950,0.0,0.0
2022-02-04 00:00:00+09:00,86756.78280279503,87521.15974378883,86068.84355590062,86145.28125,2075,0.0,0.0
2022-02-07 00:00:00+09:00,86374.58085762331,86680.33158632286,84769.38953195067,85228.015625,2354,0.0,0.0
2022-02-08 00:00:00+09:00,85533.77553164486,86680.34088729693,84310.77248561598,84692.9609375,2002,0.0,0.0
2022-02-09 00:00:00+09:00,84692.95867745535,86068.83706752231,83622.83104073661,85610.2109375,2691,0.0,0.0
2022-02-10 00:00:00+09:00,86068.83408065581,87062.52399455325,85533.77028086488,86833.2109375,4206,0.0,0.0
2022-02-14 00:00:00+09:00,86145.26781109865,86451.0185397982,85228.015625,85228.015625,2404,0.0,0.0
2022-02-15 00:00:00+09:00,84998.69907195235,85304.4497880385,83011.3194173923,83393.5078125,4413,0.0,0.0
2022-02-16 00:00:00+09:00,83699.26928295658,85380.8984375,83699.26928295658,85380.8984375,3519,0.0,0.0
2022-02-17 00:00:00+09:00,85763.09200928382,86756.78202365163,85533.77892904509,86451.03125,2223,0.0,0.0
2022-02-18 00:00:00+09:00,86221.7197239537,86221.7197239537,84922.27891251113,85839.53125,1904,0.0,0.0
2022-02-21 00:00:00+09:00,85763.09453264759,85992.40761963328,85075.15527169051,85457.34375,1830,0.0,0.0
2022-02-22 00:00:00+09:00,84845.8229880137,84922.26066638128,83011.31870719178,83699.2578125,3425,0.0,0.0
2022-02-24 00:00:00+09:00,83699.2578125,85151.57370148401,82246.94192351599,83699.2578125,4755,0.0,0.0
2022-02-25 00:00:00+09:00,82552.69334326306,83546.38317054308,82552.69334326306,83393.5078125,3230,0.0,0.0
2022-02-28 00:00:00+09:00,82629.14329732627,84845.83631825361,82246.95484544225,84692.9609375,2547,0.0,0.0
2022-03-01 00:00:00+09:00,84922.27286944569,85763.08745231149,84616.52211203995,85151.5859375,1627,0.0,0.0
2022-03-02 00:00:00+09:00,84845.83631825361,85304.46246051445,83699.27096260154,84692.9609375,2735,0.0,0.0
2022-03-03 00:00:00+09:00,84998.70330783079,85533.76708764627,84845.82794216923,84922.265625,1552,0.0,0.0
2022-03-04 00:00:00+09:00,85457.3307008605,85533.76838485054,83852.13933706975,84387.203125,2511,0.0,0.0
2022-03-07 00:00:00+09:00,84463.63513764882,84463.63513764882,83087.75691821199,83469.9453125,2814,0.0,0.0
2022-03-08 00:00:00+09:00,83317.0647632312,83546.37778551532,82323.375,82323.375,2841,0.0,0.0
2022-03-09 00:00:00+09:00,82323.37587453358,83928.56704757462,81711.87447527985,81941.1875,3198,0.0,0.0
2022-03-10 00:00:00+09:00,83317.0699547848,84157.88442221841,83240.6322759272,83469.9453125,2433,0.0,0.0
2022-03-11 00:00:00+09:00,84540.07409274194,84845.82481278802,82934.8828125,82934.8828125,2553,0.0,0.0
2022-03-14 00:00:00+09:00,83087.75889656568,84157.88642605227,82629.1328125,82629.1328125,1499,0.0,0.0
2022-03-15 00:00:00+09:00,82552.68889925373,82934.87727378731,81635.43680037314,81941.1875,2009,0.0,0.0
2022-03-16 00:00:00+09:00,82552.70163143383,83546.39155847886,81788.3247644761,83164.203125,2649,0.0,0.0
2022-03-17 00:00:00+09:00,83775.70128842676,84922.26654328662,83775.70128842676,84540.078125,2008,0.0,0.0
2022-03-18 00:00:00+09:00,84005.01379339494,85380.89209028403,84005.01379339494,84769.390625,4112,0.0,0.0
2022-03-22 00:00:00+09:00,85151.58913664323,87291.8445188928,84540.08759885764,86986.09375,3176,0.0,0.0
2022-03-23 00:00:00+09:00,87368.27529926081,87368.27529926081,85610.20851721094,86603.8984375,2404,0.0,0.0
2022-03-24 00:00:00+09:00,86298.14603628503,87291.8359375,85457.33150448774,87291.8359375,3528,0.0,0.0
2022-03-25 00:00:00+09:00,87597.59684734514,87674.0345409292,86374.59375,86374.59375,3018,0.0,0.0
2022-03-28 00:00:00+09:00,86909.63920578604,87903.32901200873,86527.4508187773,87521.140625,2455,0.0,0.0
2022-03-29 00:00:00+09:00,87750.45154494382,88820.579002809,87750.45154494382,88438.390625,3227,0.0,0.0
2022-03-30 00:00:00+09:00,88603.12468694345,89774.09109249778,86495.38515694569,87666.3515625,3571,2411.0,0.0
2022-03-31 00:00:00+09:00,87432.14652096343,88290.85510286575,87119.88885481712,87510.2109375,3057,0.0,0.0
2022-04-01 00:00:00+09:00,87354.09395796363,88368.93151064774,86261.19197814996,87978.609375,4220,0.0,0.0
2022-04-04 00:00:00+09:00,89617.9509202454,89617.9509202454,87354.0828220859,89071.5,4809,0.0,0.0
2022-04-05 00:00:00+09:00,89227.63473484019,89305.69915718038,88212.79724441768,89149.5703125,5577,0.0,0.0
2022-04-06 00:00:00+09:00,89149.57793209876,89539.90007716049,88446.99807098765,88525.0625,2988,0.0,0.0
2022-04-07 00:00:00+09:00,88915.37043515834,88915.37043515834,87510.2109375,87510.2109375,2718,0.0,0.0
2022-04-08 00:00:00+09:00,87744.41762387387,88368.9330518018,86495.38676801801,86651.515625,3672,0.0,0.0
2022-04-11 00:00:00+09:00,86729.57109719163,89149.5681305066,86651.5066767621,88603.1171875,2169,0.0,0.0
2022-04-12 00:00:00+09:00,88525.074191144,89227.65414504196,88290.880873178,88368.9453125,2063,0.0,0.0
2022-04-13 00:00:00+09:00,88368.92392621144,89071.50371007709,88212.79508535242,88603.1171875,2537,0.0,0.0
2022-04-14 00:00:00+09:00,89071.49617235347,89696.01148293963,87978.59437882765,89227.625,2513,0.0,0.0
2022-04-15 00:00:00+09:00,89383.76370255236,90008.27908213351,89305.69928010472,89461.828125,1557,0.0,0.0
2022-04-18 00:00:00+09:00,89461.83186677632,89696.02514391448,88525.05875822369,88993.4453125,1223,0.0,0.0
2022-04-19 00:00:00+09:00,88915.37873041703,89149.57200187555,88056.67006840247,88446.9921875,3625,0.0,0.0
2022-04-20 00:00:00+09:00,88446.99797428097,88915.38454784291,87822.48254286504,88212.8046875,3589,0.0,0.0
2022-04-21 00:00:00+09:00,88212.79141104296,89774.07975460123,88212.79141104296,89071.5,1515,0.0,0.0
2022-04-22 00:00:00+09:00,89071.5,89774.07975460123,88603.11349693252,89071.5,1937,0.0,0.0
2022-04-25 00:00:00+09:00,88603.12307438381,89071.509628081,87432.15669014085,88681.1875,2049,0.0,0.0
2022-04-26 00:00:00+09:00,88368.92776368049,89383.76527333407,88134.73449222198,88446.9921875,3240,0.0,0.0
2022-04-27 00:00:00+09:00,88056.68169761273,88603.13273651636,87900.55282935455,88290.875,3280,0.0,0.0
2022-04-28 00:00:00+09:00,88603.11847789497,88759.24732102783,86963.765625,86963.765625,3029,0.0,0.0
2022-05-02 00:00:00+09:00,86807.63678186714,87354.08773283214,86495.37909560144,86963.765625,2691,0.0,0.0
2022-05-06 00:00:00+09:00,86807.6429680568,88368.93151064774,86807.6429680568,87978.609375,2597,0.0,0.0
2022-05-09 00:00:00+09:00,87354.08954435303,87744.41166027954,86417.3164661294,86573.4453125,3540,0.0,0.0
2022-05-10 00:00:00+09:00,85714.74198681193,86261.19298308487,85012.16213446102,85090.2265625,4274,0.0,0.0
2022-05-11 00:00:00+09:00,84856.02932559742,85948.93126723345,84309.57835477941,84934.09375,3619,0.0,0.0
2022-05-12 00:00:00+09:00,84309.5647424103,85636.65974298527,83763.1138598206,84856.015625,3507,0.0,0.0
2022-05-13 00:00:00+09:00,84699.89092520585,86105.05040599268,84699.89092520585,85324.40625,4689,0.0,0.0
2022-05-16 00:00:00+09:00,85480.53363048147,87510.20840161618,85480.53363048147,86339.2421875,2462,0.0,0.0
2022-05-17 00:00:00+09:00,86807.63473222322,86885.69915194645,85948.92611526778,86729.5703125,1282,0.0,0.0
2022-05-18 00:00:00+09:00,86729.57057780384,87900.53687723413,86495.37731791778,87354.0859375,1534,0.0,0.0
2022-05-19 00:00:00+09:00,86885.71688422406,87276.0390625,86105.07252767218,87276.0390625,1191,0.0,0.0
2022-05-20 00:00:00+09:00,87900.54431097009,87900.54431097009,86105.0625,86105.0625,5067,0.0,0.0
2022-05-23 00:00:00+09:00,86183.12477189781,86417.31804573449,85558.609375,85558.609375,2939,0.0,0.0
2022-05-24 00:00:00+09:00,85636.66790097032,85948.92557791097,84934.08812785389,85480.5390625,2165,0.0,0.0
2022-05-25 00:00:00+09:00,85090.22282732665,85636.67379961222,85012.15840271441,85558.609375,2984,0.0,0.0
2022-05-26 00:00:00+09:00,85246.34375,86183.11675824175,85090.21491529304,85246.34375,1756,0.0,0.0
2022-05-27 00:00:00+09:00,85168.27327219411,85480.53091938821,84153.43591881324,84856.015625,4485,0.0,0.0
2022-05-30 00:00:00+09:00,85324.41035884895,85870.8612943585,85090.21710077343,85792.796875,2232,0.0,0.0
2022-05-31 00:00:00+09:00,85870.86922030825,86339.25577969175,85558.61151405258,86105.0625,4042,0.0,0.0
2022-06-01 00:00:00+09:00,85480.53508119853,85714.72832799633,84934.08417200366,85324.40625,3108,0.0,0.0
2022-06-02 00:00:00+09:00,85402.48427465597,85402.48427465597,84543.77556622706,85090.2265625,3336,0.0,0.0
2022-06-03 00:00:00+09:00,84699.90047679227,85246.35144761029,84465.70720358456,84934.09375,2497,0.0,0.0
2022-06-06 00:00:00+09:00,84621.8360523897,85168.28702320773,84543.77162798714,84934.09375,3205,0.0,0.0
2022-06-07 00:00:00+09:00,84699.90228964681,84934.09556786703,84231.51573320637,84543.7734375,2678,0.0,0.0
2022-06-08 00:00:00+09:00,84309.57441298342,84934.08977900553,83841.18788846685,84777.9609375,3459,0.0,0.0
2022-06-09 00:00:00+09:00,84153.43159528784,84465.6892264392,84075.3671875,84075.3671875,4599,0.0,0.0
2022-06-10 00:00:00+09:00,83919.24972176664,84153.44297680413,83060.54111996252,83294.734375,5121,0.0,0.0
2022-06-13 00:00:00+09:00,83060.54111996252,83450.86321169167,82514.0901915417,83294.734375,3266,0.0,0.0
2022-06-14 00:00:00+09:00,82904.41547547847,82904.41547547847,81108.93378438996,81577.3203125,5937,0.0,0.0
2022-06-15 00:00:00+09:00,81967.64398619185,82357.96610041181,80328.29110646802,80562.484375,6231,0.0,0.0
2022-06-16 00:00:00+09:00,80952.81088541666,82748.29270833333,80796.68203125,81967.6484375,3975,0.0,0.0
2022-06-17 00:00:00+09:00,81577.32235508111,82670.22428136929,80562.48485209924,81811.515625,5568,0.0,0.0
2022-06-20 00:00:00+09:00,81811.51151631479,82045.70477447216,80718.60964491362,81343.125,1586,0.0,0.0
2022-06-21 00:00:00+09:00,81733.4588266226,82123.78097956731,80952.81452073318,81187.0078125,2739,0.0,0.0
2022-06-22 00:00:00+09:00,82357.96610041181,82357.96610041181,80250.22668362403,80562.484375,4049,0.0,0.0
2022-06-23 00:00:00+09:00,80640.54674593052,81967.6419005102,80016.03137906949,80328.2890625,3607,0.0,0.0
2022-06-24 00:00:00+09:00,80328.29494842232,80718.61708131067,80250.23052184466,80406.359375,2370,0.0,0.0
2022-06-27 00:00:00+09:00,81186.99807877041,81421.19134245918,80796.67597262247,81265.0625,2340,0.0,0.0
2022-06-28 00:00:00+09:00,81577.32056475546,82670.2224670584,81343.12729997626,82201.8359375,2831,0.0,0.0
2022-06-29 00:00:00+09:00,82670.2111065381,83216.66198259643,81967.63140874883,82982.46875,2549,0.0,0.0
2022-06-30 00:00:00+09:00,82670.23051661169,83060.55266258247,82201.84394144676,82826.359375,2346,0.0,0.0
2022-07-01 00:00:00+09:00,82826.35300676484,82826.35300676484,80562.4847341954,81499.2578125,2045,0.0,0.0
2022-07-04 00:00:00+09:00,82123.77151590693,82436.0292022792,81343.12729997626,82201.8359375,1951,0.0,0.0
2022-07-05 00:00:00+09:00,81811.51777251186,82514.0976007109,81733.4533471564,82357.96875,2190,0.0,0.0
2022-07-06 00:00:00+09:00,82279.89803262956,82357.96245201536,81343.125,81343.125,1991,0.0,0.0
2022-07-07 00:00:00+09:00,81655.38892180096,82592.16202606635,81655.38892180096,82357.96875,1768,0.0,0.0
2022-07-08 00:00:00+09:00,82436.01701821668,82436.01701821668,81186.98645733461,81421.1796875,2220,0.0,0.0
2022-07-11 00:00:00+09:00,81967.65632412239,82592.17180087761,81889.59188952799,82279.9140625,1758,0.0,0.0
2022-07-12 00:00:00+09:00,82514.0976007109,82826.35530213271,81967.64662322275,82357.96875,1584,0.0,0.0
2022-07-13 00:00:00+09:00,82514.09183010396,83138.60718927221,82514.09183010396,82592.15625,2249,0.0,0.0
2022-07-14 00:00:00+09:00,82436.0391509434,82904.4257370283,82201.84585790095,82748.296875,1121,0.0,0.0
2022-07-15 00:00:00+09:00,82826.35118267397,82826.35118267397,81889.578125,81889.578125,1700,0.0,0.0
2022-07-19 00:00:00+09:00,82670.22475622651,83372.80457001881,82514.0959087171,83060.546875,1995,0.0,0.0
2022-07-20 00:00:00+09:00,83216.66759883997,83372.79643110796,81889.57252456203,82436.0234375,2938,0.0,0.0
2022-07-21 00:00:00+09:00,82592.16033247182,83060.546875,82514.0959087171,83060.546875,2688,0.0,0.0
2022-07-22 00:00:00+09:00,82982.48053110328,83450.86706279343,82748.28726525822,83138.609375,2010,0.0,0.0
2022-07-25 00:00:00+09:00,83294.73642669393,84075.38062938084,83138.60758615655,83528.9296875,2695,0.0,0.0
2022-07-26 00:00:00+09:00,84075.37897503475,84387.63664996525,83685.05688137164,84231.5078125,2071,0.0,0.0
2022-07-27 00:00:00+09:00,84387.64458535318,85090.22442001385,83997.32245498615,84543.7734375,2324,0.0,0.0
2022-07-28 00:00:00+09:00,84856.01578969981,85246.33784945005,84465.69372994959,85168.2734375,1773,0.0,0.0
2022-07-29 00:00:00+09:00,85012.15268141493,85948.925713717,84856.0238426979,85792.796875,2913,0.0,0.0
2022-08-01 00:00:00+09:00,85792.80489922086,86495.38473915988,85480.5471925813,86417.3203125,1973,0.0,0.0
2022-08-02 00:00:00+09:00,86495.38247034671,86495.38247034671,85324.41610116333,85558.609375,1693,0.0,0.0
2022-08-03 00:00:00+09:00,85714.73822422445,86026.99592267336,84621.83627965329,85558.609375,2113,0.0,0.0
2022-08-04 00:00:00+09:00,85870.85570185352,86573.43543032324,85792.79128757911,86339.2421875,1875,0.0,0.0
2022-08-05 00:00:00+09:00,86339.25771324863,86651.51542649728,85948.93557168783,86027.0,1858,0.0,0.0
2022-08-08 00:00:00+09:00,86026.99817920054,86495.38473915988,85948.93375254064,86417.3203125,1824,0.0,0.0
2022-08-09 00:00:00+09:00,86339.25384963768,86651.51154891304,86105.06057518117,86183.125,2068,0.0,0.0
2022-08-10 00:00:00+09:00,86183.12283500456,86417.31610357793,85402.47860642661,85636.671875,1812,0.0,0.0
2022-08-12 00:00:00+09:00,85948.92157479413,86026.98599039341,85324.40625,85324.40625,1447,0.0,0.0
2022-08-15 00:00:00+09:00,85480.53363048147,86339.2421875,85480.53363048147,86339.2421875,1514,0.0,0.0
2022-08-16 00:00:00+09:00,86339.2421875,86417.30660177441,85792.79128757911,86339.2421875,2329,0.0,0.0
2022-08-17 00:00:00+09:00,86183.11304644808,86183.11304644808,85558.5977345173,85714.7265625,1622,0.0,0.0
2022-08-18 00:00:00+09:00,85558.59994343891,86651.50176753393,85246.34227941177,86261.1796875,1655,0.0,0.0
2022-08-19 00:00:00+09:00,86417.3088148585,87276.01739386792,86183.11556603773,86885.6953125,2362,0.0,0.0
2022-08-22 00:00:00+09:00,86885.70300524122,86885.70300524122,85948.92992701758,86573.4453125,1866,0.0,0.0
2022-08-23 00:00:00+09:00,86495.38269927536,86963.76924818842,86183.125,86183.125,1527,0.0,0.0
2022-08-24 00:00:00+09:00,86261.19135312783,87119.90004533091,86105.0625,86105.0625,1871,0.0,0.0
2022-08-25 00:00:00+09:00,86573.43543032324,86963.7575016953,86183.11335895117,86339.2421875,1509,0.0,0.0
2022-08-26 00:00:00+09:00,86573.43955850945,87197.95490248427,86261.18188652204,86807.6328125,1126,0.0,0.0
2022-08-29 00:00:00+09:00,86026.98453040235,86573.43543032324,85714.72687330471,86339.2421875,2782,0.0,0.0
2022-08-30 00:00:00+09:00,86495.38515694569,87666.3515625,86417.32072990872,87666.3515625,1741,0.0,0.0
2022-08-31 00:00:00+09:00,87666.36124077594,87744.42567643113,86729.58801291368,87276.0390625,2797,0.0,0.0
2022-09-01 00:00:00+09:00,87276.02536089973,87588.28305449865,86573.44555030215,87197.9609375,2179,0.0,0.0
2022-09-02 00:00:00+09:00,87510.2146440583,88056.66558295964,86885.6992853139,87041.828125,1705,0.0,0.0
2022-09-05 00:00:00+09:00,87276.02331126572,87510.216575965,86885.70120343358,86963.765625,1382,0.0,0.0
2022-09-06 00:00:00+09:00,87041.83209070054,87197.9609375,86729.5743971016,87197.9609375,1439,0.0,0.0
2022-09-07 00:00:00+09:00,87041.82414504717,87276.01739386792,86885.6953125,86885.6953125,1542,0.0,0.0
2022-09-08 00:00:00+09:00,87197.95696468609,87666.3434837444,86885.6992853139,87041.828125,1622,0.0,0.0
2022-09-09 00:00:00+09:00,86729.57261029411,87978.60335895722,86729.57261029411,87588.28125,2386,0.0,0.0
2022-09-12 00:00:00+09:00,87978.60927064782,88056.67369768478,87432.15828138914,87666.3515625,1226,0.0,0.0
2022-09-13 00:00:00+09:00,87666.34579679175,88212.79675011101,87588.28137488899,87900.5390625,1905,0.0,0.0
2022-09-14 00:00:00+09:00,87588.28125,87978.60335895722,87276.02356283422,87588.28125,1650,0.0,0.0
2022-09-15 00:00:00+09:00,87744.4141733156,88368.9295766844,87588.28532247341,88056.671875,1520,0.0,0.0
2022-09-16 00:00:00+09:00,87822.49423724604,88837.33194843198,87822.49423724604,88368.9453125,2548,0.0,0.0
2022-09-20 00:00:00+09:00,88446.99433251096,89227.63858963815,88368.92990679825,88993.4453125,2769,0.0,0.0
2022-09-21 00:00:00+09:00,89071.5135997913,89461.8357452768,88759.2558834029,88837.3203125,2689,0.0,0.0
2022-09-22 00:00:00+09:00,88837.31646107456,89305.70301535088,88525.05875822369,88993.4453125,2477,0.0,0.0
2022-09-26 00:00:00+09:00,88837.30978139014,88837.30978139014,86963.76370515695,87041.828125,3672,0.0,0.0
2022-09-27 00:00:00+09:00,87119.90219594595,87978.61090934684,86573.451196509,86651.515625,4848,0.0,0.0
2022-09-28 00:00:00+09:00,87197.96229185675,87354.09114108121,84934.09397810219,85558.609375,5408,0.0,0.0
2022-09-29 00:00:00+09:00,87096.15170635826,88133.96103008205,86377.66832839564,87575.140625,4063,2426.0,0.0
2022-09-30 00:00:00+09:00,87415.47765211943,87734.80359788059,86058.34238263447,87575.140625,4433,0.0,0.0
2022-10-03 00:00:00+09:00,87016.32237738419,88533.12065735694,86696.99642370571,87894.46875,3638,0.0,0.0
2022-10-04 00:00:00+09:00,88612.95971132287,89251.61167320628,88373.46522561659,89012.1171875,2360,0.0,0.0
2022-10-05 00:00:00+09:00,89331.43992335437,89890.26036970243,88293.63052299368,88533.125,2202,0.0,0.0
2022-10-06 00:00:00+09:00,88533.130677319,88772.62516968326,87814.64720022625,88213.8046875,2475,0.0,0.0
2022-10-07 00:00:00+09:00,87415.484375,88453.29377853882,87255.82138984019,87415.484375,2945,0.0,0.0
2022-10-11 00:00:00+09:00,87335.65193370165,87814.6408839779,86537.33701657459,86697.0,3807,0.0,0.0
2022-10-12 00:00:00+09:00,87175.99203821656,88213.80146724294,87096.16054367607,87734.8125,2757,0.0,0.0
2022-10-13 00:00:00+09:00,87654.9721114403,88054.12954364176,87175.98319279855,87575.140625,2491,0.0,0.0
2022-10-14 00:00:00+09:00,87814.63758680555,87814.63758680555,86218.0078125,86218.0078125,3223,0.0,0.0
2022-10-17 00:00:00+09:00,86058.34819566728,86537.33714666357,85419.69626100556,86138.1796875,3028,0.0,0.0
2022-10-18 00:00:00+09:00,86457.50336471811,86696.99783387246,85898.68293669132,86377.671875,2365,0.0,0.0
2022-10-19 00:00:00+09:00,86377.68471927967,86377.68471927967,84381.89717955509,84781.0546875,2747,0.0,0.0
2022-10-20 00:00:00+09:00,84461.71766986269,84541.54916104404,83982.72872277461,84302.0546875,2664,0.0,0.0
2022-10-21 00:00:00+09:00,84302.0591296121,85180.2055788789,84062.56464344844,84381.890625,3487,0.0,0.0
2022-10-24 00:00:00+09:00,84381.88739147241,84541.55037612988,83823.06694517127,83902.8984375,1247,0.0,0.0
2022-10-25 00:00:00+09:00,84381.87814095868,86218.00226323119,84302.04665738161,85978.5078125,4358,0.0,0.0
2022-10-26 00:00:00+09:00,86776.83413085938,89491.10493164063,86776.83413085938,89411.2734375,5280,0.0,0.0
2022-10-27 00:00:00+09:00,89091.95154185023,90688.58149779736,88453.29955947137,90608.75,6341,0.0,0.0
2022-10-28 00:00:00+09:00,90049.92389157155,91247.39628374671,89650.76642751317,90928.0703125,4391,0.0,0.0
2022-10-31 00:00:00+09:00,91007.8949804007,92045.70430912456,90608.73754627613,91646.546875,4666,0.0,0.0
2022-11-01 00:00:00+09:00,91646.55334051723,92764.19423491378,90608.74393857758,92604.53125,4658,0.0,0.0
2022-11-02 00:00:00+09:00,92764.19808600616,92764.19808600616,90688.57919595782,90848.2421875,4395,0.0,0.0
2022-11-04 00:00:00+09:00,90209.59393087712,90768.41442425424,89171.78444317676,89650.7734375,3354,0.0,0.0
2022-11-07 00:00:00+09:00,90369.24918794802,90528.91217237903,89091.9453125,89091.9453125,2877,0.0,0.0
2022-11-08 00:00:00+09:00,89411.27557829181,89970.09605065614,89012.11809803158,89730.6015625,2222,0.0,0.0
2022-11-09 00:00:00+09:00,89730.59819444445,90209.58715277778,89650.76670138889,89810.4296875,1078,0.0,0.0
2022-11-10 00:00:00+09:00,89810.43856061446,90449.09056815661,89331.44955495784,89970.1015625,1781,0.0,0.0
2022-11-11 00:00:00+09:00,91407.05588678728,91726.3818462171,90289.4150287829,91007.8984375,2836,0.0,0.0
2022-11-14 00:00:00+09:00,90608.74834600225,90848.24283502252,88293.63495213965,88612.9609375,1937,0.0,0.0
2022-11-15 00:00:00+09:00,88533.12960392113,88772.62409338169,87974.30912851315,88054.140625,1834,0.0,0.0
2022-11-16 00:00:00+09:00,88054.14169259049,88533.130677319,87814.64720022625,88213.8046875,1825,0.0,0.0
2022-11-17 00:00:00+09:00,88293.63052299368,88932.28246167718,88054.13604598737,88533.125,1247,0.0,0.0
2022-11-18 00:00:00+09:00,85579.3515625,85739.01453183303,84541.54226183536,85579.3515625,8521,0.0,0.0
2022-11-21 00:00:00+09:00,86058.34913545496,87175.99003331803,86058.34913545496,86856.6640625,3746,0.0,0.0
2022-11-22 00:00:00+09:00,86936.4956926457,87255.82166396854,85739.02330018501,86297.84375,3161,0.0,0.0
2022-11-24 00:00:00+09:00,86297.84482484995,86697.00229397506,86218.01333102492,86457.5078125,3194,0.0,0.0
2022-11-25 00:00:00+09:00,86218.00889556376,87016.32379274491,85898.68293669132,86377.671875,4265,0.0,0.0
2022-11-28 00:00:00+09:00,86377.67724072802,87335.65517685439,86138.18275669642,87175.9921875,4624,0.0,0.0
2022-11-29 00:00:00+09:00,87096.15840468038,87654.97885273973,86776.83243436074,87415.484375,10506,0.0,0.0
2022-11-30 00:00:00+09:00,86537.32937849814,86776.82383249767,85499.5200778335,85579.3515625,23127,0.0,0.0
2022-12-01 00:00:00+09:00,85818.85398327465,86218.01144366198,85020.5390625,85020.5390625,12996,0.0,0.0
2022-12-02 00:00:00+09:00,85499.53713148585,85739.03163325471,84381.89612323113,84621.390625,10463,0.0,0.0
2022-12-05 00:00:00+09:00,85020.5300095752,85978.5078125,84860.86704242107,85978.5078125,19835,0.0,0.0
2022-12-06 00:00:00+09:00,85260.04224860335,85739.03125,84940.71624767226,85739.03125,30063,0.0,0.0
2022-12-07 00:00:00+09:00,85579.3515625,85818.84601649953,85339.85710850047,85579.3515625,7277,0.0,0.0
2022-12-08 00:00:00+09:00,85499.53232030522,85978.52129688956,85180.20633591566,85659.1953125,7374,0.0,0.0
2022-12-09 00:00:00+09:00,85898.69211448598,85898.69211448598,85339.87162675233,85419.703125,6572,0.0,0.0
2022-12-12 00:00:00+09:00,85499.52560319768,85818.8515625,85260.03113372093,85818.8515625,4993,0.0,0.0
2022-12-13 00:00:00+09:00,85818.85846622889,85978.52145872421,85100.375,85100.375,7110,0.0,0.0
2022-12-14 00:00:00+09:00,85180.19964389535,85818.8515625,85100.36815406976,85818.8515625,6572,0.0,0.0
2022-12-15 00:00:00+09:00,85499.5244140625,86218.0078125,85499.5244140625,86218.0078125,4529,0.0,0.0
2022-12-16 00:00:00+09:00,86218.01775830258,86697.0067458487,85978.52326452952,86537.34375,8928,0.0,0.0
2022-12-19 00:00:00+09:00,86058.34047049907,86218.0034398321,85260.02562383396,85579.3515625,5810,0.0,0.0
2022-12-20 00:00:00+09:00,85739.02557509737,85978.52005994401,81507.95634280672,81986.9453125,14395,0.0,0.0
2022-12-21 00:00:00+09:00,82865.08917025861,84222.22454202586,82625.59469288793,83344.078125,10335,0.0,0.0
2022-12-22 00:00:00+09:00,83823.07561910377,84781.05362617924,83583.5811173349,84621.390625,5705,0.0,0.0
2022-12-23 00:00:00+09:00,84541.55735664588,84541.55735664588,82944.92737823896,83184.421875,5809,0.0,0.0
2022-12-26 00:00:00+09:00,83184.4150065414,84142.3929144862,83024.75202188392,83902.8984375,3506,0.0,0.0
2022-12-27 00:00:00+09:00,84142.39158043273,85100.36947318909,83743.23412511758,84860.875,2678,0.0,0.0
2022-12-28 00:00:00+09:00,85020.54774790503,85898.69425046555,84461.72724627561,85739.03125,3588,0.0,0.0
2022-12-29 00:00:00+09:00,85739.01790091036,85978.51236432073,85419.69194969654,85499.5234375,3053,0.0,0.0
2022-12-30 00:00:00+09:00,85260.03327734013,86697.000130329,85260.03327734013,86138.1796875,3941,0.0,0.0
2023-01-04 00:00:00+09:00,86457.50348110465,86617.1664607558,85739.02007267441,85818.8515625,2581,0.0,0.0
2023-01-05 00:00:00+09:00,85898.69678101504,86138.1912887688,84142.40372415414,84940.71875,4951,0.0,0.0
2023-01-06 00:00:00+09:00,84621.39168432204,85419.70670021187,84142.40267478814,84781.0546875,3226,0.0,0.0
2023-01-10 00:00:00+09:00,85260.04012850467,85659.19761974299,84781.05113901869,85419.703125,1652,0.0,0.0
2023-01-11 00:00:00+09:00,85818.84938871382,86218.0068277311,85260.02897408964,85499.5234375,3023,0.0,0.0
2023-01-12 00:00:00+09:00,85419.69086178672,85818.8482957203,85100.36491463985,85339.859375,2422,0.0,0.0
2023-01-13 00:00:00+09:00,85499.53248123828,85898.68996247655,84860.88051125704,85100.375,3964,0.0,0.0
2023-01-16 00:00:00+09:00,85020.5390625,85419.69652288733,84781.04458626761,85020.5390625,2726,0.0,0.0
2023-01-17 00:00:00+09:00,85020.54258810311,85100.37408349101,84062.56464344844,84381.890625,2903,0.0,0.0
2023-01-18 00:00:00+09:00,84541.54558385855,86696.99575455183,84461.71409605509,85499.5234375,6333,0.0,0.0
2023-01-19 00:00:00+09:00,85020.54616748093,85100.37766622975,83583.57919000239,83743.2421875,9006,0.0,0.0
2023-01-20 00:00:00+09:00,83823.07015728476,84621.38511116366,83743.23866189687,84381.890625,2966,0.0,0.0
2023-01-23 00:00:00+09:00,84621.38602251408,85260.03799249532,84541.55452626642,85100.375,3606,0.0,0.0
2023-01-24 00:00:00+09:00,85339.86143663194,86297.83930121528,85260.02994791667,86218.0078125,2638,0.0,0.0
2023-01-25 00:00:00+09:00,86297.83374680826,86856.65413184772,85818.84484534587,85978.5078125,2799,0.0,0.0
2023-01-26 00:00:00+09:00,86058.34047049907,86058.34047049907,85339.85710850047,85579.3515625,2144,0.0,0.0
2023-01-27 00:00:00+09:00,85579.35697781885,86377.671875,85579.35697781885,86377.671875,3044,0.0,0.0
2023-01-30 00:00:00+09:00,86457.50659897749,87175.99003331803,86457.50659897749,86856.6640625,2858,0.0,0.0
2023-01-31 00:00:00+09:00,87016.33074615564,87016.33074615564,85419.70082420783,85659.1953125,2799,0.0,0.0
2023-02-01 00:00:00+09:00,86297.8349244986,86377.66640916512,85499.5200778335,85579.3515625,1973,0.0,0.0
2023-02-02 00:00:00+09:00,85739.02007267441,86058.34603197675,85180.19964389535,85818.8515625,2132,0.0,0.0
2023-02-03 00:00:00+09:00,85978.51465941012,86058.34614934458,85020.53678019663,85260.03125,2424,0.0,0.0
2023-02-06 00:00:00+09:00,85499.5222540079,85978.51117419841,85419.69076730948,85898.6796875,2096,0.0,0.0
2023-02-07 00:00:00+09:00,85659.19761974299,85898.69211448598,85339.87162675233,85419.703125,2678,0.0,0.0
2023-02-08 00:00:00+09:00,85579.35492530346,85739.01790091036,84860.87153507237,85499.5234375,2404,0.0,0.0
2023-02-09 00:00:00+09:00,85419.69652288733,85499.52801496479,84860.87607834507,85020.5390625,2721,0.0,0.0
2023-02-10 00:00:00+09:00,84940.71769067798,85180.21219544492,84381.89717955509,84781.0546875,4547,0.0,0.0
2023-02-13 00:00:00+09:00,84860.88618908898,85100.38069385594,84701.22318591102,84781.0546875,1086,0.0,0.0
2023-02-14 00:00:00+09:00,84940.71413551402,85419.703125,84781.05113901869,85419.703125,1104,0.0,0.0
2023-02-15 00:00:00+09:00,85180.19640142657,85978.51126929373,84940.7019410664,85339.859375,3508,0.0,0.0
2023-02-16 00:00:00+09:00,85659.18858284883,85818.8515625,85339.8626235465,85818.8515625,1507,0.0,0.0
2023-02-17 00:00:00+09:00,85499.52560319768,85818.8515625,85020.53666424418,85818.8515625,1775,0.0,0.0
2023-02-20 00:00:00+09:00,85818.85036892361,86537.33376736111,85818.85036892361,86218.0078125,1992,0.0,0.0
2023-02-21 00:00:00+09:00,86218.01333102492,86697.00229397506,86058.35034337488,86457.5078125,1950,0.0,0.0
2023-02-22 00:00:00+09:00,86457.50766915137,87096.15961869266,86457.50766915137,87016.328125,3149,0.0,0.0
2023-02-24 00:00:00+09:00,87255.81467923884,87575.140625,87016.32021991797,87575.140625,5299,0.0,0.0
2023-02-27 00:00:00+09:00,87575.15164607888,88054.140625,87335.65715661831,88054.140625,3658,0.0,0.0
2023-02-28 00:00:00+09:00,88054.13304206841,88054.13304206841,86617.16622905189,86936.4921875,5675,0.0,0.0
2023-03-01 00:00:00+09:00,86617.1732656687,86936.49925005824,85499.53232030522,85659.1953125,5508,0.0,0.0
2023-03-02 00:00:00+09:00,85739.0268085974,86058.35279298696,85100.37483981827,85659.1953125,3919,0.0,0.0
2023-03-03 00:00:00+09:00,85978.52361273364,86218.01810747663,85339.87162675233,85419.703125,3452,0.0,0.0
2023-03-06 00:00:00+09:00,85898.68521200184,86218.01117933271,85579.35924467098,86138.1796875,2804,0.0,0.0
2023-03-07 00:00:00+09:00,86297.8371209921,86457.50009438895,85579.35374070631,85898.6796875,2836,0.0,0.0
2023-03-08 00:00:00+09:00,85978.51334635417,86297.83930121528,85579.35590277778,86218.0078125,3781,0.0,0.0
2023-03-09 00:00:00+09:00,86297.84027060376,87016.32367711203,86297.84027060376,86936.4921875,1813,0.0,0.0
2023-03-10 00:00:00+09:00,86856.66285452883,87495.31478728271,86696.99987134035,87255.8203125,3038,0.0,0.0
2023-03-13 00:00:00+09:00,86856.65852534563,87016.32150057604,86138.17513680876,86617.1640625,3133,0.0,0.0
2023-03-14 00:00:00+09:00,86218.00889556376,87016.32379274491,85818.85144697319,86377.671875,3249,0.0,0.0
2023-03-15 00:00:00+09:00,86457.50336471811,87335.64975161737,86377.671875,86377.671875,3126,0.0,0.0
2023-03-16 00:00:00+09:00,85978.50898583257,86297.8349244986,85020.53116983443,85579.3515625,6580,0.0,0.0
2023-03-17 00:00:00+09:00,85579.36196682464,86058.35093305688,84222.2265625,84222.2265625,10118,0.0,0.0
2023-03-20 00:00:00+09:00,84222.22454202586,85020.53946659483,83104.5836476293,83344.078125,5501,0.0,0.0
2023-03-22 00:00:00+09:00,83743.23972350094,84781.04917669971,83503.74523430123,84541.5546875,5378,0.0,0.0
2023-03-23 00:00:00+09:00,84461.72104561611,84461.72104561611,83743.23759626778,84222.2265625,4161,0.0,0.0
2023-03-24 00:00:00+09:00,84461.72319110009,84701.2176802998,84142.39720550047,84541.5546875,3126,0.0,0.0
2023-03-27 00:00:00+09:00,84940.70649106303,85419.6954374412,84541.54903574788,84860.875,3340,0.0,0.0
2023-03-28 00:00:00+09:00,84860.875,85180.20096425212,84381.88605362183,84860.875,4229,0.0,0.0
2023-03-29 00:00:00+09:00,84781.03788366917,85260.02679826616,84461.7119406045,85180.1953125,5297,0.0,0.0
2023-03-30 00:00:00+09:00,85803.63783004282,86788.00078794007,85065.36561161988,86213.7890625,6613,2860.0,0.0
2023-03-31 00:00:00+09:00,86131.75276614832,86131.75276614832,85147.38987739234,85721.6015625,5904,0.0,0.0
2023-04-03 00:00:00+09:00,85721.61075800376,87362.21574858757,85639.58050847457,87116.125,9578,0.0,0.0
2023-04-04 00:00:00+09:00,87198.15424717248,87362.21474434495,86295.82151272385,87034.09375,4833,0.0,0.0
2023-04-05 00:00:00+09:00,87034.0984077381,87034.0984077381,85557.55385416666,86131.765625,3569,0.0,0.0
2023-04-06 00:00:00+09:00,85967.69911398468,85967.69911398468,85393.4873832615,85639.578125,2841,0.0,0.0
2023-04-07 00:00:00+09:00,85557.55369031911,85803.6444487764,84901.31166776632,85475.5234375,3159,0.0,0.0
2023-04-10 00:00:00+09:00,85475.5105773867,85721.60129881871,84901.29889404532,85065.359375,1362,0.0,0.0
2023-04-11 00:00:00+09:00,85065.359375,85475.5105773867,84901.29889404532,85065.359375,2549,0.0,0.0
2023-04-12 00:00:00+09:00,85147.39340815585,85311.4538964182,84737.2421875,84737.2421875,3106,0.0,0.0
2023-04-13 00:00:00+09:00,84737.24118065649,85065.36215328246,84655.2109375,84655.2109375,2273,0.0,0.0
2023-04-14 00:00:00+09:00,85229.42388628723,85475.5146193564,84819.27266450529,85393.484375,1953,0.0,0.0
2023-04-17 00:00:00+09:00,85475.51361177885,85639.57409855768,85065.36239483173,85311.453125,2668,0.0,0.0
2023-04-18 00:00:00+09:00,85885.66204395932,85885.66204395932,85393.48059958134,85721.6015625,3429,0.0,0.0
2023-04-19 00:00:00+09:00,85721.61818086759,85885.67869413241,85311.46689770556,85803.6484375,1251,0.0,0.0
2023-04-20 00:00:00+09:00,85721.59780147759,86131.7489871306,85475.5070900858,86049.71875,1721,0.0,0.0
2023-04-21 00:00:00+09:00,85721.6015625,85885.66204395932,85475.510840311,85721.6015625,1543,0.0,0.0
2023-04-24 00:00:00+09:00,85721.60758355139,86459.87980197431,85721.60758355139,86213.7890625,1718,0.0,0.0
2023-04-25 00:00:00+09:00,86377.8515625,86459.88181089744,86049.73056891026,86377.8515625,1501,0.0,0.0
2023-04-26 00:00:00+09:00,86295.82613095238,86623.94714285714,85967.70511904762,86131.765625,1803,0.0,0.0
2023-04-27 00:00:00+09:00,86377.85621851007,86377.85621851007,85393.4931846809,85475.5234375,1872,0.0,0.0
2023-04-28 00:00:00+09:00,85639.57932692308,86459.88181089744,85475.5188301282,86377.8515625,2743,0.0,0.0
2023-05-01 00:00:00+09:00,86787.99596774194,86787.99596774194,86131.75403225806,86459.875,2854,0.0,0.0
2023-05-02 00:00:00+09:00,86295.82131410256,86705.97255608975,85721.60957532052,86377.8515625,2584,0.0,0.0
2023-05-08 00:00:00+09:00,86788.00481338863,86870.03506368483,86131.76281101895,86541.9140625,3317,0.0,0.0
2023-05-09 00:00:00+09:00,86459.87372906698,86459.87372906698,85557.54108104068,85721.6015625,5672,0.0,0.0
2023-05-10 00:00:00+09:00,86131.74664641483,86131.74664641483,84983.32335779596,85229.4140625,8460,0.0,0.0
2023-05-11 00:00:00+09:00,85475.51943340559,85475.51943340559,84737.24719261802,85147.3984375,4930,0.0,0.0
2023-05-12 00:00:00+09:00,85147.39542572464,85393.48616394927,84573.18370320048,84901.3046875,5119,0.0,0.0
2023-05-15 00:00:00+09:00,84983.34011211831,86049.73337607348,84901.30986104485,85967.703125,3877,0.0,0.0
2023-05-16 00:00:00+09:00,86049.72856951713,86213.7890625,85803.63783004282,86213.7890625,2408,0.0,0.0
2023-05-17 00:00:00+09:00,86131.75276614832,86213.78300687799,85721.6015625,85721.6015625,2137,0.0,0.0
2023-05-18 00:00:00+09:00,85967.70495441458,85967.70495441458,85475.5234375,85475.5234375,3494,0.0,0.0
2023-05-19 00:00:00+09:00,85885.67007211539,86377.8515625,85721.60957532052,86377.8515625,4306,0.0,0.0
2023-05-22 00:00:00+09:00,86377.85374529632,88264.54950611477,86377.85374529632,87198.15625,6287,0.0,0.0
2023-05-23 00:00:00+09:00,87362.21574858757,87526.27624764595,86459.88300376647,87116.125,4041,0.0,0.0
2023-05-24 00:00:00+09:00,86952.061496695,87198.15223677998,86623.94050991502,86870.03125,2732,0.0,0.0
2023-05-25 00:00:00+09:00,86788.00200471698,87444.24398584905,86623.94150943396,86952.0625,3411,0.0,0.0
2023-05-26 00:00:00+09:00,87362.21394399578,87690.33493533473,86705.97196131787,87608.3046875,3385,0.0,0.0
2023-05-29 00:00:00+09:00,87608.3016725352,87690.33191754695,87280.18069248827,87362.2109375,2381,0.0,0.0
2023-05-30 00:00:00+09:00,87198.15625,87362.21675094073,86788.00499764817,87198.15625,2580,0.0,0.0
2023-05-31 00:00:00+09:00,87280.17617332714,88264.5390625,86870.02496950512,88264.5390625,8365,0.0,0.0
2023-06-01 00:00:00+09:00,87444.2470014111,87772.36800329256,86870.03524811853,87198.15625,3770,0.0,0.0
2023-06-02 00:00:00+09:00,87116.1202024648,87526.27142752348,86952.05971244132,87362.2109375,2597,0.0,0.0
2023-06-05 00:00:00+09:00,87444.2414084343,88100.48337022368,87444.2414084343,88018.453125,2741,0.0,0.0
2023-06-06 00:00:00+09:00,88100.48337022368,88100.48337022368,87362.21116321062,88018.453125,2294,0.0,0.0
2023-06-07 00:00:00+09:00,87936.42567883895,88428.60716584738,87526.27443966526,87608.3046875,4689,0.0,0.0
2023-06-08 00:00:00+09:00,87772.36138642723,88182.51260785914,87444.24040928172,87936.421875,4996,0.0,0.0
2023-06-09 00:00:00+09:00,87936.42010667903,88510.63180513683,87854.3898640422,88428.6015625,2821,0.0,0.0
2023-06-12 00:00:00+09:00,88592.66606977819,89002.81730158272,88428.60557705638,88756.7265625,2494,0.0,0.0
2023-06-13 00:00:00+09:00,89002.81427392262,89084.84451749305,88182.51183821826,88510.6328125,2312,0.0,0.0
2023-06-14 00:00:00+09:00,89002.81149100553,89412.96269603321,88756.72076798893,88920.78125,2171,0.0,0.0
2023-06-15 00:00:00+09:00,89412.96396100182,89905.14541399817,89248.90347666972,89659.0546875,2554,0.0,0.0
2023-06-16 00:00:00+09:00,89412.96596746576,89823.1171875,89084.84499143835,89823.1171875,2380,0.0,0.0
2023-06-19 00:00:00+09:00,89905.14338909257,89905.14338909257,89166.87122622594,89494.9921875,1998,0.0,0.0
2023-06-20 00:00:00+09:00,89412.9599259642,89412.9599259642,88838.74825671488,89330.9296875,1525,0.0,0.0
2023-06-21 00:00:00+09:00,89412.96696795165,89905.1484375,89084.84598825274,89905.1484375,1828,0.0,0.0
2023-06-22 00:00:00+09:00,89905.14743150685,89905.14743150685,89248.90547945206,89823.1171875,1826,0.0,0.0
2023-06-23 00:00:00+09:00,89823.11314877406,90069.20386972961,89248.90146654446,89494.9921875,2618,0.0,0.0
2023-06-26 00:00:00+09:00,89577.02645547946,90151.2381635274,89248.90547945206,89823.1171875,2371,0.0,0.0
2023-06-27 00:00:00+09:00,89905.1613503156,90971.5546875,89577.04032348962,90971.5546875,3011,0.0,0.0
2023-06-28 00:00:00+09:00,91053.57552315228,92119.96875,90971.54527493322,92119.96875,3013,0.0,0.0
2023-06-29 00:00:00+09:00,92284.02924643812,92366.05949465717,91463.72676424755,92119.96875,2644,0.0,0.0
2023-06-30 00:00:00+09:00,92037.93219572368,93514.4765625,91791.84146792763,93514.4765625,3271,0.0,0.0
2023-07-03 00:00:00+09:00,93842.58898212729,94170.70992262423,93350.40757138186,94088.6796875,2768,0.0,0.0
2023-07-04 00:00:00+09:00,94252.75,94416.81048738032,93678.53829416884,94252.75,1839,0.0,0.0
2023-07-05 00:00:00+09:00,94334.78024369017,94334.78024369017,93842.59878154917,94252.75,1661,0.0,0.0
2023-07-06 00:00:00+09:00,94170.71673211169,94170.71673211169,93596.50504472076,94006.65625,1943,0.0,0.0
2023-07-07 00:00:00+09:00,93760.56729029605,94088.68826069079,93350.41607730264,93514.4765625,1494,0.0,0.0
2023-07-10 00:00:00+09:00,93350.41158503476,94416.8046875,93104.32086908123,94416.8046875,2544,0.0,0.0
2023-07-11 00:00:00+09:00,94334.78525779897,94991.02724220105,94170.72476169844,94662.90625,1602,0.0,0.0
2023-07-12 00:00:00+09:00,94826.96674610053,94991.02724220105,94334.78525779897,94662.90625,1690,0.0,0.0
2023-07-13 00:00:00+09:00,94416.80871888528,94744.9296875,93924.62726596321,94744.9296875,2441,0.0,0.0
2023-07-14 00:00:00+09:00,94744.93270320595,94991.0234375,94416.81172414724,94991.0234375,2929,0.0,0.0
2023-07-18 00:00:00+09:00,94580.8671875,94744.92766831092,94252.74622587815,94580.8671875,2320,0.0,0.0
2023-07-19 00:00:00+09:00,94662.90445851293,95155.0859375,94252.7532260237,95155.0859375,2265,0.0,0.0
2023-07-20 00:00:00+09:00,95073.05490841901,96221.47834993573,95073.05490841901,95729.296875,3632,0.0,0.0
2023-07-21 00:00:00+09:00,95565.23638335476,95893.35736664524,95319.14564588689,95729.296875,2430,0.0,0.0
2023-07-24 00:00:00+09:00,95729.2970944149,96385.5390625,95483.20635638297,96385.5390625,2116,0.0,0.0
2023-07-25 00:00:00+09:00,96385.53023850085,97205.83262350937,96303.5,96303.5,2469,0.0,0.0
2023-07-26 00:00:00+09:00,97041.7834568839,97862.0859375,96795.69271269908,97862.0859375,4229,0.0,0.0
2023-07-27 00:00:00+09:00,98026.1424056455,98108.1726503364,97533.9609375,97533.9609375,3598,0.0,0.0
2023-07-28 00:00:00+09:00,97123.80695142379,97944.109375,95893.35331605947,97944.109375,7499,0.0,0.0
2023-07-31 00:00:00+09:00,98108.17422872341,98436.29521276595,96303.50881648937,96385.5390625,3834,0.0,0.0
2023-08-01 00:00:00+09:00,96303.50555734536,96467.56604381443,95401.17288176547,95483.203125,2281,0.0,0.0
2023-08-02 00:00:00+09:00,95401.17589170951,96057.41785829049,95237.11540006427,95729.296875,2228,0.0,0.0
2023-08-03 00:00:00+09:00,95401.17288176547,95729.2938547036,94991.02166559278,95483.203125,1438,0.0,0.0
2023-08-04 00:00:00+09:00,95647.27261828644,96221.484375,95237.12136349105,96221.484375,1979,0.0,0.0
2023-08-07 00:00:00+09:00,96631.63001901945,97205.84174239222,96467.56952662721,97041.78125,1582,0.0,0.0
2023-08-08 00:00:00+09:00,97041.77923899239,97041.77923899239,96549.59777201524,96877.71875,1386,0.0,0.0
2023-08-09 00:00:00+09:00,96959.75461678053,96959.75461678053,95647.27062873612,96057.421875,1706,0.0,0.0
2023-08-10 00:00:00+09:00,95893.3545821779,96467.5662862628,95565.2336084151,96139.4453125,1476,0.0,0.0
2023-08-14 00:00:00+09:00,96631.62095400342,96631.62095400342,95893.34880749574,96303.5,1196,0.0,0.0
2023-08-15 00:00:00+09:00,95975.38559549356,96057.41583959227,95401.17388680257,95565.234375,1089,0.0,0.0
2023-08-16 00:00:00+09:00,95729.29486319743,95811.32510729614,95237.11339860514,95565.234375,1978,0.0,0.0
2023-08-17 00:00:00+09:00,95237.11618399784,95811.32790948276,94991.02544450431,95155.0859375,1306,0.0,0.0
2023-08-18 00:00:00+09:00,94991.01838952732,94991.01838952732,93596.50430263444,94580.8671875,2978,0.0,0.0
2023-08-21 00:00:00+09:00,94580.85905431223,94744.91952101528,93596.49625409389,93924.6171875,2501,0.0,0.0
2023-08-22 00:00:00+09:00,93596.50705030488,94416.80947844076,93596.50705030488,94170.71875,1700,0.0,0.0
2023-08-23 00:00:00+09:00,94416.81172414724,94991.0234375,94252.75123461787,94991.0234375,1441,0.0,0.0
2023-08-24 00:00:00+09:00,94991.02744459984,95401.17868572506,94744.9366999247,95319.1484375,1184,0.0,0.0
2023-08-25 00:00:00+09:00,95401.17263867863,95401.17263867863,94662.90045144896,94826.9609375,2014,0.0,0.0
2023-08-28 00:00:00+09:00,95073.05065611472,95237.11114042209,94334.7784767316,94744.9296875,2158,0.0,0.0
2023-08-29 00:00:00+09:00,94908.99319273532,95237.11417179403,94416.81172414724,94991.0234375,2880,0.0,0.0
2023-08-30 00:00:00+09:00,95401.17388680257,95811.32510729614,95073.05291040773,95565.234375,2780,0.0,0.0
2023-08-31 00:00:00+09:00,95729.29967862522,96057.4206715254,95319.1484375,95319.1484375,3559,0.0,0.0
2023-09-01 00:00:00+09:00,95565.23858990017,96549.6015625,95237.11759903356,96549.6015625,2809,0.0,0.0
2023-09-04 00:00:00+09:00,96549.60055936436,96959.75179368623,96221.4795719069,96467.5703125,2269,0.0,0.0
2023-09-05 00:00:00+09:00,96713.65926395939,97041.78024534688,96221.47779187818,96959.75,2073,0.0,0.0
2023-09-06 00:00:00+09:00,97205.84475126475,97451.93549747049,96713.66325885328,97287.875,2354,0.0,0.0
2023-09-07 00:00:00+09:00,97451.93191777964,98354.26462072204,97041.78068916945,98272.234375,2372,0.0,0.0
2023-09-08 00:00:00+09:00,98354.26742586966,98354.26742586966,97369.90444913035,97862.0859375,3874,0.0,0.0
2023-09-11 00:00:00+09:00,97862.08875210438,98026.14925294612,96795.695496633,97451.9375,2625,0.0,0.0
2023-09-12 00:00:00+09:00,97533.9609375,97533.9609375,96631.6282458999,97533.9609375,1866,0.0,0.0
2023-09-13 00:00:00+09:00,97533.96655666879,98026.14805317005,96713.6640625,96713.6640625,3176,0.0,0.0
2023-09-14 00:00:00+09:00,96713.66325885328,97615.99599494097,96713.66325885328,97287.875,2002,0.0,0.0
2023-09-15 00:00:00+09:00,97615.98993644069,97615.98993644069,96795.6875,96795.6875,5315,0.0,0.0
2023-09-19 00:00:00+09:00,97205.84475126475,97287.875,96549.60276138279,97287.875,3827,0.0,0.0
2023-09-20 00:00:00+09:00,97533.97173867449,97780.0625,97123.82046979865,97780.0625,1967,0.0,0.0
2023-09-21 00:00:00+09:00,97615.98840556951,98026.13961735762,97533.9581632119,97944.109375,2388,0.0,0.0
2023-09-22 00:00:00+09:00,97780.0585016835,97944.11900252524,97287.87699915824,97451.9375,4834,0.0,0.0
2023-09-25 00:00:00+09:00,97862.09259528083,97862.09259528083,97123.8203125,97123.8203125,3262,0.0,0.0
2023-09-26 00:00:00+09:00,97533.97158071157,97862.09259528083,97123.8203125,97123.8203125,2884,0.0,0.0
2023-09-27 00:00:00+09:00,97287.88081978462,97616.00183435388,97041.79005885769,97123.8203125,5481,0.0,0.0
2023-09-28 00:00:00+09:00,96903.23395622802,97155.80537401143,95724.56733990554,95808.7578125,6613,3038.0,0.0
2023-09-29 00:00:00+09:00,96229.70391441639,96819.03718423346,95892.94204594949,96650.65625,3383,0.0,0.0
2023-10-02 00:00:00+09:00,96650.65575440529,96987.41762114537,95556.1796875,95556.1796875,2642,0.0,0.0
2023-10-03 00:00:00+09:00,95977.13755580357,95977.13755580357,93872.3757672991,94293.328125,3072,0.0,0.0
2023-10-04 00:00:00+09:00,93703.99737935126,94209.14022236664,92693.71169332053,93114.6640625,4291,0.0,0.0
2023-10-05 00:00:00+09:00,93283.039529438,94630.08703166815,93198.84906054861,94377.515625,2381,0.0,0.0
2023-10-06 00:00:00+09:00,94630.08890805877,94882.66031973508,94293.32702582369,94545.8984375,1592,0.0,0.0
2023-10-10 00:00:00+09:00,94798.4662691886,96145.51374725878,94798.4662691886,95977.1328125,3315,0.0,0.0
2023-10-11 00:00:00+09:00,96398.08405785215,96566.46499070429,95724.56032644356,96229.703125,1953,0.0,0.0
2023-10-12 00:00:00+09:00,96229.71017547233,96566.47206585018,95808.7578125,95808.7578125,1398,0.0,0.0
2023-10-13 00:00:00+09:00,95808.74891816388,96313.8917068361,95556.17752382778,96061.3203125,2530,0.0,0.0
2023-10-16 00:00:00+09:00,96313.90211845608,96398.09259233584,94545.90216698093,94882.6640625,2838,0.0,0.0
2023-10-17 00:00:00+09:00,95640.38243006993,96482.28720498252,95219.43004261363,96313.90625,2090,0.0,0.0
2023-10-18 00:00:00+09:00,96313.89811197917,97239.99328613281,96229.70764160156,96987.421875,1814,0.0,0.0
2023-10-19 00:00:00+09:00,96903.23030979437,97660.94453463203,96566.46843208875,97239.9921875,1986,0.0,0.0
2023-10-20 00:00:00+09:00,96987.41160949868,97071.60207096525,95724.5546875,95724.5546875,1576,0.0,0.0
2023-10-23 00:00:00+09:00,95556.18563134377,96398.09035056266,95387.8046875,95387.8046875,2871,0.0,0.0
2023-10-24 00:00:00+09:00,95471.99592212215,96398.09112066125,95387.80544952767,95808.7578125,2988,0.0,0.0
2023-10-25 00:00:00+09:00,96313.89996750435,97239.99515949957,95892.9476075065,97155.8046875,3039,0.0,0.0
2023-10-26 00:00:00+09:00,96819.03937718914,97071.61078426008,95471.99187281086,96145.515625,1993,0.0,0.0
2023-10-27 00:00:00+09:00,96145.51793431288,97492.5654710458,96145.51793431288,97408.375,3574,0.0,0.0
2023-10-30 00:00:00+09:00,96987.41842105264,97071.60888843202,95640.37094298247,95977.1328125,2122,0.0,0.0
2023-10-31 00:00:00+09:00,96398.08484864983,96819.03718423346,95808.75157883276,96650.65625,2979,0.0,0.0
2023-11-01 00:00:00+09:00,96987.41623036649,97829.32088514397,96482.2734375,96482.2734375,3375,0.0,0.0
2023-11-02 00:00:00+09:00,96903.23250516753,97155.80391916884,96398.08967716493,96734.8515625,1914,0.0,0.0
2023-11-06 00:00:00+09:00,97155.79716132199,97576.74948871073,96482.2734375,96482.2734375,2636,0.0,0.0
2023-11-07 00:00:00+09:00,96398.0821716148,96398.0821716148,95471.98705904908,96061.3203125,3924,0.0,0.0
2023-11-08 00:00:00+09:00,96398.08845877543,96398.08845877543,95219.421875,95219.421875,2498,0.0,0.0
2023-11-09 00:00:00+09:00,95135.23584115281,95303.61678954423,94209.140625,94209.140625,3001,0.0,0.0
2023-11-10 00:00:00+09:00,94124.94313000445,94966.84780916371,94124.94313000445,94630.0859375,2905,0.0,0.0
2023-11-13 00:00:00+09:00,94630.08890805877,95051.04126085262,94293.32702582369,94545.8984375,2020,0.0,0.0
2023-11-14 00:00:00+09:00,94461.70983333334,94798.47172222222,94040.75747222222,94714.28125,2318,0.0,0.0
2023-11-15 00:00:00+09:00,94714.28014876995,95387.80391871676,94461.7087350399,94966.8515625,2128,0.0,0.0
2023-11-16 00:00:00+09:00,94714.2804827009,94882.66142578125,94293.328125,94293.328125,2334,0.0,0.0
2023-11-17 00:00:00+09:00,94209.14022236664,94209.14022236664,93030.4735886641,93114.6640625,4254,0.0,0.0
2023-11-20 00:00:00+09:00,93114.65890330188,93872.37312584232,92862.08749578841,93703.9921875,4057,0.0,0.0
2023-11-21 00:00:00+09:00,93535.60888405054,93535.60888405054,92188.56141137295,92441.1328125,4680,0.0,0.0
2023-11-22 00:00:00+09:00,92609.515625,92946.2775,92356.94421875001,92609.515625,2339,0.0,0.0
2023-11-24 00:00:00+09:00,92609.515625,93030.46796875,92441.1346875,92609.515625,2300,0.0,0.0
2023-11-27 00:00:00+09:00,92525.32593325792,93198.84968891402,92525.32593325792,93030.46875,2047,0.0,0.0
2023-11-28 00:00:00+09:00,93030.46796875,93198.84890625,92609.515625,92609.515625,2275,0.0,0.0
2023-11-29 00:00:00+09:00,92609.51640271493,93030.46875,92609.51640271493,93030.46875,1413,0.0,0.0
2023-11-30 00:00:00+09:00,93198.84709821429,96650.65625,93030.46616398085,96650.65625,10108,0.0,0.0
2023-12-01 00:00:00+09:00,95135.23584115281,95135.23584115281,93956.56920241287,94209.140625,4292,0.0,0.0
2023-12-04 00:00:00+09:00,94209.14658404207,94461.7180226052,93619.81322739481,94040.765625,2148,0.0,0.0
2023-12-05 00:00:00+09:00,94293.32999108735,94545.90141070633,93956.56809826204,94461.7109375,2598,0.0,0.0
2023-12-06 00:00:00+09:00,94040.75967660858,94545.90252178283,93956.56920241287,94209.140625,1831,0.0,0.0
2023-12-07 00:00:00+09:00,93956.56391402715,94040.75438348416,93030.46875,93030.46875,2100,0.0,0.0
2023-12-08 00:00:00+09:00,93283.03313626126,93535.60452561938,93030.46174690317,93451.4140625,3254,0.0,0.0
2023-12-11 00:00:00+09:00,93451.42340959821,94377.51859654018,93451.42340959821,94293.328125,1981,0.0,0.0
2023-12-12 00:00:00+09:00,94377.52046429367,94545.90141070633,94040.75857146837,94461.7109375,2752,0.0,0.0
2023-12-13 00:00:00+09:00,94040.75484263193,94545.89766184034,93788.18343302772,94124.9453125,2090,0.0,0.0
2023-12-14 00:00:00+09:00,94545.89656277877,94714.27750055754,94040.75374944246,94377.515625,1988,0.0,0.0
2023-12-15 00:00:00+09:00,94714.28986558838,94714.28986558838,93030.48026797791,93367.2421875,3214,0.0,0.0
2023-12-18 00:00:00+09:00,92862.08923674589,92946.27970749543,91935.9940585009,92104.375,3627,0.0,0.0
2023-12-19 00:00:00+09:00,92441.14098337156,92441.14098337156,91178.28386611238,91767.6171875,3230,0.0,0.0
2023-12-20 00:00:00+09:00,91346.66109144798,91851.80391776013,91262.47062039595,91430.8515625,3030,0.0,0.0
2023-12-21 00:00:00+09:00,91346.65812586246,91851.80093577507,91178.27718922493,91515.0390625,2915,0.0,0.0
2023-12-22 00:00:00+09:00,91851.7979592716,91851.7979592716,91178.27423454734,91599.2265625,2952,0.0,0.0
2023-12-25 00:00:00+09:00,91767.61754852126,91767.61754852126,91009.90327518484,91094.09375,2758,0.0,0.0
2023-12-26 00:00:00+09:00,91009.8984375,91262.46984851989,90673.13655614015,91009.8984375,2457,0.0,0.0
2023-12-27 00:00:00+09:00,90925.7017644363,91935.9873395967,90841.51129983959,91851.796875,2534,0.0,0.0
2023-12-28 00:00:00+09:00,93114.6640625,93114.6640625,93114.6640625,93114.6640625,377,0.0,0.0
2023-12-29 00:00:00+09:00,92862.08624429224,93198.84811643836,92020.18156392693,92188.5625,2737,0.0,0.0
2024-01-04 00:00:00+09:00,92356.93776543847,92441.12822830578,91683.4140625,91683.4140625,2228,0.0,0.0
2024-01-05 00:00:00+09:00,92272.75452488687,93283.04015837103,92020.18311651584,93030.46875,3574,0.0,0.0
2024-01-09 00:00:00+09:00,93283.04985320687,93367.24033141373,92693.71650575881,93198.859375,2473,0.0,0.0
2024-01-10 00:00:00+09:00,93198.85528943519,95977.14094846985,93198.85528943519,93535.6171875,3041,0.0,0.0
2024-01-11 00:00:00+09:00,93872.37610302384,94377.5189340715,93535.61421565873,93619.8046875,1981,0.0,0.0
2024-01-12 00:00:00+09:00,94124.9453125,94461.70719197227,93788.18343302772,94124.9453125,1924,0.0,0.0
2024-01-15 00:00:00+09:00,94124.94794444444,94714.28125,93956.567,94714.28125,296,0.0,0.0
2024-01-16 00:00:00+09:00,94461.71316364247,94714.28458921371,93956.5703125,93956.5703125,1155,0.0,0.0
2024-01-17 00:00:00+09:00,93956.55684121622,94461.69961993243,93451.4140625,93451.4140625,1674,0.0,0.0
2024-01-18 00:00:00+09:00,93451.41622792119,93703.98762313179,92862.0829724298,92946.2734375,1898,0.0,0.0
2024-01-19 00:00:00+09:00,93451.42595784359,93619.80690551538,93114.6640625,93114.6640625,1251,0.0,0.0
2024-01-22 00:00:00+09:00,93451.42746135753,94040.76078769041,93367.23698616712,93956.5703125,1895,0.0,0.0
2024-01-23 00:00:00+09:00,93788.18785318716,93788.18785318716,93114.6640625,93114.6640625,1848,0.0,0.0
2024-01-24 00:00:00+09:00,93451.42109728507,93788.18297511312,93030.46875,93030.46875,1670,0.0,0.0
2024-01-25 00:00:00+09:00,92862.09111969662,92946.28159215327,92104.37686758667,92272.7578125,2664,0.0,0.0
2024-01-26 00:00:00+09:00,92356.94234545765,92946.2756147541,92272.75187841529,92441.1328125,1631,0.0,0.0
2024-01-29 00:00:00+09:00,92693.70796704854,92946.2793784029,92441.13655569419,92777.8984375,1684,0.0,0.0
2024-01-30 00:00:00+09:00,92862.08813098223,92946.27860072926,92356.9453125,92356.9453125,2190,0.0,0.0
2024-01-31 00:00:00+09:00,92272.75187841529,92693.70421362705,92272.75187841529,92441.1328125,1983,0.0,0.0
2024-02-01 00:00:00+09:00,92525.32087517313,92609.5113400277,91178.2734375,91178.2734375,5941,0.0,0.0
2024-02-02 00:00:00+09:00,91767.61311700182,92104.375,91515.0417047532,92104.375,1469,0.0,0.0
2024-02-05 00:00:00+09:00,91935.9981364679,92609.52193233946,91683.42671301606,91767.6171875,1801,0.0,0.0
2024-02-06 00:00:00+09:00,91683.42857142858,92272.76190476191,91599.23809523809,91936.0,2190,0.0,0.0
2024-02-07 00:00:00+09:00,91935.99250461254,92104.37344326568,91262.46875,91262.46875,2828,0.0,0.0
2024-02-08 00:00:00+09:00,91430.84890523633,91599.22984244672,90757.32515639481,90841.515625,2750,0.0,0.0
2024-02-09 00:00:00+09:00,91346.65465116278,91346.65465116278,90504.75,90504.75,2361,0.0,0.0
2024-02-13 00:00:00+09:00,90588.94343575419,90757.32437150838,89915.41969273743,90420.5625,2913,0.0,0.0
2024-02-14 00:00:00+09:00,90083.80914756616,90252.19009924386,89073.5234375,89073.5234375,3996,0.0,0.0
2024-02-15 00:00:00+09:00,89915.41841264204,89915.41841264204,88399.99001242897,88905.1328125,3472,0.0,0.0
2024-02-16 00:00:00+09:00,89157.71842883604,89241.90890893881,87726.48026708892,88063.2421875,6409,0.0,0.0
2024-02-19 00:00:00+09:00,88315.80841197769,88652.5703125,87894.8560363248,88652.5703125,2739,0.0,0.0
2024-02-20 00:00:00+09:00,88820.9490453848,89494.4728296152,88820.9490453848,89157.7109375,2158,0.0,0.0
2024-02-21 00:00:00+09:00,89831.22764920113,89831.22764920113,88484.18018679511,89578.65625,3266,0.0,0.0
2024-02-22 00:00:00+09:00,89494.4728296152,89578.66330264401,88399.9966802408,89157.7109375,3495,0.0,0.0
2024-02-26 00:00:00+09:00,89578.65890522876,90336.37312529178,89494.46843633287,90167.9921875,2790,0.0,0.0
2024-02-27 00:00:00+09:00,90757.32515639481,91430.84890523633,90252.18234476367,90841.515625,3567,0.0,0.0
2024-02-28 00:00:00+09:00,90252.1867385192,90336.37721122305,89747.04390229615,89831.234375,3586,0.0,0.0
2024-02-29 00:00:00+09:00,89831.2325044014,89915.4229753521,89073.51826584506,89662.8515625,4893,0.0,0.0
2024-03-01 00:00:00+09:00,89999.60858200188,89999.60858200188,89241.8943843985,89578.65625,3558,0.0,0.0
2024-03-04 00:00:00+09:00,90083.80579311152,90336.37721122305,89578.66295688847,89831.234375,2864,0.0,0.0
2024-03-05 00:00:00+09:00,90336.36826810747,90504.74919684579,89326.08269567757,90083.796875,3258,0.0,0.0
2024-03-06 00:00:00+09:00,90925.7034165112,90925.7034165112,90167.9892213736,90252.1796875,2447,0.0,0.0
2024-03-07 00:00:00+09:00,90336.3701536264,90588.94155200559,89662.8464246152,90252.1796875,3740,0.0,0.0
2024-03-08 00:00:00+09:00,89662.84937412465,90757.32546977124,89326.08749854108,90167.9921875,3569,0.0,0.0
2024-03-11 00:00:00+09:00,90167.9921875,90588.94453197946,89747.03984302054,90167.9921875,2099,0.0,0.0
2024-03-12 00:00:00+09:00,90336.37721122305,90336.37721122305,89073.52012066542,89831.234375,2906,0.0,0.0
2024-03-13 00:00:00+09:00,90083.79904840226,90252.17998120301,88820.94205239661,89578.65625,3669,0.0,0.0
2024-03-14 00:00:00+09:00,89999.6080005787,90925.703125,89241.89380787036,90925.703125,3851,0.0,0.0
2024-03-15 00:00:00+09:00,90925.7116935484,92104.3783266129,90757.33074596775,91346.6640625,5928,0.0,0.0
2024-03-18 00:00:00+09:00,91430.84563131894,91599.2265625,90588.94097541361,91599.2265625,4613,0.0,0.0
2024-03-19 00:00:00+09:00,91767.61063007671,93788.18187330777,91683.42016160875,93283.0390625,4631,0.0,0.0
2024-03-21 00:00:00+09:00,93451.42340959821,94293.328125,93114.66152343749,94293.328125,4001,0.0,0.0
2024-03-22 00:00:00+09:00,94377.51717230327,95219.421875,94124.94576149425,95219.421875,3944,0.0,0.0
2024-03-25 00:00:00+09:00,94966.84563053097,95303.60749446903,94461.7028346239,95135.2265625,3213,0.0,0.0
2024-03-26 00:00:00+09:00,95135.23062833038,95387.80203707816,94798.46875,94798.46875,2668,0.0,0.0
2024-03-27 00:00:00+09:00,95135.2265625,95471.98842643805,94798.46469856195,95135.2265625,6171,0.0,0.0
2024-03-28 00:00:00+09:00,95013.33381922105,95186.24252498851,94062.3359375,94062.3359375,5848,2959.0,0.0
2024-03-29 00:00:00+09:00,94494.60354262672,94494.60354262672,93457.15135368663,93802.96875,1777,0.0,0.0
2024-04-01 00:00:00+09:00,93716.52590688539,94408.16078442697,93197.7997487292,93543.6171875,2381,0.0,0.0
2024-04-02 00:00:00+09:00,93457.15625,93543.61060360777,92851.9757747456,93457.15625,2980,0.0,0.0
2024-04-03 00:00:00+09:00,92851.96703987372,93111.33007629795,91814.51489417681,92419.6953125,2854,0.0,0.0
2024-04-04 00:00:00+09:00,92506.15456279342,92592.60891285211,91814.51976232395,92073.8828125,2344,0.0,0.0
2024-04-05 00:00:00+09:00,91987.43461084906,92073.88896668633,91209.34540831367,91641.6171875,3421,0.0,0.0
2024-04-08 00:00:00+09:00,91295.79577137547,93284.24586866869,91036.43271520679,93024.8828125,3640,0.0,0.0
2024-04-09 00:00:00+09:00,93543.60495364011,94494.60278588599,93284.24190848214,94408.1484375,2645,0.0,0.0
2024-04-10 00:00:00+09:00,94148.79107886217,94753.97155411656,93370.70189639223,93457.15625,2553,0.0,0.0
2024-04-11 00:00:00+09:00,93370.70642201835,94235.25,92851.98027522936,94235.25,3448,0.0,0.0
2024-04-12 00:00:00+09:00,94321.70642473428,94321.70642473428,92851.9823099584,93543.6171875,2472,0.0,0.0
2024-04-15 00:00:00+09:00,93630.06618923611,94148.79231770833,93197.79441550926,93370.703125,1490,0.0,0.0
2024-04-16 00:00:00+09:00,93370.70600784132,94321.70393940267,93111.34293559732,93716.5234375,2576,0.0,0.0
2024-04-17 00:00:00+09:00,93457.14869352762,93543.60304014513,92160.33349426498,92333.2421875,3499,0.0,0.0
2024-04-18 00:00:00+09:00,92160.33838992011,92333.24709234023,91382.2492290296,91987.4296875,3229,0.0,0.0
2024-04-19 00:00:00+09:00,92073.89020449718,92073.89020449718,90604.16613550519,91555.1640625,3952,0.0,0.0
2024-04-22 00:00:00+09:00,92160.34251991565,92592.6142953374,91814.52509957826,92246.796875,3757,0.0,0.0
2024-04-23 00:00:00+09:00,92419.70514991753,92592.6138592719,91555.1616031456,91728.0703125,4761,0.0,0.0
2024-04-24 00:00:00+09:00,91814.52098507989,92073.88403871005,91295.79487781954,91987.4296875,3141,0.0,0.0
2024-04-25 00:00:00+09:00,92073.88896668633,92333.25203419811,91555.16283166273,91641.6171875,2327,0.0,0.0
2024-04-26 00:00:00+09:00,91641.60620322732,92419.6953125,90949.97143942938,92419.6953125,3344,0.0,0.0
2024-04-30 00:00:00+09:00,92765.51440293297,93024.87744413408,91987.4252793296,92851.96875,3404,0.0,0.0
2024-05-01 00:00:00+09:00,92679.0637254902,92679.0637254902,91641.61151960785,92592.609375,2337,0.0,0.0
2024-05-02 00:00:00+09:00,92592.6040034495,93024.8757308232,92333.24096702527,92419.6953125,2555,0.0,0.0
2024-05-07 00:00:00+09:00,92506.15088073502,92765.51392058755,91641.60741455993,92333.2421875,3653,0.0,0.0
2024-05-08 00:00:00+09:00,92246.79767836085,92506.16074587264,91555.16283166273,91641.6171875,2495,0.0,0.0
2024-05-09 00:00:00+09:00,91814.52713349859,91900.98149049812,91468.70970550047,91555.1640625,3079,0.0,0.0
2024-05-10 00:00:00+09:00,91641.62172619048,91900.98480654763,90344.80632440477,90777.078125,7782,0.0,0.0
2024-05-13 00:00:00+09:00,90777.07729718543,91468.71217183064,90604.16857852411,91382.2578125,2134,0.0,0.0
2024-05-14 00:00:00+09:00,91468.703125,91641.61182655954,91122.88572188091,91468.703125,2271,0.0,0.0
2024-05-15 00:00:00+09:00,91209.33961353375,91209.33961353375,90517.7048107771,90949.9765625,2827,0.0,0.0
2024-05-16 00:00:00+09:00,91209.34621320038,91382.25492640075,90690.62007359923,91036.4375,3010,0.0,0.0
2024-05-17 00:00:00+09:00,90690.6171875,91036.43460289562,90171.89106440658,90690.6171875,3538,0.0,0.0
2024-05-20 00:00:00+09:00,90777.078125,90777.078125,89998.98888392857,90777.078125,3460,0.0,0.0
2024-05-21 00:00:00+09:00,90777.07852450284,91382.25904799953,90690.62416400331,91295.8046875,3638,0.0,0.0
2024-05-22 00:00:00+09:00,91122.89726110038,91122.89726110038,89566.71875,89566.71875,4122,0.0,0.0
2024-05-23 00:00:00+09:00,89566.69968323587,89653.15402655945,88442.79322002924,88702.15625,4939,0.0,0.0
2024-05-24 00:00:00+09:00,88356.34450431036,88442.7988531404,87578.2553648399,87751.1640625,4323,0.0,0.0
2024-05-27 00:00:00+09:00,87578.2517113826,88269.88647317042,87232.4343304887,88010.5234375,3081,0.0,0.0
2024-05-28 00:00:00+09:00,88269.890625,88529.25367286973,87837.61887855043,88269.890625,2222,0.0,0.0
2024-05-29 00:00:00+09:00,88096.98098364717,88183.43533201188,87059.52880327056,87232.4375,3010,0.0,0.0
2024-05-30 00:00:00+09:00,86973.08014466433,87059.53449868486,86194.99095847945,86281.4453125,4271,0.0,0.0
2024-05-31 00:00:00+09:00,86886.62224264705,88183.4375,86454.35049019607,88183.4375,7021,0.0,0.0
2024-06-03 00:00:00+09:00,88096.98391997779,88442.80132496297,87578.2578125,87578.2578125,3449,0.0,0.0
2024-06-04 00:00:00+09:00,87664.70924182358,87837.61793855301,87232.4375,87232.4375,3123,0.0,0.0
2024-06-05 00:00:00+09:00,87232.44408261139,87837.62456683168,87232.44408261139,87318.8984375,2754,0.0,0.0
2024-06-06 00:00:00+09:00,87751.17064468504,87837.625,86973.0814468504,87837.625,2075,0.0,0.0
2024-06-07 00:00:00+09:00,87751.16064210198,87751.16064210198,86713.7084965796,86886.6171875,2399,0.0,0.0
2024-06-10 00:00:00+09:00,86886.6147514275,87059.5234375,86454.34303624627,87059.5234375,1952,0.0,0.0
2024-06-11 00:00:00+09:00,87059.53823021357,87405.35566111808,86022.0859375,86022.0859375,3277,0.0,0.0
2024-06-12 00:00:00+09:00,86108.54029522612,86367.90336840451,85849.17722204773,86022.0859375,2464,0.0,0.0
2024-06-13 00:00:00+09:00,86194.99299242425,86194.99299242425,85589.8125,85589.8125,3369,0.0,0.0
2024-06-14 00:00:00+09:00,85935.62789641783,86627.26272858217,85676.2648343562,86281.4453125,4066,0.0,0.0
2024-06-17 00:00:00+09:00,86281.45560366465,86454.3643323293,85762.72941767068,86108.546875,2196,0.0,0.0
2024-06-18 00:00:00+09:00,86108.54153043259,86281.45024836519,85676.2697356011,85935.6328125,2522,0.0,0.0
2024-06-19 00:00:00+09:00,85762.72083748753,86713.71875,85416.90341475572,86713.71875,3480,0.0,0.0
2024-06-20 00:00:00+09:00,86281.4367692786,87491.79760572138,86281.4367692786,86886.6171875,2325,0.0,0.0
2024-06-21 00:00:00+09:00,86540.8100386341,87318.89923978066,86540.8100386341,86713.71875,2993,0.0,0.0
2024-06-24 00:00:00+09:00,87145.986375,87145.986375,86454.3515625,86454.3515625,1448,0.0,0.0
2024-06-25 00:00:00+09:00,86713.71262710814,87232.43872457837,86540.80392795139,87145.984375,1693,0.0,0.0
2024-06-26 00:00:00+09:00,87751.1649905672,89307.3432859664,87751.1649905672,88788.6171875,6772,0.0,0.0
2024-06-27 00:00:00+09:00,88788.6162484606,88788.6162484606,87664.70971366996,87751.1640625,4061,0.0,0.0
2024-06-28 00:00:00+09:00,88269.89307838568,88615.71048515702,87232.44085807164,88096.984375,3268,0.0,0.0
2024-07-01 00:00:00+09:00,88096.98391997779,88356.34697371667,87578.2578125,87578.2578125,2889,0.0,0.0
2024-07-02 00:00:00+09:00,87664.70971366996,88096.9814578202,87405.34666717981,87751.1640625,2914,0.0,0.0
2024-07-03 00:00:00+09:00,87578.25072222912,87664.70506647613,86886.61596825298,86973.0703125,2346,0.0,0.0
2024-07-04 00:00:00+09:00,86973.0703125,87318.88768948807,86713.70727975895,86973.0703125,1576,0.0,0.0
2024-07-05 00:00:00+09:00,86973.0703125,87405.34203373508,86800.16162400597,86973.0703125,1873,0.0,0.0
2024-07-08 00:00:00+09:00,86973.0715329602,87751.16064210198,86886.6171875,86886.6171875,2232,0.0,0.0
2024-07-09 00:00:00+09:00,87059.52465674702,87405.34203373508,86454.34424701789,86973.0703125,1942,0.0,0.0
2024-07-10 00:00:00+09:00,87578.25195118159,87578.25195118159,86886.6171875,86886.6171875,1886,0.0,0.0
2024-07-11 00:00:00+09:00,87232.4375,87578.25489345887,86713.71140981169,87232.4375,2905,0.0,0.0
2024-07-12 00:00:00+09:00,87232.4343304887,88529.24950884086,87145.97998526522,88010.5234375,4637,0.0,0.0
2024-07-16 00:00:00+09:00,88269.88647317042,88529.24950884086,87751.16040182956,88010.5234375,2162,0.0,0.0
2024-07-17 00:00:00+09:00,88010.52879901961,88615.70925245098,87751.16574754902,88183.4375,3142,0.0,0.0
2024-07-18 00:00:00+09:00,88269.88574695123,89220.88353658537,88010.52271341464,88615.703125,3100,0.0,0.0
2024-07-19 00:00:00+09:00,88702.16360294117,89134.43535539215,88183.4375,88183.4375,2780,0.0,0.0
2024-07-22 00:00:00+09:00,88269.88671486318,88269.88671486318,86627.2541511194,86886.6171875,3370,0.0,0.0
2024-07-23 00:00:00+09:00,87059.53002542163,87664.71047247024,86973.07567584325,87145.984375,3814,0.0,0.0
2024-07-24 00:00:00+09:00,87145.97900099403,87924.0680992172,86973.0703125,86973.0703125,3619,0.0,0.0
2024-07-25 00:00:00+09:00,87145.99052841475,87405.3535954636,86540.8100386341,86713.71875,3150,0.0,0.0
2024-07-26 00:00:00+09:00,86713.7084965796,87405.34326026119,86454.345460199,86886.6171875,2888,0.0,0.0
2024-07-29 00:00:00+09:00,86886.61815542035,87924.0703125,86713.70946257374,87924.0703125,2582,0.0,0.0
2024-07-30 00:00:00+09:00,87924.0789217203,88269.89634127475,87318.8984375,87318.8984375,3721,0.0,0.0
2024-07-31 00:00:00+09:00,87578.25121973814,87924.06859869072,87059.5251513093,87491.796875,4827,0.0,0.0
2024-08-01 00:00:00+09:00,87751.16482204861,87751.16482204861,86281.44087921627,87145.984375,4737,0.0,0.0
2024-08-02 00:00:00+09:00,86367.90089800653,87059.5357400326,85330.44863496741,86194.9921875,4746,0.0,0.0
2024-08-05 00:00:00+09:00,85330.43946343717,85849.16553920275,80661.90478154698,81872.265625,7683,0.0,0.0
2024-08-06 00:00:00+09:00,83169.08651532422,87837.62151722392,82909.72345966312,85330.4453125,6257,0.0,0.0
2024-08-07 00:00:00+09:00,84811.72412986527,87751.17226484531,84811.72412986527,86627.265625,5638,0.0,0.0
2024-08-08 00:00:00+09:00,86627.25172231876,88010.5212108987,86627.25172231876,87059.5234375,3388,0.0,0.0
2024-08-09 00:00:00+09:00,87059.53325982232,88010.53114051551,86367.8984375,86367.8984375,4423,0.0,0.0
2024-08-13 00:00:00+09:00,87318.8947587611,87924.0752174852,86973.07735377591,87578.2578125,2704,0.0,0.0
2024-08-14 00:00:00+09:00,87664.71064082278,88788.6171875,87491.80194133398,88788.6171875,3082,0.0,0.0
2024-08-15 00:00:00+09:00,88010.53985133495,89047.9921875,87837.63112864079,89047.9921875,2977,0.0,0.0
2024-08-16 00:00:00+09:00,89134.43995991253,89393.80302478134,88529.25947521866,88961.53125,2810,0.0,0.0
2024-08-19 00:00:00+09:00,88961.5258869888,89393.79763571081,88183.43673928919,88788.6171875,3442,0.0,0.0
2024-08-20 00:00:00+09:00,89047.9921875,89566.71835558253,88442.8116580704,89047.9921875,2384,0.0,0.0
2024-08-21 00:00:00+09:00,89047.98683730545,89393.80426191635,88442.80634423638,88875.078125,3221,0.0,0.0
2024-08-22 00:00:00+09:00,88875.06493664718,88961.51927997076,87837.61281676413,88702.15625,2767,0.0,0.0
2024-08-23 00:00:00+09:00,88961.53248115272,89047.98683730545,88356.35198808365,88875.078125,1989,0.0,0.0
2024-08-26 00:00:00+09:00,88875.07732487922,89566.71216787439,88702.16861413042,89480.2578125,2698,0.0,0.0
2024-08-27 00:00:00+09:00,89480.25381333254,90863.5234375,89480.25381333254,90863.5234375,4061,0.0,0.0
2024-08-28 00:00:00+09:00,90517.7084798022,91209.34331059342,90258.34541825549,90690.6171875,4227,0.0,0.0
2024-08-29 00:00:00+09:00,90863.53292249277,91122.89600409835,89480.2631539296,89653.171875,4699,0.0,0.0
2024-08-30 00:00:00+09:00,89393.80383133562,89480.25818707192,88010.53413955479,88356.3515625,8987,0.0,0.0
2024-09-02 00:00:00+09:00,88356.34009146341,88788.61181402439,88183.43140243903,88615.703125,2565,0.0,0.0
2024-09-03 00:00:00+09:00,88702.15991568915,89047.97730327467,88269.88818120724,88442.796875,1738,0.0,0.0
2024-09-04 00:00:00+09:00,88010.51699452191,88788.60604457172,86800.15625,86800.15625,4240,0.0,0.0
2024-09-05 00:00:00+09:00,86886.62132626488,87578.25612289186,86281.44087921627,87145.984375,3547,0.0,0.0
2024-09-06 00:00:00+09:00,87059.52465674702,87491.7963779821,86886.61596825298,86973.0703125,2648,0.0,0.0
2024-09-09 00:00:00+09:00,86281.43555852385,87232.43334524105,86194.98121427684,86973.0703125,2101,0.0,0.0
2024-09-10 00:00:00+09:00,87491.80054509414,88096.98098364717,87232.4375,87232.4375,2034,0.0,0.0
2024-09-11 00:00:00+09:00,86973.0905183233,86973.0905183233,85849.183782003,86108.546875,4288,0.0,0.0
2024-09-12 00:00:00+09:00,86800.16697668651,87405.34742373512,86540.80392795139,87145.984375,2671,0.0,0.0
2024-09-13 00:00:00+09:00,87232.44451279528,88096.98806594488,87232.44451279528,87837.625,4057,0.0,0.0
2024-09-17 00:00:00+09:00,88096.9884952911,88529.2602739726,87491.80800513699,88356.3515625,1946,0.0,0.0
2024-09-18 00:00:00+09:00,88442.80178177136,88615.71048515702,88010.53002330716,88096.984375,2482,0.0,0.0
2024-09-19 00:00:00+09:00,88183.43580665025,88529.25320197045,87491.80101600986,87751.1640625,2102,0.0,0.0
2024-09-20 00:00:00+09:00,87751.1635901883,88269.88968037661,87145.98315163527,87232.4375,7016,0.0,0.0
2024-09-24 00:00:00+09:00,87664.70924182358,87664.70924182358,86973.07445490584,87232.4375,2623,0.0,0.0
2024-09-25 00:00:00+09:00,86886.61596825298,87664.70506647613,86540.7985912649,86973.0703125,3475,0.0,0.0
2024-09-26 00:00:00+09:00,86973.07492302956,87837.61841133006,86973.07492302956,87751.1640625,5733,0.0,0.0
2024-09-27 00:00:00+09:00,87598.67065380761,88573.95949711924,87598.67065380761,88485.296875,5057,2528.0,0.0
2024-09-30 00:00:00+09:00,88485.2974886707,89105.93584780967,87864.65912953172,88041.984375,7212,0.0,0.0
2024-10-01 00:00:00+09:00,88485.29137126866,89283.25492070895,88396.62875466417,89105.9296875,4193,0.0,0.0
2024-10-02 00:00:00+09:00,89371.91695544554,89903.89265160891,89105.92910736386,89549.2421875,4158,0.0,0.0
2024-10-03 00:00:00+09:00,89903.89555027174,90169.88340692935,89460.58245584239,89726.5703125,3476,0.0,0.0
2024-10-04 00:00:00+09:00,89549.24161022168,90524.53038023399,89549.24161022168,89992.5546875,3585,0.0,0.0
2024-10-07 00:00:00+09:00,90524.53448516634,90524.53448516634,89194.59519302384,89283.2578125,3181,0.0,0.0
2024-10-08 00:00:00+09:00,89283.25492070895,89549.24277052238,88928.60445429104,89105.9296875,3132,0.0,0.0
2024-10-09 00:00:00+09:00,89105.92622302828,89371.9140625,88928.6009967138,89371.9140625,2444,0.0,0.0
2024-10-10 00:00:00+09:00,89105.92678994268,89371.91463110669,88662.61372133599,88928.6015625,2550,0.0,0.0
2024-10-11 00:00:00+09:00,88751.27777950697,89105.92824016434,88396.6273188496,89017.265625,2529,0.0,0.0
2024-10-15 00:00:00+09:00,88751.28125,89105.93172452546,88219.30553821179,88751.28125,3335,0.0,0.0
2024-10-16 00:00:00+09:00,88485.28415625,89105.922421875,88041.971109375,88662.609375,2420,0.0,0.0
2024-10-17 00:00:00+09:00,88928.6099855962,89283.26047407315,88307.97163076152,88485.296875,1843,0.0,0.0
2024-10-18 00:00:00+09:00,88573.95949711924,88839.94736347695,88396.63425288076,88485.296875,1869,0.0,0.0
2024-10-21 00:00:00+09:00,88839.94736347695,88928.6099855962,88307.97163076152,88485.296875,2168,0.0,0.0
2024-10-22 00:00:00+09:00,88485.29604019657,88485.29604019657,87864.65769121725,87953.3203125,3521,0.0,0.0
2024-10-23 00:00:00+09:00,87775.99937185929,88307.97512562815,87510.01149497487,88219.3125,2349,0.0,0.0
2024-10-24 00:00:00+09:00,88130.64033888606,88219.30295492116,87155.3515625,87155.3515625,2265,0.0,0.0
2024-10-25 00:00:00+09:00,87332.68318005347,87510.00842508911,86712.04482242872,87066.6953125,2097,0.0,0.0
2024-10-28 00:00:00+09:00,87066.6975638271,87687.3359375,87066.6975638271,87687.3359375,3091,0.0,0.0
2024-10-29 00:00:00+09:00,87510.01355165237,87953.3266902119,86978.03778538092,87864.6640625,2403,0.0,0.0
2024-10-30 00:00:00+09:00,87864.66326142132,87953.32588832488,87155.36224619289,87332.6875,5546,0.0,0.0
2024-10-31 00:00:00+09:00,87155.35649209989,87421.34435524975,86712.04338685016,86978.03125,5968,0.0,0.0
2024-11-01 00:00:00+09:00,87066.6953125,87510.00842508911,86800.70744494654,87066.6953125,2202,0.0,0.0
2024-11-05 00:00:00+09:00,87155.36304080473,87864.6640625,86800.7125299571,87864.6640625,2156,0.0,0.0
2024-11-06 00:00:00+09:00,87510.00116720618,89017.265625,87510.00116720618,89017.265625,3988,0.0,0.0
2024-11-07 00:00:00+09:00,89017.27613065326,89017.27613065326,88130.64987437185,88219.3125,3014,0.0,0.0
2024-11-08 00:00:00+09:00,88041.9858133174,88751.28680677817,88041.9858133174,88130.6484375,3420,0.0,0.0
2024-11-11 00:00:00+09:00,88573.96588202106,88662.62851053159,88130.65273946841,88396.640625,1759,0.0,0.0
2024-11-12 00:00:00+09:00,88396.63136922692,88839.94446536145,88307.96875,88307.96875,2978,0.0,0.0
2024-11-13 00:00:00+09:00,88219.30900864229,88573.95949711924,87687.33327592685,88485.296875,2527,0.0,0.0
2024-11-14 00:00:00+09:00,88485.30245648335,88662.62771190716,87687.33880707619,87864.6640625,2551,0.0,0.0
2024-11-15 00:00:00+09:00,88219.31536797894,88751.29113904212,88130.65273946841,88396.640625,2953,0.0,0.0
2024-11-18 00:00:00+09:00,88485.28993401394,89017.265625,88219.30208852091,89017.265625,3077,0.0,0.0
2024-11-19 00:00:00+09:00,89017.265625,89992.55439180777,88928.60300983566,89017.265625,5280,0.0,0.0
2024-11-20 00:00:00+09:00,89283.26008536735,90347.21154616617,89283.26008536735,89903.8984375,3980,0.0,0.0
2024-11-21 00:00:00+09:00,89903.89614883317,89992.55876830933,89283.2578125,89283.2578125,2126,0.0,0.0
2024-11-22 00:00:00+09:00,89194.59230410447,89460.58015391791,88751.27922108208,89105.9296875,2170,0.0,0.0
2024-11-25 00:00:00+09:00,88928.60358796296,89371.91666666666,88573.953125,88573.953125,3545,0.0,0.0
2024-11-26 00:00:00+09:00,88662.61516434263,89105.92824016434,88485.28993401394,89017.265625,2600,0.0,0.0
2024-11-27 00:00:00+09:00,88839.9375,88928.60011227545,88219.29921407186,88839.9375,2232,0.0,0.0
2024-11-28 00:00:00+09:00,88573.946765625,88751.271984375,88307.9589375,88662.609375,1553,0.0,0.0
2024-11-29 00:00:00+09:00,88485.30455293819,88485.30455293819,87510.015625,87510.015625,3909,0.0,0.0
2024-12-02 00:00:00+09:00,87332.68088942308,87510.00612980769,86446.0546875,86446.0546875,3899,0.0,0.0
2024-12-03 00:00:00+09:00,86446.05179695529,86800.70226586588,86002.73871081707,86268.7265625,3181,0.0,0.0
2024-12-04 00:00:00+09:00,86357.39267074743,86534.71791237114,85914.07956668815,86002.7421875,3464,0.0,0.0
2024-12-05 00:00:00+09:00,85914.07872471472,86002.74134465767,85470.765625,85470.765625,3071,0.0,0.0
2024-12-06 00:00:00+09:00,85470.76767578126,86091.40603027344,85116.1171875,85116.1171875,2281,0.0,0.0
2024-12-09 00:00:00+09:00,84938.78616958682,85116.11140167364,84406.81047332636,84761.4609375,5059,0.0,0.0
2024-12-10 00:00:00+09:00,84761.4594895288,84938.7847185864,84406.80903141362,84672.796875,2783,0.0,0.0
2024-12-11 00:00:00+09:00,84406.80758647798,84850.12065153301,84229.48236045598,84584.1328125,2767,0.0,0.0
2024-12-12 00:00:00+09:00,84672.80180187566,84938.78966093915,84406.81394281218,84495.4765625,4733,0.0,0.0
2024-12-13 00:00:00+09:00,84229.48380235603,84938.7847185864,84229.48380235603,84672.796875,4093,0.0,0.0
2024-12-16 00:00:00+09:00,84584.13483552632,84584.13483552632,84052.15914473684,84229.484375,3464,0.0,0.0
2024-12-17 00:00:00+09:00,84229.484375,84761.46006578948,83697.50868421052,84229.484375,4889,0.0,0.0
2024-12-18 00:00:00+09:00,84672.796875,85382.09779123036,84672.796875,84672.796875,3245,0.0,0.0
2024-12-19 00:00:00+09:00,84052.15625,84938.78237078058,84052.15625,84052.15625,3244,0.0,0.0
2024-12-20 00:00:00+09:00,84672.80489777433,85736.75637292961,84495.47965191511,85648.09375,8722,0.0,0.0
2024-12-23 00:00:00+09:00,85204.7786001933,86623.380533183,85204.7786001933,86002.7421875,3327,0.0,0.0
2024-12-24 00:00:00+09:00,86180.06826331967,87066.6944800205,86180.06826331967,86534.71875,2677,0.0,0.0
2024-12-25 00:00:00+09:00,86712.046875,86889.37212423312,86357.39637653374,86712.046875,1709,0.0,0.0
2024-12-26 00:00:00+09:00,86712.04564144737,87598.671875,86712.04564144737,87598.671875,3197,0.0,0.0
2024-12-27 00:00:00+09:00,87598.66779618475,88485.29398845382,87421.34255773092,88307.96875,3168,0.0,0.0
2024-12-30 00:00:00+09:00,88485.30101010101,89371.92727272728,87776.0,87776.0,4821,0.0,0.0
2025-01-06 00:00:00+09:00,88662.6174579624,90258.54457220573,88396.62960558852,89637.90625,4208,0.0,0.0
2025-01-07 00:00:00+09:00,90081.21496775794,90347.20280722967,89194.58883618552,89371.9140625,2910,0.0,0.0
2025-01-08 00:00:00+09:00,89637.9039311504,90347.20485246513,89017.265625,89017.265625,2759,0.0,0.0
2025-01-09 00:00:00+09:00,89017.26360987104,89726.56451512896,88839.93838355655,89371.9140625,2141,0.0,0.0
2025-01-10 00:00:00+09:00,89194.5879491018,89637.90101047905,88751.27488772455,88839.9375,1672,0.0,0.0
2025-01-14 00:00:00+09:00,89992.55851531125,89992.55851531125,88307.96875,88307.96875,2840,0.0,0.0
2025-01-15 00:00:00+09:00,87953.31827309237,88573.95660768072,87510.00517695784,88307.96875,2848,0.0,0.0
2025-01-16 00:00:00+09:00,88573.96588202106,88662.62851053159,88219.31536797894,88396.640625,2083,0.0,0.0
2025-01-17 00:00:00+09:00,88485.29339410589,89371.91958041958,88485.29339410589,88751.28125,2442,0.0,0.0
2025-01-20 00:00:00+09:00,88751.27633505732,89460.57724482802,88751.27633505732,88928.6015625,4120,0.0,0.0
2025-01-21 00:00:00+09:00,88928.60243743805,89637.9033541873,88928.60243743805,89460.578125,2130,0.0,0.0
2025-01-22 00:00:00+09:00,89637.90190197172,89815.2271282862,89371.9140625,89371.9140625,1856,0.0,0.0
2025-01-23 00:00:00+09:00,89105.92622302828,89637.90190197172,89105.92622302828,89371.9140625,2573,0.0,0.0
2025-01-24 00:00:00+09:00,89371.91866438357,90967.84578339041,89371.91866438357,90613.1953125,5721,0.0,0.0
2025-01-27 00:00:00+09:00,91145.17154573755,92652.43605573515,91145.17154573755,92563.7734375,5670,0.0,0.0
2025-01-28 00:00:00+09:00,92652.43977245722,94603.01745187737,92563.7771506654,93273.078125,8080,0.0,0.0
2025-01-29 00:00:00+09:00,93361.73582038662,94159.69937440702,93184.41058615987,93450.3984375,3675,0.0,0.0
2025-01-30 00:00:00+09:00,93982.37414018027,94071.03675729364,93184.41058615987,93450.3984375,3960,0.0,0.0
2025-01-31 00:00:00+09:00,94159.70579594017,94159.70579594017,93273.07956433998,93361.7421875,2768,0.0,0.0
2025-02-03 00:00:00+09:00,93450.39757275763,93893.71065422233,92652.43402612119,92918.421875,2858,0.0,0.0
2025-02-04 00:00:00+09:00,92918.42620123691,93184.4140625,92386.45047871076,93184.4140625,2031,0.0,0.0
2025-02-05 00:00:00+09:00,93095.75349212033,93627.72922636103,92741.10300262655,92829.765625,2340,0.0,0.0
2025-02-06 00:00:00+09:00,93095.74796904648,93539.06105461337,92829.76011770635,93450.3984375,2432,0.0,0.0
2025-02-07 00:00:00+09:00,93805.05530330009,93805.05530330009,93007.09169485992,93361.7421875,2464,0.0,0.0
2025-02-10 00:00:00+09:00,93450.40895633971,93627.73421052632,92209.13217703349,92652.4453125,3258,0.0,0.0
2025-02-12 00:00:00+09:00,92475.10879353531,93095.74710758588,92475.10879353531,92918.421875,1958,0.0,0.0
2025-02-13 00:00:00+09:00,93095.75288141635,93539.06599037547,93095.75288141635,93273.078125,2041,0.0,0.0
2025-02-14 00:00:00+09:00,93627.7302631579,94337.03125,93539.06763980263,94337.03125,2632,0.0,0.0
2025-02-17 00:00:00+09:00,94425.69038484067,94603.015625,93982.37728444235,94603.015625,2163,0.0,0.0
2025-02-18 00:00:00+09:00,94691.67824507966,94869.00348523898,94425.69038484067,94603.015625,1669,0.0,0.0
2025-02-19 00:00:00+09:00,94869.00987922138,95312.32300949813,94337.03412288931,94514.359375,1850,0.0,0.0
2025-02-20 00:00:00+09:00,94780.33247580456,95046.3203125,94425.68202687733,95046.3203125,1677,0.0,0.0
2025-02-21 00:00:00+09:00,95223.65105633803,95223.65105633803,94337.0248826291,94425.6875,1560,0.0,0.0
2025-02-25 00:00:00+09:00,93982.37932149575,94780.34291950846,93982.37932149575,94248.3671875,2010,0.0,0.0
2025-02-26 00:00:00+09:00,95312.31308411215,95312.31308411215,93716.38598130841,94869.0,3358,0.0,0.0
2025-02-27 00:00:00+09:00,94869.00170402032,96021.61574341496,94691.67646719038,95932.953125,2758,0.0,0.0
2025-02-28 00:00:00+09:00,96021.6240179409,96376.27452216229,94514.359375,94514.359375,7475,0.0,0.0
2025-03-03 00:00:00+09:00,97883.53457446808,100011.4375,97883.53457446808,100011.4375,10952,0.0,0.0
2025-03-04 00:00:00+09:00,100100.10135286226,100454.75184481216,99124.8125,99124.8125,9909,0.0,0.0
2025-03-05 00:00:00+09:00,99479.45342839806,100898.05525981906,99390.79081393425,100454.7421875,6208,0.0,0.0
2025-03-06 00:00:00+09:00,100632.07379775839,100986.7242781029,100188.76069732773,100366.0859375,4303,0.0,0.0
2025-03-07 00:00:00+09:00,100277.42247169184,100366.0850910302,99390.79627830817,99834.109375,5978,0.0,0.0
2025-03-10 00:00:00+09:00,100100.09578472222,100100.09578472222,99124.80698611111,99745.4453125,6377,0.0,0.0
2025-03-11 00:00:00+09:00,99302.13485663083,99568.12271785394,98415.50865255376,98947.484375,6359,0.0,0.0
2025-03-12 00:00:00+09:00,99302.137345679,100809.4019303902,99124.81210041887,100543.4140625,5629,0.0,0.0
2025-03-13 00:00:00+09:00,100543.40973143237,100898.06020667551,100100.09663737843,100277.421875,5139,0.0,0.0
2025-03-14 00:00:00+09:00,100100.08972350483,100898.0532376869,100100.08972350483,100809.390625,4575,0.0,0.0
2025-03-17 00:00:00+09:00,101075.38654181185,102139.33797909408,100809.3986824913,101784.6875,4037,0.0,0.0
2025-03-18 00:00:00+09:00,102050.6692820582,103025.95804148707,101784.6814385776,102848.6328125,4092,0.0,0.0
2025-03-19 00:00:00+09:00,102937.30264216739,103380.61574570816,102582.65215933476,103291.953125,4712,0.0,0.0
2025-03-21 00:00:00+09:00,103291.94618648592,104089.90971925705,103114.62095698122,103823.921875,6594,0.0,0.0
2025-03-24 00:00:00+09:00,104178.57872596155,104444.56658653847,103557.94038461539,103735.265625,4962,0.0,0.0
2025-03-25 00:00:00+09:00,104355.90686326793,104799.21997653584,103912.59375,103912.59375,5243,0.0,0.0
2025-03-26 00:00:00+09:00,104444.5590336579,104976.53471634208,103557.93289585097,104710.546875,4698,0.0,0.0
2025-03-27 00:00:00+09:00,104710.5583867746,105419.859375,104178.58264560555,105419.859375,6856,0.0,0.0
2025-03-28 00:00:00+09:00,105818.38783914728,106368.09375,105268.68192829457,106368.09375,10717,3835.0,0.0
2025-03-31 00:00:00+09:00,105360.30106540315,105818.38933090492,104444.12453439966,104535.7421875,6590,0.0,0.0
2025-04-01 00:00:00+09:00,105360.30281899913,106551.33232912695,105268.68516437392,105726.7734375,6813,0.0,0.0
2025-04-02 00:00:00+09:00,105910.00184461805,105910.00184461805,105085.44300672742,105543.53125,3632,0.0,0.0
2025-04-03 00:00:00+09:00,104902.20358255027,104993.82122760054,103894.40948699738,104810.5859375,7349,0.0,0.0
2025-04-04 00:00:00+09:00,104169.26470588235,104627.35294117646,103527.94117647059,104352.5,5920,0.0,0.0
2025-04-07 00:00:00+09:00,99680.01214028777,103527.95378540918,99680.01214028777,101878.8359375,10107,0.0,0.0
2025-04-08 00:00:00+09:00,103802.80223214286,106001.62593344155,103161.4786525974,105818.390625,8301,0.0,0.0
2025-04-09 00:00:00+09:00,105635.15299703664,106551.32951912716,104077.65290948276,106276.4765625,7853,0.0,0.0
2025-04-10 00:00:00+09:00,106734.56510634953,110032.80059461441,106276.47684409053,109299.859375,11413,0.0,0.0
2025-04-11 00:00:00+09:00,108566.91221626243,110490.8828125,108566.91221626243,110490.8828125,6270,0.0,0.0
2025-04-14 00:00:00+09:00,110857.35110445913,111773.52755986789,110216.027585673,110948.96875,4340,0.0,0.0
2025-04-15 00:00:00+09:00,110857.36088497899,110857.36088497899,108108.8312762605,109025.0078125,7477,0.0,0.0
2025-04-16 00:00:00+09:00,109483.10015390234,110032.80609609766,108933.39421170701,109757.953125,4163,0.0,0.0
2025-04-17 00:00:00+09:00,109941.17738589212,110399.265625,109574.70679460581,110399.265625,3382,0.0,0.0
2025-04-18 00:00:00+09:00,110307.64751762022,111315.44163945895,110124.41222274046,110490.8828125,4228,0.0,0.0
2025-04-21 00:00:00+09:00,110674.11810737976,110765.73575481965,109574.70633810115,110490.8828125,2476,0.0,0.0
2025-04-22 00:00:00+09:00,110674.12175925926,111498.68061342592,110124.41585648149,111315.4453125,4031,0.0,0.0
2025-04-23 00:00:00+09:00,111315.44210321577,111498.67739885893,109666.32444242739,110399.265625,5956,0.0,0.0
2025-04-24 00:00:00+09:00,110399.27120442163,110490.88885687343,108933.3887651928,109299.859375,3235,0.0,0.0
2025-04-25 00:00:00+09:00,109299.86217881214,109483.09748841618,108200.45032118788,108750.15625,3453,0.0,0.0
2025-04-28 00:00:00+09:00,108933.38419582631,109757.94303330523,108658.53125,108658.53125,2954,0.0,0.0
2025-04-30 00:00:00+09:00,109025.00641764459,109757.94763725901,108475.30050293378,109299.859375,2942,0.0,0.0
2025-05-01 00:00:00+09:00,109299.86251168953,110582.50968282418,109208.24485660848,110216.0390625,2769,0.0,0.0
2025-05-02 00:00:00+09:00,110307.65207646332,111590.2991936315,110307.65207646332,111132.2109375,7339,0.0,0.0
2025-05-07 00:00:00+09:00,111315.4472558103,111315.4472558103,109208.2412583752,109391.4765625,4351,0.0,0.0
2025-05-08 00:00:00+09:00,109757.94904149159,109757.94904149159,108841.7725052521,109025.0078125,3134,0.0,0.0
2025-05-09 00:00:00+09:00,109025.01468120805,109483.10297818792,108475.30872483221,109208.25,3244,0.0,0.0
2025-05-12 00:00:00+09:00,109299.86978950373,110307.6640625,109116.63446714079,110307.6640625,2426,0.0,0.0
2025-05-13 00:00:00+09:00,110399.2753109388,110490.8929667985,109391.48109648211,110032.8046875,2962,0.0,0.0
2025-05-14 00:00:00+09:00,109941.18101317958,111865.15168091022,109941.18101317958,111223.828125,3715,0.0,0.0
2025-05-15 00:00:00+09:00,111407.0606557377,111773.53125,111040.5900614754,111773.53125,5794,0.0,0.0
2025-05-16 00:00:00+09:00,111681.9140625,112231.61995616283,110674.11992411813,111681.9140625,4389,0.0,0.0
2025-05-19 00:00:00+09:00,111681.91360143443,111956.76654713115,110674.11946721312,111773.53125,2822,0.0,0.0
2025-05-20 00:00:00+09:00,111773.53673469387,112689.71326530613,111223.83081632653,112231.625,4568,0.0,0.0
2025-05-21 00:00:00+09:00,112231.62453481852,112506.47749286298,111223.83035532219,112323.2421875,3682,0.0,0.0
2025-05-22 00:00:00+09:00,111773.53663446054,114063.9779589372,111315.44836956522,113789.125,4980,0.0,0.0
2025-05-23 00:00:00+09:00,113972.35700533175,115987.9453125,113880.73935500592,115987.9453125,4461,0.0,0.0
2025-05-26 00:00:00+09:00,115987.95125492127,116354.421875,115529.86297982284,116354.421875,3267,0.0,0.0
2025-05-27 00:00:00+09:00,115987.95218848581,116354.4228115142,115163.39328667193,116171.1875,3175,0.0,0.0
2025-05-28 00:00:00+09:00,115804.71194779116,116079.56490336345,113514.27065135541,114063.9765625,5457,0.0,0.0
2025-05-29 00:00:00+09:00,114247.21233169212,114796.91824507636,113422.65346161574,113972.359375,4688,0.0,0.0
2025-05-30 00:00:00+09:00,114155.59467946141,114888.53589730707,113972.359375,113972.359375,3630,0.0,0.0
2025-06-02 00:00:00+09:00,114247.21455140326,115071.7734375,114247.21455140326,115071.7734375,2677,0.0,0.0
2025-06-03 00:00:00+09:00,115163.38922991071,115896.33045014882,114888.53627232143,115438.2421875,2961,0.0,0.0
2025-06-04 00:00:00+09:00,115438.24255485894,117453.83091692791,115438.24255485894,116904.125,3675,0.0,0.0
2025-06-05 00:00:00+09:00,116904.11992521367,117911.9140625,116904.11992521367,117911.9140625,2338,0.0,0.0
2025-06-06 00:00:00+09:00,117820.30328743212,118370.00921256788,117820.30328743212,118095.15625,2170,0.0,0.0
2025-06-09 00:00:00+09:00,118095.15307979868,118278.38838325841,117178.9765625,117178.9765625,2127,0.0,0.0
2025-06-10 00:00:00+09:00,117270.59052059051,118461.61995556527,117270.59052059051,117911.9140625,2200,0.0,0.0
2025-06-11 00:00:00+09:00,118095.15161903387,119011.328125,118095.15161903387,119011.328125,3447,0.0,0.0
2025-06-12 00:00:00+09:00,119102.94755144816,120660.44763481326,119011.32989948551,120202.359375,5303,0.0,0.0
2025-06-13 00:00:00+09:00,119652.65875655922,122584.42374906297,119652.65875655922,122217.953125,6935,0.0,0.0
2025-06-16 00:00:00+09:00,121943.08732574349,123775.44025325277,121576.61674024163,123225.734375,4199,0.0,0.0
2025-06-17 00:00:00+09:00,122676.03442943847,123958.68154072462,122217.9461754077,123592.2109375,3106,0.0,0.0
2025-06-18 00:00:00+09:00,123500.59375,124508.38791264837,123500.59375,123500.59375,3260,0.0,0.0
2025-06-19 00:00:00+09:00,123867.06612784718,124874.86030492285,123683.83082292433,124691.625,2346,0.0,0.0
2025-06-20 00:00:00+09:00,124783.24358443709,125149.71419701987,124508.390625,124508.390625,3683,0.0,0.0
2025-06-23 00:00:00+09:00,124508.38969507716,125516.18387215283,124416.77204261573,124691.625,1903,0.0,0.0
2025-06-24 00:00:00+09:00,125516.18154053806,125882.65214357612,124783.24033446192,125149.7109375,1989,0.0,0.0
2025-06-25 00:00:00+09:00,125149.71047457938,125424.56342584126,124783.23987289685,125241.328125,1988,0.0,0.0
2025-06-26 00:00:00+09:00,125516.18154053806,126065.88744509516,124141.91677914531,125149.7109375,2995,0.0,0.0
2025-06-27 00:00:00+09:00,125241.33044810023,125424.56575234032,124233.53627477975,124783.2421875,2416,0.0,0.0
2025-06-30 00:00:00+09:00,124783.24033446192,126065.88744509516,124141.91677914531,125149.7109375,3082,0.0,0.0
2025-07-01 00:00:00+09:00,124874.8584478022,125516.1820054945,124600.00549450549,125058.09375,2297,0.0,0.0
2025-07-02 00:00:00+09:00,125241.33185016556,125882.65542218543,124508.390625,124508.390625,2632,0.0,0.0
2025-07-03 00:00:00+09:00,124691.62228009259,125332.94583333333,123683.828125,123683.828125,2866,0.0,0.0
2025-07-04 00:00:00+09:00,123867.06566629956,124966.4774917401,123867.06566629956,124783.2421875,1584,0.0,0.0
2025-07-07 00:00:00+09:00,124783.24889120203,126707.219689084,124691.63123416004,126523.984375,1728,0.0,0.0
2025-07-08 00:00:00+09:00,126523.97935795454,126890.4499715909,125974.2734375,125974.2734375,3584,0.0,0.0
2025-07-09 00:00:00+09:00,125974.26839846604,126523.97429693207,125424.5625,125424.5625,2562,0.0,0.0
2025-07-10 00:00:00+09:00,125516.18506420618,127715.00874416307,125516.18506420618,127531.7734375,2221,0.0,0.0
2025-07-11 00:00:00+09:00,127531.77796640458,128631.18984542531,127440.16030981952,128173.1015625,2717,0.0,0.0
2025-07-14 00:00:00+09:00,128264.71998762376,129547.3671875,128173.10233048974,129547.3671875,2188,0.0,0.0
2025-07-15 00:00:00+09:00,129547.3640491453,129638.98170405983,127898.24626068375,128631.1875,2933,0.0,0.0
2025-07-16 00:00:00+09:00,128631.19108280256,130463.54423213023,128631.19108280256,129455.75,3134,0.0,0.0
2025-07-17 00:00:00+09:00,129730.60297239915,130555.16188959661,129089.27937013446,129455.75,1800,0.0,0.0
2025-07-18 00:00:00+09:00,129455.75235817648,129913.84065385298,128814.4287442294,128997.6640625,1842,0.0,0.0
2025-07-22 00:00:00+09:00,129089.28172163529,129364.13469904118,127806.63449374112,128997.6640625,1985,0.0,0.0
2025-07-23 00:00:00+09:00,128997.65873015873,129364.12935155122,126890.45265715187,126982.0703125,3129,0.0,0.0
2025-07-24 00:00:00+09:00,127165.30246184593,127898.24368640989,126065.890625,126065.890625,2459,0.0,0.0
2025-07-25 00:00:00+09:00,126157.51141436688,127165.30562319624,126157.51141436688,126982.0703125,2223,0.0,0.0
2025-07-28 00:00:00+09:00,126798.8290520984,127623.38791154124,126615.59375,126615.59375,2591,0.0,0.0
2025-07-29 00:00:00+09:00,126707.21766895505,128447.953125,126707.21766895505,128447.953125,2667,0.0,0.0
2025-07-30 00:00:00+09:00,128631.1823984099,130188.68247018552,128539.56474712898,129638.9765625,4247,0.0,0.0
2025-07-31 00:00:00+09:00,129638.98607099088,131471.33923100488,129547.3684129902,130830.015625,3511,0.0,0.0
2025-08-01 00:00:00+09:00,131379.7270368109,131746.19768405444,129638.99146240405,131288.109375,3327,0.0,0.0
2025-08-04 00:00:00+09:00,131288.09467810972,131379.71232966456,130371.91816256114,131104.859375,2302,0.0,0.0
2025-08-05 00:00:00+09:00,130738.39515777545,131379.71875,130371.92453364714,131379.71875,1883,0.0,0.0
2025-08-06 00:00:00+09:00,131379.70225395734,133120.4375,131379.70225395734,133120.4375,3250,0.0,0.0
2025-08-07 00:00:00+09:00,133303.6773865582,134036.61856806505,133212.05973886987,133761.765625,2747,0.0,0.0
2025-08-08 00:00:00+09:00,134036.6232112069,134128.24086206895,132570.7407974138,132845.59375,2543,0.0,0.0
2025-08-12 00:00:00+09:00,132845.6122316482,133120.4652224723,132204.28858639195,132295.90625,2569,0.0,0.0
2025-08-13 00:00:00+09:00,132295.89531032078,132845.60124651325,131288.1010939679,131379.71875,1929,0.0,0.0
2025-08-14 00:00:00+09:00,130738.38969559132,131471.33091322603,130463.5367389783,130921.625,2238,0.0,0.0
2025-08-15 00:00:00+09:00,131196.48794240112,132021.046875,130830.01730569049,132021.046875,2277,0.0,0.0
2025-08-18 00:00:00+09:00,131562.953125,131746.18843575905,131013.24719272285,131562.953125,1918,0.0,0.0
2025-08-19 00:00:00+09:00,131654.55428479382,133303.671875,131379.70135309277,133303.671875,2605,0.0,0.0
2025-08-20 00:00:00+09:00,133670.14797731163,133945.0009203767,133028.82444349315,133761.765625,2722,0.0,0.0
2025-08-21 00:00:00+09:00,134403.0919017675,135594.1213460231,133761.76835486063,134769.5625,3330,0.0,0.0
2025-08-22 00:00:00+09:00,135136.02848574112,135227.6461321721,133578.52849641393,134128.234375,2411,0.0,0.0
2025-08-25 00:00:00+09:00,134128.23806662086,134128.23806662086,132570.7380344265,133395.296875,2836,0.0,0.0
2025-08-26 00:00:00+09:00,133395.29503424658,133945.0009203767,132937.20679580478,133761.765625,3005,0.0,0.0
2025-08-27 00:00:00+09:00,133761.77287719894,135410.890625,133578.5375718877,135410.890625,3494,0.0,0.0
2025-08-28 00:00:00+09:00,135685.73067043137,136143.81889011548,133853.37779169498,134861.171875,4906,0.0,0.0
2025-08-29 00:00:00+09:00,135410.88327268112,135960.58915876778,134769.55973891335,135319.265625,4927,0.0,0.0
2025-09-01 00:00:00+09:00,135960.59098154362,136693.53217281878,135410.88508808726,136510.296875,3874,0.0,0.0
2025-09-02 00:00:00+09:00,136510.30609028245,136510.30609028245,135594.12953934097,136235.453125,3727,0.0,0.0
2025-09-03 00:00:00+09:00,135960.59198762034,136327.06258596975,133028.8272008253,133212.0625,6781,0.0,0.0
2025-09-04 00:00:00+09:00,133761.77765334252,133761.77765334252,131104.86563146106,132937.21875,5510,0.0,0.0
2025-09-05 00:00:00+09:00,133120.46618195216,133212.0838462205,131562.96588938974,132112.671875,5886,0.0,0.0
2025-09-08 00:00:00+09:00,132479.11947016462,134219.8547882373,132387.50182184498,133578.53125,3465,0.0,0.0
2025-09-09 00:00:00+09:00,134036.61672856897,134586.32260715505,133486.9108499829,134128.234375,4176,0.0,0.0
2025-09-10 00:00:00+09:00,133578.5294117647,134219.85294117648,133212.0588235294,133945.0,3052,0.0,0.0
2025-09-11 00:00:00+09:00,133945.01374914733,134677.95500085267,133853.39609268418,134311.484375,4055,0.0,0.0
2025-09-12 00:00:00+09:00,134769.55428349564,136418.671875,134586.3189955507,136418.671875,6218,0.0,0.0
2025-09-16 00:00:00+09:00,136052.21326013515,136418.68386824324,135502.50734797298,135594.125,6257,0.0,0.0
2025-09-17 00:00:00+09:00,136235.43195428475,136327.0495951417,134952.78498228744,135777.34375,4495,0.0,0.0
2025-09-18 00:00:00+09:00,135777.35752439435,136235.4457751514,135502.5045739401,136143.828125,3761,0.0,0.0
2025-09-19 00:00:00+09:00,136143.81894308262,137426.4659586971,135410.8777913029,136418.671875,7876,0.0,0.0
2025-09-22 00:00:00+09:00,135868.98358736376,136143.8365548365,134494.71875,134494.71875,5196,0.0,0.0
2025-09-24 00:00:00+09:00,134311.46967842674,135960.58731431467,133761.76379979745,135685.734375,5201,0.0,0.0
2025-09-25 00:00:00+09:00,135777.36484952926,136968.3943657532,135502.5118842468,136235.453125,5724,0.0,0.0
2025-09-26 00:00:00+09:00,137151.62593018395,137334.8612353679,136327.06705685618,136968.390625,7621,0.0,0.0
2025-09-29 00:00:00+09:00,136469.48544460128,136563.7974594213,133640.125,133640.125,10405,4271.0,0.0
2025-09-30 00:00:00+09:00,133734.44326923077,135149.1235576923,133734.44326923077,134866.1875,3687,0.0,0.0
2025-10-01 00:00:00+09:00,134866.17922859165,134866.17922859165,131282.3227176221,133262.875,5656,0.0,0.0
2025-10-02 00:00:00+09:00,133734.43359929076,134111.68164893615,130999.3852393617,132979.9375,5152,0.0,0.0
2025-10-03 00:00:00+09:00,132697.00935930773,133262.88146744977,131093.7050529053,131470.953125,3917,0.0,0.0
2025-10-06 00:00:00+09:00,132131.1370529453,134488.9375,131942.51301718093,134488.9375,4626,0.0,0.0
2025-10-07 00:00:00+09:00,134205.9921819474,134394.61620469083,132036.81592039802,132697.0,1964,0.0,0.0
2025-10-08 00:00:00+09:00,132696.9975481455,133168.557596291,132225.4375,132225.4375,2702,0.0,0.0
2025-10-09 00:00:00+09:00,132225.43847934474,132508.37451032765,131376.63038639602,132414.0625,2628,0.0,0.0
2025-10-10 00:00:00+09:00,131848.2002289871,132036.82426364944,130433.5199690194,131282.328125,2597,0.0,0.0
2025-10-14 00:00:00+09:00,129961.95458454019,131282.32277335264,129113.14646316075,130244.890625,3780,0.0,0.0
2025-10-15 00:00:00+09:00,130339.20795168822,131470.95215966235,130150.58391702587,131282.328125,2730,0.0,0.0
2025-10-16 00:00:00+09:00,131565.25343259628,132414.0615192582,131093.69338445077,132225.4375,2931,0.0,0.0
2025-10-17 00:00:00+09:00,132602.69331805359,133734.4375,132602.69331805359,133734.4375,4195,0.0,0.0
2025-10-20 00:00:00+09:00,134300.31824512535,135526.37452123957,133734.44611768803,135432.0625,6809,0.0,0.0
2025-10-21 00:00:00+09:00,135432.0596153846,135432.0596153846,134206.00336538462,134866.1875,3303,0.0,0.0
2025-10-22 00:00:00+09:00,135054.81345885634,135526.37356171547,134300.31729428173,135243.4375,2962,0.0,0.0
2025-10-23 00:00:00+09:00,134771.87739714087,135903.6216440028,134677.56537656905,135243.4375,3089,0.0,0.0
2025-10-24 00:00:00+09:00,135809.3052631579,135809.3052631579,134394.625,134394.625,2492,0.0,0.0
2025-10-27 00:00:00+09:00,134771.86619672558,136092.234375,134771.86619672558,136092.234375,2965,0.0,0.0
2025-10-28 00:00:00+09:00,136092.24471892457,136469.49279853352,135054.8125,135054.8125,3830,0.0,0.0
2025-10-29 00:00:00+09:00,135432.0537729196,135432.0537729196,133168.5654090268,133734.4375,2656,0.0,0.0
2025-10-30 00:00:00+09:00,133262.87790697673,134394.62209302327,132791.31782945737,133828.75,7947,0.0,0.0
2025-10-31 00:00:00+09:00,133828.74902964008,134394.62111856035,132979.9408962597,133640.125,2622,0.0,0.0
2025-11-04 00:00:00+09:00,133734.44039676967,134488.9365344101,133451.50434515448,134300.3125,1704,0.0,0.0
2025-11-05 00:00:00+09:00,133923.06635154062,134677.5625,132225.450017507,134677.5625,2653,0.0,0.0
2025-11-06 00:00:00+09:00,134394.63074112736,135526.375,134111.69467640918,135526.375,1477,0.0,0.0
2025-11-07 00:00:00+09:00,135714.98583781207,136469.4819369799,135243.42577583218,135997.921875,2527,0.0,0.0
2025-11-10 00:00:00+09:00,136375.15674671734,137318.27677954387,136186.53274015203,136469.46875,3384,0.0,0.0
2025-11-11 00:00:00+09:00,136941.0302586207,137412.59028017242,136469.47023706898,136752.40625,3989,0.0,0.0
2025-11-12 00:00:00+09:00,137035.34275930392,137412.5907779118,136563.78273604412,136846.71875,2144,0.0,0.0
2025-11-13 00:00:00+09:00,137129.66115949454,138072.78125,136752.41312329235,138072.78125,2084,0.0,0.0
2025-11-14 00:00:00+09:00,138167.09178216974,138638.65182238194,137318.28370978782,137789.84375,1851,0.0,0.0
2025-11-17 00:00:00+09:00,137789.84522284838,138072.78125,136375.16508709016,138072.78125,1948,0.0,0.0
2025-11-18 00:00:00+09:00,137695.54905726257,138072.7971368715,135054.8125,135054.8125,1753,0.0,0.0
2025-11-19 00:00:00+09:00,135054.81009110023,135243.4341275403,133923.0658724597,134583.25,2208,0.0,0.0
2025-11-20 00:00:00+09:00,134771.86525281408,137884.16165123458,126755.34422657953,129867.640625,9618,0.0,0.0
2025-11-21 00:00:00+09:00,129867.63870106763,132508.375,129207.45462633453,132508.375,4516,0.0,0.0
2025-11-25 00:00:00+09:00,132508.38321905766,134111.6875,131753.8870868495,134111.6875,2033,0.0,0.0
2025-11-26 00:00:00+09:00,133734.44183601963,134583.25,133357.19376313945,134583.25,2341,0.0,0.0
2025-11-27 00:00:00+09:00,134394.62836068435,135054.8125,134017.38028107543,135054.8125,1990,0.0,0.0
2025-11-28 00:00:00+09:00,134583.246124031,135054.80620155038,133074.25387596898,133828.75,3636,0.0,0.0
2025-12-01 00:00:00+09:00,133640.116154396,133640.116154396,131942.5,131942.5,3749,0.0,0.0
2025-12-02 00:00:00+09:00,132131.13132072135,133357.1875,132036.8193069307,133357.1875,2281,0.0,0.0
2025-12-03 00:00:00+09:00,132508.38677746957,132791.32283464566,131659.5786059413,131753.890625,2546,0.0,0.0
2025-12-04 00:00:00+09:00,131659.57619432473,132036.82426364944,130056.2718996947,131282.328125,2968,0.0,0.0
2025-12-05 00:00:00+09:00,130905.0800556753,132414.07233297414,130433.5199690194,131282.328125,2988,0.0,0.0
2025-12-08 00:00:00+09:00,131282.328125,132131.1362809806,130527.83198635057,131282.328125,2362,0.0,0.0
2025-12-09 00:00:00+09:00,130433.51948912653,131188.015625,129773.33537023724,131188.015625,2781,0.0,0.0
2025-12-10 00:00:00+09:00,130905.06982245854,131659.5659021269,130244.88575274874,130810.7578125,2741,0.0,0.0
2025-12-11 00:00:00+09:00,130622.13475282228,130999.38279542972,128924.51856108886,129490.390625,3082,0.0,0.0
2025-12-12 00:00:00+09:00,129961.95940420561,131470.95167595256,129773.33537023724,131188.015625,4177,0.0,0.0
2025-12-15 00:00:00+09:00,130999.38722187048,131188.01124954777,130339.203125,130339.203125,2029,0.0,0.0
2025-12-16 00:00:00+09:00,130622.13916651592,131470.94729106367,129773.33104196817,130339.203125,2315,0.0,0.0
2025-12-17 00:00:00+09:00,130244.88671021487,130339.19872086671,128830.206550437,129490.390625,3442,0.0,0.0
2025-12-18 00:00:00+09:00,129584.70846119133,131282.32472924187,129396.08443140794,130622.140625,3093,0.0,0.0
2025-12-19 00:00:00+09:00,130905.07909172661,131282.32715827337,130433.51900854315,131093.703125,3773,0.0,0.0
2025-12-22 00:00:00+09:00,130905.06979394602,131282.31783369803,129113.14160512401,129301.765625,2560,0.0,0.0
2025-12-23 00:00:00+09:00,129773.33200867052,130527.828125,129396.08395050578,130527.828125,2356,0.0,0.0
2025-12-24 00:00:00+09:00,130527.82763919016,130999.387710141,129773.33152566884,130433.515625,2872,0.0,0.0
2025-12-25 00:00:00+09:00,130622.14304181654,131470.95119154674,130433.51900854315,131093.703125,2256,0.0,0.0
2025-12-26 00:00:00+09:00,131565.2593049023,131565.2593049023,129301.77097277496,130339.203125,3494,0.0,0.0
2025-12-29 00:00:00+09:00,130339.20117470973,130339.20117470973,129773.32910014513,129961.953125,2935,0.0,0.0
2025-12-30 00:00:00+09:00,130810.76123684688,131282.32129898402,129961.953125,129961.953125,2708,0.0,0.0
2026-01-05 00:00:00+09:00,130622.1435230949,131942.5117608735,129490.3993192847,131188.015625,4279,0.0,0.0
2026-01-06 00:00:00+09:00,131470.94142296718,132414.0615192582,131470.94142296718,132225.4375,3070,0.0,0.0
2026-01-07 00:00:00+09:00,132225.44333451203,133640.12354137198,131848.19527934937,133357.1875,3651,0.0,0.0
2026-01-08 00:00:00+09:00,133262.8730482612,133828.74512065295,132791.3129879347,132885.625,3310,0.0,0.0
2026-01-09 00:00:00+09:00,133545.8110403397,133828.7470806794,132697.0029193206,133262.875,2459,0.0,0.0
2026-01-13 00:00:00+09:00,133734.4316322902,133923.05565433853,132602.6875,132602.6875,3624,0.0,0.0
2026-01-14 00:00:00+09:00,132319.75438208214,133640.12256550993,132319.75438208214,133168.5625,3549,0.0,0.0
2026-01-15 00:00:00+09:00,133262.87887051373,134205.9990323716,132979.94282195639,134017.375,3605,0.0,0.0
2026-01-16 00:00:00+09:00,134300.3095909732,134488.9336212976,133168.5654090268,133734.4375,2518,0.0,0.0
2026-01-19 00:00:00+09:00,133923.0660842294,134206.00213933692,131565.265625,131565.265625,2651,0.0,0.0
2026-01-20 00:00:00+09:00,132036.8144362392,132885.62252904358,130810.7583021884,130905.0703125,3143,0.0,0.0
2026-01-21 00:00:00+09:00,130905.07524249634,130905.07524249634,128358.65086818265,128830.2109375,5109,0.0,0.0
2026-01-22 00:00:00+09:00,129018.83399010263,129867.64210845857,128641.5859375,128641.5859375,2998,0.0,0.0
2026-01-23 00:00:00+09:00,129584.70508672908,129773.32911160059,128452.9609375,128452.9609375,2412,0.0,0.0
2026-01-26 00:00:00+09:00,128641.5785535582,128641.5785535582,126849.65040655115,127226.8984375,2311,0.0,0.0
2026-01-27 00:00:00+09:00,127226.91068018816,127226.91068018816,125812.23042799925,126566.7265625,2356,0.0,0.0
2026-01-28 00:00:00+09:00,126943.97018086081,128924.52246451465,126283.78608630953,128735.8984375,5842,0.0,0.0
2026-01-29 00:00:00+09:00,128358.64649717772,129490.390625,126943.96633739985,129490.390625,4335,0.0,0.0
2026-01-30 00:00:00+09:00,129207.45850503663,129679.01857257326,128075.71434294872,128735.8984375,3371,0.0,0.0
2026-02-02 00:00:00+09:00,129207.4560546875,130433.51220703125,128264.3359375,128264.3359375,3053,0.0,0.0
2026-02-03 00:00:00+09:00,128830.20606322886,130527.82224854227,128452.95802204811,129396.078125,2550,0.0,0.0
2026-02-04 00:00:00+09:00,129396.08153553298,130999.38575281,128452.96140772298,130056.265625,4153,0.0,0.0
2026-02-05 00:00:00+09:00,130999.38722187048,131188.01124954777,129867.6430558068,130339.203125,3319,0.0,0.0
2026-02-06 00:00:00+09:00,130056.26853564981,131376.63674413358,129207.46040162454,130622.140625,3485,0.0,0.0
2026-02-09 00:00:00+09:00,132036.8232913669,132508.38337455035,130527.83102517985,131093.703125,2730,0.0,0.0
2026-02-10 00:00:00+09:00,131753.87549177394,132131.1235246781,130999.37942596566,131848.1875,2686,0.0,0.0
2026-02-12 00:00:00+09:00,131848.19141180653,133451.49559921763,131376.63135668563,132602.6875,3415,0.0,0.0
2026-02-13 00:00:00+09:00,132319.7598288102,132697.00789674695,130244.89545515817,131188.015625,2638,0.0,0.0
2026-02-16 00:00:00+09:00,131093.7060127149,131753.89014371418,129961.96178814469,131659.578125,2427,0.0,0.0
2026-02-17 00:00:00+09:00,131565.26028495305,131565.26028495305,129679.01999412934,130527.828125,1777,0.0,0.0
2026-02-18 00:00:00+09:00,129961.95023148149,132414.0625,129867.63822115386,132414.0625,2826,0.0,0.0
2026-02-19 00:00:00+09:00,132414.07379032258,132414.07379032258,130244.89736783155,131565.265625,2106,0.0,0.0
2026-02-20 00:00:00+09:00,131942.51321511835,132036.82523314204,130716.45698081062,131470.953125,1824,0.0,0.0
2026-02-24 00:00:00+09:00,131565.25489323845,133262.87108540925,131470.9428825623,132508.375,2713,0.0,0.0
2026-02-25 00:00:00+09:00,133545.81588193958,134206.0,132885.63176387912,134206.0,3180,0.0,0.0
2026-02-26 00:00:00+09:00,134771.87112948627,135054.80717804364,134017.375,134017.375,3989,0.0,0.0
2026-02-27 00:00:00+09:00,134205.99019957235,134205.99019957235,132319.75,132319.75,3613,0.0,0.0
2026-03-02 00:00:00+09:00,132036.82074805928,133923.06104446013,131093.70059985886,133640.125,3295,0.0,0.0
2026-03-03 00:00:00+09:00,133545.80859375,133545.80859375,131753.88037109375,132791.3125,4347,0.0,0.0
2026-03-04 00:00:00+09:00,132036.8193740955,132414.06742945008,129961.95506964544,130339.203125,4998,0.0,0.0
2026-03-05 00:00:00+09:00,132414.06396588485,133640.12011371713,132036.81592039802,132697.0,3231,0.0,0.0
2026-03-06 00:00:00+09:00,132225.44781182602,132225.44781182602,131093.7036080158,131188.015625,3424,0.0,0.0
2026-03-09 00:00:00+09:00,129207.45508096798,130150.57519104803,128358.64698189593,129584.703125,4590,0.0,0.0
2026-03-10 00:00:00+09:00,130150.57714985486,130810.76123684688,129584.70507529027,129961.953125,3048,0.0,0.0
2026-03-11 00:00:00+09:00,130433.515625,131376.63576690166,129679.01951147866,130433.515625,1783,0.0,0.0
2026-03-12 00:00:00+09:00,130339.1982279519,130622.13425883747,128924.51807352406,129396.078125,2806,0.0,0.0
2026-03-13 00:00:00+09:00,129018.828125,130244.88424022296,128547.26808068348,129018.828125,3532,0.0,0.0
2026-03-16 00:00:00+09:00,128830.2080078125,130433.51220703125,128641.583984375,129773.328125,2050,0.0,0.0
2026-03-17 00:00:00+09:00,129867.643539859,130622.13965338033,129867.643539859,130433.515625,1594,0.0,0.0
2026-03-18 00:00:00+09:00,130622.14304181654,131093.703125,130150.5829586331,131093.703125,1854,0.0,0.0
2026-03-19 00:00:00+09:00,130527.82718704247,130527.82718704247,128830.2109375,128830.2109375,3921,0.0,0.0
2026-03-23 00:00:00+09:00,127698.46782606663,127698.46782606663,125529.29148928706,126000.8515625,3989,0.0,0.0
2026-03-24 00:00:00+09:00,127321.21927668538,127698.4673338015,125906.5390625,125906.5390625,3123,0.0,0.0
2026-03-25 00:00:00+09:00,127132.58495078009,127792.7689972604,126661.02491757987,126943.9609375,2382,0.0,0.0
2026-03-26 00:00:00+09:00,124397.54042386185,124397.54042386185,117984.32378335949,120153.5,15315,0.0,0.0
2026-03-27 00:00:00+09:00,120436.44239894768,121851.12261506688,119870.5703125,119870.5703125,9168,0.0,0.0
2026-03-30 00:00:00+09:00,118298.10809341342,118880.85739436619,117229.734375,117229.734375,9719,3681.0,0.0
2026-03-31 00:00:00+09:00,117132.6165234375,117812.4907486979,116355.61740885416,116549.8671875,7641,0.0,0.0
2026-04-01 00:00:00+09:00,117812.48367595277,118492.35786039768,116258.4855400787,117229.734375,26408,0.0,0.0
2026-04-02 00:00:00+09:00,116938.36030321782,117812.48425897278,116744.11053527228,117715.359375,47167,0.0,0.0
2026-04-03 00:00:00+09:00,118200.98698336694,120531.98426159273,117715.36255040322,120434.859375,17650,0.0,0.0
2026-04-06 00:00:00+09:00,121017.61027212918,122183.10892643541,120531.98583283492,121794.609375,13238,0.0,0.0
2026-04-07 00:00:00+09:00,121891.7353762856,123542.85848496835,121600.36071004746,122765.859375,42764,0.0,0.0
2026-04-08 00:00:00+09:00,123348.60237617463,124805.47563258614,121697.47935224159,124028.4765625,67190,0.0,0.0
2026-04-09 00:00:00+09:00,124611.23203496434,124611.23203496434,121503.23560073297,122571.609375,16864,0.0,0.0
2026-04-10 00:00:00+09:00,123348.60848355784,123348.60848355784,121406.11071216322,122571.609375,10054,0.0,0.0
2026-04-13 00:00:00+09:00,122183.10824819711,122377.35802283655,120629.11005108173,121211.859375,5652,0.0,0.0
2026-04-14 00:00:00+09:00,121988.85847355769,121988.85847355769,120920.48471304086,121211.859375,5980,0.0,0.0
2026-04-15 00:00:00+09:00,121308.983468473,121891.73278857775,120143.48482826349,120531.984375,6493,0.0,0.0
2026-04-16 00:00:00+09:00,120143.48299744898,120240.60788265306,118298.11017857143,118977.984375,9883,0.0,0.0
2026-04-17 00:00:00+09:00,118977.9832175926,118977.9832175926,117715.35972222222,118006.734375,7060,0.0,0.0
2026-04-20 00:00:00+09:00,118006.73518054419,118686.609375,117812.48541069968,118686.609375,5839,0.0,0.0
2026-04-21 00:00:00+09:00,118492.35994897959,119560.7336862245,118492.35994897959,118977.984375,4279,0.0,0.0
2026-04-22 00:00:00+09:00,118492.35914408867,119075.10845135468,118103.85960591133,118298.109375,4378,0.0,0.0
2026-04-23 00:00:00+09:00,118006.73483644381,118589.4841442781,117423.98552860953,118395.234375,5295,0.0,0.0
2026-04-24 00:00:00+09:00,118395.23367941055,118492.35856347898,117326.85995465786,117812.484375,4071,0.0,0.0
2026-04-27 00:00:00+09:00,117521.10983834432,118200.98402749177,116841.23564919687,117909.609375,4165,0.0,0.0
2026-04-28 00:00:00+09:00,117909.60925906843,118492.35856347898,117326.85995465786,117812.484375,5614,0.0,0.0
2026-04-30 00:00:00+09:00,117326.86087223588,118783.73414465602,116938.36133292383,118589.484375,7124,0.0,0.0
2026-05-01 00:00:00+09:00,118103.85914332783,118395.2337958196,117229.73518585255,117909.609375,3849,0.0,0.0
2026-05-07 00:00:00+09:00,117909.60891012396,117909.60891012396,116161.36100206611,117521.109375,15561,0.0,0.0
2026-05-08 00:00:00+09:00,117132.61517518939,117132.61517518939,114607.36808186027,115384.3671875,8685,0.0,0.0
2026-05-11 00:00:00+09:00,115384.36707561079,115772.86662805392,114898.74263505687,115287.2421875,4334,0.0,0.0
2026-05-12 00:00:00+09:00,114995.86651103565,115384.36606005942,113733.2429767084,114413.1171875,5025,0.0,0.0
2026-05-13 00:00:00+09:00,114315.99162089376,114315.99162089376,113150.49298074872,113830.3671875,4238,0.0,0.0
2026-05-14 00:00:00+09:00,113636.1171875,114024.61673344017,112859.11809561966,113636.1171875,4158,0.0,0.0
2026-05-15 00:00:00+09:00,113636.11741414249,114218.86673421501,113150.49298074872,113830.3671875,4872,0.0,0.0
2026-05-18 00:00:00+09:00,113636.11592698446,113636.11592698446,111305.11867720017,112567.7421875,6165,0.0,0.0
2026-05-19 00:00:00+09:00,113053.36921002538,114801.6171875,113053.36921002538,114801.6171875,6566,0.0,0.0
2026-05-20 00:00:00+09:00,114218.86453816132,114510.2391925954,111305.11799382047,111984.9921875,5603,0.0,0.0
2026-05-21 00:00:00+09:00,112664.8671875,112859.11695851294,111984.99298895475,112664.8671875,5104,0.0,0.0
2026-05-22 00:00:00+09:00,111693.61625711471,111984.99090822024,108682.74486235771,110916.6171875,6912,0.0,0.0
2026-05-25 00:00:00+09:00,110819.4979964381,111402.24732858414,108779.87533392698,109071.25,5551,0.0,0.0
2026-05-26 00:00:00+09:00,108974.12488849241,109653.99910793934,108391.3755575379,108877.0,4966,0.0,0.0
2026-05-27 00:00:00+09:00,109459.74899373882,109751.12365831842,108100.00055903399,108585.625,7197,0.0,0.0
2026-05-28 00:00:00+09:00,108002.87578194817,108682.75,106934.50201072387,108682.75,9097,0.0,0.0
2026-05-29 00:00:00+09:00,109265.49944196429,109459.74921875,107711.50122767857,108779.875,6888,0.0,0.0
2026-06-01 00:00:00+09:00,108876.99943996416,109071.24921594982,107808.62567204301,108391.375,4972,0.0,0.0
2026-06-02 00:00:00+09:00,107225.87443130118,107517.2490900819,106351.75045495905,106740.25,5945,0.0,0.0
2026-06-03 00:00:00+09:00,106934.49954421149,107517.24886052872,106157.50045578853,106546.0,5585,0.0,0.0
2026-06-04 00:00:00+09:00,105963.24942449355,106157.49919429097,104894.87569060773,105477.625,4087,0.0,0.0
2026-06-05 00:00:00+09:00,105574.74953831948,107031.62280701754,104700.62557710064,105186.25,4652,0.0,0.0
2026-06-08 00:00:00+09:00,104894.87591911764,105671.875,104312.12660845587,105671.875,4072,0.0,0.0
2026-06-09 00:00:00+09:00,105671.8745387454,106060.37407749078,104797.75057656827,105283.375,3407,0.0,0.0
2026-06-10 00:00:00+09:00,105380.49942129629,105574.74918981481,104312.12569444445,104894.875,4905,0.0,0.0
2026-06-11 00:00:00+09:00,104894.874884152,105477.62418906395,104020.75092678407,104797.75,4118,0.0,0.0
2026-06-12 00:00:00+09:00,105866.12613636364,107225.87454545454,105186.25193181819,106837.375,7090,0.0,0.0
2026-06-15 00:00:00+09:00,107808.62420670898,108488.49841341795,106837.37533998187,107128.75,3475,0.0,0.0
2026-06-16 00:00:00+09:00,107322.9969879518,107322.9969879518,104700.625115848,104797.75,3402,0.0,0.0
2026-06-17 00:00:00+09:00,105574.74895640074,105768.9987244898,104312.1254638219,104700.625,4028,0.0,0.0
2026-06-18 00:00:00+09:00,104409.24929840972,104700.62394761459,103243.75070159027,103826.5,3802,0.0,0.0
2026-06-19 00:00:00+09:00,104215.00172334559,105671.875,103729.37729779411,105671.875,10814,0.0,0.0
2026-06-22 00:00:00+09:00,105186.2498844732,105477.62453789279,104117.87615526802,105089.125,4299,0.0,0.0
2026-06-23 00:00:00+09:00,105574.75045829514,106060.37488542621,104992.00114573786,105963.25,5327,0.0,0.0
2026-06-24 00:00:00+09:00,106351.75034153005,106643.125,105671.87613843351,106643.125,3401,0.0,0.0
2026-06-25 00:00:00+09:00,107128.74908675799,107420.12374429223,105866.12557077625,106351.75,4107,0.0,0.0
2026-06-26 00:00:00+09:00,106740.25135013502,107905.75,105769.00247524753,107905.75,4785,0.0,0.0
2026-06-29 00:00:00+09:00,107905.74875,108197.12340909091,106254.62568181819,106837.375,5201,0.0,0.0
2026-06-30 00:00:00+09:00,107322.99851190476,107322.99851190476,106060.375,106060.375,3196,0.0,0.0
2026-07-01 00:00:00+09:00,106351.75011405109,106448.875,105477.62614051094,106448.875,4089,0.0,0.0
2026-07-02 00:00:00+09:00,106837.37567811935,108002.87432188066,106643.12590415914,107420.125,4772,0.0,0.0
2026-07-03 00:00:00+09:00,107614.37633928572,109362.62433035714,107614.37633928572,108779.875,3519,0.0,0.0
2026-07-06 00:00:00+09:00,108877.00121466431,110042.49988957596,108488.50165636041,109945.375,3230,0.0,0.0
2026-07-07 00:00:00+09:00,109945.37511032657,111013.74889673434,109654.00044130627,110042.5,3712,0.0,0.0
2026-07-08 00:00:00+09:00,110042.4987745098,110139.62366310159,108974.125,108974.125,2306,0.0,0.0
2026-07-09 00:00:00+09:00,108779.87455197133,108974.12432795699,108002.87544802867,108391.375,2308,0.0,0.0
2026-07-10 00:00:00+09:00,108488.4992117117,108488.4992117117,107808.625,107808.625,2097,0.0,0.0
2026-07-13 00:00:00+09:00,108585.62387184116,108974.12342057763,107614.375,107614.375,2501,0.0,0.0
2026-07-14 00:00:00+09:00,107711.50067264574,108488.49977578474,107711.50067264574,108294.25,1933,0.0,0.0
2026-07-15 00:00:00+09:00,108779.87533392698,109362.62466607301,108585.62555654497,109071.25,3409,0.0,0.0
2026-07-16 00:00:00+09:00,109168.37353735373,109362.62331233124,107614.37533753375,107905.75,3153,0.0,0.0
2026-07-17 00:00:00+09:00,107517.25,108294.24909665764,107420.1251129178,107517.25,4850,0.0,0.0
2026-07-21 00:00:00+09:00,109265.50022182787,110042.49933451641,108779.87577639752,109459.75,4880,0.0,0.0
2026-07-22 00:00:00+09:00,109459.74966637012,109459.74966637012,108197.12611209965,109168.375,3094,0.0,0.0
2026-07-23 00:00:00+09:00,109071.24853603603,109362.6231981982,107517.25033783783,107808.625,2921,0.0,0.0
2026-07-24 00:00:00+09:00,107711.49966094033,107808.62454792044,107031.62545207958,107420.125,2924,0.0,0.0
2026-07-27 00:00:00+09:00,107905.7516651865,109362.625,107614.3769982238,109362.625,2559,0.0,0.0
2026-07-28 00:00:00+09:00,109459.74988898756,109945.3743339254,108779.8756660746,109362.625,1809,0.0,0.0
2026-07-29 00:00:00+09:00,109751.11961066464,111887.8670721112,109459.74495683101,111790.7421875,4582,0.0,0.0
2026-07-30 00:00:00+09:00,110528.11834440331,111790.74184042901,108974.1201954486,111499.3671875,5419,0.0,0.0
2026-07-31 00:00:00+09:00,110625.24787946428,110625.24787946428,108682.75011160715,108779.875,3481,0.0,0.0
2026-08-03 00:00:00+09:00,108682.7478409091,108682.7478409091,106837.375,106837.375,3823,0.0,0.0
2026-08-04 00:00:00+09:00,106837.37454379561,107225.87408759123,106254.62522810219,106448.875,2141,0.0,0.0
2026-08-05 00:00:00+09:00,106157.50034215327,106740.24965784671,105671.87591240875,106448.875,5098,0.0,0.0
2026-08-06 00:00:00+09:00,105963.24930875577,106643.12350230415,104700.62580645162,105380.5,3361,0.0,0.0
2026-08-07 00:00:00+09:00,105866.1241920591,106060.37396121884,104797.75046168052,105186.25,2740,0.0,0.0
2026-08-10 00:00:00+09:00,105283.37523020257,105574.7498848987,104312.12638121546,105477.625,2767,0.0,0.0
2026-08-12 00:00:00+09:00,105477.62453789279,105671.87430683919,104797.7503465804,105089.125,2569,0.0,0.0
2026-08-13 00:00:00+09:00,105768.99953917052,105866.12442396313,104700.62580645162,105380.5,2755,0.0,0.0
2026-08-14 00:00:00+09:00,105866.12545703839,106740.24942870201,105380.50102833638,106254.625,3077,0.0,0.0
2026-08-17 00:00:00+09:00,106643.1247718978,107031.62431569342,106448.875,106448.875,2958,0.0,0.0
2026-08-18 00:00:00+09:00,106740.2502270663,106934.5,105574.75158946411,106934.5,3964,0.0,0.0
2026-08-19 00:00:00+09:00,106934.5,107808.62397820163,106254.62579473206,106934.5,4042,0.0,0.0
2026-08-20 00:00:00+09:00,108099.9997749775,108197.12466246625,107420.12556255626,107905.75,3938,0.0,0.0
2026-08-21 00:00:00+09:00,108002.87443541102,108002.87443541102,107323.0002258356,107517.25,3070,0.0,0.0
2026-08-24 00:00:00+09:00,108100.00078125,108779.875,107711.50122767857,108779.875,3965,0.0,0.0
2026-08-25 00:00:00+09:00,108682.75044523597,109653.99933214604,108682.75044523597,109071.25,3224,0.0,0.0
2026-08-26 00:00:00+09:00,109556.875,110139.62433510639,109265.50033244681,109556.875,3729,0.0,0.0
2026-08-27 00:00:00+09:00,110042.50022026432,110625.24955947137,109654.00066079295,110236.75,3839,0.0,0.0
2026-08-28 00:00:00+09:00,109751.12433274022,109945.37411032029,108877.0003336299,109168.375,5493,0.0,0.0
2026-08-31 00:00:00+09:00,109556.87421944692,109751.12399643175,108682.75022301516,108877.0,5504,0.0,0.0
2026-09-01 00:00:00+09:00,108877.00022261798,109459.74955476401,108391.37577916295,109071.25,5648,0.0,0.0
2026-09-02 00:00:00+09:00,108585.62477598566,108876.99943996416,107614.37589605735,108391.375,7044,0.0,0.0
2026-09-03 00:00:00+09:00,108682.74932614555,109265.4986522911,108002.87511230908,108100.0,5287,0.0,0.0
2026-09-04 00:00:00+09:00,108099.99966216215,108488.4992117117,107808.625,107808.625,4106,0.0,0.0
2026-09-07 00:00:00+09:00,107905.75,108488.49932493249,107420.12556255626,107905.75,4430,0.0,0.0
2026-09-08 00:00:00+09:00,107905.75011241007,108876.99898830935,107323.0007868705,108002.875,5816,0.0,0.0
2026-09-09 00:00:00+09:00,108100.0,108682.74932614555,107808.62533692723,108100.0,4587,0.0,0.0
2026-09-10 00:00:00+09:00,108197.12522401434,108682.7496639785,107808.62567204301,108391.375,3402,0.0,0.0
2026-09-11 00:00:00+09:00,109168.37319494585,109168.37319494585,106934.5007897112,107614.375,9443,0.0,0.0
2026-09-14 00:00:00+09:00,107517.25111906893,108974.12444046553,107517.25111906893,108488.5,3864,0.0,0.0
2026-09-15 00:00:00+09:00,108488.49988799283,108779.87455197133,108100.0003360215,108391.375,5252,0.0,0.0
2026-09-16 00:00:00+09:00,108391.37511190689,108876.99955237242,108197.12533572067,108488.5,4101,0.0,0.0
2026-09-17 00:00:00+09:00,108877.0,109265.49955396967,108585.62533452275,108877.0,4521,0.0,0.0
2026-09-18 00:00:00+09:00,109168.37421665175,109168.37421665175,108294.25022381378,108488.5,6561,0.0,0.0
2026-09-24 00:00:00+09:00,108585.625,109168.37432915921,108100.00055903399,108585.625,6331,0.0,0.0
2026-09-25 00:00:00+09:00,108974.12376237624,109071.248649865,107905.75,107905.75,9542,0.0,0.0
2026-09-28 00:00:00+09:00,108391.37466307278,108585.62443845463,108002.87511230908,108100.0,9864,0.0,0.0
2026-09-29 00:00:00+09:00,107500.0,107500.0,105700.0,106100.0,15509,3200.0,0.0
2026-09-30 00:00:00+09:00,106000.0,107900.0,106000.0,107300.0,7918,0.0,0.0
2026-10-01 00:00:00+09:00,107300.0,108100.0,107100.0,107400.0,7370,0.0,0.0
2026-10-02 00:00:00+09:00,107400.0,108700.0,107300.0,107800.0,7292,0.0,0.0
2026-10-05 00:00:00+09:00,107700.0,108300.0,105900.0,105900.0,9121,0.0,0.0
2026-10-06 00:00:00+09:00,106000.0,107300.0,105500.0,106900.0,6803,0.0,0.0
2026-10-07 00:00:00+09:00,106800.0,107300.0,106300.0,106800.0,2906,0.0,0.0
