Date,Open,High,Low,Close,Volume,Dividends,Stock Splits
2021-09-29 00:00:00+09:00,119435.66302978354,119908.67555663416,118647.30881836583,119277.9921875,6117,0.0,0.0
2021-09-30 00:00:00+09:00,121406.52198690317,121406.52198690317,118489.61204306199,118883.7890625,8847,0.0,0.0
2021-10-01 00:00:00+09:00,119514.50087937542,119593.33630211909,114705.5400920127,114863.2109375,11049,0.0,0.0
2021-10-04 00:00:00+09:00,116676.40239197531,117858.93349729938,114626.68180941358,114942.0234375,11836,0.0,0.0
2021-10-05 00:00:00+09:00,115020.87397061373,115415.05105755894,112498.14061416435,113680.671875,23279,0.0,0.0
2021-10-06 00:00:00+09:00,115020.89171267668,115809.24600817137,110133.09508060954,111552.1328125,19110,0.0,0.0
2021-10-07 00:00:00+09:00,112419.30831297976,113601.83960659456,111315.6124389393,112971.15625,13697,0.0,0.0
2021-10-08 00:00:00+09:00,113759.49887140603,114232.5113407258,112340.4614634467,112419.296875,13744,0.0,0.0
2021-10-11 00:00:00+09:00,112182.80102419636,113128.82605040183,111236.77599799092,112813.484375,16174,0.0,0.0
2021-10-12 00:00:00+09:00,112419.30684792419,112971.15477775272,109029.38385040614,109187.0546875,34602,0.0,0.0
2021-10-13 00:00:00+09:00,109423.56866071429,112025.13765625001,109423.56866071429,110369.59375,22395,0.0,0.0
2021-10-14 00:00:00+09:00,110369.58228643215,111709.78435705313,109738.89895908113,109817.734375,15407,0.0,0.0
2021-10-15 00:00:00+09:00,111079.10001759324,112340.46666080225,111000.26460239268,112025.125,14966,0.0,0.0
2021-10-18 00:00:00+09:00,112498.14373255409,113049.99166957432,111079.10618021633,112971.15625,17821,0.0,0.0
2021-10-19 00:00:00+09:00,112971.16200686668,113601.84539560006,110842.60556989153,112655.8203125,23570,0.0,0.0
2021-10-20 00:00:00+09:00,111630.95411723657,113207.66250872296,111473.28327808793,112971.15625,12236,0.0,0.0
2021-10-21 00:00:00+09:00,112103.97132314295,113601.84435769971,112103.97132314295,112498.1484375,11165,0.0,0.0
2021-10-22 00:00:00+09:00,112813.4912648073,112892.32668847243,110842.60567317893,111473.2890625,11762,0.0,0.0
2021-10-25 00:00:00+09:00,111079.10516029001,113286.49688810273,111079.10516029001,112813.484375,10622,0.0,0.0
2021-10-26 00:00:00+09:00,113286.50627615063,113996.02510460251,112734.65829846583,113050.0,9881,0.0,0.0
2021-10-27 00:00:00+09:00,113838.3469076655,114074.85316855401,112182.80308144599,113128.828125,13577,0.0,0.0
2021-10-28 00:00:00+09:00,112813.49437169894,113207.67150088027,111552.12755831867,111946.3046875,10561,0.0,0.0
2021-10-29 00:00:00+09:00,111552.12755831867,112813.49437169894,110921.44415162852,111946.3046875,15090,0.0,0.0
2021-11-01 00:00:00+09:00,111946.31527039007,112340.4924368351,111079.125504211,111157.9609375,8795,0.0,0.0
2021-11-02 00:00:00+09:00,111079.10878755272,112813.48805889847,111079.10878755272,112182.8046875,12885,0.0,0.0
2021-11-04 00:00:00+09:00,113365.33391693093,113523.00475687103,111394.4484176797,111867.4609375,9242,0.0,0.0
2021-11-05 00:00:00+09:00,112261.64062500001,112655.8177339361,111236.78014176615,112261.640625,10309,0.0,0.0
2021-11-08 00:00:00+09:00,112103.9692660752,113049.99432317288,111946.29842322558,112182.8046875,9957,0.0,0.0
2021-11-09 00:00:00+09:00,112498.15112252999,112734.65739678899,111473.290600741,111709.796875,9898,0.0,0.0
2021-11-10 00:00:00+09:00,111946.31502192983,112655.83391995615,111236.79612390352,112340.4921875,15257,0.0,0.0
2021-11-11 00:00:00+09:00,112419.30985593663,113365.33490381268,112340.4744352803,113207.6640625,16417,0.0,0.0
2021-11-12 00:00:00+09:00,113207.67683303886,114547.87913537984,110763.7785170053,111552.1328125,33879,0.0,0.0
2021-11-15 00:00:00+09:00,111315.60466411262,111867.4525625891,110211.90886715965,110606.0859375,16587,0.0,0.0
2021-11-16 00:00:00+09:00,110921.42759377227,111000.26300784033,110054.23803902352,110606.0859375,16165,0.0,0.0
2021-11-17 00:00:00+09:00,110369.58852313166,110842.60104537367,109896.57600088968,110763.765625,15500,0.0,0.0
2021-11-18 00:00:00+09:00,110606.10632158197,110842.61260737295,109265.90403543308,110133.09375,11319,0.0,0.0
2021-11-19 00:00:00+09:00,109265.88698215566,110763.75989172346,109265.88698215566,109896.5703125,18308,0.0,0.0
2021-11-22 00:00:00+09:00,110527.26511197358,110527.26511197358,109423.56916934332,110448.4296875,16451,0.0,0.0
2021-11-24 00:00:00+09:00,110054.25295518701,111867.467724506,109896.58210568102,111709.796875,25390,0.0,0.0
2021-11-25 00:00:00+09:00,111946.29626035196,114469.02969720497,111788.62542054865,114232.5234375,25690,0.0,0.0
2021-11-26 00:00:00+09:00,114232.52774067098,114390.1985864138,111315.61709442886,112498.1484375,47070,0.0,0.0
2021-11-29 00:00:00+09:00,110402.90776877762,112336.97330633285,107743.56765463918,109435.875,44222,3100.0,0.0
2021-11-30 00:00:00+09:00,110161.14643304807,116527.44531250001,110161.14643304807,116527.4453125,256103,0.0,0.0
2021-12-01 00:00:00+09:00,115721.58055261298,116608.02720030013,113142.8266684322,114109.859375,54581,0.0,0.0
2021-12-02 00:00:00+09:00,114109.8696313529,115238.07455708661,112417.56224275233,112578.734375,16863,0.0,0.0
2021-12-03 00:00:00+09:00,112578.73121593705,115479.8295149877,112578.73121593705,114593.3828125,14468,0.0,0.0
2021-12-06 00:00:00+09:00,114109.86072064057,115479.8237377669,112981.65588300712,113223.4140625,10529,0.0,0.0
2021-12-07 00:00:00+09:00,113303.98988648316,115157.46909515253,113303.98988648316,114915.7109375,11391,0.0,0.0
2021-12-08 00:00:00+09:00,114835.13197232892,116043.92283519554,114754.54591480448,115399.234375,13437,0.0,0.0
2021-12-09 00:00:00+09:00,114351.61503457725,116043.92223382046,114109.85686325679,115802.1640625,18323,0.0,0.0
2021-12-10 00:00:00+09:00,115802.17377043776,115882.75983430028,113626.35004614979,114593.3828125,15304,0.0,0.0
2021-12-13 00:00:00+09:00,114271.03247070312,114835.13488769531,113303.99975585938,113465.171875,7205,0.0,0.0
2021-12-14 00:00:00+09:00,112901.07292798912,113223.41717617754,110967.0074388587,111208.765625,13983,0.0,0.0
2021-12-15 00:00:00+09:00,111772.8744832854,112175.80481667865,110886.42774982027,112095.21875,8201,0.0,0.0
2021-12-16 00:00:00+09:00,112014.62549603175,112175.79761904763,111208.76488095238,111692.28125,6558,0.0,0.0
2021-12-17 00:00:00+09:00,111208.77830777461,113062.25794623751,110967.02009406206,112981.671875,24168,0.0,0.0
2021-12-20 00:00:00+09:00,112256.38633814103,112659.31665521978,109919.39049908426,109999.9765625,15598,0.0,0.0
2021-12-21 00:00:00+09:00,109838.7983322539,110483.48680375647,108468.83533031087,108871.765625,10103,0.0,0.0
2021-12-22 00:00:00+09:00,108791.17980911786,109274.69616382505,108146.49133617493,108710.59375,6378,0.0,0.0
2021-12-23 00:00:00+09:00,108791.18724574705,109274.70363350592,108549.42905186761,108952.359375,3771,0.0,0.0
2021-12-24 00:00:00+09:00,109194.11820828693,109194.11820828693,108227.08542710653,108549.4296875,5703,0.0,0.0
2021-12-27 00:00:00+09:00,108630.00854601341,108710.59460576565,107260.04553022541,108146.4921875,4722,0.0,0.0
2021-12-28 00:00:00+09:00,108710.61044696122,108952.36866144667,107985.33580350484,108065.921875,5215,0.0,0.0
2021-12-29 00:00:00+09:00,108549.41959301794,110241.72680270864,108388.2474778093,110080.5546875,8818,0.0,0.0
2021-12-30 00:00:00+09:00,109919.39215051776,110483.49460290311,108952.359375,108952.359375,5850,0.0,0.0
2022-01-04 00:00:00+09:00,110805.8345734127,111772.86731150794,108791.18303571429,111692.28125,9522,0.0,0.0
2022-01-05 00:00:00+09:00,112417.56564551422,113062.25419401895,110402.9139314369,110483.5,11433,0.0,0.0
2022-01-06 00:00:00+09:00,110644.6507471822,110886.40890613451,108871.75758153178,109032.9296875,7817,0.0,0.0
2022-01-07 00:00:00+09:00,108871.76465921634,110322.31370722958,108710.59254277042,109516.453125,8568,0.0,0.0
2022-01-11 00:00:00+09:00,111047.5950063962,111208.76713267544,109355.28768046417,110241.734375,8591,0.0,0.0
2022-01-12 00:00:00+09:00,109758.21626266281,111934.03993306802,109758.21626266281,111369.9375,8087,0.0,0.0
2022-01-13 00:00:00+09:00,111934.0395588899,112659.31411326714,111531.10925090253,111611.6953125,6349,0.0,0.0
2022-01-14 00:00:00+09:00,112498.13375810519,113062.23614800973,111611.68714539806,111853.4453125,12863,0.0,0.0
2022-01-17 00:00:00+09:00,111934.03993306802,112981.6587373372,110886.42112879884,111369.9375,9668,0.0,0.0
2022-01-18 00:00:00+09:00,111853.46329835766,111853.46329835766,109919.39765054744,110402.9140625,8040,0.0,0.0
2022-01-19 00:00:00+09:00,111531.1089973565,112336.96961149924,106615.35925108573,106695.9453125,21044,0.0,0.0
2022-01-20 00:00:00+09:00,106131.85905309033,106776.54764263074,101538.4528526149,101699.625,26055,0.0,0.0
2022-01-21 00:00:00+09:00,101135.50500048905,103472.50073356807,97267.37413194444,102988.984375,25318,0.0,0.0
2022-01-24 00:00:00+09:00,103391.92098473838,104600.71195494187,101296.68330305233,103956.0234375,12416,0.0,0.0
2022-01-25 00:00:00+09:00,104036.60874204282,105970.67428023726,103472.50629340278,104439.5390625,18367,0.0,0.0
2022-01-26 00:00:00+09:00,105567.73911516854,107824.14880617977,104681.2924508427,107582.390625,13713,0.0,0.0
2022-01-27 00:00:00+09:00,107582.40544602908,108227.0940179903,104842.47901519388,108065.921875,17500,0.0,0.0
2022-01-28 00:00:00+09:00,107582.3890427949,109274.69628616469,106293.01209546551,108630.0078125,13619,0.0,0.0
2022-01-31 00:00:00+09:00,110644.66634571033,110805.83847440037,108468.84260839483,109194.1171875,11342,0.0,0.0
2022-02-01 00:00:00+09:00,109597.04377836612,110161.14620957829,105809.49888308434,106534.7734375,13096,0.0,0.0
2022-02-02 00:00:00+09:00,106937.70349674282,107340.6338038142,106373.6010668429,106695.9453125,6978,0.0,0.0
2022-02-03 00:00:00+09:00,106776.53650673792,108871.77420422863,106373.6061802974,108388.2578125,6170,0.0,0.0
2022-02-04 00:00:00+09:00,108388.24478576152,109516.44956420068,106615.3515625,106615.3515625,9216,0.0,0.0
2022-02-07 00:00:00+09:00,106615.35287252287,106857.11104230184,105245.38991044209,105728.90625,7366,0.0,0.0
2022-02-08 00:00:00+09:00,105728.92279693487,106937.71383500959,104842.47603568008,105164.8203125,9679,0.0,0.0
2022-02-09 00:00:00+09:00,104761.87959558822,107421.21961609162,103794.84686085972,106857.1171875,8826,0.0,0.0
2022-02-10 00:00:00+09:00,107179.46708628071,108468.84413393523,106373.60643149665,108227.0859375,11611,0.0,0.0
2022-02-14 00:00:00+09:00,105970.6637068475,106937.69637945751,105567.73342659332,106212.421875,6392,0.0,0.0
2022-02-15 00:00:00+09:00,107018.29221028395,107018.29221028395,104520.12424453185,105003.640625,11739,0.0,0.0
2022-02-16 00:00:00+09:00,105809.49645468517,108307.66430700448,105809.49645468517,108146.4921875,9398,0.0,0.0
2022-02-17 00:00:00+09:00,109758.2206639755,109758.2206639755,107260.05264592613,108549.4296875,5938,0.0,0.0
2022-02-18 00:00:00+09:00,108227.0771534974,109274.69591968913,107179.4583873057,108871.765625,5979,0.0,0.0
2022-02-21 00:00:00+09:00,108791.18041992188,109274.69677734375,107904.73376464844,108307.6640625,4627,0.0,0.0
2022-02-22 00:00:00+09:00,106534.77306603774,107179.46155660378,104197.77728773585,106776.53125,11598,0.0,0.0
2022-02-24 00:00:00+09:00,107018.29055851065,107985.32330452128,104439.53656914894,106051.2578125,16869,0.0,0.0
2022-02-25 00:00:00+09:00,105487.15625,106212.43081550802,104439.53743315508,105487.15625,8419,0.0,0.0
2022-02-28 00:00:00+09:00,105970.671875,106373.6021863118,105003.63912785171,105970.671875,11938,0.0,0.0
2022-03-01 00:00:00+09:00,106534.77995964715,107662.98489114114,106051.26356043543,107340.640625,7810,0.0,0.0
2022-03-02 00:00:00+09:00,107179.46205526116,107501.8063020439,106051.25719152157,106454.1875,8696,0.0,0.0
2022-03-03 00:00:00+09:00,107098.87840221774,107340.63659274194,104923.0546875,104923.0546875,10335,0.0,0.0
2022-03-04 00:00:00+09:00,105164.80528846153,105325.97740384615,103714.25624999999,104761.875,11478,0.0,0.0
2022-03-07 00:00:00+09:00,104278.36270471587,104439.53482636149,101699.60875838596,102102.5390625,11718,0.0,0.0
2022-03-08 00:00:00+09:00,101860.79935794542,102344.3158105939,100087.90569823435,100410.25,10946,0.0,0.0
2022-03-09 00:00:00+09:00,100651.99344859767,102263.71472079298,99523.78855806094,99846.1328125,10147,0.0,0.0
2022-03-10 00:00:00+09:00,102263.71069163061,103230.74341684698,101377.26402684895,102424.8828125,8319,0.0,0.0
2022-03-11 00:00:00+09:00,102021.96237549801,103633.68374003984,101054.92955677291,101135.515625,10402,0.0,0.0
2022-03-14 00:00:00+09:00,101296.68881565757,101860.79129911787,100410.24205593424,100490.828125,11726,0.0,0.0
2022-03-15 00:00:00+09:00,100893.74398746969,100974.33004496766,99040.26466501616,99684.953125,8825,0.0,0.0
2022-03-16 00:00:00+09:00,100007.3076255864,103794.85271696639,99684.96336249023,103069.578125,12720,0.0,0.0
2022-03-17 00:00:00+09:00,103875.43598674097,105406.57119523443,103553.09173232129,104842.46875,6530,0.0,0.0
2022-03-18 00:00:00+09:00,105970.67051399886,107501.805677319,105648.32626908936,106857.1171875,10252,0.0,0.0
2022-03-22 00:00:00+09:00,106695.94882179676,109758.21925625921,105648.32998895434,109435.875,7801,0.0,0.0
2022-03-23 00:00:00+09:00,110725.24498056994,111047.58921632124,108065.90503562176,108871.765625,6818,0.0,0.0
2022-03-24 00:00:00+09:00,108468.84173091043,109758.21875,107582.39503028635,109758.21875,7794,0.0,0.0
2022-03-25 00:00:00+09:00,109597.04015544041,109597.04015544041,108388.24927137306,108871.765625,6292,0.0,0.0
2022-03-28 00:00:00+09:00,110322.31747261135,112498.14111889368,109677.628984824,112175.796875,8449,0.0,0.0
2022-03-29 00:00:00+09:00,113223.4189808736,115399.24269082633,112659.31653755253,115076.8984375,9481,0.0,0.0
2022-03-30 00:00:00+09:00,117091.54544187189,117413.8896825928,111531.10728943613,112901.0703125,9225,0.0,0.0
2022-03-31 00:00:00+09:00,112498.1392812722,114754.54895167022,112175.79504264392,113384.5859375,10687,0.0,0.0
2022-04-01 00:00:00+09:00,113384.57593903401,115318.6412002542,112014.6130456697,114915.7109375,10092,0.0,0.0
2022-04-04 00:00:00+09:00,117172.1206438729,117172.1206438729,112901.05985011412,114754.5390625,9530,0.0,0.0
2022-04-05 00:00:00+09:00,114835.15488893728,116205.11814024391,114432.22452090593,115641.015625,4449,0.0,0.0
2022-04-06 00:00:00+09:00,115560.40843485169,116043.92478813558,113626.3430217161,114109.859375,7106,0.0,0.0
2022-04-07 00:00:00+09:00,114029.27690721881,114029.27690721881,111208.76475757029,111772.8671875,8304,0.0,0.0
2022-04-08 00:00:00+09:00,113062.24530569666,113304.00349238026,110967.00768777213,111047.59375,8716,0.0,0.0
2022-04-11 00:00:00+09:00,111611.70170912429,113304.00909965974,111047.59924561247,112498.1484375,4401,0.0,0.0
2022-04-12 00:00:00+09:00,113948.69775985663,114109.86989247313,112175.80430107527,112417.5625,5138,0.0,0.0
2022-04-13 00:00:00+09:00,113142.82998110152,113223.41604234162,111692.2808787797,111934.0390625,6960,0.0,0.0
2022-04-14 00:00:00+09:00,112498.1390392122,113626.34387198367,111853.45056334279,113545.7578125,4559,0.0,0.0
2022-04-15 00:00:00+09:00,114109.8833657932,114835.15804820291,113384.6086833835,113787.5390625,4425,0.0,0.0
2022-04-18 00:00:00+09:00,113868.11745326896,114190.46173480687,113142.84281980865,113706.9453125,2388,0.0,0.0
2022-04-19 00:00:00+09:00,113303.99975585938,113948.68823242188,112417.55310058594,113465.171875,7543,0.0,0.0
2022-04-20 00:00:00+09:00,113706.9529866767,114673.9858965563,112578.7479251505,113787.5390625,7055,0.0,0.0
2022-04-21 00:00:00+09:00,113948.68569585374,115882.75108248775,113868.09963807733,115157.4765625,7088,0.0,0.0
2022-04-22 00:00:00+09:00,115802.17916702811,116446.8677079719,114754.56028799445,116124.5234375,6317,0.0,0.0
2022-04-25 00:00:00+09:00,116930.375,117252.71924534804,115802.17014128188,116930.375,6474,0.0,0.0
2022-04-26 00:00:00+09:00,117010.9703125,117091.55638020833,115560.42109375,116043.9375,14054,0.0,0.0
2022-04-27 00:00:00+09:00,115963.35091326178,116930.38372143352,115560.42057652354,116366.28125,6949,0.0,0.0
2022-04-28 00:00:00+09:00,116205.09629002462,116446.85446538529,114271.03088713934,114512.7890625,16507,0.0,0.0
2022-05-02 00:00:00+09:00,112095.2047438063,117252.71236681392,112095.2047438063,116285.6796875,11774,0.0,0.0
2022-05-06 00:00:00+09:00,115560.41269463669,117010.96180795849,115076.89632352942,116446.859375,12406,0.0,0.0
2022-05-09 00:00:00+09:00,115963.34412539171,117091.5490022197,115479.82774960829,115721.5859375,9598,0.0,0.0
2022-05-10 00:00:00+09:00,116285.69002547435,116285.69002547435,114271.03843113141,114673.96875,10240,0.0,0.0
2022-05-11 00:00:00+09:00,113465.17285714285,114915.72194196428,112014.62377232143,112820.484375,14476,0.0,0.0
2022-05-12 00:00:00+09:00,112175.81010638298,114432.22007978724,111772.87975398936,113626.359375,11521,0.0,0.0
2022-05-13 00:00:00+09:00,115238.07682291666,116769.212109375,114351.630078125,116043.9375,8951,0.0,0.0
2022-05-16 00:00:00+09:00,116608.0246335682,117575.05731885004,114432.20109168407,115802.1640625,10392,0.0,0.0
2022-05-17 00:00:00+09:00,116527.4523502066,117010.96875,114835.14495092975,117010.96875,5054,0.0,0.0
2022-05-18 00:00:00+09:00,117575.06903612151,118783.86001318923,116769.20838474302,118380.9296875,10762,0.0,0.0
2022-05-19 00:00:00+09:00,117091.54601348459,118380.92298266267,116608.02965004281,117655.6484375,6212,0.0,0.0
2022-05-20 00:00:00+09:00,118542.10284586756,118622.68891170432,117091.55366080596,117736.2421875,10464,0.0,0.0
2022-05-23 00:00:00+09:00,117897.40563798534,118703.26623701464,117575.06139837364,118300.3359375,8823,0.0,0.0
2022-05-24 00:00:00+09:00,118058.58061202423,118219.75273572665,115882.75694204152,116446.859375,10493,0.0,0.0
2022-05-25 00:00:00+09:00,116527.42689921822,118703.25022306254,116124.49665406186,118542.078125,11520,0.0,0.0
2022-05-26 00:00:00+09:00,119347.97533557047,121926.72969798658,118461.52852348993,120073.25,12167,0.0,0.0
2022-05-27 00:00:00+09:00,119267.36743064952,120073.22802139715,117816.81836730379,119106.1953125,30357,0.0,0.0
2022-05-30 00:00:00+09:00,119774.63965246732,120268.55569227131,118786.80757285935,119692.3203125,10803,3112.0,0.0
2022-05-31 00:00:00+09:00,119198.38860396385,119856.94323713491,117963.59866676808,118375.1953125,23630,0.0,0.0
2022-06-01 00:00:00+09:00,117798.96394396553,119774.62790948276,117798.96394396553,119363.03125,9598,0.0,0.0
2022-06-02 00:00:00+09:00,119280.7099984976,120268.54196535886,118457.51669277987,119856.9453125,7451,0.0,0.0
2022-06-03 00:00:00+09:00,119856.95020533881,120762.46287859343,119527.67286960986,120268.546875,7315,0.0,0.0
2022-06-06 00:00:00+09:00,120680.1445259063,121174.06053351573,119527.67384148427,120350.8671875,6027,0.0,0.0
2022-06-07 00:00:00+09:00,120268.53331598402,121091.72656249999,120186.21399133242,121091.7265625,4190,0.0,0.0
2022-06-08 00:00:00+09:00,121338.7148809524,121338.7148809524,120597.84077380953,121009.4375,5260,0.0,0.0
2022-06-09 00:00:00+09:00,120927.10740995762,121750.30078919491,120680.14939618643,121421.0234375,6464,0.0,0.0
2022-06-10 00:00:00+09:00,121174.0625,121503.33984375,120433.1884765625,120515.5078125,9554,0.0,0.0
2022-06-13 00:00:00+09:00,120515.49991367402,120597.81924421615,119033.75196391574,119198.390625,5867,0.0,0.0
2022-06-14 00:00:00+09:00,118292.88473333034,118786.80074474298,114341.55664202911,114506.1953125,11930,0.0,0.0
2022-06-15 00:00:00+09:00,114506.19427662036,115494.02629050925,110472.54688657407,111131.1015625,15185,0.0,0.0
2022-06-16 00:00:00+09:00,112365.90406586022,115494.03912410395,112201.26537858424,114835.484375,10569,0.0,0.0
2022-06-17 00:00:00+09:00,113436.05535368217,117469.70318556202,112695.18126211241,116811.1484375,16703,0.0,0.0
2022-06-20 00:00:00+09:00,116811.13967212017,117140.41702144258,114423.8788895328,115411.7109375,5718,0.0,0.0
2022-06-21 00:00:00+09:00,116728.79973903042,116728.79973903042,115411.69057413304,116317.203125,5139,0.0,0.0
2022-06-22 00:00:00+09:00,117798.95685130227,117798.95685130227,115740.97367779943,116152.5703125,8408,0.0,0.0
2022-06-23 00:00:00+09:00,116152.5869335381,118539.84775641025,115082.43553018162,115576.3515625,12251,0.0,0.0
2022-06-24 00:00:00+09:00,115905.63965884862,116564.19442963753,115329.40423440831,115823.3203125,6061,0.0,0.0
2022-06-27 00:00:00+09:00,116975.77832444465,117552.01368564881,116152.58495129584,116728.8203125,8751,0.0,0.0
2022-06-28 00:00:00+09:00,116893.45896530683,119116.08107239364,116728.82029070781,118045.9296875,14152,0.0,0.0
2022-06-29 00:00:00+09:00,117881.2793376217,118622.15329993915,117140.40537530424,118375.1953125,10079,0.0,0.0
2022-06-30 00:00:00+09:00,118292.88475601721,118539.84276177091,116811.13672149509,117140.4140625,6759,0.0,0.0
2022-07-01 00:00:00+09:00,117798.95973041846,117963.5983883226,114176.90925652717,115082.421875,6586,0.0,0.0
2022-07-04 00:00:00+09:00,116070.2617242751,116811.13573528112,114835.47170593175,116399.5390625,4694,0.0,0.0
2022-07-05 00:00:00+09:00,116317.21972794377,116811.13573528112,115411.70704782532,116399.5390625,4996,0.0,0.0
2022-07-06 00:00:00+09:00,116234.89541457286,116234.89541457286,114423.87013190956,114670.828125,5733,0.0,0.0
2022-07-07 00:00:00+09:00,114506.19433453237,115329.38767985611,113600.68165467626,114423.875,6966,0.0,0.0
2022-07-08 00:00:00+09:00,114259.23828125,114341.5576171875,112448.212890625,112612.8515625,8238,0.0,0.0
2022-07-11 00:00:00+09:00,113765.33665378465,115905.63965884862,113683.01730743604,115823.3203125,4346,0.0,0.0
2022-07-12 00:00:00+09:00,116399.52532404118,116399.52532404118,114506.18085271661,115905.609375,5501,0.0,0.0
2022-07-13 00:00:00+09:00,115987.94139790925,116481.85740102314,115494.02539479538,115658.6640625,5440,0.0,0.0
2022-07-14 00:00:00+09:00,115247.06053290414,115658.65717766451,114176.90925652717,115082.421875,3196,0.0,0.0
2022-07-15 00:00:00+09:00,114917.78603848946,115164.74403140886,113106.7607570806,113353.71875,8037,0.0,0.0
2022-07-19 00:00:00+09:00,114835.4755761858,115494.0302748306,114012.28220287981,115411.7109375,8997,0.0,0.0
2022-07-20 00:00:00+09:00,115658.67193124551,116152.58796796257,112448.2176925846,114341.5625,15083,0.0,0.0
2022-07-21 00:00:00+09:00,113682.99328281473,115247.06053290414,113271.39663805436,115082.421875,12833,0.0,0.0
2022-07-22 00:00:00+09:00,113929.96478810541,116152.5869335381,113929.96478810541,115576.3515625,10349,0.0,0.0
2022-07-25 00:00:00+09:00,115987.93937567592,116728.81336742971,114012.27539766583,114176.9140625,11141,0.0,0.0
2022-07-26 00:00:00+09:00,115658.65427877763,116234.88956699929,114835.46100988952,115494.015625,6386,0.0,0.0
2022-07-27 00:00:00+09:00,115905.62596491228,117881.29004385964,115494.02928179824,117305.0546875,11291,0.0,0.0
2022-07-28 00:00:00+09:00,116893.454120014,117798.96679277466,116646.49611835199,117634.328125,7574,0.0,0.0
2022-07-29 00:00:00+09:00,117716.64461206897,119856.94724137931,117222.72862068967,119363.03125,17400,0.0,0.0
2022-08-01 00:00:00+09:00,119527.67964492507,121256.38575549217,118869.12493613761,120844.7890625,11481,0.0,0.0
2022-08-02 00:00:00+09:00,121009.42088039014,121256.37888218685,119856.95020533881,120268.546875,9990,0.0,0.0
2022-08-03 00:00:00+09:00,120762.46386050787,121091.74119891417,118869.11916467169,120350.8671875,8146,0.0,0.0
2022-08-04 00:00:00+09:00,120844.77932072591,121421.01464446234,120680.14065680122,121338.6953125,6982,0.0,0.0
2022-08-05 00:00:00+09:00,120927.08782253931,121338.68444548872,119609.97862910117,120433.171875,7962,0.0,0.0
2022-08-08 00:00:00+09:00,120762.46679820819,121091.74414462456,120021.59276877133,120597.828125,3915,0.0,0.0
2022-08-09 00:00:00+09:00,120350.86620893223,120927.10154645791,119609.99220354209,120268.546875,7059,0.0,0.0
2022-08-10 00:00:00+09:00,120433.17963917526,120597.81829896907,119198.38969072164,119774.625,4546,0.0,0.0
2022-08-12 00:00:00+09:00,119939.2754027395,120433.19143047898,118951.44334726052,119445.359375,4198,0.0,0.0
2022-08-15 00:00:00+09:00,119774.63768193494,120597.83106806508,119527.6796660959,120186.234375,4221,0.0,0.0
2022-08-16 00:00:00+09:00,120103.90627662747,120762.4609375,119609.99028097307,120762.4609375,5627,0.0,0.0
2022-08-17 00:00:00+09:00,120927.10837991192,122326.5371358401,120680.15036415988,121503.34375,4570,0.0,0.0
2022-08-18 00:00:00+09:00,121421.0117896772,122902.7597301614,120844.7764794889,122408.84375,6076,0.0,0.0
2022-08-19 00:00:00+09:00,122408.84379703178,123396.67575773412,121914.9278166806,123067.3984375,6490,0.0,0.0
2022-08-22 00:00:00+09:00,121832.61226141786,121914.93159402693,120515.5029396728,120762.4609375,6970,0.0,0.0
2022-08-23 00:00:00+09:00,121009.423828125,121503.33984375,120186.23046875,120515.5078125,10279,0.0,0.0
2022-08-24 00:00:00+09:00,120515.5087883959,121503.34082764505,120350.8701151877,120597.828125,8394,0.0,0.0
2022-08-25 00:00:00+09:00,121009.43163001018,121914.94438370413,120844.79294752037,121174.0703125,5850,0.0,0.0
2022-08-26 00:00:00+09:00,121503.3292238781,123149.7157987274,121174.05190890824,122902.7578125,6470,0.0,0.0
2022-08-29 00:00:00+09:00,122079.56452507536,123314.35445621233,121750.2872101055,122902.7578125,7704,0.0,0.0
2022-08-30 00:00:00+09:00,122573.49605471353,123561.328125,121997.26068037975,123561.328125,6060,0.0,0.0
2022-08-31 00:00:00+09:00,123478.99006831984,123890.58670188091,121997.2421875,121997.2421875,15019,0.0,0.0
2022-09-01 00:00:00+09:00,121832.62302321669,122655.8164220222,120515.51358512785,122326.5390625,9037,0.0,0.0
2022-09-02 00:00:00+09:00,122655.81345897265,123972.9228652435,122491.1747831888,123396.6875,5576,0.0,0.0
2022-09-05 00:00:00+09:00,123972.9111618961,125454.65910407016,123890.59183177532,124384.5078125,6812,0.0,0.0
2022-09-06 00:00:00+09:00,124466.8349654378,125207.70898308921,123972.91895367019,125043.0703125,4066,0.0,0.0
2022-09-07 00:00:00+09:00,125783.9472836856,125948.58595814068,124384.51855081737,124631.4765625,7587,0.0,0.0
2022-09-08 00:00:00+09:00,125043.07615266393,126113.2275614754,124466.84077868852,125536.9921875,8483,0.0,0.0
2022-09-09 00:00:00+09:00,125454.66408289816,126113.21875,124631.47074902088,126113.21875,8279,0.0,0.0
2022-09-12 00:00:00+09:00,126113.21087598425,126195.53020423229,125125.37893700787,125454.65625,5020,0.0,0.0
2022-09-13 00:00:00+09:00,125290.0371196546,125701.63382504112,124631.48239103619,125125.3984375,7296,0.0,0.0
2022-09-14 00:00:00+09:00,123890.59960807553,124549.15429037758,123314.36426106122,123725.9609375,7114,0.0,0.0
2022-09-15 00:00:00+09:00,123561.31451129219,124549.14647274157,122985.07920044672,124384.5078125,5821,0.0,0.0
2022-09-16 00:00:00+09:00,125290.0254955243,128994.3955003197,125125.3868286445,128747.4375,21702,0.0,0.0
2022-09-20 00:00:00+09:00,128335.84766378616,128829.76369071542,127759.61229903536,128006.5703125,11870,0.0,0.0
2022-09-21 00:00:00+09:00,126936.41114859405,128006.56247474952,126442.49515190693,127348.0078125,10231,0.0,0.0
2022-09-22 00:00:00+09:00,126360.17383702016,127265.68648340923,125701.61918510083,126524.8125,10481,0.0,0.0
2022-09-26 00:00:00+09:00,125290.00758424636,126030.88147929117,123972.8984375,123972.8984375,10571,0.0,0.0
2022-09-27 00:00:00+09:00,124302.18248997995,125207.6950776553,122902.75394539078,123232.03125,15853,0.0,0.0
2022-09-28 00:00:00+09:00,123067.42113095238,124302.21130952382,120268.56339285715,121009.4375,18099,0.0,0.0
2022-09-29 00:00:00+09:00,122985.07410804655,123808.2673751687,121914.92286078779,121997.2421875,12102,0.0,0.0
2022-09-30 00:00:00+09:00,121832.60848662208,123561.31441785117,120268.54121551003,123067.3984375,16252,0.0,0.0
2022-10-03 00:00:00+09:00,123314.35642767558,123725.95307796822,121009.41518603679,123067.3984375,9948,0.0,0.0
2022-10-04 00:00:00+09:00,124302.18760239187,125866.25486361403,123890.59095470184,125619.296875,6721,0.0,0.0
2022-10-05 00:00:00+09:00,126360.19456229305,126360.19456229305,124219.89159250828,124302.2109375,6774,0.0,0.0
2022-10-06 00:00:00+09:00,124384.49504585825,124631.45301087319,122738.1086124253,123972.8984375,6529,0.0,0.0
2022-10-07 00:00:00+09:00,122902.76464581936,124302.19331224865,122491.16797922252,122820.4453125,7285,0.0,0.0
2022-10-11 00:00:00+09:00,122573.49515159214,122655.81449017614,120680.15036415988,121503.34375,6180,0.0,0.0
2022-10-12 00:00:00+09:00,121338.70698393337,123149.73246130551,121338.70698393337,122326.5390625,6940,0.0,0.0
2022-10-13 00:00:00+09:00,122244.20016763663,122902.75478133434,121503.32622722672,121997.2421875,5798,0.0,0.0
2022-10-14 00:00:00+09:00,122491.18855503039,122985.10463791358,121914.953125,121914.953125,7372,0.0,0.0
2022-10-17 00:00:00+09:00,121750.30176575202,122161.89845867208,120350.87300982384,121503.34375,5364,0.0,0.0
2022-10-18 00:00:00+09:00,121585.66308858401,122161.89845867208,120927.10837991192,121503.34375,7234,0.0,0.0
2022-10-19 00:00:00+09:00,121421.03136780328,121750.3087410041,120103.921875,120103.921875,6223,0.0,0.0
2022-10-20 00:00:00+09:00,119774.64151133661,121667.98635996942,119692.3221700917,121174.0703125,7467,0.0,0.0
2022-10-21 00:00:00+09:00,120844.80161208643,122244.23051358879,120844.80161208643,121914.953125,6234,0.0,0.0
2022-10-24 00:00:00+09:00,122079.57618930166,122408.85353573268,119527.67675446122,119939.2734375,5151,0.0,0.0
2022-10-25 00:00:00+09:00,120021.59953507132,121585.66701872452,119610.0028288468,121174.0703125,9300,0.0,0.0
2022-10-26 00:00:00+09:00,122079.56391030844,126936.40428165585,121503.32861201299,126771.765625,14119,0.0,0.0
2022-10-27 00:00:00+09:00,125948.58686696141,128006.57031249999,125290.03216438906,128006.5703125,15160,0.0,0.0
2022-10-28 00:00:00+09:00,127265.68468809826,129570.62593730056,126607.13004546904,128994.390625,11460,0.0,0.0
2022-10-31 00:00:00+09:00,128994.39552023697,130476.1435223839,128335.8408526161,129405.9921875,11652,0.0,0.0
2022-11-01 00:00:00+09:00,129159.02260890152,130723.08980429293,127594.9554135101,130393.8125,11390,0.0,0.0
2022-11-02 00:00:00+09:00,130476.12666446737,130640.76531010077,128088.8663027831,128665.1015625,10109,0.0,0.0
2022-11-04 00:00:00+09:00,127430.32227822581,129241.34753024194,126936.40630040322,127594.9609375,7987,0.0,0.0
2022-11-07 00:00:00+09:00,127594.98152209226,128335.85560834956,126113.23334957764,126689.46875,5106,0.0,0.0
2022-11-08 00:00:00+09:00,127101.06245972938,128006.57521041397,126936.42377778672,127759.6171875,4420,0.0,0.0
2022-11-09 00:00:00+09:00,127265.69238091381,127924.24706335062,126854.0957043908,127018.734375,5204,0.0,0.0
2022-11-10 00:00:00+09:00,126854.0966796875,127677.2900390625,126195.5419921875,127101.0546875,6171,0.0,0.0
2022-11-11 00:00:00+09:00,128500.46875000001,129735.25864830238,127841.91413757208,128500.46875,5688,0.0,0.0
2022-11-14 00:00:00+09:00,127841.92475114229,127924.24408453002,125619.30274967362,126113.21875,5071,0.0,0.0
2022-11-15 00:00:00+09:00,125866.24594697595,126607.1198603329,124878.41406250001,124878.4140625,7819,0.0,0.0
2022-11-16 00:00:00+09:00,124878.42379322469,125290.02044382859,124137.54982213766,124384.5078125,4620,0.0,0.0
2022-11-17 00:00:00+09:00,124384.50204943295,125372.33396511342,124384.50204943295,125207.6953125,3670,0.0,0.0
2022-11-18 00:00:00+09:00,125783.9472630719,125948.5859375,125125.39256535948,125948.5859375,3547,0.0,0.0
2022-11-21 00:00:00+09:00,125701.61044311523,126936.40032958984,125372.33314005534,126442.484375,7565,0.0,0.0
2022-11-22 00:00:00+09:00,126442.484375,127265.67763264975,126030.88774617514,126442.484375,8094,0.0,0.0
2022-11-24 00:00:00+09:00,126442.47692307692,128582.77926682692,126277.83828124999,128418.140625,9796,0.0,0.0
2022-11-25 00:00:00+09:00,128253.53323332795,128665.12993818459,127677.29784652867,127759.6171875,9357,0.0,0.0
2022-11-28 00:00:00+09:00,127759.6171875,128665.12993818459,127348.02048264336,127759.6171875,14369,0.0,0.0
2022-11-29 00:00:00+09:00,128300.69618055555,129308.953125,127460.48206018518,129308.953125,9209,3144.0,0.0
2022-11-30 00:00:00+09:00,129477.00982895591,129729.07409208821,128720.81703955901,129561.03125,8364,0.0,0.0
2022-12-01 00:00:00+09:00,129561.01052423383,129897.09615464689,125696.02577448367,126116.1328125,7495,0.0,0.0
2022-12-02 00:00:00+09:00,127040.37911903161,127040.37911903161,124939.84375,124939.84375,7249,0.0,0.0
2022-12-05 00:00:00+09:00,124939.83563722185,125191.89986513823,123595.49308833446,124603.75,3773,0.0,0.0
2022-12-06 00:00:00+09:00,124603.74827557201,125191.89813257067,123931.5770104307,124855.8125,3666,0.0,0.0
2022-12-07 00:00:00+09:00,124939.84402770792,126368.20808182428,124603.75836791584,125275.9296875,8154,0.0,0.0
2022-12-08 00:00:00+09:00,125275.91954071334,125443.96235699866,124183.64123485869,124855.8125,6831,0.0,0.0
2022-12-09 00:00:00+09:00,125023.86544265594,125864.07959213616,124939.84402770792,125275.9296875,6997,0.0,0.0
2022-12-12 00:00:00+09:00,125275.9236076109,125527.98784022177,124267.66667716733,125023.859375,3655,0.0,0.0
2022-12-13 00:00:00+09:00,125023.85704652731,125443.96409305462,124183.64295347269,124603.75,2658,0.0,0.0
2022-12-14 00:00:00+09:00,124603.75918995343,126536.25174650698,124603.75918995343,126284.1875,6799,0.0,0.0
2022-12-15 00:00:00+09:00,126704.28963967678,127712.5465864116,126116.13975408145,127376.4609375,6888,0.0,0.0
2022-12-16 00:00:00+09:00,127292.46032794213,129392.99597691807,126956.37462410599,129224.953125,13837,0.0,0.0
2022-12-19 00:00:00+09:00,129140.90473075972,129140.90473075972,127040.36952043507,127460.4765625,4811,0.0,0.0
2022-12-20 00:00:00+09:00,127880.59742968203,128132.66168217154,118638.24150506638,120234.6484375,15846,0.0,0.0
2022-12-21 00:00:00+09:00,120654.75985609673,123763.55241506302,120318.67417404633,123343.4453125,13750,0.0,0.0
2022-12-22 00:00:00+09:00,123007.35439234936,124603.761314108,122251.16163993737,124099.6328125,7351,0.0,0.0
2022-12-23 00:00:00+09:00,124351.7000598086,124351.7000598086,121999.10032894736,122923.3359375,5466,0.0,0.0
2022-12-26 00:00:00+09:00,123007.35293126685,125107.8883296833,122839.31009939354,124687.78125,5300,0.0,0.0
2022-12-27 00:00:00+09:00,124771.79089525348,126872.32609551027,124015.59822316104,126788.3046875,5404,0.0,0.0
2022-12-28 00:00:00+09:00,126536.23063453249,127292.42324788627,125780.03802117871,126704.2734375,5479,0.0,0.0
2022-12-29 00:00:00+09:00,125612.03705446787,126284.20849021085,125023.88704819277,125528.015625,6239,0.0,0.0
2022-12-30 00:00:00+09:00,125528.00077813744,127292.45058827191,125359.95793907702,126536.2578125,5392,0.0,0.0
2023-01-04 00:00:00+09:00,126284.19303341956,127040.38580607477,125443.97884158044,125864.0859375,4411,0.0,0.0
2023-01-05 00:00:00+09:00,126200.18706074297,126788.33706701807,124099.6513240462,125528.015625,11592,0.0,0.0
2023-01-06 00:00:00+09:00,124771.7951423891,126284.18053805444,123931.58103368616,125023.859375,7622,0.0,0.0
2023-01-10 00:00:00+09:00,125191.91484270971,126620.27897178761,124939.85058463714,126200.171875,4179,0.0,0.0
2023-01-11 00:00:00+09:00,126200.16635907433,126956.35910024054,125948.10211201893,126620.2734375,5557,0.0,0.0
2023-01-12 00:00:00+09:00,125780.06399433724,125780.06399433724,124603.76413066275,125191.9140625,6963,0.0,0.0
2023-01-13 00:00:00+09:00,126032.11717158859,126368.2028173795,123679.51765105227,123763.5390625,8822,0.0,0.0
2023-01-16 00:00:00+09:00,123259.421875,124855.82883861622,122923.33619844921,123259.421875,5285,0.0,0.0
2023-01-17 00:00:00+09:00,122839.31292347117,123259.42001281273,120486.71322315845,120906.8203125,13060,0.0,0.0
2023-01-18 00:00:00+09:00,122167.14168792516,126536.25542091836,121326.9275085034,123511.484375,14336,0.0,0.0
2023-01-19 00:00:00+09:00,123259.40201234353,123259.40201234353,120150.61000521558,120822.78125,9465,0.0,0.0
2023-01-20 00:00:00+09:00,119562.46544167229,125359.94268374916,119562.46544167229,124603.75,13569,0.0,0.0
2023-01-23 00:00:00+09:00,124267.66754687499,126452.22424479167,124267.66754687499,126032.1171875,7220,0.0,0.0
2023-01-24 00:00:00+09:00,126032.12929531872,127292.45058827191,125612.02219766765,126536.2578125,6724,0.0,0.0
2023-01-25 00:00:00+09:00,126536.25729097129,128048.64283628171,125443.97884158044,125864.0859375,7677,0.0,0.0
2023-01-26 00:00:00+09:00,126032.13837792643,126536.26693143813,125191.92412207359,125612.03125,5066,0.0,0.0
2023-01-27 00:00:00+09:00,126452.24164553337,128468.75579802028,126032.13453043193,128384.734375,6441,0.0,0.0
2023-01-30 00:00:00+09:00,128300.67257736156,129056.8651465798,127712.52280130294,128972.84375,5927,0.0,0.0
2023-01-31 00:00:00+09:00,128972.86897940628,128972.86897940628,123847.5627854364,124183.6484375,8928,0.0,0.0
2023-02-01 00:00:00+09:00,125023.86544265594,126032.1224220322,124939.84402770792,125275.9296875,5315,0.0,0.0
2023-02-02 00:00:00+09:00,125612.0185896354,126200.16850945308,124435.71875,124435.71875,3949,0.0,0.0
2023-02-03 00:00:00+09:00,124687.78981450535,125864.08971841578,124351.7041276738,125696.046875,4893,0.0,0.0
2023-02-06 00:00:00+09:00,126032.12955298013,127124.40800910596,125528.00103476821,126872.34375,3982,0.0,0.0
2023-02-07 00:00:00+09:00,126116.12362711372,127292.42324788627,125948.08082414621,126704.2734375,4980,0.0,0.0
2023-02-08 00:00:00+09:00,125948.0960667387,126788.3101832613,125359.94618517287,126368.203125,4019,0.0,0.0
2023-02-09 00:00:00+09:00,125696.05848393575,126620.29420808233,125275.9513365964,125528.015625,5450,0.0,0.0
2023-02-10 00:00:00+09:00,125359.95814317107,125612.02240217208,123511.48691049697,124267.6796875,6465,0.0,0.0
2023-02-13 00:00:00+09:00,124099.63430059524,124771.80564413265,122923.33444940476,123511.484375,3749,0.0,0.0
2023-02-14 00:00:00+09:00,123763.54421843562,125275.9296875,123343.43714369551,125275.9296875,4179,0.0,0.0
2023-02-15 00:00:00+09:00,124603.74827557201,125275.91954071334,123847.55560228803,124855.8125,5413,0.0,0.0
2023-02-16 00:00:00+09:00,125864.07436458333,126536.24565624999,125107.88166145832,126032.1171875,2933,0.0,0.0
2023-02-17 00:00:00+09:00,125612.01013020832,126368.20283333333,125023.86025,126032.1171875,3059,0.0,0.0
2023-02-20 00:00:00+09:00,125948.09060739729,126956.34750352055,125780.04779137674,126788.3046875,2933,0.0,0.0
2023-02-21 00:00:00+09:00,126788.31951402806,126788.31951402806,125443.97682865731,125780.0625,4606,0.0,0.0
2023-02-22 00:00:00+09:00,125780.06829670789,126956.36820061831,125023.8755013369,125696.046875,7609,0.0,0.0
2023-02-24 00:00:00+09:00,125359.94589583333,126368.20283333333,125275.92448437499,126032.1171875,9249,0.0,0.0
2023-02-27 00:00:00+09:00,126200.17689144737,128216.6910361842,126116.15546875,127712.5625,6724,0.0,0.0
2023-02-28 00:00:00+09:00,127376.46006482713,127460.48147647938,125780.05324343417,126368.203125,9100,0.0,0.0
2023-03-01 00:00:00+09:00,126452.24659522803,127040.39657939189,124351.71093749999,124351.7109375,10001,0.0,0.0
2023-03-02 00:00:00+09:00,124771.80092047747,125359.95082380633,123679.52252858103,124939.84375,5785,0.0,0.0
2023-03-03 00:00:00+09:00,125107.88657952253,125780.05789761264,124855.82233523873,124939.84375,4421,0.0,0.0
2023-03-06 00:00:00+09:00,124939.85984531773,125780.07410117057,124939.85984531773,125612.03125,5902,0.0,0.0
2023-03-07 00:00:00+09:00,125864.07959213616,125948.10100708417,124771.80119781187,125275.9296875,4118,0.0,0.0
2023-03-08 00:00:00+09:00,125107.89008693451,125359.95433828495,123511.48316171506,124435.71875,5425,0.0,0.0
2023-03-09 00:00:00+09:00,124855.83416932504,125107.8984375,124435.72705570013,125107.8984375,2595,0.0,0.0
2023-03-10 00:00:00+09:00,124183.64611973862,124939.83882276816,123259.41059381363,123763.5390625,6701,0.0,0.0
2023-03-13 00:00:00+09:00,123511.49017188563,123679.5330156569,122083.1259998298,123427.46875,5199,0.0,0.0
2023-03-14 00:00:00+09:00,123091.3807953381,124519.74494108606,121578.99522925205,123007.359375,5573,0.0,0.0
2023-03-15 00:00:00+09:00,124183.65408886583,124771.80400674274,121242.90449948132,121494.96875,9836,0.0,0.0
2023-03-16 00:00:00+09:00,120570.73560393258,121663.01404494382,118890.30723314607,119646.5,9969,0.0,0.0
2023-03-17 00:00:00+09:00,119898.55378692363,121242.89636617435,116369.65451639048,116621.71875,15289,0.0,0.0
2023-03-20 00:00:00+09:00,116873.79511522596,118638.2449336442,115865.53807612984,117125.859375,9483,0.0,0.0
2023-03-22 00:00:00+09:00,116117.5840509588,118386.1620316939,116033.56264426491,118302.140625,7517,0.0,0.0
2023-03-23 00:00:00+09:00,117041.83795507532,117798.03073439741,115865.53807612984,117125.859375,5338,0.0,0.0
2023-03-24 00:00:00+09:00,117125.84487979031,117713.99474647504,115949.54514642082,116201.609375,4989,0.0,0.0
2023-03-27 00:00:00+09:00,116705.7404532597,117545.95456739404,116285.63339619253,116957.8046875,4813,0.0,0.0
2023-03-28 00:00:00+09:00,117461.94632911953,118974.33190417256,116621.73212075671,118806.2890625,5934,0.0,0.0
2023-03-29 00:00:00+09:00,118974.34397007042,120150.64398107394,118050.10824713908,119310.4296875,5318,0.0,0.0
2023-03-30 00:00:00+09:00,120822.79889463169,121494.97023757819,118470.19919431898,120906.8203125,7234,0.0,0.0
2023-03-31 00:00:00+09:00,121663.01048951049,121663.01048951049,118554.21809440559,120150.625,9532,0.0,0.0
2023-04-03 00:00:00+09:00,120066.61187457453,123931.5972813138,119226.39765571817,123427.46875,10250,0.0,0.0
2023-04-04 00:00:00+09:00,123427.45717199183,123847.56424201223,122167.13596193066,123595.5,8899,0.0,0.0
2023-04-05 00:00:00+09:00,123763.53758387818,123763.53758387818,121242.8952705609,122083.109375,6952,0.0,0.0
2023-04-06 00:00:00+09:00,122083.1186678769,122167.14008471645,121074.86166580221,121494.96875,5805,0.0,0.0
2023-04-07 00:00:00+09:00,121158.87441161087,121494.96005491632,118638.23208682008,120486.703125,6289,0.0,0.0
2023-04-10 00:00:00+09:00,120402.6875,121074.85881891137,119562.47335136078,120402.6875,3493,0.0,0.0
2023-04-11 00:00:00+09:00,120570.73586856617,121074.8643809086,119814.54310005251,119982.5859375,5610,0.0,0.0
2023-04-12 00:00:00+09:00,120234.63596279029,120822.78582424349,119394.421875,119394.421875,6127,0.0,0.0
2023-04-13 00:00:00+09:00,119394.43852209464,121158.88835247043,119142.37426061239,120738.78125,4353,0.0,0.0
2023-04-14 00:00:00+09:00,121747.02487864078,121747.02487864078,120066.59665395285,121158.875,5341,0.0,0.0
2023-04-17 00:00:00+09:00,121074.86046885724,122671.26737302677,120570.73197280371,122419.203125,5769,0.0,0.0
2023-04-18 00:00:00+09:00,122587.24877763605,123595.50579294217,122335.18452380953,123511.484375,5240,0.0,0.0
2023-04-19 00:00:00+09:00,123259.4203856428,124267.67740311228,121999.09911380598,123847.5703125,4659,0.0,0.0
2023-04-20 00:00:00+09:00,124015.61542849899,124603.76536616802,123175.40123182895,124267.6796875,4236,0.0,0.0
2023-04-21 00:00:00+09:00,124183.64843749999,124519.73408956359,123595.4985463887,124183.6484375,2950,0.0,0.0
2023-04-24 00:00:00+09:00,124351.69126353179,124519.73408956359,123763.5413724205,124183.6484375,3364,0.0,0.0
2023-04-25 00:00:00+09:00,124183.65129317573,125612.0153472921,123511.47997359156,125275.9296875,3455,0.0,0.0
2023-04-26 00:00:00+09:00,124939.84027545211,126200.16146182183,124267.66897605492,125443.96875,5390,0.0,0.0
2023-04-27 00:00:00+09:00,125612.0185896354,125612.0185896354,124435.71875,124435.71875,3490,0.0,0.0
2023-04-28 00:00:00+09:00,125275.93677566225,127040.38658940398,124435.72257864238,126872.34375,6364,0.0,0.0
2023-05-01 00:00:00+09:00,126872.33159491356,126872.33159491356,125780.05324343417,126368.203125,4279,0.0,0.0
2023-05-02 00:00:00+09:00,125696.04309913218,126200.17161423565,124267.67897300568,125864.0859375,5862,0.0,0.0
2023-05-08 00:00:00+09:00,127040.39062500001,127544.5191592262,126200.17640128969,127040.390625,6139,0.0,0.0
2023-05-09 00:00:00+09:00,127124.40748793275,127544.51458472037,126200.17187499999,126200.171875,5737,0.0,0.0
2023-05-10 00:00:00+09:00,126536.25526052104,126788.31951402806,125443.97682865731,125780.0625,7193,0.0,0.0
2023-05-11 00:00:00+09:00,125443.98412839993,125780.06981929987,124435.72705570013,125107.8984375,3392,0.0,0.0
2023-05-12 00:00:00+09:00,125107.8926436661,125359.95690016777,124183.65703649328,125191.9140625,4154,0.0,0.0
2023-05-15 00:00:00+09:00,125023.86448140901,128804.828125,124939.84306710698,128804.828125,6280,0.0,0.0
2023-05-16 00:00:00+09:00,128804.81717838626,130149.15969296826,127964.60310677253,129645.03125,5986,0.0,0.0
2023-05-17 00:00:00+09:00,129897.11219130852,130989.39062499999,129308.96226547465,130989.390625,6615,0.0,0.0
2023-05-18 00:00:00+09:00,131325.46701388888,131325.46701388888,129224.93171296296,129308.953125,6233,0.0,0.0
2023-05-19 00:00:00+09:00,129392.97338709678,130569.27314516129,128468.73786290322,130233.1875,6654,0.0,0.0
2023-05-22 00:00:00+09:00,130233.18576947843,130569.27141017385,129056.88602704443,130485.25,6651,0.0,0.0
2023-05-23 00:00:00+09:00,130653.28296150129,130821.32576916882,129729.04751932989,130401.21875,4696,0.0,0.0
2023-05-24 00:00:00+09:00,130065.14933953034,130485.25641104045,128804.828125,128804.828125,5467,0.0,0.0
2023-05-25 00:00:00+09:00,128636.75816368079,129813.05771579804,128300.67257736156,128972.84375,6872,0.0,0.0
2023-05-26 00:00:00+09:00,128468.74411929992,130989.38658076429,128300.70128853564,130821.34375,7921,0.0,0.0
2023-05-29 00:00:00+09:00,131913.59952597195,132669.79213471958,130653.27851139261,131829.578125,16146,0.0,0.0
2023-05-30 00:00:00+09:00,132111.8351236979,132111.8351236979,130825.03153483072,131768.6875,7955,3229.0,0.0
2023-05-31 00:00:00+09:00,131511.34735008446,133484.44649493243,126964.640625,126964.640625,23555,0.0,0.0
2023-06-01 00:00:00+09:00,129538.25484228581,130481.91100338855,127822.51636755354,128165.6640625,10210,0.0,0.0
2023-06-02 00:00:00+09:00,129709.8030668218,129709.8030668218,128079.85183780751,129023.5078125,6067,0.0,0.0
2023-06-05 00:00:00+09:00,129109.30468749999,129452.45234115448,128251.43555336379,129109.3046875,3489,0.0,0.0
2023-06-06 00:00:00+09:00,127565.12468241871,127994.05919715448,125248.87830284554,126621.46875,7667,0.0,0.0
2023-06-07 00:00:00+09:00,126621.48358950409,126793.05741550612,125420.46680748982,126278.3359375,8992,0.0,0.0
2023-06-08 00:00:00+09:00,126106.75540123456,126278.329218107,123962.08269032922,125077.3125,12394,0.0,0.0
2023-06-09 00:00:00+09:00,125077.3185851927,126878.84375,124648.38402214333,126878.84375,8393,0.0,0.0
2023-06-12 00:00:00+09:00,126878.8362102156,126878.8362102156,124905.7373374401,125334.671875,4278,0.0,0.0
2023-06-13 00:00:00+09:00,126020.97557384802,126364.12322687414,124562.59804848694,124734.171875,5278,0.0,0.0
2023-06-14 00:00:00+09:00,125849.39979828382,126278.3343579235,125163.10450286031,125592.0390625,6083,0.0,0.0
2023-06-15 00:00:00+09:00,126535.68318270537,126621.47008655805,125506.24033647319,126364.109375,8939,0.0,0.0
2023-06-16 00:00:00+09:00,126106.74826043738,129452.4375,125849.38754970179,129452.4375,14942,0.0,0.0
2023-06-19 00:00:00+09:00,127994.06355717184,128251.4242747801,125248.88256935046,126793.046875,6458,0.0,0.0
2023-06-20 00:00:00+09:00,126192.54472257652,126793.05309311223,124905.74107142857,126106.7578125,5273,0.0,0.0
2023-06-21 00:00:00+09:00,125763.60480980093,127136.1953125,125420.45718412618,127136.1953125,3244,0.0,0.0
2023-06-22 00:00:00+09:00,126278.3229877217,126364.1098919253,124905.73252046385,125763.6015625,6439,0.0,0.0
2023-06-23 00:00:00+09:00,125506.25527343749,125849.4029296875,123190.00859375,123533.15625,7879,0.0,0.0
2023-06-26 00:00:00+09:00,123533.1470893971,123876.29472020098,122932.6387354903,123790.5078125,6308,0.0,0.0
2023-06-27 00:00:00+09:00,124305.22440435083,124391.01130870167,122246.33869993094,124219.4375,7836,0.0,0.0
2023-06-28 00:00:00+09:00,123618.93908514493,124391.02128623189,123104.21761775362,124305.234375,10524,0.0,0.0
2023-06-29 00:00:00+09:00,124219.4538997934,124734.17539385331,123618.94549005682,124562.6015625,8932,0.0,0.0
2023-06-30 00:00:00+09:00,124734.171875,125248.8933545392,124047.87656894773,124734.171875,6778,0.0,0.0
2023-07-03 00:00:00+09:00,124819.95151606773,124991.52533258466,122932.63953438148,124133.65625,6799,0.0,0.0
2023-07-04 00:00:00+09:00,124991.51360396383,125248.8743045897,122846.84109874826,123361.5625,5833,0.0,0.0
2023-07-05 00:00:00+09:00,122761.06680696092,123104.21444303908,122332.13226186323,122932.640625,6521,0.0,0.0
2023-07-06 00:00:00+09:00,122932.64921494434,123361.58379001392,122417.92772486083,123275.796875,3779,0.0,0.0
2023-07-07 00:00:00+09:00,122932.63953438148,124648.3776995508,122846.85262612301,124133.65625,8417,0.0,0.0
2023-07-10 00:00:00+09:00,123104.22264282647,124991.53476696735,122932.6488133591,124819.9609375,6969,0.0,0.0
2023-07-11 00:00:00+09:00,124991.53224248473,126364.12285050102,124391.02385147758,126278.3359375,7471,0.0,0.0
2023-07-12 00:00:00+09:00,126192.53795716002,126192.53795716002,124562.58675309065,124905.734375,5188,0.0,0.0
2023-07-13 00:00:00+09:00,125163.10742320456,126106.76347642954,124991.53359534548,126020.9765625,5507,0.0,0.0
2023-07-14 00:00:00+09:00,126020.97146274778,126278.33219412167,125077.31544771019,125506.25,5787,0.0,0.0
2023-07-18 00:00:00+09:00,125506.25625536942,125935.1908290378,123704.7310459622,124819.9609375,5229,0.0,0.0
2023-07-19 00:00:00+09:00,124991.53125,125248.8919869595,123876.30138984213,124991.53125,4854,0.0,0.0
2023-07-20 00:00:00+09:00,125935.18645285809,131339.76189327365,125849.39954110546,130567.6796875,19324,0.0,0.0
2023-07-21 00:00:00+09:00,128937.73804873512,130653.47641265708,128937.73804873512,129709.8203125,6267,0.0,0.0
2023-07-24 00:00:00+09:00,129624.00767369923,135285.94315117385,129624.00767369923,135200.15625,12963,0.0,0.0
2023-07-25 00:00:00+09:00,135028.60214582004,135285.96288688577,133913.37226786854,134428.09375,8281,0.0,0.0
2023-07-26 00:00:00+09:00,133398.63928112964,133913.36071887033,132369.19640564825,133656.0,7480,0.0,0.0
2023-07-27 00:00:00+09:00,134685.453125,135457.53534036624,133484.4363455414,134685.453125,9243,0.0,0.0
2023-07-28 00:00:00+09:00,134084.92150249676,134084.92150249676,131339.7407679607,133141.265625,12872,0.0,0.0
2023-07-31 00:00:00+09:00,133141.25211726385,133655.97345276873,131597.0881107492,131682.875,7987,0.0,0.0
2023-08-01 00:00:00+09:00,132197.61691356203,132197.61691356203,126707.25514687289,127221.9765625,14690,0.0,0.0
2023-08-02 00:00:00+09:00,127307.768875,128680.35937499999,127050.40815624999,128680.359375,7784,0.0,0.0
2023-08-03 00:00:00+09:00,127994.08194857804,129967.1810670883,127221.99968481316,129709.8203125,5805,0.0,0.0
2023-08-04 00:00:00+09:00,127736.72751650166,130825.05672442245,127565.15367161717,129967.1875,7571,0.0,0.0
2023-08-07 00:00:00+09:00,129452.45236650485,132969.7158171521,129452.45236650485,132540.78125,5889,0.0,0.0
2023-08-08 00:00:00+09:00,132026.07118725867,133398.6619208494,131597.13658301157,133312.875,5620,0.0,0.0
2023-08-09 00:00:00+09:00,133055.48270414775,133055.48270414775,131597.10539533375,132369.1875,5719,0.0,0.0
2023-08-10 00:00:00+09:00,132111.8581081081,133656.02268339766,131511.34966216216,133312.875,4779,0.0,0.0
2023-08-14 00:00:00+09:00,132883.9375,133570.23285183992,132111.85522918013,132883.9375,4371,0.0,0.0
2023-08-15 00:00:00+09:00,132454.98818897636,132454.98818897636,130739.25,130739.25,3108,0.0,0.0
2023-08-16 00:00:00+09:00,130653.4508015422,132283.40192775973,130224.51629464286,132111.828125,4692,0.0,0.0
2023-08-17 00:00:00+09:00,131682.875,132369.17011400653,130825.00610749186,131682.875,3444,0.0,0.0
2023-08-18 00:00:00+09:00,131511.34082542537,132369.20997627618,130138.75018406413,131082.40625,4269,0.0,0.0
2023-08-21 00:00:00+09:00,130825.02961231048,130996.6034216381,129109.29151903428,130138.734375,9261,0.0,0.0
2023-08-22 00:00:00+09:00,130825.03447436729,132283.41190785205,129709.80467229072,132197.625,5916,0.0,0.0
2023-08-23 00:00:00+09:00,131940.25465425532,133141.27127659574,131168.17253989363,133055.484375,5057,0.0,0.0
2023-08-24 00:00:00+09:00,133227.09382992328,134170.75,132969.73305626598,134170.75,3018,0.0,0.0
2023-08-25 00:00:00+09:00,132969.7004538882,133827.56948907455,132111.8314187018,133484.421875,6201,0.0,0.0
2023-08-28 00:00:00+09:00,133398.63928112964,133999.14762516046,132540.77021822848,133656.0,2890,0.0,0.0
2023-08-29 00:00:00+09:00,133227.05752300128,135285.94315117385,133227.05752300128,135200.15625,8154,0.0,0.0
2023-08-30 00:00:00+09:00,134599.67204311708,135543.328125,134428.09821004746,135543.328125,4478,0.0,0.0
2023-08-31 00:00:00+09:00,135543.31928913738,135543.31928913738,133656.00724840254,134256.515625,12514,0.0,0.0
2023-09-01 00:00:00+09:00,134084.93214285714,135114.375,132969.70238095237,135114.375,4911,0.0,0.0
2023-09-04 00:00:00+09:00,135114.37529555487,136058.03125,134428.0800559584,136058.03125,5620,0.0,0.0
2023-09-05 00:00:00+09:00,136058.01343184654,137687.9644124298,134942.7838135527,137516.390625,4492,0.0,0.0
2023-09-06 00:00:00+09:00,137687.98139648436,138631.63734375,136572.751640625,137259.046875,7260,0.0,0.0
2023-09-07 00:00:00+09:00,137259.0511860175,137773.77262796505,136572.75593008738,137430.625,3258,0.0,0.0
2023-09-08 00:00:00+09:00,136229.60238693468,137259.04522613066,135972.2416771357,136572.75,10211,0.0,0.0
2023-09-11 00:00:00+09:00,136744.34041959158,137259.06190172303,133227.07695835992,134428.09375,6059,0.0,0.0
2023-09-12 00:00:00+09:00,134428.0754628894,134942.796875,133227.0588346313,134942.796875,3131,0.0,0.0
2023-09-13 00:00:00+09:00,135028.5861383355,135972.2420770405,133055.48735740682,133484.421875,4695,0.0,0.0
2023-09-14 00:00:00+09:00,133141.2706218274,135457.51695352158,133141.2706218274,135200.15625,3975,0.0,0.0
2023-09-15 00:00:00+09:00,134942.81523213146,135114.3890595086,132969.7162172942,134428.09375,9097,0.0,0.0
2023-09-19 00:00:00+09:00,134428.0724748884,134942.79387555804,133484.4165736607,134513.859375,2389,0.0,0.0
2023-09-20 00:00:00+09:00,133827.57569752695,136229.60910748257,133827.57569752695,135285.953125,3953,0.0,0.0
2023-09-21 00:00:00+09:00,134428.0856466877,136401.18454258677,134428.0856466877,135972.25,4996,0.0,0.0
2023-09-22 00:00:00+09:00,135114.39614323416,135285.96997960654,133484.44469769674,134084.953125,5963,0.0,0.0
2023-09-25 00:00:00+09:00,134170.7271194605,135200.17003853564,133570.21875,133570.21875,4509,0.0,0.0
2023-09-26 00:00:00+09:00,133741.79256984586,133741.79256984586,132798.13656069365,133570.21875,5164,0.0,0.0
2023-09-27 00:00:00+09:00,133484.42484785395,134599.6546184337,133055.49032070788,133913.359375,4603,0.0,0.0
2023-09-28 00:00:00+09:00,134084.93532901176,134084.93532901176,130910.81977739726,131511.328125,9053,0.0,0.0
2023-09-29 00:00:00+09:00,132798.13656069365,134084.94020953757,132026.0543713873,133570.21875,6475,0.0,0.0
2023-10-02 00:00:00+09:00,133570.22283793605,134256.51813832365,132712.35371245156,132798.140625,3386,0.0,0.0
2023-10-03 00:00:00+09:00,133484.43847975179,133484.43847975179,130310.32265471914,131339.765625,4742,0.0,0.0
2023-10-04 00:00:00+09:00,130653.47208712749,131339.76740997517,128508.79920322848,129538.2421875,8606,0.0,0.0
2023-10-05 00:00:00+09:00,131253.99004659906,132026.07234099082,130138.76006581099,131168.203125,7602,0.0,0.0
2023-10-06 00:00:00+09:00,131253.98589889467,132283.42892555267,130739.26438556568,131940.28125,2875,0.0,0.0
2023-10-10 00:00:00+09:00,132026.06831020015,134084.95436571984,132026.06831020015,132883.9375,5267,0.0,0.0
2023-10-11 00:00:00+09:00,132883.9403957529,133398.6619208494,132712.36655405405,133312.875,2936,0.0,0.0
2023-10-12 00:00:00+09:00,133312.84507978722,134428.0748005319,132883.91057180852,133055.484375,5327,0.0,0.0
2023-10-13 00:00:00+09:00,133055.4927238504,134513.87014248705,131940.26293312825,132454.984375,9466,0.0,0.0
2023-10-16 00:00:00+09:00,132455.00748676373,133055.51594039545,129109.3175308157,129624.0390625,7538,0.0,0.0
2023-10-17 00:00:00+09:00,129709.82408616188,131597.13634138383,129280.88948270236,131425.5625,6732,0.0,0.0
2023-10-18 00:00:00+09:00,130396.09567901235,132540.7683053119,130396.09567901235,132026.046875,3608,0.0,0.0
2023-10-19 00:00:00+09:00,131768.70019595037,132798.14316623122,131253.97871080993,131339.765625,5304,0.0,0.0
2023-10-20 00:00:00+09:00,130996.59166735742,131253.95235825598,129366.640625,129366.640625,3483,0.0,0.0
2023-10-23 00:00:00+09:00,130481.88522793383,130481.88522793383,129023.50781249999,129023.5078125,5810,0.0,0.0
2023-10-24 00:00:00+09:00,128851.93780534029,129967.16762655828,127307.7734375,127307.7734375,9235,0.0,0.0
2023-10-25 00:00:00+09:00,127479.34268749999,128851.93318749999,127307.768875,128680.359375,7681,0.0,0.0
2023-10-26 00:00:00+09:00,129023.50133244504,129709.79655229847,127822.48469770154,128766.140625,6221,0.0,0.0
2023-10-27 00:00:00+09:00,129023.51817288803,131511.3386695727,129023.51817288803,130996.6171875,6769,0.0,0.0
2023-10-30 00:00:00+09:00,130310.29649162799,130567.65718252653,128422.98475837201,129366.640625,4923,0.0,0.0
2023-10-31 00:00:00+09:00,129366.65944881889,130825.03690944881,128766.15108267716,130739.25,6725,0.0,0.0
2023-11-01 00:00:00+09:00,130910.81977739726,132454.9840998043,130567.6721501957,131511.328125,10531,0.0,0.0
2023-11-02 00:00:00+09:00,131940.27402433052,132283.42168109078,130224.53574052907,131339.765625,5991,0.0,0.0
2023-11-06 00:00:00+09:00,133227.08783453004,133227.08783453004,131168.20173792428,131425.5625,6682,0.0,0.0
2023-11-07 00:00:00+09:00,131511.33218503935,131768.6929133858,128937.7249015748,130739.25,10863,0.0,0.0
2023-11-08 00:00:00+09:00,130052.96211301598,130653.47051327396,128680.37148385486,128851.9453125,4903,0.0,0.0
2023-11-09 00:00:00+09:00,128766.14681534663,129195.08134837575,127650.91702947086,128079.8515625,9161,0.0,0.0
2023-11-10 00:00:00+09:00,127822.50156458611,128937.73144400868,127822.50156458611,128508.796875,6023,0.0,0.0
2023-11-13 00:00:00+09:00,128680.37070260347,129452.45292681908,128423.00996119826,128508.796875,3763,0.0,0.0
2023-11-14 00:00:00+09:00,128422.9962817238,130396.09508899142,128251.42247239617,130138.734375,5022,0.0,0.0
2023-11-15 00:00:00+09:00,130396.10956890922,131425.55253919007,130310.32265471914,131339.765625,6354,0.0,0.0
2023-11-16 00:00:00+09:00,131339.72744299675,131682.875,130567.64543973941,131682.875,3639,0.0,0.0
2023-11-17 00:00:00+09:00,131511.3386695727,131597.12558325147,130310.32187806975,130996.6171875,3190,0.0,0.0
2023-11-20 00:00:00+09:00,130739.27000650618,131854.5,130739.27000650618,131854.5,4636,0.0,0.0
2023-11-21 00:00:00+09:00,132026.03262413538,132026.03262413538,129967.1471251235,130224.5078125,5383,0.0,0.0
2023-11-22 00:00:00+09:00,130653.47794510692,130653.47794510692,129538.24799547698,130396.1171875,2826,0.0,0.0
2023-11-24 00:00:00+09:00,130052.96951069079,130910.83870271382,129795.60875308388,130396.1171875,2471,0.0,0.0
2023-11-27 00:00:00+09:00,130138.7303817169,131339.74701015727,130138.7303817169,130910.8125,2707,0.0,0.0
2023-11-28 00:00:00+09:00,130567.67213472407,130825.03285509475,129023.50781249999,129023.5078125,13484,0.0,0.0
2023-11-29 00:00:00+09:00,128471.54569291609,129524.5911494154,127330.74644837517,127594.0078125,9297,3371.0,0.0
2023-11-30 00:00:00+09:00,127945.02248922414,128032.77627693965,126189.94673491378,127242.9921875,12605,0.0,0.0
2023-12-01 00:00:00+09:00,126716.46827256944,127945.0212890625,126365.453125,126365.453125,11164,0.0,0.0
2023-12-04 00:00:00+09:00,126365.45360110803,126804.22253722299,126014.43845221605,126716.46875,7503,0.0,0.0
2023-12-05 00:00:00+09:00,126716.4694612069,127506.25355064655,126628.71567349137,127242.9921875,4306,0.0,0.0
2023-12-06 00:00:00+09:00,127506.24670996227,128559.29210605282,127506.24670996227,127945.015625,4337,0.0,0.0
2023-12-07 00:00:00+09:00,126979.72401191702,128383.78454003773,126891.97022890947,127945.015625,4864,0.0,0.0
2023-12-08 00:00:00+09:00,128208.27468558804,129085.8125,127857.25955982324,129085.8125,9209,0.0,0.0
2023-12-11 00:00:00+09:00,129612.34660252044,129700.10039168938,128208.28597581745,128822.5625,3612,0.0,0.0
2023-12-12 00:00:00+09:00,128998.05644571576,129349.07156529595,127242.98084781486,127506.2421875,4614,0.0,0.0
2023-12-13 00:00:00+09:00,128032.76741288141,128208.27497616159,126014.4304351595,126540.953125,3956,0.0,0.0
2023-12-14 00:00:00+09:00,126365.45454545454,127945.02272727274,126102.19318181819,127418.5,5030,0.0,0.0
2023-12-15 00:00:00+09:00,127769.5125,127945.02007211538,124873.63756009615,125487.9140625,16236,0.0,0.0
2023-12-18 00:00:00+09:00,125224.64036732455,125400.14792214912,124083.84126096491,125049.1328125,5340,0.0,0.0
2023-12-19 00:00:00+09:00,124610.37427068599,125136.89697887198,123469.57506961633,124083.8515625,7480,0.0,0.0
2023-12-20 00:00:00+09:00,123732.83014112903,125487.90574596774,123557.32258064517,125136.890625,7749,0.0,0.0
2023-12-21 00:00:00+09:00,123732.836180949,124259.35888810198,123206.31347379604,123908.34375,5943,0.0,0.0
2023-12-22 00:00:00+09:00,124083.85348557692,125575.66784855768,124083.85348557692,125487.9140625,4455,0.0,0.0
2023-12-25 00:00:00+09:00,125049.14677090716,125400.16191973777,123557.33238837704,123820.59375,3790,0.0,0.0
2023-12-26 00:00:00+09:00,124083.85582436486,124698.13233834686,123469.57931038285,124347.1171875,4231,0.0,0.0
2023-12-27 00:00:00+09:00,125049.14441055126,125751.17469496137,124698.12926834621,124961.390625,6312,0.0,0.0
2023-12-28 00:00:00+09:00,126102.1908061278,126277.69837857892,125136.89915764665,125663.421875,4963,0.0,0.0
2023-12-29 00:00:00+09:00,126189.9417722068,126979.72583058641,126102.18798794241,126453.203125,3008,0.0,0.0
2024-01-04 00:00:00+09:00,126979.72459709119,126979.72459709119,125575.6640625,125575.6640625,4156,0.0,0.0
2024-01-05 00:00:00+09:00,125838.92855610844,128559.29590983185,125663.42098490048,127857.265625,8685,0.0,0.0
2024-01-09 00:00:00+09:00,126628.70216042803,128647.0390625,126628.70216042803,128647.0390625,5896,0.0,0.0
2024-01-10 00:00:00+09:00,128910.30543432204,130051.10459745764,128559.2903072034,129436.828125,4592,0.0,0.0
2024-01-11 00:00:00+09:00,129612.34069133255,131104.1550391678,129612.34069133255,130226.6171875,4867,0.0,0.0
2024-01-12 00:00:00+09:00,130840.91048569277,131542.9408571787,130402.14150351405,131104.171875,6078,0.0,0.0
2024-01-15 00:00:00+09:00,130840.88833942819,132244.94884474736,130665.38077626331,131981.6875,991,0.0,0.0
2024-01-16 00:00:00+09:00,130840.90291819854,132508.22495404413,130665.39533547795,131279.671875,3645,0.0,0.0
2024-01-17 00:00:00+09:00,131279.65574731902,131718.4246502178,130489.8717221012,130928.640625,4506,0.0,0.0
2024-01-18 00:00:00+09:00,131279.65829675895,131455.16586132682,129612.33643336428,129963.3515625,6246,0.0,0.0
2024-01-19 00:00:00+09:00,131367.4180887016,131630.6794475968,130051.11129422563,131455.171875,6715,0.0,0.0
2024-01-22 00:00:00+09:00,132508.2248405821,136720.40682226946,132508.2248405821,134175.546875,12498,0.0,0.0
2024-01-23 00:00:00+09:00,134877.5403285573,134877.5403285573,132332.6810770751,133210.21875,5772,0.0,0.0
2024-01-24 00:00:00+09:00,133824.52271231072,134965.3219223173,133298.0,133298.0,5266,0.0,0.0
2024-01-25 00:00:00+09:00,132332.6983261159,133034.72855596268,131279.65298134577,131718.421875,6848,0.0,0.0
2024-01-26 00:00:00+09:00,131191.92365362344,132595.984375,131191.92365362344,132595.984375,3925,0.0,0.0
2024-01-29 00:00:00+09:00,131630.671875,132771.47103125,131191.90296875,131630.671875,4671,0.0,0.0
2024-01-30 00:00:00+09:00,132157.20360099338,132683.7263245033,131279.6657284768,132508.21875,4757,0.0,0.0
2024-01-31 00:00:00+09:00,131279.6794678715,131981.7098393574,130489.8952999498,131104.171875,7071,0.0,0.0
2024-02-01 00:00:00+09:00,130138.85912706787,131191.90451447503,129261.32130422856,129963.3515625,8571,0.0,0.0
2024-02-02 00:00:00+09:00,131630.67775016846,131630.67775016846,129875.60204683288,130226.6171875,5923,0.0,0.0
2024-02-05 00:00:00+09:00,130665.38056594154,131016.39569170632,129085.8125,129085.8125,5663,0.0,0.0
2024-02-06 00:00:00+09:00,128998.05417590382,129173.56173260573,127681.7475006395,128647.0390625,6974,0.0,0.0
2024-02-07 00:00:00+09:00,128383.79142780173,128647.05279094828,127155.23839978447,127242.9921875,6820,0.0,0.0
2024-02-08 00:00:00+09:00,128208.28409090909,128734.80681818182,127067.48484848485,127418.5,5998,0.0,0.0
2024-02-09 00:00:00+09:00,127593.99469421344,128032.76358931046,126540.9493459806,126628.703125,8855,0.0,0.0
2024-02-13 00:00:00+09:00,127769.51183939601,128559.29590983185,126628.71262654426,127857.265625,6486,0.0,0.0
2024-02-14 00:00:00+09:00,127594.00207392286,127594.00207392286,126277.69531250001,126277.6953125,6545,0.0,0.0
2024-02-15 00:00:00+09:00,127067.47276093089,127330.73409952398,123557.3215796897,124434.859375,8663,0.0,0.0
2024-02-16 00:00:00+09:00,125400.16119328293,125400.16119328293,122153.27108540926,123294.0703125,10458,0.0,0.0
2024-02-19 00:00:00+09:00,122943.04662370443,123294.0617461133,121890.00125647784,122767.5390625,6086,0.0,0.0
2024-02-20 00:00:00+09:00,122855.29809397164,124347.11242796987,122855.29809397164,123732.8359375,6120,0.0,0.0
2024-02-21 00:00:00+09:00,124259.37544014085,124610.390625,123206.32988556339,124610.390625,7480,0.0,0.0
2024-02-22 00:00:00+09:00,122855.3044527897,124347.11886400214,122679.796875,122679.796875,8764,0.0,0.0
2024-02-26 00:00:00+09:00,124171.60727163461,125926.68299278845,123732.83834134616,125487.9140625,7299,0.0,0.0
2024-02-27 00:00:00+09:00,125663.42163461538,126628.71328125,125400.1602764423,125487.9140625,8794,0.0,0.0
2024-02-28 00:00:00+09:00,125487.91333830758,126102.18983716643,124698.12926834621,124961.390625,9604,0.0,0.0
2024-02-29 00:00:00+09:00,124873.64753202297,125312.41649734983,123732.84822217314,124171.6171875,11485,0.0,0.0
2024-03-01 00:00:00+09:00,125312.3971703103,125400.15094984132,123294.06024109661,124434.859375,6268,0.0,0.0
2024-03-04 00:00:00+09:00,125487.90221527293,126365.4399930021,125049.13332640834,125400.1484375,6417,0.0,0.0
2024-03-05 00:00:00+09:00,126628.71255047401,126891.9739071278,124259.36034058988,124961.390625,5351,0.0,0.0
2024-03-06 00:00:00+09:00,125663.41968705799,125926.68104115098,123469.57506961633,124083.8515625,6809,0.0,0.0
2024-03-07 00:00:00+09:00,124434.85023082387,125136.88041548296,123118.54363458807,123557.3125,8262,0.0,0.0
2024-03-08 00:00:00+09:00,123732.834852582,126453.20214366713,123645.08106899861,125751.171875,15109,0.0,0.0
2024-03-11 00:00:00+09:00,126014.43868862378,127330.7454994381,125663.4235390733,126891.9765625,8399,0.0,0.0
2024-03-12 00:00:00+09:00,127067.4674461057,127067.4674461057,124785.86927373087,126189.9296875,10554,0.0,0.0
2024-03-13 00:00:00+09:00,126277.69740826896,126628.71255047401,124259.36034058988,124961.390625,7421,0.0,0.0
2024-03-14 00:00:00+09:00,125312.40465186593,126979.7265625,124873.63572801487,126979.7265625,7751,0.0,0.0
2024-03-15 00:00:00+09:00,128208.27722067636,129261.32261879281,126979.72425620719,128120.5234375,15000,0.0,0.0
2024-03-18 00:00:00+09:00,127945.02248922414,128120.53006465518,125575.67022090517,127242.9921875,11872,0.0,0.0
2024-03-19 00:00:00+09:00,128208.27440625,133297.99371875,127945.01306249999,131630.671875,11241,0.0,0.0
2024-03-21 00:00:00+09:00,131718.42167075162,134789.80392156861,130489.86877042483,134263.28125,11279,0.0,0.0
2024-03-22 00:00:00+09:00,135140.8361705577,135316.34375,133736.77553501946,135316.34375,10065,0.0,0.0
2024-03-25 00:00:00+09:00,135316.33520507812,135579.5965576172,134175.5360107422,134789.8125,4594,0.0,0.0
2024-03-26 00:00:00+09:00,134789.80168502915,136018.35456497082,134526.5403536131,135404.078125,5421,0.0,0.0
2024-03-27 00:00:00+09:00,136457.14301637484,136808.1581752594,134877.57480139428,135316.34375,7935,0.0,0.0
2024-03-28 00:00:00+09:00,136193.86159844056,136369.3691520468,134614.2936159844,135053.0625,9276,0.0,0.0
2024-03-29 00:00:00+09:00,136018.37649198822,136018.37649198822,132508.2248405821,134175.546875,3794,0.0,0.0
2024-04-01 00:00:00+09:00,134526.54207282112,135579.587411943,133122.4816206586,133912.265625,3470,0.0,0.0
2024-04-02 00:00:00+09:00,133385.7386736704,134087.76887721603,132508.20091923836,133649.0,4915,0.0,0.0
2024-04-03 00:00:00+09:00,132946.98290918162,132946.98290918162,130928.64587491682,131893.9375,5572,0.0,0.0
2024-04-04 00:00:00+09:00,131806.17565373084,132069.4369899234,131016.39164515323,131718.421875,4860,0.0,0.0
2024-04-05 00:00:00+09:00,132069.4392641129,132069.4392641129,129436.82585685485,130577.625,6988,0.0,0.0
2024-04-08 00:00:00+09:00,130753.14300496689,132771.48011175497,130226.62028145694,132508.21875,5613,0.0,0.0
2024-04-09 00:00:00+09:00,133122.49386634553,135053.0771656597,132771.47872101568,134351.046875,4978,0.0,0.0
2024-04-10 00:00:00+09:00,134965.32479304634,135140.83236754965,132508.21875,132508.21875,5011,0.0,0.0
2024-04-11 00:00:00+09:00,131981.70209287116,134175.546875,131016.41038873447,134175.546875,6421,0.0,0.0
2024-04-12 00:00:00+09:00,134263.28582114363,134263.28582114363,130840.88833942819,131981.6875,6525,0.0,0.0
2024-04-15 00:00:00+09:00,131981.6950732357,132595.97157956057,131718.43371338217,131806.1875,4327,0.0,0.0
2024-04-16 00:00:00+09:00,132244.953125,134175.53638229927,131718.43041846383,132244.953125,6376,0.0,0.0
2024-04-17 00:00:00+09:00,132683.72350230414,134351.04542462146,132420.46214614878,133298.0,5032,0.0,0.0
2024-04-18 00:00:00+09:00,132595.97253725166,133736.77177152317,132508.21875,132508.21875,4128,0.0,0.0
2024-04-19 00:00:00+09:00,132244.953125,133122.49096922693,131279.66149635037,132244.953125,5478,0.0,0.0
2024-04-22 00:00:00+09:00,132508.23102310233,134263.30693069307,132508.23102310233,132947.0,5487,0.0,0.0
2024-04-23 00:00:00+09:00,134263.29163923633,134702.06056616193,133034.7386438446,133298.0,5588,0.0,0.0
2024-04-24 00:00:00+09:00,133561.2527676801,133824.5141069068,131981.6847323199,132771.46875,3579,0.0,0.0
2024-04-25 00:00:00+09:00,132508.2192247358,133561.2646755284,132157.2040744716,132859.234375,5115,0.0,0.0
2024-04-26 00:00:00+09:00,132859.23203176164,134000.03125,132157.20174361495,134000.03125,5286,0.0,0.0
2024-04-30 00:00:00+09:00,134087.799339934,134438.81452145215,132947.0,132947.0,7641,0.0,0.0
2024-05-01 00:00:00+09:00,133034.711215415,133297.97251729248,131806.15847332016,133210.21875,4944,0.0,0.0
2024-05-02 00:00:00+09:00,133473.50853388998,134877.56911018337,133210.247175835,134000.03125,14384,0.0,0.0
2024-05-07 00:00:00+09:00,134087.796875,134965.3348126636,133736.78169993454,134087.796875,8817,0.0,0.0
2024-05-08 00:00:00+09:00,133824.5016163793,134263.27047413794,132157.17995689655,132332.6875,11512,0.0,0.0
2024-05-09 00:00:00+09:00,133034.711215415,133561.23381916995,132595.94237895258,133210.21875,4921,0.0,0.0
2024-05-10 00:00:00+09:00,133034.75335043017,133385.7685307743,131542.93883396758,132595.984375,9377,0.0,0.0
2024-05-13 00:00:00+09:00,132595.98481848184,132947.0,131718.44686468647,132947.0,4742,0.0,0.0
2024-05-14 00:00:00+09:00,132595.9654621537,133385.74950527705,132508.21167958443,133034.734375,4154,0.0,0.0
2024-05-15 00:00:00+09:00,132859.21012931035,133210.22521551725,131806.16487068965,132332.6875,6133,0.0,0.0
2024-05-16 00:00:00+09:00,132244.96070390366,132595.97586171096,131191.91523048174,132069.453125,5173,0.0,0.0
2024-05-17 00:00:00+09:00,131455.16053880745,132244.94454738506,131016.39164515323,131718.421875,6641,0.0,0.0
2024-05-20 00:00:00+09:00,131718.42845615358,131893.9360223843,130665.38305876928,130840.890625,5899,0.0,0.0
2024-05-21 00:00:00+09:00,131016.39819123072,131806.18223926894,130402.1217094232,130840.890625,5472,0.0,0.0
2024-05-22 00:00:00+09:00,130840.89368366745,130928.64746883423,129787.8482616661,130226.6171875,4966,0.0,0.0
2024-05-23 00:00:00+09:00,130138.8583792373,130489.87350635594,128647.04408898306,129436.828125,6619,0.0,0.0
2024-05-24 00:00:00+09:00,128998.06298761873,129700.09326238128,128471.54028154681,129349.078125,6489,0.0,0.0
2024-05-27 00:00:00+09:00,129787.83946265244,129875.59324186992,128734.79411204268,129524.578125,4773,0.0,0.0
2024-05-28 00:00:00+09:00,129173.56752194464,130138.85912706787,128998.05995737678,129963.3515625,5787,0.0,0.0
2024-05-29 00:00:00+09:00,129875.60046038916,129875.60046038916,126189.94152840515,126277.6953125,21229,0.0,0.0
2024-05-30 00:00:00+09:00,126033.73767921148,126303.80997423836,124503.32800739248,125583.6171875,14716,3629.0,0.0
2024-05-31 00:00:00+09:00,126213.7675683524,126303.79165363654,125223.50263022695,125943.6953125,24728,0.0,0.0
2024-06-03 00:00:00+09:00,126573.87369051848,127834.2109818892,126303.80141379617,126753.921875,7787,0.0,0.0
2024-06-04 00:00:00+09:00,127564.13477955599,127834.20704796718,126213.7734375,126213.7734375,7208,0.0,0.0
2024-06-05 00:00:00+09:00,126933.9739325495,127744.19078743811,126573.877552599,127294.0703125,6133,0.0,0.0
2024-06-06 00:00:00+09:00,127204.05138178774,127654.171875,126303.8103953632,127654.171875,4331,0.0,0.0
2024-06-07 00:00:00+09:00,127114.00842119372,127294.05659176198,125313.52671551109,125943.6953125,7602,0.0,0.0
2024-06-10 00:00:00+09:00,126033.73044096728,127114.01955903272,125763.65816145093,126573.875,7353,0.0,0.0
2024-06-11 00:00:00+09:00,127654.15886902639,128014.25522690799,126213.7734375,126213.7734375,5499,0.0,0.0
2024-06-12 00:00:00+09:00,126753.92508833922,128104.28650618375,126483.85280477033,127384.09375,7977,0.0,0.0
2024-06-13 00:00:00+09:00,128464.37962757458,128464.37962757458,126573.87369051848,126753.921875,7791,0.0,0.0
2024-06-14 00:00:00+09:00,126843.94657329105,127834.2115926709,126753.92248062015,127744.1875,7883,0.0,0.0
2024-06-17 00:00:00+09:00,127474.1210443038,128284.33791534811,127114.024657173,128014.265625,7998,0.0,0.0
2024-06-18 00:00:00+09:00,128284.33265952798,128914.50131118883,127654.16400786713,128734.453125,6843,0.0,0.0
2024-06-19 00:00:00+09:00,128554.39519364969,129184.56379754013,128014.25067602932,129004.515625,4546,0.0,0.0
2024-06-20 00:00:00+09:00,128914.50328486334,129814.74422959004,127924.23824566398,128464.3828125,4003,0.0,0.0
2024-06-21 00:00:00+09:00,128284.34176404937,129454.65505733543,128014.26946559874,128554.4140625,7582,0.0,0.0
2024-06-24 00:00:00+09:00,129544.66014262039,129544.66014262039,128284.3229348395,129004.515625,3947,0.0,0.0
2024-06-25 00:00:00+09:00,129544.67441797686,130354.89128369039,129184.57803321528,130264.8671875,4765,0.0,0.0
2024-06-26 00:00:00+09:00,129994.7864511395,130444.90690284013,129724.71418011913,130354.8828125,5090,0.0,0.0
2024-06-27 00:00:00+09:00,129904.76303898083,129994.78712979094,128194.30531358885,129184.5703125,6569,0.0,0.0
2024-06-28 00:00:00+09:00,129814.73502011897,129814.73502011897,127564.13281796711,128644.421875,6323,0.0,0.0
2024-07-01 00:00:00+09:00,128824.47661205074,129184.57298273432,127564.13931465821,127744.1875,6110,0.0,0.0
2024-07-02 00:00:00+09:00,128284.33462355466,128644.43100144534,127384.09367882797,128464.3828125,5098,0.0,0.0
2024-07-03 00:00:00+09:00,127834.2174314346,128284.33791534811,126843.9523668249,128014.265625,8107,0.0,0.0
2024-07-04 00:00:00+09:00,128464.3814408397,129814.74284351146,128104.2850667939,129724.71875,6202,0.0,0.0
2024-07-05 00:00:00+09:00,129994.78775501384,130174.8359375,128914.49866009681,130174.8359375,6841,0.0,0.0
2024-07-08 00:00:00+09:00,130534.92904143503,131165.0976643937,129274.59179551773,129544.6640625,7700,0.0,0.0
2024-07-09 00:00:00+09:00,129094.54425646552,130534.9296875,128644.42380926725,130534.9296875,6480,0.0,0.0
2024-07-10 00:00:00+09:00,129724.71290432152,130354.8815305049,128374.3515625,128374.3515625,5149,0.0,0.0
2024-07-11 00:00:00+09:00,129004.54486747041,129274.6171875,128374.37612073468,129274.6171875,4375,0.0,0.0
2024-07-12 00:00:00+09:00,128734.45567845966,130444.91348118047,128734.45567845966,129454.6484375,9126,0.0,0.0
2024-07-16 00:00:00+09:00,130444.90559806034,130534.9296875,129724.71288254311,130534.9296875,5188,0.0,0.0
2024-07-17 00:00:00+09:00,130534.94201030929,131525.20708762886,129814.74922680412,130985.0625,5053,0.0,0.0
2024-07-18 00:00:00+09:00,130805.00912624913,131615.22597562027,130354.8886543763,130624.9609375,4958,0.0,0.0
2024-07-19 00:00:00+09:00,131075.08737864078,131165.11147711513,129274.60540915396,129814.75,4641,0.0,0.0
2024-07-22 00:00:00+09:00,129904.76832406272,129994.79241853539,127474.11777330063,128464.3828125,7277,0.0,0.0
2024-07-23 00:00:00+09:00,128104.26691150598,128284.31507301197,127114.00202322309,127924.21875,5828,0.0,0.0
2024-07-24 00:00:00+09:00,128194.3119249823,128464.38421134112,126843.95049318825,127204.046875,8382,0.0,0.0
2024-07-25 00:00:00+09:00,127204.04102393618,128734.45057624114,126843.94465868795,126933.96875,7759,0.0,0.0
2024-07-26 00:00:00+09:00,127114.0214664311,128194.31060070673,127114.0214664311,127384.09375,5805,0.0,0.0
2024-07-29 00:00:00+09:00,128014.25520468093,128374.3515625,127023.99022067848,128374.3515625,6606,0.0,0.0
2024-07-30 00:00:00+09:00,128374.34960523994,129094.54230989768,127294.06054825334,127564.1328125,9986,0.0,0.0
2024-07-31 00:00:00+09:00,128104.2818710774,129724.71551385983,128014.25777981171,129094.546875,6262,0.0,0.0
2024-08-01 00:00:00+09:00,128734.455095918,129094.5514738087,127023.99730093728,128464.3828125,8790,0.0,0.0
2024-08-02 00:00:00+09:00,127654.15358994993,128374.34627592989,125763.6477892525,125853.671875,11573,0.0,0.0
2024-08-05 00:00:00+09:00,122252.71560123574,124143.22151259506,118201.63150546578,118381.6796875,19073,0.0,0.0
2024-08-06 00:00:00+09:00,121082.40814254062,126033.73338257016,119551.99852289513,121892.625,14420,0.0,0.0
2024-08-07 00:00:00+09:00,120812.33442028986,128374.35833333334,120362.21394927536,124233.25,15244,0.0,0.0
2024-08-08 00:00:00+09:00,123783.13533758135,125943.71369983732,123783.13533758135,124503.328125,8909,0.0,0.0
2024-08-09 00:00:00+09:00,124593.33722627738,125403.55401459854,123333.0,123333.0,12052,0.0,0.0
2024-08-13 00:00:00+09:00,123513.06304229936,125943.71369983732,123513.06304229936,124503.328125,9864,0.0,0.0
2024-08-14 00:00:00+09:00,124953.44448867657,127204.046875,124683.37220231777,127204.046875,7752,0.0,0.0
2024-08-15 00:00:00+09:00,126033.72332050385,128644.42187500001,125313.53061581527,128644.421875,7210,0.0,0.0
2024-08-16 00:00:00+09:00,128734.4725474408,130444.93057429492,127834.23148067549,129274.6171875,7010,0.0,0.0
2024-08-19 00:00:00+09:00,128824.47394925958,129904.76303898083,128284.32940439896,129184.5703125,7298,0.0,0.0
2024-08-20 00:00:00+09:00,130174.8359375,130354.88411998616,129274.59502506915,130174.8359375,5180,0.0,0.0
2024-08-21 00:00:00+09:00,129904.76303898083,130624.95576546167,129184.5703125,129184.5703125,4997,0.0,0.0
2024-08-22 00:00:00+09:00,129364.61781875863,130714.9791738605,128644.42509603764,130354.8828125,7381,0.0,0.0
2024-08-23 00:00:00+09:00,130264.860683391,130985.05341695502,129364.61976643598,130084.8125,5512,0.0,0.0
2024-08-26 00:00:00+09:00,130354.8879993113,130714.984375,129094.55068440082,130714.984375,6921,0.0,0.0
2024-08-27 00:00:00+09:00,130805.00963577001,132695.515625,130264.86506741859,132695.515625,5334,0.0,0.0
2024-08-28 00:00:00+09:00,132245.3951513738,133595.75657225237,131615.22648829714,132695.515625,9163,0.0,0.0
2024-08-29 00:00:00+09:00,132605.48111357435,133415.69790245566,130985.04753581174,131975.3125,8150,0.0,0.0
2024-08-30 00:00:00+09:00,131165.0976643937,131435.16993137595,128734.44726155316,129544.6640625,14682,0.0,0.0
2024-09-02 00:00:00+09:00,129544.66996284966,129814.74224213288,128464.38084571679,128734.453125,14667,0.0,0.0
2024-09-03 00:00:00+09:00,128734.46105870945,128914.50925599436,127114.02728314527,127654.171875,14394,0.0,0.0
2024-09-04 00:00:00+09:00,127384.10103387643,128194.31793091168,126033.73953881767,126393.8359375,15956,0.0,0.0
2024-09-05 00:00:00+09:00,126573.86456097997,127294.05724695994,125493.57553201001,125853.671875,14402,0.0,0.0
2024-09-06 00:00:00+09:00,125853.6862729647,126303.80675319704,124953.4453125,124953.4453125,11523,0.0,0.0
2024-09-09 00:00:00+09:00,124953.4461665444,125043.47026320617,122522.79555667646,122702.84375,17722,0.0,0.0
2024-09-10 00:00:00+09:00,123332.99552285817,125583.59763093952,123332.99552285817,125043.453125,15371,0.0,0.0
2024-09-11 00:00:00+09:00,124053.20708819242,124413.3034803207,122792.86971574344,123513.0625,13452,0.0,0.0
2024-09-12 00:00:00+09:00,124143.22583849676,125493.58725080818,123783.12946188038,125313.5390625,7262,0.0,0.0
2024-09-13 00:00:00+09:00,125313.54037769785,125853.68494829137,124593.34761690648,125133.4921875,10809,0.0,0.0
2024-09-17 00:00:00+09:00,125223.50780693158,126303.796875,124503.31509488595,126303.796875,8537,0.0,0.0
2024-09-18 00:00:00+09:00,125943.69596074749,126663.88864672746,124863.40693177753,125853.671875,8626,0.0,0.0
2024-09-19 00:00:00+09:00,125763.65364025696,126843.94271948609,125583.60546038544,126123.75,4380,0.0,0.0
2024-09-20 00:00:00+09:00,125763.65816145093,127474.1159317212,125763.65816145093,126573.875,13423,0.0,0.0
2024-09-24 00:00:00+09:00,127384.08725910065,127384.08725910065,125583.60546038544,126123.75,6373,0.0,0.0
2024-09-25 00:00:00+09:00,125943.71543914708,127114.02873486467,125043.47444244123,126393.8359375,8207,0.0,0.0
2024-09-26 00:00:00+09:00,126483.85215285135,127654.16537561794,126393.82805879238,127474.1171875,6097,0.0,0.0
2024-09-27 00:00:00+09:00,127474.10872441778,127834.20507674664,126123.74740318455,127564.1328125,9135,0.0,0.0
2024-09-30 00:00:00+09:00,126033.73121832006,126303.80349950217,124233.24934377262,124323.2734375,12221,0.0,0.0
2024-10-01 00:00:00+09:00,125493.58269872026,125493.58269872026,124503.31769894557,124863.4140625,6245,0.0,0.0
2024-10-02 00:00:00+09:00,124593.34637681159,124683.3704710145,123963.1777173913,124233.25,6216,0.0,0.0
2024-10-03 00:00:00+09:00,124143.23118622448,125133.49626457725,123513.0625,123513.0625,8554,0.0,0.0
2024-10-04 00:00:00+09:00,123783.13413260198,124233.25462035689,123333.01364484706,123603.0859375,7974,0.0,0.0
2024-10-07 00:00:00+09:00,123693.08843427835,124053.18476159793,122162.67904317011,122252.703125,8249,0.0,0.0
2024-10-08 00:00:00+09:00,122252.71353404099,123152.95442898975,121892.6171760615,122972.90625,5342,0.0,0.0
2024-10-09 00:00:00+09:00,123783.13468095195,124593.3515625,123783.13468095195,124593.3515625,4843,0.0,0.0
2024-10-10 00:00:00+09:00,124233.24087591241,124323.26496350365,123333.0,123333.0,5345,0.0,0.0
2024-10-11 00:00:00+09:00,123513.05789974619,124503.32294121645,123152.96152102972,124143.2265625,6255,0.0,0.0
2024-10-15 00:00:00+09:00,125583.60947757111,125583.60947757111,123152.95897155361,123423.03125,5746,0.0,0.0
2024-10-16 00:00:00+09:00,123152.95377651793,123603.07422160753,122432.76106437454,123062.9296875,4012,0.0,0.0
2024-10-17 00:00:00+09:00,123062.93684324744,123693.10550301535,122792.86456048978,123152.9609375,4609,0.0,0.0
2024-10-18 00:00:00+09:00,123423.03125,123873.1517140773,122882.88669310721,123423.03125,4302,0.0,0.0
2024-10-21 00:00:00+09:00,123333.0,123603.07226277373,122612.80729927008,123333.0,4002,0.0,0.0
2024-10-22 00:00:00+09:00,123152.94394329897,123332.99210695876,121712.55863402062,122252.703125,7807,0.0,0.0
2024-10-23 00:00:00+09:00,122072.67376373627,123333.01110347985,121802.60147664836,122882.890625,5992,0.0,0.0
2024-10-24 00:00:00+09:00,122432.76957163958,122882.89004800591,121892.625,121892.625,5564,0.0,0.0
2024-10-25 00:00:00+09:00,121892.6152358143,122432.7597641857,121172.42253131908,122162.6875,6833,0.0,0.0
2024-10-28 00:00:00+09:00,121712.55863402062,122792.84761597938,121622.53455219071,122252.703125,5274,0.0,0.0
2024-10-29 00:00:00+09:00,122252.72326669113,123152.96423330889,121622.5545900587,122702.84375,4354,0.0,0.0
2024-10-30 00:00:00+09:00,122702.83333142831,123783.12239964338,122612.8092424104,123062.9296875,5796,0.0,0.0
2024-10-31 00:00:00+09:00,122882.88150946416,123423.02604357169,121982.64061928494,123062.9296875,8698,0.0,0.0
2024-11-01 00:00:00+09:00,122522.78385224761,123242.97655674281,121982.6393238762,122162.6875,6969,0.0,0.0
2024-11-05 00:00:00+09:00,124863.41343227653,125763.65433661883,123873.1484375,123873.1484375,8458,0.0,0.0
2024-11-06 00:00:00+09:00,124143.23239078329,124953.44928093343,123603.08779734986,124413.3046875,9143,0.0,0.0
2024-11-07 00:00:00+09:00,124683.3704710145,124863.41865942029,123963.1777173913,124233.25,7195,0.0,0.0
2024-11-08 00:00:00+09:00,124593.33013280689,126213.76361719311,124593.33013280689,125403.546875,12461,0.0,0.0
2024-11-11 00:00:00+09:00,125493.57354661627,125943.69396823255,124053.18819744421,125043.453125,11171,0.0,0.0
2024-11-12 00:00:00+09:00,125043.46809240108,125583.61266299461,124593.34761690648,125133.4921875,4865,0.0,0.0
2024-11-13 00:00:00+09:00,125043.46940854646,125853.6862729647,124503.32483226765,124953.4453125,8130,0.0,0.0
2024-11-14 00:00:00+09:00,125133.50081699346,125493.59722222222,123963.1875,123963.1875,7641,0.0,0.0
2024-11-15 00:00:00+09:00,124413.30336660043,125313.54434609826,124053.2069748013,124593.3515625,9572,0.0,0.0
2024-11-18 00:00:00+09:00,124593.34761690648,125763.66085319244,124593.34761690648,125133.4921875,6318,0.0,0.0
2024-11-19 00:00:00+09:00,125853.6913394765,127294.07693420583,125583.61904046475,126393.8359375,10425,0.0,0.0
2024-11-20 00:00:00+09:00,127294.06840524911,127654.16477980427,126213.77928158363,126483.8515625,8781,0.0,0.0
2024-11-21 00:00:00+09:00,127384.0924988879,128104.28524799822,126483.8515625,126483.8515625,12683,0.0,0.0
2024-11-22 00:00:00+09:00,126663.89647606383,127744.18557180851,126393.82420212767,126933.96875,7141,0.0,0.0
2024-11-25 00:00:00+09:00,127564.14457831327,129004.53012048194,127024.00000000001,127024.0,9443,0.0,0.0
2024-11-26 00:00:00+09:00,127204.04431161033,127744.18887344307,126213.77928158363,126483.8515625,8084,0.0,0.0
2024-11-27 00:00:00+09:00,126393.81704098068,127564.1301617305,125223.50392023085,125763.6484375,19714,0.0,0.0
2024-11-28 00:00:00+09:00,125797.92266195254,127372.71256272809,125612.65326186131,126909.5390625,12702,3937.0,0.0
2024-11-29 00:00:00+09:00,126816.91382783883,127465.35677655677,126353.74029304029,126446.375,8189,0.0,0.0
2024-12-02 00:00:00+09:00,126816.9140625,127465.35701241782,126539.00994110665,126816.9140625,8109,0.0,0.0
2024-12-03 00:00:00+09:00,127372.72300416365,128021.16595763939,126909.54946596669,127928.53125,10001,0.0,0.0
2024-12-04 00:00:00+09:00,128113.80210800839,128391.70623405612,127002.18560381743,127094.8203125,9580,0.0,0.0
2024-12-05 00:00:00+09:00,127187.45358888486,128669.60891111514,127094.81888124548,127928.53125,10236,0.0,0.0
2024-12-06 00:00:00+09:00,127928.5161762059,130059.11420086393,127928.5161762059,128669.59375,12448,0.0,0.0
2024-12-09 00:00:00+09:00,128669.60652633733,129318.04946779476,126724.27770196507,127280.0859375,13963,0.0,0.0
2024-12-10 00:00:00+09:00,127280.09095612583,127280.09095612583,125797.93560292495,125890.5703125,8284,0.0,0.0
2024-12-11 00:00:00+09:00,125797.921875,126631.63417019515,125520.01777660163,125797.921875,7278,0.0,0.0
2024-12-12 00:00:00+09:00,126075.8297612463,126075.8297612463,125242.11744100295,125612.65625,8567,0.0,0.0
2024-12-13 00:00:00+09:00,125242.11555821665,126075.82786592668,124964.21145564665,125705.2890625,11907,0.0,0.0
2024-12-16 00:00:00+09:00,125890.56415020309,126168.46826532496,124778.94768971566,125427.390625,6541,0.0,0.0
2024-12-17 00:00:00+09:00,125334.74973939029,125890.55794222571,124686.30683608228,124964.2109375,6415,0.0,0.0
2024-12-18 00:00:00+09:00,125334.76183118082,126724.28247232472,125056.85770295202,125520.03125,8092,0.0,0.0
2024-12-19 00:00:00+09:00,124315.76829268293,126075.82760532151,124223.13359201774,125334.75,9796,0.0,0.0
2024-12-20 00:00:00+09:00,127002.18371039694,128113.80019801529,126446.37546658776,127187.453125,11939,0.0,0.0
2024-12-23 00:00:00+09:00,127465.3518115942,128206.4294384058,127280.0824048913,127835.890625,8023,0.0,0.0
2024-12-24 00:00:00+09:00,128854.8828125,129503.3257885514,128206.4398364486,128854.8828125,6969,0.0,0.0
2024-12-25 00:00:00+09:00,128947.50403515065,129410.67754102404,128391.69582810259,129132.7734375,3491,0.0,0.0
2024-12-26 00:00:00+09:00,129410.67856272163,130614.9296875,129132.77445700354,130614.9296875,5533,0.0,0.0
2024-12-27 00:00:00+09:00,130800.20714727722,131819.18893100249,130337.03360922029,130985.4765625,7742,0.0,0.0
2024-12-30 00:00:00+09:00,131448.64581298828,131448.64581298828,129688.58642578125,130429.6640625,9100,0.0,0.0
2025-01-06 00:00:00+09:00,132189.72418573944,133023.43653169015,131356.01183978873,131541.28125,10587,0.0,0.0
2025-01-07 00:00:00+09:00,131541.28504055008,132282.36270275037,130892.84208612483,131356.015625,5811,0.0,0.0
2025-01-08 00:00:00+09:00,132004.46239406778,132282.3665254237,131170.75,131170.75,6704,0.0,0.0
2025-01-09 00:00:00+09:00,130892.84185488861,131263.38068533415,130059.12948638614,130985.4765625,7639,0.0,0.0
2025-01-10 00:00:00+09:00,130614.9363141251,132374.99573963459,130614.9363141251,131819.1875,6579,0.0,0.0
2025-01-14 00:00:00+09:00,133116.08106501057,133116.08106501057,131448.65625,131448.65625,8186,0.0,0.0
2025-01-15 00:00:00+09:00,131356.01986042838,132097.09754652387,130800.21159585674,131911.828125,11449,0.0,0.0
2025-01-16 00:00:00+09:00,131448.65500611032,133116.07980534216,131448.65500611032,132652.90625,6516,0.0,0.0
2025-01-17 00:00:00+09:00,132838.16217334496,133301.3356816202,132097.08456010453,132930.796875,10431,0.0,0.0
2025-01-20 00:00:00+09:00,133301.3356816202,133579.23978658536,132745.5274716899,132930.796875,12314,0.0,0.0
2025-01-21 00:00:00+09:00,132930.81081814237,133857.15793185763,132930.81081814237,133393.984375,8227,0.0,0.0
2025-01-22 00:00:00+09:00,134876.13470790378,137099.3676975945,134042.42233676976,134783.5,13672,0.0,0.0
2025-01-23 00:00:00+09:00,134783.49953567726,134968.76895084657,133764.51775224603,134042.421875,7456,0.0,0.0
2025-01-24 00:00:00+09:00,134505.5925767918,136265.65198378838,134042.41904863482,135709.84375,9678,0.0,0.0
2025-01-27 00:00:00+09:00,136265.65924916108,138118.35346057048,136265.65924916108,138025.71875,9836,0.0,0.0
2025-01-28 00:00:00+09:00,137747.81383396758,141175.29810555922,137562.54441388152,139971.046875,10838,0.0,0.0
2025-01-29 00:00:00+09:00,139785.77745491397,140712.12455534414,139415.2386147419,139971.046875,8185,0.0,0.0
2025-01-30 00:00:00+09:00,139878.40411413406,140248.94293297944,138674.15295288654,139600.5,9552,0.0,0.0
2025-01-31 00:00:00+09:00,139600.49785987366,139600.49785987366,138581.5161236702,139322.59375,7705,0.0,0.0
2025-02-03 00:00:00+09:00,139322.6001321877,140526.8513301388,139137.3307171183,140156.3125,7029,0.0,0.0
2025-02-04 00:00:00+09:00,140156.30871493398,140990.02106023103,139693.13518976897,140341.578125,4892,0.0,0.0
2025-02-05 00:00:00+09:00,140434.19766566265,140526.8323606928,137933.0608998494,138396.234375,7865,0.0,0.0
2025-02-06 00:00:00+09:00,138674.15882999005,139693.140625,138210.9852868037,139693.140625,5711,0.0,0.0
2025-02-07 00:00:00+09:00,138766.7796282435,139785.76132110777,138025.70203343313,139229.953125,6292,0.0,0.0
2025-02-10 00:00:00+09:00,139229.95475216958,139971.03235564087,138025.7036465287,138766.78125,8899,0.0,0.0
2025-02-12 00:00:00+09:00,139044.69389486755,140248.9450745033,139044.69389486755,139878.40625,5477,0.0,0.0
2025-02-13 00:00:00+09:00,139971.0430849306,140619.4860376735,139415.2348397224,140156.3125,5554,0.0,0.0
2025-02-14 00:00:00+09:00,139600.49835689485,140434.2106894841,139415.22894965278,140063.671875,7311,0.0,0.0
2025-02-17 00:00:00+09:00,140063.68879252835,140434.22765176784,137469.9167778519,138859.4375,9950,0.0,0.0
2025-02-18 00:00:00+09:00,139044.70692961974,139415.24578885923,138303.62921114077,138859.4375,5754,0.0,0.0
2025-02-19 00:00:00+09:00,138859.4375,139693.14993328886,138303.62921114077,138859.4375,5275,0.0,0.0
2025-02-20 00:00:00+09:00,138859.4282472646,139785.77533363726,138488.8894127155,139693.140625,4758,0.0,0.0
2025-02-21 00:00:00+09:00,138488.88895833335,139507.87075,138210.98483333335,138952.0625,5304,0.0,0.0
2025-02-25 00:00:00+09:00,139229.9738218246,139229.9738218246,137284.64484627018,137840.453125,8827,0.0,0.0
2025-02-26 00:00:00+09:00,139415.2241530374,139415.2241530374,136821.45254088787,138766.78125,12240,0.0,0.0
2025-02-27 00:00:00+09:00,138396.25425,138952.0625,137192.00304166667,138952.0625,8694,0.0,0.0
2025-02-28 00:00:00+09:00,138025.7144962938,139693.13923517521,137099.36741913747,137469.90625,12424,0.0,0.0
2025-03-03 00:00:00+09:00,137655.17990771812,139044.70056627516,136728.83280201344,138025.71875,7517,0.0,0.0
2025-03-04 00:00:00+09:00,138025.70971513606,138581.51794217687,135895.1115114796,136173.015625,9749,0.0,0.0
2025-03-05 00:00:00+09:00,136543.54850238256,137191.99140571817,135431.9320966644,136080.375,6223,0.0,0.0
2025-03-06 00:00:00+09:00,135617.2128332194,135987.75166609706,134042.42279348942,135524.578125,7716,0.0,0.0
2025-03-07 00:00:00+09:00,134042.4214080959,134598.22965166782,132374.9966773801,133301.34375,8835,0.0,0.0
2025-03-10 00:00:00+09:00,133301.33732517483,133764.51083916082,132467.625,132467.625,6660,0.0,0.0
2025-03-11 00:00:00+09:00,131911.82980972517,132560.27279334038,130522.30913054968,131448.65625,11408,0.0,0.0
2025-03-12 00:00:00+09:00,131078.09859385932,133116.06196422322,130892.82919655353,132374.984375,6955,0.0,0.0
2025-03-13 00:00:00+09:00,132374.9886650697,133579.23978658536,132189.71926175957,132930.796875,5834,0.0,0.0
2025-03-14 00:00:00+09:00,132374.9966773801,133579.24787178598,132374.9966773801,133301.34375,10535,0.0,0.0
2025-03-17 00:00:00+09:00,133393.99199164347,133857.16557494778,132467.64482503483,133023.453125,5748,0.0,0.0
2025-03-18 00:00:00+09:00,132004.45247665976,133949.78125,132004.45247665976,133949.78125,9607,0.0,0.0
2025-03-19 00:00:00+09:00,133671.87927018633,134505.59161490685,133301.34045031056,134227.6875,7598,0.0,0.0
2025-03-21 00:00:00+09:00,134227.6836043074,137099.359375,134042.41419974662,137099.359375,64619,0.0,0.0
2025-03-24 00:00:00+09:00,137655.17330298014,141082.65742963576,137377.26918460266,139878.40625,20787,0.0,0.0
2025-03-25 00:00:00+09:00,140156.2974194609,142101.62606837606,139507.85453648915,140897.375,12913,0.0,0.0
2025-03-26 00:00:00+09:00,140897.39486124754,142009.01138875246,140248.95188686968,141453.203125,9883,0.0,0.0
2025-03-27 00:00:00+09:00,140990.01989937827,141823.73223781088,139971.03815240512,141545.828125,6571,0.0,0.0
2025-03-28 00:00:00+09:00,140804.75971033575,140897.3944206715,139878.4126069783,140712.125,7011,0.0,0.0
2025-03-31 00:00:00+09:00,140063.6742092867,140156.30891445154,137284.63305434052,137655.171875,9047,0.0,0.0
2025-04-01 00:00:00+09:00,138674.15197434608,139322.5949027498,137747.80493376928,138118.34375,5858,0.0,0.0
2025-04-02 00:00:00+09:00,138766.78784675236,138859.42255159,136173.01611129905,136914.09375,4253,0.0,0.0
2025-04-03 00:00:00+09:00,134320.33445424947,135154.046875,133764.52617374912,135154.046875,7651,0.0,0.0
2025-04-04 00:00:00+09:00,135154.04476090317,135339.31418483861,133671.88936941966,134876.140625,9238,0.0,0.0
2025-04-07 00:00:00+09:00,129318.0436077525,132652.89286984352,128206.42718705548,130244.390625,17000,0.0,0.0
2025-04-08 00:00:00+09:00,132189.72302424983,134690.8600401256,131819.18420708305,132745.53125,10628,0.0,0.0
2025-04-09 00:00:00+09:00,131541.27685377686,134227.6832120582,131170.73804573805,133671.875,16990,0.0,0.0
2025-04-10 00:00:00+09:00,134876.13187372708,137655.173052444,133857.15010819756,136450.921875,11061,0.0,0.0
2025-04-11 00:00:00+09:00,135339.3075139736,137192.0016620088,133949.78690294715,136728.828125,7994,0.0,0.0
2025-04-14 00:00:00+09:00,137377.2618476431,138581.51296296297,136914.08834175084,137562.53125,4901,0.0,0.0
2025-04-15 00:00:00+09:00,137562.53453389832,138396.24686440677,136173.01398305086,136636.1875,6751,0.0,0.0
2025-04-16 00:00:00+09:00,137747.8103731469,138396.25332715633,136821.46329599057,137469.90625,5721,0.0,0.0
2025-04-17 00:00:00+09:00,137747.80753786617,139415.23224242675,137469.9034204394,139137.328125,7967,0.0,0.0
2025-04-18 00:00:00+09:00,139415.24578885923,140063.68879252835,138859.4375,138859.4375,6245,0.0,0.0
2025-04-21 00:00:00+09:00,138396.25591555182,139137.3335911371,138025.7170777592,138488.890625,2512,0.0,0.0
2025-04-22 00:00:00+09:00,138118.34636110187,139137.328125,138025.71165529295,139137.328125,4624,0.0,0.0
2025-04-23 00:00:00+09:00,139600.49571119255,139785.7651149234,138488.87928880745,139044.6875,4849,0.0,0.0
2025-04-24 00:00:00+09:00,138952.05608651912,139229.96019869216,138118.34375,138118.34375,4592,0.0,0.0
2025-04-25 00:00:00+09:00,138766.79643456376,139044.70056627516,137562.54519714764,138025.71875,6050,0.0,0.0
2025-04-28 00:00:00+09:00,138118.35978152102,139507.88050366912,137933.09035190128,138859.4375,5112,0.0,0.0
2025-04-30 00:00:00+09:00,138859.42400757322,139878.40577147136,138025.71165529295,139137.328125,5083,0.0,0.0
2025-05-01 00:00:00+09:00,139878.40672348486,141082.657907197,139229.9637784091,140619.484375,5941,0.0,0.0
2025-05-02 00:00:00+09:00,140804.74562540505,143676.42135855477,140712.1109243357,142935.34375,9139,0.0,0.0
2025-05-07 00:00:00+09:00,143120.62121242727,143861.69886271816,142657.44768099548,143305.890625,9829,0.0,0.0
2025-05-08 00:00:00+09:00,143120.6180975949,143120.6180975949,141267.92401218915,141545.828125,7784,0.0,0.0
2025-05-09 00:00:00+09:00,141545.81896551725,142379.53125,141175.2801724138,142379.53125,8158,0.0,0.0
2025-05-12 00:00:00+09:00,142564.80708279432,143305.88470245796,142008.9988680466,143213.25,5430,0.0,0.0
2025-05-13 00:00:00+09:00,142472.1849418795,143213.2626268828,141360.5684143746,141453.203125,7997,0.0,0.0
2025-05-14 00:00:00+09:00,141453.18372915304,141916.35721877046,140619.47144784173,141638.453125,5267,0.0,0.0
2025-05-15 00:00:00+09:00,141638.48056825605,142657.4624428478,141175.30698889616,141823.75,5570,0.0,0.0
2025-05-16 00:00:00+09:00,142194.26725898692,142564.80606617648,140897.38143382352,141731.09375,6670,0.0,0.0
2025-05-19 00:00:00+09:00,141453.1880191368,142750.07382939738,141175.28391693812,142194.265625,9196,0.0,0.0
2025-05-20 00:00:00+09:00,142194.28250246384,142194.28250246384,140897.396538272,140990.03125,7404,0.0,0.0
2025-05-21 00:00:00+09:00,141453.19673295456,141731.10085227274,140248.94554924243,140619.484375,6696,0.0,0.0
2025-05-22 00:00:00+09:00,140619.484375,140990.02320075757,139878.40672348486,140619.484375,4503,0.0,0.0
2025-05-23 00:00:00+09:00,140712.10399942662,141360.546875,140434.19990989513,141360.546875,6436,0.0,0.0
2025-05-26 00:00:00+09:00,141545.83284695202,143398.52699416343,141453.19813959143,142842.71875,9545,0.0,0.0
2025-05-27 00:00:00+09:00,143305.89441747573,143583.79854368934,142472.18203883496,143120.625,8453,0.0,0.0
2025-05-28 00:00:00+09:00,142750.09038523532,144046.97634590586,142750.09038523532,143676.4375,17080,0.0,0.0
2025-05-29 00:00:00+09:00,143685.936070126,145112.33517075598,143115.376429874,143400.65625,13515,4010.0,0.0
2025-05-30 00:00:00+09:00,144446.6841724537,144446.6841724537,143305.5648768188,143781.03125,8724,0.0,0.0
2025-06-02 00:00:00+09:00,144446.68560231023,144827.05870462046,143495.75284653465,144066.3125,6563,0.0,0.0
2025-06-03 00:00:00+09:00,144066.31580568332,145112.34186103812,143781.03597240473,144731.96875,8600,0.0,0.0
2025-06-04 00:00:00+09:00,143971.21732296492,144827.0567918597,143400.65767703508,143685.9375,8353,0.0,0.0
2025-06-05 00:00:00+09:00,142830.08729865222,144922.1391765286,142830.08729865222,144636.859375,5835,0.0,0.0
2025-06-06 00:00:00+09:00,144827.05498173702,146824.01371753248,144731.9617086039,146443.640625,7666,0.0,0.0
2025-06-09 00:00:00+09:00,146443.6387125651,146919.10507202148,145873.07908121744,146063.265625,7824,0.0,0.0
2025-06-10 00:00:00+09:00,146158.35841815962,147014.19786237786,145968.171875,145968.171875,4774,0.0,0.0
2025-06-11 00:00:00+09:00,146443.6439479638,147870.04307732708,146063.27084680027,147109.296875,6517,0.0,0.0
2025-06-12 00:00:00+09:00,146253.4583400581,147965.13730632665,146063.27178825048,147299.484375,11990,0.0,0.0
2025-06-13 00:00:00+09:00,148535.70546825143,149296.45171904913,147299.49281070515,149011.171875,17031,0.0,0.0
2025-06-16 00:00:00+09:00,149296.43654336737,151008.1154336735,148630.78364158163,149106.25,8754,0.0,0.0
2025-06-17 00:00:00+09:00,150437.5625,151008.12215549938,149201.3499130847,150437.5625,7924,0.0,0.0
2025-06-18 00:00:00+09:00,150342.4673241445,151008.1202471483,149391.5345769962,150057.1875,6867,0.0,0.0
2025-06-19 00:00:00+09:00,150722.8276416509,150913.01417495264,149962.0815084438,150627.734375,6656,0.0,0.0
2025-06-20 00:00:00+09:00,151578.69047144224,152054.1568781908,149011.171875,149011.171875,67033,0.0,0.0
2025-06-23 00:00:00+09:00,150057.19175330814,151008.12452741023,148725.88586956522,150913.03125,6487,0.0,0.0
2025-06-24 00:00:00+09:00,150532.65577591656,151103.21543141594,150057.18939633376,150437.5625,4713,0.0,0.0
2025-06-25 00:00:00+09:00,151198.30487611183,151198.30487611183,149201.34613246506,149676.8125,7249,0.0,0.0
2025-06-26 00:00:00+09:00,149676.8162926675,150437.5625,148630.79025758532,150437.5625,7573,0.0,0.0
2025-06-27 00:00:00+09:00,149771.9029017857,150437.55580357145,148440.5970982143,149106.25,6778,0.0,0.0
2025-06-30 00:00:00+09:00,149011.16429924243,149201.35085227274,147014.20549242425,147489.671875,8859,0.0,0.0
2025-07-01 00:00:00+09:00,147014.1923200514,148250.40480398457,146824.0057840617,147965.125,7928,0.0,0.0
2025-07-02 00:00:00+09:00,149581.71875,149962.09184281627,147774.9465591227,149581.71875,9151,0.0,0.0
2025-07-03 00:00:00+09:00,149391.51998615506,150437.54590585444,148725.86712816457,150247.359375,7622,0.0,0.0
2025-07-04 00:00:00+09:00,149771.903861465,150532.6500398089,148345.50477707008,149296.4375,5425,0.0,0.0
2025-07-07 00:00:00+09:00,149391.53881143668,150913.03125,149391.53881143668,150913.03125,4913,0.0,0.0
2025-07-08 00:00:00+09:00,150627.74667089412,150913.02649413445,149676.81392675967,149962.09375,7860,0.0,0.0
2025-07-09 00:00:00+09:00,149296.43702198853,149962.08992590822,148630.78411806884,149201.34375,6572,0.0,0.0
2025-07-10 00:00:00+09:00,148916.06867479417,150247.37452501582,148345.50902469916,150152.28125,3508,0.0,0.0
2025-07-11 00:00:00+09:00,150532.65625,151863.96211702464,150057.18986891978,150532.65625,6463,0.0,0.0
2025-07-14 00:00:00+09:00,150722.83860648726,152909.98389856878,150247.37223864344,152814.890625,5393,0.0,0.0
2025-07-15 00:00:00+09:00,152624.70550271738,153100.171875,151578.67948369565,153100.171875,6327,0.0,0.0
2025-07-16 00:00:00+09:00,152719.79925124146,153956.01182301366,152624.70597648976,153195.265625,6787,0.0,0.0
2025-07-17 00:00:00+09:00,153670.741416309,155477.5137473176,153290.36829399143,155097.140625,7334,0.0,0.0
2025-07-18 00:00:00+09:00,154526.57528760037,155382.41478150093,153480.5492394997,153956.015625,10723,0.0,0.0
2025-07-22 00:00:00+09:00,153956.00240532638,155192.21490147786,153385.442791718,154431.46875,6860,0.0,0.0
2025-07-23 00:00:00+09:00,154431.48578672402,155762.79169867854,154336.3925072987,154716.765625,7442,0.0,0.0
2025-07-24 00:00:00+09:00,154716.7485568042,155477.49470828203,153956.00240532638,154431.46875,4733,0.0,0.0
2025-07-25 00:00:00+09:00,154431.48531672818,155097.1382706796,153765.83236277677,154621.671875,4491,0.0,0.0
2025-07-28 00:00:00+09:00,154621.67045979667,155382.41668592114,153670.7376771411,154336.390625,5645,0.0,0.0
2025-07-29 00:00:00+09:00,154146.1918136503,155002.03125,153670.7254601227,155002.03125,5637,0.0,0.0
2025-07-30 00:00:00+09:00,155002.04258615477,157474.46780532043,154811.85603083434,157284.28125,9950,0.0,0.0
2025-07-31 00:00:00+09:00,157284.28313480096,157664.65625,156713.7234620024,157664.65625,6363,0.0,0.0
2025-08-01 00:00:00+09:00,157854.83620304114,159471.421875,157284.27655411448,159471.421875,7284,0.0,0.0
2025-08-04 00:00:00+09:00,159471.4223498957,160327.2618258343,158805.76942416566,159566.515625,5758,0.0,0.0
2025-08-05 00:00:00+09:00,160517.44133254717,161278.1875,160137.06824882075,161278.1875,5730,0.0,0.0
2025-08-06 00:00:00+09:00,161088.0014363583,162419.30723335297,160707.62835150264,161373.28125,9352,0.0,0.0
2025-08-07 00:00:00+09:00,162324.21922570257,163180.0586943794,161848.75285421548,162419.3125,7584,0.0,0.0
2025-08-08 00:00:00+09:00,162419.3139246055,163560.43322618352,161753.66099868497,162704.59375,10433,0.0,0.0
2025-08-12 00:00:00+09:00,163560.4389146837,164511.3716990714,162609.506130296,163845.71875,9221,0.0,0.0
2025-08-13 00:00:00+09:00,164035.9029394645,164891.7424330617,163084.97016880094,163370.25,11147,0.0,0.0
2025-08-14 00:00:00+09:00,164131.00047046904,164891.74670671686,163180.06767515925,164226.09375,8075,0.0,0.0
2025-08-15 00:00:00+09:00,164130.9929221617,166888.69790173453,163845.71309668865,165842.671875,15585,0.0,0.0
2025-08-18 00:00:00+09:00,165842.671875,166603.41807626147,165462.29877436926,165842.671875,7809,0.0,0.0
2025-08-19 00:00:00+09:00,166508.31729131175,168124.90289608177,166223.0374787053,167459.25,8478,0.0,0.0
2025-08-20 00:00:00+09:00,167459.24876989113,171833.53919772475,167459.24876989113,170312.046875,13243,0.0,0.0
2025-08-21 00:00:00+09:00,170502.24431499158,170882.61741998876,169361.125,169361.125,6696,0.0,0.0
2025-08-22 00:00:00+09:00,169456.1997359155,169741.4795334507,168124.8940140845,168790.546875,5895,0.0,0.0
2025-08-25 00:00:00+09:00,169931.6832290495,169931.6832290495,168029.81772005063,169075.84375,5599,0.0,0.0
2025-08-26 00:00:00+09:00,168980.73990959566,169170.9264486048,166888.68798049545,166983.78125,6842,0.0,0.0
2025-08-27 00:00:00+09:00,168600.36419482614,169646.39014301737,167934.71131870442,169551.296875,8899,0.0,0.0
2025-08-28 00:00:00+09:00,168980.73340669012,169646.38626760562,168315.08054577463,168790.546875,6878,0.0,0.0
2025-08-29 00:00:00+09:00,168790.56107152934,169266.02744074492,167839.6283330982,168505.28125,9614,0.0,0.0
2025-09-01 00:00:00+09:00,168980.75425181972,170502.24669302913,168410.19458636618,169836.59375,5515,0.0,0.0
2025-09-02 00:00:00+09:00,169551.31344537815,170216.96638655462,168980.7537815126,169741.5,4575,0.0,0.0
2025-09-03 00:00:00+09:00,169836.58612288136,170597.33230932202,167649.4408368644,168315.09375,8443,0.0,0.0
2025-09-04 00:00:00+09:00,168410.18174388856,168790.55482518475,166318.12979675952,167269.0625,9950,0.0,0.0
2025-09-05 00:00:00+09:00,166413.23814348693,167744.54404863482,166127.95830666952,167173.984375,7660,0.0,0.0
2025-09-08 00:00:00+09:00,167173.97209631727,168885.6509915014,166983.78555240794,167839.625,5403,0.0,0.0
2025-09-09 00:00:00+09:00,168124.90815462754,168980.74761921557,167934.7216069413,168505.28125,5504,0.0,0.0
2025-09-10 00:00:00+09:00,166793.59067766854,169266.015625,166793.59067766854,169266.015625,5937,0.0,0.0
2025-09-11 00:00:00+09:00,168885.6567248171,169646.40292628025,168695.47017445133,168980.75,7203,0.0,0.0
2025-09-12 00:00:00+09:00,170121.86934564917,172118.828125,169266.02986878454,172118.828125,11677,0.0,0.0
2025-09-16 00:00:00+09:00,171738.4625376506,173640.328125,171738.4625376506,173640.328125,7380,0.0,0.0
2025-09-17 00:00:00+09:00,173640.3224400496,173925.602268812,171928.6434674752,172499.203125,6220,0.0,0.0
2025-09-18 00:00:00+09:00,172499.20217646248,172974.66855511867,171643.36269488136,172309.015625,3773,0.0,0.0
2025-09-19 00:00:00+09:00,173069.75525669035,175066.71397119062,172213.9158076188,174115.78125,21131,0.0,0.0
2025-09-22 00:00:00+09:00,174115.7849788898,174781.43789797896,171738.453125,171738.453125,8205,0.0,0.0
2025-09-24 00:00:00+09:00,172118.82430979467,172689.3839483907,171072.798305702,171358.078125,10423,0.0,0.0
2025-09-25 00:00:00+09:00,171072.7997316482,172023.73247056786,170502.24008829638,171643.359375,11047,0.0,0.0
2025-09-26 00:00:00+09:00,172499.18605052456,172499.18605052456,170977.69378106017,172213.90625,10078,0.0,0.0
2025-09-29 00:00:00+09:00,171167.87852112675,171833.53138204225,168790.546875,168790.546875,10136,0.0,0.0
2025-09-30 00:00:00+09:00,170216.9706312709,171072.81014841137,168695.4781563545,170597.34375,11877,0.0,0.0
2025-10-01 00:00:00+09:00,170692.42426215278,171167.890625,168695.46553819443,171167.890625,9922,0.0,0.0
2025-10-02 00:00:00+09:00,171167.88726993866,172309.0065184049,169931.67475076686,170502.234375,7672,0.0,0.0
2025-10-03 00:00:00+09:00,169741.48341103477,170121.85648310432,168695.4574628435,169551.296875,3640,0.0,0.0
2025-10-06 00:00:00+09:00,170121.87121864664,173355.0426112872,169931.68466613838,172499.203125,5625,0.0,0.0
2025-10-07 00:00:00+09:00,172499.19788200222,173069.75752218525,170882.61223481697,171453.171875,4017,0.0,0.0
2025-10-08 00:00:00+09:00,171453.1699642162,172309.00941495274,170977.70360269592,171072.796875,3520,0.0,0.0
2025-10-09 00:00:00+09:00,171072.80351110038,172594.29592698565,170597.33713113624,172404.109375,4827,0.0,0.0
2025-10-10 00:00:00+09:00,171833.5444904967,172689.3839483907,170787.518486404,171358.078125,3532,0.0,0.0
2025-10-14 00:00:00+09:00,170121.86557470867,171453.17139809934,169741.49248231133,171358.078125,5338,0.0,0.0
2025-10-15 00:00:00+09:00,171262.9895919564,173069.7618308499,170977.7097647627,172309.015625,6278,0.0,0.0
2025-10-16 00:00:00+09:00,172499.20689832603,173450.1396816685,171738.46067165202,173259.953125,4553,0.0,0.0
2025-10-17 00:00:00+09:00,173069.77032103826,174020.703125,172594.30391905736,174020.703125,7067,0.0,0.0
2025-10-20 00:00:00+09:00,174971.62689804772,175542.18655097616,174210.88069414318,175352.0,6060,0.0,0.0
2025-10-21 00:00:00+09:00,175922.55822243346,176207.83804657796,174591.25237642587,175066.71875,4524,0.0,0.0
2025-10-22 00:00:00+09:00,175732.36464497042,176778.390625,175256.8982904115,176778.390625,5409,0.0,0.0
2025-10-23 00:00:00+09:00,176207.82313333332,178299.875,175542.17026666665,178299.875,6752,0.0,0.0
2025-10-24 00:00:00+09:00,178680.25410208895,178965.53391172507,176398.015625,176398.015625,5303,0.0,0.0
2025-10-27 00:00:00+09:00,178014.599522293,179250.8120189756,176778.3870256104,179155.71875,6370,0.0,0.0
2025-10-28 00:00:00+09:00,178680.25458816002,178680.25458816002,176493.109375,176493.109375,6458,0.0,0.0
2025-10-29 00:00:00+09:00,177158.77889531755,177158.77889531755,175732.3797093649,176683.3125,5175,0.0,0.0
2025-10-30 00:00:00+09:00,175827.46123894694,177919.513238545,175542.18142081995,177444.046875,4462,0.0,0.0
2025-10-31 00:00:00+09:00,177919.5127597185,178775.35221179624,177348.953125,177348.953125,5523,0.0,0.0
2025-11-04 00:00:00+09:00,177824.42330152163,178109.703125,176493.11745862252,178109.703125,3538,0.0,0.0
2025-11-05 00:00:00+09:00,177824.41489009533,179726.2802899894,176588.2023801642,179536.09375,6802,0.0,0.0
2025-11-06 00:00:00+09:00,179536.09804955192,180391.9375,178775.35187137587,180391.9375,4774,0.0,0.0
2025-11-07 00:00:00+09:00,180106.6533699682,180677.21298993644,179250.81394001588,179536.09375,5016,0.0,0.0
2025-11-10 00:00:00+09:00,180582.11971994172,181057.58606991524,179536.09375,179536.09375,5090,0.0,0.0
2025-11-11 00:00:00+09:00,180201.75805766214,181818.34375,179345.91857348324,181818.34375,4516,0.0,0.0
2025-11-12 00:00:00+09:00,181152.69415263785,182198.7202081124,179345.921875,179345.921875,6306,0.0,0.0
2025-11-13 00:00:00+09:00,179916.47066191983,180296.84375,178965.5379417194,180296.84375,3812,0.0,0.0
2025-11-14 00:00:00+09:00,180487.0278952935,181342.8673320994,179345.90864621894,179821.375,5541,0.0,0.0
2025-11-17 00:00:00+09:00,180106.65863612428,180582.125,178965.53936282254,180582.125,5060,0.0,0.0
2025-11-18 00:00:00+09:00,178680.2568380744,178775.3501094092,173830.5,173830.5,14548,0.0,0.0
2025-11-19 00:00:00+09:00,174591.2609186747,175066.72731551205,173545.2348456325,173640.328125,9740,0.0,0.0
2025-11-20 00:00:00+09:00,175732.36494252874,176112.73802681992,173450.1264367816,173735.40625,21363,0.0,0.0
2025-11-21 00:00:00+09:00,173069.76789558664,176683.3125,172879.58133745965,176683.3125,40877,0.0,0.0
2025-11-25 00:00:00+09:00,176683.30589038358,178680.26467601224,175732.37313532233,178490.078125,15601,0.0,0.0
2025-11-26 00:00:00+09:00,178490.06538767923,179631.18461232077,178204.78558151884,179060.625,14413,0.0,0.0
2025-11-27 00:00:00+09:00,178907.0061728395,181532.27202428877,178809.7741042673,181143.34375,16242,4142.0,0.0
2025-11-28 00:00:00+09:00,180559.95673272357,181046.1170901084,179295.93980352304,179393.171875,14205,0.0,0.0
2025-12-01 00:00:00+09:00,179004.2412893167,179295.9375,177156.83195498915,179295.9375,36847,0.0,0.0
2025-12-02 00:00:00+09:00,176281.74231557376,178031.91956967214,175601.11782786885,177934.6875,58250,0.0,0.0
2025-12-03 00:00:00+09:00,177934.6771523179,177934.6771523179,175601.10761589406,176184.5,13071,0.0,0.0
2025-12-04 00:00:00+09:00,175698.34375,176573.43234643055,175601.11168372995,175698.34375,7103,0.0,0.0
2025-12-05 00:00:00+09:00,175698.3426694088,176087.27093209705,174337.09375,174337.09375,7307,0.0,0.0
2025-12-08 00:00:00+09:00,174142.63474611542,175212.1875,173559.24233490566,175212.1875,5430,0.0,0.0
2025-12-09 00:00:00+09:00,174628.78763253347,174920.4838256836,173364.77079554964,174239.859375,5570,0.0,0.0
2025-12-10 00:00:00+09:00,174434.32405155644,175309.41263375487,174142.62785749027,174920.484375,6693,0.0,0.0
2025-12-11 00:00:00+09:00,175309.41208321706,175503.87621198382,172975.84253801618,174239.859375,4707,0.0,0.0
2025-12-12 00:00:00+09:00,173559.23654681467,176281.734375,173559.23654681467,176281.734375,13270,0.0,0.0
2025-12-15 00:00:00+09:00,176281.734375,177156.822962631,175698.341983246,176281.734375,5577,0.0,0.0
2025-12-16 00:00:00+09:00,176767.89985249724,177448.52432937705,176184.50744374312,177156.828125,5492,0.0,0.0
2025-12-17 00:00:00+09:00,177448.52201743546,177448.52201743546,175601.11274711695,177059.59375,5441,0.0,0.0
2025-12-18 00:00:00+09:00,176767.89293567894,177837.44564321055,176476.19674271578,176865.125,5377,0.0,0.0
2025-12-19 00:00:00+09:00,176962.36959330796,178712.546875,176865.13752210283,178712.546875,12491,0.0,0.0
2025-12-22 00:00:00+09:00,178615.3145960366,178907.01080931263,175309.42417890797,175406.65625,6110,0.0,0.0
2025-12-23 00:00:00+09:00,176476.19674271578,176865.125,175503.87609950523,176865.125,4816,0.0,0.0
2025-12-24 00:00:00+09:00,176865.13473360657,177934.6875,176573.43852459016,177934.6875,3796,0.0,0.0
2025-12-25 00:00:00+09:00,178906.9976889614,179198.69388084556,177642.9808574633,178809.765625,4276,0.0,0.0
2025-12-26 00:00:00+09:00,178907.00691806836,179490.39933193164,177351.29381443298,179198.703125,5984,0.0,0.0
2025-12-29 00:00:00+09:00,178906.99945444628,179004.23151936717,176865.1260911075,178226.375,6246,0.0,0.0
2025-12-30 00:00:00+09:00,178712.54405737706,179198.70440573772,177740.22336065574,177934.6875,5249,0.0,0.0
2026-01-05 00:00:00+09:00,180365.4869037042,180365.4869037042,176476.2041672362,177837.453125,7443,0.0,0.0
2026-01-06 00:00:00+09:00,179198.70465899946,181240.578125,178518.08017033263,181240.578125,8358,0.0,0.0
2026-01-07 00:00:00+09:00,180073.79457050245,181240.5794165316,178031.9210899514,179976.5625,11351,0.0,0.0
2026-01-08 00:00:00+09:00,181240.57456023453,182407.359375,180073.78974546908,182407.359375,7930,0.0,0.0
2026-01-09 00:00:00+09:00,182407.35133136096,182893.5116494083,180754.40625,180754.40625,5211,0.0,0.0
2026-01-13 00:00:00+09:00,180851.6388665595,182018.4236334405,179879.31822749195,181435.03125,6654,0.0,0.0
2026-01-14 00:00:00+09:00,181921.20184779726,183185.21875,181629.5056395966,183185.21875,7414,0.0,0.0
2026-01-15 00:00:00+09:00,183185.21977081138,185129.86116965226,182893.52356098525,184546.46875,7756,0.0,0.0
2026-01-16 00:00:00+09:00,184254.76264531087,186102.171875,183768.60232170846,186102.171875,6433,0.0,0.0
2026-01-19 00:00:00+09:00,186102.17668078348,186393.8728824775,183379.67879830598,183671.375,7091,0.0,0.0
2026-01-20 00:00:00+09:00,184449.2304666667,184449.2304666667,182115.66086666667,182310.125,9131,0.0,0.0
2026-01-21 00:00:00+09:00,183282.44895605522,183574.1451612903,176865.132440883,177837.453125,10361,0.0,0.0
2026-01-22 00:00:00+09:00,179684.86657072368,179782.09864137883,177351.296875,177351.296875,7381,0.0,0.0
2026-01-23 00:00:00+09:00,179101.46247938427,179198.69454370532,176184.5005497526,176865.125,4746,0.0,0.0
2026-01-26 00:00:00+09:00,176281.74025388458,176865.13266509434,174045.40267758048,175212.1875,10306,0.0,0.0
2026-01-27 00:00:00+09:00,174823.25817953018,175212.18645134228,173073.08095637584,173850.9375,6310,0.0,0.0
2026-01-28 00:00:00+09:00,174045.40215877438,174628.79456824512,172975.84940807798,174531.5625,7152,0.0,0.0
2026-01-29 00:00:00+09:00,173267.5471503304,176573.4375,171225.6736990639,176573.4375,12083,0.0,0.0
2026-01-30 00:00:00+09:00,175503.88032491607,175503.88032491607,172392.45419173196,173753.703125,13939,0.0,0.0
2026-02-02 00:00:00+09:00,175212.1929126962,175503.88912731223,173073.0873388453,173462.015625,7468,0.0,0.0
2026-02-03 00:00:00+09:00,174920.48827910487,177934.6823517298,174045.39967737507,177059.59375,8164,0.0,0.0
2026-02-04 00:00:00+09:00,177448.5248513532,178518.0776038819,176573.43623564788,177837.453125,7237,0.0,0.0
2026-02-05 00:00:00+09:00,177740.2135788895,178420.83802913688,175212.17990654206,176865.125,9194,0.0,0.0
2026-02-06 00:00:00+09:00,176378.97232241955,176573.43645948946,174239.8668146504,175212.1875,6202,0.0,0.0
2026-02-09 00:00:00+09:00,176281.7453927388,177059.6019636941,174920.4963935671,176087.28125,5798,0.0,0.0
2026-02-10 00:00:00+09:00,177254.0625,177448.52663878223,175990.04559791554,177254.0625,4765,0.0,0.0
2026-02-12 00:00:00+09:00,175892.81480490332,176865.13550587016,175698.35066470996,175990.046875,4916,0.0,0.0
2026-02-13 00:00:00+09:00,176281.73328064205,176281.73328064205,174239.859922179,174920.484375,6998,0.0,0.0
2026-02-16 00:00:00+09:00,175990.04154130197,177740.21875,174434.3284669037,177740.21875,6873,0.0,0.0
2026-02-17 00:00:00+09:00,177740.22464914696,177740.22464914696,175309.42288972207,176670.671875,4484,0.0,0.0
2026-02-18 00:00:00+09:00,176670.6728819634,178420.85015872473,176184.51252730747,178031.921875,3887,0.0,0.0
2026-02-19 00:00:00+09:00,177837.44387842467,178031.908005137,176281.73086472604,177448.515625,3533,0.0,0.0
2026-02-20 00:00:00+09:00,178420.84605630446,179004.23846847768,177740.22157543572,178518.078125,4749,0.0,0.0
2026-02-24 00:00:00+09:00,180171.015625,180948.87214145978,177837.4460756206,180171.015625,8010,0.0,0.0
2026-02-25 00:00:00+09:00,181337.8071478359,183087.984375,180462.71853425386,183087.984375,9452,0.0,0.0
2026-02-26 00:00:00+09:00,182212.88940779015,183671.37037957076,181629.49701907788,183476.90625,8177,0.0,0.0
2026-02-27 00:00:00+09:00,183087.97990830636,183476.90817152103,180268.25,180268.25,8617,0.0,0.0
2026-03-02 00:00:00+09:00,180268.2510706638,181629.5,179393.1624732334,181629.5,10130,0.0,0.0
2026-03-03 00:00:00+09:00,180559.94165239728,180657.17371575342,177448.515625,177448.515625,7550,0.0,0.0
2026-03-04 00:00:00+09:00,176962.3553948832,177156.81952169075,174434.32174638487,174823.25,9422,0.0,0.0
2026-03-05 00:00:00+09:00,178518.0799180328,179490.4006147541,177642.9912909836,177934.6875,7301,0.0,0.0
2026-03-06 00:00:00+09:00,177545.75870817335,178907.00767964893,176476.2059448711,177254.0625,7651,0.0,0.0
2026-03-09 00:00:00+09:00,174628.78697571743,177448.5168322296,173948.1625275938,176184.5,8090,0.0,0.0
2026-03-10 00:00:00+09:00,176573.43645948946,177059.59680216428,175114.95543146506,175212.1875,7628,0.0,0.0
2026-03-11 00:00:00+09:00,176281.74129267622,177740.22232929515,175114.95646338107,176573.4375,5877,0.0,0.0
2026-03-12 00:00:00+09:00,175212.1898051858,176962.3670618414,174434.33324667223,175309.421875,5122,0.0,0.0
2026-03-13 00:00:00+09:00,174434.328125,176378.96946418617,173559.2395223662,174434.328125,9486,0.0,0.0
2026-03-16 00:00:00+09:00,174531.55666009136,176378.96589493356,173656.4680751661,175601.109375,6399,0.0,0.0
2026-03-17 00:00:00+09:00,176476.2036481202,177156.828125,175698.3471031147,177156.828125,5445,0.0,0.0
2026-03-18 00:00:00+09:00,176865.12554764512,177740.21412924424,176281.73315991237,177545.75,5979,0.0,0.0
2026-03-19 00:00:00+09:00,176378.9772615363,176962.36968908273,172781.390625,172781.390625,17952,0.0,0.0
2026-03-23 00:00:00+09:00,172781.39143426294,173073.08764940238,169475.50099601594,170836.75,8082,0.0,0.0
2026-03-24 00:00:00+09:00,172586.92678571428,172975.85507142858,170156.125,170156.125,8501,0.0,0.0
2026-03-25 00:00:00+09:00,171906.29279469824,172975.8455213621,171322.90039833615,172392.453125,4965,0.0,0.0
2026-03-26 00:00:00+09:00,172392.46133189165,172392.46133189165,170058.89163535167,171420.140625,6555,0.0,0.0
2026-03-27 00:00:00+09:00,171420.13653315892,171906.296875,170447.8158494768,171906.296875,8200,0.0,0.0
2026-03-30 00:00:00+09:00,169475.4873386746,170156.11178581786,167530.8460611224,167628.078125,9967,0.0,0.0
2026-03-31 00:00:00+09:00,167530.8555261611,167725.319664903,165391.75,165391.75,10285,0.0,0.0
2026-04-01 00:00:00+09:00,168211.4779772203,168600.40625,167044.6931588812,168600.40625,6468,0.0,0.0
2026-04-02 00:00:00+09:00,169669.95380434784,170933.9706521739,166947.45597826087,167725.3125,7096,0.0,0.0
2026-04-03 00:00:00+09:00,168017.0120689655,169572.72514367817,168017.0120689655,169183.796875,3259,0.0,0.0
2026-04-06 00:00:00+09:00,169378.26100933907,170253.34961386494,168989.3327406609,169183.796875,1810,0.0,0.0
2026-04-07 00:00:00+09:00,169281.02431854143,171031.20147979,168989.328125,168989.328125,2692,0.0,0.0
2026-04-08 00:00:00+09:00,171031.20190815462,172295.21875,169961.64919582393,172295.21875,6039,0.0,0.0
2026-04-09 00:00:00+09:00,172489.68355807647,172781.379753496,169864.4177993008,170350.578125,4403,0.0,0.0
2026-04-10 00:00:00+09:00,171322.90055841923,171517.36469072165,169281.027169244,169767.1875,6728,0.0,0.0
2026-04-13 00:00:00+09:00,169183.7928008596,169864.41725465617,168114.24008775072,169669.953125,6873,0.0,0.0
2026-04-14 00:00:00+09:00,170350.5809659091,171517.36576704544,169961.65269886362,171128.4375,4004,0.0,0.0
2026-04-15 00:00:00+09:00,171614.60066989536,172586.9213535775,171128.4403280543,171906.296875,6601,0.0,0.0
2026-04-16 00:00:00+09:00,172684.1554844098,174920.49308358855,172295.22720629175,174628.796875,8778,0.0,0.0
2026-04-17 00:00:00+09:00,174045.39469537814,174920.48327205883,172975.8419905462,173559.234375,9092,0.0,0.0
2026-04-20 00:00:00+09:00,174337.09088760504,175212.17946428573,173559.234375,173559.234375,5193,0.0,0.0
2026-04-21 00:00:00+09:00,174434.32295168066,174726.01914390756,172781.37786239496,173559.234375,7510,0.0,0.0
2026-04-22 00:00:00+09:00,173753.71133757738,174239.87169386607,172489.69441122678,172781.390625,8723,0.0,0.0
2026-04-23 00:00:00+09:00,172586.92468802579,174142.6378119742,172197.99640703868,173364.78125,7455,0.0,0.0
2026-04-24 00:00:00+09:00,174045.40805423207,174434.33634038677,172684.15905269058,173462.015625,4682,0.0,0.0
2026-04-27 00:00:00+09:00,173559.2476965387,173753.71183961604,172489.69490961323,173462.015625,6708,0.0,0.0
2026-04-28 00:00:00+09:00,174142.6357371795,174239.8678062678,170642.28125,170642.28125,8495,0.0,0.0
2026-04-30 00:00:00+09:00,170253.3471386608,172003.52432226783,170156.11507290488,171711.828125,7476,0.0,0.0
2026-05-01 00:00:00+09:00,171614.59497181792,171614.59497181792,170156.11399472033,170350.578125,4338,0.0,0.0
2026-05-07 00:00:00+09:00,172684.1559988519,172975.8522083094,168697.64113626577,169378.265625,14919,0.0,0.0
2026-05-08 00:00:00+09:00,168697.63026900115,169183.79058677924,166947.453125,166947.453125,11648,0.0,0.0
2026-05-11 00:00:00+09:00,167239.15625,168308.7089934593,167239.15625,167239.15625,7251,0.0,0.0
2026-05-12 00:00:00+09:00,168017.0093841642,168017.0093841642,165780.671875,165780.671875,6033,0.0,0.0
2026-05-13 00:00:00+09:00,165683.44336975782,165683.44336975782,164516.65855729475,164613.890625,6509,0.0,0.0
2026-05-14 00:00:00+09:00,164516.65393997633,165197.27839481077,163544.33329021287,164419.421875,6626,0.0,0.0
2026-05-15 00:00:00+09:00,164711.12321691177,166072.37216911765,164419.42701286764,165294.515625,7477,0.0,0.0
2026-05-18 00:00:00+09:00,165586.21023488682,165586.21023488682,162474.78408837106,163252.640625,8260,0.0,0.0
2026-05-19 00:00:00+09:00,163349.87322064055,164030.49769239323,162766.48081628114,163933.265625,6233,0.0,0.0
2026-05-20 00:00:00+09:00,164030.5049168923,164322.20113191937,161308.00690997293,161599.703125,12487,0.0,0.0
2026-05-21 00:00:00+09:00,163349.8809167166,163349.8809167166,161599.70362118035,162280.328125,8875,0.0,0.0
2026-05-22 00:00:00+09:00,162085.8611717339,162183.09324202288,161016.3083985551,161502.46875,5821,0.0,0.0
2026-05-25 00:00:00+09:00,162085.84957163344,162183.08163496378,160821.83274833937,161016.296875,7116,0.0,0.0
2026-05-26 00:00:00+09:00,161016.30558076224,161794.1621294616,160141.2169634755,160724.609375,9654,0.0,0.0
2026-05-27 00:00:00+09:00,160627.37552742616,161308.0,159655.05485232067,161308.0,16240,0.0,0.0
2026-05-28 00:00:00+09:00,159600.0,161000.0,158200.0,160500.0,16150,4592.0,0.0
2026-05-29 00:00:00+09:00,161800.0,162900.0,160000.0,162200.0,13845,0.0,0.0
2026-06-01 00:00:00+09:00,161900.0,162100.0,160000.0,160000.0,7267,0.0,0.0
2026-06-02 00:00:00+09:00,159700.0,159900.0,157100.0,158000.0,13796,0.0,0.0
2026-06-03 00:00:00+09:00,158400.0,159900.0,157400.0,159900.0,8795,0.0,0.0
2026-06-04 00:00:00+09:00,158600.0,159500.0,157200.0,157500.0,6790,0.0,0.0
2026-06-05 00:00:00+09:00,158000.0,158700.0,156100.0,156900.0,7512,0.0,0.0
2026-06-08 00:00:00+09:00,155900.0,158500.0,155600.0,158200.0,6045,0.0,0.0
2026-06-09 00:00:00+09:00,158800.0,158800.0,156200.0,157700.0,6363,0.0,0.0
2026-06-10 00:00:00+09:00,157900.0,159000.0,156600.0,159000.0,5420,0.0,0.0
2026-06-11 00:00:00+09:00,158000.0,160400.0,157500.0,158600.0,5395,0.0,0.0
2026-06-12 00:00:00+09:00,160300.0,161200.0,158700.0,160400.0,14082,0.0,0.0
2026-06-15 00:00:00+09:00,161700.0,162700.0,160200.0,162600.0,8076,0.0,0.0
2026-06-16 00:00:00+09:00,161600.0,161700.0,158800.0,159300.0,7112,0.0,0.0
2026-06-17 00:00:00+09:00,160100.0,160100.0,158400.0,159300.0,4580,0.0,0.0
2026-06-18 00:00:00+09:00,158700.0,159200.0,157100.0,157700.0,5519,0.0,0.0
2026-06-19 00:00:00+09:00,157900.0,159200.0,157300.0,159200.0,9608,0.0,0.0
2026-06-22 00:00:00+09:00,159100.0,159300.0,158100.0,158300.0,4318,0.0,0.0
2026-06-23 00:00:00+09:00,159300.0,159900.0,158300.0,159200.0,7160,0.0,0.0
2026-06-24 00:00:00+09:00,159300.0,160500.0,159000.0,159600.0,5723,0.0,0.0
2026-06-25 00:00:00+09:00,160500.0,161900.0,159100.0,161000.0,6005,0.0,0.0
2026-06-26 00:00:00+09:00,161200.0,163700.0,160600.0,163700.0,6228,0.0,0.0
2026-06-29 00:00:00+09:00,163800.0,164100.0,162200.0,162400.0,6430,0.0,0.0
2026-06-30 00:00:00+09:00,163600.0,164000.0,162100.0,162100.0,6375,0.0,0.0
2026-07-01 00:00:00+09:00,162500.0,162800.0,159800.0,160100.0,4206,0.0,0.0
2026-07-02 00:00:00+09:00,161100.0,162500.0,160800.0,161600.0,5851,0.0,0.0
2026-07-03 00:00:00+09:00,162800.0,165100.0,162500.0,163900.0,6337,0.0,0.0
2026-07-06 00:00:00+09:00,164400.0,167000.0,163800.0,165400.0,5009,0.0,0.0
2026-07-07 00:00:00+09:00,165300.0,166500.0,165300.0,165400.0,4904,0.0,0.0
2026-07-08 00:00:00+09:00,165000.0,165000.0,163300.0,163900.0,6425,0.0,0.0
2026-07-09 00:00:00+09:00,163400.0,164500.0,162000.0,162200.0,6745,0.0,0.0
2026-07-10 00:00:00+09:00,162500.0,162700.0,161100.0,161400.0,4889,0.0,0.0
2026-07-13 00:00:00+09:00,161700.0,162000.0,160900.0,161400.0,4607,0.0,0.0
2026-07-14 00:00:00+09:00,161200.0,163200.0,161200.0,163000.0,3655,0.0,0.0
2026-07-15 00:00:00+09:00,163200.0,164800.0,162900.0,163700.0,6193,0.0,0.0
2026-07-16 00:00:00+09:00,163400.0,163400.0,160200.0,160600.0,8410,0.0,0.0
2026-07-17 00:00:00+09:00,161300.0,161900.0,160100.0,161200.0,5973,0.0,0.0
2026-07-21 00:00:00+09:00,164300.0,165500.0,162100.0,163100.0,8941,0.0,0.0
2026-07-22 00:00:00+09:00,163100.0,163600.0,162300.0,163600.0,7387,0.0,0.0
2026-07-23 00:00:00+09:00,163600.0,164500.0,162800.0,163200.0,6251,0.0,0.0
2026-07-24 00:00:00+09:00,162900.0,163900.0,162600.0,163700.0,5722,0.0,0.0
2026-07-27 00:00:00+09:00,164800.0,166600.0,164700.0,166400.0,6123,0.0,0.0
2026-07-28 00:00:00+09:00,166600.0,167600.0,165500.0,166600.0,11034,0.0,0.0
2026-07-29 00:00:00+09:00,166500.0,169300.0,166400.0,168700.0,11936,0.0,0.0
2026-07-30 00:00:00+09:00,166100.0,167500.0,165200.0,166300.0,44599,0.0,0.0
2026-07-31 00:00:00+09:00,166800.0,167400.0,162900.0,162900.0,12051,0.0,0.0
2026-08-03 00:00:00+09:00,163000.0,163700.0,161300.0,161300.0,10260,0.0,0.0
2026-08-04 00:00:00+09:00,161700.0,162500.0,160700.0,160700.0,6229,0.0,0.0
2026-08-05 00:00:00+09:00,161600.0,161700.0,158400.0,160100.0,10714,0.0,0.0
2026-08-06 00:00:00+09:00,159500.0,160300.0,158800.0,159900.0,5364,0.0,0.0
2026-08-07 00:00:00+09:00,160700.0,161700.0,159800.0,160200.0,6892,0.0,0.0
2026-08-10 00:00:00+09:00,160300.0,161600.0,159700.0,160500.0,6496,0.0,0.0
2026-08-12 00:00:00+09:00,161100.0,162300.0,160700.0,161900.0,4601,0.0,0.0
2026-08-13 00:00:00+09:00,162600.0,162900.0,161700.0,161700.0,4975,0.0,0.0
2026-08-14 00:00:00+09:00,162700.0,162900.0,161200.0,161700.0,6434,0.0,0.0
2026-08-17 00:00:00+09:00,163300.0,164100.0,161700.0,162000.0,6352,0.0,0.0
2026-08-18 00:00:00+09:00,162100.0,162300.0,160500.0,161300.0,6681,0.0,0.0
2026-08-19 00:00:00+09:00,161500.0,161600.0,160400.0,160600.0,6715,0.0,0.0
2026-08-20 00:00:00+09:00,162000.0,162600.0,160800.0,161800.0,7716,0.0,0.0
2026-08-21 00:00:00+09:00,160700.0,161500.0,159900.0,160600.0,7259,0.0,0.0
2026-08-24 00:00:00+09:00,161400.0,161900.0,160800.0,161700.0,4638,0.0,0.0
2026-08-25 00:00:00+09:00,161800.0,162900.0,161400.0,161900.0,5358,0.0,0.0
2026-08-26 00:00:00+09:00,162000.0,163400.0,162000.0,162600.0,4146,0.0,0.0
2026-08-27 00:00:00+09:00,163300.0,164000.0,162600.0,163200.0,9759,0.0,0.0
2026-08-28 00:00:00+09:00,162800.0,163400.0,161400.0,161400.0,9094,0.0,0.0
2026-08-31 00:00:00+09:00,161400.0,161600.0,160300.0,160900.0,8795,0.0,0.0
2026-09-01 00:00:00+09:00,160900.0,161800.0,160500.0,161800.0,5993,0.0,0.0
2026-09-02 00:00:00+09:00,161300.0,161800.0,160100.0,160500.0,6345,0.0,0.0
2026-09-03 00:00:00+09:00,161500.0,161500.0,159400.0,159400.0,6572,0.0,0.0
2026-09-04 00:00:00+09:00,159400.0,160600.0,159200.0,159400.0,6645,0.0,0.0
2026-09-07 00:00:00+09:00,159400.0,159500.0,158500.0,158500.0,6968,0.0,0.0
2026-09-08 00:00:00+09:00,158000.0,158300.0,157000.0,157100.0,8612,0.0,0.0
2026-09-09 00:00:00+09:00,156800.0,157900.0,156300.0,157200.0,7701,0.0,0.0
2026-09-10 00:00:00+09:00,157400.0,157600.0,156800.0,157000.0,4578,0.0,0.0
2026-09-11 00:00:00+09:00,161000.0,161100.0,154700.0,154900.0,14268,0.0,0.0
2026-09-14 00:00:00+09:00,154600.0,156800.0,154500.0,155900.0,7082,0.0,0.0
2026-09-15 00:00:00+09:00,155500.0,156300.0,155000.0,156200.0,5797,0.0,0.0
2026-09-16 00:00:00+09:00,155600.0,156600.0,155200.0,156300.0,4459,0.0,0.0
2026-09-17 00:00:00+09:00,155900.0,156200.0,155100.0,155300.0,3755,0.0,0.0
2026-09-18 00:00:00+09:00,155600.0,156000.0,153700.0,153700.0,22223,0.0,0.0
2026-09-24 00:00:00+09:00,154300.0,155900.0,153900.0,155000.0,7555,0.0,0.0
2026-09-25 00:00:00+09:00,155700.0,155800.0,153600.0,154000.0,7610,0.0,0.0
2026-09-28 00:00:00+09:00,154000.0,154400.0,153200.0,153500.0,5266,0.0,0.0
2026-09-29 00:00:00+09:00,153000.0,153100.0,152000.0,152700.0,2919,0.0,0.0
