Date,Open,High,Low,Close,Volume,Dividends,Stock Splits
2021-10-06 00:00:00+09:00,34146.66430175206,34503.1839986381,33077.105211093934,33631.69140625,28717,0.0,0.0
2021-10-07 00:00:00+09:00,33275.167817273796,33790.14065254113,32997.87475212985,33710.9140625,21728,0.0,0.0
2021-10-08 00:00:00+09:00,33433.62865497076,34107.054824561405,33394.01535087719,33869.375,22173,0.0,0.0
2021-10-11 00:00:00+09:00,33671.308210784315,34423.96098255479,33195.9485654556,34344.734375,23146,0.0,0.0
2021-10-12 00:00:00+09:00,34107.05489381602,34186.28150216403,33512.85533120598,33750.53515625,26573,0.0,0.0
2021-10-13 00:00:00+09:00,33671.300591362844,34305.113308376734,33552.46070692274,34225.88671875,23874,0.0,0.0
2021-10-14 00:00:00+09:00,34107.05455233564,34503.18759010957,33948.601337226064,34344.734375,19069,0.0,0.0
2021-10-15 00:00:00+09:00,34305.12107122261,34384.34767877739,33948.601337226064,34344.734375,13224,0.0,0.0
2021-10-18 00:00:00+09:00,34067.43359375,34107.04688862645,33512.84746547965,34067.43359375,26639,0.0,0.0
2021-10-19 00:00:00+09:00,33592.07405523256,34107.04688862645,33433.620875726745,34067.43359375,29421,0.0,0.0
2021-10-20 00:00:00+09:00,33908.98816782811,34384.34781504065,33869.374863893725,34107.0546875,15811,0.0,0.0
2021-10-21 00:00:00+09:00,34067.44191900358,34146.66852811754,32918.65608685113,33195.94921875,37592,0.0,0.0
2021-10-22 00:00:00+09:00,33116.722988899026,33116.722988899026,32482.91010872871,32562.13671875,28636,0.0,0.0
2021-10-25 00:00:00+09:00,33037.49182157494,33988.21101068501,32918.65192293618,33829.7578125,28588,0.0,0.0
2021-10-26 00:00:00+09:00,34027.82803447277,34305.121161645424,33869.37481894554,34186.28125,14618,0.0,0.0
2021-10-27 00:00:00+09:00,34423.95688871864,34820.08987938284,34186.277094320125,34740.86328125,16962,0.0,0.0
2021-10-28 00:00:00+09:00,34542.80040776153,35216.2265625,34265.507285222164,35216.2265625,26350,0.0,0.0
2021-10-29 00:00:00+09:00,35097.390260416665,36246.176171875,35018.16364583333,35651.9765625,49306,0.0,0.0
2021-11-01 00:00:00+09:00,35572.75029065671,35612.36359833004,34938.937367883314,35137.00390625,14093,0.0,0.0
2021-11-02 00:00:00+09:00,35176.609481292515,35453.90257405045,34820.08979060374,34938.9296875,11770,0.0,0.0
2021-11-04 00:00:00+09:00,35453.90638181946,35651.97289791901,35057.77334962036,35216.2265625,16426,0.0,0.0
2021-11-05 00:00:00+09:00,35097.38293693117,35335.06273108646,34661.63664764647,34820.08984375,11628,0.0,0.0
2021-11-08 00:00:00+09:00,34463.57393120045,35057.77348173839,34186.28080761608,34978.546875,22417,0.0,0.0
2021-11-09 00:00:00+09:00,35057.77375143513,35137.00035878301,34305.12098163031,34503.1875,15257,0.0,0.0
2021-11-10 00:00:00+09:00,35057.76981893699,35057.76981893699,34305.117133558684,34423.95703125,11327,0.0,0.0
2021-11-11 00:00:00+09:00,34542.796697845806,35018.15628543084,34503.183398880385,34938.9296875,15674,0.0,0.0
2021-11-12 00:00:00+09:00,34740.866816100395,35533.132878041106,34701.25351300336,35414.29296875,20271,0.0,0.0
2021-11-15 00:00:00+09:00,35057.76953125,35295.4493246822,34978.54293343927,35057.76953125,8677,0.0,0.0
2021-11-16 00:00:00+09:00,35136.99984707075,35453.90627184704,35057.77324087668,35414.29296875,13807,0.0,0.0
2021-11-17 00:00:00+09:00,35414.28922139831,35414.28922139831,34820.0897378178,35057.76953125,12034,0.0,0.0
2021-11-18 00:00:00+09:00,35176.60957098062,35414.28936537913,34740.86328125,34740.86328125,9728,0.0,0.0
2021-11-19 00:00:00+09:00,34582.414543904044,34740.86776060006,33710.921852076,33750.53515625,19575,0.0,0.0
2021-11-22 00:00:00+09:00,33750.5274548282,33829.754045097754,33235.55461807613,33433.62109375,24502,0.0,0.0
2021-11-24 00:00:00+09:00,33116.71875,33433.62514952153,32720.585750598086,33116.71875,22986,0.0,0.0
2021-11-25 00:00:00+09:00,33116.71884401324,33195.94544411854,32799.81244359206,32918.65234375,16309,0.0,0.0
2021-11-26 00:00:00+09:00,32879.041273494804,33077.10778719056,31967.935310494348,32403.681640625,25221,0.0,0.0
2021-11-29 00:00:00+09:00,31571.801520409,31690.641425755584,29987.269449121224,30145.72265625,76736,0.0,0.0
2021-11-30 00:00:00+09:00,31690.641425755584,32047.161141795335,30145.72265625,30145.72265625,74022,0.0,0.0
2021-12-01 00:00:00+09:00,30383.398331516473,30937.984480983527,29908.038774830427,30660.69140625,73856,0.0,0.0
2021-12-02 00:00:00+09:00,30264.562378246752,30858.76190137987,30264.562378246752,30502.2421875,52357,0.0,0.0
2021-12-03 00:00:00+09:00,31017.21482382015,31334.121233258928,30264.562101403062,31056.828125,37984,0.0,0.0
2021-12-06 00:00:00+09:00,31056.832648026317,31056.832648026317,29868.433439555924,30106.11328125,28761,0.0,0.0
2021-12-07 00:00:00+09:00,30502.241753472223,31452.96097695707,30462.628452493685,31373.734375,25423,0.0,0.0
2021-12-08 00:00:00+09:00,31571.80087989268,31571.80087989268,30898.374763257576,31373.734375,40856,0.0,0.0
2021-12-09 00:00:00+09:00,31334.12269836199,32205.615365067377,31215.2827892658,31967.935546875,39244,0.0,0.0
2021-12-10 00:00:00+09:00,31532.18589924291,31532.18589924291,30462.62682979623,30739.919921875,49872,0.0,0.0
2021-12-13 00:00:00+09:00,30502.238561751998,30660.691749085774,29432.679547249005,29789.19921875,35947,0.0,0.0
2021-12-14 00:00:00+09:00,29551.523606876694,29789.203421409213,29115.77728023374,29234.6171875,29279,0.0,0.0
2021-12-15 00:00:00+09:00,29115.779107608512,29630.752071416555,29115.779107608512,29432.685546875,16537,0.0,0.0
2021-12-16 00:00:00+09:00,29353.455284139553,29472.29518407534,28759.255784460616,28917.708984375,20699,0.0,0.0
2021-12-17 00:00:00+09:00,28719.640465561224,29234.613329081632,28165.054304846937,29115.7734375,53555,0.0,0.0
2021-12-20 00:00:00+09:00,28640.416545999462,28680.02984689296,27491.630820088005,27570.857421875,45611,0.0,0.0
2021-12-21 00:00:00+09:00,27452.019419323067,28046.21897385387,27293.56620478152,27650.0859375,35136,0.0,0.0
2021-12-22 00:00:00+09:00,27729.31234529703,28402.738502254244,27610.472435245756,28006.60546875,40404,0.0,0.0
2021-12-23 00:00:00+09:00,28204.66788702929,28442.347672594144,28125.441291841005,28402.734375,25903,0.0,0.0
2021-12-24 00:00:00+09:00,28600.804774547356,29195.004319724932,28244.285047440808,28442.3515625,26544,0.0,0.0
2021-12-27 00:00:00+09:00,28363.12111013986,28442.34770541958,28165.05462194056,28323.5078125,12397,0.0,0.0
2021-12-28 00:00:00+09:00,28323.5078125,28640.414193618883,28006.601431381117,28323.5078125,26247,0.0,0.0
2021-12-29 00:00:00+09:00,28654.63081691576,29331.198488981827,28575.034620202106,29291.400390625,27406,166.0,0.0
2021-12-30 00:00:00+09:00,29172.00415039063,29211.802246093754,28853.61938476563,28973.013671875,18523,0.0,0.0
2022-01-04 00:00:00+09:00,29490.393304624326,29768.980016004043,28973.017983490565,29530.19140625,20119,0.0,0.0
2022-01-05 00:00:00+09:00,29967.96804120464,30286.352827830982,29569.98705792171,29609.78515625,39842,0.0,0.0
2022-01-06 00:00:00+09:00,29370.994628906254,29530.187011718754,28575.032714843754,28654.62890625,36930,0.0,0.0
2022-01-07 00:00:00+09:00,28654.63111888112,28853.62161276224,28256.650131118884,28455.640625,33540,0.0,0.0
2022-01-11 00:00:00+09:00,28336.249437326867,28813.826675034627,28137.258921615303,28734.23046875,19912,0.0,0.0
2022-01-12 00:00:00+09:00,29012.813958832077,29530.189242048564,29012.813958832077,29092.41015625,15048,0.0,0.0
2022-01-13 00:00:00+09:00,29649.58643958193,29768.98074739233,29251.605413547273,29569.990234375,23657,0.0,0.0
2022-01-14 00:00:00+09:00,29808.772693201015,29808.772693201015,29211.801277449325,29450.58984375,18605,0.0,0.0
2022-01-17 00:00:00+09:00,29490.39303306978,30246.556956994646,29490.39303306978,29729.181640625,27782,0.0,0.0
2022-01-18 00:00:00+09:00,29808.775409075573,30166.958291160594,29410.794428981106,29490.390625,30785,0.0,0.0
2022-01-19 00:00:00+09:00,29888.372130429205,29928.170229138166,28973.01586012312,29092.41015625,38230,0.0,0.0
2022-01-20 00:00:00+09:00,29052.608390366735,29450.589327221074,28535.233172456094,28893.416015625,64828,0.0,0.0
2022-01-21 00:00:00+09:00,28575.033933849096,28813.822518254517,27062.706232614742,28614.83203125,50519,0.0,0.0
2022-01-24 00:00:00+09:00,28296.453125,28774.03039293249,27818.875857067513,28296.453125,30019,0.0,0.0
2022-01-25 00:00:00+09:00,28137.25564610273,28256.64994163075,27500.486069953306,27699.4765625,23359,0.0,0.0
2022-01-26 00:00:00+09:00,27460.689820707514,28535.238552822157,27381.09361832865,28336.248046875,23102,0.0,0.0
2022-01-27 00:00:00+09:00,28376.044427447552,28774.02541520979,27460.688155594406,28455.640625,41987,0.0,0.0
2022-01-28 00:00:00+09:00,27938.265365320014,28376.044452240985,27540.284377210042,28137.255859375,35550,0.0,0.0
2022-01-31 00:00:00+09:00,28057.66009665395,28893.42018463939,27978.063897798198,28694.4296875,27724,0.0,0.0
2022-02-01 00:00:00+09:00,29211.804980062414,29808.77647148058,28654.631588072123,28694.4296875,28953,0.0,0.0
2022-02-02 00:00:00+09:00,29092.40937914456,30047.563722645886,29012.813183852784,30007.765625,21390,0.0,0.0
2022-02-03 00:00:00+09:00,30007.766849269585,30405.74784196547,29649.583955843293,29967.96875,20287,0.0,0.0
2022-02-04 00:00:00+09:00,30246.55960648148,30326.155815972223,29371.001302083336,30087.3671875,19798,0.0,0.0
2022-02-07 00:00:00+09:00,30246.55515665796,30525.141848890336,30007.766563315923,30485.34375,25887,0.0,0.0
2022-02-08 00:00:00+09:00,30564.939688715953,31281.305462670232,30047.564407526752,30684.333984375,41373,0.0,0.0
2022-02-09 00:00:00+09:00,30724.130122299874,31440.495850540025,30166.956778113086,31321.1015625,31212,0.0,0.0
2022-02-10 00:00:00+09:00,31599.691904395517,31679.288105666034,30923.124193596115,31520.095703125,33267,0.0,0.0
2022-02-14 00:00:00+09:00,30962.918457031254,31599.687988281254,30803.726074218754,30883.322265625,26521,0.0,0.0
2022-02-15 00:00:00+09:00,30684.334479640765,31161.91166998537,30405.74778527308,30604.73828125,30805,0.0,0.0
2022-02-16 00:00:00+09:00,30763.930319963554,32236.459973053657,30644.536023767057,32077.267578125,37218,0.0,0.0
2022-02-17 00:00:00+09:00,32475.251953125,32913.03108484605,31997.674718520222,32475.251953125,20811,0.0,0.0
2022-02-18 00:00:00+09:00,32355.85615305657,32873.23146669708,32156.86564781022,32714.0390625,15745,0.0,0.0
2022-02-21 00:00:00+09:00,32634.44220690994,32634.44220690994,31957.874502620343,32037.470703125,13839,0.0,0.0
2022-02-22 00:00:00+09:00,31480.296642013007,31639.489039697015,31042.517548381977,31360.90234375,39948,0.0,0.0
2022-02-24 00:00:00+09:00,31122.11108243329,31559.890138580053,30843.524410339898,31321.1015625,74733,0.0,0.0
2022-02-25 00:00:00+09:00,31002.721531413612,31241.51014397906,30206.7594895288,30405.75,44074,0.0,0.0
2022-02-28 00:00:00+09:00,30286.352248330153,31400.69898020038,30007.765565362595,31281.3046875,32842,0.0,0.0
2022-03-01 00:00:00+09:00,31122.112586805557,31520.09356617647,30246.554432189543,30445.544921875,30750,0.0,0.0
2022-03-02 00:00:00+09:00,29888.374001448676,30246.556912251657,29450.594888245032,30047.56640625,34833,0.0,0.0
2022-03-03 00:00:00+09:00,30127.165292245372,30564.944444444445,29928.17476851852,30087.3671875,20586,0.0,0.0
2022-03-04 00:00:00+09:00,30087.361820291775,30206.75611322944,29291.399867374002,30007.765625,29273,0.0,0.0
2022-03-07 00:00:00+09:00,30087.364047897197,30087.364047897197,29092.411533085782,29808.77734375,26025,0.0,0.0
2022-03-08 00:00:00+09:00,29450.592526990553,29928.16970310391,29251.602036943317,29490.390625,22826,0.0,0.0
2022-03-09 00:00:00+09:00,29768.978282298656,30246.555473993285,29490.391587143455,29649.583984375,25803,0.0,0.0
2022-03-10 00:00:00+09:00,29928.169648692812,30644.535411560457,29928.169648692812,30445.544921875,23814,0.0,0.0
2022-03-11 00:00:00+09:00,30445.54591255338,30763.93070641015,30206.757317160806,30286.353515625,22857,0.0,0.0
2022-03-14 00:00:00+09:00,30246.555388491546,31281.30596757152,30246.555388491546,30604.73828125,22976,0.0,0.0
2022-03-15 00:00:00+09:00,30923.119388521634,31241.50414413061,30724.128916266025,31042.513671875,26952,0.0,0.0
2022-03-16 00:00:00+09:00,31440.499501854483,31559.893803760257,30962.922294231375,31520.095703125,23169,0.0,0.0
2022-03-17 00:00:00+09:00,31520.094219924813,31878.277108787595,31241.507528587095,31758.8828125,24226,0.0,0.0
2022-03-18 00:00:00+09:00,31957.874502620343,32236.461204386647,31679.28780085404,32037.470703125,20533,0.0,0.0
2022-03-22 00:00:00+09:00,32037.470597104944,33032.42310012063,31838.480096501808,32992.625,33048,0.0,0.0
2022-03-23 00:00:00+09:00,32992.624801822276,32992.624801822276,32276.259003954,32554.845703125,21165,0.0,0.0
2022-03-24 00:00:00+09:00,32316.054677972563,32634.439453125,32037.46799971418,32634.439453125,20560,0.0,0.0
2022-03-25 00:00:00+09:00,32793.63947750918,32873.23568983323,32276.264097402847,32515.052734375,14498,0.0,0.0
2022-03-28 00:00:00+09:00,32793.634955089816,33430.40456586826,32674.24065306886,33231.4140625,20420,0.0,0.0
2022-03-29 00:00:00+09:00,33112.012736966826,33669.186028213866,32992.618460271035,33589.58984375,22209,0.0,0.0
2022-03-30 00:00:00+09:00,33748.78783863369,34345.759321628386,33311.00875110424,33788.5859375,19437,0.0,0.0
2022-03-31 00:00:00+09:00,33589.58984375,33947.77267383738,33350.80129035842,33589.58984375,27377,0.0,0.0
2022-04-01 00:00:00+09:00,33987.575914944704,34186.56640625,33112.0177532014,34186.56640625,29634,0.0,0.0
2022-04-04 00:00:00+09:00,34544.74829808807,34544.74829808807,33748.78635573581,34345.7578125,19671,0.0,0.0
2022-04-05 00:00:00+09:00,34385.56235795454,35022.33203125,34106.97562588778,35022.33203125,16981,0.0,0.0
2022-04-06 00:00:00+09:00,35022.33102375566,35499.90826498869,34624.349989394796,35181.5234375,23396,0.0,0.0
2022-04-07 00:00:00+09:00,35022.327893386544,35261.11649265964,34544.75069484037,34902.93359375,30735,0.0,0.0
2022-04-08 00:00:00+09:00,34902.93066741838,35181.517343213054,34664.142088165805,34743.73828125,32976,0.0,0.0
2022-04-11 00:00:00+09:00,34783.541292074224,35101.92610939298,34544.752679085155,34584.55078125,15197,0.0,0.0
2022-04-12 00:00:00+09:00,34425.356462325784,34823.337461890245,34266.1640625,34266.1640625,15945,0.0,0.0
2022-04-13 00:00:00+09:00,34226.36603180473,34266.16413184172,33311.00973095414,33629.39453125,23773,0.0,0.0
2022-04-14 00:00:00+09:00,33708.99550576138,34226.370879521586,33510.00497739207,34106.9765625,14910,0.0,0.0
2022-04-15 00:00:00+09:00,34305.96550301378,34703.9465413318,34106.974983854765,34664.1484375,14597,0.0,0.0
2022-04-18 00:00:00+09:00,34584.553094917894,35261.12087698188,34584.553094917894,35141.7265625,13916,0.0,0.0
2022-04-19 00:00:00+09:00,35101.9270094353,35380.513731732404,34664.14787439699,35062.12890625,25788,0.0,0.0
2022-04-20 00:00:00+09:00,35221.3156838613,35420.30616795091,34584.546134774544,34863.1328125,27143,0.0,0.0
2022-04-21 00:00:00+09:00,35022.325440841865,35460.10450885239,34982.52734375,34982.52734375,16257,0.0,0.0
2022-04-22 00:00:00+09:00,34783.543403764204,35181.524449573866,34544.75477627841,35022.33203125,22660,0.0,0.0
2022-04-25 00:00:00+09:00,34823.341723881655,35221.322772154585,34465.15878043602,35141.7265625,27147,0.0,0.0
2022-04-26 00:00:00+09:00,34982.53282153179,35579.50437138729,34345.763168352605,34425.359375,35024,0.0,0.0
2022-04-27 00:00:00+09:00,34226.36964597902,34664.14879261364,33907.98481206294,34146.7734375,32342,0.0,0.0
2022-04-28 00:00:00+09:00,34345.759321628386,34664.14411255889,33788.5859375,33788.5859375,35903,0.0,0.0
2022-05-02 00:00:00+09:00,33470.20063755093,34345.758799294235,33470.20063755093,34186.56640625,22826,0.0,0.0
2022-05-06 00:00:00+09:00,34027.37962733579,35300.918981809176,33947.7834176812,35141.7265625,30447,0.0,0.0
2022-05-09 00:00:00+09:00,35778.49442026706,36455.062167925054,35420.31149503635,35579.50390625,52223,0.0,0.0
2022-05-10 00:00:00+09:00,35300.91497457252,35420.30927550118,33669.192861880896,33748.7890625,45556,0.0,0.0
2022-05-11 00:00:00+09:00,34067.174969806765,34106.973071407,32714.039515398552,32952.828125,47043,0.0,0.0
2022-05-12 00:00:00+09:00,32833.43305576347,33669.19316991018,32515.04825037425,33231.4140625,30979,0.0,0.0
2022-05-13 00:00:00+09:00,33231.41661164906,34226.36920481221,33231.41661164906,33907.984375,34230,0.0,0.0
2022-05-16 00:00:00+09:00,33987.5778954906,34305.96270013219,33510.0006885282,33868.18359375,29341,0.0,0.0
2022-05-17 00:00:00+09:00,34226.36328125,34345.757571765986,33788.584216024705,34226.36328125,21529,0.0,0.0
2022-05-18 00:00:00+09:00,34584.54955549569,34902.93436153017,34425.35715247845,34624.34765625,30165,0.0,0.0
2022-05-19 00:00:00+09:00,34226.36375938221,34624.34473332852,34067.17136980369,34465.15234375,20515,0.0,0.0
2022-05-20 00:00:00+09:00,34345.760567143276,34544.75106869104,33708.99096219045,33748.7890625,28733,0.0,0.0
2022-05-23 00:00:00+09:00,34067.173864976416,34106.971965285964,33549.798560952244,33748.7890625,21319,0.0,0.0
2022-05-24 00:00:00+09:00,33589.59877503034,33629.39687784435,32753.838615935983,32793.63671875,34476,0.0,0.0
2022-05-25 00:00:00+09:00,32952.83245278777,33430.40973471223,32952.83245278777,33191.62109375,25388,0.0,0.0
2022-05-26 00:00:00+09:00,33151.81920427901,34226.36796600234,33151.81920427901,33947.78125,40205,0.0,0.0
2022-05-27 00:00:00+09:00,33907.981162891985,34385.55836236934,33510.000163327524,34266.1640625,37187,0.0,0.0
2022-05-30 00:00:00+09:00,34027.37453069788,34425.35551936101,33470.201146569496,33788.5859375,28718,0.0,0.0
2022-05-31 00:00:00+09:00,33589.598550671726,34226.36819144276,33470.20424302716,34067.17578125,30687,0.0,0.0
2022-06-01 00:00:00+09:00,33828.38085473575,34226.361805967936,33350.803713257126,33509.99609375,24360,0.0,0.0
2022-06-02 00:00:00+09:00,33271.210652237925,33907.98023409894,33271.210652237925,33788.5859375,17473,0.0,0.0
2022-06-03 00:00:00+09:00,33549.79978047521,33828.38649276859,33350.80927169421,33708.9921875,14664,0.0,0.0
2022-06-06 00:00:00+09:00,33231.41595770314,33828.387501853496,33231.41595770314,33549.80078125,28644,0.0,0.0
2022-06-07 00:00:00+09:00,33390.60646519461,33708.99127058383,33151.81786115269,33231.4140625,23386,0.0,0.0
2022-06-08 00:00:00+09:00,33112.01976047904,33350.808364520955,33032.423559131734,33231.4140625,23044,0.0,0.0
2022-06-09 00:00:00+09:00,33072.22719029018,33868.18933686756,33072.22719029018,33430.41015625,23830,0.0,0.0
2022-06-10 00:00:00+09:00,33191.61550060313,33510.00030156815,32833.43259951749,32992.625,22277,0.0,0.0
2022-06-13 00:00:00+09:00,32634.441669861964,32913.02836704371,32316.056873082824,32435.451171875,28822,0.0,0.0
2022-06-14 00:00:00+09:00,31878.274906686787,31957.87109871347,30883.32250635324,31321.1015625,54739,0.0,0.0
2022-06-15 00:00:00+09:00,31321.106579000974,31878.28001242666,30405.75022408735,30525.14453125,37036,0.0,0.0
2022-06-16 00:00:00+09:00,30923.119388521634,31838.475560897437,30883.321294070513,31042.513671875,26225,0.0,0.0
2022-06-17 00:00:00+09:00,30644.5412109375,31997.676796875,30246.56015625,31838.484375,35795,0.0,0.0
2022-06-20 00:00:00+09:00,31918.08088148585,31997.67709316038,30962.92634139151,31639.494140625,22271,0.0,0.0
2022-06-21 00:00:00+09:00,31838.477784730912,31997.67017365457,31480.29490965269,31798.6796875,14427,0.0,0.0
2022-06-22 00:00:00+09:00,31798.67995586832,31878.276151001908,31122.112297232827,31281.3046875,25079,0.0,0.0
2022-06-23 00:00:00+09:00,31321.102785066796,31838.478053435116,31161.91039479962,31281.3046875,24204,0.0,0.0
2022-06-24 00:00:00+09:00,31241.5107709467,31241.5107709467,30684.337330445742,31082.318359375,29497,0.0,0.0
2022-06-27 00:00:00+09:00,31639.490005030777,31719.086206301294,31201.71089804293,31520.095703125,29316,0.0,0.0
2022-06-28 00:00:00+09:00,31520.09953125,32037.47490234375,31520.09953125,31838.484375,34876,0.0,0.0
2022-06-29 00:00:00+09:00,31811.309659984276,32011.129444280657,31651.45383254717,31771.345703125,42148,166.0,0.0
2022-06-30 00:00:00+09:00,31611.48283305921,32290.86994830827,31611.48283305921,31891.23046875,35736,0.0,0.0
2022-07-01 00:00:00+09:00,32051.08867337548,32170.98052626841,31012.02594830346,31211.845703125,36016,0.0,0.0
2022-07-04 00:00:00+09:00,31451.628843327162,31891.23229602932,30572.42193792284,31012.025390625,33527,0.0,0.0
2022-07-05 00:00:00+09:00,31171.883530890802,31531.55911009339,30812.207951688215,31291.775390625,34190,0.0,0.0
2022-07-06 00:00:00+09:00,31051.989276960783,31091.953227124184,30452.530024509804,30572.421875,36633,0.0,0.0
2022-07-07 00:00:00+09:00,30372.604520013567,30492.49637996099,28973.866153960313,29453.43359375,65984,0.0,0.0
2022-07-08 00:00:00+09:00,29173.680743098423,29533.356259109227,29093.752850651577,29133.716796875,55592,0.0,0.0
2022-07-11 00:00:00+09:00,29293.57556931516,30252.710376496012,29293.57556931516,30052.890625,43397,0.0,0.0
2022-07-12 00:00:00+09:00,30012.9231292517,30012.9231292517,29213.644217687073,29373.5,49200,0.0,0.0
2022-07-13 00:00:00+09:00,29453.42815965222,30012.923402847784,29333.5363218246,29733.17578125,29941,0.0,0.0
2022-07-14 00:00:00+09:00,29573.318359375,29853.0659654772,29173.67892208615,29573.318359375,16508,0.0,0.0
2022-07-15 00:00:00+09:00,29373.506032571626,29533.36184771487,29173.686263642565,29293.578125,23271,0.0,0.0
2022-07-19 00:00:00+09:00,29693.21451430723,30012.926110692773,29573.322665662654,29853.0703125,38874,0.0,0.0
2022-07-20 00:00:00+09:00,30292.673757530123,30292.673757530123,29613.286615210844,29853.0703125,21947,0.0,0.0
2022-07-21 00:00:00+09:00,30252.71060385184,30532.45825804862,30132.81875205322,30412.56640625,22790,0.0,0.0
2022-07-22 00:00:00+09:00,30532.455906571337,31211.84301444007,30492.491959049647,31091.951171875,29533,0.0,0.0
2022-07-25 00:00:00+09:00,31171.877382465056,31571.516836086405,30852.16581956798,31451.625,39084,0.0,0.0
2022-07-26 00:00:00+09:00,31771.341240605223,31891.233094343355,31331.737776898735,31571.521484375,20935,0.0,0.0
2022-07-27 00:00:00+09:00,31411.665679390822,31971.160996835442,31411.665679390822,31571.521484375,32230,0.0,0.0
2022-07-28 00:00:00+09:00,31891.227895277603,32250.903397855924,31611.480282161134,32210.939453125,26095,0.0,0.0
2022-07-29 00:00:00+09:00,32410.76536364994,33649.64788679809,32410.76536364994,33449.828125,46054,0.0,0.0
2022-08-01 00:00:00+09:00,33529.751159452295,34169.174304328626,33449.823266342755,33929.390625,38125,0.0,0.0
2022-08-02 00:00:00+09:00,33969.35758770637,34129.213388119104,33449.82623636498,33889.4296875,52067,0.0,0.0
2022-08-03 00:00:00+09:00,34049.28246466431,34329.030090547705,33649.64299911661,33929.390625,36384,0.0,0.0
2022-08-04 00:00:00+09:00,33849.46273189046,34368.99403710247,33729.57089222615,33929.390625,24818,0.0,0.0
2022-08-05 00:00:00+09:00,33849.46484375,34009.320639942445,33529.75325136511,33849.46484375,13414,0.0,0.0
2022-08-08 00:00:00+09:00,33769.53718238902,34289.06852365654,33769.53718238902,34209.140625,16687,0.0,0.0
2022-08-09 00:00:00+09:00,34049.28548791274,34209.141288325474,33849.465737396815,33889.4296875,14655,0.0,0.0
2022-08-10 00:00:00+09:00,34209.14085982659,34648.744305455206,34129.212960621386,34568.81640625,25812,0.0,0.0
2022-08-12 00:00:00+09:00,34768.6328125,34928.488595545976,34448.92124640805,34768.6328125,19327,0.0,0.0
2022-08-15 00:00:00+09:00,34928.49485996294,35128.31462460804,34848.56695410491,35048.38671875,15298,0.0,0.0
2022-08-16 00:00:00+09:00,35048.38370675541,35088.34765625,34608.78026231492,35088.34765625,28170,0.0,0.0
2022-08-17 00:00:00+09:00,35088.3489976073,35088.3489976073,34408.961830227665,34448.92578125,15220,0.0,0.0
2022-08-18 00:00:00+09:00,34329.03149751584,34808.59887582806,34129.211756552424,34688.70703125,13911,0.0,0.0
2022-08-19 00:00:00+09:00,34688.71448537844,34968.46218284117,34528.85865825688,34848.5703125,12896,0.0,0.0
2022-08-22 00:00:00+09:00,34528.85867647059,34608.786590073534,33889.435367647064,33969.36328125,16920,0.0,0.0
2022-08-23 00:00:00+09:00,33969.355400854576,34648.74250887167,33969.355400854576,34488.88671875,20563,0.0,0.0
2022-08-24 00:00:00+09:00,34329.032472984814,34528.85221962617,34009.320878358645,34209.140625,20907,0.0,0.0
2022-08-25 00:00:00+09:00,34289.065508313884,34329.02945412777,33969.3539418028,34249.1015625,15986,0.0,0.0
2022-08-26 00:00:00+09:00,34249.101517600575,34808.59675826149,34129.20968031609,34768.6328125,19831,0.0,0.0
2022-08-29 00:00:00+09:00,34329.032232327336,34568.815926616,33649.64509850945,33849.46484375,32848,0.0,0.0
2022-08-30 00:00:00+09:00,33689.612592721794,34209.143985017625,33689.612592721794,34009.32421875,15948,0.0,0.0
2022-08-31 00:00:00+09:00,33929.394749781466,34528.85402097902,33569.71918706294,34289.0703125,28191,0.0,0.0
2022-09-01 00:00:00+09:00,34169.1800317641,34368.99979803173,33889.43235898943,34009.32421875,23512,0.0,0.0
2022-09-02 00:00:00+09:00,34089.246990266394,34488.88646260246,33929.391201331964,34129.2109375,11374,0.0,0.0
2022-09-05 00:00:00+09:00,34129.20793128655,34448.919480994155,34009.3161001462,34169.171875,9430,0.0,0.0
2022-09-06 00:00:00+09:00,34129.2109375,34329.03067366803,33889.42725409836,34129.2109375,11374,0.0,0.0
2022-09-07 00:00:00+09:00,34049.28796763658,34129.215873663896,33449.82867243171,33649.6484375,20987,0.0,0.0
2022-09-08 00:00:00+09:00,33649.644208037826,34089.2476359338,33609.68026004728,33809.5,11672,0.0,0.0
2022-09-09 00:00:00+09:00,33889.42426900585,34249.0997624269,33729.56849415205,34169.171875,17466,0.0,0.0
2022-09-12 00:00:00+09:00,34608.78586647727,35328.13707386364,34528.857954545456,35168.28125,27185,0.0,0.0
2022-09-13 00:00:00+09:00,35168.28004143646,36167.37890625,35088.35213225138,36167.37890625,34477,0.0,0.0
2022-09-14 00:00:00+09:00,35687.804054522756,36247.29930285794,35527.948269284134,36007.515625,21289,0.0,0.0
2022-09-15 00:00:00+09:00,35967.5522557947,36287.26383140177,35887.62436189294,36207.3359375,19368,0.0,0.0
2022-09-16 00:00:00+09:00,36047.480149696465,36447.119619205296,35927.58830884382,36207.3359375,28880,0.0,0.0
2022-09-20 00:00:00+09:00,36087.44142819523,36447.1169241573,35368.090436271064,35567.91015625,19377,0.0,0.0
2022-09-21 00:00:00+09:00,35487.98347660654,35687.80320338923,35368.09164053692,35448.01953125,12854,0.0,0.0
2022-09-22 00:00:00+09:00,35128.30880618757,36087.443517619315,35048.38091356826,36007.515625,26237,0.0,0.0
2022-09-26 00:00:00+09:00,35967.54898037305,36127.40475361916,35487.981660634745,35887.62109375,19122,0.0,0.0
2022-09-27 00:00:00+09:00,35767.73109410231,35967.55082088501,35408.05558589346,35448.01953125,30235,0.0,0.0
2022-09-28 00:00:00+09:00,35408.06139412101,35767.73696132991,34568.8184039669,35008.421875,41073,0.0,0.0
2022-09-29 00:00:00+09:00,35687.81091579861,36207.34231770833,35607.8830078125,35967.55859375,27184,0.0,0.0
2022-09-30 00:00:00+09:00,35567.910413240126,36567.00902035362,35368.09069181743,36447.1171875,34593,0.0,0.0
2022-10-03 00:00:00+09:00,36527.04783640521,36567.011783709815,35288.16546996259,36047.48046875,26121,0.0,0.0
2022-10-04 00:00:00+09:00,36207.337642508144,37046.580567996745,36127.40974484257,36806.796875,22115,0.0,0.0
2022-10-05 00:00:00+09:00,37086.54270946681,37206.434550122416,36606.975346844396,36726.8671875,17774,0.0,0.0
2022-10-06 00:00:00+09:00,36846.76227919364,37086.54598166127,36487.08672549218,37046.58203125,18088,0.0,0.0
2022-10-07 00:00:00+09:00,36646.94600866337,36806.80182549505,36087.45064975248,36327.234375,20931,0.0,0.0
2022-10-11 00:00:00+09:00,36087.44498949146,36447.12052094818,36087.44498949146,36247.30078125,16079,0.0,0.0
2022-10-12 00:00:00+09:00,36327.23037130559,37126.50936737392,36207.33852189534,36846.76171875,30217,0.0,0.0
2022-10-13 00:00:00+09:00,36846.76090996696,37006.616705671804,36047.48193144273,36287.265625,22430,0.0,0.0
2022-10-14 00:00:00+09:00,36766.83448440919,36846.76238546225,36287.26707809081,36527.05078125,21663,0.0,0.0
2022-10-17 00:00:00+09:00,36167.37522651121,36606.97868230306,36167.37522651121,36527.05078125,14750,0.0,0.0
2022-10-18 00:00:00+09:00,36606.98012907609,37006.61965013587,36447.124320652176,36766.8359375,23451,0.0,0.0
2022-10-19 00:00:00+09:00,36766.83260135135,37046.58024070946,36327.22916807432,36966.65234375,15389,0.0,0.0
2022-10-20 00:00:00+09:00,37046.579275613665,37566.110592315905,36926.68743329776,37446.21875,27248,0.0,0.0
2022-10-21 00:00:00+09:00,37486.184248991936,37606.07609627016,36966.65291078629,37166.47265625,15860,0.0,0.0
2022-10-24 00:00:00+09:00,37046.580654598016,37046.580654598016,36247.30167607379,36287.265625,20873,0.0,0.0
2022-10-25 00:00:00+09:00,36367.198329207924,36487.09019183168,36047.486695544554,36327.234375,18255,0.0,0.0
2022-10-26 00:00:00+09:00,36567.01473177653,36846.76238546225,36287.26707809081,36527.05078125,29567,0.0,0.0
2022-10-27 00:00:00+09:00,36527.04947076613,37166.47265625,36167.373928931454,37166.47265625,32848,0.0,0.0
2022-10-28 00:00:00+09:00,36926.69106950431,37486.186388739225,36686.907361260775,37086.546875,28190,0.0,0.0
2022-10-31 00:00:00+09:00,37206.44017247725,37606.079701719755,36886.728549083244,37326.33203125,31989,0.0,0.0
2022-11-01 00:00:00+09:00,37486.1871599655,37686.00692094612,37046.58368580812,37646.04296875,23713,0.0,0.0
2022-11-02 00:00:00+09:00,37686.008857243556,37765.93676574248,37126.513497751075,37206.44140625,20755,0.0,0.0
2022-11-04 00:00:00+09:00,36646.9369089227,37326.32396175987,36407.153243215456,36447.1171875,21320,0.0,0.0
2022-11-07 00:00:00+09:00,36447.121750553095,36487.08569984099,35927.59040981057,36127.41015625,22087,0.0,0.0
2022-11-08 00:00:00+09:00,36247.30045965972,36567.01204034029,36207.336512074646,36407.15625,12188,0.0,0.0
2022-11-09 00:00:00+09:00,36407.16228341584,36487.09019183168,36087.45064975248,36327.234375,16437,0.0,0.0
2022-11-10 00:00:00+09:00,36047.48193144273,36646.9411653359,36047.48193144273,36287.265625,19659,0.0,0.0
2022-11-11 00:00:00+09:00,36766.83737176026,37286.3687694047,36726.8734180953,37006.62109375,36857,0.0,0.0
2022-11-14 00:00:00+09:00,37006.617040583515,37006.617040583515,36127.41015625,36127.41015625,27490,0.0,0.0
2022-11-15 00:00:00+09:00,36047.47957130966,36127.40746392897,35727.76800083241,36007.515625,23627,0.0,0.0
2022-11-16 00:00:00+09:00,35967.55512103624,36087.44697143969,35288.16796875,35288.16796875,15826,0.0,0.0
2022-11-17 00:00:00+09:00,35288.166901844714,36527.04931855726,35288.166901844714,36287.265625,18979,0.0,0.0
2022-11-18 00:00:00+09:00,36287.26230490142,36606.97386705915,36007.51468801341,36487.08203125,15797,0.0,0.0
2022-11-21 00:00:00+09:00,36567.019882938104,37366.299006062436,36407.16405831324,37286.37109375,20236,0.0,0.0
2022-11-22 00:00:00+09:00,37446.21785273103,37686.00153161725,37126.50628088274,37406.25390625,19951,0.0,0.0
2022-11-24 00:00:00+09:00,37246.407137593786,37446.226918374865,36886.731532187834,37286.37109375,17720,0.0,0.0
2022-11-25 00:00:00+09:00,37406.25792253521,37526.14977485103,36766.83471018418,36886.7265625,19571,0.0,0.0
2022-11-28 00:00:00+09:00,37166.47289337061,37606.07633619542,37086.54499467519,37526.1484375,27791,0.0,0.0
2022-11-29 00:00:00+09:00,37566.111412329126,38005.71484375,37366.29167077418,38005.71484375,17771,0.0,0.0
2022-11-30 00:00:00+09:00,38045.680581059816,38165.57243163038,37606.077128967736,38085.64453125,19844,0.0,0.0
2022-12-01 00:00:00+09:00,38125.61469726562,38525.25426432292,38085.6507405599,38365.3984375,34395,0.0,0.0
2022-12-02 00:00:00+09:00,38485.28035261824,38525.24429898649,38165.56878167229,38445.31640625,24658,0.0,0.0
2022-12-05 00:00:00+09:00,38365.39406345957,39084.74520214944,38365.39406345957,39044.78125,14477,0.0,0.0
2022-12-06 00:00:00+09:00,38884.92211764893,39244.59765625,38725.06632271512,39244.59765625,15746,0.0,0.0
2022-12-07 00:00:00+09:00,39164.66759653962,40043.874420135406,39084.73970348546,39844.0546875,28991,0.0,0.0
2022-12-08 00:00:00+09:00,39684.19916050572,40523.44204305418,39404.451532989566,40203.73046875,19464,0.0,0.0
2022-12-09 00:00:00+09:00,40363.58625590209,40843.15361735835,39963.94678802187,40203.73046875,26911,0.0,0.0
2022-12-12 00:00:00+09:00,40203.73046875,40283.658362326045,39564.30732014165,40203.73046875,15250,0.0,0.0
2022-12-13 00:00:00+09:00,40203.73020624373,40203.73020624373,39604.27100833751,39844.0546875,16991,0.0,0.0
2022-12-14 00:00:00+09:00,40203.7314734285,41802.28938489683,40043.87568228167,41642.43359375,33388,0.0,0.0
2022-12-15 00:00:00+09:00,41562.50537762906,41882.21695745698,41322.721692758125,41802.2890625,19241,0.0,0.0
2022-12-16 00:00:00+09:00,41722.36084821429,41962.14453125,41242.79348214286,41962.14453125,33605,0.0,0.0
2022-12-19 00:00:00+09:00,41402.64939880371,41482.577293395996,40683.298347473145,40923.08203125,27021,0.0,0.0
2022-12-20 00:00:00+09:00,41003.008303801544,41322.71986952319,38485.27972374355,38765.02734375,51110,0.0,0.0
2022-12-21 00:00:00+09:00,38685.104464285716,40123.80669642857,38245.501004464284,39164.671875,38872,0.0,0.0
2022-12-22 00:00:00+09:00,39404.446520456826,39963.941704317265,38924.87922000502,39804.0859375,27471,0.0,0.0
2022-12-23 00:00:00+09:00,39484.38370513145,40043.8790207912,39404.45580289434,39524.34765625,19424,0.0,0.0
2022-12-26 00:00:00+09:00,39724.16342315369,40123.80289421158,39004.8123752495,40043.875,22458,0.0,0.0
2022-12-27 00:00:00+09:00,40043.881092526906,40923.08806262231,39963.9531861546,40843.16015625,25278,0.0,0.0
2022-12-28 00:00:00+09:00,40603.37712647929,40923.08875739645,40203.73758783284,40523.44921875,19325,0.0,0.0
2022-12-29 00:00:00+09:00,40549.4453125,40955.75237975952,40265.03036541834,40549.4453125,22581,832.0,0.0
2022-12-30 00:00:00+09:00,40711.97143841912,41605.84705882353,40711.97143841912,41443.32421875,17738,0.0,0.0
2023-01-04 00:00:00+09:00,41524.580487277664,41849.6261270998,40955.75061758893,41118.2734375,21107,0.0,0.0
2023-01-05 00:00:00+09:00,41280.799266898604,41280.799266898604,40143.139444582506,40874.4921875,31769,0.0,0.0
2023-01-06 00:00:00+09:00,40793.231971153844,41280.80048076923,40386.92487980769,41199.5390625,20253,0.0,0.0
2023-01-10 00:00:00+09:00,41362.065146899135,42337.20224270029,41199.542297598935,42093.41796875,24325,0.0,0.0
2023-01-11 00:00:00+09:00,42174.679393400096,42743.50936595077,41849.63369479971,42093.41796875,16711,0.0,0.0
2023-01-12 00:00:00+09:00,42499.723251488096,42824.768936011904,42012.154724702385,42662.24609375,23676,0.0,0.0
2023-01-13 00:00:00+09:00,42987.29115409282,43962.428193505126,42662.24547428871,43556.12109375,37661,0.0,0.0
2023-01-16 00:00:00+09:00,43474.856383596656,43962.42486640335,42906.02648698885,43718.640625,29305,0.0,0.0
2023-01-17 00:00:00+09:00,43637.38251370102,43637.38251370102,43068.55257404384,43556.12109375,26912,0.0,0.0
2023-01-18 00:00:00+09:00,43799.90355231354,44531.256301795576,43149.81221944061,44124.94921875,25995,0.0,0.0
2023-01-19 00:00:00+09:00,43718.642419962336,44287.472339924665,42987.289665725046,43149.8125,29484,0.0,0.0
2023-01-20 00:00:00+09:00,42906.03002793296,43799.9056535149,42580.98434590317,43637.3828125,27082,0.0,0.0
2023-01-23 00:00:00+09:00,43718.643324383,45100.08744429845,43718.643324383,44449.99609375,30380,0.0,0.0
2023-01-24 00:00:00+09:00,44449.99400994575,45100.08533001808,44368.73259493671,44937.5625,18631,0.0,0.0
2023-01-25 00:00:00+09:00,44937.56459960938,45750.17878766741,44612.51892438616,45506.39453125,21523,0.0,0.0
2023-01-26 00:00:00+09:00,45343.86687892729,45587.651109459155,44612.51418733169,45262.60546875,26218,0.0,0.0
2023-01-27 00:00:00+09:00,45018.82123821814,45343.86687892729,44775.03700768627,45262.60546875,23500,0.0,0.0
2023-01-30 00:00:00+09:00,44937.56577598626,46075.2256690492,44856.30435505319,45831.44140625,49162,0.0,0.0
2023-01-31 00:00:00+09:00,45425.13099005425,45506.39240506329,44693.77825497287,44937.5625,27132,0.0,0.0
2023-02-01 00:00:00+09:00,45181.34885602679,45993.96304408483,45100.08743722099,45506.39453125,15449,0.0,0.0
2023-02-02 00:00:00+09:00,45181.342504528984,45668.910948822464,44612.512652853264,44856.296875,18043,0.0,0.0
2023-02-03 00:00:00+09:00,44449.994274202865,44775.03993617144,43556.118703789274,43962.42578125,32001,0.0,0.0
2023-02-06 00:00:00+09:00,43718.64363317757,44124.95073014018,43231.07511682243,43474.859375,28586,0.0,0.0
2023-02-07 00:00:00+09:00,43231.07511682243,43718.64363317757,42743.506600467284,43474.859375,14143,0.0,0.0
2023-02-08 00:00:00+09:00,43718.640625,44124.947694005576,43231.07214219331,43718.640625,17222,0.0,0.0
2023-02-09 00:00:00+09:00,43474.855161516854,43799.90080758427,43231.07092696629,43393.59375,14421,0.0,0.0
2023-02-10 00:00:00+09:00,43149.8125,43556.11958568738,42906.028248587565,43149.8125,18039,0.0,0.0
2023-02-13 00:00:00+09:00,43068.55138334117,43556.11988956767,42824.76713022791,43231.07421875,9269,0.0,0.0
2023-02-14 00:00:00+09:00,42824.76801985981,43881.16647196261,42824.76801985981,43474.859375,15484,0.0,0.0
2023-02-15 00:00:00+09:00,43556.118703789274,44287.47144321857,43556.118703789274,43962.42578125,20385,0.0,0.0
2023-02-16 00:00:00+09:00,43799.8985790308,44937.55828238225,43799.8985790308,44856.296875,21066,0.0,0.0
2023-02-17 00:00:00+09:00,44856.29841786355,45343.86687892729,44775.03700768627,45262.60546875,14190,0.0,0.0
2023-02-20 00:00:00+09:00,45262.60997596154,45587.65564903846,44693.78004807692,45425.1328125,19698,0.0,0.0
2023-02-21 00:00:00+09:00,45506.39332284172,45506.39332284172,44693.779156362405,45181.34765625,31958,0.0,0.0
2023-02-22 00:00:00+09:00,44937.56134619662,46156.482540035584,44775.03852035142,45668.9140625,31790,0.0,0.0
2023-02-24 00:00:00+09:00,45425.13488985204,45993.96484375,44043.69071609982,45993.96484375,60611,0.0,0.0
2023-02-27 00:00:00+09:00,45750.18092847473,46400.272309341155,44775.043857175086,45018.828125,28132,0.0,0.0
2023-02-28 00:00:00+09:00,45100.08805071721,45668.91799009563,44531.25811133879,44612.51953125,29101,0.0,0.0
2023-03-01 00:00:00+09:00,44856.30381296641,45262.610912721546,43393.598253847944,43556.12109375,34470,0.0,0.0
2023-03-02 00:00:00+09:00,43556.12136363636,44856.30409090909,43231.07568181818,44693.78125,24497,0.0,0.0
2023-03-03 00:00:00+09:00,44775.041466346156,44775.041466346156,44206.21153846154,44368.734375,12299,0.0,0.0
2023-03-06 00:00:00+09:00,44693.774060235504,45018.819689764496,44368.72843070652,44856.296875,14754,0.0,0.0
2023-03-07 00:00:00+09:00,45018.828125,45831.44235108303,44856.305279783395,45018.828125,17664,0.0,0.0
2023-03-08 00:00:00+09:00,44693.774060235504,45181.342504528984,44531.251245471016,44856.296875,15389,0.0,0.0
2023-03-09 00:00:00+09:00,45018.819689764496,45018.819689764496,44531.251245471016,44856.296875,9608,0.0,0.0
2023-03-10 00:00:00+09:00,44775.0423710724,45262.61089053962,44368.735271516394,44612.51953125,25347,0.0,0.0
2023-03-13 00:00:00+09:00,44612.51531848768,45018.822379676094,43881.16260834854,44531.25390625,21240,0.0,0.0
2023-03-14 00:00:00+09:00,44287.46966953696,44937.56096743841,43962.42402058622,44531.25390625,28405,0.0,0.0
2023-03-15 00:00:00+09:00,44937.56430288462,45587.65564903846,44287.472956730766,44368.734375,31198,0.0,0.0
2023-03-16 00:00:00+09:00,43881.16494693396,44124.94919663915,42743.50511497642,43068.55078125,40384,0.0,0.0
2023-03-17 00:00:00+09:00,43068.55506455116,43799.90788640203,42012.156544099904,42093.41796875,92533,0.0,0.0
2023-03-20 00:00:00+09:00,42093.41216808617,42824.76488915331,40386.922485596195,40549.4453125,36703,0.0,0.0
2023-03-22 00:00:00+09:00,40955.75511363636,41118.27795138889,40061.87950599747,40224.40234375,49341,0.0,0.0
2023-03-23 00:00:00+09:00,39777.463344100055,40021.24759339995,39289.894845500254,39899.35546875,28113,0.0,0.0
2023-03-24 00:00:00+09:00,39330.53084047379,40549.45225081905,39208.63869943926,40305.66796875,21501,0.0,0.0
2023-03-27 00:00:00+09:00,40874.49338942308,41930.89182692308,40874.49338942308,41199.5390625,31286,0.0,0.0
2023-03-28 00:00:00+09:00,41199.5390625,43474.85877403846,41118.277644230766,43312.3359375,39034,0.0,0.0
2023-03-29 00:00:00+09:00,43312.336833896916,43799.90535360308,42906.02973414179,43556.12109375,36180,0.0,0.0
2023-03-30 00:00:00+09:00,43718.643028846156,44531.25721153846,43556.12019230769,44368.734375,36871,0.0,0.0
2023-03-31 00:00:00+09:00,44449.99136697711,45343.86687892729,43962.42290591338,45262.60546875,47759,0.0,0.0
2023-04-03 00:00:00+09:00,45181.352150537634,45831.4435483871,44612.522177419356,45343.875,45609,0.0,0.0
2023-04-04 00:00:00+09:00,45587.65100097656,45587.65100097656,43474.85434139476,44206.20703125,42749,0.0,0.0
2023-04-05 00:00:00+09:00,43799.90322247165,44206.21030245747,42743.50481450851,42987.2890625,37054,0.0,0.0
2023-04-06 00:00:00+09:00,43393.597955607474,43718.64363317757,42987.290858644854,43474.859375,30339,0.0,0.0
2023-04-07 00:00:00+09:00,43556.11928066038,43962.42636350236,42743.50511497642,43068.55078125,19163,0.0,0.0
2023-04-10 00:00:00+09:00,43474.85725171638,43474.85725171638,42337.197435783615,42906.02734375,15692,0.0,0.0
2023-04-11 00:00:00+09:00,43068.55047849716,43393.596142485825,42824.76623050567,42987.2890625,17948,0.0,0.0
2023-04-12 00:00:00+09:00,42987.29026442308,43556.12019230769,42418.46033653846,43312.3359375,20282,0.0,0.0
2023-04-13 00:00:00+09:00,43231.07244318182,44043.68658685065,43149.81102881494,43799.90234375,18933,0.0,0.0
2023-04-14 00:00:00+09:00,44287.47052160781,44287.47052160781,43393.594969795544,43718.640625,17363,0.0,0.0
2023-04-17 00:00:00+09:00,43637.38251370102,43718.64393365205,43149.81399399487,43556.12109375,9902,0.0,0.0
2023-04-18 00:00:00+09:00,43556.12228009259,44287.475079571755,43474.86085792824,43881.16796875,14180,0.0,0.0
2023-04-19 00:00:00+09:00,43881.16586538462,44368.734375,43556.12019230769,44368.734375,12498,0.0,0.0
2023-04-20 00:00:00+09:00,44287.47144321857,44531.255689695005,43718.64153477357,43962.42578125,14061,0.0,0.0
2023-04-21 00:00:00+09:00,43718.64213570442,44287.47205196823,43393.596469267955,44124.94921875,19226,0.0,0.0
2023-04-24 00:00:00+09:00,43962.424923434664,45018.8233042196,43556.117853902,44775.0390625,24229,0.0,0.0
2023-04-25 00:00:00+09:00,44856.30198965827,45668.91615613759,44775.04057301034,45181.34765625,22504,0.0,0.0
2023-04-26 00:00:00+09:00,45993.954877461474,47700.444369381425,45831.43206870719,47456.66015625,65739,0.0,0.0
2023-04-27 00:00:00+09:00,47131.62229093695,47294.14512642294,46156.48527802101,46400.26953125,28152,0.0,0.0
2023-04-28 00:00:00+09:00,46806.577512776836,47700.453125,46725.316093483816,47700.453125,21164,0.0,0.0
2023-05-01 00:00:00+09:00,47700.45191895369,47944.23617066895,47050.36058104631,47375.40625,14794,0.0,0.0
2023-05-02 00:00:00+09:00,47212.88671875,47537.932410445355,46725.318181206974,47212.88671875,16859,0.0,0.0
2023-05-08 00:00:00+09:00,47537.93117717161,48431.806806144064,47375.408335540254,47944.23828125,36111,0.0,0.0
2023-05-09 00:00:00+09:00,47944.23738287905,48106.760221465076,47456.668867120956,47700.453125,30956,0.0,0.0
2023-05-10 00:00:00+09:00,47944.233695652176,47944.233695652176,46562.789673913045,46725.3125,20137,0.0,0.0
2023-05-11 00:00:00+09:00,46481.52795622822,46644.05078125,45831.436656141115,46644.05078125,16395,0.0,0.0
2023-05-12 00:00:00+09:00,46644.05256558642,46644.05256558642,45425.13133129409,46075.22265625,21906,0.0,0.0
2023-05-15 00:00:00+09:00,45993.96421414645,47050.362685496104,45750.179951527294,46887.83984375,14354,0.0,0.0
2023-05-16 00:00:00+09:00,46969.10244997848,47294.14814167384,46562.7953353593,47212.88671875,8592,0.0,0.0
2023-05-17 00:00:00+09:00,47212.88671875,47375.40956459768,46887.841027054645,47212.88671875,13951,0.0,0.0
2023-05-18 00:00:00+09:00,47131.62380642361,47212.885226779516,46725.3167046441,46806.578125,12452,0.0,0.0
2023-05-19 00:00:00+09:00,46887.84132033935,47294.1484375,46806.57989690722,47294.1484375,15445,0.0,0.0
2023-05-22 00:00:00+09:00,47294.14392510776,47537.9281721444,46969.09826239224,47131.62109375,13072,0.0,0.0
2023-05-23 00:00:00+09:00,47212.88671875,47294.14814167384,46887.841027054645,47212.88671875,10328,0.0,0.0
2023-05-24 00:00:00+09:00,47050.359643683856,47294.14389054233,45750.176993772046,46075.22265625,21095,0.0,0.0
2023-05-25 00:00:00+09:00,45831.43658088236,46237.74364276961,45506.39093137255,45587.65234375,12806,0.0,0.0
2023-05-26 00:00:00+09:00,45912.70518056162,46725.31943154502,45506.39805506993,46481.53515625,13943,0.0,0.0
2023-05-29 00:00:00+09:00,46969.10126462305,47294.14694811525,46725.3170020039,46887.83984375,14430,0.0,0.0
2023-05-30 00:00:00+09:00,46806.573913043474,46806.573913043474,45912.698369565216,46725.3125,10768,0.0,0.0
2023-05-31 00:00:00+09:00,46481.533568718376,48188.0234375,46156.48787942664,48188.0234375,47798,0.0,0.0
2023-06-01 00:00:00+09:00,47375.403493847996,47375.403493847996,46400.266543717335,46644.05078125,22972,0.0,0.0
2023-06-02 00:00:00+09:00,46969.09826239224,47537.9281721444,46319.00693696121,47131.62109375,20862,0.0,0.0
2023-06-05 00:00:00+09:00,47294.14483276157,47456.66766723842,46969.099163807885,47375.40625,11829,0.0,0.0
2023-06-06 00:00:00+09:00,47050.36147477602,47700.45282503199,46887.83863721203,47619.19140625,14555,0.0,0.0
2023-06-07 00:00:00+09:00,47537.9312107344,47700.454052480505,46725.3170020039,46887.83984375,30902,0.0,0.0
2023-06-08 00:00:00+09:00,46887.83773300439,46887.83773300439,45831.439309210524,46319.0078125,28097,0.0,0.0
2023-06-09 00:00:00+09:00,46725.31489857456,46806.576315789476,46075.223560855266,46319.0078125,20300,0.0,0.0
2023-06-12 00:00:00+09:00,46319.009931848406,46644.05561558067,45343.872880651594,45831.44140625,21293,0.0,0.0
2023-06-13 00:00:00+09:00,45750.18212365591,45912.70497311828,45181.352150537634,45343.875,19226,0.0,0.0
2023-06-14 00:00:00+09:00,45262.606694240196,45912.697993259804,45181.34528186275,45587.65234375,17344,0.0,0.0
2023-06-15 00:00:00+09:00,45668.91201309419,46319.00328730194,45587.65060381822,46156.48046875,20399,0.0,0.0
2023-06-16 00:00:00+09:00,45993.9597826087,46725.3125,45668.91413043478,46725.3125,23931,0.0,0.0
2023-06-19 00:00:00+09:00,46562.79658134834,46969.10370684003,46075.2280307583,46481.53515625,13176,0.0,0.0
2023-06-20 00:00:00+09:00,46319.00811350701,46481.53094899299,46075.22386027802,46400.26953125,10003,0.0,0.0
2023-06-21 00:00:00+09:00,46156.48499142367,47456.66766723842,46156.48499142367,47375.40625,21730,0.0,0.0
2023-06-22 00:00:00+09:00,47131.62105930335,47294.14389054233,45506.392746913574,46075.22265625,33208,0.0,0.0
2023-06-23 00:00:00+09:00,46237.74730050223,46481.53155691965,45506.39453125,45506.39453125,22524,0.0,0.0
2023-06-26 00:00:00+09:00,45506.38919454225,46319.00328730194,45181.343557438384,46156.48046875,22173,0.0,0.0
2023-06-27 00:00:00+09:00,46481.52765052356,46806.57329842932,46156.4820026178,46562.7890625,22773,0.0,0.0
2023-06-28 00:00:00+09:00,46237.7484767656,47131.62410636915,46237.7484767656,46887.83984375,41087,0.0,0.0
2023-06-29 00:00:00+09:00,47274.703125,47858.34143518518,46774.44171626984,47274.703125,33851,1464.0,0.0
2023-06-30 00:00:00+09:00,47524.8399256993,47774.97066215035,46857.8246284965,47691.59375,25087,0.0,0.0
2023-07-03 00:00:00+09:00,47858.34143518518,48025.09523809524,46774.44171626984,47274.703125,27255,0.0,0.0
2023-07-04 00:00:00+09:00,47358.08777654867,47524.84160674779,46857.82628595133,47107.95703125,22067,0.0,0.0
2023-07-05 00:00:00+09:00,46857.82001742356,47024.57382531475,46024.05097796763,46357.55859375,19874,0.0,0.0
2023-07-06 00:00:00+09:00,46357.5562670765,46440.93316683743,45607.16416922814,45773.91796875,17378,0.0,0.0
2023-07-07 00:00:00+09:00,45773.920168659744,46607.68920634025,45773.920168659744,46190.8046875,14999,0.0,0.0
2023-07-10 00:00:00+09:00,45940.67777683424,46357.56233016305,45607.170134171196,46024.0546875,13527,0.0,0.0
2023-07-11 00:00:00+09:00,46440.941483117174,46774.449141882826,46190.810739042936,46607.6953125,16251,0.0,0.0
2023-07-12 00:00:00+09:00,46607.69103760208,46941.19866577813,45773.92196716197,45940.67578125,17671,0.0,0.0
2023-07-13 00:00:00+09:00,45940.67760606752,46024.054516423355,45106.908502509126,45690.546875,18675,0.0,0.0
2023-07-14 00:00:00+09:00,45690.54478211009,45857.298595183485,45190.28334288991,45440.4140625,16129,0.0,0.0
2023-07-18 00:00:00+09:00,45273.65855113637,46024.05068181818,45023.52784090909,45857.296875,25580,0.0,0.0
2023-07-19 00:00:00+09:00,46107.42619903075,47107.94900985962,46024.04929812834,46774.44140625,32612,0.0,0.0
2023-07-20 00:00:00+09:00,45023.52803474729,46440.93539880415,44856.77422721119,46190.8046875,84214,0.0,0.0
2023-07-21 00:00:00+09:00,46107.42556779371,46190.80246755464,45523.78726946721,45773.91796875,25377,0.0,0.0
2023-07-24 00:00:00+09:00,45773.91889880952,47691.58763227513,45773.91889880952,47274.703125,45499,0.0,0.0
2023-07-25 00:00:00+09:00,47608.2107308201,48358.602843915345,47024.57242063492,47274.703125,92455,0.0,0.0
2023-07-26 00:00:00+09:00,47191.32497306034,48358.6015625,46607.68667834051,48358.6015625,214115,0.0,0.0
2023-07-27 00:00:00+09:00,48275.226358695654,48358.60326086957,47691.58804347827,47941.71875,35412,0.0,0.0
2023-07-28 00:00:00+09:00,47358.084466753025,48275.23046875,46857.82301111831,48275.23046875,70282,0.0,0.0
2023-07-31 00:00:00+09:00,48525.357770055176,49609.25751405985,48358.603963285226,49108.99609375,174310,0.0,0.0
2023-08-01 00:00:00+09:00,48858.86892211704,49025.62274096386,47691.59219018933,48441.984375,200247,0.0,0.0
2023-08-02 00:00:00+09:00,48358.61314561632,48608.743903266055,47941.72854953342,48025.10546875,35724,0.0,0.0
2023-08-03 00:00:00+09:00,47941.71706627155,48525.35536099138,47691.58636853448,48358.6015625,29522,0.0,0.0
2023-08-04 00:00:00+09:00,48275.22487692637,49192.37077268836,48275.22487692637,48692.109375,31090,0.0,0.0
2023-08-07 00:00:00+09:00,48775.48896598497,49942.765625,48692.112061769614,49942.765625,38919,0.0,0.0
2023-08-08 00:00:00+09:00,49692.63421474359,49692.63421474359,48775.48828125,48775.48828125,40315,0.0,0.0
2023-08-09 00:00:00+09:00,47941.72350971639,49776.01553965337,47691.592778361344,49609.26171875,56685,0.0,0.0
2023-08-10 00:00:00+09:00,49359.133125,50443.0330078125,49192.379296875,50026.1484375,56632,0.0,0.0
2023-08-14 00:00:00+09:00,49609.25953389831,49942.76716101695,49025.62118644068,49192.375,29141,0.0,0.0
2023-08-15 00:00:00+09:00,49108.99965038726,49192.37655981067,48108.476737306366,48441.984375,30169,0.0,0.0
2023-08-16 00:00:00+09:00,48525.36344123294,48942.24800687927,48191.855788715875,48858.87109375,29786,0.0,0.0
2023-08-17 00:00:00+09:00,48942.23985721982,48942.23985721982,48108.47086476293,48358.6015625,22315,0.0,0.0
2023-08-18 00:00:00+09:00,48108.47665020509,49025.62265220207,47941.72283166019,48275.23046875,26133,0.0,0.0
2023-08-21 00:00:00+09:00,48525.3619660804,49859.39253559464,48275.23123429648,49776.015625,34716,0.0,0.0
2023-08-22 00:00:00+09:00,49525.886953124995,50109.5253515625,49192.379296875,50026.1484375,24466,0.0,0.0
2023-08-23 00:00:00+09:00,50026.14677718287,50609.78515625,49776.01604329695,50609.78515625,29950,0.0,0.0
2023-08-24 00:00:00+09:00,50609.78523963464,50943.29288536535,50192.90068247126,50776.5390625,18855,0.0,0.0
2023-08-25 00:00:00+09:00,50776.53416144949,50776.53416144949,48608.73467344015,49108.99609375,40103,0.0,0.0
2023-08-28 00:00:00+09:00,49108.99429898649,49776.00950168919,49025.61739864865,49359.125,23592,0.0,0.0
2023-08-29 00:00:00+09:00,50109.5234375,50526.40799188852,49776.01579398919,50109.5234375,72860,0.0,0.0
2023-08-30 00:00:00+09:00,50526.406339946545,51193.42160516036,50276.275615491366,50693.16015625,38689,0.0,0.0
2023-08-31 00:00:00+09:00,51026.669628099175,51526.93109504132,50109.5236053719,50443.03125,62675,0.0,0.0
2023-09-01 00:00:00+09:00,50609.785728663446,51777.0625,50276.278079710144,51777.0625,38220,0.0,0.0
2023-09-04 00:00:00+09:00,51860.43587291335,52610.828031846184,51693.68205981717,52444.07421875,28881,0.0,0.0
2023-09-05 00:00:00+09:00,52360.703125,52610.83387241242,51943.8185459793,52360.703125,18236,0.0,0.0
2023-09-06 00:00:00+09:00,52527.447630494506,53194.46283850079,52277.31692749215,53111.0859375,23280,0.0,0.0
2023-09-07 00:00:00+09:00,53277.84402252907,54111.613099563954,53111.09020712209,53778.10546875,29430,0.0,0.0
2023-09-08 00:00:00+09:00,53861.48636736863,54028.24019513137,53361.22488408037,53944.86328125,29786,0.0,0.0
2023-09-11 00:00:00+09:00,54194.991673197495,54361.74549373041,52694.20728840125,53194.46875,22466,0.0,0.0
2023-09-12 00:00:00+09:00,53361.22834645669,53527.98218503937,52694.212992125984,52944.34375,15892,0.0,0.0
2023-09-13 00:00:00+09:00,53194.46840277778,53694.72986111111,52360.69930555556,52527.453125,19716,0.0,0.0
2023-09-14 00:00:00+09:00,52694.200907097285,53277.83920828349,52193.93950608054,52277.31640625,24104,0.0,0.0
2023-09-15 00:00:00+09:00,52277.32527938742,52527.45602235099,50276.27933567881,50359.65625,185408,0.0,0.0
2023-09-19 00:00:00+09:00,50943.29114922638,51526.92950936482,50443.02969767915,51193.421875,25338,0.0,0.0
2023-09-20 00:00:00+09:00,51026.66971272652,51193.42353531713,50526.4082449547,50609.78515625,21208,0.0,0.0
2023-09-21 00:00:00+09:00,50776.536974009905,50776.536974009905,49859.3909859736,50526.40625,37281,0.0,0.0
2023-09-22 00:00:00+09:00,50443.03347120098,51193.42570465686,50109.52581188725,51026.671875,33582,0.0,0.0
2023-09-25 00:00:00+09:00,50943.288475584304,50943.288475584304,49776.01181656928,49942.765625,24703,0.0,0.0
2023-09-26 00:00:00+09:00,49942.767982884456,50859.91397255345,49776.014166581,50693.16015625,34380,0.0,0.0
2023-09-27 00:00:00+09:00,50693.16042345277,51276.798783591206,50359.65278908795,51193.421875,19930,0.0,0.0
2023-09-28 00:00:00+09:00,51193.42169569672,51276.7986039959,50693.16024590164,50859.9140625,26600,0.0,0.0
2023-09-29 00:00:00+09:00,51276.798960861655,51777.06041413835,51026.6682342233,51526.9296875,19224,0.0,0.0
2023-10-02 00:00:00+09:00,51693.68130607667,52027.188927406205,50943.28915808524,51110.04296875,19383,0.0,0.0
2023-10-03 00:00:00+09:00,51276.80018978785,51276.80018978785,49942.76961574459,50109.5234375,22286,0.0,0.0
2023-10-04 00:00:00+09:00,49942.762759074314,50026.139658505155,48358.60166988832,48525.35546875,40357,0.0,0.0
2023-10-05 00:00:00+09:00,49025.62062067474,49192.37443230968,48025.09775086505,48191.8515625,34194,0.0,0.0
2023-10-06 00:00:00+09:00,48525.365271226416,48775.496020047176,48108.480689858494,48608.7421875,18471,0.0,0.0
2023-10-10 00:00:00+09:00,48525.36128442341,48775.492012693634,48191.853646729774,48441.984375,24311,0.0,0.0
2023-10-11 00:00:00+09:00,49025.62118644068,49442.50572033899,48775.4904661017,49192.375,17237,0.0,0.0
2023-10-12 00:00:00+09:00,49275.75209122475,49942.767347958754,49192.375184132994,49525.8828125,19132,0.0,0.0
2023-10-13 00:00:00+09:00,49692.63431643952,49692.63431643952,48692.11147785349,48942.2421875,24484,0.0,0.0
2023-10-16 00:00:00+09:00,49109.00134064678,49109.00134064678,47691.59383166376,47858.34765625,20766,0.0,0.0
2023-10-17 00:00:00+09:00,48108.476737306366,48775.492012693634,47608.21528076592,48441.984375,18666,0.0,0.0
2023-10-18 00:00:00+09:00,48692.11137820513,49025.61899038462,48275.22686298077,48775.48828125,15954,0.0,0.0
2023-10-19 00:00:00+09:00,48275.23055615318,48942.24583154045,48275.23055615318,48441.984375,16063,0.0,0.0
2023-10-20 00:00:00+09:00,48275.232217715595,48358.609130008714,47524.840007077524,47858.34765625,17386,0.0,0.0
2023-10-23 00:00:00+09:00,47858.34732497791,48441.98570698984,47191.33203125,47191.33203125,19901,0.0,0.0
2023-10-24 00:00:00+09:00,47191.332195723684,47858.347491776316,46691.07072368421,47524.83984375,24251,0.0,0.0
2023-10-25 00:00:00+09:00,47858.342542975384,49108.99609375,47358.081122665535,49108.99609375,19102,0.0,0.0
2023-10-26 00:00:00+09:00,48608.73457463799,48942.2421875,48191.85005856048,48942.2421875,26948,0.0,0.0
2023-10-27 00:00:00+09:00,48775.494726562494,50276.279179687495,48608.7408984375,50026.1484375,26581,0.0,0.0
2023-10-30 00:00:00+09:00,49442.51135023585,49776.019015330196,48525.365271226416,48608.7421875,22092,0.0,0.0
2023-10-31 00:00:00+09:00,48608.73819384682,49192.37655981067,47941.722918459556,48441.984375,27845,0.0,0.0
2023-11-01 00:00:00+09:00,49025.61686533505,49776.008960212625,48441.97856931916,48525.35546875,34180,0.0,0.0
2023-11-02 00:00:00+09:00,49192.37443230968,49442.50514976211,48191.8515625,48191.8515625,15884,0.0,0.0
2023-11-06 00:00:00+09:00,48608.743903266055,48858.8746609158,48025.10546875,48025.10546875,21709,0.0,0.0
2023-11-07 00:00:00+09:00,48025.09727112676,48108.474176111355,46857.82060134243,47358.08203125,35749,0.0,0.0
2023-11-08 00:00:00+09:00,47441.46039048474,47691.591113105926,46440.9375,46440.9375,24558,0.0,0.0
2023-11-09 00:00:00+09:00,46357.55888567615,47107.95102591192,46274.18198120552,46857.8203125,22395,0.0,0.0
2023-11-10 00:00:00+09:00,47107.95718228252,47608.218674483745,46691.07260544816,47441.46484375,24634,0.0,0.0
2023-11-13 00:00:00+09:00,47608.21114130435,48191.84945652174,47524.83423913044,47941.71875,13956,0.0,0.0
2023-11-14 00:00:00+09:00,47774.96389358108,49525.87880067567,47608.2100929054,49359.125,25648,0.0,0.0
2023-11-15 00:00:00+09:00,49275.75039127713,49942.765625,49025.61967863105,49942.765625,23031,0.0,0.0
2023-11-16 00:00:00+09:00,49859.3909859736,50693.1600660066,49359.1295379538,50526.40625,22715,0.0,0.0
2023-11-17 00:00:00+09:00,50276.27534520349,50359.65225290698,49859.390806686046,50192.8984375,13437,0.0,0.0
2023-11-20 00:00:00+09:00,50443.0330078125,50526.409921875,49859.394609375,50026.1484375,14985,0.0,0.0
2023-11-21 00:00:00+09:00,49859.39253559464,50443.030909757115,49609.26180381072,49776.015625,15370,0.0,0.0
2023-11-22 00:00:00+09:00,49776.01604329695,50693.16206754531,49275.75457552513,50609.78515625,14709,0.0,0.0
2023-11-24 00:00:00+09:00,50526.40625,50943.2907900165,50276.2755259901,50526.40625,9133,0.0,0.0
2023-11-27 00:00:00+09:00,50192.90051652893,50776.538894628095,50109.5236053719,50443.03125,10995,0.0,0.0
2023-11-28 00:00:00+09:00,50276.27534520349,50693.159883720924,50192.8984375,50192.8984375,11135,0.0,0.0
2023-11-29 00:00:00+09:00,50026.1484375,50192.902265624994,49692.64078125,50026.1484375,17510,0.0,0.0
2023-11-30 00:00:00+09:00,49609.263867187496,50026.1484375,48942.248554687496,50026.1484375,26142,0.0,0.0
2023-12-01 00:00:00+09:00,49609.261633115515,50109.52309496206,49359.13090219224,49442.5078125,19675,0.0,0.0
2023-12-04 00:00:00+09:00,49609.25800813856,49942.765625,49108.996582846405,49942.765625,16364,0.0,0.0
2023-12-05 00:00:00+09:00,49525.88472280776,49776.01545373103,49442.5078125,49442.5078125,12301,0.0,0.0
2023-12-06 00:00:00+09:00,49525.884808298324,49859.39245010504,49359.13098739496,49609.26171875,12366,0.0,0.0
2023-12-07 00:00:00+09:00,49359.126803904925,49609.25751405985,48942.24228698005,49108.99609375,15137,0.0,0.0
2023-12-08 00:00:00+09:00,48608.73665254237,49442.50572033899,48608.73665254237,49192.375,27154,0.0,0.0
2023-12-11 00:00:00+09:00,49025.62118644068,49692.63644067797,49025.62118644068,49192.375,15007,0.0,0.0
2023-12-12 00:00:00+09:00,49025.62274096386,49192.37655981067,48441.984375,48441.984375,22180,0.0,0.0
2023-12-13 00:00:00+09:00,48775.48605872845,48858.86295797413,48275.22466325431,48358.6015625,19178,0.0,0.0
2023-12-14 00:00:00+09:00,48358.60746557659,48858.86892211704,48275.23055615318,48441.984375,15761,0.0,0.0
2023-12-15 00:00:00+09:00,48191.85347162045,48358.60728986135,47774.9689260182,48108.4765625,29995,0.0,0.0
2023-12-18 00:00:00+09:00,47524.83984375,47691.59366776316,47191.332195723684,47524.83984375,26173,0.0,0.0
2023-12-19 00:00:00+09:00,47191.32793038256,47358.08173932384,46607.68959908808,46857.8203125,33225,0.0,0.0
2023-12-20 00:00:00+09:00,49609.26238364362,51110.0467918883,49192.37782579787,50943.29296875,71218,0.0,0.0
2023-12-21 00:00:00+09:00,49942.7715234375,50276.279179687495,49525.886953124995,50026.1484375,44386,0.0,0.0
2023-12-22 00:00:00+09:00,50026.14859271523,50526.41007864238,49942.77167839404,50359.65625,19786,0.0,0.0
2023-12-25 00:00:00+09:00,50693.15796019901,50693.15796019901,50192.8965329602,50276.2734375,12263,0.0,0.0
2023-12-26 00:00:00+09:00,50443.029872067156,51526.9296875,50443.029872067156,51526.9296875,22757,0.0,0.0
2023-12-27 00:00:00+09:00,51110.0467918883,51526.93134973404,50443.031499335106,50943.29296875,39012,0.0,0.0
2023-12-28 00:00:00+09:00,51577.29603978207,52177.03204024466,51234.589753803455,52091.35546875,24532,1640.0,0.0
2023-12-29 00:00:00+09:00,52091.357786885244,52434.06408811475,51834.32806096311,52262.7109375,12139,0.0,0.0
2024-01-04 00:00:00+09:00,52262.711134453784,52519.740861344544,50891.88592436975,50977.5625,27204,0.0,0.0
2024-01-05 00:00:00+09:00,51320.26854674797,52948.12347560976,51234.591971544716,52691.09375,35480,0.0,0.0
2024-01-09 00:00:00+09:00,52691.09075020868,52776.76732053422,50891.88277337229,51320.265625,49156,0.0,0.0
2024-01-10 00:00:00+09:00,51491.621212722086,51834.32751031092,50549.17889435279,50634.85546875,60614,0.0,0.0
2024-01-11 00:00:00+09:00,50634.85235037076,50806.205488612286,50377.822643008476,50549.17578125,32568,0.0,0.0
2024-01-12 00:00:00+09:00,50634.85235037076,50977.55862685382,50377.822643008476,50549.17578125,34017,0.0,0.0
2024-01-15 00:00:00+09:00,50549.17883546561,51234.591429844804,50549.17883546561,51063.23828125,13438,0.0,0.0
2024-01-16 00:00:00+09:00,50549.17653093435,51234.58909406565,50549.17653093435,50891.8828125,23498,0.0,0.0
2024-01-17 00:00:00+09:00,50977.55706319208,51063.23362968484,50292.14453125,50292.14453125,39423,0.0,0.0
2024-01-18 00:00:00+09:00,50549.1765704584,50977.559422750426,50463.5,50463.5,20883,0.0,0.0
2024-01-19 00:00:00+09:00,50634.85529470916,52005.68048035272,50634.85529470916,51920.00390625,36772,0.0,0.0
2024-01-22 00:00:00+09:00,52348.38505091292,53376.50390625,52005.67876580056,53376.50390625,32494,0.0,0.0
2024-01-23 00:00:00+09:00,53205.15160301864,53376.504748277956,52519.73902198136,52862.4453125,30291,0.0,0.0
2024-01-24 00:00:00+09:00,52348.38666167817,53462.18212256493,52348.38666167817,52776.76953125,23118,0.0,0.0
2024-01-25 00:00:00+09:00,52605.416440773326,52776.76958878887,52005.680422718906,52348.38671875,21172,0.0,0.0
2024-01-26 00:00:00+09:00,52348.388309472495,52605.41803930624,52005.682003027505,52177.03515625,18106,0.0,0.0
2024-01-29 00:00:00+09:00,52091.355424143556,52862.444566935155,52091.355424143556,52519.73828125,17491,0.0,0.0
2024-01-30 00:00:00+09:00,52691.09063263436,52862.44377290309,52434.06092223127,52605.4140625,15290,0.0,0.0
2024-01-31 00:00:00+09:00,52177.03283309308,52348.385978686165,51834.32654190692,52005.6796875,32050,0.0,0.0
2024-02-01 00:00:00+09:00,51577.296875,51834.326593646176,51234.590583471756,51577.296875,36416,0.0,0.0
2024-02-02 00:00:00+09:00,52348.3843520969,52776.76720276873,52091.354641693804,52605.4140625,29259,0.0,0.0
2024-02-05 00:00:00+09:00,52262.70940588962,52519.739124279244,51834.32654190692,52005.6796875,20801,0.0,0.0
2024-02-06 00:00:00+09:00,52005.678942526945,52348.3852288039,51662.97265625,51662.97265625,20797,0.0,0.0
2024-02-07 00:00:00+09:00,51834.32819010416,52091.35791666667,51405.9453125,51405.9453125,20199,0.0,0.0
2024-02-08 00:00:00+09:00,51662.9750390625,51920.004765624995,51405.9453125,51405.9453125,17998,0.0,0.0
2024-02-09 00:00:00+09:00,51662.9750390625,51748.65161458333,51320.26873697917,51405.9453125,15084,0.0,0.0
2024-02-13 00:00:00+09:00,51577.29833504098,52262.7109375,51491.62175973361,52262.7109375,25712,0.0,0.0
2024-02-14 00:00:00+09:00,52519.73823700445,53033.79766509911,52177.031951608005,52948.12109375,24123,0.0,0.0
2024-02-15 00:00:00+09:00,52948.12113835644,53290.82742404159,52348.38513840742,52519.73828125,20881,0.0,0.0
2024-02-16 00:00:00+09:00,53033.79691317182,53119.47348330619,52262.70778196254,52605.4140625,18494,0.0,0.0
2024-02-19 00:00:00+09:00,52605.41559461102,52862.4453125,52348.385876722044,52862.4453125,14730,0.0,0.0
2024-02-20 00:00:00+09:00,52862.44610516437,53119.47582690747,52348.38666167817,52776.76953125,13374,0.0,0.0
2024-02-21 00:00:00+09:00,53119.47503038898,53290.8281756483,52091.35615883306,52862.4453125,25822,0.0,0.0
2024-02-22 00:00:00+09:00,52262.70925442122,53376.50469754823,51662.9732465836,53290.828125,36017,0.0,0.0
2024-02-26 00:00:00+09:00,53804.89283956693,54575.98206815945,53719.21625861221,54404.62890625,32822,0.0,0.0
2024-02-27 00:00:00+09:00,54661.65151882764,55775.44692595109,54490.298379270185,55175.7109375,55032,0.0,0.0
2024-02-28 00:00:00+09:00,55775.44700069007,55946.800140477135,54147.59217271294,54318.9453125,55340,0.0,0.0
2024-02-29 00:00:00+09:00,54318.948678861794,54575.97840447155,52434.064024390245,52691.09375,55095,0.0,0.0
2024-03-01 00:00:00+09:00,52862.4493017259,52948.12588082108,51920.00693167892,52434.06640625,29312,0.0,0.0
2024-03-04 00:00:00+09:00,53033.79296875,53547.8523513227,52862.43984122577,53033.79296875,24085,0.0,0.0
2024-03-05 00:00:00+09:00,53290.82654747596,53547.856257512016,52862.44369741586,53462.1796875,28455,0.0,0.0
2024-03-06 00:00:00+09:00,53462.17811501597,54061.91408746006,53462.17811501597,53633.53125,20097,0.0,0.0
2024-03-07 00:00:00+09:00,54061.91567758413,54318.94538762019,53376.50311748798,53462.1796875,28727,0.0,0.0
2024-03-08 00:00:00+09:00,53890.56242664319,55689.770393192484,53633.53271713615,54747.328125,53712,0.0,0.0
2024-03-11 00:00:00+09:00,54661.65454326923,55861.126586538456,54575.97796875,55689.7734375,32091,0.0,0.0
2024-03-12 00:00:00+09:00,55689.77185582822,56032.47814417178,55004.35927914111,55861.125,24452,0.0,0.0
2024-03-13 00:00:00+09:00,55861.12664728682,56375.18609496124,54747.331177325585,55261.390625,31399,0.0,0.0
2024-03-14 00:00:00+09:00,55432.7406105547,55861.12345916795,55004.35776194145,55604.09375,21011,0.0,0.0
2024-03-15 00:00:00+09:00,56032.478096461185,56974.920388603496,55689.77180840943,56289.5078125,46616,0.0,0.0
2024-03-18 00:00:00+09:00,56632.21643233118,57060.599310034144,56032.48040354704,56460.86328125,24619,0.0,0.0
2024-03-19 00:00:00+09:00,56803.567833533656,58260.06957285503,56632.21468773114,57917.36328125,41853,0.0,0.0
2024-03-21 00:00:00+09:00,58774.1250229442,58945.47815712188,57917.3593520558,58345.7421875,26274,0.0,0.0
2024-03-22 00:00:00+09:00,58602.777281386065,59202.51330619557,57917.36468160377,59031.16015625,21918,0.0,0.0
2024-03-25 00:00:00+09:00,58859.81010529891,59716.57590013587,58774.13352581522,59116.83984375,21959,0.0,0.0
2024-03-26 00:00:00+09:00,59202.51101997801,59202.51101997801,58174.39216000734,58431.421875,27100,0.0,0.0
2024-03-27 00:00:00+09:00,58517.10003446691,58859.80633042279,58174.393738511026,58260.0703125,24769,0.0,0.0
2024-03-28 00:00:00+09:00,58859.80713250184,59116.836857971284,57917.36480578056,58174.39453125,20903,0.0,0.0
2024-03-29 00:00:00+09:00,58345.74688648897,58431.42346047794,57660.3342945772,58260.0703125,11669,0.0,0.0
2024-04-01 00:00:00+09:00,58602.77660845588,59031.15947840073,58003.040590533084,58260.0703125,14117,0.0,0.0
2024-04-02 00:00:00+09:00,58431.42351851852,58602.776666666665,57403.30462962963,57831.6875,14720,0.0,0.0
2024-04-03 00:00:00+09:00,58003.040706623135,58003.040706623135,57146.27496501866,57403.3046875,18664,0.0,0.0
2024-04-04 00:00:00+09:00,57146.27490740741,58088.71722222222,56974.92175925926,57831.6875,14332,0.0,0.0
2024-04-05 00:00:00+09:00,58260.0704887218,58260.0704887218,56803.568726503756,56974.921875,17616,0.0,0.0
2024-04-08 00:00:00+09:00,57146.27485064338,58431.42346047794,56717.89198069853,58260.0703125,19931,0.0,0.0
2024-04-09 00:00:00+09:00,59459.53593975469,59973.59532828283,58688.44685696248,59373.859375,27732,0.0,0.0
2024-04-10 00:00:00+09:00,59373.86099256608,59630.890693832596,58174.38905332232,58345.7421875,19899,0.0,0.0
2024-04-11 00:00:00+09:00,58088.712419181036,59973.596892959766,57746.00615122126,59630.890625,28472,0.0,0.0
2024-04-12 00:00:00+09:00,59630.895323741,59802.24847122302,58517.09986510791,59545.21875,27184,0.0,0.0
2024-04-15 00:00:00+09:00,59459.54616168478,59716.57590013587,58859.81010529891,59116.83984375,19327,0.0,0.0
2024-04-16 00:00:00+09:00,59373.869582201085,60059.28221807065,58945.486684782605,59116.83984375,30349,0.0,0.0
2024-04-17 00:00:00+09:00,59288.193088503656,59887.929145757305,58602.78045164234,58688.45703125,22871,0.0,0.0
2024-04-18 00:00:00+09:00,58345.744398056944,60230.628945424425,58088.71468705229,59802.24609375,23415,0.0,0.0
2024-04-19 00:00:00+09:00,59716.575986541975,60059.28230497263,58345.75071281935,58688.45703125,27343,0.0,0.0
2024-04-22 00:00:00+09:00,59202.514103379355,59373.86725563226,58602.77807049418,58945.484375,21362,0.0,0.0
2024-04-23 00:00:00+09:00,59202.51330619557,59630.89618105951,58774.130431331636,59031.16015625,17903,0.0,0.0
2024-04-24 00:00:00+09:00,58945.484375,59288.19067950581,58774.13122274709,58945.484375,14946,0.0,0.0
2024-04-25 00:00:00+09:00,59459.53515625,59887.9179743786,59202.50546537284,59459.53515625,22335,0.0,0.0
2024-04-26 00:00:00+09:00,59459.538220301416,60487.657036790784,59373.86165226064,60401.98046875,20284,0.0,0.0
2024-04-30 00:00:00+09:00,60401.97811837924,60744.68437720692,59545.21247131003,60659.0078125,30195,0.0,0.0
2024-05-01 00:00:00+09:00,60744.689823971516,61258.74925830696,60230.63038963607,60916.04296875,39580,0.0,0.0
2024-05-02 00:00:00+09:00,60830.372417444676,62286.87429222856,60659.01925570539,61944.16796875,32922,0.0,0.0
2024-05-07 00:00:00+09:00,61687.138226141076,62629.58061570712,61258.75532179287,61944.16796875,39388,0.0,0.0
2024-05-08 00:00:00+09:00,62115.51488275832,62286.86802726248,61515.778876993754,61772.80859375,26128,0.0,0.0
2024-05-09 00:00:00+09:00,62115.51488275832,62115.51488275832,61087.39601573336,61772.80859375,17837,0.0,0.0
2024-05-10 00:00:00+09:00,61772.81024050245,61858.48681503851,60401.98504792542,61173.07421875,35421,0.0,0.0
2024-05-13 00:00:00+09:00,61087.39764421393,61430.10394235819,60401.98504792542,61173.07421875,16944,0.0,0.0
2024-05-14 00:00:00+09:00,61601.457891392005,61687.13446704067,60916.04528620266,61087.3984375,12932,0.0,0.0
2024-05-15 00:00:00+09:00,61087.3984375,61430.10474009467,60573.33898360799,61087.3984375,17973,0.0,0.0
2024-05-16 00:00:00+09:00,61087.397704733776,61258.75085397567,60230.631958524325,60744.69140625,21513,0.0,0.0
2024-05-17 00:00:00+09:00,60230.63034108764,61687.13207053073,60059.27719644728,61344.42578125,23213,0.0,0.0
2024-05-20 00:00:00+09:00,61515.78063964844,61515.78063964844,60059.278869628906,60316.30859375,22250,0.0,0.0
2024-05-21 00:00:00+09:00,60316.30859375,60659.014892578125,59887.925720214844,60316.30859375,17683,0.0,0.0
2024-05-22 00:00:00+09:00,60144.947665255764,60230.62422888148,59116.82890174712,59459.53515625,38364,0.0,0.0
2024-05-23 00:00:00+09:00,59459.53593975469,59545.21250450938,58431.41716269841,59373.859375,30126,0.0,0.0
2024-05-24 00:00:00+09:00,59031.15774076399,59887.92345543401,58688.451454895985,59716.5703125,12931,0.0,0.0
2024-05-27 00:00:00+09:00,59630.89940693431,59630.89940693431,58088.72097399635,58688.45703125,16439,0.0,0.0
2024-05-28 00:00:00+09:00,58688.45703125,59202.51650889599,58345.75071281935,58688.45703125,14035,0.0,0.0
2024-05-29 00:00:00+09:00,58774.12825520833,58774.12825520833,57231.94996279762,57574.65625,24385,0.0,0.0
2024-05-30 00:00:00+09:00,57488.98271570796,58517.10163163717,57146.27641039823,58088.71875,23368,0.0,0.0
2024-05-31 00:00:00+09:00,58517.09765625,58774.12736777086,58003.038233208266,58517.09765625,28600,0.0,0.0
2024-06-03 00:00:00+09:00,58774.129756433824,58774.129756433824,58174.393738511026,58260.0703125,14616,0.0,0.0
2024-06-04 00:00:00+09:00,58431.42505530974,58774.13136061947,58003.04217367257,58088.71875,17340,0.0,0.0
2024-06-05 00:00:00+09:00,58088.71875,58688.45478429204,58088.71875,58088.71875,9215,0.0,0.0
2024-06-06 00:00:00+09:00,58174.39137422218,58688.450797263904,57660.33195118045,58517.09765625,12090,0.0,0.0
2024-06-07 00:00:00+09:00,58517.09765625,59031.15707929173,58345.74451523609,58517.09765625,15484,0.0,0.0
2024-06-10 00:00:00+09:00,58688.44685696248,59459.53593975469,58602.770292207795,59373.859375,14157,0.0,0.0
2024-06-11 00:00:00+09:00,59716.571206495995,59716.571206495995,58602.77576075073,58774.12890625,14333,0.0,0.0
2024-06-12 00:00:00+09:00,58945.48130498534,59116.834448313784,58431.421875,58431.421875,8804,0.0,0.0
2024-06-13 00:00:00+09:00,58774.129756433824,58774.129756433824,58003.040590533084,58260.0703125,15294,0.0,0.0
2024-06-14 00:00:00+09:00,58260.06716008772,58688.45000685307,58003.03745202851,58602.7734375,16385,0.0,0.0
2024-06-17 00:00:00+09:00,58345.747681562956,58602.7774070324,57917.36480578056,58174.39453125,12256,0.0,0.0
2024-06-18 00:00:00+09:00,58345.7421875,58602.77188876652,57831.68278496696,58345.7421875,11334,0.0,0.0
2024-06-19 00:00:00+09:00,58260.06326548991,59802.24141075288,58174.38670186419,59459.53515625,15821,0.0,0.0
2024-06-20 00:00:00+09:00,59630.89378612717,60144.953215317924,59202.51092846821,59288.1875,10642,0.0,0.0
2024-06-21 00:00:00+09:00,59202.51176999818,59545.218060996725,58774.12890625,58774.12890625,18177,0.0,0.0
2024-06-24 00:00:00+09:00,59031.1632642663,59373.869582201085,58517.103787364125,59116.83984375,11592,0.0,0.0
2024-06-25 00:00:00+09:00,59116.83435693642,59802.246929190755,58945.48121387284,59288.1875,13149,0.0,0.0
2024-06-26 00:00:00+09:00,59031.159537037034,59288.18925925926,57146.27490740741,57831.6875,59792,0.0,0.0
2024-06-27 00:00:00+09:00,57934.85991233578,58375.76447787867,56964.869868141424,57053.05078125,63411,1917.0,0.0
2024-06-28 00:00:00+09:00,58111.219492906435,58375.7622220092,56788.50584739263,57493.953125,39085,0.0,0.0
2024-07-01 00:00:00+09:00,58023.036624053035,58375.76025094697,57493.951183712124,58199.3984375,26729,0.0,0.0
2024-07-02 00:00:00+09:00,58816.665771484375,59522.113037109375,58463.942138671875,59257.5703125,22296,0.0,0.0
2024-07-03 00:00:00+09:00,58993.027587890625,59345.751220703125,58552.123046875,59257.5703125,15335,0.0,0.0
2024-07-04 00:00:00+09:00,59522.109891244494,60051.1953125,59257.56718061674,60051.1953125,13727,0.0,0.0
2024-07-05 00:00:00+09:00,59698.47534107669,59963.018067846606,59345.75170538348,59786.65625,11230,0.0,0.0
2024-07-08 00:00:00+09:00,59786.65478226701,60315.74022281805,59433.93115523299,59610.29296875,13760,0.0,0.0
2024-07-09 00:00:00+09:00,59433.92943135246,59786.65304815574,58816.663101946724,59169.38671875,10735,0.0,0.0
2024-07-10 00:00:00+09:00,59081.20998765197,59169.39089808131,58023.0390625,58023.0390625,20010,0.0,0.0
2024-07-11 00:00:00+09:00,58375.76341126312,58816.66796875,57758.49703078149,58816.66796875,15979,0.0,0.0
2024-07-12 00:00:00+09:00,58552.12013473054,59522.11007672156,58463.93923091318,58904.84375,24333,0.0,0.0
2024-07-16 00:00:00+09:00,59081.21162785346,59874.83984375,58904.84980209867,59874.83984375,14558,0.0,0.0
2024-07-17 00:00:00+09:00,59874.841737172486,60668.46997816594,59522.11807450873,60580.2890625,19447,0.0,0.0
2024-07-18 00:00:00+09:00,60844.82540861813,61550.272659732545,59345.75,59345.75,26822,0.0,0.0
2024-07-19 00:00:00+09:00,58199.39990086858,58640.30444557213,57758.495356165025,58375.76171875,39197,0.0,0.0
2024-07-22 00:00:00+09:00,58375.76123046875,58993.027587890625,57758.494873046875,57846.67578125,20464,0.0,0.0
2024-07-23 00:00:00+09:00,57846.677477307116,58904.84840677005,57758.49656651854,58287.58203125,23216,0.0,0.0
2024-07-24 00:00:00+09:00,57934.857430903314,58463.9428868933,57141.22924691834,57229.41015625,77898,0.0,0.0
2024-07-25 00:00:00+09:00,56435.78100470958,56964.866451628724,56083.05737343014,56171.23828125,226548,0.0,0.0
2024-07-26 00:00:00+09:00,56347.59986177884,57582.13256610577,56347.59986177884,57317.58984375,95190,0.0,0.0
2024-07-29 00:00:00+09:00,57493.95452425373,59257.572761194024,56788.50722947761,59081.2109375,174016,0.0,0.0
2024-07-30 00:00:00+09:00,59522.10858319257,60051.19399282095,58463.93776393581,58728.48046875,228755,0.0,0.0
2024-07-31 00:00:00+09:00,58111.21543456314,60315.73802312775,57934.85362747797,60051.1953125,290037,0.0,0.0
2024-08-01 00:00:00+09:00,59169.38671875,59433.92943135246,58199.39677254099,59169.38671875,89166,0.0,0.0
2024-08-02 00:00:00+09:00,58375.760226611026,58728.48385335792,56612.14209287655,56788.50390625,77176,0.0,0.0
2024-08-05 00:00:00+09:00,55906.69761568258,56435.783082077054,52291.28026198702,52644.00390625,110280,0.0,0.0
2024-08-06 00:00:00+09:00,53173.08928482711,56259.421167031,52732.18473022655,55465.79296875,104181,0.0,0.0
2024-08-07 00:00:00+09:00,54583.97932635613,57229.40643425708,54495.798422759435,56083.0546875,52081,0.0,0.0
2024-08-08 00:00:00+09:00,55642.15407006048,55994.87770917339,54583.98315272177,54672.1640625,36157,0.0,0.0
2024-08-09 00:00:00+09:00,55113.069127817624,55201.250038422135,53702.174558145496,53790.35546875,52014,0.0,0.0
2024-08-13 00:00:00+09:00,53790.35737762945,55201.25199737055,53790.35737762945,54495.8046875,46384,0.0,0.0
2024-08-14 00:00:00+09:00,54672.16066793131,55201.24609375,54143.075242112616,55201.24609375,28148,0.0,0.0
2024-08-15 00:00:00+09:00,54760.34832589285,55553.9765625,54319.44375,55553.9765625,24949,0.0,0.0
2024-08-16 00:00:00+09:00,55730.33151956869,56083.05513678115,55024.88428514377,55201.24609375,29019,0.0,0.0
2024-08-19 00:00:00+09:00,55465.7964360955,55818.52010182584,54848.53002106741,54936.7109375,22242,0.0,0.0
2024-08-20 00:00:00+09:00,55465.793666731974,56435.78369905956,55377.6127547022,56259.421875,28940,0.0,0.0
2024-08-21 00:00:00+09:00,56435.78100470958,56700.323728169154,55818.514649970566,56171.23828125,37809,0.0,0.0
2024-08-22 00:00:00+09:00,55906.69822688088,56259.421875,55289.43184267241,56259.421875,15211,0.0,0.0
2024-08-23 00:00:00+09:00,56171.24263705288,56700.328125,56083.061722395025,56700.328125,14687,0.0,0.0
2024-08-26 00:00:00+09:00,56876.68849332099,56876.68849332099,56435.783931357255,56523.96484375,17030,0.0,0.0
2024-08-27 00:00:00+09:00,56083.05737343014,57053.04735944859,55642.152834330846,56171.23828125,27859,0.0,0.0
2024-08-28 00:00:00+09:00,55906.69506487718,56259.418693046755,55553.97143670761,55642.15234375,33620,0.0,0.0
2024-08-29 00:00:00+09:00,55906.69580078125,56523.962158203125,55730.333984375,56435.78125,28868,0.0,0.0
2024-08-30 00:00:00+09:00,56083.058097910216,57317.590823335915,55994.87718895124,56964.8671875,40343,0.0,0.0
2024-09-02 00:00:00+09:00,57317.58957755547,57317.58957755547,55553.97143670761,55642.15234375,21975,0.0,0.0
2024-09-03 00:00:00+09:00,55730.33646503216,55730.33646503216,54407.62278310893,54848.52734375,25828,0.0,0.0
2024-09-04 00:00:00+09:00,53790.35646142739,54407.622847050334,53437.6328125,53437.6328125,37245,0.0,0.0
2024-09-05 00:00:00+09:00,53261.26904786789,54143.07813806438,52732.18359375,52732.18359375,41481,0.0,0.0
2024-09-06 00:00:00+09:00,52996.726828231294,53173.088647959186,51850.375,51850.375,55567,0.0,0.0
2024-09-09 00:00:00+09:00,51762.19336274828,51938.55517999784,51056.74609375,51056.74609375,46005,0.0,0.0
2024-09-10 00:00:00+09:00,51321.289540816324,52732.18409863945,51233.10863095238,51850.375,39773,0.0,0.0
2024-09-11 00:00:00+09:00,51762.194841867466,51938.556664156626,50880.38573042169,51233.109375,33088,0.0,0.0
2024-09-12 00:00:00+09:00,51762.1953125,52026.73804833901,51321.29075276831,51762.1953125,19343,0.0,0.0
2024-09-13 00:00:00+09:00,51409.46753264127,51938.55296179366,51409.46753264127,51497.6484375,31309,0.0,0.0
2024-09-17 00:00:00+09:00,51321.28759428879,51497.64940732758,50792.20215517241,51144.92578125,41773,0.0,0.0
2024-09-18 00:00:00+09:00,51056.74633537371,51497.650880584195,50792.20360824742,51321.2890625,30342,0.0,0.0
2024-09-19 00:00:00+09:00,51321.289302884616,52114.91748798077,51321.289302884616,51585.83203125,28255,0.0,0.0
2024-09-20 00:00:00+09:00,52114.917936573314,54143.07887149918,52026.737026359144,53525.8125,62232,0.0,0.0
2024-09-24 00:00:00+09:00,53613.99586776859,53790.357696281,53084.91038223141,53349.453125,23889,0.0,0.0
2024-09-25 00:00:00+09:00,53349.44897217608,53702.17260174418,52820.363527823916,53084.90625,22995,0.0,0.0
2024-09-26 00:00:00+09:00,53173.08428974959,54231.2551213864,53084.90338711319,54143.07421875,23640,0.0,0.0
2024-09-27 00:00:00+09:00,54495.80445884146,54583.98537220528,53702.17623856707,54231.26171875,20805,0.0,0.0
2024-09-30 00:00:00+09:00,53702.176687047104,54760.34765625,53437.633944746376,54760.34765625,47525,0.0,0.0
2024-10-01 00:00:00+09:00,55113.06936939233,55113.06936939233,53966.71752650897,54054.8984375,17086,0.0,0.0
2024-10-02 00:00:00+09:00,53878.537837009804,54143.08057598039,53613.99509803922,53966.71875,13369,0.0,0.0
2024-10-03 00:00:00+09:00,55113.07008013465,55201.25099226287,54760.34643162179,54848.52734375,36552,0.0,0.0
2024-10-04 00:00:00+09:00,55113.067870315,55377.610596092505,54495.80151016747,55289.4296875,27135,0.0,0.0
2024-10-07 00:00:00+09:00,55465.7964360955,55642.15826896067,54760.34910463483,54936.7109375,18342,0.0,0.0
2024-10-08 00:00:00+09:00,55113.071312650965,55289.43314085145,54672.16674214976,54760.34765625,17092,0.0,0.0
2024-10-09 00:00:00+09:00,55113.071312650965,55465.79496905193,54672.16674214976,54760.34765625,14739,0.0,0.0
2024-10-10 00:00:00+09:00,54760.3405372048,55113.0641477504,54054.8933161136,54143.07421875,18174,0.0,0.0
2024-10-11 00:00:00+09:00,54495.7978292956,54583.978731932,53790.3506082044,54143.07421875,16793,0.0,0.0
2024-10-15 00:00:00+09:00,54936.7109375,55201.253686797754,54407.62543890449,54936.7109375,17800,0.0,0.0
2024-10-16 00:00:00+09:00,54319.444084278766,54848.52957860616,54231.26316855754,54407.625,13153,0.0,0.0
2024-10-17 00:00:00+09:00,54143.079348491025,54672.164814437194,53790.35570452691,54054.8984375,21204,0.0,0.0
2024-10-18 00:00:00+09:00,54143.08080538618,54495.80445884146,53966.71897865854,54231.26171875,14715,0.0,0.0
2024-10-21 00:00:00+09:00,54231.2551213864,54672.1596345684,54143.07421875,54143.07421875,19735,0.0,0.0
2024-10-22 00:00:00+09:00,53702.17479353589,54231.26025948205,53613.993882544855,54054.8984375,22057,0.0,0.0
2024-10-23 00:00:00+09:00,53702.17623856707,54495.80445884146,53702.17623856707,54231.26171875,19674,0.0,0.0
2024-10-24 00:00:00+09:00,53878.53661551794,54143.079348491025,53613.993882544855,54054.8984375,13190,0.0,0.0
2024-10-25 00:00:00+09:00,54054.900118830905,54495.8046875,53966.719205097084,54495.8046875,18113,0.0,0.0
2024-10-28 00:00:00+09:00,54495.80126953125,55289.429443359375,54407.620361328125,55024.88671875,15986,0.0,0.0
2024-10-29 00:00:00+09:00,54848.52514453748,55377.610596092505,54583.98241875997,55289.4296875,18988,0.0,0.0
2024-10-30 00:00:00+09:00,55642.153076171875,55642.153076171875,55024.88671875,55024.88671875,15561,0.0,0.0
2024-10-31 00:00:00+09:00,55377.61551966292,55377.61551966292,54583.98727176966,54936.7109375,26136,0.0,0.0
2024-11-01 00:00:00+09:00,54672.16674214976,55201.25222675121,54583.98582804952,54760.34765625,15473,0.0,0.0
2024-11-05 00:00:00+09:00,54672.16597830414,55377.61328125,54672.16597830414,55377.61328125,14430,0.0,0.0
2024-11-06 00:00:00+09:00,55465.794194118236,55906.698758459395,55113.070542645306,55377.61328125,21426,0.0,0.0
2024-11-07 00:00:00+09:00,55994.87474658821,55994.87474658821,55289.42750568631,55730.33203125,19297,0.0,0.0
2024-11-08 00:00:00+09:00,55465.794194118236,55994.87967132763,55201.251455513535,55377.61328125,20140,0.0,0.0
2024-11-11 00:00:00+09:00,55818.51953125,56083.0622778436,55553.9767846564,55818.51953125,12881,0.0,0.0
2024-11-12 00:00:00+09:00,55906.69701193271,56788.5061130673,55906.69701193271,56347.6015625,16853,0.0,0.0
2024-11-13 00:00:00+09:00,56435.78075709779,56523.961664530754,55906.6953125,55906.6953125,17962,0.0,0.0
2024-11-14 00:00:00+09:00,55818.512936362735,56347.59836703916,55465.78931591179,55730.33203125,23380,0.0,0.0
2024-11-15 00:00:00+09:00,55377.614953594,56083.0622778436,55201.2531225316,55818.51953125,15064,0.0,0.0
2024-11-18 00:00:00+09:00,55818.51440506703,55994.876219932965,55553.97168276813,55906.6953125,13588,0.0,0.0
2024-11-19 00:00:00+09:00,56083.060281786275,56523.96484375,55818.51754460804,56523.96484375,18523,0.0,0.0
2024-11-20 00:00:00+09:00,56612.14721034215,56876.68995431571,56435.78538102644,56700.328125,22206,0.0,0.0
2024-11-21 00:00:00+09:00,56347.602787029784,56523.964611089345,55906.69822688088,56259.421875,22795,0.0,0.0
2024-11-22 00:00:00+09:00,56171.24119417902,56612.145756142745,55994.87936939353,56523.96484375,17746,0.0,0.0
2024-11-25 00:00:00+09:00,56700.323974609375,56788.5048828125,56259.41943359375,56435.78125,25139,0.0,0.0
2024-11-26 00:00:00+09:00,56612.140625,56612.140625,56259.41700739875,56612.140625,18860,0.0,0.0
2024-11-27 00:00:00+09:00,56612.14306640625,56700.323974609375,55818.514892578125,56435.78125,21765,0.0,0.0
2024-11-28 00:00:00+09:00,56083.05883215963,56435.782472613464,56083.05883215963,56347.6015625,12393,0.0,0.0
2024-11-29 00:00:00+09:00,56435.77830188679,56523.95920548349,56083.0546875,56083.0546875,13064,0.0,0.0
2024-12-02 00:00:00+09:00,55994.87646561028,56347.60009688971,55642.152834330846,56171.23828125,19272,0.0,0.0
2024-12-03 00:00:00+09:00,56347.59937281638,56788.50390625,56171.23755944293,56788.50390625,17088,0.0,0.0
2024-12-04 00:00:00+09:00,57582.134273616415,58199.40064408397,57405.77245348282,57758.49609375,34124,0.0,0.0
2024-12-05 00:00:00+09:00,57670.31324236426,58640.30322044683,57493.95142816743,58463.94140625,22685,0.0,0.0
2024-12-06 00:00:00+09:00,58640.30444557213,59081.20899027568,58287.58080980929,58375.76171875,23772,0.0,0.0
2024-12-09 00:00:00+09:00,58287.580322265625,58552.123046875,57758.494873046875,57846.67578125,28331,0.0,0.0
2024-12-10 00:00:00+09:00,58023.04128780628,58375.764943051305,57493.95580493875,57582.13671875,24995,0.0,0.0
2024-12-11 00:00:00+09:00,56964.8688273051,59081.210703242126,56876.68791580772,58816.66796875,51022,0.0,0.0
2024-12-12 00:00:00+09:00,59081.2109375,59698.4773204291,58640.30637826492,59081.2109375,35605,0.0,0.0
2024-12-13 00:00:00+09:00,58199.403570751136,58816.6699722591,58023.04174174886,58111.22265625,36992,0.0,0.0
2024-12-16 00:00:00+09:00,58111.22020967284,58375.76294203858,57846.677477307116,58287.58203125,23674,0.0,0.0
2024-12-17 00:00:00+09:00,58287.58179378799,58375.762704217326,57846.67724164134,58023.0390625,23362,0.0,0.0
2024-12-18 00:00:00+09:00,58023.03858320552,58023.03858320552,57229.410395897234,57493.953125,23566,0.0,0.0
2024-12-19 00:00:00+09:00,56700.32253440367,57758.4934059633,56612.14162844036,57670.3125,19285,0.0,0.0
2024-12-20 00:00:00+09:00,57846.676763803676,58287.58131230828,57405.772215299075,57493.953125,31219,0.0,0.0
2024-12-23 00:00:00+09:00,58111.22020967284,58463.94385282716,57670.31565572996,58287.58203125,21642,0.0,0.0
2024-12-24 00:00:00+09:00,58375.76123046875,58463.942138671875,57846.67578125,57846.67578125,14750,0.0,0.0
2024-12-25 00:00:00+09:00,57670.31663812786,57934.859375,57582.13572583714,57934.859375,11247,0.0,0.0
2024-12-26 00:00:00+09:00,58111.215868340165,59169.38671875,58111.215868340165,59169.38671875,49271,0.0,0.0
2024-12-27 00:00:00+09:00,59607.358339608436,60425.1422192677,59334.76371305535,60334.27734375,25362,1982.0,0.0
2024-12-30 00:00:00+09:00,60516.00637273414,60879.46587046828,60061.68200056647,60152.546875,23029,0.0,0.0
2025-01-06 00:00:00+09:00,60425.14310112519,61152.06211587557,60061.68359375,60061.68359375,29187,0.0,0.0
2025-01-07 00:00:00+09:00,59879.9493501529,60152.54396024464,59243.895259938836,59425.625,22249,0.0,0.0
2025-01-08 00:00:00+09:00,59516.49059760861,59879.95008217416,59062.16624190168,59607.35546875,24848,0.0,0.0
2025-01-09 00:00:00+09:00,59243.898282914764,59789.087530917044,58971.30365891362,59698.22265625,24995,0.0,0.0
2025-01-10 00:00:00+09:00,60061.68200056647,60425.14149830061,59789.08737726587,60152.546875,20561,0.0,0.0
2025-01-14 00:00:00+09:00,60061.68287651745,60788.60188258725,59879.953125,59879.953125,24673,0.0,0.0
2025-01-15 00:00:00+09:00,60334.279829545456,60425.14470880682,59607.36079545455,59970.8203125,18410,0.0,0.0
2025-01-16 00:00:00+09:00,60334.27502828054,60516.00477234163,59970.81554015837,60243.41015625,19327,0.0,0.0
2025-01-17 00:00:00+09:00,59970.81554015837,60425.139900311086,59789.085796097286,60243.41015625,19507,0.0,0.0
2025-01-20 00:00:00+09:00,60061.68537094465,60334.28000954198,59153.03657562022,59516.49609375,16626,0.0,0.0
2025-01-21 00:00:00+09:00,59698.224086374816,60061.68359375,59516.494332687216,60061.68359375,14027,0.0,0.0
2025-01-22 00:00:00+09:00,60061.677977417545,60697.73205584708,60061.677977417545,60606.8671875,16574,0.0,0.0
2025-01-23 00:00:00+09:00,60879.468036583086,61333.792424915795,60425.14364825038,60697.73828125,20866,0.0,0.0
2025-01-24 00:00:00+09:00,60334.272582458776,61424.651002623694,60334.272582458776,60606.8671875,27085,0.0,0.0
2025-01-27 00:00:00+09:00,60879.4675375183,62605.90019903001,60879.4675375183,62060.7109375,47034,0.0,0.0
2025-01-28 00:00:00+09:00,61788.11313868613,62696.76186131387,61606.383394160584,62242.4375,39075,0.0,0.0
2025-01-29 00:00:00+09:00,62333.3048481094,62696.76435159692,61697.250717006245,61878.98046875,23110,0.0,0.0
2025-01-30 00:00:00+09:00,61788.11559287812,62333.3048481094,61424.656089390606,61878.98046875,22606,0.0,0.0
2025-01-31 00:00:00+09:00,62424.16269704093,62424.16269704093,61152.05457803282,61606.37890625,23762,0.0,0.0
2025-02-03 00:00:00+09:00,61788.11342592593,62151.572916666664,61242.92418981481,61333.7890625,25598,0.0,0.0
2025-02-04 00:00:00+09:00,61697.24695474297,61878.976695404956,61061.19286242603,61424.65234375,20812,0.0,0.0
2025-02-05 00:00:00+09:00,60970.33291424963,61152.062669582716,60425.14364825038,60697.73828125,17701,0.0,0.0
2025-02-06 00:00:00+09:00,60425.14237955235,60788.60188258725,59334.76387044765,59879.953125,34995,0.0,0.0
2025-02-07 00:00:00+09:00,59789.087686924846,59970.81743673313,58880.43893788343,59243.8984375,31161,0.0,0.0
2025-02-10 00:00:00+09:00,59334.761273888456,59789.085632800314,57790.05845358814,58244.3828125,30709,0.0,0.0
2025-02-12 00:00:00+09:00,58516.98030624037,59062.16956375193,58426.115429988444,58971.3046875,25113,0.0,0.0
2025-02-13 00:00:00+09:00,59062.16956375193,59243.89931625578,58607.845182492296,58971.3046875,28444,0.0,0.0
2025-02-14 00:00:00+09:00,58880.440692724456,59153.03532556114,58426.11630466331,58698.7109375,17178,0.0,0.0
2025-02-17 00:00:00+09:00,58698.708473557694,59153.032842548084,58607.84359975962,59062.16796875,14934,0.0,0.0
2025-02-18 00:00:00+09:00,58971.30251871112,59153.03226453149,58153.51866251944,58426.11328125,18793,0.0,0.0
2025-02-19 00:00:00+09:00,58607.84534525427,58971.30485127135,58062.65608622865,58516.98046875,20355,0.0,0.0
2025-02-20 00:00:00+09:00,58698.71022175854,58789.57509826281,58335.25071574146,58516.98046875,10691,0.0,0.0
2025-02-21 00:00:00+09:00,58335.25,58607.84462616822,58153.52024922118,58335.25,15423,0.0,0.0
2025-02-25 00:00:00+09:00,58335.25071574146,59153.03460427989,58244.38583923719,58516.98046875,20543,0.0,0.0
2025-02-26 00:00:00+09:00,58516.97887596899,58698.708624031,58062.65450581395,58607.84375,36713,0.0,0.0
2025-02-27 00:00:00+09:00,57699.19587227414,58335.25,57426.601246105914,58335.25,37634,0.0,0.0
2025-02-28 00:00:00+09:00,58244.38440551758,58607.84390258789,57790.06003417969,58153.51953125,43431,0.0,0.0
2025-03-03 00:00:00+09:00,58153.5172143975,58335.24695569249,57608.32799051252,58062.65234375,15791,0.0,0.0
2025-03-04 00:00:00+09:00,57608.330437992125,58062.654810531494,57517.46556348425,57699.1953125,21206,0.0,0.0
2025-03-05 00:00:00+09:00,57517.467321641496,57699.197076212244,56972.27805792925,57154.0078125,24518,0.0,0.0
2025-03-06 00:00:00+09:00,57244.871972188994,57517.466600627995,56608.81783916467,56972.27734375,23610,0.0,0.0
2025-03-07 00:00:00+09:00,56517.95153240369,57063.14077548154,56245.356910864764,56608.81640625,21046,0.0,0.0
2025-03-10 00:00:00+09:00,56972.27678301412,57335.736284022176,56245.35778099798,56336.22265625,19130,0.0,0.0
2025-03-11 00:00:00+09:00,55881.89756523058,56336.22193567961,55609.30294296116,56154.4921875,21365,0.0,0.0
2025-03-12 00:00:00+09:00,55700.16781705097,56608.81655794903,55700.16781705097,56154.4921875,23420,0.0,0.0
2025-03-13 00:00:00+09:00,56063.62874296624,56790.54775422026,56063.62874296624,56517.953125,26913,0.0,0.0
2025-03-14 00:00:00+09:00,56790.54528379593,57063.13990115815,56427.08579397963,56881.41015625,27527,0.0,0.0
2025-03-17 00:00:00+09:00,56972.275028704076,57335.73451852037,56881.41015625,56881.41015625,15421,0.0,0.0
2025-03-18 00:00:00+09:00,56972.27646949405,57244.87109375,56790.54671999008,57244.87109375,17978,0.0,0.0
2025-03-19 00:00:00+09:00,57335.738990916274,57971.79314770932,57154.00923183255,57517.46875,11890,0.0,0.0
2025-03-21 00:00:00+09:00,57517.46252595925,58153.51661392405,57335.73278654074,57426.59765625,23609,0.0,0.0
2025-03-24 00:00:00+09:00,58153.52096273292,58607.84534525427,58062.65608622865,58516.98046875,14125,0.0,0.0
2025-03-25 00:00:00+09:00,58426.111826339984,58698.706438282476,58062.65234375,58062.65234375,21903,0.0,0.0
2025-03-26 00:00:00+09:00,58153.52080123267,58971.3046875,58062.65592498074,58971.3046875,24149,0.0,0.0
2025-03-27 00:00:00+09:00,58971.30237268518,59243.89699074074,58607.842881944445,58880.4375,16737,0.0,0.0
2025-03-28 00:00:00+09:00,58607.84836263524,58789.578125,58335.2537190881,58789.578125,13964,0.0,0.0
2025-03-31 00:00:00+09:00,58244.38471602183,58335.24959077381,57244.87109375,57244.87109375,26619,0.0,0.0
2025-04-01 00:00:00+09:00,58153.51822503962,58244.38309726624,57244.86950277338,57335.734375,21211,0.0,0.0
2025-04-02 00:00:00+09:00,57244.871250000004,57426.601,56517.95225,56790.546875,26565,0.0,0.0
2025-04-03 00:00:00+09:00,55881.8984375,56245.35793953252,55609.30381097561,55881.8984375,28302,0.0,0.0
2025-04-04 00:00:00+09:00,55518.43837376645,55972.76274671053,54518.92475328947,55245.84375,43173,0.0,0.0
2025-04-07 00:00:00+09:00,50702.59881719842,53337.68011773383,50611.733944766165,51974.70703125,48736,0.0,0.0
2025-04-08 00:00:00+09:00,53155.952408072466,54064.60116718482,52974.22265625,52974.22265625,44485,0.0,0.0
2025-04-09 00:00:00+09:00,52065.572777076006,52610.762020815026,50884.32941564148,51702.11328125,54758,0.0,0.0
2025-04-10 00:00:00+09:00,53519.41246689619,54246.331481726695,53337.68271318856,53610.27734375,42297,0.0,0.0
2025-04-11 00:00:00+09:00,52247.30122710818,53610.27430259796,52156.43635540886,53337.6796875,36220,0.0,0.0
2025-04-14 00:00:00+09:00,53337.685898968964,54246.33472177934,53246.82101668793,53428.55078125,17729,0.0,0.0
2025-04-15 00:00:00+09:00,53246.817283983706,53428.54703580617,52883.35778033876,52974.22265625,18491,0.0,0.0
2025-04-16 00:00:00+09:00,52883.35866109914,53246.818170797414,52338.169396551726,52701.62890625,32011,0.0,0.0
2025-04-17 00:00:00+09:00,52338.17027729636,52701.62979311092,52065.57564043544,52429.03515625,46258,0.0,0.0
2025-04-18 00:00:00+09:00,52519.89771864149,52792.492343478734,52247.30309380426,52338.16796875,23484,0.0,0.0
2025-04-21 00:00:00+09:00,52429.03444293478,52701.62907608695,51883.845176630435,52247.3046875,26432,0.0,0.0
2025-04-22 00:00:00+09:00,51974.70775261324,52338.16724738676,51974.70775261324,52156.4375,18948,0.0,0.0
2025-04-23 00:00:00+09:00,52610.764198369565,52883.358831521735,52156.439809782605,52247.3046875,25291,0.0,0.0
2025-04-24 00:00:00+09:00,52429.03284369575,52792.492343478734,52156.43821885851,52338.16796875,24338,0.0,0.0
2025-04-25 00:00:00+09:00,52519.90003520364,52701.62979311092,52247.30539834272,52429.03515625,20594,0.0,0.0
2025-04-28 00:00:00+09:00,52701.62572487113,53155.9500845683,52610.7608529317,52883.35546875,30420,0.0,0.0
2025-04-30 00:00:00+09:00,53155.95295948093,53792.00709745763,53155.95295948093,53610.27734375,31951,0.0,0.0
2025-05-01 00:00:00+09:00,53428.5442839196,54518.922738693465,53428.5442839196,54246.328125,34186,0.0,0.0
2025-05-02 00:00:00+09:00,54337.1958677686,55064.114876033054,54246.33099173554,54973.25,38349,0.0,0.0
2025-05-07 00:00:00+09:00,54518.9252213322,54609.790096701094,53519.411592274446,53882.87109375,52805,0.0,0.0
2025-05-08 00:00:00+09:00,54064.601728019064,54246.331481726695,53519.41246689619,53610.27734375,32616,0.0,0.0
2025-05-09 00:00:00+09:00,53792.00304621849,54064.59765625,53519.408436186975,54064.59765625,36955,0.0,0.0
2025-05-12 00:00:00+09:00,53701.138046875,54518.921875,53701.138046875,54518.921875,23611,0.0,0.0
2025-05-13 00:00:00+09:00,54518.92490671642,54973.24928093905,54064.60053249378,54791.51953125,37655,0.0,0.0
2025-05-14 00:00:00+09:00,54882.38567197712,55881.89931832108,54609.791041156044,55609.3046875,34299,0.0,0.0
2025-05-15 00:00:00+09:00,55609.30237315875,55700.167246317505,55064.113134206214,55518.4375,29036,0.0,0.0
2025-05-16 00:00:00+09:00,55518.4375,55609.30237315875,55154.978007364974,55518.4375,21994,0.0,0.0
2025-05-19 00:00:00+09:00,54973.25,55154.979752066116,54700.65537190083,54973.25,27172,0.0,0.0
2025-05-20 00:00:00+09:00,55154.97742911838,55427.57204573675,54700.65306808775,54882.3828125,23011,0.0,0.0
2025-05-21 00:00:00+09:00,55064.11109375,55064.11109375,54337.19213541667,54518.921875,25319,0.0,0.0
2025-05-22 00:00:00+09:00,54428.06018760452,54518.92506270903,54064.60068718646,54337.1953125,16957,0.0,0.0
2025-05-23 00:00:00+09:00,54337.197621035055,54882.3868948247,54246.33274207012,54428.0625,24145,0.0,0.0
2025-05-26 00:00:00+09:00,54882.38512396694,55064.114876033054,54791.520247933884,54973.25,15421,0.0,0.0
2025-05-27 00:00:00+09:00,55064.11559153625,55427.57510039127,54973.25071432249,55154.98046875,13153,0.0,0.0
2025-05-28 00:00:00+09:00,55336.710056678916,55609.3046875,55245.84517973856,55609.3046875,25258,0.0,0.0
2025-05-29 00:00:00+09:00,55609.303970286885,55791.03372182377,55064.11471567623,55427.57421875,35967,0.0,0.0
2025-05-30 00:00:00+09:00,55336.708471400896,56154.49234043638,55245.84359706362,55700.16796875,35399,0.0,0.0
2025-06-02 00:00:00+09:00,55791.03139111248,55972.76113505747,54973.24754336002,55336.70703125,41799,0.0,0.0
2025-06-03 00:00:00+09:00,55336.7079014542,55427.57277485561,54882.38353444719,55064.11328125,28441,0.0,0.0
2025-06-04 00:00:00+09:00,55336.70862458882,55700.16812294408,55154.97887541119,55245.84375,20496,0.0,0.0
2025-06-05 00:00:00+09:00,55336.70817240168,56790.54615394261,55245.84329855537,56608.81640625,49769,0.0,0.0
2025-06-06 00:00:00+09:00,56517.95052496038,57790.05873613312,56245.35590828051,57335.734375,45656,0.0,0.0
2025-06-09 00:00:00+09:00,57426.602444356125,57971.79170806836,57154.0078125,57154.0078125,32208,0.0,0.0
2025-06-10 00:00:00+09:00,57426.59765625,57971.78687450553,57244.867916831485,57426.59765625,30622,0.0,0.0
2025-06-11 00:00:00+09:00,57699.19515991211,58426.11415405273,57517.46541137695,58153.51953125,35700,0.0,0.0
2025-06-12 00:00:00+09:00,58153.52096273292,58698.71022175854,57971.79120972438,58516.98046875,47344,0.0,0.0
2025-06-13 00:00:00+09:00,58516.981182275544,58789.57581511223,58335.25142705108,58698.7109375,53176,0.0,0.0
2025-06-16 00:00:00+09:00,58880.439252336444,59062.16900311526,58244.38512461059,58335.25,40609,0.0,0.0
2025-06-17 00:00:00+09:00,58426.11142966361,59425.625,58335.24655963302,59425.625,37547,0.0,0.0
2025-06-18 00:00:00+09:00,58971.30485127135,59153.03460427989,58516.98046875,58516.98046875,35211,0.0,0.0
2025-06-19 00:00:00+09:00,58698.71324381762,59153.03764972952,58607.84836263524,58789.578125,34267,0.0,0.0
2025-06-20 00:00:00+09:00,58335.2537190881,58880.44300618238,58153.523956723344,58789.578125,57761,0.0,0.0
2025-06-23 00:00:00+09:00,58698.710058744226,58971.3046875,58426.115429988444,58971.3046875,18806,0.0,0.0
2025-06-24 00:00:00+09:00,59062.17044794891,59243.900203173376,58607.84605988777,58698.7109375,15879,0.0,0.0
2025-06-25 00:00:00+09:00,58789.572772890744,58971.30251871112,58335.24840833981,58426.11328125,25218,0.0,0.0
2025-06-26 00:00:00+09:00,57971.788916699064,58426.11328125,57880.92404378888,58426.11328125,65433,0.0,0.0
2025-06-27 00:00:00+09:00,58889.55377935908,59264.05014679538,58421.43332006369,58795.9296875,50620,1895.0,0.0
2025-06-30 00:00:00+09:00,58702.30614919355,58983.178427419356,58046.9375,58046.9375,26349,0.0,0.0
2025-07-01 00:00:00+09:00,57766.062101665295,57953.310277035365,56642.5730494449,56923.4453125,49980,0.0,0.0
2025-07-02 00:00:00+09:00,57391.56758452869,57766.063947233604,57110.6953125,57110.6953125,31889,0.0,0.0
2025-07-03 00:00:00+09:00,57485.19231453252,57766.06458968496,57297.94413109756,57578.81640625,18939,0.0,0.0
2025-07-04 00:00:00+09:00,57578.81759344363,57766.06578073938,57204.32121885212,57297.9453125,13590,0.0,0.0
2025-07-07 00:00:00+09:00,57391.56705097087,57953.311589805824,57297.94296116505,57859.6875,19838,0.0,0.0
2025-07-08 00:00:00+09:00,57766.06549944197,58234.18596540178,57485.19321986607,57672.44140625,24280,0.0,0.0
2025-07-09 00:00:00+09:00,57672.43905747589,58515.05586188706,57672.43905747589,58234.18359375,24692,0.0,0.0
2025-07-10 00:00:00+09:00,58046.937574052135,59451.29896697275,57953.31348119076,59264.05078125,40704,0.0,0.0
2025-07-11 00:00:00+09:00,59544.92368730408,60387.54053193574,59357.67549960815,59732.171875,26382,0.0,0.0
2025-07-14 00:00:00+09:00,59825.79089069813,60106.663148400934,59544.91863299532,60013.0390625,20988,0.0,0.0
2025-07-15 00:00:00+09:00,59919.41950464396,60574.788155476,59825.795411667954,60481.1640625,31522,0.0,0.0
2025-07-16 00:00:00+09:00,60481.16468653994,61042.90925019201,60387.54059259793,60949.28515625,42296,0.0,0.0
2025-07-17 00:00:00+09:00,61136.53033934049,61136.53033934049,60668.40989263804,61042.90625,16064,0.0,0.0
2025-07-18 00:00:00+09:00,61042.90925019201,61323.781532018045,60668.412874423964,60949.28515625,22246,0.0,0.0
2025-07-22 00:00:00+09:00,61136.52825759748,61323.77642990252,60574.78374068234,61230.15234375,24599,0.0,0.0
2025-07-23 00:00:00+09:00,61604.65325066388,62260.02190226669,61417.40506449165,61698.27734375,25889,0.0,0.0
2025-07-24 00:00:00+09:00,61979.14752742057,62447.267977023446,61604.65116773827,61885.5234375,30160,0.0,0.0
2025-07-25 00:00:00+09:00,62072.77406320172,62540.89453125,61791.901782372755,62540.89453125,18727,0.0,0.0
2025-07-28 00:00:00+09:00,63009.01080612909,63945.25167992001,62915.38671875,62915.38671875,37205,0.0,0.0
2025-07-29 00:00:00+09:00,62634.51653451493,62821.76471548508,62260.02017257463,62728.140625,15692,0.0,0.0
2025-07-30 00:00:00+09:00,62821.763803251124,63009.01198150224,62447.267446748876,62634.515625,28322,0.0,0.0
2025-07-31 00:00:00+09:00,62634.51445661272,62915.38671875,62447.266281854536,62915.38671875,16490,0.0,0.0
2025-08-01 00:00:00+09:00,62634.51680391329,62821.76498568882,62166.396349474475,62353.64453125,27264,0.0,0.0
2025-08-04 00:00:00+09:00,61885.52175757998,62915.38671875,61698.2735828218,62915.38671875,26102,0.0,0.0
2025-08-05 00:00:00+09:00,63383.50729927007,64226.12408759124,63196.25912408759,64132.5,29253,0.0,0.0
2025-08-06 00:00:00+09:00,64413.37472904624,65162.36745845376,64132.50245551842,64787.87109375,26573,0.0,0.0
2025-08-07 00:00:00+09:00,64975.1213768116,65443.24184782609,64600.625,64600.625,24571,0.0,0.0
2025-08-08 00:00:00+09:00,64600.62710074491,64881.49939248728,63945.25842001272,64413.37890625,33009,0.0,0.0
2025-08-12 00:00:00+09:00,64787.86991906475,65255.99036645684,64506.9976506295,65068.7421875,24214,0.0,0.0
2025-08-13 00:00:00+09:00,65443.24184782609,65817.73822463768,64413.37681159421,64600.625,33877,0.0,0.0
2025-08-14 00:00:00+09:00,64506.994262873,64694.242431996,64038.873840065506,64319.74609375,24070,0.0,0.0
2025-08-15 00:00:00+09:00,64413.37681159421,64694.2490942029,64132.50452898551,64600.625,17993,0.0,0.0
2025-08-18 00:00:00+09:00,64413.37563131313,65068.74427872474,64319.75153882575,64881.49609375,25556,0.0,0.0
2025-08-19 00:00:00+09:00,64787.87441964285,65536.8671875,64694.25032366071,65536.8671875,15895,0.0,0.0
2025-08-20 00:00:00+09:00,65162.36627697842,65349.614455935254,64694.24582958633,65068.7421875,33375,0.0,0.0
2025-08-21 00:00:00+09:00,65255.990632914254,65349.61472277496,64506.99791402858,64694.24609375,27678,0.0,0.0
2025-08-22 00:00:00+09:00,64506.99635036496,64694.244525547445,63945.25182481752,64132.5,17365,0.0,0.0
2025-08-25 00:00:00+09:00,64694.24609375,64881.49427347141,64319.74973430716,64694.24609375,21052,0.0,0.0
2025-08-26 00:00:00+09:00,64132.504471704204,64319.75265994276,63102.639436392164,63383.51171875,46930,0.0,0.0
2025-08-27 00:00:00+09:00,63477.13098650148,63945.25142150518,62728.13829049556,63289.8828125,30565,0.0,0.0
2025-08-28 00:00:00+09:00,63289.88516791045,63664.38152985075,62447.26835354478,62728.140625,34971,0.0,0.0
2025-08-29 00:00:00+09:00,62540.89453125,63196.26318651759,62447.27043764034,62540.89453125,52084,0.0,0.0
2025-09-01 00:00:00+09:00,62634.515625,62821.763803251124,61979.14700112108,62634.515625,34681,0.0,0.0
2025-09-02 00:00:00+09:00,62540.89334947839,62821.765625,62072.77289027571,62821.765625,24629,0.0,0.0
2025-09-03 00:00:00+09:00,62821.76709572666,63009.01528379142,61885.52615540286,62166.3984375,42482,0.0,0.0
2025-09-04 00:00:00+09:00,62634.51707656722,62634.51707656722,61511.02798102341,61979.1484375,42712,0.0,0.0
2025-09-05 00:00:00+09:00,61604.65325066388,61791.90143683612,61230.15687831942,61698.27734375,43649,0.0,0.0
2025-09-08 00:00:00+09:00,61885.52461887348,62166.39689399696,61604.65234375,61604.65234375,27818,0.0,0.0
2025-09-09 00:00:00+09:00,61698.27824928977,61885.526438210225,61511.03006036932,61791.90234375,32931,0.0,0.0
2025-09-10 00:00:00+09:00,61698.275524400684,61885.523705051375,61230.155072773974,61511.02734375,26018,0.0,0.0
2025-09-11 00:00:00+09:00,61417.403522205204,61511.02761294028,61042.90715926493,61136.53125,30091,0.0,0.0
2025-09-12 00:00:00+09:00,61511.025010605204,62260.017704798265,61323.77683705694,62072.76953125,47310,0.0,0.0
2025-09-16 00:00:00+09:00,61885.52354761684,63196.26080883716,61885.52354761684,63102.63671875,30004,0.0,0.0
2025-09-17 00:00:00+09:00,62540.89244402985,62915.38880597015,62447.26835354478,62728.140625,21226,0.0,0.0
2025-09-18 00:00:00+09:00,62821.761970577216,62821.761970577216,62447.265625,62447.265625,14876,0.0,0.0
2025-09-19 00:00:00+09:00,62540.89453125,63289.887280127245,62072.77406320172,62540.89453125,45518,0.0,0.0
2025-09-22 00:00:00+09:00,62821.765625,63102.637900521615,62634.51744131893,62821.765625,21590,0.0,0.0
2025-09-24 00:00:00+09:00,62540.89179981203,62728.13997885338,62166.39544172932,62260.01953125,39576,0.0,0.0
2025-09-25 00:00:00+09:00,62353.6442630597,63009.01289645523,62260.02017257463,62728.140625,36328,0.0,0.0
2025-09-26 00:00:00+09:00,63102.634638498515,63383.50689950074,62821.7623774963,63289.8828125,27956,0.0,0.0
2025-09-29 00:00:00+09:00,63851.62759254092,64132.49985467819,62915.38671875,62915.38671875,39477,0.0,0.0
2025-09-30 00:00:00+09:00,63664.381259272996,63758.00534936016,62728.14035840133,63102.63671875,25937,0.0,0.0
2025-10-01 00:00:00+09:00,62728.14300169428,63102.6393778238,62166.3984375,62166.3984375,33199,0.0,0.0
2025-10-02 00:00:00+09:00,62260.017704798265,62447.26587834653,61511.025010605204,62072.76953125,28490,0.0,0.0
2025-10-03 00:00:00+09:00,61791.90025490937,62353.64480268127,61698.27616361405,61979.1484375,20414,0.0,0.0
2025-10-06 00:00:00+09:00,62728.13829049556,63570.755073502216,62728.13829049556,63289.8828125,33313,0.0,0.0
2025-10-07 00:00:00+09:00,63289.88489892433,63477.13307909866,62728.14035840133,63102.63671875,17279,0.0,0.0
2025-10-08 00:00:00+09:00,63289.8828125,63664.379160502955,63102.634638498515,63289.8828125,17985,0.0,0.0
2025-10-09 00:00:00+09:00,63570.757543695094,64132.50208752746,63289.88527177892,63945.25390625,28022,0.0,0.0
2025-10-10 00:00:00+09:00,64413.37555147059,64506.99964384191,63664.3828125,63664.3828125,31654,0.0,0.0
2025-10-14 00:00:00+09:00,63383.51171875,64038.88037758493,62821.767154034336,63383.51171875,27980,0.0,0.0
2025-10-15 00:00:00+09:00,63383.513525174894,63851.63400911267,63289.88942838734,63570.76171875,28763,0.0,0.0
2025-10-16 00:00:00+09:00,64038.877996888725,64226.12617816618,63758.00572497255,63945.25390625,18381,0.0,0.0
2025-10-17 00:00:00+09:00,63851.630997242646,63945.25508961397,63477.134627757354,63664.3828125,16585,0.0,0.0
2025-10-20 00:00:00+09:00,63664.38462243402,64038.881002565984,63289.888242302055,63851.6328125,13285,0.0,0.0
2025-10-21 00:00:00+09:00,63851.629815611275,64132.50208752746,63758.00572497255,63945.25390625,12701,0.0,0.0
2025-10-22 00:00:00+09:00,64132.50245551842,64787.87109375,63945.254273166545,64787.87109375,20732,0.0,0.0
2025-10-23 00:00:00+09:00,64787.86694055316,65255.98736642421,64506.994685030535,65162.36328125,23249,0.0,0.0
2025-10-24 00:00:00+09:00,65349.62019144548,65817.74067992289,65162.37199605452,65255.99609375,30264,0.0,0.0
2025-10-27 00:00:00+09:00,65817.73947544642,65911.36357142856,65255.99489955357,65536.8671875,24529,0.0,0.0
2025-10-28 00:00:00+09:00,65724.11292613637,65817.73701862374,64881.49609375,64881.49609375,27016,0.0,0.0
2025-10-29 00:00:00+09:00,64881.497282608696,65068.745471014496,64413.37681159421,64600.625,21608,0.0,0.0
2025-10-30 00:00:00+09:00,64506.9976506295,65162.36627697842,64226.12538219425,65068.7421875,27558,0.0,0.0
2025-10-31 00:00:00+09:00,65068.74455732946,65162.3686502177,64413.37590711175,64507.0,24905,0.0,0.0
2025-11-04 00:00:00+09:00,65068.74218750001,65255.99036645684,64787.86991906475,65068.7421875,27357,0.0,0.0
2025-11-05 00:00:00+09:00,64600.625,64694.2490942029,63570.75996376812,64600.625,42708,0.0,0.0
2025-11-06 00:00:00+09:00,64881.497282608696,64975.1213768116,64600.625,64600.625,21306,0.0,0.0
2025-11-07 00:00:00+09:00,64506.998998842595,64600.623090277775,63102.63762731481,63196.26171875,49991,0.0,0.0
2025-11-10 00:00:00+09:00,64132.50452898551,64975.1213768116,64038.880434782615,64600.625,46143,0.0,0.0
2025-11-11 00:00:00+09:00,64975.1171875,65162.365363832854,64694.24492300072,64975.1171875,17632,0.0,0.0
2025-11-12 00:00:00+09:00,64881.49309933357,65630.48580466499,64787.869011167146,64975.1171875,20696,0.0,0.0
2025-11-13 00:00:00+09:00,65068.74427872474,65162.36837121212,64694.24790877525,64881.49609375,13364,0.0,0.0
2025-11-14 00:00:00+09:00,64975.12380066356,65443.24428914097,64787.8756052726,65255.99609375,21483,0.0,0.0
2025-11-17 00:00:00+09:00,64694.24625023182,64787.87034031899,62915.388538575666,63102.63671875,82917,0.0,0.0
2025-11-18 00:00:00+09:00,62915.39083969466,63102.63902671755,61323.78125,61323.78125,75695,0.0,0.0
2025-11-19 00:00:00+09:00,60574.7890625,61042.90953438949,60106.66859061051,60574.7890625,73053,0.0,0.0
2025-11-20 00:00:00+09:00,60762.036341428015,61323.78089928405,60293.91587654799,60481.1640625,55987,0.0,0.0
2025-11-21 00:00:00+09:00,60481.16468653994,60949.28515625,60293.91649865591,60949.28515625,36976,0.0,0.0
2025-11-25 00:00:00+09:00,61323.77889797655,62260.0197971823,60574.78617861195,61885.5234375,39813,0.0,0.0
2025-11-26 00:00:00+09:00,61791.897020239885,62540.8897113943,61791.897020239885,62447.265625,38649,0.0,0.0
2025-11-27 00:00:00+09:00,62540.89036923363,63102.634893508184,62260.01810709635,62915.38671875,43767,0.0,0.0
2025-11-28 00:00:00+09:00,63102.639092907935,63289.887280127245,62540.89453125,62540.89453125,23726,0.0,0.0
2025-12-01 00:00:00+09:00,62821.76406837406,62915.38815789473,62260.01953125,62260.01953125,24463,0.0,0.0
2025-12-02 00:00:00+09:00,61885.525529922226,62447.27008843892,61417.40506449165,61698.27734375,40648,0.0,0.0
2025-12-03 00:00:00+09:00,61698.27616361405,61979.1484375,61230.15570713746,61979.1484375,28828,0.0,0.0
2025-12-04 00:00:00+09:00,61698.275524400684,61979.14779537672,61323.779163099316,61511.02734375,22941,0.0,0.0
2025-12-05 00:00:00+09:00,61604.65078604295,61698.27487538344,61042.90625,61042.90625,26862,0.0,0.0
2025-12-08 00:00:00+09:00,61511.02669670246,61511.02669670246,60762.03398197853,61042.90625,28420,0.0,0.0
2025-12-09 00:00:00+09:00,61042.90715926493,61230.155340735066,60762.03488705972,61136.53125,16924,0.0,0.0
2025-12-10 00:00:00+09:00,61136.53098244863,61885.523705051375,61136.53098244863,61511.02734375,17430,0.0,0.0
2025-12-11 00:00:00+09:00,61791.9001588983,61885.52425004815,60668.411065100154,60762.03515625,24182,0.0,0.0
2025-12-12 00:00:00+09:00,60574.78822671661,61791.90143683612,60574.78822671661,61698.27734375,45324,0.0,0.0
2025-12-15 00:00:00+09:00,61604.65325066388,61885.525529922226,61417.40506449165,61698.27734375,18652,0.0,0.0
2025-12-16 00:00:00+09:00,61979.145032970184,62166.39320527523,61230.15234375,61230.15234375,21140,0.0,0.0
2025-12-17 00:00:00+09:00,61323.781532018045,61511.02971990207,60762.036968365974,60949.28515625,37290,0.0,0.0
2025-12-18 00:00:00+09:00,61136.53278523331,61885.525529922226,60949.28459906107,61698.27734375,31686,0.0,0.0
2025-12-19 00:00:00+09:00,61885.5234375,62260.0197971823,61323.77889797655,61885.5234375,38842,0.0,0.0
2025-12-22 00:00:00+09:00,62072.77434346762,62260.022531532384,61791.902061370485,62166.3984375,21276,0.0,0.0
2025-12-23 00:00:00+09:00,62260.02044036224,62540.892713025525,62072.772258586716,62353.64453125,15818,0.0,0.0
2025-12-24 00:00:00+09:00,62353.64480268127,62540.89298527191,61979.1484375,61979.1484375,17936,0.0,0.0
2025-12-25 00:00:00+09:00,62353.6417915724,62353.6417915724,61698.27318415347,62072.76953125,24181,0.0,0.0
2025-12-26 00:00:00+09:00,61979.14779537672,62260.02006635274,61323.779163099316,61511.02734375,74374,0.0,0.0
2025-12-29 00:00:00+09:00,62078.546406249996,63047.01046875,61884.85359375,62950.1640625,58684,2186.0,0.0
2025-12-30 00:00:00+09:00,63047.010784646736,63143.85719138199,62369.0859375,62369.0859375,23198,0.0,0.0
2026-01-05 00:00:00+09:00,63047.01221159462,63047.01221159462,61594.31607768691,62175.39453125,45154,0.0,0.0
2026-01-06 00:00:00+09:00,62272.240453389015,63047.01171875,62078.547637048774,63047.01171875,25352,0.0,0.0
2026-01-07 00:00:00+09:00,63047.012964915644,63434.39860525307,62659.62732457822,63143.859375,19105,0.0,0.0
2026-01-08 00:00:00+09:00,63143.85656440549,63628.08859327363,62853.31734708461,63531.2421875,26665,0.0,0.0
2026-01-09 00:00:00+09:00,63724.936412939605,63724.936412939605,63240.7043733276,63337.55078125,15099,0.0,0.0
2026-01-13 00:00:00+09:00,63724.93625142694,64015.47547445776,63240.704213042234,63628.08984375,32538,0.0,0.0
2026-01-14 00:00:00+09:00,63918.62874717195,64499.70719032806,63821.78233997926,64209.16796875,42444,0.0,0.0
2026-01-15 00:00:00+09:00,64209.167497907365,65080.78515625,64209.167497907365,65080.78515625,29373,0.0,0.0
2026-01-16 00:00:00+09:00,64983.93765203967,65565.01608111901,64693.3984375,64693.3984375,41929,0.0,0.0
2026-01-19 00:00:00+09:00,64983.93938802084,65080.78579545455,63724.93609138258,63918.62890625,26553,0.0,0.0
2026-01-20 00:00:00+09:00,63821.78140482089,64112.32062214177,63531.2421875,63531.2421875,21801,0.0,0.0
2026-01-21 00:00:00+09:00,63337.55253482972,63434.39894543344,62272.24201818885,62562.78125,34751,0.0,0.0
2026-01-22 00:00:00+09:00,62756.474071207434,63047.013303018575,62465.93483939629,62562.78125,30519,0.0,0.0
2026-01-23 00:00:00+09:00,62950.163448829306,64209.16671780589,62853.31704352341,64112.3203125,31786,0.0,0.0
2026-01-26 00:00:00+09:00,63821.78441592835,64209.17005729969,62853.3203125,62853.3203125,41098,0.0,0.0
2026-01-27 00:00:00+09:00,62853.31890240975,63434.39735143049,62369.08686155914,63047.01171875,25542,0.0,0.0
2026-01-28 00:00:00+09:00,62562.77967789939,63047.01171875,62465.93326972926,63047.01171875,31075,0.0,0.0
2026-01-29 00:00:00+09:00,62659.626831978065,64015.4765625,62465.93401333207,64015.4765625,32655,0.0,0.0
2026-01-30 00:00:00+09:00,64209.1684525516,64209.1684525516,63337.55078125,63337.55078125,27282,0.0,0.0
2026-02-02 00:00:00+09:00,63918.630655674846,64209.16988592791,63143.859375,63143.859375,24981,0.0,0.0
2026-02-03 00:00:00+09:00,63240.70561784351,63531.24484732824,63047.012798187025,63434.3984375,17873,0.0,0.0
2026-02-04 00:00:00+09:00,63434.39702839612,63918.62906678082,63143.8578053653,63628.08984375,23338,0.0,0.0
2026-02-05 00:00:00+09:00,63821.78233997926,64306.01437594269,63628.089525593896,64209.16796875,26208,0.0,0.0
2026-02-06 00:00:00+09:00,64112.320159774434,64402.859375,63531.24172932331,64402.859375,19401,0.0,0.0
2026-02-09 00:00:00+09:00,64790.24625211149,65371.32469383446,64402.860624296176,64499.70703125,36757,0.0,0.0
2026-02-10 00:00:00+09:00,64887.09326675258,65758.7109375,64790.246858891755,65758.7109375,34902,0.0,0.0
2026-02-12 00:00:00+09:00,65177.63172061846,65468.17094076981,64499.706873598654,64790.24609375,38659,0.0,0.0
2026-02-13 00:00:00+09:00,64596.5546875,64887.09391398051,64209.16905219266,64596.5546875,31593,0.0,0.0
2026-02-16 00:00:00+09:00,64693.40217492548,64983.94140625,64306.01653315946,64983.94140625,20993,0.0,0.0
2026-02-17 00:00:00+09:00,65080.78656716418,65080.78656716418,64112.32248134328,64887.09375,16121,0.0,0.0
2026-02-18 00:00:00+09:00,64790.24439161742,65661.86202917281,64693.39798744461,65565.015625,24155,0.0,0.0
2026-02-19 00:00:00+09:00,65371.32687894102,65661.8661095141,64983.94123817693,65274.48046875,15532,0.0,0.0
2026-02-20 00:00:00+09:00,65274.47905880177,65468.171875,64693.4006102071,65468.171875,38832,0.0,0.0
2026-02-24 00:00:00+09:00,65661.8634375,65855.55625,64983.93859375,65371.32421875,25792,0.0,0.0
2026-02-25 00:00:00+09:00,65371.32795215708,65661.8671875,64790.24948147124,65661.8671875,25186,0.0,0.0
2026-02-26 00:00:00+09:00,65274.48046875,65758.71251970512,64790.24841779488,65274.48046875,34016,0.0,0.0
2026-02-27 00:00:00+09:00,65080.78563348416,65274.47844786954,63918.62874717195,64209.16796875,46692,0.0,0.0
2026-03-02 00:00:00+09:00,63918.62734962406,64402.859375,63628.088134398495,64402.859375,35651,0.0,0.0
2026-03-03 00:00:00+09:00,63628.08794833787,63821.78075792185,62272.23828125,62272.23828125,65184,0.0,0.0
2026-03-04 00:00:00+09:00,61303.77563793628,61981.70048701299,59560.540311739045,59657.38671875,103931,0.0,0.0
2026-03-05 00:00:00+09:00,60625.85264136904,61594.31674107142,60625.85264136904,61013.23828125,56119,0.0,0.0
2026-03-06 00:00:00+09:00,60916.390625,61400.622664944356,60335.31217706677,60916.390625,45280,0.0,0.0
2026-03-09 00:00:00+09:00,59947.9246824187,60141.61749237805,59173.1534425813,59560.5390625,81856,0.0,0.0
2026-03-10 00:00:00+09:00,60044.77327447833,60529.005317014446,59754.23404895666,60335.3125,36231,0.0,0.0
2026-03-11 00:00:00+09:00,60819.54579827724,60819.54579827724,60141.62092472957,60432.16015625,33650,0.0,0.0
2026-03-12 00:00:00+09:00,60335.31093874403,60819.54296875,60044.77172074044,60819.54296875,34691,0.0,0.0
2026-03-13 00:00:00+09:00,60335.31014866505,61013.234981796115,59754.23172026699,59851.078125,47700,0.0,0.0
2026-03-16 00:00:00+09:00,59657.38656098546,60238.46500151454,59173.15452721123,59947.92578125,25562,0.0,0.0
2026-03-17 00:00:00+09:00,60335.3125,60625.85172552167,59851.08045746388,60335.3125,29137,0.0,0.0
2026-03-18 00:00:00+09:00,60722.69671875,60819.543125,60238.464687499996,60529.00390625,28819,0.0,0.0
2026-03-19 00:00:00+09:00,60238.465160815744,60335.311567826706,59657.38671875,59657.38671875,32784,0.0,0.0
2026-03-23 00:00:00+09:00,59076.30797215243,59076.30797215243,57526.765467964826,57817.3046875,58003,0.0,0.0
2026-03-24 00:00:00+09:00,58785.76969293253,59173.15532517591,58495.23046875,58495.23046875,41241,0.0,0.0
2026-03-25 00:00:00+09:00,58979.463765495864,59076.31017561984,58495.231714876034,58592.078125,34021,0.0,0.0
2026-03-26 00:00:00+09:00,58688.921075398495,58688.921075398495,57333.07141359061,57720.45703125,56629,0.0,0.0
2026-03-27 00:00:00+09:00,57720.46076794658,58011.0,57429.921535893154,58011.0,48468,0.0,0.0
2026-03-30 00:00:00+09:00,56558.30327431741,56751.99609375,55783.53199658704,56751.99609375,71094,0.0,0.0
2026-03-31 00:00:00+09:00,56751.99452728427,57914.15141180203,56655.148120241116,57236.2265625,53966,0.0,0.0
2026-04-01 00:00:00+09:00,58204.690925973366,59270.00140881148,58204.690925973366,59076.30859375,48677,0.0,0.0
2026-04-02 00:00:00+09:00,59657.387531198,59851.080347857736,58107.84499792013,58204.69140625,43500,0.0,0.0
2026-04-03 00:00:00+09:00,58398.38265779703,58882.61468646865,58301.53625206271,58688.921875,20787,0.0,0.0
2026-04-06 00:00:00+09:00,58979.463430851065,59366.849069148935,58688.92420212766,59173.15625,11687,0.0,0.0
2026-04-07 00:00:00+09:00,59270.002826891454,59560.542056435035,58882.6171875,58882.6171875,19561,0.0,0.0
2026-04-08 00:00:00+09:00,60044.77279469937,61206.9296875,59657.38716376582,61206.9296875,45708,0.0,0.0
2026-04-09 00:00:00+09:00,61110.08218675358,61594.31421675955,60625.850156747605,60819.54296875,29368,0.0,0.0
2026-04-10 00:00:00+09:00,60916.39203922448,60916.39203922448,60335.31357780104,60722.69921875,18827,0.0,0.0
2026-04-13 00:00:00+09:00,60432.16015625,60916.392208784055,59947.928103715945,60432.16015625,27070,0.0,0.0
2026-04-14 00:00:00+09:00,61013.23562549525,61303.77484275951,60722.696408230986,61110.08203125,20043,0.0,0.0
2026-04-15 00:00:00+09:00,61691.16172616693,61691.16172616693,61110.083279766615,61206.9296875,23851,0.0,0.0
2026-04-16 00:00:00+09:00,61594.31499804075,61788.0078125,61013.23655466301,61788.0078125,23289,0.0,0.0
2026-04-17 00:00:00+09:00,61594.31390477129,61788.00671579258,61110.08187721806,61400.62109375,28859,0.0,0.0
2026-04-20 00:00:00+09:00,61884.85296678768,62369.08499313187,61594.313750981164,61691.16015625,20973,0.0,0.0
2026-04-21 00:00:00+09:00,62078.54752086645,62078.54752086645,60819.54421701113,60916.390625,17727,0.0,0.0
2026-04-22 00:00:00+09:00,60819.545969202896,61013.238790760865,60044.77468297101,60141.62109375,27276,0.0,0.0
2026-04-23 00:00:00+09:00,60335.31217706677,60916.390625,60141.619361089026,60916.390625,28279,0.0,0.0
2026-04-24 00:00:00+09:00,61110.08360373403,61110.08360373403,60238.46592951278,60625.8515625,24334,0.0,0.0
2026-04-27 00:00:00+09:00,60722.69921875,61013.23844946172,60625.85280851276,60722.69921875,19324,0.0,0.0
2026-04-28 00:00:00+09:00,61013.23609575965,61013.23609575965,60044.77203074758,60238.46484375,29350,0.0,0.0
2026-04-30 00:00:00+09:00,60044.77376832248,60141.620177626224,59173.156084588765,59463.6953125,38814,0.0,0.0
2026-05-01 00:00:00+09:00,59463.69281045752,59657.38562091503,58495.228758169935,59270.0,33262,0.0,0.0
2026-05-07 00:00:00+09:00,60335.3120559617,60625.851279345145,58785.76953125,58785.76953125,108905,0.0,0.0
2026-05-08 00:00:00+09:00,59173.15625,59851.08111702128,59076.30984042553,59173.15625,41131,0.0,0.0
2026-05-11 00:00:00+09:00,58785.76937115779,59463.69422387295,58785.76937115779,59076.30859375,24989,0.0,0.0
2026-05-12 00:00:00+09:00,58882.6173553719,59173.1565857438,58592.078125,58592.078125,24335,0.0,0.0
2026-05-13 00:00:00+09:00,58495.23030786656,58979.46234683896,58107.84467668863,58785.76953125,24726,0.0,0.0
2026-05-14 00:00:00+09:00,58979.462186219265,59173.15500128074,58688.922963627054,59076.30859375,26009,0.0,0.0
2026-05-15 00:00:00+09:00,59076.31000719572,59560.542056435035,58592.07795795642,58882.6171875,24480,0.0,0.0
2026-05-18 00:00:00+09:00,59076.307812499996,59076.307812499996,57720.458125,58107.84375,44387,0.0,0.0
2026-05-19 00:00:00+09:00,58204.68984632839,58882.61468646865,58107.843440594064,58688.921875,29113,0.0,0.0
2026-05-20 00:00:00+09:00,58979.461565640704,59076.30797215243,57623.61187447655,57817.3046875,51568,0.0,0.0
2026-05-21 00:00:00+09:00,58592.078125,58785.77094524793,58107.84607438016,58592.078125,30706,0.0,0.0
2026-05-22 00:00:00+09:00,58785.77094524793,58882.6173553719,58204.69248450413,58592.078125,21151,0.0,0.0
2026-05-25 00:00:00+09:00,58398.38374103484,59270.00140881148,58398.38374103484,59076.30859375,22134,0.0,0.0
2026-05-26 00:00:00+09:00,58882.614227642276,60529.00311229675,58785.7678226626,59560.5390625,38823,0.0,0.0
2026-05-27 00:00:00+09:00,60044.7734375,60529.0054813508,59657.387802419355,60044.7734375,52416,0.0,0.0
2026-05-28 00:00:00+09:00,59076.30984042553,59947.92752659575,58882.617021276594,59173.15625,64410,0.0,0.0
2026-05-29 00:00:00+09:00,59560.54047078915,59754.2332853283,58785.76921263254,59366.84765625,54868,0.0,0.0
2026-06-01 00:00:00+09:00,59754.23393952787,59754.23393952787,58107.84499792013,58204.69140625,32531,0.0,0.0
2026-06-02 00:00:00+09:00,58204.69000051824,58495.22921849088,57623.611564572966,58398.3828125,36843,0.0,0.0
2026-06-03 00:00:00+09:00,58592.07671566104,59560.540793605855,58495.23030786656,58785.76953125,37462,0.0,0.0
2026-06-04 00:00:00+09:00,58979.46250905422,58979.46250905422,58301.53765262831,58495.23046875,26598,0.0,0.0
2026-06-05 00:00:00+09:00,58592.075781249994,59076.307812499996,58107.84375,58107.84375,25846,0.0,0.0
2026-06-08 00:00:00+09:00,58010.997343749994,58398.38296875,57720.458125,58107.84375,25409,0.0,0.0
2026-06-09 00:00:00+09:00,58495.23205342237,58495.23205342237,58011.0,58011.0,16628,0.0,0.0
2026-06-10 00:00:00+09:00,58107.84467668863,58785.76953125,57914.15186109967,58785.76953125,23320,0.0,0.0
2026-06-11 00:00:00+09:00,58495.23030786656,59076.30875463345,58107.84467668863,58785.76953125,27685,0.0,0.0
2026-06-12 00:00:00+09:00,59270.002659574464,59754.234707446805,58979.463430851065,59173.15625,45969,0.0,0.0
2026-06-15 00:00:00+09:00,59754.232656249995,60722.69671875,59657.386249999996,60529.00390625,36825,0.0,0.0
2026-06-16 00:00:00+09:00,60335.31299623371,60432.15940553746,59173.156084588765,59463.6953125,35462,0.0,0.0
2026-06-17 00:00:00+09:00,59366.84655942118,59560.53937038177,58882.6145320197,58979.4609375,29003,0.0,0.0
2026-06-18 00:00:00+09:00,59270.00140881148,59560.540631403695,58785.76937115779,59076.30859375,31484,0.0,0.0
2026-06-19 00:00:00+09:00,59173.15516242793,59366.84797801689,58785.76953125,58785.76953125,40356,0.0,0.0
2026-06-22 00:00:00+09:00,58592.07762876629,59463.6953125,58495.23121946254,59463.6953125,26639,0.0,0.0
2026-06-23 00:00:00+09:00,59173.15406042703,59463.69327839967,58204.69000051824,58398.3828125,44108,0.0,0.0
2026-06-24 00:00:00+09:00,58495.23046875,58785.76969293253,58107.84483650662,58495.23046875,36105,0.0,0.0
2026-06-25 00:00:00+09:00,58495.23014856558,59366.84781634222,58301.5373335041,59076.30859375,46117,0.0,0.0
2026-06-26 00:00:00+09:00,59173.15359477124,59463.69281045752,58882.61437908497,59270.0,76448,0.0,0.0
2026-06-29 00:00:00+09:00,60000.0,60300.0,58700.0,59500.0,93291,1930.0,0.0
2026-06-30 00:00:00+09:00,59900.0,60300.0,59500.0,59800.0,38638,0.0,0.0
2026-07-01 00:00:00+09:00,59900.0,60300.0,59600.0,60000.0,29406,0.0,0.0
2026-07-02 00:00:00+09:00,60400.0,60800.0,60100.0,60200.0,34043,0.0,0.0
2026-07-03 00:00:00+09:00,60400.0,60900.0,60200.0,60800.0,31687,0.0,0.0
2026-07-06 00:00:00+09:00,61100.0,61800.0,60800.0,61200.0,31700,0.0,0.0
2026-07-07 00:00:00+09:00,61400.0,61500.0,60500.0,60600.0,23727,0.0,0.0
2026-07-08 00:00:00+09:00,60100.0,60500.0,59700.0,59700.0,46527,0.0,0.0
2026-07-09 00:00:00+09:00,59600.0,60700.0,59400.0,60700.0,35062,0.0,0.0
2026-07-10 00:00:00+09:00,60600.0,61000.0,60300.0,60500.0,21298,0.0,0.0
2026-07-13 00:00:00+09:00,60800.0,60900.0,59700.0,59700.0,30053,0.0,0.0
2026-07-14 00:00:00+09:00,59800.0,60400.0,59700.0,60400.0,22675,0.0,0.0
2026-07-15 00:00:00+09:00,60800.0,60800.0,60300.0,60600.0,32003,0.0,0.0
2026-07-16 00:00:00+09:00,60300.0,60700.0,59800.0,59800.0,33949,0.0,0.0
2026-07-17 00:00:00+09:00,59900.0,60400.0,59200.0,59600.0,44102,0.0,0.0
2026-07-21 00:00:00+09:00,60300.0,61600.0,60000.0,61600.0,67605,0.0,0.0
2026-07-22 00:00:00+09:00,61700.0,61800.0,61300.0,61600.0,29891,0.0,0.0
2026-07-23 00:00:00+09:00,61400.0,62100.0,61300.0,61700.0,41161,0.0,0.0
2026-07-24 00:00:00+09:00,62000.0,62200.0,61400.0,62100.0,38971,0.0,0.0
2026-07-27 00:00:00+09:00,62400.0,63100.0,62300.0,63100.0,40745,0.0,0.0
2026-07-28 00:00:00+09:00,63100.0,63200.0,61600.0,62000.0,35092,0.0,0.0
2026-07-29 00:00:00+09:00,61900.0,62300.0,61200.0,61900.0,47833,0.0,0.0
2026-07-30 00:00:00+09:00,61000.0,61400.0,60300.0,60900.0,125679,0.0,0.0
2026-07-31 00:00:00+09:00,61200.0,61900.0,60700.0,61200.0,43440,0.0,0.0
2026-08-03 00:00:00+09:00,61000.0,61300.0,60300.0,60400.0,30941,0.0,0.0
2026-08-04 00:00:00+09:00,60400.0,60900.0,60300.0,60400.0,22209,0.0,0.0
2026-08-05 00:00:00+09:00,60700.0,61100.0,60500.0,60900.0,27787,0.0,0.0
2026-08-06 00:00:00+09:00,60800.0,61000.0,60400.0,60800.0,26400,0.0,0.0
2026-08-07 00:00:00+09:00,60400.0,61200.0,60400.0,60800.0,25374,0.0,0.0
2026-08-10 00:00:00+09:00,60900.0,61000.0,60400.0,60800.0,15580,0.0,0.0
2026-08-12 00:00:00+09:00,60500.0,61100.0,60500.0,61100.0,17149,0.0,0.0
2026-08-13 00:00:00+09:00,61300.0,61500.0,60900.0,61100.0,16185,0.0,0.0
2026-08-14 00:00:00+09:00,61300.0,61600.0,61100.0,61400.0,32821,0.0,0.0
2026-08-17 00:00:00+09:00,61700.0,61800.0,61200.0,61400.0,17517,0.0,0.0
2026-08-18 00:00:00+09:00,61500.0,61500.0,60700.0,61000.0,33584,0.0,0.0
2026-08-19 00:00:00+09:00,60600.0,60800.0,60100.0,60300.0,39354,0.0,0.0
2026-08-20 00:00:00+09:00,60800.0,61300.0,60400.0,61300.0,38964,0.0,0.0
2026-08-21 00:00:00+09:00,61200.0,61200.0,60200.0,60600.0,45957,0.0,0.0
2026-08-24 00:00:00+09:00,60800.0,61500.0,60600.0,61400.0,54527,0.0,0.0
2026-08-25 00:00:00+09:00,61300.0,61300.0,61000.0,61200.0,33456,0.0,0.0
2026-08-26 00:00:00+09:00,61800.0,64000.0,61700.0,63800.0,89246,0.0,0.0
2026-08-27 00:00:00+09:00,64600.0,64600.0,63100.0,63200.0,109003,0.0,0.0
2026-08-28 00:00:00+09:00,62700.0,63400.0,62400.0,63000.0,84774,0.0,0.0
2026-08-31 00:00:00+09:00,63000.0,63200.0,62200.0,62200.0,76017,0.0,0.0
2026-09-01 00:00:00+09:00,62300.0,62800.0,62100.0,62800.0,61028,0.0,0.0
2026-09-02 00:00:00+09:00,62200.0,62700.0,61700.0,62300.0,58970,0.0,0.0
2026-09-03 00:00:00+09:00,62500.0,62500.0,61500.0,61600.0,47639,0.0,0.0
2026-09-04 00:00:00+09:00,61700.0,62400.0,61600.0,62100.0,56760,0.0,0.0
2026-09-07 00:00:00+09:00,62200.0,62300.0,61700.0,61700.0,51364,0.0,0.0
2026-09-08 00:00:00+09:00,61600.0,62100.0,61000.0,61000.0,83121,0.0,0.0
2026-09-09 00:00:00+09:00,60900.0,61700.0,60700.0,61700.0,85997,0.0,0.0
2026-09-10 00:00:00+09:00,61700.0,61700.0,60900.0,61300.0,88592,0.0,0.0
2026-09-11 00:00:00+09:00,61500.0,61500.0,60300.0,60700.0,115233,0.0,0.0
2026-09-14 00:00:00+09:00,60700.0,61400.0,60600.0,61300.0,68319,0.0,0.0
2026-09-15 00:00:00+09:00,61200.0,61300.0,60500.0,61200.0,67729,0.0,0.0
2026-09-16 00:00:00+09:00,61400.0,61900.0,61200.0,61500.0,65292,0.0,0.0
2026-09-17 00:00:00+09:00,61500.0,61900.0,61300.0,61900.0,56937,0.0,0.0
2026-09-18 00:00:00+09:00,62000.0,62000.0,60300.0,60300.0,140563,0.0,0.0
2026-09-24 00:00:00+09:00,60600.0,61300.0,60400.0,60800.0,91042,0.0,0.0
2026-09-25 00:00:00+09:00,61200.0,61200.0,60700.0,60700.0,64626,0.0,0.0
2026-09-28 00:00:00+09:00,61000.0,61000.0,60600.0,60600.0,65566,0.0,0.0
2026-09-29 00:00:00+09:00,60300.0,60600.0,59700.0,59800.0,71386,0.0,0.0
2026-09-30 00:00:00+09:00,59800.0,60300.0,59800.0,59800.0,38520,0.0,0.0
2026-10-01 00:00:00+09:00,59700.0,59800.0,59100.0,59100.0,52959,0.0,0.0
2026-10-02 00:00:00+09:00,59000.0,59100.0,58300.0,58600.0,68902,0.0,0.0
2026-10-05 00:00:00+09:00,59000.0,59100.0,58200.0,58400.0,58553,0.0,0.0
2026-10-06 00:00:00+09:00,58100.0,58700.0,58100.0,58300.0,20068,0.0,0.0
