Date,Open,High,Low,Close,Volume,Dividends,Stock Splits
2021-10-05 00:00:00+09:00,89632.82560393777,89907.34757314554,86887.56087239583,88946.5078125,7749,0.0,0.0
2021-10-06 00:00:00+09:00,90730.94513336539,90868.21258059716,87985.68626767713,89221.0546875,10233,0.0,0.0
2021-10-07 00:00:00+09:00,88946.51142065234,90456.40804938138,88397.46102575517,90319.140625,6066,0.0,0.0
2021-10-08 00:00:00+09:00,90181.8759765625,90456.40437997945,88946.5078125,88946.5078125,3129,0.0,0.0
2021-10-11 00:00:00+09:00,90044.62426415169,90868.203125,88946.51697161733,90868.203125,4887,0.0,0.0
2021-10-12 00:00:00+09:00,90868.20275873566,91691.78161626436,90730.935326341,91279.9921875,3189,0.0,0.0
2021-10-13 00:00:00+09:00,91691.78510769964,92652.625,91417.25666666667,92652.625,6513,0.0,0.0
2021-10-14 00:00:00+09:00,92652.62110187544,92927.14953135833,91279.99182288055,91691.78125,6468,0.0,0.0
2021-10-15 00:00:00+09:00,92927.1558573481,93476.20631948055,91691.7874918924,93338.9453125,4665,0.0,0.0
2021-10-18 00:00:00+09:00,93476.20030550902,93476.20030550902,91005.46373355725,93201.671875,6987,0.0,0.0
2021-10-19 00:00:00+09:00,93887.98900291945,94299.77842837086,92652.62072656525,94025.25,5322,0.0,0.0
2021-10-20 00:00:00+09:00,92789.88600341146,93750.73232992187,92515.36399658854,92652.625,3006,0.0,0.0
2021-10-21 00:00:00+09:00,93064.40226657037,93064.40226657037,91691.77310943996,92103.5625,2622,0.0,0.0
2021-10-22 00:00:00+09:00,92103.57954080797,92515.36900755642,91142.73316225463,92378.1015625,3516,0.0,0.0
2021-10-25 00:00:00+09:00,91966.30252036206,93064.40979542819,91966.30252036206,92515.359375,2265,0.0,0.0
2021-10-26 00:00:00+09:00,93064.41521860987,93064.41521860987,91554.51843168332,91829.046875,1848,0.0,0.0
2021-10-27 00:00:00+09:00,92515.35585048872,93064.40625,92378.08842495376,93064.40625,2691,0.0,0.0
2021-10-28 00:00:00+09:00,92652.62144819176,93201.671875,91829.0425908745,93201.671875,3123,0.0,0.0
2021-10-29 00:00:00+09:00,93201.67468621046,93887.9925660793,92515.36324055165,93476.203125,3672,0.0,0.0
2021-11-01 00:00:00+09:00,93750.72407504624,94162.51348323208,93064.40625,93064.40625,3006,0.0,0.0
2021-11-02 00:00:00+09:00,92378.1015625,92927.15847430489,91417.26161815708,92378.1015625,4440,0.0,0.0
2021-11-04 00:00:00+09:00,92789.88136810921,93338.93822274715,92103.56995112642,92515.359375,6315,0.0,0.0
2021-11-05 00:00:00+09:00,92652.625,93613.46489230034,92240.83555555555,92652.625,3255,0.0,0.0
2021-11-08 00:00:00+09:00,91966.2950803405,93201.66325202065,91691.77310943996,92103.5625,6219,0.0,0.0
2021-11-09 00:00:00+09:00,91829.04726210586,92652.62616131756,91142.72936802605,91417.2578125,3822,0.0,0.0
2021-11-10 00:00:00+09:00,91142.7251224762,91142.7251224762,90319.14626162789,90868.203125,3438,0.0,0.0
2021-11-11 00:00:00+09:00,90868.20735776224,91417.2578125,90593.67891328828,91417.2578125,1794,0.0,0.0
2021-11-12 00:00:00+09:00,90868.20813432007,91417.25859375,90181.890234375,90593.6796875,2361,0.0,0.0
2021-11-15 00:00:00+09:00,90593.67223173517,91279.99007519698,89907.35438827334,90181.8828125,2193,0.0,0.0
2021-11-16 00:00:00+09:00,90319.14626162789,91005.4641237381,90044.62426415169,90868.203125,1836,0.0,0.0
2021-11-17 00:00:00+09:00,89632.83275444605,91142.72300816863,89495.5653246824,89770.09375,2352,0.0,0.0
2021-11-18 00:00:00+09:00,90593.68707579185,91142.73757999914,90319.15860658285,91005.4765625,2820,0.0,0.0
2021-11-19 00:00:00+09:00,90868.21554500086,91417.26604920815,90456.42605829272,91005.4765625,2928,0.0,0.0
2021-11-22 00:00:00+09:00,91554.51455290035,91966.3039833245,90868.203125,90868.203125,3162,0.0,0.0
2021-11-24 00:00:00+09:00,90730.93569205204,91279.99255542415,90044.62426415169,90868.203125,2721,0.0,0.0
2021-11-25 00:00:00+09:00,90868.21194299887,92103.58035415348,90868.21194299887,91554.5234375,2172,0.0,0.0
2021-11-26 00:00:00+09:00,91554.51881763189,91966.30826723775,90044.62845855052,91417.2578125,4662,0.0,0.0
2021-11-29 00:00:00+09:00,91829.04443545379,92378.09487329086,90319.14768863942,91142.7265625,7422,0.0,0.0
2021-11-30 00:00:00+09:00,91554.52077162777,93613.46806359998,86201.2578125,86201.2578125,14265,0.0,0.0
2021-12-01 00:00:00+09:00,88122.94728069838,90456.42310732287,87848.41882044534,89221.0546875,10554,0.0,0.0
2021-12-02 00:00:00+09:00,89495.57471468688,90044.63162292994,88122.9453125,88122.9453125,8451,0.0,0.0
2021-12-03 00:00:00+09:00,88946.51455479453,90593.67223173517,88946.51455479453,90181.8828125,6738,0.0,0.0
2021-12-06 00:00:00+09:00,90044.6382814497,90319.16032166091,88672.00234355031,89358.3203125,3945,0.0,0.0
2021-12-07 00:00:00+09:00,88809.25886227064,89907.35975632163,88809.25886227064,89495.5703125,3090,0.0,0.0
2021-12-08 00:00:00+09:00,91142.72898381336,91829.046875,90181.88908352017,91829.046875,6921,0.0,0.0
2021-12-09 00:00:00+09:00,91554.51804918071,92789.88638762938,90730.9391568816,92240.8359375,9933,0.0,0.0
2021-12-10 00:00:00+09:00,94162.51348323208,94162.51348323208,91142.72020039624,93064.40625,11991,0.0,0.0
2021-12-13 00:00:00+09:00,92927.1412811201,93476.19165713042,91829.03409489023,92103.5625,4158,0.0,0.0
2021-12-14 00:00:00+09:00,92378.08842495376,93064.40625,91554.50960858208,93064.40625,4950,0.0,0.0
2021-12-15 00:00:00+09:00,92515.36900755642,92515.36900755642,91417.26161815708,92378.1015625,3465,0.0,0.0
2021-12-16 00:00:00+09:00,93064.4108768504,93887.98973416766,92378.09301768274,93201.671875,3615,0.0,0.0
2021-12-17 00:00:00+09:00,92927.15320288685,96221.46875,92515.3637594977,96221.46875,15177,0.0,0.0
2021-12-20 00:00:00+09:00,94848.82383097312,95946.93105212881,94299.7734375,94299.7734375,6822,0.0,0.0
2021-12-21 00:00:00+09:00,94299.7797746781,95946.9375,93613.46191105737,95946.9375,4779,0.0,0.0
2021-12-22 00:00:00+09:00,96084.20390903231,96221.47135001117,95123.36399323135,95260.625,4311,0.0,0.0
2021-12-23 00:00:00+09:00,95260.6153853755,96084.19421128424,94986.09339954563,95397.8828125,2052,0.0,0.0
2021-12-24 00:00:00+09:00,96358.73013613158,96358.73013613158,95672.41224968455,95809.6796875,2808,0.0,0.0
2021-12-27 00:00:00+09:00,95946.93467420495,96084.1956692026,95397.88426000472,95672.40625,1443,0.0,0.0
2021-12-28 00:00:00+09:00,95946.94373022152,97731.36257045312,95809.68272226841,97594.1015625,2775,0.0,0.0
2021-12-29 00:00:00+09:00,97868.62537606098,98692.20425318292,97319.56850183969,97456.8359375,5385,0.0,0.0
2021-12-30 00:00:00+09:00,97731.35756486714,98417.67543790158,97319.56812788847,97868.625,2874,0.0,0.0
2022-01-04 00:00:00+09:00,98829.46129707113,99515.77914525958,97731.35402681155,98417.671875,4563,0.0,0.0
2022-01-05 00:00:00+09:00,98966.72702636752,98966.72702636752,96495.9903757713,96633.2578125,7914,0.0,0.0
2022-01-06 00:00:00+09:00,96495.984375,97045.04121935068,95672.40554268361,96495.984375,5061,0.0,0.0
2022-01-07 00:00:00+09:00,95946.9375,97456.83422628167,95260.61963637926,95946.9375,6189,0.0,0.0
2022-01-11 00:00:00+09:00,96358.72045578602,96358.72045578602,93887.98403384279,94299.7734375,4710,0.0,0.0
2022-01-12 00:00:00+09:00,93887.9921875,95123.36050575657,93750.73118576371,93887.9921875,4122,0.0,0.0
2022-01-13 00:00:00+09:00,94299.7787939832,95397.88607751435,93064.41051283931,93613.4609375,5853,0.0,0.0
2022-01-14 00:00:00+09:00,93476.20936278474,93476.20936278474,91966.3125,91966.3125,5970,0.0,0.0
2022-01-17 00:00:00+09:00,91417.2553757861,92103.57325157222,90456.41549705355,90730.9375,4125,0.0,0.0
2022-01-18 00:00:00+09:00,90319.1409687927,91279.98720628193,89495.56215620732,89907.3515625,4557,0.0,0.0
2022-01-19 00:00:00+09:00,89770.10860697612,89907.3696252468,85514.95269847718,85926.7421875,10035,0.0,0.0
2022-01-20 00:00:00+09:00,85926.7342912956,86338.52374247719,82769.6796875,82769.6796875,18375,0.0,0.0
2022-01-21 00:00:00+09:00,82220.63678629456,86338.53167652282,80381.30825725569,85926.7421875,16074,0.0,0.0
2022-01-24 00:00:00+09:00,85240.421875,85926.73981583188,83593.26396437199,85240.421875,9642,0.0,0.0
2022-01-25 00:00:00+09:00,85514.95033817487,86613.05132245316,84691.37138286086,85240.421875,9777,0.0,0.0
2022-01-26 00:00:00+09:00,85103.14177231488,86475.77091189427,84691.35238702013,85789.453125,6321,0.0,0.0
2022-01-27 00:00:00+09:00,86475.78508820116,87573.89244040711,83730.51992479137,87436.625,17268,0.0,0.0
2022-01-28 00:00:00+09:00,87818.85126750071,88237.03627353643,85449.1340552514,87261.2734375,7323,1623.6666,0.0
2022-01-31 00:00:00+09:00,89212.79656409152,89909.77373231133,88237.03375589622,88655.21875,9570,0.0,0.0
2022-02-01 00:00:00+09:00,89770.37355706735,90606.74347674767,87540.04941515984,87958.234375,10923,0.0,0.0
2022-02-02 00:00:00+09:00,88237.02652627343,88794.60429468032,87540.04941515984,87958.234375,3168,0.0,0.0
2022-02-03 00:00:00+09:00,87958.24650770071,90188.57095725258,87679.46085211239,89491.59375,5223,0.0,0.0
2022-02-04 00:00:00+09:00,89491.58340669014,90188.56053338709,88655.21346830987,89073.3984375,5745,0.0,0.0
2022-02-07 00:00:00+09:00,88934.00363738704,89212.78925452047,87818.84156643327,87958.234375,6933,0.0,0.0
2022-02-08 00:00:00+09:00,87818.83864182692,89770.37056746967,86982.46875,86982.46875,11094,0.0,0.0
2022-02-09 00:00:00+09:00,86424.89085300709,89212.78613159007,86146.09871149289,88237.0234375,9255,0.0,0.0
2022-02-10 00:00:00+09:00,87679.45287408294,88934.0078125,86843.08291513825,88934.0078125,12054,0.0,0.0
2022-02-14 00:00:00+09:00,87121.85858669567,87818.83565086013,85588.51819332925,86006.703125,6324,0.0,0.0
2022-02-15 00:00:00+09:00,85170.32640761606,86424.88110166864,83636.97960350545,84612.7421875,13443,0.0,0.0
2022-02-16 00:00:00+09:00,84055.19024219237,85170.35248978755,83581.24939068142,85030.953125,17850,0.0,0.0
2022-02-17 00:00:00+09:00,85449.1374942091,85727.9296875,84333.98178932749,85727.9296875,6519,0.0,0.0
2022-02-18 00:00:00+09:00,83915.78997743814,84473.36778476935,83135.17581986211,83776.390625,14178,0.0,0.0
2022-02-21 00:00:00+09:00,83915.78433950501,84333.9693004425,82912.140433255,83636.9921875,35091,0.0,0.0
2022-02-22 00:00:00+09:00,83636.99917846308,84055.18417435541,81880.62219571536,82716.9921875,15687,0.0,0.0
2022-02-24 00:00:00+09:00,82410.3237023349,83915.78965710878,81713.34654522613,83218.8125,16629,0.0,0.0
2022-02-25 00:00:00+09:00,82354.55721054935,83302.4453125,81824.86060916701,83302.4453125,9561,0.0,0.0
2022-02-28 00:00:00+09:00,82549.7168352152,83915.78997743814,82298.80584179508,83776.390625,10197,0.0,0.0
2022-03-01 00:00:00+09:00,83776.39003265864,85170.34434234136,83553.36021813119,84473.3671875,5985,0.0,0.0
2022-03-02 00:00:00+09:00,84612.76809891945,85588.5375158681,83776.39804675832,85030.953125,6240,0.0,0.0
2022-03-03 00:00:00+09:00,85449.1328125,85727.92499051604,84891.55499060857,85449.1328125,3558,0.0,0.0
2022-03-04 00:00:00+09:00,86146.08854166667,86146.08854166667,84055.1640625,85309.71875,6963,0.0,0.0
2022-03-07 00:00:00+09:00,85170.32640761606,85727.90409359308,84055.16450152297,84612.7421875,6393,0.0,0.0
2022-03-08 00:00:00+09:00,84333.9774815955,85170.3474846059,83915.7924800903,84194.578125,5991,0.0,0.0
2022-03-09 00:00:00+09:00,84333.97573424948,85309.73853949756,83023.65840058836,83413.96875,9369,0.0,0.0
2022-03-10 00:00:00+09:00,84055.17695504926,85449.12464358716,84055.17695504926,84891.546875,7062,0.0,0.0
2022-03-11 00:00:00+09:00,85727.92437427881,86006.7165502908,84333.9765625,84333.9765625,7158,0.0,0.0
2022-03-14 00:00:00+09:00,84752.1553741645,85170.34034059271,83302.4453125,83302.4453125,4092,0.0,0.0
2022-03-15 00:00:00+09:00,83581.22380849047,84055.16451493964,81629.69210605083,82103.6328125,10209,0.0,0.0
2022-03-16 00:00:00+09:00,82103.64011730278,83051.52814867423,81099.99627260581,82800.6171875,13884,0.0,0.0
2022-03-17 00:00:00+09:00,83274.56668334338,83581.24002419597,82270.92273322283,83190.9296875,7470,0.0,0.0
2022-03-18 00:00:00+09:00,83581.24139524977,85170.34434234136,83358.2050465819,84473.3671875,10587,0.0,0.0
2022-03-22 00:00:00+09:00,85030.93984443479,86982.47183939088,83915.78430515133,86703.6796875,9489,0.0,0.0
2022-03-23 00:00:00+09:00,87121.86905124073,87261.26840130116,84752.15850989768,86424.8984375,9657,0.0,0.0
2022-03-24 00:00:00+09:00,86146.1044286526,87121.8671875,84891.54950978873,87121.8671875,7947,0.0,0.0
2022-03-25 00:00:00+09:00,87400.66977896342,87400.66977896342,85727.9296875,85727.9296875,6246,0.0,0.0
2022-03-28 00:00:00+09:00,86285.50743295792,87818.85469294523,85867.32241061056,87540.0625,5580,0.0,0.0
2022-03-29 00:00:00+09:00,87540.04419271565,88794.59899739218,87400.6513924648,88376.4140625,4974,0.0,0.0
2022-03-30 00:00:00+09:00,89770.3834737143,90188.56847975001,86146.11124335784,87261.2734375,7014,0.0,0.0
2022-03-31 00:00:00+09:00,88376.42096721847,89352.19024762869,87679.45037737131,88515.8203125,6864,0.0,0.0
2022-04-01 00:00:00+09:00,88515.81848702655,89352.18840490667,86703.67930885962,89212.7890625,10038,0.0,0.0
2022-04-04 00:00:00+09:00,91443.11486624758,91443.11486624758,88097.63513375242,89770.375,8004,0.0,0.0
2022-04-05 00:00:00+09:00,89630.97565505264,90188.5599665619,89073.39787768347,89770.375,5232,0.0,0.0
2022-04-06 00:00:00+09:00,90188.55251321242,90606.73744521473,89491.57544849538,90327.9453125,5271,0.0,0.0
2022-04-07 00:00:00+09:00,90467.34558817642,90467.34558817642,89352.1900334381,89770.375,5997,0.0,0.0
2022-04-08 00:00:00+09:00,89909.76100181785,90467.33873696088,88097.62846199829,88376.4140625,6525,0.0,0.0
2022-04-11 00:00:00+09:00,88515.82087844356,89352.19081891974,86146.10386904763,87818.84375,8073,0.0,0.0
2022-04-12 00:00:00+09:00,88237.02652627343,89073.39644595375,87540.04941515984,87958.234375,4038,0.0,0.0
2022-04-13 00:00:00+09:00,88237.03066866598,89770.3777714447,88237.03066866598,88934.0078125,5529,0.0,0.0
2022-04-14 00:00:00+09:00,88794.60662090858,90188.56087965438,88655.21380869007,89630.9765625,4116,0.0,0.0
2022-04-15 00:00:00+09:00,89770.37336384674,90188.5583227868,88794.60410355993,89212.7890625,3537,0.0,0.0
2022-04-18 00:00:00+09:00,89630.98657779416,89909.77876752337,89073.40873247664,89491.59375,3048,0.0,0.0
2022-04-19 00:00:00+09:00,88934.01061025588,89352.19560288383,87958.24127136367,88097.640625,7092,0.0,0.0
2022-04-20 00:00:00+09:00,88515.8155790142,88794.60118638864,87261.26074340993,88237.0234375,7647,0.0,0.0
2022-04-21 00:00:00+09:00,87958.23850430432,89770.3777714447,87958.23850430432,88934.0078125,6537,0.0,0.0
2022-04-22 00:00:00+09:00,89212.80156027079,89770.38593972921,87958.24650770071,89491.59375,9411,0.0,0.0
2022-04-25 00:00:00+09:00,89212.78815900508,89630.97311371002,88376.41824959523,89352.1875,5589,0.0,0.0
2022-04-26 00:00:00+09:00,89630.98657779416,90606.75597477594,88376.43152522406,89491.59375,11169,0.0,0.0
2022-04-27 00:00:00+09:00,89352.19093806297,90188.56087965438,89212.79159170428,89630.9765625,5385,0.0,0.0
2022-04-28 00:00:00+09:00,89073.40374410377,90188.56590642735,88376.42657588398,88655.21875,11100,0.0,0.0
2022-05-02 00:00:00+09:00,86703.67878125569,90327.95058139536,86703.67878125569,89909.765625,8187,0.0,0.0
2022-05-06 00:00:00+09:00,90188.5583227868,90188.5583227868,89073.3962542333,89212.7890625,6159,0.0,0.0
2022-05-09 00:00:00+09:00,88655.21843712375,89352.19560288383,87958.24127136367,88097.640625,7851,0.0,0.0
2022-05-10 00:00:00+09:00,88515.8157297293,88655.20853365384,86703.6766080111,86982.46875,9225,0.0,0.0
2022-05-11 00:00:00+09:00,86564.2890625,87958.23678884136,85867.31193225924,86564.2890625,14004,0.0,0.0
2022-05-12 00:00:00+09:00,86006.71436521139,87400.66214157568,85867.31501367668,86285.5,13860,0.0,0.0
2022-05-13 00:00:00+09:00,86843.07579820852,89212.78613159007,86843.07579820852,88237.0234375,9426,0.0,0.0
2022-05-16 00:00:00+09:00,88934.01061025588,89770.38059551177,87679.45563237206,88097.640625,7713,0.0,0.0
2022-05-17 00:00:00+09:00,89212.7890625,89630.97402144007,87679.44856914642,89212.7890625,4665,0.0,0.0
2022-05-18 00:00:00+09:00,89770.37245470494,89770.37245470494,88097.63263588521,89352.1875,8145,0.0,0.0
2022-05-19 00:00:00+09:00,89073.40154222432,89352.19370944866,88655.21655845802,88794.609375,6018,0.0,0.0
2022-05-20 00:00:00+09:00,89073.3984375,89909.76837588029,88934.00562581667,89073.3984375,6843,0.0,0.0
2022-05-23 00:00:00+09:00,88655.21564813833,89770.3777714447,88515.82283302765,88934.0078125,5568,0.0,0.0
2022-05-24 00:00:00+09:00,89491.58873820755,89491.58873820755,88655.21875,88655.21875,6078,0.0,0.0
2022-05-25 00:00:00+09:00,89212.79567741478,90746.14281860234,89073.40285881243,90606.75,5883,0.0,0.0
2022-05-26 00:00:00+09:00,90049.16118756362,90327.95334507043,88934.00562581667,89073.3984375,6561,0.0,0.0
2022-05-27 00:00:00+09:00,88097.6299770799,90885.52523488022,87958.23064029208,90188.5546875,14136,0.0,0.0
2022-05-30 00:00:00+09:00,90188.57305199579,91164.3359375,90188.57305199579,91164.3359375,8886,0.0,0.0
2022-05-31 00:00:00+09:00,91024.92237721705,91024.92237721705,90049.15317978527,90327.9453125,10881,0.0,0.0
2022-06-01 00:00:00+09:00,90746.15091026376,91443.12813370451,90049.17368682301,91164.3359375,7179,0.0,0.0
2022-06-02 00:00:00+09:00,91443.11027544897,91443.11027544897,90327.94824255601,91303.7109375,5520,0.0,0.0
2022-06-03 00:00:00+09:00,90885.53034287758,92140.0852396388,90746.13753239525,91024.9296875,5541,0.0,0.0
2022-06-06 00:00:00+09:00,91024.92532988159,91582.50307925818,90467.34104636521,91303.7109375,3804,0.0,0.0
2022-06-07 00:00:00+09:00,91582.52030580139,92140.09816005759,91164.33528157399,91861.3125,3900,0.0,0.0
2022-06-08 00:00:00+09:00,91861.29941036123,92279.484375,91582.5072558887,92279.484375,6075,0.0,0.0
2022-06-09 00:00:00+09:00,92279.47487655218,92279.47487655218,90746.12798599277,91721.890625,5241,0.0,0.0
2022-06-10 00:00:00+09:00,91582.51058467742,92000.69556451612,90746.140625,90746.140625,6078,0.0,0.0
2022-06-13 00:00:00+09:00,90746.140625,91303.71842007151,90188.56282992849,90746.140625,6384,0.0,0.0
2022-06-14 00:00:00+09:00,90606.75090053111,90885.53654050661,88237.03375589622,88655.21875,11700,0.0,0.0
2022-06-15 00:00:00+09:00,88376.42781217616,89212.79781208363,85309.7399905623,85449.1328125,16893,0.0,0.0
2022-06-16 00:00:00+09:00,86006.71345559941,88237.0311810224,85867.31410553899,86424.8984375,9909,0.0,0.0
2022-06-17 00:00:00+09:00,85588.53685792505,86424.90690365675,84333.98178932749,85727.9296875,13980,0.0,0.0
2022-06-20 00:00:00+09:00,85727.92437427881,85727.92437427881,83915.7915655523,84333.9765625,6663,0.0,0.0
2022-06-21 00:00:00+09:00,84473.3568097015,84891.54174440299,83553.3499533582,84055.171875,7485,0.0,0.0
2022-06-22 00:00:00+09:00,84333.96191633324,84752.14684065532,82633.34104604361,82940.0078125,12753,0.0,0.0
2022-06-23 00:00:00+09:00,83135.17023437501,84473.362109375,83107.2890589325,83636.9921875,9483,0.0,0.0
2022-06-24 00:00:00+09:00,83636.9993895403,84333.9765625,83609.11821169693,84333.9765625,7200,0.0,0.0
2022-06-27 00:00:00+09:00,85170.35183505919,85867.32251707496,84752.16681219335,85727.9296875,4689,0.0,0.0
2022-06-28 00:00:00+09:00,86006.72177415366,87679.4618635431,85867.32241061056,87540.0625,8727,0.0,0.0
2022-06-29 00:00:00+09:00,87261.2681443309,87818.8459405096,86564.2909985023,87679.453125,8235,0.0,0.0
2022-06-30 00:00:00+09:00,88097.62548346912,88376.41107454525,87261.25564196194,87400.6484375,6159,0.0,0.0
2022-07-01 00:00:00+09:00,87818.84432047111,87958.23713340925,86424.89658866909,87121.8671875,6117,0.0,0.0
2022-07-04 00:00:00+09:00,88097.63063381278,88376.41624118722,87261.26074340993,88237.0234375,5826,0.0,0.0
2022-07-05 00:00:00+09:00,87818.84568919362,88934.0078125,87679.45287408294,88934.0078125,7347,0.0,0.0
2022-07-06 00:00:00+09:00,88515.82561762794,89212.7962492475,87818.84845186787,88097.640625,6027,0.0,0.0
2022-07-07 00:00:00+09:00,88237.02633635318,89630.97402144007,88237.02633635318,89212.7890625,3930,0.0,0.0
2022-07-08 00:00:00+09:00,89212.7962492475,89212.7962492475,88097.640625,88097.640625,4428,0.0,0.0
2022-07-11 00:00:00+09:00,88376.42439123368,89491.58652599064,88376.42439123368,88794.609375,2952,0.0,0.0
2022-07-12 00:00:00+09:00,89212.79159170428,89630.9765625,88097.63602567585,89630.9765625,4179,0.0,0.0
2022-07-13 00:00:00+09:00,89491.58121317337,90049.15898038012,89073.3962542333,89212.7890625,5103,0.0,0.0
2022-07-14 00:00:00+09:00,88655.21075581395,89909.765625,88376.41860683708,89909.765625,4002,0.0,0.0
2022-07-15 00:00:00+09:00,89909.76617211344,90049.15898038012,89212.7890625,89212.7890625,4782,0.0,0.0
2022-07-19 00:00:00+09:00,90188.57095725258,90746.1488025701,89073.40873247664,89491.59375,7740,0.0,0.0
2022-07-20 00:00:00+09:00,89630.98657779416,89909.77876752337,88655.22371495327,89491.59375,8028,0.0,0.0
2022-07-21 00:00:00+09:00,89491.58102589515,90746.13590008994,89491.58102589515,90467.34375,5652,0.0,0.0
2022-07-22 00:00:00+09:00,90606.75,91024.93498994748,90327.95782865486,90606.75,4602,0.0,0.0
2022-07-25 00:00:00+09:00,90467.3402927962,91303.71017696423,90049.15535071217,90188.5546875,6651,0.0,0.0
2022-07-26 00:00:00+09:00,90606.7458504501,90606.7458504501,89073.39877948578,89630.9765625,5178,0.0,0.0
2022-07-27 00:00:00+09:00,89770.37245470494,90049.15806841494,89212.78815900508,89352.1875,11970,0.0,0.0
2022-07-28 00:00:00+09:00,88914.703125,89339.45490208876,87923.61785737504,88914.703125,16629,1651.6666,0.0
2022-07-29 00:00:00+09:00,89197.85850092428,90896.86532951331,89197.85850092428,90613.6953125,13260,0.0,0.0
2022-08-01 00:00:00+09:00,90896.8690339463,91604.7907869577,90755.28733804231,91180.0390625,5052,0.0,0.0
2022-08-02 00:00:00+09:00,91180.03707243383,91180.03707243383,90188.9453125,90188.9453125,5955,0.0,0.0
2022-08-03 00:00:00+09:00,90613.6953125,91321.61703666057,89622.61020807154,90613.6953125,3996,0.0,0.0
2022-08-04 00:00:00+09:00,91180.03534652662,91746.36874380783,90330.5319322321,90613.6953125,2592,0.0,0.0
2022-08-05 00:00:00+09:00,91180.03294596451,91180.03294596451,90188.94123088382,90755.28125,4746,0.0,0.0
2022-08-08 00:00:00+09:00,90755.29329480322,91038.45670519676,90330.54154246677,90896.875,2883,0.0,0.0
2022-08-09 00:00:00+09:00,90755.29080317516,90896.8725044849,90188.95072444431,90330.5390625,4473,0.0,0.0
2022-08-10 00:00:00+09:00,90613.69087267113,90896.86087580986,89764.1875,89764.1875,3672,0.0,0.0
2022-08-12 00:00:00+09:00,90613.70061794008,90896.87065153303,89905.78548907644,90047.3671875,6765,0.0,0.0
2022-08-15 00:00:00+09:00,90047.35621021647,91604.78125,90047.35621021647,91604.78125,3042,0.0,0.0
2022-08-16 00:00:00+09:00,91746.3732718894,92171.125,91321.6215437788,92171.125,4164,0.0,0.0
2022-08-17 00:00:00+09:00,92171.13105647935,92595.8828125,92171.13105647935,92595.8828125,3267,0.0,0.0
2022-08-18 00:00:00+09:00,92595.87486989298,92595.87486989298,91746.37143071965,91887.953125,4641,0.0,0.0
2022-08-19 00:00:00+09:00,92595.8767281106,92595.8767281106,92029.54330287839,92171.125,5367,0.0,0.0
2022-08-22 00:00:00+09:00,92312.70484458667,92595.87486989298,91746.37143071965,91887.953125,3060,0.0,0.0
2022-08-23 00:00:00+09:00,92312.70484458667,92454.29317561263,91604.78973643931,91887.953125,4023,0.0,0.0
2022-08-24 00:00:00+09:00,92312.70484458667,92879.0448951993,91887.953125,91887.953125,5760,0.0,0.0
2022-08-25 00:00:00+09:00,92171.11973213548,93162.20482883473,92171.11973213548,92737.453125,4620,0.0,0.0
2022-08-26 00:00:00+09:00,93303.7951620268,93728.546875,93020.62514112951,93728.546875,3663,0.0,0.0
2022-08-29 00:00:00+09:00,93020.6171875,93445.36886415526,92737.44719081486,93020.6171875,6072,0.0,0.0
2022-08-30 00:00:00+09:00,93303.79596925525,94861.2145058008,93020.62594590808,94719.6328125,5076,0.0,0.0
2022-08-31 00:00:00+09:00,93728.54144561967,94578.04482235717,92595.86806438796,93586.953125,10722,0.0,0.0
2022-09-01 00:00:00+09:00,93445.38030093892,93445.38030093892,92595.87684365766,92879.046875,5697,0.0,0.0
2022-09-02 00:00:00+09:00,92879.04316506295,93303.7948767374,92312.703125,92312.703125,4368,0.0,0.0
2022-09-05 00:00:00+09:00,92737.46458788721,93728.5564438365,92595.8828813571,93303.8046875,3870,0.0,0.0
2022-09-06 00:00:00+09:00,93728.54501527875,94011.70839381214,92879.04160618785,93445.375,3621,0.0,0.0
2022-09-07 00:00:00+09:00,93445.375,94011.70839381214,93162.20498472123,93445.375,3642,0.0,0.0
2022-09-08 00:00:00+09:00,93728.54501527875,94011.70839381214,93162.20498472123,93445.375,5976,0.0,0.0
2022-09-09 00:00:00+09:00,93162.21104661263,94294.88454468326,93020.62934813349,93870.1328125,8853,0.0,0.0
2022-09-12 00:00:00+09:00,94578.0546875,94861.21808478498,93870.13292079592,94578.0546875,3519,0.0,0.0
2022-09-13 00:00:00+09:00,94861.21797534566,95002.80631057062,93445.38108031674,93870.1328125,7674,0.0,0.0
2022-09-14 00:00:00+09:00,93020.62658947965,93020.62658947965,91038.44968582668,91887.953125,5622,0.0,0.0
2022-09-15 00:00:00+09:00,91463.19872679451,91604.78705367388,90472.11362236606,90613.6953125,6885,0.0,0.0
2022-09-16 00:00:00+09:00,90613.69900539261,91321.62075840401,90188.94728093492,91180.0390625,11502,0.0,0.0
2022-09-20 00:00:00+09:00,92029.5423873268,92171.1240830399,90047.36546361502,90472.1171875,5583,0.0,0.0
2022-09-21 00:00:00+09:00,89622.6154554835,90755.28895310946,89622.6154554835,90047.3671875,5385,0.0,0.0
2022-09-22 00:00:00+09:00,89197.85413046762,90330.52750627747,88773.10244413206,89764.1875,5346,0.0,0.0
2022-09-26 00:00:00+09:00,89905.78201553028,89905.78201553028,87357.27172189395,87782.0234375,6798,0.0,0.0
2022-09-27 00:00:00+09:00,87215.67882223436,87923.60052339901,86083.01206446516,86224.59375,12963,0.0,0.0
2022-09-28 00:00:00+09:00,86649.34902730907,87215.68242961816,85091.92387502725,86083.015625,12696,0.0,0.0
2022-09-29 00:00:00+09:00,88065.19458653177,88489.94633958055,86790.93932738544,87074.109375,8337,0.0,0.0
2022-09-30 00:00:00+09:00,86932.51647855277,88065.18324970809,85941.42475786027,87923.6015625,13542,0.0,0.0
2022-10-03 00:00:00+09:00,89056.27412826149,89339.4375,87498.84903671873,89339.4375,7506,0.0,0.0
2022-10-04 00:00:00+09:00,90047.36902313457,90755.29080317516,89339.44724309398,90330.5390625,10242,0.0,0.0
2022-10-05 00:00:00+09:00,90330.53364205944,90896.86705006052,89481.03021168504,90188.9453125,6363,0.0,0.0
2022-10-06 00:00:00+09:00,90896.86636572672,91463.19976946404,89481.02953801063,89905.78125,9402,0.0,0.0
2022-10-07 00:00:00+09:00,88914.69016693841,90330.53364205944,88489.93845175121,90188.9453125,8823,0.0,0.0
2022-10-11 00:00:00+09:00,90188.94276701695,90613.694470216,89481.0276861821,89622.609375,8859,0.0,0.0
2022-10-12 00:00:00+09:00,89622.61190449892,90472.11533487332,89481.03021168504,90188.9453125,6849,0.0,0.0
2022-10-13 00:00:00+09:00,89622.6126814362,89622.6126814362,87782.02411191749,88065.1875,7557,0.0,0.0
2022-10-14 00:00:00+09:00,88206.7775607637,89481.03274236344,87640.4375,87640.4375,8358,0.0,0.0
2022-10-17 00:00:00+09:00,87357.25730536118,87640.42064453785,85375.0807474022,85941.4140625,8412,0.0,0.0
2022-10-18 00:00:00+09:00,86507.77695378348,86790.94036804716,84667.18157733844,85658.2734375,9888,0.0,0.0
2022-10-19 00:00:00+09:00,85658.2734375,86932.52871192522,85233.52167935825,85658.2734375,8079,0.0,0.0
2022-10-20 00:00:00+09:00,85516.67204883535,86366.17543553485,85375.0903633005,86224.59375,8013,0.0,0.0
2022-10-21 00:00:00+09:00,86366.18315008028,86649.35318318897,85233.5162911371,85516.6796875,8169,0.0,0.0
2022-10-24 00:00:00+09:00,85516.6815233124,86507.77334209601,85091.92978290399,85799.8515625,6549,0.0,0.0
2022-10-25 00:00:00+09:00,86083.01997275813,86932.5234375,85799.8499389289,86932.5234375,9474,0.0,0.0
2022-10-26 00:00:00+09:00,87357.27083824057,89197.859375,87215.68250997373,89197.859375,17490,0.0,0.0
2022-10-27 00:00:00+09:00,88914.69550241882,90472.12076380974,88631.53209979934,90330.5390625,13626,0.0,0.0
2022-10-28 00:00:00+09:00,89905.78376790193,90613.69888321309,89197.86201584506,90472.1171875,12513,0.0,0.0
2022-10-31 00:00:00+09:00,90472.11533487332,90755.28535724663,89339.44188212561,90188.9453125,13398,0.0,0.0
2022-11-01 00:00:00+09:00,90613.6998977528,92879.046875,89905.78477451559,92879.046875,11811,0.0,0.0
2022-11-02 00:00:00+09:00,93303.78797094748,93303.78797094748,91180.02956976312,91604.78125,10758,0.0,0.0
2022-11-04 00:00:00+09:00,91321.62922846433,92454.30281098862,91038.45917364668,91463.2109375,8313,0.0,0.0
2022-11-07 00:00:00+09:00,92171.11802429997,92171.11802429997,90047.3595444774,90755.28125,10179,0.0,0.0
2022-11-08 00:00:00+09:00,90896.8690339463,91746.3724828617,90613.69900539261,91180.0390625,6888,0.0,0.0
2022-11-09 00:00:00+09:00,91038.44462281285,91463.19631877737,90613.69292684834,90755.28125,3858,0.0,0.0
2022-11-10 00:00:00+09:00,90896.875,91180.04504713968,90472.12324766355,90896.875,3696,0.0,0.0
2022-11-11 00:00:00+09:00,92029.53804310571,93020.62313980494,91887.94971733056,92737.453125,6585,0.0,0.0
2022-11-14 00:00:00+09:00,92737.44719081486,93162.1988674701,91746.36215753425,93020.6171875,5688,0.0,0.0
2022-11-15 00:00:00+09:00,92879.05036419463,93586.96551402615,92029.546875,92029.546875,5835,0.0,0.0
2022-11-16 00:00:00+09:00,92595.87143597021,93162.20482883473,92312.70142116527,92737.453125,4056,0.0,0.0
2022-11-17 00:00:00+09:00,93020.6171875,93586.95054412536,92737.44719081486,93020.6171875,4392,0.0,0.0
2022-11-18 00:00:00+09:00,93162.2163442237,93445.38639403011,92312.7128315507,93303.8046875,7293,0.0,0.0
2022-11-21 00:00:00+09:00,93870.1285670759,94578.05030094639,93445.3768541027,93728.546875,8622,0.0,0.0
2022-11-22 00:00:00+09:00,93870.12585255249,94153.29586526113,92454.2890625,92454.2890625,6666,0.0,0.0
2022-11-24 00:00:00+09:00,92879.0355075299,93728.5388608404,92737.44719081486,93020.6171875,7917,0.0,0.0
2022-11-25 00:00:00+09:00,93020.62245117193,93445.37415186221,92029.53736180971,92454.2890625,9915,0.0,0.0
2022-11-28 00:00:00+09:00,92879.046875,93303.79860364064,92312.70681231533,92879.046875,10929,0.0,0.0
2022-11-29 00:00:00+09:00,92879.03269064332,93303.78435441646,91463.18938690299,91746.359375,9366,0.0,0.0
2022-11-30 00:00:00+09:00,91887.94801474188,92312.6997107064,90755.28125,90755.28125,22050,0.0,0.0
2022-12-01 00:00:00+09:00,90896.8725044849,91887.95768714497,89905.78732182483,90330.5390625,12771,0.0,0.0
2022-12-02 00:00:00+09:00,91180.04751942866,91746.38099231766,90613.70740979335,91463.2109375,7974,0.0,0.0
2022-12-05 00:00:00+09:00,91321.619711133,92171.12315030632,91180.03801685265,91887.953125,5385,0.0,0.0
2022-12-06 00:00:00+09:00,92029.54145602597,92171.12315030632,91180.03801685265,91887.953125,4959,0.0,0.0
2022-12-07 00:00:00+09:00,92029.546875,92454.29861959732,91746.37683301979,92029.546875,8868,0.0,0.0
2022-12-08 00:00:00+09:00,92029.54330287839,92171.125,91038.45151278982,92171.125,7047,0.0,0.0
2022-12-09 00:00:00+09:00,92737.46116849528,92737.46116849528,90330.5390625,90330.5390625,6606,0.0,0.0
2022-12-12 00:00:00+09:00,90613.6953125,91038.44701964725,89905.78022508485,90613.6953125,4407,0.0,0.0
2022-12-13 00:00:00+09:00,90613.6970276872,90896.86705006052,89481.03021168504,90188.9453125,3987,0.0,0.0
2022-12-14 00:00:00+09:00,90472.1171875,91038.45060709807,89905.78376790193,90472.1171875,7350,0.0,0.0
2022-12-15 00:00:00+09:00,90755.28629726598,92029.54145602597,90330.53457767931,91887.953125,5475,0.0,0.0
2022-12-16 00:00:00+09:00,92029.53469214466,93870.12312949421,91887.94637152499,93586.953125,15051,0.0,0.0
2022-12-19 00:00:00+09:00,93020.63628387763,93020.63628387763,91463.2109375,91463.2109375,4293,0.0,0.0
2022-12-20 00:00:00+09:00,91463.19666313709,91746.36667376132,86507.76461605733,87215.6796875,14280,0.0,0.0
2022-12-21 00:00:00+09:00,88348.35426540284,90472.1127813981,87923.6025622038,89622.609375,9339,0.0,0.0
2022-12-22 00:00:00+09:00,89622.61190449892,90330.53364205944,89056.27849649783,90188.9453125,6993,0.0,0.0
2022-12-23 00:00:00+09:00,89905.77492706093,89905.77492706093,88348.34988038277,88773.1015625,4728,0.0,0.0
2022-12-26 00:00:00+09:00,88773.12141155258,89339.45490208876,87782.03614392763,88914.703125,4950,0.0,0.0
2022-12-27 00:00:00+09:00,88914.703125,89197.87318864134,87782.03614392763,88914.703125,3501,0.0,0.0
2022-12-28 00:00:00+09:00,88914.68412732887,89764.1875,88773.10244413206,89764.1875,3699,0.0,0.0
2022-12-29 00:00:00+09:00,89197.8629471914,89622.61467551136,88773.11121887145,89056.28125,3558,0.0,0.0
2022-12-30 00:00:00+09:00,89339.43492640795,89905.77492706093,88489.9315621735,88773.1015625,5196,0.0,0.0
2023-01-04 00:00:00+09:00,88489.93681789952,89056.27685218942,88065.18511055481,88206.7734375,3120,0.0,0.0
2023-01-05 00:00:00+09:00,88348.35326086957,88631.52327203105,86790.9281545994,87923.6015625,8508,0.0,0.0
2023-01-06 00:00:00+09:00,87640.44275804957,87640.44275804957,86366.1875,86366.1875,6795,0.0,0.0
2023-01-10 00:00:00+09:00,86507.76225307697,87357.265625,86507.76225307697,87357.265625,4269,0.0,0.0
2023-01-11 00:00:00+09:00,87640.44107759761,87782.02941694122,87215.68933305878,87498.859375,3489,0.0,0.0
2023-01-12 00:00:00+09:00,87074.09800056052,87357.26801118474,86507.76461605733,87215.6796875,4926,0.0,0.0
2023-01-13 00:00:00+09:00,86932.52253688208,87215.68593103194,85091.92729117932,85233.515625,9345,0.0,0.0
2023-01-16 00:00:00+09:00,85233.5191157324,86083.0226064648,84072.52658723411,84384.015625,10176,0.0,0.0
2023-01-17 00:00:00+09:00,84242.41933227354,84610.53968908629,83421.23491434011,83676.0859375,9609,0.0,0.0
2023-01-18 00:00:00+09:00,84214.11147787076,87357.27426485262,83959.26044108844,85233.515625,8010,0.0,0.0
2023-01-19 00:00:00+09:00,84525.58763415404,85233.50934082585,83959.25425086374,84100.8359375,14376,0.0,0.0
2023-01-20 00:00:00+09:00,83562.83089441885,84440.653447673,83421.24918069909,83647.78125,9039,0.0,0.0
2023-01-23 00:00:00+09:00,84072.52527442895,85091.92944738967,83845.99322601964,84355.6953125,4581,0.0,0.0
2023-01-24 00:00:00+09:00,84808.76992121652,85658.2734375,84808.76992121652,85658.2734375,4497,0.0,0.0
2023-01-25 00:00:00+09:00,85941.43074712038,86366.1824750909,85091.92729117932,85233.515625,5586,0.0,0.0
2023-01-26 00:00:00+09:00,85658.26391408182,86366.1790077818,84950.34218363636,86083.015625,10410,0.0,0.0
2023-01-27 00:00:00+09:00,86083.015625,86790.93071869998,85799.84560547271,86083.015625,10599,0.0,0.0
2023-01-30 00:00:00+09:00,86582.91511195689,87303.24113470719,86410.03740673965,87015.109375,4941,1745.0,0.0
2023-01-31 00:00:00+09:00,87159.17956389174,87159.17956389174,85257.52478615618,85315.1484375,6693,0.0,0.0
2023-02-01 00:00:00+09:00,85833.78635869898,86582.92088020338,85833.78635869898,85862.6015625,3432,0.0,0.0
2023-02-02 00:00:00+09:00,86121.91195392916,86323.59810694757,84998.20687583822,85545.6484375,5835,0.0,0.0
2023-02-03 00:00:00+09:00,85545.64948824634,86064.28260758168,85315.14813066466,85833.78125,3942,0.0,0.0
2023-02-06 00:00:00+09:00,86150.72085222205,87159.17863471825,86150.72085222205,86871.046875,3126,0.0,0.0
2023-02-07 00:00:00+09:00,86582.90921124179,87159.17269138321,85833.77479069981,85891.3984375,3669,0.0,0.0
2023-02-08 00:00:00+09:00,85862.58998412656,86208.34537097132,85343.95690385942,85747.3359375,2958,0.0,0.0
2023-02-09 00:00:00+09:00,85516.84678164955,85747.3481547094,84681.26664236537,85113.4609375,5370,0.0,0.0
2023-02-10 00:00:00+09:00,85055.83218113531,85055.83218113531,84508.38385578692,84940.578125,5043,0.0,0.0
2023-02-13 00:00:00+09:00,84796.50943275154,84998.20232801371,84191.4375,84191.4375,2259,0.0,0.0
2023-02-14 00:00:00+09:00,84249.05952972088,84652.4453125,84220.25108311868,84652.4453125,2763,0.0,0.0
2023-02-15 00:00:00+09:00,84162.62558644485,84162.62558644485,82866.04282277297,82981.296875,4680,0.0,0.0
2023-02-16 00:00:00+09:00,83298.234375,83672.80496780972,82866.0401344638,83298.234375,4563,0.0,0.0
2023-02-17 00:00:00+09:00,83067.73947088102,83701.62665715453,82318.60498021997,83384.6796875,4194,0.0,0.0
2023-02-20 00:00:00+09:00,83269.42833688992,83528.74488871446,83125.35908385283,83499.9296875,2472,0.0,0.0
2023-02-21 00:00:00+09:00,83269.42727485839,83471.11342168167,83010.11072634123,83067.734375,4566,0.0,0.0
2023-02-22 00:00:00+09:00,83038.92292047285,83586.37124305239,83038.92292047285,83471.1171875,6246,0.0,0.0
2023-02-24 00:00:00+09:00,83442.3091657247,84998.20853499076,83211.80105343943,84796.515625,10164,0.0,0.0
2023-02-27 00:00:00+09:00,85228.72382654352,85545.66409145154,84623.65175069585,85401.6015625,5958,0.0,0.0
2023-02-28 00:00:00+09:00,85142.26832800111,85228.70717909554,84450.75751924577,84825.328125,6105,0.0,0.0
2023-03-01 00:00:00+09:00,84998.21055025815,84998.21055025815,83240.61822932966,83528.75,7941,0.0,0.0
2023-03-02 00:00:00+09:00,83845.68885448917,84076.19021544843,83125.36281606763,83759.25,5079,0.0,0.0
2023-03-03 00:00:00+09:00,83903.30710150629,84364.3165467626,83701.62095604766,84105.0,4476,0.0,0.0
2023-03-06 00:00:00+09:00,84105.00983319782,85113.4609375,83960.9473191649,85113.4609375,5046,0.0,0.0
2023-03-07 00:00:00+09:00,85113.4626845886,85113.4626845886,84076.19635497397,84220.265625,3696,0.0,0.0
2023-03-08 00:00:00+09:00,84220.2701010567,84421.95628495456,83240.62737556577,83442.3203125,5220,0.0,0.0
2023-03-09 00:00:00+09:00,83644.00475950797,84220.26835220052,83615.1963069987,84047.390625,2844,0.0,0.0
2023-03-10 00:00:00+09:00,83845.69125220671,84335.50919064069,83586.37468132359,83960.9453125,6192,0.0,0.0
2023-03-13 00:00:00+09:00,83816.87365198095,84018.5665634675,82894.86145510836,83759.25,6435,0.0,0.0
2023-03-14 00:00:00+09:00,83413.4878721766,84998.20232801371,82750.79229207942,84191.4375,6714,0.0,0.0
2023-03-15 00:00:00+09:00,84738.8895694796,86064.28078886021,83643.99294977443,84306.6953125,11697,0.0,0.0
2023-03-16 00:00:00+09:00,83672.80681237219,85804.96286167574,83211.79736129231,84537.1953125,12309,0.0,0.0
2023-03-17 00:00:00+09:00,84393.13582059943,85055.83144329897,83413.49323453609,83845.6875,13911,0.0,0.0
2023-03-20 00:00:00+09:00,83672.80632154006,84623.63366610302,82606.72492662443,83067.734375,8217,0.0,0.0
2023-03-22 00:00:00+09:00,83499.92777700994,84738.88685839134,83384.67372782434,84479.5703125,8583,0.0,0.0
2023-03-23 00:00:00+09:00,84191.45178212083,84537.20723091804,83442.31722740558,84133.828125,5901,0.0,0.0
2023-03-24 00:00:00+09:00,84133.81491797822,84767.69530591146,84076.1845168679,84479.5703125,5310,0.0,0.0
2023-03-27 00:00:00+09:00,84479.57436359841,85372.77134025497,84364.32030888596,84508.3828125,8046,0.0,0.0
2023-03-28 00:00:00+09:00,84710.06895873924,85228.70203399681,83845.68049997659,84652.4453125,6696,0.0,0.0
2023-03-29 00:00:00+09:00,84825.33082729453,85574.46530963303,83845.68823267074,84796.515625,7608,0.0,0.0
2023-03-30 00:00:00+09:00,84854.14947424873,85343.97420694504,84018.57603764365,84998.21875,6567,0.0,0.0
2023-03-31 00:00:00+09:00,85660.89763796948,85660.89763796948,84508.37742344664,84854.1328125,7386,0.0,0.0
2023-04-03 00:00:00+09:00,85603.28134221047,88455.76354686501,85027.01780894345,87591.375,8907,0.0,0.0
2023-04-04 00:00:00+09:00,87591.36719354038,88023.56142845417,86726.97872371279,87735.4296875,10479,0.0,0.0
2023-04-05 00:00:00+09:00,87447.2890625,88167.61496518778,87015.09487149418,87447.2890625,8313,0.0,0.0
2023-04-06 00:00:00+09:00,87447.31046860412,87591.37973622873,86323.60529691877,86582.921875,6057,0.0,0.0
2023-04-07 00:00:00+09:00,86582.91511528175,87015.10937834144,86035.47355076302,86871.046875,6933,0.0,0.0
2023-04-10 00:00:00+09:00,86438.86040181528,87015.11722014874,86438.86040181528,86726.9921875,1314,0.0,0.0
2023-04-11 00:00:00+09:00,86726.97872371279,88023.56142845417,86726.97872371279,87735.4296875,8289,0.0,0.0
2023-04-12 00:00:00+09:00,87879.5,88311.69427336563,87591.3749864466,87879.5,5481,0.0,0.0
2023-04-13 00:00:00+09:00,87879.49431659069,88887.95205791443,87735.4318191309,88455.7578125,4272,0.0,0.0
2023-04-14 00:00:00+09:00,90040.46769504495,90040.46769504495,88455.75992601785,89320.1484375,5430,0.0,0.0
2023-04-17 00:00:00+09:00,89320.16305198299,89320.16305198299,88455.77439907037,89032.03125,4695,0.0,0.0
2023-04-18 00:00:00+09:00,89176.07918266377,89896.40519323671,89176.07918266377,89464.2109375,5706,0.0,0.0
2023-04-19 00:00:00+09:00,89320.14843570192,89896.40519233333,89176.07918176764,89608.2734375,2970,0.0,0.0
2023-04-20 00:00:00+09:00,89320.14843659951,89896.40519323671,89176.07918266377,89464.2109375,3471,0.0,0.0
2023-04-21 00:00:00+09:00,89464.21669207317,89608.27920224014,88599.828125,88599.828125,3306,0.0,0.0
2023-04-24 00:00:00+09:00,89032.01668086859,89896.40519233333,88743.88492603526,89608.2734375,3819,0.0,0.0
2023-04-25 00:00:00+09:00,89608.27553931673,90328.60156677812,89608.27553931673,90184.5390625,3117,0.0,0.0
2023-04-26 00:00:00+09:00,90040.46980518648,90760.79583264787,89752.34479663025,90184.5390625,4620,0.0,0.0
2023-04-27 00:00:00+09:00,90328.60156677812,90472.66407105624,89752.34479663025,90184.5390625,4281,0.0,0.0
2023-04-28 00:00:00+09:00,91769.25305252074,93209.90520452161,91192.9962435419,93065.8359375,7506,0.0,0.0
2023-05-01 00:00:00+09:00,93930.21557440222,93930.21557440222,92057.37605895632,92345.5078125,3849,0.0,0.0
2023-05-02 00:00:00+09:00,91913.32030167701,92633.6396088277,91048.93173066762,92057.3828125,4797,0.0,0.0
2023-05-08 00:00:00+09:00,92633.6328125,92921.7645660421,92057.37605845102,92633.6328125,5487,0.0,0.0
2023-05-09 00:00:00+09:00,92345.5145763418,92921.77137260184,92057.38280169392,92201.4453125,7755,0.0,0.0
2023-05-10 00:00:00+09:00,92201.4453125,92633.63959795397,91337.05674159208,92201.4453125,5571,0.0,0.0
2023-05-11 00:00:00+09:00,92057.37392821423,92201.43642513402,91048.92294370558,91481.1171875,3774,0.0,0.0
2023-05-12 00:00:00+09:00,91192.99424149061,92057.3828125,90904.86246680892,92057.3828125,4617,0.0,0.0
2023-05-15 00:00:00+09:00,91625.18388656336,93209.8984375,91192.9896229475,93209.8984375,6237,0.0,0.0
2023-05-16 00:00:00+09:00,92633.61940938597,93786.13950376157,92345.49445056774,93353.9453125,3351,0.0,0.0
2023-05-17 00:00:00+09:00,93065.83388340792,93353.96565805581,91769.25102704603,92201.4453125,6531,0.0,0.0
2023-05-18 00:00:00+09:00,92057.37285728935,92057.37285728935,91048.92188451224,91337.046875,4794,0.0,0.0
2023-05-19 00:00:00+09:00,91337.04793754515,92057.37392821423,91048.92294370558,91481.1171875,6138,0.0,0.0
2023-05-22 00:00:00+09:00,91337.046875,91913.31036204548,91048.92188451224,91337.046875,2841,0.0,0.0
2023-05-23 00:00:00+09:00,91192.99219509019,91481.12396330612,90616.7354116939,91048.9296875,2934,0.0,0.0
2023-05-24 00:00:00+09:00,91337.05365176595,91625.18541666667,90616.73436906739,90760.796875,3978,0.0,0.0
2023-05-25 00:00:00+09:00,90184.53694716666,90472.66194896474,89320.14843570192,89608.2734375,4857,0.0,0.0
2023-05-26 00:00:00+09:00,89608.27553931673,90472.66407105624,89464.21303503861,90184.5390625,5199,0.0,0.0
2023-05-29 00:00:00+09:00,90184.54113588778,91192.99219509019,90040.47187526202,91048.9296875,3837,0.0,0.0
2023-05-30 00:00:00+09:00,91048.92187976363,91192.984375,90184.53340227548,91192.984375,4890,0.0,0.0
2023-05-31 00:00:00+09:00,90760.78984588463,94074.28125,90184.5331137478,94074.28125,15108,0.0,0.0
2023-06-01 00:00:00+09:00,91913.31926222943,92921.77033265724,90760.79892957219,91769.25,12705,0.0,0.0
2023-06-02 00:00:00+09:00,91625.1875,91913.31927145213,90904.8614478875,91625.1875,6411,0.0,0.0
2023-06-05 00:00:00+09:00,92201.4252181244,93498.00779190911,91481.1060680446,93353.9453125,4899,0.0,0.0
2023-06-06 00:00:00+09:00,92777.70417388414,93209.8984375,92201.44065370606,93209.8984375,3927,0.0,0.0
2023-06-07 00:00:00+09:00,93353.95988372093,93353.95988372093,92345.50886438387,92921.765625,9975,0.0,0.0
2023-06-08 00:00:00+09:00,92921.77241530373,92921.77241530373,91625.18954439252,92489.578125,8091,0.0,0.0
2023-06-09 00:00:00+09:00,93065.83021826622,94074.2880133006,92777.70520800106,93786.15625,6480,0.0,0.0
2023-06-12 00:00:00+09:00,93930.21876028094,94218.35052359734,93065.83022336721,93642.09375,3288,0.0,0.0
2023-06-13 00:00:00+09:00,93930.21449246848,93930.21449246848,91769.24324837001,91913.3125,4506,0.0,0.0
2023-06-14 00:00:00+09:00,92345.5135521125,92489.57606132075,91337.05572854787,91625.1875,3933,0.0,0.0
2023-06-15 00:00:00+09:00,91913.32029088783,93065.83388340792,91913.32029088783,92201.4453125,5016,0.0,0.0
2023-06-16 00:00:00+09:00,92057.37605845102,92633.6328125,91625.18180465547,92633.6328125,5865,0.0,0.0
2023-06-19 00:00:00+09:00,93065.83492772638,93065.83492772638,91913.32132227361,92489.578125,2784,0.0,0.0
2023-06-20 00:00:00+09:00,91913.31355870208,92489.57031275424,91913.31355870208,92345.5078125,3372,0.0,0.0
2023-06-21 00:00:00+09:00,92057.38280169392,92489.57708714787,91625.18851623996,92201.4453125,3501,0.0,0.0
2023-06-22 00:00:00+09:00,92057.38177142323,92057.38177142323,91625.18749080622,91769.25,3057,0.0,0.0
2023-06-23 00:00:00+09:00,91625.17753628115,91913.30927640059,90904.8515625,90904.8515625,4560,0.0,0.0
2023-06-26 00:00:00+09:00,91192.984375,91625.17861374406,90760.79013625592,91192.984375,4083,0.0,0.0
2023-06-27 00:00:00+09:00,91625.17861374406,91625.17861374406,90472.65839274821,91192.984375,4341,0.0,0.0
2023-06-28 00:00:00+09:00,91337.05572854787,91913.31927145213,91048.93071013138,91625.1875,5961,0.0,0.0
2023-06-29 00:00:00+09:00,91481.1150297002,91625.17752322194,90472.65731594336,90616.7265625,6111,0.0,0.0
2023-06-30 00:00:00+09:00,90472.66301080486,90472.66301080486,89320.14948401545,90040.46875,5178,0.0,0.0
2023-07-03 00:00:00+09:00,90472.65731594336,90760.78905602173,90040.46308234327,90616.7265625,4302,0.0,0.0
2023-07-04 00:00:00+09:00,90616.73226643003,90760.79476901986,89464.2119866053,90040.46875,4863,0.0,0.0
2023-07-05 00:00:00+09:00,89608.2744917767,90040.468752594,89320.1494865887,89896.40625,4653,0.0,0.0
2023-07-06 00:00:00+09:00,89320.1484375,89464.21093840194,88887.95418175892,89320.1484375,3855,0.0,0.0
2023-07-07 00:00:00+09:00,89032.03125,89464.22557645632,88599.83692354368,89032.03125,4284,0.0,0.0
2023-07-10 00:00:00+09:00,87879.50206809379,88743.89063516696,87591.37704775986,88599.828125,8427,0.0,0.0
2023-07-11 00:00:00+09:00,88167.63280402815,88599.82708247927,87591.3760171052,88311.6953125,7314,0.0,0.0
2023-07-12 00:00:00+09:00,88311.68641637341,88311.68641637341,87591.36719354038,87735.4296875,4212,0.0,0.0
2023-07-13 00:00:00+09:00,87735.4318191309,88599.82030995979,87447.30007117626,88455.7578125,5016,0.0,0.0
2023-07-14 00:00:00+09:00,88455.75992601785,89320.1484375,88167.62817117873,89320.1484375,6324,0.0,0.0
2023-07-18 00:00:00+09:00,89320.15209373004,89464.21460052903,87447.30574016548,87591.375,8940,0.0,0.0
2023-07-19 00:00:00+09:00,88023.57029555632,88599.82708247927,87447.30675559776,88311.6953125,4416,0.0,0.0
2023-07-20 00:00:00+09:00,87879.5,88599.82603995455,87735.43749322329,87879.5,4845,0.0,0.0
2023-07-21 00:00:00+09:00,87735.42077418196,88023.55248586393,87303.22658317613,87447.2890625,5229,0.0,0.0
2023-07-24 00:00:00+09:00,87447.29794654583,88023.56142845417,87303.2354525862,87735.4296875,7128,0.0,0.0
2023-07-25 00:00:00+09:00,87879.49325552428,88311.68749572035,87591.36826408356,88167.625,6003,0.0,0.0
2023-07-26 00:00:00+09:00,88167.62606454534,88743.88280741956,87735.4318191309,88455.7578125,7119,0.0,0.0
2023-07-27 00:00:00+09:00,89896.40412539495,89896.40412539495,88455.75887439714,88887.953125,15063,0.0,0.0
2023-07-28 00:00:00+09:00,88492.66407200816,88639.1796875,87437.7846054503,88639.1796875,41283,1717.0,0.0
2023-07-31 00:00:00+09:00,89225.22342255677,89371.73217342448,88053.1328125,88053.1328125,7524,0.0,0.0
2023-08-01 00:00:00+09:00,87848.01933964722,88053.1302112617,86324.3022783571,86968.953125,6654,0.0,0.0
2023-08-02 00:00:00+09:00,86968.96189031698,87437.79267357754,86441.52210836971,86675.9375,3810,0.0,0.0
2023-08-03 00:00:00+09:00,86148.49293839469,86265.7040615595,85708.95981115797,85972.6796875,3450,0.0,0.0
2023-08-04 00:00:00+09:00,85328.02269919966,85738.25816703688,85240.11608004948,85503.8359375,6813,0.0,0.0
2023-08-07 00:00:00+09:00,85533.15130578094,86851.75076064908,85533.15130578094,86675.9375,4266,0.0,0.0
2023-08-08 00:00:00+09:00,86851.74070690524,87232.67168345113,86529.41872226162,87203.3671875,4293,0.0,0.0
2023-08-09 00:00:00+09:00,86793.14827415718,88785.69626411672,86353.61512433483,88492.671875,8028,0.0,0.0
2023-08-10 00:00:00+09:00,88053.14061843861,88639.1894092729,87906.63185458285,88199.65625,4179,0.0,0.0
2023-08-14 00:00:00+09:00,87906.62783382373,88199.65221583824,87261.97694047392,87320.5859375,3231,0.0,0.0
2023-08-15 00:00:00+09:00,87174.07278260392,87174.07278260392,86207.09984903394,86675.9375,3093,0.0,0.0
2023-08-16 00:00:00+09:00,86675.92913480372,87232.67336236229,86031.2782854046,86881.046875,4314,0.0,0.0
2023-08-17 00:00:00+09:00,86588.02381065802,86910.34580633581,86294.99944422962,86500.1171875,2214,0.0,0.0
2023-08-18 00:00:00+09:00,86500.10683652876,87232.66423108637,86060.57377333501,87115.453125,3855,0.0,0.0
2023-08-21 00:00:00+09:00,86968.95348668404,87584.29983949618,86294.99814084847,86734.53125,5445,0.0,0.0
2023-08-22 00:00:00+09:00,86998.25149837018,87437.7846094561,86763.83612835933,86793.140625,2544,0.0,0.0
2023-08-23 00:00:00+09:00,86881.0444667793,87437.78181120106,86558.71561716183,87379.1796875,3087,0.0,0.0
2023-08-24 00:00:00+09:00,87349.87298941101,88346.1502734375,87203.36425,87906.6171875,3219,0.0,0.0
2023-08-25 00:00:00+09:00,87906.629964472,88492.671875,87584.30794383743,88492.671875,3144,0.0,0.0
2023-08-28 00:00:00+09:00,88785.69436714395,89078.71875,88199.65246913719,89078.71875,2688,0.0,0.0
2023-08-29 00:00:00+09:00,89078.71500025441,89957.78124411314,88346.15750780377,89811.265625,6234,0.0,0.0
2023-08-30 00:00:00+09:00,89811.26376218717,90250.796875,89225.22190100502,90250.796875,5511,0.0,0.0
2023-08-31 00:00:00+09:00,89957.78312831756,89957.78312831756,88785.69248938761,89371.734375,7113,0.0,0.0
2023-09-01 00:00:00+09:00,89078.70909470983,89518.2421875,88492.66039251989,89518.2421875,4743,0.0,0.0
2023-09-04 00:00:00+09:00,89518.24310409531,89664.75184729064,88785.68565270936,89225.21875,4113,0.0,0.0
2023-09-05 00:00:00+09:00,88932.19753656149,90250.796875,88639.18003982287,90250.796875,5643,0.0,0.0
2023-09-06 00:00:00+09:00,90104.29093903187,90543.82406556373,89371.73343891039,89664.7578125,5805,0.0,0.0
2023-09-07 00:00:00+09:00,89811.26059048597,90397.30929867658,89225.21875,89225.21875,2556,0.0,0.0
2023-09-08 00:00:00+09:00,88932.1875,89371.72056320874,88639.17003633025,88932.1875,6690,0.0,0.0
2023-09-11 00:00:00+09:00,89078.72065323345,89371.73817464472,87906.629964472,88492.671875,2787,0.0,0.0
2023-09-12 00:00:00+09:00,88492.66593280816,88492.66593280816,87701.50631625346,88053.1328125,2196,0.0,0.0
2023-09-13 00:00:00+09:00,88199.64658047493,88932.19718714821,86646.62500950145,86793.140625,4572,0.0,0.0
2023-09-14 00:00:00+09:00,86617.32868165616,87056.86179934435,86207.09319334386,86412.2109375,5826,0.0,0.0
2023-09-15 00:00:00+09:00,86236.39565689237,87203.36849300432,86001.98028888805,86968.953125,6975,0.0,0.0
2023-09-19 00:00:00+09:00,86998.25149837018,87174.06474280455,86148.48977283904,86793.140625,3114,0.0,0.0
2023-09-20 00:00:00+09:00,86617.33151015805,86734.53576689892,85591.74962359175,85679.65625,3951,0.0,0.0
2023-09-21 00:00:00+09:00,85826.16331009024,86089.88316300511,85152.20799639364,85855.4609375,6819,0.0,0.0
2023-09-22 00:00:00+09:00,85679.65625,86148.49388007903,85328.02974436701,85679.65625,5778,0.0,0.0
2023-09-25 00:00:00+09:00,85650.36184466863,86031.2859949772,85005.7109375,85005.7109375,3429,0.0,0.0
2023-09-26 00:00:00+09:00,85035.01524815251,85328.03276809338,84771.29535958248,84976.40625,3921,0.0,0.0
2023-09-27 00:00:00+09:00,84976.40323873404,85738.26524607562,84976.40323873404,85679.65625,4590,0.0,0.0
2023-09-28 00:00:00+09:00,85621.05460060178,85621.05460060178,83716.41330700349,83745.7109375,7443,0.0,0.0
2023-09-29 00:00:00+09:00,84038.73857260212,85064.31363693776,83980.13644163324,84947.109375,8127,0.0,0.0
2023-10-02 00:00:00+09:00,85064.30825017234,85503.8413738689,84185.24200277923,84302.453125,3387,0.0,0.0
2023-10-03 00:00:00+09:00,84741.98643463894,84741.98643463894,83775.01356038476,84185.2421875,5148,0.0,0.0
2023-10-04 00:00:00+09:00,83745.70461882075,84390.35545668309,83042.45165668172,83540.59375,8820,0.0,0.0
2023-10-05 00:00:00+09:00,83687.10009152719,84390.3530334728,83452.68473344683,84038.7265625,6507,0.0,0.0
2023-10-06 00:00:00+09:00,83950.8258812435,84624.77437569737,83950.8258812435,84478.265625,3660,0.0,0.0
2023-10-10 00:00:00+09:00,84361.05796972627,85914.07963528397,84361.05796972627,85562.453125,3822,0.0,0.0
2023-10-11 00:00:00+09:00,85445.24237644512,85738.26675887791,85240.12462197164,85474.546875,3732,0.0,0.0
2023-10-12 00:00:00+09:00,85533.14938301225,86148.49578145119,85181.52286961857,85386.640625,4089,0.0,0.0
2023-10-13 00:00:00+09:00,85210.82123764764,85621.04985119047,84683.38150550479,84917.796875,8307,0.0,0.0
2023-10-16 00:00:00+09:00,84771.28548962441,85533.14056755515,83511.28832392332,83687.1015625,5826,0.0,0.0
2023-10-17 00:00:00+09:00,83833.61126282373,85445.23492408353,83775.00913853045,85240.1171875,4563,0.0,0.0
2023-10-18 00:00:00+09:00,85386.63318318698,85767.55729436073,84859.1934590651,85298.7265625,3150,0.0,0.0
2023-10-19 00:00:00+09:00,85298.73494516232,85884.77685143337,84976.40605916362,85093.6171875,4890,0.0,0.0
2023-10-20 00:00:00+09:00,84976.40371410003,85181.52146610177,83540.60005320348,83745.7109375,4017,0.0,0.0
2023-10-23 00:00:00+09:00,83892.22551086661,83892.22551086661,82163.390625,82163.390625,5259,0.0,0.0
2023-10-24 00:00:00+09:00,82368.50762256749,83130.36274997663,82163.38987500519,82339.203125,5499,0.0,0.0
2023-10-25 00:00:00+09:00,82339.20921775348,82808.046875,81782.47179671042,82808.046875,4905,0.0,0.0
2023-10-26 00:00:00+09:00,82690.8318991501,82808.04302493852,81196.41923309494,81811.765625,4899,0.0,0.0
2023-10-27 00:00:00+09:00,81899.67624588156,83218.27572140223,81899.67624588156,82837.3515625,9057,0.0,0.0
2023-10-30 00:00:00+09:00,82720.13189812354,82837.3430175365,81020.60157130758,81167.1171875,5169,0.0,0.0
2023-10-31 00:00:00+09:00,81284.32529985925,82661.53369833207,81108.51204624189,82016.8828125,7572,0.0,0.0
2023-11-01 00:00:00+09:00,82602.9248910793,82895.94927034742,81841.06974622847,81899.671875,5061,0.0,0.0
2023-11-02 00:00:00+09:00,82690.83441353109,83481.99408432297,82339.20789317915,83188.9765625,6840,0.0,0.0
2023-11-06 00:00:00+09:00,84068.03943664957,84302.45481809395,83540.59967762083,83833.6171875,5283,0.0,0.0
2023-11-07 00:00:00+09:00,83481.98363682648,83833.61011317352,82309.89996080605,83657.796875,10758,0.0,0.0
2023-11-08 00:00:00+09:00,83657.80563291401,83862.9233881579,83159.6703618421,83511.296875,4638,0.0,0.0
2023-11-09 00:00:00+09:00,83804.32144891974,83804.32144891974,83071.7639222748,83394.0859375,4176,0.0,0.0
2023-11-10 00:00:00+09:00,83687.11070029651,83862.92395807026,83247.57755586218,83452.6953125,5997,0.0,0.0
2023-11-13 00:00:00+09:00,83452.68787104826,83892.22097628955,83130.35901540147,83364.78125,2847,0.0,0.0
2023-11-14 00:00:00+09:00,83188.97542583941,83804.32182804747,82690.83328367691,83452.6953125,3750,0.0,0.0
2023-11-15 00:00:00+09:00,83511.2931315104,84741.98587239583,83481.98863415909,84390.359375,3966,0.0,0.0
2023-11-16 00:00:00+09:00,84741.98455738142,84741.98455738142,83921.52045362131,84624.7734375,2526,0.0,0.0
2023-11-17 00:00:00+09:00,84624.76987900742,84741.98099396008,83188.96634243429,83687.1015625,2706,0.0,0.0
2023-11-20 00:00:00+09:00,83833.62614439183,84097.34605208239,83218.2796931139,83716.421875,3912,0.0,0.0
2023-11-21 00:00:00+09:00,83687.11032169905,84155.94796287645,83364.78830647384,83394.0859375,3201,0.0,0.0
2023-11-22 00:00:00+09:00,83394.08442989999,83745.7109375,82954.55129539999,83745.7109375,3075,0.0,0.0
2023-11-24 00:00:00+09:00,84214.54298447863,85650.35341784697,84097.33186715117,85210.8203125,4893,0.0,0.0
2023-11-27 00:00:00+09:00,85210.82548762615,85796.86737444605,84859.19898199318,85679.65625,3741,0.0,0.0
2023-11-28 00:00:00+09:00,85679.65141989657,85708.95591628237,85093.6095661142,85122.9140625,3669,0.0,0.0
2023-11-29 00:00:00+09:00,85122.92168651045,85972.6834807593,84859.20179853265,85093.6171875,3378,0.0,0.0
2023-11-30 00:00:00+09:00,85064.29906649262,85650.34774662064,84185.23291400491,84536.859375,10254,0.0,0.0
2023-12-01 00:00:00+09:00,84683.37867614863,84829.88741872502,83657.796875,83657.796875,5520,0.0,0.0
2023-12-04 00:00:00+09:00,83687.11261670124,84829.8988183999,83687.11261670124,84741.9921875,5742,0.0,0.0
2023-12-05 00:00:00+09:00,84741.97709981524,84800.57922074631,83862.91094732753,84536.859375,3159,0.0,0.0
2023-12-06 00:00:00+09:00,84536.86047417528,85064.30017252585,83921.51415943295,84273.140625,2925,0.0,0.0
2023-12-07 00:00:00+09:00,84097.3320285669,84126.63652488119,82925.24832386182,83247.5703125,4317,0.0,0.0
2023-12-08 00:00:00+09:00,83071.76505399572,83364.78944218677,82749.4430343794,83276.8828125,6018,0.0,0.0
2023-12-11 00:00:00+09:00,83628.50819194138,83716.41482043055,83247.57717925315,83394.0859375,2427,0.0,0.0
2023-12-12 00:00:00+09:00,83716.40642797043,84097.33053476617,83218.2643379996,83599.1953125,3579,0.0,0.0
2023-12-13 00:00:00+09:00,83599.20483211633,83599.20483211633,82749.4430343794,83276.8828125,3093,0.0,0.0
2023-12-14 00:00:00+09:00,83188.96690060914,84038.72860352989,83101.06028073098,83628.5,4380,0.0,0.0
2023-12-15 00:00:00+09:00,83628.50487009864,83687.10699752855,82280.60099757009,82339.203125,11991,0.0,0.0
2023-12-18 00:00:00+09:00,82163.39213550028,82661.53426932727,81841.07012421037,81958.28125,6564,0.0,0.0
2023-12-19 00:00:00+09:00,81958.28125,82309.90775966363,81313.63035971492,81958.28125,6102,0.0,0.0
2023-12-20 00:00:00+09:00,81606.6558725606,81987.5800181777,81401.53811650923,81548.046875,4428,0.0,0.0
2023-12-21 00:00:00+09:00,81137.80725470798,81665.24695517194,80317.34320919587,80522.4609375,4668,0.0,0.0
2023-12-22 00:00:00+09:00,80522.4609375,80727.57866580413,79819.20800354803,80522.4609375,5334,0.0,0.0
2023-12-25 00:00:00+09:00,80522.47120667592,80727.58896113909,79965.7269403932,80024.3359375,4878,0.0,0.0
2023-12-26 00:00:00+09:00,79936.42224518616,80200.14210574466,79584.7957644415,79848.515625,5289,0.0,0.0
2023-12-27 00:00:00+09:00,80229.44950405663,81196.4224438589,79965.72961138327,81137.8203125,6225,0.0,0.0
2023-12-28 00:00:00+09:00,81196.42319227055,82983.86032610043,81196.42319227055,82837.3515625,5649,0.0,0.0
2023-12-29 00:00:00+09:00,83071.76279578882,83950.82906876013,82983.8561684917,83804.3203125,4947,0.0,0.0
2024-01-04 00:00:00+09:00,83833.60670029666,84068.02892012108,82309.89660995964,82749.4296875,5622,0.0,0.0
2024-01-05 00:00:00+09:00,82778.73142937457,84068.03309939084,82778.73142937457,83628.5,7185,0.0,0.0
2024-01-09 00:00:00+09:00,83628.49889385368,83980.12536871544,83101.05918156107,83892.21875,4293,0.0,0.0
2024-01-10 00:00:00+09:00,83599.20369320987,84185.24559390261,83394.0859375,83394.0859375,3885,0.0,0.0
2024-01-11 00:00:00+09:00,83394.08574804559,83950.83001644738,83394.08574804559,83511.296875,3270,0.0,0.0
2024-01-12 00:00:00+09:00,83804.31267745266,84155.93915460602,83511.28832392332,83687.1015625,4461,0.0,0.0
2024-01-15 00:00:00+09:00,83657.79431025767,84302.44511969872,83657.79431025767,84273.140625,687,0.0,0.0
2024-01-16 00:00:00+09:00,84712.67446313809,84712.67446313809,84155.93713282354,84243.84375,2457,0.0,0.0
2024-01-17 00:00:00+09:00,84009.42372237501,84654.07455442657,83364.77975802809,83569.890625,4788,0.0,0.0
2024-01-18 00:00:00+09:00,83511.28510193402,83599.19171783078,82632.21894296628,82661.5234375,4968,0.0,0.0
2024-01-19 00:00:00+09:00,83042.45979922437,83452.6953125,82983.85766920159,83452.6953125,3000,0.0,0.0
2024-01-22 00:00:00+09:00,83423.39309936397,84654.0859375,83188.97770514467,84654.0859375,3369,0.0,0.0
2024-01-23 00:00:00+09:00,84595.46946357272,84654.07158526576,84097.32739221648,84273.140625,4725,0.0,0.0
2024-01-24 00:00:00+09:00,84390.36031114875,84566.17356179697,83687.10730855583,84097.3359375,5430,0.0,0.0
2024-01-25 00:00:00+09:00,83628.50373113876,83980.13022633946,82280.59987696768,82602.921875,6399,0.0,0.0
2024-01-26 00:00:00+09:00,82925.24924606466,83188.96911271183,82573.62275720178,82954.546875,3612,0.0,0.0
2024-01-29 00:00:00+09:00,82134.09224998963,82837.34525001036,81987.5766298486,82485.71875,20217,0.0,0.0
2024-01-30 00:00:00+09:00,82373.15071253909,82522.43619134679,81716.31979692257,82074.59375,8364,1741.0,0.0
2024-01-31 00:00:00+09:00,82044.73813105017,82223.87511386904,81298.33170345867,81447.6171875,8310,0.0,0.0
2024-02-01 00:00:00+09:00,80701.20545657015,81358.04334958762,80432.5,80432.5,10902,0.0,0.0
2024-02-02 00:00:00+09:00,80671.35466057529,81358.05111347705,80342.93918149527,81208.765625,7944,0.0,0.0
2024-02-05 00:00:00+09:00,80969.91484118291,82343.30068501367,80820.63635724806,81776.03125,6321,0.0,0.0
2024-02-06 00:00:00+09:00,81626.75224731644,82194.01468118682,81208.76129889401,82134.3046875,5061,0.0,0.0
2024-02-07 00:00:00+09:00,81865.61380691842,82253.74632888816,80910.21875,80910.21875,5769,0.0,0.0
2024-02-08 00:00:00+09:00,81238.62170836517,82014.87963473421,81059.48472554628,81447.6171875,4245,0.0,0.0
2024-02-09 00:00:00+09:00,81507.328125,81507.328125,81507.328125,81507.328125,2391,0.0,0.0
2024-02-13 00:00:00+09:00,81805.89541361296,82074.60090183555,80790.78345892581,81298.3359375,6012,0.0,0.0
2024-02-14 00:00:00+09:00,80910.20370658071,80940.05520442392,80253.36579095747,80581.78125,6714,0.0,0.0
2024-02-15 00:00:00+09:00,80342.94040554775,80551.93589407657,79417.39695353579,79715.9609375,7704,0.0,0.0
2024-02-16 00:00:00+09:00,79506.95831144621,79566.67530140135,78133.5795030874,78611.2734375,11322,0.0,0.0
2024-02-19 00:00:00+09:00,78581.42262672311,78581.42262672311,76073.50495775895,76700.484375,11082,0.0,0.0
2024-02-20 00:00:00+09:00,77626.02627414597,77924.590255146,76730.34132868452,76969.1953125,9261,0.0,0.0
2024-02-21 00:00:00+09:00,77626.02170968874,77626.02170968874,76342.21136170859,76760.1953125,11985,0.0,0.0
2024-02-22 00:00:00+09:00,76282.49635822678,76401.92334622411,75177.82296002055,76103.359375,9990,0.0,0.0
2024-02-26 00:00:00+09:00,76999.04633652927,77596.17429483954,76521.35236692737,77357.3203125,7338,0.0,0.0
2024-02-27 00:00:00+09:00,77357.31520421657,78223.14858732966,77237.89521847128,77476.7421875,11310,0.0,0.0
2024-02-28 00:00:00+09:00,77536.45689515013,77655.88388569558,76760.19895045111,76939.3359375,12819,0.0,0.0
2024-02-29 00:00:00+09:00,76610.92518445711,76909.48218292273,75267.39769874493,76401.9296875,9555,0.0,0.0
2024-03-01 00:00:00+09:00,76401.9195385514,77028.89894859813,75595.8031542056,76670.625,7161,0.0,0.0
2024-03-04 00:00:00+09:00,76670.63265801586,77835.02310726144,76670.63265801586,77446.890625,6027,0.0,0.0
2024-03-05 00:00:00+09:00,77327.46327523532,77715.58872304985,76461.62989695165,77058.7578125,5076,0.0,0.0
2024-03-06 00:00:00+09:00,77626.02094482213,78939.69677300246,77237.89549346089,78641.1328125,9156,0.0,0.0
2024-03-07 00:00:00+09:00,79088.97761607142,79297.97309441755,77626.0232627253,78372.4296875,8232,0.0,0.0
2024-03-08 00:00:00+09:00,77626.02627414597,78253.00573596898,76819.90982323067,76969.1953125,12078,0.0,0.0
2024-03-11 00:00:00+09:00,76909.47709750006,77208.04107376296,76282.49764562496,76551.203125,5013,0.0,0.0
2024-03-12 00:00:00+09:00,76640.76606874612,76640.76606874612,75625.661218523,76252.640625,5805,0.0,0.0
2024-03-13 00:00:00+09:00,76640.76790174708,76640.76790174708,75536.09453846415,76342.2109375,9120,0.0,0.0
2024-03-14 00:00:00+09:00,76342.2174954157,77835.0234375,76103.36350645428,77835.0234375,8484,0.0,0.0
2024-03-15 00:00:00+09:00,78223.15701951597,79656.25298324732,77506.6090376503,79059.125,14898,0.0,0.0
2024-03-18 00:00:00+09:00,79984.66675640995,80313.08224185916,79178.5502941393,80104.09375,12705,0.0,0.0
2024-03-19 00:00:00+09:00,80163.7979229144,82701.5741189086,79835.38246132953,82134.3046875,9813,0.0,0.0
2024-03-21 00:00:00+09:00,82701.5779930547,83477.8359375,81985.03004509333,83477.8359375,9024,0.0,0.0
2024-03-22 00:00:00+09:00,83746.54363520218,83985.390625,82462.72619526905,83985.390625,7974,0.0,0.0
2024-03-25 00:00:00+09:00,83955.53176455709,84104.8102454015,83149.41537242864,83597.2578125,4737,0.0,0.0
2024-03-26 00:00:00+09:00,83597.26186265466,84373.51979720745,83268.83939233204,84194.3828125,8067,0.0,0.0
2024-03-27 00:00:00+09:00,84373.51393220364,85060.20332666927,83537.5390625,83537.5390625,8316,0.0,0.0
2024-03-28 00:00:00+09:00,83746.54031109795,84015.24578803196,81895.46046917653,82283.5859375,7176,0.0,0.0
2024-03-29 00:00:00+09:00,82791.1482527778,82791.1482527778,81208.7668355796,81626.7578125,3705,0.0,0.0
2024-04-01 00:00:00+09:00,81805.89175000825,82253.734210323,80760.9213442482,81119.1953125,4563,0.0,0.0
2024-04-02 00:00:00+09:00,81477.458168395,81477.458168395,79895.08402360881,80551.921875,4548,0.0,0.0
2024-04-03 00:00:00+09:00,80522.06810722644,80551.92660143993,79477.10478020887,80044.3671875,4995,0.0,0.0
2024-04-04 00:00:00+09:00,80133.9429577636,80402.6484375,79984.66446820067,80402.6484375,3705,0.0,0.0
2024-04-05 00:00:00+09:00,79924.94482028269,80611.63418639496,79626.38087967236,80283.21875,4476,0.0,0.0
2024-04-08 00:00:00+09:00,80551.93765883011,81925.31662056869,80133.94667261501,81716.328125,3429,0.0,0.0
2024-04-09 00:00:00+09:00,81985.01704629028,82880.70183923031,81567.02614455998,82462.7109375,2844,0.0,0.0
2024-04-10 00:00:00+09:00,82761.28374843876,83000.13071967331,81686.4618815759,81746.171875,3183,0.0,0.0
2024-04-11 00:00:00+09:00,81656.60338609476,81865.59885938639,80850.48698594763,81746.171875,4911,0.0,0.0
2024-04-12 00:00:00+09:00,81805.88673897956,81805.88673897956,79626.38456644058,80492.2109375,6417,0.0,0.0
2024-04-15 00:00:00+09:00,80313.07735067699,80641.49981366354,79357.68245275777,79506.9609375,3882,0.0,0.0
2024-04-16 00:00:00+09:00,79715.96313604749,81059.49060463256,79596.5361396603,80223.515625,4281,0.0,0.0
2024-04-17 00:00:00+09:00,80581.78429701514,81358.04922597842,80163.80033356152,81089.34375,3558,0.0,0.0
2024-04-18 00:00:00+09:00,81089.34156862386,81238.62005208334,80611.640625,80611.640625,2964,0.0,0.0
2024-04-19 00:00:00+09:00,80432.49673059466,81059.47610377302,80342.92824871204,80641.4921875,4068,0.0,0.0
2024-04-22 00:00:00+09:00,82104.44842458988,83418.12430172913,81746.17445764979,82641.859375,7539,0.0,0.0
2024-04-23 00:00:00+09:00,82850.85538798461,83537.54482985869,82194.01744518867,82283.5859375,5850,0.0,0.0
2024-04-24 00:00:00+09:00,82671.71840336194,82671.71840336194,81865.60197255993,82283.5859375,3336,0.0,0.0
2024-04-25 00:00:00+09:00,82492.58088795443,83238.98731825908,82074.59692570381,82641.859375,3582,0.0,0.0
2024-04-26 00:00:00+09:00,82403.01296542553,84194.3828125,82403.01296542553,84194.3828125,4563,0.0,0.0
2024-04-30 00:00:00+09:00,83597.26514127088,84343.6646084661,83238.99115780478,83985.390625,6171,0.0,0.0
2024-05-01 00:00:00+09:00,84104.82181279006,84343.66881449865,83209.13680945897,83806.2578125,3702,0.0,0.0
2024-05-02 00:00:00+09:00,83955.53365928734,84552.65459367908,83656.96969332232,83716.6796875,4317,0.0,0.0
2024-05-07 00:00:00+09:00,84612.3722477274,84612.3722477274,83895.82426257363,84463.09375,4539,0.0,0.0
2024-05-08 00:00:00+09:00,84582.515625,84701.93561693514,83985.38767517034,84582.515625,5310,0.0,0.0
2024-05-09 00:00:00+09:00,84582.5216240733,84910.93712149576,84194.3891289093,84492.953125,4512,0.0,0.0
2024-05-10 00:00:00+09:00,84761.66244366931,84761.66244366931,82104.45885300277,82761.296875,8805,0.0,0.0
2024-05-13 00:00:00+09:00,83029.99980879274,84104.82181279006,82850.86280812652,83806.2578125,3300,0.0,0.0
2024-05-14 00:00:00+09:00,83806.2521562845,84463.09011357598,83686.8321622596,84283.953125,3099,0.0,0.0
2024-05-15 00:00:00+09:00,84074.95689495496,84104.8153919662,83029.99347002414,83477.8359375,3984,0.0,0.0
2024-05-16 00:00:00+09:00,83567.40078125,84104.81171875,82820.99436887614,83298.6953125,3651,0.0,0.0
2024-05-17 00:00:00+09:00,83059.84651981088,83597.25744553746,82403.00861141013,83209.125,4002,0.0,0.0
2024-05-20 00:00:00+09:00,83567.4040239878,83567.4040239878,82641.86059653261,83059.8515625,4137,0.0,0.0
2024-05-21 00:00:00+09:00,83000.1438841175,83209.13939055736,82253.7443565481,82761.296875,3891,0.0,0.0
2024-05-22 00:00:00+09:00,82403.00095048315,82940.41182624717,82074.58552558429,82462.7109375,3711,0.0,0.0
2024-05-23 00:00:00+09:00,82194.01007423831,82761.27947385164,81507.3206939448,81895.453125,3921,0.0,0.0
2024-05-24 00:00:00+09:00,81895.4564083762,81895.4564083762,80880.34454666941,81686.4609375,2943,0.0,0.0
2024-05-27 00:00:00+09:00,81686.46510989011,81686.46510989011,80940.05867366849,81507.328125,2814,0.0,0.0
2024-05-28 00:00:00+09:00,81626.75364333762,81805.890625,81149.05269305849,81805.890625,3879,0.0,0.0
2024-05-29 00:00:00+09:00,81746.1654656939,81925.30242945915,80044.36430992409,80641.4921875,5100,0.0,0.0
2024-05-30 00:00:00+09:00,80372.79051530536,80581.77898448492,79686.09412360685,80074.2265625,5673,0.0,0.0
2024-05-31 00:00:00+09:00,80462.36430605037,81268.48073398562,80313.07882103673,81089.34375,9489,0.0,0.0
2024-06-03 00:00:00+09:00,81268.47932760812,82104.44724004866,81029.62535473512,81417.7578125,4320,0.0,0.0
2024-06-04 00:00:00+09:00,81626.75659568941,82074.59906604333,80999.7771371939,81208.765625,4572,0.0,0.0
2024-06-05 00:00:00+09:00,81447.61954450437,82194.01899615745,81029.6285741385,81178.9140625,3210,0.0,0.0
2024-06-06 00:00:00+09:00,81208.76094156859,81955.16734829162,80492.21303032669,81746.171875,2979,0.0,0.0
2024-06-07 00:00:00+09:00,81596.8953211326,81716.32230834152,80611.6419198895,81059.484375,4032,0.0,0.0
2024-06-10 00:00:00+09:00,81059.48761141578,81119.19760863506,80163.8026654333,80820.640625,3669,0.0,0.0
2024-06-11 00:00:00+09:00,80790.7697973901,80969.90675924683,79835.375,79835.375,3444,0.0,0.0
2024-06-12 00:00:00+09:00,79835.38375534536,80163.79922225336,79626.38827774664,79895.09375,2139,0.0,0.0
2024-06-13 00:00:00+09:00,80253.36735628777,80283.22585225153,79477.10943907454,79506.9609375,5355,0.0,0.0
2024-06-14 00:00:00+09:00,79506.96544897118,80074.23491924157,78820.27598314607,79715.9609375,7113,0.0,0.0
2024-06-17 00:00:00+09:00,79715.95091477342,79805.51939894732,78909.83455720829,79238.25,3840,0.0,0.0
2024-06-18 00:00:00+09:00,79387.54545341646,79895.09792837079,79118.83996711028,79715.9609375,3453,0.0,0.0
2024-06-19 00:00:00+09:00,79477.11066631964,80313.0785908307,79477.11066631964,79924.953125,3969,0.0,0.0
2024-06-20 00:00:00+09:00,79805.52022640573,80880.34204763679,79775.66173219224,80044.3671875,2721,0.0,0.0
2024-06-21 00:00:00+09:00,79984.66785608229,80223.51484900745,79357.6883768073,79387.546875,6666,0.0,0.0
2024-06-24 00:00:00+09:00,79596.52796467209,80044.37040820463,79536.81797138047,79805.5234375,1407,0.0,0.0
2024-06-25 00:00:00+09:00,79865.23473094054,80551.93115389484,79865.23473094054,80253.3671875,3444,0.0,0.0
2024-06-26 00:00:00+09:00,80492.20489007694,80701.20034223267,79865.22553114728,80551.921875,3192,0.0,0.0
2024-06-27 00:00:00+09:00,80313.08116635204,80402.64966096045,78372.43278234961,78909.84375,5754,0.0,0.0
2024-06-28 00:00:00+09:00,79656.25242815,79895.09942126114,78760.56745705962,79417.3984375,4986,0.0,0.0
2024-07-01 00:00:00+09:00,79477.11321503275,79506.96471487645,78462.001276958,78909.84375,5736,0.0,0.0
2024-07-02 00:00:00+09:00,79148.68429633757,79148.68429633757,78103.72094344483,78581.421875,4764,0.0,0.0
2024-07-03 00:00:00+09:00,78611.27902798505,78611.27902798505,77805.16258410603,78103.7265625,4506,0.0,0.0
2024-07-04 00:00:00+09:00,78491.8566747747,78551.56666964285,77835.01874107143,78372.4296875,3372,0.0,0.0
2024-07-05 00:00:00+09:00,78044.01188903322,78760.55979620862,77536.4524564252,78641.1328125,5586,0.0,0.0
2024-07-08 00:00:00+09:00,79059.11573088083,80163.79607258747,78820.26876410835,79357.6796875,8067,0.0,0.0
2024-07-09 00:00:00+09:00,79417.3966200593,79566.6821101839,78641.13866205832,79327.828125,4719,0.0,0.0
2024-07-10 00:00:00+09:00,79029.2638645679,79387.53781182315,78760.55840412645,78969.546875,2838,0.0,0.0
2024-07-11 00:00:00+09:00,79029.2770589644,79417.40256826539,78879.99155765862,79208.4140625,3477,0.0,0.0
2024-07-12 00:00:00+09:00,79208.40519111144,80551.9325671525,78999.40971121447,79924.953125,6594,0.0,0.0
2024-07-16 00:00:00+09:00,80223.51491148134,80223.51491148134,79148.69294617289,79417.3984375,4341,0.0,0.0
2024-07-17 00:00:00+09:00,79417.39019394232,79417.39019394232,78820.26927437642,78999.40625,5046,0.0,0.0
2024-07-18 00:00:00+09:00,79148.697062962,79835.39357487457,78939.70855719662,79208.4140625,6897,0.0,0.0
2024-07-19 00:00:00+09:00,79417.39987114878,79715.96386608154,78641.14188137033,79088.984375,5538,0.0,0.0
2024-07-22 00:00:00+09:00,79118.84603690983,79118.84603690983,77685.75,77685.75,6345,0.0,0.0
2024-07-23 00:00:00+09:00,78103.72421428571,78491.8566747747,77685.74025513184,78372.4296875,6078,0.0,0.0
2024-07-24 00:00:00+09:00,78223.15686439643,78850.13634728556,77805.16587744441,77894.734375,5643,0.0,0.0
2024-07-25 00:00:00+09:00,77805.1558103307,78223.14674319938,77387.171875,77387.171875,5286,0.0,0.0
2024-07-26 00:00:00+09:00,77626.02722175066,78044.01819976098,76999.04775227391,77028.90625,8076,0.0,0.0
2024-07-29 00:00:00+09:00,77028.89983247069,77028.89983247069,76461.63040816846,76700.484375,19182,0.0,0.0
2024-07-30 00:00:00+09:00,76791.93854456457,78163.76758056281,76578.5476800379,77645.5234375,36942,1766.6666,0.0
2024-07-31 00:00:00+09:00,77919.88634367682,78621.04099876815,77554.06528103045,78102.796875,8493,0.0,0.0
2024-08-01 00:00:00+09:00,77736.98008362675,77980.85842381007,76578.54903657726,77919.890625,10836,0.0,0.0
2024-08-02 00:00:00+09:00,76700.48203701508,77432.12417773364,75755.44903521545,76365.1484375,10845,0.0,0.0
2024-08-05 00:00:00+09:00,75907.87879281746,76243.21242190097,73194.70799673002,73651.984375,18729,0.0,0.0
2024-08-06 00:00:00+09:00,76304.1796875,78803.95220709736,75115.26122368527,76304.1796875,13734,0.0,0.0
2024-08-07 00:00:00+09:00,75755.44860598474,77401.64341327417,75298.17227062657,76151.75,11445,0.0,0.0
2024-08-08 00:00:00+09:00,75694.47007177061,77493.09500210207,75694.47007177061,76974.84375,7497,0.0,0.0
2024-08-09 00:00:00+09:00,76974.84904101327,78133.28721185747,76182.23909118003,76212.7265625,13041,0.0,0.0
2024-08-13 00:00:00+09:00,76578.54229865232,78316.19228880729,76578.54229865232,77980.8515625,7497,0.0,0.0
2024-08-14 00:00:00+09:00,77889.40129857183,79230.75,77523.58022453557,79230.75,6858,0.0,0.0
2024-08-15 00:00:00+09:00,78682.02376142755,79535.6015625,78377.17046393405,79535.6015625,5922,0.0,0.0
2024-08-16 00:00:00+09:00,79718.50866049908,80358.69555605743,79261.23230652882,80145.3046875,5109,0.0,0.0
2024-08-19 00:00:00+09:00,80145.31032621411,80389.18868384224,79078.32732858605,79444.1484375,5502,0.0,0.0
2024-08-20 00:00:00+09:00,79566.08422095407,80053.84803843898,79413.66115390256,79870.9375,4974,0.0,0.0
2024-08-21 00:00:00+09:00,79840.44978945951,80328.21360548337,79444.1412423812,80084.328125,5724,0.0,0.0
2024-08-22 00:00:00+09:00,80206.2711054905,80206.2711054905,79230.75061546359,79870.9375,4650,0.0,0.0
2024-08-23 00:00:00+09:00,79992.86932741127,80480.6331219189,79444.13773794365,79901.4140625,5523,0.0,0.0
2024-08-26 00:00:00+09:00,80023.35296839407,80633.05232364872,79809.95497883095,80297.71875,5388,0.0,0.0
2024-08-27 00:00:00+09:00,80572.08915350657,81791.49507890752,80480.63388772507,81334.21875,6621,0.0,0.0
2024-08-28 00:00:00+09:00,81608.58048630238,82187.79237746717,81120.81671142578,81943.9140625,8466,0.0,0.0
2024-08-29 00:00:00+09:00,81700.0415323248,82492.65147079571,80815.96918120512,81029.3671875,6432,0.0,0.0
2024-08-30 00:00:00+09:00,80511.11962880768,80876.94068407686,79535.59205146151,79840.4453125,10332,0.0,0.0
2024-09-02 00:00:00+09:00,80541.60781801968,81608.59076336978,80541.60781801968,81273.25,7956,0.0,0.0
2024-09-03 00:00:00+09:00,81608.58083884402,81669.54863161361,80053.84139120972,80358.6875,5676,0.0,0.0
2024-09-04 00:00:00+09:00,80297.71520048515,80998.86978528097,79870.92638516708,80114.8046875,8664,0.0,0.0
2024-09-05 00:00:00+09:00,80480.63096895933,80998.87507461199,79962.38686330667,79992.8671875,8244,0.0,0.0
2024-09-06 00:00:00+09:00,80236.7591047821,80297.72690301525,79566.08474444564,79718.5078125,5142,0.0,0.0
2024-09-09 00:00:00+09:00,79566.08185498105,80694.03252346168,79474.62658848107,80175.78125,7971,0.0,0.0
2024-09-10 00:00:00+09:00,80694.03867121314,82888.96523443518,80480.64065147437,82706.0546875,11925,0.0,0.0
2024-09-11 00:00:00+09:00,82279.25269794044,82279.25269794044,80480.63483146067,81395.1875,9894,0.0,0.0
2024-09-12 00:00:00+09:00,83285.25583307158,84413.20644090665,83193.8005714888,84169.328125,11382,0.0,0.0
2024-09-13 00:00:00+09:00,84687.58122208041,85205.82537778886,84230.30486558969,84657.09375,13485,0.0,0.0
2024-09-17 00:00:00+09:00,84260.78669189403,84596.12028253762,83742.5354259672,84565.6328125,5871,0.0,0.0
2024-09-18 00:00:00+09:00,84992.43415918702,85297.28029896748,84382.72758974001,85236.3125,8397,0.0,0.0
2024-09-19 00:00:00+09:00,85175.34332284785,85297.27891880984,84504.66896528525,84961.9453125,5835,0.0,0.0
2024-09-20 00:00:00+09:00,84748.54516539542,85541.16224387876,84748.54516539542,85053.3984375,10137,0.0,0.0
2024-09-24 00:00:00+09:00,85053.40255377362,85205.82562473125,84382.72818066247,84443.703125,6207,0.0,0.0
2024-09-25 00:00:00+09:00,84413.20526030369,84809.51376993374,83468.1651888515,84321.75,8061,0.0,0.0
2024-09-26 00:00:00+09:00,84504.67632938053,84809.52963573753,84199.8230230235,84748.5546875,5163,0.0,0.0
2024-09-27 00:00:00+09:00,84748.54611485323,85358.25266589306,84565.63557852985,85114.3671875,6606,0.0,0.0
2024-09-30 00:00:00+09:00,83833.99079585365,84199.81185699183,83193.80393886182,83559.625,12753,0.0,0.0
2024-10-01 00:00:00+09:00,83986.42315486312,84016.90348077781,83010.89553685182,83468.171875,4350,0.0,0.0
2024-10-02 00:00:00+09:00,83193.81506083751,83620.61111918444,82614.6030665637,83315.7578125,6081,0.0,0.0
2024-10-03 00:00:00+09:00,82919.43572910172,84657.08571892256,82919.43572910172,84230.296875,6750,0.0,0.0
2024-10-04 00:00:00+09:00,84535.15013205462,85022.90676941117,84047.3863497557,84230.296875,7596,0.0,0.0
2024-10-07 00:00:00+09:00,84718.06496665846,84900.97550120688,83620.60175936793,84047.390625,5118,0.0,0.0
2024-10-08 00:00:00+09:00,84047.3849485975,84199.80800211256,83590.10864311003,83955.9296875,5415,0.0,0.0
2024-10-09 00:00:00+09:00,83986.42282846477,84687.57749591947,83833.99261971259,84047.390625,3282,0.0,0.0
2024-10-10 00:00:00+09:00,84047.39019168723,84169.33292907174,83590.1138576737,83833.9921875,3435,0.0,0.0
2024-10-11 00:00:00+09:00,83894.9652169374,84077.8757463748,83559.62448300712,83712.0546875,3855,0.0,0.0
2024-10-15 00:00:00+09:00,82187.80332022137,83163.33099985952,81821.98222659288,81913.4375,8346,0.0,0.0
2024-10-16 00:00:00+09:00,82004.88815116949,83010.89610194383,81364.701273404,82675.5625,5406,0.0,0.0
2024-10-17 00:00:00+09:00,83163.31986602816,83529.14091068087,82706.04356021229,82949.921875,5913,0.0,0.0
2024-10-18 00:00:00+09:00,83132.83625002413,83254.77898554043,82553.6171875,82553.6171875,3417,0.0,0.0
2024-10-21 00:00:00+09:00,82584.10955529602,83376.71952080143,82065.86540226669,83010.8984375,4665,0.0,0.0
2024-10-22 00:00:00+09:00,82949.93183464404,83102.35490656973,82157.32185771008,82858.4765625,6915,0.0,0.0
2024-10-23 00:00:00+09:00,82858.46940032858,83681.56677847754,82370.70560940763,83498.65625,5370,0.0,0.0
2024-10-24 00:00:00+09:00,83498.66684736316,83498.66684736316,82614.6015625,82614.6015625,4557,0.0,0.0
2024-10-25 00:00:00+09:00,82919.43440629818,83285.25545095089,82706.04356021229,82949.921875,4131,0.0,0.0
2024-10-28 00:00:00+09:00,82858.47152549343,83651.08145424425,82523.13792966475,83407.203125,3390,0.0,0.0
2024-10-29 00:00:00+09:00,83407.20664660832,84047.39353972921,82919.44282258282,83590.1171875,4026,0.0,0.0
2024-10-30 00:00:00+09:00,83833.98865088917,84199.80970266751,83559.62286205542,83651.078125,3495,0.0,0.0
2024-10-31 00:00:00+09:00,83559.62575193011,83773.02375449523,83102.34942139247,83193.8046875,8718,0.0,0.0
2024-11-01 00:00:00+09:00,83102.3562771348,83894.97341208413,82767.02265539054,83132.84375,5190,0.0,0.0
2024-11-05 00:00:00+09:00,83620.59854290173,84291.26571382023,83254.77748787618,83285.2578125,5943,0.0,0.0
2024-11-06 00:00:00+09:00,83773.03467199563,86181.359375,83773.03467199563,86181.359375,9159,0.0,0.0
2024-11-07 00:00:00+09:00,85937.47355716288,85937.47355716288,84535.1640625,84535.1640625,6705,0.0,0.0
2024-11-08 00:00:00+09:00,84169.33861624794,85297.2822197327,83620.60697835486,83925.453125,5328,0.0,0.0
2024-11-11 00:00:00+09:00,83833.99242234227,84291.26875763676,82980.41469308772,83620.6015625,3942,0.0,0.0
2024-11-12 00:00:00+09:00,83376.71565449097,83742.53672082868,83041.38205866229,83407.203125,3393,0.0,0.0
2024-11-13 00:00:00+09:00,83224.29010815031,83315.74537200542,82004.88420843467,82279.25,5445,0.0,0.0
2024-11-14 00:00:00+09:00,82035.3840000994,82126.83927769147,80846.4653914023,81090.34375,5526,0.0,0.0
2024-11-15 00:00:00+09:00,81364.7014111622,82248.77376905896,81059.85527976725,81669.5546875,6105,0.0,0.0
2024-11-18 00:00:00+09:00,81669.55915256208,82218.29079300482,81303.73805893358,81913.4375,4995,0.0,0.0
2024-11-19 00:00:00+09:00,81669.54967324805,82401.19177558398,81608.58187970085,82218.28125,3186,0.0,0.0
2024-11-20 00:00:00+09:00,82462.16290801154,82736.52870749655,81700.04045051499,81974.40625,3537,0.0,0.0
2024-11-21 00:00:00+09:00,81882.96091909378,81943.9287225073,80755.01011381022,81090.34375,3243,0.0,0.0
2024-11-22 00:00:00+09:00,80907.42487833634,81456.1564874847,80572.09127661552,81242.765625,2991,0.0,0.0
2024-11-25 00:00:00+09:00,81242.76734457139,82065.86477571545,80785.4909939358,80937.9140625,6273,0.0,0.0
2024-11-26 00:00:00+09:00,80968.39939067695,81364.700787441,80633.05864579315,81029.3671875,2973,0.0,0.0
2024-11-27 00:00:00+09:00,81303.73609815276,81669.55718295884,80846.45974214515,80998.8828125,3288,0.0,0.0
2024-11-28 00:00:00+09:00,81242.77207636113,81608.59317817597,80663.55295017317,80968.40625,3078,0.0,0.0
2024-11-29 00:00:00+09:00,80968.39564333978,81547.60754870903,80419.6640625,80419.6640625,5004,0.0,0.0
2024-12-02 00:00:00+09:00,80480.6404559977,80602.58320197271,79870.94101600909,80053.8515625,5154,0.0,0.0
2024-12-03 00:00:00+09:00,80053.83926510929,80876.93659787909,79596.56296912607,80450.140625,5130,0.0,0.0
2024-12-04 00:00:00+09:00,80754.99914956128,81517.12874100082,79688.0234375,79688.0234375,4299,0.0,0.0
2024-12-05 00:00:00+09:00,79596.56655052443,80145.29813039412,79291.71329117155,79627.046875,4050,0.0,0.0
2024-12-06 00:00:00+09:00,79688.02558013407,80145.30191830442,79444.14010314802,79596.5703125,4617,0.0,0.0
2024-12-09 00:00:00+09:00,79535.6037147285,79596.57866284317,78986.87205135755,79444.1484375,5985,0.0,0.0
2024-12-10 00:00:00+09:00,79444.13443763049,79718.50022096645,79291.71138409128,79505.109375,4146,0.0,0.0
2024-12-11 00:00:00+09:00,79505.11642312206,80145.30330765847,79444.14148034713,79870.9375,4488,0.0,0.0
2024-12-12 00:00:00+09:00,79688.03083269301,79992.87698160503,79413.66501170625,79474.6328125,5451,0.0,0.0
2024-12-13 00:00:00+09:00,79352.68559471685,79931.90467692187,78956.3841944728,79230.75,11034,0.0,0.0
2024-12-16 00:00:00+09:00,79261.22913716962,79535.5949385809,78834.44027217742,79383.171875,5367,0.0,0.0
2024-12-17 00:00:00+09:00,79352.69180132456,79627.0576283114,79047.8456457459,79169.78125,4065,0.0,0.0
2024-12-18 00:00:00+09:00,79169.77893179483,79474.63222339036,78834.4453125,78834.4453125,4554,0.0,0.0
2024-12-19 00:00:00+09:00,78651.52631578948,78925.89210526316,78102.7947368421,78194.25,4863,0.0,0.0
2024-12-20 00:00:00+09:00,78651.52226340432,79139.28602342938,78651.52226340432,78803.9453125,7134,0.0,0.0
2024-12-23 00:00:00+09:00,78803.96014735088,79230.75619707046,78803.96014735088,79169.78125,4794,0.0,0.0
2024-12-24 00:00:00+09:00,79169.77430024582,79809.9611736843,78925.89596820256,79596.5703125,2970,0.0,0.0
2024-12-25 00:00:00+09:00,79596.5765089647,79809.96738676114,79291.72321147121,79535.6015625,2850,0.0,0.0
2024-12-26 00:00:00+09:00,79718.50417170061,80724.51209378876,79535.59364041185,80541.6015625,5616,0.0,0.0
2024-12-27 00:00:00+09:00,80998.8861641478,81273.25198910532,80389.18671255662,80755.0078125,4149,0.0,0.0
2024-12-30 00:00:00+09:00,80907.41713929025,81090.32765817708,80206.26253187149,80236.75,7590,0.0,0.0
2025-01-06 00:00:00+09:00,80968.40625,81395.19515380285,80602.58514818516,80968.40625,6699,0.0,0.0
2025-01-07 00:00:00+09:00,81029.3661189807,81364.69971449971,80053.84565796184,80175.78125,4767,0.0,0.0
2025-01-08 00:00:00+09:00,80572.09022148748,81090.33435280445,80236.756624158,80389.1796875,4848,0.0,0.0
2025-01-09 00:00:00+09:00,80084.33164157714,80328.21713276976,79840.45329532774,80267.2421875,3429,0.0,0.0
2025-01-10 00:00:00+09:00,80267.23512214508,80267.23512214508,79627.04826776618,79901.4140625,3480,0.0,0.0
2025-01-14 00:00:00+09:00,80694.0396408,81059.86073906589,79108.8125,79108.8125,4695,0.0,0.0
2025-01-15 00:00:00+09:00,79047.839033485,79596.5706415579,78651.53049045139,79017.3515625,5331,0.0,0.0
2025-01-16 00:00:00+09:00,79017.34116044427,79383.16218433522,78803.94318152727,78895.3984375,3840,0.0,0.0
2025-01-17 00:00:00+09:00,79230.74447455797,80785.4839307867,79200.25700553348,80572.0859375,7614,0.0,0.0
2025-01-20 00:00:00+09:00,80328.21360548337,80389.18140313278,79779.48199181011,80084.328125,4941,0.0,0.0
2025-01-21 00:00:00+09:00,80236.75833653784,80450.14920078218,79962.3925297012,80084.328125,3180,0.0,0.0
2025-01-22 00:00:00+09:00,80084.32598350002,80663.54505298079,80084.32598350002,80175.78125,4047,0.0,0.0
2025-01-23 00:00:00+09:00,80206.26231545632,80663.53861143954,80084.31958821342,80450.140625,5094,0.0,0.0
2025-01-24 00:00:00+09:00,80175.78461066532,82035.37748909288,80114.81681209069,81364.703125,5883,0.0,0.0
2025-01-27 00:00:00+09:00,81395.19043749972,82706.0516913618,81395.19043749972,82370.7109375,7083,0.0,0.0
2025-01-28 00:00:00+09:00,82370.70099088912,83132.83053179386,82370.70099088912,82462.15625,9762,0.0,0.0
2025-01-29 00:00:00+09:00,83986.41533180949,84047.3831229027,82370.70099088912,82462.15625,21579,0.0,0.0
2025-01-30 00:00:00+09:00,82828.83980420415,83669.26771653543,82081.7927710208,83015.6015625,6741,1859.3334,3.0
2025-01-31 00:00:00+09:00,83295.74012791991,84229.54887374862,82455.31225667408,83949.40625,8875,0.0,0.0
2025-02-03 00:00:00+09:00,83389.11934083144,83856.02370444192,81988.40625,81988.40625,5219,0.0,0.0
2025-02-04 00:00:00+09:00,82642.07836662371,82642.07836662371,80681.07989690722,81521.5078125,5180,0.0,0.0
2025-02-05 00:00:00+09:00,81334.75,81988.41618828932,81054.60734787601,81334.75,3985,0.0,0.0
2025-02-06 00:00:00+09:00,81334.74605347938,81801.65045103093,81054.60341494845,81521.5078125,4116,0.0,0.0
2025-02-07 00:00:00+09:00,80961.22068512384,81521.50594938076,80307.55454349078,81054.6015625,4441,0.0,0.0
2025-02-10 00:00:00+09:00,80961.22269689306,81241.36533598266,80307.55653901734,80774.4609375,5632,0.0,0.0
2025-02-12 00:00:00+09:00,80587.6972475405,80961.22075737847,80400.93549262153,80681.078125,3165,0.0,0.0
2025-02-13 00:00:00+09:00,81054.6015625,81334.74419462845,80587.69717561924,81054.6015625,3528,0.0,0.0
2025-02-14 00:00:00+09:00,81334.7479798341,81895.0332701659,80961.22445294623,81614.890625,3655,0.0,0.0
2025-02-17 00:00:00+09:00,82175.17380817253,82828.83996346482,81801.65029086266,82268.5546875,5571,0.0,0.0
2025-02-18 00:00:00+09:00,82268.55661848072,82828.84190759636,82175.17573696145,82361.9375,3757,0.0,0.0
2025-02-19 00:00:00+09:00,82175.18149717514,83015.6094897599,81988.4197210452,82642.0859375,4397,0.0,0.0
2025-02-20 00:00:00+09:00,82642.08401088801,82642.08401088801,81801.65603789593,82548.703125,4485,0.0,0.0
2025-02-21 00:00:00+09:00,82548.70504943503,83015.6094897599,82175.18149717514,82642.0859375,4006,0.0,0.0
2025-02-25 00:00:00+09:00,83108.97850028059,83949.40637275533,82548.69325196408,83202.359375,4370,0.0,0.0
2025-02-26 00:00:00+09:00,84042.79504189944,84136.17592527933,82455.32002444135,83575.890625,7276,0.0,0.0
2025-02-27 00:00:00+09:00,83949.41213112473,84322.9356556236,82922.22243875278,83856.03125,8398,0.0,0.0
2025-02-28 00:00:00+09:00,83856.0274488509,84603.07446398542,83202.36131060819,83295.7421875,16131,0.0,0.0
2025-03-03 00:00:00+09:00,83575.88667955685,84509.69546927257,82922.22052675585,83762.6484375,4293,0.0,0.0
2025-03-04 00:00:00+09:00,83762.64875673951,83949.41051539444,82081.79292884507,82268.5546875,4449,0.0,0.0
2025-03-05 00:00:00+09:00,82548.69148633258,82735.45323177677,81708.26363183372,81988.40625,3695,0.0,0.0
2025-03-06 00:00:00+09:00,81708.26941153519,82735.45908413734,81428.12677355278,82268.5546875,4243,0.0,0.0
2025-03-07 00:00:00+09:00,82175.1796875,82828.84588955966,81614.89437144886,82175.1796875,5148,0.0,0.0
2025-03-10 00:00:00+09:00,82268.55884041332,82548.70149253731,81334.75,81334.75,3429,0.0,0.0
2025-03-11 00:00:00+09:00,81334.74419462845,81895.02945888537,80774.45893037155,81054.6015625,5432,0.0,0.0
2025-03-12 00:00:00+09:00,81054.5995,82175.17,81054.5995,81708.265625,4176,0.0,0.0
2025-03-13 00:00:00+09:00,83949.40973635994,86377.31257634365,83949.40973635994,86003.7890625,11042,0.0,0.0
2025-03-14 00:00:00+09:00,86003.79494735054,86003.79494735054,85256.7478685462,85910.4140625,10775,0.0,0.0
2025-03-17 00:00:00+09:00,86750.8417214324,87030.984375,86283.93729881974,87030.984375,6686,0.0,0.0
2025-03-18 00:00:00+09:00,87497.88273777896,87871.40625,86750.83571333688,87871.40625,5881,0.0,0.0
2025-03-19 00:00:00+09:00,87964.79108426518,88618.45726005059,87311.12490847976,87684.6484375,5899,0.0,0.0
2025-03-21 00:00:00+09:00,87684.6502664857,88618.4591085143,87404.50761387713,88151.5546875,13414,0.0,0.0
2025-03-24 00:00:00+09:00,88618.45514006344,88805.21690010572,87964.78897991544,88338.3125,4085,0.0,0.0
2025-03-25 00:00:00+09:00,88338.31258293524,89178.74050391454,87964.7890625,87964.7890625,4989,0.0,0.0
2025-03-26 00:00:00+09:00,88151.5546875,88151.5546875,87497.88849807998,88151.5546875,2936,0.0,0.0
2025-03-27 00:00:00+09:00,87964.79664473684,88711.84375,87591.27309210526,88711.84375,4430,0.0,0.0
2025-03-28 00:00:00+09:00,88338.31049130663,88618.453125,87684.64434602212,88618.453125,5742,0.0,0.0
2025-03-31 00:00:00+09:00,87871.40663171824,88151.54926710099,86003.7890625,86003.7890625,9270,0.0,0.0
2025-04-01 00:00:00+09:00,86844.22068004834,87684.64862211332,86564.07803269335,86937.6015625,6847,0.0,0.0
2025-04-02 00:00:00+09:00,88151.55303437165,88151.55303437165,86844.22068004834,86937.6015625,6119,0.0,0.0
2025-04-03 00:00:00+09:00,86283.93154601722,86937.59769409311,85910.40803283101,86750.8359375,5383,0.0,0.0
2025-04-04 00:00:00+09:00,86190.5526710988,87030.98059530238,85723.6482687635,86470.6953125,5093,0.0,0.0
2025-04-07 00:00:00+09:00,83949.41003970994,86564.07464606353,83389.12476691988,84509.6953125,7475,0.0,0.0
2025-04-08 00:00:00+09:00,85163.36108108108,87217.7404054054,85163.36108108108,86377.3125,8791,0.0,0.0
2025-04-09 00:00:00+09:00,85910.40818403909,86564.07433326547,85350.12291327362,86003.7890625,4956,0.0,0.0
2025-04-10 00:00:00+09:00,86657.45707343413,87497.88499763768,86003.79091016468,86470.6953125,9855,0.0,0.0
2025-04-11 00:00:00+09:00,86190.5526710988,86937.5997148353,85350.12474689525,86470.6953125,7966,0.0,0.0
2025-04-14 00:00:00+09:00,86564.07418090689,87591.263842169,86564.07418090689,86750.8359375,5858,0.0,0.0
2025-04-15 00:00:00+09:00,86937.5997148353,87497.88499763768,86190.5526710988,86470.6953125,5484,0.0,0.0
2025-04-16 00:00:00+09:00,86470.69330261034,86937.59769409311,85817.02715453444,86750.8359375,3687,0.0,0.0
2025-04-17 00:00:00+09:00,86937.59769409311,87404.50208557589,86470.69330261034,86750.8359375,3634,0.0,0.0
2025-04-18 00:00:00+09:00,86750.83979759668,87404.50597475833,86657.458915145,86937.6015625,3544,0.0,0.0
2025-04-21 00:00:00+09:00,86657.45690578158,87311.12306778641,86564.07602549517,87217.7421875,2293,0.0,0.0
2025-04-22 00:00:00+09:00,87217.74614404507,87778.03145118026,86844.22260595494,87030.984375,2795,0.0,0.0
2025-04-23 00:00:00+09:00,87311.12306778641,87591.2657086456,86657.45690578158,87217.7421875,3505,0.0,0.0
2025-04-24 00:00:00+09:00,87217.74032898278,87404.50208557589,86750.8359375,86750.8359375,3254,0.0,0.0
2025-04-25 00:00:00+09:00,86657.4588235294,87591.26764705882,86657.4588235294,87311.125,3615,0.0,0.0
2025-04-28 00:00:00+09:00,87124.3671875,87591.27162044481,86657.46275455519,87124.3671875,3460,0.0,0.0
2025-04-30 00:00:00+09:00,87217.74411764706,87404.50588235294,86657.4588235294,87311.125,4859,0.0,0.0
2025-05-01 00:00:00+09:00,87124.36287460568,88991.9805139327,87124.36287460568,88805.21875,5092,0.0,0.0
2025-05-02 00:00:00+09:00,88991.98426887409,89832.4122420324,88805.22249706113,89365.5078125,5263,0.0,0.0
2025-05-07 00:00:00+09:00,89365.50029888417,89739.0238111052,87684.64449388949,87871.40625,5525,0.0,0.0
2025-05-08 00:00:00+09:00,88151.55294117647,88244.93382352941,87030.98235294118,87311.125,3633,0.0,0.0
2025-05-09 00:00:00+09:00,87591.265625,87871.40826559169,86564.07594283049,87591.265625,5864,0.0,0.0
2025-05-12 00:00:00+09:00,87591.26938228284,88338.31645590572,87497.88849807998,88151.5546875,2675,0.0,0.0
2025-05-13 00:00:00+09:00,87871.4123357028,88058.17410474786,86657.46083690987,87030.984375,4311,0.0,0.0
2025-05-14 00:00:00+09:00,87124.35929995998,87591.26369063501,86844.21666555497,87497.8828125,3858,0.0,0.0
2025-05-15 00:00:00+09:00,87497.88667298989,87964.79108426518,87124.36314396965,87684.6484375,3391,0.0,0.0
2025-05-16 00:00:00+09:00,87778.03145118026,88151.55498927039,86470.69906786481,87030.984375,4592,0.0,0.0
2025-05-19 00:00:00+09:00,86657.45513513513,86750.83601351352,85536.8845945946,86377.3125,4833,0.0,0.0
2025-05-20 00:00:00+09:00,86564.07433326547,86937.59784710912,85723.64642711726,86003.7890625,4092,0.0,0.0
2025-05-21 00:00:00+09:00,86003.78324142157,86190.54498570261,85256.73626429739,85723.640625,4167,0.0,0.0
2025-05-22 00:00:00+09:00,85723.65046106558,85723.65046106558,84789.84163251366,85443.5078125,3538,0.0,0.0
2025-05-23 00:00:00+09:00,85443.49800857843,86003.78324142157,85350.11713643791,85723.640625,3305,0.0,0.0
2025-05-26 00:00:00+09:00,86097.16994096091,86750.8360901873,85536.88467019545,86003.7890625,3571,0.0,0.0
2025-05-27 00:00:00+09:00,86003.7947450835,86937.60359139278,86003.7947450835,86657.4609375,2891,0.0,0.0
2025-05-28 00:00:00+09:00,86657.46083690987,87124.36525952253,86377.31818334227,87030.984375,3547,0.0,0.0
2025-05-29 00:00:00+09:00,86844.22270676185,87217.74624528555,86190.55651434536,86657.4609375,5067,0.0,0.0
2025-05-30 00:00:00+09:00,86750.83420612718,86844.21508256004,85443.50193606714,85536.8828125,10418,0.0,0.0
2025-06-02 00:00:00+09:00,85910.41203954496,86377.31645280337,85536.88850893825,86190.5546875,4584,0.0,0.0
2025-06-03 00:00:00+09:00,86190.55074324324,86937.59777027027,85910.40810810811,86377.3125,3016,0.0,0.0
2025-06-04 00:00:00+09:00,86377.3145166757,86750.83803890998,86003.79099444143,86097.171875,3215,0.0,0.0
2025-06-05 00:00:00+09:00,86003.79091016468,86564.07619296706,85817.02914923056,86470.6953125,2990,0.0,0.0
2025-06-06 00:00:00+09:00,86283.93355156587,86564.07619296706,86003.79091016468,86470.6953125,2869,0.0,0.0
2025-06-09 00:00:00+09:00,86377.31257634365,86750.8360901873,86003.7890625,86003.7890625,4193,0.0,0.0
2025-06-10 00:00:00+09:00,86003.79292219665,86564.07821810672,86003.79292219665,86190.5546875,5306,0.0,0.0
2025-06-11 00:00:00+09:00,86377.31818334227,87217.74614404507,86097.17552977469,87030.984375,6559,0.0,0.0
2025-06-12 00:00:00+09:00,87030.98034381663,87871.40826559169,87030.98034381663,87591.265625,7325,0.0,0.0
2025-06-13 00:00:00+09:00,86470.69307917109,87871.40625,86470.69307917109,87871.40625,11956,0.0,0.0
2025-06-16 00:00:00+09:00,87778.03135016025,88525.07842548077,86844.22250600961,87404.5078125,7016,0.0,0.0
2025-06-17 00:00:00+09:00,87497.88457980973,88338.3125,87124.36105972517,88338.3125,3683,0.0,0.0
2025-06-18 00:00:00+09:00,88431.69144345238,88431.69144345238,87684.64441964286,88244.9296875,4304,0.0,0.0
2025-06-19 00:00:00+09:00,87964.7911764706,87964.7911764706,87311.125,87311.125,4123,0.0,0.0
2025-06-20 00:00:00+09:00,87311.12509230667,87404.50597475833,86657.458915145,86937.6015625,18606,0.0,0.0
2025-06-23 00:00:00+09:00,87030.98226171458,88058.17196652024,86750.83961494941,87684.6484375,3850,0.0,0.0
2025-06-24 00:00:00+09:00,87871.40818239118,88338.31258293524,87871.40818239118,87964.7890625,3209,0.0,0.0
2025-06-25 00:00:00+09:00,88151.54694148936,88338.30869348404,87778.0234375,87778.0234375,3930,0.0,0.0
2025-06-26 00:00:00+09:00,88151.54694148936,88338.30869348404,87124.35730551861,87778.0234375,5371,0.0,0.0
2025-06-27 00:00:00+09:00,87871.40632504002,87964.78720317503,87124.35929995998,87497.8828125,4560,0.0,0.0
2025-06-30 00:00:00+09:00,87497.88676470588,87964.7911764706,87124.36323529412,87311.125,6327,0.0,0.0
2025-07-01 00:00:00+09:00,87030.984375,87404.50791309013,86657.46083690987,87030.984375,4692,0.0,0.0
2025-07-02 00:00:00+09:00,87124.36314396965,87871.41020201011,86750.83961494941,87684.6484375,3418,0.0,0.0
2025-07-03 00:00:00+09:00,87311.12105623,87684.64456877002,87124.35929995998,87497.8828125,3806,0.0,0.0
2025-07-04 00:00:00+09:00,87497.88474480277,88058.17002598614,87404.50386460555,87591.265625,3304,0.0,0.0
2025-07-07 00:00:00+09:00,87871.40418150053,88711.83206421413,87684.6424297864,88525.0703125,4963,0.0,0.0
2025-07-08 00:00:00+09:00,88618.45726005059,88991.98078907082,87684.6484375,87684.6484375,8779,0.0,0.0
2025-07-09 00:00:00+09:00,87684.65046574519,87964.79311899039,87311.12692808494,87404.5078125,7260,0.0,0.0
2025-07-10 00:00:00+09:00,87404.5078125,87404.5078125,86564.07985276442,87404.5078125,4785,0.0,0.0
2025-07-11 00:00:00+09:00,87217.74210421108,87964.7891457889,87124.36122401386,87591.265625,3986,0.0,0.0
2025-07-14 00:00:00+09:00,87591.26354166667,88244.9296875,87404.5017857143,88244.9296875,3444,0.0,0.0
2025-07-15 00:00:00+09:00,88058.16606549203,88431.68956948139,87778.0234375,87778.0234375,5041,0.0,0.0
2025-07-16 00:00:00+09:00,87778.03115068856,88338.31645590572,87778.03115068856,88151.5546875,5035,0.0,0.0
2025-07-17 00:00:00+09:00,88151.54880952381,88338.31056547619,87778.02529761905,88244.9296875,3889,0.0,0.0
2025-07-18 00:00:00+09:00,88244.9278174867,88244.9278174867,87778.0234375,87778.0234375,4576,0.0,0.0
2025-07-22 00:00:00+09:00,88151.55090618337,88431.69354677506,87497.88474480277,87591.265625,5132,0.0,0.0
2025-07-23 00:00:00+09:00,87497.88869691506,87778.03135016025,87124.36515925481,87404.5078125,6345,0.0,0.0
2025-07-24 00:00:00+09:00,87404.5039480728,87591.2657086456,87124.36130721359,87217.7421875,6200,0.0,0.0
2025-07-25 00:00:00+09:00,87217.74604366987,87591.26958133013,87124.36515925481,87404.5078125,4453,0.0,0.0
2025-07-28 00:00:00+09:00,87591.26361583422,88618.45327444209,87311.12098166844,87871.40625,7150,0.0,0.0
2025-07-29 00:00:00+09:00,87684.6424297864,88618.45118835707,87497.88067807227,88525.0703125,18867,0.0,0.0
2025-07-30 00:00:00+09:00,88859.48845541402,90388.25384819534,88859.48845541402,90006.0625,12503,2150.0,0.0
2025-07-31 00:00:00+09:00,89719.42284115139,89910.51852345416,89337.23147654584,89623.875,4852,0.0,0.0
2025-08-01 00:00:00+09:00,89432.78131620762,90197.1640625,89432.78131620762,90197.1640625,5915,0.0,0.0
2025-08-04 00:00:00+09:00,89719.4199488576,90292.7069772848,89432.776434644,89910.515625,5662,0.0,0.0
2025-08-05 00:00:00+09:00,89910.52053264035,90579.35543564618,89814.97268935382,90197.1640625,5063,0.0,0.0
2025-08-06 00:00:00+09:00,90101.61724500525,91152.64353312303,90006.0694006309,90866.0,4194,0.0,0.0
2025-08-07 00:00:00+09:00,91343.73824842437,91725.92962184873,90292.71197150735,90961.546875,5948,0.0,0.0
2025-08-08 00:00:00+09:00,90770.45118828781,91152.64256171219,90292.71197150735,90961.546875,5419,0.0,0.0
2025-08-12 00:00:00+09:00,91057.09666118422,91152.64450657894,90388.26174342106,90770.453125,4611,0.0,0.0
2025-08-13 00:00:00+09:00,90770.44820815734,90961.54388859557,90483.8046875,90483.8046875,5350,0.0,0.0
2025-08-14 00:00:00+09:00,89814.97268935382,90579.35543564618,89814.97268935382,90197.1640625,5124,0.0,0.0
2025-08-15 00:00:00+09:00,89910.51370294274,90388.2528830859,89719.41803088547,90101.609375,6230,0.0,0.0
2025-08-18 00:00:00+09:00,90006.06741071428,90770.45014880953,90006.06741071428,90292.7109375,4868,0.0,0.0
2025-08-19 00:00:00+09:00,90292.71197150735,90961.546875,90101.61628479516,90961.546875,3583,0.0,0.0
2025-08-20 00:00:00+09:00,91152.64359032847,91630.3828125,90866.00005702555,91630.3828125,5195,0.0,0.0
2025-08-21 00:00:00+09:00,91821.47648871984,91917.02433105982,91057.09375,91057.09375,5611,0.0,0.0
2025-08-22 00:00:00+09:00,90961.54301778242,91534.83005360878,90961.54301778242,91343.734375,4853,0.0,0.0
2025-08-25 00:00:00+09:00,91343.73831380208,91725.9296875,91248.1904703776,91725.9296875,2866,0.0,0.0
2025-08-26 00:00:00+09:00,91725.9296875,92012.57321777343,91439.28615722655,91725.9296875,5713,0.0,0.0
2025-08-27 00:00:00+09:00,92012.57232004644,92968.05074496903,91917.02447755418,92585.859375,8248,0.0,0.0
2025-08-28 00:00:00+09:00,93063.5985874613,93063.5985874613,92299.21584752321,92585.859375,7809,0.0,0.0
2025-08-29 00:00:00+09:00,92872.50009566326,94019.07417091836,92681.40441645408,93636.8828125,17398,0.0,0.0
2025-09-01 00:00:00+09:00,93350.23929368622,94401.26552933673,93063.59577487245,93636.8828125,8285,0.0,0.0
2025-09-02 00:00:00+09:00,93732.43648132701,93732.43648132701,93063.6015625,93063.6015625,3835,0.0,0.0
2025-09-03 00:00:00+09:00,93063.60245232498,93159.15029878527,90961.54983019854,91439.2890625,6735,0.0,0.0
2025-09-04 00:00:00+09:00,91248.19040506828,91439.28609178046,90197.16412815126,90961.546875,7614,0.0,0.0
2025-09-05 00:00:00+09:00,90674.90527960526,90961.54881578947,89814.97467105264,90770.453125,8600,0.0,0.0
2025-09-08 00:00:00+09:00,90770.44627568494,91343.73330479453,90579.35059931508,90674.8984375,6004,0.0,0.0
2025-09-09 00:00:00+09:00,90674.90238064008,91343.73727701994,90483.80669596013,91057.09375,4095,0.0,0.0
2025-09-10 00:00:00+09:00,90579.35646687697,90866.0,90388.26077812829,90866.0,3639,0.0,0.0
2025-09-11 00:00:00+09:00,90865.99613874346,91343.73534031413,90674.90045811518,91248.1875,3278,0.0,0.0
2025-09-12 00:00:00+09:00,91534.8311104621,92394.76167413032,91343.73542964693,92012.5703125,8956,0.0,0.0
2025-09-16 00:00:00+09:00,92968.04793526785,93827.97849170917,92776.95225605866,93636.8828125,6822,0.0,0.0
2025-09-17 00:00:00+09:00,93923.53319317024,94592.36811926606,93350.24611365952,93732.4375,7478,0.0,0.0
2025-09-18 00:00:00+09:00,93827.98340539166,94210.17478382503,93732.43556078331,93923.53125,3323,0.0,0.0
2025-09-19 00:00:00+09:00,94019.078125,94974.55656122968,93636.88675050813,94019.078125,11044,0.0,0.0
2025-09-22 00:00:00+09:00,94114.62693921669,94783.46185147508,93827.98340539166,93923.53125,5357,0.0,0.0
2025-09-24 00:00:00+09:00,94210.17478382503,94305.72262843337,93732.43556078331,93923.53125,3991,0.0,0.0
2025-09-25 00:00:00+09:00,93923.52451073233,94592.359375,93732.42883522727,94592.359375,5038,0.0,0.0
2025-09-26 00:00:00+09:00,94783.458040201,95070.1015625,94401.26667713567,95070.1015625,4407,0.0,0.0
2025-09-29 00:00:00+09:00,95165.64824617347,95165.64824617347,93636.8828125,93636.8828125,5090,0.0,0.0
2025-09-30 00:00:00+09:00,93923.528270386,93923.528270386,92776.95417145961,93445.7890625,7202,0.0,0.0
2025-10-01 00:00:00+09:00,93541.3348765432,93541.3348765432,92108.11728395062,92872.5,4516,0.0,0.0
2025-10-02 00:00:00+09:00,93159.14940804672,94019.08001796715,92585.86233476643,93063.6015625,5012,0.0,0.0
2025-10-03 00:00:00+09:00,93159.14457514045,93636.88377808989,92968.04889396067,93541.3359375,3751,0.0,0.0
2025-10-06 00:00:00+09:00,93827.98542502508,95261.203125,93732.43757836008,95261.203125,3603,0.0,0.0
2025-10-07 00:00:00+09:00,95261.19813324037,95261.19813324037,93923.52835002534,94210.171875,4666,0.0,0.0
2025-10-08 00:00:00+09:00,94019.07417091836,94305.71768973213,93350.23929368622,93636.8828125,4590,0.0,0.0
2025-10-09 00:00:00+09:00,93636.88965341488,93827.98534658512,92968.05472731906,93732.4375,4959,0.0,0.0
2025-10-10 00:00:00+09:00,93923.53222059572,94210.1757573829,93445.7929926171,93827.984375,4057,0.0,0.0
2025-10-14 00:00:00+09:00,93445.7920269583,93923.53125,93063.60064852492,93923.53125,4212,0.0,0.0
2025-10-15 00:00:00+09:00,93636.88377808989,93923.52729985956,93063.59673455056,93541.3359375,4653,0.0,0.0
2025-10-16 00:00:00+09:00,93636.88290738866,94687.90914410425,93541.33506768725,94401.265625,4188,0.0,0.0
2025-10-17 00:00:00+09:00,94210.16898382205,94879.00385490395,93827.9776289181,94496.8125,5641,0.0,0.0
2025-10-20 00:00:00+09:00,94496.8125,95070.09953235592,93636.88195146613,94496.8125,5015,0.0,0.0
2025-10-21 00:00:00+09:00,94783.4521651561,95070.09566968781,94305.71299093656,94879.0,5342,0.0,0.0
2025-10-22 00:00:00+09:00,95165.6504491018,96025.5810254491,94879.00692365269,95738.9375,4012,0.0,0.0
2025-10-23 00:00:00+09:00,95261.19741437932,96598.8671875,94974.55389156775,96598.8671875,5836,0.0,0.0
2025-10-24 00:00:00+09:00,96312.22552447552,96598.86905282218,95643.390625,95643.390625,4008,0.0,0.0
2025-10-27 00:00:00+09:00,96216.67775179633,96503.32128035183,95738.93853753716,96407.7734375,3561,0.0,0.0
2025-10-28 00:00:00+09:00,96216.67768169331,96312.22552447552,95356.74709665334,95643.390625,3756,0.0,0.0
2025-10-29 00:00:00+09:00,95738.94138276552,95834.4892284569,94687.91508016031,95356.75,4435,0.0,0.0
2025-10-30 00:00:00+09:00,95165.65334084084,95643.39256443945,94783.46196196196,95452.296875,3463,0.0,0.0
2025-10-31 00:00:00+09:00,95165.65334084084,95930.0360985986,94974.5576514014,95452.296875,6046,0.0,0.0
2025-11-04 00:00:00+09:00,95547.83807938856,96885.5078125,95547.83807938856,96885.5078125,4681,0.0,0.0
2025-11-05 00:00:00+09:00,96885.51278963414,97936.5390625,96407.77357469512,97936.5390625,5866,0.0,0.0
2025-11-06 00:00:00+09:00,97745.4453125,97745.4453125,96981.06255345796,97745.4453125,4384,0.0,0.0
2025-11-07 00:00:00+09:00,97649.89449287819,97936.53801878683,97076.6074410609,97267.703125,3699,0.0,0.0
2025-11-10 00:00:00+09:00,97840.99607843137,98318.73531709559,97267.70899203431,97458.8046875,4867,0.0,0.0
2025-11-11 00:00:00+09:00,97649.89560140368,98700.921875,97554.34775834947,98700.921875,2821,0.0,0.0
2025-11-12 00:00:00+09:00,98700.9169523665,99178.65614381069,98318.72559921116,98414.2734375,3483,0.0,0.0
2025-11-13 00:00:00+09:00,98605.37298976608,98796.46867385478,97745.44241136695,98032.0859375,2173,0.0,0.0
2025-11-14 00:00:00+09:00,98032.0859375,98892.01651589911,97745.44241136695,98032.0859375,3183,0.0,0.0
2025-11-17 00:00:00+09:00,98223.17786608863,99178.65625,97840.98651252408,99178.65625,3006,0.0,0.0
2025-11-18 00:00:00+09:00,99178.6639707681,99178.6639707681,97458.80274584149,97649.8984375,4189,0.0,0.0
2025-11-19 00:00:00+09:00,97554.33977845378,97745.43544893067,96789.95709654622,97172.1484375,2949,0.0,0.0
2025-11-20 00:00:00+09:00,98223.18356323242,98605.37493896484,97649.89649963379,97840.9921875,3302,0.0,0.0
2025-11-21 00:00:00+09:00,97745.44536554316,98796.47165979631,97554.34967567895,98509.828125,4114,0.0,0.0
2025-11-25 00:00:00+09:00,98796.47165979631,98892.01950472842,97745.44536554316,98509.828125,3812,0.0,0.0
2025-11-26 00:00:00+09:00,98892.01081730769,99369.75,98509.81947115385,99369.75,3053,0.0,0.0
2025-11-27 00:00:00+09:00,99369.75979923518,100038.5947209608,99083.11626135277,99943.046875,4582,0.0,0.0
2025-11-28 00:00:00+09:00,99656.39738175676,99943.04090250966,98987.5625,98987.5625,5134,0.0,0.0
2025-12-01 00:00:00+09:00,99656.40023628049,99656.40023628049,97936.5390625,97936.5390625,6084,0.0,0.0
2025-12-02 00:00:00+09:00,97936.53616701119,98700.9188883147,97458.7969661965,98223.1796875,5135,0.0,0.0
2025-12-03 00:00:00+09:00,97649.89649963379,98032.08787536621,97172.15727996826,97840.9921875,4184,0.0,0.0
2025-12-04 00:00:00+09:00,97363.24603602216,98032.08089593596,96885.50685036945,96981.0546875,3702,0.0,0.0
2025-12-05 00:00:00+09:00,96981.06342414265,97172.15911561878,95834.48927528578,96121.1328125,3753,0.0,0.0
2025-12-08 00:00:00+09:00,96121.12886726546,96694.41591816366,94974.55476546906,95738.9375,4106,0.0,0.0
2025-12-09 00:00:00+09:00,95261.199323278,96503.32128035183,94783.46010901882,96407.7734375,4394,0.0,0.0
2025-12-10 00:00:00+09:00,96503.31934656281,96981.05855124876,96025.58014187685,96598.8671875,2498,0.0,0.0
2025-12-11 00:00:00+09:00,96885.51362537201,97267.70500062003,95452.29596819196,96312.2265625,2652,0.0,0.0
2025-12-12 00:00:00+09:00,96503.31856456712,98223.1796875,96407.77072440418,98223.1796875,10986,0.0,0.0
2025-12-15 00:00:00+09:00,98318.72752766294,98892.01456864057,97936.53616701119,98223.1796875,4291,0.0,0.0
2025-12-16 00:00:00+09:00,98414.28028006789,98892.01950472842,98223.18459020369,98509.828125,3378,0.0,0.0
2025-12-17 00:00:00+09:00,98509.82042528874,99751.94231231954,98509.82042528874,99274.203125,3661,0.0,0.0
2025-12-18 00:00:00+09:00,99369.75872938894,99943.04579898158,98414.28028006789,98509.828125,8387,0.0,0.0
2025-12-19 00:00:00+09:00,98509.82233907908,99560.84857160077,98414.27449975892,99083.109375,5501,0.0,0.0
2025-12-22 00:00:00+09:00,99274.20886432927,99560.85239329268,97936.5390625,97936.5390625,3132,0.0,0.0
2025-12-23 00:00:00+09:00,98032.08505434783,98892.015625,97745.4415307971,98892.015625,2762,0.0,0.0
2025-12-24 00:00:00+09:00,98605.36730769232,99465.29783653846,98509.81947115385,99369.75,2557,0.0,0.0
2025-12-25 00:00:00+09:00,99560.8525977121,100229.6875,99465.30475452813,100229.6875,2641,0.0,0.0
2025-12-26 00:00:00+09:00,100611.86993162188,100707.41776631477,99178.65241122841,99560.84375,5217,0.0,0.0
2025-12-29 00:00:00+09:00,100134.13965681601,100420.78318636797,99560.8525977121,100229.6875,5056,0.0,0.0
2025-12-30 00:00:00+09:00,100611.87090237752,100994.06224483669,99465.296875,99465.296875,3918,0.0,0.0
2026-01-05 00:00:00+09:00,100994.07318056883,100994.07318056883,98987.56841539197,99943.046875,5677,0.0,0.0
2026-01-06 00:00:00+09:00,99943.04595675356,100802.9765625,99943.04595675356,100802.9765625,3013,0.0,0.0
2026-01-07 00:00:00+09:00,100707.42678275782,101376.2616854896,100134.13972327342,100994.0703125,3233,0.0,0.0
2026-01-08 00:00:00+09:00,101185.16021137113,101758.44723806444,100802.96886024224,101567.3515625,5198,0.0,0.0
2026-01-09 00:00:00+09:00,101758.45014003538,102236.18934257075,100707.42389445755,101280.7109375,5301,0.0,0.0
2026-01-13 00:00:00+09:00,101376.2578125,101567.35349169416,100516.3272561263,101376.2578125,6287,0.0,0.0
2026-01-14 00:00:00+09:00,101376.25771604938,101376.25771604938,100611.875,100611.875,5824,0.0,0.0
2026-01-15 00:00:00+09:00,100802.97067901235,100802.97067901235,100134.13580246913,100611.875,5408,0.0,0.0
2026-01-16 00:00:00+09:00,100802.96981667844,101662.9003648776,100707.42197798964,101471.8046875,6204,0.0,0.0
2026-01-19 00:00:00+09:00,101758.45496060172,102045.09849570201,100038.59375,100038.59375,5217,0.0,0.0
2026-01-20 00:00:00+09:00,100898.52533460803,101089.62102652964,99943.046875,99943.046875,6265,0.0,0.0
2026-01-21 00:00:00+09:00,99943.04090250966,100038.58874276062,98509.82329874518,98987.5625,8112,0.0,0.0
2026-01-22 00:00:00+09:00,99560.85645933014,100898.52631578947,99178.66507177033,99847.5,10041,0.0,0.0
2026-01-23 00:00:00+09:00,99465.30073228062,100229.68344684185,98700.91801771938,99083.109375,7023,0.0,0.0
2026-01-26 00:00:00+09:00,98987.56346618358,99274.2069897343,98127.6328955314,98892.015625,7441,0.0,0.0
2026-01-27 00:00:00+09:00,98892.01262894417,98892.01262894417,97840.98640776699,98414.2734375,5712,0.0,0.0
2026-01-28 00:00:00+09:00,97554.34584842995,98892.015625,97458.79800724637,98892.015625,17826,0.0,0.0
2026-01-29 00:00:00+09:00,98305.7007858366,99869.2109375,97719.38447896282,99869.2109375,12835,2300.0,0.0
2026-01-30 00:00:00+09:00,100064.64886251236,100064.64886251236,98598.85810769041,98794.296875,6742,0.0,0.0
2026-02-02 00:00:00+09:00,98892.0181671627,99576.05386594743,98305.70185391865,98501.140625,5912,0.0,0.0
2026-02-03 00:00:00+09:00,98696.57371558505,99869.2062745821,98501.13495575222,99380.609375,4743,0.0,0.0
2026-02-04 00:00:00+09:00,99185.17587689766,100162.36972790158,98305.70141099412,99771.4921875,5290,0.0,0.0
2026-02-05 00:00:00+09:00,99576.05278406311,100553.24662885275,99380.6140151052,99869.2109375,6001,0.0,0.0
2026-02-06 00:00:00+09:00,99966.92947885756,99966.92947885756,98794.296875,98794.296875,5329,0.0,0.0
2026-02-09 00:00:00+09:00,99185.171875,99869.20754310345,98501.13620689655,99185.171875,5958,0.0,0.0
2026-02-10 00:00:00+09:00,99185.17377408597,99478.33192317194,98794.29624197134,98892.015625,5369,0.0,0.0
2026-02-12 00:00:00+09:00,98696.578125,99185.17504641089,98403.41997215347,98696.578125,5845,0.0,0.0
2026-02-13 00:00:00+09:00,98794.2960234375,98989.7347890625,97523.944046875,97719.3828125,7666,0.0,0.0
2026-02-16 00:00:00+09:00,98110.25805856299,99282.890625,97719.38053641732,99282.890625,4710,0.0,0.0
2026-02-17 00:00:00+09:00,99282.89699304175,99282.89699304175,98012.54496458748,98305.703125,3583,0.0,0.0
2026-02-18 00:00:00+09:00,98305.69619591937,99478.32875491642,98110.25743608653,99380.609375,4258,0.0,0.0
2026-02-19 00:00:00+09:00,99087.453125,99185.17250678007,98305.69807075938,99087.453125,4173,0.0,0.0
2026-02-20 00:00:00+09:00,99673.76751474926,100064.64503441495,99185.17061516715,99380.609375,5985,0.0,0.0
2026-02-24 00:00:00+09:00,99966.93114714423,101237.28315585673,99576.05360600194,100944.125,6151,0.0,0.0
2026-02-25 00:00:00+09:00,100650.96494932433,101237.28125,100357.8067989865,101237.28125,5740,0.0,0.0
2026-02-26 00:00:00+09:00,101628.16151819924,102116.75844857519,100650.96765744731,102019.0390625,6234,0.0,0.0
2026-02-27 00:00:00+09:00,102409.91257225434,102409.91257225434,100944.12183887283,101432.71875,9520,0.0,0.0
2026-03-02 00:00:00+09:00,100846.40705896453,101921.3203125,100455.52951222436,101921.3203125,5968,0.0,0.0
2026-03-03 00:00:00+09:00,101335.00126811594,101921.31757246377,100553.24619565217,101139.5625,4853,0.0,0.0
2026-03-04 00:00:00+09:00,100650.96537451124,100748.68475836999,99380.61338434751,99966.9296875,6821,0.0,0.0
2026-03-05 00:00:00+09:00,100650.9643201543,102214.47444551591,100650.9643201543,101335.0,4183,0.0,0.0
2026-03-06 00:00:00+09:00,100846.40286585366,101334.99977896342,100162.3671875,100162.3671875,5902,0.0,0.0
2026-03-09 00:00:00+09:00,99478.33276820625,100357.807222935,99087.45523277126,99966.9296875,9529,0.0,0.0
2026-03-10 00:00:00+09:00,100064.65034280118,100455.52788320274,98989.73710669686,99771.4921875,8939,0.0,0.0
2026-03-11 00:00:00+09:00,99673.76901777022,101041.8403572298,99282.89149221033,100357.8046875,7015,0.0,0.0
2026-03-12 00:00:00+09:00,100260.08657012196,100357.8059527439,99380.6121265244,100162.3671875,4490,0.0,0.0
2026-03-13 00:00:00+09:00,99771.49282322304,101237.28360906863,99478.33466605392,99673.7734375,9395,0.0,0.0
2026-03-16 00:00:00+09:00,99478.33359526112,101041.84375,99282.89482591876,101041.84375,4529,0.0,0.0
2026-03-17 00:00:00+09:00,101139.56313467119,101530.4406733559,100553.2468266441,101041.84375,3154,0.0,0.0
2026-03-18 00:00:00+09:00,100553.24493731919,101530.4387656702,100357.80617164899,101335.0,4244,0.0,0.0
2026-03-19 00:00:00+09:00,101041.84226989746,101139.5616531372,99576.05152130127,100064.6484375,6407,0.0,0.0
2026-03-23 00:00:00+09:00,99185.17099570467,99478.32913657869,97133.06400958665,98110.2578125,6665,0.0,0.0
2026-03-24 00:00:00+09:00,98598.85598334581,99087.45289109282,97817.1009309506,97914.8203125,8083,0.0,0.0
2026-03-25 00:00:00+09:00,98305.69807075938,99087.453125,98305.69807075938,99087.453125,6363,0.0,0.0
2026-03-26 00:00:00+09:00,99576.04787779851,99576.04787779851,97719.37966417911,98207.9765625,6717,0.0,0.0
2026-03-27 00:00:00+09:00,98207.98292242462,98403.42169440955,96839.91151853015,97230.7890625,6327,0.0,0.0
2026-03-30 00:00:00+09:00,96253.59075453368,96253.59075453368,94299.203125,94299.203125,6632,0.0,0.0
2026-03-31 00:00:00+09:00,94396.9216293239,94787.79915159853,93224.2890625,93224.2890625,8610,0.0,0.0
2026-04-01 00:00:00+09:00,94690.0815109503,95471.83656986424,94201.4845991291,95374.1171875,5203,0.0,0.0
2026-04-02 00:00:00+09:00,95569.55830078124,96058.15522460936,93517.45122070312,93810.609375,7529,0.0,0.0
2026-04-03 00:00:00+09:00,94396.92777670278,94885.52471136481,93810.61145510836,94690.0859375,4035,0.0,0.0
2026-04-06 00:00:00+09:00,94592.36401593011,95374.11909044193,94592.36401593011,95080.9609375,2230,0.0,0.0
2026-04-07 00:00:00+09:00,95178.67628619442,96155.87008790072,94299.20186465874,94494.640625,3725,0.0,0.0
2026-04-08 00:00:00+09:00,95471.83741767984,96449.03125,94787.80173505572,96449.03125,6641,0.0,0.0
2026-04-09 00:00:00+09:00,96839.90728153786,96937.62666325485,94983.23902891504,95471.8359375,6767,0.0,0.0
2026-04-10 00:00:00+09:00,96253.58972005874,96253.58972005874,94885.51839408836,95667.2734375,6556,0.0,0.0
2026-04-13 00:00:00+09:00,95667.27660581366,95667.27660581366,94787.80215284908,95178.6796875,3543,0.0,0.0
2026-04-14 00:00:00+09:00,95862.7168445122,96937.63008130081,95764.99745934959,96155.875,6667,0.0,0.0
2026-04-15 00:00:00+09:00,96546.7525406504,97133.06885162601,96155.875,96155.875,6172,0.0,0.0
2026-04-16 00:00:00+09:00,96449.02935606061,96742.1875,95764.9936868687,96742.1875,5517,0.0,0.0
2026-04-17 00:00:00+09:00,96644.47320519348,96839.9119781059,95862.71811354379,95960.4375,4926,0.0,0.0
2026-04-20 00:00:00+09:00,95960.4362296748,96839.9106961382,95960.4362296748,96155.875,5174,0.0,0.0
2026-04-21 00:00:00+09:00,96742.19195066123,96742.19195066123,95764.99809257375,96058.15625,5089,0.0,0.0
2026-04-22 00:00:00+09:00,96058.15414046458,96058.15414046458,94983.24092017453,95178.6796875,4454,0.0,0.0
2026-04-23 00:00:00+09:00,94983.23689307852,95569.55317019629,94299.20123644112,94592.359375,5200,0.0,0.0
2026-04-24 00:00:00+09:00,94690.08466625902,94983.2428231205,94494.64589501802,94885.5234375,2480,0.0,0.0
2026-04-27 00:00:00+09:00,94787.80341756687,95080.96157246656,94299.20649273405,94983.2421875,4667,0.0,0.0
2026-04-28 00:00:00+09:00,94690.07977102986,94690.07977102986,92637.97277908804,93224.2890625,7697,0.0,0.0
2026-04-30 00:00:00+09:00,93224.2909601735,93322.01034273133,92637.9746648265,92931.1328125,5690,0.0,0.0
2026-05-01 00:00:00+09:00,92931.1347161788,93224.2928698576,92540.2571779404,92637.9765625,5177,0.0,0.0
2026-05-07 00:00:00+09:00,93028.84941675504,93224.28817603394,91953.9362407211,92149.375,5748,0.0,0.0
2026-05-08 00:00:00+09:00,92540.25569696161,92540.25569696161,91465.34248400852,91660.78125,7253,0.0,0.0
2026-05-11 00:00:00+09:00,91856.21938232162,92442.53567625133,91563.06123535676,91758.5,4405,0.0,0.0
2026-05-12 00:00:00+09:00,92051.6613356531,92540.2582641863,91074.46747858672,91269.90625,5655,0.0,0.0
2026-05-13 00:00:00+09:00,91660.77911396664,91758.49849468515,90585.86592606298,90781.3046875,3780,0.0,0.0
2026-05-14 00:00:00+09:00,90879.0234375,91172.18157762097,89999.54901713709,90879.0234375,5024,0.0,0.0
2026-05-15 00:00:00+09:00,90781.30595165858,91269.90286205502,90097.27027710357,90585.8671875,4962,0.0,0.0
2026-05-18 00:00:00+09:00,90585.86504289215,90585.86504289215,88924.63558687364,89706.390625,4623,0.0,0.0
2026-05-19 00:00:00+09:00,89608.67714271172,90292.7128460912,89413.23837031759,89999.5546875,3318,0.0,0.0
2026-05-20 00:00:00+09:00,90781.30977707655,91172.18732186483,89413.23837031759,89999.5546875,7985,0.0,0.0
2026-05-21 00:00:00+09:00,90585.87036503525,90585.87036503525,89608.67650996476,90097.2734375,4744,0.0,0.0
2026-05-22 00:00:00+09:00,90390.43223228828,90488.15161848534,89510.95775651466,89999.5546875,4713,0.0,0.0
2026-05-25 00:00:00+09:00,89608.67061683895,90488.14502856365,89510.95123775843,89804.109375,4633,0.0,0.0
2026-05-26 00:00:00+09:00,89804.11655061142,90292.71348505435,89608.67777683424,89901.8359375,4612,0.0,0.0
2026-05-27 00:00:00+09:00,90488.14970576299,90488.14970576299,89510.95586444804,90292.7109375,6420,0.0,0.0
2026-05-28 00:00:00+09:00,89804.11025705645,90976.74281754032,89706.39087701612,90879.0234375,8196,0.0,0.0
2026-05-29 00:00:00+09:00,91465.33881936887,91660.77757752992,89804.109375,89804.109375,15110,0.0,0.0
2026-06-01 00:00:00+09:00,89901.83192013128,89999.55130265317,89022.35747743436,89315.515625,6066,0.0,0.0
2026-06-02 00:00:00+09:00,88924.64253721059,89120.08131201763,87849.72927577178,88631.484375,7615,0.0,0.0
2026-06-03 00:00:00+09:00,88924.6408114154,90194.99282300705,88729.2020404013,90097.2734375,6524,0.0,0.0
2026-06-04 00:00:00+09:00,89510.95160733996,90097.26788424393,88436.038433016,88533.7578125,4556,0.0,0.0
2026-06-05 00:00:00+09:00,89217.79750890899,89901.83319627194,88826.91997327303,89120.078125,4128,0.0,0.0
2026-06-08 00:00:00+09:00,88533.75993852458,89804.1119023224,88240.60179303278,89413.234375,4241,0.0,0.0
2026-06-09 00:00:00+09:00,90097.27260565314,90097.27260565314,88729.20122118552,89022.359375,3084,0.0,0.0
2026-06-10 00:00:00+09:00,89413.23648031655,90292.7109375,88924.63955965909,90292.7109375,3305,0.0,0.0
2026-06-11 00:00:00+09:00,90390.4296875,91465.34290540541,89901.83277027028,90390.4296875,5729,0.0,0.0
2026-06-12 00:00:00+09:00,90488.14591733871,91465.33971774194,89999.54901713709,90879.0234375,10161,0.0,0.0
2026-06-15 00:00:00+09:00,91367.625,91856.2219251337,90585.8699197861,91367.625,4138,0.0,0.0
2026-06-16 00:00:00+09:00,91172.18667807755,91367.62544909165,89608.67650996476,90097.2734375,5059,0.0,0.0
2026-06-17 00:00:00+09:00,90390.43032163149,90585.86908989448,89706.39463271103,90292.7109375,3333,0.0,0.0
2026-06-18 00:00:00+09:00,90292.7109375,90488.14970576299,89510.95586444804,90292.7109375,4553,0.0,0.0
2026-06-19 00:00:00+09:00,90390.42842334142,90879.02533373787,89999.55089502428,90585.8671875,5634,0.0,0.0
2026-06-22 00:00:00+09:00,90390.42905473812,90488.1484375,89706.39337540496,90488.1484375,5702,0.0,0.0
2026-06-23 00:00:00+09:00,90390.4277933055,90879.02470029633,90097.269649111,90683.5859375,6231,0.0,0.0
2026-06-24 00:00:00+09:00,90976.74281754032,91074.46219758064,90292.70715725806,90879.0234375,5579,0.0,0.0
2026-06-25 00:00:00+09:00,90976.74556902985,92344.81693097015,90585.86803704691,91660.78125,5290,0.0,0.0
2026-06-26 00:00:00+09:00,92442.53464388772,93322.00907496065,91758.49897527545,93126.5703125,6127,0.0,0.0
2026-06-29 00:00:00+09:00,93126.5703125,93615.16721865162,92735.6927875787,93126.5703125,5591,0.0,0.0
2026-06-30 00:00:00+09:00,93028.85346417282,93810.60853530031,92735.6953125,92735.6953125,5900,0.0,0.0
2026-07-01 00:00:00+09:00,92637.97636217948,92735.69574652778,91367.6243656517,91465.34375,6190,0.0,0.0
2026-07-02 00:00:00+09:00,91953.94213299418,93126.57476380814,91758.50336119186,92442.5390625,6641,0.0,0.0
2026-07-03 00:00:00+09:00,92833.4130251556,94396.92313926348,92637.97426089212,94201.484375,6328,0.0,0.0
2026-07-06 00:00:00+09:00,94494.64652867269,95374.12100515465,94201.48836984536,94787.8046875,5767,0.0,0.0
2026-07-07 00:00:00+09:00,95276.3950316374,95667.27254971591,94592.359375,94592.359375,5927,0.0,0.0
2026-07-08 00:00:00+09:00,94787.79939829191,95080.95754076086,94299.202494177,94396.921875,3600,0.0,0.0
2026-07-09 00:00:00+09:00,94396.9225064767,94983.23879533679,94103.76436204664,94299.203125,4083,0.0,0.0
2026-07-10 00:00:00+09:00,94299.203125,94690.08065090673,94201.48374352332,94299.203125,4576,0.0,0.0
2026-07-13 00:00:00+09:00,94396.92777670278,95178.68287216203,94299.20838977039,94690.0859375,4619,0.0,0.0
2026-07-14 00:00:00+09:00,94787.7990136619,95960.43157877937,94690.07963323545,95667.2734375,5421,0.0,0.0
2026-07-15 00:00:00+09:00,96155.87627291241,96742.1925916497,95960.4375,95960.4375,6264,0.0,0.0
2026-07-16 00:00:00+09:00,96058.15159285531,96644.4678792817,95276.3965442868,95569.5546875,6119,0.0,0.0
2026-07-17 00:00:00+09:00,95569.55805837564,97328.50697969543,95471.83867385787,96253.59375,5676,0.0,0.0
2026-07-21 00:00:00+09:00,97133.06840835005,98110.26225551654,96839.9102542001,97426.2265625,6050,0.0,0.0
2026-07-22 00:00:00+09:00,97523.94467905405,97817.1028293919,96937.62837837839,97621.6640625,6008,0.0,0.0
2026-07-23 00:00:00+09:00,97230.78652871623,98110.26097972973,97230.78652871623,97621.6640625,5990,0.0,0.0
2026-07-24 00:00:00+09:00,97719.38091974077,98501.1359670987,96742.18711054337,98012.5390625,7605,0.0,0.0
2026-07-27 00:00:00+09:00,98501.13746298123,99282.89252221124,98207.97931576999,98989.734375,8616,0.0,0.0
2026-07-28 00:00:00+09:00,98794.29959672473,100260.09039192836,98598.86082403091,99576.0546875,7879,0.0,0.0
2026-07-29 00:00:00+09:00,100162.36740597879,101335.0,99673.77049180328,101335.0,16962,0.0,0.0
2026-07-30 00:00:00+09:00,100100.0,101400.0,99500.0,101400.0,12226,2365.0,0.0
2026-07-31 00:00:00+09:00,100500.0,100600.0,98900.0,98900.0,8827,0.0,0.0
2026-08-03 00:00:00+09:00,99000.0,99000.0,96300.0,96300.0,11877,0.0,0.0
2026-08-04 00:00:00+09:00,97000.0,97100.0,94800.0,95100.0,7517,0.0,0.0
2026-08-05 00:00:00+09:00,95800.0,96100.0,94900.0,96000.0,6128,0.0,0.0
2026-08-06 00:00:00+09:00,96000.0,96200.0,95300.0,96200.0,5052,0.0,0.0
2026-08-07 00:00:00+09:00,96200.0,96800.0,95000.0,95500.0,5891,0.0,0.0
2026-08-10 00:00:00+09:00,95600.0,95800.0,94900.0,95400.0,4934,0.0,0.0
2026-08-12 00:00:00+09:00,96000.0,96000.0,94800.0,95700.0,5115,0.0,0.0
2026-08-13 00:00:00+09:00,95800.0,96300.0,94800.0,94900.0,6840,0.0,0.0
2026-08-14 00:00:00+09:00,95000.0,95400.0,94400.0,94900.0,6187,0.0,0.0
2026-08-17 00:00:00+09:00,95800.0,96300.0,95100.0,95300.0,5793,0.0,0.0
2026-08-18 00:00:00+09:00,95800.0,95800.0,94600.0,95700.0,7150,0.0,0.0
2026-08-19 00:00:00+09:00,95200.0,96000.0,95000.0,95500.0,7719,0.0,0.0
2026-08-20 00:00:00+09:00,96100.0,96600.0,95300.0,95900.0,10150,0.0,0.0
2026-08-21 00:00:00+09:00,95900.0,96000.0,94900.0,95200.0,6252,0.0,0.0
2026-08-24 00:00:00+09:00,96000.0,96300.0,95100.0,95900.0,8332,0.0,0.0
2026-08-25 00:00:00+09:00,95900.0,96300.0,95700.0,95900.0,6531,0.0,0.0
2026-08-26 00:00:00+09:00,96400.0,96700.0,95500.0,95500.0,6322,0.0,0.0
2026-08-27 00:00:00+09:00,95100.0,96300.0,95000.0,96100.0,10848,0.0,0.0
2026-08-28 00:00:00+09:00,95300.0,95700.0,93800.0,94600.0,9905,0.0,0.0
2026-08-31 00:00:00+09:00,94600.0,95000.0,94000.0,94300.0,6893,0.0,0.0
2026-09-01 00:00:00+09:00,94300.0,95000.0,94000.0,95000.0,6728,0.0,0.0
2026-09-02 00:00:00+09:00,94400.0,95000.0,93900.0,94800.0,5730,0.0,0.0
2026-09-03 00:00:00+09:00,94900.0,95100.0,94100.0,94500.0,5630,0.0,0.0
2026-09-04 00:00:00+09:00,94000.0,94700.0,94000.0,94400.0,6267,0.0,0.0
2026-09-07 00:00:00+09:00,94500.0,94500.0,93900.0,94100.0,6913,0.0,0.0
2026-09-08 00:00:00+09:00,93600.0,94000.0,93100.0,93200.0,8435,0.0,0.0
2026-09-09 00:00:00+09:00,93200.0,94000.0,93100.0,93800.0,5932,0.0,0.0
2026-09-10 00:00:00+09:00,93800.0,93900.0,93000.0,93500.0,4392,0.0,0.0
2026-09-11 00:00:00+09:00,95000.0,95100.0,92200.0,92400.0,12108,0.0,0.0
2026-09-14 00:00:00+09:00,92500.0,93100.0,92300.0,92700.0,6334,0.0,0.0
2026-09-15 00:00:00+09:00,92400.0,92700.0,90500.0,91900.0,9268,0.0,0.0
2026-09-16 00:00:00+09:00,91400.0,92300.0,91000.0,92300.0,8723,0.0,0.0
2026-09-17 00:00:00+09:00,92200.0,92400.0,91600.0,92400.0,6841,0.0,0.0
2026-09-18 00:00:00+09:00,92300.0,92400.0,90900.0,90900.0,41751,0.0,0.0
2026-09-24 00:00:00+09:00,90900.0,92400.0,90800.0,92100.0,10064,0.0,0.0
2026-09-25 00:00:00+09:00,92100.0,92600.0,91200.0,91700.0,4284,0.0,0.0
2026-09-28 00:00:00+09:00,91800.0,91800.0,91200.0,91500.0,6684,0.0,0.0
2026-09-29 00:00:00+09:00,91000.0,91100.0,90100.0,90300.0,6884,0.0,0.0
2026-09-30 00:00:00+09:00,90300.0,90600.0,90000.0,90100.0,6599,0.0,0.0
2026-10-01 00:00:00+09:00,90100.0,90800.0,89900.0,90400.0,9203,0.0,0.0
2026-10-02 00:00:00+09:00,90300.0,90300.0,88200.0,88200.0,6775,0.0,0.0
2026-10-05 00:00:00+09:00,88200.0,88300.0,86600.0,86800.0,2272,0.0,0.0
