Date,Open,High,Low,Close,Volume,Dividends,Stock Splits
2021-10-11 00:00:00+09:00,143135.07290257106,145691.05634725982,141955.38823579162,145297.828125,4696,0.0,0.0
2021-10-12 00:00:00+09:00,145494.42984693876,145691.04394132653,144118.1311862245,144511.359375,4452,0.0,0.0
2021-10-13 00:00:00+09:00,145101.21875,146477.51757283197,144511.37639735773,145101.21875,9180,0.0,0.0
2021-10-14 00:00:00+09:00,144511.35790215165,145101.20017930327,142938.44516308059,143921.515625,6040,0.0,0.0
2021-10-15 00:00:00+09:00,143331.65465777853,144707.953125,142545.19839079483,144707.953125,6132,0.0,0.0
2021-10-18 00:00:00+09:00,144707.99051490513,145101.21875,142152.00698678862,145101.21875,6284,0.0,0.0
2021-10-19 00:00:00+09:00,143724.92386049722,144511.38035220993,140579.0978936464,142348.625,13596,0.0,0.0
2021-10-20 00:00:00+09:00,142348.62025862068,143528.30495689655,141168.93556034483,142545.234375,10756,0.0,0.0
2021-10-21 00:00:00+09:00,143528.2910428273,143724.90514014623,141168.921875,141168.921875,7032,0.0,0.0
2021-10-22 00:00:00+09:00,141758.7693378713,142545.22575583452,139006.171875,139006.171875,7280,0.0,0.0
2021-10-25 00:00:00+09:00,138612.94509242958,140185.85794454225,138612.94509242958,139596.015625,8244,0.0,0.0
2021-10-26 00:00:00+09:00,139596.01519097222,142545.2267795139,139596.01519097222,141562.15625,8076,0.0,0.0
2021-10-27 00:00:00+09:00,142741.81245754077,144904.5671917459,142741.81245754077,144707.953125,14380,0.0,0.0
2021-10-28 00:00:00+09:00,143906.265625,144707.97184018104,142302.85319463786,143906.265625,8248,3500.0,0.0
2021-10-29 00:00:00+09:00,143304.98753900832,144507.546875,142102.42820301664,144507.546875,6392,0.0,0.0
2021-11-01 00:00:00+09:00,143906.2734484572,144307.1265778401,142904.140625,142904.140625,3416,0.0,0.0
2021-11-02 00:00:00+09:00,143505.41402953587,143906.26714135022,142302.85469409285,142503.28125,2956,0.0,0.0
2021-11-04 00:00:00+09:00,143304.98905812326,144307.1218487395,142503.28282563025,143104.5625,2252,0.0,0.0
2021-11-05 00:00:00+09:00,144106.69376300278,144507.546875,143104.5609830097,144507.546875,2888,0.0,0.0
2021-11-08 00:00:00+09:00,144507.56570345187,144507.56570345187,142503.29988232217,143705.859375,3788,0.0,0.0
2021-11-09 00:00:00+09:00,143906.26553672316,143906.26553672316,141501.14689265535,141902.0,4596,0.0,0.0
2021-11-10 00:00:00+09:00,142102.421875,142302.84842207335,141300.71568670662,142102.421875,3076,0.0,0.0
2021-11-11 00:00:00+09:00,142102.421875,143304.98115744005,141300.71568670662,142102.421875,2632,0.0,0.0
2021-11-12 00:00:00+09:00,142703.7125,142904.1390625,141701.5796875,142302.859375,3452,0.0,0.0
2021-11-15 00:00:00+09:00,142302.859375,142703.7125,141701.5796875,142302.859375,3356,0.0,0.0
2021-11-16 00:00:00+09:00,142302.86247381286,143906.27500872905,142102.43590694832,143505.421875,4712,0.0,0.0
2021-11-17 00:00:00+09:00,142703.72646443514,144908.41886767783,142703.72646443514,143705.859375,5892,0.0,0.0
2021-11-18 00:00:00+09:00,144106.68734573343,144106.68734573343,140699.4360454866,142102.421875,9052,0.0,0.0
2021-11-19 00:00:00+09:00,142302.85469409285,142503.28125,141300.72191455698,142503.28125,4208,0.0,0.0
2021-11-22 00:00:00+09:00,142703.71092644977,143906.27028818952,141701.578125,141701.578125,3892,0.0,0.0
2021-11-24 00:00:00+09:00,142102.4560533217,144507.5751966783,142102.4560533217,143305.015625,7744,0.0,0.0
2021-11-25 00:00:00+09:00,144507.55156249998,145309.2578125,143304.9921875,144307.125,3316,0.0,0.0
2021-11-26 00:00:00+09:00,144106.6936972574,144307.12025316455,141501.14847046413,142503.28125,6640,0.0,0.0
2021-11-29 00:00:00+09:00,142302.8752232143,142302.8752232143,139096.04986607144,140298.609375,8356,0.0,0.0
2021-11-30 00:00:00+09:00,141701.58449746008,143505.42362119013,138093.90625,138093.90625,15060,0.0,0.0
2021-12-01 00:00:00+09:00,138695.1922033285,140499.03140828508,138093.91246834298,138494.765625,11964,0.0,0.0
2021-12-02 00:00:00+09:00,138494.761019978,140098.17359329178,136690.921875,136690.921875,11756,0.0,0.0
2021-12-03 00:00:00+09:00,138093.90311598123,139897.74219877346,138093.90311598123,138895.609375,8504,0.0,0.0
2021-12-06 00:00:00+09:00,139496.89216738197,140499.025013412,138494.7593213519,140098.171875,4576,0.0,0.0
2021-12-07 00:00:00+09:00,140098.17825162807,141701.59087825616,137492.63273335746,138494.765625,11488,0.0,0.0
2021-12-08 00:00:00+09:00,138695.17505372493,140499.01403563752,138695.17505372493,139897.734375,10576,0.0,0.0
2021-12-09 00:00:00+09:00,138895.603178495,141100.29529243938,138294.32351105564,140499.015625,10824,0.0,0.0
2021-12-10 00:00:00+09:00,140699.44218081312,140699.44218081312,138895.603178495,140499.015625,8244,0.0,0.0
2021-12-13 00:00:00+09:00,140899.8765939296,141100.30316091955,139096.0374910201,139496.890625,4668,0.0,0.0
2021-12-14 00:00:00+09:00,139897.74692919076,140298.60007225434,138294.33435693642,138695.1875,5368,0.0,0.0
2021-12-15 00:00:00+09:00,139096.05777877697,139697.33756744605,138093.92479766186,139296.484375,3168,0.0,0.0
2021-12-16 00:00:00+09:00,139897.7483599291,142102.44066932626,139697.32178634751,141300.734375,5212,0.0,0.0
2021-12-17 00:00:00+09:00,141300.73873446134,145108.84375,140499.03241540055,145108.84375,13952,0.0,0.0
2021-12-20 00:00:00+09:00,143304.99379960317,143505.42036435785,138294.32968073594,138895.609375,7952,0.0,0.0
2021-12-21 00:00:00+09:00,137893.4591911765,137893.4591911765,135688.7672564338,136290.046875,6616,0.0,0.0
2021-12-22 00:00:00+09:00,136089.63126376653,136490.484375,134486.2188188326,136490.484375,5656,0.0,0.0
2021-12-23 00:00:00+09:00,136891.34683417997,139096.03909651667,136490.4936955733,138093.90625,4496,0.0,0.0
2021-12-24 00:00:00+09:00,139496.91097122303,139897.76416366905,138895.63118255395,139296.484375,2640,0.0,0.0
2021-12-27 00:00:00+09:00,139697.32509497105,139697.32509497105,138294.3390466715,138494.765625,2356,0.0,0.0
2021-12-28 00:00:00+09:00,140899.8640491453,141300.7171474359,139897.7313034188,140699.4375,4056,0.0,0.0
2021-12-29 00:00:00+09:00,140899.86886702495,144707.97343099862,140699.44231102636,144507.546875,6452,0.0,0.0
2021-12-30 00:00:00+09:00,144106.6936972574,144106.6936972574,141902.0015822785,142503.28125,4052,0.0,0.0
2022-01-04 00:00:00+09:00,142503.29988232217,144307.1391213389,141701.5935538703,143705.859375,2992,0.0,0.0
2022-01-05 00:00:00+09:00,144507.5451977401,145509.67796610168,141902.0,141902.0,5116,0.0,0.0
2022-01-06 00:00:00+09:00,141902.00310724432,142904.1358975497,139496.88441051135,141100.296875,6036,0.0,0.0
2022-01-07 00:00:00+09:00,141300.7250044201,143104.5640470297,140699.4453235502,141701.578125,5148,0.0,0.0
2022-01-11 00:00:00+09:00,143906.2686878551,144707.97492009943,141100.296875,141100.296875,3440,0.0,0.0
2022-01-12 00:00:00+09:00,141901.99532792665,143104.5546103667,141300.71568670662,142102.421875,4036,0.0,0.0
2022-01-13 00:00:00+09:00,145309.2467837274,145509.6733310153,143505.40785813628,144106.6875,9104,0.0,0.0
2022-01-14 00:00:00+09:00,144307.1391213389,144707.99228556486,143305.00621077407,143705.859375,6332,0.0,0.0
2022-01-17 00:00:00+09:00,143705.86881555946,144708.00179195806,142703.73583916086,143305.015625,3476,0.0,0.0
2022-01-18 00:00:00+09:00,142703.70151622003,143505.4077045134,141300.71568670662,142102.421875,5328,0.0,0.0
2022-01-19 00:00:00+09:00,141300.71840277777,141701.57150462962,134686.64222222223,135287.921875,10616,0.0,0.0
2022-01-20 00:00:00+09:00,136290.05925076452,136690.91236620795,131078.96875,131078.96875,14312,0.0,0.0
2022-01-21 00:00:00+09:00,129074.69712990937,133283.6546450151,125867.87235649547,132682.375,13804,0.0,0.0
2022-01-24 00:00:00+09:00,132682.4000473485,133684.53297821968,130076.85442708332,132281.546875,7728,0.0,0.0
2022-01-25 00:00:00+09:00,132481.95465405198,132682.3812117737,129275.12973050457,131078.96875,6528,0.0,0.0
2022-01-26 00:00:00+09:00,131279.38916163144,133684.50774169186,130277.25641993959,132682.375,4788,0.0,0.0
2022-01-27 00:00:00+09:00,133083.243585044,136891.34844666423,132081.11072672287,136690.921875,8656,0.0,0.0
2022-01-28 00:00:00+09:00,135889.1878179506,138294.3061864099,134486.202103016,137893.453125,7144,0.0,0.0
2022-01-31 00:00:00+09:00,139897.74375897986,141100.30316091955,138494.75779005027,139496.890625,7788,0.0,0.0
2022-02-01 00:00:00+09:00,141501.15792815675,141701.58449746008,137492.62654208997,138093.90625,7556,0.0,0.0
2022-02-02 00:00:00+09:00,139496.86537063954,139496.86537063954,137492.60006359013,137893.453125,3416,0.0,0.0
2022-02-03 00:00:00+09:00,137693.05931168597,139897.75167329956,137693.05931168597,138494.765625,4464,0.0,0.0
2022-02-04 00:00:00+09:00,138494.761019978,139496.8938782991,136690.921875,136690.921875,2832,0.0,0.0
2022-02-07 00:00:00+09:00,136690.90773148148,137091.76083333333,134686.64222222223,135287.921875,3276,0.0,0.0
2022-02-08 00:00:00+09:00,135889.209375,137292.1953125,133484.09062499998,134285.796875,4492,0.0,0.0
2022-02-09 00:00:00+09:00,133283.66865335053,136891.34690261414,131680.25609812225,136089.640625,7684,0.0,0.0
2022-02-10 00:00:00+09:00,136290.0732633864,138695.1922033285,135889.22010672936,138494.765625,8020,0.0,0.0
2022-02-14 00:00:00+09:00,135889.2125563063,136290.06569069068,133083.24061561562,133484.09375,6000,0.0,0.0
2022-02-15 00:00:00+09:00,134085.36721068248,137091.765578635,133283.66097922847,135087.5,7372,0.0,0.0
2022-02-16 00:00:00+09:00,135889.21875,136690.92505530972,135087.51244469028,135889.21875,4956,0.0,0.0
2022-02-17 00:00:00+09:00,137492.62807080927,139296.46721459538,136891.3483562139,138695.1875,4256,0.0,0.0
2022-02-18 00:00:00+09:00,137091.765625,137693.04529879385,136290.05939327486,137091.765625,2704,0.0,0.0
2022-02-21 00:00:00+09:00,136891.34844666423,138093.90787664955,136290.06873167155,136690.921875,2188,0.0,0.0
2022-02-22 00:00:00+09:00,135287.921875,136490.48118055557,133884.93601851852,135287.921875,5676,0.0,0.0
2022-02-24 00:00:00+09:00,135287.9359654018,138093.9079706101,133283.6702473958,134686.65625,11432,0.0,0.0
2022-02-25 00:00:00+09:00,134686.64688427298,135488.353115727,133484.08753709198,135087.5,5548,0.0,0.0
2022-02-28 00:00:00+09:00,134285.8015003682,136290.06719440356,134285.8015003682,136089.640625,5356,0.0,0.0
2022-03-01 00:00:00+09:00,136290.05781938325,137492.6171530837,135688.77815253302,136490.484375,3120,0.0,0.0
2022-03-02 00:00:00+09:00,136690.93278733527,137693.06572565885,135488.373261347,136891.359375,3796,0.0,0.0
2022-03-03 00:00:00+09:00,137693.0515670554,138695.18440233235,137292.1984329446,137492.625,3432,0.0,0.0
2022-03-04 00:00:00+09:00,137091.7782079646,137492.63136061947,135087.51244469028,135889.21875,4808,0.0,0.0
2022-03-07 00:00:00+09:00,136290.05462962962,136690.90773148148,134686.64222222223,135287.921875,4908,0.0,0.0
2022-03-08 00:00:00+09:00,135889.23621460507,136690.94262295082,134486.25,134486.25,4544,0.0,0.0
2022-03-09 00:00:00+09:00,134285.82379916793,135287.95681259455,132481.984375,132481.984375,8204,0.0,0.0
2022-03-10 00:00:00+09:00,133083.2298148148,136490.48118055557,133083.2298148148,135287.921875,4808,0.0,0.0
2022-03-11 00:00:00+09:00,136490.49539620534,138093.9079706101,134486.2296781994,134686.65625,7856,0.0,0.0
2022-03-14 00:00:00+09:00,136690.9203332106,137492.62661082475,136089.640625,136089.640625,3404,0.0,0.0
2022-03-15 00:00:00+09:00,135488.3484259259,137292.18738425925,134686.64222222223,135287.921875,5868,0.0,0.0
2022-03-16 00:00:00+09:00,134887.08721508682,139096.04535998552,134887.08721508682,138494.765625,7292,0.0,0.0
2022-03-17 00:00:00+09:00,139296.4593794835,140298.59218077475,138494.7531384505,139697.3125,3888,0.0,0.0
2022-03-18 00:00:00+09:00,140499.01720081674,141902.00310724432,140499.01720081674,141100.296875,6860,0.0,0.0
2022-03-22 00:00:00+09:00,142703.7247928177,146311.40322859117,140899.88557493093,145108.84375,8900,0.0,0.0
2022-03-23 00:00:00+09:00,145108.8280812325,145108.8280812325,141300.72347689077,143104.5625,5236,0.0,0.0
2022-03-24 00:00:00+09:00,143104.5686983471,145710.1140668044,142302.86243112947,145509.6875,7148,0.0,0.0
2022-03-25 00:00:00+09:00,145910.5375,145910.5375,143505.41874999998,144307.125,4724,0.0,0.0
2022-03-28 00:00:00+09:00,145910.52028885833,146511.7999054333,144106.68143913342,145710.09375,3848,0.0,0.0
2022-03-29 00:00:00+09:00,146311.38600708504,148716.5046811741,146311.38600708504,148516.078125,4836,0.0,0.0
2022-03-30 00:00:00+09:00,150720.75579019074,150921.18232714577,145108.8127554496,147113.078125,5972,0.0,0.0
2022-03-31 00:00:00+09:00,145309.2531634747,148315.65150478797,145309.2531634747,146511.8125,6124,0.0,0.0
2022-04-01 00:00:00+09:00,145509.69359756098,147914.8125,143705.8544207317,147914.8125,8260,0.0,0.0
2022-04-04 00:00:00+09:00,150319.93771114867,150319.93771114867,145108.84653716217,148315.671875,5716,0.0,0.0
2022-04-05 00:00:00+09:00,149117.37820945948,149117.37820945948,147313.53895692568,148315.671875,3904,0.0,0.0
2022-04-06 00:00:00+09:00,148115.2108097752,148315.63734673025,146712.22505108992,147113.078125,4444,0.0,0.0
2022-04-07 00:00:00+09:00,147513.9436813187,147513.9436813187,145108.82503434067,145910.53125,5892,0.0,0.0
2022-04-08 00:00:00+09:00,146511.82037796787,147513.9532122905,143104.56874127095,143505.421875,4236,0.0,0.0
2022-04-11 00:00:00+09:00,142302.8733002092,144507.56570345187,142102.44671809624,143705.859375,3520,0.0,0.0
2022-04-12 00:00:00+09:00,143705.86881555946,144708.00179195806,142904.16243444057,143305.015625,5424,0.0,0.0
2022-04-13 00:00:00+09:00,143705.83425158673,144707.96698695346,140699.4360454866,142102.421875,7404,0.0,0.0
2022-04-14 00:00:00+09:00,141701.57344632767,142302.85310734462,140699.4406779661,141902.0,5672,0.0,0.0
2022-04-15 00:00:00+09:00,141701.57344632767,142703.70621468927,140499.01412429378,141902.0,6088,0.0,0.0
2022-04-18 00:00:00+09:00,141501.14223377997,142503.27496914667,141100.28913963327,142102.421875,4188,0.0,0.0
2022-04-19 00:00:00+09:00,142503.27334897307,142503.27334897307,140899.86099061614,141501.140625,6768,0.0,0.0
2022-04-20 00:00:00+09:00,142302.8672429078,142302.8672429078,140098.17493351066,141300.734375,6688,0.0,0.0
2022-04-21 00:00:00+09:00,141701.57344632767,142503.27966101695,141300.72033898305,141902.0,5916,0.0,0.0
2022-04-22 00:00:00+09:00,142102.42655367233,142503.27966101695,140899.8672316384,141902.0,6268,0.0,0.0
2022-04-25 00:00:00+09:00,141501.140625,141901.99371458922,140098.15481143768,141501.140625,7448,0.0,0.0
2022-04-26 00:00:00+09:00,141300.72343306107,143304.98901367188,140499.01720081674,141100.296875,19120,0.0,0.0
2022-04-27 00:00:00+09:00,141100.30368125904,142327.26284370478,140282.33090629522,141304.796875,5932,3500.0,0.0
2022-04-28 00:00:00+09:00,141509.30029368575,142327.27312775332,139259.875,139259.875,6136,0.0,0.0
2022-05-02 00:00:00+09:00,139259.8562590318,142736.24033598267,138237.39035404625,141509.28125,5104,0.0,0.0
2022-05-06 00:00:00+09:00,140691.32675753228,142531.765625,140077.84713504303,142531.765625,4792,0.0,0.0
2022-05-09 00:00:00+09:00,141713.7626953125,142122.7490234375,139873.32421875,140691.296875,5808,0.0,0.0
2022-05-10 00:00:00+09:00,140486.82173507463,140486.82173507463,137010.4375,137010.4375,8796,0.0,0.0
2022-05-11 00:00:00+09:00,135169.99799679487,137623.91626602566,135169.99799679487,135578.984375,10396,0.0,0.0
2022-05-12 00:00:00+09:00,134147.52925531915,136601.44747340426,133329.55651595743,134556.515625,5916,0.0,0.0
2022-05-13 00:00:00+09:00,134965.5189732143,138441.9035528274,134965.5189732143,137419.4375,7676,0.0,0.0
2022-05-16 00:00:00+09:00,137828.41105059083,139873.34296528803,137419.4246676514,138441.890625,4980,0.0,0.0
2022-05-17 00:00:00+09:00,137623.9178591211,138850.87700793942,137010.43828471197,138441.890625,3076,0.0,0.0
2022-05-18 00:00:00+09:00,138032.90501644736,140077.83694261697,137828.4118238304,139873.34375,3540,0.0,0.0
2022-05-19 00:00:00+09:00,138032.89349724265,140282.31842830882,137623.9071461397,139055.359375,3576,0.0,0.0
2022-05-20 00:00:00+09:00,138441.88983208954,139464.35578358208,136805.9443097015,137010.4375,5680,0.0,0.0
2022-05-23 00:00:00+09:00,135987.99739583334,137010.4635416667,134965.53125,134965.53125,6136,0.0,0.0
2022-05-24 00:00:00+09:00,135170.00329326923,135374.4964903846,132511.59173076923,132920.578125,12164,0.0,0.0
2022-05-25 00:00:00+09:00,133943.0651041667,135783.50416666668,133738.571875,134965.53125,14740,0.0,0.0
2022-05-26 00:00:00+09:00,134965.53125,136601.47708333333,134352.0515625,134965.53125,11788,0.0,0.0
2022-05-27 00:00:00+09:00,135169.97559478853,135987.94821563445,132920.55088746225,135374.46875,12428,0.0,0.0
2022-05-30 00:00:00+09:00,135374.46875,135987.94821563445,134352.0029739426,135374.46875,5656,0.0,0.0
2022-05-31 00:00:00+09:00,135578.96190521147,136192.44137084592,134760.98928436555,135374.46875,8192,0.0,0.0
2022-06-01 00:00:00+09:00,136192.45994190403,137010.43267428785,135578.98039261618,136396.953125,7344,0.0,0.0
2022-06-02 00:00:00+09:00,136192.47351457397,137010.44632847531,135170.0074971973,136805.953125,6408,0.0,0.0
2022-06-03 00:00:00+09:00,136601.43947072074,137010.42581644145,135578.97360641893,136192.453125,6504,0.0,0.0
2022-06-06 00:00:00+09:00,135578.984375,136192.4639423077,134556.5184294872,135578.984375,5060,0.0,0.0
2022-06-07 00:00:00+09:00,135374.4979762801,135987.97757435995,134965.51157756025,135783.484375,4468,0.0,0.0
2022-06-08 00:00:00+09:00,135783.4871076233,137010.44632847531,135578.99390414797,136805.953125,3240,0.0,0.0
2022-06-09 00:00:00+09:00,136805.9490852526,138032.9082698737,135987.9762955052,137623.921875,3024,0.0,0.0
2022-06-10 00:00:00+09:00,137623.89345732628,137623.89345732628,135169.97559478853,135374.46875,4896,0.0,0.0
2022-06-13 00:00:00+09:00,134965.52240922843,136396.97491962934,134147.5495461422,135170.015625,5320,0.0,0.0
2022-06-14 00:00:00+09:00,133943.04153993327,134147.53473312402,128217.23213059262,130262.1640625,13836,0.0,0.0
2022-06-15 00:00:00+09:00,131284.6243271531,136192.46075059808,127399.25382525916,128217.2265625,21160,0.0,0.0
2022-06-16 00:00:00+09:00,131693.60058139535,132920.55959302327,130671.1347383721,131898.09375,9236,0.0,0.0
2022-06-17 00:00:00+09:00,129853.1591796875,134760.9951171875,129444.1728515625,134147.515625,11872,0.0,0.0
2022-06-20 00:00:00+09:00,133943.0224609375,134965.48828125,132511.5703125,134147.515625,6264,0.0,0.0
2022-06-21 00:00:00+09:00,135374.48720952024,137419.41904047976,134761.00766023237,136396.953125,7928,0.0,0.0
2022-06-22 00:00:00+09:00,136396.95713141028,136805.9435096154,134965.5048076923,135578.984375,8712,0.0,0.0
2022-06-23 00:00:00+09:00,135374.48043355855,137623.90533502251,135374.48043355855,136192.453125,13044,0.0,0.0
2022-06-24 00:00:00+09:00,135987.96875,136192.46193609023,134556.51644736843,135987.96875,6024,0.0,0.0
2022-06-27 00:00:00+09:00,135987.9735450973,137419.4258982036,135578.98715849553,136601.453125,9104,0.0,0.0
2022-06-28 00:00:00+09:00,135374.4927529542,138646.38381646972,135374.4927529542,138441.890625,10624,0.0,0.0
2022-06-29 00:00:00+09:00,138032.91574889867,139873.35462555065,137623.9293318649,139259.875,7900,0.0,0.0
2022-06-30 00:00:00+09:00,139464.36820851688,139873.35462555065,138032.91574889867,139259.875,6432,0.0,0.0
2022-07-01 00:00:00+09:00,139055.37019940914,139259.86339087886,137010.43828471197,138441.890625,5800,0.0,0.0
2022-07-04 00:00:00+09:00,139464.34944002892,141509.28125,139259.8562590318,141509.28125,7004,0.0,0.0
2022-07-05 00:00:00+09:00,140895.8104875181,141713.7832624819,140077.8377125543,141304.796875,5880,0.0,0.0
2022-07-06 00:00:00+09:00,140486.8301551095,141713.78937043794,139668.8573448905,140077.84375,5952,0.0,0.0
2022-07-07 00:00:00+09:00,140282.32413949276,141918.26961050724,140282.32413949276,141100.296875,4920,0.0,0.0
2022-07-08 00:00:00+09:00,141100.30290570174,141304.7960983187,139668.85055738303,139873.34375,9424,0.0,0.0
2022-07-11 00:00:00+09:00,141918.28600251075,143349.73845498567,141713.79279501433,142531.765625,7016,0.0,0.0
2022-07-12 00:00:00+09:00,143145.22839943343,144372.1875,142122.7624822946,144372.1875,12132,0.0,0.0
2022-07-13 00:00:00+09:00,143758.72148658193,144985.6807026836,143145.24187853106,144781.1875,9308,0.0,0.0
2022-07-14 00:00:00+09:00,143554.20887464887,146008.12697507022,142940.72934954354,145599.140625,8768,0.0,0.0
2022-07-15 00:00:00+09:00,144781.1799107143,144985.6731026786,143145.234375,143145.234375,9360,0.0,0.0
2022-07-19 00:00:00+09:00,143349.72437587904,145803.6426248242,143349.72437587904,145394.65625,7580,0.0,0.0
2022-07-20 00:00:00+09:00,146212.64884635786,146212.64884635786,142940.75740364214,144576.703125,9960,0.0,0.0
2022-07-21 00:00:00+09:00,143963.18653576437,146008.11816269284,143963.18653576437,145803.625,7508,0.0,0.0
2022-07-22 00:00:00+09:00,145394.6554287997,146008.13498757101,143758.7099387429,143963.203125,7128,0.0,0.0
2022-07-25 00:00:00+09:00,144167.675753388,144985.64838177603,142531.73049661197,143349.703125,9332,0.0,0.0
2022-07-26 00:00:00+09:00,143349.72158286118,144781.17386685553,142940.73521600568,144372.1875,7948,0.0,0.0
2022-07-27 00:00:00+09:00,143758.71673315603,144985.67590868793,143554.22353723404,144167.703125,8652,0.0,0.0
2022-07-28 00:00:00+09:00,144167.7132660167,146826.125,144167.7132660167,146826.125,27648,0.0,0.0
2022-07-29 00:00:00+09:00,146008.13181818184,146621.61136363636,144985.66590909092,146212.625,10968,0.0,0.0
2022-08-01 00:00:00+09:00,147030.59857600415,148053.06449099723,146417.1190270083,147644.078125,5896,0.0,0.0
2022-08-02 00:00:00+09:00,147644.07237535113,147644.07237535113,145190.15427492978,145599.140625,4644,0.0,0.0
2022-08-03 00:00:00+09:00,146212.62015010533,146826.09967521066,143554.20887464887,145599.140625,5172,0.0,0.0
2022-08-04 00:00:00+09:00,144985.6807026836,145803.65351341807,143758.72148658193,144781.1875,4256,0.0,0.0
2022-08-05 00:00:00+09:00,144576.68068342775,144781.17386685553,143554.21476628896,144372.1875,5608,0.0,0.0
2022-08-08 00:00:00+09:00,144167.69431657225,144372.1875,143349.72158286118,144372.1875,2908,0.0,0.0
2022-08-09 00:00:00+09:00,145803.625,146212.6113253857,144781.15918653575,145803.625,6444,0.0,0.0
2022-08-10 00:00:00+09:00,145803.65147447182,146212.6378741197,145190.171875,145190.171875,3628,0.0,0.0
2022-08-12 00:00:00+09:00,145803.65147447182,146008.14467429576,144781.1854753521,145190.171875,3080,0.0,0.0
2022-08-15 00:00:00+09:00,146008.125,146212.6181722689,145394.64548319328,146008.125,2376,0.0,0.0
2022-08-16 00:00:00+09:00,146417.147402371,146621.640625,145599.17451185494,146621.640625,2988,0.0,0.0
2022-08-17 00:00:00+09:00,146621.6352766973,146621.6352766973,144372.20990983027,144576.703125,3088,0.0,0.0
2022-08-18 00:00:00+09:00,143963.21468926553,144985.6807026836,143349.7350812147,144781.1875,4020,0.0,0.0
2022-08-19 00:00:00+09:00,145190.18134601956,146826.12705132682,144985.68813285616,146417.140625,4300,0.0,0.0
2022-08-22 00:00:00+09:00,146417.11332514044,146417.11332514044,144985.66109989467,145599.140625,3396,0.0,0.0
2022-08-23 00:00:00+09:00,144985.6670502833,145190.16023371104,144167.69431657225,144372.1875,4476,0.0,0.0
2022-08-24 00:00:00+09:00,144576.6826837713,145599.14861505682,143963.203125,143963.203125,4324,0.0,0.0
2022-08-25 00:00:00+09:00,145394.64548319328,146417.1113445378,145190.15231092437,146008.125,2748,0.0,0.0
2022-08-26 00:00:00+09:00,146826.10454545455,146826.10454545455,146008.13181818184,146212.625,2048,0.0,0.0
2022-08-29 00:00:00+09:00,145394.65227272728,146826.10454545455,144576.67954545454,146212.625,4692,0.0,0.0
2022-08-30 00:00:00+09:00,146417.1257780083,148053.07131742738,146417.1257780083,147848.578125,3100,0.0,0.0
2022-08-31 00:00:00+09:00,148053.0822048611,148462.06861979165,146621.62975260417,147235.109375,4704,0.0,0.0
2022-09-01 00:00:00+09:00,148462.036115007,148666.52927769985,145803.625,145803.625,5964,0.0,0.0
2022-09-02 00:00:00+09:00,146621.61739686178,146621.61739686178,144985.671875,144985.671875,3984,0.0,0.0
2022-09-05 00:00:00+09:00,145190.1590909091,147235.0909090909,145190.1590909091,146212.625,2632,0.0,0.0
2022-09-06 00:00:00+09:00,146826.09768907563,146826.09768907563,145394.64548319328,146008.125,3340,0.0,0.0
2022-09-07 00:00:00+09:00,145394.66507482395,146008.14467429576,144985.67867517605,145190.171875,3668,0.0,0.0
2022-09-08 00:00:00+09:00,145803.6338000351,146621.60650017555,145394.6474499649,145599.140625,4108,0.0,0.0
2022-09-09 00:00:00+09:00,145190.1590909091,147030.59772727272,145190.1590909091,146212.625,5096,0.0,0.0
2022-09-12 00:00:00+09:00,146417.1181818182,146621.61136363636,145803.63863636364,146212.625,3108,0.0,0.0
2022-09-13 00:00:00+09:00,145803.6318277311,146008.125,144781.16596638656,146008.125,5024,0.0,0.0
2022-09-14 00:00:00+09:00,145599.140625,146008.12697507022,144781.16792485956,145599.140625,3784,0.0,0.0
2022-09-15 00:00:00+09:00,146008.1358122363,146621.61537447257,145190.1630625879,145394.65625,4140,0.0,0.0
2022-09-16 00:00:00+09:00,145190.15321601942,147644.07129854368,145190.15321601942,147439.578125,7796,0.0,0.0
2022-09-20 00:00:00+09:00,147644.09990398044,148257.57954347067,146417.140625,146417.140625,4632,0.0,0.0
2022-09-21 00:00:00+09:00,146417.1113445378,146826.09768907563,145803.6318277311,146008.125,4548,0.0,0.0
2022-09-22 00:00:00+09:00,144985.65913865546,146417.1113445378,144372.17962184874,146008.125,3752,0.0,0.0
2022-09-26 00:00:00+09:00,145599.12785306704,146008.11416726105,142940.71681080599,143349.703125,7852,0.0,0.0
2022-09-27 00:00:00+09:00,143963.20144927537,144372.187817029,140282.32413949276,141100.296875,12012,0.0,0.0
2022-09-28 00:00:00+09:00,140691.324704142,141100.31111316566,137214.94022744082,138237.40625,9140,0.0,0.0
2022-09-29 00:00:00+09:00,139873.34375,141509.28929093567,139873.34375,139873.34375,5260,0.0,0.0
2022-09-30 00:00:00+09:00,139464.36820851688,139873.35462555065,136601.46328928048,139259.875,8592,0.0,0.0
2022-10-03 00:00:00+09:00,140077.84375,140895.81656021898,138237.4049270073,140077.84375,5156,0.0,0.0
2022-10-04 00:00:00+09:00,141304.80436337626,143554.22961373389,141100.3111587983,142940.75,3256,0.0,0.0
2022-10-05 00:00:00+09:00,143145.2335858586,143758.7131583694,141713.78125,141713.78125,5592,0.0,0.0
2022-10-06 00:00:00+09:00,141918.27645622287,142122.76964996383,140486.82410003617,141304.796875,3596,0.0,0.0
2022-10-07 00:00:00+09:00,140282.32329795024,141304.78921120058,139668.84375,139668.84375,5796,0.0,0.0
2022-10-11 00:00:00+09:00,139668.84375,140077.83011530014,138850.87101939972,139668.84375,4908,0.0,0.0
2022-10-12 00:00:00+09:00,139464.36414233575,140895.81656021898,139464.36414233575,140077.84375,4468,0.0,0.0
2022-10-13 00:00:00+09:00,138441.890625,139464.35658234858,138032.90424206055,138441.890625,5340,0.0,0.0
2022-10-14 00:00:00+09:00,139259.84965277778,139668.83599537038,137828.3974537037,138032.890625,6944,0.0,0.0
2022-10-17 00:00:00+09:00,137623.9130656528,138646.3789873887,137010.43351261126,137828.40625,5848,0.0,0.0
2022-10-18 00:00:00+09:00,138032.91713169645,138850.88997395834,136805.95786830358,137419.4375,6220,0.0,0.0
2022-10-19 00:00:00+09:00,136805.9634389226,136805.9634389226,134556.53803110775,134761.03125,7936,0.0,0.0
2022-10-20 00:00:00+09:00,134556.5184294872,136192.4639423077,134556.5184294872,135578.984375,5956,0.0,0.0
2022-10-21 00:00:00+09:00,135578.97666984732,135987.96302480917,133943.03125,133943.03125,5892,0.0,0.0
2022-10-24 00:00:00+09:00,134556.530577957,135170.01020065285,133125.078125,133125.078125,5396,0.0,0.0
2022-10-25 00:00:00+09:00,133329.5713325653,133943.05095526113,132102.6120871736,133125.078125,11000,0.0,0.0
2022-10-26 00:00:00+09:00,133738.54256305637,138237.39261869434,133329.55619436203,137828.40625,11332,0.0,0.0
2022-10-27 00:00:00+09:00,135783.47050147492,139668.8408923304,135783.47050147492,138646.375,26792,0.0,0.0
2022-10-28 00:00:00+09:00,138748.359375,140628.9847279744,137494.60913968374,138748.359375,8292,3622.0,2.0
2022-10-31 00:00:00+09:00,138748.35376661742,142927.52104874447,138748.35376661742,141464.8125,7328,0.0,0.0
2022-11-01 00:00:00+09:00,142300.64042119565,144181.265625,140628.97357336956,144181.265625,6432,0.0,0.0
2022-11-02 00:00:00+09:00,143972.31296364986,143972.31296364986,140211.06240727004,140837.9375,5818,0.0,0.0
2022-11-04 00:00:00+09:00,140002.1092589153,142509.6097232541,138748.35902674592,140628.984375,4790,0.0,0.0
2022-11-07 00:00:00+09:00,141255.86476934524,142300.6566685268,140002.11449032737,140420.03125,5210,0.0,0.0
2022-11-08 00:00:00+09:00,141046.9010031435,142509.60960613904,140420.02588757395,141255.859375,5572,0.0,0.0
2022-11-09 00:00:00+09:00,141673.77086410634,143554.3961410635,141464.8125,141464.8125,4560,0.0,0.0
2022-11-10 00:00:00+09:00,141046.90638950892,141464.82314918155,140002.11449032737,140420.03125,4398,0.0,0.0
2022-11-11 00:00:00+09:00,143345.46875,144599.21920553935,142091.71829446065,143345.46875,6920,0.0,0.0
2022-11-14 00:00:00+09:00,143345.44871076234,143345.44871076234,139375.2394899103,139793.15625,3484,0.0,0.0
2022-11-15 00:00:00+09:00,140211.0730100897,140211.0730100897,138330.44758968608,139793.15625,4354,0.0,0.0
2022-11-16 00:00:00+09:00,140002.11463004485,140420.03139013454,139166.28110986546,139793.15625,2546,0.0,0.0
2022-11-17 00:00:00+09:00,140211.06240727004,141464.81259272998,139584.18731454006,140837.9375,2780,0.0,0.0
2022-11-18 00:00:00+09:00,141464.81786311293,141464.81786311293,139375.23414283062,140628.984375,2392,0.0,0.0
2022-11-21 00:00:00+09:00,141046.89586424333,142509.6044139466,140837.9375,140837.9375,2442,0.0,0.0
2022-11-22 00:00:00+09:00,141255.8649103139,141673.78167040358,138748.36434977577,139793.15625,4142,0.0,0.0
2022-11-24 00:00:00+09:00,139166.28110986546,140002.11463004485,138539.40596973093,139793.15625,4864,0.0,0.0
2022-11-25 00:00:00+09:00,140002.09379685158,140628.96884370313,138748.34370314842,139375.21875,4348,0.0,0.0
2022-11-28 00:00:00+09:00,139375.23402829142,141255.859375,139375.23402829142,141255.859375,4208,0.0,0.0
2022-11-29 00:00:00+09:00,141255.8385110294,142718.54689797794,140837.92182904412,142091.671875,3164,0.0,0.0
2022-11-30 00:00:00+09:00,142091.6824074074,142718.55747685186,140002.0988425926,141046.890625,5930,0.0,0.0
2022-12-01 00:00:00+09:00,141046.89083614864,141673.7659065315,138748.3489114114,139166.265625,3836,0.0,0.0
2022-12-02 00:00:00+09:00,139584.17709895052,140628.96884370313,138539.3853541979,139375.21875,4510,0.0,0.0
2022-12-05 00:00:00+09:00,139375.23935081845,141046.90638950892,139166.28097098213,140420.03125,3298,0.0,0.0
2022-12-06 00:00:00+09:00,140420.02600297178,140628.984375,139793.15088688707,140628.984375,2212,0.0,0.0
2022-12-07 00:00:00+09:00,140420.00528700906,140420.00528700906,137494.58851019636,138330.421875,6238,0.0,0.0
2022-12-08 00:00:00+09:00,138330.4426298946,139166.27612010544,137494.60913968374,138748.359375,10182,0.0,0.0
2022-12-09 00:00:00+09:00,137703.55214694657,138330.42719465648,136867.71875,136867.71875,7188,0.0,0.0
2022-12-12 00:00:00+09:00,136658.77096153845,137494.6044230769,135196.06240384615,135822.9375,13920,0.0,0.0
2022-12-13 00:00:00+09:00,135196.06799316406,135822.94311523438,132479.60913085938,133733.359375,13146,0.0,0.0
2022-12-14 00:00:00+09:00,134360.2439064871,137703.578125,134360.2439064871,137703.578125,8064,0.0,0.0
2022-12-15 00:00:00+09:00,137494.609375,139166.27635828266,136449.8175104483,137494.609375,5788,0.0,0.0
2022-12-16 00:00:00+09:00,137494.59884049775,139166.26569570135,137076.68212669683,138539.390625,11036,0.0,0.0
2022-12-19 00:00:00+09:00,137285.6512413727,137912.5263611963,135822.94262845092,136240.859375,3390,0.0,0.0
2022-12-20 00:00:00+09:00,137076.6694,137494.586075,129345.2109125,130598.9609375,10890,0.0,0.0
2022-12-21 00:00:00+09:00,131225.8488349131,134360.22420517376,130598.97376086097,132270.640625,7442,0.0,0.0
2022-12-22 00:00:00+09:00,132479.60403605015,134360.2293299373,131643.7705721003,133315.4375,4846,0.0,0.0
2022-12-23 00:00:00+09:00,132479.59898301738,132897.51569905214,130598.97376086097,132270.640625,3728,0.0,0.0
2022-12-26 00:00:00+09:00,133106.47913401254,133942.3125979624,132479.60403605015,133315.4375,3738,0.0,0.0
2022-12-27 00:00:00+09:00,132897.5104495268,133315.42714905363,131852.71870070978,132479.59375,2956,0.0,0.0
2022-12-28 00:00:00+09:00,132479.61419392523,134151.28125,132061.69742990655,134151.28125,4258,0.0,0.0
2022-12-29 00:00:00+09:00,133106.4846226228,133315.4429972266,131434.81762579238,131852.734375,5176,0.0,0.0
2022-12-30 00:00:00+09:00,132479.60913085938,134569.19287109375,132479.60913085938,133733.359375,3806,0.0,0.0
2023-01-04 00:00:00+09:00,133942.32316234277,134569.19830974843,132479.6144850629,132897.53125,3066,0.0,0.0
2023-01-05 00:00:00+09:00,132897.52637340766,133733.35987261147,130598.98425059713,131225.859375,6918,0.0,0.0
2023-01-06 00:00:00+09:00,131225.84639576677,132479.5965205671,130181.05462509984,130807.9296875,3786,0.0,0.0
2023-01-10 00:00:00+09:00,131225.85925118858,131852.734375,130390.02575277338,131852.734375,2666,0.0,0.0
2023-01-11 00:00:00+09:00,132270.63816643372,132479.5965205671,130598.97133336661,130807.9296875,2648,0.0,0.0
2023-01-12 00:00:00+09:00,130181.05462509984,130807.9296875,129345.2212085663,130807.9296875,3478,0.0,0.0
2023-01-13 00:00:00+09:00,130807.93780388978,131643.77127228526,128718.35413290114,128927.3125,5018,0.0,0.0
2023-01-16 00:00:00+09:00,128300.41406250001,129763.12236614415,128300.41406250001,128300.4140625,3676,0.0,0.0
2023-01-17 00:00:00+09:00,127882.52107438017,128300.43780991736,126210.85413223141,126419.8125,6166,0.0,0.0
2023-01-18 00:00:00+09:00,127673.57759576612,131643.78704637097,126419.82724294355,129554.203125,6014,0.0,0.0
2023-01-19 00:00:00+09:00,128300.45585682189,128509.41425398285,126837.74707669526,127882.5390625,5376,0.0,0.0
2023-01-20 00:00:00+09:00,127464.62226817811,128509.41425398285,126419.83028237337,127882.5390625,6672,0.0,0.0
2023-01-23 00:00:00+09:00,127882.53330988747,130181.07557526126,127882.53330988747,129972.1171875,5424,0.0,0.0
2023-01-24 00:00:00+09:00,130598.97376086097,132270.640625,130181.05704482622,132270.640625,6016,0.0,0.0
2023-01-25 00:00:00+09:00,132897.50265,133942.2943375,130598.9609375,130598.9609375,7106,0.0,0.0
2023-01-26 00:00:00+09:00,130598.98707112762,130807.94545044142,128718.36165730338,130181.0703125,5022,0.0,0.0
2023-01-27 00:00:00+09:00,130181.06230127186,131434.8125,129972.10393481718,131434.8125,4824,0.0,0.0
2023-01-30 00:00:00+09:00,131434.81774980095,131852.73449940287,130598.98425059713,131225.859375,3766,0.0,0.0
2023-01-31 00:00:00+09:00,132270.64637358184,132688.56310777957,128927.3125,128927.3125,8610,0.0,0.0
2023-02-01 00:00:00+09:00,131016.90382975522,131643.77896769662,129763.1535538724,130181.0703125,5076,0.0,0.0
2023-02-02 00:00:00+09:00,130181.07830141128,130598.99508568548,128091.49438004033,129554.203125,3582,0.0,0.0
2023-02-03 00:00:00+09:00,129763.17187500001,130599.0055102657,129345.25505736716,129763.171875,2980,0.0,0.0
2023-02-06 00:00:00+09:00,130807.93219246033,132061.68234126986,130598.9738343254,131643.765625,2334,0.0,0.0
2023-02-07 00:00:00+09:00,131643.765625,131852.72398313493,130807.93219246033,131643.765625,2962,0.0,0.0
2023-02-08 00:00:00+09:00,131643.76555094786,132897.51569905214,130807.93211887835,132270.640625,4612,0.0,0.0
2023-02-09 00:00:00+09:00,131852.734375,132479.60949881142,130807.94250198099,131852.734375,6146,0.0,0.0
2023-02-10 00:00:00+09:00,132688.5574910287,133106.47420753588,130598.97390849283,131016.890625,6666,0.0,0.0
2023-02-13 00:00:00+09:00,130807.91927500001,131225.83595,129763.1275875,130598.9609375,3578,0.0,0.0
2023-02-14 00:00:00+09:00,130598.98412737717,132270.6511242076,130390.02575277338,131852.734375,4806,0.0,0.0
2023-02-15 00:00:00+09:00,131225.880736715,131225.880736715,128509.42142210146,129763.171875,5118,0.0,0.0
2023-02-16 00:00:00+09:00,130598.9609375,131016.8776125,130181.0442625,130598.9609375,2766,0.0,0.0
2023-02-17 00:00:00+09:00,129763.1535538724,130598.98707112762,128718.36165730338,130181.0703125,2482,0.0,0.0
2023-02-20 00:00:00+09:00,130181.06750099522,131852.73449940287,130181.06750099522,131225.859375,2544,0.0,0.0
2023-02-21 00:00:00+09:00,131016.89055059524,131852.72398313493,130598.9738343254,131643.765625,4366,0.0,0.0
2023-02-22 00:00:00+09:00,131434.8125,132270.64596581875,130598.97903418125,131434.8125,5776,0.0,0.0
2023-02-24 00:00:00+09:00,132061.69772012578,133106.48963246855,131852.73933765723,132897.53125,5698,0.0,0.0
2023-02-27 00:00:00+09:00,133315.4375,133733.35423197492,132479.60403605015,133315.4375,4362,0.0,0.0
2023-02-28 00:00:00+09:00,133733.3489827856,133733.3489827856,132270.6404782864,133524.390625,5718,0.0,0.0
2023-03-01 00:00:00+09:00,133524.40639740566,133942.32316234277,132270.65610259434,132897.53125,6832,0.0,0.0
2023-03-02 00:00:00+09:00,132897.51577380951,133106.47413194444,131016.89055059524,131643.765625,5536,0.0,0.0
2023-03-03 00:00:00+09:00,132479.598836072,133733.3489827856,132061.68212050077,133524.390625,3298,0.0,0.0
2023-03-06 00:00:00+09:00,133524.40100097656,134360.2344970703,133315.44262695312,133733.359375,4646,0.0,0.0
2023-03-07 00:00:00+09:00,133733.3489827856,134151.26569835682,132897.51555164318,133524.390625,2960,0.0,0.0
2023-03-08 00:00:00+09:00,132688.56269872814,133106.47943163753,130807.93740063593,131434.8125,5398,0.0,0.0
2023-03-09 00:00:00+09:00,132270.6456700627,133315.4375,132270.6456700627,133315.4375,2212,0.0,0.0
2023-03-10 00:00:00+09:00,134360.23963200935,136031.90668808413,133733.36448598132,134151.28125,13834,0.0,0.0
2023-03-13 00:00:00+09:00,133315.4375,133942.3125979624,131434.81220611284,133315.4375,4994,0.0,0.0
2023-03-14 00:00:00+09:00,132897.5104495268,133733.34384858044,131225.84365141956,132479.59375,4182,0.0,0.0
2023-03-15 00:00:00+09:00,133315.4376977848,134360.22952927215,131852.72913370252,132061.6875,5888,0.0,0.0
2023-03-16 00:00:00+09:00,130389.9921875,132061.6587540064,129554.1589042468,130389.9921875,6800,0.0,0.0
2023-03-17 00:00:00+09:00,130390.0286918138,131852.73734701044,128927.32003661718,130181.0703125,8914,0.0,0.0
2023-03-20 00:00:00+09:00,128927.33104830474,131016.91501991422,127464.62226817811,127882.5390625,5624,0.0,0.0
2023-03-22 00:00:00+09:00,127673.58066533906,128091.49745966095,126628.78867953432,127882.5390625,11038,0.0,0.0
2023-03-23 00:00:00+09:00,126837.74707669526,128091.49745966095,126628.78867953432,127882.5390625,5812,0.0,0.0
2023-03-24 00:00:00+09:00,127882.51585820895,128300.43257669982,126001.89062499999,126001.890625,5736,0.0,0.0
2023-03-27 00:00:00+09:00,126837.729339701,127255.6460755814,125375.0207641196,125792.9375,4308,0.0,0.0
2023-03-28 00:00:00+09:00,126210.8542358804,127046.6877076412,124622.7706395349,125792.9375,7158,0.0,0.0
2023-03-29 00:00:00+09:00,127046.703125,127882.53669819079,125375.03597861841,127046.703125,4888,0.0,0.0
2023-03-30 00:00:00+09:00,128300.43226626016,129345.22405995935,127046.68211382114,128509.390625,8270,0.0,0.0
2023-03-31 00:00:00+09:00,129136.26837785481,129136.26837785481,127464.6014732871,128091.4765625,4856,0.0,0.0
2023-04-03 00:00:00+09:00,129136.27046899841,132479.60433227345,128718.35373608903,131434.8125,10416,0.0,0.0
2023-04-04 00:00:00+09:00,132270.67278079712,132270.67278079712,129136.29664855073,129763.171875,10398,0.0,0.0
2023-04-05 00:00:00+09:00,129763.15640169903,130807.94832119741,129136.28125,129136.28125,7826,0.0,0.0
2023-04-06 00:00:00+09:00,129136.278974018,129763.15411466858,127464.61193228315,127673.5703125,7428,0.0,0.0
2023-04-07 00:00:00+09:00,127464.6014732871,128091.47656249999,126837.72638407422,128091.4765625,4030,0.0,0.0
2023-04-10 00:00:00+09:00,127882.52869271686,128091.48707293371,127046.69517184942,127673.5703125,2644,0.0,0.0
2023-04-11 00:00:00+09:00,127882.52107438017,128091.47944214877,126001.89576446282,126419.8125,14066,0.0,0.0
2023-04-12 00:00:00+09:00,127046.70370989305,127255.66210415274,125040.703125,125040.703125,8148,0.0,0.0
2023-04-13 00:00:00+09:00,125333.22141085482,125583.97143701858,124330.22130619976,124789.9296875,7552,0.0,0.0
2023-04-14 00:00:00+09:00,126001.89345565396,126210.85181959368,124163.05985298438,124455.6015625,9358,0.0,0.0
2023-04-17 00:00:00+09:00,124455.60421575228,124580.97923678896,123661.56241585326,124163.0625,8450,0.0,0.0
2023-04-18 00:00:00+09:00,124706.35669255177,125124.2734375,124288.43994760353,125124.2734375,6020,0.0,0.0
2023-04-19 00:00:00+09:00,124622.7706395349,126419.8126038206,124413.81227159468,125792.9375,3816,0.0,0.0
2023-04-20 00:00:00+09:00,125792.91666666666,126628.75,125792.91666666666,126628.75,3070,0.0,0.0
2023-04-21 00:00:00+09:00,126419.79429604056,126419.79429604056,124789.9192621412,125207.8359375,4756,0.0,0.0
2023-04-24 00:00:00+09:00,125375.02066115703,127464.60433884298,125333.22898760332,126419.8125,4220,0.0,0.0
2023-04-25 00:00:00+09:00,126628.75,127046.66666666666,126001.875,126628.75,2742,0.0,0.0
2023-04-26 00:00:00+09:00,126001.875,127255.625,126001.875,126628.75,13424,0.0,0.0
2023-04-27 00:00:00+09:00,126820.42067062818,126906.16808149406,125962.94656196944,126263.0625,6844,3823.5,0.0
2023-04-28 00:00:00+09:00,126520.30428972545,128835.484375,126177.31464746255,128835.484375,6098,0.0,0.0
2023-05-01 00:00:00+09:00,128835.4830383098,129049.8515625,128063.75635122508,129049.8515625,4462,0.0,0.0
2023-05-02 00:00:00+09:00,128835.484375,129692.95848065724,127806.51544821131,128835.484375,6812,0.0,0.0
2023-05-08 00:00:00+09:00,129478.5806435033,130979.16022049754,129049.84362150494,130336.0546875,7226,0.0,0.0
2023-05-09 00:00:00+09:00,130764.79840381426,131193.53544776118,129049.85022802654,129264.21875,5078,0.0,0.0
2023-05-10 00:00:00+09:00,129907.3243159204,129907.3243159204,128835.48170605308,129264.21875,4470,0.0,0.0
2023-05-11 00:00:00+09:00,129264.2200866902,129478.5886108804,128578.24080928156,129049.8515625,3318,0.0,0.0
2023-05-12 00:00:00+09:00,129907.3243159204,129907.3243159204,128063.7550269486,129264.21875,5542,0.0,0.0
2023-05-15 00:00:00+09:00,129049.85642930327,130764.8046875,128835.48789702868,130764.8046875,4818,0.0,0.0
2023-05-16 00:00:00+09:00,130121.69909067622,130979.17321977459,129478.59349385246,130764.8046875,2864,0.0,0.0
2023-05-17 00:00:00+09:00,130550.43505940081,130550.43505940081,129478.59240702479,129692.9609375,3576,0.0,0.0
2023-05-18 00:00:00+09:00,130336.0495049505,130979.15501237624,129264.20699257425,129907.3125,4292,0.0,0.0
2023-05-19 00:00:00+09:00,130121.6953125,130979.16941670098,129478.58973434925,130121.6953125,4156,0.0,0.0
2023-05-22 00:00:00+09:00,130336.06762295081,130979.17321977459,129478.59349385246,130764.8046875,2842,0.0,0.0
2023-05-23 00:00:00+09:00,130550.43123183139,130550.43123183139,128621.1145141196,129049.8515625,2934,0.0,0.0
2023-05-24 00:00:00+09:00,129049.85819152487,129478.5952619286,128492.50000000001,128492.5,3294,0.0,0.0
2023-05-25 00:00:00+09:00,128235.25267842166,128835.48455321201,127677.89450897349,127806.515625,3708,0.0,0.0
2023-05-26 00:00:00+09:00,128278.10416666666,128492.47265625,127506.37760416666,128363.8515625,4634,0.0,0.0
2023-05-29 00:00:00+09:00,130121.68364548842,130121.68364548842,128621.10409768212,129478.578125,4424,0.0,0.0
2023-05-30 00:00:00+09:00,130336.06097560975,131836.640625,129907.32393292683,131836.640625,3630,0.0,0.0
2023-05-31 00:00:00+09:00,131193.52066851265,135480.890625,130336.0466772152,135480.890625,11046,0.0,0.0
2023-06-01 00:00:00+09:00,132694.11785045758,132694.11785045758,128835.484375,128835.484375,9224,0.0,0.0
2023-06-02 00:00:00+09:00,128835.48394168026,132051.01182707993,128621.11541598695,131407.90625,5738,0.0,0.0
2023-06-05 00:00:00+09:00,131836.6341357899,132265.3711573697,130764.79158184039,131622.265625,5140,0.0,0.0
2023-06-06 00:00:00+09:00,131622.28499797406,132265.390625,130979.17937094813,132265.390625,4232,0.0,0.0
2023-06-07 00:00:00+09:00,132051.02240180032,132051.02240180032,130764.81114463993,130979.1796875,7372,0.0,0.0
2023-06-08 00:00:00+09:00,131193.546875,131622.28395629086,130336.0727124183,131193.546875,6468,0.0,0.0
2023-06-09 00:00:00+09:00,131193.54791329012,132265.390625,130979.17937094813,132265.390625,4982,0.0,0.0
2023-06-12 00:00:00+09:00,132265.3658727751,132908.47137944985,131622.26036610032,132479.734375,2540,0.0,0.0
2023-06-13 00:00:00+09:00,132908.49353796447,133337.2306138934,132265.38792407108,132694.125,4238,0.0,0.0
2023-06-14 00:00:00+09:00,139125.1692108295,141268.85440668205,138267.69513248847,139553.90625,31044,0.0,0.0
2023-06-15 00:00:00+09:00,138910.7877503852,139768.26174884438,137624.57675269645,139125.15625,24054,0.0,0.0
2023-06-16 00:00:00+09:00,138910.8022127329,138910.8022127329,137410.2225592003,138053.328125,14608,0.0,0.0
2023-06-19 00:00:00+09:00,138267.68894494514,138267.68894494514,135909.63533503134,136767.109375,10568,0.0,0.0
2023-06-20 00:00:00+09:00,136981.49729426677,137410.234375,135695.28605206707,137410.234375,7816,0.0,0.0
2023-06-21 00:00:00+09:00,137410.21490497648,137624.58341496866,136338.37235501566,136767.109375,10626,0.0,0.0
2023-06-22 00:00:00+09:00,136552.75486918606,138267.703125,135909.6492732558,138267.703125,10460,0.0,0.0
2023-06-23 00:00:00+09:00,138267.6872859589,140840.109375,137624.58176369863,140840.109375,19068,0.0,0.0
2023-06-26 00:00:00+09:00,140840.11965771558,142340.6993192133,139768.27704236005,141697.59375,14242,0.0,0.0
2023-06-27 00:00:00+09:00,142340.69368537667,145341.85288958641,141697.58814161742,145127.484375,17132,0.0,0.0
2023-06-28 00:00:00+09:00,145770.58183453238,149200.47787769785,143198.15980215828,148986.109375,23608,0.0,0.0
2023-06-29 00:00:00+09:00,148986.10686587592,148986.10686587592,146199.3163777372,146842.421875,17156,0.0,0.0
2023-06-30 00:00:00+09:00,147699.9165088384,149200.49621212122,146199.33680555556,148557.390625,16204,0.0,0.0
2023-07-03 00:00:00+09:00,149414.8398105524,151772.8932365439,148986.1028240085,151344.15625,11672,0.0,0.0
2023-07-04 00:00:00+09:00,151772.91157670456,151987.28009588068,150272.3319424716,150915.4375,9588,0.0,0.0
2023-07-05 00:00:00+09:00,151344.1768207283,153273.49352240897,151129.80829831935,153059.125,11094,0.0,0.0
2023-07-06 00:00:00+09:00,153487.84777227722,153487.84777227722,151129.7942450495,151558.53125,11922,0.0,0.0
2023-07-07 00:00:00+09:00,151344.1826199857,151344.1826199857,148986.12878313038,149629.234375,10580,0.0,0.0
2023-07-10 00:00:00+09:00,148343.0220959596,149414.8647411616,146628.07386363635,148557.390625,12972,0.0,0.0
2023-07-11 00:00:00+09:00,148771.7526643786,149200.48970375722,147271.17302655347,148343.015625,13032,0.0,0.0
2023-07-12 00:00:00+09:00,147271.1783475654,149629.23214934595,146628.07276526163,147485.546875,13374,0.0,0.0
2023-07-13 00:00:00+09:00,147056.78782407407,147056.78782407407,142769.41791666666,144698.734375,16908,0.0,0.0
2023-07-14 00:00:00+09:00,143626.8999714612,144484.37400114155,140625.7408675799,140840.109375,15572,0.0,0.0
2023-07-18 00:00:00+09:00,141268.8706025449,143198.1875,138910.81661676647,143198.1875,10886,0.0,0.0
2023-07-19 00:00:00+09:00,142983.81090040802,144484.390625,142769.44236832345,144484.390625,9386,0.0,0.0
2023-07-20 00:00:00+09:00,144484.38794378698,145770.59911242605,143626.91383136096,144913.125,8198,0.0,0.0
2023-07-21 00:00:00+09:00,144913.11735074627,144913.11735074627,143412.53773320894,143626.90625,5298,0.0,0.0
2023-07-24 00:00:00+09:00,144055.63917525773,145556.21875,143626.9021539028,145556.21875,6862,0.0,0.0
2023-07-25 00:00:00+09:00,145770.57685185186,145984.9453472222,144055.6288888889,144698.734375,5060,0.0,0.0
2023-07-26 00:00:00+09:00,144055.65356083086,144913.12768916914,143626.91649666172,144484.390625,5834,0.0,0.0
2023-07-27 00:00:00+09:00,145341.859375,145770.59642330382,144484.38527839232,145341.859375,7760,0.0,0.0
2023-07-28 00:00:00+09:00,144055.64180206793,145341.85288958641,141911.95665620384,145127.484375,9132,0.0,0.0
2023-07-31 00:00:00+09:00,145127.4935281065,145770.59911242605,144698.7564718935,144913.125,5806,0.0,0.0
2023-08-01 00:00:00+09:00,145341.85170200892,145341.85170200892,143626.90359933034,144055.640625,4878,0.0,0.0
2023-08-02 00:00:00+09:00,143841.2682642003,144270.0052784006,142983.7942357997,143412.53125,3926,0.0,0.0
2023-08-03 00:00:00+09:00,142126.3254699248,143198.16804511278,141911.95695488722,142555.0625,3148,0.0,0.0
2023-08-04 00:00:00+09:00,141911.97623502993,143626.92458832334,141911.97623502993,143198.1875,5226,0.0,0.0
2023-08-07 00:00:00+09:00,143412.5310435022,145984.953125,143412.5310435022,145984.953125,6536,0.0,0.0
2023-08-08 00:00:00+09:00,146199.33616863907,146628.07322485207,144698.7564718935,144913.125,4816,0.0,0.0
2023-08-09 00:00:00+09:00,144698.7564718935,145341.86205621302,143198.17677514793,144913.125,6254,0.0,0.0
2023-08-10 00:00:00+09:00,144698.74470729014,145556.21875,143626.9021539028,145556.21875,5172,0.0,0.0
2023-08-14 00:00:00+09:00,144484.38794378698,145556.23058431954,143841.28235946747,144913.125,6096,0.0,0.0
2023-08-15 00:00:00+09:00,144484.38794378698,144913.125,142983.80824704142,144913.125,6232,0.0,0.0
2023-08-16 00:00:00+09:00,144484.38527839232,145341.859375,142983.8056093289,145341.859375,6780,0.0,0.0
2023-08-17 00:00:00+09:00,145341.85823737,145556.226759844,144055.647102526,144270.015625,5090,0.0,0.0
2023-08-18 00:00:00+09:00,142126.3341346154,145127.4935281065,142126.3341346154,144913.125,6562,0.0,0.0
2023-08-21 00:00:00+09:00,143198.18103448275,144484.3922413793,142983.8125,142983.8125,7314,0.0,0.0
2023-08-22 00:00:00+09:00,141697.58698381696,144698.74616350446,141697.58698381696,144055.640625,4594,0.0,0.0
2023-08-23 00:00:00+09:00,144698.734375,144913.10287037038,143626.89189814814,144698.734375,3984,0.0,0.0
2023-08-24 00:00:00+09:00,144484.38414747402,145127.489714896,144055.647102526,144270.015625,3784,0.0,0.0
2023-08-25 00:00:00+09:00,144484.37097364568,146413.6875,144270.00247071742,146413.6875,5204,0.0,0.0
2023-08-28 00:00:00+09:00,145556.23544864767,146842.44666027048,145127.49837810674,146628.078125,3838,0.0,0.0
2023-08-29 00:00:00+09:00,146628.06746748555,148343.015625,145984.96190841764,148343.015625,6080,0.0,0.0
2023-08-30 00:00:00+09:00,147914.2785856214,148986.12118406792,147056.80450686417,148343.015625,5982,0.0,0.0
2023-08-31 00:00:00+09:00,148557.38951217296,148986.12656704217,146413.70423782704,147485.546875,11602,0.0,0.0
2023-09-01 00:00:00+09:00,147271.1858564481,148771.765625,146628.08024135444,148771.765625,5942,0.0,0.0
2023-09-04 00:00:00+09:00,148771.7382532281,149414.84375,148128.63275645624,149414.84375,3908,0.0,0.0
2023-09-05 00:00:00+09:00,148771.73048541963,150915.41536273118,148342.99350995733,150701.046875,8972,0.0,0.0
2023-09-06 00:00:00+09:00,150701.05474354376,150915.42324246772,149200.47525107604,149414.84375,5634,0.0,0.0
2023-09-07 00:00:00+09:00,150057.97143624641,150057.97143624641,148771.76025250717,149629.234375,4922,0.0,0.0
2023-09-08 00:00:00+09:00,149843.60831682276,149843.60831682276,147914.29147154177,148771.765625,7272,0.0,0.0
2023-09-11 00:00:00+09:00,148343.02640716374,148557.3949424342,145556.23544864767,146628.078125,4772,0.0,0.0
2023-09-12 00:00:00+09:00,147056.79037408758,147056.79037408758,145984.94787864963,146842.421875,3390,0.0,0.0
2023-09-13 00:00:00+09:00,147056.80100627767,148128.64357920975,145127.484375,145127.484375,4562,0.0,0.0
2023-09-14 00:00:00+09:00,145127.47388229927,147271.15887317518,145127.47388229927,146842.421875,6620,0.0,0.0
2023-09-15 00:00:00+09:00,147271.15887317518,147271.15887317518,145770.57937956203,146842.421875,12064,0.0,0.0
2023-09-19 00:00:00+09:00,146842.44666027048,147699.92080135233,145556.23544864767,146628.078125,5550,0.0,0.0
2023-09-20 00:00:00+09:00,146199.3163777372,147271.15887317518,145770.57937956203,146842.421875,6272,0.0,0.0
2023-09-21 00:00:00+09:00,146413.68361672794,146413.68361672794,144269.99864430146,145770.578125,5676,0.0,0.0
2023-09-22 00:00:00+09:00,145770.57685185186,145770.57685185186,143412.52340277776,144698.734375,7310,0.0,0.0
2023-09-25 00:00:00+09:00,144698.74470729014,146628.06130338734,144698.74470729014,145556.21875,5122,0.0,0.0
2023-09-26 00:00:00+09:00,145984.95960868767,146628.06515762463,145341.85405975074,146199.328125,4158,0.0,0.0
2023-09-27 00:00:00+09:00,147699.92293317724,148771.765625,145984.9746262608,148771.765625,7376,0.0,0.0
2023-09-28 00:00:00+09:00,147914.2774290393,148343.0144650655,146628.0663209607,147271.171875,15010,0.0,0.0
2023-09-29 00:00:00+09:00,148771.7526643786,149629.22674313583,147271.17302655347,148343.015625,8914,0.0,0.0
2023-10-02 00:00:00+09:00,148343.01829710146,150272.33500905798,147914.28125,147914.28125,6658,0.0,0.0
2023-10-03 00:00:00+09:00,149200.49621212122,149414.8647411616,147914.28503787878,148557.390625,9234,0.0,0.0
2023-10-04 00:00:00+09:00,146199.33837463555,148343.02368804664,145127.49571793003,147056.8125,15224,0.0,0.0
2023-10-05 00:00:00+09:00,148771.7382532281,149843.5807478479,147271.1587607604,149414.84375,13580,0.0,0.0
2023-10-06 00:00:00+09:00,148986.12118406792,149414.85822344653,147485.54154624278,148343.015625,5986,0.0,0.0
2023-10-10 00:00:00+09:00,148343.01150142652,150915.43366619115,148128.64298769613,150272.328125,8048,0.0,0.0
2023-10-11 00:00:00+09:00,150272.3269351652,150486.69544719826,148986.11586296695,149200.484375,5292,0.0,0.0
2023-10-12 00:00:00+09:00,149629.20443634424,150701.046875,148771.73048541963,150701.046875,7380,0.0,0.0
2023-10-13 00:00:00+09:00,150057.96226752503,150486.6993025751,148771.75116237483,149843.59375,11980,0.0,0.0
2023-10-16 00:00:00+09:00,149629.2228773585,150486.69693396226,147485.53773584907,147699.90625,9924,0.0,0.0
2023-10-17 00:00:00+09:00,147699.92293317724,149414.87124009366,146842.448779719,148771.765625,7560,0.0,0.0
2023-10-18 00:00:00+09:00,148343.00386690648,150915.42589928056,148343.00386690648,148986.109375,9340,0.0,0.0
2023-10-19 00:00:00+09:00,149843.5837136736,149843.5837136736,143841.265625,143841.265625,31320,0.0,0.0
2023-10-20 00:00:00+09:00,144698.76730913174,144698.76730913174,142340.7133233533,143198.1875,19528,0.0,0.0
2023-10-23 00:00:00+09:00,142983.80220116893,143626.90775829562,141911.95960595776,142126.328125,14942,0.0,0.0
2023-10-24 00:00:00+09:00,142126.32257916054,146413.6927927099,142126.32257916054,145556.21875,22998,0.0,0.0
2023-10-25 00:00:00+09:00,146628.0533759124,147699.89587135037,145127.47388229927,146842.421875,21788,0.0,0.0
2023-10-26 00:00:00+09:00,147699.91586538462,147699.91586538462,143841.28235946747,144913.125,28932,0.0,0.0
2023-10-27 00:00:00+09:00,144913.12595858896,147914.28537193252,139768.28125,139768.28125,241036,0.0,0.0
2023-10-30 00:00:00+09:00,139919.79134241244,140007.62548638132,133595.7329766537,135440.25,56652,3872.5,2.0
2023-10-31 00:00:00+09:00,137636.10208796003,139656.28737706217,135088.91194083123,138426.609375,34748,0.0,0.0
2023-11-01 00:00:00+09:00,140007.6351243136,144487.1767750915,139480.63022422208,143960.171875,29840,0.0,0.0
2023-11-02 00:00:00+09:00,144662.83801826448,144750.67216399507,141412.97462623304,142466.984375,36771,0.0,0.0
2023-11-06 00:00:00+09:00,143081.81851773648,147122.18908361485,142818.31608952704,142993.984375,26776,0.0,0.0
2023-11-07 00:00:00+09:00,144926.34524631675,145189.84769221916,140885.97440914673,143081.828125,23191,0.0,0.0
2023-11-08 00:00:00+09:00,142730.49153046348,144311.50620587784,142379.15493592696,143081.828125,10949,0.0,0.0
2023-11-09 00:00:00+09:00,144575.0177454659,144575.0177454659,140358.97834584114,140446.8125,10431,0.0,0.0
2023-11-10 00:00:00+09:00,140534.62492250465,141852.13703115314,140534.62492250465,141676.46875,10244,0.0,0.0
2023-11-13 00:00:00+09:00,143345.3334375,143608.83588867186,140095.46987304688,140534.640625,7600,0.0,0.0
2023-11-14 00:00:00+09:00,140183.29317050404,142027.8101859054,139217.11759100808,141149.46875,14570,0.0,0.0
2023-11-15 00:00:00+09:00,144487.17301136363,145189.84619318182,143081.82664772728,144926.34375,25493,0.0,0.0
2023-11-16 00:00:00+09:00,144047.99756542908,145189.84144856967,143784.49513085818,144311.5,9736,0.0,0.0
2023-11-17 00:00:00+09:00,143960.16214604786,145541.17673947607,143960.16214604786,145014.171875,13998,0.0,0.0
2023-11-20 00:00:00+09:00,145189.8426027761,145453.34503944175,143433.15969167172,144750.671875,12793,0.0,0.0
2023-11-21 00:00:00+09:00,145365.53480499398,148966.7353651177,144223.69072495474,145541.203125,20210,0.0,0.0
2023-11-22 00:00:00+09:00,145365.5093452735,147824.8653946195,145014.1727667955,147737.03125,14856,0.0,0.0
2023-11-24 00:00:00+09:00,147473.5359578885,148439.7115954923,146946.53106465004,148088.375,10020,0.0,0.0
2023-11-27 00:00:00+09:00,148791.0372674247,148791.0372674247,147473.52513105434,148703.203125,8486,0.0,0.0
2023-11-28 00:00:00+09:00,148966.7104327208,148966.7104327208,146507.35436425608,148176.203125,10957,0.0,0.0
2023-11-29 00:00:00+09:00,148176.21180763474,148264.04595808385,145892.5238959581,146683.03125,12791,0.0,0.0
2023-11-30 00:00:00+09:00,146507.33772123893,148878.859375,144574.9867441003,148878.859375,82169,0.0,0.0
2023-12-01 00:00:00+09:00,148527.55784219122,148527.55784219122,146858.7088776722,147912.71875,16190,0.0,0.0
2023-12-04 00:00:00+09:00,148351.87990196078,148615.38235294117,147034.36764705883,147824.875,11797,0.0,0.0
2023-12-05 00:00:00+09:00,148000.54085112692,148439.7115954923,147122.1993623962,148088.375,8629,0.0,0.0
2023-12-06 00:00:00+09:00,147561.36915467627,147912.7057479017,145453.34959532376,146507.359375,10998,0.0,0.0
2023-12-07 00:00:00+09:00,146243.85957362287,146419.52787341102,144311.50827595338,145102.015625,10044,0.0,0.0
2023-12-08 00:00:00+09:00,145277.67208614864,145365.50622888515,141939.97466216216,142993.984375,20197,0.0,0.0
2023-12-11 00:00:00+09:00,142379.14548181114,143169.65276702787,141325.13576818886,141852.140625,10256,0.0,0.0
2023-12-12 00:00:00+09:00,142379.17000743115,142379.17000743115,139480.6427956821,140358.984375,16477,0.0,0.0
2023-12-13 00:00:00+09:00,140446.81139233062,141061.65046659348,138602.29416954203,140007.640625,10916,0.0,0.0
2023-12-14 00:00:00+09:00,139919.7825322042,140622.45563971056,137636.0949328085,138075.265625,11623,0.0,0.0
2023-12-15 00:00:00+09:00,139568.46045292722,139656.29460047468,137723.94335443038,138777.953125,19179,0.0,0.0
2023-12-18 00:00:00+09:00,138953.61551339287,139304.95208864796,137109.09849330358,137723.9375,12065,0.0,0.0
2023-12-19 00:00:00+09:00,139217.1367872807,140534.64912280702,137723.95614035087,140183.3125,20026,0.0,0.0
2023-12-20 00:00:00+09:00,140183.29915161894,141676.47965636675,139919.7967096046,141061.640625,12714,0.0,0.0
2023-12-21 00:00:00+09:00,139919.79818611988,140973.80796529967,138953.62255520505,139217.125,9968,0.0,0.0
2023-12-22 00:00:00+09:00,139919.79097485766,140358.9616935484,138075.27395635672,138865.78125,8465,0.0,0.0
2023-12-25 00:00:00+09:00,138250.9363954049,138953.60951558483,136230.75117488755,136669.921875,8026,0.0,0.0
2023-12-26 00:00:00+09:00,137284.7657358871,137548.26816532257,135879.4194455645,136142.921875,9114,0.0,0.0
2023-12-27 00:00:00+09:00,137021.26920614595,137196.9375,136055.09358994878,137196.9375,11511,0.0,0.0
2023-12-28 00:00:00+09:00,138075.27280298222,139217.11666203997,137196.9313729378,138426.609375,10298,0.0,0.0
2023-12-29 00:00:00+09:00,138602.2726795709,141237.296875,138514.43853972325,141237.296875,9415,0.0,0.0
2024-01-04 00:00:00+09:00,142291.32476635516,142466.99306853584,140622.47589563864,140973.8125,10649,0.0,0.0
2024-01-05 00:00:00+09:00,142291.3146682897,144311.5,141764.3097991479,144311.5,14238,0.0,0.0
2024-01-09 00:00:00+09:00,144487.16597137172,144750.66840171465,142818.3172458665,143433.15625,10561,0.0,0.0
2024-01-10 00:00:00+09:00,143696.66125541125,144311.50027056277,141852.14420995672,142027.8125,10414,0.0,0.0
2024-01-11 00:00:00+09:00,142379.1406930193,142818.31139225746,141237.296875,141237.296875,8881,0.0,0.0
2024-01-12 00:00:00+09:00,142291.32078729282,143872.33546270718,141852.15004412216,143081.828125,12222,0.0,0.0
2024-01-15 00:00:00+09:00,142466.97710377068,143345.3185162477,142466.97710377068,143257.484375,1001,0.0,0.0
2024-01-16 00:00:00+09:00,145365.51318418275,145804.68391887817,144311.50342091377,145629.015625,8623,0.0,0.0
2024-01-17 00:00:00+09:00,145277.6839247881,145804.68882415254,144311.50827595338,145102.015625,10398,0.0,0.0
2024-01-18 00:00:00+09:00,145014.18167518303,145102.0158251983,143608.835274939,143960.171875,10256,0.0,0.0
2024-01-19 00:00:00+09:00,144926.34732521186,145365.5180746822,144487.17657574153,145102.015625,6883,0.0,0.0
2024-01-22 00:00:00+09:00,145189.8599131532,147912.71875,145189.8599131532,147912.71875,10518,0.0,0.0
2024-01-23 00:00:00+09:00,148000.5326491136,148000.5326491136,145980.3473369892,146156.015625,9138,0.0,0.0
2024-01-24 00:00:00+09:00,146068.19352624848,146858.70088748494,145189.85201376354,145980.359375,10672,0.0,0.0
2024-01-25 00:00:00+09:00,145804.68540012217,145892.51954795356,142730.49022602322,143784.5,12499,0.0,0.0
2024-01-26 00:00:00+09:00,143872.33564743193,144135.83809367265,141764.31607750617,141939.984375,9390,0.0,0.0
2024-01-29 00:00:00+09:00,141412.9652931416,141939.97013274336,138953.609375,138953.609375,18084,0.0,0.0
2024-01-30 00:00:00+09:00,139392.78007466815,140271.12147400444,137723.9314159292,138953.609375,19062,0.0,0.0
2024-01-31 00:00:00+09:00,138602.29283707865,141325.15156835207,138338.7903792135,140710.3125,18832,0.0,0.0
2024-02-01 00:00:00+09:00,139217.11782495255,140798.1324122391,137723.93738140416,138865.78125,16783,0.0,0.0
2024-02-02 00:00:00+09:00,139304.94836526283,140183.289779924,138602.27523353387,138690.109375,11440,0.0,0.0
2024-02-05 00:00:00+09:00,138602.27777111324,138953.61434341013,137284.765625,137284.765625,11105,0.0,0.0
2024-02-06 00:00:00+09:00,137196.9243410414,137460.42675654916,135791.578125,135791.578125,17693,0.0,0.0
2024-02-07 00:00:00+09:00,136757.75615808825,136933.424438317,134298.40023488563,134386.234375,15493,0.0,0.0
2024-02-08 00:00:00+09:00,134737.59401709403,135176.76479289943,133595.75,133595.75,15279,0.0,0.0
2024-02-09 00:00:00+09:00,134298.40883179114,134386.2429775281,132541.72591705222,132893.0625,19414,0.0,0.0
2024-02-13 00:00:00+09:00,133859.20922851562,135352.3893839518,133420.0385945638,134913.21875,14808,0.0,0.0
2024-02-14 00:00:00+09:00,135264.58941605838,135264.58941605838,132366.0625,132366.0625,15471,0.0,0.0
2024-02-15 00:00:00+09:00,133332.24355932203,133683.58016949153,128940.53593220339,129555.375,19359,0.0,0.0
2024-02-16 00:00:00+09:00,129906.70443150918,130785.04590839565,127798.68488698165,129204.03125,17764,0.0,0.0
2024-02-19 00:00:00+09:00,130521.52403846155,131839.0360576923,129555.34855769231,130170.1875,12003,0.0,0.0
2024-02-20 00:00:00+09:00,130609.38257252559,131224.22162969282,128325.69464590444,128677.03125,20338,0.0,0.0
2024-02-21 00:00:00+09:00,129555.3725473613,130697.21650879568,128501.3627368065,129818.875,17901,0.0,0.0
2024-02-22 00:00:00+09:00,129116.2029037424,130785.05178481119,128764.86629720162,130258.046875,15772,0.0,0.0
2024-02-26 00:00:00+09:00,132278.22362499998,133244.39922916665,131487.7163125,131751.21875,21557,0.0,0.0
2024-02-27 00:00:00+09:00,132278.2285391566,133244.40417921686,130785.04800451807,131224.21875,24257,0.0,0.0
2024-02-28 00:00:00+09:00,131751.2247748499,132541.732123499,130960.7174262008,131663.390625,20905,0.0,0.0
2024-02-29 00:00:00+09:00,132014.7272243996,132278.2296739493,130433.71252710141,131663.390625,33390,0.0,0.0
2024-03-01 00:00:00+09:00,132453.88959731543,132717.39203020133,130345.87013422819,130872.875,19234,0.0,0.0
2024-03-04 00:00:00+09:00,131839.05403862125,134122.74185008305,131487.7174522425,132190.390625,19670,0.0,0.0
2024-03-05 00:00:00+09:00,132102.55812372535,132366.0605667913,129116.19710231136,129204.03125,22300,0.0,0.0
2024-03-06 00:00:00+09:00,129467.54786161633,130082.38696272306,127623.03055829616,127974.3671875,21000,0.0,0.0
2024-03-07 00:00:00+09:00,128501.34203157942,129379.68339884927,124987.9765625,124987.9765625,40899,0.0,0.0
2024-03-08 00:00:00+09:00,124021.81364678899,125339.32583142201,123846.14535550459,124460.984375,32824,0.0,0.0
2024-03-11 00:00:00+09:00,124285.32762621442,126656.84977879944,124285.32762621442,126569.015625,20478,0.0,0.0
2024-03-12 00:00:00+09:00,126481.16352201258,127798.67564203353,125602.82210866526,125690.65625,18346,0.0,0.0
2024-03-13 00:00:00+09:00,126129.84084353146,127183.8506555944,124373.15782342658,125602.8359375,20732,0.0,0.0
2024-03-14 00:00:00+09:00,126305.51819878175,127974.3671875,126042.01572687886,127974.3671875,18964,0.0,0.0
2024-03-15 00:00:00+09:00,129028.36652452477,131663.39102808892,128413.52747369313,129379.703125,39377,0.0,0.0
2024-03-18 00:00:00+09:00,129994.54217583162,129994.54217583162,127974.3567230991,129379.703125,21674,0.0,0.0
2024-03-19 00:00:00+09:00,130345.86278688525,134210.5649180328,129906.69209016394,133947.0625,32074,0.0,0.0
2024-03-21 00:00:00+09:00,135264.578125,135528.0805499188,133156.55872564935,135264.578125,28198,0.0,0.0
2024-03-22 00:00:00+09:00,135528.08644088273,136318.59375,134210.57425902062,136318.59375,20679,0.0,0.0
2024-03-25 00:00:00+09:00,137460.42892829154,140534.6238244514,137372.59478840127,140095.453125,26892,0.0,0.0
2024-03-26 00:00:00+09:00,140095.47477846613,140885.98215966125,139041.46493687265,140007.640625,29036,0.0,0.0
2024-03-27 00:00:00+09:00,140183.30893193226,140798.14800619512,139041.46493687265,140007.640625,22560,0.0,0.0
2024-03-28 00:00:00+09:00,140007.62843769422,141325.140625,139392.78941695153,141325.140625,24592,0.0,0.0
2024-03-29 00:00:00+09:00,141412.9725922131,141412.9725922131,139217.11898053277,139304.953125,11778,0.0,0.0
2024-04-01 00:00:00+09:00,140007.63233438486,141412.9787066246,139129.29085173502,139217.125,12276,0.0,0.0
2024-04-02 00:00:00+09:00,139304.95670654913,140183.29817380355,138514.44938602016,139480.625,19165,0.0,0.0
2024-04-03 00:00:00+09:00,139919.78873154684,140271.1253008665,136494.25718068035,136845.59375,31416,0.0,0.0
2024-04-04 00:00:00+09:00,137109.10105911727,137636.1059318621,135879.4230227126,136318.59375,17731,0.0,0.0
2024-04-05 00:00:00+09:00,137021.26341899805,137021.26341899805,133947.06840639233,135001.078125,23265,0.0,0.0
2024-04-08 00:00:00+09:00,135001.07437139653,137636.09859465086,134913.2402306214,137109.09375,23125,0.0,0.0
2024-04-09 00:00:00+09:00,138953.60700938295,140358.95322439566,138075.265625,138075.265625,24998,0.0,0.0
2024-04-10 00:00:00+09:00,138075.26567511226,139129.27533675433,136669.91945958947,136933.421875,20586,0.0,0.0
2024-04-11 00:00:00+09:00,136933.42182530215,138690.10459406805,136318.5828562341,138075.265625,22834,0.0,0.0
2024-04-12 00:00:00+09:00,138075.27536057692,138514.446083734,136582.09490184297,137021.265625,21293,0.0,0.0
2024-04-15 00:00:00+09:00,137021.26791401274,138953.6191281847,137021.26791401274,137899.609375,17913,0.0,0.0
2024-04-16 00:00:00+09:00,137284.75837905533,138953.60700938295,136845.58768686387,138075.265625,21237,0.0,0.0
2024-04-17 00:00:00+09:00,138163.1046156609,140007.6215876437,137372.59734195404,137548.265625,17883,0.0,0.0
2024-04-18 00:00:00+09:00,137196.92547154732,138514.43755994245,137021.25719309464,137372.59375,19948,0.0,0.0
2024-04-19 00:00:00+09:00,136757.76215953307,137548.2694552529,134649.74270428016,135440.25,19752,0.0,0.0
2024-04-22 00:00:00+09:00,136230.7720259567,140007.640625,136142.93787249058,140007.640625,21913,0.0,0.0
2024-04-23 00:00:00+09:00,140358.96531506634,140446.79946107077,138777.95068698673,139041.453125,20766,0.0,0.0
2024-04-24 00:00:00+09:00,139568.45684806717,139568.45684806717,138250.94466888465,138602.28125,10954,0.0,0.0
2024-04-25 00:00:00+09:00,137899.59852568168,139480.61303107164,137811.76438649333,138514.4375,44811,0.0,0.0
2024-04-26 00:00:00+09:00,136917.370267624,138538.76017868798,136917.370267624,137998.296875,26656,3927.0,0.0
2024-04-30 00:00:00+09:00,138358.59910198845,140700.60663887108,138178.4446760744,140430.375,23591,0.0,0.0
2024-05-01 00:00:00+09:00,140610.53849984065,141511.31068753984,139979.99796845124,141331.15625,14694,0.0,0.0
2024-05-02 00:00:00+09:00,140430.38855027,141781.546875,140160.15688532402,141781.546875,16966,0.0,0.0
2024-05-07 00:00:00+09:00,140970.84556477345,141781.54052329293,140160.150606254,141151.0,16832,0.0,0.0
2024-05-08 00:00:00+09:00,141781.53319435535,141781.53319435535,140340.29778704297,140430.375,11915,0.0,0.0
2024-05-09 00:00:00+09:00,140880.76545698923,143402.92749841872,140610.53380969324,142412.078125,20664,0.0,0.0
2024-05-10 00:00:00+09:00,143402.90898288973,143402.90898288973,139709.74361335553,142141.828125,22661,0.0,0.0
2024-05-13 00:00:00+09:00,142141.86921806168,143402.95044052863,141511.3286068282,143132.71875,9661,0.0,0.0
2024-05-14 00:00:00+09:00,143402.9356918239,144033.47623820754,142412.08626179246,143222.78125,15684,0.0,0.0
2024-05-15 00:00:00+09:00,142231.91639184678,142412.07081412905,139889.90890217738,141691.453125,29279,0.0,0.0
2024-05-16 00:00:00+09:00,141871.625,143222.78333333333,140880.77555555556,141871.625,18765,0.0,0.0
2024-05-17 00:00:00+09:00,140520.46513496144,141151.00568364395,139619.69292255785,140160.15625,19916,0.0,0.0
2024-05-20 00:00:00+09:00,140340.31823691016,140340.31823691016,138809.00539350355,139349.46875,18252,0.0,0.0
2024-05-21 00:00:00+09:00,138808.99344173115,139979.99727998066,138718.91622340426,139709.765625,11945,0.0,0.0
2024-05-22 00:00:00+09:00,139169.30798498375,139799.84853896103,137818.14965503247,138718.921875,21797,0.0,0.0
2024-05-23 00:00:00+09:00,136737.22685412574,137728.07632408317,136016.60905779307,137547.921875,29101,0.0,0.0
2024-05-24 00:00:00+09:00,136196.75272277227,137187.60211427393,135656.28941831682,136466.984375,23802,0.0,0.0
2024-05-27 00:00:00+09:00,136647.1415307971,137187.6048460145,134305.13383152173,136737.21875,21919,0.0,0.0
2024-05-28 00:00:00+09:00,137187.6010164925,138088.37318337688,136557.06049967342,137908.21875,21896,0.0,0.0
2024-05-29 00:00:00+09:00,138088.36770491803,138808.98540983605,136917.36393442622,137367.75,22955,0.0,0.0
2024-05-30 00:00:00+09:00,137637.984688755,137818.1391189759,134215.05051455824,134575.359375,41784,0.0,0.0
2024-05-31 00:00:00+09:00,133584.5134179043,137277.67933168318,133404.3589830858,136466.984375,270652,0.0,0.0
2024-06-03 00:00:00+09:00,136917.3658940397,138448.6785389073,136016.59375,136016.59375,19951,0.0,0.0
2024-06-04 00:00:00+09:00,136737.20404048718,137728.05334512837,135836.43194535878,136827.28125,14617,0.0,0.0
2024-06-05 00:00:00+09:00,137187.6039366348,137998.29890408702,136647.140625,136647.140625,12749,0.0,0.0
2024-06-06 00:00:00+09:00,136647.13229508197,137728.058852459,135836.43737704918,137367.75,11890,0.0,0.0
2024-06-07 00:00:00+09:00,137097.5287741345,137818.14653378827,135295.984375,135295.984375,11209,0.0,0.0
2024-06-10 00:00:00+09:00,135295.99068091452,136466.9945949304,135025.7590084493,135926.53125,12002,0.0,0.0
2024-06-11 00:00:00+09:00,136647.14267435085,136917.37433422104,135295.984375,135295.984375,9927,0.0,0.0
2024-06-12 00:00:00+09:00,135386.06520791832,136286.83743152392,134935.67909611555,135656.296875,8840,0.0,0.0
2024-06-13 00:00:00+09:00,136467.00128210473,136467.00128210473,134845.6111678619,135025.765625,14813,0.0,0.0
2024-06-14 00:00:00+09:00,134935.67436594202,138268.53147644928,134935.67436594202,136737.21875,16483,0.0,0.0
2024-06-17 00:00:00+09:00,136466.97786885247,138088.36770491803,136196.7462295082,137367.75,16038,0.0,0.0
2024-06-18 00:00:00+09:00,137818.14153331157,138448.68205013065,137007.4465831156,137908.21875,10708,0.0,0.0
2024-06-19 00:00:00+09:00,138268.5369904029,141961.703125,138088.3825448128,141961.703125,11750,0.0,0.0
2024-06-20 00:00:00+09:00,141421.23552123553,142412.08494208494,139889.92277992278,139980.0,9313,0.0,0.0
2024-06-21 00:00:00+09:00,140070.08978396046,141961.71157525512,139980.01255580358,141241.09375,24717,0.0,0.0
2024-06-24 00:00:00+09:00,142231.928898457,144573.93659406173,141871.62002221012,144483.859375,18332,0.0,0.0
2024-06-25 00:00:00+09:00,144393.7848669882,145564.7887367766,143493.01265945862,144754.09375,11200,0.0,0.0
2024-06-26 00:00:00+09:00,145474.7099338791,145744.94159319898,142412.0844615869,143042.625,16409,0.0,0.0
2024-06-27 00:00:00+09:00,142412.0949980032,143222.79003594248,140160.1643370607,140970.859375,19361,0.0,0.0
2024-06-28 00:00:00+09:00,142141.8633186901,142502.17222444087,140790.7049221246,140970.859375,21210,0.0,0.0
2024-07-01 00:00:00+09:00,141691.46442819148,142502.15939313345,139619.6884066731,139709.765625,18071,0.0,0.0
2024-07-02 00:00:00+09:00,140970.83827774215,141331.14712957025,138899.0623797306,140430.375,17702,0.0,0.0
2024-07-03 00:00:00+09:00,139709.765625,140970.8466815764,138989.14787838492,139709.765625,10862,0.0,0.0
2024-07-04 00:00:00+09:00,139799.85668173016,140520.47449967722,139079.2388637831,139529.625,12708,0.0,0.0
2024-07-05 00:00:00+09:00,138538.76743100648,139439.539650974,137818.14965503247,138718.921875,14273,0.0,0.0
2024-07-08 00:00:00+09:00,138538.77134495744,139439.54359037327,137547.921875,137547.921875,13987,0.0,0.0
2024-07-09 00:00:00+09:00,137187.61532401422,139349.46875,136557.07474143503,139349.46875,10621,0.0,0.0
2024-07-10 00:00:00+09:00,138718.92995480954,139799.85668173016,138178.46659134925,139529.625,6516,0.0,0.0
2024-07-11 00:00:00+09:00,139979.99727998066,140880.7694632495,139709.765625,139709.765625,8748,0.0,0.0
2024-07-12 00:00:00+09:00,139709.7554792871,141241.06807964033,139439.52384393066,140250.21875,12391,0.0,0.0
2024-07-16 00:00:00+09:00,140700.60663887108,141060.91549069918,139799.83450930082,140430.375,6634,0.0,0.0
2024-07-17 00:00:00+09:00,141691.47055555554,142592.24277777778,141241.08444444445,141871.625,10927,0.0,0.0
2024-07-18 00:00:00+09:00,141871.6197849549,141961.697003866,139799.84375,139799.84375,9761,0.0,0.0
2024-07-19 00:00:00+09:00,140160.15262564435,140700.61593911084,138989.14877980028,139799.84375,11101,0.0,0.0
2024-07-22 00:00:00+09:00,139980.0102349806,140520.47359496125,138538.77460836564,139439.546875,8129,0.0,0.0
2024-07-23 00:00:00+09:00,139349.4660480084,139619.69772101683,138088.38490730245,139079.234375,8886,0.0,0.0
2024-07-24 00:00:00+09:00,138088.38612565445,138989.15837696334,136917.38219895287,137638.0,11087,0.0,0.0
2024-07-25 00:00:00+09:00,137187.61566584968,138718.92851307188,137007.46121323528,137818.15625,9955,0.0,0.0
2024-07-26 00:00:00+09:00,137908.20495963795,138538.7454134051,137097.51009050882,138088.359375,7982,0.0,0.0
2024-07-29 00:00:00+09:00,138538.77134495744,138538.77134495744,136557.07240504256,137547.921875,10625,0.0,0.0
2024-07-30 00:00:00+09:00,138448.70043595176,139259.39549380704,137547.92814944588,138178.46875,24502,0.0,0.0
2024-07-31 00:00:00+09:00,138178.4484152652,139889.91550776197,138178.4484152652,139259.375,14111,0.0,0.0
2024-08-01 00:00:00+09:00,139079.22713216147,139349.45879109701,137097.52829996744,138358.609375,15334,0.0,0.0
2024-08-02 00:00:00+09:00,136917.3734177215,137277.6822951366,134575.36571452365,135205.90625,15544,0.0,0.0
2024-08-05 00:00:00+09:00,133674.59791953233,137097.5323676066,130611.97236072902,130972.28125,29277,0.0,0.0
2024-08-06 00:00:00+09:00,135746.373820174,140250.23492900527,134034.9065988181,137187.609375,28105,0.0,0.0
2024-08-07 00:00:00+09:00,136647.14962958416,140790.70195849705,135656.30015962673,137547.921875,20069,0.0,0.0
2024-08-08 00:00:00+09:00,136827.27846746575,139799.82632093935,136827.27846746575,138088.359375,12476,0.0,0.0
2024-08-09 00:00:00+09:00,137818.151128069,138899.0778035833,135476.14333112142,135746.375,17433,0.0,0.0
2024-08-13 00:00:00+09:00,135836.4510423506,138178.4588189429,135836.4510423506,137187.609375,13248,0.0,0.0
2024-08-14 00:00:00+09:00,137728.0760099579,139079.234375,137187.61266394105,139079.234375,11088,0.0,0.0
2024-08-15 00:00:00+09:00,138448.6973817022,139529.62410166344,137638.00234173128,139439.546875,8368,0.0,0.0
2024-08-16 00:00:00+09:00,139979.99617102745,141781.54052329293,138989.14677728142,141151.0,11534,0.0,0.0
2024-08-19 00:00:00+09:00,140610.53306941778,142051.7685140755,139979.99256238004,140790.6875,12459,0.0,0.0
2024-08-20 00:00:00+09:00,141871.63575141775,143042.6397290485,140970.86346093257,142952.5625,17836,0.0,0.0
2024-08-21 00:00:00+09:00,141691.47145661485,143132.70702133566,141241.0853426396,141961.703125,12289,0.0,0.0
2024-08-22 00:00:00+09:00,142502.16917352754,142592.24639803675,140700.6246833439,142231.9375,15861,0.0,0.0
2024-08-23 00:00:00+09:00,141511.2997149968,141871.60856213875,139889.90990285808,140250.21875,8126,0.0,0.0
2024-08-26 00:00:00+09:00,141781.5439231738,143042.625,141151.0033847607,143042.625,10378,0.0,0.0
2024-08-27 00:00:00+09:00,143132.71232405142,147186.1875,142952.55787178702,147186.1875,14668,0.0,0.0
2024-08-28 00:00:00+09:00,146735.7932596154,147546.48825,146105.25271153846,146375.484375,16358,0.0,0.0
2024-08-29 00:00:00+09:00,146375.477108457,147366.3264919604,144573.93277481446,145654.859375,11924,0.0,0.0
2024-08-30 00:00:00+09:00,144483.85465655942,146015.16733060026,144303.7002243193,145564.78125,17003,0.0,0.0
2024-09-02 00:00:00+09:00,145564.7923649907,145835.0240339851,143943.4023510242,145114.40625,10697,0.0,0.0
2024-09-03 00:00:00+09:00,145114.40263301184,145114.40263301184,143312.85821795271,144754.09375,7930,0.0,0.0
2024-09-04 00:00:00+09:00,143763.24391698473,144483.86168097964,140970.85008150444,141601.390625,14421,0.0,0.0
2024-09-05 00:00:00+09:00,140700.60663887108,142141.84204618345,140430.375,140430.375,9195,0.0,0.0
2024-09-06 00:00:00+09:00,140790.69498069497,140970.8494208494,139259.38223938225,139980.0,11811,0.0,0.0
2024-09-09 00:00:00+09:00,140070.07540673326,140610.53872019975,138989.14877980028,139799.84375,8598,0.0,0.0
2024-09-10 00:00:00+09:00,140520.4633204633,141331.1583011583,139799.84555984556,139980.0,9691,0.0,0.0
2024-09-11 00:00:00+09:00,140250.23190468445,140430.3863451529,137908.22417859465,138448.6875,11718,0.0,0.0
2024-09-12 00:00:00+09:00,139799.84736503856,140700.61957744215,139349.46125883676,140160.15625,11843,0.0,0.0
2024-09-13 00:00:00+09:00,140340.30232976342,141241.07448849105,140070.07068214513,140880.765625,14073,0.0,0.0
2024-09-17 00:00:00+09:00,140160.14715394567,140520.45601552393,138088.37119987063,139259.375,9008,0.0,0.0
2024-09-18 00:00:00+09:00,137367.7462613784,138899.0588426528,137367.7462613784,138538.75,10049,0.0,0.0
2024-09-19 00:00:00+09:00,138718.9267015707,139799.85340314134,137097.53664921466,137638.0,7898,0.0,0.0
2024-09-20 00:00:00+09:00,138448.66820572407,139529.59469789627,138088.359375,138088.359375,17850,0.0,0.0
2024-09-24 00:00:00+09:00,139349.46909722223,139439.54632352942,137638.00179738563,137818.15625,10331,0.0,0.0
2024-09-25 00:00:00+09:00,137187.61923484356,138989.16380785528,136376.92417698828,138178.46875,13897,0.0,0.0
2024-09-26 00:00:00+09:00,138989.15684056695,140610.546875,138448.69349575593,140610.546875,12604,0.0,0.0
2024-09-27 00:00:00+09:00,140610.5368951613,140970.84576612903,139529.61028225807,139619.6875,11288,0.0,0.0
2024-09-30 00:00:00+09:00,138268.52595899472,138628.83482142858,135566.20949074073,136196.75,13920,0.0,0.0
2024-10-01 00:00:00+09:00,136196.76201923078,136196.76201923078,134845.60366586538,135836.453125,11522,0.0,0.0
2024-10-02 00:00:00+09:00,135476.13881491343,135746.37047478362,134755.52105525965,135295.984375,8465,0.0,0.0
2024-10-03 00:00:00+09:00,135115.82175150703,136106.67111101808,134485.28125,134485.28125,11949,0.0,0.0
2024-10-04 00:00:00+09:00,134665.4429338774,136106.67844353765,134665.4429338774,135205.90625,8463,0.0,0.0
2024-10-07 00:00:00+09:00,135656.2859563253,136016.59481676706,133944.8188692269,134575.359375,10338,0.0,0.0
2024-10-08 00:00:00+09:00,133854.7518061156,134755.52402553763,133674.59736223117,134034.90625,7467,0.0,0.0
2024-10-09 00:00:00+09:00,133944.83620905748,135115.84015708556,133944.83620905748,134755.53125,6713,0.0,0.0
2024-10-10 00:00:00+09:00,135115.82903064624,135476.1379080613,134395.21127581614,135205.90625,8439,0.0,0.0
2024-10-11 00:00:00+09:00,135205.90625,135746.3695661226,134575.36571452365,135205.90625,7254,0.0,0.0
2024-10-15 00:00:00+09:00,135836.45433981234,135836.45433981234,134305.14152563675,134395.21875,8062,0.0,0.0
2024-10-16 00:00:00+09:00,134665.45042308982,134935.68209617963,133584.52373073058,134395.21875,8137,0.0,0.0
2024-10-17 00:00:00+09:00,134845.59375,135476.13426853708,134395.20766533064,134845.59375,8347,0.0,0.0
2024-10-18 00:00:00+09:00,135115.83623260437,136196.7629224652,134845.60456013915,135926.53125,8403,0.0,0.0
2024-10-21 00:00:00+09:00,136016.60878853887,136286.8404616287,134124.98707691018,134395.21875,8281,0.0,0.0
2024-10-22 00:00:00+09:00,133584.5174347643,134124.98075547136,133044.05411405725,133764.671875,9664,0.0,0.0
2024-10-23 00:00:00+09:00,133764.6671467936,135025.74818386772,133404.3582790581,134845.59375,8902,0.0,0.0
2024-10-24 00:00:00+09:00,133584.51016629994,134395.20510324984,133044.046875,133044.046875,9049,0.0,0.0
2024-10-25 00:00:00+09:00,132863.90894578822,133494.4495306157,132593.67726657647,133134.140625,6983,0.0,0.0
2024-10-28 00:00:00+09:00,132773.8344024308,133854.76114112086,132053.2165766374,133404.375,7233,0.0,0.0
2024-10-29 00:00:00+09:00,132593.65807327002,133584.50742028494,132503.58085990502,132773.8125,29217,0.0,0.0
2024-10-30 00:00:00+09:00,133449.87757378173,136042.93556966368,133357.2683596431,134931.625,17892,4030.0,0.0
2024-10-31 00:00:00+09:00,135024.23324431427,135394.67009820812,133357.26740179188,134375.96875,11855,0.0,0.0
2024-11-01 00:00:00+09:00,133912.92268263266,135302.06088473467,133727.70425568573,134375.96875,8123,0.0,0.0
2024-11-05 00:00:00+09:00,135116.84180632344,135302.06023237735,133727.70361091915,134005.53125,7778,0.0,0.0
2024-11-06 00:00:00+09:00,135209.4375,136505.96635273972,134653.78227739726,135209.4375,9635,0.0,0.0
2024-11-07 00:00:00+09:00,136042.93686006826,136505.9829351536,135209.45392491468,135672.5,7302,0.0,0.0
2024-11-08 00:00:00+09:00,135394.65693212824,136691.18579467942,135024.2201142565,135765.09375,9592,0.0,0.0
2024-11-11 00:00:00+09:00,136320.74914792093,136598.5767616735,135302.0478974949,135857.703125,9390,0.0,0.0
2024-11-12 00:00:00+09:00,135857.71938732156,136876.4207596873,135487.28252464312,136228.15625,5870,0.0,0.0
2024-11-13 00:00:00+09:00,135487.26545400135,136783.79431002052,135116.8286379959,135394.65625,6434,0.0,0.0
2024-11-14 00:00:00+09:00,135672.4969203838,135765.10613329874,133542.48502334024,133912.921875,7164,0.0,0.0
2024-11-15 00:00:00+09:00,134283.34426617343,134931.60868676874,133820.2982514625,134561.171875,6703,0.0,0.0
2024-11-18 00:00:00+09:00,134746.3931760204,136691.18647959182,134468.5655612245,136135.53125,8624,0.0,0.0
2024-11-19 00:00:00+09:00,136691.20501512097,138172.9524949597,136505.98658014115,137802.515625,7477,0.0,0.0
2024-11-20 00:00:00+09:00,138172.93632154883,138172.93632154883,136691.18901515153,137524.671875,9844,0.0,0.0
2024-11-21 00:00:00+09:00,137339.45346170035,138172.93632154883,136876.40742845117,137524.671875,6571,0.0,0.0
2024-11-22 00:00:00+09:00,137987.72124169435,139654.68700166114,137339.45677948504,139376.859375,11990,0.0,0.0
2024-11-25 00:00:00+09:00,138913.81316489363,140302.95129654254,138728.59474734042,139284.25,10240,0.0,0.0
2024-11-26 00:00:00+09:00,139469.4658957354,139562.07510283747,137154.23571818334,137895.109375,10067,0.0,0.0
2024-11-27 00:00:00+09:00,137895.10870159933,138172.93632154883,136783.79822180135,137524.671875,6271,0.0,0.0
2024-11-28 00:00:00+09:00,137246.86063338927,138358.17124580537,137154.25141568793,137987.734375,6461,0.0,0.0
2024-11-29 00:00:00+09:00,138080.34088594705,138172.950101833,136413.375,136413.375,8666,0.0,0.0
2024-12-02 00:00:00+09:00,136691.18596625768,137246.84119376278,135672.48471583164,135857.703125,6614,0.0,0.0
2024-12-03 00:00:00+09:00,135857.71778747434,136320.76386036963,134746.40721252566,135302.0625,8117,0.0,0.0
2024-12-04 00:00:00+09:00,135950.31078532236,136505.96600651578,134375.95432527436,135024.21875,7244,0.0,0.0
2024-12-05 00:00:00+09:00,134931.6245164202,135579.8890130674,134561.18766119325,134653.796875,5900,0.0,0.0
2024-12-06 00:00:00+09:00,134375.96939432988,135116.8431056701,133912.92332474227,134746.40625,8787,0.0,0.0
2024-12-09 00:00:00+09:00,134468.56024148714,134838.9970465601,132338.5486123176,133264.640625,13623,0.0,0.0
2024-12-10 00:00:00+09:00,134005.51458405622,134283.34218858433,133079.42256896253,133449.859375,8758,0.0,0.0
2024-12-11 00:00:00+09:00,133635.0942362552,134283.35872665973,132801.61132002075,133912.921875,7903,0.0,0.0
2024-12-12 00:00:00+09:00,134098.14046302697,134375.9681021078,133635.0943978922,134005.53125,6846,0.0,0.0
2024-12-13 00:00:00+09:00,134283.34546232875,135672.48351883562,133912.90864726028,135209.4375,15799,0.0,0.0
2024-12-16 00:00:00+09:00,134283.3580747226,135024.23177444522,133079.4383126734,133542.484375,10840,0.0,0.0
2024-12-17 00:00:00+09:00,133542.4859891529,136598.59003744836,132060.73857179753,134468.578125,11586,0.0,0.0
2024-12-18 00:00:00+09:00,134283.35872665973,135116.84164289417,133912.921875,133912.921875,7619,0.0,0.0
2024-12-19 00:00:00+09:00,132801.61083679833,134190.74902546778,132709.00162422037,133635.09375,7494,0.0,0.0
2024-12-20 00:00:00+09:00,134931.61107915815,137061.62278459442,134468.56505623722,135857.703125,15565,0.0,0.0
2024-12-23 00:00:00+09:00,135487.2801231971,136320.76304945056,134561.18798291552,134839.015625,8031,0.0,0.0
2024-12-24 00:00:00+09:00,135209.4375,136042.9203339041,134931.60988869861,135209.4375,6785,0.0,0.0
2024-12-25 00:00:00+09:00,135302.04704599862,135765.09306600547,134931.61022999315,135394.65625,4921,0.0,0.0
2024-12-26 00:00:00+09:00,135950.3303390688,137339.46859185223,135394.67503795546,137246.859375,9179,0.0,0.0
2024-12-27 00:00:00+09:00,137987.7185821021,138728.59223891873,137246.84492528543,137895.109375,8155,0.0,0.0
2024-12-30 00:00:00+09:00,138635.99968645486,138913.82734113713,137987.73515886287,138450.78125,10678,0.0,0.0
2025-01-06 00:00:00+09:00,140673.39144520997,142062.52960958006,140580.78223425196,141136.4375,14964,0.0,0.0
2025-01-07 00:00:00+09:00,140858.62219311378,141136.4498502994,139191.65625,139191.65625,10866,0.0,0.0
2025-01-08 00:00:00+09:00,139932.52730694818,140025.1365242261,137617.296875,137617.296875,11449,0.0,0.0
2025-01-09 00:00:00+09:00,136876.4204390742,137154.24808543228,135116.84534547312,136042.9375,11463,0.0,0.0
2025-01-10 00:00:00+09:00,134746.3926699898,136505.9675570893,134746.3926699898,135857.703125,9899,0.0,0.0
2025-01-14 00:00:00+09:00,136598.59036494154,137339.46407539546,134283.36001977304,134653.796875,16011,0.0,0.0
2025-01-15 00:00:00+09:00,134653.79719694366,135394.67090916896,134098.1419127747,134839.015625,12840,0.0,0.0
2025-01-16 00:00:00+09:00,135394.65556412895,136042.91998885458,134468.56352880658,135024.21875,10319,0.0,0.0
2025-01-17 00:00:00+09:00,134561.18766119325,135302.0613716472,133542.48630931912,134653.796875,10014,0.0,0.0
2025-01-20 00:00:00+09:00,134746.39148116438,135765.09272260274,134561.17307363014,135209.4375,8584,0.0,0.0
2025-01-21 00:00:00+09:00,135765.09151324845,136228.1375279594,134190.73506323123,134561.171875,8877,0.0,0.0
2025-01-22 00:00:00+09:00,135024.23533555327,135950.32748463115,134746.40769082992,135579.890625,5917,0.0,0.0
2025-01-23 00:00:00+09:00,135487.28156996588,135950.3276450512,135302.06313993174,135672.5,6043,0.0,0.0
2025-01-24 00:00:00+09:00,136228.1592386745,138913.82655201343,135857.72236786914,137987.734375,9982,0.0,0.0
2025-01-27 00:00:00+09:00,138358.16101034143,141599.48339010176,138358.16101034143,141043.828125,10030,0.0,0.0
2025-01-28 00:00:00+09:00,142247.74062301335,146692.9825174825,141969.91300460903,145674.28125,21686,0.0,0.0
2025-01-29 00:00:00+09:00,145674.28057281708,146322.54501274697,144748.18851577438,145303.84375,11536,0.0,0.0
2025-01-30 00:00:00+09:00,145118.63869573956,145211.24790996785,143822.1096965434,144007.328125,11431,0.0,0.0
2025-01-31 00:00:00+09:00,145026.02883220502,145026.02883220502,142896.01691449064,143636.890625,8759,0.0,0.0
2025-02-03 00:00:00+09:00,142803.40592532468,144099.9349025974,142062.53222402596,142618.1875,8010,0.0,0.0
2025-02-04 00:00:00+09:00,142618.202208279,143359.07598598435,141321.67309729464,142062.546875,9608,0.0,0.0
2025-02-05 00:00:00+09:00,142062.53092362924,142988.62304177546,141692.09407637076,141877.3125,8238,0.0,0.0
2025-02-06 00:00:00+09:00,142340.34461130024,143544.26424691957,142340.34461130024,142803.390625,7875,0.0,0.0
2025-02-07 00:00:00+09:00,141692.09276574804,142155.13882053806,140858.60986712598,141136.4375,8680,0.0,0.0
2025-02-10 00:00:00+09:00,140858.60468645344,141414.25993176491,137432.06400703284,138265.546875,12032,0.0,0.0
2025-02-12 00:00:00+09:00,138172.9524949597,138913.82623487903,137524.68797253026,137802.515625,9534,0.0,0.0
2025-02-13 00:00:00+09:00,139376.85987234747,140025.12433687,138450.7677801724,139654.6875,9767,0.0,0.0
2025-02-14 00:00:00+09:00,139839.9057523225,140395.56100696747,138821.20445214,139562.078125,8905,0.0,0.0
2025-02-17 00:00:00+09:00,139747.29720590668,140580.7800918266,139747.29720590668,139932.515625,7214,0.0,0.0
2025-02-18 00:00:00+09:00,140025.12433687,140765.99801061008,139284.25066312996,139654.6875,7924,0.0,0.0
2025-02-19 00:00:00+09:00,139654.6863341106,140488.16921010992,138821.20345811127,139006.421875,10461,0.0,0.0
2025-02-20 00:00:00+09:00,138821.20279099868,139099.03041499667,138172.93833500333,138635.984375,7372,0.0,0.0
2025-02-21 00:00:00+09:00,138913.81415562914,140117.73387831126,138358.1588990066,139839.90625,9049,0.0,0.0
2025-02-25 00:00:00+09:00,139839.88849716287,140395.54368324432,138543.35972963952,138728.578125,11670,0.0,0.0
2025-02-26 00:00:00+09:00,139747.2970405629,140210.34308774833,138543.3773178808,139839.90625,13423,0.0,0.0
2025-02-27 00:00:00+09:00,139839.90805802104,141136.43700690335,139099.03437294543,140858.609375,9648,0.0,0.0
2025-02-28 00:00:00+09:00,140858.6070229544,148267.34375,140210.3425593379,148267.34375,31559,0.0,0.0
2025-03-03 00:00:00+09:00,143266.44563498668,143359.05484354196,138728.59441577896,139099.03125,15224,0.0,0.0
2025-03-04 00:00:00+09:00,138913.8086069736,139654.68225287745,136783.796875,136783.796875,14517,0.0,0.0
2025-03-05 00:00:00+09:00,137154.23420608108,138265.54467905406,136598.57896959462,137061.625,8799,0.0,0.0
2025-03-06 00:00:00+09:00,136505.9850093031,136969.03109142423,136042.938927182,136876.421875,6890,0.0,0.0
2025-03-07 00:00:00+09:00,136135.54429590784,136783.80879255504,134653.796875,134653.796875,10441,0.0,0.0
2025-03-10 00:00:00+09:00,135116.84115124738,136135.542489605,133635.09375,133635.09375,11167,0.0,0.0
2025-03-11 00:00:00+09:00,132616.38947368422,133635.09078947367,131227.25131578947,131968.125,17659,0.0,0.0
2025-03-12 00:00:00+09:00,131782.90837177925,134098.13866643453,131782.90837177925,132986.828125,15684,0.0,0.0
2025-03-13 00:00:00+09:00,132986.83070764464,135672.49790160125,132616.39385330578,134468.578125,13574,0.0,0.0
2025-03-14 00:00:00+09:00,134375.96939432988,135024.23389175258,133912.92332474227,134746.40625,10342,0.0,0.0
2025-03-17 00:00:00+09:00,135116.84518690396,136691.20184775203,134839.01754087192,135950.328125,7282,0.0,0.0
2025-03-18 00:00:00+09:00,135950.31536195287,137802.4994949495,135579.87853535355,137524.671875,7429,0.0,0.0
2025-03-19 00:00:00+09:00,137246.859375,138265.5607603745,136691.20407388662,137246.859375,6577,0.0,0.0
2025-03-21 00:00:00+09:00,137246.8474069149,140302.95129654254,137154.2381981383,139284.25,19984,0.0,0.0
2025-03-24 00:00:00+09:00,139191.640125,139932.5137916667,138635.984875,138913.8125,5750,0.0,0.0
2025-03-25 00:00:00+09:00,138913.81099094567,139839.90306421864,137617.2820883635,138080.328125,15209,0.0,0.0
2025-03-26 00:00:00+09:00,138543.3910940627,139284.26484322883,137709.90812625084,138821.21875,10855,0.0,0.0
2025-03-27 00:00:00+09:00,138450.76712101063,139747.29604388296,138450.76712101063,139284.25,9746,0.0,0.0
2025-03-28 00:00:00+09:00,138913.79652036048,139191.6241134012,137432.04935747664,138728.578125,13203,0.0,0.0
2025-03-31 00:00:00+09:00,139839.9168005751,140395.5720991204,136876.421875,136876.421875,17685,0.0,0.0
2025-04-01 00:00:00+09:00,137246.86032006048,139191.6538873488,137061.64188508067,137802.515625,11606,0.0,0.0
2025-04-02 00:00:00+09:00,138172.9337585034,138728.58898809523,135116.8299957483,136135.53125,17894,0.0,0.0
2025-04-03 00:00:00+09:00,135024.23597155995,136135.546555688,134098.1438181199,135950.328125,9409,0.0,0.0
2025-04-04 00:00:00+09:00,135950.31452702705,137339.45261824326,135487.26849662163,137061.625,12680,0.0,0.0
2025-04-07 00:00:00+09:00,132616.39046121595,135487.27600890986,130393.76939203354,132523.78125,16605,0.0,0.0
2025-04-08 00:00:00+09:00,133357.25393028025,136320.74846206425,133357.25393028025,135487.265625,16540,0.0,0.0
2025-04-09 00:00:00+09:00,133635.09552312587,135209.45215784045,133449.87709551238,134653.796875,10724,0.0,0.0
2025-04-10 00:00:00+09:00,135209.4403774543,138450.76257828367,134375.95752581244,136783.796875,13042,0.0,0.0
2025-04-11 00:00:00+09:00,135765.0959474307,137339.45244886747,135394.6591235632,136969.015625,10430,0.0,0.0
2025-04-14 00:00:00+09:00,136969.01663510103,138450.76394149833,136691.18901515153,137524.671875,8801,0.0,0.0
2025-04-15 00:00:00+09:00,137709.88927273496,138080.32609660242,136783.79721306625,136969.015625,7346,0.0,0.0
2025-04-16 00:00:00+09:00,137709.907035439,138265.5623429122,136969.03329214142,138172.953125,6032,0.0,0.0
2025-04-17 00:00:00+09:00,138543.37449765572,139099.0297429672,137987.71925234428,138265.546875,8047,0.0,0.0
2025-04-18 00:00:00+09:00,138635.984875,139376.85854166668,137987.72041666668,138913.8125,6809,0.0,0.0
2025-04-21 00:00:00+09:00,138636.0003127085,139191.65562458307,138172.95421947967,138821.21875,6002,0.0,0.0
2025-04-22 00:00:00+09:00,139006.42303547743,139932.5151276525,138821.20461704244,139654.6875,6085,0.0,0.0
2025-04-23 00:00:00+09:00,139839.9057523225,140302.95179785998,139006.422870355,139562.078125,9293,0.0,0.0
2025-04-24 00:00:00+09:00,139839.91904741956,139839.91904741956,138172.953125,138172.953125,7950,0.0,0.0
2025-04-25 00:00:00+09:00,137802.51687834226,139654.70124498665,137802.51687834226,138543.390625,29284,0.0,0.0
2025-04-28 00:00:00+09:00,138681.39666168942,139918.77357081912,138491.0309833618,139442.859375,13957,4045.0,0.0
2025-04-30 00:00:00+09:00,139728.41197005383,142107.98301859017,139442.86344422947,141441.703125,13015,0.0,0.0
2025-05-01 00:00:00+09:00,140585.05563083722,143059.80948757505,140109.14142761842,142679.078125,8638,0.0,0.0
2025-05-02 00:00:00+09:00,142679.06374711412,144582.72036815633,142488.6980850099,144297.171875,9774,0.0,0.0
2025-05-07 00:00:00+09:00,143916.43766644475,144106.8033247337,142393.51240013316,142964.609375,9654,0.0,0.0
2025-05-08 00:00:00+09:00,142012.79081031,142298.33931730123,141060.96245367252,141251.328125,10902,0.0,0.0
2025-05-09 00:00:00+09:00,140680.2262642331,142107.96875,140585.0434318486,142107.96875,11121,0.0,0.0
2025-05-12 00:00:00+09:00,142393.52632890365,143250.171875,141917.6121366279,143250.171875,6624,0.0,0.0
2025-05-13 00:00:00+09:00,142869.42833906983,143154.9768300873,140109.12625923438,141727.234375,13034,0.0,0.0
2025-05-14 00:00:00+09:00,141441.69682459676,141917.61101310482,140585.05128528224,141632.0625,6833,0.0,0.0
2025-05-15 00:00:00+09:00,141632.0655160858,142107.97971472854,140965.78563798594,142012.796875,8217,0.0,0.0
2025-05-16 00:00:00+09:00,141917.6000356783,142107.9656963566,140870.5889019476,141727.234375,8323,0.0,0.0
2025-05-19 00:00:00+09:00,140585.0452491554,141536.87358530407,139918.76541385136,140870.59375,8799,0.0,0.0
2025-05-20 00:00:00+09:00,141346.50791807432,141346.50791807432,140585.0452491554,140870.59375,8240,0.0,0.0
2025-05-21 00:00:00+09:00,141156.14388329384,141251.32671800948,139918.76703199052,140585.046875,8226,0.0,0.0
2025-05-22 00:00:00+09:00,140585.0452491554,141156.1422508446,140109.13108108108,140870.59375,5942,0.0,0.0
2025-05-23 00:00:00+09:00,140870.59212744437,141822.4204526298,140775.40929492583,141156.140625,5366,0.0,0.0
2025-05-26 00:00:00+09:00,142203.16091137123,142774.2579431438,141917.61239548496,142298.34375,4112,0.0,0.0
2025-05-27 00:00:00+09:00,142774.25466355763,143440.53451865423,142488.70615423052,142869.4375,5537,0.0,0.0
2025-05-28 00:00:00+09:00,143440.53103370138,144582.72504325974,143250.16536544167,144392.359375,6816,0.0,0.0
2025-05-29 00:00:00+09:00,145439.37855489418,145439.37855489418,143345.35608878967,143916.453125,16889,0.0,0.0
2025-05-30 00:00:00+09:00,144392.359375,145249.00488216875,144106.81087261043,144392.359375,11452,0.0,0.0
2025-06-02 00:00:00+09:00,145058.64389822134,145058.64389822134,143630.901340168,144487.546875,5985,0.0,0.0
2025-06-03 00:00:00+09:00,144487.54524161736,145153.8250945102,143535.71688034188,144773.09375,6478,0.0,0.0
2025-06-04 00:00:00+09:00,144582.72667602377,145153.8236872523,144106.8125,144106.8125,3541,0.0,0.0
2025-06-05 00:00:00+09:00,144392.35291653042,145629.72970487247,144011.62159704056,145534.546875,8524,0.0,0.0
2025-06-06 00:00:00+09:00,145724.93583971643,146010.484375,145344.20445933833,146010.484375,3932,0.0,0.0
2025-06-09 00:00:00+09:00,145724.90946721312,146010.45795081966,144868.26401639346,145153.8125,5846,0.0,0.0
2025-06-10 00:00:00+09:00,145153.8125,145724.90946721312,144868.26401639346,145153.8125,6194,0.0,0.0
2025-06-11 00:00:00+09:00,145439.37638436482,146581.57043973941,144963.4621946254,146105.65625,6317,0.0,0.0
2025-06-12 00:00:00+09:00,145820.10285783678,147057.4797097636,145344.18868401877,146962.296875,11138,0.0,0.0
2025-06-13 00:00:00+09:00,145249.0102090032,148485.22668810288,145249.0102090032,148009.3125,20859,0.0,0.0
2025-06-16 00:00:00+09:00,148009.3076146899,150293.6956421835,147628.57627677429,148865.953125,11392,0.0,0.0
2025-06-17 00:00:00+09:00,148104.49944479694,150008.15625,146581.57400063451,150008.15625,12245,0.0,0.0
2025-06-18 00:00:00+09:00,148485.23136246786,149246.6940874036,147247.8544344473,148104.5,9054,0.0,0.0
2025-06-19 00:00:00+09:00,147818.9514781491,148104.5,147247.8544344473,148104.5,7747,0.0,0.0
2025-06-20 00:00:00+09:00,147247.84678231785,148485.2236460348,146962.29827530624,147628.578125,31117,0.0,0.0
2025-06-23 00:00:00+09:00,148675.5826048951,149912.95941274634,148199.66844802923,149722.59375,7691,0.0,0.0
2025-06-24 00:00:00+09:00,149912.9747710044,150674.4375,149817.79192987998,150674.4375,8481,0.0,0.0
2025-06-25 00:00:00+09:00,151150.34234661606,151626.2565227704,150484.0625,150484.0625,8077,0.0,0.0
2025-06-26 00:00:00+09:00,150864.7907914553,150864.7907914553,148294.8542921687,150103.328125,7960,0.0,0.0
2025-06-27 00:00:00+09:00,150103.3220104366,150198.50483986616,148770.76239842258,149341.859375,6841,0.0,0.0
2025-06-30 00:00:00+09:00,149151.50326313262,149532.23460522102,148199.6749079116,148580.40625,8239,0.0,0.0
2025-07-01 00:00:00+09:00,147533.40158973532,148104.4986281472,146867.12171158812,147438.21875,7294,0.0,0.0
2025-07-02 00:00:00+09:00,147533.39225113124,147914.12358597285,146581.56391402715,147247.84375,8259,0.0,0.0
2025-07-03 00:00:00+09:00,147343.03591026468,147914.13294867656,146771.93887185282,147438.21875,8432,0.0,0.0
2025-07-04 00:00:00+09:00,147533.40158973532,148104.4986281472,147247.85307052938,147438.21875,4780,0.0,0.0
2025-07-07 00:00:00+09:00,147914.13431876607,148104.5,147152.67159383034,148104.5,5792,0.0,0.0
2025-07-08 00:00:00+09:00,146962.296875,147914.125222636,146867.1140402364,146962.296875,12999,0.0,0.0
2025-07-09 00:00:00+09:00,147057.48134328358,147628.57835820894,146581.56716417908,146676.75,8039,0.0,0.0
2025-07-10 00:00:00+09:00,146391.1875,146771.91880689206,146105.63901983094,146391.1875,8639,0.0,0.0
2025-07-11 00:00:00+09:00,147247.8390806921,148199.66738761318,147057.47341930788,147152.65625,10432,0.0,0.0
2025-07-14 00:00:00+09:00,147914.1264013453,148580.40625,147343.0293882127,148580.40625,5878,0.0,0.0
2025-07-15 00:00:00+09:00,148199.67025240386,148961.13291266025,147247.84192708335,148485.21875,8833,0.0,0.0
2025-07-16 00:00:00+09:00,149341.86545854472,150769.60795814838,149056.31695862397,150103.328125,8112,0.0,0.0
2025-07-17 00:00:00+09:00,150388.86871839443,150674.4172033028,149722.58892027495,150579.234375,6169,0.0,0.0
2025-07-18 00:00:00+09:00,150008.15460734643,151055.16583874286,149817.7889289107,150293.703125,6555,0.0,0.0
2025-07-22 00:00:00+09:00,151340.70638020834,151816.62055121528,149627.41536458334,150769.609375,6735,0.0,0.0
2025-07-23 00:00:00+09:00,150864.79524165616,151911.8064389169,150864.79524165616,151150.34375,6905,0.0,0.0
2025-07-24 00:00:00+09:00,151911.7970523329,152768.44252443252,150959.96875,150959.96875,7608,0.0,0.0
2025-07-25 00:00:00+09:00,150959.97482747806,152197.35167032623,150674.42632528231,151721.4375,6077,0.0,0.0
2025-07-28 00:00:00+09:00,151816.61870890734,154291.3723681121,151626.25304281464,152006.984375,9192,0.0,0.0
2025-07-29 00:00:00+09:00,152102.18387933704,153625.109375,152007.00103585812,153625.109375,9282,0.0,0.0
2025-07-30 00:00:00+09:00,154576.9198542805,156766.125,154386.55418943532,156766.125,43599,0.0,0.0
2025-07-31 00:00:00+09:00,154957.6578846154,156195.03475961537,154672.109375,154672.109375,13874,0.0,0.0
2025-08-01 00:00:00+09:00,154481.74508846508,155338.390625,153149.18536496628,155338.390625,11375,0.0,0.0
2025-08-04 00:00:00+09:00,154672.11540301592,155814.30948599204,154101.01836152785,155433.578125,8341,0.0,0.0
2025-08-05 00:00:00+09:00,154957.64798850575,157813.13290229885,154862.465158046,157337.21875,9850,0.0,0.0
2025-08-06 00:00:00+09:00,157337.22018072288,159431.24246987954,156956.4888554217,158003.5,10100,0.0,0.0
2025-08-07 00:00:00+09:00,158384.24231464736,158955.33934222424,156766.13406984627,157908.328125,9946,0.0,0.0
2025-08-08 00:00:00+09:00,157337.23273324274,158289.06112243357,156575.7700218901,157622.78125,8440,0.0,0.0
2025-08-12 00:00:00+09:00,158669.77963136227,158955.328125,157432.4028255988,158955.328125,10064,0.0,0.0
2025-08-13 00:00:00+09:00,159240.88785601265,159431.2535318716,157908.328125,157908.328125,7675,0.0,0.0
2025-08-14 00:00:00+09:00,155148.01506024098,158669.77981927712,154957.64939759037,158003.5,5961,0.0,0.0
2025-08-15 00:00:00+09:00,158003.50957173124,158098.69240882265,156575.76701536018,157242.046875,7661,0.0,0.0
2025-08-18 00:00:00+09:00,156861.31690777576,157908.328125,156766.13406984627,157908.328125,7083,0.0,0.0
2025-08-19 00:00:00+09:00,157242.04316895112,159811.97970984803,157146.86033410308,159716.796875,6045,0.0,0.0
2025-08-20 00:00:00+09:00,159716.79827522257,161430.08931750743,159145.7012611276,160383.078125,6454,0.0,0.0
2025-08-21 00:00:00+09:00,160383.08165443377,160478.2644922109,158574.60773666867,158860.15625,7908,0.0,0.0
2025-08-22 00:00:00+09:00,160002.33746472074,160478.2516154189,159336.0576537433,160192.703125,5808,0.0,0.0
2025-08-25 00:00:00+09:00,161049.35797477746,161239.72364614243,160097.52961795253,160383.078125,6190,0.0,0.0
2025-08-26 00:00:00+09:00,160383.07859421923,160478.2614301802,158193.87336711714,158479.421875,9934,0.0,0.0
2025-08-27 00:00:00+09:00,159621.61381812795,160668.625,159050.5168098341,160668.625,8832,0.0,0.0
2025-08-28 00:00:00+09:00,160858.9920722714,161334.90625,159716.7980457227,161334.90625,9744,0.0,0.0
2025-08-29 00:00:00+09:00,161334.90788453014,162001.1877401005,160858.99370197993,161049.359375,9915,0.0,0.0
2025-09-01 00:00:00+09:00,161049.36076368453,161715.640625,160383.08090236902,161715.640625,7818,0.0,0.0
2025-09-02 00:00:00+09:00,161430.07796014068,162572.27190797185,161239.7123021688,162381.90625,7588,0.0,0.0
2025-09-03 00:00:00+09:00,161906.00021252217,161906.00021252217,160097.52637123005,160954.171875,9590,0.0,0.0
2025-09-04 00:00:00+09:00,160954.1828402367,161144.54852071006,158860.1603550296,160859.0,10112,0.0,0.0
2025-09-05 00:00:00+09:00,161334.91143347256,161430.09427207639,159050.5233069809,159526.4375,10972,0.0,0.0
2025-09-08 00:00:00+09:00,159716.796875,160573.4423886323,159336.06553560786,159716.796875,6824,0.0,0.0
2025-09-09 00:00:00+09:00,159716.80919685273,160573.45477657364,159145.71214370546,160287.90625,7432,0.0,0.0
2025-09-10 00:00:00+09:00,159431.25440206108,160478.265625,159145.7058867141,160478.265625,6026,0.0,0.0
2025-09-11 00:00:00+09:00,160002.34980017762,160954.1781749556,159716.80128774422,160763.8125,6179,0.0,0.0
2025-09-12 00:00:00+09:00,161810.8125,161905.99533088235,160763.8013602941,161810.8125,11708,0.0,0.0
2025-09-16 00:00:00+09:00,161810.81835710126,163524.109375,160954.1728481519,163524.109375,9220,0.0,0.0
2025-09-17 00:00:00+09:00,162762.65019095183,163524.11288190365,160668.62779083432,162001.1875,9324,0.0,0.0
2025-09-18 00:00:00+09:00,161810.83142709563,162096.37995314345,161049.3686909681,161239.734375,6104,0.0,0.0
2025-09-19 00:00:00+09:00,161620.4577876692,162381.92048631547,160573.4465770306,161715.640625,20253,0.0,0.0
2025-09-22 00:00:00+09:00,161715.63759218287,162191.5517699115,160763.80923672565,161334.90625,6596,0.0,0.0
2025-09-24 00:00:00+09:00,161810.8206602374,162001.18633160237,160383.078125,160383.078125,6461,0.0,0.0
2025-09-25 00:00:00+09:00,160858.99697879597,161239.7283325919,159907.16859430604,160478.265625,6577,0.0,0.0
2025-09-26 00:00:00+09:00,161049.36076368453,161810.82346233077,160763.81225169217,161715.640625,6157,0.0,0.0
2025-09-29 00:00:00+09:00,162001.17872380238,162001.17872380238,158955.328125,158955.328125,10625,0.0,0.0
2025-09-30 00:00:00+09:00,160097.52961795253,161144.54081045993,159240.8840968101,160383.078125,8480,0.0,0.0
2025-10-01 00:00:00+09:00,160383.07835820894,160763.80970149252,158479.42164179104,159431.25,6155,0.0,0.0
2025-10-02 00:00:00+09:00,159811.98575585705,162001.19104018385,159145.7058867141,160478.265625,8840,0.0,0.0
2025-10-03 00:00:00+09:00,160383.07975995837,160763.81110656954,159145.70288347205,160097.53125,5408,0.0,0.0
2025-10-06 00:00:00+09:00,160858.98701866978,163524.1063302217,160858.98701866978,163143.375,7783,0.0,0.0
2025-10-07 00:00:00+09:00,162857.8236397059,163143.37213235293,161430.0811764706,161810.8125,4746,0.0,0.0
2025-10-08 00:00:00+09:00,161906.00490359042,162477.1019226507,161049.359375,161049.359375,5341,0.0,0.0
2025-10-09 00:00:00+09:00,161525.26400735293,162001.17816176472,160668.61852941176,161810.8125,6817,0.0,0.0
2025-10-10 00:00:00+09:00,161144.5391735782,161620.4533471564,160668.625,160668.625,3393,0.0,0.0
2025-10-14 00:00:00+09:00,160002.3403156305,161525.265625,159240.8776609458,161525.265625,7329,0.0,0.0
2025-10-15 00:00:00+09:00,161334.910911704,161906.00794147997,160763.81388192807,161430.09375,8262,0.0,0.0
2025-10-16 00:00:00+09:00,161810.8125,161905.99533088235,161049.34985294117,161810.8125,5098,0.0,0.0
2025-10-17 00:00:00+09:00,161905.99514802633,162762.640625,161715.6294864766,162762.640625,6137,0.0,0.0
2025-10-20 00:00:00+09:00,163619.29220932772,164000.02354663852,162477.09819739521,163524.109375,6828,0.0,0.0
2025-10-21 00:00:00+09:00,164000.02961145714,164761.49231423813,163238.56690867615,164285.578125,6707,0.0,0.0
2025-10-22 00:00:00+09:00,165047.0326680069,165713.3125,164285.57000287191,165713.3125,7919,0.0,0.0
2025-10-23 00:00:00+09:00,165618.14498857796,166855.52193389492,164761.49941105084,166665.15625,8487,0.0,0.0
2025-10-24 00:00:00+09:00,165998.86426512967,166379.59560518732,164761.48740994235,165142.21875,8957,0.0,0.0
2025-10-27 00:00:00+09:00,166189.23274013723,166474.78125,165332.5872105489,166474.78125,7017,0.0,0.0
2025-10-28 00:00:00+09:00,166474.78314012097,166474.78314012097,165142.2234122984,165237.40625,7741,0.0,0.0
2025-10-29 00:00:00+09:00,165142.21570804447,166094.0440406557,163904.8388756499,164761.484375,28151,0.0,0.0
2025-10-30 00:00:00+09:00,165156.34735014618,167691.21454678362,164181.39842836256,166716.265625,19803,4105.0,0.0
2025-10-31 00:00:00+09:00,166618.7713376614,167983.69983311326,166131.296875,166131.296875,10573,0.0,0.0
2025-11-04 00:00:00+09:00,166228.78967391304,168178.6875,166033.79989130434,168178.6875,7494,0.0,0.0
2025-11-05 00:00:00+09:00,168276.1820927373,168471.171875,166131.29448784722,168471.171875,8681,0.0,0.0
2025-11-06 00:00:00+09:00,168081.19290795585,168763.6571483014,167106.24399317653,167886.203125,7279,0.0,0.0
2025-11-07 00:00:00+09:00,167788.70370809038,168081.18837463556,166911.2497084548,167203.734375,7815,0.0,0.0
2025-11-10 00:00:00+09:00,167691.21334204412,169056.1418227352,167496.22355908825,167886.203125,8131,0.0,0.0
2025-11-11 00:00:00+09:00,169056.13436604582,170128.578125,168471.16504297993,170128.578125,6186,0.0,0.0
2025-11-12 00:00:00+09:00,170128.58442365917,170616.05887759515,169056.140625,169056.140625,6024,0.0,0.0
2025-11-13 00:00:00+09:00,169251.130109384,169738.60456246402,168666.16076568796,169348.625,3880,0.0,0.0
2025-11-14 00:00:00+09:00,169641.10732538332,171688.5,169446.11754684837,171688.5,8124,0.0,0.0
2025-11-17 00:00:00+09:00,171396.01953345566,172663.453125,170908.5450751694,172663.453125,6703,0.0,0.0
2025-11-18 00:00:00+09:00,173540.89888443938,173930.8784324943,170421.0625,170421.0625,9863,0.0,0.0
2025-11-19 00:00:00+09:00,170421.07241158016,171591.0111237878,170226.0826262122,170908.546875,7420,0.0,0.0
2025-11-20 00:00:00+09:00,171688.5054096788,173345.91857944857,171201.0309479818,171493.515625,6484,0.0,0.0
2025-11-21 00:00:00+09:00,171591.00394811053,172955.9323886069,171298.5192822899,172858.4375,6481,0.0,0.0
2025-11-25 00:00:00+09:00,172565.95733848313,174223.3704880618,171785.99820926966,173540.90625,8683,0.0,0.0
2025-11-26 00:00:00+09:00,174710.8386376326,174905.82841289783,173540.89998604133,174613.34375,7645,0.0,0.0
2025-11-27 00:00:00+09:00,175198.32180759127,176758.24008745851,175003.33202260785,176270.765625,7081,0.0,0.0
2025-11-28 00:00:00+09:00,175978.26787092927,176270.7525266704,173248.4110840118,173638.390625,9602,0.0,0.0
2025-12-01 00:00:00+09:00,174028.37244770917,174223.36222075982,171298.515625,171298.515625,11956,0.0,0.0
2025-12-02 00:00:00+09:00,171298.5258403212,172370.96965605457,170226.08202458784,171493.515625,9581,0.0,0.0
2025-12-03 00:00:00+09:00,171006.03153555113,171201.02130925187,169446.1133459452,170713.546875,10089,0.0,0.0
2025-12-04 00:00:00+09:00,171298.51793313617,171298.51793313617,168666.155961483,168958.640625,9262,0.0,0.0
2025-12-05 00:00:00+09:00,169251.13160569104,169543.61628012484,167886.203125,167886.203125,7205,0.0,0.0
2025-12-08 00:00:00+09:00,167788.70913601868,168081.19381202568,166131.29597197898,167008.75,9464,0.0,0.0
2025-12-09 00:00:00+09:00,166326.27472747094,167983.68778161338,165546.3156431686,167691.203125,7894,0.0,0.0
2025-12-10 00:00:00+09:00,167301.2230228853,168958.63607148032,167203.7281376738,168276.171875,4919,0.0,0.0
2025-12-11 00:00:00+09:00,168666.16165726274,169056.14122178822,166521.2740523727,168471.171875,4834,0.0,0.0
2025-12-12 00:00:00+09:00,168081.18016599884,170811.03692043503,168081.18016599884,170323.5625,14193,0.0,0.0
2025-12-15 00:00:00+09:00,170421.0622144489,171493.50596980297,169933.58778019703,170713.546875,4837,0.0,0.0
2025-12-16 00:00:00+09:00,170713.54602272727,172175.96931818183,170518.55625,171591.0,5712,0.0,0.0
2025-12-17 00:00:00+09:00,171590.9994337486,172663.44318020952,170908.53523145526,172175.96875,7313,0.0,0.0
2025-12-18 00:00:00+09:00,171006.03039917754,172565.94857841748,170908.53551297504,171883.484375,7186,0.0,0.0
2025-12-19 00:00:00+09:00,172760.93778264557,173930.87641322782,171883.48380970888,172468.453125,7534,0.0,0.0
2025-12-22 00:00:00+09:00,172760.94037026406,173540.89946900113,169836.09375,169836.09375,8387,0.0,0.0
2025-12-23 00:00:00+09:00,170908.54147079773,171103.53125,169738.60279558404,171103.53125,6343,0.0,0.0
2025-12-24 00:00:00+09:00,170713.5511073254,171688.5,170226.07666098807,171688.5,6118,0.0,0.0
2025-12-25 00:00:00+09:00,172370.96935300794,172955.9387060159,170616.06129398412,171786.0,5282,0.0,0.0
2025-12-26 00:00:00+09:00,172468.4585278721,173053.4278614884,170908.54030489532,172273.46875,7227,0.0,0.0
2025-12-29 00:00:00+09:00,173248.41221205483,173248.41221205483,171493.50426618147,172468.453125,4199,0.0,0.0
2025-12-30 00:00:00+09:00,172663.45433307276,173833.39304114555,171201.0309479818,171493.515625,6826,0.0,0.0
2026-01-05 00:00:00+09:00,173248.41882122506,173248.41882122506,169153.6334579772,171103.53125,8564,0.0,0.0
2026-01-06 00:00:00+09:00,171688.49460259502,171980.9792612025,170616.05085436755,171883.484375,5313,0.0,0.0
2026-01-07 00:00:00+09:00,172370.96815107102,173053.43239148817,171103.53456172493,172955.9375,6320,0.0,0.0
2026-01-08 00:00:00+09:00,172175.97327975184,172858.4375,171201.024393683,172858.4375,10604,0.0,0.0
2026-01-09 00:00:00+09:00,173443.40683164127,173930.8812746757,172565.95283417936,172858.4375,5677,0.0,0.0
2026-01-13 00:00:00+09:00,173540.9071499153,173833.39182488708,171591.00931677019,172663.453125,10412,0.0,0.0
2026-01-14 00:00:00+09:00,174028.38070575843,174028.38070575843,172370.96755617976,173540.90625,10000,0.0,0.0
2026-01-15 00:00:00+09:00,174028.37016598822,174125.86505123528,172955.92642827064,173638.390625,8721,0.0,0.0
2026-01-16 00:00:00+09:00,173443.4056722689,174125.8698879552,172858.43634453783,174028.375,11130,0.0,0.0
2026-01-19 00:00:00+09:00,175880.77875140766,175880.77875140766,172468.4576558981,173150.921875,6825,0.0,0.0
2026-01-20 00:00:00+09:00,174320.8608291032,174710.84038353074,172760.9426113931,172858.4375,7591,0.0,0.0
2026-01-21 00:00:00+09:00,172078.48345855108,172370.96813298488,167691.21334204412,167886.203125,14990,0.0,0.0
2026-01-22 00:00:00+09:00,168471.17368421052,169251.1328216374,166716.265625,166716.265625,16858,0.0,0.0
2026-01-23 00:00:00+09:00,166813.7511403767,167301.22557386698,165643.8125,165643.8125,12296,0.0,0.0
2026-01-26 00:00:00+09:00,165058.838634013,165351.323286052,164181.38467789599,164961.34375,13169,0.0,0.0
2026-01-27 00:00:00+09:00,164766.35966212212,164961.3494368702,163498.92612625964,164473.875,9957,0.0,0.0
2026-01-28 00:00:00+09:00,163986.39490986997,165253.82840203898,163498.92048980496,164961.34375,14340,0.0,0.0
2026-01-29 00:00:00+09:00,163693.9153315121,165058.84375,162328.98691302422,165058.84375,17174,0.0,0.0
2026-01-30 00:00:00+09:00,165448.83051591454,165448.83051591454,163011.4582337119,163108.953125,16238,0.0,0.0
2026-02-02 00:00:00+09:00,164863.85054510157,165156.33520011947,162621.46818996416,163206.4375,10976,0.0,0.0
2026-02-03 00:00:00+09:00,163206.43638790035,164961.3443060498,163011.44661921708,164376.375,9722,0.0,0.0
2026-02-04 00:00:00+09:00,165058.84945201423,165253.8392328199,163888.9107671801,164571.375,10154,0.0,0.0
2026-02-05 00:00:00+09:00,164473.88070377527,165058.85004830558,163693.92157773484,163986.40625,17607,0.0,0.0
2026-02-06 00:00:00+09:00,164181.39723053892,164668.87168787426,162621.47896706586,162816.46875,11849,0.0,0.0
2026-02-09 00:00:00+09:00,163791.40625,165058.83975074402,163108.94205729166,163791.40625,11559,0.0,0.0
2026-02-10 00:00:00+09:00,164278.88522525193,165253.8340989923,164083.89545050386,164473.875,8092,0.0,0.0
2026-02-12 00:00:00+09:00,164668.86335010282,166033.79176153056,163888.9042578584,165936.296875,9836,0.0,0.0
2026-02-13 00:00:00+09:00,165741.30366161617,166033.78831513666,163596.41620246583,164083.890625,11062,0.0,0.0
2026-02-16 00:00:00+09:00,164473.8741432046,165448.82301186616,163108.94572707842,165351.328125,5628,0.0,0.0
2026-02-17 00:00:00+09:00,165351.32898636634,165448.82387374036,163498.92612625964,164473.875,5415,0.0,0.0
2026-02-18 00:00:00+09:00,163791.41412661195,166813.7556968054,163791.41412661195,166326.28125,6605,0.0,0.0
2026-02-19 00:00:00+09:00,166911.24143026004,167203.72608229905,164766.35398197398,164961.34375,5959,0.0,0.0
2026-02-20 00:00:00+09:00,165546.313054078,165838.797706117,164961.34375,164961.34375,5932,0.0,0.0
2026-02-24 00:00:00+09:00,164668.8728892544,167008.75030153507,164668.8728892544,166716.265625,12371,0.0,0.0
2026-02-25 00:00:00+09:00,167398.71903259918,167496.21391846557,166521.26505980163,167106.234375,11291,0.0,0.0
2026-02-26 00:00:00+09:00,167886.19261462567,169056.13123911782,167203.72841700524,167983.6875,10462,0.0,0.0
2026-02-27 00:00:00+09:00,168666.15919117647,168861.14897058823,165448.82783088234,165741.3125,17971,0.0,0.0
2026-03-02 00:00:00+09:00,165741.31760728982,166521.2767489712,164571.37889476778,165838.8125,11157,0.0,0.0
2026-03-03 00:00:00+09:00,165546.32420252226,165643.8190931009,164181.39573442138,164278.890625,9577,0.0,0.0
2026-03-04 00:00:00+09:00,163888.903113698,163888.903113698,161451.53096745026,161744.015625,15348,0.0,0.0
2026-03-05 00:00:00+09:00,164571.3761933174,164571.3761933174,163206.44771778042,163401.4375,11967,0.0,0.0
2026-03-06 00:00:00+09:00,162913.95940323794,163206.44407003012,161841.515625,161841.515625,10446,0.0,0.0
2026-03-09 00:00:00+09:00,159014.17005571557,161744.02705238023,158624.1904847635,160769.078125,15593,0.0,0.0
2026-03-10 00:00:00+09:00,161451.53125,162133.99545214372,160476.5823897947,161451.53125,12206,0.0,0.0
2026-03-11 00:00:00+09:00,162328.982703877,164766.35481654783,161256.53897430183,164083.890625,8068,0.0,0.0
2026-03-12 00:00:00+09:00,163011.44829136692,163401.4278327338,162133.99432329138,162621.46875,6477,0.0,0.0
2026-03-13 00:00:00+09:00,163888.90682835822,164766.36082089553,162231.49373134327,163303.9375,16540,0.0,0.0
2026-03-16 00:00:00+09:00,163303.94142476303,165156.34434241705,162134.00273992892,164571.375,11505,0.0,0.0
2026-03-17 00:00:00+09:00,164961.35309013506,166033.796875,164571.37353200236,166033.796875,9031,0.0,0.0
2026-03-18 00:00:00+09:00,166131.28551633607,167106.234375,165838.80085873688,167106.234375,8641,0.0,0.0
2026-03-19 00:00:00+09:00,166423.767853164,166618.75762217765,163596.41620246583,164083.890625,15344,0.0,0.0
2026-03-23 00:00:00+09:00,160964.05738636365,162133.99602272728,159501.6340909091,160866.5625,11851,0.0,0.0
2026-03-24 00:00:00+09:00,161646.5321596422,162816.47087249847,160769.078125,160769.078125,12171,0.0,0.0
2026-03-25 00:00:00+09:00,162133.99516839965,163401.42868444847,161744.015625,161744.015625,8224,0.0,0.0
2026-03-26 00:00:00+09:00,162523.9855834592,162523.9855834592,160281.60305891238,161354.046875,10695,0.0,0.0
2026-03-27 00:00:00+09:00,160184.09430360416,161159.0431429444,159404.13523213196,159599.125,16874,0.0,0.0
2026-03-30 00:00:00+09:00,158136.70425077638,158429.1889072205,156186.80654114907,156966.765625,13439,0.0,0.0
2026-03-31 00:00:00+09:00,157259.26112040784,158039.2202580168,156284.31219839663,156576.796875,15612,0.0,0.0
2026-04-01 00:00:00+09:00,158916.67128285454,159501.640625,158331.70194070906,159501.640625,9680,0.0,0.0
2026-04-02 00:00:00+09:00,160671.56984615384,161939.00334615386,158136.70284615384,158429.1875,9893,0.0,0.0
2026-04-03 00:00:00+09:00,158526.69113504872,160574.0838249848,158234.20646505785,160086.609375,6642,0.0,0.0
2026-04-06 00:00:00+09:00,160476.58323846388,161354.037217289,160086.60369231936,160574.078125,4598,0.0,0.0
2026-04-07 00:00:00+09:00,161451.53753799392,162134.00176671732,160184.10397036475,160379.09375,5581,0.0,0.0
2026-04-08 00:00:00+09:00,164278.8858008626,164278.8858008626,161256.54428167758,163888.90625,11621,0.0,0.0
2026-04-09 00:00:00+09:00,163791.41340361445,163986.4031814759,161646.52584713855,161841.515625,8523,0.0,0.0
2026-04-10 00:00:00+09:00,162621.4693140794,162621.4693140794,161451.5306859206,162036.5,9708,0.0,0.0
2026-04-13 00:00:00+09:00,161451.5366535671,161939.0110999849,160184.1030928809,161256.546875,10045,0.0,0.0
2026-04-14 00:00:00+09:00,162134.00421211895,163303.94290757622,161841.51953825462,163108.953125,8144,0.0,0.0
2026-04-15 00:00:00+09:00,163791.41165077474,164376.38097809892,163011.4525476758,163596.421875,9585,0.0,0.0
2026-04-16 00:00:00+09:00,164181.39543838863,164571.375,163401.4363151659,164571.375,10755,0.0,0.0
2026-04-17 00:00:00+09:00,164668.86077508962,164668.86077508962,163206.4375,163206.4375,9195,0.0,0.0
2026-04-20 00:00:00+09:00,164181.3914925373,164376.38126865673,163303.9375,163303.9375,6458,0.0,0.0
2026-04-21 00:00:00+09:00,164083.90294471153,164083.90294471153,162036.51021634616,162231.5,11015,0.0,0.0
2026-04-22 00:00:00+09:00,162328.98522418478,162621.46988224637,161451.53125,161451.53125,9412,0.0,0.0
2026-04-23 00:00:00+09:00,161451.53125,161646.52102204107,159891.6130736715,161451.53125,8574,0.0,0.0
2026-04-24 00:00:00+09:00,161841.52073299215,162328.9951930313,161451.54116496086,161939.015625,7646,0.0,0.0
2026-04-27 00:00:00+09:00,161744.02044497896,162523.97955502104,161061.55622369214,162134.0,29597,0.0,0.0
2026-04-28 00:00:00+09:00,162800.0,162800.0,161100.0,161200.0,16202,4166.0,0.0
2026-04-30 00:00:00+09:00,161500.0,163000.0,160700.0,163000.0,15957,0.0,0.0
2026-05-01 00:00:00+09:00,162600.0,162900.0,161200.0,162100.0,9912,0.0,0.0
2026-05-07 00:00:00+09:00,164500.0,164500.0,161400.0,162300.0,12502,0.0,0.0
2026-05-08 00:00:00+09:00,162500.0,162500.0,160700.0,160700.0,11684,0.0,0.0
2026-05-11 00:00:00+09:00,161000.0,161700.0,160000.0,160500.0,8417,0.0,0.0
2026-05-12 00:00:00+09:00,160800.0,160900.0,158700.0,159700.0,9645,0.0,0.0
2026-05-13 00:00:00+09:00,159000.0,159100.0,157600.0,158800.0,10154,0.0,0.0
2026-05-14 00:00:00+09:00,159000.0,159300.0,158000.0,159000.0,10018,0.0,0.0
2026-05-15 00:00:00+09:00,159000.0,160200.0,158500.0,160000.0,10882,0.0,0.0
2026-05-18 00:00:00+09:00,160200.0,160200.0,156700.0,157900.0,9906,0.0,0.0
2026-05-19 00:00:00+09:00,157900.0,159900.0,157400.0,159900.0,9177,0.0,0.0
2026-05-20 00:00:00+09:00,160200.0,160400.0,157200.0,157500.0,11351,0.0,0.0
2026-05-21 00:00:00+09:00,159600.0,159900.0,158100.0,159300.0,10889,0.0,0.0
2026-05-22 00:00:00+09:00,159200.0,159200.0,156800.0,157100.0,9258,0.0,0.0
2026-05-25 00:00:00+09:00,156700.0,157800.0,156500.0,156700.0,7669,0.0,0.0
2026-05-26 00:00:00+09:00,156500.0,157100.0,155600.0,156500.0,10510,0.0,0.0
2026-05-27 00:00:00+09:00,156800.0,158100.0,155900.0,158100.0,12887,0.0,0.0
2026-05-28 00:00:00+09:00,156800.0,157700.0,156200.0,157400.0,15087,0.0,0.0
2026-05-29 00:00:00+09:00,158200.0,160100.0,157000.0,159000.0,17718,0.0,0.0
2026-06-01 00:00:00+09:00,158900.0,158900.0,155800.0,156200.0,11362,0.0,0.0
2026-06-02 00:00:00+09:00,155300.0,155700.0,153100.0,154400.0,12999,0.0,0.0
2026-06-03 00:00:00+09:00,154400.0,156900.0,154000.0,156400.0,13260,0.0,0.0
2026-06-04 00:00:00+09:00,155600.0,156100.0,154000.0,154000.0,9784,0.0,0.0
2026-06-05 00:00:00+09:00,154700.0,155600.0,153400.0,154600.0,11743,0.0,0.0
2026-06-08 00:00:00+09:00,153000.0,155000.0,152300.0,154900.0,8630,0.0,0.0
2026-06-09 00:00:00+09:00,156000.0,156000.0,153200.0,154700.0,8942,0.0,0.0
2026-06-10 00:00:00+09:00,154900.0,156200.0,154200.0,156200.0,11573,0.0,0.0
2026-06-11 00:00:00+09:00,156000.0,157100.0,154900.0,155900.0,11398,0.0,0.0
2026-06-12 00:00:00+09:00,156900.0,158600.0,155300.0,157600.0,22422,0.0,0.0
2026-06-15 00:00:00+09:00,158000.0,158800.0,156500.0,157400.0,13455,0.0,0.0
2026-06-16 00:00:00+09:00,156300.0,157400.0,154300.0,155600.0,18852,0.0,0.0
2026-06-17 00:00:00+09:00,156400.0,156600.0,154600.0,155400.0,7391,0.0,0.0
2026-06-18 00:00:00+09:00,154300.0,154400.0,150600.0,152000.0,20849,0.0,0.0
2026-06-19 00:00:00+09:00,152000.0,153800.0,151400.0,153800.0,16893,0.0,0.0
2026-06-22 00:00:00+09:00,152600.0,152800.0,149900.0,150700.0,12786,0.0,0.0
2026-06-23 00:00:00+09:00,151400.0,152200.0,150500.0,152100.0,15770,0.0,0.0
2026-06-24 00:00:00+09:00,152500.0,153200.0,151100.0,153200.0,11878,0.0,0.0
2026-06-25 00:00:00+09:00,153800.0,155500.0,152500.0,154200.0,18250,0.0,0.0
2026-06-26 00:00:00+09:00,154400.0,156300.0,154200.0,156100.0,13413,0.0,0.0
2026-06-29 00:00:00+09:00,156100.0,156300.0,155100.0,155800.0,16287,0.0,0.0
2026-06-30 00:00:00+09:00,156000.0,156800.0,154900.0,154900.0,16121,0.0,0.0
2026-07-01 00:00:00+09:00,154900.0,154900.0,152500.0,152800.0,13509,0.0,0.0
2026-07-02 00:00:00+09:00,154500.0,154800.0,153700.0,154300.0,12794,0.0,0.0
2026-07-03 00:00:00+09:00,155100.0,158300.0,154900.0,157300.0,11957,0.0,0.0
2026-07-06 00:00:00+09:00,157300.0,159600.0,157000.0,157600.0,10597,0.0,0.0
2026-07-07 00:00:00+09:00,158400.0,158900.0,156900.0,156900.0,11179,0.0,0.0
2026-07-08 00:00:00+09:00,157000.0,158600.0,156200.0,157200.0,11442,0.0,0.0
2026-07-09 00:00:00+09:00,157200.0,157200.0,154800.0,155800.0,10544,0.0,0.0
2026-07-10 00:00:00+09:00,155800.0,156200.0,155100.0,155700.0,7745,0.0,0.0
2026-07-13 00:00:00+09:00,155700.0,156000.0,154700.0,154900.0,10369,0.0,0.0
2026-07-14 00:00:00+09:00,154900.0,156400.0,154700.0,156400.0,10389,0.0,0.0
2026-07-15 00:00:00+09:00,157200.0,157800.0,156400.0,156600.0,10224,0.0,0.0
2026-07-16 00:00:00+09:00,156900.0,158100.0,154400.0,155000.0,10901,0.0,0.0
2026-07-17 00:00:00+09:00,155700.0,158700.0,155500.0,157200.0,8851,0.0,0.0
2026-07-21 00:00:00+09:00,158900.0,159700.0,158200.0,158800.0,14366,0.0,0.0
2026-07-22 00:00:00+09:00,159100.0,159100.0,157400.0,158600.0,7786,0.0,0.0
2026-07-23 00:00:00+09:00,158600.0,159300.0,156900.0,157100.0,6427,0.0,0.0
2026-07-24 00:00:00+09:00,157600.0,158400.0,156600.0,158000.0,6317,0.0,0.0
2026-07-27 00:00:00+09:00,158600.0,160500.0,158500.0,160200.0,11017,0.0,0.0
2026-07-28 00:00:00+09:00,160200.0,161700.0,158900.0,159200.0,13253,0.0,0.0
2026-07-29 00:00:00+09:00,159600.0,161300.0,159500.0,161100.0,14272,0.0,0.0
2026-07-30 00:00:00+09:00,158500.0,159400.0,157400.0,159400.0,12776,0.0,0.0
2026-07-31 00:00:00+09:00,159400.0,159700.0,156100.0,156100.0,15888,0.0,0.0
2026-08-03 00:00:00+09:00,156200.0,156300.0,153000.0,153600.0,12922,0.0,0.0
2026-08-04 00:00:00+09:00,153600.0,153800.0,151900.0,152000.0,8043,0.0,0.0
2026-08-05 00:00:00+09:00,152300.0,152400.0,150700.0,152000.0,9066,0.0,0.0
2026-08-06 00:00:00+09:00,151500.0,151900.0,150700.0,151600.0,7442,0.0,0.0
2026-08-07 00:00:00+09:00,152200.0,152600.0,150800.0,151500.0,8714,0.0,0.0
2026-08-10 00:00:00+09:00,151100.0,152000.0,150300.0,151600.0,9245,0.0,0.0
2026-08-12 00:00:00+09:00,151800.0,153100.0,151300.0,153100.0,4864,0.0,0.0
2026-08-13 00:00:00+09:00,152300.0,153300.0,151600.0,151600.0,7146,0.0,0.0
2026-08-14 00:00:00+09:00,151700.0,152300.0,151200.0,151800.0,7056,0.0,0.0
2026-08-17 00:00:00+09:00,152200.0,153000.0,151200.0,151400.0,7736,0.0,0.0
2026-08-18 00:00:00+09:00,151900.0,151900.0,149900.0,150100.0,8565,0.0,0.0
2026-08-19 00:00:00+09:00,150500.0,150700.0,149500.0,149700.0,7932,0.0,0.0
2026-08-20 00:00:00+09:00,150700.0,151100.0,149800.0,151100.0,8391,0.0,0.0
2026-08-21 00:00:00+09:00,150500.0,150900.0,149400.0,149900.0,8653,0.0,0.0
2026-08-24 00:00:00+09:00,150200.0,150900.0,149700.0,150900.0,6888,0.0,0.0
2026-08-25 00:00:00+09:00,151000.0,151800.0,150800.0,151400.0,7829,0.0,0.0
2026-08-26 00:00:00+09:00,151800.0,152900.0,151300.0,151500.0,6525,0.0,0.0
2026-08-27 00:00:00+09:00,151100.0,152400.0,150900.0,151300.0,11720,0.0,0.0
2026-08-28 00:00:00+09:00,151000.0,151200.0,148900.0,148900.0,13361,0.0,0.0
2026-08-31 00:00:00+09:00,148900.0,149600.0,148200.0,149000.0,11392,0.0,0.0
2026-09-01 00:00:00+09:00,148900.0,150100.0,148600.0,150100.0,8101,0.0,0.0
2026-09-02 00:00:00+09:00,149500.0,149500.0,148200.0,148400.0,8335,0.0,0.0
2026-09-03 00:00:00+09:00,148900.0,149000.0,148200.0,148200.0,6820,0.0,0.0
2026-09-04 00:00:00+09:00,148200.0,148300.0,147100.0,147100.0,9663,0.0,0.0
2026-09-07 00:00:00+09:00,147200.0,147300.0,146500.0,146700.0,7876,0.0,0.0
2026-09-08 00:00:00+09:00,145900.0,146300.0,145200.0,145200.0,10861,0.0,0.0
2026-09-09 00:00:00+09:00,145000.0,146100.0,144600.0,145400.0,10253,0.0,0.0
2026-09-10 00:00:00+09:00,146200.0,147100.0,145600.0,146800.0,7417,0.0,0.0
2026-09-11 00:00:00+09:00,149800.0,149800.0,145900.0,146400.0,20618,0.0,0.0
2026-09-14 00:00:00+09:00,146100.0,147600.0,146100.0,147100.0,5585,0.0,0.0
2026-09-15 00:00:00+09:00,146900.0,147400.0,146000.0,147000.0,8427,0.0,0.0
2026-09-16 00:00:00+09:00,146900.0,147300.0,146100.0,146500.0,6385,0.0,0.0
2026-09-17 00:00:00+09:00,146100.0,146700.0,145900.0,146700.0,4952,0.0,0.0
2026-09-18 00:00:00+09:00,146800.0,146800.0,143100.0,143100.0,30993,0.0,0.0
2026-09-24 00:00:00+09:00,144400.0,146200.0,143700.0,145700.0,12025,0.0,0.0
2026-09-25 00:00:00+09:00,145900.0,146300.0,144900.0,145400.0,6511,0.0,0.0
2026-09-28 00:00:00+09:00,145400.0,145400.0,144200.0,144500.0,9163,0.0,0.0
2026-09-29 00:00:00+09:00,143800.0,143900.0,142700.0,143200.0,15078,0.0,0.0
2026-09-30 00:00:00+09:00,143000.0,144800.0,142900.0,143300.0,11844,0.0,0.0
2026-10-01 00:00:00+09:00,142800.0,144000.0,142500.0,143100.0,12617,0.0,0.0
2026-10-02 00:00:00+09:00,143100.0,143100.0,141500.0,142100.0,17361,0.0,0.0
2026-10-05 00:00:00+09:00,142100.0,142300.0,140600.0,140800.0,12128,0.0,0.0
2026-10-06 00:00:00+09:00,140400.0,141700.0,139800.0,141600.0,11160,0.0,0.0
2026-10-07 00:00:00+09:00,141700.0,142000.0,140800.0,140800.0,14067,0.0,0.0
2026-10-08 00:00:00+09:00,140500.0,140600.0,139300.0,139600.0,14131,0.0,0.0
2026-10-09 00:00:00+09:00,139500.0,140100.0,139100.0,139400.0,11322,0.0,0.0
