Date,Open,High,Low,Close,Volume,Dividends,Stock Splits
2021-10-05 00:00:00+09:00,64943.0178930031,66196.17487845266,63984.72137471815,65385.30859375,5289,0.0,0.0
2021-10-06 00:00:00+09:00,65901.31862831546,66196.1791143482,64353.30107664363,65311.59765625,4101,0.0,0.0
2021-10-07 00:00:00+09:00,65385.31277775818,65753.8883852991,64869.3069272009,65311.59765625,2944,0.0,0.0
2021-10-08 00:00:00+09:00,65753.88160785146,65975.02694958191,65016.73046875,65016.73046875,3383,0.0,0.0
2021-10-11 00:00:00+09:00,65237.88531425562,65680.17606214888,64721.879441713485,65606.4609375,2229,0.0,0.0
2021-10-12 00:00:00+09:00,66343.60684357541,66491.03708100558,65901.31613128491,65975.03125,2805,0.0,0.0
2021-10-13 00:00:00+09:00,66343.62208104396,67449.34911572802,66269.90694539835,67080.7734375,3806,0.0,0.0
2021-10-14 00:00:00+09:00,67375.61205406526,67375.61205406526,66343.60049087388,66638.4609375,2476,0.0,0.0
2021-10-15 00:00:00+09:00,67375.62137185104,67523.05161555312,66785.90039704271,67301.90625,2232,0.0,0.0
2021-10-18 00:00:00+09:00,67301.90569501366,67596.76617998634,66343.60911885246,67449.3359375,4307,0.0,0.0
2021-10-19 00:00:00+09:00,67301.91521417767,67449.3454775165,66491.04876581408,67007.0546875,2332,0.0,0.0
2021-10-20 00:00:00+09:00,66638.46511627907,66859.61046511628,66491.03488372093,66564.75,2720,0.0,0.0
2021-10-21 00:00:00+09:00,66564.76200457317,66859.62252286586,66269.90148628049,66491.046875,1538,0.0,0.0
2021-10-22 00:00:00+09:00,66269.89762809685,66269.89762809685,65237.88587415541,65459.03125,3291,0.0,0.0
2021-10-25 00:00:00+09:00,65606.44841825307,66491.02974524077,65606.44841825307,65827.59375,2888,0.0,0.0
2021-10-26 00:00:00+09:00,66638.47325450451,66638.47325450451,65237.88587415541,65459.03125,3695,0.0,0.0
2021-10-27 00:00:00+09:00,65680.17328125,66343.609375,65385.312795138896,66343.609375,10651,0.0,0.0
2021-10-28 00:00:00+09:00,65727.88467090069,66105.63113452656,65123.49032909931,65425.6875,7043,2185.0,0.0
2021-10-29 00:00:00+09:00,65501.23623080822,65576.78552288529,64443.54614172943,65199.0390625,7565,0.0,0.0
2021-11-01 00:00:00+09:00,65123.49500766647,65727.88939288844,64594.64992059725,64670.19921875,3991,0.0,0.0
2021-11-02 00:00:00+09:00,65047.93508918214,65576.78008990719,64896.836517546406,65123.484375,4239,0.0,0.0
2021-11-04 00:00:00+09:00,65274.599037339554,65501.246950663655,64519.105992925906,64745.75390625,5478,0.0,0.0
2021-11-05 00:00:00+09:00,65274.58629220023,65350.135581890274,64367.99481591967,64896.83984375,4935,0.0,0.0
2021-11-08 00:00:00+09:00,65123.48428571429,66181.1742857143,64896.836428571434,66105.625,5167,0.0,0.0
2021-11-09 00:00:00+09:00,66332.27901270209,66332.27901270209,65199.03962182448,65425.6875,2632,0.0,0.0
2021-11-10 00:00:00+09:00,65954.52651899651,65954.52651899651,64821.28723172854,65123.484375,2586,0.0,0.0
2021-11-11 00:00:00+09:00,65576.78182405281,65878.97897531572,65425.68324842136,65803.4296875,1861,0.0,0.0
2021-11-12 00:00:00+09:00,65878.98813657407,66181.18532986111,65274.59375,65274.59375,1892,0.0,0.0
2021-11-15 00:00:00+09:00,65274.57931034483,65878.97356321839,65274.57931034483,65727.875,2234,0.0,0.0
2021-11-16 00:00:00+09:00,66105.63631924716,66634.48140980114,65878.98842329546,66483.3828125,2517,0.0,0.0
2021-11-17 00:00:00+09:00,66332.27285714286,66483.37142857144,65878.97714285714,66105.625,2174,0.0,0.0
2021-11-18 00:00:00+09:00,66181.18696305841,66407.83486361684,65652.34186175544,65954.5390625,2204,0.0,0.0
2021-11-19 00:00:00+09:00,65727.88467090069,65803.43396362587,65199.03962182448,65425.6875,2134,0.0,0.0
2021-11-22 00:00:00+09:00,65727.88467090069,65727.88467090069,65350.13820727483,65425.6875,859,0.0,0.0
2021-11-24 00:00:00+09:00,65803.4391246449,66634.48140980114,65425.69263139205,66483.3828125,3199,0.0,0.0
2021-11-25 00:00:00+09:00,66558.9345403157,67012.23034876281,66105.6387318686,66407.8359375,1757,0.0,0.0
2021-11-26 00:00:00+09:00,66483.38172196796,66634.48031679062,65274.59296338673,66030.0859375,3029,0.0,0.0
2021-11-29 00:00:00+09:00,65652.34555954639,65727.89486398775,64443.55668848454,64745.75390625,4773,0.0,0.0
2021-11-30 00:00:00+09:00,65878.98798919392,67087.77675963785,64443.551324291766,64670.19921875,7254,0.0,0.0
2021-12-01 00:00:00+09:00,64594.641768292684,65803.43038617886,64594.641768292684,65047.9375,5149,0.0,0.0
2021-12-02 00:00:00+09:00,65878.98382222878,66105.63170235112,64065.80078125,64065.80078125,5290,0.0,0.0
2021-12-03 00:00:00+09:00,64670.20460180863,65501.246950663655,64519.105992925906,64745.75390625,4452,0.0,0.0
2021-12-06 00:00:00+09:00,65350.14290212471,65425.69220027745,64594.64992059725,64670.19921875,2604,0.0,0.0
2021-12-07 00:00:00+09:00,65123.49515335648,65652.34024160879,64972.39655671296,65274.59375,1980,0.0,0.0
2021-12-08 00:00:00+09:00,65274.588184931505,66256.7289793807,65274.588184931505,66181.1796875,2966,0.0,0.0
2021-12-09 00:00:00+09:00,65954.52940600057,66558.92371899943,65425.684382126565,66256.7265625,3390,0.0,0.0
2021-12-10 00:00:00+09:00,66634.47300812429,66634.47300812429,65501.23367125142,66256.7265625,3895,0.0,0.0
2021-12-13 00:00:00+09:00,66181.1768292683,66256.72611788618,64972.38821138212,65047.9375,3327,0.0,0.0
2021-12-14 00:00:00+09:00,65047.93842313009,65274.58629220023,64594.64268498981,64896.83984375,3227,0.0,0.0
2021-12-15 00:00:00+09:00,64896.84954769737,65576.79325657895,64368.004440789475,64594.65234375,2567,0.0,0.0
2021-12-16 00:00:00+09:00,64821.289306640625,64821.289306640625,62554.81065955528,62857.0078125,4953,0.0,0.0
2021-12-17 00:00:00+09:00,62857.01375598086,63159.2109375,61572.67573452452,63159.2109375,9570,0.0,0.0
2021-12-20 00:00:00+09:00,62554.81724435383,62705.915836731496,59986.1411739335,60212.7890625,7409,0.0,0.0
2021-12-21 00:00:00+09:00,61119.38681915545,61874.879857711145,60666.09099602204,61723.78125,4787,0.0,0.0
2021-12-22 00:00:00+09:00,61723.77420229244,61723.77420229244,60817.18265954151,60968.28125,3711,0.0,0.0
2021-12-23 00:00:00+09:00,61043.837515299885,61723.78125000001,61043.837515299885,61723.78125,1325,0.0,0.0
2021-12-24 00:00:00+09:00,61874.88325879146,61874.88325879146,61497.13671875,61497.13671875,1567,0.0,0.0
2021-12-27 00:00:00+09:00,61497.122945601855,61648.22152777778,61194.92578125,61194.92578125,1624,0.0,0.0
2021-12-28 00:00:00+09:00,61346.018875456204,62101.51171875,61194.920306797445,62101.51171875,3913,0.0,0.0
2021-12-29 00:00:00+09:00,62177.06534345167,63310.3046875,62177.06534345167,63310.3046875,2736,0.0,0.0
2021-12-30 00:00:00+09:00,63310.295065591075,63310.295065591075,62554.80228437877,62630.3515625,2078,0.0,0.0
2022-01-04 00:00:00+09:00,63310.30952825957,63385.858823639355,62554.81657446172,63159.2109375,2230,0.0,0.0
2022-01-05 00:00:00+09:00,63688.04575621966,63763.59503944175,61950.412242111655,62252.609375,3034,0.0,0.0
2022-01-06 00:00:00+09:00,61950.430642573345,62177.07855955837,61497.134808603296,61799.33203125,1959,0.0,0.0
2022-01-07 00:00:00+09:00,61497.127967984066,62025.97304878983,61346.02937346814,61648.2265625,1911,0.0,0.0
2022-01-11 00:00:00+09:00,62177.07611702533,62479.27332780067,61799.329603556165,61874.87890625,1815,0.0,0.0
2022-01-12 00:00:00+09:00,61723.773612689394,62781.463735795456,61723.773612689394,62328.16796875,1786,0.0,0.0
2022-01-13 00:00:00+09:00,62630.35638036578,62630.35638036578,62101.51139283555,62479.2578125,1843,0.0,0.0
2022-01-14 00:00:00+09:00,62403.70643795565,62781.45284496506,61799.31218674058,62177.05859375,2103,0.0,0.0
2022-01-17 00:00:00+09:00,62403.710022267514,63159.20287967996,62328.16073652627,62554.80859375,2198,0.0,0.0
2022-01-18 00:00:00+09:00,62328.17568084456,62857.02080783354,61648.231946144435,61723.78125,3204,0.0,0.0
2022-01-19 00:00:00+09:00,61723.768635549364,61799.31792396497,59230.642117834395,59306.19140625,5161,0.0,0.0
2022-01-20 00:00:00+09:00,59230.64850917431,59683.94428858125,57568.56398468217,57644.11328125,8273,0.0,0.0
2022-01-21 00:00:00+09:00,57568.5604741656,59381.74348122593,57039.71543043967,58852.8984375,9402,0.0,0.0
2022-01-24 00:00:00+09:00,59230.642117834395,60137.23357882166,58550.69852209395,59306.19140625,5767,0.0,0.0
2022-01-25 00:00:00+09:00,59759.49257017335,59986.14045602736,59079.548912611324,59381.74609375,6630,0.0,0.0
2022-01-26 00:00:00+09:00,59532.84173136646,60817.1796875,59457.292439829194,60817.1796875,4259,0.0,0.0
2022-01-27 00:00:00+09:00,60666.07033134801,62630.3515625,60590.52105322678,62630.3515625,5805,0.0,0.0
2022-01-28 00:00:00+09:00,62252.61054216867,63234.75124246988,61572.66698042169,62705.90625,5522,0.0,0.0
2022-01-31 00:00:00+09:00,63008.112004573166,63159.210594512195,61950.421875,61950.421875,6015,0.0,0.0
2022-02-01 00:00:00+09:00,62857.01984126984,63159.21705204518,61497.132392780826,61874.87890625,4988,0.0,0.0
2022-02-02 00:00:00+09:00,62554.813064079426,63234.756684341155,61874.86944381769,62781.4609375,3815,0.0,0.0
2022-02-03 00:00:00+09:00,62857.01375598086,63310.30952825957,62705.91516522129,63159.2109375,1574,0.0,0.0
2022-02-04 00:00:00+09:00,63914.697847806485,64065.796424278844,62857.0078125,62857.0078125,3531,0.0,0.0
2022-02-07 00:00:00+09:00,63310.29993576179,63310.29993576179,62101.51139283555,62479.2578125,1945,0.0,0.0
2022-02-08 00:00:00+09:00,62403.72498470013,62554.82359241127,61346.03473072216,61723.78125,3321,0.0,0.0
2022-02-09 00:00:00+09:00,61346.018875456204,62328.15957173814,60968.27245380931,62101.51171875,2598,0.0,0.0
2022-02-10 00:00:00+09:00,62177.061834108645,63008.10397283913,61799.31540741296,62932.5546875,3224,0.0,0.0
2022-02-14 00:00:00+09:00,61799.32290719697,62932.562324810606,61799.32290719697,62328.16796875,4382,0.0,0.0
2022-02-15 00:00:00+09:00,62252.61491687193,62403.71349676725,61119.37556765702,61346.0234375,5074,0.0,0.0
2022-02-16 00:00:00+09:00,61648.21716485508,62857.00573671498,61648.21716485508,62554.80859375,1625,0.0,0.0
2022-02-17 00:00:00+09:00,62479.260121796775,63461.40084922526,62403.71083507151,63385.8515625,1867,0.0,0.0
2022-02-18 00:00:00+09:00,63763.59799612634,63990.24585630214,62781.45726869785,63385.8515625,5111,0.0,0.0
2022-02-21 00:00:00+09:00,63461.403266706446,63461.403266706446,63008.107529087116,63310.3046875,2031,0.0,0.0
2022-02-22 00:00:00+09:00,63083.65883830695,63083.65883830695,61723.771581912304,62025.96875,5790,0.0,0.0
2022-02-24 00:00:00+09:00,61346.018875456204,62932.55384637318,61346.018875456204,62101.51171875,8293,0.0,0.0
2022-02-25 00:00:00+09:00,61648.21362393681,62177.05859375,61648.21362393681,62177.05859375,5362,0.0,0.0
2022-02-28 00:00:00+09:00,61874.86944381769,62781.4609375,61723.770861537305,62781.4609375,4332,0.0,0.0
2022-03-01 00:00:00+09:00,63385.85340568862,63612.50127245509,62781.45909431138,63083.65625,2566,0.0,0.0
2022-03-02 00:00:00+09:00,62705.90501792114,63461.397849462366,62479.25716845878,63234.75,2137,0.0,0.0
2022-03-03 00:00:00+09:00,63461.40084922526,63763.59799612634,63159.203702324194,63385.8515625,2222,0.0,0.0
2022-03-04 00:00:00+09:00,63612.50127245509,63914.69842814371,62403.712649700596,63083.65625,3839,0.0,0.0
2022-03-07 00:00:00+09:00,63083.64723122738,63159.196509348614,62252.60517189385,62630.3515625,3940,0.0,0.0
2022-03-08 00:00:00+09:00,62479.274288555695,62554.82359241127,61421.584034577725,61723.78125,3058,0.0,0.0
2022-03-09 00:00:00+09:00,61648.22246287129,62328.166092976484,60968.27883276609,61043.828125,5469,0.0,0.0
2022-03-10 00:00:00+09:00,61572.666405305325,62630.35638036578,61194.919985640874,62479.2578125,4391,0.0,0.0
2022-03-11 00:00:00+09:00,61270.48248657975,62705.91919095092,61270.48248657975,61572.6796875,5944,0.0,0.0
2022-03-14 00:00:00+09:00,61572.67540015244,62630.365529725605,61572.67540015244,61950.421875,2016,0.0,0.0
2022-03-15 00:00:00+09:00,62177.07164330576,62177.07164330576,61194.930778952206,61648.2265625,3902,0.0,0.0
2022-03-16 00:00:00+09:00,61648.218069007264,62705.9080848971,61421.570208459445,62403.7109375,4469,0.0,0.0
2022-03-17 00:00:00+09:00,62630.360516467066,63536.951983532934,62328.163360778446,63083.65625,2949,0.0,0.0
2022-03-18 00:00:00+09:00,63159.20071684587,63461.397849462366,62705.90501792114,63234.75,4492,0.0,0.0
2022-03-22 00:00:00+09:00,63536.954636804745,65274.588354577056,63008.10959226535,65199.0390625,5315,0.0,0.0
2022-03-23 00:00:00+09:00,65576.77799023893,65576.77799023893,64141.34160565997,64821.28515625,2645,0.0,0.0
2022-03-24 00:00:00+09:00,64896.847795919835,65576.79148644752,63990.256208549596,65501.2421875,4663,0.0,0.0
2022-03-25 00:00:00+09:00,65727.88203034051,65727.88203034051,64896.83984375,64896.83984375,3373,0.0,0.0
2022-03-28 00:00:00+09:00,65350.146540563874,65803.44235471808,65047.94933112774,65652.34375,3927,0.0,0.0
2022-03-29 00:00:00+09:00,65803.43250917044,66936.671875,65803.43250917044,66936.671875,3375,0.0,0.0
2022-03-30 00:00:00+09:00,67994.36021237171,68069.90950149657,65425.684382126565,66256.7265625,3912,0.0,0.0
2022-03-31 00:00:00+09:00,66483.3701814059,67087.76445578231,65878.97590702948,66634.46875,3447,0.0,0.0
2022-04-01 00:00:00+09:00,66710.02641242938,67087.77288135594,65803.43488700564,66861.125,5127,0.0,0.0
2022-04-04 00:00:00+09:00,67692.16723163842,67692.16723163842,66181.1813559322,66861.125,6281,0.0,0.0
2022-04-05 00:00:00+09:00,67163.31974816592,67465.51691238713,66785.5732928894,66936.671875,4615,0.0,0.0
2022-04-06 00:00:00+09:00,67012.22358757062,67163.32217514125,66634.47711864406,66861.125,6318,0.0,0.0
2022-04-07 00:00:00+09:00,66861.12687109818,67012.22546289727,66332.28179980136,66558.9296875,4153,0.0,0.0
2022-04-08 00:00:00+09:00,66407.8313202045,66785.57780097926,65576.7890625,65576.7890625,4035,0.0,0.0
2022-04-11 00:00:00+09:00,65501.22715517242,66256.71997126438,65047.93146551724,65727.875,4242,0.0,0.0
2022-04-12 00:00:00+09:00,66105.63603153935,66256.73462818288,65274.59375,65274.59375,2929,0.0,0.0
2022-04-13 00:00:00+09:00,65274.588914549655,65576.78608545035,64972.391743648965,65425.6875,4437,0.0,0.0
2022-04-14 00:00:00+09:00,65803.43695096485,65803.43695096485,65123.49328557027,65576.7890625,2984,0.0,0.0
2022-04-15 00:00:00+09:00,65350.13396060563,65954.52826313146,65274.5846727899,65803.4296875,2808,0.0,0.0
2022-04-18 00:00:00+09:00,65878.984375,65954.53366900803,65199.04072892775,65878.984375,2268,0.0,0.0
2022-04-19 00:00:00+09:00,65803.42794736079,65803.42794736079,65123.484375,65123.484375,4551,0.0,0.0
2022-04-20 00:00:00+09:00,65274.580856643355,65501.22870684003,64670.18658945221,64821.28515625,4399,0.0,0.0
2022-04-21 00:00:00+09:00,65350.128591954024,66105.62140804598,65274.57931034483,65727.875,6609,0.0,0.0
2022-04-22 00:00:00+09:00,66105.63225702409,66256.73084504013,65350.13931694381,65878.984375,4575,0.0,0.0
2022-04-25 00:00:00+09:00,65803.43883825232,65803.43883825232,64896.84725839121,65274.59375,5740,0.0,0.0
2022-04-26 00:00:00+09:00,65047.94760948503,65350.14481092283,64216.9053055311,64368.00390625,12785,0.0,0.0
2022-04-27 00:00:00+09:00,63985.02273233373,65697.51725801663,63907.18207207542,65541.8359375,9063,2508.0,0.0
2022-04-28 00:00:00+09:00,65697.51678796519,65853.19810736795,64841.26953125,64841.26953125,5059,0.0,0.0
2022-05-02 00:00:00+09:00,64374.22620781063,65775.35809625148,64218.544886872754,65152.6328125,6623,0.0,0.0
2022-05-06 00:00:00+09:00,65074.79341715976,66164.56268491125,64919.11209319526,65775.359375,5721,0.0,0.0
2022-05-09 00:00:00+09:00,65619.67659775831,66164.56121956652,65074.791975950124,65541.8359375,5321,0.0,0.0
2022-05-10 00:00:00+09:00,65386.154149159665,65619.6761282638,64607.74755214586,64841.26953125,5892,0.0,0.0
2022-05-11 00:00:00+09:00,63907.17630835843,64996.94545368976,63907.17630835843,64607.7421875,11091,0.0,0.0
2022-05-12 00:00:00+09:00,64140.70422640382,65619.67677531362,64140.70422640382,65152.6328125,4211,0.0,0.0
2022-05-13 00:00:00+09:00,65074.79341715976,66164.56268491125,65074.79341715976,65775.359375,4120,0.0,0.0
2022-05-16 00:00:00+09:00,65853.20167927045,66320.24566281139,65230.47636788256,65619.6796875,2743,0.0,0.0
2022-05-17 00:00:00+09:00,65463.99835965302,65697.52035142349,65074.795040035584,65619.6796875,2414,0.0,0.0
2022-05-18 00:00:00+09:00,65697.51529566744,66631.6031908665,65619.67463773419,66475.921875,3300,0.0,0.0
2022-05-19 00:00:00+09:00,66164.56069501168,66942.96729142357,66086.72003537048,66709.4453125,1961,0.0,0.0
2022-05-20 00:00:00+09:00,66865.12680641138,67020.80812610035,66086.72020796656,66320.2421875,3788,0.0,0.0
2022-05-23 00:00:00+09:00,66398.08284734449,66787.28614656691,66320.2421875,66320.2421875,2435,0.0,0.0
2022-05-24 00:00:00+09:00,66709.4453125,67020.80795106477,66398.08267393525,66709.4453125,2839,0.0,0.0
2022-05-25 00:00:00+09:00,66865.1262885669,67643.53288098327,66475.92299235871,67487.8515625,4061,0.0,0.0
2022-05-26 00:00:00+09:00,67254.32665505227,67410.00796675378,66631.60140824622,67020.8046875,2876,0.0,0.0
2022-05-27 00:00:00+09:00,66709.4512713397,67643.53927047164,66164.5666051794,67254.3359375,5536,0.0,0.0
2022-05-30 00:00:00+09:00,67254.33085714286,68110.578125,67254.33085714286,68110.578125,4458,0.0,0.0
2022-05-31 00:00:00+09:00,67409.99698401162,68188.40341569767,66942.953125,66942.953125,10385,0.0,0.0
2022-06-01 00:00:00+09:00,67487.85732188566,68655.46731015359,67410.01665600114,68421.9453125,4310,0.0,0.0
2022-06-02 00:00:00+09:00,68110.5768364331,68266.25815491637,67020.80760705017,67487.8515625,3292,0.0,0.0
2022-06-03 00:00:00+09:00,66942.95783614668,67254.32043073341,66553.75459291328,66865.1171875,3622,0.0,0.0
2022-06-06 00:00:00+09:00,67020.80777805975,67565.69239414153,66553.76382141821,67098.6484375,2537,0.0,0.0
2022-06-07 00:00:00+09:00,66398.09209612574,67020.8174616228,66242.41075475146,66553.7734375,2409,0.0,0.0
2022-06-08 00:00:00+09:00,66242.39812899246,67098.64534335076,66242.39812899246,67020.8046875,2679,0.0,0.0
2022-06-09 00:00:00+09:00,66398.07974992655,66787.28303099294,66164.55778128671,66242.3984375,3172,0.0,0.0
2022-06-10 00:00:00+09:00,66865.12799587545,66865.12799587545,65230.47411006243,65463.99609375,3459,0.0,0.0
2022-06-13 00:00:00+09:00,64996.95085065276,65074.791510354145,64607.74755214586,64841.26953125,2766,0.0,0.0
2022-06-14 00:00:00+09:00,64841.27612215909,64841.27612215909,63907.188110795454,64218.55078125,7465,0.0,0.0
2022-06-15 00:00:00+09:00,63829.336226851854,64685.58342013889,62973.089033564815,63050.9296875,9864,0.0,0.0
2022-06-16 00:00:00+09:00,63829.335655120485,65619.67067959337,63673.65434864458,64607.7421875,6661,0.0,0.0
2022-06-17 00:00:00+09:00,63829.34744318182,65152.63879261363,63517.98477272727,64218.55078125,8943,0.0,0.0
2022-06-20 00:00:00+09:00,64296.37957454819,64919.10480045181,64062.857614834335,64607.7421875,4869,0.0,0.0
2022-06-21 00:00:00+09:00,64296.37957454819,64841.26414721386,64140.69826807229,64607.7421875,4180,0.0,0.0
2022-06-22 00:00:00+09:00,64919.10740761861,64996.948063982665,63985.01953125,63985.01953125,5504,0.0,0.0
2022-06-23 00:00:00+09:00,63829.335655120485,64996.94545368976,63829.335655120485,64607.7421875,5903,0.0,0.0
2022-06-24 00:00:00+09:00,64374.22022778614,64841.26414721386,64140.69826807229,64607.7421875,3781,0.0,0.0
2022-06-27 00:00:00+09:00,64841.267251428995,65463.992507145005,64685.5859375,64685.5859375,2342,0.0,0.0
2022-06-28 00:00:00+09:00,64607.74962797619,65853.20022321428,64607.74962797619,65386.15625,4181,0.0,0.0
2022-06-29 00:00:00+09:00,65386.154442148756,66008.87972255018,65230.4731220484,65931.0390625,2204,0.0,0.0
2022-06-30 00:00:00+09:00,66475.9222082346,66475.9222082346,65308.312333382695,65697.515625,3327,0.0,0.0
2022-07-01 00:00:00+09:00,66320.23655873493,66320.23655873493,64374.22022778614,64607.7421875,4406,0.0,0.0
2022-07-04 00:00:00+09:00,65308.31477129162,65853.19939989597,64763.430142687284,65463.99609375,3007,0.0,0.0
2022-07-05 00:00:00+09:00,65152.63053424402,65308.31184973803,64607.74593001497,64996.94921875,3772,0.0,0.0
2022-07-06 00:00:00+09:00,64919.10480045181,64996.94545368976,64374.22022778614,64607.7421875,6270,0.0,0.0
2022-07-07 00:00:00+09:00,64919.11019095138,65541.83546856242,64607.74755214586,64841.26953125,2930,0.0,0.0
2022-07-08 00:00:00+09:00,64607.7421875,64841.26414721386,63829.335655120485,64607.7421875,4897,0.0,0.0
2022-07-11 00:00:00+09:00,64841.27080391647,65775.35873866676,64841.27080391647,65463.99609375,1961,0.0,0.0
2022-07-12 00:00:00+09:00,65541.83070106414,65541.83070106414,64841.26481471073,64919.10546875,2264,0.0,0.0
2022-07-13 00:00:00+09:00,64996.94545368976,65230.46741340362,64607.7421875,64607.7421875,3849,0.0,0.0
2022-07-14 00:00:00+09:00,64296.38554734169,65152.63281249999,64296.38554734169,65152.6328125,1476,0.0,0.0
2022-07-15 00:00:00+09:00,65386.148719879515,65386.148719879515,64452.060881024096,64607.7421875,3193,0.0,0.0
2022-07-19 00:00:00+09:00,64996.95293898809,65386.15625,64685.59029017857,65386.15625,2898,0.0,0.0
2022-07-20 00:00:00+09:00,65619.67823660714,65619.67823660714,64685.59029017857,65386.15625,2696,0.0,0.0
2022-07-21 00:00:00+09:00,65230.471675059234,65853.19694164692,64996.94970008886,65697.515625,2770,0.0,0.0
2022-07-22 00:00:00+09:00,65463.99527724169,65697.51725801663,65074.791975950124,65541.8359375,2766,0.0,0.0
2022-07-25 00:00:00+09:00,65775.35774239965,66242.4017027007,65619.6764222993,65931.0390625,3214,0.0,0.0
2022-07-26 00:00:00+09:00,66008.87825829383,66164.55957494075,65152.63101673578,65697.515625,5034,0.0,0.0
2022-07-27 00:00:00+09:00,65463.996727071004,65853.20003698225,65386.156065088755,65775.359375,3707,0.0,0.0
2022-07-28 00:00:00+09:00,65775.35628332346,66008.87825829383,65308.312333382695,65697.515625,2588,0.0,0.0
2022-07-29 00:00:00+09:00,65697.52139310747,66631.609375,65541.84006279205,66631.609375,5239,0.0,0.0
2022-08-01 00:00:00+09:00,66631.59214743589,66865.11408253205,66086.70763221153,66787.2734375,2380,0.0,0.0
2022-08-02 00:00:00+09:00,66631.60023584905,66709.4408903302,65775.35303655661,66008.875,3022,0.0,0.0
2022-08-03 00:00:00+09:00,66164.56104265053,66242.4017027007,65308.31378209858,65931.0390625,2027,0.0,0.0
2022-08-04 00:00:00+09:00,66008.8780918728,66086.71875,65619.67480123675,66086.71875,1657,0.0,0.0
2022-08-05 00:00:00+09:00,66086.71728169326,66242.39859448877,65697.51399970449,65853.1953125,2058,0.0,0.0
2022-08-08 00:00:00+09:00,65853.19677561837,66086.71875,65697.51545936396,66086.71875,1462,0.0,0.0
2022-08-09 00:00:00+09:00,65931.0406989645,66164.56268491125,65463.996727071004,65775.359375,2432,0.0,0.0
2022-08-10 00:00:00+09:00,65697.52035142349,65853.20167927045,65463.99835965302,65619.6796875,2703,0.0,0.0
2022-08-12 00:00:00+09:00,65697.51238207547,66164.55630896226,65619.67172759434,66008.875,2563,0.0,0.0
2022-08-15 00:00:00+09:00,66008.88405373831,66631.609375,65853.20272342289,66631.609375,2001,0.0,0.0
2022-08-16 00:00:00+09:00,66631.609375,66709.45004015771,66320.24671436916,66631.609375,2061,0.0,0.0
2022-08-17 00:00:00+09:00,66631.609375,67254.33469626168,66553.76870984229,66631.609375,1757,0.0,0.0
2022-08-18 00:00:00+09:00,66865.12645917924,67487.85173470128,66709.44514029873,67098.6484375,2277,0.0,0.0
2022-08-19 00:00:00+09:00,67254.32488479263,67721.36880760369,67020.80292338709,67565.6875,2278,0.0,0.0
2022-08-22 00:00:00+09:00,67410.01417656432,67487.85483958575,66865.12953541425,67176.4921875,1633,0.0,0.0
2022-08-23 00:00:00+09:00,67176.47666266025,67332.15795272436,66787.2734375,66787.2734375,1726,0.0,0.0
2022-08-24 00:00:00+09:00,66709.44237477967,66942.9643434195,66242.3984375,66242.3984375,2180,0.0,0.0
2022-08-25 00:00:00+09:00,66553.76253293325,66865.12516466627,66398.08121706673,66475.921875,1151,0.0,0.0
2022-08-26 00:00:00+09:00,66553.76399321762,66865.12663178239,66398.08267393525,66709.4453125,879,0.0,0.0
2022-08-29 00:00:00+09:00,66709.43589020663,67098.63913344004,66475.91394426659,66865.1171875,3363,0.0,0.0
2022-08-30 00:00:00+09:00,66865.12161578341,67565.6875,66865.12161578341,67565.6875,2149,0.0,0.0
2022-08-31 00:00:00+09:00,67565.69860387732,67565.69860387732,67020.81393771702,67254.3359375,3483,0.0,0.0
2022-09-01 00:00:00+09:00,67332.1610793801,67565.68302532013,66865.1171875,66865.1171875,3197,0.0,0.0
2022-09-02 00:00:00+09:00,67176.47505450582,67565.67827034884,66942.953125,66942.953125,2526,0.0,0.0
2022-09-05 00:00:00+09:00,67254.32958477509,67799.21419946656,67176.48892553346,67487.8515625,2153,0.0,0.0
2022-09-06 00:00:00+09:00,67565.69675660161,67954.90007893226,67487.85609213548,67799.21875,1852,0.0,0.0
2022-09-07 00:00:00+09:00,67721.37993706597,67954.90193684895,67254.3359375,67254.3359375,1425,0.0,0.0
2022-09-08 00:00:00+09:00,67176.48423099078,67643.52815380185,67098.64357718894,67565.6875,1739,0.0,0.0
2022-09-09 00:00:00+09:00,67098.64664844649,67799.21256472958,67098.64664844649,67643.53125,2658,0.0,0.0
2022-09-12 00:00:00+09:00,67877.05614285714,68188.41878571428,67799.21548214286,68110.578125,1472,0.0,0.0
2022-09-13 00:00:00+09:00,68188.4140625,68421.93602846746,67954.89209653254,68188.4140625,1626,0.0,0.0
2022-09-14 00:00:00+09:00,68188.41109913793,68188.41109913793,67721.3671875,67721.3671875,1211,0.0,0.0
2022-09-15 00:00:00+09:00,67877.05614285714,68110.578125,67643.53416071429,68110.578125,1697,0.0,0.0
2022-09-16 00:00:00+09:00,68032.74178096719,68811.1484375,67954.90111531391,68811.1484375,3769,0.0,0.0
2022-09-20 00:00:00+09:00,68888.98619910308,68888.98619910308,68032.73891301254,68344.1015625,1980,0.0,0.0
2022-09-21 00:00:00+09:00,68344.09537314497,68577.61733911245,68110.57340717751,68188.4140625,1168,0.0,0.0
2022-09-22 00:00:00+09:00,68110.57632688493,68811.1422548186,67799.21369224774,68655.4609375,2093,0.0,0.0
2022-09-26 00:00:00+09:00,68421.94593641492,68499.78660300926,67254.3359375,67254.3359375,3006,0.0,0.0
2022-09-27 00:00:00+09:00,67643.53802205023,68032.74134783878,66553.76870984229,66631.609375,4626,0.0,0.0
2022-09-28 00:00:00+09:00,66942.96865710465,67020.80931833384,64841.27080391647,65463.99609375,4806,0.0,0.0
2022-09-29 00:00:00+09:00,66242.41075475146,67332.18014437135,66086.7294133772,66553.7734375,3220,0.0,0.0
2022-09-30 00:00:00+09:00,65775.35756858862,66709.44548672243,65152.63228983275,66320.2421875,7241,0.0,0.0
2022-10-03 00:00:00+09:00,66320.23264697322,67332.1610793801,65931.02940373981,66865.1171875,3590,0.0,0.0
2022-10-04 00:00:00+09:00,66787.2901119403,67799.21875,66553.7681185419,67799.21875,3046,0.0,0.0
2022-10-05 00:00:00+09:00,67643.52993430603,67954.89255770906,67020.8046875,67020.8046875,3394,0.0,0.0
2022-10-06 00:00:00+09:00,67020.81393771702,67332.17660409432,66709.4512713397,67254.3359375,2509,0.0,0.0
2022-10-07 00:00:00+09:00,66631.60465285882,67098.64861070596,66242.40135465286,66709.4453125,3253,0.0,0.0
2022-10-11 00:00:00+09:00,66398.07827240566,66553.75958136792,65853.19369103774,66008.875,3144,0.0,0.0
2022-10-12 00:00:00+09:00,66320.24671436916,66709.45004015771,66320.24671436916,66631.609375,2070,0.0,0.0
2022-10-13 00:00:00+09:00,66164.56104265053,66709.44566300177,65853.19840244982,65931.0390625,2356,0.0,0.0
2022-10-14 00:00:00+09:00,66398.07974992655,66787.28303099294,66242.3984375,66242.3984375,4097,0.0,0.0
2022-10-17 00:00:00+09:00,66164.55630896226,66631.60023584905,65775.35303655661,66008.875,2834,0.0,0.0
2022-10-18 00:00:00+09:00,66398.08467085798,66475.92533284023,65463.996727071004,65775.359375,2787,0.0,0.0
2022-10-19 00:00:00+09:00,65775.35546399208,65775.35546399208,63829.33903014616,63907.1796875,5213,0.0,0.0
2022-10-20 00:00:00+09:00,63907.17416748937,64218.536770010636,63673.65221559843,64062.85546875,3051,0.0,0.0
2022-10-21 00:00:00+09:00,63907.188540069015,64140.71054447853,63440.14453125,63440.14453125,3081,0.0,0.0
2022-10-24 00:00:00+09:00,63595.8142650463,63751.49557291667,62973.089033564815,63050.9296875,1849,0.0,0.0
2022-10-25 00:00:00+09:00,62895.25146424168,63284.45475300555,62661.72949098336,63128.7734375,3478,0.0,0.0
2022-10-26 00:00:00+09:00,63362.29173569277,64685.58284073795,63362.29173569277,64607.7421875,8782,0.0,0.0
2022-10-27 00:00:00+09:00,63440.13943799183,64607.74936629842,63440.13943799183,64296.38671875,16918,0.0,0.0
2022-10-28 00:00:00+09:00,64417.71729052198,65774.7200091575,64417.71729052198,65375.6015625,7682,2052.0,0.0
2022-10-31 00:00:00+09:00,65774.72273539928,67211.54920292014,65535.25165747914,66972.078125,9757,0.0,0.0
2022-11-01 00:00:00+09:00,67291.37036219082,67850.13618963487,66572.95715547704,67770.3125,9903,0.0,0.0
2022-11-02 00:00:00+09:00,68648.37329275535,68648.37329275535,67211.546875,67211.546875,8698,0.0,0.0
2022-11-04 00:00:00+09:00,67291.36595297759,68249.25016583137,67291.36595297759,67690.484375,6440,0.0,0.0
2022-11-07 00:00:00+09:00,68329.08515348288,68408.9088510921,67451.02447978158,67610.671875,3308,0.0,0.0
2022-11-08 00:00:00+09:00,68169.4406068314,68887.8539153343,68169.4406068314,68648.3828125,3661,0.0,0.0
2022-11-09 00:00:00+09:00,68887.84713058294,69127.31820983179,68568.55235825115,68808.0234375,3379,0.0,0.0
2022-11-10 00:00:00+09:00,68967.6799883314,68967.6799883314,68169.4429514294,68408.9140625,3563,0.0,0.0
2022-11-11 00:00:00+09:00,68728.1949375,69925.55025,68648.37125,69845.7265625,5575,0.0,0.0
2022-11-14 00:00:00+09:00,70244.84538327526,70244.84538327526,68329.07687282229,68728.1953125,3572,0.0,0.0
2022-11-15 00:00:00+09:00,68648.36394906323,68808.0113070843,68169.421875,68169.421875,2445,0.0,0.0
2022-11-16 00:00:00+09:00,68249.25549060314,68808.02132502914,68249.25549060314,68488.7265625,2020,0.0,0.0
2022-11-17 00:00:00+09:00,68967.65289017341,69446.59492413295,68648.35820086706,69047.4765625,2647,0.0,0.0
2022-11-18 00:00:00+09:00,69047.47992621527,69207.12727864583,68728.18522135416,68967.65625,2486,0.0,0.0
2022-11-21 00:00:00+09:00,68967.66955017301,69686.08277465397,68887.84585856402,69207.140625,2448,0.0,0.0
2022-11-22 00:00:00+09:00,69286.96559599768,69286.96559599768,68488.72866516821,68808.0234375,2486,0.0,0.0
2022-11-24 00:00:00+09:00,68887.82921784683,69286.94757947978,68568.53452854046,69047.4765625,2746,0.0,0.0
2022-11-25 00:00:00+09:00,69207.1361864896,69446.60724595842,68808.01775404158,69127.3125,3565,0.0,0.0
2022-11-28 00:00:00+09:00,69207.14947137515,69446.62057681243,68967.67836593787,69366.796875,4352,0.0,0.0
2022-11-29 00:00:00+09:00,69446.61380597015,69606.26119402985,68967.67164179105,69526.4375,3717,0.0,0.0
2022-11-30 00:00:00+09:00,69127.32739571179,69446.62221047257,68249.2666551196,68408.9140625,17319,0.0,0.0
2022-12-01 00:00:00+09:00,68648.3851735706,68967.6799883314,68169.4429514294,68408.9140625,2920,0.0,0.0
2022-12-02 00:00:00+09:00,68329.06717081851,68408.89084741993,67211.53569839858,67291.359375,5662,0.0,0.0
2022-12-05 00:00:00+09:00,67131.72087647929,67530.83931213018,66493.13137943787,67451.015625,4994,0.0,0.0
2022-12-06 00:00:00+09:00,67451.01315789473,68249.25,67211.54210526316,68249.25,3305,0.0,0.0
2022-12-07 00:00:00+09:00,68329.08360011641,68648.37838329453,67929.96512114377,68568.5546875,2903,0.0,0.0
2022-12-08 00:00:00+09:00,68568.55025313229,68728.19763439686,67850.13703744173,68488.7265625,2790,0.0,0.0
2022-12-09 00:00:00+09:00,68568.54135331484,68728.18871385806,68089.59927168516,68329.0703125,2681,0.0,0.0
2022-12-12 00:00:00+09:00,68408.89399277161,68488.71767304323,68009.77559141355,68329.0703125,2212,0.0,0.0
2022-12-13 00:00:00+09:00,68329.06923302107,68568.54027005269,67929.95083796838,68169.421875,1720,0.0,0.0
2022-12-14 00:00:00+09:00,68169.4406068314,68808.03021438954,68089.61690588662,68648.3828125,3026,0.0,0.0
2022-12-15 00:00:00+09:00,68648.35820086706,69047.4765625,68488.71085621387,69047.4765625,2336,0.0,0.0
2022-12-16 00:00:00+09:00,69366.7896539548,71043.08721751413,69286.96596045197,70643.96875,7967,0.0,0.0
2022-12-19 00:00:00+09:00,70723.79054633867,70883.43792906178,69765.90625,69765.90625,3340,0.0,0.0
2022-12-20 00:00:00+09:00,69686.09150598403,70085.21001403664,67051.90935283688,67530.8515625,6804,0.0,0.0
2022-12-21 00:00:00+09:00,67610.66069059551,68887.83964106721,67371.18963738208,67690.484375,7075,0.0,0.0
2022-12-22 00:00:00+09:00,67850.1481366686,68648.3851735706,67850.1481366686,68408.9140625,4249,0.0,0.0
2022-12-23 00:00:00+09:00,68408.89987056213,68488.72355769231,67131.72087647929,67451.015625,5263,0.0,0.0
2022-12-26 00:00:00+09:00,67610.66281543428,68249.25231073944,67291.36806778169,68009.78125,3356,0.0,0.0
2022-12-27 00:00:00+09:00,68089.609375,68169.43306711606,67690.4909144197,68089.609375,3027,0.0,0.0
2022-12-28 00:00:00+09:00,68089.59819598946,68648.36394906323,67929.95083796838,68169.421875,4264,0.0,0.0
2022-12-29 00:00:00+09:00,68249.25675923213,68408.90414346424,68009.78568288394,68089.609375,3345,0.0,0.0
2022-12-30 00:00:00+09:00,68249.2590992647,68488.73018382353,67850.140625,67850.140625,4499,0.0,0.0
2023-01-04 00:00:00+09:00,68089.61747377364,68169.44117538416,67530.8515625,67530.8515625,3746,0.0,0.0
2023-01-05 00:00:00+09:00,67850.13874404052,68009.78612932062,66812.4307397199,66972.078125,6956,0.0,0.0
2023-01-06 00:00:00+09:00,66892.25443235994,67451.02028084028,66413.31227651966,66972.078125,3533,0.0,0.0
2023-01-10 00:00:00+09:00,67211.54793024289,67530.8426947571,66972.07685685722,67371.1953125,2657,0.0,0.0
2023-01-11 00:00:00+09:00,67770.30576160399,68009.776806698,67530.83471650998,67929.953125,4384,0.0,0.0
2023-01-12 00:00:00+09:00,67929.95987926974,67929.95987926974,67451.01774146054,67770.3125,3353,0.0,0.0
2023-01-13 00:00:00+09:00,67770.32266733157,68089.61747377364,67530.8515625,67530.8515625,4334,0.0,0.0
2023-01-16 00:00:00+09:00,67610.66872584721,67850.13980752081,67131.7265625,67131.7265625,3855,0.0,0.0
2023-01-17 00:00:00+09:00,67131.72212611607,67291.36950334822,66732.60368303572,67051.8984375,4578,0.0,0.0
2023-01-18 00:00:00+09:00,67530.84143109541,68408.90201707892,67131.72298292108,67770.3125,6420,0.0,0.0
2023-01-19 00:00:00+09:00,67770.31979666867,67770.31979666867,66413.31692677071,66493.140625,7588,0.0,0.0
2023-01-20 00:00:00+09:00,66652.78209234301,67610.66638588566,66493.1347100859,67371.1953125,2982,0.0,0.0
2023-01-23 00:00:00+09:00,67690.49323529411,68009.78801470587,67530.84584558824,67850.140625,2876,0.0,0.0
2023-01-24 00:00:00+09:00,67850.13703744173,68488.7265625,67770.31334680945,68488.7265625,4522,0.0,0.0
2023-01-25 00:00:00+09:00,68568.54939634865,68808.02046525324,67690.48881036513,67770.3125,9001,0.0,0.0
2023-01-26 00:00:00+09:00,68249.25231073944,68488.72337147887,67610.66281543428,68009.78125,8103,0.0,0.0
2023-01-27 00:00:00+09:00,68249.25549060314,68568.55025313229,67929.96072807402,68488.7265625,4544,0.0,0.0
2023-01-30 00:00:00+09:00,68329.08360011641,68728.20207908907,68169.43620852736,68568.5546875,6740,0.0,0.0
2023-01-31 00:00:00+09:00,68249.24785179201,68408.89521518801,67850.129443302,67929.953125,12306,0.0,0.0
2023-02-01 00:00:00+09:00,68169.43306711606,68488.7278355803,68089.609375,68089.609375,4181,0.0,0.0
2023-02-02 00:00:00+09:00,68169.42631578947,68408.89736842105,67929.9552631579,68249.25,6789,0.0,0.0
2023-02-03 00:00:00+09:00,68249.24555401054,68249.24555401054,67850.12715895784,68169.421875,4911,0.0,0.0
2023-02-06 00:00:00+09:00,68169.421875,68568.54027005269,67929.95083796838,68169.421875,5859,0.0,0.0
2023-02-07 00:00:00+09:00,68169.424170094,68249.24785179201,67850.129443302,67929.953125,5361,0.0,0.0
2023-02-08 00:00:00+09:00,68009.77451697893,68329.06923302107,67610.65612192622,68169.421875,5516,0.0,0.0
2023-02-09 00:00:00+09:00,68089.600488396,68329.07153349002,67770.30576160399,67929.953125,6353,0.0,0.0
2023-02-10 00:00:00+09:00,67929.95756308685,68089.60493691315,67690.48650234741,68009.78125,4421,0.0,0.0
2023-02-13 00:00:00+09:00,68249.25675923213,68408.90414346424,67850.13829865181,68089.609375,3454,0.0,0.0
2023-02-14 00:00:00+09:00,68169.421875,68249.24555401054,68009.77451697893,68169.421875,2627,0.0,0.0
2023-02-15 00:00:00+09:00,68169.43540441176,68249.2590992647,67690.49323529411,67850.140625,5624,0.0,0.0
2023-02-16 00:00:00+09:00,68009.78125,68249.25231073944,67850.13387617371,68009.78125,3960,0.0,0.0
2023-02-17 00:00:00+09:00,67929.96199076789,68089.609375,67530.84353018757,68089.609375,4908,0.0,0.0
2023-02-20 00:00:00+09:00,68169.421875,68329.06923302107,68009.77451697893,68169.421875,3292,0.0,0.0
2023-02-21 00:00:00+09:00,68249.25675923213,68249.25675923213,68009.78568288394,68089.609375,8130,0.0,0.0
2023-02-22 00:00:00+09:00,68089.60263157895,68568.5447368421,68089.60263157895,68249.25,11947,0.0,0.0
2023-02-24 00:00:00+09:00,68329.08001730104,69207.140625,68249.25632569204,69207.140625,8945,0.0,0.0
2023-02-27 00:00:00+09:00,68967.66912599318,70324.671875,68967.66912599318,70324.671875,7615,0.0,0.0
2023-02-28 00:00:00+09:00,70324.67061406602,70803.6127521868,70085.19954500564,70723.7890625,7167,0.0,0.0
2023-03-01 00:00:00+09:00,70723.79397551547,70723.79397551547,69606.26224226804,69686.0859375,7963,0.0,0.0
2023-03-02 00:00:00+09:00,69686.0791875,70005.3739375,69526.4318125,69845.7265625,3810,0.0,0.0
2023-03-03 00:00:00+09:00,70165.02470680777,70484.319472254,69765.90625,69765.90625,5437,0.0,0.0
2023-03-06 00:00:00+09:00,70085.2052154195,70484.32369614512,70085.2052154195,70404.5,3617,0.0,0.0
2023-03-07 00:00:00+09:00,70564.14294835414,70643.96663947219,70244.84818388194,70324.671875,3411,0.0,0.0
2023-03-08 00:00:00+09:00,70324.67292787372,70564.14400481313,70165.02554324745,70484.3203125,4023,0.0,0.0
2023-03-09 00:00:00+09:00,70643.95970856742,71282.54917485955,70484.31234199439,71043.078125,2692,0.0,0.0
2023-03-10 00:00:00+09:00,71282.55149027621,71442.19886203494,70643.96200324126,70803.609375,6597,0.0,0.0
2023-03-13 00:00:00+09:00,70564.14294835414,70963.26140394437,70005.3771105278,70324.671875,5242,0.0,0.0
2023-03-14 00:00:00+09:00,70244.84587104071,70963.2590674491,69686.08005161199,70564.140625,5394,0.0,0.0
2023-03-15 00:00:00+09:00,71043.08382124719,71601.84964905474,70564.1416831264,70723.7890625,4679,0.0,0.0
2023-03-16 00:00:00+09:00,70324.67525745738,70803.6174272017,69765.90939275568,70244.8515625,7000,0.0,0.0
2023-03-17 00:00:00+09:00,70165.02150237616,70803.61100410426,69047.48987435196,69286.9609375,6949,0.0,0.0
2023-03-20 00:00:00+09:00,70484.3190456081,71601.85071790541,69845.72951858108,70883.4375,17059,0.0,0.0
2023-03-22 00:00:00+09:00,70803.60765505202,73038.6708053806,70564.1366032311,72879.0234375,15642,0.0,0.0
2023-03-23 00:00:00+09:00,72320.2687602796,74395.68486156798,72080.79767166941,72799.2109375,22137,0.0,0.0
2023-03-24 00:00:00+09:00,72879.02977195947,73996.56144425676,72559.73500844595,73836.9140625,15473,0.0,0.0
2023-03-27 00:00:00+09:00,73996.56144425676,75353.5641891892,73836.9140625,73836.9140625,14222,0.0,0.0
2023-03-28 00:00:00+09:00,74156.20525187567,74874.61843515541,73437.79206859593,74475.5,20232,0.0,0.0
2023-03-29 00:00:00+09:00,74954.44157822327,76151.796875,74635.14683241614,76151.796875,10946,0.0,0.0
2023-03-30 00:00:00+09:00,76151.79530125899,77907.91636690647,75832.50056205035,77668.4453125,12675,0.0,0.0
2023-03-31 00:00:00+09:00,78227.21235795454,78386.85973011363,76870.20969460226,77269.328125,10633,0.0,0.0
2023-04-03 00:00:00+09:00,77508.80465649802,80861.39970858135,77428.98096478175,80462.28125,14507,0.0,0.0
2023-04-04 00:00:00+09:00,80462.2799851925,81180.693199346,80462.2799851925,80861.3984375,9687,0.0,0.0
2023-04-05 00:00:00+09:00,80542.10516046453,80941.22362012987,79664.0445492008,79903.515625,13477,0.0,0.0
2023-04-06 00:00:00+09:00,79823.69439386057,79823.69439386057,76151.80445174298,76710.5703125,11972,0.0,0.0
2023-04-07 00:00:00+09:00,76710.5703125,77269.33617325703,75433.39120219824,76710.5703125,7806,0.0,0.0
2023-04-10 00:00:00+09:00,75593.02984065433,77029.85617342283,75433.38247034671,76550.9140625,16286,0.0,0.0
2023-04-11 00:00:00+09:00,76550.9294044384,77508.81381825828,76391.28200213509,77109.6953125,14584,0.0,0.0
2023-04-12 00:00:00+09:00,77109.6726017442,79105.26454278312,77029.84892410264,78945.6171875,17956,0.0,0.0
2023-04-13 00:00:00+09:00,79264.92359050445,80861.39737883284,78945.62883283877,80701.75,16823,0.0,0.0
2023-04-14 00:00:00+09:00,80701.75315726401,81899.10854535399,80302.63469456736,81180.6953125,19051,0.0,0.0
2023-04-17 00:00:00+09:00,81180.69838085347,81180.69838085347,78945.63490527442,79264.9296875,8817,0.0,0.0
2023-04-18 00:00:00+09:00,79664.04050456389,79823.68788032455,78386.8614984787,78706.15625,7810,0.0,0.0
2023-04-19 00:00:00+09:00,78785.98119743884,78865.80488659532,78067.56799503058,78307.0390625,7589,0.0,0.0
2023-04-20 00:00:00+09:00,78227.21577688729,78386.86315602378,77029.8604333635,77189.5078125,7865,0.0,0.0
2023-04-21 00:00:00+09:00,77269.33450424178,77349.15819691145,74874.62372415165,75273.7421875,13262,0.0,0.0
2023-04-24 00:00:00+09:00,75433.37944304968,76071.96889865222,75114.08471524842,75513.203125,9848,0.0,0.0
2023-04-25 00:00:00+09:00,75433.38191105769,75593.02928018162,74156.20295806623,74714.96875,11029,0.0,0.0
2023-04-26 00:00:00+09:00,74794.79243456197,75353.55822649573,73757.0845352564,74714.96875,14782,0.0,0.0
2023-04-27 00:00:00+09:00,74233.46275539159,74985.8289319665,73648.2890625,73648.2890625,11832,4224.0,0.0
2023-04-28 00:00:00+09:00,74149.86651354995,74149.86651354995,72979.51912776673,73648.2890625,10692,0.0,0.0
2023-05-01 00:00:00+09:00,74066.265625,74066.265625,73564.68820541761,74066.265625,6040,0.0,0.0
2023-05-02 00:00:00+09:00,73815.47335029898,73899.06958285878,73313.8959549402,73397.4921875,5845,0.0,0.0
2023-05-08 00:00:00+09:00,73313.90442944005,74567.84806278281,73230.30818721719,73899.078125,10000,0.0,0.0
2023-05-09 00:00:00+09:00,73982.67083154967,74233.45954623287,73230.3046875,73230.3046875,7245,0.0,0.0
2023-05-10 00:00:00+09:00,73313.9030784117,73481.09555977638,72812.32563431766,72895.921875,5982,0.0,0.0
2023-05-11 00:00:00+09:00,73146.7109375,73313.90341964285,72728.72973214285,73146.7109375,4025,0.0,0.0
2023-05-12 00:00:00+09:00,73313.90341964285,73481.09590178571,72812.32597321428,73146.7109375,3988,0.0,0.0
2023-05-15 00:00:00+09:00,73313.90970162429,74066.27593573446,73313.90970162429,73982.6796875,6686,0.0,0.0
2023-05-16 00:00:00+09:00,74149.86651354995,74149.86651354995,73481.09657881668,73648.2890625,5365,0.0,0.0
2023-05-17 00:00:00+09:00,73899.0806200453,74651.446825453,73815.484375,73815.484375,4929,0.0,0.0
2023-05-18 00:00:00+09:00,74484.25433536239,74484.25433536239,73731.88812995469,73815.484375,4730,0.0,0.0
2023-05-19 00:00:00+09:00,74233.4630938914,74400.6555783371,73899.078125,73899.078125,4928,0.0,0.0
2023-05-22 00:00:00+09:00,74066.27160904255,75153.02277260637,74066.27160904255,74651.4453125,5906,0.0,0.0
2023-05-23 00:00:00+09:00,74818.63461606138,74818.63461606138,73982.67221811655,74233.4609375,3944,0.0,0.0
2023-05-24 00:00:00+09:00,74651.43677776212,75069.41794673055,74149.859375,74149.859375,4237,0.0,0.0
2023-05-25 00:00:00+09:00,74317.06562849552,75069.43187220358,74149.87312989373,74735.046875,4034,0.0,0.0
2023-05-26 00:00:00+09:00,74985.83562290268,75320.22062010627,74567.85437639822,74735.046875,6017,0.0,0.0
2023-05-29 00:00:00+09:00,75320.20349661227,75738.18464809182,74985.81857542865,75570.9921875,5104,0.0,0.0
2023-05-30 00:00:00+09:00,76072.56820979212,76741.33804020788,75821.77952338621,76406.953125,9748,0.0,0.0
2023-05-31 00:00:00+09:00,76741.3556022602,77075.74059399118,75320.21938740353,75821.796875,22798,0.0,0.0
2023-06-01 00:00:00+09:00,76239.76202986726,76239.76202986726,74985.81857542865,75570.9921875,4917,0.0,0.0
2023-06-02 00:00:00+09:00,75654.60090204394,75654.60090204394,74985.83094931868,75153.0234375,3931,0.0,0.0
2023-06-05 00:00:00+09:00,75571.00564427313,75905.390625,75153.02441836454,75905.390625,2070,0.0,0.0
2023-06-06 00:00:00+09:00,75487.40658629966,75738.1953125,74985.82913389901,75738.1953125,3141,0.0,0.0
2023-06-07 00:00:00+09:00,75320.20450161335,75403.80073302469,74484.2421875,74484.2421875,6373,0.0,0.0
2023-06-08 00:00:00+09:00,74484.25282579787,74735.04155585106,74066.27160904255,74651.4453125,5722,0.0,0.0
2023-06-09 00:00:00+09:00,74651.43714009831,74651.43714009831,74233.45596910112,74400.6484375,5131,0.0,0.0
2023-06-12 00:00:00+09:00,74317.0543347912,74484.24680798533,74066.265625,74066.265625,3608,0.0,0.0
2023-06-13 00:00:00+09:00,74317.04823485494,74400.64446459044,73397.4897077645,73481.0859375,5232,0.0,0.0
2023-06-14 00:00:00+09:00,73815.47584984322,74149.86079140536,73313.8984375,73313.8984375,3384,0.0,0.0
2023-06-15 00:00:00+09:00,73982.6672665028,75153.01454529494,73648.28232970505,74400.6484375,7450,0.0,0.0
2023-06-16 00:00:00+09:00,74066.27966308594,75069.43469238281,73899.08715820312,74902.2421875,8081,0.0,0.0
2023-06-19 00:00:00+09:00,74317.0543347912,74818.6317543736,73397.49573222348,74066.265625,4354,0.0,0.0
2023-06-20 00:00:00+09:00,73731.87711773919,73982.66581541857,73230.29972238041,73397.4921875,3024,0.0,0.0
2023-06-21 00:00:00+09:00,73230.29627942825,74567.8359375,73146.70005079877,74567.8359375,4478,0.0,0.0
2023-06-22 00:00:00+09:00,73899.07597832207,74484.24965688345,73899.07597832207,74233.4609375,3546,0.0,0.0
2023-06-23 00:00:00+09:00,73982.6768650906,74567.8505804077,73815.484375,73815.484375,3730,0.0,0.0
2023-06-26 00:00:00+09:00,73982.67436722285,74233.4630938914,73397.5006716629,73899.078125,3675,0.0,0.0
2023-06-27 00:00:00+09:00,74233.46937919463,74818.6431243009,73648.29563408837,74735.046875,10804,0.0,0.0
2023-06-28 00:00:00+09:00,75069.42936452515,75487.41059706704,74651.44813198324,74818.640625,6349,0.0,0.0
2023-06-29 00:00:00+09:00,75069.42936452515,75320.21810405028,74567.85188547487,74818.640625,5453,0.0,0.0
2023-06-30 00:00:00+09:00,74400.66187779642,75069.43187220358,74317.06562849552,74735.046875,14193,0.0,0.0
2023-07-03 00:00:00+09:00,75403.8125,75487.40874445676,74902.23503325942,75403.8125,4995,0.0,0.0
2023-07-04 00:00:00+09:00,75236.609375,75403.80184027778,74651.43574652777,75236.609375,4501,0.0,0.0
2023-07-05 00:00:00+09:00,74902.23687150839,75236.6218575419,74735.04437849163,74818.640625,3193,0.0,0.0
2023-07-06 00:00:00+09:00,74484.25717690679,74902.2384180791,73899.08343926554,73982.6796875,4016,0.0,0.0
2023-07-07 00:00:00+09:00,74735.0330115558,75570.99534949267,74066.2631412063,74149.859375,10295,0.0,0.0
2023-07-10 00:00:00+09:00,73982.67536569148,74735.04155585106,73899.07912234042,74651.4453125,3288,0.0,0.0
2023-07-11 00:00:00+09:00,75236.62313947079,75905.39312293274,74818.64189980706,75821.796875,5726,0.0,0.0
2023-07-12 00:00:00+09:00,75821.78263482441,75821.78263482441,74902.22408026755,74985.8203125,2343,0.0,0.0
2023-07-13 00:00:00+09:00,74818.6459350586,75320.22344970703,74735.04968261719,74902.2421875,5433,0.0,0.0
2023-07-14 00:00:00+09:00,75403.81435055866,75403.81435055866,74400.6593924581,74818.640625,4161,0.0,0.0
2023-07-18 00:00:00+09:00,74818.6393155436,74818.6393155436,73648.2918849094,73815.484375,3278,0.0,0.0
2023-07-19 00:00:00+09:00,74149.86186159706,74567.84304458239,73731.88067861173,74066.265625,3200,0.0,0.0
2023-07-20 00:00:00+09:00,73982.66479903199,75236.60827020202,73899.06856762065,74484.2421875,4779,0.0,0.0
2023-07-21 00:00:00+09:00,74985.82207689606,74985.82207689606,74066.26350070225,74400.6484375,3188,0.0,0.0
2023-07-24 00:00:00+09:00,74567.83841891133,74902.22334455668,74400.64595608866,74484.2421875,2991,0.0,0.0
2023-07-25 00:00:00+09:00,74735.04372890889,75153.02495781778,74317.0625,74317.0625,1910,0.0,0.0
2023-07-26 00:00:00+09:00,74567.84090589888,74651.43714009831,74066.26350070225,74400.6484375,2218,0.0,0.0
2023-07-27 00:00:00+09:00,74317.05717729448,74651.44213647241,74149.86469770552,74233.4609375,3376,0.0,0.0
2023-07-28 00:00:00+09:00,74149.87218396892,74233.46843220339,73063.1209569209,73982.6796875,6264,0.0,0.0
2023-07-31 00:00:00+09:00,74233.45809819414,74484.24680798533,73899.07315180587,74066.265625,5404,0.0,0.0
2023-08-01 00:00:00+09:00,74149.85577538396,74149.85577538396,72979.50855908703,73481.0859375,4460,0.0,0.0
2023-08-02 00:00:00+09:00,73397.5056335034,74149.87186437075,73313.90938562926,73731.890625,3632,0.0,0.0
2023-08-03 00:00:00+09:00,73731.88530434166,73982.67402986663,73564.69282065834,73648.2890625,2455,0.0,0.0
2023-08-04 00:00:00+09:00,73397.5056335034,73899.0831207483,73397.5056335034,73731.890625,2418,0.0,0.0
2023-08-07 00:00:00+09:00,74317.05717729448,74400.65341708896,73899.07597832207,74233.4609375,2054,0.0,0.0
2023-08-08 00:00:00+09:00,74066.26350070225,74567.84090589888,73982.6672665028,74400.6484375,2160,0.0,0.0
2023-08-09 00:00:00+09:00,74400.65874578178,74651.4474831271,73815.48502530933,74317.0625,2400,0.0,0.0
2023-08-10 00:00:00+09:00,74317.05220330055,74818.62960849718,74149.85973490168,74400.6484375,2211,0.0,0.0
2023-08-14 00:00:00+09:00,74317.05220330055,74651.43714009831,74066.26350070225,74400.6484375,2099,0.0,0.0
2023-08-15 00:00:00+09:00,74651.43465032267,74651.43465032267,73815.4723362093,74484.2421875,1651,0.0,0.0
2023-08-16 00:00:00+09:00,74400.64348024104,74651.43216612948,73899.06610846412,74567.8359375,1996,0.0,0.0
2023-08-17 00:00:00+09:00,74400.6484375,74567.84090589888,73982.6672665028,74400.6484375,1537,0.0,0.0
2023-08-18 00:00:00+09:00,74317.0625,74484.25499156356,74066.27376265467,74317.0625,1908,0.0,0.0
2023-08-21 00:00:00+09:00,74317.06468043785,74400.66092867231,73899.08343926554,73982.6796875,1790,0.0,0.0
2023-08-22 00:00:00+09:00,73815.48188277715,74233.4630938914,73731.8856405543,73899.078125,1681,0.0,0.0
2023-08-23 00:00:00+09:00,73815.4723362093,74484.2421875,73731.87610479798,74484.2421875,1438,0.0,0.0
2023-08-24 00:00:00+09:00,74484.25499156356,74484.25499156356,74233.46625421822,74317.0625,1044,0.0,0.0
2023-08-25 00:00:00+09:00,74317.05717729448,74484.24965688345,73982.67221811655,74233.4609375,1324,0.0,0.0
2023-08-28 00:00:00+09:00,74149.86186159706,74233.45809819414,73899.07315180587,74066.265625,1777,0.0,0.0
2023-08-29 00:00:00+09:00,74066.27440642458,74818.640625,73982.6781599162,74818.640625,2482,0.0,0.0
2023-08-30 00:00:00+09:00,74818.640625,74902.23687150839,74567.85188547487,74818.640625,2166,0.0,0.0
2023-08-31 00:00:00+09:00,74902.23687150839,75487.41059706704,74567.85188547487,74818.640625,7538,0.0,0.0
2023-09-01 00:00:00+09:00,75236.61469894562,75905.38460738069,74985.82598328247,75320.2109375,4692,0.0,0.0
2023-09-04 00:00:00+09:00,75570.99965316315,75654.59589171753,75069.42222183685,75320.2109375,5999,0.0,0.0
2023-09-05 00:00:00+09:00,75069.43064360529,76072.58561879824,74902.2381477398,75821.796875,8385,0.0,0.0
2023-09-06 00:00:00+09:00,75821.79339022524,75821.79339022524,75153.0234375,75153.0234375,4068,0.0,0.0
2023-09-07 00:00:00+09:00,75487.40127762432,75654.59375,75069.42009668509,75654.59375,2432,0.0,0.0
2023-09-08 00:00:00+09:00,76072.58561879824,76072.58561879824,75403.81563533627,75821.796875,4357,0.0,0.0
2023-09-11 00:00:00+09:00,75905.39436521253,75988.99061451342,74651.4506256991,74735.046875,2384,0.0,0.0
2023-09-12 00:00:00+09:00,74735.030881734,74735.030881734,73648.27987338664,74484.2421875,2714,0.0,0.0
2023-09-13 00:00:00+09:00,74651.44649325284,74902.23522727273,73564.6953125,73564.6953125,2366,0.0,0.0
2023-09-14 00:00:00+09:00,73648.2890625,74317.05899723325,73481.09657881668,73648.2890625,2425,0.0,0.0
2023-09-15 00:00:00+09:00,74233.46172591743,74233.46172591743,72394.34443090597,72895.921875,8215,0.0,0.0
2023-09-19 00:00:00+09:00,72979.51912776673,73648.2890625,72895.92288592509,73648.2890625,3276,0.0,0.0
2023-09-20 00:00:00+09:00,73731.88211686644,73731.88211686644,73146.70844927226,73230.3046875,1894,0.0,0.0
2023-09-21 00:00:00+09:00,73230.3046875,73564.68964041096,73146.70844927226,73230.3046875,2009,0.0,0.0
2023-09-22 00:00:00+09:00,73146.7048891129,73146.7048891129,72477.93501584101,72561.53125,2921,0.0,0.0
2023-09-25 00:00:00+09:00,72561.53125,73313.89735743088,72561.53125,72561.53125,2410,0.0,0.0
2023-09-26 00:00:00+09:00,72895.92469965675,73230.30967534325,72728.7322118135,73063.1171875,1892,0.0,0.0
2023-09-27 00:00:00+09:00,73146.70348982062,73648.28088517938,73063.10725726082,73397.4921875,2102,0.0,0.0
2023-09-28 00:00:00+09:00,73731.88141163794,73731.88141163794,72561.53408764368,72728.7265625,4143,0.0,0.0
2023-09-29 00:00:00+09:00,73146.7109375,73397.49966071428,72979.51845535715,73146.7109375,3107,0.0,0.0
2023-10-02 00:00:00+09:00,73397.49966071428,73731.88462499999,73146.7109375,73146.7109375,2484,0.0,0.0
2023-10-03 00:00:00+09:00,73146.70990906467,73313.9023888568,72394.34375,72394.34375,3115,0.0,0.0
2023-10-04 00:00:00+09:00,72310.7378268214,72728.71897032904,70806.00571019389,71140.390625,5303,0.0,0.0
2023-10-05 00:00:00+09:00,71391.17590317919,72645.11927384393,71391.17590317919,72310.734375,2944,0.0,0.0
2023-10-06 00:00:00+09:00,72394.34556897555,72561.53805296856,71809.171875,71809.171875,1897,0.0,0.0
2023-10-10 00:00:00+09:00,71809.16760380623,72812.3224480969,71809.16760380623,72477.9375,2554,0.0,0.0
2023-10-11 00:00:00+09:00,72561.53622979214,72895.92118937644,72394.34375,72394.34375,2452,0.0,0.0
2023-10-12 00:00:00+09:00,72477.94812643844,73063.12187140391,72394.35187715765,72645.140625,2391,0.0,0.0
2023-10-13 00:00:00+09:00,72561.53939437428,73063.11685562572,72310.75066374856,72812.328125,4982,0.0,0.0
2023-10-16 00:00:00+09:00,72728.72478070176,72895.91725146199,71391.18501461988,71474.78125,3019,0.0,0.0
2023-10-17 00:00:00+09:00,72310.74502595156,72645.12997404844,71725.57136678201,72477.9375,3168,0.0,0.0
2023-10-18 00:00:00+09:00,72895.91726054733,73313.8984375,72728.72478976625,73313.8984375,2523,0.0,0.0
2023-10-19 00:00:00+09:00,73230.29724829351,73815.47085644197,72895.91232935153,73481.0859375,3733,0.0,0.0
2023-10-20 00:00:00+09:00,73481.09555977638,73481.09555977638,72895.921875,72895.921875,2162,0.0,0.0
2023-10-23 00:00:00+09:00,73397.49862875289,73397.49862875289,72394.34375,72394.34375,2909,0.0,0.0
2023-10-24 00:00:00+09:00,72477.93501584101,73063.10865495392,72059.95384504608,72561.53125,3904,0.0,0.0
2023-10-25 00:00:00+09:00,72310.73872120307,73564.68216723549,72310.73872120307,73481.0859375,3360,0.0,0.0
2023-10-26 00:00:00+09:00,73564.68216723549,73648.27839697099,72812.31609961604,73481.0859375,4477,0.0,0.0
2023-10-27 00:00:00+09:00,73648.29155717329,74567.85024857955,73397.50282315341,73564.6953125,9802,0.0,0.0
2023-10-30 00:00:00+09:00,72806.64761709428,73149.26713529236,71693.13418295048,71778.7890625,4507,2115.0,0.0
2023-10-31 00:00:00+09:00,72207.07067137808,73063.6195524146,71864.45111896348,72721.0,4291,0.0,0.0
2023-11-01 00:00:00+09:00,72720.98712911281,73491.88098560517,72635.33225616922,72892.296875,4820,0.0,0.0
2023-11-02 00:00:00+09:00,73577.54924159357,73663.20413011697,73063.61991045321,73234.9296875,3325,0.0,0.0
2023-11-06 00:00:00+09:00,73406.22887968933,73920.15813672333,73063.609375,73063.609375,2886,0.0,0.0
2023-11-07 00:00:00+09:00,72806.65019690782,73406.234375,72207.06601881563,73406.234375,5136,0.0,0.0
2023-11-08 00:00:00+09:00,72977.95917159764,73320.57869822485,72378.375,72378.375,2618,0.0,0.0
2023-11-09 00:00:00+09:00,72635.34022781775,72720.99511016188,71350.51699265587,71436.171875,3133,0.0,0.0
2023-11-10 00:00:00+09:00,71350.51099881095,72121.40487514863,71350.51099881095,72035.75,3697,0.0,0.0
2023-11-13 00:00:00+09:00,72035.7532865084,72292.71792367789,71264.859375,71264.859375,2090,0.0,0.0
2023-11-14 00:00:00+09:00,71950.09375,72549.67786458333,71521.81938244047,71950.09375,3045,0.0,0.0
2023-11-15 00:00:00+09:00,72121.40939338235,72806.6484375,71864.44475183824,72806.6484375,3026,0.0,0.0
2023-11-16 00:00:00+09:00,72635.33551068883,72806.64526425178,72121.40625,72121.40625,1839,0.0,0.0
2023-11-17 00:00:00+09:00,72035.74724374255,72549.6764749702,71778.78262812873,71864.4375,2085,0.0,0.0
2023-11-20 00:00:00+09:00,71607.47698931117,72207.06112678148,71607.47698931117,72121.40625,2498,0.0,0.0
2023-11-21 00:00:00+09:00,72292.71506050767,72892.29919015644,72121.40530917946,72549.6796875,4202,0.0,0.0
2023-11-22 00:00:00+09:00,72464.02891544117,72806.6484375,72121.40939338235,72806.6484375,3008,0.0,0.0
2023-11-24 00:00:00+09:00,72549.68379595588,73063.61307904411,72464.02891544117,72806.6484375,4348,0.0,0.0
2023-11-27 00:00:00+09:00,72977.96502192982,73234.9296875,72464.03569078947,73234.9296875,3028,0.0,0.0
2023-11-28 00:00:00+09:00,72977.94759728774,72977.94759728774,72292.70865271226,72635.328125,3433,0.0,0.0
2023-11-29 00:00:00+09:00,72464.02851007109,72720.99315017772,71950.09922985782,72292.71875,3138,0.0,0.0
2023-11-30 00:00:00+09:00,72121.3989165684,72635.328125,71007.88563163325,72635.328125,12143,0.0,0.0
2023-12-01 00:00:00+09:00,72806.63877150058,72806.63877150058,72207.0546875,72207.0546875,3524,0.0,0.0
2023-12-04 00:00:00+09:00,72635.33273809524,72635.33273809524,71864.4388764881,71950.09375,2194,0.0,0.0
2023-12-05 00:00:00+09:00,72207.06112678148,72378.37088034442,71864.44161965558,72121.40625,2042,0.0,0.0
2023-12-06 00:00:00+09:00,72207.0546875,72378.36442578588,71950.09008007117,72207.0546875,2168,0.0,0.0
2023-12-07 00:00:00+09:00,72207.0569874851,72292.71185935638,71778.78262812873,71864.4375,1472,0.0,0.0
2023-12-08 00:00:00+09:00,71778.78864933894,71864.44352839544,71179.20449594352,71264.859375,3253,0.0,0.0
2023-12-11 00:00:00+09:00,71521.82305667562,71778.78769041218,71264.85842293907,71693.1328125,2332,0.0,0.0
2023-12-12 00:00:00+09:00,71778.7853745541,72121.40487514863,71607.47562425684,72035.75,2975,0.0,0.0
2023-12-13 00:00:00+09:00,71778.78034178528,72207.0546875,71607.4706034994,72207.0546875,1625,0.0,0.0
2023-12-14 00:00:00+09:00,72292.70955664293,72464.01929492882,71778.78034178528,72207.0546875,2476,0.0,0.0
2023-12-15 00:00:00+09:00,72464.0257571259,72464.0257571259,71950.09649643707,72121.40625,4563,0.0,0.0
2023-12-18 00:00:00+09:00,71607.4765625,72292.71557266747,71521.82168622906,71607.4765625,1949,0.0,0.0
2023-12-19 00:00:00+09:00,71607.47569023058,71693.13056545814,70065.68793613471,70579.6171875,4918,0.0,0.0
2023-12-20 00:00:00+09:00,70408.31153642685,71093.5505781439,69980.03713535369,70836.5859375,4617,0.0,0.0
2023-12-21 00:00:00+09:00,70408.30699877751,71093.54599633251,70065.6875,70065.6875,2826,0.0,0.0
2023-12-22 00:00:00+09:00,70322.65119038578,70665.27068461421,69980.03169615734,70493.9609375,3308,0.0,0.0
2023-12-25 00:00:00+09:00,70322.64749111558,70322.64749111558,69294.7890625,69294.7890625,2782,0.0,0.0
2023-12-26 00:00:00+09:00,69294.7895322086,69808.71875,68780.86031441718,69808.71875,3864,0.0,0.0
2023-12-27 00:00:00+09:00,70236.99724938875,70236.99724938875,69551.75825183374,70065.6875,4829,0.0,0.0
2023-12-28 00:00:00+09:00,70236.9976865898,70750.9269379551,69723.06843522452,70579.6171875,4675,0.0,0.0
2023-12-29 00:00:00+09:00,70236.9990530303,70922.23806818182,70236.9990530303,70665.2734375,2865,0.0,0.0
2024-01-04 00:00:00+09:00,71093.54179447853,71093.54179447853,69808.71875,69808.71875,2560,0.0,0.0
2024-01-05 00:00:00+09:00,70322.64526543675,71264.84879518072,70322.64526543675,71093.5390625,4368,0.0,0.0
2024-01-09 00:00:00+09:00,71093.54593937125,71693.1300617515,70922.23619011976,71521.8203125,2594,0.0,0.0
2024-01-10 00:00:00+09:00,71093.5390625,71436.15852786145,71007.88419615963,71093.5390625,2233,0.0,0.0
2024-01-11 00:00:00+09:00,71093.54961688702,71436.16913311298,70922.23985877403,71264.859375,2229,0.0,0.0
2024-01-12 00:00:00+09:00,71093.54411986715,71179.19899230072,70665.26975769928,70922.234375,2940,0.0,0.0
2024-01-15 00:00:00+09:00,71007.8910647455,71521.8203125,71007.8910647455,71521.8203125,284,0.0,0.0
2024-01-16 00:00:00+09:00,71007.88924743357,71693.12822690218,70922.234375,70922.234375,1945,0.0,0.0
2024-01-17 00:00:00+09:00,70922.23902439025,71179.20365853659,70237.0,70237.0,2562,0.0,0.0
2024-01-18 00:00:00+09:00,70493.96142818658,70579.6163023399,69551.7578125,69551.7578125,3560,0.0,0.0
2024-01-19 00:00:00+09:00,70065.69065904964,70750.9296875,69894.38090193705,70750.9296875,2754,0.0,0.0
2024-01-22 00:00:00+09:00,70750.92915546594,71693.1328125,70750.92915546594,71693.1328125,2991,0.0,0.0
2024-01-23 00:00:00+09:00,71521.82401216947,71693.13377028245,71264.859375,71264.859375,2839,0.0,0.0
2024-01-24 00:00:00+09:00,71350.50873716788,71693.12822690218,70922.234375,70922.234375,2401,0.0,0.0
2024-01-25 00:00:00+09:00,70836.59339791413,70922.2482871498,70322.6640625,70322.6640625,2899,0.0,0.0
2024-01-26 00:00:00+09:00,70750.93105728537,71093.5505781439,70750.93105728537,70836.5859375,2130,0.0,0.0
2024-01-29 00:00:00+09:00,71093.55098289315,71607.48026710685,70922.2412214886,71350.515625,2042,0.0,0.0
2024-01-30 00:00:00+09:00,71179.20722796764,71521.82675734413,71007.89746327938,71436.171875,2438,0.0,0.0
2024-01-31 00:00:00+09:00,71179.19899230072,71436.16360960146,70836.57950256643,70922.234375,4043,0.0,0.0
2024-02-01 00:00:00+09:00,70579.62284217015,70750.93260635018,69466.109375,69466.109375,5811,0.0,0.0
2024-02-02 00:00:00+09:00,69894.37912087912,70493.96325549451,69808.7242445055,70151.34375,2463,0.0,0.0
2024-02-05 00:00:00+09:00,70151.3433175738,70493.96282095634,69637.4140625,69637.4140625,2190,0.0,0.0
2024-02-06 00:00:00+09:00,69637.41175795594,70065.68612301101,69380.44713892289,69980.03125,2713,0.0,0.0
2024-02-07 00:00:00+09:00,69980.04516782408,70151.35494791667,69380.4609375,69380.4609375,2673,0.0,0.0
2024-02-08 00:00:00+09:00,69380.44716796876,69637.41178710938,68523.8984375,68523.8984375,5812,0.0,0.0
2024-02-09 00:00:00+09:00,68780.86028547931,69123.47976386278,68266.93106790414,68352.5859375,3962,0.0,0.0
2024-02-13 00:00:00+09:00,68523.9103362391,68866.5298879203,68266.9456724782,68780.875,2903,0.0,0.0
2024-02-14 00:00:00+09:00,68523.89659520808,68609.55146595208,67924.3125,67924.3125,3230,0.0,0.0
2024-02-15 00:00:00+09:00,68352.59012276786,68352.59012276786,67067.76700015944,67153.421875,3118,0.0,0.0
2024-02-16 00:00:00+09:00,67324.72979005791,67496.03953507078,66382.52619248713,66553.8359375,3567,0.0,0.0
2024-02-19 00:00:00+09:00,66553.83638649425,67067.765625,66211.21689415709,67067.765625,2712,0.0,0.0
2024-02-20 00:00:00+09:00,67581.69301702396,68009.96737074401,67324.72840479194,67924.3125,2411,0.0,0.0
2024-02-21 00:00:00+09:00,68352.58357882166,68352.58357882166,67153.41544585988,67239.0703125,3385,0.0,0.0
2024-02-22 00:00:00+09:00,66982.11622458704,67496.0455050826,66468.18694409149,67410.390625,2798,0.0,0.0
2024-02-26 00:00:00+09:00,67581.69438759446,68009.96875,67410.38464263224,68009.96875,2629,0.0,0.0
2024-02-27 00:00:00+09:00,68095.62224148802,68523.89659520808,67838.65762925599,67924.3125,3392,0.0,0.0
2024-02-28 00:00:00+09:00,68266.92920353982,68266.92920353982,67753.0,67753.0,2645,0.0,0.0
2024-02-29 00:00:00+09:00,67753.00599888393,67924.31574856504,67067.76700015944,67153.421875,4572,0.0,0.0
2024-03-01 00:00:00+09:00,67239.08045574583,67667.35485355313,66896.4609375,66896.4609375,2532,0.0,0.0
2024-03-04 00:00:00+09:00,66896.4609375,67496.04509443021,66725.15117837708,66896.4609375,3913,0.0,0.0
2024-03-05 00:00:00+09:00,67153.43478260869,67496.05434782608,66553.85054347826,66982.125,2493,0.0,0.0
2024-03-06 00:00:00+09:00,67067.76973998091,67753.00876669846,66810.80510496182,67324.734375,3907,0.0,0.0
2024-03-07 00:00:00+09:00,67410.37955311296,67752.99901716945,66468.17602695763,66725.140625,3550,0.0,0.0
2024-03-08 00:00:00+09:00,66211.21831201109,66468.18293676662,65697.2890625,65697.2890625,4721,0.0,0.0
2024-03-11 00:00:00+09:00,65954.25549095607,66468.18475452196,65868.60061369509,66296.875,2038,0.0,0.0
2024-03-12 00:00:00+09:00,66125.56020457475,66639.48942896262,65525.97610945554,66468.1796875,2640,0.0,0.0
2024-03-13 00:00:00+09:00,66810.8014896373,66810.8014896373,65782.94300518135,66125.5625,2493,0.0,0.0
2024-03-14 00:00:00+09:00,66382.51978229434,66725.13923923521,65868.59059688303,66639.484375,2022,0.0,0.0
2024-03-15 00:00:00+09:00,66896.45587883142,68181.27897509579,66725.14613266283,67067.765625,5121,0.0,0.0
2024-03-18 00:00:00+09:00,67496.0455050826,67496.0455050826,66639.49670425667,67410.390625,3669,0.0,0.0
2024-03-19 00:00:00+09:00,67324.72389981273,69294.78579509987,67324.72389981273,68609.546875,4457,0.0,0.0
2024-03-21 00:00:00+09:00,69294.79961081997,69637.41913918003,68695.21543618989,69466.109375,2679,0.0,0.0
2024-03-22 00:00:00+09:00,69808.72331045206,70922.2366884102,69551.75868476942,70579.6171875,3508,0.0,0.0
2024-03-25 00:00:00+09:00,70836.58319128788,70836.58319128788,70322.65392992424,70665.2734375,2219,0.0,0.0
2024-03-26 00:00:00+09:00,70922.23763736265,70922.23763736265,70065.68887362638,70151.34375,2604,0.0,0.0
2024-03-27 00:00:00+09:00,70665.27300824175,70750.92788461539,69894.37912087912,70151.34375,3527,0.0,0.0
2024-03-28 00:00:00+09:00,70151.35428402862,70408.31895173568,69551.7700593788,70322.6640625,4195,0.0,0.0
2024-03-29 00:00:00+09:00,70493.96142818658,70493.96142818658,69380.44806419335,69551.7578125,3048,0.0,0.0
2024-04-01 00:00:00+09:00,69551.77071759259,69980.04516782408,69123.49626736112,69380.4609375,2830,0.0,0.0
2024-04-02 00:00:00+09:00,69380.44066011236,69380.44066011236,68352.58227996255,68609.546875,4455,0.0,0.0
2024-04-03 00:00:00+09:00,68523.90723270441,68695.21700078617,67753.01327633648,68095.6328125,4243,0.0,0.0
2024-04-04 00:00:00+09:00,68609.55331054688,68780.86305664062,68266.93381835938,68523.8984375,2833,0.0,0.0
2024-04-05 00:00:00+09:00,68352.59746462264,68609.56211674529,67924.32304441824,68095.6328125,4882,0.0,0.0
2024-04-08 00:00:00+09:00,68266.94736689815,69380.4609375,68266.94736689815,69380.4609375,3659,0.0,0.0
2024-04-09 00:00:00+09:00,69380.45449291,70151.3484317201,69294.79961081997,69466.109375,3425,0.0,0.0
2024-04-10 00:00:00+09:00,70065.68288396168,70151.33775301298,69209.1341934487,69294.7890625,3914,0.0,0.0
2024-04-11 00:00:00+09:00,69209.13968327183,69637.4140625,68866.5201798893,69637.4140625,4677,0.0,0.0
2024-04-12 00:00:00+09:00,69894.38338509317,69894.38338509317,68523.9052795031,68952.1796875,4267,0.0,0.0
2024-04-15 00:00:00+09:00,68609.55976220276,68866.52440550689,68352.59511889862,68438.25,3359,0.0,0.0
2024-04-16 00:00:00+09:00,68438.25,69466.10857321652,68438.25,68438.25,4433,0.0,0.0
2024-04-17 00:00:00+09:00,68695.21504270186,69209.14433229814,68438.25039790373,68952.1796875,4404,0.0,0.0
2024-04-18 00:00:00+09:00,69123.484375,69637.41362685873,68866.51974907063,69123.484375,2429,0.0,0.0
2024-04-19 00:00:00+09:00,69123.49626736112,69380.4609375,68609.56692708333,69380.4609375,3196,0.0,0.0
2024-04-22 00:00:00+09:00,69637.41268665332,70065.68705741996,69466.10293834668,69551.7578125,3100,0.0,0.0
2024-04-23 00:00:00+09:00,69723.07305070465,70493.9669787837,69637.41816980699,69894.3828125,4151,0.0,0.0
2024-04-24 00:00:00+09:00,70493.96796008015,70493.96796008015,69466.109375,69466.109375,4158,0.0,0.0
2024-04-25 00:00:00+09:00,69466.10293834668,70065.68705741996,69209.1383158867,69551.7578125,6497,0.0,0.0
2024-04-26 00:00:00+09:00,69110.67952987074,69903.03126970366,68846.56228325977,69814.9921875,5351,2199.0,0.0
2024-04-30 00:00:00+09:00,70519.30453298826,71223.6171875,70431.26545117429,71223.6171875,8944,0.0,0.0
2024-05-01 00:00:00+09:00,71663.81242359414,72104.00783160147,71399.69517878973,72015.96875,5166,0.0,0.0
2024-05-02 00:00:00+09:00,72280.09363636364,73424.60181818182,72104.01545454546,72632.25,11963,0.0,0.0
2024-05-07 00:00:00+09:00,73072.4374437275,73512.63285001501,72808.32019995498,73336.5546875,5998,0.0,0.0
2024-05-08 00:00:00+09:00,73952.83588182897,74481.07042384204,73512.64043015143,74128.9140625,6103,0.0,0.0
2024-05-09 00:00:00+09:00,74393.02334558823,74833.21875,74216.94518382353,74833.21875,5963,0.0,0.0
2024-05-10 00:00:00+09:00,75097.33617931548,75185.37526041667,73160.47639508928,73952.828125,8311,0.0,0.0
2024-05-13 00:00:00+09:00,74569.10154407429,74745.17970592571,73952.82797759434,74657.140625,5006,0.0,0.0
2024-05-14 00:00:00+09:00,74481.06261160714,74481.06261160714,73688.71088169643,73952.828125,2553,0.0,0.0
2024-05-15 00:00:00+09:00,73776.75767348755,74304.9922153025,73336.5622219751,74216.953125,3498,0.0,0.0
2024-05-16 00:00:00+09:00,73952.82816229117,73952.82816229117,73160.4764319809,73776.75,4805,0.0,0.0
2024-05-17 00:00:00+09:00,73776.75770115796,74304.99224317101,73600.67952048693,74128.9140625,3703,0.0,0.0
2024-05-20 00:00:00+09:00,74128.90630587008,74128.90630587008,73160.47641351311,73864.7890625,4178,0.0,0.0
2024-05-21 00:00:00+09:00,73688.7109375,73776.75001866787,73248.5155316607,73688.7109375,3966,0.0,0.0
2024-05-22 00:00:00+09:00,73776.75001866787,74040.86726217145,73336.55461282855,73688.7109375,3659,0.0,0.0
2024-05-23 00:00:00+09:00,73952.828125,74216.94536830357,73688.71088169643,73952.828125,2891,0.0,0.0
2024-05-24 00:00:00+09:00,73952.82821856288,73952.82821856288,73248.51556886228,73512.6328125,4009,0.0,0.0
2024-05-27 00:00:00+09:00,73600.67985692772,73600.67985692772,72720.2889495482,73072.4453125,3454,0.0,0.0
2024-05-28 00:00:00+09:00,72896.359356152,73336.55476289205,72456.16394941194,72984.3984375,3100,0.0,0.0
2024-05-29 00:00:00+09:00,73072.43753774154,73336.55478185386,72544.2030495169,72896.359375,4862,0.0,0.0
2024-05-30 00:00:00+09:00,72896.36727272728,73248.52363636364,72192.05454545455,72632.25,6775,0.0,0.0
2024-05-31 00:00:00+09:00,72456.17196074696,72544.21105182928,71927.93741425306,72192.0546875,8490,0.0,0.0
2024-06-03 00:00:00+09:00,72544.2032396088,72544.2032396088,72015.96875,72015.96875,3575,0.0,0.0
2024-06-04 00:00:00+09:00,72015.97661994485,72368.13298483456,71575.78116383273,71839.8984375,4179,0.0,0.0
2024-06-05 00:00:00+09:00,71575.781221207,72456.17213413697,71575.781221207,71663.8203125,3855,0.0,0.0
2024-06-06 00:00:00+09:00,71927.93744276557,72104.015625,71311.66380494506,72104.015625,3254,0.0,0.0
2024-06-07 00:00:00+09:00,72015.96892382571,72104.00800563967,71223.6171875,71223.6171875,2615,0.0,0.0
2024-06-10 00:00:00+09:00,71487.73427937577,71927.9296875,71311.65611612608,71927.9296875,2391,0.0,0.0
2024-06-11 00:00:00+09:00,72192.04702894088,72192.04702894088,71487.734375,71487.734375,2069,0.0,0.0
2024-06-12 00:00:00+09:00,71487.74230352722,71663.82048654085,71135.5859375,71135.5859375,2449,0.0,0.0
2024-06-13 00:00:00+09:00,71223.62511645962,71223.62511645962,70783.4296583851,70871.46875,2849,0.0,0.0
2024-06-14 00:00:00+09:00,71047.53121146733,71751.84378853267,70871.45306720099,71399.6875,3350,0.0,0.0
2024-06-17 00:00:00+09:00,72015.9688460947,72015.9688460947,71135.5780289053,71575.7734375,4457,0.0,0.0
2024-06-18 00:00:00+09:00,71751.85957804765,71751.85957804765,70783.42957147278,71135.5859375,2660,0.0,0.0
2024-06-19 00:00:00+09:00,70871.46080280172,71575.77345674261,70607.34355757388,71487.734375,2011,0.0,0.0
2024-06-20 00:00:00+09:00,71487.73435578105,72104.00792781365,71223.61711062424,71575.7734375,2396,0.0,0.0
2024-06-21 00:00:00+09:00,71575.77345674261,71839.89070197045,71311.65621151478,71487.734375,2932,0.0,0.0
2024-06-24 00:00:00+09:00,71751.8515051956,72015.96875,71487.7342603912,72015.96875,2362,0.0,0.0
2024-06-25 00:00:00+09:00,72192.05454545455,73072.44545454545,72104.01545454546,72632.25,5829,0.0,0.0
2024-06-26 00:00:00+09:00,72896.3669632177,73600.6796875,72808.32787268242,73600.6796875,3676,0.0,0.0
2024-06-27 00:00:00+09:00,73776.7580099278,73776.7580099278,72808.32801218412,73160.484375,3436,0.0,0.0
2024-06-28 00:00:00+09:00,73424.59390133173,73424.59390133173,72368.12492433414,72720.28125,4241,0.0,0.0
2024-07-01 00:00:00+09:00,73072.4377292176,73072.4377292176,72015.96875,72015.96875,3733,0.0,0.0
2024-07-02 00:00:00+09:00,72544.21116727941,72544.21116727941,71575.78116383273,71839.8984375,3545,0.0,0.0
2024-07-03 00:00:00+09:00,71839.89058679708,72104.00783160147,71487.7342603912,72015.96875,3631,0.0,0.0
2024-07-04 00:00:00+09:00,72015.96089948298,72544.19533150853,71927.92182747871,72368.1171875,1613,0.0,0.0
2024-07-05 00:00:00+09:00,72544.21122542997,72544.21122542997,71487.742129914,71663.8203125,4392,0.0,0.0
2024-07-08 00:00:00+09:00,71751.85934627758,72104.01571116727,71487.74207261029,71839.8984375,5045,0.0,0.0
2024-07-09 00:00:00+09:00,71927.9296875,72104.0078507497,71399.69519775092,71927.9296875,3595,0.0,0.0
2024-07-10 00:00:00+09:00,72104.015625,72280.09380723443,71751.85926053114,72104.015625,3078,0.0,0.0
2024-07-11 00:00:00+09:00,72280.08601399939,72368.12509562424,71927.9296875,71927.9296875,3387,0.0,0.0
2024-07-12 00:00:00+09:00,71927.92951725182,72896.35941283293,71927.92951725182,72720.28125,4755,0.0,0.0
2024-07-16 00:00:00+09:00,73072.43753774154,73336.55478185386,72632.24213088768,72896.359375,3401,0.0,0.0
2024-07-17 00:00:00+09:00,73072.43740643712,73776.75005613772,72984.39832522455,73512.6328125,4183,0.0,0.0
2024-07-18 00:00:00+09:00,73688.71097492515,74128.90638098803,73336.55465007486,73512.6328125,4720,0.0,0.0
2024-07-19 00:00:00+09:00,73512.64076618975,73600.67985692772,72720.2889495482,73072.4453125,2983,0.0,0.0
2024-07-22 00:00:00+09:00,73072.42976353406,73072.42976353406,72103.99997148722,72368.1171875,3500,0.0,0.0
2024-07-23 00:00:00+09:00,72368.1171875,72720.27347551704,71927.92182747871,72368.1171875,3452,0.0,0.0
2024-07-24 00:00:00+09:00,72280.09363636364,72808.32818181819,72104.01545454546,72632.25,3288,0.0,0.0
2024-07-25 00:00:00+09:00,73072.44559832317,73072.44559832317,71927.93741425306,72192.0546875,3389,0.0,0.0
2024-07-26 00:00:00+09:00,72632.25,72808.32818181819,72104.01545454546,72632.25,2867,0.0,0.0
2024-07-29 00:00:00+09:00,72808.32801218412,73336.56255640795,72632.24983077617,73160.484375,4475,0.0,0.0
2024-07-30 00:00:00+09:00,73336.55503259202,73512.63319593559,71751.8515625,71751.8515625,30357,0.0,0.0
2024-07-31 00:00:00+09:00,71839.89021479714,73952.82816229117,71839.89021479714,73776.75,7006,0.0,0.0
2024-08-01 00:00:00+09:00,73512.63304032503,73688.71120329587,72368.12498101458,72456.1640625,4843,0.0,0.0
2024-08-02 00:00:00+09:00,72368.12517297048,72368.12517297048,70607.34353859164,71575.7734375,8029,0.0,0.0
2024-08-05 00:00:00+09:00,70431.26636125654,70695.38361011125,66909.70304319372,67261.859375,9965,0.0,0.0
2024-08-06 00:00:00+09:00,68582.4450366488,71839.89107818411,68230.28870783417,69814.9921875,6940,0.0,0.0
2024-08-07 00:00:00+09:00,69110.68691770187,72192.0551242236,68846.56964285714,70871.46875,5574,0.0,0.0
2024-08-08 00:00:00+09:00,70783.42172105912,72368.1251924261,70783.42172105912,71487.734375,3183,0.0,0.0
2024-08-09 00:00:00+09:00,71487.7344329419,72104.00800563967,70695.38269661619,71223.6171875,5059,0.0,0.0
2024-08-13 00:00:00+09:00,71575.77345674261,72015.96886545567,71311.65621151478,71487.734375,3034,0.0,0.0
2024-08-14 00:00:00+09:00,72192.04674274486,72808.3203125,71575.77317298972,72808.3203125,3703,0.0,0.0
2024-08-15 00:00:00+09:00,72192.05423893541,73688.71877803528,71839.89787679426,73600.6796875,3496,0.0,0.0
2024-08-16 00:00:00+09:00,73160.48423482357,73952.83604964115,72984.40605375299,73600.6796875,3824,0.0,0.0
2024-08-19 00:00:00+09:00,73776.75007494005,74216.94548111511,73248.51558752998,73424.59375,3574,0.0,0.0
2024-08-20 00:00:00+09:00,73512.6326458827,74393.02345601303,73424.59356486966,74304.984375,3542,0.0,0.0
2024-08-21 00:00:00+09:00,73952.82825630253,74040.86733756003,73336.5546875,73336.5546875,1531,0.0,0.0
2024-08-22 00:00:00+09:00,73600.67181912992,74128.90630587008,73160.47641351311,73864.7890625,1722,0.0,0.0
2024-08-23 00:00:00+09:00,73776.74996279762,74216.94536830357,73776.74996279762,73952.828125,1790,0.0,0.0
2024-08-26 00:00:00+09:00,73952.83604964115,74216.95332124701,73512.64059696472,73600.6796875,3231,0.0,0.0
2024-08-27 00:00:00+09:00,73600.67158157277,75009.296875,73600.67158157277,75009.296875,2823,0.0,0.0
2024-08-28 00:00:00+09:00,75273.42190244437,75625.5782622219,74921.26554266686,75185.3828125,4652,0.0,0.0
2024-08-29 00:00:00+09:00,75449.50016524678,75713.61743537015,74745.18744491774,74921.265625,3570,0.0,0.0
2024-08-30 00:00:00+09:00,74481.06238996479,75449.49227919601,74481.06238996479,75009.296875,7011,0.0,0.0
2024-09-02 00:00:00+09:00,75009.2969117647,75625.57047794118,74745.17966911764,74833.21875,3892,0.0,0.0
2024-09-03 00:00:00+09:00,74833.21875,75097.33599264706,74481.06242647058,74833.21875,1826,0.0,0.0
2024-09-04 00:00:00+09:00,74393.02364358514,74657.14088729017,73336.55466876499,73424.59375,5405,0.0,0.0
2024-09-05 00:00:00+09:00,73424.59390133173,73952.82838983051,72720.28125,72720.28125,3933,0.0,0.0
2024-09-06 00:00:00+09:00,72720.28121225844,73424.59386322464,72456.16396814614,72896.359375,3039,0.0,0.0
2024-09-09 00:00:00+09:00,72280.09377858232,72720.28923399391,72015.97650533538,72192.0546875,2707,0.0,0.0
2024-09-10 00:00:00+09:00,72280.0934679603,73512.64073781589,72280.0934679603,73160.484375,3715,0.0,0.0
2024-09-11 00:00:00+09:00,73512.64102466505,73512.64102466505,72015.9764768575,72280.09375,4751,0.0,0.0
2024-09-12 00:00:00+09:00,72456.16396814614,73336.55478185386,72456.16396814614,72896.359375,2959,0.0,0.0
2024-09-13 00:00:00+09:00,73512.63277516428,73688.7109375,72984.39828815711,73688.7109375,4334,0.0,0.0
2024-09-17 00:00:00+09:00,73512.64073781589,73864.79710063177,72720.28892148015,73160.484375,3024,0.0,0.0
2024-09-18 00:00:00+09:00,72720.28889347956,73424.60161884014,72720.28889347956,73248.5234375,2826,0.0,0.0
2024-09-19 00:00:00+09:00,72984.39845637076,73424.59386322464,72720.28121225844,72896.359375,4053,0.0,0.0
2024-09-20 00:00:00+09:00,72808.32036938713,73600.67210254855,72544.203125,72544.203125,18723,0.0,0.0
2024-09-24 00:00:00+09:00,73424.5937687575,73688.71101253001,72984.39836246999,73336.5546875,3390,0.0,0.0
2024-09-25 00:00:00+09:00,73512.6328125,73864.78913735031,73072.43740643712,73512.6328125,2834,0.0,0.0
2024-09-26 00:00:00+09:00,73600.67943786983,74481.07034023669,73512.64034763313,74393.03125,3288,0.0,0.0
2024-09-27 00:00:00+09:00,74481.0625,74833.21882387706,74128.90617612292,74481.0625,4021,0.0,0.0
2024-09-30 00:00:00+09:00,73864.78917504502,74040.86733756003,72984.39836246999,73336.5546875,6852,0.0,0.0
2024-10-01 00:00:00+09:00,73336.55476289205,73336.55476289205,72720.28119345597,72984.3984375,3131,0.0,0.0
2024-10-02 00:00:00+09:00,73072.43755668077,73160.47663807437,72632.24214971281,72808.3203125,3547,0.0,0.0
2024-10-03 00:00:00+09:00,73160.476524985,73688.71101253001,73160.476524985,73336.5546875,3908,0.0,0.0
2024-10-04 00:00:00+09:00,73688.71101253001,73776.75009378752,73336.5546875,73336.5546875,2979,0.0,0.0
2024-10-07 00:00:00+09:00,74304.98467693236,74304.98467693236,72896.359375,72896.359375,5082,0.0,0.0
2024-10-08 00:00:00+09:00,73336.55481991525,73336.55481991525,72632.24216858354,72720.28125,2642,0.0,0.0
2024-10-09 00:00:00+09:00,72808.32033141647,72984.3984942494,72720.28125,72720.28125,2157,0.0,0.0
2024-10-10 00:00:00+09:00,72720.28920523752,72808.32829628502,72192.0546589525,72280.09375,3305,0.0,0.0
2024-10-11 00:00:00+09:00,72280.07811549575,72544.19533150853,72280.07811549575,72368.1171875,2204,0.0,0.0
2024-10-15 00:00:00+09:00,72720.28926282052,72720.28926282052,72015.97653388279,72104.015625,5889,0.0,0.0
2024-10-16 00:00:00+09:00,72104.01576896498,72280.09395155098,71575.781221207,71663.8203125,4712,0.0,0.0
2024-10-17 00:00:00+09:00,71663.81244262547,72280.08601399939,71663.81244262547,71927.9296875,3297,0.0,0.0
2024-10-18 00:00:00+09:00,72280.08599480441,72368.12507640586,71751.8515051956,72015.96875,3913,0.0,0.0
2024-10-21 00:00:00+09:00,72104.01576896498,72104.01576896498,71575.781221207,71663.8203125,4901,0.0,0.0
2024-10-22 00:00:00+09:00,71575.77351475587,71927.92984201174,71135.57810568603,71223.6171875,7916,0.0,0.0
2024-10-23 00:00:00+09:00,71135.57804802955,71575.77345674261,70959.49988454433,71487.734375,4587,0.0,0.0
2024-10-24 00:00:00+09:00,71311.66412051361,71575.78139503404,71135.5859375,71135.5859375,3159,0.0,0.0
2024-10-25 00:00:00+09:00,71135.57810568603,71311.65626931396,70783.42177843016,71223.6171875,4815,0.0,0.0
2024-10-28 00:00:00+09:00,70959.49988454433,71751.85162022783,70607.34355757388,71487.734375,6936,0.0,0.0
2024-10-29 00:00:00+09:00,71575.76564426634,71751.84378853267,71399.6875,71399.6875,8255,0.0,0.0
2024-10-30 00:00:00+09:00,70754.98659855769,71574.54242788462,70481.80132211538,71028.171875,12360,2692.0,0.0
2024-10-31 00:00:00+09:00,71028.16556106138,71301.35081321931,70572.85680746484,71210.2890625,8951,0.0,0.0
2024-11-01 00:00:00+09:00,71028.16964285714,71301.35491071429,70754.984375,70754.984375,5229,0.0,0.0
2024-11-05 00:00:00+09:00,70754.98030890345,71210.2890625,70208.6098045876,71210.2890625,7188,0.0,0.0
2024-11-06 00:00:00+09:00,70846.0395278834,72303.02748732573,70846.0395278834,71847.71875,6543,0.0,0.0
2024-11-07 00:00:00+09:00,72120.900955414,72120.900955414,71210.28351910827,71483.46875,4571,0.0,0.0
2024-11-08 00:00:00+09:00,71665.60452552148,72120.91332174462,71301.35748854298,72029.8515625,4837,0.0,0.0
2024-11-11 00:00:00+09:00,72029.84783516222,72029.84783516222,71301.35379890268,71574.5390625,3366,0.0,0.0
2024-11-12 00:00:00+09:00,71574.53681752873,71847.72207255747,71301.3515625,71301.3515625,1836,0.0,0.0
2024-11-13 00:00:00+09:00,71119.21875,71210.28048975673,70663.91005121639,71119.21875,3506,0.0,0.0
2024-11-14 00:00:00+09:00,71119.23139880953,71210.29315476191,70390.73735119047,70754.984375,3406,0.0,0.0
2024-11-15 00:00:00+09:00,70846.04205962276,71301.35081321931,70481.79505674553,71210.2890625,3745,0.0,0.0
2024-11-18 00:00:00+09:00,71210.29022355164,72576.21650661208,71119.2284713476,72303.03125,5521,0.0,0.0
2024-11-19 00:00:00+09:00,71938.78424118388,72758.34001102015,71938.78424118388,72303.03125,3404,0.0,0.0
2024-11-20 00:00:00+09:00,72120.9099749059,72667.28050501882,72029.84821988708,72576.21875,2754,0.0,0.0
2024-11-21 00:00:00+09:00,72303.03684023388,72394.0985994785,72029.8515625,72029.8515625,1801,0.0,0.0
2024-11-22 00:00:00+09:00,72485.15699498118,72576.21875,71938.78646486826,72576.21875,1696,0.0,0.0
2024-11-25 00:00:00+09:00,72576.2202362328,72940.4672637672,72303.03496558197,72758.34375,4477,0.0,0.0
2024-11-26 00:00:00+09:00,72485.1514453125,72849.3984375,72029.84270507813,72849.3984375,2272,0.0,0.0
2024-11-27 00:00:00+09:00,72758.34076257862,72758.34076257862,71938.78498427673,72394.09375,2296,0.0,0.0
2024-11-28 00:00:00+09:00,72394.09300220403,72576.21650661208,72029.8459933879,72303.03125,1779,0.0,0.0
2024-11-29 00:00:00+09:00,72394.0985994785,72576.22211796776,72029.8515625,72029.8515625,2585,0.0,0.0
2024-12-02 00:00:00+09:00,72029.84073221093,72303.02596886913,71574.53200444728,71665.59375,2654,0.0,0.0
2024-12-03 00:00:00+09:00,71665.60452552148,72029.8515625,71483.48100703223,72029.8515625,2370,0.0,0.0
2024-12-04 00:00:00+09:00,71847.71572452229,72120.900955414,71119.22177547771,71483.46875,2387,0.0,0.0
2024-12-05 00:00:00+09:00,71483.47431465793,71574.53606537724,71119.22731178069,71210.2890625,1851,0.0,0.0
2024-12-06 00:00:00+09:00,71483.46875,71847.71572452229,71119.22177547771,71483.46875,2065,0.0,0.0
2024-12-09 00:00:00+09:00,71301.35491071429,71301.35491071429,70299.67559523809,70754.984375,4233,0.0,0.0
2024-12-10 00:00:00+09:00,70299.67336886305,70572.85862806847,70299.67336886305,70481.796875,2711,0.0,0.0
2024-12-11 00:00:00+09:00,70481.79836501289,70754.98362999356,70117.55134503866,70663.921875,3011,0.0,0.0
2024-12-12 00:00:00+09:00,70390.73922098505,70663.92449609883,69935.43042912874,70026.4921875,3201,0.0,0.0
2024-12-13 00:00:00+09:00,70026.48662159975,70299.671875,69844.3631193329,70299.671875,4053,0.0,0.0
2024-12-16 00:00:00+09:00,69935.43042912874,70026.4921875,69571.18339564369,70026.4921875,2987,0.0,0.0
2024-12-17 00:00:00+09:00,69844.3631193329,70572.85712840025,69571.17786593264,70299.671875,4482,0.0,0.0
2024-12-18 00:00:00+09:00,70390.73922098505,71119.23328795514,70026.4921875,70026.4921875,4994,0.0,0.0
2024-12-19 00:00:00+09:00,70026.48885080646,70846.04463709678,70026.48885080646,70572.859375,3537,0.0,0.0
2024-12-20 00:00:00+09:00,70754.98030890345,71665.59781609655,70663.91855818414,71210.2890625,6277,0.0,0.0
2024-12-23 00:00:00+09:00,71119.23397005373,72029.8515625,71119.23397005373,72029.8515625,3587,0.0,0.0
2024-12-24 00:00:00+09:00,71847.72323113207,72576.21725628931,71756.66147798742,72394.09375,2602,0.0,0.0
2024-12-25 00:00:00+09:00,72394.09523996236,72758.34226003764,72211.97172992471,72576.21875,1675,0.0,0.0
2024-12-26 00:00:00+09:00,72576.21364442047,73851.078125,72485.15189580765,73851.078125,4855,0.0,0.0
2024-12-27 00:00:00+09:00,73851.08445032447,74033.20796314895,73122.59039902658,73668.9609375,2920,0.0,0.0
2024-12-30 00:00:00+09:00,73668.96131883604,73851.08483260326,72758.34375,72758.34375,3571,0.0,0.0
2025-01-06 00:00:00+09:00,73668.95612315497,74124.26487546125,73486.83262223247,74033.203125,3841,0.0,0.0
2025-01-07 00:00:00+09:00,73760.02607409714,73851.08783468245,73031.5319894147,73122.59375,3564,0.0,0.0
2025-01-08 00:00:00+09:00,73122.5821683114,73395.76740679824,72576.21169133771,72667.2734375,2678,0.0,0.0
2025-01-09 00:00:00+09:00,72758.33668945312,73122.58368164062,72394.08969726562,72849.3984375,2131,0.0,0.0
2025-01-10 00:00:00+09:00,72849.39692982456,73122.5821683114,72485.14994517544,72667.2734375,2401,0.0,0.0
2025-01-14 00:00:00+09:00,72849.40176322417,73213.6487720403,72303.03125,72303.03125,2708,0.0,0.0
2025-01-15 00:00:00+09:00,72849.39918851435,73122.58443547129,72303.02869460049,72940.4609375,2781,0.0,0.0
2025-01-16 00:00:00+09:00,73031.5290206508,73486.83780506883,72758.34375,72758.34375,1817,0.0,0.0
2025-01-17 00:00:00+09:00,72758.3381877338,73304.7086872662,72667.27643781171,73031.5234375,2716,0.0,0.0
2025-01-20 00:00:00+09:00,72940.4646692773,73577.89694478908,72940.4646692773,73395.7734375,2691,0.0,0.0
2025-01-21 00:00:00+09:00,73760.02045207817,73942.14395936724,73395.7734375,73395.7734375,1812,0.0,0.0
2025-01-22 00:00:00+09:00,73942.13760829208,74124.26109993811,73486.82887917697,73577.890625,3033,0.0,0.0
2025-01-23 00:00:00+09:00,73213.64364170792,74033.1993541151,73213.64364170792,73577.890625,3101,0.0,0.0
2025-01-24 00:00:00+09:00,73851.07783000913,75308.06580199453,73760.01608176006,74761.6953125,4746,0.0,0.0
2025-01-27 00:00:00+09:00,75034.87924107142,76491.8671875,75034.87924107142,76491.8671875,4160,0.0,0.0
2025-01-28 00:00:00+09:00,76127.62614239387,77857.79946381191,76127.62614239387,77220.3671875,6346,0.0,0.0
2025-01-29 00:00:00+09:00,76947.17743282364,77766.73316879454,76400.80694217636,76673.9921875,4291,0.0,0.0
2025-01-30 00:00:00+09:00,76673.99400479617,76673.99400479617,75581.25299760191,75945.5,3516,0.0,0.0
2025-01-31 00:00:00+09:00,75581.24924607962,75854.43448431845,75217.00226176115,75490.1875,3573,0.0,0.0
2025-02-03 00:00:00+09:00,76036.56358769673,76127.62534049636,75125.94605970036,75217.0078125,3599,0.0,0.0
2025-02-04 00:00:00+09:00,75581.25448564593,76218.68675239234,75490.19273325359,76127.625,2475,0.0,0.0
2025-02-05 00:00:00+09:00,76400.8110065711,76673.99626642773,76127.62574671446,76218.6875,3132,0.0,0.0
2025-02-06 00:00:00+09:00,76491.87200956937,76947.1807715311,76127.625,76127.625,2577,0.0,0.0
2025-02-07 00:00:00+09:00,75763.375,76309.74549278847,75490.18975360577,75763.375,2758,0.0,0.0
2025-02-10 00:00:00+09:00,75763.37983091788,75854.44158552235,75125.9475486866,75399.1328125,3083,0.0,0.0
2025-02-12 00:00:00+09:00,75763.37649880096,76218.68525179857,75672.31474820145,75945.5,3351,0.0,0.0
2025-02-13 00:00:00+09:00,76127.62274909964,76309.7462484994,75854.4375,75854.4375,2098,0.0,0.0
2025-02-14 00:00:00+09:00,76127.62274909964,76491.86974789917,75672.31400060025,75854.4375,2440,0.0,0.0
2025-02-17 00:00:00+09:00,75672.31325120192,75945.49849759616,75490.18975360577,75763.375,2568,0.0,0.0
2025-02-18 00:00:00+09:00,75672.31474820145,76127.62350119904,75581.25299760191,75945.5,1817,0.0,0.0
2025-02-19 00:00:00+09:00,75945.500748503,76400.80950598801,75945.500748503,76036.5625,2175,0.0,0.0
2025-02-20 00:00:00+09:00,76309.7462484994,76309.7462484994,75581.25225090036,75854.4375,1593,0.0,0.0
2025-02-21 00:00:00+09:00,75763.37983091788,75945.50334012682,75399.1328125,75399.1328125,2304,0.0,0.0
2025-02-25 00:00:00+09:00,75399.1265060241,75854.43524096385,75308.06475903615,75581.25,2210,0.0,0.0
2025-02-26 00:00:00+09:00,76400.80393235383,76582.92742206146,75672.30997352327,76309.7421875,3686,0.0,0.0
2025-02-27 00:00:00+09:00,76400.81066447757,77129.3046875,76218.68715872196,77129.3046875,2257,0.0,0.0
2025-02-28 00:00:00+09:00,76765.05454493614,77129.30154159063,74852.7578125,74852.7578125,6949,0.0,0.0
2025-03-03 00:00:00+09:00,75763.37908101571,76491.87311064087,75034.88505139056,75308.0703125,2276,0.0,0.0
2025-03-04 00:00:00+09:00,75125.94413053505,75399.12938191881,74033.203125,74033.203125,4084,0.0,0.0
2025-03-05 00:00:00+09:00,74488.52048141892,74670.64400337839,73942.14991554055,74124.2734375,1599,0.0,0.0
2025-03-06 00:00:00+09:00,74033.20536534926,74579.57588465074,74033.20536534926,74306.390625,1905,0.0,0.0
2025-03-07 00:00:00+09:00,74306.39323238566,74579.57850162237,73577.89918108776,73668.9609375,2511,0.0,0.0
2025-03-10 00:00:00+09:00,74033.20268664276,74215.32618648691,73031.5234375,73031.5234375,1911,0.0,0.0
2025-03-11 00:00:00+09:00,73395.77604818523,73668.96131883604,72576.2202362328,72758.34375,2609,0.0,0.0
2025-03-12 00:00:00+09:00,72758.34226003764,73031.5275250941,72303.03348494355,72576.21875,2864,0.0,0.0
2025-03-13 00:00:00+09:00,72394.09118804551,73760.01743687656,72394.09118804551,73031.5234375,3272,0.0,0.0
2025-03-14 00:00:00+09:00,73304.70763332307,74033.20162222565,73304.70763332307,73851.078125,3174,0.0,0.0
2025-03-17 00:00:00+09:00,74124.26337083847,74124.26337083847,73395.76938193588,73851.078125,3134,0.0,0.0
2025-03-18 00:00:00+09:00,73577.89954268292,74761.70238185975,73577.89954268292,74670.640625,2031,0.0,0.0
2025-03-19 00:00:00+09:00,74488.51487913096,75125.94715804774,74397.453125,74397.453125,2369,0.0,0.0
2025-03-21 00:00:00+09:00,74579.57886814023,75034.88765243902,74397.45535442073,74670.640625,3692,0.0,0.0
2025-03-24 00:00:00+09:00,74943.81702352232,75854.43448431845,74852.7552774427,75490.1875,2292,0.0,0.0
2025-03-25 00:00:00+09:00,75490.1912470024,76491.87050359712,75490.1912470024,75945.5,3185,0.0,0.0
2025-03-26 00:00:00+09:00,76491.86793995244,76582.9296875,75854.4357071195,76582.9296875,1653,0.0,0.0
2025-03-27 00:00:00+09:00,76400.80843638923,76856.1171875,76309.74668616707,76856.1171875,2726,0.0,0.0
2025-03-28 00:00:00+09:00,77675.67231807002,78768.41331199363,76947.17832212095,78677.3515625,6658,0.0,0.0
2025-03-31 00:00:00+09:00,78677.3480565371,78677.3480565371,76947.17489325677,77311.421875,6261,0.0,0.0
2025-04-01 00:00:00+09:00,78677.35414235706,78677.35414235706,77857.79837004084,78039.921875,3109,0.0,0.0
2025-04-02 00:00:00+09:00,78859.46822002923,78950.5299616228,77857.7890625,77857.7890625,3163,0.0,0.0
2025-04-03 00:00:00+09:00,77402.48587881455,77766.73287118545,76491.86839788733,77584.609375,6065,0.0,0.0
2025-04-04 00:00:00+09:00,77129.30766194183,77584.61644388954,76582.93712360458,77493.5546875,5130,0.0,0.0
2025-04-07 00:00:00+09:00,74670.64400337839,76218.69394003379,73851.08815456081,74124.2734375,8908,0.0,0.0
2025-04-08 00:00:00+09:00,76400.8110065711,77220.36678614098,75490.19347371566,76218.6875,5784,0.0,0.0
2025-04-09 00:00:00+09:00,76218.68860394022,76491.87386775363,74852.7622848732,75399.1328125,7560,0.0,0.0
2025-04-10 00:00:00+09:00,76765.05841870578,77948.86121757075,75945.50263487619,77220.3671875,6430,0.0,0.0
2025-04-11 00:00:00+09:00,76673.98965694934,77766.73060217903,76127.61918433452,77311.421875,4466,0.0,0.0
2025-04-14 00:00:00+09:00,77311.42413072183,78222.04161164907,77311.42413072183,77584.609375,4621,0.0,0.0
2025-04-15 00:00:00+09:00,77675.67520476683,77766.73695764462,76947.1811817444,77129.3046875,4822,0.0,0.0
2025-04-16 00:00:00+09:00,77584.61866949649,77766.7421875,77129.3098744877,77766.7421875,2965,0.0,0.0
2025-04-17 00:00:00+09:00,77857.7976233937,78130.98287821263,77493.55061696847,77948.859375,3775,0.0,0.0
2025-04-18 00:00:00+09:00,78130.98922350703,78404.1745005123,77766.7421875,77766.7421875,4066,0.0,0.0
2025-04-21 00:00:00+09:00,78222.05098250878,78404.1745005123,77584.61866949649,77766.7421875,3544,0.0,0.0
2025-04-22 00:00:00+09:00,78130.98586482559,78495.23288517442,77948.86235465117,78313.109375,3672,0.0,0.0
2025-04-23 00:00:00+09:00,78586.28604300058,78768.40953325087,78039.91557224971,78222.0390625,5060,0.0,0.0
2025-04-24 00:00:00+09:00,78313.10335974178,78404.1651078345,77493.54762690728,77584.609375,8333,0.0,0.0
2025-04-25 00:00:00+09:00,78130.97882186412,78404.1640625,77584.60834059234,78404.1640625,7830,0.0,0.0
2025-04-28 00:00:00+09:00,77580.05852357784,79285.11475486527,77201.15713884731,79095.6640625,9003,3330.0,0.0
2025-04-30 00:00:00+09:00,78622.03612110313,79474.56422362111,78337.86008693046,79000.9375,6309,0.0,0.0
2025-05-01 00:00:00+09:00,78906.20923142899,79569.2866199284,78906.20923142899,79379.8359375,4165,0.0,0.0
2025-05-02 00:00:00+09:00,79095.65849518107,81084.890625,79095.65849518107,81084.890625,9659,0.0,0.0
2025-05-07 00:00:00+09:00,80990.16943874561,81084.8947831184,80516.5427168816,80800.71875,4014,0.0,0.0
2025-05-08 00:00:00+09:00,81179.62431985294,81179.62431985294,80137.64547794117,80516.546875,3515,0.0,0.0
2025-05-09 00:00:00+09:00,80232.36547278463,80990.16821632923,80232.36547278463,80705.9921875,3749,0.0,0.0
2025-05-12 00:00:00+09:00,80516.5475495916,81179.625,80232.37149941658,81179.625,3281,0.0,0.0
2025-05-13 00:00:00+09:00,80990.16871675532,81274.34474734042,79853.4645944149,80137.640625,2668,0.0,0.0
2025-05-14 00:00:00+09:00,80232.3726963141,81463.8022654429,80232.3726963141,81274.3515625,3705,0.0,0.0
2025-05-15 00:00:00+09:00,81463.796875,82032.14894622093,81179.62083938954,81463.796875,3460,0.0,0.0
2025-05-16 00:00:00+09:00,81937.421875,82126.87256141618,81463.79515895953,81937.421875,2928,0.0,0.0
2025-05-19 00:00:00+09:00,81274.34130403037,81463.79198306074,80611.26392742406,81084.890625,3059,0.0,0.0
2025-05-20 00:00:00+09:00,81937.41868063668,81937.41868063668,80895.43994596963,81084.890625,2412,0.0,0.0
2025-05-21 00:00:00+09:00,81274.35089233254,81274.35089233254,80232.37203473854,80611.2734375,2998,0.0,0.0
2025-05-22 00:00:00+09:00,80611.26978920991,80611.26978920991,79758.7416715802,80327.09375,2471,0.0,0.0
2025-05-23 00:00:00+09:00,80705.99462090163,80990.17065829918,80421.8185835041,80895.4453125,2775,0.0,0.0
2025-05-26 00:00:00+09:00,80990.17429988332,81463.80105017503,80895.44894982497,81179.625,1592,0.0,0.0
2025-05-27 00:00:00+09:00,81179.62325986079,81653.25,80990.1725638051,81653.25,1809,0.0,0.0
2025-05-28 00:00:00+09:00,81558.52050216762,82221.59790462427,81274.34447254335,81937.421875,3198,0.0,0.0
2025-05-29 00:00:00+09:00,82126.87011152956,82505.7714730591,81747.96875,81747.96875,3419,0.0,0.0
2025-05-30 00:00:00+09:00,81558.5234375,82221.60086382114,81274.34739764809,81558.5234375,5925,0.0,0.0
2025-06-02 00:00:00+09:00,81558.52292387544,82126.875,81463.79757785467,82126.875,1843,0.0,0.0
2025-06-03 00:00:00+09:00,81937.42672971806,82505.77882264096,81463.79998561565,82316.328125,2347,0.0,0.0
2025-06-04 00:00:00+09:00,82411.05052620274,82695.2265625,82032.14914447308,82695.2265625,2476,0.0,0.0
2025-06-05 00:00:00+09:00,82505.77536618317,83263.578125,82411.05002133106,83263.578125,3210,0.0,0.0
2025-06-06 00:00:00+09:00,83263.57762182203,83831.9296875,83263.57762182203,83831.9296875,2625,0.0,0.0
2025-06-09 00:00:00+09:00,83831.93507573612,84305.56182757644,83642.484375,83642.484375,2448,0.0,0.0
2025-06-10 00:00:00+09:00,83737.20555869074,84210.83228696388,83453.02952172686,83926.65625,2208,0.0,0.0
2025-06-11 00:00:00+09:00,83737.20677142052,84116.1081595265,83547.75607736754,84021.3828125,2281,0.0,0.0
2025-06-12 00:00:00+09:00,83831.92797577247,84400.2800298455,83642.47729108146,84305.5546875,3500,0.0,0.0
2025-06-13 00:00:00+09:00,84495.00972222222,85252.8125,83926.6576388889,85252.8125,5243,0.0,0.0
2025-06-16 00:00:00+09:00,85252.80543687982,86200.05883062293,84968.62941875689,85915.8828125,2988,0.0,0.0
2025-06-17 00:00:00+09:00,82221.60138888888,85347.53784722222,82221.60138888888,85252.8125,7807,0.0,0.0
2025-06-18 00:00:00+09:00,85158.0830045681,86010.61108803986,85063.35766196012,85536.984375,4423,0.0,0.0
2025-06-19 00:00:00+09:00,85726.43699403128,86294.7890625,85536.9863045417,86294.7890625,3724,0.0,0.0
2025-06-20 00:00:00+09:00,87620.94237755651,88947.09718110872,87147.31566200215,87999.84375,15967,0.0,0.0
2025-06-23 00:00:00+09:00,87999.85101938502,88947.10452874332,87620.94961564172,88568.203125,4687,0.0,0.0
2025-06-24 00:00:00+09:00,88757.6484375,89136.5498182364,88189.29636639541,88757.6484375,4841,0.0,0.0
2025-06-25 00:00:00+09:00,89136.5498182364,89136.5498182364,88473.4724019477,88757.6484375,4356,0.0,0.0
2025-06-26 00:00:00+09:00,88852.37429511278,88947.09964084318,87336.76876342643,88189.296875,5167,0.0,0.0
2025-06-27 00:00:00+09:00,88378.74634576614,88473.47169018818,87336.76755712366,88094.5703125,3743,0.0,0.0
2025-06-30 00:00:00+09:00,87620.94460614107,87999.84598822167,86578.96580541939,86957.8671875,5367,0.0,0.0
2025-07-01 00:00:00+09:00,86389.52101648352,86673.69707245879,85821.16890453297,86200.0703125,4224,0.0,0.0
2025-07-02 00:00:00+09:00,86200.06371775521,86673.69044147914,85915.88768352085,86294.7890625,4311,0.0,0.0
2025-07-03 00:00:00+09:00,86294.79566449176,86294.79566449176,85726.44355254121,86200.0703125,3693,0.0,0.0
2025-07-04 00:00:00+09:00,86200.06200532205,86768.4140625,86010.61131959608,86768.4140625,2726,0.0,0.0
2025-07-07 00:00:00+09:00,86768.42012757872,87242.046875,86484.24407912594,87242.046875,3656,0.0,0.0
2025-07-08 00:00:00+09:00,87620.94091530054,87999.84228142076,86578.96215846995,86673.6875,4713,0.0,0.0
2025-07-09 00:00:00+09:00,87336.76611967795,87526.21680540394,86768.4140625,86768.4140625,2600,0.0,0.0
2025-07-10 00:00:00+09:00,86863.14012560943,87526.21753114843,86863.14012560943,87431.4921875,1879,0.0,0.0
2025-07-11 00:00:00+09:00,87431.4953141765,88284.0234375,87431.4953141765,88284.0234375,3782,0.0,0.0
2025-07-14 00:00:00+09:00,88284.02049946581,88662.921875,87810.39378004808,88662.921875,2936,0.0,0.0
2025-07-15 00:00:00+09:00,88662.921875,89041.82325053419,88378.74584334936,88662.921875,4400,0.0,0.0
2025-07-16 00:00:00+09:00,88662.925,89610.17847222222,88662.925,89515.453125,4022,0.0,0.0
2025-07-17 00:00:00+09:00,89515.45018605111,89894.3515625,89231.27415371445,89894.3515625,3822,0.0,0.0
2025-07-18 00:00:00+09:00,89894.3550402689,89894.3550402689,88757.65086694622,88947.1015625,3002,0.0,0.0
2025-07-22 00:00:00+09:00,88947.09812137777,90178.52759483668,88757.64743315332,89894.3515625,3672,0.0,0.0
2025-07-23 00:00:00+09:00,90178.52985074627,90273.25519722815,88852.375,88852.375,2419,0.0,0.0
2025-07-24 00:00:00+09:00,89041.82325053419,89894.35134548611,88662.921875,88662.921875,2549,0.0,0.0
2025-07-25 00:00:00+09:00,88947.09691455697,90178.52637130802,88852.37157172996,89799.625,2496,0.0,0.0
2025-07-28 00:00:00+09:00,89799.625,90367.97705696203,89610.17431434599,89799.625,3157,0.0,0.0
2025-07-29 00:00:00+09:00,89989.07470703125,90936.328125,89894.34936523438,90936.328125,2602,0.0,0.0
2025-07-30 00:00:00+09:00,91031.05885471034,91315.23489692068,90462.70677028967,90746.8828125,4625,0.0,0.0
2025-07-31 00:00:00+09:00,90746.8828125,90936.33350730689,89894.35468586901,90746.8828125,3453,0.0,0.0
2025-08-01 00:00:00+09:00,90746.87622197601,90936.32690302398,89799.62281673618,90841.6015625,3312,0.0,0.0
2025-08-04 00:00:00+09:00,90273.25073242188,90936.328125,89989.07470703125,90936.328125,3013,0.0,0.0
2025-08-05 00:00:00+09:00,90652.15815252591,91409.9609375,90462.70745628238,91409.9609375,3087,0.0,0.0
2025-08-06 00:00:00+09:00,91409.9543462086,91788.85571137423,91125.77832233437,91504.6796875,2385,0.0,0.0
2025-08-07 00:00:00+09:00,91504.68212487087,91788.85815631457,90936.33006198348,91694.1328125,2186,0.0,0.0
2025-08-08 00:00:00+09:00,91694.13698186527,91883.5876781088,91220.51024125647,91409.9609375,2282,0.0,0.0
2025-08-12 00:00:00+09:00,91220.5078125,91504.68384929906,90841.60643010124,91220.5078125,2237,0.0,0.0
2025-08-13 00:00:00+09:00,91220.51320239334,91409.96390478668,90746.88644640999,91031.0625,2366,0.0,0.0
2025-08-14 00:00:00+09:00,90936.33177570094,91315.23315809968,90557.43039330217,91220.5078125,1911,0.0,0.0
2025-08-15 00:00:00+09:00,91031.05712130062,91315.23315809968,90746.88108450155,91220.5078125,2289,0.0,0.0
2025-08-18 00:00:00+09:00,91125.7824669003,91315.23315809968,90652.15573890187,91220.5078125,2834,0.0,0.0
2025-08-19 00:00:00+09:00,91220.50869468464,93115.015625,91125.78334816887,93115.015625,3639,0.0,0.0
2025-08-20 00:00:00+09:00,93209.734375,93967.53709349594,92925.55835556402,93209.734375,3065,0.0,0.0
2025-08-21 00:00:00+09:00,93683.36525229357,93683.36525229357,92736.1118119266,92925.5625,1974,0.0,0.0
2025-08-22 00:00:00+09:00,93020.28834935898,93209.73903846154,92262.48559294872,92357.2109375,1629,0.0,0.0
2025-08-25 00:00:00+09:00,92641.39183797242,92830.84253702758,91883.58904175178,92736.1171875,2334,0.0,0.0
2025-08-26 00:00:00+09:00,92451.94045781893,93020.29255079733,91694.13766718107,92073.0390625,2662,0.0,0.0
2025-08-27 00:00:00+09:00,92925.55835556402,93209.734375,92262.48097688008,93209.734375,3057,0.0,0.0
2025-08-28 00:00:00+09:00,93020.28638831437,93115.01173086866,91125.77953722855,91599.40625,3656,0.0,0.0
2025-08-29 00:00:00+09:00,91220.5078125,91409.95850369938,90462.70504770249,91220.5078125,13137,0.0,0.0
2025-09-01 00:00:00+09:00,91315.2321474359,92357.2109375,90936.33076923077,92357.2109375,5271,0.0,0.0
2025-09-02 00:00:00+09:00,91978.31128382732,92073.03663015465,91125.78316688145,91883.5859375,2872,0.0,0.0
2025-09-03 00:00:00+09:00,91504.68190445026,91978.3086223822,90178.52709424084,90462.703125,4741,0.0,0.0
2025-09-04 00:00:00+09:00,90746.88455863064,90841.60990785676,89610.18036791711,90273.2578125,5564,0.0,0.0
2025-09-05 00:00:00+09:00,90273.2578125,90367.98316172614,89704.90571714324,90273.2578125,3552,0.0,0.0
2025-09-08 00:00:00+09:00,90557.43039330217,91599.40919489875,90557.43039330217,91220.5078125,2987,0.0,0.0
2025-09-09 00:00:00+09:00,91315.2326496388,91788.859375,90936.33126934984,91788.859375,3844,0.0,0.0
2025-09-10 00:00:00+09:00,90746.8829814624,91978.3125,90746.8829814624,91978.3125,1809,0.0,0.0
2025-09-11 00:00:00+09:00,91883.58105266564,92546.65844170548,91504.6796875,91504.6796875,2361,0.0,0.0
2025-09-12 00:00:00+09:00,92641.38233612805,93209.734375,92073.0302972561,93209.734375,5723,0.0,0.0
2025-09-16 00:00:00+09:00,93304.46631803154,93399.19166454731,92736.11423893693,93115.015625,3395,0.0,0.0
2025-09-17 00:00:00+09:00,92830.83766025641,92830.83766025641,91788.85887019231,92357.2109375,3617,0.0,0.0
2025-09-18 00:00:00+09:00,92641.38452273895,92641.38452273895,91788.85644430884,92167.7578125,2379,0.0,0.0
2025-09-19 00:00:00+09:00,91883.58472007223,92262.48610036119,91315.2326496388,91788.859375,5859,0.0,0.0
2025-09-22 00:00:00+09:00,91599.40724803664,91883.5832787958,90462.703125,90462.703125,3481,0.0,0.0
2025-09-24 00:00:00+09:00,90462.7055577325,90652.15625,90178.52951933125,90652.15625,2488,0.0,0.0
2025-09-25 00:00:00+09:00,90652.15625,91031.05763453501,90178.52951933125,90652.15625,2635,0.0,0.0
2025-09-26 00:00:00+09:00,90652.15694696577,91315.234375,90367.98090637967,91315.234375,2893,0.0,0.0
2025-09-29 00:00:00+09:00,91315.23348119704,91315.23348119704,89420.7265625,89420.7265625,4766,0.0,0.0
2025-09-30 00:00:00+09:00,89515.453125,90083.80520833333,89420.72777777778,89515.453125,3719,0.0,0.0
2025-10-01 00:00:00+09:00,89515.45364916134,89799.62969249202,88189.29878028488,88947.1015625,3755,0.0,0.0
2025-10-02 00:00:00+09:00,88852.36963098405,89515.4470162899,88284.01758643617,89041.8203125,2894,0.0,0.0
2025-10-03 00:00:00+09:00,88947.10086675161,89231.27690785944,87905.12204935623,88284.0234375,2846,0.0,0.0
2025-10-06 00:00:00+09:00,88852.37810190074,90273.25834873284,88852.37810190074,89704.90625,3456,0.0,0.0
2025-10-07 00:00:00+09:00,89989.08108152747,90367.98247555496,89515.45433899312,89610.1796875,3596,0.0,0.0
2025-10-08 00:00:00+09:00,89894.34837932182,90273.24974235373,89041.8203125,89041.8203125,2350,0.0,0.0
2025-10-09 00:00:00+09:00,89231.27760583068,89420.72830138446,88662.92551916934,88947.1015625,2802,0.0,0.0
2025-10-10 00:00:00+09:00,89041.82621378756,89136.5515608235,88094.57274342811,88284.0234375,2668,0.0,0.0
2025-10-14 00:00:00+09:00,87431.48999598502,88568.19409127408,87336.76465471092,88473.46875,2319,0.0,0.0
2025-10-15 00:00:00+09:00,88662.92551916934,89326.00295360756,88662.92551916934,88947.1015625,2067,0.0,0.0
2025-10-16 00:00:00+09:00,89041.82275079619,89610.17481090764,88852.37206409236,89231.2734375,2105,0.0,0.0
2025-10-17 00:00:00+09:00,89231.27950105596,89704.90625,89136.55415126716,89704.90625,2101,0.0,0.0
2025-10-20 00:00:00+09:00,89894.35106348168,90462.703125,89610.17503272252,90462.703125,2697,0.0,0.0
2025-10-21 00:00:00+09:00,90936.33350730689,91315.23489692068,90367.98142288622,90746.8828125,2623,0.0,0.0
2025-10-22 00:00:00+09:00,90936.33126934984,91788.859375,90841.60592427761,91788.859375,2789,0.0,0.0
2025-10-23 00:00:00+09:00,91504.68162859343,92451.93506160165,91125.78025539014,92262.484375,3928,0.0,0.0
2025-10-24 00:00:00+09:00,92073.03173524846,92357.20775912267,91504.6796875,91504.6796875,3016,0.0,0.0
2025-10-27 00:00:00+09:00,91978.3107710041,92451.9375,91788.86007940574,92451.9375,2853,0.0,0.0
2025-10-28 00:00:00+09:00,92925.5672019676,92925.5672019676,91883.58836484054,92073.0390625,4075,0.0,0.0
2025-10-29 00:00:00+09:00,92167.75953157284,92262.4848753874,91599.40746868544,91694.1328125,12899,0.0,0.0
2025-10-30 00:00:00+09:00,91708.74985228467,92975.7145154937,91513.83221179097,92780.796875,6769,2715.0,0.0
2025-10-31 00:00:00+09:00,92975.71598393045,93365.55127107482,92488.421875,92488.421875,3974,0.0,0.0
2025-11-04 00:00:00+09:00,92293.5014565678,92293.5014565678,91416.37208686442,92001.125,2930,0.0,0.0
2025-11-05 00:00:00+09:00,92098.58513327206,92780.796875,91221.45575105042,92780.796875,3373,0.0,0.0
2025-11-06 00:00:00+09:00,92585.88134509443,93365.5519248426,92488.42252262592,92878.2578125,3304,0.0,0.0
2025-11-07 00:00:00+09:00,92780.79752876569,93852.84455903505,92780.79752876569,93170.6328125,2365,0.0,0.0
2025-11-10 00:00:00+09:00,93852.84163039242,94437.59453774687,93657.92399460758,93755.3828125,2904,0.0,0.0
2025-11-11 00:00:00+09:00,94340.1404494382,95509.64632277835,94242.68162665986,95412.1875,2616,0.0,0.0
2025-11-12 00:00:00+09:00,95607.10236460473,96094.39646432239,94924.890625,94924.890625,4905,0.0,0.0
2025-11-13 00:00:00+09:00,95412.18406088917,95412.18406088917,94340.13704896907,94535.0546875,2530,0.0,0.0
2025-11-14 00:00:00+09:00,94535.0546875,95119.80760309278,94340.13704896907,94535.0546875,3495,0.0,0.0
2025-11-17 00:00:00+09:00,94535.05599757157,95314.7265625,94145.22071510735,95314.7265625,1705,0.0,0.0
2025-11-18 00:00:00+09:00,94924.88929865425,95119.8069358178,93950.30111283645,94145.21875,2603,0.0,0.0
2025-11-19 00:00:00+09:00,93950.30257009345,94437.59667056074,93657.92610981308,93852.84375,1930,0.0,0.0
2025-11-20 00:00:00+09:00,93950.30307387526,95704.5618449642,93950.30307387526,95314.7265625,3279,0.0,0.0
2025-11-21 00:00:00+09:00,95119.80602134147,96191.85301543445,95119.80602134147,95899.4765625,3008,0.0,0.0
2025-11-25 00:00:00+09:00,95704.56234264854,96971.52701724572,94924.89177366566,96776.609375,3109,0.0,0.0
2025-11-26 00:00:00+09:00,96581.69173275428,97263.9034806143,96484.23291163142,96776.609375,2096,0.0,0.0
2025-11-27 00:00:00+09:00,96679.14975000001,97653.737953125,96484.232109375,97458.8203125,3343,0.0,0.0
2025-11-28 00:00:00+09:00,97751.20185301507,97946.11950376884,96776.61359924622,96971.53125,3280,0.0,0.0
2025-12-01 00:00:00+09:00,97556.27928305106,97653.73810351365,96191.85579657482,96386.7734375,2802,0.0,0.0
2025-12-02 00:00:00+09:00,96094.3997264839,96971.52913575202,95607.10561022384,96874.0703125,2878,0.0,0.0
2025-12-03 00:00:00+09:00,96484.23079952116,96679.1484375,95899.47788558467,96679.1484375,2294,0.0,0.0
2025-12-04 00:00:00+09:00,96386.77786192602,96679.15433673469,95509.6484375,95509.6484375,2215,0.0,0.0
2025-12-05 00:00:00+09:00,95607.10236460473,95704.56118454825,94632.5141651694,94924.890625,1539,0.0,0.0
2025-12-08 00:00:00+09:00,94729.9765625,95217.27068061985,94340.14126800411,94729.9765625,1943,0.0,0.0
2025-12-09 00:00:00+09:00,94242.67822970361,94535.0546875,93463.0076755799,94535.0546875,2097,0.0,0.0
2025-12-10 00:00:00+09:00,94437.6015625,94827.43686306759,93950.3074367905,94437.6015625,2605,0.0,0.0
2025-12-11 00:00:00+09:00,94729.97313084111,94827.43195093458,93365.54964953271,93852.84375,1910,0.0,0.0
2025-12-12 00:00:00+09:00,93657.92582487309,95996.9375,93657.92582487309,95996.9375,5012,0.0,0.0
2025-12-15 00:00:00+09:00,95996.94276477039,95996.94276477039,94242.6839122162,94437.6015625,2859,0.0,0.0
2025-12-16 00:00:00+09:00,94437.59441643114,95314.72377633608,94437.59441643114,94827.4296875,1838,0.0,0.0
2025-12-17 00:00:00+09:00,94729.97509615384,95022.3515625,94242.68098557692,95022.3515625,1988,0.0,0.0
2025-12-18 00:00:00+09:00,95217.26789523009,95509.64435754911,94145.22086672699,94242.6796875,2329,0.0,0.0
2025-12-19 00:00:00+09:00,94632.51627403845,95119.81038461538,94242.68098557692,95022.3515625,2969,0.0,0.0
2025-12-22 00:00:00+09:00,94729.97674947971,94827.43557329604,93073.17674460198,93657.9296875,2700,0.0,0.0
2025-12-23 00:00:00+09:00,93852.84375,94047.76139018692,93268.09082943926,93852.84375,2247,0.0,0.0
2025-12-24 00:00:00+09:00,93852.8450534243,94632.515625,93560.46858908342,94632.515625,1686,0.0,0.0
2025-12-25 00:00:00+09:00,95022.34798810133,95412.18326189867,94535.05389585465,95217.265625,1115,0.0,0.0
2025-12-26 00:00:00+09:00,95509.64501802265,95509.64501802265,93852.8450534243,94632.515625,2795,0.0,0.0
2025-12-29 00:00:00+09:00,94632.51773887602,95022.35303337191,94145.22362075617,94729.9765625,2447,0.0,0.0
2025-12-30 00:00:00+09:00,95217.26495856886,95412.18259410329,94827.4296875,94827.4296875,2050,0.0,0.0
2026-01-05 00:00:00+09:00,94924.89077102803,95217.2672313084,93073.17318925234,93852.84375,6302,0.0,0.0
2026-01-06 00:00:00+09:00,93852.84586521007,94047.76350978995,93073.17528689056,93950.3046875,7101,0.0,0.0
2026-01-07 00:00:00+09:00,94047.76253818737,95996.93896384929,93950.30371690428,95704.5625,4643,0.0,0.0
2026-01-08 00:00:00+09:00,95704.56608737244,95899.4837372449,95022.35431281888,95509.6484375,2182,0.0,0.0
2026-01-09 00:00:00+09:00,95704.5603816259,96191.85447725536,95119.80746687054,95607.1015625,1954,0.0,0.0
2026-01-13 00:00:00+09:00,95314.72590477412,95509.64354466119,94145.22006545175,94924.890625,3037,0.0,0.0
2026-01-14 00:00:00+09:00,95119.80680655067,95509.642080348,94729.97153275332,95217.265625,2733,0.0,0.0
2026-01-15 00:00:00+09:00,95217.26483898629,96289.31183307926,94924.88838605183,95899.4765625,2991,0.0,0.0
2026-01-16 00:00:00+09:00,95802.0211637714,96874.06819612285,95802.0211637714,96776.609375,1722,0.0,0.0
2026-01-19 00:00:00+09:00,96776.61167185911,96971.52931873093,95704.56461406409,95802.0234375,2660,0.0,0.0
2026-01-20 00:00:00+09:00,96094.39565812946,96386.77211550713,95217.26628599643,95607.1015625,2533,0.0,0.0
2026-01-21 00:00:00+09:00,95704.5656411917,95704.5656411917,94047.765625,94047.765625,3339,0.0,0.0
2026-01-22 00:00:00+09:00,94535.0603876419,95119.81333849329,94242.6839122162,94437.6015625,2251,0.0,0.0
2026-01-23 00:00:00+09:00,94729.97739637305,95022.35386981865,93852.84797603627,94047.765625,2111,0.0,0.0
2026-01-26 00:00:00+09:00,94047.76006217278,94047.76006217278,93073.171875,93073.171875,3047,0.0,0.0
2026-01-27 00:00:00+09:00,93463.00714986911,93560.46596858639,92098.58368782722,93073.171875,2936,0.0,0.0
2026-01-28 00:00:00+09:00,93463.00635882276,93755.3828125,93073.17108725311,93755.3828125,3112,0.0,0.0
2026-01-29 00:00:00+09:00,93463.00832584703,94924.890625,92780.7965862423,94924.890625,4430,0.0,0.0
2026-01-30 00:00:00+09:00,95217.26855368177,95314.72737512873,94242.68033921215,94632.515625,3679,0.0,0.0
2026-02-02 00:00:00+09:00,94535.05762123963,94924.89291039939,93950.3046875,93950.3046875,2953,0.0,0.0
2026-02-03 00:00:00+09:00,94340.13770533881,95412.18472471766,93950.30242556467,94924.890625,2834,0.0,0.0
2026-02-04 00:00:00+09:00,95412.18878229483,96289.31819908816,94924.89466185411,96191.859375,3052,0.0,0.0
2026-02-05 00:00:00+09:00,96484.23079952116,97263.90135143649,96289.31316154233,96679.1484375,2693,0.0,0.0
2026-02-06 00:00:00+09:00,96874.06540991903,97263.90068319839,95899.47722672064,96289.3125,2423,0.0,0.0
2026-02-09 00:00:00+09:00,96581.68895495952,96581.68895495952,95607.10077176114,96289.3125,1882,0.0,0.0
2026-02-10 00:00:00+09:00,96094.39697611223,96386.7734375,95509.6440533367,96386.7734375,2060,0.0,0.0
2026-02-12 00:00:00+09:00,95899.4830942623,96191.85956711066,95119.8125,95119.8125,1905,0.0,0.0
2026-02-13 00:00:00+09:00,95119.80907445708,95119.80907445708,93657.92676286194,94242.6796875,2162,0.0,0.0
2026-02-16 00:00:00+09:00,94437.59441643114,94827.4296875,93657.92387429342,94827.4296875,2016,0.0,0.0
2026-02-17 00:00:00+09:00,95314.72802884615,95314.72802884615,94340.1398076923,95022.3515625,1954,0.0,0.0
2026-02-18 00:00:00+09:00,95022.35203598485,96776.61084280303,95022.35203598485,96484.234375,2716,0.0,0.0
2026-02-19 00:00:00+09:00,96484.23372527891,96581.69254722363,95607.10432777637,96094.3984375,1867,0.0,0.0
2026-02-20 00:00:00+09:00,94632.51546588594,95704.5625,94632.51546588594,95704.5625,2471,0.0,0.0
2026-02-24 00:00:00+09:00,95704.56461406409,96484.23520155138,95412.18814375636,95802.0234375,3362,0.0,0.0
2026-02-25 00:00:00+09:00,96484.23501949196,97068.98795900402,96289.31737298793,96874.0703125,2652,0.0,0.0
2026-02-26 00:00:00+09:00,96874.07095440882,97556.28272169338,96581.69448271542,97263.90625,2256,0.0,0.0
2026-02-27 00:00:00+09:00,97458.82046258847,97458.82046258847,96386.7734375,96386.7734375,3534,0.0,0.0
2026-03-02 00:00:00+09:00,96581.69092968751,97458.8203125,95704.561546875,97458.8203125,3281,0.0,0.0
2026-03-03 00:00:00+09:00,96971.53061144047,96971.53061144047,95802.02471461907,96581.6953125,2803,0.0,0.0
2026-03-04 00:00:00+09:00,95704.56051868557,95802.01933795103,93852.84295264175,94535.0546875,5308,0.0,0.0
2026-03-05 00:00:00+09:00,95217.26839358451,96386.77424898167,95022.35075101833,95704.5625,3166,0.0,0.0
2026-03-06 00:00:00+09:00,95704.55904740494,95704.55904740494,94632.51205196558,94827.4296875,2782,0.0,0.0
2026-03-09 00:00:00+09:00,94535.05614981902,94632.51497059203,93073.17383822388,94242.6796875,3774,0.0,0.0
2026-03-10 00:00:00+09:00,94632.51857189118,94924.89504533679,93463.0126781088,94047.765625,3136,0.0,0.0
2026-03-11 00:00:00+09:00,94242.67888539527,95314.72590477412,93852.84360562115,94924.890625,1960,0.0,0.0
2026-03-12 00:00:00+09:00,94535.05974740932,94729.97739637305,93365.55385362695,94047.765625,2375,0.0,0.0
2026-03-13 00:00:00+09:00,94047.76139018692,94535.05549065421,93463.00846962616,93852.84375,3787,0.0,0.0
2026-03-16 00:00:00+09:00,93365.54964953271,94340.13785046729,93170.63200934579,93852.84375,2262,0.0,0.0
2026-03-17 00:00:00+09:00,94145.2250870743,94632.5192127838,93950.3074367905,94437.6015625,2115,0.0,0.0
2026-03-18 00:00:00+09:00,94632.51837858606,95119.8125,94340.1419057377,95119.8125,1756,0.0,0.0
2026-03-19 00:00:00+09:00,94242.68411567067,94632.51941707985,93365.5546875,93365.5546875,2342,0.0,0.0
2026-03-23 00:00:00+09:00,93073.17841704066,93073.17841704066,91903.67251022968,92293.5078125,3210,0.0,0.0
2026-03-24 00:00:00+09:00,93073.1769325658,93852.84752467106,92585.8828125,92585.8828125,3339,0.0,0.0
2026-03-25 00:00:00+09:00,92683.34208225388,94340.14209844559,92683.34208225388,94047.765625,3366,0.0,0.0
2026-03-26 00:00:00+09:00,94145.21875,94145.21875,92975.71292701863,94145.21875,3928,0.0,0.0
2026-03-27 00:00:00+09:00,93852.84375,94145.22021028037,93365.54964953271,93852.84375,5248,0.0,0.0
2026-03-30 00:00:00+09:00,93365.55010080645,93365.55010080645,90539.24430443547,90636.703125,4667,0.0,0.0
2026-03-31 00:00:00+09:00,90636.70541779892,90831.6230638587,89564.65836447012,89662.1171875,3551,0.0,0.0
2026-04-01 00:00:00+09:00,90831.62141996788,91611.29199009636,90831.62141996788,91026.5390625,2887,0.0,0.0
2026-04-02 00:00:00+09:00,91513.83464520676,92585.88169642857,90636.70523966165,90734.1640625,3817,0.0,0.0
2026-04-03 00:00:00+09:00,91026.53760338847,91611.29052161152,90636.70232457311,91318.9140625,1706,0.0,0.0
2026-04-06 00:00:00+09:00,91318.91682424364,92196.0462281051,91221.45800159236,91806.2109375,986,0.0,0.0
2026-04-07 00:00:00+09:00,92098.58952478791,93170.63659862142,91611.29540031814,91903.671875,2277,0.0,0.0
2026-04-08 00:00:00+09:00,93365.55110677083,93560.46875,92293.50406901042,93560.46875,2759,0.0,0.0
2026-04-09 00:00:00+09:00,93463.00648166404,94145.21820780757,92390.95948343849,92683.3359375,2209,0.0,0.0
2026-04-10 00:00:00+09:00,93365.55340460526,93365.55340460526,92098.58869243422,92585.8828125,2476,0.0,0.0
2026-04-13 00:00:00+09:00,92390.96452167019,92488.42334500529,91416.37628831924,92196.046875,2372,0.0,0.0
2026-04-14 00:00:00+09:00,92488.421875,93073.17480571654,92196.04540964172,92488.421875,1628,0.0,0.0
2026-04-15 00:00:00+09:00,92975.71746168076,93365.55275502114,92196.046875,92196.046875,2276,0.0,0.0
2026-04-16 00:00:00+09:00,92390.96599946979,92488.42482436374,91124.00127584836,91903.671875,2682,0.0,0.0
2026-04-17 00:00:00+09:00,91611.29476171458,92001.13005857295,91221.45946485623,91513.8359375,1545,0.0,0.0
2026-04-20 00:00:00+09:00,91611.29264392324,92001.12793176972,91123.99853411513,91416.375,2170,0.0,0.0
2026-04-21 00:00:00+09:00,91903.6691098081,92001.12793176972,91416.375,91416.375,1538,0.0,0.0
2026-04-22 00:00:00+09:00,91416.37730670797,91513.83613112877,90441.7890625,90441.7890625,2851,0.0,0.0
2026-04-23 00:00:00+09:00,90831.61864235737,91318.91273378633,90441.7833692142,90539.2421875,2235,0.0,0.0
2026-04-24 00:00:00+09:00,90929.07958669354,91513.83251008064,90441.78548387096,90636.703125,2701,0.0,0.0
2026-04-27 00:00:00+09:00,90734.16470588236,91903.6705882353,90734.16470588236,91124.0,11376,0.0,0.0
2026-04-28 00:00:00+09:00,91600.0,92300.0,90600.0,90700.0,5229,2376.0,0.0
2026-04-30 00:00:00+09:00,90700.0,91100.0,90200.0,90600.0,3238,0.0,0.0
2026-05-01 00:00:00+09:00,90300.0,90300.0,89200.0,89700.0,2112,0.0,0.0
2026-05-07 00:00:00+09:00,89900.0,90300.0,89400.0,89700.0,3253,0.0,0.0
2026-05-08 00:00:00+09:00,90200.0,90200.0,88200.0,88400.0,4322,0.0,0.0
2026-05-11 00:00:00+09:00,88800.0,89200.0,88500.0,89000.0,1838,0.0,0.0
2026-05-12 00:00:00+09:00,89000.0,89000.0,87500.0,87500.0,2426,0.0,0.0
2026-05-13 00:00:00+09:00,87100.0,87300.0,86600.0,87000.0,2379,0.0,0.0
2026-05-14 00:00:00+09:00,87000.0,87200.0,86300.0,86700.0,2195,0.0,0.0
2026-05-15 00:00:00+09:00,87000.0,87500.0,86600.0,87500.0,2221,0.0,0.0
2026-05-18 00:00:00+09:00,87000.0,87000.0,85400.0,86000.0,2936,0.0,0.0
2026-05-19 00:00:00+09:00,85800.0,86600.0,85700.0,86400.0,2423,0.0,0.0
2026-05-20 00:00:00+09:00,87100.0,87300.0,85800.0,86400.0,6228,0.0,0.0
2026-05-21 00:00:00+09:00,87000.0,87100.0,86100.0,87000.0,4532,0.0,0.0
2026-05-22 00:00:00+09:00,87100.0,87100.0,85800.0,86500.0,4058,0.0,0.0
2026-05-25 00:00:00+09:00,86000.0,86400.0,85700.0,86200.0,3607,0.0,0.0
2026-05-26 00:00:00+09:00,86400.0,86900.0,85900.0,86300.0,5925,0.0,0.0
2026-05-27 00:00:00+09:00,86400.0,86500.0,85200.0,85500.0,11672,0.0,0.0
2026-05-28 00:00:00+09:00,85200.0,86700.0,85100.0,86100.0,15328,0.0,0.0
2026-05-29 00:00:00+09:00,87200.0,87700.0,86100.0,86900.0,15720,0.0,0.0
2026-06-01 00:00:00+09:00,86600.0,86800.0,85400.0,85900.0,3238,0.0,0.0
2026-06-02 00:00:00+09:00,85800.0,85800.0,84100.0,84500.0,3887,0.0,0.0
2026-06-03 00:00:00+09:00,84600.0,85300.0,84300.0,85000.0,2798,0.0,0.0
2026-06-04 00:00:00+09:00,84900.0,85100.0,83500.0,83700.0,1849,0.0,0.0
2026-06-05 00:00:00+09:00,83700.0,84900.0,83500.0,84100.0,2750,0.0,0.0
2026-06-08 00:00:00+09:00,83200.0,84000.0,83200.0,84000.0,1813,0.0,0.0
2026-06-09 00:00:00+09:00,84000.0,84400.0,83200.0,83800.0,2233,0.0,0.0
2026-06-10 00:00:00+09:00,83900.0,85000.0,83700.0,85000.0,1669,0.0,0.0
2026-06-11 00:00:00+09:00,97000.0,98100.0,88000.0,91600.0,9831,0.0,0.0
2026-06-12 00:00:00+09:00,93100.0,93800.0,92200.0,93400.0,8059,0.0,0.0
2026-06-15 00:00:00+09:00,95100.0,95300.0,92800.0,93100.0,5903,0.0,0.0
2026-06-16 00:00:00+09:00,93200.0,93200.0,90800.0,91300.0,4533,0.0,0.0
2026-06-17 00:00:00+09:00,91400.0,91700.0,90500.0,90500.0,2442,0.0,0.0
2026-06-18 00:00:00+09:00,91900.0,92000.0,88600.0,89000.0,6686,0.0,0.0
2026-06-19 00:00:00+09:00,89000.0,91400.0,88700.0,90800.0,4947,0.0,0.0
2026-06-22 00:00:00+09:00,90800.0,91300.0,90100.0,91100.0,6302,0.0,0.0
2026-06-23 00:00:00+09:00,91200.0,91400.0,90100.0,90300.0,4420,0.0,0.0
2026-06-24 00:00:00+09:00,90600.0,91600.0,90200.0,91200.0,4933,0.0,0.0
2026-06-25 00:00:00+09:00,92000.0,93000.0,91400.0,92500.0,3660,0.0,0.0
2026-06-26 00:00:00+09:00,92900.0,94800.0,92600.0,94800.0,5053,0.0,0.0
2026-06-29 00:00:00+09:00,95000.0,95100.0,93900.0,94300.0,3603,0.0,0.0
2026-06-30 00:00:00+09:00,93700.0,94100.0,93100.0,93100.0,5472,0.0,0.0
2026-07-01 00:00:00+09:00,93400.0,93500.0,92500.0,92700.0,4227,0.0,0.0
2026-07-02 00:00:00+09:00,93000.0,93500.0,92800.0,93000.0,4163,0.0,0.0
2026-07-03 00:00:00+09:00,93500.0,95100.0,93400.0,95100.0,4732,0.0,0.0
2026-07-06 00:00:00+09:00,95100.0,95600.0,94400.0,94500.0,3374,0.0,0.0
2026-07-07 00:00:00+09:00,94900.0,94900.0,93600.0,93700.0,2530,0.0,0.0
2026-07-08 00:00:00+09:00,93600.0,93800.0,92600.0,92700.0,2505,0.0,0.0
2026-07-09 00:00:00+09:00,93200.0,93400.0,92500.0,92700.0,1966,0.0,0.0
2026-07-10 00:00:00+09:00,92900.0,93000.0,92100.0,92600.0,2096,0.0,0.0
2026-07-13 00:00:00+09:00,92800.0,93400.0,92400.0,92400.0,2256,0.0,0.0
2026-07-14 00:00:00+09:00,92500.0,93200.0,92400.0,93100.0,2433,0.0,0.0
2026-07-15 00:00:00+09:00,93600.0,94200.0,93300.0,93900.0,2715,0.0,0.0
2026-07-16 00:00:00+09:00,93600.0,94000.0,93100.0,93400.0,3830,0.0,0.0
2026-07-17 00:00:00+09:00,93400.0,94000.0,93100.0,93600.0,2801,0.0,0.0
2026-07-21 00:00:00+09:00,94500.0,95800.0,94200.0,95300.0,5763,0.0,0.0
2026-07-22 00:00:00+09:00,95600.0,95700.0,94800.0,95400.0,2901,0.0,0.0
2026-07-23 00:00:00+09:00,95700.0,96500.0,95300.0,95600.0,3215,0.0,0.0
2026-07-24 00:00:00+09:00,95600.0,96400.0,95400.0,95800.0,2766,0.0,0.0
2026-07-27 00:00:00+09:00,96500.0,97600.0,96300.0,97600.0,2765,0.0,0.0
2026-07-28 00:00:00+09:00,97600.0,98200.0,97000.0,97000.0,2701,0.0,0.0
2026-07-29 00:00:00+09:00,97500.0,98700.0,97500.0,98700.0,3573,0.0,0.0
2026-07-30 00:00:00+09:00,98700.0,98700.0,97100.0,98100.0,3558,0.0,0.0
2026-07-31 00:00:00+09:00,98300.0,98300.0,96300.0,96300.0,3417,0.0,0.0
2026-08-03 00:00:00+09:00,96700.0,97000.0,94900.0,95000.0,4577,0.0,0.0
2026-08-04 00:00:00+09:00,95000.0,95000.0,94000.0,94000.0,2774,0.0,0.0
2026-08-05 00:00:00+09:00,94000.0,94100.0,93100.0,93600.0,3173,0.0,0.0
2026-08-06 00:00:00+09:00,93600.0,94000.0,93300.0,93700.0,2896,0.0,0.0
2026-08-07 00:00:00+09:00,93700.0,94900.0,93500.0,93700.0,2968,0.0,0.0
2026-08-10 00:00:00+09:00,94400.0,94600.0,93700.0,94600.0,2709,0.0,0.0
2026-08-12 00:00:00+09:00,94600.0,95200.0,94600.0,94700.0,2287,0.0,0.0
2026-08-13 00:00:00+09:00,95800.0,95800.0,94300.0,94300.0,2774,0.0,0.0
2026-08-14 00:00:00+09:00,94400.0,95000.0,94200.0,94500.0,2234,0.0,0.0
2026-08-17 00:00:00+09:00,95100.0,95700.0,94700.0,94900.0,2626,0.0,0.0
2026-08-18 00:00:00+09:00,94900.0,95000.0,93800.0,94000.0,2372,0.0,0.0
2026-08-19 00:00:00+09:00,93800.0,94200.0,93400.0,93800.0,2460,0.0,0.0
2026-08-20 00:00:00+09:00,94400.0,94800.0,94100.0,94700.0,3704,0.0,0.0
2026-08-21 00:00:00+09:00,94700.0,94700.0,93800.0,94000.0,2536,0.0,0.0
2026-08-24 00:00:00+09:00,94400.0,95200.0,94100.0,94800.0,3121,0.0,0.0
2026-08-25 00:00:00+09:00,95000.0,95800.0,95000.0,95200.0,2977,0.0,0.0
2026-08-26 00:00:00+09:00,95400.0,96400.0,95300.0,96100.0,2984,0.0,0.0
2026-08-27 00:00:00+09:00,96200.0,96800.0,96100.0,96400.0,5720,0.0,0.0
2026-08-28 00:00:00+09:00,96900.0,96900.0,95600.0,96000.0,6171,0.0,0.0
2026-08-31 00:00:00+09:00,96000.0,97800.0,95800.0,97200.0,17264,0.0,0.0
2026-09-01 00:00:00+09:00,97100.0,97200.0,95800.0,96300.0,3701,0.0,0.0
2026-09-02 00:00:00+09:00,96000.0,96200.0,95100.0,95100.0,3558,0.0,0.0
2026-09-03 00:00:00+09:00,95700.0,95700.0,94400.0,94400.0,3921,0.0,0.0
2026-09-04 00:00:00+09:00,94400.0,94500.0,93700.0,93800.0,4366,0.0,0.0
2026-09-07 00:00:00+09:00,93800.0,93900.0,93300.0,93300.0,3338,0.0,0.0
2026-09-08 00:00:00+09:00,93200.0,93500.0,92400.0,92500.0,4203,0.0,0.0
2026-09-09 00:00:00+09:00,92400.0,92700.0,91700.0,92200.0,3859,0.0,0.0
2026-09-10 00:00:00+09:00,92000.0,92700.0,91700.0,92600.0,4746,0.0,0.0
2026-09-11 00:00:00+09:00,93000.0,93000.0,91100.0,91500.0,6979,0.0,0.0
2026-09-14 00:00:00+09:00,91600.0,92600.0,91500.0,92200.0,2293,0.0,0.0
2026-09-15 00:00:00+09:00,92700.0,92800.0,92300.0,92700.0,2817,0.0,0.0
2026-09-16 00:00:00+09:00,93000.0,93600.0,93000.0,93500.0,2807,0.0,0.0
2026-09-17 00:00:00+09:00,94000.0,94100.0,93400.0,93500.0,2653,0.0,0.0
2026-09-18 00:00:00+09:00,93500.0,94000.0,92700.0,92700.0,5546,0.0,0.0
2026-09-24 00:00:00+09:00,96500.0,98700.0,96100.0,96800.0,8701,0.0,0.0
2026-09-25 00:00:00+09:00,97100.0,97200.0,95400.0,95400.0,6280,0.0,0.0
2026-09-28 00:00:00+09:00,95500.0,95900.0,95100.0,95200.0,4177,0.0,0.0
2026-09-29 00:00:00+09:00,95300.0,95300.0,93600.0,93800.0,4976,0.0,0.0
2026-09-30 00:00:00+09:00,93800.0,94100.0,93300.0,93600.0,4594,0.0,0.0
2026-10-01 00:00:00+09:00,93500.0,93900.0,92900.0,93200.0,4851,0.0,0.0
2026-10-02 00:00:00+09:00,92900.0,92900.0,91600.0,91700.0,5524,0.0,0.0
2026-10-05 00:00:00+09:00,92000.0,92000.0,90800.0,90900.0,3972,0.0,0.0
