Date,Open,High,Low,Close,Volume,Dividends,Stock Splits
2021-09-30 00:00:00+09:00,134761.75011384336,134842.54252997876,132499.5624620522,133065.109375,2219,0.0,0.0
2021-10-01 00:00:00+09:00,132499.57052964793,133549.87200335856,130398.96758222669,130802.9296875,2521,0.0,0.0
2021-10-04 00:00:00+09:00,132014.78566492628,133388.25650721745,130883.69203009827,131530.03125,2411,0.0,0.0
2021-10-05 00:00:00+09:00,131610.8707009562,132338.00258328192,127813.62642658853,130964.53125,3042,0.0,0.0
2021-10-06 00:00:00+09:00,130964.51111132452,132499.56707129686,128621.53096189306,131449.265625,2585,0.0,0.0
2021-10-07 00:00:00+09:00,130964.51979039866,132822.74554930005,130479.7652445983,132741.953125,1585,0.0,0.0
2021-10-08 00:00:00+09:00,132338.00026939655,133226.7169989224,131206.90625,131206.90625,1032,0.0,0.0
2021-10-11 00:00:00+09:00,132257.2097194732,132661.171875,130156.60651073387,132661.171875,1379,0.0,0.0
2021-10-12 00:00:00+09:00,134357.79016516518,134680.95983483482,133145.9039039039,134519.375,1976,0.0,0.0
2021-10-13 00:00:00+09:00,134519.39892146018,136943.171875,134277.0216261062,136943.171875,2075,0.0,0.0
2021-10-14 00:00:00+09:00,137023.9444112373,137185.52925134488,134600.17180962343,135165.71875,1438,0.0,0.0
2021-10-15 00:00:00+09:00,135246.50666319238,135650.46875,134034.6204027695,135650.46875,1549,0.0,0.0
2021-10-18 00:00:00+09:00,135327.3057081354,136135.2299213183,133711.4572817696,136054.4375,1915,0.0,0.0
2021-10-19 00:00:00+09:00,136458.37048259965,136781.54009889945,134600.14518887567,135812.03125,1462,0.0,0.0
2021-10-20 00:00:00+09:00,134923.3638165769,135408.1184171155,134357.8167826152,135004.15625,750,0.0,0.0
2021-10-21 00:00:00+09:00,135569.65399118877,135569.65399118877,134842.52235476405,135246.484375,640,0.0,0.0
2021-10-22 00:00:00+09:00,135246.50461065574,135246.50461065574,132418.7700459168,133065.109375,1196,0.0,0.0
2021-10-25 00:00:00+09:00,133630.66303191488,134115.41755319148,132257.19188829788,132903.53125,719,0.0,0.0
2021-10-26 00:00:00+09:00,133630.6518074119,133711.4442208384,132499.55801944106,132984.3125,665,0.0,0.0
2021-10-27 00:00:00+09:00,133630.66500748505,134923.34375,133307.4953218563,134923.34375,1391,0.0,0.0
2021-10-28 00:00:00+09:00,134923.35242437723,136216.03125,133873.05087855872,136216.03125,1149,0.0,0.0
2021-10-29 00:00:00+09:00,136539.18755570412,136862.35723039217,135084.92401960786,135973.640625,1268,0.0,0.0
2021-11-01 00:00:00+09:00,136862.3706628114,137023.95551601422,135488.89941058718,136216.03125,1451,0.0,0.0
2021-11-02 00:00:00+09:00,136619.99555288462,136781.58040865383,135246.52427884616,136539.203125,1192,0.0,0.0
2021-11-04 00:00:00+09:00,136862.390625,137104.76794015642,136296.84355630167,136862.390625,742,0.0,0.0
2021-11-05 00:00:00+09:00,136943.1629780715,136943.1629780715,135812.06900657117,136781.578125,618,0.0,0.0
2021-11-08 00:00:00+09:00,136781.60636284217,138720.625,136296.8517035527,138720.625,1608,0.0,0.0
2021-11-09 00:00:00+09:00,139205.3484009503,139205.3484009503,137023.9529239766,138155.046875,1652,0.0,0.0
2021-11-10 00:00:00+09:00,138074.24351047238,138074.24351047238,135892.848206328,135973.640625,1006,0.0,0.0
2021-11-11 00:00:00+09:00,136216.01116468842,136862.35048219585,135973.63392062314,136135.21875,743,0.0,0.0
2021-11-12 00:00:00+09:00,136135.22779064556,136619.98231096833,135004.1339098924,135165.71875,1026,0.0,0.0
2021-11-15 00:00:00+09:00,134923.3616714157,135650.49356066287,134357.8146464457,134680.984375,831,0.0,0.0
2021-11-16 00:00:00+09:00,134680.94644055786,135488.87053438244,134519.36162179295,135408.078125,1189,0.0,0.0
2021-11-17 00:00:00+09:00,134842.57581676138,135488.91530539774,134680.9909446023,135084.953125,543,0.0,0.0
2021-11-18 00:00:00+09:00,135408.09149791542,136135.22325416913,135246.50666319238,135650.46875,1094,0.0,0.0
2021-11-19 00:00:00+09:00,135650.45982409062,135731.25223613594,134357.78123136552,135488.875,1025,0.0,0.0
2021-11-22 00:00:00+09:00,135004.14485097863,136296.82367660143,135004.14485097863,136216.03125,787,0.0,0.0
2021-11-24 00:00:00+09:00,136296.80360734503,136296.80360734503,134923.33255735994,135569.671875,1118,0.0,0.0
2021-11-25 00:00:00+09:00,135569.671875,135973.63394852504,135327.29463088498,135569.671875,1259,0.0,0.0
2021-11-26 00:00:00+09:00,135812.03125,136296.78567444973,134357.7679766508,135812.03125,5926,0.0,0.0
2021-11-29 00:00:00+09:00,134092.94341960354,134668.44961453744,129160.03317731278,130639.90625,4008,2909.0,0.0
2021-11-30 00:00:00+09:00,131050.97260192793,133846.28820322375,130064.390625,130064.390625,3452,0.0,0.0
2021-12-01 00:00:00+09:00,130722.1321451005,132613.08122644472,130146.62590295226,130886.5625,2892,0.0,0.0
2021-12-02 00:00:00+09:00,131462.0615566038,133681.8712264151,130557.69465408806,130722.125,2788,0.0,0.0
2021-12-03 00:00:00+09:00,131133.20496551457,133188.58435368878,131133.20496551457,132613.078125,1761,0.0,0.0
2021-12-06 00:00:00+09:00,132777.51249219239,133435.2339163023,131297.63928794503,131626.5,984,0.0,0.0
2021-12-07 00:00:00+09:00,131379.82309092316,132941.9111001394,131379.82309092316,132695.265625,666,0.0,0.0
2021-12-08 00:00:00+09:00,132695.30314639077,133435.23978103607,131215.4298771002,132119.796875,1725,0.0,0.0
2021-12-09 00:00:00+09:00,131955.34145507813,132530.8476171875,130311.03813476562,131544.265625,3068,0.0,0.0
2021-12-10 00:00:00+09:00,132859.71419676213,132859.71419676213,130968.76529420921,132037.5625,2489,0.0,0.0
2021-12-13 00:00:00+09:00,131790.92451998434,132284.21556622259,130393.26655564264,131133.203125,1109,0.0,0.0
2021-12-14 00:00:00+09:00,131133.18776667194,131297.61809615992,129160.02381281606,130064.390625,1753,0.0,0.0
2021-12-15 00:00:00+09:00,130064.40361635221,130722.125,129077.82154088051,130722.125,957,0.0,0.0
2021-12-16 00:00:00+09:00,131050.96621410736,132201.97846441946,130722.10557116104,131708.6875,899,0.0,0.0
2021-12-17 00:00:00+09:00,131708.692874082,134339.578125,131297.61705362608,134339.578125,2962,0.0,0.0
2021-12-20 00:00:00+09:00,132530.85453892787,132859.7152201659,128831.171875,128831.171875,1774,0.0,0.0
2021-12-21 00:00:00+09:00,129077.80891491397,130064.39089388146,128337.87243068834,128995.59375,1138,0.0,0.0
2021-12-22 00:00:00+09:00,129160.04889676518,129982.20070387381,128666.7578125,128666.7578125,1169,0.0,0.0
2021-12-23 00:00:00+09:00,128666.75181617183,130722.1312381554,128666.75181617183,130146.625,670,0.0,0.0
2021-12-24 00:00:00+09:00,130639.92303148824,131133.21411908354,129324.48013123412,129406.6953125,1043,0.0,0.0
2021-12-27 00:00:00+09:00,129406.68136841683,129406.68136841683,128009.0234375,128009.0234375,675,0.0,0.0
2021-12-28 00:00:00+09:00,128831.15667082541,129982.16891932035,128173.43538597117,129735.5234375,772,0.0,0.0
2021-12-29 00:00:00+09:00,129817.74005592929,131379.828125,129571.09457133918,131379.828125,693,0.0,0.0
2021-12-30 00:00:00+09:00,131379.8326132418,131626.47810625788,130228.8203125,130228.8203125,839,0.0,0.0
2022-01-04 00:00:00+09:00,130557.70268582135,131708.71517801372,129817.76608369769,131626.5,1045,0.0,0.0
2022-01-05 00:00:00+09:00,131790.92464493157,131790.92464493157,129077.82388804901,129160.0390625,1715,0.0,0.0
2022-01-06 00:00:00+09:00,129077.82322790845,129571.11427209154,128420.10183566433,129324.46875,814,0.0,0.0
2022-01-07 00:00:00+09:00,129160.04889676518,130557.70696884984,128666.7578125,128666.7578125,1078,0.0,0.0
2022-01-11 00:00:00+09:00,128666.73601999841,130064.3938553594,128584.52085321247,129242.2421875,765,0.0,0.0
2022-01-12 00:00:00+09:00,129242.23247385932,130393.24472235424,129077.80215264576,129735.5234375,741,0.0,0.0
2022-01-13 00:00:00+09:00,129242.23247385932,130146.5992405339,129242.23247385932,129735.5234375,767,0.0,0.0
2022-01-14 00:00:00+09:00,129735.54462015258,130228.83566433567,128913.39287984742,129324.46875,1114,0.0,0.0
2022-01-17 00:00:00+09:00,129324.46809027778,130146.6198263889,128748.96187500001,129488.8984375,658,0.0,0.0
2022-01-18 00:00:00+09:00,129242.25235431423,129406.682700821,127186.87302297972,127680.1640625,1110,0.0,0.0
2022-01-19 00:00:00+09:00,127351.28467092008,127351.28467092008,121842.86887172598,122418.375,2228,0.0,0.0
2022-01-20 00:00:00+09:00,121925.08518038975,122500.59131408007,117074.390625,117074.390625,3814,0.0,0.0
2022-01-21 00:00:00+09:00,115101.23634708738,119623.07063215153,113128.07229542303,118554.2734375,3676,0.0,0.0
2022-01-24 00:00:00+09:00,118554.27636245675,119951.93426686851,116992.18811634948,118800.921875,1764,0.0,0.0
2022-01-25 00:00:00+09:00,118883.14821428571,119376.43928571428,116087.83214285714,117978.78125,1505,0.0,0.0
2022-01-26 00:00:00+09:00,117567.690459849,119951.93033630747,116334.46293754289,119787.5,1260,0.0,0.0
2022-01-27 00:00:00+09:00,119787.49068754239,121185.14843749999,117156.60551115162,121185.1484375,2106,0.0,0.0
2022-01-28 00:00:00+09:00,119458.64674213436,121349.59572704081,118307.63431653912,120856.3046875,1303,0.0,0.0
2022-01-31 00:00:00+09:00,122500.5950328062,124884.83480190109,121185.15240158144,122171.734375,2304,0.0,0.0
2022-02-01 00:00:00+09:00,123404.96907552083,124967.05729166667,121431.80501302083,122336.171875,1930,0.0,0.0
2022-02-02 00:00:00+09:00,123733.82877474219,124555.9804609531,122253.95573956255,123569.3984375,1313,0.0,0.0
2022-02-03 00:00:00+09:00,123569.39585229152,125295.91435721377,123240.5351846873,124227.1171875,1196,0.0,0.0
2022-02-04 00:00:00+09:00,123240.53742878688,123898.25877597186,122171.74023961126,122665.03125,1252,0.0,0.0
2022-02-07 00:00:00+09:00,122665.02134921981,122993.88199626865,120280.78165811567,121185.1484375,761,0.0,0.0
2022-02-08 00:00:00+09:00,120938.4984870348,121678.43491557546,118800.90436013955,119294.1953125,1020,0.0,0.0
2022-02-09 00:00:00+09:00,118800.91959635417,121020.72916666667,117485.47688802083,120363.0078125,1540,0.0,0.0
2022-02-10 00:00:00+09:00,120938.52263380929,123076.1171875,120363.01640781564,123076.1171875,1765,0.0,0.0
2022-02-14 00:00:00+09:00,121020.73113854595,122336.17386831275,119623.07323816871,119869.71875,871,0.0,0.0
2022-02-15 00:00:00+09:00,119869.71613860957,120609.65265798371,117896.55208694522,118554.2734375,1765,0.0,0.0
2022-02-16 00:00:00+09:00,119211.99317811857,120691.86619688141,118389.84150102809,119951.9296875,831,0.0,0.0
2022-02-17 00:00:00+09:00,119951.92203830917,121925.08593750001,119869.7068758429,121925.0859375,830,0.0,0.0
2022-02-18 00:00:00+09:00,121842.8841233931,122007.31446633965,120116.36552245433,121514.0234375,947,0.0,0.0
2022-02-21 00:00:00+09:00,121267.37894096035,121349.5941131237,120198.58170283663,120280.796875,662,0.0,0.0
2022-02-22 00:00:00+09:00,119294.22908301327,119869.73535701816,116827.77362299232,117732.140625,1490,0.0,0.0
2022-02-24 00:00:00+09:00,118225.40689197424,120034.14051619082,116334.45810302054,118060.9765625,2685,0.0,0.0
2022-02-25 00:00:00+09:00,118060.99376299376,118636.5,117403.27234927236,118636.5,1500,0.0,0.0
2022-02-28 00:00:00+09:00,117567.68177011394,119129.769849577,116663.31498726692,119047.5546875,2265,0.0,0.0
2022-03-01 00:00:00+09:00,119705.29103448275,120774.08827586207,118307.63310344827,119212.0,1545,0.0,0.0
2022-03-02 00:00:00+09:00,119705.3089347079,120527.46078178694,117978.79005584192,119623.09375,1438,0.0,0.0
2022-03-03 00:00:00+09:00,120198.60004295532,120363.03041237112,119623.09375,119623.09375,1098,0.0,0.0
2022-03-04 00:00:00+09:00,120198.59286820372,120445.23840760496,118307.64373279423,119458.65625,1198,0.0,0.0
2022-03-07 00:00:00+09:00,119869.70991847826,120198.57057669082,118143.19146286232,119129.7734375,1389,0.0,0.0
2022-03-08 00:00:00+09:00,118965.35292239253,119211.99843639888,116581.11295366456,116663.328125,1319,0.0,0.0
2022-03-09 00:00:00+09:00,116663.33907255901,117978.78193736589,114936.8203125,114936.8203125,1911,0.0,0.0
2022-03-10 00:00:00+09:00,115676.74538278546,119623.07358347751,115676.74538278546,118800.921875,1797,0.0,0.0
2022-03-11 00:00:00+09:00,121102.95205344647,121349.59757697691,117403.26920048986,117485.484375,2164,0.0,0.0
2022-03-14 00:00:00+09:00,118225.42454108392,118883.14595716784,117567.703125,117567.703125,1145,0.0,0.0
2022-03-15 00:00:00+09:00,117567.69205729167,118143.1982421875,115430.09765625,116416.6796875,1440,0.0,0.0
2022-03-16 00:00:00+09:00,116827.7484570584,118883.12756432545,116334.45747131432,118225.40625,1332,0.0,0.0
2022-03-17 00:00:00+09:00,118472.07409239505,119540.87142980042,118389.85891259463,119458.65625,1100,0.0,0.0
2022-03-18 00:00:00+09:00,119540.85967363481,120691.87207764505,118883.13829991467,120445.2265625,2108,0.0,0.0
2022-03-22 00:00:00+09:00,120445.22927316953,125295.92451352243,119787.5078846471,124638.203125,1992,0.0,0.0
2022-03-23 00:00:00+09:00,124884.83583821071,124884.83583821071,121760.65956312709,122911.671875,1230,0.0,0.0
2022-03-24 00:00:00+09:00,122747.2534842309,125213.70867815382,121678.45623353096,124802.6328125,1971,0.0,0.0
2022-03-25 00:00:00+09:00,124555.98472869507,124802.63024300932,123322.75715712384,123487.1875,907,0.0,0.0
2022-03-28 00:00:00+09:00,123980.46912030941,125295.91176349571,123569.39329431369,124884.8359375,963,0.0,0.0
2022-03-29 00:00:00+09:00,125378.11993024011,126693.5625,124802.61380597015,126693.5625,1610,0.0,0.0
2022-03-30 00:00:00+09:00,127433.50605867346,127844.58188466918,123404.9629639154,124884.8359375,1352,0.0,0.0
2022-03-31 00:00:00+09:00,124884.82896658014,127022.42314243998,124144.8925210902,126693.5625,1832,0.0,0.0
2022-04-01 00:00:00+09:00,125460.354105869,127104.65756728275,123733.83547138456,126775.796875,2148,0.0,0.0
2022-04-04 00:00:00+09:00,129077.81310718913,129077.81310718913,125295.91539831606,126940.21875,1855,0.0,0.0
2022-04-05 00:00:00+09:00,126693.58198345944,128009.02475551353,126035.8605974324,127680.1640625,1125,0.0,0.0
2022-04-06 00:00:00+09:00,127597.92926670992,127680.14442731992,126446.91701817002,126693.5625,916,0.0,0.0
2022-04-07 00:00:00+09:00,126775.79763769789,126775.79763769789,124227.12725717349,124638.203125,836,0.0,0.0
2022-04-08 00:00:00+09:00,124144.90559895833,124967.05729166667,122336.171875,122336.171875,1517,0.0,0.0
2022-04-11 00:00:00+09:00,122253.94965335264,124227.11360202814,122253.94965335264,124144.8984375,937,0.0,0.0
2022-04-12 00:00:00+09:00,124144.89444259011,124802.6157376502,123158.3125,123158.3125,799,0.0,0.0
2022-04-13 00:00:00+09:00,123158.31164284534,124967.04519167216,122418.37519105253,124391.5390625,871,0.0,0.0
2022-04-14 00:00:00+09:00,124309.32748513871,124720.40330354194,123322.74552097094,124473.7578125,773,0.0,0.0
2022-04-15 00:00:00+09:00,124473.75973972148,124720.40523458223,123816.03842009284,123980.46875,410,0.0,0.0
2022-04-18 00:00:00+09:00,123980.48595297031,124884.85289294555,123816.05560024754,124555.9921875,449,0.0,0.0
2022-04-19 00:00:00+09:00,124967.04519167216,125213.6906756031,123651.6026107072,124391.5390625,1898,0.0,0.0
2022-04-20 00:00:00+09:00,124884.84807981928,124884.84807981928,122418.39288403615,122829.46875,1973,0.0,0.0
2022-04-21 00:00:00+09:00,122829.46865736166,125953.6452363307,122829.46865736166,124802.6328125,1491,0.0,0.0
2022-04-22 00:00:00+09:00,124802.61678832116,124967.04711347047,123158.31353682814,123898.25,1833,0.0,0.0
2022-04-25 00:00:00+09:00,123487.17378634692,123898.24959788602,122089.51602711398,122993.8828125,1044,0.0,0.0
2022-04-26 00:00:00+09:00,123076.12635005024,124227.13888772606,122500.62008121233,122747.265625,2188,0.0,0.0
2022-04-27 00:00:00+09:00,122500.59223623092,124309.32581287326,122418.37707365627,123898.25,1315,0.0,0.0
2022-04-28 00:00:00+09:00,123322.74369942685,123898.24983669084,121925.08593750001,121925.0859375,2464,0.0,0.0
2022-05-02 00:00:00+09:00,121102.93431283717,122665.02239969657,119869.7068758429,121925.0859375,2077,0.0,0.0
2022-05-06 00:00:00+09:00,122665.0253617093,122747.24052616084,121349.58273048453,122171.734375,1758,0.0,0.0
2022-05-09 00:00:00+09:00,121842.87077503372,123076.098212028,121514.01012516858,121925.0859375,1896,0.0,0.0
2022-05-10 00:00:00+09:00,121760.66601694915,122418.38737288135,120938.5143220339,121267.375,2493,0.0,0.0
2022-05-11 00:00:00+09:00,120609.65102917237,121349.5875385538,118800.91733957334,119951.9296875,2321,0.0,0.0
2022-05-12 00:00:00+09:00,118883.13087551654,120609.64937370869,118883.13087551654,119376.421875,2418,0.0,0.0
2022-05-13 00:00:00+09:00,119951.94264975289,121349.60065184049,119951.94264975289,120609.6640625,2495,0.0,0.0
2022-05-16 00:00:00+09:00,121267.37696243192,122089.52867065181,120691.87076667801,120774.0859375,1466,0.0,0.0
2022-05-17 00:00:00+09:00,120774.09820824882,122171.75625422582,120774.09820824882,121596.25,1028,0.0,0.0
2022-05-18 00:00:00+09:00,122500.60124542582,124062.68944922654,122418.38607680472,123569.3984375,1711,0.0,0.0
2022-05-19 00:00:00+09:00,122829.46612849535,123980.47852862849,122500.605442743,123487.1875,1606,0.0,0.0
2022-05-20 00:00:00+09:00,124062.6904296875,124144.90559895833,121925.09602864583,122336.171875,1390,0.0,0.0
2022-05-23 00:00:00+09:00,122582.805322364,123322.74177300201,122418.375,122418.375,877,0.0,0.0
2022-05-24 00:00:00+09:00,122665.01942567567,122665.01942567567,121185.14653716216,121678.4375,1204,0.0,0.0
2022-05-25 00:00:00+09:00,122418.37707365627,123980.46516257465,122089.51642335767,123898.25,1564,0.0,0.0
2022-05-26 00:00:00+09:00,123816.07099817153,124556.00767744347,123240.56469207113,123651.640625,1341,0.0,0.0
2022-05-27 00:00:00+09:00,123404.9778880678,124062.6992892034,122007.31991065464,123076.1171875,6274,0.0,0.0
2022-05-30 00:00:00+09:00,123211.1393001346,125224.1191117093,123211.1393001346,124637.0,1891,2961.0,0.0
2022-05-31 00:00:00+09:00,124636.99199414716,125391.859375,123798.25045986622,125391.859375,3048,0.0,0.0
2022-06-01 00:00:00+09:00,124385.38420348059,125978.99330655957,124217.6358768407,125308.0,1253,0.0,0.0
2022-06-02 00:00:00+09:00,125895.10222948379,126901.59205410324,125475.73146922568,126733.84375,1451,0.0,0.0
2022-06-03 00:00:00+09:00,126985.47960098399,127740.3470490744,125475.7447048032,125727.3671875,1857,0.0,0.0
2022-06-06 00:00:00+09:00,125727.38129225757,127572.61303904188,125727.38129225757,127153.2421875,1415,0.0,0.0
2022-06-07 00:00:00+09:00,127572.58338994566,128495.19904891305,126398.34527853262,127320.9609375,1273,0.0,0.0
2022-06-08 00:00:00+09:00,127320.97907421105,127908.09821355194,126817.73409763315,127572.6015625,919,0.0,0.0
2022-06-09 00:00:00+09:00,127572.60573496888,128411.34739003114,127237.10907294397,127991.9765625,1131,0.0,0.0
2022-06-10 00:00:00+09:00,127991.97632921366,127991.97632921366,126398.3671875,126398.3671875,1366,0.0,0.0
2022-06-13 00:00:00+09:00,126062.86493963782,126062.86493963782,124720.87835345406,125056.375,1153,0.0,0.0
2022-06-14 00:00:00+09:00,124804.75617283951,124804.75617283951,121785.28626543209,122288.53125,1742,0.0,0.0
2022-06-15 00:00:00+09:00,122288.53414676967,123546.64663799158,118262.57417485956,119436.8125,2306,0.0,0.0
2022-06-16 00:00:00+09:00,120946.55799403526,123127.28650155601,120778.8096473029,121282.0546875,1867,0.0,0.0
2022-06-17 00:00:00+09:00,120359.40860940739,122288.51411325156,118849.67386726849,121365.8984375,1925,0.0,0.0
2022-06-20 00:00:00+09:00,122204.65400627162,122288.52816825258,120275.54828070934,121198.1640625,1277,0.0,0.0
2022-06-21 00:00:00+09:00,121533.65792987596,122204.65121037216,121114.28712956583,121701.40625,1114,0.0,0.0
2022-06-22 00:00:00+09:00,122540.15803027003,122791.78053135888,120275.55552047037,120359.4296875,1752,0.0,0.0
2022-06-23 00:00:00+09:00,120359.42244269031,122959.52146410034,120359.42244269031,121198.1640625,1775,0.0,0.0
2022-06-24 00:00:00+09:00,121198.18051413381,121617.55138096472,120527.18712720435,121282.0546875,1042,0.0,0.0
2022-06-27 00:00:00+09:00,122120.78956343794,122959.53125,121701.4187201569,122959.53125,727,0.0,0.0
2022-06-28 00:00:00+09:00,122707.90039062501,125224.12527901787,122707.90039062501,124469.2578125,1137,0.0,0.0
2022-06-29 00:00:00+09:00,124049.87040256367,125475.73098190349,123882.12209911193,125140.234375,1256,0.0,0.0
2022-06-30 00:00:00+09:00,125224.12583668005,125811.24497991968,124637.00669344042,125308.0,1192,0.0,0.0
2022-07-01 00:00:00+09:00,125391.88767817983,125643.51019525979,123546.65588626012,124301.5234375,997,0.0,0.0
2022-07-04 00:00:00+09:00,125224.1381396812,125475.76065436243,123546.65470847316,124972.515625,988,0.0,0.0
2022-07-05 00:00:00+09:00,124972.50279017858,124972.50279017858,123630.51618303572,124469.2578125,1511,0.0,0.0
2022-07-06 00:00:00+09:00,124217.63702417695,124469.25951646091,122288.53125,122288.53125,1047,0.0,0.0
2022-07-07 00:00:00+09:00,122540.15095094775,123378.8925727886,122288.5284643955,122791.7734375,765,0.0,0.0
2022-07-08 00:00:00+09:00,123043.3919612069,123295.01443965518,121617.53125,121617.53125,614,0.0,0.0
2022-07-11 00:00:00+09:00,122288.53955211172,123630.52626873297,122288.53955211172,123127.28125,541,0.0,0.0
2022-07-12 00:00:00+09:00,122875.65874063352,124133.77128746593,122204.66538232288,123127.28125,1230,0.0,0.0
2022-07-13 00:00:00+09:00,123378.8984375,124385.38843155168,123295.02427132904,123378.8984375,585,0.0,0.0
2022-07-14 00:00:00+09:00,123127.27593898709,123630.52093601292,122624.03094196126,123378.8984375,452,0.0,0.0
2022-07-15 00:00:00+09:00,123714.4004385218,124133.77128746593,122959.53291042233,123127.28125,794,0.0,0.0
2022-07-19 00:00:00+09:00,123965.99625083781,125727.3534370811,123965.99625083781,125140.234375,1354,0.0,0.0
2022-07-20 00:00:00+09:00,124637.00000000001,124804.74831763124,122540.14602960969,124637.0,1674,0.0,0.0
2022-07-21 00:00:00+09:00,124804.7382528127,126733.84375,124804.7382528127,126733.84375,1553,0.0,0.0
2022-07-22 00:00:00+09:00,126733.84902913627,126817.72318468169,125643.48500704575,126482.2265625,856,0.0,0.0
2022-07-25 00:00:00+09:00,126733.85551229508,128243.59038934426,126649.98135245901,127908.09375,1570,0.0,0.0
2022-07-26 00:00:00+09:00,128075.83784950657,128327.46032072368,126985.47380756578,127488.71875,729,0.0,0.0
2022-07-27 00:00:00+09:00,127153.24431446336,128746.85357697972,127153.24431446336,128159.734375,1338,0.0,0.0
2022-07-28 00:00:00+09:00,128243.6155400704,128495.238068926,127656.49630607401,128075.8671875,714,0.0,0.0
2022-07-29 00:00:00+09:00,128495.20565960913,128998.45059039089,127237.09333265472,128746.828125,1216,0.0,0.0
2022-08-01 00:00:00+09:00,129082.32600482315,130424.3125,128662.95522508038,130424.3125,1531,0.0,0.0
2022-08-02 00:00:00+09:00,130424.2989940768,131011.4180249183,127404.82969260622,128327.4453125,1529,0.0,0.0
2022-08-03 00:00:00+09:00,128746.84624918725,129333.96541775033,127572.60791206111,128998.46875,1050,0.0,0.0
2022-08-04 00:00:00+09:00,129166.19869251944,129921.06608747572,129082.3245375243,129501.6953125,950,0.0,0.0
2022-08-05 00:00:00+09:00,129585.58791856306,129585.58791856306,128411.34958143692,128998.46875,775,0.0,0.0
2022-08-08 00:00:00+09:00,128998.47124432187,129501.71625567813,128243.60372728747,129250.09375,516,0.0,0.0
2022-08-09 00:00:00+09:00,129166.20758056639,129753.3267059326,128662.96261596678,128830.7109375,916,0.0,0.0
2022-08-10 00:00:00+09:00,128830.71821756226,129417.83737610583,127824.22823148755,127991.9765625,901,0.0,0.0
2022-08-12 00:00:00+09:00,127991.98154985314,128495.2265625,127572.61070598074,128495.2265625,1105,0.0,0.0
2022-08-15 00:00:00+09:00,128998.46150274549,129837.203125,128579.09069161821,129837.203125,633,0.0,0.0
2022-08-16 00:00:00+09:00,129837.19676074407,130759.8125,129417.82597017319,130759.8125,813,0.0,0.0
2022-08-17 00:00:00+09:00,130424.30383787806,131263.04534165864,130172.68138674389,130340.4296875,723,0.0,0.0
2022-08-18 00:00:00+09:00,130424.33641174123,131514.70063897764,129333.9721845048,131263.078125,1560,0.0,0.0
2022-08-19 00:00:00+09:00,131011.44750635324,132269.55999841169,130340.45417725541,132017.9375,1483,0.0,0.0
2022-08-22 00:00:00+09:00,131514.68609505458,131514.68609505458,130340.44782634874,130592.0703125,968,0.0,0.0
2022-08-23 00:00:00+09:00,131263.06023120575,131430.80855099,130172.69615260787,130256.5703125,932,0.0,0.0
2022-08-24 00:00:00+09:00,130424.2978597689,131263.03932510506,129417.80810136555,129753.3046875,1089,0.0,0.0
2022-08-25 00:00:00+09:00,130172.70927419355,130340.4576108871,129333.9675907258,130004.9609375,820,0.0,0.0
2022-08-26 00:00:00+09:00,130004.95978417843,130675.953125,129501.71477856225,130675.953125,626,0.0,0.0
2022-08-29 00:00:00+09:00,129501.70287347071,130340.44447239215,128998.45791411784,130256.5703125,1661,0.0,0.0
2022-08-30 00:00:00+09:00,130256.5791878576,131934.0625,129921.08252542913,131934.0625,765,0.0,0.0
2022-08-31 00:00:00+09:00,131934.04816034704,131934.04816034704,129837.19424807199,130508.1875,1243,0.0,0.0
2022-09-01 00:00:00+09:00,130256.5747760652,130340.44893883151,128830.71400903809,129921.078125,1134,0.0,0.0
2022-09-02 00:00:00+09:00,130843.66859243698,131179.16517857142,129753.3046875,129753.3046875,655,0.0,0.0
2022-09-05 00:00:00+09:00,129417.83231387274,130675.94474725453,129417.83231387274,129837.203125,465,0.0,0.0
2022-09-06 00:00:00+09:00,129837.22902562862,130424.3482783285,129417.858130843,130088.8515625,493,0.0,0.0
2022-09-07 00:00:00+09:00,130172.72574145712,130675.97081519986,129921.10320458574,130088.8515625,832,0.0,0.0
2022-09-08 00:00:00+09:00,130424.33641174123,131850.19732428115,130256.58806908947,131263.078125,1046,0.0,0.0
2022-09-09 00:00:00+09:00,130675.96139588648,132101.82233537946,130592.08722297513,131514.703125,1500,0.0,0.0
2022-09-12 00:00:00+09:00,131766.31416878576,132437.30749364273,131430.81750635727,131934.0625,657,0.0,0.0
2022-09-13 00:00:00+09:00,131766.32409305993,132940.5625,131682.44992113565,132940.5625,905,0.0,0.0
2022-09-14 00:00:00+09:00,132437.30749364273,132605.05582485697,131598.5658375715,131934.0625,730,0.0,0.0
2022-09-15 00:00:00+09:00,132353.44412042876,133108.3116724464,131934.0732581967,133024.4375,1011,0.0,0.0
2022-09-16 00:00:00+09:00,132772.79552734375,134701.9012109375,132772.79552734375,134198.65625,2061,0.0,0.0
2022-09-20 00:00:00+09:00,134282.55756269593,134618.05427115987,133108.3190830721,133779.3125,802,0.0,0.0
2022-09-21 00:00:00+09:00,133359.93501890358,133611.55753780718,132605.06746219282,133108.3125,777,0.0,0.0
2022-09-22 00:00:00+09:00,132605.03379498108,133527.64946338386,131682.4181265783,132856.65625,855,0.0,0.0
2022-09-26 00:00:00+09:00,132521.1848122593,133024.42981787547,130256.58228698651,130675.953125,1068,0.0,0.0
2022-09-27 00:00:00+09:00,130424.33832338368,131263.08004893598,128579.10652716861,129082.3515625,2192,0.0,0.0
2022-09-28 00:00:00+09:00,129082.3379165974,129166.2120802859,124972.50389586104,126146.7421875,2354,0.0,0.0
2022-09-29 00:00:00+09:00,127656.475725263,129333.95898052269,127069.3565859221,127572.6015625,1460,0.0,0.0
2022-09-30 00:00:00+09:00,126649.99021506263,127908.10270064272,125140.25523236651,127237.109375,2260,0.0,0.0
2022-10-03 00:00:00+09:00,127237.11635780837,127824.23554996701,125475.75878133245,127153.2421875,1610,0.0,0.0
2022-10-04 00:00:00+09:00,127572.60184151787,129333.95926339287,127320.97935267858,129166.2109375,1148,0.0,0.0
2022-10-05 00:00:00+09:00,128998.45782786886,129921.07358606558,127488.72295081968,127908.09375,1856,0.0,0.0
2022-10-06 00:00:00+09:00,128243.57116523694,128662.94190155229,126649.96236723856,128327.4453125,1548,0.0,0.0
2022-10-07 00:00:00+09:00,127237.109375,127824.22853493739,126733.86438076796,127237.109375,1362,0.0,0.0
2022-10-11 00:00:00+09:00,126901.61050145348,126901.61050145348,125224.12721656976,126230.6171875,1574,0.0,0.0
2022-10-12 00:00:00+09:00,126482.24135285335,127069.3605103268,126230.6188567933,126398.3671875,1592,0.0,0.0
2022-10-13 00:00:00+09:00,126398.35006893383,126398.35006893383,124804.74114304813,125475.734375,1186,0.0,0.0
2022-10-14 00:00:00+09:00,125559.6410187752,126314.50860005041,124804.7734375,124804.7734375,1887,0.0,0.0
2022-10-17 00:00:00+09:00,124469.26762440758,124888.63847219871,123127.28091147596,123882.1484375,1320,0.0,0.0
2022-10-18 00:00:00+09:00,124217.64677886241,125056.38848567444,123462.77924273159,124049.8984375,2023,0.0,0.0
2022-10-19 00:00:00+09:00,124133.76455479453,124301.51288527397,122372.40708476027,122456.28125,1241,0.0,0.0
2022-10-20 00:00:00+09:00,122288.52957589287,122791.77455357143,121449.78794642858,122120.78125,1953,0.0,0.0
2022-10-21 00:00:00+09:00,122288.53940217392,122540.16191123189,120862.67851751207,121533.671875,1985,0.0,0.0
2022-10-24 00:00:00+09:00,121533.66267167941,121701.4109983484,120443.298548331,120611.046875,1007,0.0,0.0
2022-10-25 00:00:00+09:00,120778.79132231405,121869.1554106405,120778.79132231405,121785.28125,1425,0.0,0.0
2022-10-26 00:00:00+09:00,122288.53012048193,125559.62248995983,122288.53012048193,125308.0,3196,0.0,0.0
2022-10-27 00:00:00+09:00,124972.5036145076,126901.609375,124720.88112400859,126901.609375,2151,0.0,0.0
2022-10-28 00:00:00+09:00,126146.74079552926,127824.22405078897,126146.74079552926,127572.6015625,2020,0.0,0.0
2022-10-31 00:00:00+09:00,127824.22681059624,129837.20676036942,127237.10765857907,129417.8359375,2731,0.0,0.0
2022-11-01 00:00:00+09:00,129333.95181205902,130759.8125,127488.72033354716,130759.8125,2447,0.0,0.0
2022-11-02 00:00:00+09:00,130759.79558312909,130759.79558312909,128327.4453125,128327.4453125,2506,0.0,0.0
2022-11-04 00:00:00+09:00,127488.73187211603,128159.72519775874,126733.86438076796,127237.109375,1441,0.0,0.0
2022-11-07 00:00:00+09:00,127572.60184151787,128579.09179687501,126482.23772321429,126817.734375,1149,0.0,0.0
2022-11-08 00:00:00+09:00,127572.59711065574,128746.83534836066,127404.84879098361,127908.09375,1015,0.0,0.0
2022-11-09 00:00:00+09:00,127991.9930112148,128662.9864214964,127572.62212978881,128075.8671875,802,0.0,0.0
2022-11-10 00:00:00+09:00,128159.7162295082,128495.21286885247,127572.59711065574,127908.09375,755,0.0,0.0
2022-11-11 00:00:00+09:00,129082.34541288124,129837.21292991564,128746.84873864373,129250.09375,1337,0.0,0.0
2022-11-14 00:00:00+09:00,128746.84068556997,129082.33733882227,127237.10574593462,127656.4765625,1578,0.0,0.0
2022-11-15 00:00:00+09:00,127824.22237080317,128411.34150242759,126901.6065925362,127404.8515625,1548,0.0,0.0
2022-11-16 00:00:00+09:00,127740.3316915761,127740.3316915761,127153.21263586957,127320.9609375,811,0.0,0.0
2022-11-17 00:00:00+09:00,127572.60822535153,128411.34989678711,127572.60822535153,128243.6015625,774,0.0,0.0
2022-11-18 00:00:00+09:00,128327.48271842278,128495.23106184555,127404.86682959751,128159.734375,849,0.0,0.0
2022-11-21 00:00:00+09:00,128159.71765136717,129417.8300628662,128075.84349060057,128830.7109375,1142,0.0,0.0
2022-11-22 00:00:00+09:00,128830.70950819673,129166.20614754099,127572.59711065574,127908.09375,1454,0.0,0.0
2022-11-24 00:00:00+09:00,127908.09375,128746.83534836066,127656.4712704918,127908.09375,1565,0.0,0.0
2022-11-25 00:00:00+09:00,127824.20905453952,128998.44719546048,127740.33490161659,128411.328125,2025,0.0,0.0
2022-11-28 00:00:00+09:00,129082.3115152311,129837.17883403362,127908.0734637605,129753.3046875,5716,0.0,0.0
2022-11-29 00:00:00+09:00,129940.68149628025,131052.74789486593,129855.13792715827,130796.1171875,2506,3019.0,0.0
2022-11-30 00:00:00+09:00,130796.11056708415,131223.82839104452,130197.30561353962,130625.0234375,1144,0.0,0.0
2022-12-01 00:00:00+09:00,130710.54065614619,131138.25839389535,128315.32132475082,128743.0390625,1663,0.0,0.0
2022-12-02 00:00:00+09:00,129855.12572019038,129855.12572019038,127887.62381533901,128058.7109375,1148,0.0,0.0
2022-12-05 00:00:00+09:00,128486.42944416833,129085.234375,127802.08095178926,129085.234375,676,0.0,0.0
2022-12-06 00:00:00+09:00,129085.23835311268,130282.84825168365,128999.69478892905,130197.3046875,985,0.0,0.0
2022-12-07 00:00:00+09:00,130197.31039129362,130539.48466301845,129512.96184784398,129940.6796875,1484,0.0,0.0
2022-12-08 00:00:00+09:00,130026.23524590164,130796.12742827869,129170.79948770492,130453.953125,1649,0.0,0.0
2022-12-09 00:00:00+09:00,130881.64653577302,131565.99501439143,130026.2109375,130026.2109375,1559,0.0,0.0
2022-12-12 00:00:00+09:00,130026.2109375,130197.2980571546,129170.77533922697,130026.2109375,907,0.0,0.0
2022-12-13 00:00:00+09:00,130368.39752715603,130796.11536681205,129598.50541577519,129940.6796875,788,0.0,0.0
2022-12-14 00:00:00+09:00,130026.22387328543,130967.20312499999,129940.68030494775,130967.203125,1408,0.0,0.0
2022-12-15 00:00:00+09:00,130967.1926982004,132335.8896826362,130368.38776750973,131908.171875,1343,0.0,0.0
2022-12-16 00:00:00+09:00,131908.1827016129,133276.8797983871,131566.00842741935,132592.53125,2729,0.0,0.0
2022-12-19 00:00:00+09:00,131993.7147314134,132335.88897569446,130368.38707107844,130881.6484375,835,0.0,0.0
2022-12-20 00:00:00+09:00,130881.65853968792,131480.46351339892,124636.97809955903,126091.21875,3144,0.0,0.0
2022-12-21 00:00:00+09:00,126604.4875995355,130026.23050763104,126518.94402683311,128914.1640625,1990,0.0,0.0
2022-12-22 00:00:00+09:00,128999.69570645056,130796.11056708415,128743.06501207432,130625.0234375,1186,0.0,0.0
2022-12-23 00:00:00+09:00,130796.10224635278,131309.36360245358,128657.51326259947,128999.6875,1294,0.0,0.0
2022-12-26 00:00:00+09:00,128828.59685642338,130111.75021156704,127973.16128632761,129512.9453125,1484,0.0,0.0
2022-12-27 00:00:00+09:00,129512.95709520302,130967.1976966683,128999.69570645056,130625.0234375,1094,0.0,0.0
2022-12-28 00:00:00+09:00,130282.84351000817,131052.73555964053,130282.84351000817,130881.6484375,1388,0.0,0.0
2022-12-29 00:00:00+09:00,130881.65320096913,130967.19676515277,129769.58686658181,130197.3046875,431,0.0,0.0
2022-12-30 00:00:00+09:00,130026.23524590164,131309.38888319672,129940.69167008197,130453.953125,692,0.0,0.0
2023-01-04 00:00:00+09:00,130539.45356104651,130539.45356104651,128657.49551495016,128743.0390625,604,0.0,0.0
2023-01-05 00:00:00+09:00,128743.08246527778,129598.51822916666,125663.51371527778,127032.2109375,2442,0.0,0.0
2023-01-06 00:00:00+09:00,125920.11955040871,126433.38090727178,124551.42259877383,125577.9453125,1500,0.0,0.0
2023-01-10 00:00:00+09:00,126176.74786111583,126262.29141898776,125577.94295601222,125920.1171875,833,0.0,0.0
2023-01-11 00:00:00+09:00,126604.47563559322,127117.73702330508,125920.12711864406,126176.7578125,787,0.0,0.0
2023-01-12 00:00:00+09:00,126176.76289597603,126176.76289597603,124551.43510273974,124893.609375,1188,0.0,0.0
2023-01-13 00:00:00+09:00,124722.5234375,125577.95912637174,124380.34916195131,124722.5234375,1540,0.0,0.0
2023-01-16 00:00:00+09:00,124722.5225288197,125321.32750666725,123610.45614138851,124294.8046875,859,0.0,0.0
2023-01-17 00:00:00+09:00,124038.16335622393,124465.88116090056,122926.09706406467,123011.640625,1121,0.0,0.0
2023-01-18 00:00:00+09:00,123695.99942208905,126433.39360017124,122241.75876498288,124893.609375,1642,0.0,0.0
2023-01-19 00:00:00+09:00,123952.61690750175,124209.24758432888,121386.3101392305,121728.484375,1329,0.0,0.0
2023-01-20 00:00:00+09:00,121386.30874650838,122755.00567388268,120787.50384078213,122498.375,1290,0.0,0.0
2023-01-23 00:00:00+09:00,122498.37949860239,124465.88140395703,121985.11813198813,122412.8359375,1501,0.0,0.0
2023-01-24 00:00:00+09:00,122840.5539636239,124893.59943376802,122840.5539636239,124636.96875,1276,0.0,0.0
2023-01-25 00:00:00+09:00,124722.52161386395,125492.4137225915,123781.5423698636,123867.0859375,665,0.0,0.0
2023-01-26 00:00:00+09:00,124465.87900152439,124465.87900152439,121985.11577743902,122755.0078125,820,0.0,0.0
2023-01-27 00:00:00+09:00,123182.73919753087,124722.5234375,123097.19562864369,124722.5234375,912,0.0,0.0
2023-01-30 00:00:00+09:00,124722.5309193686,125492.42308553754,124465.90019731228,125321.3359375,654,0.0,0.0
2023-01-31 00:00:00+09:00,125321.3124127095,125406.8559706704,122498.375,122498.375,854,0.0,0.0
2023-02-01 00:00:00+09:00,122498.37618006993,123439.35532670455,122156.20194493007,122327.2890625,945,0.0,0.0
2023-02-02 00:00:00+09:00,122327.29833743842,122583.92903325123,120873.0577278325,121557.40625,1525,0.0,0.0
2023-02-03 00:00:00+09:00,121471.86507586451,121642.95220977417,119932.0808706775,121215.234375,1395,0.0,0.0
2023-02-06 00:00:00+09:00,121642.94388757861,122412.8359375,121557.40032647624,122412.8359375,1273,0.0,0.0
2023-02-07 00:00:00+09:00,121985.12407635468,122583.92903325123,121386.31911945813,121557.40625,959,0.0,0.0
2023-02-08 00:00:00+09:00,121471.85606060606,121814.0303030303,120616.42045454546,121386.3125,981,0.0,0.0
2023-02-09 00:00:00+09:00,121129.69200530036,121386.32270870142,120701.97416629859,121044.1484375,1202,0.0,0.0
2023-02-10 00:00:00+09:00,121215.24250886525,121215.24250886525,120017.63249113476,120616.4375,1027,0.0,0.0
2023-02-13 00:00:00+09:00,120958.60424091233,120958.60424091233,119675.45073057733,120017.625,829,0.0,0.0
2023-02-14 00:00:00+09:00,120445.3422724065,121557.40864281934,120445.3422724065,121215.234375,866,0.0,0.0
2023-02-15 00:00:00+09:00,120958.5997039708,120958.5997039708,119675.44624176461,120103.1640625,1150,0.0,0.0
2023-02-16 00:00:00+09:00,120274.25513849682,121215.234375,120274.25513849682,121215.234375,957,0.0,0.0
2023-02-17 00:00:00+09:00,120958.6036741355,121215.234375,120017.62443763233,121215.234375,787,0.0,0.0
2023-02-20 00:00:00+09:00,121215.23619262439,122156.21544323757,120873.06191967415,122070.671875,867,0.0,0.0
2023-02-21 00:00:00+09:00,122156.20454545454,122156.20454545454,121300.76893939395,121386.3125,1135,0.0,0.0
2023-02-22 00:00:00+09:00,121300.78245277189,121899.5874437235,120445.34675141242,121129.6953125,1852,0.0,0.0
2023-02-24 00:00:00+09:00,120873.04950457317,123011.63849085366,120873.04950457317,122755.0078125,2054,0.0,0.0
2023-02-27 00:00:00+09:00,123182.72302904565,123781.52793265907,122840.5487984094,123695.984375,1536,0.0,0.0
2023-02-28 00:00:00+09:00,123695.99363909186,124038.1678953549,122926.1015625,122926.1015625,1560,0.0,0.0
2023-03-01 00:00:00+09:00,122926.08768895862,123011.63124336986,120616.41171985502,120958.5859375,1495,0.0,0.0
2023-03-02 00:00:00+09:00,121129.68181818182,121471.85606060606,120445.33333333334,121386.3125,892,0.0,0.0
2023-03-03 00:00:00+09:00,121899.5862350141,122156.21694287729,121215.23768071226,121300.78125,664,0.0,0.0
2023-03-06 00:00:00+09:00,121642.9396381579,122156.2009868421,121471.85252192983,121899.5703125,822,0.0,0.0
2023-03-07 00:00:00+09:00,122070.66764162562,122156.21120689655,121471.86268472907,121557.40625,543,0.0,0.0
2023-03-08 00:00:00+09:00,121471.86959304378,121642.95673331567,120530.89032154837,121129.6953125,1140,0.0,0.0
2023-03-09 00:00:00+09:00,121386.31462618671,121728.48887460443,121044.14037776898,121642.9453125,455,0.0,0.0
2023-03-10 00:00:00+09:00,121386.31226441971,122327.29142926016,121300.76870397966,121985.1171875,1302,0.0,0.0
2023-03-13 00:00:00+09:00,121557.40984430212,121814.04054770319,120017.62562389576,121044.1484375,839,0.0,0.0
2023-03-14 00:00:00+09:00,120701.95527426626,121471.84726396746,119333.25840368634,120958.5859375,1297,0.0,0.0
2023-03-15 00:00:00+09:00,120873.07009392935,121728.50583415531,118905.56789140962,119247.7421875,1830,0.0,0.0
2023-03-16 00:00:00+09:00,118820.00354189263,118905.54710095807,117023.58880151845,118306.7421875,1953,0.0,0.0
2023-03-17 00:00:00+09:00,118734.4668904209,119932.07678701016,117451.31342978954,117879.03125,2177,0.0,0.0
2023-03-20 00:00:00+09:00,117194.6811283064,118563.37813418443,116424.7890625,116424.7890625,1643,0.0,0.0
2023-03-22 00:00:00+09:00,116424.78948709239,118135.66075067935,116424.78948709239,118050.1171875,1240,0.0,0.0
2023-03-23 00:00:00+09:00,117109.13542433726,117365.76610824742,115654.89488217968,116168.15625,1262,0.0,0.0
2023-03-24 00:00:00+09:00,115825.98412242836,116510.33262536739,115227.17918235673,116424.7890625,1042,0.0,0.0
2023-03-27 00:00:00+09:00,116424.7881233868,116938.04949645096,115911.52675032264,115997.0703125,716,0.0,0.0
2023-03-28 00:00:00+09:00,116339.2438271605,117879.02793663762,115654.89533405956,117793.484375,1142,0.0,0.0
2023-03-29 00:00:00+09:00,118135.65484487411,119247.72111061151,117793.4806092626,118905.546875,1141,0.0,0.0
2023-03-30 00:00:00+09:00,118991.09021004832,120103.15647369364,117280.21903520939,119504.3515625,1416,0.0,0.0
2023-03-31 00:00:00+09:00,119761.00396539293,119846.54753965393,117622.41460886806,118648.9375,1222,0.0,0.0
2023-04-03 00:00:00+09:00,118648.91510416666,122412.83166118422,118221.1973135965,121899.5703125,2234,0.0,0.0
2023-04-04 00:00:00+09:00,123011.64579020013,124123.71212905452,122241.75370945479,123952.625,3245,0.0,0.0
2023-04-05 00:00:00+09:00,123952.63643451144,124722.5285862786,122498.39570339571,123439.375,2129,0.0,0.0
2023-04-06 00:00:00+09:00,122755.00567388268,123353.81057960894,121985.11365223464,122498.375,1935,0.0,0.0
2023-04-07 00:00:00+09:00,122156.20407362178,122669.46543527565,121642.9427119679,122583.921875,1363,0.0,0.0
2023-04-10 00:00:00+09:00,122498.38374217118,123097.18869063152,122327.29661403966,122926.1015625,700,0.0,0.0
2023-04-11 00:00:00+09:00,122840.55374301189,123353.81510962614,121728.487448681,122412.8359375,1559,0.0,0.0
2023-04-12 00:00:00+09:00,122327.30046304423,122583.93116331636,121642.95192898525,121814.0390625,1136,0.0,0.0
2023-04-13 00:00:00+09:00,121557.40927331176,122327.30137989853,121300.77857111617,122241.7578125,754,0.0,0.0
2023-04-14 00:00:00+09:00,123781.53267341794,123781.53267341794,121814.03077190543,123011.640625,1187,0.0,0.0
2023-04-17 00:00:00+09:00,123097.18323665387,123610.44459830775,121899.57339279485,122583.921875,1149,0.0,0.0
2023-04-18 00:00:00+09:00,123097.18869063152,123353.8193828288,122498.38374217118,122926.1015625,598,0.0,0.0
2023-04-19 00:00:00+09:00,122926.10367838542,123353.82150607639,121814.03732638889,123182.734375,728,0.0,0.0
2023-04-20 00:00:00+09:00,123182.72844827587,124294.79474676725,122926.09776400862,124038.1640625,998,0.0,0.0
2023-04-21 00:00:00+09:00,123867.09739077669,123867.09739077669,122755.03090867717,123353.8359375,882,0.0,0.0
2023-04-24 00:00:00+09:00,123353.82453168162,124123.71664040918,123011.65026113605,123867.0859375,598,0.0,0.0
2023-04-25 00:00:00+09:00,124038.16287878789,124380.33712121213,123610.44507575758,124209.25,739,0.0,0.0
2023-04-26 00:00:00+09:00,123952.62950513638,124551.43447859115,123439.36809931802,123867.0859375,1150,0.0,0.0
2023-04-27 00:00:00+09:00,124038.16975855218,124038.16975855218,123353.82123574636,123781.5390625,652,0.0,0.0
2023-04-28 00:00:00+09:00,124123.71845528978,125406.8719885974,123353.82633530522,124722.5234375,1306,0.0,0.0
2023-05-01 00:00:00+09:00,125235.76230348599,125235.76230348599,124294.78321514012,125150.21875,1036,0.0,0.0
2023-05-02 00:00:00+09:00,124893.60937500001,125150.24007919521,123695.99942208905,124893.609375,1213,0.0,0.0
2023-05-08 00:00:00+09:00,124551.44377133106,125492.42308553754,124294.81304927474,125321.3359375,1435,0.0,0.0
2023-05-09 00:00:00+09:00,125920.13219178082,126091.21932791096,124893.60937500001,124893.609375,1900,0.0,0.0
2023-05-10 00:00:00+09:00,125150.2512138518,125406.88194087954,124380.35903276865,124979.1640625,1463,0.0,0.0
2023-05-11 00:00:00+09:00,124722.5234375,124808.06700638718,123952.63131751544,124722.5234375,737,0.0,0.0
2023-05-12 00:00:00+09:00,124722.51828135797,124722.51828135797,123610.45193179854,123781.5390625,988,0.0,0.0
2023-05-15 00:00:00+09:00,123695.99913726993,125749.04476610429,123439.36843366564,125492.4140625,1367,0.0,0.0
2023-05-16 00:00:00+09:00,124893.61861035884,126347.859375,124722.53146157753,126347.859375,1277,0.0,0.0
2023-05-17 00:00:00+09:00,126091.20666936308,126690.01158570332,125492.40175302282,125577.9453125,1431,0.0,0.0
2023-05-18 00:00:00+09:00,126433.3722420158,126604.4593492445,124551.4140625,124551.4140625,1404,0.0,0.0
2023-05-19 00:00:00+09:00,124979.13805090863,125920.1171875,124551.4202615489,125920.1171875,1509,0.0,0.0
2023-05-22 00:00:00+09:00,126176.74786111583,126518.92209260359,125150.22516665251,125920.1171875,1042,0.0,0.0
2023-05-23 00:00:00+09:00,126005.671875,126433.38970213849,125064.69265529532,126005.671875,1104,0.0,0.0
2023-05-24 00:00:00+09:00,125749.05658958048,126262.31804504814,124380.35937500001,124380.359375,1554,0.0,0.0
2023-05-25 00:00:00+09:00,124380.33712121213,125235.77272727274,123524.90151515152,124209.25,1863,0.0,0.0
2023-05-26 00:00:00+09:00,125150.2275151141,125920.11955040871,124636.96615825102,125577.9453125,2156,0.0,0.0
2023-05-29 00:00:00+09:00,126861.09706662736,127117.72774174529,125834.57436615566,126946.640625,4943,0.0,0.0
2023-05-30 00:00:00+09:00,126460.1952426015,127333.53913239848,125848.85451974363,126896.8671875,2408,3043.0,0.0
2023-05-31 00:00:00+09:00,127071.5316916961,128206.87871024734,123578.15625,123578.15625,5977,0.0,0.0
2023-06-01 00:00:00+09:00,125761.51717557252,127420.87052719465,125237.51085400763,125848.8515625,2257,0.0,0.0
2023-06-02 00:00:00+09:00,126460.19369834711,126984.20002582645,125848.85298295454,126809.53125,1209,0.0,0.0
2023-06-05 00:00:00+09:00,127508.2063533058,127770.20951704546,126372.8593104339,126809.53125,1253,0.0,0.0
2023-06-06 00:00:00+09:00,126547.54814319349,127508.22656249999,125936.20733090752,127508.2265625,1859,0.0,0.0
2023-06-07 00:00:00+09:00,126984.2015764797,127246.20474341878,126110.85768668272,126896.8671875,2512,0.0,0.0
2023-06-08 00:00:00+09:00,126984.20978715981,126984.20978715981,124451.51234298674,125150.1875,2039,0.0,0.0
2023-06-09 00:00:00+09:00,126023.5390625,126896.88306154712,125324.86386326229,126023.5390625,1629,0.0,0.0
2023-06-12 00:00:00+09:00,126372.8562716263,127071.53135813148,125761.51557093425,126198.1875,740,0.0,0.0
2023-06-13 00:00:00+09:00,126198.20644137092,126372.87523921364,125150.19365431454,125499.53125,990,0.0,0.0
2023-06-14 00:00:00+09:00,125499.51864395777,126110.859375,125062.8466932133,126110.859375,1360,0.0,0.0
2023-06-15 00:00:00+09:00,126110.85472328243,127071.53297948472,125499.51401479007,125848.8515625,1171,0.0,0.0
2023-06-16 00:00:00+09:00,125936.1936808437,126285.53125,125412.18732710926,126285.53125,1562,0.0,0.0
2023-06-19 00:00:00+09:00,126023.51722658965,126110.85161136206,125237.50776363794,125674.1796875,1331,0.0,0.0
2023-06-20 00:00:00+09:00,125324.84691428073,125499.51569046787,124626.17180953213,125062.84375,978,0.0,0.0
2023-06-21 00:00:00+09:00,124626.18726078636,125761.5344467641,124364.18406402227,125499.53125,1091,0.0,0.0
2023-06-22 00:00:00+09:00,125499.52849911971,125499.52849911971,123752.84055897887,124014.84375,1425,0.0,0.0
2023-06-23 00:00:00+09:00,124276.82653184129,125062.83597582341,124102.15776651193,124626.1640625,1457,0.0,0.0
2023-06-26 00:00:00+09:00,124626.18277094996,124800.8515625,123578.17002164976,124800.8515625,723,0.0,0.0
2023-06-27 00:00:00+09:00,124800.83429676633,125674.17813369262,123927.49045984005,125586.84375,1198,0.0,0.0
2023-06-28 00:00:00+09:00,126023.52483450827,127071.5375150447,125761.52166437414,126984.203125,1593,0.0,0.0
2023-06-29 00:00:00+09:00,127158.87042472376,127420.87359180767,125761.52020027625,126460.1953125,1495,0.0,0.0
2023-06-30 00:00:00+09:00,126285.52498704215,126460.19376295785,125499.51549542157,126372.859375,980,0.0,0.0
2023-07-03 00:00:00+09:00,126460.19678473179,127420.87507522352,126285.52800464237,126984.203125,952,0.0,0.0
2023-07-04 00:00:00+09:00,126984.2015764797,127333.53913239848,126023.52329770302,126896.8671875,1119,0.0,0.0
2023-07-05 00:00:00+09:00,126372.87523921364,126372.87523921364,125499.53125,125499.53125,848,0.0,0.0
2023-07-06 00:00:00+09:00,125936.17819706499,126023.51257861636,124626.16247379455,124975.5,1155,0.0,0.0
2023-07-07 00:00:00+09:00,124451.51573503521,124975.52211707746,123403.5029709507,124014.84375,2776,0.0,0.0
2023-07-10 00:00:00+09:00,123228.82160003492,125237.51252618716,122792.14965956705,125062.84375,2404,0.0,0.0
2023-07-11 00:00:00+09:00,124713.52165970772,125936.20324460682,124713.52165970772,125499.53125,979,0.0,0.0
2023-07-12 00:00:00+09:00,125412.18603583917,126110.86116695804,124626.17651333043,124888.1796875,1300,0.0,0.0
2023-07-13 00:00:00+09:00,124451.51540722996,125412.193771777,123752.84023301394,125324.859375,1266,0.0,0.0
2023-07-14 00:00:00+09:00,125586.84981921488,126809.53125,125499.51543130165,126809.53125,1663,0.0,0.0
2023-07-18 00:00:00+09:00,126722.20321144536,126722.20321144536,125237.51854253112,126285.53125,1327,0.0,0.0
2023-07-19 00:00:00+09:00,126634.85613892686,127770.203125,126547.52175538277,127770.203125,1341,0.0,0.0
2023-07-20 00:00:00+09:00,127420.86098599137,128206.87040948276,126285.51404094827,126634.8515625,1953,0.0,0.0
2023-07-21 00:00:00+09:00,126634.87045986476,127857.55196775311,125586.8577388176,125936.1953125,1437,0.0,0.0
2023-07-24 00:00:00+09:00,126372.86239468708,127246.20629513412,126110.85922455296,126984.203125,1054,0.0,0.0
2023-07-25 00:00:00+09:00,126634.87220865318,126984.20978715981,124975.51871074669,125150.1875,1948,0.0,0.0
2023-07-26 00:00:00+09:00,125150.18415024204,126285.53125,125062.84975795296,126285.53125,1216,0.0,0.0
2023-07-27 00:00:00+09:00,126285.52038090688,126285.52038090688,124888.1702245483,125674.1796875,2531,0.0,0.0
2023-07-28 00:00:00+09:00,124888.18114554317,126110.86263927576,123578.16525940111,125412.1875,11778,0.0,0.0
2023-07-31 00:00:00+09:00,125150.16882916959,125412.171973962,123840.1531052076,124102.15625,1776,0.0,0.0
2023-08-01 00:00:00+09:00,124276.8487165574,124626.18630957654,123228.8359375,123228.8359375,1284,0.0,0.0
2023-08-02 00:00:00+09:00,123665.49237152035,124276.8330823965,122180.80778796395,122355.4765625,1540,0.0,0.0
2023-08-03 00:00:00+09:00,122180.80002014685,122180.80002014685,121394.79058470631,121918.796875,1167,0.0,0.0
2023-08-04 00:00:00+09:00,121569.46707708779,122442.81094976803,121482.13268981977,122355.4765625,994,0.0,0.0
2023-08-07 00:00:00+09:00,122180.8168500794,123752.83593750001,122180.8168500794,123752.8359375,830,0.0,0.0
2023-08-08 00:00:00+09:00,123490.81557881772,124364.1593947924,123228.81243402533,124102.15625,989,0.0,0.0
2023-08-09 00:00:00+09:00,123840.17362712917,123840.17362712917,122442.82329001065,123054.1640625,1050,0.0,0.0
2023-08-10 00:00:00+09:00,122530.15768608055,123490.83604284954,122355.48889394074,123054.1640625,854,0.0,0.0
2023-08-14 00:00:00+09:00,123054.16714099044,123490.83913226434,122879.49834448086,123228.8359375,677,0.0,0.0
2023-08-15 00:00:00+09:00,123228.83285463981,123228.83285463981,122442.82329001065,123054.1640625,884,0.0,0.0
2023-08-16 00:00:00+09:00,123141.48431978798,123927.49379416961,122792.14677561837,123578.15625,917,0.0,0.0
2023-08-17 00:00:00+09:00,123228.81565163351,123228.81565163351,122442.80619673294,122966.8125,730,0.0,0.0
2023-08-18 00:00:00+09:00,122704.82185721905,123316.16260668563,122442.81867887624,122792.15625,943,0.0,0.0
2023-08-21 00:00:00+09:00,122530.15489740482,123141.4956559806,121569.4765625,121569.4765625,1211,0.0,0.0
2023-08-22 00:00:00+09:00,122355.47973108906,122617.48289967811,121656.80461485157,122093.4765625,996,0.0,0.0
2023-08-23 00:00:00+09:00,122006.14671497155,122792.15625,121307.47157272404,122792.15625,1076,0.0,0.0
2023-08-24 00:00:00+09:00,122792.15769962818,123316.1640625,122268.15133675637,123316.1640625,934,0.0,0.0
2023-08-25 00:00:00+09:00,123228.8219283049,123228.8219283049,122355.47804504263,122879.484375,945,0.0,0.0
2023-08-28 00:00:00+09:00,122530.12502211606,123403.46875,122268.12190375089,123403.46875,692,0.0,0.0
2023-08-29 00:00:00+09:00,123403.49503387239,125062.84847027973,123316.16064248253,124888.1796875,1624,0.0,0.0
2023-08-30 00:00:00+09:00,124888.17497381286,125237.51252618716,124364.1686452514,125062.84375,1181,0.0,0.0
2023-08-31 00:00:00+09:00,124975.51871074669,125586.85947313329,124626.18113224006,125150.1875,1587,0.0,0.0
2023-09-01 00:00:00+09:00,125150.19506345288,126023.5390625,124626.1886640246,126023.5390625,1178,0.0,0.0
2023-09-04 00:00:00+09:00,126198.18911020992,126198.18911020992,125412.17962786258,125848.8515625,904,0.0,0.0
2023-09-05 00:00:00+09:00,125848.85144404722,126809.52969934528,125150.17634928499,126722.1953125,1029,0.0,0.0
2023-09-06 00:00:00+09:00,126372.86092347204,127158.87042472376,126023.52336736016,126460.1953125,1493,0.0,0.0
2023-09-07 00:00:00+09:00,126285.52492252066,127071.53441373968,125936.18737086777,126809.53125,622,0.0,0.0
2023-09-08 00:00:00+09:00,125848.85458930422,126984.20164666782,125848.85458930422,126460.1953125,1921,0.0,0.0
2023-09-11 00:00:00+09:00,126460.19376295785,126547.52815091569,125412.18110746372,126372.859375,781,0.0,0.0
2023-09-12 00:00:00+09:00,125848.85001085069,126198.18755425347,125062.84053819443,125761.515625,830,0.0,0.0
2023-09-13 00:00:00+09:00,125499.52042722903,126634.86751529721,124626.17651333043,124888.1796875,902,0.0,0.0
2023-09-14 00:00:00+09:00,125062.83899409312,126460.18915045171,124800.83583977589,125674.1796875,751,0.0,0.0
2023-09-15 00:00:00+09:00,125150.18432277159,125848.85946204736,124364.17479108635,125412.1875,1559,0.0,0.0
2023-09-19 00:00:00+09:00,125237.50776363794,125674.1796875,124538.83268545866,125674.1796875,969,0.0,0.0
2023-09-20 00:00:00+09:00,125761.52826238661,125936.19705163992,124975.51871074669,125150.1875,987,0.0,0.0
2023-09-21 00:00:00+09:00,125150.1798302442,125412.18299806747,124014.83276967675,124276.8359375,1134,0.0,0.0
2023-09-22 00:00:00+09:00,124189.49539206152,124276.82977700671,123316.15154260962,123490.8203125,1158,0.0,0.0
2023-09-25 00:00:00+09:00,124014.84552179306,124451.51751306697,123228.8359375,123228.8359375,1087,0.0,0.0
2023-09-26 00:00:00+09:00,123490.82341322387,123927.49534891419,123228.82025180968,123665.4921875,1034,0.0,0.0
2023-09-27 00:00:00+09:00,123316.1668343247,125150.18914560007,123316.1668343247,124800.8515625,1044,0.0,0.0
2023-09-28 00:00:00+09:00,125324.8473163338,125324.8473163338,122442.8125,122442.8125,2027,0.0,0.0
2023-09-29 00:00:00+09:00,123054.16714099044,123752.8423270287,122617.49514971652,123228.8359375,1823,0.0,0.0
2023-10-02 00:00:00+09:00,123316.16097074468,124014.8361037234,122966.82340425532,123141.4921875,691,0.0,0.0
2023-10-03 00:00:00+09:00,123578.15948160981,123578.15948160981,122093.47488006396,122879.484375,1146,0.0,0.0
2023-10-04 00:00:00+09:00,125499.5179806128,130215.57502372559,120608.79215812545,120783.4609375,3549,0.0,0.0
2023-10-05 00:00:00+09:00,121918.7844125973,123752.80624115358,121918.7844125973,123403.46875,956,0.0,0.0
2023-10-06 00:00:00+09:00,122879.48444186876,123403.49077211127,122442.8125,122442.8125,1074,0.0,0.0
2023-10-10 00:00:00+09:00,123403.48441938919,123665.48757102272,122879.47811612215,122966.8125,744,0.0,0.0
2023-10-11 00:00:00+09:00,122966.8309859155,124276.84694102113,122792.16219190141,124014.84375,1048,0.0,0.0
2023-10-12 00:00:00+09:00,123840.15785228077,124451.4985468971,123490.8203125,123490.8203125,639,0.0,0.0
2023-10-13 00:00:00+09:00,123490.83736795775,124451.51573503521,123228.83417693662,124014.84375,1362,0.0,0.0
2023-10-16 00:00:00+09:00,123752.81889102794,124102.15641789041,121569.45934813753,121918.796875,1206,0.0,0.0
2023-10-17 00:00:00+09:00,122268.14199329096,123927.49534891419,122268.14199329096,123665.4921875,1318,0.0,0.0
2023-10-18 00:00:00+09:00,124102.16715895117,124713.50788387211,123752.82960185349,124276.8359375,943,0.0,0.0
2023-10-19 00:00:00+09:00,124189.5094543371,124626.18142850845,123490.8342956629,123840.171875,1214,0.0,0.0
2023-10-20 00:00:00+09:00,123840.16271398003,123927.49710235378,122442.8125,122442.8125,1125,0.0,0.0
2023-10-23 00:00:00+09:00,122966.8094555874,123054.14383730301,121918.796875,121918.796875,1421,0.0,0.0
2023-10-24 00:00:00+09:00,122180.81741731254,122617.48938806777,121132.8046875,121132.8046875,1854,0.0,0.0
2023-10-25 00:00:00+09:00,122180.82174154803,122704.828125,121045.47457740213,122704.828125,1823,0.0,0.0
2023-10-26 00:00:00+09:00,122617.48445318085,122879.48762508934,121307.46859363832,122180.8125,1162,0.0,0.0
2023-10-27 00:00:00+09:00,122704.81693056044,124276.8359375,122530.1481520116,124276.8359375,1845,0.0,0.0
2023-10-30 00:00:00+09:00,123927.5077082602,124364.1796875,123316.16693732444,124364.1796875,1450,0.0,0.0
2023-10-31 00:00:00+09:00,123840.17495598592,125150.19091109154,123752.84055897887,124014.84375,2320,0.0,0.0
2023-11-01 00:00:00+09:00,125237.51252618716,126110.8564071229,124888.17497381286,125062.84375,1954,0.0,0.0
2023-11-02 00:00:00+09:00,126460.18915045171,126460.18915045171,124626.16707023107,125674.1796875,1396,0.0,0.0
2023-11-06 00:00:00+09:00,126460.20653310105,126634.87532665506,125237.524978223,125324.859375,1997,0.0,0.0
2023-11-07 00:00:00+09:00,125324.84369574652,126023.51878255208,124014.82790798611,125761.515625,1914,0.0,0.0
2023-11-08 00:00:00+09:00,125586.84712897526,125848.85028710247,123228.81870583039,123578.15625,1799,0.0,0.0
2023-11-09 00:00:00+09:00,123840.1563387784,123840.1563387784,122617.47496448863,122966.8125,1083,0.0,0.0
2023-11-10 00:00:00+09:00,122966.81400282885,123840.15785228077,122966.81400282885,123490.8203125,1211,0.0,0.0
2023-11-13 00:00:00+09:00,123403.49070495735,124276.83458821962,122879.484375,122879.484375,693,0.0,0.0
2023-11-14 00:00:00+09:00,123228.81243402533,124713.49692118226,122530.1373812456,124102.15625,1278,0.0,0.0
2023-11-15 00:00:00+09:00,124102.17639629985,125499.52672870013,124102.17639629985,124800.8515625,1135,0.0,0.0
2023-11-16 00:00:00+09:00,124713.51090472029,125237.51725305944,124538.84212194057,124888.1796875,763,0.0,0.0
2023-11-17 00:00:00+09:00,125237.52189462665,125412.19068387998,124713.51552686671,125150.1875,758,0.0,0.0
2023-11-20 00:00:00+09:00,124800.85299433798,125936.20015243902,124800.85299433798,125324.859375,950,0.0,0.0
2023-11-21 00:00:00+09:00,125324.83912381745,125586.8422718115,124626.1640625,124626.1640625,920,0.0,0.0
2023-11-22 00:00:00+09:00,124713.51716672498,125062.85474982506,124102.17639629985,124800.8515625,936,0.0,0.0
2023-11-24 00:00:00+09:00,124800.831269723,125324.837559169,124538.828125,124538.828125,667,0.0,0.0
2023-11-27 00:00:00+09:00,124888.17806398188,125412.18440550908,124713.50928347281,125237.515625,821,0.0,0.0
2023-11-28 00:00:00+09:00,125324.83912381745,125324.83912381745,124626.1640625,124626.1640625,4965,0.0,0.0
2023-11-29 00:00:00+09:00,124943.88901245552,126014.83663256228,124765.39774243772,125390.1171875,1494,3056.0,0.0
2023-11-30 00:00:00+09:00,124943.8616861288,126104.0546875,124140.65114671797,126104.0546875,2410,0.0,0.0
2023-12-01 00:00:00+09:00,124943.88763537907,125479.3614395307,123605.203125,123605.203125,1571,0.0,0.0
2023-12-04 00:00:00+09:00,124229.91249105227,124676.140625,124051.42123747316,124676.140625,1305,0.0,0.0
2023-12-05 00:00:00+09:00,124319.15437140029,124676.13686780058,123694.43500269979,123962.171875,624,0.0,0.0
2023-12-06 00:00:00+09:00,123783.6930285025,124854.640625,123783.6930285025,124854.640625,746,0.0,0.0
2023-12-07 00:00:00+09:00,124319.15875674461,124408.4043839928,123605.193738759,124051.421875,849,0.0,0.0
2023-12-08 00:00:00+09:00,123783.6849932554,124497.65001124101,123605.193738759,124051.421875,1607,0.0,0.0
2023-12-11 00:00:00+09:00,124943.88188483549,124943.88188483549,123962.17995574034,124765.390625,513,0.0,0.0
2023-12-12 00:00:00+09:00,124229.91935483871,124497.65625,123962.18245967742,124497.65625,512,0.0,0.0
2023-12-13 00:00:00+09:00,124497.63719443946,124586.8828125,123783.67224995523,124586.8828125,679,0.0,0.0
2023-12-14 00:00:00+09:00,124676.15096507352,124765.3965992647,123783.69462316176,124408.4140625,685,0.0,0.0
2023-12-15 00:00:00+09:00,124229.90874730021,124586.8912437005,123872.92625089992,123962.171875,1250,0.0,0.0
2023-12-18 00:00:00+09:00,123694.43562319104,123783.68124773879,123158.96187590448,123337.453125,1294,0.0,0.0
2023-12-19 00:00:00+09:00,123158.96847647702,123248.2141058078,121552.54714852298,122355.7578125,1340,0.0,0.0
2023-12-20 00:00:00+09:00,122712.75526691762,123158.98346788823,122355.77270614114,122980.4921875,1296,0.0,0.0
2023-12-21 00:00:00+09:00,122534.24973080095,122891.23225004582,121463.30217306635,121731.0390625,985,0.0,0.0
2023-12-22 00:00:00+09:00,121998.77186588921,122445.0,121552.54373177842,122445.0,1526,0.0,0.0
2023-12-25 00:00:00+09:00,121909.54397205773,121909.54397205773,120570.859375,120570.859375,1019,0.0,0.0
2023-12-26 00:00:00+09:00,120570.84745217072,121284.8125,120481.60182119206,121284.8125,1107,0.0,0.0
2023-12-27 00:00:00+09:00,121106.32241104015,122355.76125684308,121017.07677919709,122266.515625,1226,0.0,0.0
2023-12-28 00:00:00+09:00,123158.97586968278,124051.43221656453,122712.74769624189,123783.6953125,659,0.0,0.0
2023-12-29 00:00:00+09:00,123783.6849932554,124408.4043839928,123605.193738759,124051.421875,766,0.0,0.0
2024-01-04 00:00:00+09:00,123426.70630007282,123783.68882010196,122534.25,122534.25,904,0.0,0.0
2024-01-05 00:00:00+09:00,123426.7155083453,124408.41751166547,122801.996051687,124319.171875,1828,0.0,0.0
2024-01-09 00:00:00+09:00,124319.16498655915,124943.88440860216,123694.44556451614,124497.65625,1160,0.0,0.0
2024-01-10 00:00:00+09:00,124408.41751166547,125211.6282416547,124319.171875,124319.171875,630,0.0,0.0
2024-01-11 00:00:00+09:00,124586.903049431,126104.0788028983,124586.903049431,125479.359375,1172,0.0,0.0
2024-01-12 00:00:00+09:00,125300.85996835443,126996.52687675809,125300.85996835443,126907.28125,1234,0.0,0.0
2024-01-15 00:00:00+09:00,126996.522497361,127085.76812104152,126461.04875527797,126818.03125,187,0.0,0.0
2024-01-16 00:00:00+09:00,126996.51084240092,127264.2476888712,126104.0546875,126104.0546875,890,0.0,0.0
2024-01-17 00:00:00+09:00,126014.82187277896,126461.04999555793,125479.34812544422,125568.59375,681,0.0,0.0
2024-01-18 00:00:00+09:00,125479.3600562902,125925.5882214975,124854.640625,124854.640625,1121,0.0,0.0
2024-01-19 00:00:00+09:00,125747.09216429455,126193.3203125,125122.37275680693,126193.3203125,694,0.0,0.0
2024-01-22 00:00:00+09:00,125836.33741258743,127621.25000000001,125747.09178321679,127621.25,1353,0.0,0.0
2024-01-23 00:00:00+09:00,127532.00128091872,127888.98378975264,126282.56249999999,126282.5625,785,0.0,0.0
2024-01-24 00:00:00+09:00,126282.57123323923,126996.53630028229,126282.57123323923,126461.0625,982,0.0,0.0
2024-01-25 00:00:00+09:00,126550.31291347492,129406.17328951949,125925.59345621518,128156.734375,2001,0.0,0.0
2024-01-26 00:00:00+09:00,128781.4619960024,130209.39227454436,128424.47942636692,129763.1640625,1546,0.0,0.0
2024-01-29 00:00:00+09:00,130120.14153467465,131101.84356271403,129852.40461793664,130298.6328125,1695,0.0,0.0
2024-01-30 00:00:00+09:00,129406.16274974385,130744.84719198258,129406.16274974385,130655.6015625,1255,0.0,0.0
2024-01-31 00:00:00+09:00,130387.89062499999,130744.87321398014,129941.6623887748,130387.890625,1165,0.0,0.0
2024-02-01 00:00:00+09:00,129495.40915786488,130030.8829379801,127442.75966742319,127799.7421875,2054,0.0,0.0
2024-02-02 00:00:00+09:00,129316.93040807039,129316.93040807039,128245.98274423543,128692.2109375,1338,0.0,0.0
2024-02-05 00:00:00+09:00,128513.70722765363,129852.39167794169,127799.7421875,127799.7421875,928,0.0,0.0
2024-02-06 00:00:00+09:00,128245.97403971355,128692.20220269097,127532.00897894966,128513.7109375,1028,0.0,0.0
2024-02-07 00:00:00+09:00,128513.72111344538,129227.6862307423,127442.7734375,127442.7734375,1043,0.0,0.0
2024-02-08 00:00:00+09:00,127442.74751048218,128424.44934704751,127442.74751048218,127710.484375,842,0.0,0.0
2024-02-09 00:00:00+09:00,128245.98419445904,128870.70367209385,127442.7734375,127442.7734375,1319,0.0,0.0
2024-02-13 00:00:00+09:00,127889.001815849,128245.984375,127442.77361691023,128245.984375,994,0.0,0.0
2024-02-14 00:00:00+09:00,127799.73816254416,127799.73816254416,126104.07124558304,126282.5625,1191,0.0,0.0
2024-02-15 00:00:00+09:00,126193.33096590909,126282.57660308442,123248.22493912338,123694.453125,1889,0.0,0.0
2024-02-16 00:00:00+09:00,123962.1923956059,124319.17495110081,122355.77089587883,122623.5078125,1793,0.0,0.0
2024-02-19 00:00:00+09:00,122712.74378421533,122801.9894160584,121374.05930656935,122266.515625,1219,0.0,0.0
2024-02-20 00:00:00+09:00,122980.4921875,123426.72038847061,122445.01834633526,122980.4921875,1145,0.0,0.0
2024-02-21 00:00:00+09:00,123783.68815670289,123783.68815670289,121998.77556612318,123158.96875,1169,0.0,0.0
2024-02-22 00:00:00+09:00,122534.24973080095,122980.47787985703,121463.30217306635,121731.0390625,1392,0.0,0.0
2024-02-26 00:00:00+09:00,122623.4906182016,123337.45562907905,122088.01686004351,123069.71875,1360,0.0,0.0
2024-02-27 00:00:00+09:00,122980.4869090909,123515.96072727273,122623.50436363636,122712.75,1885,0.0,0.0
2024-02-28 00:00:00+09:00,122980.47376093295,123158.96501457726,121820.2806122449,122445.0,1907,0.0,0.0
2024-02-29 00:00:00+09:00,122266.51097196691,122266.51097196691,120838.58091681985,121374.0546875,1427,0.0,0.0
2024-03-01 00:00:00+09:00,121641.79502391464,121909.53191685062,120481.60182119206,121284.8125,1492,0.0,0.0
2024-03-04 00:00:00+09:00,122355.75873998542,123069.7237800437,121998.7762199563,122534.25,1386,0.0,0.0
2024-03-05 00:00:00+09:00,122980.48322055597,123158.97448792978,121374.06181419166,121998.78125,1124,0.0,0.0
2024-03-06 00:00:00+09:00,122177.27851591159,122712.75234432318,121195.576497157,121641.8046875,1519,0.0,0.0
2024-03-07 00:00:00+09:00,122266.51605197563,122623.49858059455,120660.09467319056,120838.5859375,1002,0.0,0.0
2024-03-08 00:00:00+09:00,120481.609375,121731.04828703703,119946.13555555555,120481.609375,2051,0.0,0.0
2024-03-11 00:00:00+09:00,120481.61373519615,120927.8419342154,119589.15733715765,120570.859375,916,0.0,0.0
2024-03-12 00:00:00+09:00,120570.85501157407,120660.10064814815,119678.39864583332,120481.609375,883,0.0,0.0
2024-03-13 00:00:00+09:00,120838.58449681409,120838.58449681409,118428.95245736507,119053.671875,1515,0.0,0.0
2024-03-14 00:00:00+09:00,119856.88831296125,121017.08157287823,119321.41450069188,120927.8359375,1412,0.0,0.0
2024-03-15 00:00:00+09:00,121820.29433936403,123426.71580317982,121106.32924433479,122088.03125,2844,0.0,0.0
2024-03-18 00:00:00+09:00,122177.26974076965,122445.00663574578,120213.8658442781,121463.3046875,1718,0.0,0.0
2024-03-19 00:00:00+09:00,121552.53179844198,125657.83022922635,121552.53179844198,124586.8828125,2177,0.0,0.0
2024-03-21 00:00:00+09:00,125479.34812544422,126104.06749733476,124051.41813255154,125568.59375,1366,0.0,0.0
2024-03-22 00:00:00+09:00,125657.85683912119,126282.5762978384,125211.62865432317,125925.59375,1472,0.0,0.0
2024-03-25 00:00:00+09:00,125836.31784102973,126550.28276495046,125568.58099455945,126104.0546875,1151,0.0,0.0
2024-03-26 00:00:00+09:00,126371.81570056899,126461.06133312588,125390.11374244309,125479.359375,742,0.0,0.0
2024-03-27 00:00:00+09:00,125568.60090501237,126461.05720142326,125568.60090501237,126193.3203125,1542,0.0,0.0
2024-03-28 00:00:00+09:00,126639.53587406516,126639.53587406516,125122.36032095797,125300.8515625,1482,0.0,0.0
2024-03-29 00:00:00+09:00,125657.84251968504,125925.5794000537,124229.91249105227,124676.140625,741,0.0,0.0
2024-04-01 00:00:00+09:00,124497.66314833093,125390.11951498564,123783.69805500717,124319.171875,946,0.0,0.0
2024-04-02 00:00:00+09:00,124765.37404862106,125122.35652086318,123962.16348607629,124586.8828125,1398,0.0,0.0
2024-04-03 00:00:00+09:00,124051.41843772466,124319.15531205069,123248.20781474658,124140.6640625,1165,0.0,0.0
2024-04-04 00:00:00+09:00,124229.9225631769,124497.65946525271,122980.4836868231,123605.203125,929,0.0,0.0
2024-04-05 00:00:00+09:00,122980.48322055597,123337.46575530358,121374.06181419166,121998.78125,1634,0.0,0.0
2024-04-08 00:00:00+09:00,122177.26031744249,124140.6640625,121820.27781834113,124140.6640625,1199,0.0,0.0
2024-04-09 00:00:00+09:00,123872.94299107142,125657.8557142857,123872.94299107142,124943.890625,882,0.0,0.0
2024-04-10 00:00:00+09:00,125657.84946236559,126371.81451612903,124497.65625,124497.65625,959,0.0,0.0
2024-04-11 00:00:00+09:00,124051.41473943536,125747.0815596147,123515.94100674716,125657.8359375,1292,0.0,0.0
2024-04-12 00:00:00+09:00,125657.83022922635,125657.83022922635,124051.40910413682,124586.8828125,1530,0.0,0.0
2024-04-15 00:00:00+09:00,124408.4140625,125033.13350183824,124140.67715992648,124408.4140625,1130,0.0,0.0
2024-04-16 00:00:00+09:00,124765.39567618533,125390.11511090158,124229.921875,124229.921875,1243,0.0,0.0
2024-04-17 00:00:00+09:00,124229.9225631769,124676.15073330325,123337.4662229242,123605.203125,835,0.0,0.0
2024-04-18 00:00:00+09:00,123605.19875587066,124319.16380283597,123248.216232388,123515.953125,917,0.0,0.0
2024-04-19 00:00:00+09:00,123515.94375449965,124140.66312320015,122534.24188939885,123962.171875,1082,0.0,0.0
2024-04-22 00:00:00+09:00,124140.68060166905,125479.36515165112,124140.68060166905,124319.171875,1139,0.0,0.0
2024-04-23 00:00:00+09:00,125122.36875894775,126104.07065363279,124497.6493714209,124676.140625,1379,0.0,0.0
2024-04-24 00:00:00+09:00,125300.86693548386,125300.86693548386,124229.91935483871,124497.65625,942,0.0,0.0
2024-04-25 00:00:00+09:00,124676.14684379459,125390.11189372325,124229.91868758916,125122.375,890,0.0,0.0
2024-04-26 00:00:00+09:00,125033.13464746441,125390.1171875,124229.92393238434,125390.1171875,1270,0.0,0.0
2024-04-30 00:00:00+09:00,125568.60090501237,126193.3203125,125300.86401608911,126193.3203125,1029,0.0,0.0
2024-05-01 00:00:00+09:00,125568.60707914905,126907.29158958774,125568.60707914905,126639.5546875,1297,0.0,0.0
2024-05-02 00:00:00+09:00,126907.28813820423,127621.25319102113,126639.55124339789,126728.796875,1182,0.0,0.0
2024-05-07 00:00:00+09:00,126728.79370629371,127621.25000000001,126282.56555944057,127621.25,1311,0.0,0.0
2024-05-08 00:00:00+09:00,127621.25132415254,127978.23384533898,126104.07560911016,126371.8125,1119,0.0,0.0
2024-05-09 00:00:00+09:00,126371.80091441762,126550.29215864702,125479.3446932706,125657.8359375,1153,0.0,0.0
2024-05-10 00:00:00+09:00,125657.85201149425,125747.09764502513,123515.95680675287,124229.921875,2377,0.0,0.0
2024-05-13 00:00:00+09:00,124319.16498655915,124497.65625,123872.93682795699,124497.65625,811,0.0,0.0
2024-05-14 00:00:00+09:00,124497.65809283417,124854.640625,124140.67556066833,124854.640625,907,0.0,0.0
2024-05-15 00:00:00+09:00,124854.640625,125479.3600562902,124229.92119370979,124854.640625,1015,0.0,0.0
2024-05-16 00:00:00+09:00,124676.14499508227,125033.12751475323,123872.93432582261,124765.390625,1094,0.0,0.0
2024-05-17 00:00:00+09:00,124408.39157637894,125122.35652086318,124140.65472219735,124586.8828125,941,0.0,0.0
2024-05-20 00:00:00+09:00,124586.90188172043,124676.14751344085,124051.42809139784,124497.65625,1073,0.0,0.0
2024-05-21 00:00:00+09:00,124497.64561960043,124676.13686780058,123426.69813039957,123962.171875,1262,0.0,0.0
2024-05-22 00:00:00+09:00,123694.453125,123872.94439935066,123158.97930194806,123694.453125,1022,0.0,0.0
2024-05-23 00:00:00+09:00,124051.42758260711,124051.42758260711,122534.25184958242,122891.234375,1240,0.0,0.0
2024-05-24 00:00:00+09:00,122712.74126001456,122891.23252002912,121909.530589949,122534.25,1284,0.0,0.0
2024-05-27 00:00:00+09:00,122891.24654730587,123158.98346788823,122177.2814257529,122980.4921875,1109,0.0,0.0
2024-05-28 00:00:00+09:00,122623.48812861794,123337.453125,122534.2425040702,123337.453125,1169,0.0,0.0
2024-05-29 00:00:00+09:00,122712.74421274927,122980.48110921345,120749.34030534528,120838.5859375,7522,0.0,0.0
2024-05-30 00:00:00+09:00,121413.69744318182,121413.69744318182,119679.21605113638,120500.8125,3171,3030.0,0.0
2024-05-31 00:00:00+09:00,121048.55580525227,121231.1328125,120044.3822653897,121231.1328125,5046,0.0,0.0
2024-06-03 00:00:00+09:00,121504.99494728631,121504.99494728631,120683.3984375,120683.3984375,1319,0.0,0.0
2024-06-04 00:00:00+09:00,121413.7109375,121596.28794642857,120865.97991071429,121413.7109375,1467,0.0,0.0
2024-06-05 00:00:00+09:00,120957.2578125,121504.98879127357,120683.3923231132,120957.2578125,1442,0.0,0.0
2024-06-06 00:00:00+09:00,120865.97604244578,122052.7265625,120044.37952856209,122052.7265625,2089,0.0,0.0
2024-06-07 00:00:00+09:00,121413.7058809614,121413.7058809614,120044.37837102574,120592.109375,1754,0.0,0.0
2024-06-10 00:00:00+09:00,120500.81692351599,120500.81692351599,119314.0664538147,119953.0859375,1474,0.0,0.0
2024-06-11 00:00:00+09:00,120409.53061493482,120683.39611292178,118948.91462567101,119040.203125,1761,0.0,0.0
2024-06-12 00:00:00+09:00,119222.7734375,119770.5044027565,118766.33096645291,119222.7734375,1152,0.0,0.0
2024-06-13 00:00:00+09:00,119314.07477421215,119314.07477421215,118492.47823789393,118766.34375,1450,0.0,0.0
2024-06-14 00:00:00+09:00,119679.22544046027,120226.9564493411,118857.62892713904,119496.6484375,1540,0.0,0.0
2024-06-17 00:00:00+09:00,119496.65011671113,119770.515625,119131.49610565929,119770.515625,925,0.0,0.0
2024-06-18 00:00:00+09:00,119770.5072463768,119770.5072463768,118766.33378623187,119679.21875,826,0.0,0.0
2024-06-19 00:00:00+09:00,119587.93419243171,120318.2421875,119222.78019489757,120318.2421875,812,0.0,0.0
2024-06-20 00:00:00+09:00,119953.08650190114,121231.12547528517,119679.22100760456,120044.375,1159,0.0,0.0
2024-06-21 00:00:00+09:00,119587.92924461451,120774.6796875,119587.92924461451,120774.6796875,1972,0.0,0.0
2024-06-24 00:00:00+09:00,120592.10712082384,120774.68411873576,120044.37612708808,120226.953125,700,0.0,0.0
2024-06-25 00:00:00+09:00,120226.94984080188,120957.2578125,120135.66134433962,120957.2578125,1146,0.0,0.0
2024-06-26 00:00:00+09:00,120500.81533018868,120957.2578125,119953.08435141509,120957.2578125,2322,0.0,0.0
2024-06-27 00:00:00+09:00,120865.96647727274,120865.96647727274,119496.6390625,120500.8125,2002,0.0,0.0
2024-06-28 00:00:00+09:00,120592.10824962093,120592.10824962093,118948.91525303261,120409.53125,1248,0.0,0.0
2024-07-01 00:00:00+09:00,120865.96633326952,120865.96633326952,119222.7734375,119222.7734375,1331,0.0,0.0
2024-07-02 00:00:00+09:00,119679.2170477351,119679.2170477351,118401.178116638,119405.3515625,1570,0.0,0.0
2024-07-03 00:00:00+09:00,118857.6328125,120135.671875,118492.47879464286,120135.671875,1795,0.0,0.0
2024-07-04 00:00:00+09:00,119861.80192771369,120683.3984375,119770.51342662632,120683.3984375,582,0.0,0.0
2024-07-05 00:00:00+09:00,120683.39391885465,120683.39391885465,119770.50894216134,119953.0859375,870,0.0,0.0
2024-07-08 00:00:00+09:00,120318.24387301288,120957.26337764952,120135.66687168812,120592.109375,938,0.0,0.0
2024-07-09 00:00:00+09:00,120500.8125,120592.10099431819,119405.35056818182,120500.8125,1138,0.0,0.0
2024-07-10 00:00:00+09:00,120135.66021825396,120774.6796875,120044.37172264738,120774.6796875,681,0.0,0.0
2024-07-11 00:00:00+09:00,120957.2611934166,121596.2806865139,120592.10719736101,121504.9921875,891,0.0,0.0
2024-07-12 00:00:00+09:00,121413.7109375,122691.75,121231.13392857143,122691.75,1288,0.0,0.0
2024-07-16 00:00:00+09:00,122417.87216387538,122600.44915442553,121870.14119222492,121961.4296875,551,0.0,0.0
2024-07-17 00:00:00+09:00,121961.43806095737,122509.16907021316,121504.99555324421,122052.7265625,897,0.0,0.0
2024-07-18 00:00:00+09:00,122144.01841725616,123148.19196179263,121870.15290510983,122600.4609375,784,0.0,0.0
2024-07-19 00:00:00+09:00,122691.74437781109,122965.60987865442,121048.55137275111,121778.859375,572,0.0,0.0
2024-07-22 00:00:00+09:00,121504.99096958175,121778.85646387833,119679.22100760456,120044.375,2085,0.0,0.0
2024-07-23 00:00:00+09:00,120592.1127130141,120592.1127130141,119405.3621715537,119861.8046875,1201,0.0,0.0
2024-07-24 00:00:00+09:00,120226.95199619772,120683.39448669202,119587.9325095057,120044.375,856,0.0,0.0
2024-07-25 00:00:00+09:00,120044.38113328887,120865.97765815548,119770.515625,119770.515625,1244,0.0,0.0
2024-07-26 00:00:00+09:00,120500.82087433763,120957.26337764952,120226.9553723505,120592.109375,1070,0.0,0.0
2024-07-29 00:00:00+09:00,120592.10382665094,120957.2578125,119953.08435141509,120957.2578125,1329,0.0,0.0
2024-07-30 00:00:00+09:00,121322.41340253995,121413.70190020929,119953.0859375,119953.0859375,1956,0.0,0.0
2024-07-31 00:00:00+09:00,120226.95320130541,122235.3001796112,120226.95320130541,121504.9921875,1290,0.0,0.0
2024-08-01 00:00:00+09:00,121231.13223533893,121231.13223533893,118948.91965560739,119861.8046875,1657,0.0,0.0
2024-08-02 00:00:00+09:00,119040.20588803089,119679.22539816602,117579.58986486486,118218.609375,2425,0.0,0.0
2024-08-05 00:00:00+09:00,116849.28571428571,117031.86272321429,113106.45703125,113745.4765625,2821,0.0,0.0
2024-08-06 00:00:00+09:00,113654.18371582031,118675.05126953125,113106.45270996094,116849.28125,3218,0.0,0.0
2024-08-07 00:00:00+09:00,115936.39240967366,119131.48983828671,115479.9499198718,117488.296875,2894,0.0,0.0
2024-08-08 00:00:00+09:00,117488.30188426287,118948.91791390405,116757.99386944227,117031.859375,1381,0.0,0.0
2024-08-09 00:00:00+09:00,117488.28830704598,118036.01925486438,116118.9609375,116118.9609375,2212,0.0,0.0
2024-08-13 00:00:00+09:00,116484.12562935708,118583.76112267621,116484.12562935708,117853.453125,1741,0.0,0.0
2024-08-14 00:00:00+09:00,118401.18306911935,118948.9140625,117397.0095812548,118948.9140625,1981,0.0,0.0
2024-08-15 00:00:00+09:00,118127.317572429,119131.49106029356,117397.0095812548,118948.9140625,1110,0.0,0.0
2024-08-16 00:00:00+09:00,118948.91246313737,120044.37443516933,118309.89297945207,119953.0859375,1121,0.0,0.0
2024-08-19 00:00:00+09:00,119679.22712223703,119861.80412776295,118675.05359184451,119770.515625,1613,0.0,0.0
2024-08-20 00:00:00+09:00,119770.51785714286,120683.40290178571,119040.20982142857,120135.671875,1396,0.0,0.0
2024-08-21 00:00:00+09:00,119770.51503469546,119770.51503469546,118401.1875,118401.1875,1578,0.0,0.0
2024-08-22 00:00:00+09:00,118127.32143373841,118309.8984375,116849.2824074074,118309.8984375,1690,0.0,0.0
2024-08-23 00:00:00+09:00,118309.89562354764,118583.76112267621,117488.29912616189,117853.453125,1390,0.0,0.0
2024-08-26 00:00:00+09:00,118309.89568965518,119131.4921875,117762.16469109195,119131.4921875,1537,0.0,0.0
2024-08-27 00:00:00+09:00,118675.05361519607,121048.5546875,118675.05361519607,121048.5546875,1986,0.0,0.0
2024-08-28 00:00:00+09:00,121048.55074867324,121048.55074867324,120044.37725075816,120409.53125,1888,0.0,0.0
2024-08-29 00:00:00+09:00,120318.24831860108,121231.13335895466,118218.61272578785,118766.34375,2003,0.0,0.0
2024-08-30 00:00:00+09:00,118766.34319110577,118766.34319110577,117762.16965144231,118675.0546875,3622,0.0,0.0
2024-09-02 00:00:00+09:00,119040.20418924149,119587.93519011223,117853.45368735488,117944.7421875,1335,0.0,0.0
2024-09-03 00:00:00+09:00,118492.4709214868,118492.4709214868,117214.43194390529,117579.5859375,1234,0.0,0.0
2024-09-04 00:00:00+09:00,117031.85592066165,117488.29841645206,115023.50893918383,115206.0859375,1815,0.0,0.0
2024-09-05 00:00:00+09:00,115206.079686251,115571.23366306955,114201.90625,114201.90625,1551,0.0,0.0
2024-09-06 00:00:00+09:00,114567.0663686899,114840.93186598558,113928.046875,113928.046875,1590,0.0,0.0
2024-09-09 00:00:00+09:00,113836.7509805162,114019.32796685223,112741.2890625,112741.2890625,2039,0.0,0.0
2024-09-10 00:00:00+09:00,113289.02243365922,114567.06136522348,113289.02243365922,114384.484375,1257,0.0,0.0
2024-09-11 00:00:00+09:00,114110.61875756658,114110.61875756658,112376.13735245158,113106.4453125,2368,0.0,0.0
2024-09-12 00:00:00+09:00,113562.88679056754,114201.90625,113197.73281374901,114201.90625,1433,0.0,0.0
2024-09-13 00:00:00+09:00,114384.4893704928,114384.4893704928,113654.18137770433,113928.046875,2240,0.0,0.0
2024-09-17 00:00:00+09:00,113654.17528477218,114567.06022681855,112923.8673311351,114201.90625,1396,0.0,0.0
2024-09-18 00:00:00+09:00,114201.91688607282,115936.3984375,114110.62838336613,115936.3984375,2000,0.0,0.0
2024-09-19 00:00:00+09:00,115936.3984375,116666.70645915353,115571.24442667322,115936.3984375,1491,0.0,0.0
2024-09-20 00:00:00+09:00,115753.81306639087,116666.69802748227,115388.6590819543,115845.1015625,1838,0.0,0.0
2024-09-24 00:00:00+09:00,116027.67798698739,116027.67798698739,115206.08152602524,115753.8125,1474,0.0,0.0
2024-09-25 00:00:00+09:00,115845.1099347933,116484.12945374016,115114.80191313976,115936.3984375,1332,0.0,0.0
2024-09-26 00:00:00+09:00,115936.39568266223,116757.9921875,115753.81868158717,116757.9921875,1499,0.0,0.0
2024-09-27 00:00:00+09:00,116575.41462490219,117214.43412558685,116210.26062451095,116666.703125,1142,0.0,0.0
2024-09-30 00:00:00+09:00,115936.39608996366,115936.39608996366,113015.1640625,113015.1640625,3053,0.0,0.0
2024-10-01 00:00:00+09:00,114110.6288968222,114110.6288968222,112741.30135006034,113471.609375,1523,0.0,0.0
2024-10-02 00:00:00+09:00,113562.89787811745,113562.89787811745,112558.72434382542,113471.609375,1314,0.0,0.0
2024-10-03 00:00:00+09:00,113471.609375,114201.91739993966,113380.32087188255,113471.609375,1351,0.0,0.0
2024-10-04 00:00:00+09:00,113928.0479368932,114201.9134367415,112832.5859375,112832.5859375,1815,0.0,0.0
2024-10-07 00:00:00+09:00,113928.05470016207,113928.05470016207,112193.5730981564,112650.015625,1565,0.0,0.0
2024-10-08 00:00:00+09:00,112650.00830518018,112650.00830518018,111463.2578125,111463.2578125,1575,0.0,0.0
2024-10-09 00:00:00+09:00,111737.12104560394,112010.98653836278,111006.81306491372,111098.1015625,1237,0.0,0.0
2024-10-10 00:00:00+09:00,111463.2578125,111737.1233108108,110732.9498170045,111463.2578125,900,0.0,0.0
2024-10-11 00:00:00+09:00,111280.68025102459,111645.83424692623,110915.52625512295,111371.96875,773,0.0,0.0
2024-10-15 00:00:00+09:00,111371.97099673202,112010.99050245098,110550.37448937909,111737.125,2094,0.0,0.0
2024-10-16 00:00:00+09:00,111371.96931306306,112102.27730855855,110824.23831644144,111463.2578125,1092,0.0,0.0
2024-10-17 00:00:00+09:00,111554.54461720033,112010.98710745074,110915.52513084975,111189.390625,862,0.0,0.0
2024-10-18 00:00:00+09:00,111554.54855867347,112102.27956632653,111098.10605229592,111828.4140625,889,0.0,0.0
2024-10-21 00:00:00+09:00,111828.41628086418,111828.41628086418,110915.53125,110915.53125,732,0.0,0.0
2024-10-22 00:00:00+09:00,110824.23817319782,110824.23817319782,108907.1796875,108907.1796875,2981,0.0,0.0
2024-10-23 00:00:00+09:00,108633.31259084302,110276.505554402,108359.44709691653,109911.3515625,1838,0.0,0.0
2024-10-24 00:00:00+09:00,109911.36050230706,109911.36050230706,108815.8984375,108815.8984375,1014,0.0,0.0
2024-10-25 00:00:00+09:00,108815.89454753962,109820.0680710488,108815.89454753962,109454.9140625,1026,0.0,0.0
2024-10-28 00:00:00+09:00,109089.76559269024,110732.9587145885,108907.18857914598,110367.8046875,759,0.0,0.0
2024-10-29 00:00:00+09:00,110459.08761850784,111189.39563582028,109911.3566055235,110732.953125,1395,0.0,0.0
2024-10-30 00:00:00+09:00,110732.953125,111463.26114231245,110641.66462283595,110732.953125,1131,0.0,0.0
2024-10-31 00:00:00+09:00,110641.66068097015,111098.10317552861,110002.6411885883,110093.9296875,2267,0.0,0.0
2024-11-01 00:00:00+09:00,109820.06136813073,110367.7923475229,109546.19587843464,109637.484375,1622,0.0,0.0
2024-11-05 00:00:00+09:00,110002.64224769683,110002.64224769683,108998.46875,108998.46875,1386,0.0,0.0
2024-11-06 00:00:00+09:00,109181.04311318816,111098.1015625,109181.04311318816,111098.1015625,1616,0.0,0.0
2024-11-07 00:00:00+09:00,110459.08645311194,110732.95195671469,109272.3359375,109272.3359375,1774,0.0,0.0
2024-11-08 00:00:00+09:00,109637.48267294449,110459.07912927796,109272.32869235183,109363.6171875,1459,0.0,0.0
2024-11-11 00:00:00+09:00,109546.197570598,109911.3515625,109272.33207667152,109911.3515625,987,0.0,0.0
2024-11-12 00:00:00+09:00,110367.7934850374,110459.08198254363,109820.0625,109820.0625,998,0.0,0.0
2024-11-13 00:00:00+09:00,109637.48768205155,109820.06468068944,108724.60268886211,108907.1796875,2131,0.0,0.0
2024-11-14 00:00:00+09:00,108907.17572196458,108998.46421795952,107903.00226602024,108268.15625,2753,0.0,0.0
2024-11-15 00:00:00+09:00,108907.18137280518,109546.20087792641,108633.31587061037,109181.046875,1745,0.0,0.0
2024-11-18 00:00:00+09:00,109546.19644342763,110185.21592268095,109089.75395824667,109728.7734375,1556,0.0,0.0
2024-11-19 00:00:00+09:00,110093.93472222221,110915.53125,110093.93472222221,110915.53125,1148,0.0,0.0
2024-11-20 00:00:00+09:00,110915.53012932812,111645.83814664057,110550.37612067189,110732.953125,1534,0.0,0.0
2024-11-21 00:00:00+09:00,110732.9418949358,110915.51888074772,110185.2109375,110185.2109375,1620,0.0,0.0
2024-11-22 00:00:00+09:00,110459.08039023889,111098.09986357084,110185.21490166803,110824.234375,1279,0.0,0.0
2024-11-25 00:00:00+09:00,110824.24162716405,111737.12664880462,110732.953125,110732.953125,3252,0.0,0.0
2024-11-26 00:00:00+09:00,111463.25724897541,111463.25724897541,110550.37225922132,111371.96875,2420,0.0,0.0
2024-11-27 00:00:00+09:00,110824.23654225498,111189.39053415698,109728.77456654901,109911.3515625,6332,0.0,0.0
2024-11-28 00:00:00+09:00,110056.66054720353,111556.58096351977,109962.91552118376,111462.8359375,4173,3155.0,0.0
2024-11-29 00:00:00+09:00,111556.57521186442,111556.57521186442,110619.125,110619.125,2597,0.0,0.0
2024-12-02 00:00:00+09:00,111087.85580698217,111275.34585897709,110431.640625,110431.640625,1548,0.0,0.0
2024-12-03 00:00:00+09:00,110431.640625,110994.11078098472,109962.91549501274,110431.640625,2306,0.0,0.0
2024-12-04 00:00:00+09:00,110431.64275021387,110806.62286142002,109587.9375,109587.9375,2094,0.0,0.0
2024-12-05 00:00:00+09:00,109775.43181212702,110619.13709505541,109587.94174925405,109962.921875,2652,0.0,0.0
2024-12-06 00:00:00+09:00,109869.17046901528,110525.38565099746,109869.17046901528,110431.640625,1699,0.0,0.0
2024-12-09 00:00:00+09:00,109962.916875,109962.916875,107806.78125,107806.78125,3359,0.0,0.0
2024-12-10 00:00:00+09:00,107525.54616847826,108462.9964402174,107338.05611413044,107806.78125,3305,0.0,0.0
2024-12-11 00:00:00+09:00,107431.79276739691,109400.43818460051,107431.79276739691,109119.203125,2312,0.0,0.0
2024-12-12 00:00:00+09:00,109681.67547259982,110994.10577740017,109119.2053419711,110337.890625,2857,0.0,0.0
2024-12-13 00:00:00+09:00,110994.1100762066,111369.09017781541,110056.65982218458,110712.875,3925,0.0,0.0
2024-12-16 00:00:00+09:00,111087.86008883249,111087.86008883249,110056.66476311337,110806.625,1449,0.0,0.0
2024-12-17 00:00:00+09:00,111275.3444494299,112119.0496727196,110525.38425095017,110994.109375,3372,0.0,0.0
2024-12-18 00:00:00+09:00,110994.11505922166,111837.82032571912,110806.625,110806.625,1983,0.0,0.0
2024-12-19 00:00:00+09:00,110619.13211892797,112962.75779941374,110431.64206448912,111931.5625,3363,0.0,0.0
2024-12-20 00:00:00+09:00,112494.03266331658,112962.75779941374,111931.5625,111931.5625,3490,0.0,0.0
2024-12-23 00:00:00+09:00,112306.54122367878,114181.4417449422,112306.54122367878,113525.2265625,3356,0.0,0.0
2024-12-24 00:00:00+09:00,113900.2016722624,114743.90686983471,113243.98651859503,113431.4765625,2759,0.0,0.0
2024-12-25 00:00:00+09:00,113525.22798879523,114087.69815224096,113243.99290707237,113993.953125,1529,0.0,0.0
2024-12-26 00:00:00+09:00,114368.94029471544,115306.390625,113993.96016260162,115306.390625,2072,0.0,0.0
2024-12-27 00:00:00+09:00,115681.37075711382,115868.86082317073,114743.92042682927,115306.390625,1586,0.0,0.0
2024-12-30 00:00:00+09:00,115775.10505251025,116056.34012551229,114368.9296875,114368.9296875,2709,0.0,0.0
2025-01-06 00:00:00+09:00,116243.8380636071,117275.03340126813,116056.34800221417,116431.328125,2768,0.0,0.0
2025-01-07 00:00:00+09:00,117087.53689446804,117087.53689446804,115868.8515625,115868.8515625,2477,0.0,0.0
2025-01-08 00:00:00+09:00,116993.79041429731,117275.02548740861,115400.125,115400.125,1775,0.0,0.0
2025-01-09 00:00:00+09:00,115400.12997159091,115868.85511363637,114837.65980113637,115493.875,2116,0.0,0.0
2025-01-10 00:00:00+09:00,115025.14346069534,115400.12355347675,114650.16336791395,114931.3984375,1212,0.0,0.0
2025-01-14 00:00:00+09:00,115306.37993084016,115681.36002817623,114181.43963883196,114368.9296875,2677,0.0,0.0
2025-01-15 00:00:00+09:00,114650.1661989796,115025.14630102042,114181.44107142858,114837.65625,2041,0.0,0.0
2025-01-16 00:00:00+09:00,115775.11221763573,115868.85724777148,114931.4069464141,115681.3671875,1760,0.0,0.0
2025-01-17 00:00:00+09:00,116056.34730804295,116056.34730804295,115212.64203682131,115681.3671875,1591,0.0,0.0
2025-01-20 00:00:00+09:00,115681.36077463355,115775.10579957247,114931.40057512216,115118.890625,1581,0.0,0.0
2025-01-21 00:00:00+09:00,115962.59514622258,116150.08519496344,114931.39987814784,115400.125,1532,0.0,0.0
2025-01-22 00:00:00+09:00,115493.88069105691,115775.11579014227,115118.90055894309,115306.390625,1236,0.0,0.0
2025-01-23 00:00:00+09:00,115775.10866821487,116431.32385904685,115587.61861369145,116056.34375,2146,0.0,0.0
2025-01-24 00:00:00+09:00,116056.33882962739,117837.49427208533,116056.33882962739,116993.7890625,1877,0.0,0.0
2025-01-27 00:00:00+09:00,117087.53698778566,118962.4375,117087.53698778566,118962.4375,1983,0.0,0.0
2025-01-28 00:00:00+09:00,118962.439632917,120556.10509687255,118681.2045510425,119149.9296875,2271,0.0,0.0
2025-01-29 00:00:00+09:00,119149.92969968799,120837.34019110765,119149.92969968799,120181.125,1798,0.0,0.0
2025-01-30 00:00:00+09:00,119618.65057707355,120181.1207208529,118868.69038536775,119806.140625,2408,0.0,0.0
2025-01-31 00:00:00+09:00,120181.1200234192,120462.35509367682,119149.92476580795,120087.375,4047,0.0,0.0
2025-02-03 00:00:00+09:00,120837.33310319767,122899.72358284883,120368.60799418604,120931.078125,5259,0.0,0.0
2025-02-04 00:00:00+09:00,121399.8096786534,122524.75,120556.10443764346,122524.75,5413,0.0,0.0
2025-02-05 00:00:00+09:00,122056.0183866279,122430.9984738372,120931.078125,120931.078125,3109,0.0,0.0
2025-02-06 00:00:00+09:00,121306.06323204684,122056.0234375,121118.57318068357,122056.0234375,2450,0.0,0.0
2025-02-07 00:00:00+09:00,121493.55040634675,121587.29542980844,120556.10017172988,121118.5703125,2729,0.0,0.0
2025-02-10 00:00:00+09:00,122056.02486610558,123368.45524100994,121306.06465187452,122524.75,4550,0.0,0.0
2025-02-12 00:00:00+09:00,122805.97965169993,127118.25069290466,122805.97965169993,126837.015625,9941,0.0,0.0
2025-02-13 00:00:00+09:00,135274.07956028183,136117.7848382046,132742.96372651355,134711.609375,28427,0.0,0.0
2025-02-14 00:00:00+09:00,134617.86434411968,135367.82459116215,134617.86434411968,134711.609375,11442,0.0,0.0
2025-02-17 00:00:00+09:00,134617.8537030598,135180.32384388038,134617.8537030598,134805.34375,8104,0.0,0.0
2025-02-18 00:00:00+09:00,134711.60652820911,135836.546875,134711.60652820911,135836.546875,5640,0.0,0.0
2025-02-19 00:00:00+09:00,135461.55322265625,136399.00341796875,134617.848046875,134992.828125,4992,0.0,0.0
2025-02-20 00:00:00+09:00,134805.3544058803,135367.82459116215,134617.86434411968,134711.609375,3290,0.0,0.0
2025-02-21 00:00:00+09:00,134805.3544058803,135274.07956028183,134711.609375,134711.609375,3297,0.0,0.0
2025-02-25 00:00:00+09:00,134711.62003830084,135274.09026810585,134524.12996169916,134617.875,4929,0.0,0.0
2025-02-26 00:00:00+09:00,134805.3473183391,135461.5625,134617.85726643598,135461.5625,4320,0.0,0.0
2025-02-27 00:00:00+09:00,134899.10428082192,136867.75,134899.10428082192,136867.75,2970,0.0,0.0
2025-02-28 00:00:00+09:00,135649.0704213092,136586.52080431755,134617.875,134617.875,5366,0.0,0.0
2025-03-03 00:00:00+09:00,134711.60299280513,135180.328125,134524.11293992717,135180.328125,5902,0.0,0.0
2025-03-04 00:00:00+09:00,134805.3544058803,135180.33452940153,134617.86434411968,134711.609375,3538,0.0,0.0
2025-03-05 00:00:00+09:00,134711.609375,134992.8444676409,134711.609375,134711.609375,1472,0.0,0.0
2025-03-06 00:00:00+09:00,134711.58809285963,135180.31317321057,134617.84307678943,134899.078125,4230,0.0,0.0
2025-03-07 00:00:00+09:00,134899.09943676062,135367.82459116215,134711.609375,134711.609375,1305,0.0,0.0
2025-03-10 00:00:00+09:00,134711.62003830084,134899.11011490252,134430.38492339835,134617.875,5740,0.0,0.0
2025-03-11 00:00:00+09:00,134711.59306640623,135274.06318359374,134711.59306640623,134992.828125,4834,0.0,0.0
2025-03-12 00:00:00+09:00,134805.34375,135367.81389082057,134805.34375,134805.34375,2468,0.0,0.0
2025-03-13 00:00:00+09:00,134805.3331089298,135086.56815714037,134617.84307678943,134899.078125,3396,0.0,0.0
2025-03-14 00:00:00+09:00,134992.8331020125,135461.55821695004,134805.34305603747,135086.578125,2394,0.0,0.0
2025-03-17 00:00:00+09:00,134805.35297557173,135367.82315488564,134805.35297557173,135274.078125,1647,0.0,0.0
2025-03-18 00:00:00+09:00,135086.57314453126,135274.06318359374,134617.848046875,134992.828125,3517,0.0,0.0
2025-03-19 00:00:00+09:00,134992.83737024223,135461.5625,134711.60229238754,135461.5625,2628,0.0,0.0
2025-03-21 00:00:00+09:00,137805.18694380356,142773.67327579102,137805.18694380356,142211.203125,8815,0.0,0.0
2025-03-24 00:00:00+09:00,140992.53256578947,145304.80417351972,140992.53256578947,142492.453125,4760,0.0,0.0
2025-03-25 00:00:00+09:00,141929.97160022965,144836.0674520177,141929.97160022965,142867.421875,2265,0.0,0.0
2025-03-26 00:00:00+09:00,143148.6541442871,143992.359375,142492.43896484375,143992.359375,1583,0.0,0.0
2025-03-27 00:00:00+09:00,143898.61931725763,144836.06960596942,142773.6789708035,144086.109375,2093,0.0,0.0
2025-03-28 00:00:00+09:00,144086.10081139635,144086.10081139635,142304.94536870503,143336.140625,1384,0.0,0.0
2025-03-31 00:00:00+09:00,142304.9596327968,143054.9198943662,139773.84375,139773.84375,1956,0.0,0.0
2025-04-01 00:00:00+09:00,139773.82520256584,141273.74552667118,138555.13993923026,138836.375,1391,0.0,0.0
2025-04-02 00:00:00+09:00,138555.14269911504,138555.14269911504,136492.75221238937,137711.4375,1437,0.0,0.0
2025-04-03 00:00:00+09:00,136024.02696311334,136492.75207325502,134805.341676745,135649.046875,1670,0.0,0.0
2025-04-04 00:00:00+09:00,134711.609375,136117.7848382046,134617.86434411968,134711.609375,4143,0.0,0.0
2025-04-07 00:00:00+09:00,133961.63251029726,134242.86756805156,130868.046875,130868.046875,5276,0.0,0.0
2025-04-08 00:00:00+09:00,133117.9417573736,135274.0774337254,132742.9616397472,133492.921875,3359,0.0,0.0
2025-04-09 00:00:00+09:00,132649.22574790064,134336.63639345698,132649.22574790064,133961.65625,3427,0.0,0.0
2025-04-10 00:00:00+09:00,135930.27716280654,138742.62772479566,135180.31701294277,137617.6875,3419,0.0,0.0
2025-04-11 00:00:00+09:00,136399.01211734695,137992.6775510204,135742.79693877551,137805.1875,2864,0.0,0.0
2025-04-14 00:00:00+09:00,137430.21875,139211.37438182128,136867.7485504775,137430.21875,1622,0.0,0.0
2025-04-15 00:00:00+09:00,136680.24351578765,137430.20369968773,134899.08807902498,135086.578125,2449,0.0,0.0
2025-04-16 00:00:00+09:00,135461.56179860153,136773.99215512778,134899.09164580455,135742.796875,1597,0.0,0.0
2025-04-17 00:00:00+09:00,135930.29821793997,137523.96378325377,135930.29821793997,137430.21875,1680,0.0,0.0
2025-04-18 00:00:00+09:00,137430.21666379904,137430.21666379904,136117.7862181693,136211.53125,1131,0.0,0.0
2025-04-21 00:00:00+09:00,135930.29119318182,137148.9765625,135367.82102272726,136117.78125,1223,0.0,0.0
2025-04-22 00:00:00+09:00,138180.1619183084,138180.1619183084,136024.02642026154,137992.671875,1491,0.0,0.0
2025-04-23 00:00:00+09:00,137898.93678977274,137992.68181818182,136117.78125,136117.78125,1388,0.0,0.0
2025-04-24 00:00:00+09:00,135461.57534843206,136024.04555749128,133680.41968641116,134524.125,1290,0.0,0.0
2025-04-25 00:00:00+09:00,135274.0867520994,135274.0867520994,133117.95092722183,133961.65625,1650,0.0,0.0
2025-04-28 00:00:00+09:00,133586.66477669225,134336.625,132930.449581298,134336.625,1509,0.0,0.0
2025-04-30 00:00:00+09:00,134805.34236495846,135836.53761253462,134336.61725242384,135367.8125,1249,0.0,0.0
2025-05-01 00:00:00+09:00,135274.06473214284,138180.1603708791,134711.5946085165,136492.75,1304,0.0,0.0
2025-05-02 00:00:00+09:00,137805.1959996617,139305.1165003383,136586.51059286197,138555.15625,1423,0.0,0.0
2025-05-07 00:00:00+09:00,140055.06740071284,140055.06740071284,137711.44177486422,138086.421875,1322,0.0,0.0
2025-05-08 00:00:00+09:00,138086.42612757732,138086.42612757732,136399.015625,136399.015625,1039,0.0,0.0
2025-05-09 00:00:00+09:00,136399.01211734695,137805.1875,136024.03201530612,137805.1875,1559,0.0,0.0
2025-05-12 00:00:00+09:00,138461.40483816588,139023.875,137523.95456844236,139023.875,1272,0.0,0.0
2025-05-13 00:00:00+09:00,139398.86592465753,139492.61095890412,136867.75,136867.75,1508,0.0,0.0
2025-05-14 00:00:00+09:00,136961.48296906953,137805.18820296522,136492.75783912747,137523.953125,1232,0.0,0.0
2025-05-15 00:00:00+09:00,137523.96378325377,137711.45384976125,136399.02338420873,137430.21875,1119,0.0,0.0
2025-05-16 00:00:00+09:00,138273.91333290728,138273.91333290728,136399.01281313907,137523.953125,1088,0.0,0.0
2025-05-19 00:00:00+09:00,136867.73368079288,137805.18391148324,136211.51851930964,137148.96875,1179,0.0,0.0
2025-05-20 00:00:00+09:00,137148.96875,137711.4388884142,136492.75358851676,137148.96875,843,0.0,0.0
2025-05-21 00:00:00+09:00,137148.96653017242,137430.20159482758,135930.28125,135930.28125,1350,0.0,0.0
2025-05-22 00:00:00+09:00,136117.78054123712,137242.72087628866,135649.0554016323,136399.015625,815,0.0,0.0
2025-05-23 00:00:00+09:00,135930.29119318182,136586.50639204547,135555.31107954547,136117.78125,1093,0.0,0.0
2025-05-26 00:00:00+09:00,135836.54545747422,136680.25070876288,135555.31037371134,136399.015625,1302,0.0,0.0
2025-05-27 00:00:00+09:00,136399.0184513652,137336.46875,136305.2734215017,137336.46875,816,0.0,0.0
2025-05-28 00:00:00+09:00,138836.37653431864,140711.27696017033,137242.7111723447,140336.296875,5053,0.0,0.0
2025-05-29 00:00:00+09:00,140546.25652192385,141313.22108684568,139491.68024515634,141025.609375,2992,3319.0,0.0
2025-05-30 00:00:00+09:00,140642.1201435811,143230.6254222973,140066.8967483108,141888.4375,3183,0.0,0.0
2025-06-02 00:00:00+09:00,142176.06457002353,143230.6409087088,141217.35880758238,142559.546875,1482,0.0,0.0
2025-06-03 00:00:00+09:00,143230.64946106283,144093.48469878008,142367.8142233456,143422.390625,1132,0.0,0.0
2025-06-04 00:00:00+09:00,143518.24136844758,143901.7236433132,142080.1828377016,142655.40625,1252,0.0,0.0
2025-06-05 00:00:00+09:00,142367.80544051205,143230.640625,141313.22910391566,143230.640625,1063,0.0,0.0
2025-06-06 00:00:00+09:00,142367.80572251178,142943.02917997647,142176.06457002353,142559.546875,647,0.0,0.0
2025-06-09 00:00:00+09:00,142559.54061440678,143134.76404661016,141409.09375,141409.09375,777,0.0,0.0
2025-06-10 00:00:00+09:00,142176.05781984553,143614.1163952317,142080.18724815312,142751.28125,1232,0.0,0.0
2025-06-11 00:00:00+09:00,143805.86296813402,146106.75677562418,143326.51009157358,145915.015625,1468,0.0,0.0
2025-06-12 00:00:00+09:00,145915.01534908437,146586.109375,145243.92132316873,146586.109375,2311,0.0,0.0
2025-06-13 00:00:00+09:00,149558.10052952502,149653.97110678753,147257.20667522465,149366.359375,3550,0.0,0.0
2025-06-16 00:00:00+09:00,148982.8703125,150996.15234375,148311.77630208334,149558.09375,1567,0.0,0.0
2025-06-17 00:00:00+09:00,149270.47994657778,149941.57394762212,147640.6802297558,149174.609375,1235,0.0,0.0
2025-06-18 00:00:00+09:00,148791.13384813385,149270.48672779923,148024.16924066923,148982.875,1138,0.0,0.0
2025-06-19 00:00:00+09:00,148503.51537395566,150037.44451919987,148215.90365922236,149174.609375,923,0.0,0.0
2025-06-20 00:00:00+09:00,148982.87185123574,151283.765625,148695.2601295152,151283.765625,2341,0.0,0.0
2025-06-23 00:00:00+09:00,151187.89740079365,151667.25027777778,150708.5445238095,150996.15625,800,0.0,0.0
2025-06-24 00:00:00+09:00,150996.14738954228,151667.24137794023,150325.0534011443,150804.40625,909,0.0,0.0
2025-06-25 00:00:00+09:00,150996.14738954228,152050.7236570248,150708.53568022884,150804.40625,887,0.0,0.0
2025-06-26 00:00:00+09:00,151667.25442198358,151954.86615603286,149558.10170562225,151763.125,1550,0.0,0.0
2025-06-27 00:00:00+09:00,150996.15597345133,151667.25,150516.80309734514,151667.25,1027,0.0,0.0
2025-06-30 00:00:00+09:00,150900.29514555342,152050.7421225208,149845.71875,149845.71875,1221,0.0,0.0
2025-07-01 00:00:00+09:00,150229.18776041665,150516.79947916666,149462.22317708333,149558.09375,961,0.0,0.0
2025-07-02 00:00:00+09:00,150133.32052391442,152434.21432504719,149366.35592353682,152338.34375,1425,0.0,0.0
2025-07-03 00:00:00+09:00,152242.46455696202,153201.17025316457,151187.88829113924,151475.5,1214,0.0,0.0
2025-07-04 00:00:00+09:00,151667.25,152434.21460176993,151379.6382743363,151667.25,800,0.0,0.0
2025-07-07 00:00:00+09:00,151667.23835707578,153488.77914644647,151667.23835707578,153105.296875,898,0.0,0.0
2025-07-08 00:00:00+09:00,153392.9203539823,154159.8849557522,151571.37942477877,151667.25,1243,0.0,0.0
2025-07-09 00:00:00+09:00,151763.134508275,152338.35801241247,150612.6875,150612.6875,1053,0.0,0.0
2025-07-10 00:00:00+09:00,150612.66487341773,151475.5,150516.79430379748,151475.5,728,0.0,0.0
2025-07-11 00:00:00+09:00,151475.51501725218,152817.703125,151475.51501725218,152817.703125,654,0.0,0.0
2025-07-14 00:00:00+09:00,153297.03801072322,153297.03801072322,151858.979492799,153105.296875,907,0.0,0.0
2025-07-15 00:00:00+09:00,152721.82343456848,153297.046875,151667.2471271107,153297.046875,1244,0.0,0.0
2025-07-16 00:00:00+09:00,152913.57076350093,154447.5,152817.70018621974,154447.5,1205,0.0,0.0
2025-07-17 00:00:00+09:00,154543.37941723497,154639.25,153872.28533787973,154639.25,872,0.0,0.0
2025-07-18 00:00:00+09:00,154926.8466228893,154926.8466228893,153009.43515478424,153297.046875,1113,0.0,0.0
2025-07-22 00:00:00+09:00,153392.9192546584,155022.71902173912,153392.9192546584,154351.625,1274,0.0,0.0
2025-07-23 00:00:00+09:00,153968.15452586208,155022.73092672412,152913.578125,152913.578125,1240,0.0,0.0
2025-07-24 00:00:00+09:00,152530.078125,153488.78383288812,152242.46641263357,152530.078125,1099,0.0,0.0
2025-07-25 00:00:00+09:00,152530.08281742904,152817.69453864353,151667.24765378548,151954.859375,798,0.0,0.0
2025-07-28 00:00:00+09:00,151763.12057522126,152434.21460176993,151379.6382743363,151667.25,1059,0.0,0.0
2025-07-29 00:00:00+09:00,151475.50884955752,151667.25,150037.45022123895,151667.25,1576,0.0,0.0
2025-07-30 00:00:00+09:00,152242.475528058,153009.44014029004,151571.38149235497,152050.734375,2663,0.0,0.0
2025-07-31 00:00:00+09:00,152721.81902182417,153584.65415754067,152242.4661686483,153201.171875,936,0.0,0.0
2025-08-01 00:00:00+09:00,153009.4392890479,154159.88620099565,151858.9923771002,154064.015625,1353,0.0,0.0
2025-08-04 00:00:00+09:00,154255.74694771893,156748.38176477342,154255.74694771893,156556.640625,1807,0.0,0.0
2025-08-05 00:00:00+09:00,156748.39650090688,160774.96081469164,156748.39650090688,158569.9375,1874,0.0,0.0
2025-08-06 00:00:00+09:00,158186.43704927884,160103.84840745194,158186.43704927884,159528.625,1461,0.0,0.0
2025-08-07 00:00:00+09:00,160870.8145994352,162117.1319950208,159624.49720384958,161254.296875,1907,0.0,0.0
2025-08-08 00:00:00+09:00,160679.0851829634,160679.0851829634,159049.28539292142,159816.25,1455,0.0,0.0
2025-08-12 00:00:00+09:00,160103.85729291715,160966.69245198078,159049.28098739494,159720.375,1548,0.0,0.0
2025-08-13 00:00:00+09:00,159432.77271009673,159912.1256045949,158569.9375,158569.9375,1082,0.0,0.0
2025-08-14 00:00:00+09:00,159049.29450586642,159912.12973826713,158282.32985484356,159336.90625,1244,0.0,0.0
2025-08-15 00:00:00+09:00,159049.2900925647,159912.12530102348,158186.45488410597,159241.03125,1066,0.0,0.0
2025-08-18 00:00:00+09:00,159336.88987299465,161350.171875,159336.88987299465,161350.171875,1260,0.0,0.0
2025-08-19 00:00:00+09:00,161350.18513678826,161925.40861321174,160870.83223976867,161637.796875,836,0.0,0.0
2025-08-20 00:00:00+09:00,161637.7874889576,163555.19896569493,160487.34060291518,162788.234375,1510,0.0,0.0
2025-08-21 00:00:00+09:00,163746.95549853373,164993.2730755132,163171.73200146627,163459.34375,1366,0.0,0.0
2025-08-22 00:00:00+09:00,163555.21433284457,164705.66132697946,163267.60258431087,163459.34375,1407,0.0,0.0
2025-08-25 00:00:00+09:00,163938.6872087944,164609.78125,163075.85201295864,164609.78125,1038,0.0,0.0
2025-08-26 00:00:00+09:00,164226.2947995904,165376.7416983616,162788.23617612637,163842.8125,1421,0.0,0.0
2025-08-27 00:00:00+09:00,165568.48149010894,167198.28125,164513.90517488532,167198.28125,1979,0.0,0.0
2025-08-28 00:00:00+09:00,166335.44269314868,166431.31326530612,164130.4195335277,164418.03125,1755,0.0,0.0
2025-08-29 00:00:00+09:00,164226.296875,164897.39090776414,162788.23823336253,164226.296875,4773,0.0,0.0
2025-09-01 00:00:00+09:00,164418.0333315154,165280.86849185574,163938.6804646597,164801.515625,1494,0.0,0.0
2025-09-02 00:00:00+09:00,165376.74586852067,165376.74586852067,162979.98143564357,164609.78125,981,0.0,0.0
2025-09-03 00:00:00+09:00,164226.29773382092,164322.16831043144,162213.015625,162213.015625,1369,0.0,0.0
2025-09-04 00:00:00+09:00,162308.8825879491,162308.8825879491,159816.24765157187,160103.859375,2206,0.0,0.0
2025-09-05 00:00:00+09:00,160199.7384883115,161062.57370458607,159816.25616996724,160966.703125,2526,0.0,0.0
2025-09-08 00:00:00+09:00,161254.30779768957,162788.23700385072,161254.30779768957,161829.53125,1356,0.0,0.0
2025-09-09 00:00:00+09:00,161925.39248161766,162979.96875,161350.1690625,162979.96875,1603,0.0,0.0
2025-09-10 00:00:00+09:00,161637.78982300885,162500.625,160966.69579646018,162500.625,1156,0.0,0.0
2025-09-11 00:00:00+09:00,162117.12899325907,163555.1875,162021.258426143,163555.1875,1327,0.0,0.0
2025-09-12 00:00:00+09:00,165280.86849185574,165280.86849185574,162788.23358420594,164801.515625,2926,0.0,0.0
2025-09-16 00:00:00+09:00,164801.52856600634,165760.234375,163651.081595214,165760.234375,1397,0.0,0.0
2025-09-17 00:00:00+09:00,165184.99972904625,165856.09375,164322.16455924854,165856.09375,1153,0.0,0.0
2025-09-18 00:00:00+09:00,165856.1011340432,166431.32460618438,163938.6895602392,164322.171875,1283,0.0,0.0
2025-09-19 00:00:00+09:00,164418.03125,165184.99582725947,163171.71381195335,164418.03125,4266,0.0,0.0
2025-09-22 00:00:00+09:00,164418.0359493856,165856.09457284963,163267.5890506144,163842.8125,1209,0.0,0.0
2025-09-24 00:00:00+09:00,163842.8125,164418.0359493856,163267.5890506144,163842.8125,719,0.0,0.0
2025-09-25 00:00:00+09:00,164130.41720023283,164705.640625,163459.32320467112,164705.640625,799,0.0,0.0
2025-09-26 00:00:00+09:00,164705.65533352504,166718.9375,164705.65533352504,166718.9375,1118,0.0,0.0
2025-09-29 00:00:00+09:00,166335.45673782277,166431.3273180751,163363.46875,163363.46875,1057,0.0,0.0
2025-09-30 00:00:00+09:00,163938.66976846423,164418.02260404453,163171.70523153574,163555.1875,787,0.0,0.0
2025-10-01 00:00:00+09:00,164322.15203692848,164418.02260404453,162021.258426143,163555.1875,1318,0.0,0.0
2025-10-02 00:00:00+09:00,164705.63596650233,166814.78846432714,162692.35403676046,165280.859375,2213,0.0,0.0
2025-10-03 00:00:00+09:00,164609.77163738478,166718.92421514977,164609.77163738478,166431.3125,1254,0.0,0.0
2025-10-06 00:00:00+09:00,167294.14845950704,170170.265625,167006.53674295775,170170.265625,1603,0.0,0.0
2025-10-07 00:00:00+09:00,169978.5186535163,169978.5186535163,167294.14272441395,167677.625,973,0.0,0.0
2025-10-08 00:00:00+09:00,167390.02057487017,168348.72630553952,166143.703125,166143.703125,1028,0.0,0.0
2025-10-09 00:00:00+09:00,166527.18282056798,167102.40625,165568.47710484796,167102.40625,890,0.0,0.0
2025-10-10 00:00:00+09:00,166814.80807935595,167294.16097613572,166239.58460322025,166718.9375,599,0.0,0.0
2025-10-14 00:00:00+09:00,166335.44870061995,166335.44870061995,164801.5194907007,166239.578125,957,0.0,0.0
2025-10-15 00:00:00+09:00,166143.70699549487,167869.37735090105,166143.70699549487,167581.765625,1115,0.0,0.0
2025-10-16 00:00:00+09:00,167773.51177992168,171991.81721895974,167773.51177992168,171416.59375,1398,0.0,0.0
2025-10-17 00:00:00+09:00,171704.1986993715,173429.86903805865,170649.62238128492,171608.328125,1850,0.0,0.0
2025-10-20 00:00:00+09:00,171991.8078125,173046.3841145833,170649.61979166666,172567.03125,1527,0.0,0.0
2025-10-21 00:00:00+09:00,172279.421875,173238.12761720925,171224.84555856985,172279.421875,1944,0.0,0.0
2025-10-22 00:00:00+09:00,172854.64767976588,173525.7417084727,171224.84789576367,171991.8125,1314,0.0,0.0
2025-10-23 00:00:00+09:00,171128.97291550474,172087.67864612382,170362.00833100948,171895.9375,2430,0.0,0.0
2025-10-24 00:00:00+09:00,172087.68335548404,172183.55393116956,170362.01299314492,171320.71875,1251,0.0,0.0
2025-10-27 00:00:00+09:00,171128.98142688678,172854.65182783018,171033.1108490566,172758.78125,1023,0.0,0.0
2025-10-28 00:00:00+09:00,171800.0690038954,172279.421875,170170.26924213968,172279.421875,1059,0.0,0.0
2025-10-29 00:00:00+09:00,171704.20578326783,172183.55867490175,169786.79421673217,170745.5,1191,0.0,0.0
2025-10-30 00:00:00+09:00,169978.52862976724,171800.06954570947,169499.17575715086,170937.234375,1331,0.0,0.0
2025-10-31 00:00:00+09:00,171033.09632187148,171512.44917030723,170074.390625,170074.390625,1369,0.0,0.0
2025-11-04 00:00:00+09:00,170937.24414505388,170937.24414505388,168923.96196499435,169115.703125,1253,0.0,0.0
2025-11-05 00:00:00+09:00,169307.44132509825,171320.7234699607,168252.86496350364,170745.5,2372,0.0,0.0
2025-11-06 00:00:00+09:00,171416.5741328257,171895.92696876763,169499.1627890581,169978.515625,1619,0.0,0.0
2025-11-07 00:00:00+09:00,169786.80129267776,170457.89536893342,169115.70721642213,169882.671875,1199,0.0,0.0
2025-11-10 00:00:00+09:00,170553.7484295145,171128.97186435264,168828.078125,168828.078125,1451,0.0,0.0
2025-11-11 00:00:00+09:00,169211.557094029,171800.0625,168923.94538225446,171800.0625,1677,0.0,0.0
2025-11-12 00:00:00+09:00,171224.85526223286,172471.17279773622,170457.890625,170457.890625,1163,0.0,0.0
2025-11-13 00:00:00+09:00,171033.0918640722,171128.96243126056,169786.77449062324,169978.515625,1316,0.0,0.0
2025-11-14 00:00:00+09:00,170266.14089881288,170841.36434779534,169307.43515050874,169595.046875,1148,0.0,0.0
2025-11-17 00:00:00+09:00,170266.14269662922,170649.625,169019.82521067414,170649.625,1254,0.0,0.0
2025-11-18 00:00:00+09:00,170074.40715915573,170457.8894751854,168061.125,168061.125,2121,0.0,0.0
2025-11-19 00:00:00+09:00,168252.85546875,168732.2083333333,166335.44401041666,166814.796875,2392,0.0,0.0
2025-11-20 00:00:00+09:00,167869.37970988537,168156.99143982807,166814.80336676218,167294.15625,1338,0.0,0.0
2025-11-21 00:00:00+09:00,167006.54217319796,167965.24792620138,166431.3187213959,167581.765625,2554,0.0,0.0
2025-11-25 00:00:00+09:00,167390.01953790462,169115.6898424191,167006.5372480125,168828.078125,1519,0.0,0.0
2025-11-26 00:00:00+09:00,171033.10339943343,171033.10339943343,167294.15102691218,169211.5625,8515,0.0,0.0
2025-11-27 00:00:00+09:00,170080.54943279724,171840.00339244687,169005.32756856692,170178.296875,4028,3389.0,0.0
2025-11-28 00:00:00+09:00,170373.78663204427,170960.2712676107,168223.34296830074,169982.796875,3499,0.0,0.0
2025-12-01 00:00:00+09:00,169591.80844060853,169591.80844060853,167050.375,167050.375,2408,0.0,0.0
2025-12-02 00:00:00+09:00,167930.09631326352,168027.84375,165779.65270506107,168027.84375,2091,0.0,0.0
2025-12-03 00:00:00+09:00,167050.37526607458,168418.8394285819,165975.15342410453,166463.890625,2231,0.0,0.0
2025-12-04 00:00:00+09:00,166952.63122775801,167050.37866992885,164411.19773131673,164802.1875,1368,0.0,0.0
2025-12-05 00:00:00+09:00,164606.6826148568,164997.6723597852,163726.9556887679,163824.703125,1214,0.0,0.0
2025-12-08 00:00:00+09:00,164508.9403214392,164997.67751787844,162749.48641425805,164020.203125,1453,0.0,0.0
2025-12-09 00:00:00+09:00,163531.458255597,164215.69029850746,162456.2364738806,163726.953125,1772,0.0,0.0
2025-12-10 00:00:00+09:00,163042.7315451285,164313.44827779438,163042.7315451285,163531.46875,1239,0.0,0.0
2025-12-11 00:00:00+09:00,163922.4622159091,164411.19943181818,161185.5338068182,161283.28125,1127,0.0,0.0
2025-12-12 00:00:00+09:00,162163.0068359375,164997.68266369047,161185.5324125744,164215.703125,4052,0.0,0.0
2025-12-15 00:00:00+09:00,163433.72358630953,164508.94545200892,163433.72358630953,164215.703125,1278,0.0,0.0
2025-12-16 00:00:00+09:00,164704.43313626127,165290.91776463963,162456.24206081082,162749.484375,1791,0.0,0.0
2025-12-17 00:00:00+09:00,162847.22900449103,163238.21875,161869.75464071857,163238.21875,1527,0.0,0.0
2025-12-18 00:00:00+09:00,162358.4948764316,163726.95901145268,161381.02049427366,162163.0,1782,0.0,0.0
2025-12-19 00:00:00+09:00,162553.99716164568,163531.4715883543,161869.76506294962,163042.734375,3625,0.0,0.0
2025-12-22 00:00:00+09:00,163238.22182037373,164117.94876431586,161381.02049427366,162163.0,1418,0.0,0.0
2025-12-23 00:00:00+09:00,162065.24975585938,162651.734375,161478.76513671875,162651.734375,1210,0.0,0.0
2025-12-24 00:00:00+09:00,162358.49412082587,163922.453125,162358.49412082587,163922.453125,1111,0.0,0.0
2025-12-25 00:00:00+09:00,164704.4400578292,165486.41959519574,164411.19773131673,164802.1875,866,0.0,0.0
2025-12-26 00:00:00+09:00,164802.187222961,166366.146295065,163726.96536088947,165388.671875,1938,0.0,0.0
2025-12-29 00:00:00+09:00,165584.15414931587,165584.15414931587,163531.45802349792,164313.4375,1042,0.0,0.0
2025-12-30 00:00:00+09:00,165290.9125544949,165584.15485944078,162553.984375,162553.984375,1118,0.0,0.0
2026-01-05 00:00:00+09:00,163335.96900337838,163335.96900337838,161283.27280405405,162749.484375,2220,0.0,0.0
2026-01-06 00:00:00+09:00,163042.72339476814,164508.934936088,162847.22852259217,164411.1875,1420,0.0,0.0
2026-01-07 00:00:00+09:00,164215.69748520709,165681.90906989644,163726.96029031064,165193.171875,1641,0.0,0.0
2026-01-08 00:00:00+09:00,164606.682372176,165095.41955261593,163335.96570303213,164411.1875,1998,0.0,0.0
2026-01-09 00:00:00+09:00,164802.1875,165584.16703736657,164020.20796263346,164802.1875,1590,0.0,0.0
2026-01-13 00:00:00+09:00,164704.4397809545,165584.166759013,163824.71280289599,165388.671875,1865,0.0,0.0
2026-01-14 00:00:00+09:00,165095.41697650208,165486.40671475313,163824.7003271862,164313.4375,1919,0.0,0.0
2026-01-15 00:00:00+09:00,164313.4525527909,165486.421875,164215.7051092735,165486.421875,1744,0.0,0.0
2026-01-16 00:00:00+09:00,165486.41622320903,166463.890625,165290.92134285084,166463.890625,1092,0.0,0.0
2026-01-19 00:00:00+09:00,166659.3813823047,167343.6134466309,163922.453125,163922.453125,1196,0.0,0.0
2026-01-20 00:00:00+09:00,164802.17490671642,165095.41721082092,163433.71082089553,163726.953125,1572,0.0,0.0
2026-01-21 00:00:00+09:00,163629.22046703298,164020.21024114775,159719.32272588523,160110.3125,2271,0.0,0.0
2026-01-22 00:00:00+09:00,161087.77637195121,161674.26099466463,160305.796875,160305.796875,3461,0.0,0.0
2026-01-23 00:00:00+09:00,161283.27124618902,161869.75586890243,159230.57506669208,160305.796875,1427,0.0,0.0
2026-01-26 00:00:00+09:00,160305.796875,160305.796875,156493.6468273628,160305.796875,3171,0.0,0.0
2026-01-27 00:00:00+09:00,160403.54271478328,160403.54271478328,157471.11963041796,157862.109375,1416,0.0,0.0
2026-01-28 00:00:00+09:00,157764.3741383272,159523.828125,156689.15225758273,159523.828125,1960,0.0,0.0
2026-01-29 00:00:00+09:00,158644.10000566122,161869.765625,157471.13068953805,161869.765625,3152,0.0,0.0
2026-01-30 00:00:00+09:00,161087.77894576476,162163.0007712523,158741.84041742838,160403.546875,3574,0.0,0.0
2026-02-02 00:00:00+09:00,160794.5314883313,161869.75327943868,159719.30969722391,160208.046875,1936,0.0,0.0
2026-02-03 00:00:00+09:00,160892.28355641259,162456.2425703267,160110.30404945553,161576.515625,1534,0.0,0.0
2026-02-04 00:00:00+09:00,161478.77557160048,163629.21931407944,160892.29091456078,162456.25,1689,0.0,0.0
2026-02-05 00:00:00+09:00,163335.9718373494,164215.69879518074,161772.01280120484,162260.75,1326,0.0,0.0
2026-02-06 00:00:00+09:00,162065.25591884897,162065.25591884897,160012.5596737972,160501.296875,1577,0.0,0.0
2026-02-09 00:00:00+09:00,162065.2530737705,162456.24282786887,160305.7991803279,160990.03125,1618,0.0,0.0
2026-02-10 00:00:00+09:00,161087.78098548972,162358.49770442865,160892.28610565295,161674.265625,1209,0.0,0.0
2026-02-12 00:00:00+09:00,161283.27924557118,161478.77412950518,160012.5625,160012.5625,1229,0.0,0.0
2026-02-13 00:00:00+09:00,160208.04711420697,160305.79454990814,158155.35096448255,159621.5625,1511,0.0,0.0
2026-02-16 00:00:00+09:00,159035.077885793,159719.30993570117,157959.85609308022,159621.5625,1436,0.0,0.0
2026-02-17 00:00:00+09:00,159132.82862778465,159132.82862778465,157177.87987314357,157959.859375,1153,0.0,0.0
2026-02-18 00:00:00+09:00,157275.62731087563,158448.59656366028,156982.38499767944,157959.859375,1279,0.0,0.0
2026-02-19 00:00:00+09:00,157568.86755302557,157568.86755302557,155418.42395118528,156689.140625,1388,0.0,0.0
2026-02-20 00:00:00+09:00,156102.6534507647,156591.390625,154734.18936290574,156591.390625,1959,0.0,0.0
2026-02-24 00:00:00+09:00,156689.13782649254,158057.60191231343,156591.39039179106,157177.875,1602,0.0,0.0
2026-02-25 00:00:00+09:00,158057.601678671,158057.601678671,156200.40042208796,157764.359375,1732,0.0,0.0
2026-02-26 00:00:00+09:00,157666.625,157862.1198853069,156884.6454587725,157666.625,1451,0.0,0.0
2026-02-27 00:00:00+09:00,158057.61070415878,158057.61070415878,155125.1875,155125.1875,2054,0.0,0.0
2026-03-02 00:00:00+09:00,155125.19005824937,155222.9375,154049.96819899246,155222.9375,1651,0.0,0.0
2026-03-03 00:00:00+09:00,154440.96166134186,154440.96166134186,152486.01277955272,152974.75,1707,0.0,0.0
2026-03-04 00:00:00+09:00,152486.00332145172,152681.49819750484,150628.80199894684,150824.296875,2281,0.0,0.0
2026-03-05 00:00:00+09:00,151606.27307692307,153658.96923076923,151606.27307692307,152486.0,1681,0.0,0.0
2026-03-06 00:00:00+09:00,152290.51647727273,152290.51647727273,150531.0625,150531.0625,2019,0.0,0.0
2026-03-09 00:00:00+09:00,150042.31555528217,150042.31555528217,148185.11425524935,148967.09375,2717,0.0,0.0
2026-03-10 00:00:00+09:00,149260.34092485314,150335.56276517623,148771.60372470628,149749.078125,2257,0.0,0.0
2026-03-11 00:00:00+09:00,149846.8250384553,151508.5315131153,149846.8250384553,150922.046875,1361,0.0,0.0
2026-03-12 00:00:00+09:00,150824.2966228212,151801.77100145255,150531.05430923175,151410.78125,1189,0.0,0.0
2026-03-13 00:00:00+09:00,151117.53452011116,151117.53452011116,149455.828125,149455.828125,2522,0.0,0.0
2026-03-16 00:00:00+09:00,148771.59561567166,151117.53404850746,148771.59561567166,150628.796875,1311,0.0,0.0
2026-03-17 00:00:00+09:00,151117.546875,151899.5264189845,150042.32500202133,151117.546875,2056,0.0,0.0
2026-03-18 00:00:00+09:00,150922.04126447876,152095.01049710423,150922.04126447876,151899.515625,924,0.0,0.0
2026-03-19 00:00:00+09:00,151899.5140001635,151899.5140001635,149455.828125,149455.828125,1783,0.0,0.0
2026-03-23 00:00:00+09:00,148576.10474767597,148673.85218500995,146034.67137699205,147207.640625,1611,0.0,0.0
2026-03-24 00:00:00+09:00,148087.37013727604,149162.59196665563,147305.390625,147305.390625,1956,0.0,0.0
2026-03-25 00:00:00+09:00,148673.85399590165,149260.33862704918,147989.6219262295,149064.84375,995,0.0,0.0
2026-03-26 00:00:00+09:00,149064.84998752497,149064.84998752497,146523.41647954093,146914.40625,1116,0.0,0.0
2026-03-27 00:00:00+09:00,146914.4011284144,147305.3908852432,146621.1588107928,146718.90625,1056,0.0,0.0
2026-03-30 00:00:00+09:00,145154.94907685058,145154.94907685058,142613.515625,142613.515625,2274,0.0,0.0
2026-03-31 00:00:00+09:00,143395.49257330247,143981.9772055041,142515.765625,142515.765625,2080,0.0,0.0
2026-04-01 00:00:00+09:00,144470.7213066261,145545.94318373903,143493.2468728871,144568.46875,2148,0.0,0.0
2026-04-02 00:00:00+09:00,145936.92832764506,146523.4129692833,142124.7781569966,143200.0,1682,0.0,0.0
2026-04-03 00:00:00+09:00,144079.72083053127,145741.42724445192,143004.4990332885,145350.4375,1008,0.0,0.0
2026-04-06 00:00:00+09:00,144666.21281751335,146816.65652155748,144666.21281751335,146230.171875,631,0.0,0.0
2026-04-07 00:00:00+09:00,146230.1747149564,147696.3863598256,145741.4375,145741.4375,714,0.0,0.0
2026-04-08 00:00:00+09:00,147109.8980350066,147989.625,146230.1710700132,147989.625,1598,0.0,0.0
2026-04-09 00:00:00+09:00,147500.87802486648,148380.60493157545,145936.91907960616,146425.65625,1302,0.0,0.0
2026-04-10 00:00:00+09:00,147403.143745825,147403.143745825,145643.68977538412,146327.921875,1324,0.0,0.0
2026-04-13 00:00:00+09:00,145448.19488977955,146327.921875,144763.96279016367,146327.921875,1315,0.0,0.0
2026-04-14 00:00:00+09:00,147696.38550985753,147891.88039471503,146718.9110855699,147500.890625,1184,0.0,0.0
2026-04-15 00:00:00+09:00,147109.90369431514,147794.13580452127,146816.66136136968,147012.15625,1184,0.0,0.0
2026-04-16 00:00:00+09:00,147012.14295168762,147696.375,146132.41603242885,147696.375,1262,0.0,0.0
2026-04-17 00:00:00+09:00,147696.38550985753,148282.8701644301,146914.40597042744,147500.890625,1058,0.0,0.0
2026-04-20 00:00:00+09:00,148282.859375,148380.6068103164,147403.13245715227,148282.859375,965,0.0,0.0
2026-04-21 00:00:00+09:00,148282.86243567397,148282.86243567397,147012.145750332,147207.640625,1054,0.0,0.0
2026-04-22 00:00:00+09:00,147207.6491448692,147305.3965878605,145741.4375,145741.4375,1314,0.0,0.0
2026-04-23 00:00:00+09:00,146621.15625,146816.651125,145252.692125,146621.15625,1396,0.0,0.0
2026-04-24 00:00:00+09:00,146425.6641931438,147012.14882943145,146034.67443561874,146132.421875,759,0.0,0.0
2026-04-27 00:00:00+09:00,146523.41137158562,147109.89600682879,145936.92673634246,146718.90625,953,0.0,0.0
2026-04-28 00:00:00+09:00,146034.67753958894,146718.9096298012,145057.203125,145057.203125,1356,0.0,0.0
2026-04-30 00:00:00+09:00,145839.17725134408,146816.65162970428,144959.4503108199,145448.1875,1693,0.0,0.0
2026-05-01 00:00:00+09:00,145057.202581885,146230.171875,144470.71793532753,146230.171875,1593,0.0,0.0
2026-05-07 00:00:00+09:00,147109.88852002347,147109.88852002347,145839.171875,145839.171875,1814,0.0,0.0
2026-05-08 00:00:00+09:00,146230.17528735634,146327.92273073024,144275.2264198783,144568.46875,1714,0.0,0.0
2026-05-11 00:00:00+09:00,144568.45753418945,146718.90112158106,144275.21522681788,146523.40625,2076,0.0,0.0
2026-05-12 00:00:00+09:00,146230.16675033467,146425.66162566934,145252.69237366132,146034.671875,1186,0.0,0.0
2026-05-13 00:00:00+09:00,145936.91977407094,146425.65694679055,144666.203125,144666.203125,1677,0.0,0.0
2026-05-14 00:00:00+09:00,145448.1880081301,145839.1777608401,143297.74436822493,144275.21875,1693,0.0,0.0
2026-05-15 00:00:00+09:00,143786.47598418573,146230.16184387618,143786.47598418573,145252.6875,2015,0.0,0.0
2026-05-18 00:00:00+09:00,145350.44031503037,145936.9249430668,144372.96593496963,144861.703125,1898,0.0,0.0
2026-05-19 00:00:00+09:00,144666.21308724832,146034.67726510068,144666.21308724832,145643.6875,1366,0.0,0.0
2026-05-20 00:00:00+09:00,145936.92778859174,146425.66498815166,143688.7366706161,144372.96875,2008,0.0,0.0
2026-05-21 00:00:00+09:00,144861.69753267427,145839.171875,144177.46549304624,145839.171875,2132,0.0,0.0
2026-05-22 00:00:00+09:00,145839.18580278344,145839.18580278344,143981.984375,143981.984375,1767,0.0,0.0
2026-05-25 00:00:00+09:00,143786.48181335034,144763.95619685375,143395.49205994897,143688.734375,1586,0.0,0.0
2026-05-26 00:00:00+09:00,143786.48748929796,144275.22470034246,142711.265625,142711.265625,2127,0.0,0.0
2026-05-27 00:00:00+09:00,142809.01023890785,143395.4948805461,142515.76791808874,143200.0,5212,0.0,0.0
2026-05-28 00:00:00+09:00,142600.0,143100.0,141300.0,143100.0,2780,3300.0,0.0
2026-05-29 00:00:00+09:00,143500.0,144900.0,142800.0,143900.0,2812,0.0,0.0
2026-06-01 00:00:00+09:00,143500.0,143700.0,141100.0,141100.0,2209,0.0,0.0
2026-06-02 00:00:00+09:00,141100.0,141200.0,138100.0,138500.0,2329,0.0,0.0
2026-06-03 00:00:00+09:00,138700.0,139900.0,138400.0,139000.0,2463,0.0,0.0
2026-06-04 00:00:00+09:00,138300.0,139400.0,136400.0,137000.0,1811,0.0,0.0
2026-06-05 00:00:00+09:00,137300.0,138900.0,135800.0,136200.0,1762,0.0,0.0
2026-06-08 00:00:00+09:00,136100.0,138100.0,135800.0,137200.0,1311,0.0,0.0
2026-06-09 00:00:00+09:00,138000.0,138000.0,136000.0,136800.0,1287,0.0,0.0
2026-06-10 00:00:00+09:00,136800.0,137700.0,136400.0,137700.0,606,0.0,0.0
2026-06-11 00:00:00+09:00,137800.0,139100.0,137300.0,138000.0,1888,0.0,0.0
2026-06-12 00:00:00+09:00,139500.0,141300.0,138500.0,140200.0,2962,0.0,0.0
2026-06-15 00:00:00+09:00,141200.0,141400.0,139800.0,140800.0,1437,0.0,0.0
2026-06-16 00:00:00+09:00,140900.0,140900.0,137000.0,137400.0,1567,0.0,0.0
2026-06-17 00:00:00+09:00,137300.0,138200.0,137000.0,137200.0,1308,0.0,0.0
2026-06-18 00:00:00+09:00,137300.0,137400.0,135400.0,135900.0,1520,0.0,0.0
2026-06-19 00:00:00+09:00,135800.0,136700.0,135400.0,136300.0,1341,0.0,0.0
2026-06-22 00:00:00+09:00,136200.0,136200.0,134100.0,134100.0,1260,0.0,0.0
2026-06-23 00:00:00+09:00,134800.0,135600.0,134000.0,135500.0,2457,0.0,0.0
2026-06-24 00:00:00+09:00,135500.0,136800.0,135500.0,136700.0,1428,0.0,0.0
2026-06-25 00:00:00+09:00,136300.0,138100.0,135900.0,137500.0,1617,0.0,0.0
2026-06-26 00:00:00+09:00,138200.0,139100.0,136700.0,138000.0,2724,0.0,0.0
2026-06-29 00:00:00+09:00,138900.0,140500.0,138200.0,139000.0,2214,0.0,0.0
2026-06-30 00:00:00+09:00,139000.0,140100.0,138800.0,138800.0,1184,0.0,0.0
2026-07-01 00:00:00+09:00,138800.0,138800.0,137000.0,137100.0,1159,0.0,0.0
2026-07-02 00:00:00+09:00,138100.0,138500.0,137500.0,138300.0,1667,0.0,0.0
2026-07-03 00:00:00+09:00,138200.0,140100.0,137900.0,139900.0,1929,0.0,0.0
2026-07-06 00:00:00+09:00,139900.0,141900.0,139700.0,140400.0,1524,0.0,0.0
2026-07-07 00:00:00+09:00,140500.0,141300.0,140000.0,140000.0,889,0.0,0.0
2026-07-08 00:00:00+09:00,139900.0,140000.0,138500.0,138700.0,1987,0.0,0.0
2026-07-09 00:00:00+09:00,138800.0,140400.0,138500.0,140400.0,1637,0.0,0.0
2026-07-10 00:00:00+09:00,140400.0,140900.0,139600.0,139600.0,1433,0.0,0.0
2026-07-13 00:00:00+09:00,139600.0,140400.0,139100.0,139100.0,2125,0.0,0.0
2026-07-14 00:00:00+09:00,139100.0,141200.0,139100.0,141100.0,1999,0.0,0.0
2026-07-15 00:00:00+09:00,141100.0,141600.0,139500.0,139600.0,2360,0.0,0.0
2026-07-16 00:00:00+09:00,139500.0,139800.0,138300.0,138800.0,1792,0.0,0.0
2026-07-17 00:00:00+09:00,139500.0,140000.0,137500.0,138200.0,1750,0.0,0.0
2026-07-21 00:00:00+09:00,140000.0,140800.0,138500.0,139200.0,2328,0.0,0.0
2026-07-22 00:00:00+09:00,139600.0,140700.0,138700.0,140300.0,1644,0.0,0.0
2026-07-23 00:00:00+09:00,139700.0,140200.0,137800.0,138300.0,1378,0.0,0.0
2026-07-24 00:00:00+09:00,138200.0,138200.0,137100.0,137900.0,1526,0.0,0.0
2026-07-27 00:00:00+09:00,138200.0,140700.0,138200.0,140300.0,1834,0.0,0.0
2026-07-28 00:00:00+09:00,140800.0,142800.0,140700.0,141600.0,1917,0.0,0.0
2026-07-29 00:00:00+09:00,141500.0,144000.0,141500.0,143900.0,2775,0.0,0.0
2026-07-30 00:00:00+09:00,142800.0,143500.0,139300.0,139300.0,18600,0.0,0.0
2026-07-31 00:00:00+09:00,139900.0,144600.0,139600.0,144100.0,5707,0.0,0.0
2026-08-03 00:00:00+09:00,144300.0,144500.0,139300.0,139300.0,2780,0.0,0.0
2026-08-04 00:00:00+09:00,140000.0,140400.0,138000.0,138300.0,1701,0.0,0.0
2026-08-05 00:00:00+09:00,139000.0,139200.0,136000.0,136900.0,1942,0.0,0.0
2026-08-06 00:00:00+09:00,136900.0,137000.0,134600.0,135400.0,1731,0.0,0.0
2026-08-07 00:00:00+09:00,136000.0,136600.0,134900.0,135900.0,1508,0.0,0.0
2026-08-10 00:00:00+09:00,135900.0,136200.0,134600.0,136200.0,1140,0.0,0.0
2026-08-12 00:00:00+09:00,136000.0,136500.0,135600.0,136500.0,661,0.0,0.0
2026-08-13 00:00:00+09:00,136500.0,137100.0,134900.0,134900.0,1137,0.0,0.0
2026-08-14 00:00:00+09:00,135000.0,135400.0,134200.0,135400.0,1296,0.0,0.0
2026-08-17 00:00:00+09:00,135600.0,136300.0,135400.0,136100.0,1339,0.0,0.0
2026-08-18 00:00:00+09:00,136300.0,136300.0,134300.0,134800.0,1186,0.0,0.0
2026-08-19 00:00:00+09:00,135000.0,135000.0,133400.0,133800.0,1333,0.0,0.0
2026-08-20 00:00:00+09:00,133800.0,135300.0,133800.0,134900.0,1099,0.0,0.0
2026-08-21 00:00:00+09:00,134500.0,134500.0,133400.0,133700.0,1094,0.0,0.0
2026-08-24 00:00:00+09:00,133800.0,135300.0,133700.0,135300.0,1442,0.0,0.0
2026-08-25 00:00:00+09:00,135200.0,136000.0,135000.0,135800.0,1301,0.0,0.0
2026-08-26 00:00:00+09:00,136000.0,137100.0,136000.0,136400.0,1320,0.0,0.0
2026-08-27 00:00:00+09:00,136400.0,138500.0,136300.0,137800.0,2436,0.0,0.0
2026-08-28 00:00:00+09:00,137900.0,137900.0,136100.0,136800.0,2020,0.0,0.0
2026-08-31 00:00:00+09:00,137500.0,137500.0,136400.0,136400.0,4433,0.0,0.0
2026-09-01 00:00:00+09:00,136500.0,137000.0,135700.0,136300.0,1627,0.0,0.0
2026-09-02 00:00:00+09:00,136800.0,136900.0,135100.0,136000.0,1809,0.0,0.0
2026-09-03 00:00:00+09:00,136000.0,136600.0,135200.0,135400.0,1633,0.0,0.0
2026-09-04 00:00:00+09:00,135400.0,136300.0,135000.0,135000.0,2228,0.0,0.0
2026-09-07 00:00:00+09:00,135100.0,135200.0,133900.0,135000.0,3188,0.0,0.0
2026-09-08 00:00:00+09:00,134900.0,136100.0,134300.0,134300.0,2175,0.0,0.0
2026-09-09 00:00:00+09:00,134300.0,135200.0,134000.0,135000.0,1697,0.0,0.0
2026-09-10 00:00:00+09:00,135000.0,136400.0,134900.0,136000.0,1105,0.0,0.0
2026-09-11 00:00:00+09:00,138800.0,138800.0,134700.0,134900.0,3331,0.0,0.0
2026-09-14 00:00:00+09:00,134700.0,135700.0,134300.0,134800.0,1406,0.0,0.0
2026-09-15 00:00:00+09:00,134700.0,135000.0,134200.0,134700.0,1186,0.0,0.0
2026-09-16 00:00:00+09:00,135100.0,135100.0,133600.0,134100.0,1197,0.0,0.0
2026-09-17 00:00:00+09:00,134100.0,134300.0,133500.0,133500.0,1000,0.0,0.0
2026-09-18 00:00:00+09:00,136500.0,136500.0,132000.0,132000.0,3310,0.0,0.0
2026-09-24 00:00:00+09:00,132300.0,133200.0,131900.0,133100.0,1637,0.0,0.0
2026-09-25 00:00:00+09:00,133200.0,133500.0,132000.0,132000.0,1198,0.0,0.0
2026-09-28 00:00:00+09:00,132000.0,132900.0,132000.0,132600.0,838,0.0,0.0
2026-09-29 00:00:00+09:00,132400.0,132500.0,130200.0,130200.0,1787,0.0,0.0
2026-09-30 00:00:00+09:00,130100.0,130700.0,129500.0,129500.0,577,0.0,0.0
