Date,Open,High,Low,Close,Volume,Dividends,Stock Splits
2021-10-06 00:00:00+09:00,189187.4855443051,190591.76378752055,186066.86722604852,189733.59375,830,0.0,0.0
2021-10-07 00:00:00+09:00,189733.5977198697,191605.96875,187939.24214932817,191605.96875,779,0.0,0.0
2021-10-08 00:00:00+09:00,191293.93191225166,191293.93191225166,188485.375,188485.375,435,0.0,0.0
2021-10-11 00:00:00+09:00,188563.34892214957,190981.82795259502,186066.8544391091,190903.8125,707,0.0,0.0
2021-10-12 00:00:00+09:00,193244.29423379723,194570.5570525193,190747.79951620277,191996.046875,825,0.0,0.0
2021-10-13 00:00:00+09:00,191996.0503122482,193634.375,191527.9575443191,193634.375,836,0.0,0.0
2021-10-14 00:00:00+09:00,193712.38765846856,194336.51134001015,191059.86201191685,192308.109375,788,0.0,0.0
2021-10-15 00:00:00+09:00,192386.12907717781,194804.6083964773,191996.0517676134,194336.515625,374,0.0,0.0
2021-10-18 00:00:00+09:00,195818.80972974328,195818.80972974328,191840.02116551346,194492.546875,979,0.0,0.0
2021-10-19 00:00:00+09:00,192854.2076830732,195038.64045618247,192620.16131452582,194960.625,643,0.0,0.0
2021-10-20 00:00:00+09:00,194960.63784246577,194960.63784246577,192776.20492546336,193634.375,291,0.0,0.0
2021-10-21 00:00:00+09:00,193634.35971467392,194180.46790081522,193088.25152853262,193790.390625,267,0.0,0.0
2021-10-22 00:00:00+09:00,193478.35651909016,194102.4802497969,191527.9698606316,192074.078125,454,0.0,0.0
2021-10-25 00:00:00+09:00,191683.9863494836,193712.3883214358,191683.9863494836,192620.171875,387,0.0,0.0
2021-10-26 00:00:00+09:00,191761.99700307375,192698.18250512294,189889.6259989754,190357.71875,638,0.0,0.0
2021-10-27 00:00:00+09:00,190357.72156084655,193634.3708664021,189655.58242394179,191683.984375,760,0.0,0.0
2021-10-28 00:00:00+09:00,190541.6875,190541.6875,187600.49332498957,190541.6875,927,4563.0,0.0
2021-10-29 00:00:00+09:00,189985.23711393992,190700.66269303006,188713.36941777964,190462.1875,507,0.0,0.0
2021-11-01 00:00:00+09:00,191416.09010416665,192767.4495442708,190462.18932291665,190780.15625,579,0.0,0.0
2021-11-02 00:00:00+09:00,190780.1625932063,193085.42289120753,190780.1625932063,191893.046875,652,0.0,0.0
2021-11-04 00:00:00+09:00,192528.97792525773,193403.38699097937,191654.56885953608,192767.453125,402,0.0,0.0
2021-11-05 00:00:00+09:00,192290.50290804057,192608.4698413321,189428.80050841699,190064.734375,278,0.0,0.0
2021-11-08 00:00:00+09:00,188554.3741097612,190223.7003560955,187123.52304147466,189746.75,497,0.0,0.0
2021-11-09 00:00:00+09:00,188554.39526955603,189746.77129360466,187441.51098044397,187997.953125,427,0.0,0.0
2021-11-10 00:00:00+09:00,187123.55244252871,187600.5028735632,186090.159841954,186726.09375,395,0.0,0.0
2021-11-11 00:00:00+09:00,186805.5827864917,187838.97537211908,185772.19020086428,186249.140625,252,0.0,0.0
2021-11-12 00:00:00+09:00,187838.97081279467,187838.97081279467,185454.21875,185454.21875,227,0.0,0.0
2021-11-15 00:00:00+09:00,184261.85270530367,186646.60489734815,184102.86922583403,185851.6875,434,0.0,0.0
2021-11-16 00:00:00+09:00,185295.22513992537,186487.60110607676,184897.7664845416,186408.109375,221,0.0,0.0
2021-11-17 00:00:00+09:00,185056.7618741977,186408.12138960205,185056.7618741977,185772.1875,414,0.0,0.0
2021-11-18 00:00:00+09:00,186010.65625,186010.65625,184738.78851495727,186010.65625,365,0.0,0.0
2021-11-19 00:00:00+09:00,184738.77388431542,184977.24906574958,182989.9558871317,183466.90625,321,0.0,0.0
2021-11-22 00:00:00+09:00,182910.4924401682,184818.2941866106,182672.0172218629,184341.34375,411,0.0,0.0
2021-11-24 00:00:00+09:00,182592.504571684,185056.74821196357,182195.045920026,183387.421875,486,0.0,0.0
2021-11-25 00:00:00+09:00,182989.96692776328,184977.26022628372,182672.0,182672.0,378,0.0,0.0
2021-11-26 00:00:00+09:00,182671.99716519777,184897.765625,179969.27832115217,184897.765625,665,0.0,0.0
2021-11-29 00:00:00+09:00,182274.54958677685,183546.4173553719,179810.30578512396,182751.5,809,0.0,0.0
2021-11-30 00:00:00+09:00,181797.58646434118,185851.664693323,179174.359375,179174.359375,1212,0.0,0.0
2021-12-01 00:00:00+09:00,181161.67024191763,184341.33975033215,179492.34375,179492.34375,1114,0.0,0.0
2021-12-02 00:00:00+09:00,183466.9350109409,185136.26154266958,180207.7736870897,181638.625,987,0.0,0.0
2021-12-03 00:00:00+09:00,182036.06427141928,184420.816205106,181320.63869131327,183705.390625,913,0.0,0.0
2021-12-06 00:00:00+09:00,183705.39991701132,183864.38338729864,181479.63133298868,182592.515625,579,0.0,0.0
2021-12-07 00:00:00+09:00,182195.05785123966,183784.89256198346,181082.173553719,182751.5,478,0.0,0.0
2021-12-08 00:00:00+09:00,182910.48042875426,186726.0836710751,182830.98869453924,186328.625,596,0.0,0.0
2021-12-09 00:00:00+09:00,187600.5028735632,187600.5028735632,185295.24245689655,186726.09375,625,0.0,0.0
2021-12-10 00:00:00+09:00,189190.3032309322,189190.3032309322,185613.17564883473,187600.46875,964,0.0,0.0
2021-12-13 00:00:00+09:00,187600.49091880344,187997.94958600428,184579.80504807693,186010.65625,281,0.0,0.0
2021-12-14 00:00:00+09:00,186646.57995854592,187520.98897879463,185056.7453762755,186964.546875,557,0.0,0.0
2021-12-15 00:00:00+09:00,186090.12865164023,186090.12865164023,184261.81897244853,185374.703125,366,0.0,0.0
2021-12-16 00:00:00+09:00,185533.6939417675,185851.660855121,183069.4503632779,183943.859375,348,0.0,0.0
2021-12-17 00:00:00+09:00,184579.80316351468,187044.046875,182036.06771940077,187044.046875,1111,0.0,0.0
2021-12-20 00:00:00+09:00,185692.6848249027,186090.14348249027,183784.8832684825,183864.375,723,0.0,0.0
2021-12-21 00:00:00+09:00,185056.736224271,186646.57072791594,183705.37689617282,185374.703125,416,0.0,0.0
2021-12-22 00:00:00+09:00,186805.56343683085,187203.0220824411,184579.79502141327,185613.1875,378,0.0,0.0
2021-12-23 00:00:00+09:00,187123.53951698515,187441.5064490446,185851.67178874736,187203.03125,354,0.0,0.0
2021-12-24 00:00:00+09:00,187759.4863505747,188236.4367816092,186726.09375,186726.09375,258,0.0,0.0
2021-12-27 00:00:00+09:00,187918.4522654584,187918.4522654584,185613.19206423243,186408.109375,222,0.0,0.0
2021-12-28 00:00:00+09:00,186408.11491720084,186805.57358440172,185295.23064903848,186010.65625,300,0.0,0.0
2021-12-29 00:00:00+09:00,186010.65597553324,190064.734375,186010.65597553324,190064.734375,291,0.0,0.0
2021-12-30 00:00:00+09:00,189667.2859131988,192131.5297787936,187759.48421080285,189110.84375,529,0.0,0.0
2022-01-04 00:00:00+09:00,189110.855566897,190462.21519053602,188554.41336892798,189826.28125,407,0.0,0.0
2022-01-05 00:00:00+09:00,190780.164893617,191336.60704122338,186805.578125,186805.578125,699,0.0,0.0
2022-01-06 00:00:00+09:00,185454.21581824438,187759.47610916983,185454.21581824438,187679.984375,338,0.0,0.0
2022-01-07 00:00:00+09:00,187680.00456323338,187680.00456323338,182513.04128639723,182910.5,536,0.0,0.0
2022-01-11 00:00:00+09:00,182036.06614447344,184738.78503046127,181161.65709312446,182672.0,555,0.0,0.0
2022-01-12 00:00:00+09:00,183148.95944779983,184897.77763697153,182115.56688147108,184261.84375,352,0.0,0.0
2022-01-13 00:00:00+09:00,184897.7768595041,184897.7768595041,182274.54958677685,182751.5,436,0.0,0.0
2022-01-14 00:00:00+09:00,182751.47794716552,184500.2959179518,182115.54413960688,182989.953125,468,0.0,0.0
2022-01-17 00:00:00+09:00,182989.96504489396,184977.25832296623,182989.96504489396,183705.390625,292,0.0,0.0
2022-01-18 00:00:00+09:00,183705.38327205883,183784.875,179730.796875,179730.796875,513,0.0,0.0
2022-01-19 00:00:00+09:00,178935.89411102666,180128.27012687092,169953.328125,169953.328125,897,0.0,0.0
2022-01-20 00:00:00+09:00,169953.32008406433,173053.49757858185,163117.03125,163117.03125,1631,0.0,0.0
2022-01-21 00:00:00+09:00,162958.06569670173,168760.96267029157,159778.39612213193,166296.71875,1662,0.0,0.0
2022-01-24 00:00:00+09:00,165660.77736966824,168840.4468009479,165104.33521919433,167727.5625,1015,0.0,0.0
2022-01-25 00:00:00+09:00,167727.55064707305,168442.97621855343,163673.4724086841,164309.40625,757,0.0,0.0
2022-01-26 00:00:00+09:00,163593.99872906698,167012.14350328947,163593.99872906698,166137.734375,568,0.0,0.0
2022-01-27 00:00:00+09:00,167568.59438175836,169317.41272919605,164706.89163140574,169078.9375,896,0.0,0.0
2022-01-28 00:00:00+09:00,169078.9136068321,169396.88053416042,166614.66992003765,168999.421875,635,0.0,0.0
2022-01-31 00:00:00+09:00,170827.72793476997,173132.9881069935,169794.33544377322,171066.203125,652,0.0,0.0
2022-02-01 00:00:00+09:00,175040.81654986212,175040.81654986212,170986.73769244025,172974.03125,831,0.0,0.0
2022-02-02 00:00:00+09:00,172894.51284452196,174007.39706513038,171463.66170373972,173768.921875,342,0.0,0.0
2022-02-03 00:00:00+09:00,173371.48328637297,176074.20242059426,172258.59893698772,174563.859375,436,0.0,0.0
2022-02-04 00:00:00+09:00,174563.85396634616,175915.21349158653,173371.47791466347,173609.953125,375,0.0,0.0
2022-02-07 00:00:00+09:00,173212.5040205527,173212.5040205527,170191.81785589873,171145.71875,476,0.0,0.0
2022-02-08 00:00:00+09:00,171145.686548149,172815.01279873477,169317.37684512654,169635.34375,593,0.0,0.0
2022-02-09 00:00:00+09:00,169794.33445024988,175835.70590072693,169794.33445024988,174961.296875,663,0.0,0.0
2022-02-10 00:00:00+09:00,174643.35447152183,176551.15625,174404.87924921207,176551.15625,943,0.0,0.0
2022-02-14 00:00:00+09:00,176551.14346012444,178140.97816035067,175040.8004949095,175676.734375,780,0.0,0.0
2022-02-15 00:00:00+09:00,176471.65276195898,176471.65276195898,172815.03292995444,174484.359375,1508,0.0,0.0
2022-02-16 00:00:00+09:00,176551.13326957697,177266.55884338435,175915.19942619262,176630.625,548,0.0,0.0
2022-02-17 00:00:00+09:00,179174.3575416667,179810.291375,177584.52295833334,178856.390625,581,0.0,0.0
2022-02-18 00:00:00+09:00,180048.76936550916,180048.76936550916,177902.4926445958,177981.984375,920,0.0,0.0
2022-02-21 00:00:00+09:00,177981.96575858345,178617.89953530015,174802.296875,174802.296875,399,0.0,0.0
2022-02-22 00:00:00+09:00,174484.3622295673,174722.83743990384,172497.06881009616,173609.953125,763,0.0,0.0
2022-02-24 00:00:00+09:00,179969.2786083633,180764.19591670414,174325.36571914342,176789.609375,1483,0.0,0.0
2022-02-25 00:00:00+09:00,180764.19026881122,180764.19026881122,176312.65348118878,178538.421875,976,0.0,0.0
2022-02-28 00:00:00+09:00,178140.96688525955,179333.3428349601,176153.67363575866,179174.359375,911,0.0,0.0
2022-03-01 00:00:00+09:00,180764.20687086091,181082.17381346578,179571.8308360927,180048.78125,648,0.0,0.0
2022-03-02 00:00:00+09:00,180605.2159439334,182751.492717915,179651.31515549714,181479.625,695,0.0,0.0
2022-03-03 00:00:00+09:00,180764.1994086728,182354.03405606656,180764.1994086728,181479.625,651,0.0,0.0
2022-03-04 00:00:00+09:00,181400.12130316792,181797.5799388015,178617.91085373284,179412.828125,524,0.0,0.0
2022-03-07 00:00:00+09:00,179412.8428422949,180605.21884700665,178061.48337028825,179253.859375,576,0.0,0.0
2022-03-08 00:00:00+09:00,177981.96575858345,178458.91609112098,174722.8051529104,174802.296875,423,0.0,0.0
2022-03-09 00:00:00+09:00,175835.70685612992,177743.50837717293,172974.00457456542,173768.921875,725,0.0,0.0
2022-03-10 00:00:00+09:00,174086.88779362416,179094.86675755034,173848.41260486576,177664.015625,571,0.0,0.0
2022-03-11 00:00:00+09:00,181638.6011887974,181638.6011887974,175756.21322907266,176153.671875,639,0.0,0.0
2022-03-14 00:00:00+09:00,178220.48280616838,179015.40021386763,176551.15625,176551.15625,333,0.0,0.0
2022-03-15 00:00:00+09:00,178061.47151188875,180048.7647207268,176471.6369448183,177187.0625,446,0.0,0.0
2022-03-16 00:00:00+09:00,179810.28860294117,180764.1893382353,176471.63602941178,179730.796875,364,0.0,0.0
2022-03-17 00:00:00+09:00,181400.1333434466,181638.60854065535,179492.3317657767,180128.265625,560,0.0,0.0
2022-03-18 00:00:00+09:00,180923.17733188721,183546.4044197397,180923.17733188721,183228.4375,892,0.0,0.0
2022-03-22 00:00:00+09:00,183228.45795502534,188236.4375,182115.57361169765,188236.4375,532,0.0,0.0
2022-03-23 00:00:00+09:00,187997.94405068728,187997.94405068728,183705.39057130585,185056.75,421,0.0,0.0
2022-03-24 00:00:00+09:00,184818.28194488565,187838.9678433397,183148.95552731893,187679.984375,657,0.0,0.0
2022-03-25 00:00:00+09:00,188872.34935344825,188872.34935344825,184420.8125,184420.8125,408,0.0,0.0
2022-03-28 00:00:00+09:00,187282.52479864348,188951.85120813904,185851.67359050445,187521.0,471,0.0,0.0
2022-03-29 00:00:00+09:00,188236.42262895172,191177.6167325291,188156.93089642262,191098.125,483,0.0,0.0
2022-03-30 00:00:00+09:00,191177.61128289474,191654.56166447367,185454.20670394736,188792.859375,519,0.0,0.0
2022-03-31 00:00:00+09:00,188554.3951511335,190462.1967884131,187997.95300692695,189349.3125,450,0.0,0.0
2022-04-01 00:00:00+09:00,189349.31238276363,190700.671875,185692.69258024177,190700.671875,836,0.0,0.0
2022-04-04 00:00:00+09:00,194675.24361629615,194675.24361629615,187441.49630348154,189508.28125,921,0.0,0.0
2022-04-05 00:00:00+09:00,189269.82722519964,189985.25286359814,187441.51726040352,189110.84375,524,0.0,0.0
2022-04-06 00:00:00+09:00,188713.3639628775,189746.75643613675,187759.46321833052,189508.28125,289,0.0,0.0
2022-04-07 00:00:00+09:00,189587.7831537205,190462.19221648396,188395.40715904298,188554.390625,384,0.0,0.0
2022-04-08 00:00:00+09:00,189110.84042041076,189190.33215661102,185772.1875,185772.1875,357,0.0,0.0
2022-04-11 00:00:00+09:00,185851.6626674107,188236.41454081633,185851.6626674107,186964.546875,195,0.0,0.0
2022-04-12 00:00:00+09:00,186567.09381035407,187282.5193937768,185215.734375,185215.734375,420,0.0,0.0
2022-04-13 00:00:00+09:00,185215.72059768636,187361.99718830333,184897.75369537275,185533.6875,399,0.0,0.0
2022-04-14 00:00:00+09:00,185295.23256204338,186328.62510743446,184182.3482823915,184977.265625,372,0.0,0.0
2022-04-15 00:00:00+09:00,185215.75358212146,186487.62141787852,184897.7866231822,185851.6875,368,0.0,0.0
2022-04-18 00:00:00+09:00,184818.26474331776,187362.0,184818.26474331776,187362.0,412,0.0,0.0
2022-04-19 00:00:00+09:00,186964.57095462328,187441.52139073203,184420.83529537672,185692.703125,695,0.0,0.0
2022-04-20 00:00:00+09:00,185772.18478523166,186169.6434604247,182195.0567084942,185295.234375,587,0.0,0.0
2022-04-21 00:00:00+09:00,185374.72238247865,186805.57358440172,184977.26371527778,186010.65625,372,0.0,0.0
2022-04-22 00:00:00+09:00,186885.06804800723,187679.98539402173,185056.7581521739,186487.609375,476,0.0,0.0
2022-04-25 00:00:00+09:00,186090.159841954,187123.55244252871,184738.8002873563,186726.09375,365,0.0,0.0
2022-04-26 00:00:00+09:00,188792.85949601978,189031.33468696213,183625.8970256024,184738.78125,750,0.0,0.0
2022-04-27 00:00:00+09:00,186863.00390625,188891.47767857142,185645.91964285713,186295.03125,354,4718.0,0.0
2022-04-28 00:00:00+09:00,189946.2784334764,194490.05954935623,189053.75,189053.75,1377,0.0,0.0
2022-05-02 00:00:00+09:00,192705.0266624843,194003.25,191487.94228356337,194003.25,1024,0.0,0.0
2022-05-06 00:00:00+09:00,194003.24560608447,194003.24560608447,191650.2158601303,193029.578125,703,0.0,0.0
2022-05-09 00:00:00+09:00,193272.98270159596,195707.151249475,192137.0373792524,193191.84375,856,0.0,0.0
2022-05-10 00:00:00+09:00,193191.8646341787,193516.4204756473,190838.8347835314,191163.390625,703,0.0,0.0
2022-05-11 00:00:00+09:00,190919.984375,194408.95986506587,189053.7881826392,190919.984375,904,0.0,0.0
2022-05-12 00:00:00+09:00,190757.67074700983,192218.1718416275,189134.89175299017,189946.28125,349,0.0,0.0
2022-05-13 00:00:00+09:00,189946.30228390815,192948.4437552899,188810.35686230427,191731.359375,510,0.0,0.0
2022-05-16 00:00:00+09:00,192137.0317931327,193597.53287939806,190270.8359606825,191406.78125,417,0.0,0.0
2022-05-17 00:00:00+09:00,191244.53589562397,193840.9827130444,190838.84108040202,193759.84375,228,0.0,0.0
2022-05-18 00:00:00+09:00,193759.84639433096,194976.93085660692,192786.17882451022,194652.375,306,0.0,0.0
2022-05-19 00:00:00+09:00,194652.3522069655,195544.8807081229,192786.15625,192786.15625,213,0.0,0.0
2022-05-20 00:00:00+09:00,192867.31515651173,194976.92819566582,192867.31515651173,193759.84375,297,0.0,0.0
2022-05-23 00:00:00+09:00,193759.8113698486,195058.0345616064,192623.86607706055,192948.421875,355,0.0,0.0
2022-05-24 00:00:00+09:00,194490.05567521142,194652.33356897463,191893.609375,191893.609375,263,0.0,0.0
2022-05-25 00:00:00+09:00,192137.03076923077,195950.56136304574,191893.61392281705,195139.171875,372,0.0,0.0
2022-05-26 00:00:00+09:00,193922.0943143637,195463.7343946871,193191.84375,193191.84375,397,0.0,0.0
2022-05-27 00:00:00+09:00,193354.1289325547,195382.60279882155,191731.34983954125,192786.15625,724,0.0,0.0
2022-05-30 00:00:00+09:00,195463.75802364867,198141.34375,195058.0632166257,198141.34375,450,0.0,0.0
2022-05-31 00:00:00+09:00,197735.6289223251,197735.6289223251,194246.6539351852,197167.65625,822,0.0,0.0
2022-06-01 00:00:00+09:00,196356.27170674066,198384.74558800863,194814.631556977,197411.078125,603,0.0,0.0
2022-06-02 00:00:00+09:00,195788.2983173077,200413.21875,195707.15936234817,200413.21875,757,0.0,0.0
2022-06-03 00:00:00+09:00,200413.23065536955,201630.31505206207,198222.478741323,198709.3125,893,0.0,0.0
2022-06-06 00:00:00+09:00,198709.28907201585,200332.06807627893,198547.01117158952,199845.234375,549,0.0,0.0
2022-06-07 00:00:00+09:00,200332.08146372924,200737.7762419061,199277.27504046942,200494.359375,373,0.0,0.0
2022-06-08 00:00:00+09:00,199764.09654266073,201630.29240800647,199764.09654266073,200656.625,346,0.0,0.0
2022-06-09 00:00:00+09:00,200656.61776129945,201549.1461864407,200169.78407485876,201062.3125,274,0.0,0.0
2022-06-10 00:00:00+09:00,201630.29971130472,202035.9944793355,199845.24273196922,200250.9375,549,0.0,0.0
2022-06-13 00:00:00+09:00,199520.68472988153,199764.10158803104,198060.18358098448,198628.15625,323,0.0,0.0
2022-06-14 00:00:00+09:00,198060.17170466456,198709.2832874738,191569.05587657233,193516.390625,616,0.0,0.0
2022-06-15 00:00:00+09:00,192542.74082319724,195139.1873913988,185483.65171589924,186781.875,844,0.0,0.0
2022-06-16 00:00:00+09:00,187998.95638048573,193597.54420536855,187998.95638048573,190433.125,604,0.0,0.0
2022-06-17 00:00:00+09:00,190108.56481049804,190595.39852320097,184915.671875,184915.671875,986,0.0,0.0
2022-06-20 00:00:00+09:00,186538.43980433376,188972.6082228331,185727.05033150065,188161.21875,762,0.0,0.0
2022-06-21 00:00:00+09:00,188080.08651903446,191325.64452626542,188080.08651903446,190757.671875,435,0.0,0.0
2022-06-22 00:00:00+09:00,193435.26008239374,193435.26008239374,186213.89340985473,187106.421875,682,0.0,0.0
2022-06-23 00:00:00+09:00,186700.7271047558,190433.11886782348,186700.7271047558,189378.3125,734,0.0,0.0
2022-06-24 00:00:00+09:00,189053.75950852394,189053.75950852394,186132.75721568838,187998.953125,418,0.0,0.0
2022-06-27 00:00:00+09:00,187593.25775276124,191569.06641620645,187593.25775276124,191001.09375,273,0.0,0.0
2022-06-28 00:00:00+09:00,190433.11719731058,194490.06473027417,190433.11719731058,193840.953125,646,0.0,0.0
2022-06-29 00:00:00+09:00,194327.79782547266,197654.49499075217,193272.99140721333,197411.078125,511,0.0,0.0
2022-06-30 00:00:00+09:00,197005.38957816377,197005.38957816377,195139.1935483871,196194.0,457,0.0,0.0
2022-07-01 00:00:00+09:00,195950.57765546747,196680.82825542573,193191.85316673623,194408.9375,301,0.0,0.0
2022-07-04 00:00:00+09:00,195544.86661902288,196599.67295348234,193354.1150012994,195139.171875,331,0.0,0.0
2022-07-05 00:00:00+09:00,195139.19623559076,197167.6702089337,194165.52872838615,197086.53125,349,0.0,0.0
2022-07-06 00:00:00+09:00,196437.40351464105,196599.68141923804,192623.87275661208,193272.984375,364,0.0,0.0
2022-07-07 00:00:00+09:00,193110.71080202312,196761.9637373555,193110.71080202312,196518.546875,255,0.0,0.0
2022-07-08 00:00:00+09:00,196518.56849350923,196518.56849350923,193273.00997173367,193759.84375,251,0.0,0.0
2022-07-11 00:00:00+09:00,194084.3869071954,198709.30749821136,194084.3869071954,198465.890625,426,0.0,0.0
2022-07-12 00:00:00+09:00,197979.04296076827,199196.1272412648,195626.01335180833,198547.015625,541,0.0,0.0
2022-07-13 00:00:00+09:00,198141.3037590946,201711.41734033954,197248.77536378335,200737.75,410,0.0,0.0
2022-07-14 00:00:00+09:00,200332.0808656754,201630.30415196574,197979.05115927418,201224.609375,411,0.0,0.0
2022-07-15 00:00:00+09:00,201224.60652783338,203253.08038396074,199033.85476321584,202603.96875,700,0.0,0.0
2022-07-19 00:00:00+09:00,203009.67291998406,205200.42478602706,203009.67291998406,203821.0625,676,0.0,0.0
2022-07-20 00:00:00+09:00,204956.9916327846,204956.9916327846,200981.18300649544,204551.296875,674,0.0,0.0
2022-07-21 00:00:00+09:00,203577.6466655928,205606.1206259913,203171.95187351308,204632.453125,406,0.0,0.0
2022-07-22 00:00:00+09:00,205606.09991504854,208932.796875,204875.84936286407,208932.796875,806,0.0,0.0
2022-07-25 00:00:00+09:00,208527.12794996085,208689.40587054446,206092.95914120643,207147.765625,387,0.0,0.0
2022-07-26 00:00:00+09:00,207147.7478163245,207634.58153622187,203739.91177704302,205524.96875,363,0.0,0.0
2022-07-27 00:00:00+09:00,205524.96261160713,208445.96484375,204064.4614955357,206742.046875,546,0.0,0.0
2022-07-28 00:00:00+09:00,206742.06459306856,208932.816454926,204551.31273121107,208364.84375,558,0.0,0.0
2022-07-29 00:00:00+09:00,207310.03998642886,209257.375,205200.4270550601,209257.375,864,0.0,0.0
2022-08-01 00:00:00+09:00,209257.33838021432,212259.47933409875,206336.33637102947,212016.0625,985,0.0,0.0
2022-08-02 00:00:00+09:00,211610.4186205549,211610.4186205549,206174.10801949003,207634.609375,287,0.0,0.0
2022-08-03 00:00:00+09:00,207877.99052184465,209500.76952669903,207147.73996966018,208932.796875,442,0.0,0.0
2022-08-04 00:00:00+09:00,208932.79854910713,208932.79854910713,206336.3521205357,206742.046875,387,0.0,0.0
2022-08-05 00:00:00+09:00,206742.05869113572,206904.33660219627,203658.77838098534,205038.140625,452,0.0,0.0
2022-08-08 00:00:00+09:00,203171.93692797452,203902.1875,201711.43578392357,203902.1875,510,0.0,0.0
2022-08-09 00:00:00+09:00,203171.9527162978,203821.0643863179,200656.64499496983,201630.3125,739,0.0,0.0
2022-08-10 00:00:00+09:00,201305.75896371622,202847.3991976181,199439.56289109812,200981.203125,601,0.0,0.0
2022-08-12 00:00:00+09:00,202685.1105720766,203415.36117061492,200818.9145980343,201224.609375,271,0.0,0.0
2022-08-15 00:00:00+09:00,201630.30717469464,205930.671875,201224.61239164695,205930.671875,428,0.0,0.0
2022-08-16 00:00:00+09:00,205930.6775029621,205930.6775029621,203171.9529028436,205443.84375,283,0.0,0.0
2022-08-17 00:00:00+09:00,205443.8366131925,205443.8366131925,203577.640625,203577.640625,191,0.0,0.0
2022-08-18 00:00:00+09:00,203577.6377672209,205119.2779097387,202198.2755344418,204957.0,272,0.0,0.0
2022-08-19 00:00:00+09:00,204551.30463510848,207796.86282051282,204307.88777120315,205687.25,401,0.0,0.0
2022-08-22 00:00:00+09:00,204389.030644284,206092.94872428797,203009.66838904272,205119.28125,424,0.0,0.0
2022-08-23 00:00:00+09:00,204632.44584734863,207228.89242431737,204470.16793628808,205038.140625,462,0.0,0.0
2022-08-24 00:00:00+09:00,205038.13509855288,206498.63625873253,201873.71591816365,203253.078125,452,0.0,0.0
2022-08-25 00:00:00+09:00,204632.4654265873,205038.16024305555,203253.10305059524,204470.1875,305,0.0,0.0
2022-08-26 00:00:00+09:00,204226.75153426942,206823.19811714452,203334.22302140613,206579.78125,397,0.0,0.0
2022-08-29 00:00:00+09:00,205687.25833538387,207796.8712413878,204875.86875615158,206092.953125,444,0.0,0.0
2022-08-30 00:00:00+09:00,206092.94301327088,208040.27790788445,205849.52615144418,207878.0,406,0.0,0.0
2022-08-31 00:00:00+09:00,208527.13064303822,209095.10337241614,204713.59946007215,208040.296875,727,0.0,0.0
2022-09-01 00:00:00+09:00,208202.5635554154,209013.953125,204794.72736315994,209013.953125,534,0.0,0.0
2022-09-02 00:00:00+09:00,208283.7110690854,209338.51755287897,207147.765625,207147.765625,262,0.0,0.0
2022-09-05 00:00:00+09:00,207147.76103907163,209663.06875243285,206092.9545786298,208445.984375,367,0.0,0.0
2022-09-06 00:00:00+09:00,208040.26059156578,208851.65006345176,207147.7321724912,207796.84375,152,0.0,0.0
2022-09-07 00:00:00+09:00,209257.37962104956,209419.65754243077,207147.76664309404,207959.15625,249,0.0,0.0
2022-09-08 00:00:00+09:00,208608.2550080128,209906.47829861112,207878.00440705128,208851.671875,245,0.0,0.0
2022-09-09 00:00:00+09:00,210312.18455346875,211691.546875,209257.3780722978,211691.546875,590,0.0,0.0
2022-09-12 00:00:00+09:00,210961.2634202454,212502.90342216258,209500.76236579753,211610.375,287,0.0,0.0
2022-09-13 00:00:00+09:00,212097.22209480123,212502.91685779818,210393.30409021408,212259.5,301,0.0,0.0
2022-09-14 00:00:00+09:00,211772.6691155252,211772.6691155252,209257.36155131782,210880.140625,300,0.0,0.0
2022-09-15 00:00:00+09:00,212665.198111631,212665.198111631,210555.58531082887,212421.78125,318,0.0,0.0
2022-09-16 00:00:00+09:00,212421.7706799736,215018.21707483957,211204.68643238014,214937.078125,604,0.0,0.0
2022-09-20 00:00:00+09:00,214206.83823529413,215018.22777406417,211448.11380347595,212421.78125,355,0.0,0.0
2022-09-21 00:00:00+09:00,212584.0569068926,214125.69701423266,212097.22318878522,213070.890625,323,0.0,0.0
2022-09-22 00:00:00+09:00,213070.890625,214125.69701423266,211448.11156464202,213070.890625,269,0.0,0.0
2022-09-26 00:00:00+09:00,212097.22376528467,212827.47434443064,211285.83423290026,212340.640625,387,0.0,0.0
2022-09-27 00:00:00+09:00,211853.81310049962,214287.98176883167,210555.5898107225,211123.5625,860,0.0,0.0
2022-09-28 00:00:00+09:00,209338.5006635863,210880.14078475226,199601.82621411717,206336.359375,880,0.0,0.0
2022-09-29 00:00:00+09:00,208932.80927676818,211366.97792853636,205362.69525417485,206498.640625,675,0.0,0.0
2022-09-30 00:00:00+09:00,203658.77672209026,206498.6401425178,200332.07957244656,204957.0,1423,0.0,0.0
2022-10-03 00:00:00+09:00,205038.12890625,209338.49330357142,202766.23828125,206742.046875,810,0.0,0.0
2022-10-04 00:00:00+09:00,206660.92398105765,209906.48226894235,205849.53440908648,208283.703125,477,0.0,0.0
2022-10-05 00:00:00+09:00,207066.6168122271,208202.5622022628,204389.03125,204389.03125,669,0.0,0.0
2022-10-06 00:00:00+09:00,204389.030644284,205687.25394333465,203821.05795094935,205119.28125,227,0.0,0.0
2022-10-07 00:00:00+09:00,204632.44996488764,205768.39536516852,202036.00333567415,202198.28125,714,0.0,0.0
2022-10-11 00:00:00+09:00,201792.5748244811,202279.4085393773,198141.32196275948,199358.40625,731,0.0,0.0
2022-10-12 00:00:00+09:00,198465.88177384392,200332.07771856937,196031.71315028903,196518.546875,486,0.0,0.0
2022-10-13 00:00:00+09:00,196112.83483710245,197492.19693566707,193922.08326879388,196437.390625,533,0.0,0.0
2022-10-14 00:00:00+09:00,196437.40573610534,198709.29642615528,194408.9319057036,194895.765625,542,0.0,0.0
2022-10-17 00:00:00+09:00,188972.62002284595,190919.9548792428,184347.6997389034,186457.3125,2484,0.0,0.0
2022-10-18 00:00:00+09:00,185970.46935850283,188648.05465031372,184915.6630314258,187512.109375,2593,0.0,0.0
2022-10-19 00:00:00+09:00,187593.25502842152,187593.25502842152,184996.80859204198,185564.78125,1716,0.0,0.0
2022-10-20 00:00:00+09:00,184347.6913907285,184996.80298013246,182724.91241721855,183779.71875,2165,0.0,0.0
2022-10-21 00:00:00+09:00,183536.30912642044,186132.75558621067,183536.30912642044,185645.921875,1859,0.0,0.0
2022-10-24 00:00:00+09:00,185240.2438006073,185240.2438006073,179885.0724949393,180371.90625,2641,0.0,0.0
2022-10-25 00:00:00+09:00,180453.0267857143,186700.7260044643,179479.359375,186295.03125,4959,0.0,0.0
2022-10-26 00:00:00+09:00,187106.43104490955,193191.85269641355,187106.43104490955,192867.296875,2487,0.0,0.0
2022-10-27 00:00:00+09:00,193029.570703125,198547.0195504611,191731.34744492828,197979.046875,2703,0.0,0.0
2022-10-28 00:00:00+09:00,196291.41234788083,199202.5138021926,194960.623111624,198204.421875,2452,5971.0,0.0
2022-10-31 00:00:00+09:00,197289.53371467735,198370.8001304829,194212.08314661536,197206.359375,2345,0.0,0.0
2022-11-01 00:00:00+09:00,195542.8766661419,198121.28125,195043.83061765324,198121.28125,8771,0.0,0.0
2022-11-02 00:00:00+09:00,196540.96200053996,197954.92575593953,190635.58396328296,192548.59375,10762,0.0,0.0
2022-11-04 00:00:00+09:00,192049.553464586,194378.43501374513,191300.98439521345,192881.296875,3351,0.0,0.0
2022-11-07 00:00:00+09:00,192132.70962353324,193047.6272884072,189387.95662891134,191384.140625,1718,0.0,0.0
2022-11-08 00:00:00+09:00,190469.22956782777,192964.45964950236,190469.22956782777,192215.890625,1771,0.0,0.0
2022-11-09 00:00:00+09:00,192215.8956252685,195210.17180117054,192132.72128704897,193629.859375,1123,0.0,0.0
2022-11-10 00:00:00+09:00,193629.8692448365,194544.78701188683,192881.3001627044,193297.171875,945,0.0,0.0
2022-11-11 00:00:00+09:00,194627.9556689104,198453.97531026506,194128.9096287337,197705.40625,1639,0.0,0.0
2022-11-14 00:00:00+09:00,197123.17733059992,197622.2233491584,191966.36847216228,192714.9375,665,0.0,0.0
2022-11-15 00:00:00+09:00,191633.6455256299,194295.22393570808,191217.77389905517,191467.296875,865,0.0,0.0
2022-11-16 00:00:00+09:00,191467.30915324335,192881.2727742708,191051.4375,191051.4375,753,0.0,0.0
2022-11-17 00:00:00+09:00,191300.9681871784,193962.546875,191134.61951918955,193962.546875,1891,0.0,0.0
2022-11-18 00:00:00+09:00,193962.54774379812,194461.59375,192049.53805335757,194461.59375,444,0.0,0.0
2022-11-21 00:00:00+09:00,194627.93436703485,196624.11830926084,194378.4113742566,195792.375,754,0.0,0.0
2022-11-22 00:00:00+09:00,195709.22037510658,196624.1381074169,194045.73358908782,195127.0,300,0.0,0.0
2022-11-24 00:00:00+09:00,196041.89373266112,196208.24239089843,194794.27879588134,194877.453125,418,0.0,0.0
2022-11-25 00:00:00+09:00,194960.618251928,195043.79257712082,193130.78309768636,194128.875,670,0.0,0.0
2022-11-28 00:00:00+09:00,194045.72720092672,197622.22367312553,192714.93781592252,197455.875,1262,0.0,0.0
2022-11-29 00:00:00+09:00,196790.4712077167,197206.3428713002,194794.28722251585,196707.296875,908,0.0,0.0
2022-11-30 00:00:00+09:00,196707.30662227797,196790.48095911613,194544.77386448547,194794.296875,1042,0.0,0.0
2022-12-01 00:00:00+09:00,196624.13131204143,196624.13131204143,192631.76316357357,192714.9375,784,0.0,0.0
2022-12-02 00:00:00+09:00,194212.06138392858,195043.8046875,191966.35446428572,192132.703125,468,0.0,0.0
2022-12-05 00:00:00+09:00,192132.72944150085,192881.29851724696,190968.28865700692,192299.078125,408,0.0,0.0
2022-12-06 00:00:00+09:00,192299.05356373815,193380.31986837854,191300.96159022395,193130.796875,502,0.0,0.0
2022-12-07 00:00:00+09:00,192964.46136461472,194212.0764165411,192215.89233345888,193213.984375,794,0.0,0.0
2022-12-08 00:00:00+09:00,193796.18569348575,193796.18569348575,191384.13016339517,192798.09375,481,0.0,0.0
2022-12-09 00:00:00+09:00,191716.84129038377,193546.6766519406,191134.62094807025,191800.015625,728,0.0,0.0
2022-12-12 00:00:00+09:00,191633.6694143167,192548.58710683297,190053.35703633406,191716.84375,732,0.0,0.0
2022-12-13 00:00:00+09:00,192714.92978335888,192714.92978335888,189055.25912713626,189803.828125,514,0.0,0.0
2022-12-14 00:00:00+09:00,189720.6473224029,190885.08794603884,188473.0323685072,190552.390625,974,0.0,0.0
2022-12-15 00:00:00+09:00,190302.8563205908,191883.16850157472,189221.59009149653,191467.296875,510,0.0,0.0
2022-12-16 00:00:00+09:00,191300.97378075097,195459.69060207164,190469.23041648683,192714.9375,2267,0.0,0.0
2022-12-19 00:00:00+09:00,192714.92854936613,194378.41520063387,191800.01089116887,193546.671875,694,0.0,0.0
2022-12-20 00:00:00+09:00,192714.90823964827,194212.0460680098,184480.65018365983,186809.53125,1682,0.0,0.0
2022-12-21 00:00:00+09:00,186809.5481713974,192631.7513646288,186809.5481713974,190469.21875,1400,0.0,0.0
2022-12-22 00:00:00+09:00,191550.5114940987,193796.21875,191217.81412285406,193796.21875,680,0.0,0.0
2022-12-23 00:00:00+09:00,193047.62391795515,193713.01857170078,190386.04530297255,190968.265625,754,0.0,0.0
2022-12-26 00:00:00+09:00,192798.106044639,193130.8033803502,190136.52735894942,192382.234375,641,0.0,0.0
2022-12-27 00:00:00+09:00,192465.41544353118,194794.296875,191883.19508566396,194794.296875,473,0.0,0.0
2022-12-28 00:00:00+09:00,193796.1789291013,196208.234375,192631.73836901228,196208.234375,600,0.0,0.0
2022-12-29 00:00:00+09:00,195376.49909971192,196125.06806177978,193629.83818822022,194877.453125,421,0.0,0.0
2022-12-30 00:00:00+09:00,194627.95971401435,197705.41035906502,194627.95971401435,197040.015625,625,0.0,0.0
2023-01-04 00:00:00+09:00,196624.14059168444,196624.14059168444,193879.38736007464,195043.828125,452,0.0,0.0
2023-01-05 00:00:00+09:00,196790.46269472898,197123.16001120358,192964.44355527102,194877.453125,1037,0.0,0.0
2023-01-06 00:00:00+09:00,193713.02867400474,193796.20301006056,190635.5782399394,192215.890625,628,0.0,0.0
2023-01-10 00:00:00+09:00,192215.89639578835,193130.81411987043,191883.19904157668,192548.59375,541,0.0,0.0
2023-01-11 00:00:00+09:00,193213.98930283284,194045.73269199696,191800.02554125377,193047.640625,559,0.0,0.0
2023-01-12 00:00:00+09:00,191633.6636245111,191716.83795768145,189887.0026279335,191384.140625,608,0.0,0.0
2023-01-13 00:00:00+09:00,191716.82747789042,193796.18569348575,190219.68956266178,192798.09375,1019,0.0,0.0
2023-01-16 00:00:00+09:00,192465.4085522014,193047.6288892219,190136.52720411945,190801.921875,500,0.0,0.0
2023-01-17 00:00:00+09:00,190469.24090225145,190635.58958426217,186476.87253399467,186560.046875,709,0.0,0.0
2023-01-18 00:00:00+09:00,186975.90564692984,192215.888767818,186060.98795915573,189637.484375,1054,0.0,0.0
2023-01-19 00:00:00+09:00,187807.65351101273,187974.00218551318,182484.4959269982,183149.890625,1002,0.0,0.0
2023-01-20 00:00:00+09:00,182151.8116421017,185062.91365464672,180904.19649386813,184813.390625,941,0.0,0.0
2023-01-23 00:00:00+09:00,184480.66407290281,187724.46294523968,184480.66407290281,187391.765625,627,0.0,0.0
2023-01-24 00:00:00+09:00,187391.77489313897,190386.05092338886,187391.77489313897,189720.65625,384,0.0,0.0
2023-01-25 00:00:00+09:00,189221.6200038751,191051.45545006642,187225.4358807573,187807.65625,473,0.0,0.0
2023-01-26 00:00:00+09:00,189387.96110476137,189387.96110476137,186310.5107047279,186476.859375,509,0.0,0.0
2023-01-27 00:00:00+09:00,188722.57815914555,190801.93666684878,187391.78871421548,190302.890625,509,0.0,0.0
2023-01-30 00:00:00+09:00,189304.79287885368,191550.5,189304.79287885368,191550.5,301,0.0,0.0
2023-01-31 00:00:00+09:00,191550.48823319422,191716.836898616,188639.38658831283,189304.78125,751,0.0,0.0
2023-02-01 00:00:00+09:00,190302.88228155338,191384.14865815314,188389.87253833847,188473.046875,390,0.0,0.0
2023-02-02 00:00:00+09:00,188473.04697757112,190801.92840536105,188389.87264086434,190053.359375,373,0.0,0.0
2023-02-03 00:00:00+09:00,189637.49260841,191467.32806340343,187641.30847568988,189887.015625,382,0.0,0.0
2023-02-06 00:00:00+09:00,191467.32234551784,192049.54270017406,189720.66128154917,191134.625,495,0.0,0.0
2023-02-07 00:00:00+09:00,190302.8742937853,192964.45295523686,190136.5256274446,191384.140625,619,0.0,0.0
2023-02-08 00:00:00+09:00,190053.34797609973,191883.18327390027,189138.4303271995,190968.265625,483,0.0,0.0
2023-02-09 00:00:00+09:00,190968.26825842698,192798.1035814607,189803.82759831462,192465.40625,659,0.0,0.0
2023-02-10 00:00:00+09:00,192049.5592176649,192465.43093532984,189637.5032552083,191633.6875,617,0.0,0.0
2023-02-13 00:00:00+09:00,192964.45224719102,193713.02124297753,191966.36025280898,192465.40625,427,0.0,0.0
2023-02-14 00:00:00+09:00,192465.40972519247,195210.16275930282,192299.0610564585,194461.59375,471,0.0,0.0
2023-02-15 00:00:00+09:00,194045.72280241936,194794.29181451615,192548.5847782258,193380.328125,464,0.0,0.0
2023-02-16 00:00:00+09:00,194461.58617301894,194544.76050414512,192714.92521936906,193130.796875,230,0.0,0.0
2023-02-17 00:00:00+09:00,192049.5436598687,194378.4250901313,191716.84631268834,193213.984375,317,0.0,0.0
2023-02-20 00:00:00+09:00,194461.61431132277,195127.00905661387,193130.82482074058,194295.265625,396,0.0,0.0
2023-02-21 00:00:00+09:00,194627.96217811157,194627.96217811157,193380.3470359442,193796.21875,524,0.0,0.0
2023-02-22 00:00:00+09:00,193380.32320987323,194544.76386576064,192382.23121911258,193546.671875,734,0.0,0.0
2023-02-24 00:00:00+09:00,194627.95971401435,197372.7129920325,193213.9959041262,197040.015625,1021,0.0,0.0
2023-02-27 00:00:00+09:00,196624.12819148938,198038.09188829787,194627.94414893616,195459.6875,761,0.0,0.0
2023-02-28 00:00:00+09:00,195459.69573416916,196125.09044305145,193546.6859461326,195709.21875,596,0.0,0.0
2023-03-01 00:00:00+09:00,197289.5344288793,197289.5344288793,191384.15629040948,192964.46875,955,0.0,0.0
2023-03-02 00:00:00+09:00,194295.25660699065,195792.3947144075,192465.42114237,195127.0,723,0.0,0.0
2023-03-03 00:00:00+09:00,194877.47614182692,195875.56820913462,194128.90709134616,194627.953125,537,0.0,0.0
2023-03-06 00:00:00+09:00,194627.93718632372,199202.52545352362,194627.93718632372,198869.828125,670,0.0,0.0
2023-03-07 00:00:00+09:00,198453.96703875318,199036.1873946925,196624.13163437237,197455.875,312,0.0,0.0
2023-03-08 00:00:00+09:00,197455.87489384288,197455.87489384288,194960.64479830148,195875.5625,351,0.0,0.0
2023-03-09 00:00:00+09:00,196374.62008028966,198121.28125,195958.74837321579,198121.28125,138,0.0,0.0
2023-03-10 00:00:00+09:00,197705.38482406235,199036.17412031183,197123.1645069532,197372.6875,574,0.0,0.0
2023-03-13 00:00:00+09:00,197372.70968829314,197372.70968829314,193796.2130525592,196624.140625,336,0.0,0.0
2023-03-14 00:00:00+09:00,198370.7851264313,198370.7851264313,194128.89412372772,196125.078125,496,0.0,0.0
2023-03-15 00:00:00+09:00,196125.09122596154,198370.79837740384,191467.3282451923,194627.953125,706,0.0,0.0
2023-03-16 00:00:00+09:00,192548.59375,193213.98845842335,189221.6202078834,192548.59375,859,0.0,0.0
2023-03-17 00:00:00+09:00,192299.05292494482,195293.32883554083,187973.98772075053,188389.859375,1106,0.0,0.0
2023-03-20 00:00:00+09:00,188389.8683481153,190136.52937915744,186144.161308204,187558.125,1092,0.0,0.0
2023-03-22 00:00:00+09:00,187973.99766995615,190136.53038651316,187308.60298793862,189637.484375,796,0.0,0.0
2023-03-23 00:00:00+09:00,189637.47661469935,189637.47661469935,183066.7043986637,186726.375,935,0.0,0.0
2023-03-24 00:00:00+09:00,186643.1975431607,187973.98683045595,185146.05959495352,187890.8125,775,0.0,0.0
2023-03-27 00:00:00+09:00,187973.98683045595,188972.0787959274,186560.02321270472,187890.8125,602,0.0,0.0
2023-03-28 00:00:00+09:00,187641.29616571177,189221.60850044072,186310.50683120315,188722.5625,638,0.0,0.0
2023-03-29 00:00:00+09:00,189554.31164072812,191716.84437554993,186726.38421826882,189055.265625,1015,0.0,0.0
2023-03-30 00:00:00+09:00,189803.83636487965,191300.97442560174,188223.52396745078,190053.359375,972,0.0,0.0
2023-03-31 00:00:00+09:00,193712.99988339553,193712.99988339553,188140.32019589553,189471.109375,600,0.0,0.0
2023-04-03 00:00:00+09:00,189471.12543177893,194461.58527633853,188556.20779360968,192631.75,1337,0.0,0.0
2023-04-04 00:00:00+09:00,194794.2868634508,194794.2868634508,190968.26756553503,193546.671875,1145,0.0,0.0
2023-04-05 00:00:00+09:00,193546.6815166849,193629.8558533917,189138.4416712254,190053.359375,1006,0.0,0.0
2023-04-06 00:00:00+09:00,190053.35271291208,190469.22438186812,188140.34303571426,189221.609375,684,0.0,0.0
2023-04-07 00:00:00+09:00,188972.1060873401,189720.67516955227,186809.5731831716,188556.234375,807,0.0,0.0
2023-04-10 00:00:00+09:00,188639.40458776598,188888.92760970746,186393.69739029257,187641.3125,673,0.0,0.0
2023-04-11 00:00:00+09:00,187474.95300615212,187807.65034955257,185894.640625,185894.640625,607,0.0,0.0
2023-04-12 00:00:00+09:00,185645.10513282305,186310.49977487617,184314.3158487168,184730.1875,829,0.0,0.0
2023-04-13 00:00:00+09:00,184730.18570337258,184896.534362268,182650.82746717974,183732.09375,827,0.0,0.0
2023-04-14 00:00:00+09:00,184896.55840290227,185645.12746526222,182900.37423660915,185561.953125,842,0.0,0.0
2023-04-17 00:00:00+09:00,185894.62655688956,185894.62655688956,184231.13996577647,185312.40625,871,0.0,0.0
2023-04-18 00:00:00+09:00,185478.77225167412,186975.9103236607,185229.24923967634,186310.515625,473,0.0,0.0
2023-04-19 00:00:00+09:00,186310.49933422104,188389.85758571906,184647.01273302265,187391.765625,1435,0.0,0.0
2023-04-20 00:00:00+09:00,188972.08146684233,189554.30178826305,187807.64082400087,189387.953125,944,0.0,0.0
2023-04-21 00:00:00+09:00,189387.9390280837,189387.9390280837,188140.32414647576,188805.71875,1080,0.0,0.0
2023-04-24 00:00:00+09:00,188805.7450759243,189138.4424240757,188306.69905369717,188972.09375,746,0.0,0.0
2023-04-25 00:00:00+09:00,188972.09375,189387.96543518925,188556.22206481072,188972.09375,914,0.0,0.0
2023-04-26 00:00:00+09:00,188972.08724243753,190386.05092338886,188972.08724243753,189720.65625,1248,0.0,0.0
2023-04-27 00:00:00+09:00,188583.7016048423,192677.78467903155,188583.7016048423,191995.4375,756,5667.0,0.0
2023-04-28 00:00:00+09:00,192080.7311822126,197113.04163503254,191739.5575921909,196601.28125,1320,0.0,0.0
2023-05-01 00:00:00+09:00,196174.80724171753,196430.6874250763,194554.23274711205,195663.046875,656,0.0,0.0
2023-05-02 00:00:00+09:00,195321.88195353403,196004.2291393979,192933.66680301048,195492.46875,609,0.0,0.0
2023-05-08 00:00:00+09:00,196601.27801148506,200354.18743990385,196601.27801148506,199586.546875,1026,0.0,0.0
2023-05-09 00:00:00+09:00,199586.546692607,199586.546692607,197113.03820795505,197283.625,598,0.0,0.0
2023-05-10 00:00:00+09:00,197368.91668914547,198051.26385142427,196174.80915515753,197624.796875,493,0.0,0.0
2023-05-11 00:00:00+09:00,197368.91668914547,198051.26385142427,196174.80915515753,197624.796875,281,0.0,0.0
2023-05-12 00:00:00+09:00,197198.30886185926,197198.30886185926,194810.09404865335,196345.375,509,0.0,0.0
2023-05-15 00:00:00+09:00,196430.67916487993,199501.24123606348,195492.45186535164,198904.1875,575,0.0,0.0
2023-05-16 00:00:00+09:00,198563.01414893617,200439.46875,197710.0802393617,200439.46875,393,0.0,0.0
2023-05-17 00:00:00+09:00,199757.1405577668,200354.19435106497,197795.39237978702,198221.859375,333,0.0,0.0
2023-05-18 00:00:00+09:00,198989.46997176367,198989.46997176367,196345.375,196345.375,365,0.0,0.0
2023-05-19 00:00:00+09:00,196174.81776457882,198221.8593412527,195236.59037526997,197454.21875,563,0.0,0.0
2023-05-22 00:00:00+09:00,197454.2083827014,199074.78287914692,197027.7414099526,197965.96875,330,0.0,0.0
2023-05-23 00:00:00+09:00,197965.9860944976,198307.15970258808,195407.18403381904,196089.53125,394,0.0,0.0
2023-05-24 00:00:00+09:00,195748.33509060732,197454.20293453417,194980.69456084023,195918.921875,420,0.0,0.0
2023-05-25 00:00:00+09:00,195918.92519188597,195918.92519188597,193445.4167763158,194468.9375,483,0.0,0.0
2023-05-26 00:00:00+09:00,195065.99303884027,195833.63358862145,193445.4185448578,194895.40625,582,0.0,0.0
2023-05-29 00:00:00+09:00,196345.40273232985,196345.40273232985,193786.60078534033,195492.46875,387,0.0,0.0
2023-05-30 00:00:00+09:00,195748.34026945292,195748.34026945292,193104.2450414124,195663.046875,302,0.0,0.0
2023-05-31 00:00:00+09:00,193616.01430308798,201633.59375,193189.54731123094,201633.59375,1457,0.0,0.0
2023-06-01 00:00:00+09:00,197880.67324561405,198477.7270010965,193786.5903508772,194468.9375,1101,0.0,0.0
2023-06-02 00:00:00+09:00,196174.80545543905,196857.15260484928,193957.17721985583,195236.578125,564,0.0,0.0
2023-06-05 00:00:00+09:00,195321.8685035362,199586.53812151734,195321.8685035362,198989.484375,467,0.0,0.0
2023-06-06 00:00:00+09:00,196515.97066436583,199074.77236572476,195492.44998382227,197710.078125,683,0.0,0.0
2023-06-07 00:00:00+09:00,197027.74191222733,203339.453125,197027.74191222733,203339.453125,801,0.0,0.0
2023-06-08 00:00:00+09:00,199927.7184792028,199927.7184792028,195065.9949496317,196857.15625,1663,0.0,0.0
2023-06-09 00:00:00+09:00,198051.2656853282,199757.13360682112,197454.21191280568,198818.90625,602,0.0,0.0
2023-06-12 00:00:00+09:00,199330.68402852098,200013.0312566888,197965.98957218535,199245.390625,256,0.0,0.0
2023-06-13 00:00:00+09:00,199245.38540772532,199245.38540772532,197880.69098712446,198733.625,408,0.0,0.0
2023-06-14 00:00:00+09:00,198733.61628282393,198818.9096803702,196430.69454907445,198136.5625,804,0.0,0.0
2023-06-15 00:00:00+09:00,198136.54183618844,200098.2897751606,198051.24844753748,199160.0625,733,0.0,0.0
2023-06-16 00:00:00+09:00,198733.5955567452,200354.16994111348,197710.07489293363,199160.0625,659,0.0,0.0
2023-06-19 00:00:00+09:00,198392.43938910175,200695.36108450405,198221.85259684973,200354.1875,610,0.0,0.0
2023-06-20 00:00:00+09:00,200354.18579340205,200865.946165799,198051.26411761582,200695.359375,418,0.0,0.0
2023-06-21 00:00:00+09:00,199245.38540772532,200013.0260193133,198392.45139484978,198733.625,287,0.0,0.0
2023-06-22 00:00:00+09:00,198563.0189311986,198563.0189311986,196174.80392687148,197113.03125,478,0.0,0.0
2023-06-23 00:00:00+09:00,196515.9826689775,198136.5571788345,195236.58174014298,196857.15625,461,0.0,0.0
2023-06-26 00:00:00+09:00,196260.09375,196857.14749022163,194042.4655720339,196260.09375,454,0.0,0.0
2023-06-27 00:00:00+09:00,196771.84749167025,198392.421875,196004.20699430353,198392.421875,644,0.0,0.0
2023-06-28 00:00:00+09:00,198136.55045140377,199671.83151387697,198051.25705904415,198989.484375,701,0.0,0.0
2023-06-29 00:00:00+09:00,199927.70286973345,200268.87642411867,197539.48798903698,198392.421875,603,0.0,0.0
2023-06-30 00:00:00+09:00,198392.45139484978,198733.625,196515.99656652362,198733.625,871,0.0,0.0
2023-07-03 00:00:00+09:00,197795.38890981488,198648.32288527765,196942.4549343521,198136.5625,578,0.0,0.0
2023-07-04 00:00:00+09:00,197710.08818925745,197880.67497803163,194127.765625,194127.765625,577,0.0,0.0
2023-07-05 00:00:00+09:00,193360.14235804242,193530.72916206362,191483.6875138091,193018.96875,745,0.0,0.0
2023-07-06 00:00:00+09:00,192848.3698649912,193871.890625,191739.555708315,193871.890625,514,0.0,0.0
2023-07-07 00:00:00+09:00,193445.42168674697,193871.8886657742,191142.5,191142.5,491,0.0,0.0
2023-07-10 00:00:00+09:00,193189.5117709261,193189.5117709261,190545.41690783616,191568.9375,852,0.0,0.0
2023-07-11 00:00:00+09:00,191142.50347764272,192763.07802743086,189521.9289278546,191227.796875,910,0.0,0.0
2023-07-12 00:00:00+09:00,190801.31238077872,191227.77932843356,189521.9115378142,190033.671875,799,0.0,0.0
2023-07-13 00:00:00+09:00,189692.5035810206,190630.73089189795,188754.27627014325,190545.4375,453,0.0,0.0
2023-07-14 00:00:00+09:00,191483.67180512074,191483.67180512074,190118.9774849061,190716.03125,363,0.0,0.0
2023-07-18 00:00:00+09:00,190118.97734445447,190801.32450405773,188924.8698151488,189180.75,426,0.0,0.0
2023-07-19 00:00:00+09:00,189948.38375671444,191483.66481087735,189351.33001342884,190545.4375,381,0.0,0.0
2023-07-20 00:00:00+09:00,191824.8383784691,192336.59872985678,190545.4375,190545.4375,500,0.0,0.0
2023-07-21 00:00:00+09:00,190545.43559966216,190886.60916385136,189095.4479518581,189351.328125,462,0.0,0.0
2023-07-24 00:00:00+09:00,189436.62162124272,191398.36961641992,189436.62162124272,190118.96875,268,0.0,0.0
2023-07-25 00:00:00+09:00,189948.38705880695,190289.56063232973,189095.453125,189095.453125,440,0.0,0.0
2023-07-26 00:00:00+09:00,190289.5520435929,190801.31238077872,188924.8578110974,190033.671875,416,0.0,0.0
2023-07-27 00:00:00+09:00,190374.85071620412,191654.25159467323,190033.67714861236,190545.4375,504,0.0,0.0
2023-07-28 00:00:00+09:00,190545.44616655467,191824.84710321462,186877.8301481295,190374.859375,1000,0.0,0.0
2023-07-31 00:00:00+09:00,192336.6162978203,192763.08329626336,191227.80210186835,191739.5625,873,0.0,0.0
2023-08-01 00:00:00+09:00,192251.29620303304,192251.29620303304,187304.27970801268,188413.09375,770,0.0,0.0
2023-08-02 00:00:00+09:00,187645.4756611947,188839.58323358413,186195.48789472185,187048.421875,837,0.0,0.0
2023-08-03 00:00:00+09:00,188242.5310693224,188242.5310693224,184404.328125,184404.328125,612,0.0,0.0
2023-08-04 00:00:00+09:00,184063.15970930233,184745.50691860463,182698.46529069767,183380.8125,683,0.0,0.0
2023-08-07 00:00:00+09:00,184916.0798290203,185086.6666185305,182783.74496014323,184574.90625,568,0.0,0.0
2023-08-08 00:00:00+09:00,184574.90285451198,185513.130179558,183124.9151703499,185257.25,677,0.0,0.0
2023-08-09 00:00:00+09:00,185683.72560446552,185683.72560446552,183210.21708699677,184319.03125,566,0.0,0.0
2023-08-10 00:00:00+09:00,184319.0399417666,184916.09375,182954.3455229474,184916.09375,510,0.0,0.0
2023-08-14 00:00:00+09:00,184916.100734951,185171.98094814512,182186.7117942137,182783.765625,561,0.0,0.0
2023-08-15 00:00:00+09:00,182527.85215212265,182527.85215212265,180224.9306530071,180821.984375,857,0.0,0.0
2023-08-16 00:00:00+09:00,180822.00343276514,180822.00343276514,178774.9618844697,180139.65625,584,0.0,0.0
2023-08-17 00:00:00+09:00,180651.41143617022,180821.99822695035,178860.25013297872,180395.53125,634,0.0,0.0
2023-08-18 00:00:00+09:00,181163.17706859973,181760.23085366574,179798.48270273456,180907.296875,423,0.0,0.0
2023-08-21 00:00:00+09:00,180821.99644549764,181589.6369964455,179969.0625,179969.0625,625,0.0,0.0
2023-08-22 00:00:00+09:00,179372.03288202576,182101.421875,178945.56585187354,182101.421875,901,0.0,0.0
2023-08-23 00:00:00+09:00,182869.0330386226,183295.5,181163.16519311306,183295.5,687,0.0,0.0
2023-08-24 00:00:00+09:00,183295.50695897258,183807.26733205485,182271.986212808,183466.09375,471,0.0,0.0
2023-08-25 00:00:00+09:00,182101.41319606925,182954.34721572298,181077.89237248478,182272.0,530,0.0,0.0
2023-08-28 00:00:00+09:00,181930.81432667677,183124.921875,181674.93413775036,183124.921875,412,0.0,0.0
2023-08-29 00:00:00+09:00,182698.46357068245,184148.45137679897,182186.70316852367,183721.984375,566,0.0,0.0
2023-08-30 00:00:00+09:00,183721.984375,183807.27777535978,182613.17017032264,183721.984375,646,0.0,0.0
2023-08-31 00:00:00+09:00,183721.98958333334,185854.32465277778,183466.109375,184233.75,1350,0.0,0.0
2023-09-01 00:00:00+09:00,185598.44965517242,185683.74306034483,183807.28814655173,185513.15625,508,0.0,0.0
2023-09-04 00:00:00+09:00,185683.71377388536,188242.5155254777,185683.71377388536,187474.875,739,0.0,0.0
2023-09-05 00:00:00+09:00,187133.69293232233,189351.32101629698,186621.93260525123,188413.09375,553,0.0,0.0
2023-09-06 00:00:00+09:00,188668.9755952381,189010.14914965988,187218.9879889456,188071.921875,518,0.0,0.0
2023-09-07 00:00:00+09:00,187730.7570566795,189095.45133787298,187133.70330865734,188668.984375,404,0.0,0.0
2023-09-08 00:00:00+09:00,186792.53643689986,188157.23076703245,186024.89587620026,186536.65625,877,0.0,0.0
2023-09-11 00:00:00+09:00,186110.18401822558,187133.7047369326,184574.90294016505,186024.890625,364,0.0,0.0
2023-09-12 00:00:00+09:00,185683.7239965071,186792.5381499084,185171.9636180142,186195.484375,232,0.0,0.0
2023-09-13 00:00:00+09:00,186792.5555875576,187986.66324884794,185086.6875,185086.6875,386,0.0,0.0
2023-09-14 00:00:00+09:00,185086.68402777778,186792.55208333334,185086.68402777778,185769.03125,360,0.0,0.0
2023-09-15 00:00:00+09:00,186110.18277746637,190204.265625,184574.90170964124,190204.265625,847,0.0,0.0
2023-09-19 00:00:00+09:00,189180.75686875568,189180.75686875568,187048.42191757495,187816.0625,751,0.0,0.0
2023-09-20 00:00:00+09:00,188071.934019113,189180.74814258167,187986.640625,187986.640625,361,0.0,0.0
2023-09-21 00:00:00+09:00,189607.22212856982,189777.80892310743,187474.8871968495,188157.234375,442,0.0,0.0
2023-09-22 00:00:00+09:00,188924.8713925888,188924.8713925888,186366.06952271174,187304.296875,531,0.0,0.0
2023-09-25 00:00:00+09:00,186877.8350360577,188498.4095982143,185342.55387190936,186280.78125,497,0.0,0.0
2023-09-26 00:00:00+09:00,187560.18571939357,187645.47911899313,185769.0243278032,186366.078125,468,0.0,0.0
2023-09-27 00:00:00+09:00,186195.4827313866,188157.23083162567,185427.8421704235,187304.296875,488,0.0,0.0
2023-09-28 00:00:00+09:00,187304.30375573394,188754.29153526376,185683.72917861238,185939.609375,828,0.0,0.0
2023-09-29 00:00:00+09:00,186110.19274165906,187304.30030278795,184233.73800274223,186621.953125,1556,0.0,0.0
2023-10-02 00:00:00+09:00,186366.06945873343,188583.6977451989,185769.0156893004,186536.65625,455,0.0,0.0
2023-10-03 00:00:00+09:00,188327.8245048365,188327.8245048365,184319.03476220637,185171.96875,680,0.0,0.0
2023-10-04 00:00:00+09:00,184745.48929073033,184916.07607677902,181333.75356975655,182186.6875,907,0.0,0.0
2023-10-05 00:00:00+09:00,184063.140625,186280.7688253012,183551.38027108434,184063.140625,818,0.0,0.0
2023-10-06 00:00:00+09:00,185854.32818332943,185854.32818332943,182527.88541180588,182783.765625,529,0.0,0.0
2023-10-10 00:00:00+09:00,182698.44995980707,186110.18572002754,182698.44995980707,185683.71875,400,0.0,0.0
2023-10-11 00:00:00+09:00,185683.71705209767,186963.11795048142,185086.66329951855,186024.890625,320,0.0,0.0
2023-10-12 00:00:00+09:00,186024.9149481567,186621.96877880185,184916.10069124424,185086.6875,334,0.0,0.0
2023-10-13 00:00:00+09:00,184660.2170138889,186280.7916666667,184660.2170138889,185769.03125,561,0.0,0.0
2023-10-16 00:00:00+09:00,186792.55029664002,186792.55029664002,180822.01215930452,181504.359375,1079,0.0,0.0
2023-10-17 00:00:00+09:00,182527.8663340336,183210.21349789915,180992.58521533615,182698.453125,792,0.0,0.0
2023-10-18 00:00:00+09:00,183380.78654046846,184404.30720953154,182442.55926049396,183892.546875,467,0.0,0.0
2023-10-19 00:00:00+09:00,183892.5623830683,183977.85577934986,182357.28125,182357.28125,513,0.0,0.0
2023-10-20 00:00:00+09:00,182357.28285975897,182783.74984493147,180480.828125,180480.828125,551,0.0,0.0
2023-10-23 00:00:00+09:00,180480.81748210025,181077.87122613366,178007.30911396182,178689.65625,838,0.0,0.0
2023-10-24 00:00:00+09:00,179116.12833053287,179627.88869719155,177154.38025834132,177666.140625,843,0.0,0.0
2023-10-25 00:00:00+09:00,178689.65466378082,179798.46875,177239.66701257115,179798.46875,701,0.0,0.0
2023-10-26 00:00:00+09:00,180736.6960537239,180992.57622746678,178263.18770754267,179798.46875,872,0.0,0.0
2023-10-27 00:00:00+09:00,179969.0815817285,182016.12326796618,179969.0815817285,181589.65625,925,0.0,0.0
2023-10-30 00:00:00+09:00,181122.21075211864,181383.8220338983,179465.33930084744,180075.765625,994,4664.0,0.0
2023-10-31 00:00:00+09:00,181209.4225144439,182691.88650999038,179378.1434611218,181122.21875,1386,0.0,0.0
2023-11-01 00:00:00+09:00,183563.93814609078,185918.43996554182,183302.32683281845,183476.734375,1565,0.0,0.0
2023-11-02 00:00:00+09:00,184871.9837340877,185831.22515912307,183999.94607496465,184959.1875,786,0.0,0.0
2023-11-06 00:00:00+09:00,185133.58576355994,187400.8835637731,184087.140625,184087.140625,835,0.0,0.0
2023-11-07 00:00:00+09:00,183563.94660150647,184087.1692521521,181035.03712338593,182343.09375,837,0.0,0.0
2023-11-08 00:00:00+09:00,181819.84599082402,181819.84599082402,178942.12180967428,179378.140625,767,0.0,0.0
2023-11-09 00:00:00+09:00,179378.14549382718,179378.14549382718,176587.625,176587.625,852,0.0,0.0
2023-11-10 00:00:00+09:00,177808.48373161766,178506.11387867646,177023.64981617648,177895.6875,719,0.0,0.0
2023-11-13 00:00:00+09:00,177895.68471534652,178418.90731745047,176151.609375,176151.609375,495,0.0,0.0
2023-11-14 00:00:00+09:00,177023.65884131292,177721.2890239388,175802.80602171767,176674.84375,511,0.0,0.0
2023-11-15 00:00:00+09:00,177808.47733231707,179465.34887195122,177372.45850609758,178767.71875,503,0.0,0.0
2023-11-16 00:00:00+09:00,179726.96016768293,179726.96016768293,177895.68109756097,178767.71875,489,0.0,0.0
2023-11-17 00:00:00+09:00,178767.73243424256,179290.95506575741,177895.69471505113,179029.34375,321,0.0,0.0
2023-11-20 00:00:00+09:00,179116.5338109756,180250.18275914635,178157.29239329268,178767.71875,605,0.0,0.0
2023-11-21 00:00:00+09:00,178767.72777504913,178942.13531434187,177546.875,177546.875,414,0.0,0.0
2023-11-22 00:00:00+09:00,177546.8660365854,178767.71875,177023.64344512197,178767.71875,374,0.0,0.0
2023-11-24 00:00:00+09:00,178244.50192920136,180162.9848266781,177982.890625,177982.890625,293,0.0,0.0
2023-11-27 00:00:00+09:00,178157.2936706543,179378.14639282227,178157.2936706543,178593.3125,571,0.0,0.0
2023-11-28 00:00:00+09:00,179290.9419838946,180511.79470168374,178331.70056277452,178680.515625,469,0.0,0.0
2023-11-29 00:00:00+09:00,178680.5293082968,179988.58589181287,178331.7142193592,178942.140625,331,0.0,0.0
2023-11-30 00:00:00+09:00,178942.13997808084,179116.54752191913,177459.67585545543,179029.34375,1005,0.0,0.0
2023-12-01 00:00:00+09:00,179552.55408172836,179552.55408172836,174320.328125,174320.328125,1136,0.0,0.0
2023-12-04 00:00:00+09:00,175017.97142482732,177895.69591761223,174494.74878977553,176762.046875,717,0.0,0.0
2023-12-05 00:00:00+09:00,176762.0181583663,177023.629433391,175017.94299153486,176413.203125,456,0.0,0.0
2023-12-06 00:00:00+09:00,175977.20970718504,177634.08135457677,175628.3946235236,177198.0625,482,0.0,0.0
2023-12-07 00:00:00+09:00,176762.04482645812,176762.04482645812,174930.765625,174930.765625,393,0.0,0.0
2023-12-08 00:00:00+09:00,174930.75577428643,175192.36707404858,173971.51434182524,174145.921875,779,0.0,0.0
2023-12-11 00:00:00+09:00,175192.36158405172,177023.640625,174930.75029248768,177023.640625,391,0.0,0.0
2023-12-12 00:00:00+09:00,177023.63517874878,177023.63517874878,174843.54114945384,175628.375,436,0.0,0.0
2023-12-13 00:00:00+09:00,176064.38256726458,176064.38256726458,174320.30745515693,175017.9375,337,0.0,0.0
2023-12-14 00:00:00+09:00,176064.38510983525,176151.58886669995,174233.10621567647,174669.125,366,0.0,0.0
2023-12-15 00:00:00+09:00,174669.1477001757,174930.7590047691,173099.47987261545,173709.90625,698,0.0,0.0
2023-12-18 00:00:00+09:00,172750.66672165663,173797.11195167172,171704.22149164154,173448.296875,640,0.0,0.0
2023-12-19 00:00:00+09:00,173099.4684233172,173099.4684233172,169611.31792612188,171006.578125,1125,0.0,0.0
2023-12-20 00:00:00+09:00,170657.76781313194,172576.25063985086,170308.95275372852,172489.046875,690,0.0,0.0
2023-12-21 00:00:00+09:00,172576.24649234695,173884.30293367346,170919.375,170919.375,688,0.0,0.0
2023-12-22 00:00:00+09:00,170744.96653134443,173884.3019731873,170483.35524452417,173186.671875,656,0.0,0.0
2023-12-25 00:00:00+09:00,172053.02391581633,172053.02391581633,169611.31855867346,170919.375,919,0.0,0.0
2023-12-26 00:00:00+09:00,170919.36506919528,171791.40264607893,169611.3087038698,170134.53125,737,0.0,0.0
2023-12-27 00:00:00+09:00,170134.5299859191,171965.80888376856,169262.4924155146,170308.9375,1291,0.0,0.0
2023-12-28 00:00:00+09:00,171355.3928672583,173448.28316182023,170396.15148225075,173186.671875,458,0.0,0.0
2023-12-29 00:00:00+09:00,173884.28555231114,177023.62069768886,173361.0630280815,175453.953125,751,0.0,0.0
2024-01-04 00:00:00+09:00,174407.5284090909,175279.56605113635,171791.41548295453,172663.453125,1440,0.0,0.0
2024-01-05 00:00:00+09:00,174407.52234359484,176674.8201340616,173361.07720953328,175628.375,846,0.0,0.0
2024-01-09 00:00:00+09:00,175541.17698721946,176936.43721165834,174145.91676278054,174843.546875,574,0.0,0.0
2024-01-10 00:00:00+09:00,174843.5586306564,176326.02271879662,174843.5586306564,175366.78125,350,0.0,0.0
2024-01-11 00:00:00+09:00,175105.16266266268,175453.97772772773,174233.125,174233.125,417,0.0,0.0
2024-01-12 00:00:00+09:00,174407.51436063938,175366.7556896229,173971.49557473778,174581.921875,570,0.0,0.0
2024-01-15 00:00:00+09:00,174407.53978120338,175628.3925596718,174407.53978120338,175366.78125,70,0.0,0.0
2024-01-16 00:00:00+09:00,175541.15687903826,176413.19441942096,175279.54561692345,175453.953125,377,0.0,0.0
2024-01-17 00:00:00+09:00,176151.59979229607,176413.21107911633,173186.671875,173186.671875,734,0.0,0.0
2024-01-18 00:00:00+09:00,173012.26754164562,173535.49012493688,172489.04495835435,172750.65625,627,0.0,0.0
2024-01-19 00:00:00+09:00,173099.45800293458,174756.32938936065,172750.6429742133,174581.921875,393,0.0,0.0
2024-01-22 00:00:00+09:00,174581.9455655054,177721.28125,174581.9455655054,177721.28125,720,0.0,0.0
2024-01-23 00:00:00+09:00,176151.61194816467,177459.66847253224,175715.59310670884,175802.796875,505,0.0,0.0
2024-01-24 00:00:00+09:00,175541.171875,177110.83958178092,175541.171875,175541.171875,400,0.0,0.0
2024-01-25 00:00:00+09:00,174843.55223280555,176500.42380009897,174581.94093270658,176238.8125,498,0.0,0.0
2024-01-26 00:00:00+09:00,175366.79554798725,177808.501304001,175366.79554798725,177634.09375,722,0.0,0.0
2024-01-29 00:00:00+09:00,176762.03341674805,178680.51626586914,176500.42211914062,178593.3125,531,0.0,0.0
2024-01-30 00:00:00+09:00,177198.07162095985,178942.14712904015,176762.05274393977,178070.109375,589,0.0,0.0
2024-01-31 00:00:00+09:00,176500.4154990167,178244.49075098327,176151.6004486234,177372.453125,1028,0.0,0.0
2024-02-01 00:00:00+09:00,175715.58357246467,176326.00991738142,172837.859375,172837.859375,1369,0.0,0.0
2024-02-02 00:00:00+09:00,174320.32940817476,175279.57084063595,173971.51434182524,174145.921875,763,0.0,0.0
2024-02-05 00:00:00+09:00,174233.11959195256,174756.3421733098,172837.859375,172837.859375,556,0.0,0.0
2024-02-06 00:00:00+09:00,173099.474765625,174407.53125,172576.25217187498,174407.53125,618,0.0,0.0
2024-02-07 00:00:00+09:00,174407.53317476215,175017.9595408738,173622.69927547572,174145.921875,598,0.0,0.0
2024-02-08 00:00:00+09:00,175192.36642892894,175541.181493994,173709.9024024024,174233.125,553,0.0,0.0
2024-02-09 00:00:00+09:00,174407.53125,175541.180203125,174407.53125,174407.53125,460,0.0,0.0
2024-02-13 00:00:00+09:00,174581.921875,175366.7556896229,173535.47678883618,174581.921875,620,0.0,0.0
2024-02-14 00:00:00+09:00,175105.1628399179,175105.1628399179,169960.140625,169960.140625,984,0.0,0.0
2024-02-15 00:00:00+09:00,170832.16322029004,171442.58953092914,169436.90308168632,169872.921875,831,0.0,0.0
2024-02-16 00:00:00+09:00,169872.94136199795,170221.75643666324,167867.2546826725,169349.71875,715,0.0,0.0
2024-02-19 00:00:00+09:00,169349.71079987046,170134.5446810233,167518.43174384715,168303.265625,533,0.0,0.0
2024-02-20 00:00:00+09:00,170047.3367382713,171442.5969371494,169960.1329758414,171006.578125,582,0.0,0.0
2024-02-21 00:00:00+09:00,171006.59100495878,171704.22115694228,167431.23647604327,169262.515625,1009,0.0,0.0
2024-02-22 00:00:00+09:00,168041.6620421663,169175.3110336288,166908.01305070386,167256.828125,614,0.0,0.0
2024-02-26 00:00:00+09:00,170134.55073104112,170570.56956940875,168477.6791452442,169611.328125,983,0.0,0.0
2024-02-27 00:00:00+09:00,170919.37726449277,170919.37726449277,168477.671875,168477.671875,1161,0.0,0.0
2024-02-28 00:00:00+09:00,170396.1594567727,170570.5669894818,168739.28789603643,169960.140625,849,0.0,0.0
2024-02-29 00:00:00+09:00,170483.3649437435,170483.3649437435,164815.12007349115,167605.640625,1852,0.0,0.0
2024-03-01 00:00:00+09:00,167954.4477094241,167954.4477094241,166123.16868455498,166559.1875,764,0.0,0.0
2024-03-04 00:00:00+09:00,165861.5580310372,167605.63329950237,165774.35426761393,166471.984375,1122,0.0,0.0
2024-03-05 00:00:00+09:00,167344.03525909912,169349.72197663912,166035.97870418173,168913.703125,928,0.0,0.0
2024-03-06 00:00:00+09:00,169436.9148381525,171180.99013242067,168826.48848515865,170396.15625,867,0.0,0.0
2024-03-07 00:00:00+09:00,171442.59502291243,172140.2251145621,168564.87089485745,171268.1875,712,0.0,0.0
2024-03-08 00:00:00+09:00,168303.26883116883,170483.36298701298,167780.04623376625,167867.25,1027,0.0,0.0
2024-03-11 00:00:00+09:00,167692.8441780822,168564.88184931508,165251.13869863012,165512.75,930,0.0,0.0
2024-03-12 00:00:00+09:00,166384.79043925964,167256.828125,164727.91883635297,167256.828125,571,0.0,0.0
2024-03-13 00:00:00+09:00,167256.8221065423,167344.02587197846,163768.67148909616,165948.765625,932,0.0,0.0
2024-03-14 00:00:00+09:00,167431.234375,167431.234375,167431.234375,167431.234375,972,0.0,0.0
2024-03-15 00:00:00+09:00,168303.2658968782,171791.41648541455,168216.06213216478,170396.15625,1136,0.0,0.0
2024-03-18 00:00:00+09:00,171093.79623025982,171791.42638818137,169349.72083545593,171181.0,930,0.0,0.0
2024-03-19 00:00:00+09:00,172227.43672839506,177721.2739506173,172140.23296296297,176587.625,1187,0.0,0.0
2024-03-21 00:00:00+09:00,177372.45344387754,179552.54751275512,175715.58195153062,179465.34375,909,0.0,0.0
2024-03-22 00:00:00+09:00,180599.00532313128,182255.8769316004,179726.96763446333,181994.265625,765,0.0,0.0
2024-03-25 00:00:00+09:00,182255.87822242206,182604.6933003597,180773.41414118707,181819.859375,526,0.0,0.0
2024-03-26 00:00:00+09:00,182517.4809170082,182517.4809170082,180337.3867827869,180860.609375,461,0.0,0.0
2024-03-27 00:00:00+09:00,183040.7114992809,183040.7114992809,181296.6361157718,181907.0625,730,0.0,0.0
2024-03-28 00:00:00+09:00,184610.37821821732,184871.98952414774,183040.71038263495,184174.359375,991,0.0,0.0
2024-03-29 00:00:00+09:00,184174.35891436593,186790.47196712682,183825.5438406645,186354.453125,673,0.0,0.0
2024-04-01 00:00:00+09:00,187052.06851758645,189232.16255625297,183476.71429417338,184087.140625,940,0.0,0.0
2024-04-02 00:00:00+09:00,184174.35465393795,184174.35465393795,182081.4642601432,182691.890625,719,0.0,0.0
2024-04-03 00:00:00+09:00,182517.48823820075,182866.30331366794,181296.63547406564,181994.265625,598,0.0,0.0
2024-04-04 00:00:00+09:00,183127.89988151658,183999.9375,181819.84345379146,183999.9375,456,0.0,0.0
2024-04-05 00:00:00+09:00,183999.95230893628,183999.95230893628,181558.24678066603,181994.265625,615,0.0,0.0
2024-04-08 00:00:00+09:00,182691.8791780052,184784.76944066494,182343.0641342286,184261.546875,576,0.0,0.0
2024-04-09 00:00:00+09:00,184871.97320160907,185569.60328916233,184261.546875,184261.546875,608,0.0,0.0
2024-04-10 00:00:00+09:00,184261.56896398,186180.05193473608,183389.53125,183389.53125,699,0.0,0.0
2024-04-11 00:00:00+09:00,183127.9109589041,185133.59760273973,181994.26198630137,184610.375,752,0.0,0.0
2024-04-12 00:00:00+09:00,184959.19913516403,184959.19913516403,182255.88222182594,183389.53125,575,0.0,0.0
2024-04-15 00:00:00+09:00,183389.53905129124,185395.22587876616,181907.07487446198,182343.09375,713,0.0,0.0
2024-04-16 00:00:00+09:00,182779.10420627377,185046.40225463404,182779.10420627377,183476.734375,761,0.0,0.0
2024-04-17 00:00:00+09:00,183563.91805572005,185220.78952510658,182604.67667870678,184087.140625,511,0.0,0.0
2024-04-18 00:00:00+09:00,183040.72069567032,184435.98107257872,182779.109375,182779.109375,445,0.0,0.0
2024-04-19 00:00:00+09:00,183476.7395634542,184784.7961668058,181558.25654520516,182779.109375,496,0.0,0.0
2024-04-22 00:00:00+09:00,183999.95376955904,185482.4178520626,183651.1386913229,183912.75,655,0.0,0.0
2024-04-23 00:00:00+09:00,185395.21408250355,186616.06685633003,183651.1386913229,183912.75,1100,0.0,0.0
2024-04-24 00:00:00+09:00,184174.35659655833,184610.37543319789,182430.28125,182430.28125,826,0.0,0.0
2024-04-25 00:00:00+09:00,182953.51368396002,184523.1815801999,182430.29105188005,183215.125,617,0.0,0.0
2024-04-26 00:00:00+09:00,183860.18919836957,185381.17373188408,182607.61370018116,185202.234375,1012,5321.0,0.0
2024-04-30 00:00:00+09:00,184754.88598278986,185828.52212409422,183502.31048460145,185202.234375,674,0.0,0.0
2024-05-01 00:00:00+09:00,184754.8849078065,186902.15717792144,184128.5971623563,186812.6875,392,0.0,0.0
2024-05-02 00:00:00+09:00,186812.68379541108,188781.01667065007,186723.21411926384,187170.5625,683,0.0,0.0
2024-05-07 00:00:00+09:00,187260.03999970714,190928.296875,187260.03999970714,190928.296875,843,0.0,0.0
2024-05-08 00:00:00+09:00,189944.12234026787,191017.75845335465,188691.546875,188691.546875,417,0.0,0.0
2024-05-09 00:00:00+09:00,190570.409251075,190570.409251075,186902.1525471811,187260.03125,406,0.0,0.0
2024-05-10 00:00:00+09:00,187886.32270224986,187886.32270224986,185291.7020554093,186902.15625,740,0.0,0.0
2024-05-13 00:00:00+09:00,185649.57879951375,188602.078125,185649.57879951375,188602.078125,372,0.0,0.0
2024-05-14 00:00:00+09:00,188870.49103078584,188870.49103078584,186544.27939326785,186723.21875,675,0.0,0.0
2024-05-15 00:00:00+09:00,186544.2748870482,186991.6232680723,184844.35103915664,185649.578125,345,0.0,0.0
2024-05-16 00:00:00+09:00,185649.58909254806,186275.87686298077,184754.89227764422,186096.9375,434,0.0,0.0
2024-05-17 00:00:00+09:00,184665.40984593163,187438.9697806331,184486.47049530572,185828.515625,387,0.0,0.0
2024-05-20 00:00:00+09:00,187528.44492337163,187528.44492337163,186007.4603987069,186812.6875,353,0.0,0.0
2024-05-21 00:00:00+09:00,186812.69495192307,187617.92208533653,185739.05877403845,186096.9375,294,0.0,0.0
2024-05-22 00:00:00+09:00,186633.75204100145,186633.75204100145,184397.0100462627,184933.828125,443,0.0,0.0
2024-05-23 00:00:00+09:00,185470.65625,185918.00467317898,184397.02003437048,185470.65625,382,0.0,0.0
2024-05-24 00:00:00+09:00,185112.7591446893,186275.86492955202,183681.2443325506,185739.046875,297,0.0,0.0
2024-05-27 00:00:00+09:00,186275.87406985118,186902.16183089296,184575.95014702354,186365.34375,313,0.0,0.0
2024-05-28 00:00:00+09:00,186007.455902276,186991.6223356214,184486.4714143786,185739.046875,438,0.0,0.0
2024-05-29 00:00:00+09:00,186991.63855901078,186991.63855901078,182249.7453323947,182697.09375,431,0.0,0.0
2024-05-30 00:00:00+09:00,182160.26655405405,183144.43302364866,181086.6304054054,182070.796875,515,0.0,0.0
2024-05-31 00:00:00+09:00,181623.45449561405,182070.80290570177,177955.19753289473,178492.015625,1287,0.0,0.0
2024-06-03 00:00:00+09:00,179386.69860135473,180191.9256773708,178313.0625,178313.0625,554,0.0,0.0
2024-06-04 00:00:00+09:00,178760.40794334977,182965.48260467983,178760.40794334977,181623.4375,685,0.0,0.0
2024-06-05 00:00:00+09:00,180549.80407595402,183591.77302470646,180549.80407595402,182876.015625,693,0.0,0.0
2024-06-06 00:00:00+09:00,183681.26026873162,183681.26026873162,180997.1697630999,182697.09375,242,0.0,0.0
2024-06-07 00:00:00+09:00,181086.63168750002,182697.085921875,178581.48065625,178939.359375,453,0.0,0.0
2024-06-10 00:00:00+09:00,178939.3419080919,180281.3869724026,178939.3419080919,179118.28125,369,0.0,0.0
2024-06-11 00:00:00+09:00,179297.2252840909,180102.45234375,177149.953125,177149.953125,457,0.0,0.0
2024-06-12 00:00:00+09:00,177149.9579791345,178581.4727910871,173660.640625,173660.640625,699,0.0,0.0
2024-06-13 00:00:00+09:00,175360.56342521694,177060.48725433895,175092.1543995661,175271.09375,720,0.0,0.0
2024-06-14 00:00:00+09:00,173750.117390061,177149.96520716828,173750.117390061,175986.859375,627,0.0,0.0
2024-06-17 00:00:00+09:00,176971.02275137225,179386.70405283183,175986.85629522204,179297.234375,548,0.0,0.0
2024-06-18 00:00:00+09:00,179744.5818344763,180191.9302213217,178044.65796446384,179386.703125,354,0.0,0.0
2024-06-19 00:00:00+09:00,179386.71477819595,181891.86590726802,178492.0179463845,181265.578125,560,0.0,0.0
2024-06-20 00:00:00+09:00,181265.55708833833,183681.23825387887,177865.70952202202,178760.40625,939,0.0,0.0
2024-06-21 00:00:00+09:00,178760.41087556447,180639.27405293527,177865.71412443553,178313.0625,936,0.0,0.0
2024-06-24 00:00:00+09:00,178313.06435208436,179923.5185208438,177865.71597187343,178134.125,291,0.0,0.0
2024-06-25 00:00:00+09:00,178134.1275037092,180907.6875,178134.1275037092,180907.6875,361,0.0,0.0
2024-06-26 00:00:00+09:00,181265.5688390226,182965.49273237967,180818.2204460339,182160.265625,410,0.0,0.0
2024-06-27 00:00:00+09:00,181265.572735732,182876.02698511165,178402.54295905706,180281.40625,543,0.0,0.0
2024-06-28 00:00:00+09:00,180102.46521093752,180728.75296875002,178581.48065625,178939.359375,432,0.0,0.0
2024-07-01 00:00:00+09:00,178670.94975692677,181802.38853584137,175897.38969560244,175986.859375,749,0.0,0.0
2024-07-02 00:00:00+09:00,177776.234375,178044.64338512835,176255.24998427278,177776.234375,530,0.0,0.0
2024-07-03 00:00:00+09:00,177865.7115188583,177865.7115188583,175539.5,175539.5,490,0.0,0.0
2024-07-04 00:00:00+09:00,175539.51935967823,175986.86777802603,174197.47410463484,175181.640625,420,0.0,0.0
2024-07-05 00:00:00+09:00,175181.62138496144,175271.09105880462,173839.5762773136,174018.515625,323,0.0,0.0
2024-07-08 00:00:00+09:00,174465.86474658747,176971.015625,174107.9860496714,176971.015625,737,0.0,0.0
2024-07-09 00:00:00+09:00,175002.70125766087,176792.0949310521,174197.47410463484,175181.640625,516,0.0,0.0
2024-07-10 00:00:00+09:00,175807.9164534289,176344.73451893553,174644.81064483113,174823.75,374,0.0,0.0
2024-07-11 00:00:00+09:00,175807.9016657066,176255.25001600102,174555.32628488223,174734.265625,326,0.0,0.0
2024-07-12 00:00:00+09:00,175897.38137335525,177328.89617598685,175539.50267269736,176792.078125,472,0.0,0.0
2024-07-16 00:00:00+09:00,176881.5561689756,176881.5561689756,175539.5109780122,175986.859375,240,0.0,0.0
2024-07-17 00:00:00+09:00,176255.26099683545,176702.609375,175450.03391613925,176702.609375,278,0.0,0.0
2024-07-18 00:00:00+09:00,176702.6039014766,176881.5432471996,175718.4375,175718.4375,361,0.0,0.0
2024-07-19 00:00:00+09:00,175718.44036136832,175807.9100356867,173392.2288290895,173929.046875,560,0.0,0.0
2024-07-22 00:00:00+09:00,174465.86594626168,174465.86594626168,172318.59375,172318.59375,477,0.0,0.0
2024-07-23 00:00:00+09:00,173839.59536995657,175986.86777802603,173302.7772679392,175181.640625,627,0.0,0.0
2024-07-24 00:00:00+09:00,175181.62871033777,176702.6132292733,174823.75,174823.75,454,0.0,0.0
2024-07-25 00:00:00+09:00,175002.6783773292,175002.6783773292,172855.40625,172855.40625,424,0.0,0.0
2024-07-26 00:00:00+09:00,174107.97887596898,174197.44854651162,172318.58546511628,173123.8125,461,0.0,0.0
2024-07-29 00:00:00+09:00,173123.82063137757,175718.4411989796,172229.12388392858,175360.5625,496,0.0,0.0
2024-07-30 00:00:00+09:00,175360.56539948453,175539.50475193298,172944.8841414304,173571.171875,690,0.0,0.0
2024-07-31 00:00:00+09:00,173481.69758194088,175271.09105880462,172765.94019119538,174018.515625,374,0.0,0.0
2024-08-01 00:00:00+09:00,173034.35022055008,173750.10761546445,171692.30510508563,172408.0625,593,0.0,0.0
2024-08-02 00:00:00+09:00,172139.6452253778,172139.6452253778,169097.67644280876,171692.296875,731,0.0,0.0
2024-08-05 00:00:00+09:00,169187.13395032485,172318.57217785597,163282.13614983758,165250.46875,1066,0.0,0.0
2024-08-06 00:00:00+09:00,165250.4869228232,173839.57557717676,164803.13855540895,169545.03125,803,0.0,0.0
2024-08-07 00:00:00+09:00,166682.00502864315,176792.07833419155,166682.00502864315,173750.109375,792,0.0,0.0
2024-08-08 00:00:00+09:00,173392.2307792208,175807.912012987,170976.54954545453,172229.125,563,0.0,0.0
2024-08-09 00:00:00+09:00,172676.46598551475,177060.47988877393,165339.95292291773,172944.875,1019,0.0,0.0
2024-08-13 00:00:00+09:00,172855.4025859823,173571.15994658676,170260.78215379105,171692.296875,1581,0.0,0.0
2024-08-14 00:00:00+09:00,171423.89964561854,173571.171875,170260.7938547036,173571.171875,722,0.0,0.0
2024-08-15 00:00:00+09:00,171781.78172588832,176255.265625,170708.1455901015,176255.265625,1146,0.0,0.0
2024-08-16 00:00:00+09:00,177060.49739980916,177060.49739980916,173481.7101860687,175807.921875,1031,0.0,0.0
2024-08-19 00:00:00+09:00,174197.45672831635,175360.5625,173392.22965561226,175360.5625,580,0.0,0.0
2024-08-20 00:00:00+09:00,176165.80714536516,176613.15556371296,175181.640625,175181.640625,395,0.0,0.0
2024-08-21 00:00:00+09:00,175897.38426635994,176344.7326495399,174376.39976354808,175002.6875,575,0.0,0.0
2024-08-22 00:00:00+09:00,174197.4596085696,174197.4596085696,172497.53576030929,173571.171875,668,0.0,0.0
2024-08-23 00:00:00+09:00,172765.953125,173929.0589720352,172765.953125,172765.953125,670,0.0,0.0
2024-08-26 00:00:00+09:00,172676.47499361268,175092.15625,172408.0659651252,175092.15625,691,0.0,0.0
2024-08-27 00:00:00+09:00,176344.73045513936,179744.578125,176344.73045513936,179744.578125,1018,0.0,0.0
2024-08-28 00:00:00+09:00,179118.2784759686,183054.9439369789,175807.9007019372,182428.65625,1300,0.0,0.0
2024-08-29 00:00:00+09:00,182518.1388888889,183233.8962962963,178939.35185185185,181176.09375,930,0.0,0.0
2024-08-30 00:00:00+09:00,181086.6282360406,182607.61276173856,176255.265625,176255.265625,8278,0.0,0.0
2024-09-02 00:00:00+09:00,176165.78855693885,178044.65171574824,175807.90986002274,176971.015625,1043,0.0,0.0
2024-09-03 00:00:00+09:00,176971.0119355449,177597.29964209133,176434.19390136228,177328.890625,400,0.0,0.0
2024-09-04 00:00:00+09:00,176344.72985260337,177597.30530564062,174913.2150491322,175271.09375,817,0.0,0.0
2024-09-05 00:00:00+09:00,175181.6260470361,176076.32280927835,173571.171875,173571.171875,673,0.0,0.0
2024-09-06 00:00:00+09:00,174197.44854651162,174644.7968992248,172855.4034883721,173123.8125,611,0.0,0.0
2024-09-09 00:00:00+09:00,172676.4725477999,172676.4725477999,170797.609375,170797.609375,528,0.0,0.0
2024-09-10 00:00:00+09:00,172050.1875,174018.52037831512,171423.89976599065,172050.1875,543,0.0,0.0
2024-09-11 00:00:00+09:00,172586.99546052632,172586.99546052632,169187.14796052632,169992.375,793,0.0,0.0
2024-09-12 00:00:00+09:00,170081.85013572738,172229.1223099817,170081.85013572738,170976.546875,386,0.0,0.0
2024-09-13 00:00:00+09:00,173392.2334482981,173660.6424784038,172408.06700457708,173481.703125,885,0.0,0.0
2024-09-17 00:00:00+09:00,173481.70777048863,173481.70777048863,171334.43547214323,173034.359375,351,0.0,0.0
2024-09-18 00:00:00+09:00,173929.0524380805,173929.0524380805,171960.71954011868,173392.234375,294,0.0,0.0
2024-09-19 00:00:00+09:00,173571.1636257764,174197.45132958074,171602.8308423913,172855.40625,565,0.0,0.0
2024-09-20 00:00:00+09:00,174107.99833311758,174734.28609690577,171871.2563195883,172765.953125,1044,0.0,0.0
2024-09-24 00:00:00+09:00,172765.94212422118,172944.88147390966,171334.4273267134,172318.59375,635,0.0,0.0
2024-09-25 00:00:00+09:00,171871.24445381423,172944.88054618577,170260.7903152569,172408.0625,532,0.0,0.0
2024-09-26 00:00:00+09:00,172855.4216906106,174465.8759299641,171871.25521100566,174376.40625,325,0.0,0.0
2024-09-27 00:00:00+09:00,174465.86851686254,175718.44398313746,173213.29305058764,175092.15625,590,0.0,0.0
2024-09-30 00:00:00+09:00,172676.47059776972,173392.22798884855,171781.77385892117,172497.53125,824,0.0,0.0
2024-10-01 00:00:00+09:00,173392.22994696177,173392.22994696177,170529.2003503143,170797.609375,680,0.0,0.0
2024-10-02 00:00:00+09:00,170976.5404556812,171155.47979681747,169902.90440886375,170081.84375,668,0.0,0.0
2024-10-03 00:00:00+09:00,170260.7849361506,170887.07263691418,169634.49723538704,169902.90625,684,0.0,0.0
2024-10-04 00:00:00+09:00,170260.783116043,170260.783116043,168560.859375,168560.859375,985,0.0,0.0
2024-10-07 00:00:00+09:00,170081.85593432657,170081.85593432657,167397.765625,167397.765625,741,0.0,0.0
2024-10-08 00:00:00+09:00,167129.33168651868,167308.27101380617,165071.52942271248,165250.46875,1238,0.0,0.0
2024-10-09 00:00:00+09:00,165339.96689189188,167039.89079391892,165161.02753378378,165518.90625,485,0.0,0.0
2024-10-10 00:00:00+09:00,165966.25464527027,166234.66368243244,165429.43657094595,165518.90625,433,0.0,0.0
2024-10-11 00:00:00+09:00,165518.9099742687,165518.9099742687,164176.8647582611,165161.03125,838,0.0,0.0
2024-10-15 00:00:00+09:00,165161.03522260275,165339.9745890411,163103.23250856166,163282.171875,815,0.0,0.0
2024-10-16 00:00:00+09:00,163103.20772311607,163282.1470623625,161671.69300914466,162655.859375,919,0.0,0.0
2024-10-17 00:00:00+09:00,162834.8069550931,164087.3823932092,162387.45858433735,163371.625,581,0.0,0.0
2024-10-18 00:00:00+09:00,164087.38891561297,164087.38891561297,162297.99536146235,162745.34375,531,0.0,0.0
2024-10-21 00:00:00+09:00,162745.35377568493,163640.0506078767,162029.5963099315,163282.171875,525,0.0,0.0
2024-10-22 00:00:00+09:00,163282.16856720057,163282.16856720057,160329.66908077995,160598.078125,1423,0.0,0.0
2024-10-23 00:00:00+09:00,160598.04786720045,162029.5625,159971.76021535063,162029.5625,888,0.0,0.0
2024-10-24 00:00:00+09:00,162208.53805373114,162208.53805373114,160061.265625,160061.265625,627,0.0,0.0
2024-10-25 00:00:00+09:00,160061.25371148458,160508.60210084033,159256.02661064424,159703.375,671,0.0,0.0
2024-10-28 00:00:00+09:00,158898.13325930038,161403.28400888396,158450.78491116047,161134.875,512,0.0,0.0
2024-10-29 00:00:00+09:00,160598.06702234366,161761.17280022136,159971.77929579414,161671.703125,798,0.0,0.0
2024-10-30 00:00:00+09:00,163192.1282533514,163192.1282533514,161257.0437286081,161533.484375,1810,5250.0,0.0
2024-10-31 00:00:00+09:00,161441.34068767907,162362.8095272206,160796.3125,160796.3125,1105,0.0,0.0
2024-11-01 00:00:00+09:00,160704.1562679701,161072.7437823462,160059.12811781195,160243.421875,854,0.0,0.0
2024-11-05 00:00:00+09:00,159782.70035252644,159782.70035252644,156834.0,156834.0,1273,0.0,0.0
2024-11-06 00:00:00+09:00,157018.29034582133,160059.13751801153,157018.29034582133,159874.84375,1512,0.0,0.0
2024-11-07 00:00:00+09:00,159045.5157627866,159045.5157627866,156649.69686948854,156741.84375,1513,0.0,0.0
2024-11-08 00:00:00+09:00,157571.1686917928,158308.34375,156833.99363358555,158308.34375,1099,0.0,0.0
2024-11-11 00:00:00+09:00,157571.1686917928,158308.34375,156649.69986903376,158308.34375,796,0.0,0.0
2024-11-12 00:00:00+09:00,158124.05299855492,159874.84379515896,158124.05299855492,159414.109375,593,0.0,0.0
2024-11-13 00:00:00+09:00,158124.0530886628,159506.25634992734,157939.7593204942,158492.640625,629,0.0,0.0
2024-11-14 00:00:00+09:00,158492.64378276063,158584.79066868083,157294.7342657979,158216.203125,534,0.0,0.0
2024-11-15 00:00:00+09:00,157294.74348882763,158769.09375,157202.59659750437,158769.09375,614,0.0,0.0
2024-11-18 00:00:00+09:00,157479.02476585013,159874.84375,157479.02476585013,159874.84375,563,0.0,0.0
2024-11-19 00:00:00+09:00,159045.52188405796,159966.99072463767,158769.08123188405,158953.375,362,0.0,0.0
2024-11-20 00:00:00+09:00,158492.64367400116,160243.43450528375,158492.64367400116,159137.671875,552,0.0,0.0
2024-11-21 00:00:00+09:00,159321.9593822338,159598.4000289352,158216.19679542826,159229.8125,395,0.0,0.0
2024-11-22 00:00:00+09:00,159506.265625,159782.70629332756,158769.09050945984,159506.265625,379,0.0,0.0
2024-11-25 00:00:00+09:00,159414.11873555748,161349.20341385037,159414.11873555748,159506.265625,1010,0.0,0.0
2024-11-26 00:00:00+09:00,161164.91578663792,161164.91578663792,159229.83103448275,160335.59375,818,0.0,0.0
2024-11-27 00:00:00+09:00,159782.7031882591,160612.0251771255,158308.35298582996,159321.96875,663,0.0,0.0
2024-11-28 00:00:00+09:00,158861.22497106483,160151.28132233798,158492.63744212964,159229.8125,429,0.0,0.0
2024-11-29 00:00:00+09:00,158953.38139038798,159137.67516591307,157939.765625,157939.765625,617,0.0,0.0
2024-12-02 00:00:00+09:00,158031.90946287347,158124.05634885764,156557.55928712655,157294.734375,853,0.0,0.0
2024-12-03 00:00:00+09:00,156188.97179788485,156834.0,154806.76850763807,156834.0,1376,0.0,0.0
2024-12-04 00:00:00+09:00,156741.85024253733,156833.99712686567,154346.03125,154346.03125,793,0.0,0.0
2024-12-05 00:00:00+09:00,153701.0,154714.61570743407,153701.0,153701.0,989,0.0,0.0
2024-12-06 00:00:00+09:00,153701.0030597015,154622.4719029851,153608.85617537313,154346.03125,660,0.0,0.0
2024-12-09 00:00:00+09:00,153701.0033917683,154069.59092987803,151028.74374047256,151120.890625,1824,0.0,0.0
2024-12-10 00:00:00+09:00,150475.87167755165,151858.07503037667,149922.99033642164,151673.78125,976,0.0,0.0
2024-12-11 00:00:00+09:00,151213.04357806832,152410.953125,150383.7215840387,152410.953125,1096,0.0,0.0
2024-12-12 00:00:00+09:00,151397.31875190316,151950.20001332217,150383.70310596834,151305.171875,948,0.0,0.0
2024-12-13 00:00:00+09:00,151305.18444189604,151581.62509556575,150383.7155963303,150660.15625,1552,0.0,0.0
2024-12-16 00:00:00+09:00,151120.89067278287,151305.18444189604,149277.95298165138,150660.15625,900,0.0,0.0
2024-12-17 00:00:00+09:00,153516.7090625,157386.87819852942,153424.5621783088,156649.703125,2558,0.0,0.0
2024-12-18 00:00:00+09:00,156649.70303362573,158216.200063962,155820.38107638888,157571.171875,1698,0.0,0.0
2024-12-19 00:00:00+09:00,155083.20895034843,158676.9375,155083.20895034843,158676.9375,1031,0.0,0.0
2024-12-20 00:00:00+09:00,158676.93443877553,161164.90030976676,158031.90625,158031.90625,1606,0.0,0.0
2024-12-23 00:00:00+09:00,157755.47165991904,160612.0251771255,157755.47165991904,159321.96875,1093,0.0,0.0
2024-12-24 00:00:00+09:00,158953.38119939272,160519.87828947368,158953.38119939272,159321.96875,694,0.0,0.0
2024-12-25 00:00:00+09:00,160243.43439658894,161164.90325453368,159598.40619602764,160059.140625,1165,0.0,0.0
2024-12-26 00:00:00+09:00,160427.72171901588,162454.953125,159598.3997802042,162454.953125,1175,0.0,0.0
2024-12-27 00:00:00+09:00,164021.45321327684,164482.18763241524,161717.78111758473,163099.984375,953,0.0,0.0
2024-12-30 00:00:00+09:00,163745.00965549482,163745.00965549482,160151.28125,160151.28125,1743,0.0,0.0
2025-01-06 00:00:00+09:00,160519.86560352234,162270.65633054124,160519.86560352234,160888.453125,954,0.0,0.0
2025-01-07 00:00:00+09:00,162086.37795560417,164297.90329439583,161072.76217532466,163192.140625,1310,0.0,0.0
2025-01-08 00:00:00+09:00,163099.99380662513,164021.462698188,162639.25936084372,162731.40625,745,0.0,0.0
2025-01-09 00:00:00+09:00,162731.40646416333,162731.40646416333,160612.02801077956,161349.203125,758,0.0,0.0
2025-01-10 00:00:00+09:00,160243.43439658894,161441.3439119171,159690.55308182212,160059.140625,691,0.0,0.0
2025-01-14 00:00:00+09:00,159229.82820661637,160980.61914175857,158769.09375,158769.09375,755,0.0,0.0
2025-01-15 00:00:00+09:00,160612.021994082,160612.021994082,158216.20296261547,159598.40625,687,0.0,0.0
2025-01-16 00:00:00+09:00,159321.96564671397,159782.70007599884,158031.90924471628,159137.671875,558,0.0,0.0
2025-01-17 00:00:00+09:00,159229.81865284973,160059.140625,158216.20290911055,160059.140625,472,0.0,0.0
2025-01-20 00:00:00+09:00,160059.1344401042,160151.28132233798,158676.93120659722,159229.8125,870,0.0,0.0
2025-01-21 00:00:00+09:00,160243.43769032773,160888.46590414734,158861.234375,158861.234375,636,0.0,0.0
2025-01-22 00:00:00+09:00,158861.23121742907,160059.14073356977,158861.23121742907,159137.671875,534,0.0,0.0
2025-01-23 00:00:00+09:00,159414.11873555748,159506.265625,158216.20917280472,159506.265625,691,0.0,0.0
2025-01-24 00:00:00+09:00,159045.5155176117,162178.5094501718,159045.5155176117,160888.453125,652,0.0,0.0
2025-01-27 00:00:00+09:00,162639.25601702635,164850.78131130885,162454.9622425028,164390.046875,819,0.0,0.0
2025-01-28 00:00:00+09:00,164390.03433835847,166693.7063442211,164021.44681742045,165035.0625,927,0.0,0.0
2025-01-29 00:00:00+09:00,165035.07191696978,165864.39388640178,163652.8686345831,164666.484375,393,0.0,0.0
2025-01-30 00:00:00+09:00,164850.7845579955,164850.7845579955,162915.6998873874,163652.875,605,0.0,0.0
2025-01-31 00:00:00+09:00,163284.2719604214,163560.71260143793,161441.33435364463,161809.921875,1591,0.0,0.0
2025-02-03 00:00:00+09:00,163837.16316613278,163837.16316613278,157571.17492355852,158216.203125,1700,0.0,0.0
2025-02-04 00:00:00+09:00,159966.99702726217,159966.99702726217,157479.03105967227,158861.234375,1115,0.0,0.0
2025-02-05 00:00:00+09:00,157755.4594356261,158400.48759920636,156649.69686948854,156741.84375,804,0.0,0.0
2025-02-06 00:00:00+09:00,157755.47835689047,157847.62524845407,156465.421875,156465.421875,665,0.0,0.0
2025-02-07 00:00:00+09:00,157110.43135564946,157110.43135564946,155359.640625,155359.640625,541,0.0,0.0
2025-02-10 00:00:00+09:00,156649.71293387195,156649.71293387195,153977.453125,153977.453125,681,0.0,0.0
2025-02-12 00:00:00+09:00,154069.58745530393,155175.35004469607,154069.58745530393,154622.46875,423,0.0,0.0
2025-02-13 00:00:00+09:00,154991.0623891844,156834.0001108156,154622.47484485817,155912.53125,559,0.0,0.0
2025-02-14 00:00:00+09:00,156833.99675655976,158400.49378644314,156649.7029883382,158031.90625,819,0.0,0.0
2025-02-17 00:00:00+09:00,158308.34672190202,160427.72505403458,157663.31853386166,159874.84375,822,0.0,0.0
2025-02-18 00:00:00+09:00,160151.28756495382,160612.021994082,158953.37804922057,159598.40625,547,0.0,0.0
2025-02-19 00:00:00+09:00,160335.58133660507,161717.7846239896,159045.52493504618,159598.40625,442,0.0,0.0
2025-02-20 00:00:00+09:00,159598.4156087709,160059.15006491632,158676.9466964801,159690.5625,582,0.0,0.0
2025-02-21 00:00:00+09:00,159690.56266323273,159967.00333720256,158584.79996735347,158769.09375,514,0.0,0.0
2025-02-25 00:00:00+09:00,158769.0718174957,160704.1562679701,158400.48430311962,160243.421875,663,0.0,0.0
2025-02-26 00:00:00+09:00,160796.30624463057,160980.6000053694,159137.6623979811,160888.453125,800,0.0,0.0
2025-02-27 00:00:00+09:00,161257.0467862216,162178.515625,160335.57794744318,162178.515625,756,0.0,0.0
2025-02-28 00:00:00+09:00,161349.20957255748,162178.5316091954,160151.29996408045,160335.59375,759,0.0,0.0
2025-03-03 00:00:00+09:00,160151.28444725435,161072.75328757227,159321.9624909682,159414.109375,748,0.0,0.0
2025-03-04 00:00:00+09:00,159229.81578947368,160151.28463084795,157571.171875,157571.171875,965,0.0,0.0
2025-03-05 00:00:00+09:00,157663.3186682413,159137.6688135901,157202.58424781976,158492.640625,519,0.0,0.0
2025-03-06 00:00:00+09:00,159321.97509793963,159321.97509793963,158031.9186194138,158769.09375,427,0.0,0.0
2025-03-07 00:00:00+09:00,158492.6565249267,158492.6565249267,157110.453125,157110.453125,803,0.0,0.0
2025-03-10 00:00:00+09:00,157110.43127204585,158400.48759920636,156741.84375,156741.84375,404,0.0,0.0
2025-03-11 00:00:00+09:00,156741.85311398355,157847.61574618096,156465.4124559342,156834.0,725,0.0,0.0
2025-03-12 00:00:00+09:00,156649.6967606043,158769.07501089483,156649.6967606043,158584.78125,329,0.0,0.0
2025-03-13 00:00:00+09:00,158308.3499022872,160151.28761942676,158216.20301643023,159137.671875,702,0.0,0.0
2025-03-14 00:00:00+09:00,159598.4124423963,161441.35023041474,159506.2655529954,159967.0,915,0.0,0.0
2025-03-17 00:00:00+09:00,160612.0093893761,160888.45002515815,159690.5406034359,160243.421875,462,0.0,0.0
2025-03-18 00:00:00+09:00,160612.0310100256,161994.234375,160612.0310100256,161994.234375,444,0.0,0.0
2025-03-19 00:00:00+09:00,161625.6470524957,161717.79394363167,160519.88435886404,160612.03125,537,0.0,0.0
2025-03-21 00:00:00+09:00,160796.31576573325,161441.3439665127,159506.25936417436,159598.40625,1215,0.0,0.0
2025-03-24 00:00:00+09:00,160335.57494279178,161809.92505720825,160059.13429633869,161072.75,1097,0.0,0.0
2025-03-25 00:00:00+09:00,161072.75626073268,161994.22511805952,160888.46248926732,160980.609375,457,0.0,0.0
2025-03-26 00:00:00+09:00,160980.60921538025,162362.8125,159966.99347332577,162362.8125,516,0.0,0.0
2025-03-27 00:00:00+09:00,161809.93108069975,163284.28125,161533.49042395598,163284.28125,498,0.0,0.0
2025-03-28 00:00:00+09:00,163099.98137122075,163099.98137122075,161072.74996434685,161533.484375,863,0.0,0.0
2025-03-31 00:00:00+09:00,161441.33454386983,161441.33454386983,158584.78125,158584.78125,948,0.0,0.0
2025-04-01 00:00:00+09:00,159229.8094131319,160335.57197850087,158124.04684776292,158584.78125,879,0.0,0.0
2025-04-02 00:00:00+09:00,159414.10633731083,159690.54698413852,157479.02180951688,158308.34375,856,0.0,0.0
2025-04-03 00:00:00+09:00,158308.34995644598,158676.9375,156096.82469512193,158676.9375,1325,0.0,0.0
2025-04-04 00:00:00+09:00,157939.76549811484,159229.82192575405,157110.4435089182,158861.234375,994,0.0,0.0
2025-04-07 00:00:00+09:00,152963.83419205496,157294.7379312276,152595.24663978495,154253.890625,2166,0.0,0.0
2025-04-08 00:00:00+09:00,157571.17476183604,160704.16887990764,156465.4121319284,159598.40625,2509,0.0,0.0
2025-04-09 00:00:00+09:00,158584.79371193444,159782.70325188513,157202.5903966067,158861.234375,1114,0.0,0.0
2025-04-10 00:00:00+09:00,159598.41842857143,162362.82521428572,158953.39017857143,161257.0625,1117,0.0,0.0
2025-04-11 00:00:00+09:00,159598.41842857143,161257.0625,159598.41842857143,161257.0625,1130,0.0,0.0
2025-04-14 00:00:00+09:00,162362.82521428572,162915.70657142857,160704.18114285715,161257.0625,739,0.0,0.0
2025-04-15 00:00:00+09:00,161349.1969718714,161625.63762916188,159874.84679965556,160519.875,1013,0.0,0.0
2025-04-16 00:00:00+09:00,161441.35001427756,161533.4969035551,160151.29356439176,161349.203125,605,0.0,0.0
2025-04-17 00:00:00+09:00,161349.1968109704,161902.078125,160888.4623826124,161902.078125,552,0.0,0.0
2025-04-18 00:00:00+09:00,161257.04376430207,162178.51258581236,160980.60311784898,161072.75,452,0.0,0.0
2025-04-21 00:00:00+09:00,161257.0499252988,161902.078125,160704.1686112692,161902.078125,478,0.0,0.0
2025-04-22 00:00:00+09:00,161902.07807179342,162731.40004256528,161349.19675794552,162362.8125,452,0.0,0.0
2025-04-23 00:00:00+09:00,163007.85346428573,163007.85346428573,161257.0625,161257.0625,422,0.0,0.0
2025-04-24 00:00:00+09:00,161441.34402142445,161441.34402142445,159137.671875,159137.671875,932,0.0,0.0
2025-04-25 00:00:00+09:00,160796.3125,161257.04691977077,159414.10924068769,160796.3125,976,0.0,0.0
2025-04-28 00:00:00+09:00,159816.4891112419,162289.8395379635,159816.4891112419,161623.9375,1138,5470.0,0.0
2025-04-30 00:00:00+09:00,161909.31209415584,161909.31209415584,159911.60612824676,161148.28125,1245,0.0,0.0
2025-05-01 00:00:00+09:00,161148.28245052387,163431.375,160482.38045692668,163431.375,919,0.0,0.0
2025-05-02 00:00:00+09:00,163431.37598892406,165809.59740901898,163336.24713212025,165333.953125,1504,0.0,0.0
2025-05-07 00:00:00+09:00,165333.95351875716,167141.40180233392,164572.92266251432,166094.984375,1380,0.0,0.0
2025-05-08 00:00:00+09:00,165238.828125,166475.50329231433,164763.1838298791,165238.828125,752,0.0,0.0
2025-05-09 00:00:00+09:00,165238.83252288328,166951.15203089244,164668.0593535469,166285.25,764,0.0,0.0
2025-05-12 00:00:00+09:00,166665.76999432786,167712.1875,166380.3834018718,167712.1875,533,0.0,0.0
2025-05-13 00:00:00+09:00,166856.02635759677,166856.02635759677,164668.0625,164668.0625,687,0.0,0.0
2025-05-14 00:00:00+09:00,164668.05534563036,165999.859375,164192.41104942694,165999.859375,476,0.0,0.0
2025-05-15 00:00:00+09:00,166951.15148869526,166951.15148869526,164763.18768001153,165143.703125,652,0.0,0.0
2025-05-16 00:00:00+09:00,164763.1805714286,166475.5,164668.0517142857,166475.5,558,0.0,0.0
2025-05-19 00:00:00+09:00,165143.69521337948,165809.5972102076,164192.40664648212,164953.4375,461,0.0,0.0
2025-05-20 00:00:00+09:00,164953.4452222864,165333.96066685914,164097.2854719977,164763.1875,441,0.0,0.0
2025-05-21 00:00:00+09:00,165048.57778119572,165048.57778119572,164097.2891484511,164287.546875,350,0.0,0.0
2025-05-22 00:00:00+09:00,164287.5426507994,164858.31581577036,163621.640625,163621.640625,369,0.0,0.0
2025-05-23 00:00:00+09:00,165143.6986956522,165143.6986956522,163336.2503804348,164097.28125,395,0.0,0.0
2025-05-26 00:00:00+09:00,164668.05827653714,164858.31599840487,163716.7696671984,164002.15625,320,0.0,0.0
2025-05-27 00:00:00+09:00,164572.93031465024,165904.734375,164382.67259174312,165904.734375,336,0.0,0.0
2025-05-28 00:00:00+09:00,165904.73490888384,167046.28125,165619.3483236048,167046.28125,381,0.0,0.0
2025-05-29 00:00:00+09:00,166190.1122356605,167141.40080026072,163145.98882893973,164192.40625,2437,0.0,0.0
2025-05-30 00:00:00+09:00,164192.41067573402,165333.95698402417,163621.63752158894,165238.828125,905,0.0,0.0
2025-06-02 00:00:00+09:00,165999.86675972622,165999.86675972622,164477.80494416427,165048.578125,492,0.0,0.0
2025-06-03 00:00:00+09:00,164572.92266251432,166094.984375,164097.27837736253,166094.984375,404,0.0,0.0
2025-06-04 00:00:00+09:00,165048.56635668973,165999.8549235871,164953.4375,164953.4375,227,0.0,0.0
2025-06-05 00:00:00+09:00,165048.574621918,165904.734375,164287.54373028956,165904.734375,514,0.0,0.0
2025-06-06 00:00:00+09:00,165999.859375,166760.8902489255,165619.34393803726,165999.859375,403,0.0,0.0
2025-06-09 00:00:00+09:00,167046.2796148256,167046.2796148256,163621.640625,163621.640625,858,0.0,0.0
2025-06-10 00:00:00+09:00,163716.7698477286,164858.31618019385,163716.7698477286,164382.671875,377,0.0,0.0
2025-06-11 00:00:00+09:00,165143.69580469644,166665.75751718212,164287.53609142324,166094.984375,648,0.0,0.0
2025-06-12 00:00:00+09:00,166285.2543703809,167331.671875,165524.22345793064,167331.671875,725,0.0,0.0
2025-06-13 00:00:00+09:00,167426.78954802259,169234.23784427965,166665.75868644068,168378.078125,1497,0.0,0.0
2025-06-16 00:00:00+09:00,168948.85127118643,171231.9438559322,167331.66069032485,168378.078125,837,0.0,0.0
2025-06-17 00:00:00+09:00,167141.41081757902,169139.11692296842,166570.63764461063,168568.34375,571,0.0,0.0
2025-06-18 00:00:00+09:00,169043.988060807,169329.3746472912,167902.44171487022,168568.34375,359,0.0,0.0
2025-06-19 00:00:00+09:00,167712.18051656373,169424.5,167617.05165637282,169424.5,373,0.0,0.0
2025-06-20 00:00:00+09:00,168853.72375556172,171041.6875,168092.69288793104,171041.6875,2118,0.0,0.0
2025-06-23 00:00:00+09:00,170090.40659799555,171136.82408825168,169329.3756959911,170851.4375,538,0.0,0.0
2025-06-24 00:00:00+09:00,170851.43290286357,171136.81948343627,169424.5,169424.5,407,0.0,0.0
2025-06-25 00:00:00+09:00,169709.8904494382,170470.92134831462,169329.375,169329.375,752,0.0,0.0
2025-06-26 00:00:00+09:00,169805.02335424846,169995.2810834969,168473.21924950925,169614.765625,790,0.0,0.0
2025-06-27 00:00:00+09:00,169805.01948745796,169995.27721237388,169139.11745025223,169709.890625,440,0.0,0.0
2025-06-30 00:00:00+09:00,169900.1518838028,170375.7962059859,168853.734375,168853.734375,813,0.0,0.0
2025-07-01 00:00:00+09:00,168948.85068259385,169709.88154152446,167236.53125,167236.53125,565,0.0,0.0
2025-07-02 00:00:00+09:00,167236.54351355167,168473.21875,167046.2857848673,168473.21875,410,0.0,0.0
2025-07-03 00:00:00+09:00,168948.8627339762,169614.76478304027,166094.99680941578,167712.1875,1006,0.0,0.0
2025-07-04 00:00:00+09:00,168948.85146561443,169614.75347026493,168282.94946096392,168758.59375,665,0.0,0.0
2025-07-07 00:00:00+09:00,169709.88713050753,170851.4334564975,169234.24282801172,170566.046875,409,0.0,0.0
2025-07-08 00:00:00+09:00,169709.88271604938,170946.55787037036,169519.625,169519.625,494,0.0,0.0
2025-07-09 00:00:00+09:00,169709.8682019978,172088.0894492231,169709.8682019978,171422.1875,715,0.0,0.0
2025-07-10 00:00:00+09:00,171231.949081803,171707.59338480802,170946.5625,170946.5625,495,0.0,0.0
2025-07-11 00:00:00+09:00,171231.93002491695,172944.2493251661,171231.93002491695,171802.703125,519,0.0,0.0
2025-07-14 00:00:00+09:00,172468.6132295116,173039.38635658112,171802.71124793045,172373.484375,457,0.0,0.0
2025-07-15 00:00:00+09:00,172278.35188497524,173610.15582003302,172183.2230324711,172849.125,535,0.0,0.0
2025-07-16 00:00:00+09:00,173134.51987547893,174466.32387452107,173134.51987547893,173800.421875,479,0.0,0.0
2025-07-17 00:00:00+09:00,174561.44947350543,175037.09375,173324.77435461956,175037.09375,475,0.0,0.0
2025-07-18 00:00:00+09:00,175132.21896172088,176273.76520155827,173705.28616192413,175512.734375,736,0.0,0.0
2025-07-22 00:00:00+09:00,175512.7296362705,175512.7296362705,173324.76606898906,174085.796875,452,0.0,0.0
2025-07-23 00:00:00+09:00,174085.80051369863,175227.34674657532,173610.15625,173610.15625,490,0.0,0.0
2025-07-24 00:00:00+09:00,173800.41395547945,174561.44477739726,172563.738869863,173610.15625,481,0.0,0.0
2025-07-25 00:00:00+09:00,173610.1528421483,174941.95675436204,173229.63743865865,174466.3125,443,0.0,0.0
2025-07-28 00:00:00+09:00,174085.80051369863,174941.96018835614,172563.738869863,173610.15625,457,0.0,0.0
2025-07-29 00:00:00+09:00,173705.28616192413,175512.734375,173610.15730860434,175512.734375,481,0.0,0.0
2025-07-30 00:00:00+09:00,175512.73923685623,178842.24919527897,175512.73923685623,177320.1875,1099,0.0,0.0
2025-07-31 00:00:00+09:00,177510.43836344316,180459.43278427204,177320.18065887355,179032.5,1022,0.0,0.0
2025-08-01 00:00:00+09:00,180364.30393198723,180364.30393198723,178461.72688629117,179032.5,732,0.0,0.0
2025-08-04 00:00:00+09:00,178747.11831766175,180839.953125,178366.6028981457,180839.953125,524,0.0,0.0
2025-08-05 00:00:00+09:00,180364.30885060495,181791.24167379012,180269.17999572595,180839.953125,442,0.0,0.0
2025-08-06 00:00:00+09:00,181220.46574206557,183979.2024908949,180839.95032843392,182837.65625,683,0.0,0.0
2025-08-07 00:00:00+09:00,184264.58539017904,184454.84309321485,182457.13721133888,183313.296875,668,0.0,0.0
2025-08-08 00:00:00+09:00,183313.30417807773,183884.07730992435,182171.75791438445,182362.015625,390,0.0,0.0
2025-08-12 00:00:00+09:00,181220.4621416061,183408.42572651792,181220.4621416061,183313.296875,425,0.0,0.0
2025-08-13 00:00:00+09:00,182932.78080939947,183313.29621409922,182171.75,182171.75,397,0.0,0.0
2025-08-14 00:00:00+09:00,182362.01603084416,184549.9797077922,182266.88717532466,183123.046875,345,0.0,0.0
2025-08-15 00:00:00+09:00,183123.0387327384,183788.94069176656,182076.62136855134,182552.265625,311,0.0,0.0
2025-08-18 00:00:00+09:00,182552.26968977627,183884.073637487,182457.14083636837,182837.65625,263,0.0,0.0
2025-08-19 00:00:00+09:00,183979.21199194784,186072.046875,183123.05226706289,186072.046875,334,0.0,0.0
2025-08-20 00:00:00+09:00,186072.04725687372,187118.46470054734,185406.14524726322,186833.078125,381,0.0,0.0
2025-08-21 00:00:00+09:00,186833.0769652062,187308.7212548325,184549.984375,184549.984375,338,0.0,0.0
2025-08-22 00:00:00+09:00,184930.50114329267,187784.36690167684,184930.50114329267,187213.59375,544,0.0,0.0
2025-08-25 00:00:00+09:00,187213.59469315896,189211.30073409204,186452.56382042254,189116.171875,621,0.0,0.0
2025-08-26 00:00:00+09:00,189116.16662417134,189116.16662417134,186547.6875,186547.6875,467,0.0,0.0
2025-08-27 00:00:00+09:00,187879.49651902722,188925.91396799395,187023.33678805444,188735.65625,543,0.0,0.0
2025-08-28 00:00:00+09:00,189116.1633421986,189116.1633421986,186928.19968180094,187784.359375,505,0.0,0.0
2025-08-29 00:00:00+09:00,188069.7503935768,191209.00267632242,187974.62153652392,188830.78125,1248,0.0,0.0
2025-09-01 00:00:00+09:00,189021.0403238326,191494.390625,189021.0403238326,191494.390625,535,0.0,0.0
2025-09-02 00:00:00+09:00,191494.39373277806,192350.5534663076,189877.203125,189877.203125,459,0.0,0.0
2025-09-03 00:00:00+09:00,189591.80394138454,189782.06164729662,188260.0,188260.0,546,0.0,0.0
2025-09-04 00:00:00+09:00,188260.0036489995,188545.3902133992,186737.94197220114,187784.359375,690,0.0,0.0
2025-09-05 00:00:00+09:00,187023.33584203155,187689.23785164204,185976.91839835793,186833.078125,784,0.0,0.0
2025-09-08 00:00:00+09:00,186167.17630525914,188640.52662919209,186167.17630525914,187213.59375,448,0.0,0.0
2025-09-09 00:00:00+09:00,187213.58665489405,188640.51948000758,186928.20008987133,188545.390625,439,0.0,0.0
2025-09-10 00:00:00+09:00,187403.84800202327,188545.3942842691,186547.6882903389,188069.75,406,0.0,0.0
2025-09-11 00:00:00+09:00,188069.75019718576,189306.425337582,187594.10591241796,188450.265625,359,0.0,0.0
2025-09-12 00:00:00+09:00,188545.39928125,190257.71875,188164.88384375,190257.71875,717,0.0,0.0
2025-09-16 00:00:00+09:00,191494.39411021708,191494.39411021708,189116.172623503,190638.234375,550,0.0,0.0
2025-09-17 00:00:00+09:00,191209.00385764064,191304.13271528124,189306.42670482828,191113.875,369,0.0,0.0
2025-09-18 00:00:00+09:00,191113.87904603628,192445.6830812003,190257.71930914512,191399.265625,410,0.0,0.0
2025-09-19 00:00:00+09:00,191399.2621536368,193872.61245979712,190733.3601481321,192255.421875,998,0.0,0.0
2025-09-22 00:00:00+09:00,191970.0343265867,192826.1940436032,190352.84375,190352.84375,556,0.0,0.0
2025-09-24 00:00:00+09:00,191113.8670823991,191208.99593609865,189972.3208380045,190923.609375,341,0.0,0.0
2025-09-25 00:00:00+09:00,190543.09416956737,192255.41353804077,190447.96531576331,191304.125,493,0.0,0.0
2025-09-26 00:00:00+09:00,192540.80135135134,193587.21875,191494.38395270272,193587.21875,484,0.0,0.0
2025-09-29 00:00:00+09:00,194253.1276958354,194348.25655366882,191874.90625,191874.90625,829,0.0,0.0
2025-09-30 00:00:00+09:00,194443.38808490112,198629.0578871201,192826.1974794983,197202.125,1186,0.0,0.0
2025-10-01 00:00:00+09:00,198343.66878247156,198343.66878247156,191018.74672191983,192255.421875,780,0.0,0.0
2025-10-02 00:00:00+09:00,192635.9353309566,192635.9353309566,187974.6213402322,188450.265625,1440,0.0,0.0
2025-10-03 00:00:00+09:00,188069.746554003,189021.03510511076,187023.32914778448,188925.90625,718,0.0,0.0
2025-10-06 00:00:00+09:00,189116.1617756315,192826.1870820951,189021.03292161963,192065.15625,449,0.0,0.0
2025-10-07 00:00:00+09:00,192160.2966889881,192826.19870721726,191684.65239025297,191779.78125,244,0.0,0.0
2025-10-08 00:00:00+09:00,191779.7727272727,192731.06128246753,190447.96875,190447.96875,307,0.0,0.0
2025-10-09 00:00:00+09:00,190543.1018541563,191589.5192882031,189686.94213539074,191113.875,399,0.0,0.0
2025-10-10 00:00:00+09:00,191589.52259205913,191684.65145134018,189782.07426571895,189877.203125,455,0.0,0.0
2025-10-14 00:00:00+09:00,187784.35761476427,200721.8817462779,187403.8421991315,191684.640625,883,0.0,0.0
2025-10-15 00:00:00+09:00,191209.00443777832,193301.83931222168,191209.00443777832,192255.421875,347,0.0,0.0
2025-10-16 00:00:00+09:00,192350.5438480873,194633.63635666994,191779.77072094163,193967.734375,424,0.0,0.0
2025-10-17 00:00:00+09:00,193967.7457707923,193967.7457707923,192635.94172920767,193301.84375,267,0.0,0.0
2025-10-20 00:00:00+09:00,194348.2542530488,195014.15625,193111.57911585367,195014.15625,338,0.0,0.0
2025-10-21 00:00:00+09:00,194253.1329042319,195870.32353076077,193967.74632307974,194443.390625,531,0.0,0.0
2025-10-22 00:00:00+09:00,195014.1597256247,196345.9637432631,194062.87114159725,194158.0,792,0.0,0.0
2025-10-23 00:00:00+09:00,194823.90661478598,197202.12813107975,193492.10256566148,195584.9375,601,0.0,0.0
2025-10-24 00:00:00+09:00,195775.18323378838,196726.47178205755,195109.28125,195109.28125,551,0.0,0.0
2025-10-27 00:00:00+09:00,195965.45366795367,198533.93291505793,195204.42277992278,197107.0,660,0.0,0.0
2025-10-28 00:00:00+09:00,197772.8902175881,198629.04991549975,195014.15341320616,197011.859375,1330,0.0,0.0
2025-10-29 00:00:00+09:00,198629.05654034228,198724.18539883863,194253.129049511,194538.515625,827,0.0,0.0
2025-10-30 00:00:00+09:00,193004.0245919244,198752.25147275405,192516.88672066765,198459.96875,1753,4825.0,0.0
2025-10-31 00:00:00+09:00,198459.97042603808,199434.24617677953,196706.27407470343,197095.984375,1101,0.0,0.0
2025-11-04 00:00:00+09:00,196024.286491638,198947.11382501232,194952.5831360674,198070.265625,783,0.0,0.0
2025-11-05 00:00:00+09:00,198557.40076429982,198557.40076429982,194855.15285996057,197583.125,465,0.0,0.0
2025-11-06 00:00:00+09:00,198752.2628992629,199141.9732186732,197095.99404176904,198265.125,612,0.0,0.0
2025-11-07 00:00:00+09:00,198265.11527588978,198849.68072633466,197095.984375,197095.984375,515,0.0,0.0
2025-11-10 00:00:00+09:00,197095.982901962,198265.11379411403,196413.98988153998,197388.265625,580,0.0,0.0
2025-11-11 00:00:00+09:00,197777.97426470587,198752.25,197193.4088235294,198752.25,565,0.0,0.0
2025-11-12 00:00:00+09:00,198167.68730134473,200993.0869727995,198167.68730134473,199239.390625,433,0.0,0.0
2025-11-13 00:00:00+09:00,199239.390625,199531.67334963326,197388.26670232273,199239.390625,396,0.0,0.0
2025-11-14 00:00:00+09:00,198947.11507839293,199629.10812714355,197777.98413767762,198849.6875,359,0.0,0.0
2025-11-17 00:00:00+09:00,199726.53671116504,200700.8125,198265.12302791263,200700.8125,398,0.0,0.0
2025-11-18 00:00:00+09:00,200993.09017504932,200993.09017504932,197583.125,197583.125,525,0.0,0.0
2025-11-19 00:00:00+09:00,197583.1294576523,198167.6949294205,195634.57788509162,196706.28125,435,0.0,0.0
2025-11-20 00:00:00+09:00,196511.41998500246,199531.6748285994,196511.41998500246,198947.109375,383,0.0,0.0
2025-11-21 00:00:00+09:00,198265.1148762225,199921.38364914426,197777.97700183373,199239.390625,423,0.0,0.0
2025-11-25 00:00:00+09:00,199239.3990589922,200603.3851650195,197972.8405319668,199629.109375,505,0.0,0.0
2025-11-26 00:00:00+09:00,198167.69252178122,201480.23015488868,198167.69252178122,201285.375,617,0.0,0.0
2025-11-27 00:00:00+09:00,201675.08360877403,202649.359375,200700.8078425481,202649.359375,491,0.0,0.0
2025-11-28 00:00:00+09:00,203428.7799879808,204305.62817758415,202551.93179837742,202649.359375,686,0.0,0.0
2025-12-01 00:00:00+09:00,202162.2226080247,202454.50533950617,197290.84375,197290.84375,587,0.0,0.0
2025-12-02 00:00:00+09:00,197388.26837149187,199044.5371584195,196511.42019017725,197875.40625,696,0.0,0.0
2025-12-03 00:00:00+09:00,196803.70564219056,198362.546875,196316.5677569376,198362.546875,414,0.0,0.0
2025-12-04 00:00:00+09:00,200116.2452293635,200116.2452293635,195926.859375,195926.859375,380,0.0,0.0
2025-12-05 00:00:00+09:00,197193.41557459676,197193.41557459676,193296.3125,193296.3125,446,0.0,0.0
2025-12-08 00:00:00+09:00,193296.3137550201,194465.44468498995,192614.32071253765,194075.734375,540,0.0,0.0
2025-12-09 00:00:00+09:00,192711.7411698397,194465.4375,191834.89300475953,194465.4375,608,0.0,0.0
2025-12-10 00:00:00+09:00,194855.1490768463,196024.27997130738,193880.8733314621,195244.859375,466,0.0,0.0
2025-12-11 00:00:00+09:00,195634.56838677355,197290.83714303607,194465.4375,194465.4375,458,0.0,0.0
2025-12-12 00:00:00+09:00,194562.87158950616,197777.98163580248,194562.87158950616,197290.84375,1133,0.0,0.0
2025-12-15 00:00:00+09:00,195829.42462779157,196803.70037220843,195147.43160669977,196316.5625,608,0.0,0.0
2025-12-16 00:00:00+09:00,194270.5807058458,196901.12517879353,194075.7255597015,195829.421875,698,0.0,0.0
2025-12-17 00:00:00+09:00,196901.13640725607,197290.8467217682,194368.0193629272,196706.28125,500,0.0,0.0
2025-12-18 00:00:00+09:00,197290.84696370768,198654.8330661728,195634.578125,195634.578125,698,0.0,0.0
2025-12-19 00:00:00+09:00,198362.54497986916,199921.3861977856,193588.59375,193588.59375,1895,0.0,0.0
2025-12-22 00:00:00+09:00,195829.4280007549,198070.26225150982,191250.3319231253,193588.59375,1494,0.0,0.0
2025-12-23 00:00:00+09:00,193491.16176102206,194952.57536948897,193393.73418712427,194465.4375,779,0.0,0.0
2025-12-24 00:00:00+09:00,194270.58615408416,196803.703125,193783.44827506188,196803.703125,690,0.0,0.0
2025-12-25 00:00:00+09:00,196024.286491638,198654.83109167486,196024.286491638,198070.265625,1070,0.0,0.0
2025-12-26 00:00:00+09:00,197875.40497559318,198557.39800111222,195731.99832396195,197095.984375,973,0.0,0.0
2025-12-29 00:00:00+09:00,198167.69767477768,198167.69767477768,195829.43575531128,197193.421875,671,0.0,0.0
2025-12-30 00:00:00+09:00,196998.55975768468,198752.25613534954,196511.421875,196511.421875,782,0.0,0.0
2026-01-05 00:00:00+09:00,196803.71007030093,198362.5513381845,195732.00669863098,197485.703125,835,0.0,0.0
2026-01-06 00:00:00+09:00,197290.85017039924,200116.25,196024.29162609542,200116.25,690,0.0,0.0
2026-01-07 00:00:00+09:00,199239.39833993756,202844.21875,199239.39833993756,202844.21875,649,0.0,0.0
2026-01-08 00:00:00+09:00,202454.49871678744,203136.49173460144,200895.65753321256,201675.078125,671,0.0,0.0
2026-01-09 00:00:00+09:00,202844.21029836382,203526.20332050047,201675.07940327236,202454.5,585,0.0,0.0
2026-01-13 00:00:00+09:00,204305.63343348406,204987.62648738697,202162.22669264636,204695.34375,801,0.0,0.0
2026-01-14 00:00:00+09:00,204695.3353004292,205279.90075107297,204110.7698497854,204305.625,756,0.0,0.0
2026-01-15 00:00:00+09:00,204695.3336318688,206156.74724656562,204305.6233346163,205669.609375,643,0.0,0.0
2026-01-16 00:00:00+09:00,206546.46972884526,208397.59375,206059.33182854138,208397.59375,691,0.0,0.0
2026-01-19 00:00:00+09:00,208787.2975414692,209371.86300355452,205474.7599229858,205572.1875,620,0.0,0.0
2026-01-20 00:00:00+09:00,206546.46601654848,207520.7417996454,205767.04539007094,206059.328125,940,0.0,0.0
2026-01-21 00:00:00+09:00,206059.3273381295,206936.17553956833,202941.6448441247,203136.5,1173,0.0,0.0
2026-01-22 00:00:00+09:00,203818.4942964644,205279.90797449832,203136.50124671523,203915.921875,649,0.0,0.0
2026-01-23 00:00:00+09:00,205182.47593066125,205377.3310834919,202746.78652027829,204792.765625,583,0.0,0.0
2026-01-26 00:00:00+09:00,203721.06102256448,204987.61950811843,202162.21980957498,204013.34375,687,0.0,0.0
2026-01-27 00:00:00+09:00,203039.0694643711,205474.75887733142,201869.93854615017,203721.0625,470,0.0,0.0
2026-01-28 00:00:00+09:00,203136.49244285884,205669.609375,202357.07184835387,205669.609375,703,0.0,0.0
2026-01-29 00:00:00+09:00,205572.19295400943,206546.46875,202551.9379864387,206546.46875,919,0.0,0.0
2026-01-30 00:00:00+09:00,205669.61381273787,207228.45503538297,204792.765625,204792.765625,715,0.0,0.0
2026-02-02 00:00:00+09:00,204208.193378119,204987.61396353168,202649.35220729368,203039.0625,863,0.0,0.0
2026-02-03 00:00:00+09:00,203039.06778503564,205572.18475356296,202551.92990647268,205085.046875,615,0.0,0.0
2026-02-04 00:00:00+09:00,204305.62401980715,223011.71835066218,203526.20342268818,209664.140625,1581,0.0,0.0
2026-02-05 00:00:00+09:00,209761.57008844617,209858.99766396332,206741.3152474142,207228.453125,1154,0.0,0.0
2026-02-06 00:00:00+09:00,205279.89779481693,207033.5941214931,204890.1875,204890.1875,543,0.0,0.0
2026-02-09 00:00:00+09:00,206838.74429878767,208884.72339924672,206351.606417726,206936.171875,594,0.0,0.0
2026-02-10 00:00:00+09:00,208007.875,208495.01288056205,206741.31651053863,208007.875,505,0.0,0.0
2026-02-12 00:00:00+09:00,206059.32788981654,208007.87945378645,205864.47273341956,207131.03125,482,0.0,0.0
2026-02-13 00:00:00+09:00,206254.17971003606,206936.17274639424,202357.0766451322,202649.359375,599,0.0,0.0
2026-02-16 00:00:00+09:00,204695.34350585938,205767.046875,203818.49529474432,205767.046875,607,0.0,0.0
2026-02-17 00:00:00+09:00,205767.03842504745,205767.03842504745,203428.7766247628,205377.328125,384,0.0,0.0
2026-02-18 00:00:00+09:00,204597.90605755567,205864.46452362626,203428.7751657982,205669.609375,376,0.0,0.0
2026-02-19 00:00:00+09:00,205377.33234597158,205572.1875,202844.2153436019,205572.1875,326,0.0,0.0
2026-02-20 00:00:00+09:00,205669.61781176124,206059.328125,204987.6247635934,206059.328125,349,0.0,0.0
2026-02-24 00:00:00+09:00,206059.3178326896,208982.14503599016,205474.75239202948,208105.296875,789,0.0,0.0
2026-02-25 00:00:00+09:00,209274.42739226134,210248.703125,208007.86893970112,210248.703125,583,0.0,0.0
2026-02-26 00:00:00+09:00,209664.14781191808,210638.42359171325,208787.29961010243,209274.4375,463,0.0,0.0
2026-02-27 00:00:00+09:00,208787.2917530199,209079.57447595926,205669.609375,205669.609375,511,0.0,0.0
2026-03-02 00:00:00+09:00,204792.76666371996,207033.60093263793,204208.2012022631,206643.890625,625,0.0,0.0
2026-03-03 00:00:00+09:00,207228.45803763118,207228.45803763118,204208.203125,204208.203125,562,0.0,0.0
2026-03-04 00:00:00+09:00,202649.35662650602,205085.04600903613,200311.0948192771,202162.21875,1120,0.0,0.0
2026-03-05 00:00:00+09:00,204500.47739155113,206741.31158879062,203233.91893224185,203818.484375,874,0.0,0.0
2026-03-06 00:00:00+09:00,201869.94171890066,206449.03788723482,201382.80382865237,202064.796875,505,0.0,0.0
2026-03-09 00:00:00+09:00,199726.53082770272,204695.3372043919,198070.262035473,201869.9375,864,0.0,0.0
2026-03-10 00:00:00+09:00,201675.07665520982,203428.77297395078,201090.51121562952,201967.359375,493,0.0,0.0
2026-03-11 00:00:00+09:00,201967.36339735138,204500.48035264862,201285.37037092523,203233.921875,284,0.0,0.0
2026-03-12 00:00:00+09:00,201285.37921602998,201869.94469294004,200213.67584169487,201480.234375,415,0.0,0.0
2026-03-13 00:00:00+09:00,199726.53251032557,202551.9322385204,199531.67735665696,200505.953125,1070,0.0,0.0
2026-03-16 00:00:00+09:00,200505.95955618113,203623.64211487782,200116.24923634404,203331.359375,481,0.0,0.0
2026-03-17 00:00:00+09:00,204597.90792785236,204792.76307825983,202259.64612296261,203233.921875,622,0.0,0.0
2026-03-18 00:00:00+09:00,204695.33235259153,205669.60808963387,203039.0635996196,204890.1875,262,0.0,0.0
2026-03-19 00:00:00+09:00,204890.18985475352,207520.734375,201382.79716109156,207520.734375,1133,0.0,0.0
2026-03-23 00:00:00+09:00,204305.6288470933,204305.6288470933,198849.6845383488,199434.25,1298,0.0,0.0
2026-03-24 00:00:00+09:00,201480.23612463486,202844.22224926972,199921.39483933788,200116.25,662,0.0,0.0
2026-03-25 00:00:00+09:00,203136.498518319,203428.78125,200993.0918193247,203428.78125,455,0.0,0.0
2026-03-26 00:00:00+09:00,202844.2179733187,202844.2179733187,199336.82515533626,199921.390625,607,0.0,0.0
2026-03-27 00:00:00+09:00,198947.11805896804,199726.5386977887,196901.13888206388,198265.125,825,0.0,0.0
2026-03-30 00:00:00+09:00,194855.15798086606,195147.44071783737,190373.48934730614,193491.171875,944,0.0,0.0
2026-03-31 00:00:00+09:00,193783.4566149286,193978.3117749235,191055.484375,191055.484375,713,0.0,0.0
2026-04-01 00:00:00+09:00,192322.03651315792,194660.29835526316,192127.18135964914,194368.015625,650,0.0,0.0
2026-04-02 00:00:00+09:00,194368.01030585106,196121.7066394377,191834.89337955927,192322.03125,539,0.0,0.0
2026-04-03 00:00:00+09:00,192322.04068602904,194562.875,192029.75794942415,194562.875,308,0.0,0.0
2026-04-06 00:00:00+09:00,194562.87305267062,196998.5625,193978.3075853116,196998.5625,460,0.0,0.0
2026-04-07 00:00:00+09:00,196998.5540448464,197875.40220825074,196511.4161762884,196608.84375,547,0.0,0.0
2026-04-08 00:00:00+09:00,197583.132657385,201187.953125,197388.27749697337,201187.953125,584,0.0,0.0
2026-04-09 00:00:00+09:00,199823.9620250246,201090.52053615346,197583.12773610427,198070.265625,494,0.0,0.0
2026-04-10 00:00:00+09:00,201187.94382385525,201187.94382385525,196511.42019017725,197875.40625,591,0.0,0.0
2026-04-13 00:00:00+09:00,198947.11085397255,198947.11085397255,197193.41448013732,198654.828125,405,0.0,0.0
2026-04-14 00:00:00+09:00,198849.6845383488,199823.96030776747,198070.26392281387,199434.25,528,0.0,0.0
2026-04-15 00:00:00+09:00,199434.25470985446,199921.39260606808,197485.703125,197485.703125,422,0.0,0.0
2026-04-16 00:00:00+09:00,197485.69172776,197875.40202224,195731.9954025998,197680.546875,660,0.0,0.0
2026-04-17 00:00:00+09:00,197095.98585241337,197095.98585241337,195439.71706373763,196803.703125,484,0.0,0.0
2026-04-20 00:00:00+09:00,196316.56945474778,197095.9900778932,195537.1488316024,196998.5625,386,0.0,0.0
2026-04-21 00:00:00+09:00,197095.99305555556,197777.9861111111,196024.28968253967,196414.0,441,0.0,0.0
2026-04-22 00:00:00+09:00,197485.6921010837,197485.6921010837,195050.00275597908,195537.140625,542,0.0,0.0
2026-04-23 00:00:00+09:00,195537.14484818318,196901.13091090095,194465.44151319063,195732.0,701,0.0,0.0
2026-04-24 00:00:00+09:00,195537.14632664507,196316.56693980558,195050.00844341973,195439.71875,560,0.0,0.0
2026-04-27 00:00:00+09:00,195829.43452380953,197095.99305555556,195537.1517857143,196414.0,681,0.0,0.0
2026-04-28 00:00:00+09:00,196000.0,196700.0,193300.0,193400.0,1325,5186.0,0.0
2026-04-30 00:00:00+09:00,194800.0,194800.0,193000.0,194200.0,839,0.0,0.0
2026-05-01 00:00:00+09:00,194200.0,194200.0,191800.0,193200.0,716,0.0,0.0
2026-05-07 00:00:00+09:00,193300.0,194100.0,192400.0,193200.0,742,0.0,0.0
2026-05-08 00:00:00+09:00,193600.0,193600.0,190200.0,191600.0,747,0.0,0.0
2026-05-11 00:00:00+09:00,191400.0,192200.0,190900.0,190900.0,618,0.0,0.0
2026-05-12 00:00:00+09:00,192000.0,192000.0,190000.0,191200.0,621,0.0,0.0
2026-05-13 00:00:00+09:00,191300.0,191300.0,189600.0,190400.0,435,0.0,0.0
2026-05-14 00:00:00+09:00,190500.0,191000.0,188300.0,189800.0,634,0.0,0.0
2026-05-15 00:00:00+09:00,189900.0,190500.0,188500.0,189200.0,552,0.0,0.0
2026-05-18 00:00:00+09:00,189300.0,189300.0,180100.0,187800.0,1149,0.0,0.0
2026-05-19 00:00:00+09:00,187500.0,189000.0,187300.0,188100.0,549,0.0,0.0
2026-05-20 00:00:00+09:00,188500.0,188700.0,186000.0,187300.0,396,0.0,0.0
2026-05-21 00:00:00+09:00,187800.0,189500.0,187600.0,188100.0,610,0.0,0.0
2026-05-22 00:00:00+09:00,188200.0,188200.0,186700.0,187700.0,301,0.0,0.0
2026-05-25 00:00:00+09:00,187700.0,188000.0,186500.0,186800.0,327,0.0,0.0
2026-05-26 00:00:00+09:00,186000.0,187800.0,185800.0,186300.0,710,0.0,0.0
2026-05-27 00:00:00+09:00,186400.0,189200.0,185500.0,188200.0,615,0.0,0.0
2026-05-28 00:00:00+09:00,185700.0,187000.0,184900.0,187000.0,796,0.0,0.0
2026-05-29 00:00:00+09:00,187100.0,188200.0,185500.0,186300.0,647,0.0,0.0
2026-06-01 00:00:00+09:00,187700.0,187700.0,182100.0,182400.0,602,0.0,0.0
2026-06-02 00:00:00+09:00,185800.0,185800.0,179800.0,180300.0,960,0.0,0.0
2026-06-03 00:00:00+09:00,180300.0,182700.0,180200.0,182500.0,596,0.0,0.0
2026-06-04 00:00:00+09:00,181300.0,181600.0,179000.0,179000.0,664,0.0,0.0
2026-06-05 00:00:00+09:00,180500.0,182400.0,179700.0,181700.0,447,0.0,0.0
2026-06-08 00:00:00+09:00,179700.0,181100.0,179200.0,181100.0,473,0.0,0.0
2026-06-09 00:00:00+09:00,181700.0,182100.0,179900.0,182100.0,506,0.0,0.0
2026-06-10 00:00:00+09:00,182100.0,183500.0,180200.0,183500.0,476,0.0,0.0
2026-06-11 00:00:00+09:00,183500.0,184700.0,182600.0,182800.0,566,0.0,0.0
2026-06-12 00:00:00+09:00,186000.0,186100.0,183300.0,184900.0,1034,0.0,0.0
2026-06-15 00:00:00+09:00,184900.0,186500.0,184000.0,185300.0,567,0.0,0.0
2026-06-16 00:00:00+09:00,185200.0,185200.0,180600.0,181200.0,900,0.0,0.0
2026-06-17 00:00:00+09:00,181300.0,183100.0,180900.0,181700.0,464,0.0,0.0
2026-06-18 00:00:00+09:00,181700.0,182600.0,179500.0,180900.0,861,0.0,0.0
2026-06-19 00:00:00+09:00,181000.0,182600.0,180000.0,181300.0,953,0.0,0.0
2026-06-22 00:00:00+09:00,181200.0,183000.0,181000.0,181800.0,546,0.0,0.0
2026-06-23 00:00:00+09:00,181600.0,183900.0,181200.0,182800.0,853,0.0,0.0
2026-06-24 00:00:00+09:00,182800.0,184400.0,182000.0,184400.0,647,0.0,0.0
2026-06-25 00:00:00+09:00,184400.0,185400.0,183400.0,183400.0,649,0.0,0.0
2026-06-26 00:00:00+09:00,184500.0,189100.0,184200.0,189100.0,1111,0.0,0.0
2026-06-29 00:00:00+09:00,190000.0,191600.0,188700.0,189200.0,1224,0.0,0.0
2026-06-30 00:00:00+09:00,189300.0,190100.0,188200.0,188700.0,477,0.0,0.0
2026-07-01 00:00:00+09:00,188100.0,188100.0,184200.0,184200.0,514,0.0,0.0
2026-07-02 00:00:00+09:00,186600.0,186600.0,184100.0,186200.0,525,0.0,0.0
2026-07-03 00:00:00+09:00,186100.0,189100.0,186100.0,187400.0,530,0.0,0.0
2026-07-06 00:00:00+09:00,189800.0,191000.0,188600.0,189000.0,557,0.0,0.0
2026-07-07 00:00:00+09:00,189900.0,191000.0,189000.0,189000.0,387,0.0,0.0
2026-07-08 00:00:00+09:00,189600.0,189900.0,188300.0,189100.0,330,0.0,0.0
2026-07-09 00:00:00+09:00,189500.0,191700.0,188300.0,191700.0,365,0.0,0.0
2026-07-10 00:00:00+09:00,190500.0,190500.0,187900.0,187900.0,409,0.0,0.0
2026-07-13 00:00:00+09:00,187900.0,188700.0,186800.0,187100.0,313,0.0,0.0
2026-07-14 00:00:00+09:00,187900.0,189500.0,187900.0,189500.0,389,0.0,0.0
2026-07-15 00:00:00+09:00,189600.0,190100.0,188800.0,189800.0,393,0.0,0.0
2026-07-16 00:00:00+09:00,189500.0,189900.0,187000.0,187700.0,459,0.0,0.0
2026-07-17 00:00:00+09:00,189200.0,190100.0,188100.0,188200.0,343,0.0,0.0
2026-07-21 00:00:00+09:00,190300.0,191200.0,189000.0,189300.0,390,0.0,0.0
2026-07-22 00:00:00+09:00,189400.0,190000.0,188900.0,189900.0,305,0.0,0.0
2026-07-23 00:00:00+09:00,189300.0,190100.0,186800.0,187200.0,610,0.0,0.0
2026-07-24 00:00:00+09:00,187800.0,187800.0,184600.0,184600.0,480,0.0,0.0
2026-07-27 00:00:00+09:00,187200.0,188900.0,186100.0,188300.0,462,0.0,0.0
2026-07-28 00:00:00+09:00,188300.0,190100.0,187700.0,188400.0,409,0.0,0.0
2026-07-29 00:00:00+09:00,190100.0,191200.0,189000.0,191200.0,566,0.0,0.0
2026-07-30 00:00:00+09:00,190700.0,191400.0,186500.0,191400.0,984,0.0,0.0
2026-07-31 00:00:00+09:00,190300.0,190300.0,184800.0,184800.0,588,0.0,0.0
2026-08-03 00:00:00+09:00,185800.0,186000.0,182300.0,182500.0,729,0.0,0.0
2026-08-04 00:00:00+09:00,182500.0,182600.0,180100.0,181900.0,541,0.0,0.0
2026-08-05 00:00:00+09:00,181900.0,182000.0,179200.0,180400.0,638,0.0,0.0
2026-08-06 00:00:00+09:00,179800.0,181500.0,178600.0,181500.0,501,0.0,0.0
2026-08-07 00:00:00+09:00,181400.0,182400.0,180500.0,181200.0,437,0.0,0.0
2026-08-10 00:00:00+09:00,181300.0,182400.0,180300.0,182400.0,362,0.0,0.0
2026-08-12 00:00:00+09:00,182400.0,184300.0,181800.0,183700.0,441,0.0,0.0
2026-08-13 00:00:00+09:00,183700.0,185200.0,183600.0,183600.0,460,0.0,0.0
2026-08-14 00:00:00+09:00,183400.0,185600.0,183400.0,184500.0,581,0.0,0.0
2026-08-17 00:00:00+09:00,185000.0,193500.0,184600.0,186700.0,816,0.0,0.0
2026-08-18 00:00:00+09:00,186800.0,186800.0,183700.0,185800.0,641,0.0,0.0
2026-08-19 00:00:00+09:00,186200.0,186400.0,184500.0,185000.0,664,0.0,0.0
2026-08-20 00:00:00+09:00,186700.0,187000.0,184600.0,186300.0,414,0.0,0.0
2026-08-21 00:00:00+09:00,186100.0,186100.0,184900.0,185800.0,338,0.0,0.0
2026-08-24 00:00:00+09:00,185800.0,187800.0,185400.0,186800.0,653,0.0,0.0
2026-08-25 00:00:00+09:00,186800.0,188500.0,186800.0,187600.0,551,0.0,0.0
2026-08-26 00:00:00+09:00,189000.0,189100.0,187000.0,188600.0,528,0.0,0.0
2026-08-27 00:00:00+09:00,188000.0,189000.0,186600.0,187800.0,918,0.0,0.0
2026-08-28 00:00:00+09:00,187300.0,187300.0,185600.0,186400.0,922,0.0,0.0
2026-08-31 00:00:00+09:00,186400.0,189200.0,185000.0,189200.0,886,0.0,0.0
2026-09-01 00:00:00+09:00,189000.0,189200.0,186600.0,187700.0,916,0.0,0.0
2026-09-02 00:00:00+09:00,187800.0,188000.0,186100.0,186700.0,662,0.0,0.0
2026-09-03 00:00:00+09:00,186800.0,187800.0,184700.0,184700.0,592,0.0,0.0
2026-09-04 00:00:00+09:00,184800.0,187000.0,184700.0,185000.0,481,0.0,0.0
2026-09-07 00:00:00+09:00,185100.0,186400.0,185100.0,185500.0,708,0.0,0.0
2026-09-08 00:00:00+09:00,184900.0,185500.0,182000.0,182000.0,676,0.0,0.0
2026-09-09 00:00:00+09:00,182200.0,184000.0,182000.0,183600.0,539,0.0,0.0
2026-09-10 00:00:00+09:00,183600.0,185700.0,183500.0,185400.0,462,0.0,0.0
2026-09-11 00:00:00+09:00,189400.0,189400.0,183100.0,184300.0,2194,0.0,0.0
2026-09-14 00:00:00+09:00,183300.0,185700.0,183300.0,185400.0,736,0.0,0.0
2026-09-15 00:00:00+09:00,185300.0,186200.0,184900.0,186200.0,648,0.0,0.0
2026-09-16 00:00:00+09:00,186200.0,187000.0,184600.0,184600.0,605,0.0,0.0
2026-09-17 00:00:00+09:00,184800.0,186000.0,184800.0,186000.0,262,0.0,0.0
2026-09-18 00:00:00+09:00,186000.0,191200.0,184500.0,191200.0,1925,0.0,0.0
2026-09-24 00:00:00+09:00,188400.0,188400.0,186400.0,187500.0,2822,0.0,0.0
2026-09-25 00:00:00+09:00,187600.0,188900.0,185200.0,185200.0,874,0.0,0.0
2026-09-28 00:00:00+09:00,185600.0,187400.0,185500.0,187100.0,969,0.0,0.0
2026-09-29 00:00:00+09:00,187000.0,187100.0,185000.0,185900.0,960,0.0,0.0
2026-09-30 00:00:00+09:00,185700.0,185700.0,184200.0,184800.0,815,0.0,0.0
2026-10-01 00:00:00+09:00,184800.0,184800.0,182500.0,184000.0,1295,0.0,0.0
2026-10-02 00:00:00+09:00,182700.0,183200.0,177700.0,177700.0,1322,0.0,0.0
2026-10-05 00:00:00+09:00,177700.0,177700.0,174000.0,175000.0,1018,0.0,0.0
2026-10-06 00:00:00+09:00,174200.0,176100.0,173200.0,175100.0,264,0.0,0.0
