Date,Open,High,Low,Close,Volume,Dividends,Stock Splits
2021-10-11 00:00:00+09:00,88242.16616158807,89674.41051768238,87526.04398354092,89435.703125,6033,0.0,0.0
2021-10-12 00:00:00+09:00,89674.42464017698,90072.27035730287,88799.1640625,88799.1640625,7714,0.0,0.0
2021-10-13 00:00:00+09:00,89515.27781578372,91106.66053250876,89435.70867994746,90867.953125,6832,0.0,0.0
2021-10-14 00:00:00+09:00,90390.54181222708,91981.92459061136,90390.54181222708,91106.6640625,5992,0.0,0.0
2021-10-15 00:00:00+09:00,91424.95746073299,91584.09576788831,90470.12761780104,91186.25,4234,0.0,0.0
2021-10-18 00:00:00+09:00,91106.66329550391,91743.21640149869,89992.69536001304,91584.078125,6442,0.0,0.0
2021-10-19 00:00:00+09:00,91743.23407504363,91743.23407504363,90310.98931064573,91186.25,4745,0.0,0.0
2021-10-20 00:00:00+09:00,90708.82227422908,91106.66798595815,90310.9765625,90310.9765625,2789,0.0,0.0
2021-10-21 00:00:00+09:00,90629.2421875,91106.6569839223,90310.9656565518,90629.2421875,2546,0.0,0.0
2021-10-22 00:00:00+09:00,90867.9605589207,90947.52970126653,89913.13085077093,90310.9765625,3054,0.0,0.0
2021-10-25 00:00:00+09:00,90151.83944487236,91265.80745213469,90072.27030149648,90390.546875,2476,0.0,0.0
2021-10-26 00:00:00+09:00,90549.69065531305,90788.39809992284,90231.4140625,90231.4140625,1915,0.0,0.0
2021-10-27 00:00:00+09:00,90310.98006370827,90708.82579086117,89913.13433655536,90549.6875,3709,0.0,0.0
2021-10-28 00:00:00+09:00,90310.97810039371,90947.53125,90072.27066929133,90947.53125,1963,0.0,0.0
2021-10-29 00:00:00+09:00,90947.52385190217,91504.5078125,90151.83247961957,91504.5078125,4236,0.0,0.0
2021-11-01 00:00:00+09:00,90708.81678759895,91424.93902539577,90231.40196240105,90470.109375,4940,0.0,0.0
2021-11-02 00:00:00+09:00,90629.25664543058,91106.67151801406,90072.27262741652,90549.6875,2268,0.0,0.0
2021-11-04 00:00:00+09:00,92061.4808207864,92300.1882040728,91186.22041540295,91822.7734375,4710,0.0,0.0
2021-11-05 00:00:00+09:00,92459.32645959705,92538.89558735919,91345.35867092722,91822.7734375,2013,0.0,0.0
2021-11-08 00:00:00+09:00,91822.79102752393,92220.63674254787,91186.23788348564,91424.9453125,3026,0.0,0.0
2021-11-09 00:00:00+09:00,91584.080859375,91584.080859375,90390.54375,90708.8203125,2210,0.0,0.0
2021-11-10 00:00:00+09:00,89992.6953125,90708.81755636605,89753.98789787799,89992.6953125,2127,0.0,0.0
2021-11-11 00:00:00+09:00,90072.26059925504,90788.3828125,89992.69146445005,90788.3828125,1481,0.0,0.0
2021-11-12 00:00:00+09:00,90390.55235890653,91106.67469273589,90231.4140625,90231.4140625,1312,0.0,0.0
2021-11-15 00:00:00+09:00,89276.57539441748,90470.11249862092,89276.57539441748,90151.8359375,2214,0.0,0.0
2021-11-16 00:00:00+09:00,90231.40858824823,90867.96173525527,89992.7011581206,90390.546875,1511,0.0,0.0
2021-11-17 00:00:00+09:00,89992.68631775443,90231.3937085177,89515.27153622788,89913.1171875,2206,0.0,0.0
2021-11-18 00:00:00+09:00,90072.25544800886,90470.10109928098,89674.40979673673,89913.1171875,1917,0.0,0.0
2021-11-19 00:00:00+09:00,89356.13708844865,89674.41362304687,88560.44575195313,89117.4296875,3172,0.0,0.0
2021-11-22 00:00:00+09:00,88480.88669786096,89992.70040942513,88480.88669786096,89276.578125,2415,0.0,0.0
2021-11-24 00:00:00+09:00,88719.59841376229,89276.58243967828,88480.890974084,89037.875,3061,0.0,0.0
2021-11-25 00:00:00+09:00,89913.1171875,90310.96283877213,89356.13327571902,89913.1171875,2684,0.0,0.0
2021-11-26 00:00:00+09:00,89913.1171875,90231.3937085177,88719.58023368364,89913.1171875,4018,0.0,0.0
2021-11-29 00:00:00+09:00,89674.41392841013,89674.41392841013,87446.47817863595,88083.03125,7576,0.0,0.0
2021-11-30 00:00:00+09:00,89196.99143053016,90867.9430987203,87048.625,87048.625,15702,0.0,0.0
2021-12-01 00:00:00+09:00,89435.71328263766,90629.25038160525,88401.31446353241,89594.8515625,10257,0.0,0.0
2021-12-02 00:00:00+09:00,89515.2855531417,90867.96097927807,88958.30155414437,89276.578125,9768,0.0,0.0
2021-12-03 00:00:00+09:00,89435.71052484334,90629.24758700762,88719.58828754477,88878.7265625,7296,0.0,0.0
2021-12-06 00:00:00+09:00,89197.00159848317,89992.6929597542,89197.00159848317,89833.5546875,3883,0.0,0.0
2021-12-07 00:00:00+09:00,89435.70900686449,90310.96950426263,89435.70900686449,89833.5546875,4395,0.0,0.0
2021-12-08 00:00:00+09:00,89913.12697871179,91345.37147925765,89833.55783979259,91106.6640625,7407,0.0,0.0
2021-12-09 00:00:00+09:00,91106.66329550391,91822.78553974805,90470.11018950913,91584.078125,6490,0.0,0.0
2021-12-10 00:00:00+09:00,92538.88891369048,92538.88891369048,91027.0755952381,91902.3359375,8151,0.0,0.0
2021-12-13 00:00:00+09:00,91981.91715494792,92538.90108235677,91265.79496256511,91663.640625,3626,0.0,0.0
2021-12-14 00:00:00+09:00,91981.93129916958,91981.93129916958,90629.25583888768,91027.1015625,4677,0.0,0.0
2021-12-15 00:00:00+09:00,90788.39493629175,91027.10237258348,90310.98006370827,90549.6875,2829,0.0,0.0
2021-12-16 00:00:00+09:00,90708.82895171958,90708.82895171958,89913.13746968695,90231.4140625,3535,0.0,0.0
2021-12-17 00:00:00+09:00,89992.69346074827,92459.3366944204,89833.55518760813,91981.921875,9884,0.0,0.0
2021-12-20 00:00:00+09:00,91345.36675613497,92061.48896937993,90708.81367769501,90788.3828125,6285,0.0,0.0
2021-12-21 00:00:00+09:00,90788.38408320783,92618.47420933735,90708.81494728915,92459.3359375,4322,0.0,0.0
2021-12-22 00:00:00+09:00,92300.19176750217,92618.46829083838,91981.91524416595,92061.484375,3511,0.0,0.0
2021-12-23 00:00:00+09:00,91663.64457831325,92698.04334525602,91663.64457831325,92459.3359375,2301,0.0,0.0
2021-12-24 00:00:00+09:00,92698.05038661174,93414.17266427654,92379.7738187607,92936.7578125,2322,0.0,0.0
2021-12-27 00:00:00+09:00,93016.31988893072,93095.8890248494,92300.19766566265,92459.3359375,1815,0.0,0.0
2021-12-28 00:00:00+09:00,92777.60674649532,93652.8671875,92538.89935349405,93652.8671875,2662,0.0,0.0
2021-12-29 00:00:00+09:00,93652.87307000846,94368.99529399323,93334.59652601523,94050.71875,3166,0.0,0.0
2021-12-30 00:00:00+09:00,94050.72227056962,94846.41366033755,93891.58399261604,94289.4296875,4829,0.0,0.0
2022-01-04 00:00:00+09:00,94209.85744322962,95164.68707947856,94130.28830687553,94607.703125,4548,0.0,0.0
2022-01-05 00:00:00+09:00,94289.4248627261,94528.13226744186,92220.62735518948,92379.765625,7181,0.0,0.0
2022-01-06 00:00:00+09:00,91822.78168066322,92618.47302971577,91504.5051410422,92379.765625,3465,0.0,0.0
2022-01-07 00:00:00+09:00,91106.65669759114,92459.3319498698,91106.65669759114,91663.640625,4620,0.0,0.0
2022-01-11 00:00:00+09:00,92379.76755785034,93414.16633326124,91981.921875,91981.921875,3984,0.0,0.0
2022-01-12 00:00:00+09:00,91981.91642379103,92857.17687419042,91902.34729193653,92141.0546875,4230,0.0,0.0
2022-01-13 00:00:00+09:00,93334.5906634983,94528.12762850468,93255.02153249788,93652.8671875,4044,0.0,0.0
2022-01-14 00:00:00+09:00,93414.17817324185,93732.45475986278,92777.625,92777.625,3840,0.0,0.0
2022-01-17 00:00:00+09:00,93095.89731560052,93414.17388761966,91186.23788348564,91424.9453125,3138,0.0,0.0
2022-01-18 00:00:00+09:00,91424.93741004208,91424.93741004208,89435.70900686449,89833.5546875,2956,0.0,0.0
2022-01-19 00:00:00+09:00,89276.58054517664,89594.85712466032,86889.50619904892,87844.3359375,7153,0.0,0.0
2022-01-20 00:00:00+09:00,87207.7589795433,87923.88108795196,83627.1484375,83627.1484375,13954,0.0,0.0
2022-01-21 00:00:00+09:00,83229.31612488306,85855.09760874648,81001.38032039288,85059.40625,11221,0.0,0.0
2022-01-24 00:00:00+09:00,85138.9847376973,86571.22934076138,83865.87842386258,85695.96875,7894,0.0,0.0
2022-01-25 00:00:00+09:00,86173.37056607645,86332.50883120309,83786.29658917683,84820.6953125,7031,0.0,0.0
2022-01-26 00:00:00+09:00,85138.96875,85536.81439836448,84184.13919392524,85138.96875,4264,0.0,0.0
2022-01-27 00:00:00+09:00,85775.53283227848,88003.46875,84820.70315325497,88003.46875,10660,0.0,0.0
2022-01-28 00:00:00+09:00,87923.89268275669,89196.99882114955,87287.33961356027,89117.4296875,5426,0.0,0.0
2022-01-31 00:00:00+09:00,89913.13126671122,91027.09926470587,89276.578125,89276.578125,7342,0.0,0.0
2022-02-01 00:00:00+09:00,90549.68759783094,91106.67161644678,88083.04408681797,88958.3046875,7487,0.0,0.0
2022-02-02 00:00:00+09:00,89037.87383301654,89515.28870611583,88401.32066888416,88958.3046875,5505,0.0,0.0
2022-02-03 00:00:00+09:00,88958.283131177,89515.2670148248,88242.16099505841,88560.4375,3839,0.0,0.0
2022-02-04 00:00:00+09:00,88321.73821022728,88958.29127840909,86889.49380681818,87526.046875,3316,0.0,0.0
2022-02-07 00:00:00+09:00,87923.90635800692,88083.0446500576,85695.97026929724,86332.5234375,4674,0.0,0.0
2022-02-08 00:00:00+09:00,86571.21308411215,87128.19699182243,84581.98484228972,85138.96875,4182,0.0,0.0
2022-02-09 00:00:00+09:00,84741.12589782206,86412.07767608897,83627.15804564412,85855.09375,4960,0.0,0.0
2022-02-10 00:00:00+09:00,86014.22774664972,86491.64251675138,84661.55256469501,86093.796875,8714,0.0,0.0
2022-02-14 00:00:00+09:00,84741.12896075581,86093.80425872093,84741.12896075581,85536.8203125,5000,0.0,0.0
2022-02-15 00:00:00+09:00,85457.24699461722,85457.24699461722,82911.03479366028,83149.7421875,6101,0.0,0.0
2022-02-16 00:00:00+09:00,83627.16446863186,84661.56326795841,83388.45705340264,84184.1484375,5982,0.0,0.0
2022-02-17 00:00:00+09:00,84661.5558685446,84741.125,83627.1571596244,84741.125,4257,0.0,0.0
2022-02-18 00:00:00+09:00,84104.59059112865,84900.28208205702,83149.7608020146,84422.8671875,3541,0.0,0.0
2022-02-21 00:00:00+09:00,84502.41951650944,84820.6960495283,84104.57385023586,84343.28125,2192,0.0,0.0
2022-02-22 00:00:00+09:00,83547.59765625,83865.87421875,82115.353125,82751.90625,4800,0.0,0.0
2022-02-24 00:00:00+09:00,83070.18163498557,83865.87302995668,81160.52228705486,82672.3359375,8007,0.0,0.0
2022-02-25 00:00:00+09:00,82672.33091304866,83388.453125,81956.20870109733,83388.453125,4940,0.0,0.0
2022-02-28 00:00:00+09:00,83468.02773213432,83945.44257140296,82513.19805359704,83229.3203125,6710,0.0,0.0
2022-03-01 00:00:00+09:00,83308.8867520104,84581.99294879375,83308.8867520104,84104.578125,2893,0.0,0.0
2022-03-02 00:00:00+09:00,86173.37027919371,86571.21594068583,84422.84936862836,85855.09375,6818,0.0,0.0
2022-03-03 00:00:00+09:00,85775.53359375,86889.5015625,85775.53359375,85934.671875,4408,0.0,0.0
2022-03-04 00:00:00+09:00,86889.5015625,86889.5015625,85298.11875,85934.671875,5476,0.0,0.0
2022-03-07 00:00:00+09:00,86252.93513170055,86571.21164510166,85218.53646314694,86093.796875,5858,0.0,0.0
2022-03-08 00:00:00+09:00,86650.79532117253,86889.50274629972,85536.8273372456,86014.2421875,7993,0.0,0.0
2022-03-09 00:00:00+09:00,86650.79453196871,88162.60821067156,85934.67226310947,86491.65625,9130,0.0,0.0
2022-03-10 00:00:00+09:00,87923.91057452359,88083.04887420598,87207.78822595281,87685.203125,5016,0.0,0.0
2022-03-11 00:00:00+09:00,88560.4375,89515.2670148248,88003.4536163522,88560.4375,7392,0.0,0.0
2022-03-14 00:00:00+09:00,89594.84642656951,89833.55383267938,88640.01680213005,88719.5859375,4596,0.0,0.0
2022-03-15 00:00:00+09:00,89435.70339221423,89435.70339221423,88162.59729410442,88401.3046875,4163,0.0,0.0
2022-03-16 00:00:00+09:00,88958.3159706735,89515.30005993533,87446.5020141057,89197.0234375,4782,0.0,0.0
2022-03-17 00:00:00+09:00,88799.16248337766,90390.54532358157,88799.16248337766,89753.9921875,5070,0.0,0.0
2022-03-18 00:00:00+09:00,89515.27404785156,91981.91715494792,89356.13578287761,91663.640625,9424,0.0,0.0
2022-03-22 00:00:00+09:00,91663.64467005075,94289.42615799492,90708.81503807106,94050.71875,7269,0.0,0.0
2022-03-23 00:00:00+09:00,94050.71118477332,94050.71118477332,91743.20642643285,93016.3125,4426,0.0,0.0
2022-03-24 00:00:00+09:00,92698.04301861703,94050.71832446808,91504.50598404255,93493.734375,6690,0.0,0.0
2022-03-25 00:00:00+09:00,93971.15232039924,93971.15232039924,93175.4609375,93175.4609375,6169,0.0,0.0
2022-03-28 00:00:00+09:00,93493.740234375,94687.27734375,92857.187109375,93891.5859375,7097,0.0,0.0
2022-03-29 00:00:00+09:00,94130.29760599416,95482.9730576441,94130.29760599416,95244.265625,7974,0.0,0.0
2022-03-30 00:00:00+09:00,96686.85786115918,96686.85786115918,92391.46518166091,93688.1875,5868,2180.0,0.0
2022-03-31 00:00:00+09:00,92553.56239139878,94174.4654105126,92310.42693853172,93282.96875,5656,0.0,0.0
2022-04-01 00:00:00+09:00,90527.42865177788,92391.46702151009,88582.34513553556,92310.421875,14335,0.0,0.0
2022-04-04 00:00:00+09:00,93445.05732336956,93445.05732336956,91256.83828804348,93201.921875,5925,0.0,0.0
2022-04-05 00:00:00+09:00,93688.19450477845,93688.19450477845,92148.33663662033,93282.96875,5988,0.0,0.0
2022-04-06 00:00:00+09:00,93282.97219210754,94498.64950130096,93039.83673026886,93445.0625,5369,0.0,0.0
2022-04-07 00:00:00+09:00,93931.3370418848,93931.3370418848,92634.6145287958,92877.75,3264,0.0,0.0
2022-04-08 00:00:00+09:00,93120.86898879196,93688.18498785335,91743.1015625,91743.1015625,4616,0.0,0.0
2022-04-11 00:00:00+09:00,91824.15181790866,93120.87417367788,91824.15181790866,92715.6484375,2123,0.0,0.0
2022-04-12 00:00:00+09:00,92958.7874409081,93607.14864363456,92148.3359375,92148.3359375,4044,0.0,0.0
2022-04-13 00:00:00+09:00,92634.59636101974,92958.77692571272,92310.41579632675,92391.4609375,3053,0.0,0.0
2022-04-14 00:00:00+09:00,92634.59809788562,93120.86895404251,91986.23695634311,92472.5078125,2574,0.0,0.0
2022-04-15 00:00:00+09:00,92472.51653886323,92877.74229056729,92067.29078715919,92148.3359375,1907,0.0,0.0
2022-04-18 00:00:00+09:00,91986.2429286336,93364.01044386423,91986.2429286336,93120.875,2630,0.0,0.0
2022-04-19 00:00:00+09:00,92796.70769262567,92958.79801173942,91337.89482060185,91905.2109375,5280,0.0,0.0
2022-04-20 00:00:00+09:00,92067.28391903915,92472.50964051379,90689.51646602536,91094.7421875,4458,0.0,0.0
2022-04-21 00:00:00+09:00,90608.47215456156,91905.19447519929,90608.47215456156,91499.96875,3717,0.0,0.0
2022-04-22 00:00:00+09:00,91418.93208661418,92958.78998523623,91337.88693405512,92634.609375,3802,0.0,0.0
2022-04-25 00:00:00+09:00,92067.29250878734,92553.56341992531,91094.75068651143,92229.3828125,2159,0.0,0.0
2022-04-26 00:00:00+09:00,92796.68664336624,93282.95749040571,91418.91924342106,92391.4609375,7507,0.0,0.0
2022-04-27 00:00:00+09:00,91905.19696514423,93282.96446814903,91824.15181790866,92715.6484375,4115,0.0,0.0
2022-04-28 00:00:00+09:00,93445.05211965999,93931.32298931996,92958.78125,92958.78125,8906,0.0,0.0
2022-05-02 00:00:00+09:00,92958.78387920673,93364.00961538461,91743.10667067308,92715.6484375,4401,0.0,0.0
2022-05-06 00:00:00+09:00,92229.37065515351,92553.5512198465,91499.9643845943,92391.4609375,4349,0.0,0.0
2022-05-09 00:00:00+09:00,91662.06583844133,93769.23976576181,91662.06583844133,92553.5625,4901,0.0,0.0
2022-05-10 00:00:00+09:00,92796.69358473558,93364.00961538461,92229.37755408653,92715.6484375,5208,0.0,0.0
2022-05-11 00:00:00+09:00,92472.51906988189,94012.37696850394,92067.29330708661,92634.609375,7265,0.0,0.0
2022-05-12 00:00:00+09:00,91986.24815452757,93201.92544291339,91905.2030019685,92634.609375,3325,0.0,0.0
2022-05-13 00:00:00+09:00,92715.63888888889,93850.27083333333,92148.32291666667,93364.0,4701,0.0,0.0
2022-05-16 00:00:00+09:00,93526.09726460332,94336.54871403662,92148.3298005667,92958.78125,5018,0.0,0.0
2022-05-17 00:00:00+09:00,93120.87672554348,93688.19277173912,92877.7412771739,93201.921875,1758,0.0,0.0
2022-05-18 00:00:00+09:00,93282.9790406223,93850.29515989628,92391.48228176318,93769.25,4042,0.0,0.0
2022-05-19 00:00:00+09:00,93364.0087108014,93364.0087108014,92553.55724629792,93039.828125,2498,0.0,0.0
2022-05-20 00:00:00+09:00,93120.86720805921,93201.91234923246,91905.19009046053,92391.4609375,4700,0.0,0.0
2022-05-23 00:00:00+09:00,91986.25093252653,92796.70248259284,91499.98000248673,91662.0703125,3941,0.0,0.0
2022-05-24 00:00:00+09:00,91662.05641977694,92634.59813245363,91013.69527799249,91743.1015625,3995,0.0,0.0
2022-05-25 00:00:00+09:00,91905.19778067885,93201.92014795475,91743.10748476937,93120.875,4181,0.0,0.0
2022-05-26 00:00:00+09:00,92877.73873197116,93364.00961538461,92553.55814302884,92715.6484375,2862,0.0,0.0
2022-05-27 00:00:00+09:00,92634.60239274826,93688.1892966028,91986.24122114548,93039.828125,7230,0.0,0.0
2022-05-30 00:00:00+09:00,93769.23342013889,94822.8203125,93201.91740117522,94822.8203125,3824,0.0,0.0
2022-05-31 00:00:00+09:00,94255.50593882415,95714.31858448093,94093.41564486228,95633.2734375,8213,0.0,0.0
2022-06-01 00:00:00+09:00,93201.90972222222,94174.45138888889,92796.68402777778,93364.0,5544,0.0,0.0
2022-06-02 00:00:00+09:00,92634.61343965703,94174.47140584556,92634.61343965703,93931.3359375,6253,0.0,0.0
2022-06-03 00:00:00+09:00,93688.18055555556,94255.49652777778,92715.63888888889,93364.0,3800,0.0,0.0
2022-06-06 00:00:00+09:00,93607.15267319277,94822.82998063683,93607.15267319277,94174.46875,3910,0.0,0.0
2022-06-07 00:00:00+09:00,94579.68831991254,95228.04950805249,94336.55287436007,94984.9140625,3274,0.0,0.0
2022-06-08 00:00:00+09:00,94984.90709961767,95552.22309765292,94579.68138673535,95390.1328125,3048,0.0,0.0
2022-06-09 00:00:00+09:00,95147.00255561441,95633.2734375,94579.68652674789,95633.2734375,3273,0.0,0.0
2022-06-10 00:00:00+09:00,95471.18238100343,95795.36296633791,94498.640625,94498.640625,3996,0.0,0.0
2022-06-13 00:00:00+09:00,94255.50953742483,94903.8707380262,93931.32893712414,94336.5546875,3653,0.0,0.0
2022-06-14 00:00:00+09:00,94255.5009517419,94255.5009517419,91905.19181365031,92472.5078125,7551,0.0,0.0
2022-06-15 00:00:00+09:00,92472.50791769524,93120.8690599753,90203.24391971498,90284.2890625,8994,0.0,0.0
2022-06-16 00:00:00+09:00,90689.52144514192,93526.10165120088,90689.52144514192,92796.6953125,7220,0.0,0.0
2022-06-17 00:00:00+09:00,92391.46956877729,93607.14679994542,91337.88263509826,92796.6953125,9443,0.0,0.0
2022-06-20 00:00:00+09:00,92715.6563876652,93364.01762114538,91175.79845814979,91986.25,4755,0.0,0.0
2022-06-21 00:00:00+09:00,92148.32727611529,92391.46270428445,91013.69527799249,91743.1015625,4718,0.0,0.0
2022-06-22 00:00:00+09:00,92148.33604138962,92715.6520944149,91337.88453706782,91418.9296875,6362,0.0,0.0
2022-06-23 00:00:00+09:00,91581.03029927249,92958.79801173942,90932.66902281747,91905.2109375,8094,0.0,0.0
2022-06-24 00:00:00+09:00,91662.06938325992,92067.29515418502,91175.79845814979,91986.25,4148,0.0,0.0
2022-06-27 00:00:00+09:00,91986.23951068004,93445.05211965999,91905.19436573671,92958.78125,3109,0.0,0.0
2022-06-28 00:00:00+09:00,92877.74188778774,95065.9609375,92877.74188778774,95065.9609375,5121,0.0,0.0
2022-06-29 00:00:00+09:00,94255.50682929423,95957.4549319728,94255.50682929423,95309.09375,5049,0.0,0.0
2022-06-30 00:00:00+09:00,95390.13963366597,96686.86200761555,95309.09448529412,96443.7265625,6340,0.0,0.0
2022-07-01 00:00:00+09:00,96686.86650498303,96686.86650498303,94660.7377014419,95552.234375,5139,0.0,0.0
2022-07-04 00:00:00+09:00,95633.2681426495,97578.3515625,95633.2681426495,97578.3515625,7150,0.0,0.0
2022-07-05 00:00:00+09:00,97578.3515625,97578.3515625,96848.94528005605,97578.3515625,4329,0.0,0.0
2022-07-06 00:00:00+09:00,97497.3047071294,97821.48527140914,96767.8984375,96767.8984375,6014,0.0,0.0
2022-07-07 00:00:00+09:00,96524.77065284654,98469.8541924505,96524.77065284654,98226.71875,5353,0.0,0.0
2022-07-08 00:00:00+09:00,96767.90013756229,98064.62241746263,96767.90013756229,97578.3515625,4682,0.0,0.0
2022-07-11 00:00:00+09:00,97821.4835040772,98794.02517934558,97821.4835040772,98145.6640625,2345,0.0,0.0
2022-07-12 00:00:00+09:00,98794.0347051597,99118.2152948403,97821.49293611794,98956.125,4256,0.0,0.0
2022-07-13 00:00:00+09:00,98712.97829932321,99685.51995744463,98712.97829932321,98794.0234375,3597,0.0,0.0
2022-07-14 00:00:00+09:00,98794.0347051597,99037.17014742015,97983.58323095823,98956.125,2756,0.0,0.0
2022-07-15 00:00:00+09:00,98956.13201583059,99442.4029348273,98469.86109683388,98550.90625,4033,0.0,0.0
2022-07-19 00:00:00+09:00,98712.98948170732,99928.66669207318,98631.9443343496,99685.53125,4881,0.0,0.0
2022-07-20 00:00:00+09:00,100009.70051015176,100009.70051015176,97578.34636484823,98794.0234375,4916,0.0,0.0
2022-07-21 00:00:00+09:00,98794.03986672794,99199.265625,98226.72380514706,99199.265625,4327,0.0,0.0
2022-07-22 00:00:00+09:00,98956.1370241246,99523.453125,98794.04670958877,99523.453125,3507,0.0,0.0
2022-07-25 00:00:00+09:00,99361.36452400325,100009.7257933279,98875.09357200976,99604.5,5150,0.0,0.0
2022-07-26 00:00:00+09:00,99604.49138327206,99766.58168658087,98469.85926011029,99199.265625,4082,0.0,0.0
2022-07-27 00:00:00+09:00,99118.21783949673,100009.7144840057,99037.17268999592,99442.3984375,4377,0.0,0.0
2022-07-28 00:00:00+09:00,99199.27761982128,99766.59375,99037.18729691308,99766.59375,2204,0.0,0.0
2022-07-29 00:00:00+09:00,99442.38964999006,101954.7890625,99199.25422297297,101954.7890625,9499,0.0,0.0
2022-08-01 00:00:00+09:00,101954.78730993287,102603.1484375,101387.47132331162,102603.1484375,4538,0.0,0.0
2022-08-02 00:00:00+09:00,102603.15640024038,102603.15640024038,100577.02771935095,101144.34375,4377,0.0,0.0
2022-08-03 00:00:00+09:00,101225.38198380567,101306.42712550607,98875.07287449393,100090.75,5119,0.0,0.0
2022-08-04 00:00:00+09:00,100414.93757621951,100658.07301829268,98875.07977642276,99685.53125,3389,0.0,0.0
2022-08-05 00:00:00+09:00,100009.71438865292,100171.8046875,98956.12744614686,100171.8046875,3483,0.0,0.0
2022-08-08 00:00:00+09:00,100414.94023150978,100739.12082951303,98794.03724149348,99442.3984375,2799,0.0,0.0
2022-08-09 00:00:00+09:00,98956.1232710041,99361.34900102459,98550.8975409836,98875.078125,4066,0.0,0.0
2022-08-10 00:00:00+09:00,98956.11545855697,99118.20573776837,97740.43836447151,98145.6640625,3879,0.0,0.0
2022-08-12 00:00:00+09:00,98388.8185928483,98875.08952493817,97983.59281610676,98307.7734375,4009,0.0,0.0
2022-08-15 00:00:00+09:00,98794.03036207073,99118.2109375,98145.66921121218,99118.2109375,2786,0.0,0.0
2022-08-16 00:00:00+09:00,99199.26036585367,99766.57639735773,99118.21521849594,99685.53125,2762,0.0,0.0
2022-08-17 00:00:00+09:00,99118.21977660124,99199.26492768594,97821.49735924587,98064.6328125,3210,0.0,0.0
2022-08-18 00:00:00+09:00,98145.68312680337,98388.8185928483,97173.14126262366,98307.7734375,2905,0.0,0.0
2022-08-19 00:00:00+09:00,98388.81422325103,98875.08513374485,97983.58846450617,98469.859375,3760,0.0,0.0
2022-08-22 00:00:00+09:00,98469.85926011029,99604.49138327206,97983.58835018383,99199.265625,6024,0.0,0.0
2022-08-23 00:00:00+09:00,99442.39151292927,100090.75266378782,99037.16579364268,99118.2109375,5579,0.0,0.0
2022-08-24 00:00:00+09:00,99442.38629619117,99604.47657540256,98064.6189228943,98145.6640625,4723,0.0,0.0
2022-08-25 00:00:00+09:00,98307.75949892681,99523.4366567866,98145.66921121218,99118.2109375,4170,0.0,0.0
2022-08-26 00:00:00+09:00,99685.52945779482,100495.98091680129,99523.43916599354,100333.890625,3337,0.0,0.0
2022-08-29 00:00:00+09:00,99685.52429149798,100577.02085020242,99685.52429149798,100090.75,3297,0.0,0.0
2022-08-30 00:00:00+09:00,100090.76115444422,101225.39326469702,99847.62570224718,100982.2578125,2867,0.0,0.0
2022-08-31 00:00:00+09:00,100982.25262721238,101225.38806692477,99928.66572179203,100739.1171875,6518,0.0,0.0
2022-09-01 00:00:00+09:00,100739.1181656504,100739.1181656504,99523.44095528456,99685.53125,5144,0.0,0.0
2022-09-02 00:00:00+09:00,100658.06424736629,101306.42536973258,99928.65798470422,100009.703125,3404,0.0,0.0
2022-09-05 00:00:00+09:00,100171.79340559158,100739.10938766209,100009.703125,100009.703125,2590,0.0,0.0
2022-09-06 00:00:00+09:00,100009.71530032468,100333.89590097404,99766.57984983767,99847.625,2400,0.0,0.0
2022-09-07 00:00:00+09:00,99685.52256381686,100333.88368618315,99685.52256381686,100009.703125,3993,0.0,0.0
2022-09-08 00:00:00+09:00,100171.80046106556,100414.93589907786,98631.9426869877,98875.078125,4284,0.0,0.0
2022-09-09 00:00:00+09:00,98794.05181255077,99847.6389114541,98794.05181255077,99766.59375,5121,0.0,0.0
2022-09-12 00:00:00+09:00,98064.62322967981,99280.30037715517,98064.62322967981,98712.984375,7169,0.0,0.0
2022-09-13 00:00:00+09:00,98388.81433975953,98956.13040267413,96767.9113028607,97740.453125,10370,0.0,0.0
2022-09-14 00:00:00+09:00,97092.08857217574,97578.3594665272,96524.7725287657,96848.953125,8467,0.0,0.0
2022-09-15 00:00:00+09:00,96929.98871963988,97335.21442498954,96443.71787322027,96767.8984375,15435,0.0,0.0
2022-09-16 00:00:00+09:00,96605.82389240507,97335.23028085443,96038.5078125,96038.5078125,29979,0.0,0.0
2022-09-20 00:00:00+09:00,96767.91733661827,97983.59469009336,96524.78186592324,97659.4140625,8951,0.0,0.0
2022-09-21 00:00:00+09:00,97740.4357493729,98064.61629912208,96929.984375,96929.984375,5519,0.0,0.0
2022-09-22 00:00:00+09:00,97173.1337212343,97335.22401935146,96281.63708158996,96848.953125,5087,0.0,0.0
2022-09-26 00:00:00+09:00,96767.91072749367,96848.95587885672,95876.4140625,95876.4140625,7027,0.0,0.0
2022-09-27 00:00:00+09:00,96119.54798915378,96524.77373952964,94336.5546875,94336.5546875,11024,0.0,0.0
2022-09-28 00:00:00+09:00,94336.54871403662,95065.9550185266,92634.60067022667,92958.78125,9991,0.0,0.0
2022-09-29 00:00:00+09:00,94346.73117022448,95007.65398052377,93851.0390625,93851.0390625,7318,2180.0,0.0
2022-09-30 00:00:00+09:00,93768.41460011978,94925.02940576003,92033.49239165941,94842.4140625,11624,0.0,0.0
2022-10-03 00:00:00+09:00,95007.6498241342,95999.03399621212,94511.95773809524,95420.7265625,15179,0.0,0.0
2022-10-04 00:00:00+09:00,95833.8097150814,97733.9628387425,95751.19436187875,96412.1171875,19781,0.0,0.0
2022-10-05 00:00:00+09:00,96825.17868658641,96907.79402676268,95668.56392411866,96081.640625,6087,0.0,0.0
2022-10-06 00:00:00+09:00,96577.34558627137,97073.03769364317,96081.65347889958,96659.9609375,6353,0.0,0.0
2022-10-07 00:00:00+09:00,95751.185658193,96246.87773235104,95503.33962111399,95668.5703125,4554,0.0,0.0
2022-10-11 00:00:00+09:00,95668.5703125,96164.26238665803,95503.33962111399,95668.5703125,5934,0.0,0.0
2022-10-12 00:00:00+09:00,95668.56837993421,95751.18372395833,93933.64615542763,94181.4921875,8940,0.0,0.0
2022-10-13 00:00:00+09:00,93520.56314927732,93685.79382621951,91372.56434902891,91455.1796875,9238,0.0,0.0
2022-10-14 00:00:00+09:00,92116.10885038566,92529.18557168785,91042.109375,91042.109375,8554,0.0,0.0
2022-10-17 00:00:00+09:00,90298.57582972171,91124.72931398267,89802.88373916515,90546.421875,8679,0.0,0.0
2022-10-18 00:00:00+09:00,91289.9637124317,92033.50187841529,90381.19484289618,90711.65625,8295,0.0,0.0
2022-10-19 00:00:00+09:00,91207.34836065573,91537.80976775957,90546.42554644808,90711.65625,7535,0.0,0.0
2022-10-20 00:00:00+09:00,90381.19301219235,90876.88511280766,89885.50091157704,90629.0390625,7652,0.0,0.0
2022-10-21 00:00:00+09:00,90463.80929321625,91042.11674988522,89720.27113464188,89968.1171875,9524,0.0,0.0
2022-10-24 00:00:00+09:00,90050.7325384527,90381.19394226355,89637.65578368917,89968.1171875,4027,0.0,0.0
2022-10-25 00:00:00+09:00,89885.49908759125,90794.26792027829,89637.65304231296,90546.421875,5537,0.0,0.0
2022-10-26 00:00:00+09:00,90959.49598037598,94098.87912956244,90959.49598037598,93933.6484375,13170,0.0,0.0
2022-10-27 00:00:00+09:00,93437.96319596069,94594.578125,92777.04037936681,94594.578125,11325,0.0,0.0
2022-10-28 00:00:00+09:00,94264.11351102941,95999.03584558824,93768.42141544117,95503.34375,8029,0.0,0.0
2022-10-31 00:00:00+09:00,95585.94758042677,95833.79359835354,94511.94816941074,95338.1015625,8590,0.0,0.0
2022-11-01 00:00:00+09:00,95338.10804834905,96329.4921875,94264.10856426887,96329.4921875,9519,0.0,0.0
2022-11-02 00:00:00+09:00,96329.49398097827,96329.49398097827,94264.11031929348,95007.6484375,7628,0.0,0.0
2022-11-04 00:00:00+09:00,94511.95725700526,94925.03399326839,94016.26517348949,94346.7265625,4438,0.0,0.0
2022-11-07 00:00:00+09:00,95090.26097176535,95090.26097176535,93437.9540912829,94181.4921875,4880,0.0,0.0
2022-11-08 00:00:00+09:00,95090.26149853643,95668.56890990894,94511.95408716392,95255.4921875,3174,0.0,0.0
2022-11-09 00:00:00+09:00,94759.7951821797,96494.71732588134,94759.7951821797,96081.640625,4264,0.0,0.0
2022-11-10 00:00:00+09:00,96081.640625,96412.10198570507,95751.17926429493,96081.640625,2861,0.0,0.0
2022-11-11 00:00:00+09:00,96659.95364010989,98064.41450496619,96659.95364010989,97733.953125,5933,0.0,0.0
2022-11-14 00:00:00+09:00,97816.5614893617,97899.17682845745,96246.87004654255,97073.0234375,5217,0.0,0.0
2022-11-15 00:00:00+09:00,97155.64020127119,98147.02428495763,96742.56349973517,97486.1015625,5232,0.0,0.0
2022-11-16 00:00:00+09:00,97403.49447943241,97486.10982674321,96990.4177428784,97155.6484375,3920,0.0,0.0
2022-11-17 00:00:00+09:00,97403.49723993464,98312.26608610876,97155.65119097807,97981.8046875,4780,0.0,0.0
2022-11-18 00:00:00+09:00,98064.421875,98064.421875,97320.88371419544,98064.421875,2217,0.0,0.0
2022-11-21 00:00:00+09:00,98394.86861804976,99303.63734584031,97899.17658470945,98807.9453125,4469,0.0,0.0
2022-11-22 00:00:00+09:00,99551.49350951318,99551.49350951318,96742.571700946,97155.6484375,3728,0.0,0.0
2022-11-24 00:00:00+09:00,97155.6575020868,98973.1953125,96907.81143703047,98973.1953125,5103,0.0,0.0
2022-11-25 00:00:00+09:00,98890.5693655303,98890.5693655303,97733.95451914983,98147.03125,5467,0.0,0.0
2022-11-28 00:00:00+09:00,98312.25921809622,98725.3359375,97238.25974764644,98725.3359375,4871,0.0,0.0
2022-11-29 00:00:00+09:00,98477.49357769423,98973.18565946115,97816.57080200501,98890.5703125,3525,0.0,0.0
2022-11-30 00:00:00+09:00,98477.48564618644,98477.48564618644,96990.40952065677,97486.1015625,5774,0.0,0.0
2022-12-01 00:00:00+09:00,97651.3451522436,98560.11401575855,96412.11488381411,96659.9609375,5797,0.0,0.0
2022-12-02 00:00:00+09:00,97238.25868129812,97403.48936724765,96246.87456560094,96577.3359375,3024,0.0,0.0
2022-12-05 00:00:00+09:00,96577.33409139555,96825.18011558219,95833.79601883562,96494.71875,2479,0.0,0.0
2022-12-06 00:00:00+09:00,96494.72565901361,97155.6484375,95999.03357514882,97155.6484375,2725,0.0,0.0
2022-12-07 00:00:00+09:00,96907.8023955676,97651.34052136481,96659.9563536352,97155.6484375,4744,0.0,0.0
2022-12-08 00:00:00+09:00,97155.64889078499,97155.64889078499,96081.6493707338,96825.1875,5251,0.0,0.0
2022-12-09 00:00:00+09:00,97073.03538602941,97320.88143382352,96329.49724264706,96907.8046875,4321,0.0,0.0
2022-12-12 00:00:00+09:00,96907.8033227848,97899.1875,96659.957278481,97899.1875,3061,0.0,0.0
2022-12-13 00:00:00+09:00,97899.18142509623,97899.18142509623,96246.87456560094,96577.3359375,2872,0.0,0.0
2022-12-14 00:00:00+09:00,96577.34145691126,97320.87958617747,96081.6493707338,96825.1875,4324,0.0,0.0
2022-12-15 00:00:00+09:00,96742.57582250852,97155.65257666098,96164.26836669506,96990.421875,5044,0.0,0.0
2022-12-16 00:00:00+09:00,96742.57444271712,98064.42003715219,96329.49769445615,97981.8046875,10923,0.0,0.0
2022-12-19 00:00:00+09:00,97155.66054451167,97320.89125972343,95503.35339239413,95585.96875,3970,0.0,0.0
2022-12-20 00:00:00+09:00,95585.96006865315,95916.42146906337,89968.11626167959,90629.0390625,9914,0.0,0.0
2022-12-21 00:00:00+09:00,91124.72394215838,93768.4149359472,90959.49325504659,93107.4921875,5134,0.0,0.0
2022-12-22 00:00:00+09:00,93603.18888675308,94181.49632029877,92859.65075790862,94016.265625,4645,0.0,0.0
2022-12-23 00:00:00+09:00,94098.88562920404,94098.88562920404,92116.1171875,92116.1171875,3757,0.0,0.0
2022-12-26 00:00:00+09:00,92446.56803559492,93107.49077400847,91868.26063948307,92694.4140625,3048,0.0,0.0
2022-12-27 00:00:00+09:00,93024.88372797356,94016.2679240088,92529.19162995594,93768.421875,2594,0.0,0.0
2022-12-28 00:00:00+09:00,93603.19208233172,94511.9609375,93520.57673186189,94511.9609375,2443,0.0,0.0
2022-12-29 00:00:00+09:00,94016.26517348949,94346.7265625,93520.57308997372,94346.7265625,2222,0.0,0.0
2022-12-30 00:00:00+09:00,94346.7238359443,95172.87728459529,94181.4931462141,94925.03125,4228,0.0,0.0
2023-01-04 00:00:00+09:00,94759.80375384446,95172.88049209138,93768.41958205185,94016.265625,2818,0.0,0.0
2023-01-05 00:00:00+09:00,94181.49953562062,95090.26839078889,93685.80743280156,94511.9609375,7973,0.0,0.0
2023-01-06 00:00:00+09:00,94181.5124834656,94264.1278452932,93190.12814153438,93685.8203125,4902,0.0,0.0
2023-01-10 00:00:00+09:00,93933.64615542763,94429.33821957237,93603.18477933113,94181.4921875,2238,0.0,0.0
2023-01-11 00:00:00+09:00,94264.109375,94677.18610319895,93768.41730116126,94264.109375,3668,0.0,0.0
2023-01-12 00:00:00+09:00,94016.2817598104,94429.3585689484,93437.9742270172,93685.8203125,3818,0.0,0.0
2023-01-13 00:00:00+09:00,94016.26699877887,94511.9590919183,92942.26746364342,93024.8828125,4371,0.0,0.0
2023-01-16 00:00:00+09:00,92529.18839928058,93107.49582677608,91620.41958464478,91868.265625,3916,0.0,0.0
2023-01-17 00:00:00+09:00,91455.19536983945,91455.19536983945,89720.27296444954,90050.734375,5448,0.0,0.0
2023-01-18 00:00:00+09:00,90050.71730990784,91703.02404953918,88067.94922235023,89637.640625,7629,0.0,0.0
2023-01-19 00:00:00+09:00,88894.11396028037,89802.8827832944,87654.88374707944,88398.421875,6413,0.0,0.0
2023-01-20 00:00:00+09:00,87902.73161764706,89141.96185661765,87737.50091911765,88481.0390625,5573,0.0,0.0
2023-01-23 00:00:00+09:00,88563.66030358785,89802.890625,88563.66030358785,89802.890625,3169,0.0,0.0
2023-01-24 00:00:00+09:00,90298.57444431714,90959.4972215857,89307.1902784143,90133.34375,3511,0.0,0.0
2023-01-25 00:00:00+09:00,90546.42649082569,91372.58001720184,89968.11902236239,90050.734375,3192,0.0,0.0
2023-01-26 00:00:00+09:00,90546.40933179724,90876.8706797235,88811.48725518433,89637.640625,2630,0.0,0.0
2023-01-27 00:00:00+09:00,89720.27202868852,90711.65625,89720.27202868852,90711.65625,2438,0.0,0.0
2023-01-30 00:00:00+09:00,90546.41179481347,91042.10383018653,89968.10442021156,90794.2578125,3490,0.0,0.0
2023-01-31 00:00:00+09:00,91124.73630117295,91372.58236545538,89637.65991547838,89802.890625,4585,0.0,0.0
2023-02-01 00:00:00+09:00,90050.73668928242,90298.58275356486,89472.42920595677,89802.890625,3202,0.0,0.0
2023-02-02 00:00:00+09:00,89802.87315118554,90381.18052198435,88894.10442564457,89720.2578125,3073,0.0,0.0
2023-02-03 00:00:00+09:00,89555.04043273645,90381.19394226355,88894.11762511478,89968.1171875,2797,0.0,0.0
2023-02-06 00:00:00+09:00,90381.19484289618,90876.8869535519,89968.11808401639,90711.65625,2484,0.0,0.0
2023-02-07 00:00:00+09:00,90959.49954044117,90959.49954044117,89720.26930147059,89885.5,2356,0.0,0.0
2023-02-08 00:00:00+09:00,89637.640625,90050.71730990784,88646.2565812212,89637.640625,2586,0.0,0.0
2023-02-09 00:00:00+09:00,89141.96507950325,89637.657193013,88563.65761374187,88976.734375,3419,0.0,0.0
2023-02-10 00:00:00+09:00,89637.6553207914,90381.19347552607,88894.11716605673,90298.578125,4381,0.0,0.0
2023-02-13 00:00:00+09:00,90298.57582972171,91207.34466240877,90133.34513286952,90546.421875,2272,0.0,0.0
2023-02-14 00:00:00+09:00,90629.03221773282,91703.03168795208,90215.95549841772,91372.5703125,2046,0.0,0.0
2023-02-15 00:00:00+09:00,91042.10483416065,91703.02755527978,90711.64347360109,91537.796875,3460,0.0,0.0
2023-02-16 00:00:00+09:00,92033.50830518018,92281.35437781531,91455.20080236487,91703.046875,3292,0.0,0.0
2023-02-17 00:00:00+09:00,91455.19163602941,91537.80698529413,90463.80744485294,91289.9609375,2152,0.0,0.0
2023-02-20 00:00:00+09:00,91207.3387567325,92198.7228736535,91124.72341365574,92033.4921875,2609,0.0,0.0
2023-02-21 00:00:00+09:00,92281.32733333333,93520.55733333333,91868.25066666666,92942.25,4142,0.0,0.0
2023-02-22 00:00:00+09:00,92777.01933333333,93272.71133333333,92281.32733333333,92942.25,4737,0.0,0.0
2023-02-24 00:00:00+09:00,92694.40912102473,93685.79317579504,92529.17844522967,93520.5625,6095,0.0,0.0
2023-02-27 00:00:00+09:00,93685.80835992518,94346.73117022448,93355.34695477554,93851.0390625,4675,0.0,0.0
2023-02-28 00:00:00+09:00,94346.71774327008,94346.71774327008,93107.48765031995,93603.1796875,6832,0.0,0.0
2023-03-01 00:00:00+09:00,93355.3418671313,93437.95721391636,91785.65027821493,91868.265625,5406,0.0,0.0
2023-03-02 00:00:00+09:00,91868.26473214287,92694.41819196429,91372.57265625,92529.1875,2183,0.0,0.0
2023-03-03 00:00:00+09:00,93272.7256138393,93685.80234375001,92446.57215401786,92529.1875,2774,0.0,0.0
2023-03-06 00:00:00+09:00,92942.2633394282,93437.95541057181,92694.41730385639,93190.109375,3399,0.0,0.0
2023-03-07 00:00:00+09:00,93190.10611631017,93685.79817012032,92446.56803559492,92694.4140625,1991,0.0,0.0
2023-03-08 00:00:00+09:00,92446.5726016465,92694.41864079301,91537.80379144265,92198.7265625,3592,0.0,0.0
2023-03-09 00:00:00+09:00,92529.17333333332,92942.25,92281.32733333333,92942.25,1067,0.0,0.0
2023-03-10 00:00:00+09:00,92529.1847826087,93437.95356172361,92529.1847826087,93107.4921875,3428,0.0,0.0
2023-03-13 00:00:00+09:00,92694.41819196429,93107.49492187501,91868.26473214287,92529.1875,3246,0.0,0.0
2023-03-14 00:00:00+09:00,92694.42141707371,93685.80560335258,91703.03723079484,93024.8828125,3192,0.0,0.0
2023-03-15 00:00:00+09:00,93603.18370595826,93933.64507826525,91950.87684442324,92033.4921875,5157,0.0,0.0
2023-03-16 00:00:00+09:00,91703.02239441418,92116.09907186648,90381.17702656676,90959.484375,5800,0.0,0.0
2023-03-17 00:00:00+09:00,90959.49718488129,92033.49669750931,88563.65211824953,88728.8828125,9507,0.0,0.0
2023-03-20 00:00:00+09:00,88481.03537915109,89637.65022070862,87572.26657507016,88315.8046875,4609,0.0,0.0
2023-03-22 00:00:00+09:00,88563.66030358785,90050.73668928242,88398.42959406624,89802.890625,5616,0.0,0.0
2023-03-23 00:00:00+09:00,89885.49625818523,89885.49625818523,88067.95865002339,88315.8046875,3423,0.0,0.0
2023-03-24 00:00:00+09:00,88728.89014668367,89389.81297831632,88150.5826690051,89059.3515625,3875,0.0,0.0
2023-03-27 00:00:00+09:00,89307.18522255534,90133.33864737085,89224.5698800738,89555.03125,2200,0.0,0.0
2023-03-28 00:00:00+09:00,89720.2578125,90215.94984461326,88646.25840958794,89720.2578125,3148,0.0,0.0
2023-03-29 00:00:00+09:00,90381.19209558824,91455.19163602941,89968.11534926471,91289.9609375,5485,0.0,0.0
2023-03-30 00:00:00+09:00,91711.42311233886,92554.35898653315,90362.725713628,91542.8359375,5416,2200.0,0.0
2023-03-31 00:00:00+09:00,92385.77387511478,92385.77387511478,90362.7277318641,91795.71875,5357,0.0,0.0
2023-04-03 00:00:00+09:00,91880.01141934046,95167.46136920677,91711.42424242424,94577.40625,8961,0.0,0.0
2023-04-04 00:00:00+09:00,94493.13099419247,95420.36064712389,93818.7821556969,95251.7734375,6535,0.0,0.0
2023-04-05 00:00:00+09:00,95167.46387242845,95336.05105377907,93481.59205892218,94240.234375,4834,0.0,0.0
2023-04-06 00:00:00+09:00,94071.64391226499,94493.11185094001,93818.76314905997,94155.9375,4353,0.0,0.0
2023-04-07 00:00:00+09:00,94155.93917813628,94324.52635661101,92722.94816110109,93397.296875,3057,0.0,0.0
2023-04-10 00:00:00+09:00,94071.64558889891,94071.64558889891,92807.24175033845,93397.296875,2136,0.0,0.0
2023-04-11 00:00:00+09:00,93734.47123194946,93903.05841042419,92975.82892881318,93397.296875,2686,0.0,0.0
2023-04-12 00:00:00+09:00,93313.0078125,93734.4757791328,93144.42062584689,93313.0078125,3768,0.0,0.0
2023-04-13 00:00:00+09:00,93313.00983952702,93818.77141047297,93228.71624436937,93565.890625,1983,0.0,0.0
2023-04-14 00:00:00+09:00,94661.70562444147,94661.70562444147,93650.18250111707,94324.53125,3388,0.0,0.0
2023-04-17 00:00:00+09:00,94240.23189616755,94830.28701537433,93818.763953877,94577.40625,2516,0.0,0.0
2023-04-18 00:00:00+09:00,94914.58796501328,95504.64312998227,94493.11999003543,95167.46875,1995,0.0,0.0
2023-04-19 00:00:00+09:00,94914.57894009726,95420.34046198055,94324.52383123343,95336.046875,2204,0.0,0.0
2023-04-20 00:00:00+09:00,95336.05546462369,96178.99141037631,94998.88108632262,95757.5234375,1967,0.0,0.0
2023-04-21 00:00:00+09:00,95757.51070804195,96769.03370847902,95588.92354130244,96431.859375,3007,0.0,0.0
2023-04-24 00:00:00+09:00,96347.57155181859,96431.86514022788,96010.39719818142,96178.984375,2133,0.0,0.0
2023-04-25 00:00:00+09:00,96263.28204010462,96684.75,95841.81408020925,96684.75,2212,0.0,0.0
2023-04-26 00:00:00+09:00,96684.73889479712,97106.20680628272,96178.9774010144,96600.4453125,4122,0.0,0.0
2023-04-27 00:00:00+09:00,96600.44654173951,96769.03370847902,96178.97862489073,96431.859375,2235,0.0,0.0
2023-04-28 00:00:00+09:00,96516.15664839023,97864.85403386992,96010.39512883534,97527.6796875,4712,0.0,0.0
2023-05-01 00:00:00+09:00,97780.56293365135,97780.56293365135,96516.15910261276,97190.5078125,2737,0.0,0.0
2023-05-02 00:00:00+09:00,96684.75280708875,97443.3951569264,96178.9912405303,97359.1015625,3189,0.0,0.0
2023-05-08 00:00:00+09:00,97274.80096982759,97949.14967672413,96516.15867456896,97780.5625,6885,0.0,0.0
2023-05-09 00:00:00+09:00,98202.03465562337,98202.03465562337,96684.75,96684.75,6709,0.0,0.0
2023-05-10 00:00:00+09:00,96769.0291757642,97106.20349344978,96178.9741198144,96516.1484375,5651,0.0,0.0
2023-05-11 00:00:00+09:00,96516.15419083844,96516.15419083844,95588.92476193082,96263.2734375,1964,0.0,0.0
2023-05-12 00:00:00+09:00,96263.28170429515,96263.28170429515,94998.87782901982,95673.2265625,4840,0.0,0.0
2023-05-15 00:00:00+09:00,95673.21997748481,97106.2109375,95504.63280571831,97106.2109375,3481,0.0,0.0
2023-05-16 00:00:00+09:00,96853.33469537359,97274.80264443961,96431.86674630755,97021.921875,3122,0.0,0.0
2023-05-17 00:00:00+09:00,96769.04359197908,97274.80514385353,96347.5756320837,96684.75,3149,0.0,0.0
2023-05-18 00:00:00+09:00,97190.52634817477,97190.52634817477,94998.89262306415,95251.7734375,3963,0.0,0.0
2023-05-19 00:00:00+09:00,95504.63971229295,96937.63077593723,95336.0525283348,96684.75,4554,0.0,0.0
2023-05-22 00:00:00+09:00,96431.86020452568,96937.62170909486,96094.68586814622,96853.328125,3108,0.0,0.0
2023-05-23 00:00:00+09:00,96853.34348202507,96853.34348202507,94324.5355582124,95841.8203125,3938,0.0,0.0
2023-05-24 00:00:00+09:00,95841.81499613858,96347.57655284643,95251.75984664608,95504.640625,2534,0.0,0.0
2023-05-25 00:00:00+09:00,95251.75539517937,95251.75539517937,93650.17720711883,93987.3515625,3535,0.0,0.0
2023-05-26 00:00:00+09:00,94577.413585031,95251.76234499557,93987.358420062,95167.46875,3594,0.0,0.0
2023-05-29 00:00:00+09:00,94745.99379960318,95926.10404265873,94661.70021081349,95588.9296875,2728,0.0,0.0
2023-05-30 00:00:00+09:00,95588.9280265748,96516.15748715003,95420.34085192476,96347.5703125,2369,0.0,0.0
2023-05-31 00:00:00+09:00,96431.8729009236,100393.671875,95673.23054418556,100393.671875,9908,0.0,0.0
2023-06-01 00:00:00+09:00,96853.33313836898,97274.80108065953,94493.11266154189,94577.40625,8067,0.0,0.0
2023-06-02 00:00:00+09:00,94408.83214920071,95420.35535079929,94408.83214920071,94914.59375,4717,0.0,0.0
2023-06-05 00:00:00+09:00,95588.93092977033,95841.8116994258,94998.87580057421,95420.34375,3629,0.0,0.0
2023-06-06 00:00:00+09:00,95167.46875,95504.64312998227,94493.11999003543,95167.46875,4726,0.0,0.0
2023-06-07 00:00:00+09:00,95167.47000471385,95251.76360082076,94577.41483196539,94998.8828125,6433,0.0,0.0
2023-06-08 00:00:00+09:00,95167.46012427713,95167.46012427713,93397.29478981317,94745.9921875,7269,0.0,0.0
2023-06-09 00:00:00+09:00,94914.58749174736,95841.81703207527,94661.70670802156,95757.5234375,6474,0.0,0.0
2023-06-12 00:00:00+09:00,95504.63733988516,96010.39887919612,94998.87580057421,95420.34375,2892,0.0,0.0
2023-06-13 00:00:00+09:00,95926.09783333333,95926.09783333333,94661.69408333334,94830.28125,3794,0.0,0.0
2023-06-14 00:00:00+09:00,94661.71820381637,95420.36064712389,94661.71820381637,95251.7734375,4529,0.0,0.0
2023-06-15 00:00:00+09:00,95504.64467186129,96263.28703906936,95504.64467186129,96010.40625,4364,0.0,0.0
2023-06-16 00:00:00+09:00,95841.8190572871,96516.16782813871,95588.93826821774,96010.40625,6161,0.0,0.0
2023-06-19 00:00:00+09:00,96263.27630434782,96937.625,95673.22119565218,96937.625,4415,0.0,0.0
2023-06-20 00:00:00+09:00,96937.62542377514,97106.21259842519,95588.9280265748,96347.5703125,3977,0.0,0.0
2023-06-21 00:00:00+09:00,96094.68955052493,96600.45107447506,95673.22161389982,96347.5703125,3495,0.0,0.0
2023-06-22 00:00:00+09:00,95926.109375,96178.99015542619,95167.46703372145,95926.109375,3503,0.0,0.0
2023-06-23 00:00:00+09:00,95673.22701961437,96263.28216422872,94998.87828291224,95083.171875,3899,0.0,0.0
2023-06-26 00:00:00+09:00,94998.87580057421,95588.93092977033,94661.70144103357,95420.34375,2231,0.0,0.0
2023-06-27 00:00:00+09:00,95588.94152960526,96094.703125,94746.0055372807,96094.703125,3769,0.0,0.0
2023-06-28 00:00:00+09:00,96263.27507866753,97106.2109375,96178.98149278428,97106.2109375,4056,0.0,0.0
2023-06-29 00:00:00+09:00,96937.61633460698,97021.90991402838,96178.9741198144,96516.1484375,4304,0.0,0.0
2023-06-30 00:00:00+09:00,96347.56579163024,96431.859375,95420.33637456293,96431.859375,5276,0.0,0.0
2023-07-03 00:00:00+09:00,96516.15706521738,97106.21217391304,96263.27630434782,96937.625,3948,0.0,0.0
2023-07-04 00:00:00+09:00,97106.20680628272,97696.26188236257,96347.56456560864,96600.4453125,3668,0.0,0.0
2023-07-05 00:00:00+09:00,96853.33141304347,97274.79934782609,96347.56989130435,96937.625,4646,0.0,0.0
2023-07-06 00:00:00+09:00,96937.62087521853,97274.79520869756,96263.27220826049,96431.859375,2867,0.0,0.0
2023-07-07 00:00:00+09:00,96347.58392269736,96937.63911732456,95926.11592653509,96094.703125,1928,0.0,0.0
2023-07-10 00:00:00+09:00,96094.70110488127,96431.87549472296,95504.64592265831,95841.8203125,3139,0.0,0.0
2023-07-11 00:00:00+09:00,95926.10360977214,96516.15872863717,95841.81002136285,96178.984375,2394,0.0,0.0
2023-07-12 00:00:00+09:00,96178.99470234169,96684.75628710422,95841.8203125,95841.8203125,2553,0.0,0.0
2023-07-13 00:00:00+09:00,95588.93330427202,96769.04359197908,95588.93330427202,96684.75,3213,0.0,0.0
2023-07-14 00:00:00+09:00,96937.63359036797,97443.3951569264,96769.04640151515,97359.1015625,2838,0.0,0.0
2023-07-18 00:00:00+09:00,97274.79604547433,97443.38321366406,96516.15378862055,96853.328125,3028,0.0,0.0
2023-07-19 00:00:00+09:00,97190.5028867894,97864.8515625,97021.91571786176,97864.8515625,2022,0.0,0.0
2023-07-20 00:00:00+09:00,97611.98234577922,98202.03750676407,97359.1015625,97359.1015625,3320,0.0,0.0
2023-07-21 00:00:00+09:00,97021.91858695653,97443.38652173913,96853.33141304347,96937.625,2156,0.0,0.0
2023-07-24 00:00:00+09:00,97274.79647125323,97864.8515625,97106.20930232559,97864.8515625,2266,0.0,0.0
2023-07-25 00:00:00+09:00,98033.44780656816,98202.03499110225,97359.09906843184,97696.2734375,1979,0.0,0.0
2023-07-26 00:00:00+09:00,97696.27174523758,98454.9140625,97611.97815443065,98454.9140625,2020,0.0,0.0
2023-07-27 00:00:00+09:00,98623.50295243744,98792.09013697153,97527.68625296591,97696.2734375,4189,0.0,0.0
2023-07-28 00:00:00+09:00,97190.50452338325,97527.67886691623,95420.33921983506,97106.2109375,8295,0.0,0.0
2023-07-31 00:00:00+09:00,97527.69098441616,97527.69098441616,95757.52546093064,96010.40625,4833,0.0,0.0
2023-08-01 00:00:00+09:00,95926.10366532976,95926.10366532976,93818.763953877,94577.40625,5481,0.0,0.0
2023-08-02 00:00:00+09:00,94408.82484361037,94493.11843722074,93565.88890750671,94324.53125,4582,0.0,0.0
2023-08-03 00:00:00+09:00,93903.06091485507,94324.52887228261,92807.24422554347,93060.125,3564,0.0,0.0
2023-08-04 00:00:00+09:00,92807.24468009344,93060.12545578853,91964.30876110985,92470.0703125,3486,0.0,0.0
2023-08-07 00:00:00+09:00,92554.36141859673,93313.00372530654,92217.18706005903,92807.2421875,3381,0.0,0.0
2023-08-08 00:00:00+09:00,93144.4169904022,93397.29776051188,92217.1875,92217.1875,3735,0.0,0.0
2023-08-09 00:00:00+09:00,92217.18051922202,92807.23560481118,91627.12543363284,92638.6484375,4057,0.0,0.0
2023-08-10 00:00:00+09:00,92638.64514315802,93481.58094973817,92470.057981842,92554.3515625,3236,0.0,0.0
2023-08-14 00:00:00+09:00,92638.65670072114,92722.9502918956,91964.30797132554,92048.6015625,2165,0.0,0.0
2023-08-15 00:00:00+09:00,92048.60076471942,92217.18794560718,91458.54563161224,91627.1328125,2391,0.0,0.0
2023-08-16 00:00:00+09:00,91627.12543363284,92891.52918846678,91289.95109901046,92638.6484375,3325,0.0,0.0
2023-08-17 00:00:00+09:00,92554.3515625,92891.52588513207,92217.17723986795,92554.3515625,1823,0.0,0.0
2023-08-18 00:00:00+09:00,91880.0179581448,93144.421875,91880.0179581448,93144.421875,2902,0.0,0.0
2023-08-21 00:00:00+09:00,92470.05590753425,93228.69811643836,92301.46875,92301.46875,2901,0.0,0.0
2023-08-22 00:00:00+09:00,92638.65545018282,93144.4169904022,92217.1875,92217.1875,2371,0.0,0.0
2023-08-23 00:00:00+09:00,91964.31031927507,93397.30140582657,91880.01672594852,93313.0078125,2876,0.0,0.0
2023-08-24 00:00:00+09:00,93313.00906391403,93397.30265837105,92807.24749717195,93144.421875,1629,0.0,0.0
2023-08-25 00:00:00+09:00,93144.42062584689,93481.59499915312,92891.53984586721,93313.0078125,1824,0.0,0.0
2023-08-28 00:00:00+09:00,93481.59046423736,93565.88405347473,93060.12251805054,93397.296875,1688,0.0,0.0
2023-08-29 00:00:00+09:00,93228.70477710574,94155.93420978943,93144.41119231631,94071.640625,3658,0.0,0.0
2023-08-30 00:00:00+09:00,94071.6476428893,94155.94123396715,93397.29891426643,93650.1796875,3532,0.0,0.0
2023-08-31 00:00:00+09:00,93987.3515625,94998.87462864349,93818.76438480942,93987.3515625,7202,0.0,0.0
2023-09-01 00:00:00+09:00,93987.34786184209,94577.4029605263,93650.17351973684,94493.109375,3778,0.0,0.0
2023-09-04 00:00:00+09:00,94830.28125,95083.162,94408.81333333334,94830.28125,2450,0.0,0.0
2023-09-05 00:00:00+09:00,94914.59901825221,95673.24146155972,94661.71820381637,95251.7734375,2792,0.0,0.0
2023-09-06 00:00:00+09:00,95336.04854612298,95673.22289995544,94493.11266154189,94577.40625,4570,0.0,0.0
2023-09-07 00:00:00+09:00,94998.88156000886,95673.23031997342,94661.70718002657,95167.46875,3615,0.0,0.0
2023-09-08 00:00:00+09:00,95504.64312998227,95504.64312998227,94830.29437001771,95167.46875,5820,0.0,0.0
2023-09-11 00:00:00+09:00,95251.76062719684,95926.109375,95167.46703372145,95926.109375,3932,0.0,0.0
2023-09-12 00:00:00+09:00,95926.10073513455,97274.79810926648,95841.8071492513,97106.2109375,3867,0.0,0.0
2023-09-13 00:00:00+09:00,96937.62542377514,97864.8548843504,96263.27672517498,96347.5703125,4864,0.0,0.0
2023-09-14 00:00:00+09:00,96431.86471036584,97443.38776676828,96263.27753429877,96769.0390625,3316,0.0,0.0
2023-09-15 00:00:00+09:00,96600.45226293102,98033.4432650862,96600.45226293102,97780.5625,7342,0.0,0.0
2023-09-19 00:00:00+09:00,97696.2701519322,97949.15092022884,97190.50861533894,97611.9765625,2272,0.0,0.0
2023-09-20 00:00:00+09:00,97611.97408831755,98202.02919938683,97611.97408831755,97949.1484375,2808,0.0,0.0
2023-09-21 00:00:00+09:00,97696.2672826087,98370.61597826087,96937.625,96937.625,4389,0.0,0.0
2023-09-22 00:00:00+09:00,96937.62667068362,97359.09461273007,96010.39719818142,96178.984375,5096,0.0,0.0
2023-09-25 00:00:00+09:00,96347.57734237699,96769.04530975396,95841.81578152461,95926.109375,4633,0.0,0.0
2023-09-26 00:00:00+09:00,96263.27220826049,96769.03370847902,96263.27220826049,96431.859375,5783,0.0,0.0
2023-09-27 00:00:00+09:00,96347.5612786572,96684.7355963428,96010.38696097162,96516.1484375,5901,0.0,0.0
2023-09-28 00:00:00+09:00,96886.67643229167,96886.67643229167,93791.80478050596,93877.7734375,8251,2231.0,0.0
2023-09-29 00:00:00+09:00,94479.55560330254,95339.2421875,94307.61828646304,95339.2421875,5423,0.0,0.0
2023-10-02 00:00:00+09:00,95081.35132876247,96112.97539381232,94737.47664041251,94823.4453125,4145,0.0,0.0
2023-10-03 00:00:00+09:00,92244.38329037304,93877.78802710843,92158.41462001854,92760.1953125,9741,0.0,0.0
2023-10-04 00:00:00+09:00,92760.1929389881,92760.1929389881,89751.28955357143,90267.1015625,11381,0.0,0.0
2023-10-05 00:00:00+09:00,91298.72491302782,92330.34892334453,89579.3515625,89579.3515625,29809,0.0,0.0
2023-10-06 00:00:00+09:00,89579.35221726191,90610.97623511904,89235.47754464285,90267.1015625,49440,0.0,0.0
2023-10-10 00:00:00+09:00,90181.1201027199,93275.99171730323,90181.1201027199,92846.1484375,23425,0.0,0.0
2023-10-11 00:00:00+09:00,92502.28185595568,93791.81180747923,92158.40720221607,93104.0625,15743,0.0,0.0
2023-10-12 00:00:00+09:00,93447.93801463861,95511.18595608417,93104.063357731,93963.75,40045,0.0,0.0
2023-10-13 00:00:00+09:00,95081.34228650139,95339.24827823692,93361.96900826447,93619.875,66988,0.0,0.0
2023-10-16 00:00:00+09:00,93361.9690940367,94393.5930619266,93361.9690940367,93705.84375,13505,0.0,0.0
2023-10-17 00:00:00+09:00,93361.97052845528,96026.99915311653,93361.97052845528,95167.3125,11294,0.0,0.0
2023-10-18 00:00:00+09:00,95769.0787109375,96370.85927734374,95597.14140625,96284.890625,4693,0.0,0.0
2023-10-19 00:00:00+09:00,96370.87424123201,96886.68623538669,95597.15625,95597.15625,5893,0.0,0.0
2023-10-20 00:00:00+09:00,95339.24897447585,95511.18630355515,94049.71900638104,94307.625,4794,0.0,0.0
2023-10-23 00:00:00+09:00,94393.5930619266,94651.49905389908,93361.9690940367,93705.84375,5698,0.0,0.0
2023-10-24 00:00:00+09:00,94307.625,95167.31164539653,93705.84434822242,94307.625,5482,0.0,0.0
2023-10-25 00:00:00+09:00,94565.5330882353,96456.84375,94479.56442179145,96456.84375,5499,0.0,0.0
2023-10-26 00:00:00+09:00,95855.06283512064,97058.6241621984,95769.0941689008,96198.9375,5300,0.0,0.0
2023-10-27 00:00:00+09:00,97574.43774714411,99293.8110995167,97144.59440905096,97832.34375,9922,0.0,0.0
2023-10-30 00:00:00+09:00,97144.59375,97832.34308628319,96456.84441371681,97144.59375,5235,0.0,0.0
2023-10-31 00:00:00+09:00,97230.56140988371,97574.43607446333,95425.21942084079,96112.96875,9003,0.0,0.0
2023-11-01 00:00:00+09:00,96628.77963800904,97402.49762443439,94995.375,94995.375,12948,0.0,0.0
2023-11-02 00:00:00+09:00,95769.08621027305,96370.86682380259,94823.4309604409,96026.9921875,7303,0.0,0.0
2023-11-06 00:00:00+09:00,97144.59274373882,97402.49874217351,96112.96875,96112.96875,4968,0.0,0.0
2023-11-07 00:00:00+09:00,96628.78057795699,96628.78057795699,95339.25058803764,95941.03125,11401,0.0,0.0
2023-11-08 00:00:00+09:00,95339.24135653408,95941.02196022727,94049.71149147727,94565.5234375,7165,0.0,0.0
2023-11-09 00:00:00+09:00,93791.8046875,94737.45991349679,93190.0240891384,93791.8046875,5820,0.0,0.0
2023-11-10 00:00:00+09:00,93619.8673736824,94307.61662895279,92846.14946150321,93791.8046875,6886,0.0,0.0
2023-11-13 00:00:00+09:00,93791.81136943413,94135.68602156772,92502.28142393321,92674.21875,4639,0.0,0.0
2023-11-14 00:00:00+09:00,92416.32063108202,93190.03866427248,92072.44594966403,92760.1953125,5697,0.0,0.0
2023-11-15 00:00:00+09:00,93533.89880952382,94135.67940848214,93275.99283854167,93877.7734375,4032,0.0,0.0
2023-11-16 00:00:00+09:00,94307.62474291591,94651.49940013711,93447.93809986289,94049.71875,4493,0.0,0.0
2023-11-17 00:00:00+09:00,94049.71814627414,94135.68681002759,92932.1255174793,93447.9375,3577,0.0,0.0
2023-11-20 00:00:00+09:00,93018.10132356349,93361.97600498146,92416.32063108202,92760.1953125,6798,0.0,0.0
2023-11-21 00:00:00+09:00,92588.24199854651,93190.0225872093,92330.33603197674,92416.3046875,4563,0.0,0.0
2023-11-22 00:00:00+09:00,92588.25077693371,93447.93741367404,92244.37612223758,93361.96875,4331,0.0,0.0
2023-11-24 00:00:00+09:00,93361.9690940367,94049.7184059633,92502.28245412844,93705.84375,3260,0.0,0.0
2023-11-27 00:00:00+09:00,93447.93052149862,94651.49172416743,93447.93052149862,94221.6484375,3576,0.0,0.0
2023-11-28 00:00:00+09:00,94049.71727019497,94221.65459610027,92588.25,92588.25,3887,0.0,0.0
2023-11-29 00:00:00+09:00,92588.23396726468,92760.17126339702,91728.54748660298,92244.359375,2997,0.0,0.0
2023-11-30 00:00:00+09:00,92588.25137236962,93963.75,91814.53339432753,93963.75,13927,0.0,0.0
2023-12-01 00:00:00+09:00,93705.8494625235,93705.8494625235,91298.72672403665,91470.6640625,5290,0.0,0.0
2023-12-04 00:00:00+09:00,91384.69539326832,91814.53873942669,90868.88337787829,91470.6640625,4364,0.0,0.0
2023-12-05 00:00:00+09:00,91470.6565135895,91728.5625,90868.87587863168,91728.5625,3630,0.0,0.0
2023-12-06 00:00:00+09:00,91642.6015625,91728.5702318832,91126.78954620074,91642.6015625,2707,0.0,0.0
2023-12-07 00:00:00+09:00,91470.66341145833,91470.66341145833,90782.9140625,90782.9140625,2927,0.0,0.0
2023-12-08 00:00:00+09:00,90525.00878080986,91556.6328125,90525.00878080986,91556.6328125,6300,0.0,0.0
2023-12-11 00:00:00+09:00,91986.47624003283,91986.47624003283,90868.88353805112,91642.6015625,2880,0.0,0.0
2023-12-12 00:00:00+09:00,91212.75732375593,91298.72599229857,90439.03930687203,90696.9453125,2509,0.0,0.0
2023-12-13 00:00:00+09:00,90868.88248605175,90954.85115443969,90439.03914411206,90525.0078125,3220,0.0,0.0
2023-12-14 00:00:00+09:00,90525.0069052903,90954.85024292226,89579.3515625,89579.3515625,3530,0.0,0.0
2023-12-15 00:00:00+09:00,89751.28618421052,94737.46875,89149.50552971869,94737.46875,22862,0.0,0.0
2023-12-18 00:00:00+09:00,90267.10221231096,91126.78890004725,90181.13354353733,90954.8515625,9866,0.0,0.0
2023-12-19 00:00:00+09:00,90954.84294566253,91040.8116062917,89579.3443755958,90181.125,6174,0.0,0.0
2023-12-20 00:00:00+09:00,89837.25846539649,90782.91381766381,89493.38379184472,90525.0078125,4086,0.0,0.0
2023-12-21 00:00:00+09:00,90353.06931995909,90439.03798724736,88891.60197605871,89321.4453125,3641,0.0,0.0
2023-12-22 00:00:00+09:00,89321.43768011527,89751.28097982709,88719.65706051873,89493.375,3568,0.0,0.0
2023-12-25 00:00:00+09:00,89235.46802184466,89493.37399878641,87859.96947815534,88547.71875,3435,0.0,0.0
2023-12-26 00:00:00+09:00,88719.65579357352,88805.62445228822,87774.00054771178,88289.8125,4671,0.0,0.0
2023-12-27 00:00:00+09:00,88977.56295072116,89493.37490985577,88461.75099158654,89407.40625,5278,0.0,0.0
2023-12-28 00:00:00+09:00,90267.09266618498,90267.09266618498,88633.68813222543,89235.46875,6174,0.0,0.0
2023-12-29 00:00:00+09:00,89579.34383988494,89923.21848034515,89235.46919942474,89665.3125,3115,0.0,0.0
2024-01-04 00:00:00+09:00,90181.13139686288,90181.13139686288,88719.6640625,88719.6640625,3614,0.0,0.0
2024-01-05 00:00:00+09:00,89407.41447368421,90439.0384868421,89235.47713815789,89837.2578125,7242,0.0,0.0
2024-01-09 00:00:00+09:00,89923.21848034515,90181.12446069032,89493.3751797699,89665.3125,2684,0.0,0.0
2024-01-10 00:00:00+09:00,89407.40634005764,90696.93623919308,89407.40634005764,89493.375,3884,0.0,0.0
2024-01-11 00:00:00+09:00,89751.28914473683,90525.00715460526,89579.35180921052,89837.2578125,2784,0.0,0.0
2024-01-12 00:00:00+09:00,90009.19580217235,90954.85115443969,90009.19580217235,90525.0078125,3662,0.0,0.0
2024-01-15 00:00:00+09:00,90353.06320821529,91040.8125,90353.06320821529,91040.8125,369,0.0,0.0
2024-01-16 00:00:00+09:00,90353.05439676766,91384.67823383826,90009.1797844108,90095.1484375,2941,0.0,0.0
2024-01-17 00:00:00+09:00,90267.09392823195,90782.90589353612,90181.12526734792,90439.03125,3453,0.0,0.0
2024-01-18 00:00:00+09:00,90696.93669335564,90696.93669335564,89837.25008962715,89923.21875,3296,0.0,0.0
2024-01-19 00:00:00+09:00,90353.07063832939,90696.9453125,90009.19596415876,90696.9453125,2009,0.0,0.0
2024-01-22 00:00:00+09:00,90782.89995335821,92158.3984375,90782.89995335821,92158.3984375,2975,0.0,0.0
2024-01-23 00:00:00+09:00,92072.4445842161,92244.38192237524,91298.7265625,91298.7265625,3034,0.0,0.0
2024-01-24 00:00:00+09:00,91900.50748973005,92158.41349765258,91470.66414319248,91556.6328125,3052,0.0,0.0
2024-01-25 00:00:00+09:00,91126.78954620074,91814.53890126641,90782.91486866791,91642.6015625,3440,0.0,0.0
2024-01-26 00:00:00+09:00,91814.53116213683,91900.49982427366,91384.68785145268,91728.5625,3044,0.0,0.0
2024-01-29 00:00:00+09:00,91556.63289311678,92072.44490941604,91212.75821558395,91642.6015625,2666,0.0,0.0
2024-01-30 00:00:00+09:00,91814.5384139151,91986.47575176887,91126.7890625,91126.7890625,3738,0.0,0.0
2024-01-31 00:00:00+09:00,90696.95356680019,91298.73430136664,90696.95356680019,91212.765625,5331,0.0,0.0
2024-02-01 00:00:00+09:00,90954.85065962274,91040.81932754298,89751.28930873926,90009.1953125,7580,0.0,0.0
2024-02-02 00:00:00+09:00,90868.87552916275,91556.62482361242,90525.00088193791,91384.6875,6347,0.0,0.0
2024-02-05 00:00:00+09:00,91384.70297773328,92416.3270941329,91040.82827226674,91212.765625,4777,0.0,0.0
2024-02-06 00:00:00+09:00,90782.91470864663,91986.47607789004,90610.97737018327,91470.6640625,4798,0.0,0.0
2024-02-07 00:00:00+09:00,91728.5694173177,91986.47542317708,90782.9140625,90782.9140625,4564,0.0,0.0
2024-02-08 00:00:00+09:00,91556.63216207427,91986.47550555818,90868.8828125,90868.8828125,4148,0.0,0.0
2024-02-09 00:00:00+09:00,91814.53666385947,91814.53666385947,88891.60197605871,89321.4453125,5027,0.0,0.0
2024-02-13 00:00:00+09:00,89407.40625,89751.28088942308,88977.56295072116,89407.40625,2605,0.0,0.0
2024-02-14 00:00:00+09:00,89407.40579710144,89665.31177536231,88547.71920289854,88977.5625,5405,0.0,0.0
2024-02-15 00:00:00+09:00,88977.56158536585,89235.46756097561,87688.03170731707,88117.875,4000,0.0,0.0
2024-02-16 00:00:00+09:00,88117.88222157417,88375.78821832023,87172.22690017191,87516.1015625,5798,0.0,0.0
2024-02-19 00:00:00+09:00,87688.03069526628,87859.96801035503,86054.62620192308,87172.21875,4286,0.0,0.0
2024-02-20 00:00:00+09:00,87172.21875,87773.99935281066,87000.28143491125,87172.21875,4891,0.0,0.0
2024-02-21 00:00:00+09:00,87516.10113832675,87602.06980349211,86226.57116084649,87086.2578125,5178,0.0,0.0
2024-02-22 00:00:00+09:00,86828.35198583743,87516.10130849754,85882.6966671798,87258.1953125,7900,0.0,0.0
2024-02-26 00:00:00+09:00,87602.06323028238,88633.68713485882,87602.06323028238,88289.8125,5722,0.0,0.0
2024-02-27 00:00:00+09:00,88289.81989206214,88633.69455571183,87774.00789658757,87859.9765625,6000,0.0,0.0
2024-02-28 00:00:00+09:00,88117.8741695374,88203.84282726378,87172.21893454724,87344.15625,6642,0.0,0.0
2024-02-29 00:00:00+09:00,87258.20258246527,87344.17125496031,86054.64116753472,86656.421875,7637,0.0,0.0
2024-03-01 00:00:00+09:00,86570.4447109375,86742.3820390625,85624.78940625,85968.6640625,6707,0.0,0.0
2024-03-04 00:00:00+09:00,86398.5078125,86914.3197994403,85968.66449004975,86398.5078125,5876,0.0,0.0
2024-03-05 00:00:00+09:00,86570.43740680914,86828.34337723658,85882.68815233598,86484.46875,4943,0.0,0.0
2024-03-06 00:00:00+09:00,86742.3824704602,87258.1944574005,86398.5078125,86398.5078125,5238,0.0,0.0
2024-03-07 00:00:00+09:00,86828.3502669598,87000.2875942211,85023.00833071608,85538.8203125,6224,0.0,0.0
2024-03-08 00:00:00+09:00,84679.13298663881,85710.75694180597,84507.19566077761,84851.0703125,9118,0.0,0.0
2024-03-11 00:00:00+09:00,85280.90681362725,86054.62471818637,85194.93815756514,85796.71875,3638,0.0,0.0
2024-03-12 00:00:00+09:00,86140.601390625,86742.3820390625,85624.78940625,85968.6640625,6971,0.0,0.0
2024-03-13 00:00:00+09:00,85968.65653040877,86656.40578265204,85452.84459122631,86226.5625,5679,0.0,0.0
2024-03-14 00:00:00+09:00,86570.43787091988,87602.06175816023,86054.6259272997,86914.3125,6941,0.0,0.0
2024-03-15 00:00:00+09:00,87602.07056476272,89063.53788527397,87258.19590111301,87859.9765625,11317,0.0,0.0
2024-03-18 00:00:00+09:00,88203.85206213663,88719.6640625,87602.07139504603,88719.6640625,5961,0.0,0.0
2024-03-19 00:00:00+09:00,88719.67401036758,92158.42106503299,88633.70533400094,91212.765625,9783,0.0,0.0
2024-03-21 00:00:00+09:00,91384.68128616898,93104.05440538195,90782.90069444444,92846.1484375,7056,0.0,0.0
2024-03-22 00:00:00+09:00,93361.96883624655,93791.8121550138,92502.28219871206,93447.9375,5630,0.0,0.0
2024-03-25 00:00:00+09:00,93877.78107798165,94049.7184059633,93361.9690940367,93705.84375,4256,0.0,0.0
2024-03-26 00:00:00+09:00,93877.78802710843,94135.69403817192,92674.2266421455,92760.1953125,5489,0.0,0.0
2024-03-27 00:00:00+09:00,93533.89720930232,93533.89720930232,92244.36737645349,92416.3046875,8648,0.0,0.0
2024-03-28 00:00:00+09:00,92679.85374791865,93734.0321791746,92240.61273489535,92328.4609375,9993,2300.0,0.0
2024-03-29 00:00:00+09:00,92679.84698969255,92679.84698969255,91537.82043910868,92152.7578125,2985,0.0,0.0
2024-04-01 00:00:00+09:00,92416.3046875,92943.39387773289,91713.51910052281,92416.3046875,4355,0.0,0.0
2024-04-02 00:00:00+09:00,92591.99540791984,92855.53998687977,91801.36167104007,92064.90625,5718,0.0,0.0
2024-04-03 00:00:00+09:00,92064.90625,92152.75444298664,91449.96889909351,92064.90625,4408,0.0,0.0
2024-04-04 00:00:00+09:00,91977.07480858262,92592.01227148622,91977.07480858262,92504.1640625,3261,0.0,0.0
2024-04-05 00:00:00+09:00,92064.90625,93031.23637285305,91537.81709208015,92064.90625,4348,0.0,0.0
2024-04-08 00:00:00+09:00,92064.91979362101,93821.88391181988,91889.22338180112,93646.1875,3515,0.0,0.0
2024-04-09 00:00:00+09:00,93646.17872093023,94876.0534883721,93470.4823255814,94436.8125,3125,0.0,0.0
2024-04-10 00:00:00+09:00,94436.82024666433,95139.60588570927,93821.8828125,93821.8828125,2973,0.0,0.0
2024-04-11 00:00:00+09:00,93382.6396119986,94436.81804600047,92679.85398933069,94173.2734375,3641,0.0,0.0
2024-04-12 00:00:00+09:00,94085.42045657082,94173.26865494296,91713.51910052281,92416.3046875,5925,0.0,0.0
2024-04-15 00:00:00+09:00,92679.84928261644,93031.24207610505,92240.6082907557,92416.3046875,4032,0.0,0.0
2024-04-16 00:00:00+09:00,92767.697592068,93470.4831798867,92328.4565996813,93031.2421875,3931,0.0,0.0
2024-04-17 00:00:00+09:00,92943.4006980443,93470.4899269557,92328.46326431433,93206.9453125,3303,0.0,0.0
2024-04-18 00:00:00+09:00,93119.09593986743,93997.577977036,92767.703125,92767.703125,2601,0.0,0.0
2024-04-19 00:00:00+09:00,92855.55583509887,93470.49329096045,92328.46658721751,93294.796875,3154,0.0,0.0
2024-04-22 00:00:00+09:00,93382.64288227017,94348.97314727954,93382.64288227017,93646.1875,3768,0.0,0.0
2024-04-23 00:00:00+09:00,94261.11817140508,94788.20736900847,93294.78797579887,93470.484375,5317,0.0,0.0
2024-04-24 00:00:00+09:00,93558.34372046313,93646.1919305293,92152.77235940454,92943.40625,4972,0.0,0.0
2024-04-25 00:00:00+09:00,92943.40404307909,93734.03791490113,92679.85941913842,93294.796875,4289,0.0,0.0
2024-04-26 00:00:00+09:00,93031.24554834905,93646.18295990565,92328.45993514151,93119.09375,4355,0.0,0.0
2024-04-30 00:00:00+09:00,93294.79582457984,94261.12610148225,93206.9476175887,94085.4296875,3932,0.0,0.0
2024-05-01 00:00:00+09:00,94261.13171499538,95051.765625,93909.73886610444,95051.765625,4719,0.0,0.0
2024-05-02 00:00:00+09:00,94963.90288628472,95490.99207899305,94436.81369357639,94876.0546875,4754,0.0,0.0
2024-05-07 00:00:00+09:00,94876.06698895028,95666.70088052486,94348.97772790055,95403.15625,3998,0.0,0.0
2024-05-08 00:00:00+09:00,95578.85489833642,95666.70311055916,94700.37277610906,95051.765625,4541,0.0,0.0
2024-05-09 00:00:00+09:00,94963.91517029658,95666.70085148286,94788.21875,94788.21875,4078,0.0,0.0
2024-05-10 00:00:00+09:00,94876.05556860902,95315.29656661184,92855.54697779605,93470.484375,6884,0.0,0.0
2024-05-13 00:00:00+09:00,93382.63844306467,93821.87945173382,92855.54923266167,93734.03125,3757,0.0,0.0
2024-05-14 00:00:00+09:00,93909.734375,94436.8236231291,93470.49333489242,93909.734375,5053,0.0,0.0
2024-05-15 00:00:00+09:00,93294.79572197256,93382.64392886708,92416.31365302744,92855.5546875,3612,0.0,0.0
2024-05-16 00:00:00+09:00,92767.70319849483,93734.03344014582,92767.70319849483,93382.640625,5702,0.0,0.0
2024-05-17 00:00:00+09:00,92767.70094339622,93558.33475825471,92328.45993514151,93119.09375,3894,0.0,0.0
2024-05-20 00:00:00+09:00,92943.40625,93206.95088019849,92504.16519966918,92943.40625,3518,0.0,0.0
2024-05-21 00:00:00+09:00,92855.55689844492,93470.49436134852,91977.07480858262,92504.1640625,3992,0.0,0.0
2024-05-22 00:00:00+09:00,92152.76216528578,92416.30676633045,90922.88736041066,91449.9765625,3889,0.0,0.0
2024-05-23 00:00:00+09:00,91449.97891145338,92855.55015312797,91449.97891145338,92328.4609375,5659,0.0,0.0
2024-05-24 00:00:00+09:00,91713.52799787134,93382.64392886708,91449.98337718779,92855.5546875,4437,0.0,0.0
2024-05-27 00:00:00+09:00,92767.69518589132,93294.78436308389,91449.9722429099,92152.7578125,3819,0.0,0.0
2024-05-28 00:00:00+09:00,92152.77456416035,93031.25668583966,91801.38171548862,92592.015625,4529,0.0,0.0
2024-05-29 00:00:00+09:00,92592.01447036948,92943.40731465931,91449.98772642754,91537.8359375,2933,0.0,0.0
2024-05-30 00:00:00+09:00,91625.67963471284,91889.22425494691,90483.65294703185,91010.7421875,4210,0.0,0.0
2024-05-31 00:00:00+09:00,91537.83368924446,91977.07473381858,90571.50339118142,91274.2890625,6337,0.0,0.0
2024-06-03 00:00:00+09:00,91362.13501447876,92064.92066843629,91010.7421875,91010.7421875,3922,0.0,0.0
2024-06-04 00:00:00+09:00,91274.2890625,91977.07473381858,90747.19980901107,91274.2890625,3781,0.0,0.0
2024-06-05 00:00:00+09:00,91625.67625301932,91889.22086352657,90835.04242149758,90922.890625,2593,0.0,0.0
2024-06-06 00:00:00+09:00,90922.88736041066,91625.67296319644,90307.9499579731,91449.9765625,2269,0.0,0.0
2024-06-07 00:00:00+09:00,91625.67396438954,91625.67396438954,90483.64734738372,90659.34375,2351,0.0,0.0
2024-06-10 00:00:00+09:00,90483.65404376209,90835.046875,89693.02017347679,90835.046875,2668,0.0,0.0
2024-06-11 00:00:00+09:00,90835.04566719668,91010.74208047945,89693.01898085861,89780.8671875,2456,0.0,0.0
2024-06-12 00:00:00+09:00,89956.55804878048,90395.79905487804,89693.01344512195,90044.40625,1921,0.0,0.0
2024-06-13 00:00:00+09:00,89956.56243854474,90044.41064405114,89341.625,89341.625,3405,0.0,0.0
2024-06-14 00:00:00+09:00,89517.31155003648,90659.33809581712,89517.31155003648,90307.9453125,4225,0.0,0.0
2024-06-17 00:00:00+09:00,89956.56365403305,90571.50110088677,89780.86724064626,90395.8046875,2075,0.0,0.0
2024-06-18 00:00:00+09:00,90307.95094476745,90659.34375,89956.55813953489,90659.34375,1804,0.0,0.0
2024-06-19 00:00:00+09:00,90483.65294703185,91098.59039424469,90395.80474028716,91010.7421875,1552,0.0,0.0
2024-06-20 00:00:00+09:00,90747.19421799517,91889.22086352657,90483.64960748793,90922.890625,2528,0.0,0.0
2024-06-21 00:00:00+09:00,90747.19195130814,91186.43295784884,90044.40634084302,90659.34375,4154,0.0,0.0
2024-06-24 00:00:00+09:00,90395.8035887488,91098.58923375365,90044.41076624636,90571.5,3543,0.0,0.0
2024-06-25 00:00:00+09:00,90747.18335520038,92152.75444298664,90747.18335520038,92064.90625,2270,0.0,0.0
2024-06-26 00:00:00+09:00,92592.00454009433,93206.94195165094,92240.61173349056,93119.09375,4089,0.0,0.0
2024-06-27 00:00:00+09:00,93031.24876880372,93119.0969734957,91713.52569842407,91977.0703125,4122,0.0,0.0
2024-06-28 00:00:00+09:00,92855.55463541667,92855.55463541667,91010.74229166667,92240.6171875,3307,0.0,0.0
2024-07-01 00:00:00+09:00,92416.31119917716,92416.31119917716,90571.4989033761,90747.1953125,3569,0.0,0.0
2024-07-02 00:00:00+09:00,90835.04467726397,91537.83032273603,90307.95544315992,91186.4375,3636,0.0,0.0
2024-07-03 00:00:00+09:00,90922.88716376583,90922.88716376583,90132.25336234177,90220.1015625,2584,0.0,0.0
2024-07-04 00:00:00+09:00,90220.10274345931,90659.34375,89956.55813953489,90659.34375,1733,0.0,0.0
2024-07-05 00:00:00+09:00,90220.1036617249,90483.6482683317,89253.7734375,89253.7734375,5738,0.0,0.0
2024-07-08 00:00:00+09:00,89253.78350389864,90132.265625,89253.78350389864,90132.265625,4479,0.0,0.0
2024-07-09 00:00:00+09:00,90132.25554435485,90132.25554435485,89078.07711693548,89868.7109375,2136,0.0,0.0
2024-07-10 00:00:00+09:00,89517.31921829088,89693.015625,89165.92640487268,89693.015625,2352,0.0,0.0
2024-07-11 00:00:00+09:00,89605.16742164544,89868.7120317091,89165.92640487268,89693.015625,3487,0.0,0.0
2024-07-12 00:00:00+09:00,89693.01903395286,90571.50110088677,89253.77800048591,90395.8046875,4474,0.0,0.0
2024-07-16 00:00:00+09:00,90483.64606311274,90483.64606311274,89341.61946231617,89605.1640625,2741,0.0,0.0
2024-07-17 00:00:00+09:00,89517.32251385468,89780.86713362069,88726.68865455665,89165.9296875,3264,0.0,0.0
2024-07-18 00:00:00+09:00,89253.77794765167,90132.26001406556,89165.92974101027,89780.8671875,3600,0.0,0.0
2024-07-19 00:00:00+09:00,89780.86713362069,89780.86713362069,88814.53686114532,89165.9296875,2670,0.0,0.0
2024-07-22 00:00:00+09:00,89165.92735541044,89165.92735541044,88023.90069962686,88287.4453125,3009,0.0,0.0
2024-07-23 00:00:00+09:00,88023.90069962686,88638.83812966417,87848.20429104478,88287.4453125,4038,0.0,0.0
2024-07-24 00:00:00+09:00,88199.60270069375,88902.38837958375,88023.90628097126,88638.84375,2947,0.0,0.0
2024-07-25 00:00:00+09:00,88638.83812966417,89253.77555970149,88287.4453125,88287.4453125,2656,0.0,0.0
2024-07-26 00:00:00+09:00,88550.99888613861,89253.78459158416,88550.99888613861,88726.6953125,2998,0.0,0.0
2024-07-29 00:00:00+09:00,88726.68323170731,90132.2544512195,88463.13862804878,90044.40625,3591,0.0,0.0
2024-07-30 00:00:00+09:00,89956.56015779093,89956.56015779093,88550.98890532544,89078.078125,4514,0.0,0.0
2024-07-31 00:00:00+09:00,89078.07151619234,89780.8570902846,88902.37512266928,89517.3125,4355,0.0,0.0
2024-08-01 00:00:00+09:00,89165.92640487268,90132.25664177276,88638.83718474534,89693.015625,5861,0.0,0.0
2024-08-02 00:00:00+09:00,89165.93412518619,89868.7198128724,87584.66632789225,88463.1484375,7467,0.0,0.0
2024-08-05 00:00:00+09:00,86618.32892586297,86794.0253334205,83807.18640494246,83982.8828125,13275,0.0,0.0
2024-08-06 00:00:00+09:00,85212.75376939439,89341.61915822071,84861.36097034534,87760.3515625,8454,0.0,0.0
2024-08-07 00:00:00+09:00,87848.20550639136,90747.19628810226,87496.81268436578,89341.625,6644,0.0,0.0
2024-08-08 00:00:00+09:00,88726.67957066301,90220.09892977317,87936.04579231057,88111.7421875,4907,0.0,0.0
2024-08-09 00:00:00+09:00,88638.83798719727,89165.92721209637,87057.5703125,87057.5703125,9798,0.0,0.0
2024-08-13 00:00:00+09:00,87672.50579785925,89341.62163970227,87584.65759565699,89253.7734375,4712,0.0,0.0
2024-08-14 00:00:00+09:00,89078.07703309547,89605.16624630906,88111.74680887058,89253.7734375,5748,0.0,0.0
2024-08-15 00:00:00+09:00,88814.53582763672,89956.5625,87672.50915527344,89956.5625,5304,0.0,0.0
2024-08-16 00:00:00+09:00,89956.55922330098,90747.19304459952,89429.47000910195,90483.6484375,3759,0.0,0.0
2024-08-19 00:00:00+09:00,90659.34484223301,91098.58585406553,89868.71102093447,90483.6484375,3446,0.0,0.0
2024-08-20 00:00:00+09:00,91010.74329061895,91713.52895309478,90307.95762814312,90835.046875,2559,0.0,0.0
2024-08-21 00:00:00+09:00,90571.49765854554,90747.19406525465,89693.015625,89693.015625,3365,0.0,0.0
2024-08-22 00:00:00+09:00,89429.4633542072,90307.9453125,88550.9813959144,90307.9453125,3327,0.0,0.0
2024-08-23 00:00:00+09:00,90044.41300471469,90835.046875,89868.71658909574,90835.046875,2428,0.0,0.0
2024-08-26 00:00:00+09:00,90922.89622684072,91362.13727141482,90571.50339118142,91274.2890625,2305,0.0,0.0
2024-08-27 00:00:00+09:00,91362.12727708532,91889.21647291468,91010.73447986577,91625.671875,1891,0.0,0.0
2024-08-28 00:00:00+09:00,91889.2098640267,92416.29902194656,91625.66528506679,92064.90625,5224,0.0,0.0
2024-08-29 00:00:00+09:00,91889.21975952266,92592.00537909835,90571.49672281822,91098.5859375,4841,0.0,0.0
2024-08-30 00:00:00+09:00,90483.65076622597,91362.1328125,90044.40974308894,91362.1328125,9758,0.0,0.0
2024-09-02 00:00:00+09:00,91098.5816013756,91801.3671875,90747.1888083134,91801.3671875,5140,0.0,0.0
2024-09-03 00:00:00+09:00,91977.06804507902,91977.06804507902,91362.13062739464,91713.5234375,3839,0.0,0.0
2024-09-04 00:00:00+09:00,91362.12936046511,91801.37036700582,90307.95094476745,90659.34375,5128,0.0,0.0
2024-09-05 00:00:00+09:00,90307.95186392717,90571.49647053395,89253.7734375,89253.7734375,4477,0.0,0.0
2024-09-06 00:00:00+09:00,89429.47093811637,89693.01554795365,88902.38171844181,89078.078125,4321,0.0,0.0
2024-09-09 00:00:00+09:00,88990.23432840458,89253.77895129225,88375.296875,88375.296875,3348,0.0,0.0
2024-09-10 00:00:00+09:00,88550.98781988189,89605.16624630906,88550.98781988189,89253.7734375,4445,0.0,0.0
2024-09-11 00:00:00+09:00,88814.53453824627,88814.53453824627,87848.20429104478,88287.4453125,6772,0.0,0.0
2024-09-12 00:00:00+09:00,88814.53016257404,89693.01216220386,88726.68196261105,88990.2265625,2922,0.0,0.0
2024-09-13 00:00:00+09:00,89429.46984190453,89605.16624630906,89253.7734375,89253.7734375,5736,0.0,0.0
2024-09-17 00:00:00+09:00,88814.53359145446,89693.015625,88726.6853880999,89693.015625,2087,0.0,0.0
2024-09-18 00:00:00+09:00,89341.62281158178,90044.40843841822,89165.92640487268,89693.015625,3421,0.0,0.0
2024-09-19 00:00:00+09:00,90044.40506280637,90132.25326286764,89165.92306219363,89605.1640625,3606,0.0,0.0
2024-09-20 00:00:00+09:00,89868.72321428571,90659.35714285714,87936.0625,88551.0,17534,0.0,0.0
2024-09-24 00:00:00+09:00,88550.98764970059,88550.98764970059,87672.50562936626,88023.8984375,7092,0.0,0.0
2024-09-25 00:00:00+09:00,88023.91071428571,89165.9375,87584.66964285714,88551.0,5215,0.0,0.0
2024-09-26 00:00:00+09:00,88550.98890532544,89165.92632827909,88375.29249876726,89078.078125,5360,0.0,0.0
2024-09-27 00:00:00+09:00,89527.97134629909,89797.90492824774,88898.12632175226,89348.015625,7353,2400.0,0.0
2024-09-30 00:00:00+09:00,88628.19001029865,88808.1457260556,87368.5,87368.5,9400,0.0,0.0
2024-10-01 00:00:00+09:00,87908.37239849336,88178.30598825331,87458.48308222675,88088.328125,3758,0.0,0.0
2024-10-02 00:00:00+09:00,87638.4283249484,87728.40617743808,87008.58335752065,87188.5390625,3600,0.0,0.0
2024-10-03 00:00:00+09:00,87368.50521100976,87908.37239048048,87278.52734776466,87548.4609375,4184,0.0,0.0
2024-10-04 00:00:00+09:00,87368.50129671392,87998.34631121134,87278.5234375,87278.5234375,4509,0.0,0.0
2024-10-07 00:00:00+09:00,87278.52864583333,87638.44010416667,86288.77213541667,86378.75,4546,0.0,0.0
2024-10-08 00:00:00+09:00,86288.76822100313,86558.70180250784,85928.85677899687,86108.8125,4435,0.0,0.0
2024-10-09 00:00:00+09:00,86018.83463949843,86648.6796630094,86018.83463949843,86108.8125,2028,0.0,0.0
2024-10-10 00:00:00+09:00,86108.80856918238,86198.78642557652,85658.91928721174,85838.875,2448,0.0,0.0
2024-10-11 00:00:00+09:00,85748.89585242147,85928.8515625,85478.96228730367,85928.8515625,3644,0.0,0.0
2024-10-15 00:00:00+09:00,85478.97135416667,85838.8828125,84219.28125,84219.28125,6294,0.0,0.0
2024-10-16 00:00:00+09:00,84309.25388952089,84399.23174852783,83589.4310174652,84039.3203125,5532,0.0,0.0
2024-10-17 00:00:00+09:00,84129.29429028815,84939.09498399145,83949.33858057631,84309.25,4366,0.0,0.0
2024-10-18 00:00:00+09:00,84669.15875368436,84669.15875368436,83589.42452940783,83949.3359375,3146,0.0,0.0
2024-10-21 00:00:00+09:00,83859.37630907627,83949.35418065252,83319.50907961869,83769.3984375,3036,0.0,0.0
2024-10-22 00:00:00+09:00,83679.40880897506,83679.40880897506,82599.67450176248,82959.5859375,5364,0.0,0.0
2024-10-23 00:00:00+09:00,82599.67197580646,83859.3619623656,82419.71626344086,83679.40625,3997,0.0,0.0
2024-10-24 00:00:00+09:00,83409.48046875,83589.43619791667,82599.6796875,82599.6796875,4129,0.0,0.0
2024-10-25 00:00:00+09:00,82959.59114583333,82959.59114583333,81789.87890625,82599.6796875,5618,0.0,0.0
2024-10-28 00:00:00+09:00,82689.64329123782,83139.53253656554,82239.75404591009,83049.5546875,4309,0.0,0.0
2024-10-29 00:00:00+09:00,83049.5546875,83229.5103856311,82419.70974404117,83049.5546875,3285,0.0,0.0
2024-10-30 00:00:00+09:00,83049.5546875,83409.46608376219,82869.59898936891,83049.5546875,2365,0.0,0.0
2024-10-31 00:00:00+09:00,82599.67446779476,82959.58590338429,82149.78517330786,82419.71875,4786,0.0,0.0
2024-11-01 00:00:00+09:00,82239.7578125,82959.58063799235,82149.77995931346,82239.7578125,2996,0.0,0.0
2024-11-05 00:00:00+09:00,82239.76299793957,82599.67443337913,81879.8515625,81879.8515625,4060,0.0,0.0
2024-11-06 00:00:00+09:00,81969.82560017682,83049.55985616159,81879.84774551143,82689.6484375,3438,0.0,0.0
2024-11-07 00:00:00+09:00,82689.65229223901,82779.6301510989,81879.8515625,81879.8515625,3210,0.0,0.0
2024-11-08 00:00:00+09:00,81879.85547302848,82239.76692565718,81699.89974671413,82149.7890625,4072,0.0,0.0
2024-11-11 00:00:00+09:00,81969.82296789618,82599.66793032787,81879.84511612022,82329.734375,2752,0.0,0.0
2024-11-12 00:00:00+09:00,82059.80345484221,83049.55985616159,82059.80345484221,82689.6484375,2734,0.0,0.0
2024-11-13 00:00:00+09:00,81879.84892384105,82239.76034768211,81429.95964403973,81519.9375,4470,0.0,0.0
2024-11-14 00:00:00+09:00,81339.98567275748,81519.94139327243,80980.07423172757,81250.0078125,5565,0.0,0.0
2024-11-15 00:00:00+09:00,81429.95969538104,82239.76039953399,81160.02612733004,82059.8046875,5823,0.0,0.0
2024-11-18 00:00:00+09:00,82149.77995931346,82329.73566568654,81609.9128401942,82239.7578125,2912,0.0,0.0
2024-11-19 00:00:00+09:00,82059.81379498364,82599.68099100328,82059.81379498364,82509.703125,1960,0.0,0.0
2024-11-20 00:00:00+09:00,82509.68759310672,83229.5103856311,82419.70974404117,83049.5546875,5383,0.0,0.0
2024-11-21 00:00:00+09:00,82779.6327780837,83319.49994837555,81519.94271406939,81699.8984375,6288,0.0,0.0
2024-11-22 00:00:00+09:00,81609.9244820442,82239.76954419889,81429.96875,81429.96875,4680,0.0,0.0
2024-11-25 00:00:00+09:00,81699.89584478023,82509.69657451923,81609.91798592033,81879.8515625,8145,0.0,0.0
2024-11-26 00:00:00+09:00,81879.8426496479,83139.53253656554,81429.95340432016,83049.5546875,9136,0.0,0.0
2024-11-27 00:00:00+09:00,83229.52605302617,83319.50391902943,82329.74739299345,82509.703125,4135,0.0,0.0
2024-11-28 00:00:00+09:00,82329.74221294788,83229.52081636808,82329.74221294788,82869.609375,3794,0.0,0.0
2024-11-29 00:00:00+09:00,82419.72002200219,82599.67574257425,81789.875,81789.875,7720,0.0,0.0
2024-12-02 00:00:00+09:00,82149.78772865854,82239.76559035477,80800.11980321507,81160.03125,7311,0.0,0.0
2024-12-03 00:00:00+09:00,80980.07552660754,81519.94269678493,80620.16407982261,81160.03125,5213,0.0,0.0
2024-12-04 00:00:00+09:00,81339.98826815642,81429.96613128492,80440.20963687151,80530.1875,5058,0.0,0.0
2024-12-05 00:00:00+09:00,80440.20962809336,80710.14321744938,79990.3203125,79990.3203125,5399,0.0,0.0
2024-12-06 00:00:00+09:00,79900.33852990971,80260.24996472913,79450.44923638544,79720.3828125,6875,0.0,0.0
2024-12-09 00:00:00+09:00,79450.45442708333,79900.34375,79180.52083333333,79900.34375,7316,0.0,0.0
2024-12-10 00:00:00+09:00,79900.33588435374,79900.33588435374,79000.5573270975,79360.46875,5143,0.0,0.0
2024-12-11 00:00:00+09:00,79360.47134232955,79540.4270596591,78820.6041903409,79180.515625,4465,0.0,0.0
2024-12-12 00:00:00+09:00,79360.47788406214,79540.43361622555,77920.83202675488,78190.765625,9110,0.0,0.0
2024-12-13 00:00:00+09:00,77740.876276958,79270.5,77650.89841089671,79270.5,12188,0.0,0.0
2024-12-16 00:00:00+09:00,79180.52083333333,79180.52083333333,78370.72005208333,78820.609375,4559,0.0,0.0
2024-12-17 00:00:00+09:00,79000.5611483564,79000.5611483564,77650.8932471886,78010.8046875,5370,0.0,0.0
2024-12-18 00:00:00+09:00,78190.765625,78640.65495540852,77920.83202675488,78190.765625,5212,0.0,0.0
2024-12-19 00:00:00+09:00,77830.85416968424,78280.74350014485,77650.8984375,77650.8984375,5842,0.0,0.0
2024-12-20 00:00:00+09:00,78190.74860749421,78640.63783998843,77740.859375,77740.859375,7845,0.0,0.0
2024-12-23 00:00:00+09:00,77740.86474943053,79090.53254021925,77740.86474943053,79000.5546875,6182,0.0,0.0
2024-12-24 00:00:00+09:00,79090.53776633523,79450.44920099432,78820.6041903409,79180.515625,4078,0.0,0.0
2024-12-25 00:00:00+09:00,79180.52083333333,79540.43229166667,78550.67578125,78820.609375,2862,0.0,0.0
2024-12-26 00:00:00+09:00,78820.60294532131,79810.359375,78820.60294532131,79810.359375,5141,0.0,0.0
2024-12-27 00:00:00+09:00,80260.24741331096,80530.18098084453,79990.3138457774,80440.203125,4742,0.0,0.0
2024-12-30 00:00:00+09:00,80440.20701809764,80890.09631909372,80170.2734375,80170.2734375,6898,0.0,0.0
2025-01-06 00:00:00+09:00,80980.06902053274,81699.89185627081,80800.11331159822,81070.046875,6619,0.0,0.0
2025-01-07 00:00:00+09:00,81160.03254189945,81429.96613128492,80530.1875,80530.1875,6313,0.0,0.0
2025-01-08 00:00:00+09:00,81070.04551478795,81160.02336774554,80620.15625,80620.15625,4607,0.0,0.0
2025-01-09 00:00:00+09:00,80620.16273849607,80710.14059869529,79900.33985690236,80170.2734375,4921,0.0,0.0
2025-01-10 00:00:00+09:00,80080.29424731941,80080.29424731941,79450.44923638544,79720.3828125,5176,0.0,0.0
2025-01-14 00:00:00+09:00,79630.39965653475,79900.33321469248,79000.5546875,79000.5546875,5403,0.0,0.0
2025-01-15 00:00:00+09:00,78820.6041903409,79180.515625,78640.64847301136,79180.515625,5332,0.0,0.0
2025-01-16 00:00:00+09:00,79180.51174971687,79630.40102102209,79180.51174971687,79450.4453125,3812,0.0,0.0
2025-01-17 00:00:00+09:00,79180.51174971687,79720.37887528312,79180.51174971687,79450.4453125,4141,0.0,0.0
2025-01-20 00:00:00+09:00,79810.3606356534,79810.3606356534,79000.55990767045,79180.515625,3728,0.0,0.0
2025-01-21 00:00:00+09:00,79270.49344786898,79450.44916511727,78640.6484375,78640.6484375,2765,0.0,0.0
2025-01-22 00:00:00+09:00,78910.57806221298,79000.55591633181,78370.7109375,78370.7109375,4676,0.0,0.0
2025-01-23 00:00:00+09:00,78370.7174509031,78640.65103569381,77920.82814291859,78460.6953125,5248,0.0,0.0
2025-01-24 00:00:00+09:00,78190.75914437929,79360.47130649313,78190.75914437929,78640.6484375,7764,0.0,0.0
2025-01-27 00:00:00+09:00,78640.65236571991,80080.29817561866,78640.65236571991,79990.3203125,8992,0.0,0.0
2025-01-28 00:00:00+09:00,79990.31513332867,80890.093706257,79630.40370415735,80350.2265625,8638,0.0,0.0
2025-01-29 00:00:00+09:00,80440.21353006682,81070.05860244989,80350.23566258352,80800.125,6555,0.0,0.0
2025-01-30 00:00:00+09:00,80980.07026006712,80980.07026006712,80440.203125,80440.203125,4889,0.0,0.0
2025-01-31 00:00:00+09:00,80890.0924042226,80980.07026006712,80440.203125,80440.203125,8661,0.0,0.0
2025-02-03 00:00:00+09:00,80800.11584896417,80980.07156354983,80350.2265625,80350.2265625,8188,0.0,0.0
2025-02-04 00:00:00+09:00,80530.18227708567,80800.11584896417,79900.33727603583,80350.2265625,6089,0.0,0.0
2025-02-05 00:00:00+09:00,80170.27603873734,80170.27603873734,79720.38672314398,79990.3203125,5670,0.0,0.0
2025-02-06 00:00:00+09:00,79990.31508948703,80440.20437570462,79810.359375,79810.359375,4468,0.0,0.0
2025-02-07 00:00:00+09:00,79810.3606356534,79810.3606356534,79180.515625,79180.515625,6170,0.0,0.0
2025-02-10 00:00:00+09:00,79270.49738989452,79360.47525299316,78550.67448510547,78910.5859375,5350,0.0,0.0
2025-02-12 00:00:00+09:00,78910.57546713918,79270.48687177834,78370.7083601804,78550.6640625,3318,0.0,0.0
2025-02-13 00:00:00+09:00,78910.57947137188,79360.46875,78640.64590419501,79360.46875,4054,0.0,0.0
2025-02-14 00:00:00+09:00,79270.49089427438,79720.38017290249,79180.51303854874,79360.46875,4410,0.0,0.0
2025-02-17 00:00:00+09:00,79720.3828125,79900.33852990971,79270.49351897574,79720.3828125,4179,0.0,0.0
2025-02-18 00:00:00+09:00,79720.38151775648,79900.33723224352,79450.44794602593,79810.359375,4281,0.0,0.0
2025-02-19 00:00:00+09:00,79720.37887528312,80260.24600084938,79450.4453125,79450.4453125,7781,0.0,0.0
2025-02-20 00:00:00+09:00,79450.4453125,79720.37887528312,79270.48960397791,79450.4453125,5358,0.0,0.0
2025-02-21 00:00:00+09:00,79360.47008878241,79990.31508948703,79270.4922315389,79810.359375,4543,0.0,0.0
2025-02-25 00:00:00+09:00,79720.38802083333,80260.25520833333,79450.45442708333,79900.34375,9031,0.0,0.0
2025-02-26 00:00:00+09:00,80170.26698521206,80620.15625,79810.3555733817,80620.15625,11466,0.0,0.0
2025-02-27 00:00:00+09:00,80620.16279069768,81250.0078125,80260.25134966777,81250.0078125,9086,0.0,0.0
2025-02-28 00:00:00+09:00,80980.078125,81789.87890625,79900.34375,79900.34375,13525,0.0,0.0
2025-03-03 00:00:00+09:00,80620.15625,81160.02336774554,80260.24483816964,80620.15625,5423,0.0,0.0
2025-03-04 00:00:00+09:00,80530.18749121204,80890.09894368672,79990.3203125,79990.3203125,7145,0.0,0.0
2025-03-05 00:00:00+09:00,80080.29555084746,80260.25127118644,79630.40625,79630.40625,7694,0.0,0.0
2025-03-06 00:00:00+09:00,79630.40625,79900.33983050848,79540.42838983051,79630.40625,5707,0.0,0.0
2025-03-07 00:00:00+09:00,79540.43359818388,79810.36719636776,79180.5221339387,79270.5,7168,0.0,0.0
2025-03-10 00:00:00+09:00,79270.49348366477,79720.38277698864,79180.515625,79180.515625,3857,0.0,0.0
2025-03-11 00:00:00+09:00,79180.51303854874,79720.38017290249,79000.5573270975,79360.46875,7400,0.0,0.0
2025-03-12 00:00:00+09:00,79270.48838658708,80350.22262113764,79180.51053370787,80080.2890625,7132,0.0,0.0
2025-03-13 00:00:00+09:00,80080.29692662445,82149.78774607654,79990.31906490914,81699.8984375,12501,0.0,0.0
2025-03-14 00:00:00+09:00,81609.92188355696,82509.7005151287,81609.92188355696,82149.7890625,9378,0.0,0.0
2025-03-17 00:00:00+09:00,82419.71871565934,82419.71871565934,81609.91798592033,81879.8515625,4970,0.0,0.0
2025-03-18 00:00:00+09:00,81789.86726434427,82329.734375,81699.88941256831,82329.734375,6314,0.0,0.0
2025-03-19 00:00:00+09:00,82059.81119934283,82509.7005151287,81969.83333618565,82149.7890625,6437,0.0,0.0
2025-03-21 00:00:00+09:00,82239.7656419837,82959.58853600544,82239.7656419837,82779.6328125,9044,0.0,0.0
2025-03-24 00:00:00+09:00,82779.6262921654,82959.5820014962,82329.73701883841,82689.6484375,6948,0.0,0.0
2025-03-25 00:00:00+09:00,82779.62114030337,83679.39963095884,82599.66544217226,83049.5546875,6341,0.0,0.0
2025-03-26 00:00:00+09:00,83679.40360083693,83679.40360083693,82869.60292082884,83319.4921875,3714,0.0,0.0
2025-03-27 00:00:00+09:00,83139.53911290322,83769.3841061828,83049.56125672044,83679.40625,4922,0.0,0.0
2025-03-28 00:00:00+09:00,83243.71954684035,83614.515625,82965.62248822062,83614.515625,6641,2730.0,0.0
2025-03-31 00:00:00+09:00,82872.9243940248,82965.62341459977,82224.03125,82224.03125,6078,0.0,0.0
2025-04-01 00:00:00+09:00,82965.62048941985,83243.71754133969,82502.12540288677,82687.5234375,4557,0.0,0.0
2025-04-02 00:00:00+09:00,82687.52595338984,82965.62301377118,81667.83673199153,82038.6328125,5146,0.0,0.0
2025-04-03 00:00:00+09:00,81667.83712655016,82224.03125,81297.04104425028,82224.03125,6656,0.0,0.0
2025-04-04 00:00:00+09:00,82131.32727524973,83799.90954495006,81945.92924528303,83521.8125,10849,0.0,0.0
2025-04-07 00:00:00+09:00,81853.23477224576,83799.91419491525,80740.84653072034,82038.6328125,13438,0.0,0.0
2025-04-08 00:00:00+09:00,82131.33092013889,83985.31130208334,81945.93288194445,83429.1171875,8042,0.0,0.0
2025-04-09 00:00:00+09:00,82409.43340019707,82872.92852618243,81482.44314822635,82316.734375,5680,0.0,0.0
2025-04-10 00:00:00+09:00,83521.81779150607,84819.60408349395,82131.33247866189,84170.7109375,11254,0.0,0.0
2025-04-11 00:00:00+09:00,82872.92868193069,84448.81211324257,82872.92868193069,84263.4140625,5258,0.0,0.0
2025-04-14 00:00:00+09:00,84634.20643887363,85190.40056662088,84356.109375,84356.109375,3943,0.0,0.0
2025-04-15 00:00:00+09:00,84541.50662251655,84541.50662251655,83243.72033664459,83985.3125,4370,0.0,0.0
2025-04-16 00:00:00+09:00,84078.01601175743,84263.4140625,83521.8218595297,84263.4140625,2430,0.0,0.0
2025-04-17 00:00:00+09:00,84356.10976905153,84726.90585594847,83985.3136821546,84541.5078125,3535,0.0,0.0
2025-04-18 00:00:00+09:00,84726.90546016484,85097.70154532968,84263.4103537088,84356.109375,3337,0.0,0.0
2025-04-21 00:00:00+09:00,84356.10238306892,84819.59745110777,84078.00534224563,84726.8984375,2326,0.0,0.0
2025-04-22 00:00:00+09:00,84819.60566491539,85097.7027326692,84541.50859716156,84912.3046875,2694,0.0,0.0
2025-04-23 00:00:00+09:00,85005.00704237404,85097.70606859255,84263.41483262596,84634.2109375,3456,0.0,0.0
2025-04-24 00:00:00+09:00,84448.81094269102,84726.90801495017,83707.21875,83707.21875,3162,0.0,0.0
2025-04-25 00:00:00+09:00,83799.91326388888,84078.01032118055,82965.62209201389,83429.1171875,3281,0.0,0.0
2025-04-28 00:00:00+09:00,83336.41736711774,83521.81540352957,83058.3203125,83058.3203125,3172,0.0,0.0
2025-04-30 00:00:00+09:00,83151.02052730044,83799.91366407982,83058.32150776053,83614.515625,3772,0.0,0.0
2025-05-01 00:00:00+09:00,83614.52240662486,85097.70683955835,83521.82337956651,85005.0078125,3189,0.0,0.0
2025-05-02 00:00:00+09:00,85190.39962837838,86024.69081081082,85097.7006081081,85746.59375,4218,0.0,0.0
2025-05-07 00:00:00+09:00,86024.69711014177,86302.79419131679,84912.30878544165,85005.0078125,4468,0.0,0.0
2025-05-08 00:00:00+09:00,85190.40096456962,85283.09998629386,84263.4107473273,84541.5078125,4503,0.0,0.0
2025-05-09 00:00:00+09:00,84541.50859716156,84912.3046875,83985.31446165392,84912.3046875,4677,0.0,0.0
2025-05-12 00:00:00+09:00,85190.3914544962,85561.1875,84634.19738624051,85561.1875,3160,0.0,0.0
2025-05-13 00:00:00+09:00,85283.09998629386,85468.49802974232,84170.71172560308,84541.5078125,4101,0.0,0.0
2025-05-14 00:00:00+09:00,84448.80549009563,85097.69861680329,84263.40745389345,84819.6015625,2818,0.0,0.0
2025-05-15 00:00:00+09:00,84819.60566491539,85283.10077783842,84634.20761974617,84912.3046875,3675,0.0,0.0
2025-05-16 00:00:00+09:00,85283.10195227766,85653.89804772235,84726.90780911063,85468.5,3416,0.0,0.0
2025-05-19 00:00:00+09:00,85283.10412102957,85283.10412102957,84448.81288506297,84634.2109375,3387,0.0,0.0
2025-05-20 00:00:00+09:00,84634.2109375,84912.30801615553,84263.41483262596,84634.2109375,2966,0.0,0.0
2025-05-21 00:00:00+09:00,84448.80549009563,85097.69861680329,84263.40745389345,84819.6015625,4102,0.0,0.0
2025-05-22 00:00:00+09:00,84634.2109375,85005.00704237404,84448.81288506297,84634.2109375,3488,0.0,0.0
2025-05-23 00:00:00+09:00,85190.40485012071,86488.19121345226,85190.40485012071,86395.4921875,7401,0.0,0.0
2025-05-26 00:00:00+09:00,86673.5806169181,86858.97865032328,85839.28946659483,86024.6875,3896,0.0,0.0
2025-05-27 00:00:00+09:00,86024.69432661717,87507.87871155885,86024.69432661717,87415.1796875,4094,0.0,0.0
2025-05-28 00:00:00+09:00,87600.57481210443,87878.671875,86951.6816653481,87878.671875,3983,0.0,0.0
2025-05-29 00:00:00+09:00,87971.3701006356,88342.16618114407,86951.68087923729,87507.875,4719,0.0,0.0
2025-05-30 00:00:00+09:00,87415.17929729012,87971.37343916047,87137.08222635495,87229.78125,6042,0.0,0.0
2025-06-02 00:00:00+09:00,87322.47576292643,87693.27183835287,86395.48557436034,86951.6796875,4964,0.0,0.0
2025-06-03 00:00:00+09:00,86858.9765625,86951.67557697439,86302.78247565369,86858.9765625,3838,0.0,0.0
2025-06-04 00:00:00+09:00,86766.28084850106,86951.67888450214,86488.18379449946,86580.8828125,3285,0.0,0.0
2025-06-05 00:00:00+09:00,86580.89023940451,87137.08439511803,85468.50192797747,86395.4921875,16088,0.0,0.0
2025-06-06 00:00:00+09:00,86488.18459321695,86951.6796875,86117.3885177905,86951.6796875,10526,0.0,0.0
2025-06-09 00:00:00+09:00,86766.2857428115,87229.780858959,86766.2857428115,87044.3828125,4352,0.0,0.0
2025-06-10 00:00:00+09:00,87137.07970727848,88156.76893789557,87137.07970727848,87878.671875,3540,0.0,0.0
2025-06-11 00:00:00+09:00,88249.46584378266,88805.65995624347,88156.76682503919,88712.9609375,3248,0.0,0.0
2025-06-12 00:00:00+09:00,88712.96133667883,89176.45643248175,88434.86427919708,88898.359375,5767,0.0,0.0
2025-06-13 00:00:00+09:00,87878.66849226804,89918.046875,87878.66849226804,89918.046875,9908,0.0,0.0
2025-06-16 00:00:00+09:00,89825.34704968944,90381.54114906832,89176.45393374741,89547.25,4621,0.0,0.0
2025-06-17 00:00:00+09:00,89639.94572368421,90010.74177631579,88991.05263157895,89825.34375,4398,0.0,0.0
2025-06-18 00:00:00+09:00,89732.65134994808,90010.74840991692,88991.05919003116,89269.15625,2851,0.0,0.0
2025-06-19 00:00:00+09:00,89176.46054687501,89547.25664062501,88898.3634765625,88991.0625,2925,0.0,0.0
2025-06-20 00:00:00+09:00,88991.05799373041,88991.05799373041,88527.56290001306,88712.9609375,5294,0.0,0.0
2025-06-23 00:00:00+09:00,88712.96213006231,89361.85526998961,88527.56409008308,89269.15625,2936,0.0,0.0
2025-06-24 00:00:00+09:00,89547.25703287421,89732.65508056134,88898.36386596934,89176.4609375,2542,0.0,0.0
2025-06-25 00:00:00+09:00,89361.85566709844,89825.35076910621,89269.15664669688,89454.5546875,2759,0.0,0.0
2025-06-26 00:00:00+09:00,89732.65174870467,90103.44783031088,88898.36056509067,89454.5546875,4769,0.0,0.0
2025-06-27 00:00:00+09:00,89269.16112474173,89732.65625,89083.76307463844,89732.65625,3462,0.0,0.0
2025-06-30 00:00:00+09:00,89547.24795698222,89732.64598587867,88620.2578125,88620.2578125,7250,0.0,0.0
2025-07-01 00:00:00+09:00,88527.56081780538,89547.25,88434.86180124224,89547.25,4645,0.0,0.0
2025-07-02 00:00:00+09:00,89918.05430010331,90474.24845041323,89639.95722494835,89732.65625,4948,0.0,0.0
2025-07-03 00:00:00+09:00,89639.9527283031,89918.04978950777,89361.85566709844,89454.5546875,3028,0.0,0.0
2025-07-04 00:00:00+09:00,89454.5534899635,89639.95152828467,88898.359375,88898.359375,2279,0.0,0.0
2025-07-07 00:00:00+09:00,89176.4588053553,90010.75,89083.7597837281,90010.75,3720,0.0,0.0
2025-07-08 00:00:00+09:00,89732.64803312629,90103.44409937887,89547.25,89547.25,4849,0.0,0.0
2025-07-09 00:00:00+09:00,89732.65410696008,91308.53749520214,89639.95508412231,90566.9453125,6797,0.0,0.0
2025-07-10 00:00:00+09:00,91030.4288567229,91123.12786777862,90381.53577933281,90659.6328125,3161,0.0,0.0
2025-07-11 00:00:00+09:00,90659.64511659021,91215.83925840979,90566.94609295361,90937.7421875,3714,0.0,0.0
2025-07-14 00:00:00+09:00,91215.8359375,91401.23397802337,90752.34083619156,91215.8359375,2780,0.0,0.0
2025-07-15 00:00:00+09:00,91123.14140070921,91864.73359929078,90752.34530141843,91493.9375,4198,0.0,0.0
2025-07-16 00:00:00+09:00,91493.92680506552,92699.01398689517,91493.92680506552,91957.421875,4917,0.0,0.0
2025-07-17 00:00:00+09:00,92050.12910274146,92235.52714725856,91679.33301370725,92142.828125,2935,0.0,0.0
2025-07-18 00:00:00+09:00,92142.81990297379,92420.91694493448,91864.7228610131,91957.421875,3346,0.0,0.0
2025-07-22 00:00:00+09:00,92513.61595892138,92513.61595892138,91308.52877709173,91957.421875,2556,0.0,0.0
2025-07-23 00:00:00+09:00,91772.03573451661,92606.32696846676,91772.03573451661,92050.1328125,4335,0.0,0.0
2025-07-24 00:00:00+09:00,92050.1254004397,92699.01853015076,91957.42638190955,92235.5234375,4404,0.0,0.0
2025-07-25 00:00:00+09:00,92420.92267107892,93162.51482892108,92235.52463161838,92791.71875,3396,0.0,0.0
2025-07-28 00:00:00+09:00,92791.71875,93626.00992757242,92606.32071053945,92791.71875,3651,0.0,0.0
2025-07-29 00:00:00+09:00,92977.12128828437,93162.51933671563,92606.32519142181,93069.8203125,3183,0.0,0.0
2025-07-30 00:00:00+09:00,93255.21333190078,94738.3976393664,93069.81529346757,94367.6015625,7429,0.0,0.0
2025-07-31 00:00:00+09:00,94367.60275268555,95387.29197692871,94274.9037322998,94923.796875,4489,0.0,0.0
2025-08-01 00:00:00+09:00,95479.99336389962,96314.28456805019,94831.10020511583,96036.1875,5522,0.0,0.0
2025-08-04 00:00:00+09:00,96314.27995039211,97704.76522397815,95943.48387743584,97519.3671875,5669,0.0,0.0
2025-08-05 00:00:00+09:00,97426.66528204824,98168.25740598391,97055.8692200804,97982.859375,4669,0.0,0.0
2025-08-06 00:00:00+09:00,97797.47361438679,98724.46388561321,97612.07556014151,98260.96875,3690,0.0,0.0
2025-08-07 00:00:00+09:00,98539.05346795174,98724.45149893567,97612.06331303217,97982.859375,3792,0.0,0.0
2025-08-08 00:00:00+09:00,97612.06660638045,97982.86268085864,97055.87249466318,97704.765625,4604,0.0,0.0
2025-08-12 00:00:00+09:00,98260.96013849431,98260.96013849431,97333.96994850851,97890.1640625,3473,0.0,0.0
2025-08-13 00:00:00+09:00,97890.16285714286,98168.25991071429,96963.17267857143,97333.96875,4109,0.0,0.0
2025-08-14 00:00:00+09:00,97241.27383147003,97704.76894029495,96963.17676617506,97426.671875,2806,0.0,0.0
2025-08-15 00:00:00+09:00,97426.671875,97890.16698382492,97333.97285323501,97426.671875,2034,0.0,0.0
2025-08-18 00:00:00+09:00,97333.9662665563,98260.95642147587,97333.9662665563,97982.859375,3220,0.0,0.0
2025-08-19 00:00:00+09:00,98168.26310389307,99187.95233348968,97890.1660412758,98817.15625,3584,0.0,0.0
2025-08-20 00:00:00+09:00,99187.95351854012,99466.05058447995,98817.15743062034,99373.3515625,4295,0.0,0.0
2025-08-21 00:00:00+09:00,99373.34624413145,99651.4432951878,98724.453125,98724.453125,3754,0.0,0.0
2025-08-22 00:00:00+09:00,99002.55839971884,99466.05352331302,98724.46132556233,98909.859375,3109,0.0,0.0
2025-08-25 00:00:00+09:00,99373.3511682243,99558.7492114486,98353.66193049066,99187.953125,3201,0.0,0.0
2025-08-26 00:00:00+09:00,99187.94657639545,99280.64559188741,97982.859375,97982.859375,5055,0.0,0.0
2025-08-27 00:00:00+09:00,98631.75610465117,99744.14433139535,98446.35806686047,99651.4453125,4614,0.0,0.0
2025-08-28 00:00:00+09:00,99929.54316786377,100114.94120713623,99466.04806968258,100022.2421875,5342,0.0,0.0
2025-08-29 00:00:00+09:00,100114.93668680298,100207.63570225371,99558.74259409851,99744.140625,7341,0.0,0.0
2025-09-01 00:00:00+09:00,100114.94239631336,100578.4375,99744.14631336405,100578.4375,4993,0.0,0.0
2025-09-02 00:00:00+09:00,100393.0337331552,100671.13077950744,99558.74259409851,99744.140625,4446,0.0,0.0
2025-09-03 00:00:00+09:00,99744.14605850563,100022.24312000704,98260.96173049812,98631.7578125,6895,0.0,0.0
2025-09-04 00:00:00+09:00,98817.15585350094,99002.55389450188,97797.46662799576,98631.7578125,4966,0.0,0.0
2025-09-05 00:00:00+09:00,98446.35977149906,99002.55389450188,98075.56368949717,98631.7578125,5325,0.0,0.0
2025-09-08 00:00:00+09:00,99095.25410338785,99651.44823306076,98817.1570385514,99187.953125,3669,0.0,0.0
2025-09-09 00:00:00+09:00,99651.44980577458,100207.64394422542,99466.0517596243,99929.546875,4048,0.0,0.0
2025-09-10 00:00:00+09:00,99558.74340277778,100207.6365162037,99373.34537037037,100114.9375,4109,0.0,0.0
2025-09-11 00:00:00+09:00,100207.6365162037,100763.83061342592,99836.84045138888,100114.9375,3835,0.0,0.0
2025-09-12 00:00:00+09:00,100114.94029936014,101412.7265625,100022.24128056444,101412.7265625,7718,0.0,0.0
2025-09-16 00:00:00+09:00,101134.63069602272,101968.921875,100856.53363636363,101968.921875,4660,0.0,0.0
2025-09-17 00:00:00+09:00,102061.62168817934,102432.41777060687,101690.8256057518,102339.71875,4613,0.0,0.0
2025-09-18 00:00:00+09:00,102339.71544715446,103081.30758807588,101783.5213414634,102617.8125,5071,0.0,0.0
2025-09-19 00:00:00+09:00,102803.21758131233,103637.50879703082,102154.32441353129,102247.0234375,9825,0.0,0.0
2025-09-22 00:00:00+09:00,102154.32441353129,102803.21758131233,102061.62538956256,102247.0234375,6194,0.0,0.0
2025-09-24 00:00:00+09:00,102617.81620846518,102617.81620846518,101690.82599881329,102525.1171875,4441,0.0,0.0
2025-09-25 00:00:00+09:00,102061.62168817934,102988.61189424818,102061.62168817934,102339.71875,5865,0.0,0.0
2025-09-26 00:00:00+09:00,102525.11875841563,103544.80800465665,102432.41973603008,103266.7109375,9582,0.0,0.0
2025-09-29 00:00:00+09:00,103171.70169110691,103171.70169110691,100321.65468306528,100416.65625,9829,2700.0,0.0
2025-09-30 00:00:00+09:00,100986.67794896415,102316.70004800978,100796.67479195763,102031.6953125,7116,0.0,0.0
2025-10-01 00:00:00+09:00,102221.69846950652,102791.70794052607,100986.67794896415,102031.6953125,7538,0.0,0.0
2025-10-02 00:00:00+09:00,102411.69066584967,103076.70164419935,101081.66870915033,101746.6796875,7165,0.0,0.0
2025-10-03 00:00:00+09:00,101176.67176649306,102601.6953125,100986.66862702547,102601.6953125,7124,0.0,0.0
2025-10-06 00:00:00+09:00,103076.70461037477,104026.72032106947,102981.7030393053,103931.71875,7815,0.0,0.0
2025-10-07 00:00:00+09:00,103171.70469470046,103551.71097350231,102601.6952764977,103076.703125,3879,0.0,0.0
2025-10-08 00:00:00+09:00,103076.7047396316,103551.7125955746,102506.6953125,102506.6953125,4018,0.0,0.0
2025-10-09 00:00:00+09:00,102316.68903937326,102791.69688078167,101461.67492483811,102696.6953125,4045,0.0,0.0
2025-10-10 00:00:00+09:00,102221.69216720779,102696.70003043831,101651.68273133117,102411.6953125,3595,0.0,0.0
2025-10-14 00:00:00+09:00,101651.67965116279,102411.69220930233,100891.66709302326,102126.6875,3621,0.0,0.0
2025-10-15 00:00:00+09:00,102126.69360756215,103361.71408839778,101936.69045666436,103171.7109375,4350,0.0,0.0
2025-10-16 00:00:00+09:00,103551.71711051551,104121.7265625,102981.70765853103,104121.7265625,3011,0.0,0.0
2025-10-17 00:00:00+09:00,104216.72494050318,104786.734375,103836.71865083862,104786.734375,5592,0.0,0.0
2025-10-20 00:00:00+09:00,105166.74520039237,105926.7578125,104501.73416479821,105926.7578125,6261,0.0,0.0
2025-10-21 00:00:00+09:00,105831.75623598654,106496.76727158071,105641.75308295964,105926.7578125,5722,0.0,0.0
2025-10-22 00:00:00+09:00,106591.76091666667,106876.765625,105926.74993055555,106876.765625,8623,0.0,0.0
2025-10-23 00:00:00+09:00,106496.7577847469,107161.76876110124,105926.74837644315,106971.765625,5935,0.0,0.0
2025-10-24 00:00:00+09:00,106686.76413824059,106876.76728007181,105831.75,105831.75,4360,0.0,0.0
2025-10-27 00:00:00+09:00,106021.76081516904,106781.7734375,105736.75608179493,106781.7734375,3320,0.0,0.0
2025-10-28 00:00:00+09:00,106876.76881848167,106876.76881848167,105831.75152336762,106211.7578125,3993,0.0,0.0
2025-10-29 00:00:00+09:00,106496.76581572107,106591.76739093581,104216.72801056737,105071.7421875,5744,0.0,0.0
2025-10-30 00:00:00+09:00,104976.74211711712,106021.75945945946,104691.73738738739,105451.75,7233,0.0,0.0
2025-10-31 00:00:00+09:00,105641.74694293478,106116.75479789403,104881.734375,104881.734375,5740,0.0,0.0
2025-11-04 00:00:00+09:00,104976.73122049235,105641.7421875,104501.72338691546,105641.7421875,3099,0.0,0.0
2025-11-05 00:00:00+09:00,105546.74368722098,106401.7578125,104406.72485351562,106401.7578125,3021,0.0,0.0
2025-11-06 00:00:00+09:00,106496.76870412589,106781.7734375,106021.76081516904,106781.7734375,2614,0.0,0.0
2025-11-07 00:00:00+09:00,106876.7672377681,107066.77037952413,105736.7483872319,106306.7578125,3542,0.0,0.0
2025-11-10 00:00:00+09:00,106686.77185970864,107446.78448203958,106401.76712633453,106781.7734375,3788,0.0,0.0
2025-11-11 00:00:00+09:00,107256.77179961622,108491.79220120613,107161.77023026315,108301.7890625,2629,0.0,0.0
2025-11-12 00:00:00+09:00,108491.79692996922,109251.80951791997,108016.7890625,108016.7890625,2962,0.0,0.0
2025-11-13 00:00:00+09:00,107731.78428743433,108681.80002189142,107731.78428743433,108491.796875,2866,0.0,0.0
2025-11-14 00:00:00+09:00,108586.79996318718,109251.81098658378,108301.79523887434,108871.8046875,3787,0.0,0.0
2025-11-17 00:00:00+09:00,108776.79836438474,109631.8125,108396.79208188909,109631.8125,3036,0.0,0.0
2025-11-18 00:00:00+09:00,109536.81577289659,109631.8173477213,108396.796875,108396.796875,4513,0.0,0.0
2025-11-19 00:00:00+09:00,108586.79538690476,108871.80009920635,107256.77339616402,107731.78125,2787,0.0,0.0
2025-11-20 00:00:00+09:00,108586.79844844571,109631.81575634851,108206.79215466288,108491.796875,2966,0.0,0.0
2025-11-21 00:00:00+09:00,107161.77174388112,109061.80315777972,107066.77017318619,108681.796875,3832,0.0,0.0
2025-11-25 00:00:00+09:00,109156.80947359772,109251.81104842243,107731.78585122699,108396.796875,4072,0.0,0.0
2025-11-26 00:00:00+09:00,108776.79372151694,109441.8046875,107921.77962239584,109441.8046875,5444,0.0,0.0
2025-11-27 00:00:00+09:00,109251.81086451125,110391.82976048875,109156.80928984645,109821.8203125,4473,0.0,0.0
2025-11-28 00:00:00+09:00,109631.81581189534,109631.81581189534,107636.78276852463,108016.7890625,5592,0.0,0.0
2025-12-01 00:00:00+09:00,108301.78920200892,108301.78920200892,106401.7578125,106401.7578125,7244,0.0,0.0
2025-12-02 00:00:00+09:00,106116.75310407365,107066.76879882812,104976.7342703683,106401.7578125,3936,0.0,0.0
2025-12-03 00:00:00+09:00,106021.75,106496.7578405018,105641.74372759857,106021.75,4238,0.0,0.0
2025-12-04 00:00:00+09:00,105926.75636443264,106496.76581572107,104501.73273621158,105071.7421875,3859,0.0,0.0
2025-12-05 00:00:00+09:00,105071.7407852564,105166.74235920329,103646.7171760531,103741.71875,2946,0.0,0.0
2025-12-08 00:00:00+09:00,103741.71407683486,104501.72663417431,102981.70151949541,103551.7109375,4129,0.0,0.0
2025-12-09 00:00:00+09:00,103266.71082355287,104216.7265625,102791.7029540793,104216.7265625,2640,0.0,0.0
2025-12-10 00:00:00+09:00,103741.71556528662,104881.7344176524,103646.71399425615,104406.7265625,2607,0.0,0.0
2025-12-11 00:00:00+09:00,104406.72813496129,105166.74071465163,103741.71712773223,104311.7265625,4544,0.0,0.0
2025-12-12 00:00:00+09:00,104406.72798742139,106211.75786163523,104406.72798742139,105736.75,9501,0.0,0.0
2025-12-15 00:00:00+09:00,105261.74684684684,106116.76103603603,105261.74684684684,105451.75,2828,0.0,0.0
2025-12-16 00:00:00+09:00,105546.74368722098,106496.75938197544,105546.74368722098,106401.7578125,3295,0.0,0.0
2025-12-17 00:00:00+09:00,106686.76094865076,107066.76722095227,105546.74213174621,106496.7578125,4098,0.0,0.0
2025-12-18 00:00:00+09:00,106116.75154019849,107066.76722095227,106116.75154019849,106496.7578125,3497,0.0,0.0
2025-12-19 00:00:00+09:00,107161.77338923213,107636.78125,106781.76710061783,107636.78125,4093,0.0,0.0
2025-12-22 00:00:00+09:00,107541.77982446333,107826.78454131262,106211.7578125,106211.7578125,4625,0.0,0.0
2025-12-23 00:00:00+09:00,107066.77181707855,107636.78125,106876.7686727714,107636.78125,5232,0.0,0.0
2025-12-24 00:00:00+09:00,107731.77964638158,108396.79063185306,107446.77493832236,108301.7890625,3261,0.0,0.0
2025-12-25 00:00:00+09:00,108776.79840486293,109156.8046875,108301.79055156658,109156.8046875,2684,0.0,0.0
2025-12-26 00:00:00+09:00,109156.80788911997,109156.80788911997,107446.7795670972,108491.796875,5771,0.0,0.0
2025-12-29 00:00:00+09:00,108586.79850346307,108586.79850346307,107826.78591551232,108016.7890625,3909,0.0,0.0
2025-12-30 00:00:00+09:00,108776.80317429887,109251.81104842243,108206.79372535057,108396.796875,3208,0.0,0.0
2026-01-05 00:00:00+09:00,109536.81412788796,109631.81570128596,108016.78895352005,108966.8046875,5113,0.0,0.0
2026-01-06 00:00:00+09:00,108871.80140262253,110486.828125,108681.79825881342,110486.828125,4690,0.0,0.0
2026-01-07 00:00:00+09:00,109916.81401425814,110961.8312607204,109726.81087853773,110771.828125,5947,0.0,0.0
2026-01-08 00:00:00+09:00,110676.83126880911,111151.8391283319,110201.82340928633,110486.828125,5174,0.0,0.0
2026-01-09 00:00:00+09:00,111056.83127823795,111056.83127823795,109916.81247983004,110391.8203125,3289,0.0,0.0
2026-01-13 00:00:00+09:00,110866.83279646066,111056.8359375,109821.81552074423,111056.8359375,3898,0.0,0.0
2026-01-14 00:00:00+09:00,110866.82966615073,111246.8359375,110296.82025912682,111246.8359375,4487,0.0,0.0
2026-01-15 00:00:00+09:00,110866.8390224359,111151.84375,110296.8295673077,111151.84375,5832,0.0,0.0
2026-01-16 00:00:00+09:00,110961.83740441802,111816.8515625,110676.83268505735,111816.8515625,4215,0.0,0.0
2026-01-19 00:00:00+09:00,112006.8579326923,112861.87211538463,111056.8421741453,111151.84375,3189,0.0,0.0
2026-01-20 00:00:00+09:00,111626.85016957365,111626.85016957365,110296.828125,110296.828125,4831,0.0,0.0
2026-01-21 00:00:00+09:00,109821.81890323994,110391.8283439142,108301.79372810859,108491.796875,6264,0.0,0.0
2026-01-22 00:00:00+09:00,108966.8000136463,109536.80942958516,108681.79530567686,108776.796875,4821,0.0,0.0
2026-01-23 00:00:00+09:00,109251.80472161573,109441.80786026201,108111.78588973799,108776.796875,5320,0.0,0.0
2026-01-26 00:00:00+09:00,108776.80159533714,108776.80159533714,107921.78743432574,108491.796875,4122,0.0,0.0
2026-01-27 00:00:00+09:00,108301.7906332309,108396.79220396181,107446.77649665278,108206.7890625,4162,0.0,0.0
2026-01-28 00:00:00+09:00,107826.78114809783,109251.8046875,107446.77487092391,109251.8046875,5057,0.0,0.0
2026-01-29 00:00:00+09:00,108681.79821275684,110961.8359375,107826.78406597817,110961.8359375,7609,0.0,0.0
2026-01-30 00:00:00+09:00,110201.82355182928,110296.82512385672,108586.7968273628,109061.8046875,7962,0.0,0.0
2026-02-02 00:00:00+09:00,109536.81412788796,110106.82356827593,108776.80154070401,108966.8046875,4221,0.0,0.0
2026-02-03 00:00:00+09:00,109061.80459304836,110011.8203125,108681.7983052677,110011.8203125,3082,0.0,0.0
2026-02-04 00:00:00+09:00,109536.81709321121,110676.83600484914,108966.80763739225,110201.828125,3746,0.0,0.0
2026-02-05 00:00:00+09:00,110771.83130662209,110866.83287721095,109821.81560073339,110106.8203125,4244,0.0,0.0
2026-02-06 00:00:00+09:00,110011.81408691406,110011.81408691406,109061.79842122397,109441.8046875,3229,0.0,0.0
2026-02-09 00:00:00+09:00,109726.81253396739,110011.81724184782,109061.80154891305,109251.8046875,3858,0.0,0.0
2026-02-10 00:00:00+09:00,109441.81401384083,109821.8203125,109061.80771518165,109821.8203125,3629,0.0,0.0
2026-02-12 00:00:00+09:00,109251.81086451125,109821.8203125,109061.80771518165,109821.8203125,3291,0.0,0.0
2026-02-13 00:00:00+09:00,109536.80942958516,109726.81256823144,108396.79059770743,108776.796875,5131,0.0,0.0
2026-02-16 00:00:00+09:00,108871.80612824675,109726.8203125,108396.79824810606,109726.8203125,5934,0.0,0.0
2026-02-17 00:00:00+09:00,109536.80939538043,109536.80939538043,108396.7905638587,109251.8046875,4482,0.0,0.0
2026-02-18 00:00:00+09:00,108776.79832425581,110201.82188308887,108776.79832425581,110106.8203125,4151,0.0,0.0
2026-02-19 00:00:00+09:00,110011.82352302346,110011.82352302346,108966.80620112945,109346.8125,3285,0.0,0.0
2026-02-20 00:00:00+09:00,109821.81716860968,110011.8203125,109061.80459304836,110011.8203125,3970,0.0,0.0
2026-02-24 00:00:00+09:00,110391.82807144387,111246.8422303449,109726.8170589653,110866.8359375,6020,0.0,0.0
2026-02-25 00:00:00+09:00,110866.83275660136,111531.84375,110391.82490417377,111531.84375,5386,0.0,0.0
2026-02-26 00:00:00+09:00,111531.84532182438,112006.85318094629,111056.83746270248,111436.84375,4013,0.0,0.0
2026-02-27 00:00:00+09:00,111436.84230074417,111436.84230074417,110011.81874191112,110106.8203125,7145,0.0,0.0
2026-03-02 00:00:00+09:00,110296.8249344499,111151.8390812286,109726.81550326412,110961.8359375,5236,0.0,0.0
2026-03-03 00:00:00+09:00,110391.82976048875,110676.83448448313,109441.81401384083,109821.8203125,5623,0.0,0.0
2026-03-04 00:00:00+09:00,109346.81262324715,109916.82207219544,108016.79057570115,108396.796875,9092,0.0,0.0
2026-03-05 00:00:00+09:00,108871.80456585207,110676.83448448313,108871.80456585207,109821.8203125,5470,0.0,0.0
2026-03-06 00:00:00+09:00,109821.81568211489,110011.81882343342,108871.7999755222,109156.8046875,4772,0.0,0.0
2026-03-09 00:00:00+09:00,107351.7733689693,109251.8047560307,107256.77179961622,108301.7890625,7820,0.0,0.0
2026-03-10 00:00:00+09:00,108871.80009920635,109251.80638227513,107731.78125,107731.78125,5503,0.0,0.0
2026-03-11 00:00:00+09:00,108491.7890218099,110201.8172200521,107731.77648925781,109441.8046875,4630,0.0,0.0
2026-03-12 00:00:00+09:00,109061.80158296943,109441.80786026201,108491.79216703057,108776.796875,4859,0.0,0.0
2026-03-13 00:00:00+09:00,108396.79377883348,109251.80792783391,108016.78749038883,108111.7890625,7395,0.0,0.0
2026-03-16 00:00:00+09:00,107731.78112761097,109916.81725277416,107731.78112761097,109156.8046875,4878,0.0,0.0
2026-03-17 00:00:00+09:00,109156.79996758858,110486.82189930855,109156.79996758858,109916.8125,4853,0.0,0.0
2026-03-18 00:00:00+09:00,110296.82963385193,110676.8359375,109726.82017837983,110676.8359375,4170,0.0,0.0
2026-03-19 00:00:00+09:00,110011.82364702015,110201.82679666959,108396.796875,108396.796875,7013,0.0,0.0
2026-03-23 00:00:00+09:00,107731.77978515625,107731.77978515625,105831.74839564732,106401.7578125,8061,0.0,0.0
2026-03-24 00:00:00+09:00,107066.76724910394,107446.77352150538,106021.75,106021.75,6215,0.0,0.0
2026-03-25 00:00:00+09:00,106686.765625,107256.77505843723,106496.76248052093,106686.765625,2995,0.0,0.0
2026-03-26 00:00:00+09:00,106781.76251672614,107066.76722095227,105736.74526789697,106496.7578125,5292,0.0,0.0
2026-03-27 00:00:00+09:00,106116.7578125,107066.77354940689,105926.75466511861,106116.7578125,9805,0.0,0.0
2026-03-30 00:00:00+09:00,105367.60434593023,105464.89668604652,103713.6345639535,104589.265625,8465,2630.0,0.0
2026-03-31 00:00:00+09:00,104491.97560436321,104686.5602889151,102935.29812794812,103129.8828125,7917,0.0,0.0
2026-04-01 00:00:00+09:00,104200.09675369685,105270.3125,103908.21973197782,105270.3125,5564,0.0,0.0
2026-04-02 00:00:00+09:00,105464.89541589003,106243.23412744641,104102.80267066635,104394.6796875,5439,0.0,0.0
2026-04-03 00:00:00+09:00,104394.68143484287,105464.89718114602,103908.21973197782,105270.3125,2883,0.0,0.0
2026-04-06 00:00:00+09:00,104881.14362373737,106243.23639807163,104881.14362373737,105951.359375,2092,0.0,0.0
2026-04-07 00:00:00+09:00,105951.36140366022,106729.70014675414,105659.484375,105659.484375,3327,0.0,0.0
2026-04-08 00:00:00+09:00,106924.28423423423,107994.5,106437.82252252252,107994.5,5338,0.0,0.0
2026-04-09 00:00:00+09:00,107508.03402033956,107702.61869729945,106535.11063554011,106729.6953125,5099,0.0,0.0
2026-04-10 00:00:00+09:00,107118.8692153347,107118.8692153347,105464.89939093807,106826.9921875,6445,0.0,0.0
2026-04-13 00:00:00+09:00,106243.23287205081,107216.15625,105756.77118307623,107216.15625,4769,0.0,0.0
2026-04-14 00:00:00+09:00,107994.49874492329,108675.54513340478,107799.9140625,107799.9140625,4514,0.0,0.0
2026-04-15 00:00:00+09:00,108578.25152576853,108578.25152576853,107605.328125,107605.328125,5017,0.0,0.0
2026-04-16 00:00:00+09:00,108091.78729015426,108091.78729015426,106535.10988543557,107216.15625,3876,0.0,0.0
2026-04-17 00:00:00+09:00,106924.28404989689,106924.28404989689,106048.65297032539,106145.9453125,2819,0.0,0.0
2026-04-20 00:00:00+09:00,107021.57484673025,107508.03655057903,106826.99016519074,107118.8671875,3060,0.0,0.0
2026-04-21 00:00:00+09:00,107118.86415567661,107118.86415567661,106048.6484375,106048.6484375,3843,0.0,0.0
2026-04-22 00:00:00+09:00,107021.5700161887,107021.5700161887,104978.43095224329,105173.015625,5055,0.0,0.0
2026-04-23 00:00:00+09:00,105075.72781885398,105854.06654343808,104394.68143484287,105270.3125,4068,0.0,0.0
2026-04-24 00:00:00+09:00,105075.7298424467,105659.48389712696,104491.97578776645,104978.4375,4042,0.0,0.0
2026-04-27 00:00:00+09:00,105367.60734633978,105756.77671788675,104686.5609461326,105659.484375,4644,0.0,0.0
2026-04-28 00:00:00+09:00,105173.02248564902,105464.89951382381,103519.05265932521,103810.9296875,4724,0.0,0.0
2026-04-30 00:00:00+09:00,103519.04863699907,104394.6796875,103421.75629805452,104394.6796875,5529,0.0,0.0
2026-05-01 00:00:00+09:00,104102.8067156748,104589.26842929944,103616.34500205015,103810.9296875,3596,0.0,0.0
2026-05-07 00:00:00+09:00,104491.97355656161,104491.97355656161,102740.71142991533,103421.7578125,6383,0.0,0.0
2026-05-08 00:00:00+09:00,104005.51058847785,104005.51058847785,102838.00251826107,103227.171875,6992,0.0,0.0
2026-05-11 00:00:00+09:00,103227.17389827505,103713.63560373346,102546.12751063328,102935.296875,4638,0.0,0.0
2026-05-12 00:00:00+09:00,103227.16882440475,103324.46116071429,101573.19910714285,102156.953125,5410,0.0,0.0
2026-05-13 00:00:00+09:00,102059.66734255725,102351.544370229,101378.62094465649,101962.375,3820,0.0,0.0
2026-05-14 00:00:00+09:00,101767.78704420877,102351.54108079123,101573.20236534796,102059.6640625,3872,0.0,0.0
2026-05-15 00:00:00+09:00,102059.66657021604,103032.58998842593,101865.08188657407,102448.8359375,3849,0.0,0.0
2026-05-18 00:00:00+09:00,102156.95462740384,102156.95462740384,100794.86189903846,101184.03125,4443,0.0,0.0
2026-05-19 00:00:00+09:00,102156.95765937203,102448.83468125595,101378.61893434824,102254.25,3814,0.0,0.0
2026-05-20 00:00:00+09:00,102156.95666586306,102448.8336849084,100405.69455159114,100892.15625,7254,0.0,0.0
2026-05-21 00:00:00+09:00,101573.20186540307,101573.20186540307,100892.15549274231,101378.6171875,4335,0.0,0.0
2026-05-22 00:00:00+09:00,101962.37530164092,102156.95998733108,99821.94375904923,100794.8671875,5716,0.0,0.0
2026-05-25 00:00:00+09:00,99724.64969267283,100794.86544547224,99724.64969267283,99919.234375,4645,0.0,0.0
2026-05-26 00:00:00+09:00,99432.77451803483,99627.3592039801,97389.63531560946,97778.8046875,9227,0.0,0.0
2026-05-27 00:00:00+09:00,98751.7265625,98751.7265625,97876.09548953202,98751.7265625,6847,0.0,0.0
2026-05-28 00:00:00+09:00,97681.50956317868,98751.72530540473,97584.21722297631,98557.140625,7692,0.0,0.0
2026-05-29 00:00:00+09:00,98946.30669840975,99530.06072022929,97876.09099174062,98654.4296875,6306,0.0,0.0
2026-06-01 00:00:00+09:00,98265.26157994923,98265.26157994923,95541.0761104061,95832.953125,6453,0.0,0.0
2026-06-02 00:00:00+09:00,95541.07560071575,95638.36793839469,93984.39819785276,95151.90625,7925,0.0,0.0
2026-06-03 00:00:00+09:00,95054.61642375255,96319.41684699593,94860.03174325357,95541.078125,3564,0.0,0.0
2026-06-04 00:00:00+09:00,95443.78858925821,95930.2503047998,94762.7421875,94762.7421875,3637,0.0,0.0
2026-06-05 00:00:00+09:00,95541.08015194075,96514.00357507661,94957.32609805925,95249.203125,3137,0.0,0.0
2026-06-08 00:00:00+09:00,94860.03098879178,96319.41608092705,94665.44630984042,96027.5390625,4560,0.0,0.0
2026-06-09 00:00:00+09:00,96124.83216649696,96222.12450674643,95151.90876400204,95541.078125,2962,0.0,0.0
2026-06-10 00:00:00+09:00,96027.54080384035,97000.46421623995,95443.7867564006,96903.171875,3663,0.0,0.0
2026-06-11 00:00:00+09:00,96805.87701612903,97681.50806451612,96514.0,96514.0,3742,0.0,0.0
2026-06-12 00:00:00+09:00,97389.630797124,98167.96950479333,96319.41507407869,97681.5078125,7819,0.0,0.0
2026-06-15 00:00:00+09:00,98362.55290980538,98751.72225860778,97486.921875,97486.921875,4205,0.0,0.0
2026-06-16 00:00:00+09:00,97292.34152693089,97389.63386845782,95346.49469639227,95735.6640625,3676,0.0,0.0
2026-06-17 00:00:00+09:00,96222.12450674643,96319.41684699593,95541.078125,95541.078125,2599,0.0,0.0
2026-06-18 00:00:00+09:00,95541.07762820512,96124.83166666667,94860.03125,94860.03125,4781,0.0,0.0
2026-06-19 00:00:00+09:00,94957.32533028456,95832.95640402693,94957.32533028456,95735.6640625,4566,0.0,0.0
2026-06-22 00:00:00+09:00,95735.66483656793,95930.24952119509,95054.61844037283,95249.203125,4306,0.0,0.0
2026-06-23 00:00:00+09:00,95832.95362903226,96903.16935483871,95638.3689516129,96514.0,7136,0.0,0.0
2026-06-24 00:00:00+09:00,97000.46219657158,97292.33921421423,96222.12348285786,97195.046875,6444,0.0,0.0
2026-06-25 00:00:00+09:00,97292.33668341707,97778.79836683416,96513.99798994974,96805.875,6253,0.0,0.0
2026-06-26 00:00:00+09:00,97000.46144328934,97973.384827876,96319.41507407869,97681.5078125,6121,0.0,0.0
2026-06-29 00:00:00+09:00,97973.38558871372,98167.97026714214,97097.75453578579,97195.046875,6377,0.0,0.0
2026-06-30 00:00:00+09:00,97292.33668341707,97876.09070351758,96805.875,96805.875,4674,0.0,0.0
2026-07-01 00:00:00+09:00,96805.8765069797,96903.16884517766,95832.953125,95832.953125,5596,0.0,0.0
2026-07-02 00:00:00+09:00,96805.88156155589,97000.46624811177,96027.54281533232,96611.296875,7019,0.0,0.0
2026-07-03 00:00:00+09:00,96708.58891480099,98362.55874533582,96611.29657182835,97778.8046875,6781,0.0,0.0
2026-07-06 00:00:00+09:00,97973.38685533217,98751.72557910839,97195.04813155594,97389.6328125,5652,0.0,0.0
2026-07-07 00:00:00+09:00,97292.34249749499,97876.09655247995,96903.17312750501,97097.7578125,4874,0.0,0.0
2026-07-08 00:00:00+09:00,97195.05015499749,97389.63483999249,96611.29610001252,97097.7578125,4454,0.0,0.0
2026-07-09 00:00:00+09:00,96903.1726475782,96903.1726475782,96027.54156943744,96416.7109375,2199,0.0,0.0
2026-07-10 00:00:00+09:00,96416.71123276302,96514.00357507661,95249.203125,95249.203125,2466,0.0,0.0
2026-07-13 00:00:00+09:00,95638.37374968144,95735.66609327217,94860.03500095566,95443.7890625,3047,0.0,0.0
2026-07-14 00:00:00+09:00,95346.49068813132,96708.58341224748,95346.49068813132,96319.4140625,3246,0.0,0.0
2026-07-15 00:00:00+09:00,96611.29562153127,97195.04967362512,96416.7109375,96416.7109375,6210,0.0,0.0
2026-07-16 00:00:00+09:00,96903.17088849288,97097.75556899185,95346.49344450101,95541.078125,4241,0.0,0.0
2026-07-17 00:00:00+09:00,95541.07410804655,97292.33615890688,95541.07410804655,96124.828125,5201,0.0,0.0
2026-07-21 00:00:00+09:00,97292.33795135406,97778.79964111083,96805.87626159728,97000.4609375,4738,0.0,0.0
2026-07-22 00:00:00+09:00,97195.04637096774,97389.63104838709,96027.5383064516,96514.0,4462,0.0,0.0
2026-07-23 00:00:00+09:00,96124.83216649696,97097.75556899185,94957.32408350306,95541.078125,5596,0.0,0.0
2026-07-24 00:00:00+09:00,95346.49421059365,95541.07889265609,94665.44782337513,95054.6171875,5416,0.0,0.0
2026-07-27 00:00:00+09:00,95443.78502564589,96027.5390625,95054.61566774316,96027.5390625,5052,0.0,0.0
2026-07-28 00:00:00+09:00,96027.53653516022,96611.29055665057,94957.3208290946,95638.3671875,5687,0.0,0.0
2026-07-29 00:00:00+09:00,96027.54251399254,97778.8046875,96027.54251399254,97778.8046875,9559,0.0,0.0
2026-07-30 00:00:00+09:00,96708.58670374115,96708.58670374115,94860.03222952478,96222.125,8668,0.0,0.0
2026-07-31 00:00:00+09:00,96222.12144374356,96222.12144374356,94470.859375,94470.859375,5420,0.0,0.0
2026-08-03 00:00:00+09:00,94762.73533829676,94762.73533829676,92914.18095284744,93108.765625,7325,0.0,0.0
2026-08-04 00:00:00+09:00,93206.06327059287,93400.64795383002,92622.30922088143,92719.6015625,6789,0.0,0.0
2026-08-05 00:00:00+09:00,93303.3548408142,93400.64718162839,92427.72377348643,93206.0625,8130,0.0,0.0
2026-08-06 00:00:00+09:00,93108.77218586387,93789.81858638744,92330.43344240838,92914.1875,3973,0.0,0.0
2026-08-07 00:00:00+09:00,92914.18828125,93497.94234375,92038.5571875,92427.7265625,4411,0.0,0.0
2026-08-10 00:00:00+09:00,92622.30796529968,93011.47732649843,91941.2615832019,92525.015625,3684,0.0,0.0
2026-08-12 00:00:00+09:00,92427.72177419355,93789.81451612903,92427.72177419355,93497.9375,3626,0.0,0.0
2026-08-13 00:00:00+09:00,93887.11092931937,94081.69561518324,92719.60281413612,92914.1875,2702,0.0,0.0
2026-08-14 00:00:00+09:00,92816.890625,93011.47530136269,92427.72127227463,92816.890625,2261,0.0,0.0
2026-08-17 00:00:00+09:00,93303.35282258064,93887.10685483871,93108.76814516129,93497.9375,3352,0.0,0.0
2026-08-18 00:00:00+09:00,93497.94029544858,93497.94029544858,92233.13985440714,92719.6015625,3556,0.0,0.0
2026-08-19 00:00:00+09:00,92622.30999472574,92816.8946795886,91746.67891284282,92233.140625,2827,0.0,0.0
2026-08-20 00:00:00+09:00,93011.47530136269,93206.05997772537,92233.13659591196,92816.890625,4460,0.0,0.0
2026-08-21 00:00:00+09:00,92719.59828681865,92914.18296318135,92038.55191954927,92816.890625,3473,0.0,0.0
2026-08-24 00:00:00+09:00,93108.76890200053,93108.76890200053,92233.13784649583,93011.4765625,4649,0.0,0.0
2026-08-25 00:00:00+09:00,93011.47328892372,93497.93496930512,92719.59628069488,93108.765625,4500,0.0,0.0
2026-08-26 00:00:00+09:00,93400.64263322884,93497.93496930512,92622.3039446186,93108.765625,3887,0.0,0.0
2026-08-27 00:00:00+09:00,93011.47781837161,93497.93952244258,92622.30845511482,93206.0625,6128,0.0,0.0
2026-08-28 00:00:00+09:00,93108.77043968023,93108.77043968023,91746.67766417812,92038.5546875,7041,0.0,0.0
2026-08-31 00:00:00+09:00,92135.84375,92233.1360876452,91454.79738648364,92135.84375,6132,0.0,0.0
2026-09-01 00:00:00+09:00,91941.2615832019,92525.015625,91552.09222200315,92525.015625,6865,0.0,0.0
2026-09-02 00:00:00+09:00,92038.55267057428,92719.59904340094,91552.0909756981,92330.4296875,4761,0.0,0.0
2026-09-03 00:00:00+09:00,92427.72152003716,92719.59853536359,91649.3828125,91649.3828125,5040,0.0,0.0
2026-09-04 00:00:00+09:00,91649.38686899038,92038.55623998397,91065.6328125,91065.6328125,4282,0.0,0.0
2026-09-07 00:00:00+09:00,91065.6328125,91260.2174979968,90579.17109875802,91065.6328125,4058,0.0,0.0
2026-09-08 00:00:00+09:00,90579.16809966216,90871.04511824324,89995.4140625,89995.4140625,5739,0.0,0.0
2026-09-09 00:00:00+09:00,89995.4165685549,90481.87827973628,89703.53954184607,90384.5859375,5511,0.0,0.0
2026-09-10 00:00:00+09:00,90190.00048514454,90871.046875,89800.83111951285,90871.046875,5516,0.0,0.0
2026-09-11 00:00:00+09:00,91454.79711072198,91454.79711072198,89022.48867692618,90287.2890625,13737,0.0,0.0
2026-09-14 00:00:00+09:00,89800.82611703564,90481.87246895248,89703.53378104752,90092.703125,7049,0.0,0.0
2026-09-15 00:00:00+09:00,90092.703125,90189.99546098812,89606.2414450594,90092.703125,5863,0.0,0.0
2026-09-16 00:00:00+09:00,90092.71015708915,90871.0489057465,89800.83312634264,90579.171875,5337,0.0,0.0
2026-09-17 00:00:00+09:00,90481.87953141783,90871.0489057465,89995.41781350698,90579.171875,6595,0.0,0.0
2026-09-18 00:00:00+09:00,90384.58496413934,90384.58496413934,89022.4921875,89022.4921875,32612,0.0,0.0
2026-09-24 00:00:00+09:00,89217.07906484962,90579.171875,89119.78672126745,90579.171875,8871,0.0,0.0
2026-09-25 00:00:00+09:00,90773.74947691684,90968.33414889309,89995.41078901188,90092.703125,7219,0.0,0.0
2026-09-28 00:00:00+09:00,90481.87702265372,90676.46170442287,89703.53829557713,90190.0,14505,0.0,0.0
2026-09-29 00:00:00+09:00,89300.0,89800.0,88700.0,88700.0,10084,2510.0,0.0
2026-09-30 00:00:00+09:00,88400.0,89000.0,88100.0,89000.0,7760,0.0,0.0
2026-10-01 00:00:00+09:00,88200.0,88900.0,87600.0,87900.0,6962,0.0,0.0
2026-10-02 00:00:00+09:00,87900.0,87900.0,86000.0,86000.0,7267,0.0,0.0
2026-10-05 00:00:00+09:00,86000.0,86200.0,84900.0,85000.0,7045,0.0,0.0
2026-10-06 00:00:00+09:00,84900.0,85500.0,84500.0,85200.0,7487,0.0,0.0
2026-10-07 00:00:00+09:00,85700.0,85800.0,84800.0,85100.0,8801,0.0,0.0
2026-10-08 00:00:00+09:00,85000.0,85100.0,84000.0,84700.0,8914,0.0,0.0
2026-10-09 00:00:00+09:00,85000.0,85300.0,84700.0,85000.0,1593,0.0,0.0
